serial,lead_type,mark,date,correspondent,phone,email
77892712,deadAbandoned,KONE,"Dec. 15, 2010",chedeak. bruno fernandes,,bchedeak@gmail.com
77892985,deadAbandoned,"LIVE, VIVRE, LEVA, LEBEN, VIVERE, VIVO, LEVEN, LEVENDE, *JAPANESE TRANSLATION OF THE WORD LIVE*, *MANDARIN TRANSLATION OF THE WORD LIVE*","Sep. 21, 2010",Survival T Pty Ltd,,hjkent@SurvivalT.com
77893212,deadAbandoned,TVIDER,"Sep. 16, 2010",Umundo,,prashant.parekh@umundo.com
77893232,deadAbandoned,STEP N FIT,"Dec. 20, 2010",ACI International,,aliau@aciint.com
77893224,REQUEST_FAILED,,,,,
77893341,deadAbandoned,ONE DOLLAR DIVORCE,"Sep. 23, 2010",Denise Mraz,,thinker.inc@gmail.com
77893356,REQUEST_FAILED,,,,,
77893428,deadAbandoned,GOLDEN APPLE,"Sep. 19, 2010","Revolution Distributors, LLC",,
77893664,REQUEST_FAILED,,,,,
77893670,REQUEST_FAILED,,,,,
77893719,REQUEST_FAILED,,,,,
77893965,deadAbandoned,FEEL BETTER. HEAL BETTER. LIVE BETTER.,"Sep. 23, 2010",Stephanie Habif,,m_habif@hotmail.com
77893878,REQUEST_FAILED,,,,,
77893993,deadAbandoned,AAA,"Oct. 01, 2010",Rob Hartz,,sales@aaaviators.com
77894157,deadAbandoned,INTERNATIONAL MEDIA WORKS,"Sep. 24, 2010",International Media Works,,kmorton@internationalmediaworks.com
77894103,deadAbandoned,None,"Sep. 16, 2010","Acquaviva, Amleto",,dapperdevil@ymail.com
77894380,deadAbandoned,"HRS CONSULTING, INC.","Sep. 27, 2010","Convergent HRS, LLC",,lflowers@convergenthrs.com
77894326,deadAbandoned,REMOTE SAFETY STOP,"Sep. 27, 2010",INNOVENU LTD.,,admin@innovenu.com
77894297,REQUEST_FAILED,,,,,
77894632,deadAbandoned,RELENTLESS MEDIA PRODUCTIONS,"Oct. 08, 2010","Relentless Media Productions, LLC",,drew@relentless.tv
77894638,deadAbandoned,EVERYTHING FOOD,"Sep. 21, 2010","ConXis, Inc.",,hayescm@verizon.net
77894751,REQUEST_FAILED,,,,,
77894755,deadAbandoned,BANNER BREWING,"Sep. 21, 2010","Sheridan, Otto",,ottsdoor@hotmail.com
77894873,deadAbandoned,KING OF KOOZIES,"Sep. 20, 2010",AquaTech,,evan@aquatech.net
77895163,deadAbandoned,"INTERNATIONAL FASHIONS, INC.","Sep. 27, 2010","Chiou, Frank",,oriteIntl@sbcglobal.net
77895070,REQUEST_FAILED,,,,,
77895169,deadAbandoned,"THE NATIONAL ASSOCIATION OF PRO SE LITIGANTS, INC. (NAPSL.ORG)","Sep. 25, 2010","The National Association of Pro Se Litigants, Inc.",,glascoed@aol.com
77895282,deadAbandoned,PELOSI REID OBAMA BIDEN LIBERAL ELITE MASSIVE SPENDING,"Jul. 21, 2010","von Syring, Leland",,lvs@charternotes.com
77895230,deadAbandoned,GTUNES,"Oct. 28, 2010",Marc Angell,,mdangell@gmail.com
77895260,REQUEST_FAILED,,,,,
77895486,deadAbandoned,BRILLIANTSMILE,"Sep. 28, 2010",BrilliantSmile Nordic AB,,stefan@brilliantsmile.se
77895295,REQUEST_FAILED,,,,,
77895810,REQUEST_FAILED,,,,,
77895943,deadAbandoned,PHOTO DRAG N DROP,"Sep. 18, 2010",Powell Technologies Inc,,jon@powellcorp.com
77896229,deadAbandoned,DRAIN WRANGLERS,"Sep. 28, 2010",Drain Wranglers,,neilekins@aol.com
77896194,deadAbandoned,GPAY,"Sep. 19, 2010","THE CANNON GROUP OF COMPANIES, INC.",,ben@GeoVario.com
77896252,REQUEST_FAILED,,,,,
77896278,REQUEST_FAILED,,,,,
77896377,REQUEST_FAILED,,,,,
77896618,deadAbandoned,HOLLAND BIKES,"Dec. 09, 2010",Holland Bikes Corporation,,bart.vos@hollandbikes.com
77896570,REQUEST_FAILED,,,,,
77896687,REQUEST_FAILED,,,,,
77896702,REQUEST_FAILED,,,,,
77896865,deadAbandoned,"LIFE WEAR TECHNOLOGIES, INC.","Sep. 21, 2010","Life Wear Technologies, Inc.",,JGiaquinto@Lifeweartech.com
77897033,deadAbandoned,COMBATHLETE,"Sep. 13, 2010","Langworthy, David S.",,dslangworthy@earthlink.net
77896738,REQUEST_FAILED,,,,,
77896726,REQUEST_FAILED,,,,,
77897094,REQUEST_FAILED,,,,,
77897164,REQUEST_FAILED,,,,,
77897234,deadAbandoned,SAFER THAN NATURE,"Sep. 22, 2010","Sol Potion, LLC",,michele@solpotion.com
77897187,REQUEST_FAILED,,,,,
77897212,deadAbandoned,WORLDXPERTS,"Sep. 24, 2010",Marie-Lou Fernandes,,marielou_fernandes@yahoo.com
77897276,REQUEST_FAILED,,,,,
77897468,deadAbandoned,LOS ABOGADOS,"Sep. 21, 2010","ANDCON,Inc.",,
77897531,deadAbandoned,ALECCA CARRANO,"Sep. 27, 2010",Alecca Papadopoulos Carrano,,aleccacarrano@aol.com
77897442,REQUEST_FAILED,,,,,
77897572,REQUEST_FAILED,,,,,
77897702,deadAbandoned,PATHOPHILIA,"Oct. 30, 2010","Martin, Barbara J.",,barbara.martin@bmartinmd.com
77897790,deadAbandoned,"BATTLESHIP, MOBILEASH, ASH","Sep. 25, 2010",battleShip,,avi@mobileash.com
77897796,deadAbandoned,RAIN. BOW CONNECTION,"Sep. 24, 2010","ATW Group Co., Limited",,monicawoous@gmail.com
77897750,REQUEST_FAILED,,,,,
77897541,REQUEST_FAILED,,,,,
77897768,REQUEST_FAILED,,,,,
77897776,REQUEST_FAILED,,,,,
77897938,deadAbandoned,LOVE KILLS SLOWLY,"Sep. 25, 2010",Hardy Way LLC,,atarshis@iconixbrand.com
77897823,REQUEST_FAILED,,,,,
77898026,REQUEST_FAILED,,,,,
77898156,deadAbandoned,MR ROBOTO TOKYO GRILL,"Sep. 25, 2010",Mr. Roboto LLC,,Eddie@GivETcard.com
77898209,deadAbandoned,ECO-LOG,"Sep. 24, 2010","Uncaged Industries, Inc.",,coopsin@aol.com
77898141,REQUEST_FAILED,,,,,
77898158,REQUEST_FAILED,,,,,
77898242,REQUEST_FAILED,,,,,
77898529,REQUEST_FAILED,,,,,
77898540,REQUEST_FAILED,,,,,
77898650,REQUEST_FAILED,,,,,
77898670,REQUEST_FAILED,,,,,
77898702,REQUEST_FAILED,,,,,
77898694,REQUEST_FAILED,,,,,
77898728,REQUEST_FAILED,,,,,
77898831,deadAbandoned,PARIS FAERIE HOUDAN,"Sep. 28, 2010","Gannon, Paris D.",,cristian.ceballos@marcaria.com
77898732,REQUEST_FAILED,,,,,
77898883,deadAbandoned,IRONRAGS,"Aug. 26, 2010",WOODBOLT DISTRIBUTION LLC,,kgriste@woodbolt.com
77898748,REQUEST_FAILED,,,,,
77898856,REQUEST_FAILED,,,,,
77898860,REQUEST_FAILED,,,,,
77898922,REQUEST_FAILED,,,,,
77898993,REQUEST_FAILED,,,,,
77899047,REQUEST_FAILED,,,,,
77899248,deadAbandoned,CLEAR YOUR HEAD,"Mar. 29, 2010",DrinkCo LLC,,Dawn@DrinkCo.net
77899083,REQUEST_FAILED,,,,,
77899241,REQUEST_FAILED,,,,,
77899478,deadAbandoned,GOLDEN EXPRESS,"Sep. 24, 2010","Golden Mills, LLC",,marty@goldenmills.com
77899601,deadAbandoned,IGGY THE IGUANA,"Oct. 01, 2010",Williams Melissa M.,,melissa@longtalepublishing.com
77899334,REQUEST_FAILED,,,,,
77899532,REQUEST_FAILED,,,,,
77899631,REQUEST_FAILED,,,,,
77899734,deadAbandoned,HALF PINT BRAWLERS,"Oct. 05, 2010","Brawler Investments, LLC",,jjlyle@thelyleco.com
77899723,deadAbandoned,CYBERDYNE SYSTEMS CORPORATION,"Sep. 30, 2010",Kempthorne Invest Inc,,jcl@kempthorneinc.com
77899714,REQUEST_FAILED,,,,,
77899730,REQUEST_FAILED,,,,,
77899990,deadAbandoned,U.S. OUTLAW APPAREL COMPANY,"Oct. 01, 2010","SHAW, BRANDON D",,VALMC10@YAHOO.COM
77899880,REQUEST_FAILED,,,,,
77899972,REQUEST_FAILED,,,,,
77900085,REQUEST_FAILED,,,,,
77900208,REQUEST_FAILED,,,,,
77900343,REQUEST_FAILED,,,,,
77900583,REQUEST_FAILED,,,,,
77900666,REQUEST_FAILED,,,,,
77900681,deadAbandoned,INFINITI,"Sep. 25, 2010",LICHAO ZHOU,,INFO@SYNOXPIGMENTS.COM
77900705,deadAbandoned,FEARLESS FAITH,"Sep. 26, 2010","Hewitt, Simone",,fearlessfaith09@gmail.com
77900737,deadAbandoned,None,"Mar. 24, 2010",Michael Renzo Bernardi,,bernardim57@comcast.net
77900692,REQUEST_FAILED,,,,,
77900687,deadAbandoned,ISTREAM,"Oct. 01, 2010",Panovel Technology Corporation,,jfwang@panovel.com
77900859,deadAbandoned,MACHO COUPONS,"Oct. 05, 2010","Teuscher, Jason Birkestrand",,jsnbirke@gmail.com
77900947,deadAbandoned,A1IEN,"Sep. 30, 2010","Grando, Yonatan Aswad",,ygrando@gmail.com
77900769,REQUEST_FAILED,,,,,
77900988,deadAbandoned,MYKRIX,"Nov. 02, 2010",Aditya Satsangi,,MYKRIX@MYKRIX.COM
77901058,deadAbandoned,THE GENE DIET,"Oct. 01, 2010","Mosher, Michele L.",,michele@michelemosher.com
77900932,REQUEST_FAILED,,,,,
77900966,REQUEST_FAILED,,,,,
77901098,deadAbandoned,C-LEVEL ADVISORS,"Sep. 30, 2010","C-Level Advisors, LLC",,ken@cleveladvisors.com
77901055,REQUEST_FAILED,,,,,
77901119,deadAbandoned,NGU,"Sep. 28, 2010","Brown, Raheim S",,heimdrm@hotmail.com
77901132,deadAbandoned,CHOCSTER,"Sep. 30, 2010","Marcu, Sebastian Davis",,smarcu@xperiencia.de
77901165,deadAbandoned,9TH,"Sep. 26, 2010","Ninth Dimension Studios, LLC",,brian.kritzberg@ninthdimensionstudios.com
77901095,REQUEST_FAILED,,,,,
77901189,deadAbandoned,QUOTEQANDA,"Sep. 24, 2010",ANIL JOLLEY,,neil@rainbowsales.co.uk
77901133,deadAbandoned,SALES TAX API,"Oct. 04, 2010",atStuff LLC,,mmasin@atstuff.com
77901297,deadAbandoned,USAS,"Mar. 10, 2010",Edwards Luke J,,lukeeedwards@hotmail.com
77901224,REQUEST_FAILED,,,,,
77901265,REQUEST_FAILED,,,,,
77901299,deadAbandoned,ELITE SPIRITS,"Oct. 08, 2010",Daucourt Jean Marc,,jmd@daucourt.com
77901276,REQUEST_FAILED,,,,,
77901354,REQUEST_FAILED,,,,,
77901357,REQUEST_FAILED,,,,,
77901384,REQUEST_FAILED,,,,,
77901398,REQUEST_FAILED,,,,,
77901480,deadAbandoned,BLUE HEARING BENEFITS,"Oct. 06, 2010",Truhearing Inc,,mark@truhearing.com
77901505,deadAbandoned,BLUEGENES DIET,"Sep. 27, 2010",Michele L. Mosher,,michele@bluegenesdiet.com
77901421,REQUEST_FAILED,,,,,
77901522,deadAbandoned,YOGA VITAMINS,"Sep. 30, 2010",Bettie Brubaker,,sbrubaker382@aol.com
77901427,REQUEST_FAILED,,,,,
77901481,REQUEST_FAILED,,,,,
77901639,REQUEST_FAILED,,,,,
77901862,deadAbandoned,PHOTOCENSUS.COM MAPPING THE EARTH WITH PICTURES,"Oct. 01, 2010",Orlando L Johnson,,orlando@olennard.com
77901775,REQUEST_FAILED,,,,,
77901782,REQUEST_FAILED,,,,,
77901834,deadAbandoned,'91 RECORDS,"Oct. 01, 2010","Sonoiki, Damilare K.",,damilare.sonoiki@gmail.com
77902027,REQUEST_FAILED,,,,,
77902074,REQUEST_FAILED,,,,,
77902065,REQUEST_FAILED,,,,,
77902157,deadAbandoned,MESSAGING EVOLVED,"Sep. 28, 2010",BCCTHIS LLC,,gdegreiff@sreillc.com
77902269,deadAbandoned,SMS CONCIERGE,"Aug. 13, 2010","Mobile Marketing Associates, LLC",,gmeyer@fltextdeals.com
77902095,REQUEST_FAILED,,,,,
77902281,deadAbandoned,SMS DIRECT,"Aug. 13, 2010","Mobile Marketing Associates, LLC",,gmeyer@fltextdeals.com
77902337,deadAbandoned,GREEN HEAT BLANKET,"Oct. 04, 2010",American Refining and Biochem Inc.,,mdawson@frontierpro.com
77902274,REQUEST_FAILED,,,,,
77902328,REQUEST_FAILED,,,,,
77902394,REQUEST_FAILED,,,,,
77902458,deadAbandoned,SAAS,"Sep. 22, 2010","Kaleel, Edward",,cheerfantastic@yahoo.com
77902496,deadAbandoned,SHLEPEXPRESS,"Sep. 27, 2010","Herskovitz, Tzvi E",,duvshany@aol.com
77902445,REQUEST_FAILED,,,,,
77902489,REQUEST_FAILED,,,,,
77902539,deadAbandoned,PETINUM,"Oct. 05, 2010",LEUNG SZEWANG,,info.info168@gmail.com
77902540,deadAbandoned,PHLUID,"Sep. 28, 2010",Clean Health Inc.,,a2@electrotemp.com
77902501,REQUEST_FAILED,,,,,
77902631,deadAbandoned,BABY SOFT,"Oct. 20, 2010","Zhu, Julliette",,
77902622,REQUEST_FAILED,,,,,
77902667,REQUEST_FAILED,,,,,
77902707,REQUEST_FAILED,,,,,
77902769,REQUEST_FAILED,,,,,
77902798,deadAbandoned,ENTHEOGEN,"Sep. 28, 2010","Natures Solutions, LLC",,customerservice@naturessolutions.org
77902950,REQUEST_FAILED,,,,,
77903196,REQUEST_FAILED,,,,,
77903250,deadAbandoned,CENTER FOR CONSERVATION LEADERSHIP,"Oct. 15, 2010",LAKE FOREST OPEN LANDS ASSOCIATION,,covingtonklipp@hotmail.com
77903285,deadAbandoned,TALIA'S,"Nov. 02, 2010","Tahlia's Health & Beauty Supply, LLC",,Marshall@TahliasBeautySupply.com
77903286,deadAbandoned,THE KING & QUEEN OF POP THRILLER TALENT CONTEST SHOW. OR THE KING & QUEEN OF POP TALENT SHOW.,"Aug. 18, 2010",Bawa Larry,,Larrybawa@hotmail.com
77903226,deadAbandoned,DJ SUPERSTAR JAY,"Oct. 05, 2010","Hamilton, James",,kingbar@yahoo.com
77903329,deadAbandoned,RMS INCORPORATED REFINED MANAGEMENT SOLUTIONS COMPLETE FACILITY SOLUTIONS,"Nov. 06, 2010","Retail Maintenance Service, Inc.",,tom@rmsonline.com
77903260,REQUEST_FAILED,,,,,
77903459,deadAbandoned,DATATRAC ORIGINATOR,"Sep. 30, 2010","Del Mar DataTrac, Inc.",,mgable@dmdinc.com
77903436,REQUEST_FAILED,,,,,
77903469,deadAbandoned,DATATRAC WEB,"Sep. 30, 2010","Del Mar DataTrac, Inc.",,mgable@dmdinc.com
77903439,deadAbandoned,CLARTÉ,"Oct. 01, 2010","Yan, Ni",,anneyanshay@gmail.com
77903449,REQUEST_FAILED,,,,,
77903471,deadAbandoned,DATATRAC DASHBOARD,"Sep. 30, 2010","Del Mar DataTrac, Inc.",,mgable@dmdinc.com
77903474,deadAbandoned,DATATRAC COMMISSIONS,"Sep. 30, 2010","Del Mar DataTrac, Inc.",,mgable@dmdinc.com
77903486,deadAbandoned,DATATRAC EDM,"Sep. 30, 2010","Del Mar DataTrac, Inc.",,mgable@dmdinc.com
77903498,deadAbandoned,STAY THIRSTY MY FRIEND,"Jan. 13, 2010","CREATIVE IMAGINATIONS, LLC",,
77903536,deadAbandoned,"PW PRESTIGE WEALTH, LLC A FINANCIAL SERVICES FIRM","Oct. 06, 2010","Prestige Wealth, LLC",,atlantajetpilot@yahoo.com
77903492,deadAbandoned,THE MOST INTERESTING MAN IN THE WORLD,"Jan. 13, 2010","CREATIVE IMAGINATIONS, LLC",,
77903547,deadAbandoned,SUPPLYCHAIN VISION,"Sep. 28, 2010","BMH Enterprises, Inc",,bryonheineman@yahoo.com
77903598,deadAbandoned,ECO-DYE,"Oct. 04, 2010",I APPAREL GROUP LLC,,XCESSORY@HOTMAIL.COM
77903482,REQUEST_FAILED,,,,,
77903572,REQUEST_FAILED,,,,,
77903620,deadAbandoned,NANOWEAR,"Sep. 30, 2010",I APPAREL GROUP LLC,,XCESSORY@HOTMAIL.COM
77903735,deadAbandoned,BEST SENIOR LIFESTYLES,"Sep. 27, 2010","Currow, James C.",,currow@bellsouth.net
77903734,deadAbandoned,ALZOIL,"Sep. 27, 2010",Royal Capital LLC,,
77903669,REQUEST_FAILED,,,,,
77903687,REQUEST_FAILED,,,,,
77903738,REQUEST_FAILED,,,,,
77903747,REQUEST_FAILED,,,,,
77903858,deadAbandoned,BESTSELLINGCAR AWARDS,"Oct. 07, 2010","CHO, JONG O",,BESTSELLINGCAR@GMAIL.COM
77903854,deadAbandoned,BESTSELLINGCAR,"Oct. 07, 2010","CHO, JONG O",,BESTSELLINGCAR@GMAIL.COM
77903845,REQUEST_FAILED,,,,,
77903904,deadAbandoned,LIFE PACKETS,"Oct. 01, 2010","Megapreventionrx, LLC",,markg@megapreventionrx.com
77903883,REQUEST_FAILED,,,,,
77903926,deadAbandoned,MICAMIRA,"Aug. 20, 2010",Sandream Enterprises LLC,,pz@sandreamllc.com
77903903,REQUEST_FAILED,,,,,
77903911,REQUEST_FAILED,,,,,
77903958,deadAbandoned,None,"Oct. 21, 2010",STANDARD WATER,,INFO@SWFTB.COM
77903969,deadAbandoned,ON THE JOB,"Sep. 06, 2010","ARIEL GROUP ENTERPRISES, LLC",,oltiond@gmail.com
77903929,REQUEST_FAILED,,,,,
77903972,REQUEST_FAILED,,,,,
77904049,deadAbandoned,AMERICAN SLEEP ASSOCIATION,"Sep. 29, 2010","Sleep Disorder Associates of Lancaster, Inc.",,sleep@sleepassociation.org
77904019,deadAbandoned,EMERGING MANAGER REPORT,"Oct. 05, 2010","Emerging Manager, LLC",,paul.eckel@EmergingManager.com
77904069,REQUEST_FAILED,,,,,
77904119,deadAbandoned,OSTEOFIX PEDICLE SCREW SYSTEM,"Oct. 01, 2010",Impliant Ltd,,adi@computer-law.co.il
77904145,deadAbandoned,SUPER VINTAGE,"Oct. 04, 2010",ARIA FASHION INC.,,ariafashion22@yahoo.com
77904222,deadAbandoned,GOD SAVE THE QUEEN,"Oct. 01, 2010","Margolis, Michael I.",,mike@cpiapparelsuk.com
77904042,REQUEST_FAILED,,,,,
77904351,deadAbandoned,AWARE,"Oct. 01, 2010","GAZAY, Olivier P",,ogazay@hotmail.com
77904477,deadAbandoned,THE CITY TAVERN,"Sep. 28, 2010","Yang, Jae H",,jyang@us2005.com
77904339,REQUEST_FAILED,,,,,
77904507,deadAbandoned,PROBODEX,"Sep. 28, 2010","BioCrown, Inc.",,bob@BioCrownSupplements.com
77904555,deadAbandoned,TRANSPHACTOR,"Sep. 28, 2010","BioCrown, Inc.",,bob@BioCrownSupplements.com
77904065,REQUEST_FAILED,,,,,
77904489,REQUEST_FAILED,,,,,
77904558,REQUEST_FAILED,,,,,
77904673,REQUEST_FAILED,,,,,
77904761,deadAbandoned,YARN,"Oct. 03, 2010","Moriarty, Michelle",,m.mitch@bigpond.net.au
77904789,deadAbandoned,SO CAL BASS FISHING,"Oct. 07, 2010","James, Sean",,sean@socalbassfishing.com
77904790,deadAbandoned,WORPH - THE WORD MORPH GAME,"Sep. 29, 2010",Rock-n-Rowe LLC,,jrowe@rock-n-rowe.com
77904650,REQUEST_FAILED,,,,,
77904853,deadAbandoned,HEROIK VILLAIN HV,"Sep. 30, 2010","Gobert, Joseph L.",,joseph@heroikvillain.com
77904796,REQUEST_FAILED,,,,,
77904861,deadAbandoned,KEN MAX,"Sep. 30, 2010","SHENZHEN COMIX STATIONERY CO., LTD.",,
77904868,REQUEST_FAILED,,,,,
77905074,deadAbandoned,SUPER SUDS BATHING UNIT,"Oct. 01, 2010",Wag'n Tails Mobile Conversions,,chuck@wagntails.com
77905213,deadAbandoned,ZOMBEEZ,"Oct. 02, 2010","St. John, Rexford, R",,rexstjohn@hotmail.com
77904908,REQUEST_FAILED,,,,,
77904967,REQUEST_FAILED,,,,,
77905353,deadAbandoned,LIFE TREND CHRONOLOGY,"Sep. 30, 2010","Deng, Daniel C",,utiming@gmail.com
77905166,deadAbandoned,HOLLYWOOD MOGUL,"Oct. 06, 2010","Hive Media, Inc.",,brian@hivemedia.tv
77905431,deadAbandoned,NUTRITION WISDOM,"Oct. 07, 2010","Wu, Angela C",,admin@wushealingcenter.com
77905490,deadAbandoned,HOW DO YOU READ IT?,"Oct. 06, 2010",Joseph Mahon,,jmfmahon@sbcglobal.net
77905344,REQUEST_FAILED,,,,,
77905450,REQUEST_FAILED,,,,,
77905457,REQUEST_FAILED,,,,,
77905466,REQUEST_FAILED,,,,,
77905524,REQUEST_FAILED,,,,,
77905576,REQUEST_FAILED,,,,,
77905588,REQUEST_FAILED,,,,,
77905619,deadAbandoned,CONSCIOUS MEDIA. CONSCIOUS BRAND.,"Sep. 29, 2010",InHouse Creative Studios,,trobb@inhousecs.com
77905654,REQUEST_FAILED,,,,,
77905693,deadAbandoned,CROWN,"Oct. 12, 2010","ARDA (ZHEJIANG) ELECTRIC CO., LTD.",,zhanghonglu@inipa.com
77905668,REQUEST_FAILED,,,,,
77905784,deadAbandoned,BD I-MAX,"Oct. 01, 2010","Becton, Dickinson and Company",,
77905763,REQUEST_FAILED,,,,,
77905740,REQUEST_FAILED,,,,,
77905933,deadAbandoned,EMERGENCY ZONE,"Oct. 01, 2010","Emergency Zone, LLC",,kurt@providentbusiness.com
77905747,REQUEST_FAILED,,,,,
77905921,REQUEST_FAILED,,,,,
77906051,deadAbandoned,MATSUILAND,"Oct. 07, 2010",Denis R Bilodeau,,Denis@socal.rr.com
77906075,deadAbandoned,OCCAM EDUCATION,"Sep. 30, 2010",Occam Education,,pbrown@occameducation.com
77905951,REQUEST_FAILED,,,,,
77906027,REQUEST_FAILED,,,,,
77905999,REQUEST_FAILED,,,,,
77906197,deadAbandoned,QOD,"Oct. 05, 2010",HM Distribuidora de Produtos de Beleza Ltda-ME,,SimonianIP@aol.com
77906206,deadAbandoned,CK EUROPEAN SAFETY MANUFACTURERS OF PERSONAL PROTECTIVE EQUIPMENT,"Oct. 01, 2010",Smith R Sean,,s.smith@detectamet.com
77906085,REQUEST_FAILED,,,,,
77906246,deadAbandoned,EONLIFE,"Sep. 30, 2010","Zhang, Douglas D",,douglas.zhang@gmail.com
77906216,REQUEST_FAILED,,,,,
77906209,REQUEST_FAILED,,,,,
77906325,deadAbandoned,APOVASC,"Dec. 07, 2010",Cardigant Medical Inc,,jaus23@aol.com
77906347,deadAbandoned,SPORTS ATHLETIC NETWORK,"Oct. 26, 2010",Sports Athletic Network,,support@w5internet.com
77906415,deadAbandoned,OKN+,"Sep. 30, 2010",TouchDX LLC,,brent@gutekunst.com
77906423,REQUEST_FAILED,,,,,
77906546,deadAbandoned,HELLO PUSSY,"Oct. 13, 2010","MARDER, DAVID",,
77906551,deadAbandoned,KNIGHTS OF THE ARMOR FORCE,"Oct. 01, 2010","high, randall f.",,randall_fptc@sbcglobal.net
77906518,REQUEST_FAILED,,,,,
77906572,REQUEST_FAILED,,,,,
77906586,REQUEST_FAILED,,,,,
77906715,REQUEST_FAILED,,,,,
77906785,deadAbandoned,WEIRDO,"Oct. 02, 2010",Jeremy Halpern,,jxh@weirdos.com
77906781,REQUEST_FAILED,,,,,
77906906,deadAbandoned,TEA-MATE,"Oct. 01, 2010","Conner, Erin N",,info@tea-mate.com
77906907,deadAbandoned,BEWELL ACUPRESSURE MAT,"Oct. 01, 2010",Tom Langweisner,,tomlang101@yahoo.com
77906978,deadAbandoned,BATH DOCTOR,"Oct. 01, 2010","magiera,michael a.",,mikemagiera@verizon.net
77906897,REQUEST_FAILED,,,,,
77906903,REQUEST_FAILED,,,,,
77907211,deadAbandoned,SKEET SKEET,"Oct. 06, 2010","Polymath International, Inc.",,inquire@polymathinternational.com
77907059,REQUEST_FAILED,,,,,
77907100,deadAbandoned,None,"Oct. 01, 2010",Swagger Foods,,erica@swaggerfoods.com
77907090,REQUEST_FAILED,,,,,
77907235,deadAbandoned,ICUISINES,"Oct. 01, 2010",ICUISINES INC,,yun.zhang@icuisines.com
77907270,REQUEST_FAILED,,,,,
77907293,REQUEST_FAILED,,,,,
77907303,REQUEST_FAILED,,,,,
77907392,deadAbandoned,EXECS,"Oct. 13, 2010","Execs, Inc.",,vip@execs.bz
77907369,REQUEST_FAILED,,,,,
77907391,REQUEST_FAILED,,,,,
77907524,deadAbandoned,MY GAY GENE IS RECESSIVE,"Oct. 08, 2010","Jones, Benjamin Alexander",,beajones@ucsc.edu
77907460,REQUEST_FAILED,,,,,
77907527,deadAbandoned,GOGGLES4U,"Oct. 07, 2010",Zhu Yanwei,,zhuyw328@hotmail.com
77907492,REQUEST_FAILED,,,,,
77907604,deadAbandoned,TERMWIKI,"Dec. 07, 2010",CSOFT INTERNATIONAL LTD.,,cyao@csoftintl.com
77907602,REQUEST_FAILED,,,,,
77907652,REQUEST_FAILED,,,,,
77907726,REQUEST_FAILED,,,,,
77907784,REQUEST_FAILED,,,,,
77907859,REQUEST_FAILED,,,,,
77908083,deadAbandoned,BRAND HERO MEDIA,"Oct. 04, 2010","ReelCash Entertainment, Inc.",,
77908087,deadAbandoned,REEL GAME$ REAL REWARD$,"Oct. 04, 2010","ReelCash Entertainment, Inc.",,
77908089,deadAbandoned,BRAND HERO MEDIA,"Oct. 04, 2010","ReelCash Entertainment, Inc.",,
77907909,REQUEST_FAILED,,,,,
77907973,REQUEST_FAILED,,,,,
77908090,REQUEST_FAILED,,,,,
77908227,REQUEST_FAILED,,,,,
77908248,REQUEST_FAILED,,,,,
77908251,REQUEST_FAILED,,,,,
77908285,REQUEST_FAILED,,,,,
77908354,deadAbandoned,LEGIONS CHESS,"Oct. 01, 2010","Laughing Software, LLC",,richschool@gmail.com
77908341,deadAbandoned,RAGA SAGARA CELESTIAL MESSAGE,"Oct. 13, 2010","Anupindi, Ravikiran",,ranupind@yahoo.com
77908325,REQUEST_FAILED,,,,,
77908388,deadAbandoned,SUFFOLKATED UNIVERSITY,"Oct. 06, 2010",Yvette Velez,,vengroff5@yahoo.com
77908330,REQUEST_FAILED,,,,,
77908448,deadAbandoned,XIVCO,"Oct. 14, 2010",Xivco Electronics LLC,,info@irepairteam.com
77908368,REQUEST_FAILED,,,,,
77908418,REQUEST_FAILED,,,,,
77908479,deadAbandoned,DRAGONFLY LEARNING,"Oct. 23, 2010","Koestner, Katherine H",,askkatie@aol.com
77908426,REQUEST_FAILED,,,,,
77908454,REQUEST_FAILED,,,,,
77908469,REQUEST_FAILED,,,,,
77908458,REQUEST_FAILED,,,,,
77908556,deadAbandoned,DRAGONFLY,"Oct. 13, 2010",Katherine Koestner,,askkatie@aol.com
77908508,REQUEST_FAILED,,,,,
77908523,REQUEST_FAILED,,,,,
77908615,REQUEST_FAILED,,,,,
77908616,REQUEST_FAILED,,,,,
77908814,deadAbandoned,CRITICALKEY UNLOCKING HEALTH INFORMATION,"Oct. 07, 2010","CriticalKey, LLC",,
77908913,deadAbandoned,BRECKSTERDAM,"Oct. 07, 2010","Brecksterdam, LLC",,robertblarson@gmail.com
77908844,deadAbandoned,PROBODY SOLUTIONS,"Oct. 13, 2010","ProBody Solutions, LLC",,nell@probodysolutions.com
77908920,REQUEST_FAILED,,,,,
77908933,REQUEST_FAILED,,,,,
77908957,deadAbandoned,CAFFE' ROAST BEAN CAFFEE' ROAST BEAN,"Oct. 07, 2010","SHIN, DONG GEUN",,brandenkim@yahoo.com
77909010,deadAbandoned,ENDURANCE SPRINTER,"Sep. 30, 2010",Wag'n Tails Mobile Conversions,,chuck@wagntails.com
77908997,REQUEST_FAILED,,,,,
77908986,deadAbandoned,PACIFICA,"Oct. 18, 2010","Trinity Distribution, Inc.",,kevin@trinityd.com
77909052,REQUEST_FAILED,,,,,
77909227,deadAbandoned,MR. PINK'S HOT DOGS,"Oct. 07, 2010","Mr. Pink's Hot Dogs, LLC",,mrpinks@18u.com
77909320,deadAbandoned,"HAPPY WIFE, HAPPY LIFE THE MARRIAGE GUIDE FOR MEN WITH SHORT ATTENTION SPANS","Oct. 07, 2010","Brightbill, Michael",,mbrightb@roadrunner.com
77909217,deadAbandoned,PRO LINE,"Oct. 13, 2010",Pilot Aotomotive,,patentlawinc@hotmail.com
77909289,deadAbandoned,THERAPY PRACTICE SYSTEM,"Oct. 07, 2010","WebPT, LLC",,brad@webpt.com
77909279,REQUEST_FAILED,,,,,
77909459,deadAbandoned,ASKHEALTH,"Oct. 13, 2010",Derek Jamison,,askfitness@gmail.com
77909503,deadAbandoned,ERRP,"Oct. 06, 2010","Seagull Environmental Management Co., Inc",,ju7ie@aol.com
77909477,deadAbandoned,REACH RAISE RETAIN,"Oct. 06, 2010","dellapietra, andrew s",,a.dellapietra@mobilematters.org
77909602,deadAbandoned,MYRIOS,"Oct. 08, 2010","Adler, Avraham",,Avraham_Adler@yahoo.com
77909680,deadAbandoned,WALK ON MAP,"Oct. 15, 2010",Eliezer Jacobson,,jacobsoneli@gmail.com
77910073,REQUEST_FAILED,,,,,
77910018,REQUEST_FAILED,,,,,
77910335,deadAbandoned,BLACKBYRD,"Oct. 08, 2010",Blackbyrd Clothing Pty Ltd,,stuart@rook.net.au
77910399,deadAbandoned,MDOTCOM,"Oct. 14, 2010","Hunter,Malcolm R",,mhunter1151@hotmail.com
77910345,REQUEST_FAILED,,,,,
77910569,deadAbandoned,PROJECTED TOUCH,"Oct. 20, 2010",Lumio Inc,,klony@lumio.com
77910510,REQUEST_FAILED,,,,,
77910577,REQUEST_FAILED,,,,,
77910618,deadAbandoned,CROOKED FUGITIVE,"Jan. 21, 2010","750 ML, LLC",,jcooper@domainedecanton.com
77910737,deadAbandoned,JADELITE,"Oct. 17, 2010",Asia Design Source Ltd,,yimtom@mac.com
77910723,deadAbandoned,WWW.LOCKBARGAINS.COM,"Oct. 18, 2010",Moto Xpress LLC,,domains.mx@gmail.com
77910822,deadAbandoned,TUCKER BLAIR,"Dec. 19, 2010","Llewellyn, Taylor Mayo",,taylor@tuckerblair.com
77911275,deadAbandoned,10E20,"Oct. 12, 2010",10e20,,cwinfield@10e20.com
77911525,deadAbandoned,FUTBOX,"Oct. 08, 2010",sebastian schvarzberg,,productoracreativa@yahoo.com.ar
77911534,REQUEST_FAILED,,,,,
77911739,deadAbandoned,VICEREXX,"Nov. 10, 2010","Johnson, David K.",,d@planetbandwidth.com
77911727,deadAbandoned,BEOCARE INNOVATION IN HEALTHCARE,"Oct. 13, 2010",LEEWARD INVESTMENT COMPANY 2,,jpgalligan@lavellecoleman.ie
77911547,REQUEST_FAILED,,,,,
77911689,REQUEST_FAILED,,,,,
77911703,deadAbandoned,MINIDSP,"Oct. 13, 2010","Rouget, Antoine",,arouget@dsp4you.com
77911881,deadAbandoned,LOLA DEE,"Oct. 19, 2010","Jewelbox Designs, LP",,andrew@jewelboxdesigns.net
77911949,deadAbandoned,HIGHER ECHELON HE,"Aug. 27, 2010",Dynasty Visionaries,,magicmalikye@gmail.com
77911974,deadAbandoned,ROUNDER BRA,"Oct. 13, 2010",Jamil Nacif Benavides,,jamilnacif@yahoo.com
77911991,deadAbandoned,RAD ALLOY WHEELS,"Oct. 16, 2010","nafe, babak",,eurowheelsusa@hotmail.com
77912064,REQUEST_FAILED,,,,,
77912324,deadAbandoned,NUDE IT,"Oct. 13, 2010",Presselite,,michel.morcos@presselite.com
77912121,deadAbandoned,THE SPIRIT OF TRUTH,"Oct. 23, 2010",The Church of God General Offices,,tcoghq@yahoo.com
77911767,REQUEST_FAILED,,,,,
77912049,deadAbandoned,STEINHOFF,"Oct. 13, 2010","Weiss, Gary Arnold",,garyweiss1776@yahoo.com
77912486,deadAbandoned,MOBILIZED,"Oct. 21, 2010",Mobilized Ltd.,,jon@thisismobilized.com
77912661,deadAbandoned,YINGANG,"Oct. 14, 2010",YINGANG,,sam@massimomotor.com
77912580,deadAbandoned,2 ELECTRONICS,"Oct. 14, 2010","Arpa, Miguel",,cristian.ceballos@marcaria.com
77912696,deadAbandoned,MILSPEC 101,"Oct. 20, 2010",Milspec Advisory Group,,scottswaim@milspecvets.com
77912679,REQUEST_FAILED,,,,,
77912852,deadAbandoned,PERU FOOD UNIVERSAL,"Dec. 04, 2010",PERU FOOD IMPORTS INC.,,aschwartz@schwartzip.com
77912854,deadAbandoned,REASON WE INVEST,"Oct. 16, 2010",Advisor Insights,,mitch@mitchanthony.com
77912962,REQUEST_FAILED,,,,,
77912900,REQUEST_FAILED,,,,,
77912964,deadAbandoned,VIRTUALDB,"Oct. 15, 2010",Mrithyunjaya Annapragada,,amrith@tulsicomputing.com
77913273,deadAbandoned,NO-SHIT,"Aug. 20, 2010",BestLine International Research Inc.,,rjsloancan@yahoo.ca
77913328,REQUEST_FAILED,,,,,
77913524,deadAbandoned,TREASURE MATCH,"Oct. 14, 2010","Pompei, Joseph John",,pompeijj@aol.com
77913521,deadAbandoned,TIGER'S WOOD,"Jun. 30, 2010",Tyrone Lionel Armstrong,,contact@tyronearmstrong.com
77913552,REQUEST_FAILED,,,,,
77913602,deadAbandoned,ROOF DOCTOR,"Oct. 15, 2010",Ron L Williams,,ron@roofdoctor1.com
77913674,deadAbandoned,LI'L SQUEAKY SHOES,"Oct. 19, 2010",Squeaky Shoe Store,,suzanne@squeakyshoestore.com
77913564,deadAbandoned,DOCSTOCK,"Oct. 20, 2010",DocStock Pty Ltd,,msmith@docstock.com.au
77913848,deadAbandoned,FENCHURCH,"Oct. 15, 2010",riddock penny,,priddoch1@googlemail.com
77913866,deadAbandoned,MVP,"Oct. 25, 2010",Pace Electronics Inc.,,sams@paceintl.com
77913921,deadAbandoned,CHOPPY PERCUSSION,"Oct. 15, 2010","Massimo, Brian D.",,choppy3@att.net
77913615,REQUEST_FAILED,,,,,
77913979,deadAbandoned,DEALMOB,"Oct. 15, 2010","Hose, Ron",,ron@ronhose.com
77914046,deadAbandoned,"HARVARD LASER CENTER PERSONAL TOUCH, IVY LEAGUE CARE","Jan. 27, 2010",Sophia Zlatin,,sophia.zlatin@gmail.com
77914065,REQUEST_FAILED,,,,,
77914209,REQUEST_FAILED,,,,,
77914300,deadAbandoned,WHY NOT US,"Oct. 18, 2010","Carton, Craig",,ccarton@wfan.com
77914382,REQUEST_FAILED,,,,,
77914547,deadAbandoned,CORPORATE TAX OPTIMIZER,"Oct. 22, 2010","United Tax Experts, Inc.",,jvanguchtbelgium@yahoo.com
77914558,REQUEST_FAILED,,,,,
77914556,deadAbandoned,PERSONAL TAX OPTIMIZER,"Oct. 22, 2010","United Tax Experts, Inc.",,jvanguchtbelgium@yahoo.com
77914578,REQUEST_FAILED,,,,,
77914560,REQUEST_FAILED,,,,,
77914608,REQUEST_FAILED,,,,,
77914710,REQUEST_FAILED,,,,,
77914866,deadAbandoned,EMBELLISH MAGAZINE,"Oct. 03, 2010","Moriarty, Michelle",,m.mitch@bigpond.net.au
77914788,deadAbandoned,CACHITOS,"Oct. 23, 2010",PRODUCTOS ALSEF S.A. DE C.V.,,productos.alsef@gmail.com
77914869,REQUEST_FAILED,,,,,
77914980,REQUEST_FAILED,,,,,
77915148,deadAbandoned,BLACK LOTUS APPAREL COMPANY BLAC,"Sep. 30, 2010",Elisabeth A. Hilburn,,elisabeth.hilburn@yahoo.com
77915089,REQUEST_FAILED,,,,,
77915025,REQUEST_FAILED,,,,,
77915249,REQUEST_FAILED,,,,,
77915332,deadAbandoned,THE CELLGURU.COM,"Oct. 25, 2010","HiTech Commerce, LLC",,orders@thecellguru.com
77915352,deadAbandoned,BAKE SHOPPE,"Oct. 18, 2010",Breakthrough Performance,,Jhart9393@yahoo.ca
77915357,deadAbandoned,COOKIE DOUGH MINIATURES,"Oct. 18, 2010",Breakthrough Performance,,Jhart9393@yahoo.ca
77915253,REQUEST_FAILED,,,,,
77915295,REQUEST_FAILED,,,,,
77915300,REQUEST_FAILED,,,,,
77915464,deadAbandoned,E,"Oct. 22, 2010","Yaghi, Husam M.",,hyaghi@gmail.com
77915537,deadAbandoned,PARENTOLOGY,"Oct. 20, 2010","Premfors, Nevber Gonan",,gonan@pf-hi.com
77915585,deadAbandoned,IDEATION LAB,"Nov. 01, 2010",SpecialChem SA,,louis.larregle@specialchem.com
77915635,deadAbandoned,WE KNOW THE SECRETS OF SUCCESS,"Oct. 20, 2010","OHR PARTNERS, LLC",,1@paulprice.com
77915459,REQUEST_FAILED,,,,,
77915653,deadAbandoned,V.ROSE,"Oct. 27, 2010",Maria Thompson,,mmthompson@vrose.us
77915811,deadAbandoned,MIAMI GUEST HOUSE,"Oct. 21, 2010","Fernandez, Tomas",,tomas@miamiguesthouse.com
77915787,deadAbandoned,MYNK,"Oct. 20, 2010",CHOI SEUNG JAE,,danny@pressapparel.net
77916225,deadAbandoned,CP NET LEASE FUNDS,"Oct. 28, 2010",CP Capital Partners LLC,,kmiller@gormanmiller.com
77916251,REQUEST_FAILED,,,,,
77916381,deadAbandoned,IMAGINE,"Oct. 19, 2010",3303292 Canada Inc.,,david@emc2.com
77916426,deadAbandoned,TEST PASSPORT,"Nov. 04, 2010",Zhu Yanwei,,wataxiwaxiudesi@msn.com
77916412,deadAbandoned,SOULMATE,"Oct. 21, 2010","Soulmate Apparel, LLC",,nicolewright001@gmail.com
77916424,deadAbandoned,TESTINSIDE,"Aug. 13, 2010",Zhu Yanwei,,wataxiwaxiudesi@msn.com
77916504,REQUEST_FAILED,,,,,
77916430,deadAbandoned,DJ MUSIC,"Oct. 28, 2010","digital munch, llc",,
77916866,deadAbandoned,MOBILE MITTEN,"Oct. 25, 2010",Nicole K. Rising,,rising406@verizon.net
77916897,deadAbandoned,None,"Dec. 21, 2010","American Yibao International, Inc.",,ayizzm@sbcglobal.net
77916949,deadAbandoned,PIC RESIZE,"Oct. 24, 2010",InterNich LLC,,nich@internich.com
77917125,deadAbandoned,MYCOMACE,"Oct. 27, 2010",R & D LifeSciences,,sinhakp@vets-plus.com
77917089,deadAbandoned,GEARY SNOW BIKES,"Oct. 21, 2010","Love II, Michael E",,snowbikemike@yahoo.com
77916969,REQUEST_FAILED,,,,,
77917318,deadAbandoned,FINE WINE RESOUCE,"Oct. 25, 2010",COMMTECHHOLDINGS INC.,,
77917229,REQUEST_FAILED,,,,,
77917407,deadAbandoned,ENVERGENT,"Oct. 19, 2010","The Indoor Air Company, LLC",,glenn@evgt.net
77917447,deadAbandoned,MYCROTABS,"Oct. 26, 2010","Grewal, Kylejeet S.",,kalg25@telus.net
77917344,deadAbandoned,VITRO GREEN HOUSE GROWN,"Oct. 21, 2010","Oviedo Medina, Eduardo Jorge",,info@lexintel.org
77917373,REQUEST_FAILED,,,,,
77917483,deadAbandoned,BIOSOFT,"Oct. 15, 2010","Orthofeet, Inc.",,orthofeet@aol.com
77917470,deadAbandoned,ECOMODDER,"Nov. 01, 2010","Jones, Benjamin Frederick Thomas",,benjamin.f.t.jones@gmail.com
77917509,deadAbandoned,SPARKLES,"Nov. 02, 2010",StickyUps Ltd,,anat@stickyups.com
77917496,REQUEST_FAILED,,,,,
77917561,deadAbandoned,BUILDING YOUR DREAM,"Oct. 28, 2010","Dalakas, Thaddeus A.",,tdalakas@aol.com
77917491,deadAbandoned,BV BEAUVIVAL,"Oct. 29, 2010","SHENZHEN TEAMYOUN BIOLOGY TECHNOLOGY CO., LIMITED",,info.info168@gmail.com
77917349,REQUEST_FAILED,,,,,
77917589,REQUEST_FAILED,,,,,
77917635,REQUEST_FAILED,,,,,
77917639,REQUEST_FAILED,,,,,
77917737,REQUEST_FAILED,,,,,
77917729,REQUEST_FAILED,,,,,
77918128,deadAbandoned,ARISIA,"Sep. 29, 2010","Simon Golub & Sons, Inc.",,
77917680,REQUEST_FAILED,,,,,
77918187,deadAbandoned,"ENTHUZE, CONNECT, CREATE, SHARE","Oct. 22, 2010","Enthuze, Inc.",,george@enthuze.net
77918316,deadAbandoned,WESTY,"Oct. 22, 2010",Rays and West Investments Ltd.,,rjhamb@att.net
77917944,REQUEST_FAILED,,,,,
77918441,REQUEST_FAILED,,,,,
77918387,REQUEST_FAILED,,,,,
77918463,REQUEST_FAILED,,,,,
77918486,REQUEST_FAILED,,,,,
77918611,REQUEST_FAILED,,,,,
77918721,deadAbandoned,ROPER,"Oct. 28, 2010",R. C. Crisp,,wranglerknife@aim.com
77918552,REQUEST_FAILED,,,,,
77918720,REQUEST_FAILED,,,,,
77918733,REQUEST_FAILED,,,,,
77918758,REQUEST_FAILED,,,,,
77918846,deadAbandoned,TRAINCAST,"Sep. 05, 2010",trainCast LLC,,TSeltz@traincast.net
77918855,deadAbandoned,PURE,"Oct. 29, 2010","Berg, Isaac",,isaacberg@hotmail.com
77918837,deadAbandoned,"ELEKTOR ENERGY PROFESSIONALS, LLC","Oct. 26, 2010","Elektor Energy Professionals, LLC",,
77918904,deadAbandoned,CHEF GARLIC,"Oct. 23, 2010","Golden Dragon Holdings, Inc.",,info@gdfbhk.com
77918894,deadAbandoned,CROSSOCEAN,"Jul. 23, 2010",OKO International Co.,,angela@android-usa.com
77918895,deadAbandoned,TKO SUBS,"Oct. 25, 2010","TKO Round 1, Inc.",,armcpm@aol.com
77918966,REQUEST_FAILED,,,,,
77918996,deadAbandoned,STOATS PORRIDGE BARS STOATSPORRIDGEBARS.CO.UK,"Oct. 29, 2010",Stoats Porridge Bars Ltd,,tony@stoatsporridgebars.co.uk
77918871,REQUEST_FAILED,,,,,
77919074,REQUEST_FAILED,,,,,
77918885,deadAbandoned,MYSTIQUE,"Oct. 26, 2010",OKO International Co.,,angela@android-usa.com
77919150,REQUEST_FAILED,,,,,
77919189,REQUEST_FAILED,,,,,
77919200,REQUEST_FAILED,,,,,
77919484,deadAbandoned,DIGITAT,"Oct. 27, 2010",Digitat Concepts,,richard@digitatconcepts.com
77919513,REQUEST_FAILED,,,,,
77919876,deadAbandoned,DRILLINGWORLD,"Nov. 01, 2010","Drilling & Trenching Supply, Inc.",,dave@drillingworld.com
77919936,deadAbandoned,DATE COLA,"Nov. 06, 2010","DE LEON, ANDRES JR. VALENCIA",,aimbest_deleon@yahoo.com.ph
77919945,deadAbandoned,FREERADIUS,"Nov. 01, 2010","DeKok, Alan T.",,aland@freeradius.org
77919911,REQUEST_FAILED,,,,,
77920078,deadAbandoned,KARLA,"Oct. 28, 2010","SERVICIO COMERCIAL GARIS, S.A. DE C.V.",,erick@camachorosales.com.mx
77920037,REQUEST_FAILED,,,,,
77919851,deadAbandoned,LITTLE SCHOLARS.. WHERE YOUNG MINDS COME TO GROW,"Oct. 27, 2010",DaySha Singfield,,amberdgibson@hotmail.com
77920125,deadAbandoned,ROBOPHONE,"Oct. 27, 2010",FOCUS BRAND LIMITED,,maggiewong@manley.com.hk
77920268,REQUEST_FAILED,,,,,
77920510,deadAbandoned,VETSPECS,"Nov. 01, 2010","VetSpecs, Inc.",,jluo@vetspecs.com
77920208,REQUEST_FAILED,,,,,
77920805,deadAbandoned,2 GIRLS TEACH SEX,"Oct. 29, 2010","Isn Education, LLC",,
77920821,REQUEST_FAILED,,,,,
77920904,deadAbandoned,'LIL CUPCAKE KIDS,"Oct. 28, 2010",K.S. Toys Ltd.,,
77920822,REQUEST_FAILED,,,,,
77921359,REQUEST_FAILED,,,,,
77921413,REQUEST_FAILED,,,,,
77921255,REQUEST_FAILED,,,,,
77921377,deadAbandoned,PIXPAD,"Nov. 04, 2010",Silverlink International Limited,,dsones@giinii.com
77921766,deadAbandoned,SWEETBURGER,"Oct. 29, 2010","Wood, Ryan S.",,ryan@elkrivercorp.com
77921474,deadAbandoned,SECURED TRAVELER,"Nov. 08, 2010","Aspenologies, LLC",,tomstaves@aspenologies.com
77921832,REQUEST_FAILED,,,,,
77922007,deadAbandoned,MINERALITE,"Nov. 06, 2010",Verdan Francis,,verdan@verdan.net
77922008,deadAbandoned,MUGZ,"Nov. 02, 2010",Texas Media Trust,,ja@bustedpaper.com
77922089,deadAbandoned,FLUKIT,"Oct. 30, 2010",Doc-To-Go LLC,,fernandoisartmd@hotmail.com
77922141,deadAbandoned,"THE SPINDUSTRY: MULTI-MEDIA, MUSIC, MARKETING","Nov. 05, 2010","DUNHAM, DARNELLA",,darnelladunham@gmail.com
77921910,deadAbandoned,WATER JET ASSISTED LIPOSUCTION,"Sep. 30, 2010",AQUALIPO LLC,,Lucas@AquaLipo.com
77922410,deadAbandoned,P.S.S.T. ( PUTTER SLOTTED SHAFT TECHNOLOGY),"Oct. 29, 2010",Golf Science Technology L.L.C.,,lkrizak@yahoo.com
77922390,REQUEST_FAILED,,,,,
77922460,REQUEST_FAILED,,,,,
77922694,deadAbandoned,EI SKIN CARE,"Sep. 17, 2010","Daniel, Jos",,totemanimals@gmail.com
77922521,REQUEST_FAILED,,,,,
77922748,REQUEST_FAILED,,,,,
77922992,deadAbandoned,"DR. DAVID MATLOCK, MD","Oct. 28, 2010","MATLOCK, DAVID L",,RICHARD@DRMATLOCK.COM
77922996,deadAbandoned,SMART STRANDS,"Nov. 05, 2010","McGinty, Anne",,anne@smartstrands.com
77922993,deadAbandoned,NATURAL FACIAL FILLER,"Sep. 30, 2010",AQUALIPO LLC,,aqualipo@hotmail.com
77922909,REQUEST_FAILED,,,,,
77922988,deadAbandoned,NATURAL HAND REJUVENATION,"Sep. 30, 2010",AQUALIPO LLC,,aqualipo@hotmail.com
77923008,deadAbandoned,WHAT DO YOU WANT TO DO BEFORE YOU DIE?,"May 20, 2010","Kenney, Nicole M.",,
77923063,deadAbandoned,POTTY PUPPETS,"Nov. 05, 2010","Hornsby, Shanna A",,shannahornsby@gmail.com
77922999,deadAbandoned,AIE360,"Nov. 02, 2010",Kyle Shelley,,kyle@allineducation.com
77923099,deadAbandoned,THE HOB NOB FARM CAFE,"Dec. 20, 2010","Coyote Kitchen, Inc",,hobnobfarmcafe@att.net
77923170,deadAbandoned,SIMPLE TASK TIMER,"Oct. 31, 2010",AG WORDS LTD,,agarrido@agwords.com
77923113,deadAbandoned,ZERO WAIST,"Oct. 15, 2010",Famory (H.K.) Limited,,monicawoous@gmail.com
77923209,REQUEST_FAILED,,,,,
77923219,deadAbandoned,RAINBOW,"Nov. 04, 2010","Rainbow Broadband, Inc.",,
77923476,REQUEST_FAILED,,,,,
77923254,deadAbandoned,AUDIENCE CONFERENCE,"Nov. 09, 2010","Mannering, Antoin",,anton@hatmedia.net
77923720,REQUEST_FAILED,,,,,
77923103,REQUEST_FAILED,,,,,
77923441,REQUEST_FAILED,,,,,
77923769,REQUEST_FAILED,,,,,
77923954,deadAbandoned,GREEN FLEET ADVERTISING,"Nov. 01, 2010","Porter, Adam",,greenfleetads@gmail.com
77924029,REQUEST_FAILED,,,,,
77923961,REQUEST_FAILED,,,,,
77924200,deadAbandoned,BABY ACE,"Nov. 06, 2010","Lai, Chin I",,joleen@babyace.com.tw
77924328,deadAbandoned,NATURELIGHT,"Oct. 30, 2010","Johnson Edwards, Inc.",,johnsonedwards@mac.com
77924347,deadAbandoned,SIM HOSPITAL,"May 23, 2010",SKYUNION PTE. LTD.,,gx6668@yahoo.com.hk
77924344,deadAbandoned,BOSICA MODELS,"Oct. 30, 2010",Panococo,,Michael.Dang@panococo.com
77924327,REQUEST_FAILED,,,,,
77924388,deadAbandoned,GOTHAM WELLNESS ACUPUNCTURE RETREATS YOGA,"Nov. 09, 2010",Stefanie E. DiLibero,,graham.s.steele@gmail.com
77924415,deadAbandoned,NAADIA'S PURE RELIEF BECAUSE YOU DESERVE IT.,"Nov. 15, 2010","Dean, Naadia B",,info@naadiaspurerelief.com
77924459,deadAbandoned,DO BIG THANGS,"Nov. 02, 2010","DO BIG THANGS, LLC",,zachjones9@gmail.com
77924348,deadAbandoned,SIM HOSPITAL,"May 23, 2010",SKYUNION PTE. LTD.,,gx6668@yahoo.com.hk
77924465,deadAbandoned,SERIOUSSOCIALMEDIA.COM,"Nov. 02, 2010",LTC Expert Publications LLC,,valerievanbooven@gmail.com
77924479,deadAbandoned,DREAM MAPPING,"Dec. 17, 2010",Peggy Coats,,info@dreammaps.net
77924474,deadAbandoned,DESDEMONA,"Nov. 04, 2010",Ivelisse Martinez,,desdemonadeothello@yahoo.com
77924428,REQUEST_FAILED,,,,,
77924607,deadAbandoned,CIDOA CITIZENS IN DEFENSE OF AMERICA,"Nov. 05, 2010",Ryan Smith,,ryan@cidoa.org
77924644,REQUEST_FAILED,,,,,
77924635,deadAbandoned,EZCLOSE,"Nov. 05, 2010",United Lender Services Corp.,,rfranco@ulstitle.com
77924719,deadAbandoned,POSITIVELY NEGATIVE CLOTHING COMPANY,"Nov. 05, 2010","Tolson, Samantha H",,postivelysam@aim.com
77924683,REQUEST_FAILED,,,,,
77924705,REQUEST_FAILED,,,,,
77924913,deadAbandoned,WITH ZYMACE LEVERAGE GAIN THE UPPER HAND,"Oct. 27, 2010",R & D LifeSciences,,sinhakp@vets-plus.com
77924939,deadAbandoned,RET-PATT,"Nov. 05, 2010","Zacharias, Jaime",,Jaime.Zacharias@Gmail.com
77925524,deadAbandoned,AFRIDOM.NET,"Nov. 05, 2010",Rassembaye T-Naogban,,rassem111@gmail.com
77925510,deadAbandoned,POCKET HEAT,"Nov. 08, 2010",Damien BERNAL,,damien.bernal@gmail.com
77925635,deadAbandoned,DEL CAMPEZINO,"Dec. 31, 2010","Alimentos 29, S.A de C.V.",,david_a_hernandez@hotmail.com
77925710,deadAbandoned,AMERICAN YOUTH FLAG FOOTBALL ORGANIZATION,"Dec. 31, 2010",AYFFO,,
77925527,REQUEST_FAILED,,,,,
77925709,deadAbandoned,WATERMELON PINK! HOT PINK WITH LOTS OF FLAVA ALWAYS SO SWEET N' JUICY! PIERRE LEROCK WM. PINK! HOTTIE SWEET QUEEN JUICY APPAREL,"Nov. 05, 2010","Pierre, Roger",,rogpierre@hotmail.com
77925737,REQUEST_FAILED,,,,,
77925759,REQUEST_FAILED,,,,,
77925740,REQUEST_FAILED,,,,,
77925890,REQUEST_FAILED,,,,,
77926524,deadAbandoned,RIPPER37,"Nov. 07, 2010",Dakin-Flathers Ltd.,,sales@dakin-flathers.com
77926459,deadAbandoned,MOVING BEYOND COLLEGE,"Nov. 08, 2010","Batangan, Marc A",,marc@movingbeyondcollege.com
77926534,deadAbandoned,SCRATCH,"Nov. 04, 2010","DALLAS, STEPHEN",,sales@scratchusa.com
77926752,deadAbandoned,ONE-STOP PERMANENT PATCH,"Nov. 15, 2010","GRINDALL CONCRETE GRINDING OF OHIO, INC.",,mzatelli@grindallconcrete.com
77926750,deadAbandoned,POTTY CHAMP,"Nov. 12, 2010",DOMMERHOLT JOHAN,,jos@garland.nl
77926650,deadAbandoned,TOILET CHAMP,"Nov. 12, 2010",DOMMERHOLT JOHAN,,jos@garland.nl
77926586,REQUEST_FAILED,,,,,
77927378,deadAbandoned,"TUXTEPEC, OAX. MEXICO FINCA MUNDO NUEVO P","Nov. 09, 2010",Jose Julian Perez Alonso,,verdana.sales@gmail.com
77927371,deadAbandoned,KERAGEN COMPLEX,"Nov. 16, 2010",Max Direct Marketing Group,,
77927392,deadAbandoned,HILL COUNTRY FRESH PREMIUM LAMB & GOAT,"Nov. 05, 2010","Capra Foods, LLC",,sales@caprafoods.com
77927461,deadAbandoned,CHEEZZY MORSELS,"Oct. 29, 2010","Wai Lana Productions, LLC",,admin@wailana.com
77927594,deadAbandoned,CUBE,"Oct. 06, 2010",VENITRA ENTERPRISES INTERNATIONAL LIMITED,,monicawoous@gmail.com
77927448,REQUEST_FAILED,,,,,
77927661,deadAbandoned,TACTICAL THREADS,"Nov. 16, 2010",AGI,,cpowell@patriotmaterials.com
77927659,deadAbandoned,DINNER FOR 3,"Nov. 19, 2010",Shan Fzc,,usmani@shanfoods.com
77927743,REQUEST_FAILED,,,,,
77927765,deadAbandoned,BALLOMETER,"Nov. 09, 2010",BallLogic LLC,,scott@balllogic.com
77928005,deadAbandoned,FEED 2,"Nov. 09, 2010","T. Lynn Mitchell Executive Management Services, L.L.C.",,
77927652,REQUEST_FAILED,,,,,
77928127,deadAbandoned,LEARN. THINK. FIND.,"Nov. 09, 2010",Boost eLearning,,jeff@boostelearning.com
77928153,deadAbandoned,THRIFT HAPPY,"Nov. 07, 2010","Gonzalez, Kathy M",,kgonzalez12@cfl.rr.com
77928380,deadAbandoned,GLOBAL INTERIORS HOME COLLECTION SHOW,"Sep. 20, 2010",Reed Elsevier Properties Inc.,,jacqueline.gregorski@lexisnexis.com
77927665,REQUEST_FAILED,,,,,
77928185,deadAbandoned,WANT TO BE A STAR,"Nov. 09, 2010",Spinoso Joe,,info@rabbitinvestment.com
77928191,REQUEST_FAILED,,,,,
77928532,deadAbandoned,CD CASSANDRA DONOVANN,"Nov. 11, 2010",Cassandra D. Loper,,cassandra.donovann@gmail.com
77927794,REQUEST_FAILED,,,,,
77928564,REQUEST_FAILED,,,,,
77928665,deadAbandoned,WELLNESS ON YOUR TERMS,"Nov. 08, 2010","Montijo, Anthony O.",,aomontijo@gmail.com
77928402,REQUEST_FAILED,,,,,
77928675,deadAbandoned,WORLD'S FUNNIEST VIDEOS,"Nov. 13, 2010",Theta8 Inc,,tchai8@globalife.com
77928688,REQUEST_FAILED,,,,,
77928711,deadAbandoned,FAST & FREE DELIVERY,"Nov. 17, 2010","PLATINUM TONGUE MUSIC PUBLISHING, LLC",,j.singfield@gmail.com
77928744,REQUEST_FAILED,,,,,
77928914,deadAbandoned,DOS OROS TEQUILA,"Aug. 24, 2010","EL AGUILA SUCESORES, S.A. DE C.V.",,cristobaldosoros@hotmail.com
77928528,REQUEST_FAILED,,,,,
77929072,deadAbandoned,APPSUPLOAD,"Nov. 12, 2010",Nowent Inc.,,vsud@nowent.com
77929029,deadAbandoned,COUPONDOORS,"Nov. 16, 2010",infinity Advertising of New York LLC,,rsxom@aol.com
77929226,deadAbandoned,KAYROS,"Nov. 08, 2010",Bodegas y Viñedos Santos J. Carelli S.A.,,ecarelli@bodegacarelli.com.ar
77928988,REQUEST_FAILED,,,,,
77929398,deadAbandoned,"RE, RELATIONSHIPS, REVENUE, RESOURCES, REVOLUTIONARY, REPUTATION, REWARD, RESPONSIVENESS, RETENTION, RESOLUTION, RECOGNITION, RESHAPE, RESULTS","Nov. 16, 2010","MK&Associates, LLC",,pearlmsbg@yahoo.com
77929545,REQUEST_FAILED,,,,,
77929739,deadAbandoned,PUBLICWORKSAGENCY.COM,"Nov. 09, 2010",Carlos V Roman,,carlos@solutionresponse.com
77929695,deadAbandoned,GTUNES,"Sep. 21, 2010",MARC ANGELL,,mdangell@gmail.com
77929782,deadAbandoned,MONTESSORI HOME CARE,"Nov. 11, 2010","Mumtaz, Yasmin",,montessorihomecare@gmail.com
77929784,deadAbandoned,KUSH WEAR,"Nov. 11, 2010",Symmetry Apparel LLC,,SymmetryApparel@gmail.com
77929746,deadAbandoned,BATOLII,"Nov. 12, 2010","Batolii Holdings, LLC",,richard@batolii.com
77929771,REQUEST_FAILED,,,,,
77929014,REQUEST_FAILED,,,,,
77929827,deadAbandoned,LED-BE-LITE,"Nov. 12, 2010","Cerda-Donoso, Fernando P.",,fc@designfclighting.com
77929787,REQUEST_FAILED,,,,,
77929845,deadAbandoned,WE LOVE YOUR SMILE,"Nov. 18, 2010","Browning, Donovan S.",,donovanbrowning@gmail.com
77929883,deadAbandoned,CURATED,"Nov. 06, 2010",Angela G Arambulo,,angela.arambulo@gmail.com
77929897,deadAbandoned,X INK TATTOOS,"Nov. 12, 2010","Slack, Benjamin William",,slack75@hotmail.com
77929924,deadAbandoned,ITALIAMORE,"Nov. 11, 2010",Sara Bianchi Chamberlin,,sarabianchichamberlin@gmail.com
77930005,deadAbandoned,RUDGE WHEELS,"Nov. 18, 2010",Novak Partnership,,jay@modernica.net
77929835,REQUEST_FAILED,,,,,
77929838,REQUEST_FAILED,,,,,
77930015,deadAbandoned,GO PALIN,"Nov. 18, 2010","Xilidev, Inc.",,ctiasf04@xilidev.com
77930009,REQUEST_FAILED,,,,,
77930025,REQUEST_FAILED,,,,,
77930038,REQUEST_FAILED,,,,,
77930223,deadAbandoned,None,"Nov. 15, 2010",Mossimo Holdings LLC,,atarshis@iconixbrand.com
77930067,deadAbandoned,3000RX,"Jul. 29, 2010",Brian R Buinewicz MD PC,,
77930142,REQUEST_FAILED,,,,,
77930141,REQUEST_FAILED,,,,,
77930268,REQUEST_FAILED,,,,,
77930418,deadAbandoned,NARCISSIST,"Nov. 15, 2010","Walker, James",,james@tkoadvertising.com
77930375,REQUEST_FAILED,,,,,
77930506,deadAbandoned,MARKY WILDCAT,"Nov. 18, 2010","Hunel-Adrian, Mark Sven",,markywildcat@gmail.com
77930439,deadAbandoned,NUDIST,"Nov. 15, 2010","Walker, James",,james@tkoadvertising.com
77930461,REQUEST_FAILED,,,,,
77930400,deadAbandoned,MYSELECT,"Nov. 15, 2010",Biodiscovery LLC,,jmr@biodiscovery-llc.com
77930753,deadAbandoned,PIMP JUICE,"Oct. 15, 2010",Madrona Property Company,,fritz@stuhlmullervineyards.com
77930639,REQUEST_FAILED,,,,,
77930866,deadAbandoned,SUNKISSED PHOTOGRAPHY,"Mar. 19, 2010","Wymore, Jenny",,info@sunkissedphotos.com
77930841,REQUEST_FAILED,,,,,
77930900,deadAbandoned,BLUE PLATE DIET,"Nov. 18, 2010","Gibson, Michael M",,mginjhw@gmail.com
77930942,deadAbandoned,WINE INFUSED WHIPPED CREAM,"Nov. 08, 2010","Sevenroc Holdings, LLC",,chrisguiher@yahoo.com
77930623,REQUEST_FAILED,,,,,
77931026,REQUEST_FAILED,,,,,
77930969,REQUEST_FAILED,,,,,
77931079,REQUEST_FAILED,,,,,
77931518,REQUEST_FAILED,,,,,
77931653,deadAbandoned,WEDDING RING CONCIERGE,"Nov. 26, 2010",Joyce Porter Mitchell,,sassysfinds@bellsouth.net
77931738,deadAbandoned,PAKRAP,"Nov. 12, 2010",Davis Roneildo S,,
77931782,deadAbandoned,INVESTMENT REVOLUTION,"Nov. 12, 2010",InvestForLess LLC,,kirsten.knull@investforless.com
77931732,REQUEST_FAILED,,,,,
77931132,REQUEST_FAILED,,,,,
77932013,deadAbandoned,FREE ELECTRON WATER,"Nov. 12, 2010","Eastin, Curtis",,DocEastin@gmail.com
77932043,REQUEST_FAILED,,,,,
77932157,deadAbandoned,GIVE ME CREAM,"Nov. 08, 2010","Sevenroc Holdings, LLC",,chrisguiher@yahoo.com
77932115,REQUEST_FAILED,,,,,
77932133,REQUEST_FAILED,,,,,
77932202,deadAbandoned,AROMA OXYGEN BAR,"Nov. 19, 2010","Gibbs, Sheldon D.",,aromaoxygenbar@gmail.com
77932228,deadAbandoned,OHBAMINATOR,"Sep. 10, 2010",Fun Sponge Inc.,,service@funspongeinc.com
77932209,deadAbandoned,MOKO TATTOO,"Nov. 17, 2010",Virtual Village Ltd,,domains@virtualvillage.com
77932236,REQUEST_FAILED,,,,,
77932269,deadAbandoned,SERVICES,"Nov. 18, 2010","Trusted Federal Systems, Inc.",,sudhi.umarji@trustedfederal.com
77932290,deadAbandoned,None,"Nov. 13, 2010","Carson, Milton A JR.",,
77932259,REQUEST_FAILED,,,,,
77932267,deadAbandoned,FRACTAL ASSET MANAGEMENT,"Nov. 18, 2010","Groveman Associates, LLC",,lgroveman@optonline.net
77932341,deadAbandoned,SMS MLS,"Nov. 20, 2010","Mobile Marketing associates, LLC",,gmeyer@mobilemarketingassoc.com
77932305,deadAbandoned,ACTIVA,"Nov. 16, 2010",Severino Marcelo Javier,,aerialtv@hotmail.com
77932489,deadAbandoned,MOBILE MARKETING ASSOCIATES,"Nov. 20, 2010","Mobile Marketing associates, LLC",,gmeyer@mobilemarketingassoc.com
77932353,deadAbandoned,SMS REMINDER,"Nov. 20, 2010","Mobile Marketing associates, LLC",,gmeyer@mobilemarketingassoc.com
77932498,deadAbandoned,MEDIREP PROFESSIONAL SALES SOLUTIONS,"Nov. 18, 2010","MediRep, LLC",,medirepsales@gmail.com
77932635,REQUEST_FAILED,,,,,
77932769,deadAbandoned,LOLLIPOP WING,"Nov. 15, 2010",Jennifer Tiao,,Jennifertiao@hotmail.com
77932669,deadAbandoned,KINGSLITE,"Nov. 16, 2010","KINGSBRIGHT TECHNOLOGY (SHENZHEN) CO., LTD.",,songmengli@yahoo.com
77932706,REQUEST_FAILED,,,,,
77932773,deadAbandoned,VIRTUALCALL,"Nov. 15, 2010","Callfinity, Inc.",,jeff.valentine@callfinity.com
77932875,REQUEST_FAILED,,,,,
77933053,deadAbandoned,SECURE,"Nov. 18, 2010","Trusted Federal Systems, Inc.",,sudhi.umarji@trustedfederal.com
77932733,REQUEST_FAILED,,,,,
77933062,deadAbandoned,SECURITY,"Nov. 18, 2010","Trusted Federal Systems, Inc.",,sudhi.umarji@trustedfederal.com
77933096,deadAbandoned,CANDYROCK,"Nov. 18, 2010",Candace Ravelle,,esacove@hotmail.com
77933133,deadAbandoned,FRUITCEUTICALS,"Nov. 16, 2010","Lapte Enterprises, Inc.",,andy@fruitadvantage.com
77933179,deadAbandoned,TARZAN 100% NATURAL ENERGY DRINK,"Nov. 19, 2010",Shan Fzc,,usmani@shanfoods.com
77933150,REQUEST_FAILED,,,,,
77933200,deadAbandoned,VIRTUAL PRESENTATION,"Nov. 19, 2010",Novatrox AB,,info@novatrox.com
77933358,deadAbandoned,ROLLOVER CV,"Nov. 15, 2010",Matthew Nystrom,,makeready@makereadycleaners.com
77933406,REQUEST_FAILED,,,,,
77933690,deadAbandoned,NECKPOD,"Nov. 16, 2010","Akashi, Thomas, M",,tm@brightmorningpress.com
77933695,deadAbandoned,RATCHETING LINE WRENCH,"Nov. 19, 2010","Wilson II, Theodore F.",,ted.wilson1@yahoo.com
77933430,deadAbandoned,CALLALERT,"Nov. 30, 2010",Syn-apps LLC,,shorton@syn-apps.com
77933793,REQUEST_FAILED,,,,,
77933998,deadAbandoned,FOREVERLAND.,"Nov. 18, 2010",FOVERLAND PTY LTD,,
77934090,deadAbandoned,MUSIC SUPERHEROES,"Mar. 15, 2010",SOULTRONICS,,sxkhan@gmail.com
77934133,deadAbandoned,THE AUTOMATIC SUMP PUMP DRAIN BYPASS,"Nov. 23, 2010",Mark Mitoraj,,lnlinc@ymail.com
77934177,deadAbandoned,PERFORMANCE SURVEILLANCE SYSTEM,"Nov. 23, 2010","Pagliarulo, Michael T",,mpags@baseline-enterprise.com
77933222,REQUEST_FAILED,,,,,
77934194,deadAbandoned,BOTTLE BUGZ,"Nov. 20, 2010",Arrow Creek Investments 140 (Pty) Ltd.,,stuart@kathyvanzeeland.co.za
77934231,deadAbandoned,KEEP IT REAL,"Nov. 18, 2010",WooHoo Foods,,holly.murphy@woohoofoods.com
77934144,REQUEST_FAILED,,,,,
77934198,deadAbandoned,HAPPY VILLAGERS,"Nov. 18, 2010","Gamenauts, Inc.",,stanley@gamenauts.com
77934228,deadAbandoned,WOOHOO FOODS KEEP IT REAL,"Nov. 18, 2010","WooHoo Foods, Inc.",,holly.murphy@woohoofoods.com
77934315,deadAbandoned,SHOCK COLLAR,"Nov. 18, 2010",Atlantic Autosport,,mikah@atlanticautosport.com
77934641,deadAbandoned,CLEANMYMAC,"Apr. 08, 2010",MacPaw Inc,,ceo@macpaw.com
77934695,deadAbandoned,CAMI BOOT,"Nov. 27, 2010",Suzanne Levine,,institutebeaute@aol.com
77934504,REQUEST_FAILED,,,,,
77934739,REQUEST_FAILED,,,,,
77934722,REQUEST_FAILED,,,,,
77935016,deadAbandoned,DEBT ELECTRONIC REGISTRATION SYSTEMS,"Nov. 23, 2010",GDR Acquisition Company LLC,,bruce.gilmore@globaldebtregistry.com
77935081,REQUEST_FAILED,,,,,
77935099,REQUEST_FAILED,,,,,
77935122,deadAbandoned,DJ SPINCYCLE,"Nov. 21, 2010","Cornelius, Ryan",,
77935147,deadAbandoned,THE DIAMOND MAJESTE,"Jun. 05, 2010",LATASHA SOSA AND DIONNE JAMES,,LATASHA300@YAHOO.COM
77935168,deadAbandoned,BUXOM SMOKY EYE STICK,"Nov. 04, 2010","Bare Escentuals Beauty, Inc.",,tmdocket@bareescentuals.com
77935161,REQUEST_FAILED,,,,,
77935148,REQUEST_FAILED,,,,,
77934845,REQUEST_FAILED,,,,,
77935188,REQUEST_FAILED,,,,,
77935233,REQUEST_FAILED,,,,,
77935224,REQUEST_FAILED,,,,,
77935327,deadAbandoned,THE FRENCH PASTRY HOUSE,"Nov. 20, 2010","Mazloum, Nayma",,mnayma@hotmail.com
77935364,deadAbandoned,QIPS,"Nov. 28, 2010",IDAC of Virginia LLC,,idacva@gmail.com
77935358,deadAbandoned,KINGS&PAWNS,"Nov. 26, 2010",Wesley Allen Whaley,,wesley.whaley@yahoo.com
77935473,deadAbandoned,S EYESKI,"Nov. 30, 2010",EYESKI FRANCE LIMITED,,james@eyeski.tv
77935390,REQUEST_FAILED,,,,,
77935514,deadAbandoned,THE LEGAL STEROIDS BIBLE,"Oct. 15, 2010",victor sigmarsson,,salabs999@yahoo.com
77935310,REQUEST_FAILED,,,,,
77935700,deadAbandoned,IMATH,"Nov. 19, 2010",Matthew Self,,dmz@mself.com
77935339,REQUEST_FAILED,,,,,
77935582,REQUEST_FAILED,,,,,
77935719,deadAbandoned,THINOGENICS,"Nov. 19, 2010",THINOGENICS,,easy2loseweightonline@yahoo.com
77935768,deadAbandoned,None,"Nov. 23, 2010","Ashley, Gionni, J,",,www.gionniashley@yahoo.com
77935728,REQUEST_FAILED,,,,,
77935899,deadAbandoned,DIGITAL BLACK MARKET,"Nov. 26, 2010","Guerry, Richard",,richard@iroc2.org
77935928,deadAbandoned,C.E.L,"Nov. 22, 2010","Guerry, Richard",,richard@iroc2.org
77935838,REQUEST_FAILED,,,,,
77936051,deadAbandoned,VN VANDEAUX NOIR,"Nov. 29, 2010","Smith, Lewis R.",,lewis@vandeauxnoir.com
77935956,REQUEST_FAILED,,,,,
77935968,REQUEST_FAILED,,,,,
77936095,deadAbandoned,A NEW WORLD OF TASTE MAJESTIC COFFEE CO.,"Nov. 22, 2010","Wade, William V.",,wwade@majesticcoffeecompany.com
77936018,REQUEST_FAILED,,,,,
77936079,REQUEST_FAILED,,,,,
77936182,deadAbandoned,ITONES,"Nov. 26, 2010","Mastertone, LLC",,dronofrio@aol.com
77936166,REQUEST_FAILED,,,,,
77936214,REQUEST_FAILED,,,,,
77936324,REQUEST_FAILED,,,,,
77936417,deadAbandoned,HOUSE OF PITCHING VIDEO SERIES BUILDING THE HOUSE MECHANICS & FUNDAMENTALS OF PITCHING,"Dec. 02, 2010","SoftballOne, Inc.",,cara@softballone.com
77936377,REQUEST_FAILED,,,,,
77936396,REQUEST_FAILED,,,,,
77936432,REQUEST_FAILED,,,,,
77936167,REQUEST_FAILED,,,,,
77936540,REQUEST_FAILED,,,,,
77936548,REQUEST_FAILED,,,,,
77936624,REQUEST_FAILED,,,,,
77936573,deadAbandoned,ARIA,"Nov. 22, 2010","Aghajanian, Rene",,skydomeusa@hotmail.com
77937105,deadAbandoned,OLLIE OI,"Nov. 22, 2010",Colleen Ayson,,colleenayson@hotmail.com
77937048,REQUEST_FAILED,,,,,
77937111,REQUEST_FAILED,,,,,
77937217,deadAbandoned,EVR MUSIC,"Nov. 29, 2010",Tony Boyle,,admin@evrmusic.co.uk
77936643,deadAbandoned,NETWORKING PEOPLE,"Nov. 22, 2010",ZyXEL Communications,,lewisl@zyxel.com
77937210,deadAbandoned,I LOVE BLUE SEA,"Nov. 19, 2010","Reed, Martin",,martinlreed@gmail.com
77937284,deadAbandoned,RESCICLE,"Nov. 23, 2010",Timothy Richard Peterson,,tpeterson@rescicle.com
77937156,REQUEST_FAILED,,,,,
77937293,deadAbandoned,L'INTERDITE,"Nov. 22, 2010",FINES SARL,,sarl.fines@gmail.com
77937320,deadAbandoned,HUMAN FIRST,"Nov. 22, 2010",Christopher Greaves,,chris_greaves190@hotmail.com
77937280,deadAbandoned,CYBER SANTA,"Nov. 23, 2010",Stephen Bottomley,,wss@ameriprop.net
77937474,deadAbandoned,DEMOLITION DERBY LEAGUE,"Nov. 22, 2010",J. D. Jacobs,,dudley.jacobs@dumedia.com
77937642,deadAbandoned,LOVY KRAVZIT IL ID TI OB ( IN LIFE IN DEATH THERE IS ONLY BLOOD),"Nov. 21, 2010","Beaudin, Steven Donald",,lovykravzit@yahoo.com
77938198,deadAbandoned,NETSMART,"Nov. 26, 2010",Rebit Inc.,,marilyn@kronercommunications.com
77938236,deadAbandoned,TAORO,"Nov. 22, 2010",TAORO LLC,,kevinw@companiesinc.com
77938221,deadAbandoned,DIAMOND HONOR,"Nov. 26, 2010",International Academy of Business Professionals LLC,,JPMarino99@gmail.com
77938152,REQUEST_FAILED,,,,,
77938331,REQUEST_FAILED,,,,,
77938283,REQUEST_FAILED,,,,,
77938417,deadAbandoned,"STANDARD WATER FILTERED, THEN BOILED.","Nov. 15, 2010",STANDARD WATER,,INFO@SWFTB.COM
77938518,deadAbandoned,BRASILTV,"Dec. 02, 2010",brasiltv,,zappia@ig.com.br
77938368,REQUEST_FAILED,,,,,
77938520,REQUEST_FAILED,,,,,
77938585,deadAbandoned,PILATECIZE,"Dec. 01, 2010","Borden, Haley C",,haleyborden@att.blackberry.net
77938978,deadAbandoned,OFF CAMERA,"Nov. 23, 2010","Logan, Robeson D.",,RobesonDL@hotmail.com
77939043,REQUEST_FAILED,,,,,
77939009,deadAbandoned,"SPIDRR - SPORT PERFORMANCE INTELLIGENCE DATAMINING, RESOURCING & RECONNAISSANCE","Nov. 29, 2010",Charlene Boudreau,,charlene@charsolutions.com
77939187,deadAbandoned,MAFIA CITY,"Sep. 15, 2010","K-Factor Media, LLC",,jing@kfactormedia.com
77939058,REQUEST_FAILED,,,,,
77939196,REQUEST_FAILED,,,,,
77939310,REQUEST_FAILED,,,,,
77939154,deadAbandoned,None,"Nov. 30, 2010","Tran-Yokota, Allison P.",,allisonyokota@me.com
77939462,deadAbandoned,DISCOVER MANDARIN,"Nov. 28, 2010","Dillon, Corinne A",,dillon15@gmail.com
77939342,REQUEST_FAILED,,,,,
77939540,deadAbandoned,METRO PARIS,"Oct. 13, 2010",Presselite,,michel.morcos@presselite.com
77939515,REQUEST_FAILED,,,,,
77939538,REQUEST_FAILED,,,,,
77939428,deadAbandoned,NATIONAL PAYMENT PROVIDER,"Dec. 02, 2010","Capital Electronics International, LLC",,
77939597,REQUEST_FAILED,,,,,
77939828,deadAbandoned,PARIS METRO,"Oct. 13, 2010",Presselite,,michel.morcos@presselite.com
77939827,REQUEST_FAILED,,,,,
77939983,deadAbandoned,RED,"Sep. 08, 2010",IP Holdings Unltd LLC,,atarshis@iconixbrand.com
77939620,deadAbandoned,FAST-USA,"Dec. 01, 2010",Anthony J. LaGreca,,jperkins@fastusavacs.com
77940206,deadAbandoned,MENU MARKETPLACE A SMORGASBORD OF SAVINGS!,"Nov. 29, 2010","Barrett, Leona D",,dianne@barcofirm.com
77940475,deadAbandoned,COLLEGE EDUCATION FOUNDATION,"Dec. 02, 2010","Johnson, James",,jimjremanager@sbcglobal.net
77940608,deadAbandoned,MOTIVATIONAL STORYTELLER,"Nov. 24, 2010","ADEMILUYI, MOZELLA PERRY",,mozella@loveisamountain.com
77940611,deadAbandoned,SUBLIME DREAMER,"Dec. 02, 2010","Wanjare, Brian",,brianwanjare@comcast.net
77940621,deadAbandoned,MOTIVATIONAL STORYTELLING,"Nov. 24, 2010","ADEMILUYI, MOZELLA PERRY",,mozella@loveisamountain.com
77940680,REQUEST_FAILED,,,,,
77940755,deadAbandoned,LUXOR HOMME,"Nov. 30, 2010","Smith, Lewis R.",,Lewis@luxordecouture.com
77940897,deadAbandoned,"CHILDREN OF HOARDERS, OPENING HEARTS, MINDS, AND HOMES WITH UNDERSTANDING","Nov. 29, 2010","Austin, Donna",,adonnaaustin@yahoo.com
77940705,REQUEST_FAILED,,,,,
77941030,deadAbandoned,GG GRIP GUARD NON-SLIP,"Dec. 03, 2010",Grip Guard Pty Ltd,,info@gripguard.com.au
77941013,deadAbandoned,GREENBIZCHECK GOLD CERTIFIED,"Dec. 07, 2010",Greenbizcheck Pty Limited,,th@greenbizcheck.com
77941046,deadAbandoned,CORPORATE QUALITY,"Dec. 03, 2010",corporate quality consulting GmbH,,frederick.collins@corporatequality.de
77941297,deadAbandoned,ANDROIDZ,"Oct. 27, 2010",Manley Toy Limited,,maggiewong@manley.com.hk
77941434,deadAbandoned,BOTALERT,"Dec. 03, 2010","Pramana, INC",,admin@pramana.com
77941442,deadAbandoned,BIG BLUE VOODOO,"Dec. 03, 2010","Bouth, Nickolas M.",,tampanick@tampabay.rr.com
77941589,deadAbandoned,"SOURCED FROM NATURE, PROVEN BY SCIENCE.","Dec. 02, 2010",Quality of Life Labs,,sara.vogt@q-o-l.com
77941546,REQUEST_FAILED,,,,,
77941568,REQUEST_FAILED,,,,,
77941796,deadAbandoned,GINETTE CLAUDETTE,"Dec. 07, 2010","Mendez, Yinette Claudette",,GaboveC@gmail.com
77941894,deadAbandoned,ENCORE,"Dec. 02, 2010",Focus Brand Limited,,maggiewong@manley.com.hk
77941920,deadAbandoned,BN BT DUO,"Dec. 01, 2010",Huge I-Tech Co. Ltd.,,annie@hugeitech.com
77941817,deadAbandoned,ISAYONLINE,"Nov. 18, 2010",Thomas Geley Services,,thomas.geley@gmail.com
77941937,REQUEST_FAILED,,,,,
77941811,REQUEST_FAILED,,,,,
77941974,deadAbandoned,KIRSTIE ALLEY WEIGHT LOSS,"Sep. 10, 2010","Alley, Kirstie",,pcrawford2@gmail.com
77942034,deadAbandoned,ECO FLAME,"Dec. 04, 2010","Blue Ocean Manufacturing Group, LLC",,helenzhang1@126.com
77942208,deadAbandoned,BUY BRANDS. EARN REWARDS.,"Dec. 06, 2010",Real Cool Synchrony,,bbach@realtime-solutions.net
77942112,REQUEST_FAILED,,,,,
77942054,deadAbandoned,MAESTRO STRINGS,"Dec. 02, 2010",Animato Pty Ltd,,lasa@animato.com.au
77942302,deadAbandoned,LISTMONITOR,"Nov. 30, 2010",LashBack LLC.,,dhughes@lashback.com
77942424,deadAbandoned,VAN WAFELS,"May 25, 2010","Van Wafels, LLC",,vanwafels@gmail.com
77942426,REQUEST_FAILED,,,,,
77942591,deadAbandoned,MELOGRUVA,"Jul. 19, 2010","PURDYE, DAVID N",,business@melogruva.com
77942690,REQUEST_FAILED,,,,,
77943106,deadAbandoned,BEAV BUSTER,"Nov. 26, 2010","Harold Thomas Johnson, Jr",,htj40@earthlink.net
77942488,REQUEST_FAILED,,,,,
77943193,deadAbandoned,"""DQS"" , ""INSPIRING EXCELLENCE""","Dec. 08, 2010",DQS Certification India Private Limited,,rkhare@dqsindia.com
77943385,REQUEST_FAILED,,,,,
77943500,deadAbandoned,REVOLUTIONIZING OUTDOOR COOKING,"Nov. 29, 2010","Hearthland Products, LLC",,kathleenr@dalsinind.com
77943570,deadAbandoned,EASY-SIGN,"Dec. 06, 2010",Senatec Industrial Inc.,,info@senatecinc.com
77943616,deadAbandoned,SPIRITUALITY WITHOUT BORDERS,"Nov. 29, 2010","Moriah S. St. Clair, LLC",,lorna@spiritualitywithoutborders.info
77943866,deadAbandoned,POSITIVE WATER,"Dec. 04, 2010",GAIA GLOBAL,,gaiasteve@gmail.com
77943496,REQUEST_FAILED,,,,,
77944036,REQUEST_FAILED,,,,,
77943956,deadAbandoned,"VIM-25 THIS IS THE VIM-25 MARK SERIAL NO. 77943956. A SILHOUETTE COUPLE EMBRACING EACH OTHER. IT IS A ROBOTIC IMAGE. IT IS CLAIMED AS A FEATURE OF THE MARK. THIS IMAGE CONSISTS OF A WOMEN LOOKING STRAIGHT TO A MAN. WOMEN HAIR IS STRAIGHT (180) ANGLE MAN ALSO LOOKING STRAIGHT. ACCORDING TO IMAGE MAN IS BEHIND HER. MAN'S LEFT HAND IS RESTING TO HER RIGHT HAND. WOMEN RIGHT ARM RESTING TO HER LEFT BREAST. MAN'S RIGHT ARM WRAPPED AROUND HER LEFT ARM GOING DOWN TO HER PRIVATE (GENITAL) PART. UP FRONT IS A BIOLOGICAL SIGN WITH TWO WORD ""MALE ENHANCEMENT"" . THIS IS THE FULL BODY SILHOUETTE IMAGE.","Dec. 01, 2010",VIM-25,,drken@purevitaminsusa.com
77944090,deadAbandoned,VOIP2CAR,"Dec. 07, 2010",Hadar Yehuda (Yuda),,yuda@allims.com
77944258,deadAbandoned,STUDENT BODY CHALLENGE,"Dec. 05, 2010","Skyhype, Inc.",,jstoneadvisor@yahoo.com
77944239,REQUEST_FAILED,,,,,
77944271,deadAbandoned,STUDENT ACTION CHALLENGE,"Dec. 05, 2010","Skyhype, Inc.",,jstoneadvisor@yahoo.com
77944305,REQUEST_FAILED,,,,,
77944464,deadAbandoned,LATINO CLEVELAND,"Dec. 03, 2010","Latino Cleveland, LLC",,
77944545,REQUEST_FAILED,,,,,
77944622,deadAbandoned,LCP LUCID PUPPY COLLECTION CUSTOM DESIGNED DOG BEDS BY JOYFUL SURROUNDINGS,"Dec. 07, 2010","Joyful Surroundings, Inc",,heather@lucidpuppy.com
77944356,deadAbandoned,"BOARD ARMOUR, EST. 2010","Jun. 29, 2010","Surf Travel Solutions, Inc.",,jaredlkoett@gmail.com
77944687,deadAbandoned,SINCERE REASON,"Dec. 02, 2010","Perkins III, Thomas Edward",,sr@sincerereason.com
77944676,deadAbandoned,THE ACCESS STORE ACCESS GRANTED,"Dec. 11, 2010",The Access Holding Group,,doug@theaccessstore.net
77944805,deadAbandoned,SEXY VIXEN ELIXIRS,"Nov. 18, 2010","Abdul-Kareem, Maja",,sexyvixenelixirs@gmail.com
77945024,deadAbandoned,CXNANOPHYSICS,"Oct. 23, 2010","Mid-Atlantic Technology Research and Innovation Center, Inc.",,greg.clutter@matricresearch.com
77945230,deadAbandoned,HOMOGENIUS THE GAME,"Dec. 06, 2010","Trani, Marianne V",,ack2@verizon.net
77945165,REQUEST_FAILED,,,,,
77944994,REQUEST_FAILED,,,,,
77945385,deadAbandoned,STUFFING STICK,"Dec. 06, 2010","Legg, Larry Kenneth",,quadboardman@yahoo.com
77945328,REQUEST_FAILED,,,,,
77945389,REQUEST_FAILED,,,,,
77945505,deadAbandoned,HI-ON,"Jun. 09, 2010","Hi-On Apparel, LLC",,davebean@cox.net
77945547,REQUEST_FAILED,,,,,
77945718,deadAbandoned,LYCD,"Dec. 06, 2010","ZHANG, YONGYU",,youngjing2008@hotmail.com
77945785,deadAbandoned,KEO ASIAN CUISINE,"Dec. 07, 2010","KEO Restaurant System, LLC",,jim@franchise-u.com
77945904,deadAbandoned,TRAVEL AND TOUR WORLD,"Dec. 03, 2010",KESHAN INFOTECH PVT. LTD.,,vp@timberhunt.com
77945903,deadAbandoned,THEHEALTHCLOUD,"Dec. 03, 2010",Pieran LLC,,jim@pieran.com
77945933,deadAbandoned,NEWYORKGAYWEDDINGSHOW,"Dec. 10, 2010",SOUTHWARK NEWSPAPER LTD,,chris@southwarknews.org
77945999,deadAbandoned,LOCAL CHOP AND GRILL HOUSE,"Dec. 09, 2010",Duewestconcepts LLC,,craig@duewestconcepts.com
77946037,deadAbandoned,FORMOSA,"Nov. 26, 2010","MOPO, INC.",,ray.cjkuo@gmail.com
77946046,deadAbandoned,ALLEY CATS,"Dec. 07, 2010","Karp, Randy Y",,marchfine@verizon.net
77946298,deadAbandoned,ALL,"Dec. 12, 2010",FANG BAO AN,,aschwartz@schwartzip.com
77946304,REQUEST_FAILED,,,,,
77946158,REQUEST_FAILED,,,,,
77946559,deadAbandoned,THINKPOWER,"Dec. 09, 2010",THINKPOWER TECHNOLOGIES PRIVATE LIMITED,,
77946570,deadAbandoned,DJ INERTIA,"Dec. 10, 2010","Jeffs, Ryan J",,djinertia3@gmail.com
77946627,deadAbandoned,DESIGNS BY EMA,"Dec. 08, 2010","Coventry, Elysia Mae",,elysia1130@mac.com
77946468,deadAbandoned,SPOTLESS PRIDE,"Dec. 06, 2010",Spotless Pride Corporation,,spotlesspride@spotlesspride.com
77946497,REQUEST_FAILED,,,,,
77946538,REQUEST_FAILED,,,,,
77946687,deadAbandoned,BROADCAST:,"Dec. 10, 2010","SHANGHAI RIBO INDUSTRY CO., LTD.",,songmengli@yahoo.com
77946682,REQUEST_FAILED,,,,,
77946692,REQUEST_FAILED,,,,,
77946712,deadAbandoned,SPIRITUAL GEOGRAPHY,"Dec. 03, 2010","Nusbaum,Arlin",,arlin@sbcglobal.net
77946793,deadAbandoned,PLAINS FOLK,"Dec. 06, 2010",.410 Corporation,,isern@plainsfolk.com
77946735,REQUEST_FAILED,,,,,
77946698,REQUEST_FAILED,,,,,
77946752,REQUEST_FAILED,,,,,
77946808,REQUEST_FAILED,,,,,
77946863,deadAbandoned,LOCAL NAVIGATION CONSTELLATION,"Dec. 28, 2010",Locata Corporation Pty Ltd,,simon.ma@locatacorp.com
77946859,deadAbandoned,LOCAL CONSTELLATION,"Dec. 28, 2010",Locata Corporation Pty Ltd,,simon.ma@locatacorp.com
77946784,REQUEST_FAILED,,,,,
77947170,REQUEST_FAILED,,,,,
77947347,deadAbandoned,CONCIERGE OUTDOOR SERVICES,"Dec. 13, 2010","Concierge Landscape Services, Inc.",,lbaggetta@impresse.us
77947376,deadAbandoned,FLAGIT QUALITY PROGRAM,"Dec. 13, 2010","Concierge Landscape Services, Inc.",,lbaggetta@impresse.us
77947495,deadAbandoned,None,"Dec. 04, 2010",Gruenmann LLC,,cate.northup@gruenmannusa.com
77947393,deadAbandoned,CONCIERGE SPECIALTY SERVICES,"Dec. 13, 2010","Concierge Landscape Services, Inc.",,lbaggetta@impresse.us
77947480,deadAbandoned,CONCIERGE OUTDOOR SERVICES,"Dec. 13, 2010","Concierge Landscape Services, Inc.",,lbaggetta@impresse.us
77947757,deadAbandoned,MEMPHIS ADVANTAGE WOOD FIRE PELLET GRILL,"Dec. 09, 2010",Hearthland Products LLC,,kathleenr@dalsinind.com
77947733,deadAbandoned,TANSTAAFA,"Nov. 15, 2010",TELEMEDIA MARKETING & DESIGN INC.,,stunyc@gmail.com
77947710,REQUEST_FAILED,,,,,
77948011,deadAbandoned,STUDIO1923,"Dec. 07, 2010","Studio1923, LLC",,jerome@studio1923.com
77948169,deadAbandoned,POSITIVE REFLECTIONS GEAR,"Dec. 08, 2010",Positive Reflections Gear,,xsimone6i@gmail.com
77947911,deadAbandoned,I-DISPLAY,"Dec. 09, 2010",Outform Limited,,ariel.h@outform.com
77948395,deadAbandoned,FAT BOY MAFIA,"Dec. 07, 2010","Davis, Christopher A.",,fatboymafia@cfl.rr.com
77948362,REQUEST_FAILED,,,,,
77948409,deadAbandoned,GOLDEN GATE GRAPEVINE,"Dec. 07, 2010",AMERICAN UNION INVESTMENT CO. INC.,,american.union@yahoo.com
77948492,deadAbandoned,ROCHDALE INVESTMENT MANAGEMENT,"Dec. 11, 2010",Rochdale Investment Management LLC,,sjt@rochdale.com
77948484,deadAbandoned,FLAGIT QUALITY ACCOUNTABILITY SERVICE,"Dec. 13, 2010","Concierge Landscape Services, Inc.",,lbaggetta@impresse.us
77948508,deadAbandoned,CONCIERGE LANDSCAPE,"Dec. 13, 2010","Concierge Landscape Services, Inc.",,lbaggetta@impresse.us
77948486,REQUEST_FAILED,,,,,
77948723,deadAbandoned,NAPA VALLEY VODKA,"Dec. 08, 2010",Napa Valley Limoncello Company,,arthur@napacello.com
77948192,deadAbandoned,AUTOMODCENTER,"Dec. 14, 2010","Auto Mod Center, LLC",,info@automodcenter.com
77948763,deadAbandoned,BIGGEST & BADDEST,"Dec. 08, 2010",Erwin Mahroug,,erwin123@caiway.nl
77948884,deadAbandoned,JABBA'S TOY HUTT .COM,"Oct. 14, 2010","Breedlove, Robert",,support@jabbastoyhutt.com
77948877,REQUEST_FAILED,,,,,
77948932,deadAbandoned,KEYMETRIC,"Dec. 14, 2010","KeyMetric, Inc.",,mturta@keymetric.net
77948917,deadAbandoned,YEMA PARIS,"Dec. 10, 2010",Justin Fuisz,,justinfuisz@gmail.com
77948909,REQUEST_FAILED,,,,,
77948994,deadAbandoned,WEBSTREAM,"Dec. 14, 2010","Executive Data Systems, Inc.",,info@perfectlaw.com
77949106,deadAbandoned,WATER-TEK,"Dec. 09, 2010",GLOBAL WATER TECHNOLOGYS INC,,GORDONH@GLOBALWATERTECHNOLOGYS.COM
77949176,deadAbandoned,DKDC,"Dec. 29, 2010","Golembiowski, Michael E",,mike@foxski.com
77948948,deadAbandoned,None,"Dec. 08, 2010","YANTAI CHANGYU GLASS CO., LTD",,la03@netvigator.com
77949070,REQUEST_FAILED,,,,,
77949253,REQUEST_FAILED,,,,,
77949778,deadAbandoned,VSOP,"Dec. 05, 2010",Dynasty Visionaries,,magicmalikye@gmail.com
77949890,deadAbandoned,MEMORY COIL,"Dec. 13, 2010","Kelley,Samuel Wesley",,samkelley@me.com
77950001,REQUEST_FAILED,,,,,
77950103,deadAbandoned,CELLUCREME,"Dec. 07, 2010",Insulpatch Pty Ltd,,info@weight-lifter.com
77950145,deadAbandoned,THE BOOTY SHOP,"Dec. 10, 2010","Bocanegra, Adrianna",,hopelessdestruction@hotmail.com
77950128,REQUEST_FAILED,,,,,
77950190,deadAbandoned,BAYADA REHABILITATION,"Dec. 17, 2010","Bayada Nurses,Inc.",,nfey@bayada.com
77950126,deadAbandoned,OCCAM,"Dec. 16, 2010",Occam Law Inc.,,tom@occamlaw.com
77950327,deadAbandoned,FDW,"Dec. 20, 2010",Renovo LLC,,
77950246,REQUEST_FAILED,,,,,
77950162,deadAbandoned,PTN,"Dec. 09, 2010",Putron Electronics Limited,,info@putron.com
77950256,deadAbandoned,JOINT EASE,"Nov. 09, 2010",EVEREST NUTRITION CORP,,bipin@everestnutrition.com
77950146,REQUEST_FAILED,,,,,
77950543,deadAbandoned,FORTERUS,"Dec. 14, 2010","Forterus, Inc.",,wade@mhmcapital.com
77950866,REQUEST_FAILED,,,,,
77950949,deadAbandoned,CONSUMER AUTOMOTIVE REPORTS,"Dec. 08, 2010",DeVoe Donna S,,ddevoe@consumerautomotivereports.com
77951184,deadAbandoned,MATCHUP.COM,"Dec. 10, 2010","Potasznik, Joel",,shutruk@gmail.com
77951153,deadAbandoned,AHUACATLAN,"Dec. 15, 2010",Diricom SA de CV,,
77951232,deadAbandoned,LOOPPING,"Dec. 08, 2010",Loop Ping LLC,,n2dy2k@aol.com
77951224,REQUEST_FAILED,,,,,
77951294,deadAbandoned,PEANUT,"Jun. 14, 2010",Primrose School Franchising Company,,bsposito@primroseschools.com
77951253,REQUEST_FAILED,,,,,
77951572,deadAbandoned,CLIQITS,"Dec. 10, 2010","Real Time Toys, LLC",,jr@realtimetoys.com
77951682,REQUEST_FAILED,,,,,
77951788,deadAbandoned,COLLEGE CONNECTED,"Dec. 14, 2010","Jobs for the Future, Inc.",,bdemerle@jff.org
77951782,deadAbandoned,BRIDGES TO CARE,"Dec. 10, 2010","Universal Health Care Group, Inc.",,skeck@univhc.com
77951603,REQUEST_FAILED,,,,,
77952185,deadAbandoned,KIRSTIE ALLEY,"Jun. 22, 2010",KIRSTIE ALLEY,,pcrawford2@gmail.com
77952269,REQUEST_FAILED,,,,,
77952359,deadAbandoned,FAMOUSE,"Dec. 13, 2010",Brendon Miskell,,bjmiskell@yahoo.com.au
77952375,deadAbandoned,PERFECT PICTURE HANGER,"Dec. 16, 2010","Jump, Kevin",,
77952530,deadAbandoned,MYBOOKNANNY,"Dec. 10, 2010","MYBOOKNANNY, LLC",,myahiro@msn.com
77952524,REQUEST_FAILED,,,,,
77952713,deadAbandoned,ARE YOU APP TO IT,"Dec. 16, 2010",SBSH Mobile Software,,amit@sbsh.net
77952754,deadAbandoned,CANDY CHARM,"Dec. 13, 2010",Parry Lyndon David,,lyndonparry@tiscali.co.uk
77952682,deadAbandoned,CLEANSE-FREE,"Dec. 15, 2010",Chemrus Inc.,,jianjian.cai@chemrus.com
77952805,deadAbandoned,DX,"Dec. 15, 2010",NextGen Management LLC,,
77952793,REQUEST_FAILED,,,,,
77952911,deadAbandoned,TEAM EVOLUTION OUTDOORS,"Dec. 21, 2010","Smith, Joshua L",,josh@gomobilesigns.com
77952965,deadAbandoned,SUPERTEX,"Dec. 13, 2010",AMF Support Surfaces,,dehrlich@anodynemedicaldevice.com
77953309,deadAbandoned,RESTEX,"Dec. 13, 2010",AMF Support Surfaces,,dehrlich@anodynemedicaldevice.com
77953345,deadAbandoned,ARC,"Dec. 13, 2010",Manthan Systems Inc.,,
77953455,deadAbandoned,IWIPZ,"Dec. 16, 2010",Canopy Brand Group LLC,,marc@canopybrandgroup.com
77953446,REQUEST_FAILED,,,,,
77953449,deadAbandoned,YOUR CHIEF ANALYTICS OFFICER,"Dec. 14, 2010",Manthan Systems Inc.,,
77952916,REQUEST_FAILED,,,,,
77953612,deadAbandoned,EVERLUMEN,"Dec. 10, 2010",EverLumen Inc.,,blee@everlumen.com
77953466,REQUEST_FAILED,,,,,
77953644,deadAbandoned,CLEAN CABEZA,"Dec. 17, 2010","Narcisse, Adrienne",,adriennenarcisse@sbcglobal.net
77953711,deadAbandoned,SHOW LIFE,"Dec. 14, 2010","Gould, Kyle & Garza, Valerie",,Valgrza@aol.com
77953717,deadAbandoned,ZENINSPIRED.COM,"Dec. 17, 2010",TCRM Enterprise Inc.,,tcrm2009@gmail.com
77953896,deadAbandoned,MORNING SICKNESS SOOTHERS,"Dec. 16, 2010","Aboff, Clifford S.",,aboff770@yahoo.com
77953791,deadAbandoned,USBGF,"Nov. 19, 2010","Covlin, Roderick",,covlin@gmail.com
77954082,deadAbandoned,JAPANNA,"Dec. 16, 2010",Joanna Leung,,yogagirl7@live.com
77953633,REQUEST_FAILED,,,,,
77954274,deadAbandoned,CLOUDCENTER,"Dec. 17, 2010",CloudCenter LLC,,bart.lorang@cloudcenterllc.com
77954370,REQUEST_FAILED,,,,,
77954503,deadAbandoned,EPIC SURFACES,"Dec. 12, 2010","Epic Surfaces, LLC.",,ricardobr111@me.com
77954549,deadAbandoned,PARTY AT HOME,"Dec. 17, 2010",Cody B Summers,,codys@highsocietyspirits.com
77954552,deadAbandoned,EPIC SURFACES,"Dec. 12, 2010","Epic Surfaces, LLC.",,ricardobr111@me.com
77954209,deadAbandoned,NATURAL. COMFORTABLE. ETHICAL.,"Dec. 21, 2010","Berner, Kyle R",,kyle.berner@gmail.com
77954783,deadAbandoned,PRESSELITE,"Dec. 14, 2010",Presselite,,michel.morcos@presselite.com
77954820,deadAbandoned,ARA SAFETY PRO,"Dec. 19, 2010",Ara Safety (US) Inc.,,bjenabi@arasafety.com
77954839,deadAbandoned,CONDENSED AEROSOL TECHNOLOGY,"Dec. 19, 2010",Ara Safety (US) Inc.,,bjenabi@arasafety.com
77954853,deadAbandoned,SUPPWORLD,"Dec. 20, 2010","Aghajanian, Edith",,edeetkar@hotmail.com
77954804,REQUEST_FAILED,,,,,
77954430,REQUEST_FAILED,,,,,
77955017,deadAbandoned,IDIAPER,"Dec. 17, 2010",RWW International Inc.,,admin@idiaper.com
77954956,REQUEST_FAILED,,,,,
77955019,REQUEST_FAILED,,,,,
77955224,deadAbandoned,LIP PRESENCE,"Dec. 16, 2010","DGL Consumer Products, Inc.",,tsmith@dglproducts.com
77955197,deadAbandoned,GIIK,"Dec. 22, 2010",SARL GIIK,,matthieu.aubry@gmail.com
77955107,deadAbandoned,FACEJOY,"Dec. 15, 2010","Dellapina, Joy",,joydellapina@facejoy.net
77955518,deadAbandoned,PULSE-JET,"Dec. 21, 2010",APEL INTERNATIONAL INC.,,susan@apelfilters.com
77955543,deadAbandoned,AEROTHOR,"Dec. 17, 2010","Ensystex, Inc.",,ray@ensystex.com
77955900,deadAbandoned,ARA CONDENSED AEROSOL TECHNOLOGY,"Dec. 19, 2010",Ara Safety (US) Inc.,,bjenabi@arasafety.com
77955815,REQUEST_FAILED,,,,,
77955957,deadAbandoned,AQUAFREEDOM,"Jun. 18, 2010",Frank Ottaviani,,
77955995,deadAbandoned,LIQUIDENT,"Dec. 15, 2010",Frank Ottaviani,,
77956077,deadAbandoned,CHRISSY MAC'S,"Nov. 04, 2010",MCCARTH PATRICK,,
77956123,deadAbandoned,THIRTEEN,"Dec. 16, 2010",Pink Spike Pty Limited,,george@pinkspike.com.au
77956145,deadAbandoned,ALL IN THE STARS,"Dec. 16, 2010",Ainsworth Game Technology Limited,,tom.davidson@ainsworth.com.au
77956216,deadAbandoned,FIREBREAK,"Dec. 16, 2010","Odojo, Inc.",,mike@odojo.com
77956220,deadAbandoned,ODOJO,"Dec. 17, 2010","Odojo, Inc.",,mike@odojo.com
77956174,REQUEST_FAILED,,,,,
77956075,deadAbandoned,FLY NIGGA COMPANY,"Dec. 15, 2010","Coker,Patrick Shoyemi",,shotimeshoyemi@yahoo.com
77956583,deadAbandoned,ASPEN MILLS NATURE'S WHOLE GRAIN BAKERY,"Dec. 15, 2010",Jeffery R. Whiting,,jeffwhiting.aspenmills@gmail.com
77956872,deadAbandoned,PANICPOP,"Dec. 16, 2010","Milko, Dusan",,panicpop@gmail.com
77956889,deadAbandoned,PALM BEACH CRUISE LINE,"Dec. 16, 2010","SMC Shoreside Management Consulting, LLC",,vanize@sebben.com
77957193,deadAbandoned,JOBTRAKR,"Dec. 21, 2010","Success For Tomorrow, Inc.",,youngsean3@yahoo.com
77957096,REQUEST_FAILED,,,,,
77957192,deadAbandoned,ROLLYSON JIU-JITSU CARLSON GRACIE TEAM,"Dec. 22, 2010",world trading group inc,,championsinc@live.com
77957215,deadAbandoned,NEW MONEY INCORPORATED,"Dec. 21, 2010",Quong Man Hong,,qmhenter@yahoo.com
77957217,deadAbandoned,AXIS,"Dec. 15, 2010","BEST CHOICE INTERNATIONAL TRADE CO., LTD.",,zhanghonglu@inipa.com
77956813,REQUEST_FAILED,,,,,
77957393,REQUEST_FAILED,,,,,
77957370,REQUEST_FAILED,,,,,
77957615,REQUEST_FAILED,,,,,
77957754,deadAbandoned,SUPPLYMAX,"Dec. 16, 2010","SupplyMax, LLC",,ipd@supplymax.com
77957778,deadAbandoned,PAYPLACE,"Nov. 05, 2010",American Express Marketing & Development Corp.,,
77957918,deadAbandoned,MUSIC HEROES,"Dec. 30, 2010",SOULTRONICS,,sxkhan@gmail.com
77957932,deadAbandoned,LIPOZOLVE,"Dec. 16, 2010","JP Innovative Marketing, Inc.",,jpimarketinginc@hotmail.com
77958214,deadAbandoned,FURNACE,"Dec. 16, 2010",Furnace,,dennisbellew@gmail.com
77958154,deadAbandoned,STIX,"Dec. 16, 2010","Frey, Gary E.",,ron@suplay.com
77957825,REQUEST_FAILED,,,,,
77958383,deadAbandoned,SUGARLAND CHATEAU,"Dec. 20, 2010",Luxury Collections Group,,aly.jaffer@rodeodriveresale.com
77958405,REQUEST_FAILED,,,,,
77958317,deadAbandoned,TEAMGEAR,"Dec. 23, 2010",MVP Gear LLC,,lnarciso@teamgearus.com
77958344,deadAbandoned,TAYHO,"Dec. 20, 2010",Michael J. Corrington,,mikecorrington@hotmail.com
77958428,deadAbandoned,HAWAII AUTO LOANS,"Dec. 21, 2010","Leong,Vincent MK",,vince@hawaiiautoloans.com
77958476,deadAbandoned,THE SUPER HEALTHY CANDY BAR,"Dec. 20, 2010",Megaburn International LLC,,chrismahieu@megaburn.biz
77958399,REQUEST_FAILED,,,,,
77958407,REQUEST_FAILED,,,,,
77958592,deadAbandoned,DARK PARABLES,"Dec. 21, 2010","Blue Tea Games, Inc.",,blueteagames@gmail.com
77958816,deadAbandoned,BATTLE OF THE CLANS,"Dec. 28, 2010",Whitteridge Edward John,,Johnnywhitteridge@gmail.com
77958858,deadAbandoned,SMART SPRINKLER REBATE PROGRAM,"Dec. 13, 2010","Concierge Landscape Services, Inc.",,lbaggetta@impresse.us
77958569,REQUEST_FAILED,,,,,
77958864,deadAbandoned,SSL DESKTOP,"Dec. 23, 2010",Wizable Inc,,wizable.us.c@wizable.com
77958897,REQUEST_FAILED,,,,,
77958909,deadAbandoned,TALENTPASS,"Dec. 20, 2010","TalentPass, LLC",,Kim@TalentPass.com
77958622,REQUEST_FAILED,,,,,
77959038,deadAbandoned,INFRARED WITH A FLAME,"Dec. 20, 2010","Curtis, Johnny R",,johnny.curtis@deltakmfg.com
77958988,deadAbandoned,JUST FOR OUR KIDS,"Dec. 20, 2010",David Greaves,,datg2001@hotmail.com
77959128,deadAbandoned,UNITY BRACELETS,"Dec. 17, 2010",KING KENNETH,,MILLIONAIRESCLUB7777@YAHOO.COM
77959133,REQUEST_FAILED,,,,,
77959191,deadAbandoned,PIXSAVERS!,"Dec. 22, 2010","Lehman, Steve A.",,seaview20@aol.com
77959294,deadAbandoned,SMARTGRIP,"Dec. 20, 2010",CLOR Group LLC,,info@clorgroup.com
77959430,REQUEST_FAILED,,,,,
77959537,deadAbandoned,None,"Dec. 17, 2010","Silvano Apparel, Inc.",,fhaynes01@yahoo.com
77959534,REQUEST_FAILED,,,,,
77959557,deadAbandoned,LIGHT OVATION,"Dec. 22, 2010","Aerotek Design Labs, LLC",,kein@aeroteklabs.com
77959181,REQUEST_FAILED,,,,,
77959568,REQUEST_FAILED,,,,,
77959597,deadAbandoned,PHOBIA,"Dec. 28, 2010",Dyslexic Lab LLC,,samuelpaik@gmail.com
77959553,REQUEST_FAILED,,,,,
77959590,deadAbandoned,GENETICALLY TAILORED TECHNOLOGY,"Dec. 21, 2010",Existence Genetics,,info@existencegenetics.com
77959599,REQUEST_FAILED,,,,,
77959758,deadAbandoned,DANCEMOVERULE,"Dec. 20, 2010","Kramer, Paulus Johannes Wilhelmus",,pauluskramer@gmail.com
77959503,REQUEST_FAILED,,,,,
77960111,deadAbandoned,VITENERGY,"Dec. 22, 2010","Edo Pharma, LLC",,cwoghiren@edopharma.com
77960139,deadAbandoned,AR+GARDEN,"Dec. 22, 2010",ALON BENISHAI,,info@artandcook.com
77959984,REQUEST_FAILED,,,,,
77959589,REQUEST_FAILED,,,,,
77960449,REQUEST_FAILED,,,,,
77960580,deadAbandoned,PTF PROFESSIONAL TOUCH FITNESS,"Dec. 25, 2010","Griffin III, Nathaniel",,
77960606,deadAbandoned,"NEW URBAN RESEARCH, INC.","Dec. 18, 2010","New Urban Research, Inc.",,gclemmer@urban-research.info
77960618,deadAbandoned,GIS WORKSHOP,"Dec. 18, 2010","New Urban Research, Inc.",,gclemmer@urban-research.info
77960359,deadAbandoned,MIAMI ORIGINAL,"Dec. 19, 2010","Estevez, Janet",,janetestevez2000@yahoo.com
77960633,deadAbandoned,GUFES,"Dec. 21, 2010","Vettanna, LLC",,
77960356,REQUEST_FAILED,,,,,
77960660,deadAbandoned,OP ENERGY,"Dec. 21, 2010",Denise Martino,,ddm11@aol.com
77960644,REQUEST_FAILED,,,,,
77960715,deadAbandoned,PUREFAX,"Dec. 29, 2010",PureFax LLC,,JPMarino99@gmail.com
77960850,REQUEST_FAILED,,,,,
77960883,REQUEST_FAILED,,,,,
77961258,deadAbandoned,DFX,"Dec. 21, 2010",INTENSIVE INDUSTRIA TEXTIL LTDA ME,,mail2fq@aol.com
77960966,REQUEST_FAILED,,,,,
77961385,deadAbandoned,THE POWER OF POSITIVE PEOPLE,"Dec. 21, 2010",People's United Bank,,
77961364,deadAbandoned,CANNABIS FESTIVAL GUIDE,"Dec. 27, 2010","Stack, Brett R.",,stackfamily@gmail.com
77961439,deadAbandoned,SOLO SPEED SHOP,"Dec. 27, 2010","Hot Rods Plus, Inc.",,mav@yummtv.com
77961360,deadAbandoned,"FAST, RELIABLE PATIENT PAYMENTS","Dec. 27, 2010","Zepherella, Inc.",,tom.furr@zepherella.com
77961432,REQUEST_FAILED,,,,,
77961507,deadAbandoned,GREEN HOTEL AND RESORT ASSOCIATION,"Dec. 23, 2010","Green Hotel and Resort Association, Inc.",,bill@greenhotelassociation.org
77961533,deadAbandoned,INNERSEA DISCOVERIES INDULGE YOUR ADVENTUROUS SIDE,"Dec. 27, 2010",InnerSea Discoveries LLC,,ericg@americansafaricruises.com
77961570,deadAbandoned,STANDARD WATER FILTERED. THEN BOILED,"Dec. 19, 2010",STANDARD WATER,,INFO@SWFTB.COM
77961442,REQUEST_FAILED,,,,,
77961777,REQUEST_FAILED,,,,,
77961997,deadAbandoned,COEXIST BY CANNON,"Oct. 12, 2010",Official Pillowtex LLC,,atarshis@iconixbrand.com
77961952,deadAbandoned,OLDCACTUS,"Dec. 21, 2010",GUTZWILLER JACKY,,contact@horsemans-store.com
77962004,deadAbandoned,COEXIST BY CANNON,"Oct. 12, 2010",Official Pillowtex LLC,,atarshis@iconixbrand.com
77961535,REQUEST_FAILED,,,,,
77961870,REQUEST_FAILED,,,,,
77962085,deadAbandoned,VERO,"Dec. 22, 2010",Vero Water,,jkunis@verowater.com
77962042,deadAbandoned,FIREPLAYER,"Dec. 21, 2010",Bounce Mobile Ltd,,martin@bouncemobile.net
77962117,deadAbandoned,COEXIST BY CANNON,"Oct. 12, 2010",Official Pillowtex LLC,,atarshis@iconixbrand.com
77962212,deadAbandoned,FRADI DULCES,"Dec. 23, 2010",Fabrica de Dulces Fradi SA DE CV,,pablogras@globalmexgroup.com
77962237,deadAbandoned,ACTION HEATING & AIR QUALITY THROUGH INTEGRITY,"Dec. 29, 2010","Hovland, Jay A.",,infor@action-heating.com
77962282,deadAbandoned,JESSE JAMES DRINK MIXERS,"Dec. 21, 2010","Gunn, Steve, D.",,sgunn4@austin.rr.com
77962520,deadAbandoned,FLATIRON KITCHEN NEW AMERICAN CATERING,"Dec. 22, 2010","Flatiron Kitchen, LLC",,jordan@flatironkitchen.com
77962161,deadAbandoned,BRAVO DENTAL,"Dec. 21, 2010","ARivera, LLC",,antonioriveradds@gmail.com
77962526,deadAbandoned,FLATIRON KITCHEN,"Dec. 22, 2010","Flatiron Kitchen, LLC",,jordan@flatironkitchen.com
77962610,REQUEST_FAILED,,,,,
77962018,REQUEST_FAILED,,,,,
77962626,deadAbandoned,QAHWA,"Dec. 27, 2010","Polakam, Shilpa",,polakam@ymail.com
77962080,REQUEST_FAILED,,,,,
77962727,deadAbandoned,MARINA GOURMET,"Dec. 21, 2010",Afinn Alimentos y Servicios S.A. de C.V.,,paty_carranza@hotmail.com
77962750,deadAbandoned,NUTRITION FOR HEALTHY HAIR,"Dec. 28, 2010","Ritchie, Ann Marie",,peter@sevastyle.com
77962804,REQUEST_FAILED,,,,,
77962884,REQUEST_FAILED,,,,,
77963156,REQUEST_FAILED,,,,,
77963224,deadAbandoned,COOPERSTOWN WORLD SERIES,"Dec. 28, 2010",Abner Doubleday LLC,,mpatton@mycasv.com
77963211,REQUEST_FAILED,,,,,
77963451,REQUEST_FAILED,,,,,
77963539,deadAbandoned,PAKIL AWAL,"Dec. 22, 2010","DET PON, S.A.",,patricia.chacon@detpon.com
77963318,REQUEST_FAILED,,,,,
77963893,deadAbandoned,DESSERT VITES,"Mar. 25, 2010","Northwest Natural Products, Inc.",,
77963833,REQUEST_FAILED,,,,,
77963454,REQUEST_FAILED,,,,,
77964003,deadAbandoned,ISTAK ARPANOOSH - NON ALCOHOLIC MALT BEVERAGE WWW.ISTAK.COM,"Dec. 23, 2010",Tony Hossein Jalili,,hjalili@yahoo.com
77964139,REQUEST_FAILED,,,,,
77964186,deadAbandoned,IMMUPATCH,"Dec. 28, 2010","Jason Kerr, Lucia & Sienna-Rose Neely",,info@weight-lifter.com
77964229,deadAbandoned,CUDDLY PILLOW & PETS,"May 03, 2010",SVG Global Inc.,,info@svgglobal.com
77964292,deadAbandoned,CLARITY,"Dec. 16, 2010","Odojo, Inc.",,mike@odojo.com
77964356,deadAbandoned,CELLULAR ENERGY TECHNOLOGY,"Dec. 23, 2010",Reign Global LLC,,jodiandros@gmail.com
77964398,deadAbandoned,SITELY WEBSITES FOR BUSINESS,"Dec. 23, 2010",Future House Pty Ltd,,elmar.platzer@sitely.com.au
77964358,deadAbandoned,TNT ALL STARS,"Dec. 28, 2010","Sabrina Bryan, Inc.",,allstardancetnt@gmail.com
77964320,REQUEST_FAILED,,,,,
77964387,REQUEST_FAILED,,,,,
77964531,REQUEST_FAILED,,,,,
77964579,deadAbandoned,JUMP DESKTOP,"Dec. 23, 2010",Phase Five Systems LLC,,admin@p5sys.com
77964985,deadAbandoned,MOLLY,"Jun. 14, 2010",Primrose School Franchising Company,,bporter@primroseschools.com
77964983,deadAbandoned,THE RED LETTER CLUB,"Dec. 28, 2010","Doran, Porter D M",,porterdmdoran@gmail.com
77965065,REQUEST_FAILED,,,,,
77965243,deadAbandoned,TREMORSENSOR,"Dec. 23, 2010",Touch Diagnostics LLC,,brent@gutekunst.com
77965354,deadAbandoned,REDZILLA,"Dec. 27, 2010",DotNext Inc.,,Kiersten@dotnextinc.com
77965254,REQUEST_FAILED,,,,,
77965372,REQUEST_FAILED,,,,,
77965522,deadAbandoned,CHIAPAS,"Dec. 28, 2010",Pearl's Food Products LLC,,info@pearlsfood.com
77965454,deadAbandoned,SOLAR ENERGY INVESTMENT TRUST,"Dec. 26, 2010","Skybridge Solar, LLC",,pauldcarey@gmail.com
77965537,REQUEST_FAILED,,,,,
77965574,deadAbandoned,HORSE GAGA,"Jul. 16, 2010",Ubisoft Entertainment,,
77965550,REQUEST_FAILED,,,,,
77965593,REQUEST_FAILED,,,,,
77965696,deadAbandoned,JOECAPERS,"Dec. 24, 2010",Joseph Henry Capers,,josephcapers@gmail.com
77965633,deadAbandoned,GRAPHICALLY ENHANCED TECHNOLOGY,"Dec. 29, 2010",Digitat Concepts,,richard@digitatconcepts.com
77965845,deadAbandoned,PUSH-IN,"Dec. 27, 2010",Robichaud Andre M.,,mraund1115@yahoo.com
77965932,deadAbandoned,KARTWHEEL KIDS,"Dec. 27, 2010","The Share Group, Inc.",,kirby.nash@thesharegroupinc.com
77965963,REQUEST_FAILED,,,,,
77965975,REQUEST_FAILED,,,,,
77966088,REQUEST_FAILED,,,,,
77966145,REQUEST_FAILED,,,,,
77966173,REQUEST_FAILED,,,,,
77966176,REQUEST_FAILED,,,,,
77966074,REQUEST_FAILED,,,,,
77966367,REQUEST_FAILED,,,,,
77966511,REQUEST_FAILED,,,,,
77966614,REQUEST_FAILED,,,,,
77966608,REQUEST_FAILED,,,,,
77966709,deadAbandoned,UNPACKING R US,"Jun. 21, 2010",Kaliin Troy-Watson,,ktroy125@yahoo.com
77966706,REQUEST_FAILED,,,,,
77966803,deadAbandoned,"SCLOVES ""SCIENTIFICALLY PROVEN TO PREVENT GLOVE LOSS""","Dec. 30, 2010","Hulme, Douglas P",,second.chance@ukonline.co.uk
77967100,deadAbandoned,NATIONALBID.COM,"Dec. 31, 2010","National Bid, Inc.",,ebone@national-auction.com
77967231,deadAbandoned,LAW OFFICE TECHNOLOGY DIGEST,"Dec. 14, 2010","Executive Data Systems, Inc.",,info@perfectlaw.com
77967263,deadAbandoned,SILVER VINE,"Dec. 07, 2010","Loew, Valerie M.",,stigmaandstyle@gmail.com
77967342,deadAbandoned,LA ALTEÑA,"Dec. 28, 2010",JUAN CARLOS BARAJAS PLASCENCIA,,juanwestfall@yahoo.com
77967699,deadAbandoned,TINY HINEY,"Dec. 29, 2010","McDougald, Zhipi",,mszbilu@aol.com
77966998,REQUEST_FAILED,,,,,
77967889,REQUEST_FAILED,,,,,
77967972,deadAbandoned,ALASKA MIST,"Dec. 26, 2010","Zucchero, Vincent W.",,onemark-exec@att.net
77967707,REQUEST_FAILED,,,,,
77968363,deadAbandoned,SUNBRIGHT,"Dec. 28, 2010",Augen Electronics Corp.,,
77968536,REQUEST_FAILED,,,,,
77968630,deadAbandoned,RELOAD FOCUSED ENERGY,"Dec. 28, 2010",Jodi Andros,,jodiandros@gmail.com
77968535,deadAbandoned,RD RITTENHOUSE DRIVE,"Dec. 31, 2010","Rittenhouse, Norman P",,Peleflower@gmail.com
77968946,deadAbandoned,XOOML,"Dec. 30, 2010","Jones, William P.",,williampauljones@gmail.com
77969236,deadAbandoned,VAULT,"Dec. 28, 2010",Carter Limited,,john@carterbrands.com
77969153,REQUEST_FAILED,,,,,
77969339,deadAbandoned,AVENTURA,"Dec. 28, 2010","Mausbach, Jeffrey L.",,jmausbach@manosnegras.com.ar
77969102,deadAbandoned,X3PO DIGITAL SIGNAGE,"Dec. 06, 2010","X3 Digital Media, Inc",,jlubsen@yahoo.com
77969807,deadAbandoned,GREEN CARPETCLEAN,"May 12, 2010",Alpha Pest Control Incorporated,,KAROLE.CONVERY@ALPHAECOLOGICAL.COM
77969829,deadAbandoned,TAGEEK,"Apr. 16, 2010","Sinha, Jaya",,Jaya0524@Gmail.com
77969944,deadAbandoned,MOM PI,"Dec. 31, 2010",GREEN MARY V,,GREENDESIGNUSA@YAHOO.COM
77969577,deadAbandoned,THE GLOBAL FLIP-FLOP RECYCLING COMPANY,"Dec. 21, 2010","Berner, Kyle R",,kyle.berner@gmail.com
77969661,REQUEST_FAILED,,,,,
77970141,deadAbandoned,None,"Dec. 29, 2010",YH FOREVER IN,,INFO@LAWHOLESALEHANDBAG.COM
77970170,deadAbandoned,AMISH HARVEST,"Dec. 25, 2010","Doolittle, M. Suzanne",,doolittlefamily@gmail.com
77975492,deadAbandoned,MEDSHOW,"Apr. 12, 2010",2 Under Entertainment,,
77976100,deadAbandoned,BABY DELI,"Apr. 12, 2010","Arelle De Peeters, Vanessa",,vanessa@mummydeli.com
77976387,deadAbandoned,TRION,"Jul. 05, 2010","TRION WORLDS (ABC), LLC",,
77977714,deadAbandoned,None,"Mar. 09, 2010",J. Pouw Beheer B.V.,,john@DaVinciRose.com
77977965,deadAbandoned,VISTA,"Aug. 23, 2010","Centrum Equities XV, LLC",,docketing@pelaw.net
77977578,REQUEST_FAILED,,,,,
77978473,deadAbandoned,EJIDOS BRANDS,"Jun. 25, 2010",CA West LLC,,
77977670,REQUEST_FAILED,,,,,
78000514,deadAbandoned,BOO BOO PATCH,"May 03, 2010","Pilarcik, Frank",,
78022920,deadAbandoned,@ LAW,"Oct. 07, 2010","Daniel M. Yannes, Inc.",,
77979006,REQUEST_FAILED,,,,,
78004925,deadAbandoned,X-PIPE,"Jul. 04, 2010","Campbell, Monty Allen",,
78070275,deadAbandoned,ECLIPSE FOOTWEAR,"Apr. 02, 2010",A G S of Hanover Incorporated,,
78038523,REQUEST_FAILED,,,,,
77979567,REQUEST_FAILED,,,,,
78122193,deadAbandoned,WITHOUT FEAR,"Sep. 17, 2010",Wired Media LLC,,flashyvoter@yahoo.com
78096105,REQUEST_FAILED,,,,,
78217340,deadAbandoned,XSTREAM,"Dec. 09, 2010",First 4 Internet Ltd,,delyth.seymour@first4internet.co.uk
78228946,REQUEST_FAILED,,,,,
78247305,REQUEST_FAILED,,,,,
78284549,deadAbandoned,IMAGEGUIDE,"Mar. 01, 2010","ImageGuide, Inc.",,
78203288,REQUEST_FAILED,,,,,
78320588,deadAbandoned,THE ICG ESTATE BUILDING PROCESS,"Feb. 07, 2010",ICG FINANCIAL LLC,,
78320586,deadAbandoned,ICG INVESTMENT CONSULTING GROUP,"Feb. 06, 2010",ICG FINANCIAL LLC,,
78284547,deadAbandoned,IMAGEGUIDE,"Mar. 01, 2010","ImageGuide, Inc.",,
78328118,REQUEST_FAILED,,,,,
78363585,deadAbandoned,14 KARAT PLATINUM COLLECTION,"Oct. 11, 2010","Karat Platinum, LLC",,
78388143,REQUEST_FAILED,,,,,
78333319,deadAbandoned,ICG INSURANCE MARKETING,"Feb. 07, 2010",ICG FINANCIAL LLC,,
78418874,deadAbandoned,SYSTERA,"Jan. 12, 2010","EnergyCraft Systems, Inc.",,paul.britain@energycraft.com
78406795,REQUEST_FAILED,,,,,
78422409,REQUEST_FAILED,,,,,
78403552,deadAbandoned,DERMACARE,"Oct. 28, 2010",DLC DERMACARE LLC,,
78436222,REQUEST_FAILED,,,,,
78441757,deadAbandoned,SUNNYFRUIT FARMS,"Aug. 16, 2010","VISIONWORKS, L.L.C.",,
78441770,deadAbandoned,SUNNYFRUIT FARMS,"Aug. 16, 2010","VISIONWORKS, L.L.C.",,
78441773,deadAbandoned,SUNNYFRUIT FARMS,"Aug. 16, 2010","VISIONWORKS, L.L.C.",,
78456140,deadAbandoned,None,"Jul. 15, 2010","Comfort-N-Mobility, Inc.",,
78478589,REQUEST_FAILED,,,,,
78503104,deadAbandoned,MY COMPUTER BOX,"Jan. 04, 2010","Bolanos, Michael",,musicomcorp@aol.com
78483986,REQUEST_FAILED,,,,,
78510428,deadAbandoned,SOFTOUCH COLLECTION,"Jun. 27, 2010",Koni Corporation,,philip@konicorp.com
78518746,deadAbandoned,OUTBACK AUTOLAUNCHER,"Sep. 27, 2010",Accounting & Legal Dynamics Pty Ltd,,jennyl@comshelf.com.au
78480550,deadAbandoned,CAPTAIN CASH,"Apr. 26, 2010",Imagination Holdings Pty Ltd.,,sarah.wishart@imagination.com.au
78518037,REQUEST_FAILED,,,,,
78525222,deadAbandoned,DATA PRISM,"Mar. 08, 2010","Mullendore, Robert G.",,
78525225,deadAbandoned,SYSTEMATICA,"Mar. 08, 2010","Mullendore, Robert G.",,
78525228,deadAbandoned,PATHFINDER,"Mar. 08, 2010","Mullendore, Robert G.",,
78525245,deadAbandoned,PATHFINDER,"Mar. 01, 2010",Robert G. Mullendore,,
78528183,deadAbandoned,RASPUTIN,"May 18, 2010",Gabuchian Varujan,,rasputinmail@yahoo.com
78525232,deadAbandoned,BEEF-WISE,"Apr. 12, 2010","Mullendore, Robert G.",,
78536045,deadAbandoned,VERANDA,"May 06, 2010","Homer TLC, Inc.",,trade_marks@homedepot.com
78531871,REQUEST_FAILED,,,,,
78544370,deadAbandoned,C.O. BIGELOW'S BEST KEPT SECRETS,"Oct. 18, 2010","Bigelow Merchandising, LLC",,
78536447,REQUEST_FAILED,,,,,
78545948,deadAbandoned,BAREBACK,"Feb. 18, 2010",WINE WORLD AUSTRALIA PTY LTD,,headoffice@wineworld.com.au
78547324,deadAbandoned,ESTROBOLIC,"Mar. 15, 2010","America's Nutrition Works, Inc.",,
78539741,REQUEST_FAILED,,,,,
78548086,deadAbandoned,RED,"Sep. 20, 2010",IP Holdings Unltd LLC,,atarshis@iconixbrand.com
78552961,deadAbandoned,PINNACLE,"Sep. 30, 2010",PINNACLE PUBLICATIONS,,
78556543,REQUEST_FAILED,,,,,
78545970,deadAbandoned,BAREBACK,"Feb. 18, 2010",WINE WORLD AUSTRALIA PTY LTD,,headoffice@wineworld.com.au
78562449,deadAbandoned,THE SPY LOUNGE,"May 17, 2010","SOFI Investment and Mangaement, LLC",,
78570321,deadAbandoned,FROLIC FOREST,"May 03, 2010",STELOR PRODUCTIONS LLC,,
78572592,deadAbandoned,XPRESSPREP,"Oct. 18, 2010",Prosoft Learning Corporation,,
78566288,REQUEST_FAILED,,,,,
78561523,deadAbandoned,NU.,"Feb. 01, 2010","Diane Numa Designs, LLC",,diane_numa@yahoo.com
78571397,REQUEST_FAILED,,,,,
78587103,deadAbandoned,X NETALTER,"Aug. 22, 2010",NETALTER SOFTWARE LIMITED,,
78593908,deadAbandoned,CRYSTAL ACOUSTICS,"May 04, 2010",CRYSTAL AUDIOVIDEO LTD,,info@crystalaudiovideo.com
78605571,deadAbandoned,FOAMIX WHITE,"Jan. 05, 2010",Foamix Ltd.,,dov@foamix.co.il
78604115,deadAbandoned,IMPRESSIONS BY DESIGN,"Jan. 18, 2010","Impressions By Design Interiors, LLC",,
78612734,deadAbandoned,!EXPRESS! FLOWERS,"Aug. 19, 2010","Nichols, Robert",,info@franchiseinc.com
78614052,deadAbandoned,STAR 1,"Nov. 08, 2010","Siegler, Craig M.",,
78614105,deadAbandoned,STAR ONE,"Nov. 08, 2010","Siegler, Craig M.",,
78595738,deadAbandoned,IT'S ALL ABOUT HAVING A KINGPIN,"May 24, 2010","Phelan, Christopher, J.",,Kingpinboxercompany@hotmail.com
78620095,deadAbandoned,TOTAL CAMPUS MANAGEMENT,"Sep. 08, 2010","Jenzabar, Inc.",,jamison.barr@jenzabar.net
78624213,deadAbandoned,MK CELLECTRONIC,"May 19, 2010",Marie Katelle Inc.,,
78615003,deadAbandoned,OL ONE LOVE,"Aug. 27, 2010","Goldstein, Fred E.",,
78627158,deadAbandoned,BIO-DENT,"Apr. 06, 2010","Bio-Dent, Inc.",,
78624507,deadAbandoned,LMFAO,"Feb. 12, 2010","Unique Product Designs, Inc.",,idopromos@aol.com
78613344,deadAbandoned,THE GAY CARD,"May 17, 2010","Kemp, Richard A.",,rickkempsf@yahoo.com
78624551,deadAbandoned,SUP?,"Jan. 13, 2010","Unique Product Designs, Inc.",,idopromos@aol.com
78629450,deadAbandoned,16 BARS,"Sep. 06, 2010",Geared Up Clothing LLC,,
78635568,deadAbandoned,CASH BUNCO,"Mar. 01, 2010",Imagination Holdings Pty Ltd,,hostmaster@imagination.com.au
78639948,deadAbandoned,CARNAVAL FOOD STORES,"Dec. 13, 2010","FIESTA MART, L.L.C.",,
78641074,REQUEST_FAILED,,,,,
78659974,deadAbandoned,"SUPER EYES, SUPER EYES","Jul. 15, 2010",BRANDHANDLING INTERNATIONAL LIMITED,,juditht@brandhandling.com
78662535,deadAbandoned,YOU'RE EITHER A SINKER OR A SAGGER,"Feb. 01, 2010","Bath & Body Works, Inc.",,
78669176,deadAbandoned,SHELBY GRAY,"Feb. 01, 2010","Glabman, Brian",,
78671076,deadAbandoned,X ?,"Mar. 25, 2010","Gillard, Nicholas J",,nick@all2cool.com
78674116,deadAbandoned,DVS,"Sep. 24, 2010","PCSurveillance.net, LLC",,
78675262,deadAbandoned,HOT MOM,"Jun. 11, 2010","dattilo, jessica",,
78661655,REQUEST_FAILED,,,,,
78680942,deadAbandoned,FRUITRICEUTICAL,"Apr. 09, 2010",William LaValley,,jwl@sbcglobal.net
78676089,deadAbandoned,"OK US, LLC COFFEE","Apr. 12, 2010","Rand, Arthur W.",,
78683241,deadAbandoned,WINDVD VISTA,"Apr. 22, 2010","INTERVIDEO, INC.",,
78692393,REQUEST_FAILED,,,,,
78697201,deadAbandoned,BIZCOVERY,"Mar. 29, 2010",Reed Elsevier Properties Inc.,,
78718299,deadAbandoned,DIRT MOTORSPORTS NOR'EASTER,"Oct. 25, 2010","DIRT MotorSports, Inc.",,
78699860,REQUEST_FAILED,,,,,
78718843,REQUEST_FAILED,,,,,
78725179,deadAbandoned,CUDDLEBEE,"May 11, 2010",shalla melton,,christina@cuddlebee.com
78727189,deadAbandoned,ASTACOL,"Apr. 19, 2010","INVESTIGACIONES QUIMICAS Y FARMACEUTICAS, S.A.",,psv@agansa.net
78741859,deadAbandoned,REDD EXPRESS,"Jul. 05, 2010",International Paper Company,,stephanie.haupt@ipaper.com
78739219,deadAbandoned,BREEZO,"Sep. 27, 2010","Super Warehouse, Inc.",,
78721652,REQUEST_FAILED,,,,,
78744027,deadAbandoned,BOYS VS GIRLS,"Mar. 01, 2010",Imagination Holdings Pty Ltd,,hostmaster@imagination.com.au
78739308,REQUEST_FAILED,,,,,
78747709,deadAbandoned,KWAC! SUPER POWER,"Jun. 17, 2010","KWAC! Food & Beverage, LLC",,
78747785,deadAbandoned,B4,"May 31, 2010",B FOUR,,jurk@cyclopsnyc.com
78745840,REQUEST_FAILED,,,,,
78746112,REQUEST_FAILED,,,,,
78749228,deadAbandoned,TOOL ESSENTIALS,"Jan. 21, 2010","CONSUMER SALES NETWORK, INC.",,
78750928,deadAbandoned,ENERFIBER,"Jan. 18, 2010","Lopez, Juan, A.",,jlopez@nutriva.com.mx
78750938,deadAbandoned,BIG RED AUSTRALIAN RED WINE AUSTRALIA IS HOME TO THE BIG RED KANGAROO; WAY BEFORE THE FIRST GRAPE VINE WAS PLANTED KANGAROOS HAVE MADE THE VAST OPEN PLAINS OF AUSTRALIA THEIR HOME. IN AUSTRALIA THE TERM BIG RED IS ALWAYS THOUGHT ABOUT IN TWO WAYS. ONE IS THE KANGAROO AND THE OTHER IS RED WINE. MEANING THAT THE WINE HAS A LONG FINISH ON THE PALLET AND FULL OF RICH FRUIT AND VELVETY TANNINS.,"Feb. 01, 2010",Megalo Property Holdings Pty Ltd,,mail@l-p.com.au
78749246,REQUEST_FAILED,,,,,
78750402,REQUEST_FAILED,,,,,
78754204,deadAbandoned,IRON BUFFALO,"Aug. 16, 2010","Iron Buffalo Customs, Inc.",,
78755237,REQUEST_FAILED,,,,,
78757365,deadAbandoned,CUBANITAS,"Jul. 07, 2010","DOS BONITAS, LLC",,
78767466,REQUEST_FAILED,,,,,
78767194,REQUEST_FAILED,,,,,
78773933,deadAbandoned,CONFIDANT,"Jul. 26, 2010","Friend, Jeffrey Edward",,
78779843,deadAbandoned,SLY PURE GLACIAL WATER,"Jan. 19, 2010","Glacia Nova, LLC",,
78778271,REQUEST_FAILED,,,,,
78773281,deadAbandoned,SILLY SURFERS,"Oct. 07, 2010","J. Lloyd International, Inc.",,
78780043,deadAbandoned,FLYWISE,"Feb. 01, 2010",VeryWise Nutrition Limited,,nkcrawford@aol.com
78780201,deadAbandoned,OMEGAWISE,"Feb. 01, 2010",VeryWise Nutrition Limited,,nkcrawford@aol.com
78779465,REQUEST_FAILED,,,,,
78780223,deadAbandoned,SWEETWISE,"Feb. 01, 2010",VeryWise Nutrition Limited,,nkcrawford@aol.com
78780592,deadAbandoned,TRAVELWISE,"Feb. 01, 2010",VeryWise Nutrition Limited,,nkcrawford@aol.com
78780252,deadAbandoned,TOTALLYWISE,"Feb. 01, 2010",VeryWise Nutrition Limited,,nkcrawford@aol.com
78780600,deadAbandoned,VERYWISE,"Feb. 01, 2010",VeryWise Nutrition Limited,,nkcrawford@aol.com
78780030,deadAbandoned,CHILDWISE,"Feb. 01, 2010",VeryWise Nutrition Limited,,nkcrawford@aol.com
78780590,deadAbandoned,None,"Feb. 01, 2010",VeryWise Nutrition Limited,,nkcrawford@aol.com
78781393,REQUEST_FAILED,,,,,
78781397,deadAbandoned,MINDWISE,"Feb. 01, 2010",VeryWise Nutrition Limited,,nkcrawford@aol.com
78787192,deadAbandoned,HEALTH RESOURCE MANAGEMENT,"Mar. 01, 2010","Lowson, Linda, M.",,lmlowson@optonline.net
78787951,deadAbandoned,GO BIG O,"Feb. 03, 2010","Overstock.com, Inc.",,
78780643,REQUEST_FAILED,,,,,
78787408,REQUEST_FAILED,,,,,
78790587,deadAbandoned,WEB RESOURCE MANAGEMENT,"May 24, 2010","Lowson, Linda M.",,lmlowson@optonline.net
78798518,REQUEST_FAILED,,,,,
78797657,deadAbandoned,LITTLE GURU,"Nov. 02, 2010",James R Wvinner,,
78801550,REQUEST_FAILED,,,,,
78806196,deadAbandoned,BOO,"Mar. 18, 2010",Greeting Cars LLC,,tpastre@optonline.net
78806176,deadAbandoned,CLICK 'N GO,"Mar. 15, 2010","Fashion Accessory Bazaar, LLC",,jacqueline.boyce@fabny.com
78804420,REQUEST_FAILED,,,,,
78809878,deadAbandoned,THE PROFESSIONAL WOMAN'S PLUMBER,"Aug. 02, 2010","CLOCKWORK IP, LLC",,docketing@pelaw.net
78807479,REQUEST_FAILED,,,,,
78809558,REQUEST_FAILED,,,,,
78813653,deadAbandoned,MESHUGAH,"Jan. 25, 2010",Meshugah Production Ltd.,,
78813686,deadAbandoned,MESHUGAH,"Jan. 25, 2010",Meshugah Production Ltd.,,
78813620,deadAbandoned,MESHUGAH,"Jan. 25, 2010",Meshugah Production Ltd.,,
78813700,deadAbandoned,MESHUGAH,"Jan. 25, 2010",Meshugah Production Ltd.,,
78814835,deadAbandoned,ROADRAGE,"Apr. 19, 2010","Strategic Marketing Partners, Inc",,strategicmktng@aol.com
78813545,deadAbandoned,MESHUGAH,"Feb. 22, 2010",Meshugah Production Ltd.,,
78814943,deadAbandoned,TAIXIANG,"Feb. 08, 2010","RONG CHENG TAIXIANG AQUATIC FOOD CO.,LTD.",,
78813678,deadAbandoned,MESHUGAH,"Jan. 25, 2010",Meshugah Production Ltd.,,
78813664,REQUEST_FAILED,,,,,
78811032,REQUEST_FAILED,,,,,
78820154,deadAbandoned,QUIZ NIGHT,"Feb. 15, 2010",Imagination Holdings Pty Ltd,,hostmaster@imagination.com.au
78816968,REQUEST_FAILED,,,,,
78821040,deadAbandoned,VIBE,"Jul. 29, 2010",Starworks Production Co. Ltd.,,
78821294,deadAbandoned,ESWAPIT,"Feb. 01, 2010","Paterson, Colin",,cln_ptr@yahoo.co.uk
78820602,deadAbandoned,MERONA,"May 06, 2010","NEW AGE COSMETICS, INC.",,
78821060,REQUEST_FAILED,,,,,
78825556,deadAbandoned,PHYSICALFITNET,"Oct. 13, 2010",Physical Fitnet,,sherylaza@rcn.com
78828690,deadAbandoned,HIGH HEAT BASEBALL,"Apr. 05, 2010","Ubisoft, Inc.",,
78820555,REQUEST_FAILED,,,,,
78831768,deadAbandoned,GAMESTAR,"Apr. 05, 2010",Imagination Holdings Pty Ltd,,hostmaster@imagination.com.au
78829534,deadAbandoned,NOT MADE IN CHINA STORE,"Feb. 11, 2010","Senter, Atrell",,
78832315,REQUEST_FAILED,,,,,
78837657,REQUEST_FAILED,,,,,
78835127,REQUEST_FAILED,,,,,
78842876,deadAbandoned,E-EXECUTIVE REALTY,"Oct. 31, 2010","Taylor, Larry, Scott",,
78840992,REQUEST_FAILED,,,,,
78845586,deadAbandoned,SIMPLY BEAUTIFUL. BEAUTIFULLY SIMPLE,"Feb. 22, 2010","The Formula, LLC",,
78845507,REQUEST_FAILED,,,,,
78854118,deadAbandoned,EDGE REAL ESTATE,"Jul. 07, 2010","Edge Real Estate, LLC",,
78858050,deadAbandoned,AXIAL VECTOR,"Mar. 08, 2010",Axial Vector Engine Corporation,,
78866458,deadAbandoned,RAYMAN,"Feb. 01, 2010","Ubisoft, Inc.",,
78866696,deadAbandoned,ASSASSIN'S CREED,"Mar. 08, 2010","Ubisoft, Inc.",,
78866304,REQUEST_FAILED,,,,,
78866895,deadAbandoned,BRICK OVEN COURTYARD GRILLE,"Apr. 26, 2010","Owens, Mike",,mike@brickovencourtyardgrille.com
78870708,deadAbandoned,THAT TIME OF THE MONTH,"Aug. 23, 2010",Soap & Glory Limited,,juditht@brandhandling.com
78871571,deadAbandoned,RESIDENT OF THE UNITED STATES,"Feb. 04, 2010","delisle, frank",,fbdelisle@caltel.com
78872117,deadAbandoned,WORD PRISM,"May 10, 2010","Mullendore, Robert G.",,
78875125,deadAbandoned,ORGANIC FOOD BAR,"Jan. 09, 2010","Organic Food Bar, Inc.",,
78870684,deadAbandoned,IT'S YOUR LIFE. CHOOSE WISELY.,"Jan. 25, 2010","Ivey, Anna",,anna@annaivey.com
78877556,deadAbandoned,HOP HOP,"Mar. 29, 2010","Chen, Yi",,chen_yi@msn.com
78878212,deadAbandoned,JIVE,"May 31, 2010","Riccio, Ray J",,rricc2@sbcglobal.net
78875193,REQUEST_FAILED,,,,,
78877767,deadAbandoned,VIRISORB,"Mar. 08, 2010",AMCOL International Corporation,,
78881050,deadAbandoned,SMART ASS,"Nov. 12, 2010","Jakacky, Keith",,
78880284,REQUEST_FAILED,,,,,
78887706,deadAbandoned,HIDDEN BEATS,"Apr. 19, 2010","Hidden Beach Records, L.L.C.",,
78880170,deadAbandoned,GEENUS,"Oct. 25, 2010",Smejkalova Vladislava,,vladka_smejkal@seznam.cz
78891053,deadAbandoned,RACE JOURNEYS,"Jan. 11, 2010","Roy, Eric",,
78893192,deadAbandoned,APACHE,"Jan. 09, 2010",SABRY LEE USA INC.,,tina@lozaip.com
78893251,deadAbandoned,APACHE,"Jan. 09, 2010",SABRY LEE USA INC.,,
78893174,deadAbandoned,APACHE,"Jan. 04, 2010",SABRY LEE USA INC.,,
78893266,deadAbandoned,APACHE,"Jan. 04, 2010",SABRY LEE USA INC.,,
78896829,deadAbandoned,CUPPY'S COFFEE & MORE,"Nov. 08, 2010","Cuppy's Coffee & More, Inc.",,
78895345,deadAbandoned,TAKE ME HOME,"Jul. 05, 2010",proconnexx GmbH,,lutz.kohlbecher@web.de
78890848,REQUEST_FAILED,,,,,
78905274,deadAbandoned,BUDDHA JUMPS OVER THE WALL,"Apr. 26, 2010","CHEWING VENTURE PARTNERS, LLC",,
78902943,deadAbandoned,VELOCITY,"Mar. 22, 2010","Veloci-T Beverage Co., LLC",,marvinmetti@aol.com
78899942,REQUEST_FAILED,,,,,
78906374,deadAbandoned,"DEVELOPMENT CHANGES THE ENVIRONMENT, WE HELP PROTECT IT.","Oct. 11, 2010",Sergei C. Baranoff,,sbaranoff@iegres.com
78906490,deadAbandoned,None,"Apr. 26, 2010","CHEWING VENTURE PARTNERS, LLC,",,
78909441,deadAbandoned,UNDERGROUND GARAGE MAXIMUM ROCK AND ROLL,"Aug. 17, 2010","Renegade Nation, Ltd.",,
78909463,deadAbandoned,UNDERGROUND GARAGE MAXIMUM ROCK AND ROLL,"Aug. 17, 2010","Renegade Nation, Ltd.",,
78906124,deadAbandoned,DISCO,"May 10, 2010","Osez Vous? International Spirits, LLC",,rcooper@cooperspirits.com
78909842,deadAbandoned,CLOUSEAU,"Jul. 19, 2010",SafeMedia Corp.,,
78906364,REQUEST_FAILED,,,,,
78908636,REQUEST_FAILED,,,,,
78918388,deadAbandoned,GOBBLYGOOK,"Apr. 19, 2010",Imagination Holdings Pty Ltd,,hostmaster@imagination.com.au
78918097,deadAbandoned,POLY-SPHERE,"Nov. 22, 2010",AMCOL International Corporation,,
78919501,deadAbandoned,ELEMENTAL,"Mar. 30, 2010",Minds United Limited,,info@revomark.co.uk
78922277,deadAbandoned,FLATOUT RACEWEAR,"Nov. 08, 2010",Andrew Foley,,flatoutracewear@gmail.com
78922866,REQUEST_FAILED,,,,,
78925066,deadAbandoned,SYMBIOTRONICS,"Nov. 08, 2010","WILLIAMS, M LUQMAN",,lwegram@yahoo.co.uk
78929491,deadAbandoned,ONE CLICK HOME,"Feb. 02, 2010","One Click Home, Inc.",,
78932603,deadAbandoned,NATURAL INTOXICANT,"Aug. 03, 2010","Antioch Holdings, Inc.",,
78932593,deadAbandoned,DAP,"Dec. 09, 2010","Antioch Holdings, Inc.",,
78932501,REQUEST_FAILED,,,,,
78936526,deadAbandoned,MARY & MAGGIE,"Feb. 08, 2010","LOPEZ, NORMA JEAN",,njul@comcast.net
78938549,deadAbandoned,GAMESTARS,"Jul. 04, 2010",Unimax Toys Limited,,emma@unimax.com.hk
78936587,deadAbandoned,SOCCER HEROES,"Jan. 04, 2010","Barry, Crockett",,
78936561,deadAbandoned,PLAY DATE,"Jan. 04, 2010",Imagination Holdings Pty Ltd,,hostmaster@imagination.com.au
78939199,deadAbandoned,NEW FARMHOUSE,"Feb. 01, 2010","Homer TLC, Inc.",,trade_marks@homedepot.com
78941247,REQUEST_FAILED,,,,,
78941792,deadAbandoned,None,"Jul. 05, 2010","TRION WORLDS (ABC), LLC",,
78939691,REQUEST_FAILED,,,,,
78941102,deadAbandoned,TRION,"Jul. 05, 2010","TRION WORLDS (ABC), LLC",,
78942311,deadAbandoned,DA VINCI SOLID SURFACE,"Aug. 24, 2010","Alpha & Omega Supply, Inc.",,
78945387,deadAbandoned,POD PT,"Jan. 06, 2010",Dapomi LLC,,
78946165,deadAbandoned,UNSCREEN,"Mar. 22, 2010",SOAP & GLORY LIMITED,,juditht@brandhandling.com
78946410,deadAbandoned,THE OFFICIAL HOLE IN ONE WINE,"Apr. 30, 2010","Jaure, Paul",,paul@jaurewinery.com
78945523,deadAbandoned,THE BODY MECHANIC,"Jul. 30, 2010","Perfect Fit, Inc.",,gung_woo@yahoo.com
78946942,deadAbandoned,OWL PALS,"Feb. 08, 2010","Alexa Bryson Art, LLC",,alexabryson@comcast.net
78941049,REQUEST_FAILED,,,,,
78944581,REQUEST_FAILED,,,,,
78947989,deadAbandoned,NATTRAL,"Mar. 08, 2010","Foster,Oudane D",,afya718@aol.com
78949113,deadAbandoned,PATASET,"Jul. 12, 2010","Alcon, Inc.",,tm.services@alconlabs.com
78945727,deadAbandoned,SWAPPWEAR,"Feb. 08, 2010","EREC, LLC",,utlaugh@yahoo.com
78949129,deadAbandoned,PATAXCEL,"Jul. 26, 2010","Alcon, Inc.",,tm.services@alconlabs.com
78949121,deadAbandoned,PATAVANCE,"Jul. 12, 2010","Alcon, Inc.",,tm.services@alconlabs.com
78952886,deadAbandoned,"THE RICH GET RICHER, THE POOR GET POORER","Feb. 08, 2010",Imagination Holdings Pty Ltd,,hostmaster@imagination.com.au
78954726,deadAbandoned,MOD3,"Dec. 27, 2010","Creative Hospitality Concepts, LLC",,
78952966,deadAbandoned,KREDIX,"Jan. 04, 2010","Thomas,Ken",,ken_tms@yahoo.com
78955367,deadAbandoned,MOAT MEAL,"Jan. 25, 2010","Wilk, John",,
78951521,REQUEST_FAILED,,,,,
78954814,deadAbandoned,FEARLESS YACHTS,"Mar. 05, 2010","Fearless International, Inc.",,
78955522,REQUEST_FAILED,,,,,
78959835,deadAbandoned,M-88,"Mar. 15, 2010",Bison Capital LLC,,
78959859,deadAbandoned,SOCCER MOM,"Mar. 15, 2010",Bison Capital LLC,,
78961310,deadAbandoned,LINEA D'ORO,"Jan. 26, 2010",IMXCO Sales Inc.,,worldshoecase@aol.com
78963366,deadAbandoned,BEDTIME FOR BONZO,"Jan. 04, 2010",Imagination Holdings Pty Ltd,,hostmaster@imagination.com.au
78959826,REQUEST_FAILED,,,,,
78958310,deadAbandoned,GITANES,"May 10, 2010","Osez Vous? International Spirits, LLC",,rcooper@cooperspirits.com
78966629,REQUEST_FAILED,,,,,
78967702,deadAbandoned,THE BREAKFAST CLUB,"Apr. 27, 2010","The Breakfast Club, LLC",,
78967731,deadAbandoned,J. STRONG,"May 17, 2010","Osez Vous? International Spirits, LLC",,rcooper@cooperspirits.com
78966560,deadAbandoned,H2OCTANE,"Jan. 04, 2010","Halldorsson, Birgir Vidar",,jasteinsson@gmail.com
78966839,deadAbandoned,PSYCHOTIC STATE UNIVERSITY,"Aug. 30, 2010","Screen Industry Art, Inc.",,
78973297,REQUEST_FAILED,,,,,
78967820,REQUEST_FAILED,,,,,
79031538,deadAbandoned,ROYAL UNIBREW,"Apr. 08, 2010",Royal Unibrew A/S,,
79035899,deadAbandoned,STREETLIGHT.VISION,"Nov. 30, 2010","Silver Spring Networks, Inc.",,embon@young-thompson.com
79045623,deadAbandoned,EPIC,"Jun. 10, 2010",Scandinavian Travel Innovation AB,,
79049308,deadAbandoned,ATTIVA,"Jun. 07, 2010",GOLDEN LADY COMPANY S.p.A.,,
78971277,REQUEST_FAILED,,,,,
79050258,deadAbandoned,ERGO,"Oct. 01, 2010",Invu Services Ltd,,
79051929,deadAbandoned,TUBETOWER,"Feb. 25, 2010",Neapo Oy,,
79051052,deadAbandoned,GREEN@GE,"Apr. 13, 2010",Claude BRUHIN,,
79054993,deadAbandoned,BELLE DE JOUR,"Oct. 23, 2010",KENZO S.A,,
79055231,deadAbandoned,HTV,"Apr. 14, 2010",DAI TRUYEN HINH THANH PHO HO CHI MINH (HOCHIMINH CITY TELEVISION),,
79052072,deadAbandoned,CSR L&S,"Jan. 08, 2010",Moon Light Capital Ltd.,,
79059586,deadAbandoned,DOCE LINAJES,"Apr. 27, 2010","D.O.5. HISPANOBODEGAS, S.L.",,
79060983,deadAbandoned,ZELMER,"Feb. 02, 2010","B & B TRENDS, S.L.",,jalumit@patelalumit.com
79061479,deadAbandoned,HELIFUEL,"Jan. 21, 2010",Helifuel AS,,
79061718,deadAbandoned,THE KAGE,"Feb. 01, 2010",DECATHLON,,fterranella@lawabel.com
79062214,deadAbandoned,ZELMER,"Jul. 22, 2010","B & B TRENDS, S.L.",,jalumit@patelalumit.com
79064984,deadAbandoned,CARUSO,"Apr. 27, 2010",T+A elektroakustik GmbH & Co. KG,,dsafran@rmsclaw.com
79061291,deadAbandoned,MEDIQ,"Jan. 26, 2010",Mediq B.V.,,
79037460,deadAbandoned,POLKA,"Dec. 08, 2010",BELVEDERE,,
79062721,deadAbandoned,MQL4,"Feb. 05, 2010",MetaQuotes Ltd,,
79066735,deadAbandoned,EARTH FRIENDLY,"Jun. 01, 2010",Raimund Imo,,
79065467,deadAbandoned,CABLEMOULD,"Jan. 02, 2010",Bo Fastening AB,,
79066840,deadAbandoned,BANKS,"Jul. 08, 2010",Bacardi & Company Limited,,
79066953,deadAbandoned,DETOX,"Nov. 08, 2010",Shoes Unlimited; Besloten Vennootschap,,jvdsmerkenregistratie@gmail.com
79066155,deadAbandoned,IRONSTONE,"Jul. 26, 2010",Tyreclean Australia Pty Ltd,,
79067713,deadAbandoned,ELIOFEET,"Oct. 02, 2010",DECATHLON,,
79068084,deadAbandoned,NAKED TAN,"Jul. 22, 2010",NAKED TAN TRADEMARKS PTY LTD,,
79067825,REQUEST_FAILED,,,,,
79067966,deadAbandoned,STELLARE,"Jan. 07, 2010",AURIGA S.p.A.,,
79068426,deadAbandoned,LUMINOUS,"Feb. 02, 2010",Procter & Gamble International Operations S.A.,,
79068943,deadAbandoned,None,"Jul. 01, 2010",INTERCONTINENTAL GREAT BRANDS LLC,,
79068585,deadAbandoned,GEORGIE GRACE,"Jan. 15, 2010",Caron Laboratories Pty Ltd,,
79068952,deadAbandoned,CORDAM,"May 05, 2010",Dr. Henry Martin,,
79069083,deadAbandoned,IKALIA,"Jan. 16, 2010","Rivalin, Daniel",,
79068404,deadAbandoned,ENERGY SAVING,"May 05, 2010",ZOREL TEKSTIL IMALAT PAZARLAMA; SANAYI VE TICARET LIMITED SIRKETI,,
79068975,REQUEST_FAILED,,,,,
79069478,deadAbandoned,CUBA TRAVEL NETWORK,"Feb. 02, 2010",Caribbean Travel Network N.V.,,
79069481,deadAbandoned,FRAUSCHER,"Jan. 18, 2010",Frauscher Sensortechnik GmbH,,
79069091,REQUEST_FAILED,,,,,
79066756,REQUEST_FAILED,,,,,
79069500,deadAbandoned,W,"Jan. 20, 2010",LIZU TRADING HANDELS-GMBH,,
79069498,deadAbandoned,SCEE BY TWIN-SET,"Aug. 13, 2010",TWINSET S.P.A.,,TRVIGIL22@COMCAST.NET
79069402,REQUEST_FAILED,,,,,
79069632,deadAbandoned,SAFE PAN,"Mar. 09, 2010",Safepan International Pty. Ltd.,,
79067433,deadAbandoned,HEATSTRIP,"Jan. 07, 2010",Moonich Produktkonzepte; und -realisierung GmbH,,
79069553,deadAbandoned,CHO&CO,"Jan. 22, 2010",ZOTTER HOLDING GMBH,,
79069738,deadAbandoned,CANTIENICA,"Jan. 18, 2010",Cantienica AG,,
79069830,deadAbandoned,ORGANI-ZORB,"Mar. 18, 2010",Aquatrols Europe Ltd,,
79069918,deadAbandoned,PROVENANCE PATHWAY,"Jan. 15, 2010",Beerenberg Pty. Ltd.,,
79069922,deadAbandoned,REALOGIS,"Feb. 19, 2010",SCHWEIZER KAPITAL HOLDING AG,,
79070089,deadAbandoned,A.D. BY ALESSANDRO DELL'ACQUA,"Feb. 04, 2010",Theomar Assets Ltd.,,
79070060,deadAbandoned,CIGARTEX,"Nov. 12, 2010",DOUSSINAUD Pascal,,
79070225,deadAbandoned,JAY JAY,"Feb. 04, 2010",JayJay AG,,
79070101,deadAbandoned,CAFIERO,"Feb. 23, 2010",Cafiero Srl,,
79070244,deadAbandoned,BIOXCIN,"Feb. 01, 2010",BIOTA BITKISEL ILAÇ VE KOZMETIK LABORATUARLARI A.S.,,
79070097,deadAbandoned,PLUSBOX,"Mar. 18, 2010",Bock Kältemaschinen GmbH,,
79070623,deadAbandoned,BAMFORD,"Feb. 17, 2010",Bamford Limited,,
79070726,deadAbandoned,AXIOMATICS,"Mar. 11, 2010",Axiomatics AB,,
79070749,deadAbandoned,GEP,"Feb. 18, 2010",natcon7 GmbH,,
79070898,deadAbandoned,VOULEZ-VOUS,"Feb. 23, 2010",CHEMOUNI Thibaut,,
79071533,deadAbandoned,INLINECOATER,"Mar. 16, 2010",Impact Coatings AB,,
79071837,deadAbandoned,THE YARD,"Mar. 22, 2010",Larry Cherubino,,
79070636,deadAbandoned,THE RESILIENCE DOUGHNUT,"Mar. 16, 2010",Lyn Worsley,,
79071937,deadAbandoned,MILK&PEPPER,"Mar. 24, 2010",GREYSCALE,,
79072045,deadAbandoned,BELIZA,"Mar. 31, 2010",YÜKSEL GÜNDOGAN,,
79069482,REQUEST_FAILED,,,,,
79072005,deadAbandoned,HIDRIA,"Oct. 05, 2010",H & R d.d.,,
79072119,deadAbandoned,HYDROMX,"Apr. 05, 2010",Hydromx Inc.,,
79072090,deadAbandoned,HÖCKER,"Mar. 31, 2010",HTS tentiQ GmbH,,
79071561,REQUEST_FAILED,,,,,
79072280,deadAbandoned,RESIDENCE,"May 20, 2010",Franz Bürgin AG,,
79072360,deadAbandoned,NIVCOMP,"Apr. 28, 2010",dirotec e.K.,,
79072543,deadAbandoned,CTV,"Mar. 01, 2010",Stadlbauer Marketing + Vertrieb; Gesellschaft m.b.H.,,
79072176,deadAbandoned,KING ISLAND DAIRY,"Apr. 15, 2010",The King Island Company Limited,,
79070573,deadAbandoned,CELLULAR EXPERT,"Sep. 16, 2010","UAB ""Cellular Expert""",,kuhn@hugheshubbard.com
79072734,deadAbandoned,EMOZIONE,"Apr. 15, 2010",PINOPTIK S.R.L.,,
79072888,deadAbandoned,SWISS DENTURE CONCEPT,"Apr. 21, 2010",Candulor AG,,
79072839,deadAbandoned,SKIN CAVIAR,"Apr. 27, 2010",HORPHAG RESEARCH MANAGEMENT SA,,
79072137,REQUEST_FAILED,,,,,
79073106,deadAbandoned,SUPERLOTO-ONLINE,"May 10, 2010","Respublikanskoe unitarnoe predprijatie; po organizatsii loterej; ""Nationalnye sportivnye loterei""",,
79072263,REQUEST_FAILED,,,,,
79072830,deadAbandoned,O OLMA,"Apr. 22, 2010",NUMA JEANNIN SA,,
79073159,deadAbandoned,SANT'EUSTACHIO IL CAFFE',"Apr. 27, 2010",SANT'EUSTACHIO IL CAFFE' S.r.l.,,
79073181,deadAbandoned,CHIYODA,"May 25, 2010",Chiyoda Gravure Corporation,,
79073280,deadAbandoned,TP GENIUS,"Jan. 04, 2010",Tube Plastics Limited,,
79073099,deadAbandoned,ABACUS QUARTZ,"Feb. 02, 2010",Abacus Holdings Limited,,
79073139,deadAbandoned,SHOESLIFE !,"Jun. 26, 2010",Shoeslife !,,
79072692,deadAbandoned,ZESPRESSO CAFÉ,"Nov. 19, 2010",Fieldpoint B.V.,,
79073226,deadAbandoned,TO N.Y.,"Sep. 17, 2010",ASAP LTD Import-Export S.p.A.,,
79073315,deadAbandoned,MEYFISH,"Apr. 26, 2010",AGROMEY GIDA TICARET ANONIM SIRKETI,,
79073442,deadAbandoned,MEZZO DI PASTA,"May 04, 2010",MDP DEVELOPPEMENT,,
79073393,deadAbandoned,PACELINE,"Feb. 20, 2010",Hottinger Baldwin Messtechnik GmbH,,
79073566,deadAbandoned,CAL' LUCA,"May 25, 2010",VINI TONON S.R.L.,,
79073595,deadAbandoned,ZUCCARI,"Dec. 17, 2010",MARKETING DREAM TEAM SRL,,
79073686,deadAbandoned,DAST - DESIGN A SUSTAINABLE TOMORROW,"May 06, 2010",PIERRE FREDERIC GERMAIN COUSTOLS,,
79073735,deadAbandoned,HYUNDAI MERCHANT MARINE,"May 11, 2010",HMM COMPANY LIMITED,,
79073394,deadAbandoned,"RNLI LIFEBOATS, LIFEGUARDS LIFE FIRST.","Jan. 20, 2010",Royal National Lifeboat Institution,,
79073683,deadAbandoned,ROTK?PPCHEN,"Jun. 16, 2010",Rotkäppchen-Mumm Sektkellereien GmbH,,
79074050,deadAbandoned,MYONOVA,"May 13, 2010",PregLem SA,,
79074101,deadAbandoned,TERRATRAC,"May 20, 2010",ZF Friedrichshafen AG,,
79074122,deadAbandoned,PHYTOTHEK,"Feb. 04, 2010",Bionorica AG,,
79074098,deadAbandoned,CERTIFIEDMAIL,"Jun. 29, 2010","CertifiedMail.com, Inc.",,
79073699,REQUEST_FAILED,,,,,
79074185,deadAbandoned,VÅR,"Jun. 29, 2010",TINE SA,,
79074294,deadAbandoned,BOOXTER,"Jul. 02, 2010",Maping Kommandiittiyhtiö L. Huotari,,
79073420,deadAbandoned,HOLZ,"Jun. 01, 2010",HOLZ Fabrik; für Textilmaschinen-Zubehör e.K.,,
79074542,deadAbandoned,DINANSI,"Jul. 28, 2010",CARGO PLUS LLC,,
79073805,deadAbandoned,THE COFFEE CLUB,"May 26, 2010",The Coffee Club Pty Ltd,,
79074097,deadAbandoned,DATAMOTION,"Jun. 29, 2010","CertifiedMail.com, Inc.",,
79074222,deadAbandoned,ZF-TERRATRAC,"May 20, 2010",ZF Friedrichshafen AG,,
79074633,REQUEST_FAILED,,,,,
79074825,deadAbandoned,MARCO POLO,"Sep. 10, 2010",CANTINA SOCIALE MONTELLIANA E DEI COLLI ASOLANI; S.C.A.,,
79074947,deadAbandoned,WITCHY CUGGLES,"Feb. 12, 2010",Erika Kent,,
79074491,deadAbandoned,HYUNDAI MERCHANT MARINE,"Jun. 07, 2010",HMM COMPANY LIMITED,,
79075393,deadAbandoned,MARTIN & THOMAS PADARIA GOURMET,"Jun. 17, 2010","PANICONGELADOS - MASSAS CONGELADAS, S.A.",,
79074949,deadAbandoned,PIXIE CUGGLES,"Feb. 12, 2010",Erika Kent,,
79075385,deadAbandoned,HB,"Jun. 16, 2010",Herbert Brandl,,
79075008,deadAbandoned,WSP ITALY WHEELS SPARE PARTS,"Jun. 15, 2010",EVOLI III SPA,,
79074700,deadAbandoned,PRINCESS CUGGLES,"Feb. 12, 2010",Erika Kent,,
79075860,deadAbandoned,MOODLEY,"Jun. 29, 2010",moodley united GmbH,,
79075921,deadAbandoned,AURORA,"Mar. 19, 2010",AURORA LIMITED,,
79075927,deadAbandoned,BROWNE,"Jun. 30, 2010",Positsioon OÜ,,
79075162,deadAbandoned,RYNTHIA,"Mar. 24, 2010",SANOFI-AVENTIS,,
79076049,deadAbandoned,MINIMIX,"Jul. 01, 2010",S & C Polymer Silicon-; und Composite-Spezialitäten GmbH,,
79076239,deadAbandoned,TITIZ CLEAN & SHINE,"Aug. 05, 2010",TITIZ TEMIZLIK KOZMETIK ÜRÜNLERI; SANAYI VE TICARET LIMITED SIRKETI,,
79076257,deadAbandoned,BONDONE,"Jul. 06, 2010","Fidelity Information Services, LLC",,
79075479,deadAbandoned,REDSONYA,"Jul. 13, 2010",Charles Peter Pellegrino,,
79075634,REQUEST_FAILED,,,,,
79076326,deadAbandoned,FIBRE PLUS,"Jul. 15, 2010",WASABRÖD AKTIEBOLAG,,
79076235,REQUEST_FAILED,,,,,
79076644,deadAbandoned,TATRALIFT,"Jul. 13, 2010","TATRAPOMA, a.s.",,
79076659,deadAbandoned,APACER,"Nov. 18, 2010","Huizhou Huiyang Kedaxin; Electronics Co., Ltd",,
79076643,deadAbandoned,TATRALIFT,"Jul. 13, 2010",TATRALIFT a.s,,
79076828,deadAbandoned,THE 7CS,"Jul. 27, 2010","SAMG ANIMATION CO., LTD.",,
79076736,deadAbandoned,IVALVE,"Oct. 03, 2010",Bucher Hydraulics AG,,
79075716,deadAbandoned,SEXY QUEEN,"Aug. 03, 2010",Free Style GmbH,,
79077083,deadAbandoned,HOFLER,"Aug. 25, 2010",Postman Yhtiöt Oy,,
79076328,deadAbandoned,FIBRE BALANCE,"Jul. 15, 2010",WASABRÖD AKTIEBOLAG,,
79076964,REQUEST_FAILED,,,,,
79077087,deadAbandoned,NATURINA,"Jul. 19, 2010",NATURINA S.R.L.,,
79077131,deadAbandoned,CYPHERMANAGER,"Sep. 03, 2010",Senetas Corporation Limited,,
79076714,deadAbandoned,LAS VEGAS A MAGICIANS TALE,"Sep. 08, 2010",Simone Karpouzis,,
79077490,deadAbandoned,None,"May 10, 2010",BIOFOURNIL,,
79076783,deadAbandoned,WREGION KING FOOD'S,"Jul. 11, 2010",YAVUZ BAYRAKTAR,,
79077277,deadAbandoned,SCHÖN BEAUTY CARE,"Aug. 03, 2010",ACT COSMETICS GMBH,,
79077673,deadAbandoned,CONTENT DELIVERY INTELLIGENCE,"Sep. 11, 2010",MCM Technical Services Pty Ltd,,
79077865,deadAbandoned,RUM RON RANCADO,"Dec. 10, 2010",Refresco Benelux B.V.,,a.groth@drinksfood.de
79078346,deadAbandoned,GPT GRAND PRIX TICKETS BY CHRISTOF AMMANN,"Oct. 01, 2010",Christof Ammann,,
79077894,deadAbandoned,SS SHENGHONG,"Sep. 21, 2010","SHENGHONG GROUP CO., LTD.",,
79078615,deadAbandoned,SUPER FIVE,"Sep. 01, 2010",FG TEKSTIL KONFEKSIYON SANAYI VE TICARET ANONIM SIRKETI,,
79078633,deadAbandoned,SI SILITE,"Sep. 20, 2010","SHIN, Dong-Mock",,
79076922,REQUEST_FAILED,,,,,
79078723,deadAbandoned,X2,"Sep. 03, 2010",Sony Ericsson Mobile Communications AB,,
79078058,deadAbandoned,BAMF BAD ASS MOTHER FUCKER,"Sep. 30, 2010",Madd Gear Pty Ltd,,
79078826,deadAbandoned,O.M.S.,"Sep. 07, 2010",OMS PASLANMAZ MUTFAK ARAÇLARI,,
79078902,deadAbandoned,GREEN FUEL,"Oct. 19, 2010","CREATIVE CO., LTD.",,
79078724,deadAbandoned,TOMATO 100S AND 1000S,"Oct. 28, 2010",SUTTONS CONSUMER PRODUCTS LIMITED,,
79079070,deadAbandoned,TOHGOMA,"Oct. 19, 2010","CREATIVE CO., LTD.",,
79078904,deadAbandoned,GREEN COAL,"Aug. 24, 2010","CREATIVE CO., LTD.",,
79079290,deadAbandoned,TORERO ENERGY DRINK,"Sep. 28, 2010",Malamir,,
79079326,deadAbandoned,TINTA MARIA,"Sep. 17, 2010",Branded Wines AS,,
79078771,deadAbandoned,PROFECTUS,"Sep. 08, 2010",MEHMET AYGÜN,,
79079072,deadAbandoned,SÉPTIMA OBRA,"Oct. 17, 2010",CODORNÍU S.A.,,
79079780,deadAbandoned,EDHEC,"Sep. 24, 2010",EDHEC Business School,,
79079587,deadAbandoned,MASH & MIX,"Oct. 26, 2010","NUTRIQUINE, naamloze vennootschap",,
79079671,deadAbandoned,TIC-TOX,"Oct. 18, 2010",NUTRIVITAL; (Société à Responsabilité Limitée),,
79079883,deadAbandoned,KYLIE,"Nov. 05, 2010",KDB PTY LTD,,
79080114,deadAbandoned,NAKED HAIR,"Oct. 01, 2010",Yasmin Products Pty Ltd,,
79079812,deadAbandoned,RAZZLE DAZZLE,"Sep. 17, 2010","SAKAE LACE KABUSHIKI KAISHA; (SAKAE LACE CO., LTD.)",,
79080186,deadAbandoned,CRYSTALLINE,"Oct. 13, 2010",TCS Patent B.V.,,
79080443,deadAbandoned,FULING,"Oct. 20, 2010","Fuling Technology Co., Ltd.",,
79078903,deadAbandoned,HIMA,"Oct. 16, 2010","CREATIVE CO., LTD.",,
79079823,deadAbandoned,BUDGY SMUGGLER,"Oct. 06, 2010",LEOKADIA PTY LTD,,
79080674,deadAbandoned,SATAMATICS,"Oct. 25, 2010",HONEYWELL GLOBAL TRACKING LIMITED,,
79080722,deadAbandoned,GENESIS LASER TAG,"Dec. 06, 2010",Meno Electronics Limited,,
79080689,deadAbandoned,O2 D-BIOTIC,"Dec. 05, 2010",ID-BEAUTY INTERNATIONAL DISTRIBUTION,,
79081078,deadAbandoned,RE BANK,"Nov. 08, 2010","UAB ""Nekilnojamo turto pletros grupe""",,
79081072,deadAbandoned,BESLER,"Nov. 03, 2010",BESLER MAKARNA UN IRMIK; GIDA SAN.TIC.A.S.,,
79081226,deadAbandoned,WWW GO-FASTER.DE,"Dec. 06, 2010",Gröber GmbH,,
79078746,deadAbandoned,EK,"Oct. 01, 2010","ENUMA CHAIN MFG. CO., LTD.",,
79080601,deadAbandoned,SOONE,"Nov. 30, 2010",SOONE Limited Aps,,
79079905,deadAbandoned,None,"Sep. 10, 2010","FLAT HEAD CO., LTD.",,
79081346,deadAbandoned,2BYOUNG ANTI-AGING,"Dec. 02, 2010",Mt Romance Australia Pty Ltd,,
79081421,deadAbandoned,None,"Nov. 19, 2010","Obshchestvo s ogranichennoy; otvetstvennostyu; ""Vodochnaya kompania Dolgova""",,
79081315,deadAbandoned,B-SURE,"Dec. 29, 2010",Guido Hesse,,
79081428,deadAbandoned,DICOMASTER,"Sep. 15, 2010",J.F. Knauer Industrie-Elektronik GmbH,,
79081090,REQUEST_FAILED,,,,,
79081669,deadAbandoned,ECO STEEL,"Nov. 23, 2010",Rechsteiner Design GmbH,,
79081320,deadAbandoned,TARGETTV,"Oct. 28, 2010",Deutsche Telekom AG,,
79081304,deadAbandoned,NEXT LEVEL PHARMA INTELLIGENT EVENTS,"Dec. 18, 2010","Next Level, s.r.o.",,
79081782,deadAbandoned,AA ART AMBITIONS,"Nov. 19, 2010",Art Ambitions / Association,,
79081767,deadAbandoned,KIRRIBILLI,"Dec. 14, 2010",RP SAFE S.R.L.,,
79081924,deadAbandoned,BENZLERS,"Dec. 24, 2010",Aktiebolaget Benzlers,,
79081997,deadAbandoned,HOLD THE LINE,"Sep. 10, 2010",Robi Sonderegger; as trustee for Dr Robi Events Trust,,
79081541,deadAbandoned,SPRING BEYOND THE FANTASY WORLD,"Dec. 02, 2010",GAMEHI Inc.,,
79082002,deadAbandoned,TRAPCODE,"Sep. 18, 2010",Trapcode AB,,
79082263,deadAbandoned,NEDALCO,"Oct. 06, 2010",Koninklijke Nedalco B.V.,,
79081402,deadAbandoned,WONDERFUL COPENHAGEN,"Oct. 13, 2010",Jacobsens Bakery Ltd. A/S,,
79081976,deadAbandoned,COOPHIMMELB(L)AU,"Dec. 08, 2010",COOP HIMMELB(L)AU INT. LIMITED,,
79082419,deadAbandoned,ROYAL NEDALCO,"Sep. 14, 2010",Koninklijke Nedalco B.V.,,
79081464,deadAbandoned,FINTEGRAL,"Dec. 02, 2010",Fintegral AG,,
79082865,deadAbandoned,123 EDUCATE ME.,"Dec. 27, 2010",123educateme Software Solutions Pty Ltd,,
79082455,deadAbandoned,MSA MASTER SKEN ACADEMY,"Sep. 02, 2010",MASTER SKEN ACADEMY LIMITED,,
79082420,REQUEST_FAILED,,,,,
79082926,deadAbandoned,OPTIWAY,"Dec. 27, 2010","CONTEG, spol. s r.o.",,
79084020,deadAbandoned,None,"May 19, 2010",Zündapp Verwaltungsgesellschaft mbH,,
79084532,deadAbandoned,GOLDANCHOR INTERNATIONAL RATING SCHEME FOR MARINAS,"Nov. 08, 2010",Marina Industries Assocation of Australia Limited,,
79082233,deadAbandoned,N PRO,"Sep. 17, 2010",COMPAGNIE FINANCIERE; ET DE PARTICIPATIONS ROULLIER,,
79085020,deadAbandoned,ANNESSO,"Aug. 19, 2010",WIV Wein International AG,,
79085281,deadAbandoned,GRUPOCIVICO,"Oct. 26, 2010",CAJA DE AHORROS Y MONTE DE PIEDAD DE NAVARRA,,
79084140,deadAbandoned,DOXLOCK TECHNICAL K9 EQUIPMENT WWW.DOXLOCK.COM,"Aug. 06, 2010",Michael Praig,,
79086588,deadAbandoned,YEMA,"Jul. 28, 2010",MONTRES AMBRE S.A.,,
79086598,deadAbandoned,LG OPTIMUS,"Oct. 14, 2010",LG Corp.,,
79091933,deadAbandoned,CLASSIC,"Nov. 12, 2010",Baronia Fashion GmbH,,
79082083,deadAbandoned,RICOSTA DER KINDERSCHUH.,"Jul. 22, 2010",Ricosta Schuhfabriken GmbH,,
79084019,deadAbandoned,ZÜNDAPP,"May 19, 2010",Zündapp Verwaltungsgesellschaft mbH,,
85000086,deadAbandoned,ATRAKSHUN ENTERTAINMENT,"Dec. 29, 2010","Hairston, Walter Edward",,slimmone1521@yahoo.com
79084440,deadAbandoned,MONCHHICHI,"Oct. 01, 2010",Christian Zeller,,
85000052,deadAbandoned,SILVER SHADOW,"Dec. 27, 2010",Little Guy Worldwide LLC,,scott@golittleguy.com
85000036,deadAbandoned,BEVERLY HILLS SPA AND SALON ASSOCIATION,"Dec. 24, 2010","Lighten International,Inc",,cindycindykuo@gmail.com
85000213,deadAbandoned,MOBINET,"Dec. 30, 2010",MARC ANGELL,,mdangell@gmail.com
85000270,deadAbandoned,THE OUTSIDER CODE,"Dec. 29, 2010",Quantum Research & Publishing Ltd,,karen@greateraholdings.com
85000190,REQUEST_FAILED,,,,,
85000646,REQUEST_FAILED,,,,,
85000839,deadAbandoned,CUBIXTREME,"Dec. 29, 2010","Gayton, Paul",,Paul@StangRay3D.com
85001225,deadAbandoned,GLAD PAD,"Dec. 30, 2010","Pool Deals, LLC",,charlie@pooldeals.com
85001340,REQUEST_FAILED,,,,,
85000917,REQUEST_FAILED,,,,,
85001435,deadAbandoned,THE GLASS IS FULL,"Dec. 29, 2010",Full Glass LLC,,michael@j9foundation.org
85001484,deadAbandoned,PRETEC,"Dec. 31, 2010",C-ONE Technology Corporation Taiwan,,pretec_marketing@pretec.com
85001791,REQUEST_FAILED,,,,,
85002046,deadAbandoned,GLACIAL,"Dec. 24, 2010",InPro Corporation,,kswanson@inprocorp.com
85001686,REQUEST_FAILED,,,,,
85002537,deadAbandoned,CHASIN' DA STOKE,"Dec. 29, 2010","Chasin' Da Stoke, LLC",,hamptonaj@gmail.com
85002604,deadAbandoned,DESIGNER SUGARS,"Dec. 30, 2010","Zito, Mary",,Mary@DesignerSugars.com
85002565,REQUEST_FAILED,,,,,
85002678,REQUEST_FAILED,,,,,
85002545,REQUEST_FAILED,,,,,
85003145,REQUEST_FAILED,,,,,
85003189,deadAbandoned,AYYO ORIGINALS,"Nov. 18, 2010","Smith, Lewis R.",,lewis@ayyooriginals.com
85003397,deadAbandoned,ED ROCKY,"Jun. 22, 2010",ABC Import & Export LLC,,sales@edrocky.com
85003445,REQUEST_FAILED,,,,,
85003701,deadAbandoned,MONITOR OUTLET,"Dec. 31, 2010",Monitor Outlet,,bcammarata@monitoroutlet.com
85003798,deadAbandoned,WOSPORTS,"Apr. 15, 2010",WOSPORTS Technology Limited,,monicawoous@gmail.com
85003807,deadAbandoned,U.P.A. FAMILY'S REAL DEAL RECORDS,"Dec. 31, 2010","Harper,Jeremy",,upa.family@live.com
85004314,REQUEST_FAILED,,,,,
85004597,deadAbandoned,BS,"Jun. 10, 2010",Richard Weinstein,,lswraw@cruzio.com
85004562,REQUEST_FAILED,,,,,
85003694,REQUEST_FAILED,,,,,
85004772,REQUEST_FAILED,,,,,
85008350,deadAbandoned,STAR ADV,"Nov. 22, 2010","Next Jump, Inc.",,
85007939,REQUEST_FAILED,,,,,
85009709,REQUEST_FAILED,,,,,
85009323,REQUEST_FAILED,,,,,
85012201,deadAbandoned,ESTILO CUBANO,"Oct. 28, 2010","Kretek International, Inc.",,
85011654,REQUEST_FAILED,,,,,
85012355,deadAbandoned,JOBBDEPOT,"Oct. 18, 2010","McMullen, Patrick",,sales@jobbdepot.com
85015527,deadAbandoned,EXOTIC WOOD FLOORS,"Dec. 15, 2010","Epic Surfaces, LLC.",,ricardobr111@me.com
85017139,REQUEST_FAILED,,,,,
85018483,REQUEST_FAILED,,,,,
85020596,deadAbandoned,MY CARD CAN,"Nov. 03, 2010",American Express Marketing & Development Corp.,,
85021020,REQUEST_FAILED,,,,,
85022152,deadAbandoned,PROPHETMATRIX,"Dec. 29, 2010",Quantum Research & Publishing Ltd,,karen@greateraholdings.com
85022132,deadAbandoned,PROPHETMAX,"Dec. 29, 2010",Quantum Research & Publishing Ltd,,karen@greateraholdings.com
85028285,deadAbandoned,JUMBUCK JACKPOTS,"Dec. 17, 2010",Ainsworth Game Technology Limited,,tom.davidson@ainsworth.com.au
85028290,deadAbandoned,RAPID STRIKE JACKPOTS,"Dec. 17, 2010",Ainsworth Game Technology Limited,,tom.davidson@ainsworth.com.au
85026816,REQUEST_FAILED,,,,,
85028308,REQUEST_FAILED,,,,,
85029846,deadAbandoned,THE BIPOLAROID,"Nov. 18, 2010",Chester Dean,,the.bipolaroid@gmail.com
85029834,deadAbandoned,THE BIPOLAROID,"Nov. 18, 2010",Chester Dean,,the.bipolaroid@gmail.com
85031318,REQUEST_FAILED,,,,,
85031831,REQUEST_FAILED,,,,,
85032734,REQUEST_FAILED,,,,,
85034521,deadAbandoned,PIXAZZA,"Oct. 29, 2010","Erdem , Mehmet",,erdem@arledia.com
85036115,deadAbandoned,ROOM ALERT,"Jul. 29, 2010",AVTECH SOFTWARE INC,,greg.bradshaw@btclick.com
85036043,REQUEST_FAILED,,,,,
85039017,deadAbandoned,LA PRIA,"Jul. 13, 2010","ROSSETTI, BENITO",,benitorossetti@hotmail.com
85038746,deadAbandoned,TEQUILA 16 DE SEPTIEMBRE,"Nov. 26, 2010",Arandas Co.,,info@kodiakimports.com
85035033,REQUEST_FAILED,,,,,
85043641,deadAbandoned,BV DISTINGUISHED,"Dec. 02, 2010",Reed Elsevier Properties Inc.,,jacqueline.gregorski@lexisnexis.com
85036505,REQUEST_FAILED,,,,,
85043560,REQUEST_FAILED,,,,,
85042147,deadAbandoned,AMERICA'S DOG WHISPERER,"Sep. 14, 2010","America's Canine Academy, Inc.",,americasdogwhisperer@q.com
85047114,deadAbandoned,GANJA COLA,"Oct. 25, 2010","DUVAL, ST. MARGO CAMILLE",,IMSTMARGO@hotmail.com
85046942,deadAbandoned,BELLISIMA,"Dec. 06, 2010","Gage, Kathleen",,
85045712,deadAbandoned,DISCO BEACH,"Sep. 22, 2010","Disco Beach Entertainment, Inc.",,
85048909,deadAbandoned,EASTER EGGS WRAPS,"Oct. 13, 2010",Bestpysanky,,
85049577,deadAbandoned,SPEAKEASY ALES & LAGERS,"Nov. 30, 2010",Patrick Donagher,,
85045763,REQUEST_FAILED,,,,,
85049680,deadAbandoned,ACAPULCO GOLD,"Sep. 30, 2010",Scott Riddell,,
85049702,deadAbandoned,MAUI WOWIE,"Sep. 30, 2010",Scott Riddell,,
85049722,deadAbandoned,CHRONIC,"Sep. 30, 2010",Scott Riddell,,
85049712,deadAbandoned,DIESEL,"Sep. 30, 2010",Scott Riddell,,
85049691,REQUEST_FAILED,,,,,
85049726,deadAbandoned,ALBINO RHINO,"Sep. 30, 2010",Scott Riddell,,
85049743,deadAbandoned,DELTA 9,"Sep. 30, 2010",Scott Riddell,,
85049861,deadAbandoned,CANNA COLA,"Sep. 30, 2010",Scott Riddell,,
85049737,deadAbandoned,PURPLE HAZE,"Sep. 30, 2010",Scott Riddell,,
85049771,deadAbandoned,PANAMA GOLD,"Sep. 30, 2010",Scott Riddell,,
85049884,deadAbandoned,CANNA CRUNCH,"Sep. 30, 2010",Scott Riddell,,
85049851,deadAbandoned,CANNA,"Sep. 30, 2010",Scott Riddell,,
85049987,deadAbandoned,UNTOUCHABLE LAGER,"Nov. 30, 2010","Donagher, Patrick",,
85049890,deadAbandoned,CANNABREX,"Sep. 30, 2010",Scott Riddell,,
85049867,REQUEST_FAILED,,,,,
85052521,deadAbandoned,DUK,"Sep. 15, 2010","EspenUSA Products of California, LLC",,ESPEN@ESPENUSA.COM
85052525,deadAbandoned,DUK,"Sep. 15, 2010","EspenUSA Products of California, LLC",,ESPEN@ESPENUSA.COM
85052529,deadAbandoned,DUK,"Sep. 15, 2010","EspenUSA Products of California, LLC",,ESPEN@ESPENUSA.COM
85052532,deadAbandoned,DUK,"Sep. 15, 2010","EspenUSA Products of California, LLC",,ESPEN@ESPENUSA.COM
85049872,REQUEST_FAILED,,,,,
85055797,deadAbandoned,APPLBOX,"Nov. 28, 2010",All MediaCount(HK) Co. Ltd.,,
85056820,deadAbandoned,SAIL ROCK VENTURES,"Sep. 25, 2010","STALEX HOLDINGS, LLC",,stalexholdings@hotmail.com
85058971,deadAbandoned,AMERICAN DREAM,"Dec. 05, 2010",Ainsworth Game Technology Limited,,tom.davidson@ainsworth.com.au
85057114,REQUEST_FAILED,,,,,
85062082,deadAbandoned,JAZZ,"Dec. 01, 2010","Reid, Tony",,tony@reidsleeve.com
85059028,deadAbandoned,IT'S A WONDERFUL LIFE,"Aug. 23, 2010",Ainsworth Game Technology Limited,,tom.davidson@ainsworth.com.au
85062724,deadAbandoned,INSTITUTE OF FINANCIAL ENGINEERING,"Jul. 26, 2010","Modulus Financial Engineering, Inc.",,sales@modulusfe.com
85067580,deadAbandoned,BOLIN CHEST SEAL,"Oct. 05, 2010","H&H Associates, Inc.",,pxharder@gohandh.com
85068758,REQUEST_FAILED,,,,,
85067435,deadAbandoned,H-BANDAGE,"Oct. 05, 2010","H&H Associates, Inc.",,pxharder@gohandh.com
85064673,REQUEST_FAILED,,,,,
85076550,deadAbandoned,PHARMA CAREER MENTOR,"Aug. 22, 2010","Schalper, Kathrin",,kathrin.schalper@yahoo.com
85075752,deadAbandoned,SMARTPOWER,"Sep. 20, 2010","Frontier Utilities, Inc.",,scott.birmingham@frontierutilities.com
85076671,deadAbandoned,DYNAMITE TIME,"Oct. 15, 2010",Federman Benyamin,,
85076416,deadAbandoned,BOOTLEGGER IPA,"Nov. 30, 2010",Patrick Donagher,,
85081740,deadAbandoned,MELLOW YELLOW,"Sep. 30, 2010",Scott Riddell,,
85075069,REQUEST_FAILED,,,,,
85081997,deadAbandoned,RUN DLC,"Aug. 02, 2010",Michael Brogan,,mbrogan1987@gmail.com
85081476,REQUEST_FAILED,,,,,
85077844,deadAbandoned,DOLPHIN SHIRT COMPANY DOLPHINSHIRT.COM,"Oct. 14, 2010","Davidson, Crista",,cristajd@gmail.com
85075592,deadAbandoned,SUNHEALTH,"Dec. 04, 2010",SkinHealth Technology LLC,,mkuffner@skinhealthtech.com
85083204,REQUEST_FAILED,,,,,
85090068,deadAbandoned,AZA2ZCOVERAGE INSURANCE,"Oct. 25, 2010","McMullen, Patrick",,Sales@A2Zcoverage.com
85094899,REQUEST_FAILED,,,,,
85096919,deadAbandoned,B HOTELS AND RESORTS,"Aug. 02, 2010","B Hotel Group, LLC",,
85098894,deadAbandoned,B FIT,"Sep. 09, 2010","B Hotel Group, LLC",,
85105208,deadAbandoned,PROSPECTING 90X,"Oct. 21, 2010","LCM ASSOCIATES, LLC",,mdurkin@salesjudo.com
85110837,deadAbandoned,COSMOPOLITAN KIDS,"Dec. 14, 2010","Cosmopolitan Kids Media, LLC",,cosmopolitankids@gmail.com
85100830,REQUEST_FAILED,,,,,
85113073,REQUEST_FAILED,,,,,
85117097,REQUEST_FAILED,,,,,
85117763,REQUEST_FAILED,,,,,
85121365,deadAbandoned,COSMOPOLITAN KIDS TRAVELING THE GLOBE ONE BOOK AT A TIME,"Dec. 14, 2010","Cosmopolitan Kids Media, LLC",,cosmopolitankids@gmail.com
85121896,REQUEST_FAILED,,,,,
85156468,deadAbandoned,HTC EVO SHIFT 4G,"Nov. 18, 2010",HTC Corporation,,kathy.callahan@bracewell.com
