serial,lead_type,mark,date,correspondent,phone,email
77687731,deadAbandoned,LOCUM LEADERS,"Dec. 09, 2009",Locum Leaders,,agramling@locumleaders.com
77687703,REQUEST_FAILED,,,,,
77687705,REQUEST_FAILED,,,,,
77687736,deadAbandoned,FIREARMS THE ULTIMATE IN FEMININE PROTECTION,"Dec. 10, 2009","Second Amendment Sisters, Inc.",,leeann@2asisters.org
77687771,deadAbandoned,ASPEN DENTAL GROUP,"Dec. 09, 2009",Robert Harvey,,aspendentalgroup@yahoo.com
77687763,REQUEST_FAILED,,,,,
77687828,deadAbandoned,Z,"Dec. 01, 2009",Francis Zera,,photo@zeraphoto.com
77687768,REQUEST_FAILED,,,,,
77687799,REQUEST_FAILED,,,,,
77687862,deadAbandoned,SOMEBODY PILLOW,"Dec. 02, 2009","Perrette, L.P.",,pauleytics@gmail.com
77687873,REQUEST_FAILED,,,,,
77687886,REQUEST_FAILED,,,,,
77687887,deadAbandoned,"POPULAR COMMERCIAL CAPITAL, INC.","Dec. 03, 2009","Popular Commercial Capital, Inc.",,dyoung@popularcommercial.com
77688009,deadAbandoned,EXILIS,"Dec. 09, 2009","BTL Industries, Inc",,zarsky@btlnet.com
77687952,REQUEST_FAILED,,,,,
77687939,REQUEST_FAILED,,,,,
77688139,deadAbandoned,HT HOMES,"Dec. 08, 2009","Fennell, Keith",,htwarranties@aol.com
77688054,REQUEST_FAILED,,,,,
77688222,deadAbandoned,GOLD BUYERS OF AMERICA HOTEL GOLD BUYERS,"Dec. 10, 2009","GOLD BUYERS OF AMERICA, LLC",,MATT@GOLDPARTYPRO.COM
77688261,deadAbandoned,GOLD BUYERS OF AMERICA GOLD PARTY PRO,"Dec. 10, 2009","GOLD BUYERS OF AMERICA, LLC",,MATT@GOLDPARTYPRO.COM
77688323,deadAbandoned,HIP CONSULT REVEALING BUSINESS,"Dec. 05, 2009",HIP Consult Inc.,,aplaitakis@hipconsult.com
77688234,REQUEST_FAILED,,,,,
77688355,REQUEST_FAILED,,,,,
77688439,REQUEST_FAILED,,,,,
77688765,deadAbandoned,ELECT,"Dec. 09, 2009","Everyone Counts, Inc.",,jared@everyonecounts.com
77688772,REQUEST_FAILED,,,,,
77688815,REQUEST_FAILED,,,,,
77688859,REQUEST_FAILED,,,,,
77688969,deadAbandoned,SINVERGUENZA,"Dec. 07, 2009",Vinos Y Licores Azteca. S.A. de C.V.,,cjaworski@executive-grape.com
77688882,REQUEST_FAILED,,,,,
77688931,REQUEST_FAILED,,,,,
77688999,deadAbandoned,IPLAY CAPOEIRA,"Dec. 10, 2009",Alastair K. Martin,,iplaycapoeira@yahoo.com
77689052,deadAbandoned,AG3D,"Dec. 09, 2009","HIROU©, BRADLEY ARTHUR",,Ag3dbrad@yahoo.com
77689036,deadAbandoned,AMERICAS BASICS,"Dec. 31, 2009","saal Americas Sales, LLC",,lauren@mishaan.com
77689111,deadAbandoned,EMPDOC MANAGER,"Dec. 09, 2009","It Cats, LLC",,dan@infowaysoftware.com
77689035,REQUEST_FAILED,,,,,
77689193,deadAbandoned,I HATE MY JOB,"Dec. 14, 2009","Brooks, Darnell",,
77689025,REQUEST_FAILED,,,,,
77689093,REQUEST_FAILED,,,,,
77689234,deadAbandoned,GREENLIVING,"Dec. 07, 2009",X AND COMPANY,,
77689283,deadAbandoned,TOUCH SCROLLING,"Dec. 08, 2009",SBSH Mobile Software,,amit@sbsh.net
77689263,REQUEST_FAILED,,,,,
77689370,deadAbandoned,BULLNOSING,"Dec. 08, 2009","Martin, Thomas A.",,bullnosingservice@20grit.com
77689311,REQUEST_FAILED,,,,,
77689390,REQUEST_FAILED,,,,,
77689437,REQUEST_FAILED,,,,,
77689489,REQUEST_FAILED,,,,,
77689641,deadAbandoned,ILLUMINATE,"Oct. 31, 2009",Brian Kolo,,bkolo@zifian.com
77689800,deadAbandoned,THE HOPE CAMPAIGN,"Dec. 04, 2009",Robyn Lin Obemoeller,,robynobermoeller@yahoo.com
77689932,deadAbandoned,PRO - 10 SPORT,"Nov. 29, 2009","Wood, Robert M",,kgriste@woodbolt.com
77689634,REQUEST_FAILED,,,,,
77689992,deadAbandoned,NB NATURAL BLESSIN',"Dec. 04, 2009",LeShawn Tanksley,,letanksley@aol.com
77689942,REQUEST_FAILED,,,,,
77690049,deadAbandoned,XTREME FITNESS SILICON VALLEY,"Dec. 04, 2009",Industrial Strength Kickboxing Inc,,dave@xtremfitsv.com
77690122,deadAbandoned,THE UNITED STATES SANDSHOE ASSOCIATION,"Dec. 08, 2009","Christensen, J. B.",,otjillc@hotmail.com
77690125,deadAbandoned,MENTOR MISSIONS,"Nov. 23, 2009",Devon Kidd,,mentorfitness@yahoo.com
77690116,deadAbandoned,S,"Dec. 14, 2009","Sansing, Gregory D",,givannivan@yahoo.com
77690082,REQUEST_FAILED,,,,,
77690250,deadAbandoned,VIOLET,"Dec. 09, 2009",Stranger & Stranger Ltd,,morgan@strangerandstranger.com
77690283,deadAbandoned,ARMADILLO,"Dec. 10, 2009",Trey Stewart,,team3motorsports@gmail.com
77690102,REQUEST_FAILED,,,,,
77690115,REQUEST_FAILED,,,,,
77690371,deadAbandoned,NOLA,"Dec. 09, 2009",Stranger & Stranger Ltd,,morgan@strangerandstranger.com
77690330,REQUEST_FAILED,,,,,
77690390,REQUEST_FAILED,,,,,
77690549,deadAbandoned,DIGICAST,"Dec. 10, 2009","DigiForge, LLC",,ed@digiforge.com
77690465,REQUEST_FAILED,,,,,
77690521,deadAbandoned,CHIANA,"Dec. 09, 2009","CDC INTERNATIONAL, INC.",,SIESTACC2004@yahoo.com
77690478,REQUEST_FAILED,,,,,
77690791,deadAbandoned,REZILIENCE,"Dec. 08, 2009","Continuity Source, LLC",,steve@continuitysource.com
77690837,deadAbandoned,EDUCIZE,"Dec. 07, 2009","Lefkowitz, Patricia Smith",,
77691024,deadAbandoned,RENTMATERNITYWEAR.COM,"Dec. 14, 2009","Costello, Marcelle W.",,costellosf@yahoo.com
77690963,REQUEST_FAILED,,,,,
77690987,REQUEST_FAILED,,,,,
77691112,deadAbandoned,FREEWORLD,"Dec. 07, 2009",COURT MICHAEL W,,mcourt59@bigpond.net.au
77691016,REQUEST_FAILED,,,,,
77691084,REQUEST_FAILED,,,,,
77691188,deadAbandoned,VOICE OF ONE,"Dec. 08, 2009",Voice of One,,amandakarch@ymail.com
77691158,REQUEST_FAILED,,,,,
77691179,REQUEST_FAILED,,,,,
77691267,deadAbandoned,CREVAX,"Dec. 07, 2009",NATHANS NATURAL,,anthony.durazo@gmail.com
77691232,deadAbandoned,NEW JERSEY NEW AGER,"Dec. 07, 2009","Fusaro, Darrell James",,darrellfusaro@mac.com
77691279,deadAbandoned,CURVOFLITE,"Dec. 09, 2009","Walsh, Timothy M",,tkc3@comcast.net
77691233,REQUEST_FAILED,,,,,
77691244,REQUEST_FAILED,,,,,
77691280,REQUEST_FAILED,,,,,
77691301,REQUEST_FAILED,,,,,
77691306,REQUEST_FAILED,,,,,
77691394,deadAbandoned,IHANDY,"Dec. 09, 2009",Beijing Handishiji Technology Ltd.,,yangqing.huang@ihandysoft.com
77691345,REQUEST_FAILED,,,,,
77691420,deadAbandoned,CHAT NOIR,"Dec. 09, 2009",DISTILLERIE LES FILS D'EMILE PERNOT,,distillerie-pernot@wanadoo.fr
77691454,deadAbandoned,LAWNZILLA,"Dec. 08, 2009",BKC Enterprises Ltd.,,bcostello@biotlc.com
77691499,deadAbandoned,HIP CONSULT REVEALING BUSINESS,"Dec. 05, 2009",HIP Consult Inc.,,aplaitakis@hipconsult.com
77691427,REQUEST_FAILED,,,,,
77691635,deadAbandoned,OPENTO,"Dec. 10, 2009","Pickering, Elizabeth S",,sandra.pickering@btconnect.com
77691572,REQUEST_FAILED,,,,,
77691676,deadAbandoned,GXP MANAGER,"Dec. 18, 2009",CyberConseil Validation Organization,,francois.michenaud@cyberconseil.com
77691592,REQUEST_FAILED,,,,,
77691767,REQUEST_FAILED,,,,,
77691804,REQUEST_FAILED,,,,,
77692200,deadAbandoned,INVIDIAFASHION,"Dec. 08, 2009",Longer Fashion (USA) Corp.,,longerfashion@gmail.com
77692072,REQUEST_FAILED,,,,,
77692088,REQUEST_FAILED,,,,,
77692090,REQUEST_FAILED,,,,,
77692290,deadAbandoned,AMAZON ROOTS,"Dec. 10, 2009",Acai Roots Inc,,igor@acairoots.com
77692220,REQUEST_FAILED,,,,,
77692425,deadAbandoned,GSMHOSTING,"Dec. 10, 2009",GSM-Hosting Limited,,adham@target.com.eg
77692492,deadAbandoned,THAT PAYS YOU BACK,"Dec. 09, 2009",Reznik Corporation,,asreznik@aol.com
77692347,REQUEST_FAILED,,,,,
77692367,REQUEST_FAILED,,,,,
77692572,deadAbandoned,KAISOR SOSA,"Dec. 11, 2009","Glover, Ryan",,illmaticr@aol.com
77692807,deadAbandoned,P & K,"Dec. 15, 2009","Eng, Asia",,coco_monoi@hotmail.com
77692653,REQUEST_FAILED,,,,,
77692803,deadAbandoned,None,"Dec. 15, 2009",The Council of Baltimore Ravens Roosts,,jason@llapc.com
77692685,REQUEST_FAILED,,,,,
77692704,REQUEST_FAILED,,,,,
77692811,REQUEST_FAILED,,,,,
77693056,deadAbandoned,I-MIX,"Dec. 09, 2009",Cleaning Systems Inc.,,tkrug@cleaningsystemsinc.com
77692909,REQUEST_FAILED,,,,,
77693131,REQUEST_FAILED,,,,,
77693168,REQUEST_FAILED,,,,,
77693208,REQUEST_FAILED,,,,,
77693242,REQUEST_FAILED,,,,,
77693351,deadAbandoned,WEAR IT WITH CONFIDENCE! WWW.WEARITWITHCONFIDENCE.COM,"Dec. 16, 2009","Goodson (Horn), Dorothy, D",,ddgoodson@wearitwithconfidence.com
77693277,REQUEST_FAILED,,,,,
77693570,deadAbandoned,MEMOSYNE THE ALL NATURAL BRAIN ENHANCER,"Dec. 18, 2009","Easter, Jovann L",,dmantoy@gmail.com
77693407,REQUEST_FAILED,,,,,
77693566,deadAbandoned,CREATE A CARD,"Dec. 11, 2009",GiftCards.com LLC,,jason.wolfe@omniprepaid.com
77693357,REQUEST_FAILED,,,,,
77693373,REQUEST_FAILED,,,,,
77693618,deadAbandoned,POS PROPHET SYSTEMS,"Dec. 17, 2009",POS Prophet System,,alisa@clubprophetsystems.com
77693580,REQUEST_FAILED,,,,,
77693769,deadAbandoned,ANSLEY WAY COFFEE,"Dec. 09, 2009",FBL Export Co.,,edlane55@gmail.com
77693715,REQUEST_FAILED,,,,,
77693751,deadAbandoned,FUNCTIONAL LAB TESTING,"Dec. 10, 2009",CheckPoint Inc.,,randall@occutesting.com
77693845,REQUEST_FAILED,,,,,
77694035,REQUEST_FAILED,,,,,
77694189,deadAbandoned,TOUGH LOVE NYC,"Dec. 25, 2009","Vitale, Jessica L",,jes@toughlovenyc.com
77694193,deadAbandoned,XTREME FITNESS AEROBICS,"Dec. 10, 2009","Travis, Anthony L.",,xtremefitmphs@yahoo.com
77694232,REQUEST_FAILED,,,,,
77694250,REQUEST_FAILED,,,,,
77694348,deadAbandoned,JO JO'S,"Dec. 11, 2009",Edith Shelton,,lizshelton57@hotmail.com
77694300,REQUEST_FAILED,,,,,
77694392,deadAbandoned,FLIP CRÊPES,"Dec. 18, 2009","Flip Brands LLC,",,antoine@flipcoffee.com
77694393,deadAbandoned,SECRET WEAPON,"Dec. 21, 2009",Ainsworth Game Technology Limited,,tom.davidson@ainsworth.com.au
77694409,deadAbandoned,REDZ,"Dec. 11, 2009",Redz,,ryan@redzee.com
77694398,deadAbandoned,DIABLO $'S,"Oct. 14, 2009",Ainsworth Game Technology Limited,,tom.davidson@ainsworth.com.au
77694395,REQUEST_FAILED,,,,,
77694527,deadAbandoned,VAMP,"Dec. 14, 2009","Steg, Joe",,ddechelfin@vcorpservices.com
77694601,REQUEST_FAILED,,,,,
77694603,REQUEST_FAILED,,,,,
77694609,REQUEST_FAILED,,,,,
77694623,REQUEST_FAILED,,,,,
77694877,deadAbandoned,ECOTRIE,"Dec. 10, 2009","Castleberry, Chantelle L",,chantellecastleberry@hotmail.com
77694630,REQUEST_FAILED,,,,,
77694961,deadAbandoned,GREEN BUSINESS INNOVATIONS,"Dec. 10, 2009","Castleberry, Chantelle L",,chantellecastleberry@hotmail.com
77694986,REQUEST_FAILED,,,,,
77695139,REQUEST_FAILED,,,,,
77695238,deadAbandoned,LIT BUILDING LOCATOR,"Dec. 15, 2009","Satori Networks, Inc.",,justin@satorinetworks.com
77695225,REQUEST_FAILED,,,,,
77695246,REQUEST_FAILED,,,,,
77695381,deadAbandoned,GOLD RUSH AUCTION,"Dec. 19, 2009",Leest Gerard A. van,,helpdesk@goudkoortveiling.nl
77695282,REQUEST_FAILED,,,,,
77695317,REQUEST_FAILED,,,,,
77695347,REQUEST_FAILED,,,,,
77695568,deadAbandoned,WRITE WAY RESOURCES,"Dec. 18, 2009","Write Way Resources, LLC",,ginger@writewayresources.com
77695470,deadAbandoned,HOMELINK,"Dec. 23, 2009","HomeLink USA, Inc",,president@homelink-usa.org
77695689,deadAbandoned,None,"Dec. 18, 2009","Asset Preservation Solutions, LLC",,mpankey@myassetpreservation.com
77695620,REQUEST_FAILED,,,,,
77695686,REQUEST_FAILED,,,,,
77695696,REQUEST_FAILED,,,,,
77695814,REQUEST_FAILED,,,,,
77695829,REQUEST_FAILED,,,,,
77695911,REQUEST_FAILED,,,,,
77696062,REQUEST_FAILED,,,,,
77696153,deadAbandoned,TASTY CREPES,"Dec. 17, 2009",Frantz Arty,,frantzarty@gmail.com
77696146,REQUEST_FAILED,,,,,
77696243,deadAbandoned,2K12,"Dec. 22, 2009","Estrin, Jeff B",,jeffest@yahoo.com
77696248,REQUEST_FAILED,,,,,
77696323,deadAbandoned,ROYAL GRIND ENT.,"Dec. 23, 2009","McFashion, Demarco J.",,sandrarharris@yahoo.com
77696264,REQUEST_FAILED,,,,,
77696280,REQUEST_FAILED,,,,,
77696282,REQUEST_FAILED,,,,,
77696341,REQUEST_FAILED,,,,,
77696393,deadAbandoned,CHEREE BERRY PAPER,"Dec. 14, 2009","Cheree Berry Paper, LLC",,cheree_berry@mac.com
77696389,REQUEST_FAILED,,,,,
77696476,deadAbandoned,JUSTICE THROUGH SCIENCE,"Dec. 19, 2009","Bowley, Susan M.",,bowleyconsulting@gmail.com
77696481,deadAbandoned,TURNING POINT,"Dec. 16, 2009","Jones, Philip",,sheryljones@clear.net.nz
77696427,REQUEST_FAILED,,,,,
77696441,deadAbandoned,I SOCCER I V,"Dec. 18, 2009",I Soccer LLC,,scott.leber@isoccer.org
77696450,REQUEST_FAILED,,,,,
77696483,REQUEST_FAILED,,,,,
77696602,REQUEST_FAILED,,,,,
77696537,REQUEST_FAILED,,,,,
77696777,deadAbandoned,MIDAS TURNAROUND ADVISOR,"Sep. 29, 2009",Robert T. Slee,,kelly@coronadopacific.com
77696821,deadAbandoned,PAUSE ENERGY,"Nov. 06, 2009","Lucas, Eric",,nstewart@tradename.com
77696725,REQUEST_FAILED,,,,,
77696734,REQUEST_FAILED,,,,,
77696758,REQUEST_FAILED,,,,,
77696850,deadAbandoned,MIDAS M&A ADVISOR,"Sep. 29, 2009","Slee, Robert T.",,kelly@coronadopacific.com
77696870,deadAbandoned,MIDAS ADVISOR PROGRAM (MAP),"Sep. 29, 2009","Slee, Robert T.",,kelly@coronadopacific.com
77697022,deadAbandoned,DIGITAL STORAGE SOLUTIONS,"Dec. 18, 2009","Digital Storage Solutions, LLC",,patrick@lifenetcard.com
77697056,deadAbandoned,CERTIFIED DENTAL BROKER ASSOCIATION CERTIFIED PRACTICE BROKER,"Dec. 16, 2009","Certified Practices, LLC",,joe_spencer@hotmail.com
77696908,REQUEST_FAILED,,,,,
77697054,deadAbandoned,JUST FOR BABIES,"Dec. 18, 2009","Kessler, Lisa",,ljkessler@comcast.net
77696952,REQUEST_FAILED,,,,,
77697215,deadAbandoned,J3 SCORPIANS LTD,"Dec. 15, 2009",Scorpians Ltd,,jonesjcjdawg@aol.com
77697029,REQUEST_FAILED,,,,,
77697290,deadAbandoned,STAR SEARCH CASTING,"Dec. 18, 2009","Star Search Casting, LLC.",,starsearchcasting@gmail.com
77697077,REQUEST_FAILED,,,,,
77697312,deadAbandoned,W WUNDERLICH COMPLETE YOUR BMW.,"Dec. 19, 2009",GmbH,,
77697242,REQUEST_FAILED,,,,,
77697342,deadAbandoned,T & M HEATING AND COOLING,"Dec. 13, 2009","Hagens, Theodore R",,hageodore1@aol.com
77697415,deadAbandoned,PANDORUM,"Dec. 16, 2009","Alawar Entertainment, Inc",,vadim@alawar.com
77697418,deadAbandoned,MALL OF ARABIA,"Dec. 22, 2009",Ilyas & Mustafa Galadari Group,,ip@ableconsultancy.com
77697396,REQUEST_FAILED,,,,,
77697684,deadAbandoned,HONEYDEW,"Dec. 29, 2009",Kodomo Naturals,,aileen_33@hotmail.com
77697564,REQUEST_FAILED,,,,,
77697625,REQUEST_FAILED,,,,,
77697703,deadAbandoned,AGILE DATA GOVERNANCE,"Dec. 23, 2009","First San Francisco Partners, LLC",,duncan@firstsanfranciscopartners.com
77697777,REQUEST_FAILED,,,,,
77697800,REQUEST_FAILED,,,,,
77698066,deadAbandoned,BONNE MERDE,"Dec. 15, 2009","Wallace, Steve",,carlos@wallywine.com
77698175,deadAbandoned,CATALYST COACHING,"Dec. 13, 2009","Waldrep, Lisa Janks",,
77698043,REQUEST_FAILED,,,,,
77698169,REQUEST_FAILED,,,,,
77698159,REQUEST_FAILED,,,,,
77698263,deadAbandoned,QD,"Dec. 18, 2009","R.RayNettlesMD, Inc.",,drrayfyi@gmail.com
77698342,deadAbandoned,BANDA PERLA BONITA,"Dec. 22, 2009","Ramos, Rogelio",,cepedaroberto@yahoo.com
77698312,REQUEST_FAILED,,,,,
77698345,REQUEST_FAILED,,,,,
77698347,REQUEST_FAILED,,,,,
77698348,REQUEST_FAILED,,,,,
77698507,deadAbandoned,U.S.WILL,"Nov. 17, 2009","Slagle, Susan",,sslagle@uswill.comcastbiz.net
77698410,deadAbandoned,SWITCH 88,"Dec. 24, 2009","Switch Co., Ltd",,tipa@tipa.com.tw
77698626,deadAbandoned,COWBOYS BARBEQUE & RIB CO.,"Dec. 18, 2009",Shady Grove Enterprises Inc.,,martagabrick@me.com
77698534,REQUEST_FAILED,,,,,
77698544,REQUEST_FAILED,,,,,
77698632,REQUEST_FAILED,,,,,
77698888,deadAbandoned,EDENGRACE,"Dec. 16, 2009",Charis Stenberg,,stenberg@graciefarms.com
77698746,REQUEST_FAILED,,,,,
77698874,REQUEST_FAILED,,,,,
77699025,deadAbandoned,RESPECT YOUR MOTHER,"Dec. 16, 2009",The Very Best,,
77698877,REQUEST_FAILED,,,,,
77699075,deadAbandoned,SHOPLISTS,"Dec. 19, 2009","Next Jump, Inc.",,
77698947,REQUEST_FAILED,,,,,
77698995,REQUEST_FAILED,,,,,
77699079,deadAbandoned,SHOPLIST,"Dec. 19, 2009","Next Jump, Inc.",,
77699062,REQUEST_FAILED,,,,,
77699097,REQUEST_FAILED,,,,,
77699374,deadAbandoned,BOOMER ELLA,"Dec. 24, 2009","Sophia, LLC",,kwright@sophiaforlife.com
77699283,REQUEST_FAILED,,,,,
77699299,REQUEST_FAILED,,,,,
77699377,deadAbandoned,DOUBLES CHESS,"Dec. 16, 2009","ROLLING, HENRY",,dcpltd@aol.com
77699368,deadAbandoned,CUBE CHECKERS,"Dec. 16, 2009","ROLLING, HENRY",,dcpltd@aol.com
77699346,REQUEST_FAILED,,,,,
77699383,REQUEST_FAILED,,,,,
77699491,deadAbandoned,ANALYTIX ON DEMAND,"Dec. 18, 2009","Analytix On Demand, Inc.",,roger.lindsay@analytixondemand.com
77699475,REQUEST_FAILED,,,,,
77699689,deadAbandoned,DENOX DEF,"Dec. 29, 2009",Denox LLC,,
77699683,deadAbandoned,DENOX,"Dec. 29, 2009",Denox LLC,,
77699580,REQUEST_FAILED,,,,,
77699754,deadAbandoned,MIO MEDIA INTERACTIVE OBJECT,"Dec. 18, 2009","Akylas Associates, Inc.",,paypal@akylas.com
77699697,REQUEST_FAILED,,,,,
77699756,REQUEST_FAILED,,,,,
77699830,deadAbandoned,VERMONT CHEDDAR CRACKERS,"Dec. 24, 2009",Vermont Common Foods LLC,,jhastings@vermontcountrystore.com
77699808,REQUEST_FAILED,,,,,
77699824,REQUEST_FAILED,,,,,
77699826,REQUEST_FAILED,,,,,
77700025,REQUEST_FAILED,,,,,
77700084,REQUEST_FAILED,,,,,
77700096,REQUEST_FAILED,,,,,
77700365,deadAbandoned,GET REAL WATER,"Dec. 21, 2009",DIGITAL WELLE LLC,,redrockcorporatesolutions@gmail.com
77700325,REQUEST_FAILED,,,,,
77700357,REQUEST_FAILED,,,,,
77700542,deadAbandoned,ELEMENTAL HERBOLOGY,"Dec. 20, 2009",Sinequanon Consultancy Ltd,,fiona@elementalherbology.com
77700379,REQUEST_FAILED,,,,,
77700413,REQUEST_FAILED,,,,,
77700476,REQUEST_FAILED,,,,,
77700662,REQUEST_FAILED,,,,,
77701037,deadAbandoned,TICK BUSTER,"Dec. 28, 2009",Dallenbach Racing Inc,,dmg500@att.net
77700997,deadAbandoned,CARBON-PROS,"Dec. 19, 2009","Carbon-Pros, LLC",,jbrancheau@carbon-pros.com
77700974,REQUEST_FAILED,,,,,
77701022,REQUEST_FAILED,,,,,
77701120,REQUEST_FAILED,,,,,
77701157,REQUEST_FAILED,,,,,
77701286,REQUEST_FAILED,,,,,
77701444,deadAbandoned,YOUR PURSE CONNECTION DESIGNER LOOK ALIKE PURSES AT REAL LIFE PRICES!,"Dec. 18, 2009",Your Purse Connection,,lorraine@yourpurseconnection.com
77701381,REQUEST_FAILED,,,,,
77701490,deadAbandoned,THE AGGLOMERATOR,"Dec. 18, 2009",Dennis Ashworth & Associates Limited,,ashworthd@hotmail.com
77701529,deadAbandoned,SCHMIDT'S,"Dec. 19, 2009","Kelly, Gordon",,Kelly7750@bellsouth.net
77701499,deadAbandoned,GLASS MANIA GLASS CLAY,"Dec. 16, 2009","Lehrman-Bon, Lisa, Rae",,lehrmanbon@mtaonline.net
77701454,REQUEST_FAILED,,,,,
77701494,deadAbandoned,G & J,"Dec. 21, 2009",G & J Sports Corporation,,
77701479,REQUEST_FAILED,,,,,
77701595,deadAbandoned,B*TCH,"Dec. 18, 2009",Rethink Management Pty Ltd,,lew@rethinkmanagement.com.au
77701574,REQUEST_FAILED,,,,,
77701609,deadAbandoned,None,"Dec. 26, 2009",Ching Lau,,lulufmlo@hotmail.com
77701603,REQUEST_FAILED,,,,,
77701622,REQUEST_FAILED,,,,,
77701639,REQUEST_FAILED,,,,,
77701785,deadAbandoned,SCARFACE,"Nov. 12, 2009",Neng Feng Wang,,tmregistered@gmail.com
77701729,REQUEST_FAILED,,,,,
77701854,deadAbandoned,NEON NONPROFIT ENTERPRISE ONLINE NETWORK,"Dec. 29, 2009","Z2 Systems, Inc.",,jgordy@z2systems.com
77701763,REQUEST_FAILED,,,,,
77701937,REQUEST_FAILED,,,,,
77701961,REQUEST_FAILED,,,,,
77701977,REQUEST_FAILED,,,,,
77701989,REQUEST_FAILED,,,,,
77702020,REQUEST_FAILED,,,,,
77702009,REQUEST_FAILED,,,,,
77702262,deadAbandoned,SPATUCOVERS,"Dec. 21, 2009",SAFE COOKING LLC,,clynton@tongmitts.com
77702522,deadAbandoned,EXTENDING THE LIFE OF YOUR DATA CENTER,"Dec. 29, 2009",PlanNet Consulting,,mhahka@plannet.net
77702640,deadAbandoned,STOCK-U-FINISH,"Dec. 18, 2009",McKillip Industries,,jmckillip@usadocufinish.com
77702597,REQUEST_FAILED,,,,,
77702605,REQUEST_FAILED,,,,,
77702715,deadAbandoned,DISCOVERY,"Dec. 24, 2009",Rostam Batmanglij,,
77702655,REQUEST_FAILED,,,,,
77702739,REQUEST_FAILED,,,,,
77702817,REQUEST_FAILED,,,,,
77702844,REQUEST_FAILED,,,,,
77702922,deadAbandoned,THRIVE,"Dec. 23, 2009","Thrive Counseling, LLC",,
77702895,deadAbandoned,HTC MAX,"Nov. 17, 2009",HTC CORPORATION,,kathy.callahan@bracewell.com
77702870,REQUEST_FAILED,,,,,
77702967,REQUEST_FAILED,,,,,
77703044,REQUEST_FAILED,,,,,
77703048,REQUEST_FAILED,,,,,
77703529,deadAbandoned,I'VE BEEN STIMULATED,"Dec. 21, 2009","Katz, Benjamin B",,Benjamin.b.katz@gmail.com
77703449,deadAbandoned,URBAN WINEMAKERS COOPERATIVE,"Dec. 25, 2009","Krause Family Cellars, LLC",,joe@cinderwines.com
77703307,REQUEST_FAILED,,,,,
77703369,REQUEST_FAILED,,,,,
77703681,REQUEST_FAILED,,,,,
77703665,REQUEST_FAILED,,,,,
77703695,REQUEST_FAILED,,,,,
77703736,REQUEST_FAILED,,,,,
77703745,REQUEST_FAILED,,,,,
77703767,REQUEST_FAILED,,,,,
77703799,deadAbandoned,FOREST BLEND,"Nov. 13, 2009",kim godsey,,kim.godsey@yahoo.com
77703864,REQUEST_FAILED,,,,,
77704040,REQUEST_FAILED,,,,,
77704057,REQUEST_FAILED,,,,,
77704126,REQUEST_FAILED,,,,,
77704147,REQUEST_FAILED,,,,,
77704178,REQUEST_FAILED,,,,,
77704543,deadAbandoned,GREAT WHITE TEE,"Dec. 18, 2009","THE VERY BEST, INC.",,
77704270,REQUEST_FAILED,,,,,
77704493,deadAbandoned,CONNECT LEGAL SERVICES,"Dec. 23, 2009","Connect Marketing Solutions, Inc.",,
77704594,deadAbandoned,VIDEO I GAMES,"Dec. 29, 2009","Video i Games, Inc.",,dsanders@yadantcorp.com
77704497,REQUEST_FAILED,,,,,
77704730,deadAbandoned,JONA'S PIZZA,"Dec. 22, 2009","Almaliah, Osnat",,Osnatalmaliah@aol.com
77704739,deadAbandoned,FC ANAHEIM,"Dec. 29, 2009","Football Club of Anaheim, Inc.",,bollier@sbcglobal.net
77704635,REQUEST_FAILED,,,,,
77704642,REQUEST_FAILED,,,,,
77704847,deadAbandoned,WALUA BROS. COFFEE CO.,"Dec. 21, 2009",Walua Rising Inc.,,spmurrayss@yahoo.com
77704871,deadAbandoned,BIERMOSA,"Dec. 23, 2009","MATEVEZA USA, LLC",,jim@mateveza.com
77704930,deadAbandoned,RICKY BLUES,"Dec. 24, 2009","rivard, enrique j",,enriquerivard@yahoo.com
77704831,REQUEST_FAILED,,,,,
77704886,REQUEST_FAILED,,,,,
77704926,REQUEST_FAILED,,,,,
77705084,deadAbandoned,III,"May 18, 2009",PUBCOMPANY s.r.l.,,
77705090,REQUEST_FAILED,,,,,
77705143,REQUEST_FAILED,,,,,
77705235,REQUEST_FAILED,,,,,
77705331,REQUEST_FAILED,,,,,
77705353,REQUEST_FAILED,,,,,
77705443,REQUEST_FAILED,,,,,
77705627,deadAbandoned,QUAD BAND SPECTRUM,"Dec. 26, 2009",Sunshine Systems,,larry@sunshine-systems.com
77705490,REQUEST_FAILED,,,,,
77705728,deadAbandoned,HOUSE CALL MEDICAL CARE,"Dec. 29, 2009",TURNERSVILLE INTERNAL MEDICINE & GERIATRICS,,IMRAN.ALI@AMPAKPRO.COM
77705734,deadAbandoned,SOFT SIESTA,"Dec. 23, 2009","D-Zee Textiles, LLC",,zafar@dzeetextiles.com
77705671,deadAbandoned,AIO PREMIUM CELLULAR HEALTH,"Dec. 11, 2009",Matthew Henninger,,ddechelfin@vcorpservices.com
77705705,REQUEST_FAILED,,,,,
77705731,REQUEST_FAILED,,,,,
77705846,deadAbandoned,FLOWBOARDER MAGAZINE,"Dec. 28, 2009",Prescher Jason M,,jason@flowboardermag.com
77705798,REQUEST_FAILED,,,,,
77705878,deadAbandoned,MEMORY MYSTERY,"Aug. 17, 2009",Blue Opal Australia Pty Ltd,,aholzer@blueopal.com.au
77705885,deadAbandoned,VISUAL DIFFERENCES,"Dec. 22, 2009",Blue Opal Australia Pty Ltd,,aholzer@blueopal.com.au
77705871,deadAbandoned,MANGOSLIM,"Dec. 24, 2009","IdealCleanse, LLC",,cb@idealcleanse.com
77705980,deadAbandoned,KARNES,"Dec. 24, 2009",KARNES RESEARCH COMPANY LLC,,ajenkins@karnesco.com
77705876,REQUEST_FAILED,,,,,
77705970,REQUEST_FAILED,,,,,
77706048,REQUEST_FAILED,,,,,
77706095,REQUEST_FAILED,,,,,
77706193,REQUEST_FAILED,,,,,
77706242,REQUEST_FAILED,,,,,
77706267,REQUEST_FAILED,,,,,
77706392,REQUEST_FAILED,,,,,
77706519,deadAbandoned,FRESH,"Dec. 18, 2009","THE VERY BEST, INC.",,
77706665,deadAbandoned,"LEGIT DOESKI 1,000,000 1,000,000 IN GOD WE TRUST THE USA ONE NATION 1,000,000 1,000,000","Dec. 24, 2009","Longstreet, Justin D/ Judah Global Enterprises Inc.",,manwitaplan09@yahoo.com
77706785,deadAbandoned,SPARK.LY,"Dec. 31, 2009","Sparkly, LLC",,sm@fund2it.com
77706613,REQUEST_FAILED,,,,,
77706866,deadAbandoned,COMO BLACK EST.1985,"Jun. 22, 2009","Tucker, Courtney M",,
77706741,REQUEST_FAILED,,,,,
77706884,deadAbandoned,THE BUSTLE,"Dec. 24, 2009",The Bustle LLC,,abrough@san.rr.com
77706839,deadAbandoned,CONSCIOUS DEVELOPMENT,"Dec. 29, 2009",andrew dolan,,consciousdevelopment@yahoo.com
77706937,deadAbandoned,E-ESCROW,"Dec. 27, 2009","Yu, Aeran",,aeranyu@gmail.com
77706951,deadAbandoned,STÆRK,"Dec. 24, 2009","Stærk, Camilla",,camillastaerk@mac.com
77706847,REQUEST_FAILED,,,,,
77707027,deadAbandoned,THE 44TH ELECT,"Nov. 17, 2009","Mason, Bianca C",,masonbianca@att.net
77706983,REQUEST_FAILED,,,,,
77706996,REQUEST_FAILED,,,,,
77707001,REQUEST_FAILED,,,,,
77707024,REQUEST_FAILED,,,,,
77707046,REQUEST_FAILED,,,,,
77707087,REQUEST_FAILED,,,,,
77707093,REQUEST_FAILED,,,,,
77707156,deadAbandoned,MIMI MIYAGI,"Dec. 29, 2009","Hoover, Liberty",,m@miminet.com
77707138,REQUEST_FAILED,,,,,
77707342,deadAbandoned,ACAI DEFENSE,"Dec. 24, 2009",Green Health LLC,,talismanbooks@lycos.com
77707155,REQUEST_FAILED,,,,,
77707516,deadAbandoned,DAILY BASIS,"Dec. 31, 2009",Tropical Oasis Inc,,terry@tropicaloasis.com
77707345,REQUEST_FAILED,,,,,
77707419,REQUEST_FAILED,,,,,
77707389,REQUEST_FAILED,,,,,
77707604,REQUEST_FAILED,,,,,
77707895,REQUEST_FAILED,,,,,
77707900,REQUEST_FAILED,,,,,
77707904,REQUEST_FAILED,,,,,
77708013,deadAbandoned,OVERHEADSOLUTION.COM TAKING STORAGE TO A WHOLE NEW LEVEL,"Dec. 29, 2009","One-O-Nine Investments, Inc.",,tayna@overheadsolution.com
77708103,deadAbandoned,ALABAMA SMITH,"Dec. 18, 2009","Alawar Entertainment, Inc",,vadim@alawar.com
77708101,deadAbandoned,FREEZER CUBES,"Dec. 25, 2009",Alfio Bucceri,,bucceri@powerup.com.au
77708081,REQUEST_FAILED,,,,,
77708106,REQUEST_FAILED,,,,,
77708284,deadAbandoned,KARMAPAK,"Dec. 29, 2009",Fashion Accessory Bazaar (FAB)/Starpoint,,jacqueline.boyce@fabny.com
77708147,REQUEST_FAILED,,,,,
77708310,deadAbandoned,JOY SKINCARE,"Dec. 28, 2009",Healthy Transformations Inc.,,info@joyskincare.com
77708286,deadAbandoned,KARMAPAK,"Dec. 29, 2009",Fashion Accessory Bazaar (FAB)/Starpoint,,jacqueline.boyce@fabny.com
77708190,REQUEST_FAILED,,,,,
77708331,REQUEST_FAILED,,,,,
77708360,REQUEST_FAILED,,,,,
77708406,REQUEST_FAILED,,,,,
77708537,deadAbandoned,"TAXES, MINIMIZED. WEALTH, MAXIMIZED.","Nov. 24, 2009",Small Business Accountancy and Consulting Corporation,,americasbestaccountant@yahoo.com
77708837,deadAbandoned,WEATHERBIRD,"Jun. 23, 2009",Pulitzer Publishing Company,,bnicol@l-wlaw.com
77708536,REQUEST_FAILED,,,,,
77708890,REQUEST_FAILED,,,,,
77708986,REQUEST_FAILED,,,,,
77708996,REQUEST_FAILED,,,,,
77709117,deadAbandoned,ORGANIC MATTRESS DIRECT,"Dec. 28, 2009",Organic Mattress Direct,,sugarvalley20@yahoo.com
77709118,deadAbandoned,THE VENT BOYS,"Dec. 28, 2009",The Vent Boys L.L.C.,,theventboys@gmail.com
77709083,REQUEST_FAILED,,,,,
77709335,deadAbandoned,YOUR MARKETING DEPARTMENT WHERE BUSINESS GOES TO GROW,"Dec. 31, 2009","Your Marketing Dept., Inc.",,GWilson@neb.rr.com
77709174,REQUEST_FAILED,,,,,
77709382,deadAbandoned,FREESTYLE MUSIC PARK MYRTLE BEACH,"Dec. 29, 2009","FPI MB Entertainment, LLC",,
77709389,deadAbandoned,FREESTYLE MUSIC PARK MYRTLE BEACH,"Dec. 29, 2009","FPI MB Entertainment, LLC",,
77709448,deadAbandoned,STRATEGIC LOGIC LLC,"Dec. 29, 2009",Strategic Logic LLC,,nikhil.shah@strategiclogic.net
77709243,REQUEST_FAILED,,,,,
77709473,deadAbandoned,None,"Dec. 29, 2009",Shore Marketing a Division of Special Markets Incorporated,,Npace@specialmarketsinc.com
77709357,REQUEST_FAILED,,,,,
77709752,deadAbandoned,MEDEHR ELECTRONIC HEALTH RECORDS POWERED BY MEDTRON,"Jul. 27, 2009","MCDANIEL RALPH T., JR.",,shaun@medtronsoftware.com
77709450,REQUEST_FAILED,,,,,
77709782,deadAbandoned,MEDWEB PRACTICE MANAGEMENT SYSTEM POWERED BY MEDTRON,"Jun. 19, 2009","MCDANIEL RALPH T., JR.",,shaun@medtronsoftware.com
77709827,deadAbandoned,PREMIER CUTS,"Dec. 29, 2009","Steinbacher, Sabin",,sabinbeau@yahoo.com
77709588,REQUEST_FAILED,,,,,
77709899,deadAbandoned,PINK TV,"Aug. 27, 2009","Clinger, Bryan D",,bclinger2000@yahoo.com
77709825,REQUEST_FAILED,,,,,
77709833,REQUEST_FAILED,,,,,
77710080,deadAbandoned,GET CARRIED AWAY,"Dec. 25, 2009",Urban Porter Inc.,,urban.porter@yahoo.com
77710088,deadAbandoned,NEXT TRADE RISKXPOSURE,"Dec. 19, 2009","FTEN, Inc.",,
77710101,deadAbandoned,NEXT TRADE RISK CONTROL,"Dec. 19, 2009","FTEN, Inc.",,
77710162,deadAbandoned,ORGANIC BRAT,"Dec. 25, 2009",Gregory M Toepfer,,gtoepfer@bratdiet.org
77710095,deadAbandoned,NEXT TRADE RISK MANAGEMENT,"Dec. 19, 2009","FTEN, Inc.",,
77709999,REQUEST_FAILED,,,,,
77710021,REQUEST_FAILED,,,,,
77710192,deadAbandoned,GO GREEN DESIGN GROUP,"Dec. 29, 2009","Green, Mary",,greendesigngroup@mac.com
77710203,deadAbandoned,HIGH ROLLER ENERGY DRINK,"Dec. 29, 2009",DDK IMPORTS,,daniel@highrollerenergy.com
77710175,REQUEST_FAILED,,,,,
77710187,REQUEST_FAILED,,,,,
77710235,deadAbandoned,DOMYNO,"Dec. 31, 2009","Merrill, Kyle Lee",,domino_takeover@yahoo.com
77710198,REQUEST_FAILED,,,,,
77710734,deadAbandoned,SHOPSASSYBAGS,"Dec. 30, 2009",Carolyn Cabral,,contactus@shopsassybags.com
77710896,deadAbandoned,"KOSHUNA, NEIGHBORS IN BUSINESS","Dec. 30, 2009",Koshuna LLC,,devin@koshuna.com
77710324,REQUEST_FAILED,,,,,
77710428,REQUEST_FAILED,,,,,
77710955,deadAbandoned,YOGA BIKES,"Dec. 29, 2009",Pacific Alternative Vehicles LLC,,info@pacificebike.com
77710948,deadAbandoned,TV PIGS,"Dec. 29, 2009","Boulware, Robert",,rob@tvpigs.com
77710943,deadAbandoned,"""NICKY PIGG""","Dec. 29, 2009","Boulware, Robert",,rob@tvpigs.com
77710972,deadAbandoned,DACOQ,"Dec. 30, 2009",Keisuke Aonuma,,emilion@aloha.net
77710932,REQUEST_FAILED,,,,,
77711093,deadAbandoned,DACOQ,"Dec. 29, 2009","Aonuma, Keisuke",,emilion@aloha.net
77710938,REQUEST_FAILED,,,,,
77711089,REQUEST_FAILED,,,,,
77711323,deadAbandoned,SCHOOL 2.0,"Dec. 29, 2009","Critical Links, S.A.",,abdul.kasim@critical-links.com
77711435,deadAbandoned,LUCKY,"Dec. 29, 2009",Judy C. Chen,,ehpce@yahoo.com
77711235,REQUEST_FAILED,,,,,
77711218,REQUEST_FAILED,,,,,
77711476,REQUEST_FAILED,,,,,
77711515,deadAbandoned,THE BACKSTAGE PASS,"Dec. 31, 2009","indieclectic, inc",,dan@indieclectic.com
77711963,deadAbandoned,YOURJDE.COM,"Dec. 30, 2009","De Vos, Eric, J",,ejdevos@das-europe.info
77711885,REQUEST_FAILED,,,,,
77711962,REQUEST_FAILED,,,,,
77712019,deadAbandoned,PED POLISHER PROFESSIONAL FOOT FILE,"Dec. 31, 2009",Lawrence Militti,,jpmilitti@gmail.com
77712059,deadAbandoned,EKO BABA,"Dec. 29, 2009","Get The Word Out Promotions, LLC",,vt3123@tampabay.rr.com
77712064,deadAbandoned,THANK YOU,"Dec. 30, 2009","mittelman, elizabeth",,ebryanart@gmail.com
77712077,deadAbandoned,KUBED FIGHT GEAR,"Dec. 29, 2009","Maxfield, Clayton W",,cmaxfield@gmail.com
77712080,deadAbandoned,THUNDER FIGHT GEAR,"Dec. 30, 2009","Maxfield, Clayton W",,cmaxfield@gmail.com
77712056,REQUEST_FAILED,,,,,
77712075,REQUEST_FAILED,,,,,
77712134,deadAbandoned,DRY PETS,"Dec. 29, 2009",DMJ Group Inc,,sales@dmjgroupinc.com
77712185,deadAbandoned,TANGO,"Dec. 30, 2009","De Sotle, Jennifer, M",,jdesotle@optonline.net
77712113,deadAbandoned,NUTRI COR,"Dec. 31, 2009",NutriCor International Inc.,,agribart@aol.com
77712090,REQUEST_FAILED,,,,,
77712114,deadAbandoned,EAR BUDS,"Dec. 30, 2009",Digitat Concepts,,richard@digitatconcepts.com
77712164,REQUEST_FAILED,,,,,
77712181,REQUEST_FAILED,,,,,
77712313,deadAbandoned,COMPENSATION DATA,"Dec. 31, 2009",Dolan Technologies Corporation,,akaminski@compdatasurveys.com
77712623,deadAbandoned,OXYTRIM,"Dec. 29, 2009",Amerikal Nutraceutical Corporation,,wicky@amerikal.net
77712398,REQUEST_FAILED,,,,,
77712400,REQUEST_FAILED,,,,,
77712539,REQUEST_FAILED,,,,,
77712644,REQUEST_FAILED,,,,,
77712850,deadAbandoned,COMPLETE CLEANSE,"Nov. 30, 2009",Naturade Operating Corp.,,rick.robinette@naturade.com
77712999,REQUEST_FAILED,,,,,
77713135,deadAbandoned,BEHAVIORAL DIAGNOSTICS,"Dec. 31, 2009",Robert A Philibert,,robert-philibert@uiowa.edu
77713020,REQUEST_FAILED,,,,,
77713211,deadAbandoned,MEMBERADVANTAGE,"Dec. 30, 2009",AutoMate LLC,,acrossman@automate.us.com
77713064,REQUEST_FAILED,,,,,
77713348,deadAbandoned,DIRT CHOCOLATE,"Dec. 31, 2009",GETTIA LLC,,
77713299,REQUEST_FAILED,,,,,
77713495,REQUEST_FAILED,,,,,
77713849,deadAbandoned,MODA180° ONE HUNDRED EIGHTY DEGREES OF COMFORT AND STYLE,"Dec. 31, 2009","Smythe Furniture Holdings, LLC",,nelson.torres@vzw.blackberry.net
77713538,REQUEST_FAILED,,,,,
77713904,deadAbandoned,B A B R BAY AREA BORN RAISED,"Dec. 30, 2009",Jesse J. Angress,,jangress@gmail.com
77713648,REQUEST_FAILED,,,,,
77713879,REQUEST_FAILED,,,,,
77714249,deadAbandoned,RED HOT TOXIC WASTE,"Dec. 31, 2009","Circle City Marketing & Distributing, Inc.",,
77713916,REQUEST_FAILED,,,,,
77713989,REQUEST_FAILED,,,,,
77714637,deadAbandoned,NOM,"Dec. 31, 2009","NOM, LLC",,mg@wearenom.com
77714394,deadAbandoned,LAW-TYPE DUDE,"Dec. 31, 2009","Rogers, Drew Douglas",,drewrogersjd@yahoo.com
77714857,deadAbandoned,RECESS A PLAYFUL BALANCE FOR TEACHERS,"Aug. 09, 2009","Jackson, Junekia M.",,j.jackson@hackensackschools.org
77714301,REQUEST_FAILED,,,,,
77714395,REQUEST_FAILED,,,,,
77716881,REQUEST_FAILED,,,,,
77716961,REQUEST_FAILED,,,,,
77718922,deadAbandoned,BDR,"Dec. 10, 2009",Cleaning Systems Inc.,,tkrug@cleaningsystemsinc.com
77718459,REQUEST_FAILED,,,,,
77718039,REQUEST_FAILED,,,,,
77719196,deadAbandoned,RELIEVE RX,"Nov. 25, 2009","Ultimaxx, LLC",,lomax007@aol.com
77719291,REQUEST_FAILED,,,,,
77721169,deadAbandoned,RODEO RICHES,"Dec. 22, 2009",Ainsworth Game Technology Limited,,tom.davidson@ainsworth.com.au
77720342,REQUEST_FAILED,,,,,
77720244,REQUEST_FAILED,,,,,
77722326,REQUEST_FAILED,,,,,
77722528,REQUEST_FAILED,,,,,
77723000,REQUEST_FAILED,,,,,
77723579,REQUEST_FAILED,,,,,
77723867,REQUEST_FAILED,,,,,
77725656,deadAbandoned,MICROCAMIRA,"Dec. 28, 2009",Thermoteknix Systems Ltd.,,s.hothersall@thermoteknix.com
77724314,REQUEST_FAILED,,,,,
77724860,REQUEST_FAILED,,,,,
77725722,REQUEST_FAILED,,,,,
77725789,REQUEST_FAILED,,,,,
77726746,deadAbandoned,FOUNDATION,"Nov. 08, 2009",THE W.H. BROWNYARD CORPORATION,,
77727615,deadAbandoned,None,"Dec. 11, 2009",Calvin H.A. Robinson,,calvin@localsystemsadvertising.com
77727544,REQUEST_FAILED,,,,,
77727697,REQUEST_FAILED,,,,,
77727751,REQUEST_FAILED,,,,,
77730961,deadAbandoned,EGIRL,"Dec. 26, 2009",Islands On-Line Ltd.,,
77734118,deadAbandoned,TIFFANY MEDICAL RECORDS,"Oct. 09, 2009",Medical Efficiency Systems,,jdavidthompson@sbcglobal.net
77732077,REQUEST_FAILED,,,,,
77735965,deadAbandoned,GREEN IS MORE THAN JUST A COLOR.,"Dec. 11, 2009",Joan Bradley,,mphillips@jbashtingroup.com
77733206,REQUEST_FAILED,,,,,
77737677,deadAbandoned,FRESCO FRESCO VINO,"Oct. 06, 2009","Cahill, Jonathan",,jonathan.cahill1@googlemail.com
77735447,REQUEST_FAILED,,,,,
77737174,deadAbandoned,None,"Dec. 26, 2009","Fonseca, Charles Bossy",,LIVEBOSSY@GMAIL.COM
77738822,deadAbandoned,None,"Nov. 17, 2009",Cameron Spencer,,cameronspencer@netvigator.com
77738850,deadAbandoned,APHRODISIA,"Jul. 08, 2009",CGE Enterprises LLC,,jhastings@vermontcountrystore.com
77737916,REQUEST_FAILED,,,,,
77738454,REQUEST_FAILED,,,,,
77738635,REQUEST_FAILED,,,,,
77743031,deadAbandoned,CARDISURE,"Jun. 08, 2009",Ayush Herbs Inc.,,
77740395,REQUEST_FAILED,,,,,
77740523,REQUEST_FAILED,,,,,
77741551,REQUEST_FAILED,,,,,
77747201,deadAbandoned,EDEN,"Dec. 31, 2009",Ubisoft Entertainment,,
77743091,REQUEST_FAILED,,,,,
77745392,REQUEST_FAILED,,,,,
77746627,REQUEST_FAILED,,,,,
77747806,REQUEST_FAILED,,,,,
77759710,deadAbandoned,BUTTERFLY QUILTING & SCRAPBOOKING GARDEN,"Jun. 25, 2009","BUCKLEY, SUZAN J",,SUZANBUCKLEY@HOTMAIL.COM
77760358,deadAbandoned,NISSAN GIANT,"Jul. 22, 2009",Hugh M. Metheny,,hueymetheny@aol.com
77763936,deadAbandoned,SCENT2O,"Dec. 22, 2009","Hardaway, Jennifer",,jenniferhardaway@sbcglobal.net
77759508,REQUEST_FAILED,,,,,
77769689,deadAbandoned,MJ'S DANCE FLOOR,"Oct. 12, 2009","SAFO-AGYEKUM, KWABENA A.",,Kwabena.Safo-Agyekum@ms.com
77770253,deadAbandoned,I-VITES,"Dec. 18, 2009","Northwest Natural Products, Inc.",,
77770706,deadAbandoned,ZONABUCKS,"Aug. 25, 2009",ZonaBucks LLC,,adam@zonabucks.com
77760727,REQUEST_FAILED,,,,,
77770616,deadAbandoned,LOYALTY CARD SHOW & SAVE,"Oct. 01, 2009",Smoky Mountains Resorts Inc,,info@letsgotothesmokies.com
77768978,REQUEST_FAILED,,,,,
77770792,deadAbandoned,DECLARATION OF FREEDOM,"Dec. 14, 2009",Declaration of Freedom Inc,,yohannpejon@aol.com
77772538,REQUEST_FAILED,,,,,
77775281,REQUEST_FAILED,,,,,
77776122,REQUEST_FAILED,,,,,
77778891,REQUEST_FAILED,,,,,
77782604,REQUEST_FAILED,,,,,
77783038,REQUEST_FAILED,,,,,
77783273,REQUEST_FAILED,,,,,
77787935,REQUEST_FAILED,,,,,
77788663,deadAbandoned,MICHAEL JACKSON,"Aug. 19, 2009","Pawel, Marcus",,map@arcor.de
77793998,deadAbandoned,M2JAVA,"Oct. 23, 2009",NETFECTIVE TECHNOLOGY S.A.,,B.CARTIAUX@NETFECTIVE.COM
77788298,REQUEST_FAILED,,,,,
77791402,REQUEST_FAILED,,,,,
77792824,REQUEST_FAILED,,,,,
77802328,deadAbandoned,CHUNK,"Dec. 09, 2009",FreshSide Limited,,
77800810,REQUEST_FAILED,,,,,
77808645,deadAbandoned,PURISTICS,"Sep. 01, 2009","Holmes,Valerie,L",,vholmes2@verizon.net
77812362,deadAbandoned,PAMPANO,"Dec. 08, 2009",F.L.NAVARRO LTD,,flnavarro@theartisancollection.us
77811313,deadAbandoned,STORY SNOOPS JUDGE A BOOK BY MORE THAN ITS COVER.,"Dec. 11, 2009",StorySnoops,,jennagel@verizon.net
77814183,deadAbandoned,THUMBS UP!,"Oct. 07, 2009",Primrose School Franchising Company,,bsposito@primroseschools.com
77810023,REQUEST_FAILED,,,,,
77808263,REQUEST_FAILED,,,,,
77820137,deadAbandoned,TREASURE MANIA,"Nov. 02, 2009",UBISOFT ENTERTAINMENT,,
77813339,REQUEST_FAILED,,,,,
77816006,deadAbandoned,SEXBOX,"Oct. 11, 2009",SXC,,frankieaotv@gmail.com
77816077,REQUEST_FAILED,,,,,
77821851,REQUEST_FAILED,,,,,
77828568,deadAbandoned,COWBOYS CORRAL,"Oct. 27, 2009",Cowboys Corral,,dan@cowboyscorral.com
77830162,deadAbandoned,GAMEEDGE,"Oct. 07, 2009",Blue Yonder Gaming Corp,,Nick@BYGaming.com
77833611,deadAbandoned,UR BUTTON FOR IPHONE,"Dec. 28, 2009","Abramson, Steven J",,stevea@hamptons.com
77828308,REQUEST_FAILED,,,,,
77836297,deadAbandoned,"ROYAL KERATIN TREATMENT NO MORE HAIR DAMAGE, NO MORE HAIR DRAMA","Dec. 03, 2009",The Keratin Connection Inc,,cmacdo1188@aol.com
77838851,deadAbandoned,MEZOMASK,"Oct. 30, 2009",LEVITANSKIY DMITRIY,,taxationaccounting@yahoo.com
77838855,deadAbandoned,NANOMASK,"Oct. 30, 2009",LEVITANSKIY DMITRIY,,taxationaccounting@yahoo.com
77844045,deadAbandoned,THE BLACK SKULL UNION,"Dec. 22, 2009",Steve Chengwen Yang,,gtptf@ms43.hinet.net
77838579,REQUEST_FAILED,,,,,
77844964,deadAbandoned,MARLBORO,"Nov. 25, 2009",Utensil Pty Limited,,utensil@trang.com.au
77846634,deadAbandoned,COMFORT PLUS,"Nov. 05, 2009","Enalasys, Inc.",,docketing@pelaw.net
77839006,REQUEST_FAILED,,,,,
77840277,REQUEST_FAILED,,,,,
77842123,REQUEST_FAILED,,,,,
77849330,REQUEST_FAILED,,,,,
77855436,REQUEST_FAILED,,,,,
77873997,deadAbandoned,COMB VODKA,"Dec. 01, 2009","StilltheOne Distillery, LLC",,ed@stilltheonedistillery.com
77861632,REQUEST_FAILED,,,,,
77866734,deadAbandoned,METRIC MONITOR,"Dec. 01, 2009","Freischmidt, Benjamin",,benfrei@hotmail.com
77865440,REQUEST_FAILED,,,,,
77882564,REQUEST_FAILED,,,,,
77899113,REQUEST_FAILED,,,,,
77975240,REQUEST_FAILED,,,,,
77975579,REQUEST_FAILED,,,,,
77976683,deadAbandoned,START SPACE GAMES,"Sep. 04, 2009","START SPACE GAMES, INC.",,csiegert@the80sgame.com
78013218,deadAbandoned,GO2-100,"Oct. 19, 2009","Galomb, David E",,
77975826,REQUEST_FAILED,,,,,
77976296,REQUEST_FAILED,,,,,
78013221,deadAbandoned,GOTO100,"Oct. 19, 2009","Galomb, David E",,
78001319,deadAbandoned,TALK411,"Jul. 09, 2009","Alpdemir, Ahmet H.",,
77977086,REQUEST_FAILED,,,,,
78014348,deadAbandoned,TWELFTH TITAN,"Sep. 17, 2009",12 Man/Tennessee,,
78001327,deadAbandoned,FRUIT POPPERS,"Feb. 16, 2009","Peper, Mark, R",,
78048976,deadAbandoned,BEENY,"Apr. 13, 2009","Positive Product Consultants, LLC",,
78089636,deadAbandoned,LET'S ROLL...,"May 12, 2009","Sheriff, Parlean",,
78030817,REQUEST_FAILED,,,,,
78046615,REQUEST_FAILED,,,,,
78083365,REQUEST_FAILED,,,,,
78100872,REQUEST_FAILED,,,,,
78160843,deadAbandoned,ASIAN MENU,"Nov. 06, 2009","JKL Specialty Foods, Inc.",,judy.chan@asianmenusauces.com
78148370,REQUEST_FAILED,,,,,
78150873,REQUEST_FAILED,,,,,
78160360,REQUEST_FAILED,,,,,
78201075,deadAbandoned,None,"Jun. 15, 2009","Trommer, Evan B.",,
78176502,REQUEST_FAILED,,,,,
78178769,REQUEST_FAILED,,,,,
78211502,deadAbandoned,COPPERLAN,"Aug. 03, 2009",Klavis Technologies,,info@klavis.com
78204974,REQUEST_FAILED,,,,,
78206193,REQUEST_FAILED,,,,,
78235878,REQUEST_FAILED,,,,,
78260201,deadAbandoned,THE LANDLORDS GAME,"Sep. 07, 2009",Imagination Holdings Pty Ltd.,,sarah.wishart@imagination.com.au
78260156,deadAbandoned,CREATURE SNEAKERS WALK ON THE WILD SIDE,"Jun. 04, 2009","Fisher, William Zachary",,fatfishman@aol.com
78263242,deadAbandoned,GALACTIC VOYAGER,"Jan. 12, 2009","EKKLE, INC.",,adrian@ekkle.com
78268920,deadAbandoned,UKAN,"May 11, 2009",Shawn Thomas,,
78256728,REQUEST_FAILED,,,,,
78261212,REQUEST_FAILED,,,,,
78270245,REQUEST_FAILED,,,,,
78263166,REQUEST_FAILED,,,,,
78293716,REQUEST_FAILED,,,,,
78300543,REQUEST_FAILED,,,,,
78312433,deadAbandoned,38TH PARALLEL TECHNOLOGY,"Apr. 27, 2009","38th Parallel Technology, LLC",,
78305351,REQUEST_FAILED,,,,,
78320585,deadAbandoned,ICG,"Dec. 30, 2009",ICG FINANCIAL LLC,,
78316826,deadAbandoned,CAPITAL ENGINES,"Dec. 09, 2009",Paul Grey,,pgrey@yahoo.com
78316406,REQUEST_FAILED,,,,,
78327294,REQUEST_FAILED,,,,,
78348478,deadAbandoned,QUANTUM LASER LIGHT SYSTEM,"Feb. 09, 2009","A Major Difference, Inc. & Robert Moroney",,
78335467,REQUEST_FAILED,,,,,
78335436,REQUEST_FAILED,,,,,
78352022,deadAbandoned,BIG WHEEL KIDS,"Apr. 13, 2009","ALPHA INTERNATIONAL, INC.",,
78353073,deadAbandoned,GYPSY KIDS,"Jun. 09, 2009",Frank DiLiberto,,Nerbo@msn.com
78350217,REQUEST_FAILED,,,,,
78357218,deadAbandoned,COMMONSENSE,"Apr. 06, 2009","Sensible Health, LLC",,alexceruzz@aol.com
78360334,deadAbandoned,SIMPLICITY FOR CHILDREN,"Jan. 24, 2009","SFCA, INC.",,
78362450,deadAbandoned,YARDS,"Jun. 08, 2009","May, Jeffrey A.",,
78357306,REQUEST_FAILED,,,,,
78358072,REQUEST_FAILED,,,,,
78361685,REQUEST_FAILED,,,,,
78363762,REQUEST_FAILED,,,,,
78376578,deadAbandoned,YES,"Nov. 27, 2009",YES International AG,,
78371040,REQUEST_FAILED,,,,,
78372490,REQUEST_FAILED,,,,,
78376642,REQUEST_FAILED,,,,,
78383838,REQUEST_FAILED,,,,,
78386397,REQUEST_FAILED,,,,,
78388324,REQUEST_FAILED,,,,,
78394166,deadAbandoned,OLI,"Dec. 18, 2009","OLI, LLC",,
78395931,REQUEST_FAILED,,,,,
78403773,deadAbandoned,JET,"Jul. 10, 2009",Colatec Limited,,cod@colatec.com
78402631,deadAbandoned,OLERT,"Feb. 16, 2009","Overstock.com, Inc.",,
78403780,deadAbandoned,MANDALA,"Jan. 26, 2009","Rickel, Valerie",,val_art@earthlink.net
78408255,deadAbandoned,ELITE,"Feb. 13, 2009","Elite Textiles, Inc.",,
78420716,deadAbandoned,T@NGO,"Aug. 10, 2009","NNBBD Productions, LLC",,kevin@fueldog.com
78415505,REQUEST_FAILED,,,,,
78423757,deadAbandoned,HEALTHY KIDS,"Feb. 16, 2009",MEREDITH CORPORATION,,mlerner@ssbb.com
78421696,REQUEST_FAILED,,,,,
78426158,deadAbandoned,PARKWAY THEATRE,"Dec. 23, 2009","Grant, John R. dba Parkway Theatre Revitalization Initiative, Inc.",,reddawg@speakeasy.net
78431545,deadAbandoned,FAR CRY,"Apr. 29, 2009","UBISOFT, INC.",,
78430911,REQUEST_FAILED,,,,,
78431592,REQUEST_FAILED,,,,,
78431845,REQUEST_FAILED,,,,,
78438187,deadAbandoned,BITTLESBEE,"Aug. 23, 2009","Jack, Robert C.",,rcjack@wowway.com
78433007,REQUEST_FAILED,,,,,
78435856,REQUEST_FAILED,,,,,
78438744,REQUEST_FAILED,,,,,
78445712,REQUEST_FAILED,,,,,
78448108,REQUEST_FAILED,,,,,
78449165,REQUEST_FAILED,,,,,
78455337,deadAbandoned,MOTIVENTURE,"Apr. 10, 2009","MOTIVENTURE, LLC",,correspondence@motiventure.com
78449166,REQUEST_FAILED,,,,,
78458972,deadAbandoned,VITEK,"Jan. 22, 2009",Eric M. Meckes,,
78454045,REQUEST_FAILED,,,,,
78454216,REQUEST_FAILED,,,,,
78464046,deadAbandoned,EX-PLY,"Apr. 13, 2009",INTERNATIONAL PAPER COMPANY,,stephanie.haupt@ipaper.com
78469431,deadAbandoned,1-877-YELLOWPAGES TOLLFREEYELLOWPAGES.COM LET YOUR PHONE DO THE WALKING. AMERICA'S FIRST TOLL FREE YELLOW PAGES,"May 01, 2009","Toll Free Yellow Pages, Corp.",,YellowPagesInc@aol.com
78464385,REQUEST_FAILED,,,,,
78474554,deadAbandoned,LUNATIC,"Jun. 01, 2009","Achilles, Peter M.",,peter.achilles@web.de
78475373,deadAbandoned,BLACK REPORT,"Nov. 16, 2009","RICHARD JONES MEDIA, LLC",,rjones2000@gmail.com
78474122,REQUEST_FAILED,,,,,
78475027,REQUEST_FAILED,,,,,
78479130,deadAbandoned,AFROQUEEN,"Nov. 16, 2009","Gatzek, Werner J.",,wernergatzek@worldnet.att.net
78478833,REQUEST_FAILED,,,,,
78486927,deadAbandoned,ZENO,"Apr. 20, 2009",ZENO CORPORATION,,
78487412,deadAbandoned,SUN DRENCHED TWILL,"Jan. 06, 2009","VICTORIA'S SECRET DIRECT BRAND MANAGEMENT, LLC",,
78486998,deadAbandoned,CLEARPOINT,"Dec. 28, 2009",ZENO CORPORATION,,
78484307,REQUEST_FAILED,,,,,
78487406,deadAbandoned,I AGREE,"Apr. 06, 2009",STELOR PRODUCTIONS LLC,,
78486932,REQUEST_FAILED,,,,,
78490397,deadAbandoned,ARS AURES,"Mar. 28, 2009","Nizzola, Giuseppe",,nizzolag@gmail.com
78491375,deadAbandoned,SEEQUANTA,"Apr. 13, 2009",Digirad Corporation,,
78491953,deadAbandoned,SELLO DE ORO,"May 04, 2009","Alicorp, S.A.",,
78492786,deadAbandoned,SUNSOURCED,"Jan. 05, 2009",E. I. DU PONT DE NEMOURS AND COMPANY,,
78491147,REQUEST_FAILED,,,,,
78494081,deadAbandoned,CAST IN SHADOWS,"Aug. 03, 2009","Branch, Brian",,
78492081,REQUEST_FAILED,,,,,
78494392,REQUEST_FAILED,,,,,
78498823,deadAbandoned,PRO-LURE I.T.S.,"Jan. 12, 2009","Pro-LURE, LLC",,
78502172,deadAbandoned,MEDITRIVIA,"Mar. 02, 2009","Global Merchants International, LLC",,
78503025,deadAbandoned,PORTLAND,"Nov. 09, 2009","Homer TLC, Inc.",,trade_marks@homedepot.com
78504639,deadAbandoned,PUMA,"Apr. 02, 2009",PUMA ENERGY INTERNATIONAL S.A.,,lrossotti@lauritsensrl.com
78507229,deadAbandoned,TRUE INTOXICANTS,"Mar. 02, 2009","Global Merchants International, LLC",,
78504151,REQUEST_FAILED,,,,,
78507227,deadAbandoned,REAL INTOXICANTS,"Mar. 02, 2009","Global Merchants International, LLC",,
78507594,REQUEST_FAILED,,,,,
78511020,REQUEST_FAILED,,,,,
78513529,REQUEST_FAILED,,,,,
78513300,REQUEST_FAILED,,,,,
78517528,deadAbandoned,DDI IMAGING CENTER,"Jan. 23, 2009","ddi Joint Ventures, L.L.C.",,steve@ddiu.com
78514188,REQUEST_FAILED,,,,,
78519716,deadAbandoned,RASPUTIN,"Nov. 23, 2009",Varujan Gabuchian,,rasputinmail@yahoo.com
78520629,deadAbandoned,ATI ADVENTURE GEARS,"Sep. 11, 2009",ARCADIA TRADING LLC,,sales@arcadiatrading.com
78519068,REQUEST_FAILED,,,,,
78520517,deadAbandoned,SHOSHOLOZA RAINBOWNATION,"Nov. 09, 2009",CUNICSAR VINTNERS cc,,kc5@pixie.co.za
78519453,REQUEST_FAILED,,,,,
78526382,deadAbandoned,CLEARLY OUTSMARTS PIMPLES,"Feb. 09, 2009",ZENO CORPORATION,,
78525781,REQUEST_FAILED,,,,,
78526387,REQUEST_FAILED,,,,,
78526400,REQUEST_FAILED,,,,,
78531721,deadAbandoned,EVERSTAR,"Jul. 06, 2009","Homer TLC, Inc.",,trade_marks@homedepot.com
78527676,REQUEST_FAILED,,,,,
78535916,deadAbandoned,ALSIN,"Mar. 16, 2009","DALIAN F.T.Z. MAYLONG RESOURCES CO., LIMITED",,la03@netvigator.com
78535956,deadAbandoned,DESIGN VIEW,"Jul. 06, 2009","Homer TLC, Inc.",,trade_marks@homedepot.com
78532865,REQUEST_FAILED,,,,,
78534303,REQUEST_FAILED,,,,,
78536283,REQUEST_FAILED,,,,,
78539862,deadAbandoned,REALITY FIGHTER,"Oct. 26, 2009",3W Solutions LLC,,flashvoter@yahoo.com
78537219,REQUEST_FAILED,,,,,
78539710,REQUEST_FAILED,,,,,
78539510,REQUEST_FAILED,,,,,
78545185,deadAbandoned,EPIPHANINE,"Mar. 30, 2009","Zimmerman, Marc E.",,zmmmrs@msn.com
78544349,REQUEST_FAILED,,,,,
78544382,REQUEST_FAILED,,,,,
78554556,deadAbandoned,REPUTATION DNS,"Apr. 06, 2009",MARKMONITOR INC.,,
78550592,REQUEST_FAILED,,,,,
78554566,deadAbandoned,REPUTATIONAL DATABASE,"Apr. 06, 2009",MARKMONITOR INC.,,
78552947,REQUEST_FAILED,,,,,
78554562,REQUEST_FAILED,,,,,
78554564,REQUEST_FAILED,,,,,
78555480,REQUEST_FAILED,,,,,
78556448,deadAbandoned,GOO SHOOZE,"Nov. 27, 2009","Moran, Janine M.",,
78556392,REQUEST_FAILED,,,,,
78558631,deadAbandoned,CREME D'OR,"Mar. 02, 2009","OSEZ VOUS? INTERNATIONAL SPIRITS, LLC",,rcooper@jacquins.com
78558372,deadAbandoned,MEEM,"Jun. 08, 2009","Imeem, Inc.",,
78558256,REQUEST_FAILED,,,,,
78561077,REQUEST_FAILED,,,,,
78563395,REQUEST_FAILED,,,,,
78564328,REQUEST_FAILED,,,,,
78567202,REQUEST_FAILED,,,,,
78567255,REQUEST_FAILED,,,,,
78567785,REQUEST_FAILED,,,,,
78571039,deadAbandoned,SIZE MATTERS,"Nov. 16, 2009","Conde, Jason",,
78571027,deadAbandoned,SELF MADE,"Apr. 13, 2009","Conde, Jason",,
78572843,deadAbandoned,KETCHUPMAN,"Mar. 09, 2009","Girard, Vincent",,
78575087,deadAbandoned,KING,"Nov. 24, 2009","ALL NATURE EXPRESS,INC",,allnaturexpress@bellsouth.net
78575975,deadAbandoned,LIPODISSOLVE,"Mar. 03, 2009",American Society of Aesthetic Lipodissolve,,
78576892,deadAbandoned,YOUR MUSIC NOW,"May 11, 2009","Your Music Now, LLC",,toddbemak@gmail.com
78573299,REQUEST_FAILED,,,,,
78573959,REQUEST_FAILED,,,,,
78575461,REQUEST_FAILED,,,,,
78581181,deadAbandoned,GALACTIC,"Jun. 22, 2009",Ekkle Inc.,,adrian@ekkle.com
78581937,deadAbandoned,WARMZALL,"Nov. 09, 2009","Stinson, Terrie",,
78585964,deadAbandoned,MERCOUT HG,"Jan. 23, 2009","Dooley, Bruce R.",,jrudhall@mercout.com
78582425,REQUEST_FAILED,,,,,
78582871,REQUEST_FAILED,,,,,
78587135,deadAbandoned,TWICE- AS- NICE ENTERTAINMENT RECORDS 2,"Nov. 03, 2009",Twice as nice entertainment records,,twiceasnicerecords@yahoo.com
78586006,REQUEST_FAILED,,,,,
78587191,deadAbandoned,KITCHEN PARTY,"Mar. 23, 2009",Dehmel Sales & Marketing Inc,,rdehmel@eastlink.ca
78588733,REQUEST_FAILED,,,,,
78589164,REQUEST_FAILED,,,,,
78593064,deadAbandoned,ACTIVE 10,"Jun. 01, 2009",Eric Peterson,,admin@puritylabs.co.uk
78595147,deadAbandoned,MOBIUS MICROSYSTEMS,"Jul. 13, 2009",Mobius Microsystems Incorporated,,
78591001,REQUEST_FAILED,,,,,
78598728,deadAbandoned,MALIBUM,"Jan. 19, 2009","HAMERNIK, MICHAEL J.",,mhamernik@aol.com
78593473,REQUEST_FAILED,,,,,
78593867,REQUEST_FAILED,,,,,
78597543,deadAbandoned,RED O,"May 18, 2009","Overstock.com, Inc.",,
78602488,deadAbandoned,BRING HOME THE FINEST HOTELS ONE ROOM AT A TIME,"Mar. 30, 2009",HOTELUXURY INC.,,
78599643,REQUEST_FAILED,,,,,
78601121,REQUEST_FAILED,,,,,
78605053,deadAbandoned,L LENNY'S,"Sep. 29, 2009",Sei Brothers LLC,,
78602618,REQUEST_FAILED,,,,,
78607364,deadAbandoned,PERMEATEX,"Feb. 19, 2009","Northwest Linings & Geotextile Products, Inc.",,rodn@northwestlinings.com
78608004,deadAbandoned,MENTAL SHELF SPACE,"Jan. 05, 2009","Bontrager, J. Michael",,lindsay@chathamfinancial.com
78604656,REQUEST_FAILED,,,,,
78604591,REQUEST_FAILED,,,,,
78609595,deadAbandoned,LOLA,"May 18, 2009","OSEZ VOUS? INTERNATIONAL SPIRITS, LLC",,rcooper@jacquins.com
78610039,deadAbandoned,THE STANDARD FOR MARKET FORCE SUSTAINABILITY,"Jan. 26, 2009","THE INTEGRITY INSTITUTE, INC.",,
78609542,deadAbandoned,LOLA SOLEIL,"May 11, 2009","OSEZ VOUS? INTERNATIONAL SPIRITS, LLC",,rcooper@jacquins.com
78607301,REQUEST_FAILED,,,,,
78609747,REQUEST_FAILED,,,,,
78611117,REQUEST_FAILED,,,,,
78613478,deadAbandoned,MILAN KITCHENS,"Nov. 30, 2009","Steel Kitchen Cabinets, Inc.",,
78615476,deadAbandoned,REDBOX EXPRESS,"Oct. 24, 2009","Black, Paul",,paul@paulbrianblack.com
78618634,deadAbandoned,EAU DE FLORENCE,"Aug. 09, 2009","Dario, Zuliani",,progettazione@yahoo.it
78615375,REQUEST_FAILED,,,,,
78622617,deadAbandoned,COQUETTE,"May 18, 2009","OSEZ VOUS? INTERNATIONAL SPIRITS, LLC",,rcooper@jacquins.com
78620530,REQUEST_FAILED,,,,,
78622612,REQUEST_FAILED,,,,,
78623066,REQUEST_FAILED,,,,,
78623167,REQUEST_FAILED,,,,,
78624196,REQUEST_FAILED,,,,,
78624522,deadAbandoned,ROTF,"Oct. 12, 2009","Unique Product Designs, Inc.",,idopromos@aol.com
78624555,REQUEST_FAILED,,,,,
78627996,deadAbandoned,DE SANTOS,"May 25, 2009","Trujillo, Alejandro Gonzalez",,
78625833,REQUEST_FAILED,,,,,
78628297,deadAbandoned,HOMESMARTZ,"Aug. 04, 2009",Joe Frost,,joe@homesmartz.com
78627334,REQUEST_FAILED,,,,,
78628787,REQUEST_FAILED,,,,,
78628927,REQUEST_FAILED,,,,,
78629320,REQUEST_FAILED,,,,,
78631297,deadAbandoned,SWEET REVENGE,"Mar. 02, 2009",Cat's Ass Inc.,,
78631608,deadAbandoned,STREAMGLIDE,"Jan. 05, 2009",E. I. du Pont de Nemours and Company,,
78629780,REQUEST_FAILED,,,,,
78632132,deadAbandoned,TIPPSS,"Jan. 19, 2009","de Monseignat, Bernard",,
78631599,REQUEST_FAILED,,,,,
78631943,REQUEST_FAILED,,,,,
78634117,deadAbandoned,TURKEES,"Aug. 05, 2009","Pifer, Gary L.",,garypifer@hotmail.com
78634434,deadAbandoned,BCM NO SAVINGS.. NO CHARGE! BUSINESS COST MANAGEMENT,"Aug. 24, 2009",BCM Logo,,john@bcmcorporate.com
78632787,REQUEST_FAILED,,,,,
78635563,deadAbandoned,GONE BUNCO,"Jun. 08, 2009",Imagination Holdings Pty Ltd,,sarah.wishart@imagination.com.au
78634317,REQUEST_FAILED,,,,,
78635054,REQUEST_FAILED,,,,,
78637318,deadAbandoned,SUGAR BUZZ,"Aug. 18, 2009","Reed, Wendy L.",,
78639526,REQUEST_FAILED,,,,,
78639717,REQUEST_FAILED,,,,,
78643173,deadAbandoned,TIPPSS,"Mar. 30, 2009","de Monseignat, Bernard",,
78642944,deadAbandoned,HEARKEN,"Aug. 10, 2009","Hearken, LLC",,
78641261,REQUEST_FAILED,,,,,
78643576,deadAbandoned,PERFECT PRESCRIPTION,"Aug. 03, 2009","Custom Nutriceutical Laboratories, Inc.",,
78643843,deadAbandoned,BLACK PEARL VINEYARDS,"Mar. 05, 2009",Rhenosterkop Farming Investments (PTY) Ltd,,info@blackpearlwines.com
78645504,deadAbandoned,"HEARKEN, LLC, CERTIFIED HEALTHCARE CONSULTANTS","Jun. 29, 2009","Hearken, LLC",,
78643848,REQUEST_FAILED,,,,,
78647092,deadAbandoned,UNIFIT,"Feb. 02, 2009","Briggs & Stratton Power Products Group, LLC",,
78651701,deadAbandoned,LOOKSTER,"Aug. 04, 2009","Internet Retail Billing, Inc.",,sales@retailbilling.com
78651802,deadAbandoned,WORLD SECURE,"Mar. 02, 2009",Tumbleweed Communications Corp.,,
78647451,REQUEST_FAILED,,,,,
78652780,deadAbandoned,KISSES TO HEAVEN,"Jul. 13, 2009","Scandurra, Ona E.",,
78652653,deadAbandoned,EXPONITE,"Jan. 19, 2009",Thomas J Tarnowski,,tomtarnowski@dow.com
78649523,REQUEST_FAILED,,,,,
78654685,deadAbandoned,GAMES ON THE GO - HOURS OF ROAD TRIP FUN,"Jan. 05, 2009",Imagination Holdings Pty Ltd,,sarah.wishart@imagination.com.au
78651683,REQUEST_FAILED,,,,,
78653994,deadAbandoned,MAGNETIC BLACKHEAD WAX,"Jan. 05, 2009",SOAP & GLORY LIMITED,,juditht@brandhandling.com
78652638,REQUEST_FAILED,,,,,
78658506,deadAbandoned,VIVAH.COM,"Nov. 13, 2009",Jasani Parag D,,pjasani@vsnl.com
78654734,REQUEST_FAILED,,,,,
78659687,REQUEST_FAILED,,,,,
78660263,REQUEST_FAILED,,,,,
78662313,deadAbandoned,HAVANANIGHTSHOW,"Oct. 05, 2009","Viashow, Inc.",,
78662324,deadAbandoned,"VARA HOME FASHION CO., LTD","May 01, 2009","Be, Mary",,Marybe@varahome.com
78662164,deadAbandoned,WELLSPOT,"Feb. 02, 2009","WELLSPOT, INC.",,
78661827,REQUEST_FAILED,,,,,
78662528,deadAbandoned,YOU'LL SEE A DIFFERENCE NOT A DOCTOR,"Feb. 02, 2009","Bath & Body Works, Inc.",,
78663464,deadAbandoned,OUTLOOK INN,"Jan. 18, 2009","Outlook Inn, Inc.",,
78662436,REQUEST_FAILED,,,,,
78663338,REQUEST_FAILED,,,,,
78666366,REQUEST_FAILED,,,,,
78666755,REQUEST_FAILED,,,,,
78668593,deadAbandoned,PRECISION CONNECT,"Mar. 16, 2009",CHOICEPOINT PRECISION MARKETING INC.,,jacqueline.gregorski@lexisnexis.com
78668580,REQUEST_FAILED,,,,,
78670658,deadAbandoned,A.BIZ,"Apr. 06, 2009","GQXZP2, LLC",,
78670681,deadAbandoned,Z.COM,"Jul. 27, 2009","GQXZP2, LLC",,
78669795,REQUEST_FAILED,,,,,
78670119,REQUEST_FAILED,,,,,
78670687,deadAbandoned,Z.NET,"Feb. 23, 2009","GQXZP2, LLC",,
78670736,deadAbandoned,M.BIZ,"Jan. 19, 2009","GQXZP2, LLC",,
78670730,deadAbandoned,M.NET,"Mar. 30, 2009","GQXZP2, LLC",,
78670754,deadAbandoned,G.BIZ,"Apr. 06, 2009","GQXZP2, LLC",,
78670467,REQUEST_FAILED,,,,,
78670651,REQUEST_FAILED,,,,,
78670689,deadAbandoned,Z.BIZ,"Jan. 26, 2009","GQXZP2, LLC",,
78673406,deadAbandoned,VIRISORB,"Aug. 10, 2009",AMCOL International Corporation,,
78671791,REQUEST_FAILED,,,,,
78672109,REQUEST_FAILED,,,,,
78674850,deadAbandoned,STATINMATE,"Feb. 16, 2009","AVESTHAGEN, INC.",,
78675422,deadAbandoned,RED LIGHT DISTRICT,"Jun. 29, 2009","Joseph, David",,
78680157,deadAbandoned,YETI,"Mar. 03, 2009",SUISUN COMPANY LIMITED,,suisunco@netvigator.com
78676745,REQUEST_FAILED,,,,,
78681206,deadAbandoned,WORLD BUNCO CHAMPIONSHIP,"Dec. 02, 2009",Imagination Holdings Pty Ltd,,hostmaster@imagination.com.au
78682071,deadAbandoned,LITTLE DIVA,"May 01, 2009","Kasper, Christine S",,chris@littlediva.com
78682425,deadAbandoned,TOP TUCKER,"Apr. 28, 2009",Kimberly Hogan,,
78679412,REQUEST_FAILED,,,,,
78680067,REQUEST_FAILED,,,,,
78681391,REQUEST_FAILED,,,,,
78682070,REQUEST_FAILED,,,,,
78685286,deadAbandoned,RAP,"Nov. 09, 2009","Rapaport, Martin",,ip@diamonds.net
78682307,REQUEST_FAILED,,,,,
78687138,deadAbandoned,3D2DMAX,"Aug. 03, 2009",3D2DMAX Limited,,mdawe@neuratron.com
78687448,deadAbandoned,HAVE YOUR FILL,"Mar. 30, 2009",SOAP & GLORY LIMITED,,juditht@brandhandling.com
78684338,REQUEST_FAILED,,,,,
78687358,deadAbandoned,ASSURITI,"May 21, 2009","The Leganno Trust - Anstat Pty Ltd the trustees comprising Alan Schwartz an Australian citizen, Carol Schwartz, an Australian citizen and Jacob Weinmann, an Australian citizen",,lisa.thomas@anstat.com.au
78685577,REQUEST_FAILED,,,,,
78685787,REQUEST_FAILED,,,,,
78689161,deadAbandoned,JACKPOT DICE,"Jul. 20, 2009",Imagination Holdings Pty Ltd,,sarah.wishart@imagination.com.au
78689441,deadAbandoned,LUDIVINE,"Aug. 24, 2009","OSEZ VOUS? INTERNATIONAL SPIRITS, LLC",,rcooper@jacquins.com
78689911,deadAbandoned,MISS MEGHAN,"Aug. 10, 2009","Miss Meghan Media, Inc.",,
78690691,deadAbandoned,DIGITAL UTILITIES,"Sep. 21, 2009","Community Digital Utilities Group, Inc.",,
78688841,REQUEST_FAILED,,,,,
78689439,REQUEST_FAILED,,,,,
78689481,REQUEST_FAILED,,,,,
78691986,deadAbandoned,DIAL AN ANGEL,"Aug. 03, 2009",Dial-An-Angel Pty Limited,,
78692292,deadAbandoned,YACHT DICE,"Nov. 02, 2009",Imagination Holdings Pty Ltd,,hostmaster@imagination.com.au
78693059,deadAbandoned,PREMIUM NUTRITION AT A PRICE YOU CAN AFFORD,"Mar. 09, 2009","Dad's Products Company, Inc.",,Tsienterprise@swbell.net
78691435,REQUEST_FAILED,,,,,
78692042,REQUEST_FAILED,,,,,
78692088,REQUEST_FAILED,,,,,
78692295,REQUEST_FAILED,,,,,
78694056,REQUEST_FAILED,,,,,
78695535,REQUEST_FAILED,,,,,
78696958,REQUEST_FAILED,,,,,
78697088,REQUEST_FAILED,,,,,
78698447,deadAbandoned,GLAM GURLZ,"Apr. 30, 2009","PRECIOUS FORMALS, INC.",,
78699247,deadAbandoned,CAROLINKS,"Mar. 09, 2009","Carolina Linkages, LLC",,
78697460,REQUEST_FAILED,,,,,
78700583,deadAbandoned,ENCLAVES GROUP,"Mar. 02, 2009","Enclaves Group, Inc.",,
78699381,REQUEST_FAILED,,,,,
78699564,REQUEST_FAILED,,,,,
78699859,REQUEST_FAILED,,,,,
78703625,deadAbandoned,FOOD FOR YOUR MIND,"Mar. 30, 2009",FOOD FOR YOUR MIND,,
78702999,deadAbandoned,GOLDEN OPTIMA,"Nov. 12, 2009",GEQUMZIMBA MARKETING,,chris@gequmzimba.com
78700930,REQUEST_FAILED,,,,,
78702021,REQUEST_FAILED,,,,,
78704195,deadAbandoned,PRODUCT VELOCITY,"Nov. 16, 2009","Boe, Erik",,eriknboe@yahoo.com
78703108,REQUEST_FAILED,,,,,
78705663,deadAbandoned,HYPE TV HOW YOU PICTURE ENTERTAINMENT,"Jun. 04, 2009","Dawes, Maria M.",,
78706392,deadAbandoned,BAILOUT BUDDY,"Sep. 21, 2009","Life-Pack Technologies, Inc.",,robtleon@yahoo.com
78707307,deadAbandoned,TUXFORD,"Mar. 16, 2009","Homer TLC, Inc.",,trade_marks@homedepot.com
78707361,deadAbandoned,EDGEWATER,"Mar. 23, 2009","Homer TLC, Inc.",,trade_marks@homedepot.com
78705847,REQUEST_FAILED,,,,,
78706379,REQUEST_FAILED,,,,,
78707373,deadAbandoned,DOLCE,"Mar. 23, 2009","Homer TLC, Inc.",,trade_marks@homedepot.com
78709852,deadAbandoned,OVERSTOCKED.COM,"Apr. 13, 2009","Overstock.com, Inc.",,
78708483,REQUEST_FAILED,,,,,
78711433,deadAbandoned,CASH MOUNTAIN,"Oct. 12, 2009",Imagination Holdings Pty Ltd,,hostmaster@imagination.com.au
78710411,REQUEST_FAILED,,,,,
78714088,deadAbandoned,IEC INSIGHT EDUCATIONAL CONSULTING,"Jan. 16, 2009",Insight Educational Consulting Corp.,,
78714504,deadAbandoned,POWER PERFORMANCE FITNESS,"Apr. 06, 2009","Riverside Investments Co., Inc.",,riverside@ix.netcom.com
78711439,REQUEST_FAILED,,,,,
78711888,REQUEST_FAILED,,,,,
78716111,deadAbandoned,TEXAS BLUFF,"Apr. 06, 2009",Enginuity LLC,,andy@enginuity.com
78715748,REQUEST_FAILED,,,,,
78716070,REQUEST_FAILED,,,,,
78717204,REQUEST_FAILED,,,,,
78718374,deadAbandoned,MODEL CADDIES,"Jul. 14, 2009","Burkhart, Kenda",,
78717540,deadAbandoned,SLEEPING DRAGON,"Sep. 28, 2009","OSEZ VOUS? INTERNATIONAL SPIRITS, LLC",,rcooper@jacquins.com
78718112,REQUEST_FAILED,,,,,
78719546,deadAbandoned,SUPER MAX,"Mar. 27, 2009","Daimer Industries, Inc.",,sales@daimer.com
78718261,REQUEST_FAILED,,,,,
78720144,deadAbandoned,None,"Sep. 28, 2009","Noble View, LLC",,
78720154,deadAbandoned,GOODWORKS,"Sep. 14, 2009","Noble View, LLC",,
78719741,deadAbandoned,BELLE THE PUG,"Sep. 14, 2009",PugTale Publishing,,shassler@snet.net
78719704,REQUEST_FAILED,,,,,
78719947,REQUEST_FAILED,,,,,
78720871,REQUEST_FAILED,,,,,
78724031,REQUEST_FAILED,,,,,
78724990,deadAbandoned,DRAWZ,"Jul. 17, 2009",Tyrone Tate,,
78724336,REQUEST_FAILED,,,,,
78727677,deadAbandoned,LUTECOL,"Oct. 19, 2009","INVESTIGACIONES QUIMICAS Y FARMACEUTICAS, S.A.",,psv@agansa.net
78728346,deadAbandoned,HAPPY-GO-LUCKY,"Apr. 06, 2009","GAMES 4 YOU, LLC",,
78725130,REQUEST_FAILED,,,,,
78726347,REQUEST_FAILED,,,,,
78728634,deadAbandoned,VU,"Apr. 20, 2009","OSEZ VOUS? INTERNATIONAL SPIRITS, LLC",,rcooper@jacquins.com
78729303,deadAbandoned,REGGAETON,"Aug. 24, 2009","GUERRA INDUSTRIES, LLC",,jary@bostelmedia.com
78729163,REQUEST_FAILED,,,,,
78729649,REQUEST_FAILED,,,,,
78730109,REQUEST_FAILED,,,,,
78730904,REQUEST_FAILED,,,,,
78734893,REQUEST_FAILED,,,,,
78736752,REQUEST_FAILED,,,,,
78738249,REQUEST_FAILED,,,,,
78738817,deadAbandoned,CASHOOGLE,"Mar. 31, 2009","French, Jennifer Lynn",,jenniferdarin2002@yahoo.com
78738378,REQUEST_FAILED,,,,,
78739787,deadAbandoned,CRYO Y CIX,"Feb. 16, 2009","Eagle Environmental Technologies, Ltd",,egvr@aol.com
78739007,REQUEST_FAILED,,,,,
78740226,REQUEST_FAILED,,,,,
78744059,deadAbandoned,QUIZ NITE - THE DVD TRIVIA GAME,"Feb. 16, 2009",Imagination Holdings Pty Ltd,,sarah.wishart@imagination.com.au
78743994,deadAbandoned,BITE SIZE BOOKS,"Nov. 09, 2009",Imagination Ventures Pty Ltd,,sarah.wishart@imagination.com.au
78744044,deadAbandoned,THE R A D A R REPORT,"Jul. 01, 2009","Gallagher, William R.",,billyzero@djboy.com
78745347,deadAbandoned,VECTRA,"May 01, 2009",World of Tobacco,,
78743092,REQUEST_FAILED,,,,,
78743591,REQUEST_FAILED,,,,,
78744926,deadAbandoned,ULTRA-DPAK,"Apr. 27, 2009",Alpha and Omega Semiconductor Limited,,jchen@aosmd.com
78744324,REQUEST_FAILED,,,,,
78747925,deadAbandoned,LUXURY,"Jun. 18, 2009","Shell, Printis S",,
78747811,REQUEST_FAILED,,,,,
78748684,REQUEST_FAILED,,,,,
78749325,REQUEST_FAILED,,,,,
78750984,deadAbandoned,TRU SOLID SURFACE,"Jan. 26, 2009","Homer TLC, Inc.",,trade_marks@homedepot.com
78751183,deadAbandoned,LONO,"Nov. 02, 2009","Lono Medical Systems, LLC",,
78750942,deadAbandoned,HAPPY CANYON WINERY,"Feb. 09, 2009","garvin, christian",,
78750363,REQUEST_FAILED,,,,,
78752744,deadAbandoned,BUDGET ONE MORTGAGE INC. THE BEST CHOICE EVERY TIME!,"Aug. 10, 2009",BUDGET ONE MORTGAGE,,naomi@budgetonemortgage.com
78751457,REQUEST_FAILED,,,,,
78751765,REQUEST_FAILED,,,,,
78753758,deadAbandoned,GAMESTAR LIVE IN THE USA,"Jan. 26, 2009",Imagination Holdings Pty Ltd,,hostmaster@imagination.com.au
78754615,deadAbandoned,OVERSTOCK.COM AUCTIONS,"Apr. 13, 2009","Overstock.com, Inc.",,
78755749,deadAbandoned,GLOBAL HEALTHCARE INFORMATION EXCHANGE NETWORK (GHIEN),"Feb. 17, 2009","eMedicalFiles, Inc.",,rcmumc@aol.com
78753740,REQUEST_FAILED,,,,,
78753756,REQUEST_FAILED,,,,,
78755655,REQUEST_FAILED,,,,,
78756998,deadAbandoned,BUSINESS HOURS,"May 18, 2009","Brady, Leslie L.",,
78756678,REQUEST_FAILED,,,,,
78758867,deadAbandoned,ARTHRO DYNAMICS,"May 25, 2009","Stubbs, Allston J",,stubbs_aj@hotmail.com
78757748,REQUEST_FAILED,,,,,
78759062,REQUEST_FAILED,,,,,
78759845,REQUEST_FAILED,,,,,
78765210,deadAbandoned,BAKE A DATE,"Aug. 24, 2009","kleinfelder, Susan J",,doors4025@hotmail.com
78765708,deadAbandoned,360,"Oct. 19, 2009","Signorella, Ric",,
78765179,REQUEST_FAILED,,,,,
78768058,deadAbandoned,PORTABLE FILM FESTIVAL,"Feb. 12, 2009",Simon Goodrich,,simon@portablecontent.com
78769013,deadAbandoned,EZ-SHEET,"Apr. 21, 2009","DeBono, Brenda",,
78767202,REQUEST_FAILED,,,,,
78767212,REQUEST_FAILED,,,,,
78768683,REQUEST_FAILED,,,,,
78768769,REQUEST_FAILED,,,,,
78769606,REQUEST_FAILED,,,,,
78770806,deadAbandoned,COWABUNGA,"Feb. 16, 2009","Lesslie, James",,Jimmy286@aol.com
78771028,deadAbandoned,TAILOR VINTAGE,"Jul. 13, 2009","ROSENTHAL, RICHARD D.",,
78771317,deadAbandoned,SHRUGGED,"Aug. 24, 2009","Aspen MLT, Inc.",,
78771497,deadAbandoned,TAIL-GATORS,"Jan. 19, 2009","SHOMI Productions, Inc.",,
78770264,REQUEST_FAILED,,,,,
78771011,deadAbandoned,TAILOR GOLF,"Jul. 13, 2009","ROSENTHAL, RICHARD D.",,
78772108,REQUEST_FAILED,,,,,
78772987,REQUEST_FAILED,,,,,
78772975,REQUEST_FAILED,,,,,
78776499,deadAbandoned,THE LEGEND OF THE PURPLE PLANET,"Nov. 09, 2009","Spencer, Sabina",,sasuni@aol.com
78774925,REQUEST_FAILED,,,,,
78775285,REQUEST_FAILED,,,,,
78775305,REQUEST_FAILED,,,,,
78778584,deadAbandoned,BEVERLY HILLS CHOPPERS,"Dec. 14, 2009",Beverly Hills Choppers,,
78778569,deadAbandoned,BEVERLY HILLS CHOPPERS,"Dec. 14, 2009",Beverly Hills Choppers,,
78777699,REQUEST_FAILED,,,,,
78778578,deadAbandoned,BEVERLY HILLS CHOPPERS,"Jul. 22, 2009",Beverly Hills Choppers,,
78778817,REQUEST_FAILED,,,,,
78780602,deadAbandoned,VISIONWISE,"Nov. 16, 2009",VeryWise Nutrition Limited,,nkcrawford@aol.com
78780589,REQUEST_FAILED,,,,,
78780650,REQUEST_FAILED,,,,,
78782473,deadAbandoned,WOULD YOU RATHER...?,"Dec. 21, 2009",Falls Media LLC,,leonie.thomson@imagination.com.au
78782868,deadAbandoned,NATURALLY DELICIOUS,"Apr. 20, 2009","Dad's Products Company, Inc.",,Tsienterprise@swbell.net
78781955,REQUEST_FAILED,,,,,
78782502,deadAbandoned,TOY HAULER TRASH,"Apr. 16, 2009","Moulton, Joe S.",,joe@toyhaulertrash.com
78783359,deadAbandoned,PLANTEL,"Dec. 21, 2009","""OPEN TECHNOLOGIES 98""",,sergey_pl@abbyy.com
78784161,deadAbandoned,AV-PRO,"Jul. 13, 2009",M Group LLC,,
78783393,deadAbandoned,CHRONOSTAR,"May 04, 2009",SYNCHRON WATCH GROUP,,rick.marei@doxawatches.com
78785051,deadAbandoned,REV3,"Jan. 14, 2009","REVCUBE MEDIA, INC.",,
78784098,REQUEST_FAILED,,,,,
78785048,REQUEST_FAILED,,,,,
78786547,REQUEST_FAILED,,,,,
78787150,deadAbandoned,KRISTALA GYORI,"Jan. 05, 2009","K. Phoenix Holdings, LLC",,
78787388,deadAbandoned,"""GIVE GAMBLERS THE BEST CHANCE TO WIN.""","Jan. 29, 2009","Harrah's License Company, LLC",,jtyler@harrahs.com
78786920,REQUEST_FAILED,,,,,
78789318,deadAbandoned,MONKEY BRAND,"Sep. 28, 2009",APE Incorporated,,
78787607,REQUEST_FAILED,,,,,
78789433,deadAbandoned,PUTTOMETER,"Feb. 11, 2009",Sportmeter Technologies Inc.,,
78790431,deadAbandoned,LIMITED LUXE,"Nov. 02, 2009","Limco, Inc.",,
78791339,deadAbandoned,GLORY'S INDEPENDENT,"May 11, 2009","OSEZ VOUS? INTERNATIONAL SPIRITS, LLC",,rcooper@jacquins.com
78791363,deadAbandoned,RADIO DELICIOUS,"May 04, 2009","OSEZ VOUS? INTERNATIONAL SPIRITS, LLC",,rcooper@jacquins.com
78789321,REQUEST_FAILED,,,,,
78791388,deadAbandoned,POMMETTE,"Jul. 06, 2009","OSEZ VOUS? INTERNATIONAL SPIRITS, LLC",,rcooper@jacquins.com
78791378,deadAbandoned,PAISLEY SOCIAL CLUB,"Nov. 09, 2009","OSEZ VOUS? INTERNATIONAL SPIRITS, LLC",,rcooper@jacquins.com
78791399,deadAbandoned,SIMPLE SHAKE,"Dec. 28, 2009","OSEZ VOUS? INTERNATIONAL SPIRITS, LLC",,rcooper@jacquins.com
78792026,deadAbandoned,GOOD SAM,"Nov. 30, 2009","Dad's Products Company, Inc.",,Tsienterprise@swbell.net
78792238,deadAbandoned,IFAFA,"May 04, 2009","iFafa Tech, Inc.",,
78792092,deadAbandoned,PAY IT FORWARD,"Nov. 02, 2009",Imagination Ventures Pty Ltd,,sarah.wishart@imagination.com.au
78791386,REQUEST_FAILED,,,,,
78791417,REQUEST_FAILED,,,,,
78796036,deadAbandoned,FIMAX,"Apr. 23, 2009",LOGUS Broadband Wireless Solutions Inc.,,
78795717,REQUEST_FAILED,,,,,
78795870,REQUEST_FAILED,,,,,
78797464,deadAbandoned,CASA VEGA,"Feb. 16, 2009",Casa Vega Entertainment Inc.,,
78796690,REQUEST_FAILED,,,,,
78797485,REQUEST_FAILED,,,,,
78800311,deadAbandoned,STORMREPORT,"Mar. 09, 2009","SKYGRID, INC.",,kevinpomplun@infigrid.com
78797747,REQUEST_FAILED,,,,,
78800325,deadAbandoned,INFIGRID,"Sep. 14, 2009","SKYGRID, INC.",,kevinpomplun@infigrid.com
78800341,deadAbandoned,STORM,"Mar. 16, 2009","SKYGRID, INC.",,kevinpomplun@infigrid.com
78800369,deadAbandoned,STORMALERT,"Mar. 09, 2009","SKYGRID, INC.",,kevinpomplun@infigrid.com
78799326,REQUEST_FAILED,,,,,
78800391,deadAbandoned,STORMFEED,"Mar. 09, 2009","SKYGRID, INC.",,kevinpomplun@infigrid.com
78800398,deadAbandoned,STORMINTELLIGENCE,"Mar. 09, 2009","SKYGRID, INC.",,kevinpomplun@infigrid.com
78800384,deadAbandoned,STORMSEARCH,"Mar. 09, 2009","SKYGRID, INC.",,kevinpomplun@infigrid.com
78802309,deadAbandoned,POM POM,"May 03, 2009","Troika International, Inc.",,f.cabiling@troika-inc.com
78800513,REQUEST_FAILED,,,,,
78800722,REQUEST_FAILED,,,,,
78803896,deadAbandoned,ANA-SYSTEMS,"Oct. 02, 2009","MIS CENTER, INC",,
78804560,deadAbandoned,DISCOVERY COMES FROM PLAY,"Dec. 21, 2009","Tacitus, LLC",,
78803068,REQUEST_FAILED,,,,,
78804141,REQUEST_FAILED,,,,,
78804286,REQUEST_FAILED,,,,,
78805764,deadAbandoned,RED BAY COMMUNICATIONS,"Jan. 19, 2009","Red Bay Communications, LLC",,kfreeman@redbaycom.com
78806407,deadAbandoned,SKY & SON'S INDEPENDENT,"Jul. 27, 2009","OSEZ VOUS? INTERNATIONAL SPIRITS, LLC",,rcooper@jacquins.com
78804683,REQUEST_FAILED,,,,,
78807235,deadAbandoned,"HEAVENLY HUGGABLE FROM ""THE PROMISE LAND"" COLLECTION BY-TRESONDA LARALLE THOMPSON","Jul. 24, 2009","Thompson, Tresonda LaRalle",,avandt@bellsouth.net
78808119,deadAbandoned,GOTGAME.COM,"Feb. 02, 2009","Betteridge, Albert",,
78807440,REQUEST_FAILED,,,,,
78807278,REQUEST_FAILED,,,,,
78807799,REQUEST_FAILED,,,,,
78809195,deadAbandoned,TRUE-G PRODUCTIONS,"Sep. 07, 2009","True-G Productions, Inc.",,
78808125,REQUEST_FAILED,,,,,
78808136,REQUEST_FAILED,,,,,
78811028,deadAbandoned,MFP,"Aug. 10, 2009",The National Restaurant Association Educational Foundation,,
78809354,REQUEST_FAILED,,,,,
78812228,deadAbandoned,NUTRIGRAS,"Feb. 16, 2009","Heritage Fare, Ltd.",,
78811839,deadAbandoned,PORTACAN,"Apr. 27, 2009","Urbanek, Joseph S.",,
78811315,REQUEST_FAILED,,,,,
78811308,REQUEST_FAILED,,,,,
78813038,deadAbandoned,PERSONAL SPACE STATION,"Jul. 27, 2009",Personal Space Technologies B.V.,,mail@arjen.nl
78812793,REQUEST_FAILED,,,,,
78813599,REQUEST_FAILED,,,,,
78814644,REQUEST_FAILED,,,,,
78817760,deadAbandoned,PHANTOM PASS,"Mar. 02, 2009","Gorda, Nelson Alexander",,wizkidzz@hotmail.com
78815313,REQUEST_FAILED,,,,,
78816445,REQUEST_FAILED,,,,,
78818911,deadAbandoned,MIMEDEFENDER,"Aug. 17, 2009",Imencro Software SA.,,
78817803,REQUEST_FAILED,,,,,
78819971,REQUEST_FAILED,,,,,
78819979,REQUEST_FAILED,,,,,
78820051,REQUEST_FAILED,,,,,
78820952,deadAbandoned,BERKLY,"Jun. 01, 2009",Starworks Production Co. Ltd.,,
78821002,deadAbandoned,JIVE,"Mar. 30, 2009",Starworks Production Co. Ltd.,,
78820796,REQUEST_FAILED,,,,,
78822371,deadAbandoned,MYTHICAL,"Dec. 15, 2009","The Mythical Group, LLC",,
78822937,REQUEST_FAILED,,,,,
78823745,deadAbandoned,GREENFOUND,"Jan. 24, 2009","NINGBO GREEN TEXTILE CO., LTD",,
78823836,REQUEST_FAILED,,,,,
78824605,REQUEST_FAILED,,,,,
78825744,deadAbandoned,LEVEL + RED,"Aug. 31, 2009","Kupiec, Greg",,
78824783,REQUEST_FAILED,,,,,
78826642,deadAbandoned,RED LANTERN,"Aug. 10, 2009","Oriental Unlimited, Inc.",,
78826942,deadAbandoned,PERSONALS 4A PURPOSE,"Dec. 14, 2009",4A PURPOSE LLC,,jason@4apurpose.com
78825322,REQUEST_FAILED,,,,,
78826283,deadAbandoned,TEXT 4M,"Jan. 12, 2009","Butler, Teresa, Rae",,teresarae@text4mpublishing.com
78827204,deadAbandoned,BLUESONIC,"May 11, 2009",Computabits Ltd,,mikerc@futurelabs.co.uk
78826356,REQUEST_FAILED,,,,,
78828777,deadAbandoned,SKINNY WIP,"Apr. 13, 2009","Wilkinson, Jeffrey F.",,wilkall@aol.com
78828358,deadAbandoned,REGGAETON,"May 11, 2009","GUERRA INDUSTRIES, LLC",,jary@bostelmedia.com
78828251,REQUEST_FAILED,,,,,
78829470,REQUEST_FAILED,,,,,
78830916,deadAbandoned,PACIFIC GOLD,"Apr. 06, 2009",Asia Pacific Food Industries Pty. Limited,,
78830050,REQUEST_FAILED,,,,,
78831729,deadAbandoned,THAI GOURMET,"Apr. 13, 2009",Asia Pacific Food Industries Pty. Limited,,
78831765,deadAbandoned,GAMESTAR LIVE,"Dec. 21, 2009",Imagination Holdings Pty Ltd,,hostmaster@imagination.com.au
78833693,deadAbandoned,DERMA-POD,"Jan. 06, 2009",SILHOUET-TONE LTD.,,
78833639,REQUEST_FAILED,,,,,
78835870,deadAbandoned,MIMI THE ANGEL,"Feb. 23, 2009",MIMI PUBLISHING INC.,,
78836240,deadAbandoned,CAT-A-PALOOZA,"Jan. 05, 2009","Dad's Products Co., Inc.",,Tsienterprise@swbell.net
78835245,REQUEST_FAILED,,,,,
78836097,deadAbandoned,AFTER DARK EXOTIC COOLERS,"Feb. 02, 2009","MIXMASTER BEVERAGE COMPANY, LLC.",,
78836243,deadAbandoned,PUPPY-PALOOZA,"Jan. 05, 2009","Dad's Products Co., Inc.",,Tsienterprise@swbell.net
78836241,REQUEST_FAILED,,,,,
78836915,REQUEST_FAILED,,,,,
78839149,deadAbandoned,INSTALL ATRIUM INSTILL CONFIDENCE,"Mar. 30, 2009","GE BUSINESS FINANCIAL SERVICES INC., AS COLLATERAL AGENT",,
78837187,REQUEST_FAILED,,,,,
78839994,deadAbandoned,FRAMESCAPE,"Sep. 14, 2009","The Formula, LLC",,
78838960,deadAbandoned,CLASSLINK ONTRACK,"Jun. 15, 2009","ClassLink, Inc.",,bids@classlink.com
78837796,REQUEST_FAILED,,,,,
78840000,deadAbandoned,AIR WAREHOUSE,"Jan. 19, 2009","CLOCKWORK IP, LLC",,docketing@pelaw.net
78839318,REQUEST_FAILED,,,,,
78839915,REQUEST_FAILED,,,,,
78846292,deadAbandoned,LOS DRAGONES DE LA REINA,"Mar. 09, 2009","Villegas, Sergio E",,usmarca-dragones@yahoo.com
78845569,deadAbandoned,A BETTER WAY TO SEE THINGS,"Oct. 12, 2009","Formula, LLC, The",,
78845578,deadAbandoned,"ELEGANT FORM, INTELLIGENT FUNCTION","Aug. 31, 2009","The Formula, LLC",,
78846103,REQUEST_FAILED,,,,,
78847390,deadAbandoned,PIRAHNA POKER,"Aug. 24, 2009","Greene, Stephanie",,stephaniegreene@pvh.com
78846414,REQUEST_FAILED,,,,,
78846759,REQUEST_FAILED,,,,,
78848554,deadAbandoned,POWERFILL,"Sep. 07, 2009",B H TRANSITION LIMITED,,juditht@brandhandling.com
78847629,REQUEST_FAILED,,,,,
78849152,REQUEST_FAILED,,,,,
78850880,deadAbandoned,MINATES,"Mar. 10, 2009","Garimella, Kiran, K",,kiran@minates.com
78849283,REQUEST_FAILED,,,,,
78849926,REQUEST_FAILED,,,,,
78852011,REQUEST_FAILED,,,,,
78852154,REQUEST_FAILED,,,,,
78854386,REQUEST_FAILED,,,,,
78854598,REQUEST_FAILED,,,,,
78855755,deadAbandoned,MMR,"Mar. 09, 2009","Utherverse, Inc.",,
78855541,deadAbandoned,MMOR,"Mar. 09, 2009","Utherverse, Inc.",,
78855699,deadAbandoned,MASSIVELY MULTIUSER REALITY,"Mar. 09, 2009","Utherverse, Inc.",,
78855094,REQUEST_FAILED,,,,,
78858054,deadAbandoned,AXIAL VECTOR,"Nov. 16, 2009",Axial Vector Engine Corporation,,
78855887,REQUEST_FAILED,,,,,
78856275,REQUEST_FAILED,,,,,
78857064,REQUEST_FAILED,,,,,
78858332,deadAbandoned,GOSPOP,"Mar. 17, 2009","Williams, Anthony C., II",,
78858353,deadAbandoned,TACOMA TUSSLE,"Apr. 20, 2009","Northwest Gridiron Promotions, L.L.C.",,azimmerman@nwgridiron.com
78857359,REQUEST_FAILED,,,,,
78859468,deadAbandoned,BEAT THE BUZZER,"Jul. 06, 2009",Imagination Holdings Pty Ltd,,sarah.wishart@imagination.com.au
78859081,REQUEST_FAILED,,,,,
78860274,REQUEST_FAILED,,,,,
78860539,REQUEST_FAILED,,,,,
78862695,deadAbandoned,SIAM SURF COMPANY,"Sep. 21, 2009",Siam Surf Company,,info@siamsurfcompany.com
78862924,deadAbandoned,MADE FOR ME,"Apr. 08, 2009","SALUGEN, INC.",,
78861987,REQUEST_FAILED,,,,,
78861996,REQUEST_FAILED,,,,,
78862950,REQUEST_FAILED,,,,,
78864687,REQUEST_FAILED,,,,,
78865208,deadAbandoned,SS M16,"Mar. 23, 2009",Interco Tire Corporation,,wguidry@intercotire.com
78864855,REQUEST_FAILED,,,,,
78866443,deadAbandoned,SPLINTER CELL,"Nov. 16, 2009","Ubisoft, Inc.",,
78865634,REQUEST_FAILED,,,,,
78866078,REQUEST_FAILED,,,,,
78866157,REQUEST_FAILED,,,,,
78868639,deadAbandoned,WILL POWER,"Feb. 16, 2009","Lustbader, Scott",,sales@willpowerproducts.com
78868016,REQUEST_FAILED,,,,,
78868172,REQUEST_FAILED,,,,,
78868502,REQUEST_FAILED,,,,,
78868616,REQUEST_FAILED,,,,,
78869612,deadAbandoned,ECO-RUBBER,"Apr. 06, 2009","Eco-$mart, Inc.",,mross@ecosmartinc.com
78869606,deadAbandoned,ARE YOU LINKED?,"Mar. 30, 2009",Linx Dating LLC,,amy@linxdating.com
78869595,deadAbandoned,BEAT DA BOMB,"Sep. 08, 2009",Imagination Holdings Pty Ltd,,sarah.wishart@imagination.com.au
78868806,REQUEST_FAILED,,,,,
78869288,REQUEST_FAILED,,,,,
78871077,deadAbandoned,CADIA,"Feb. 02, 2009",CHOICEPOINT SERVICES INC.,,jacqueline.gregorski@lexisnexis.com
78869859,REQUEST_FAILED,,,,,
78869958,REQUEST_FAILED,,,,,
78871878,deadAbandoned,ASSASSIN,"Nov. 16, 2009","Ubisoft, Inc.",,
78871104,deadAbandoned,CADIA,"Mar. 23, 2009",CHOICEPOINT SERVICES INC.,,jacqueline.gregorski@lexisnexis.com
78871921,deadAbandoned,ASSASSIN,"Nov. 23, 2009","Ubisoft, Inc.",,
78871057,REQUEST_FAILED,,,,,
78874251,deadAbandoned,MANCARD.COM,"Nov. 10, 2009","Mancard.com, Inc.",,
78874740,REQUEST_FAILED,,,,,
78877241,deadAbandoned,P,"Sep. 08, 2009",PROVIDENT INTELLECTUAL PROPERTY LLC,,
78875875,REQUEST_FAILED,,,,,
78878376,REQUEST_FAILED,,,,,
78878422,REQUEST_FAILED,,,,,
78879291,REQUEST_FAILED,,,,,
78880753,deadAbandoned,THE OFFICIAL PERREO BRAND,"Jun. 29, 2009","GUERRA INDUSTRIES, LLC",,jary@bostelmedia.com
78879198,REQUEST_FAILED,,,,,
78881391,deadAbandoned,FUEGO DEL DIABLO,"Jul. 26, 2009","Body Dynamics, Inc.",,
78880521,REQUEST_FAILED,,,,,
78883015,deadAbandoned,I,"Aug. 14, 2009",Amsoft Systems Private Limited,,harpreet@jotwani.com
78881376,REQUEST_FAILED,,,,,
78882051,deadAbandoned,WORLD BINGO TOUR B15,"Apr. 27, 2009","David Mahon Productions, Inc.",,MusicTVandFilm@aol.com
78883121,deadAbandoned,AERMACCHI,"Jan. 23, 2009","Sagas, Oscar Rica",,oscarsagas@gmail.com
78883981,REQUEST_FAILED,,,,,
78884127,REQUEST_FAILED,,,,,
78885860,deadAbandoned,CENTURY BUSINESS & FINANCIAL SERVICES,"Jul. 01, 2009","TEJ Industries, Inc.",,
78886368,deadAbandoned,LYHOO,"Oct. 14, 2009","Lyhoo, Inc.",,contact@lyhoo.com
78886857,deadAbandoned,NEXTMLS,"May 13, 2009","Henderson, John",,john@citihomes.net
78887345,deadAbandoned,SHARK ATTACK,"Apr. 06, 2009","Hefter, Max",,
78887390,deadAbandoned,I-COUSTIC,"Jun. 17, 2009",Foreseen Technology Ltd.,,yung@foreseen.com.hk
78886348,REQUEST_FAILED,,,,,
78885895,REQUEST_FAILED,,,,,
78887827,REQUEST_FAILED,,,,,
78889587,deadAbandoned,AMERIQUEST KIDS,"Jan. 26, 2009","Allen, Jennifer L.",,
78888485,REQUEST_FAILED,,,,,
78889470,REQUEST_FAILED,,,,,
78890188,REQUEST_FAILED,,,,,
78892413,REQUEST_FAILED,,,,,
78893614,deadAbandoned,I-CONSERVE,"Dec. 14, 2009","i-conserve, LLC",,info@i-conserve.com
78895270,deadAbandoned,THE STREETS OF YESTERDAY,"Apr. 30, 2009","Mount, Jason Nicholas",,profmount@hotmail.com
78895470,deadAbandoned,PARADIGM ELEMENTS,"Apr. 27, 2009","Perception Research Systems, Inc.",,perceptionresearch@gmail.com
78895227,deadAbandoned,THE WORLD FAMOUS DUDES,"May 11, 2009","Cando, Rich",,rcando@richcando.com
78895290,deadAbandoned,TSOY,"Apr. 30, 2009","Mount, Jason Nicholas",,profmount@hotmail.com
78895311,REQUEST_FAILED,,,,,
78895789,REQUEST_FAILED,,,,,
78897268,deadAbandoned,HELEN'S TABLE,"Oct. 10, 2009","MY BROTHER'S SALSA, LLC",,
78898196,deadAbandoned,FLUID,"Nov. 02, 2009","Avid Technology, Inc.",,
78898190,deadAbandoned,S,"May 04, 2009","Chen, Ding Hu",,
78897976,REQUEST_FAILED,,,,,
78898670,deadAbandoned,JACKPOT JUGGLER,"May 25, 2009","ADRENALIN GAMING, LLC.",,
78899873,deadAbandoned,WAVE WATER,"Jun. 03, 2009","Crystal Glacier Enterprises, Inc.",,stevenp2222@yahoo.com
78898405,REQUEST_FAILED,,,,,
78900530,deadAbandoned,BY ANY BEATS NECESSARY,"Apr. 20, 2009","Hidden Beach Records, L.L.C.",,
78898950,REQUEST_FAILED,,,,,
78899038,REQUEST_FAILED,,,,,
78900605,deadAbandoned,FAN FLAG,"May 18, 2009",Randy Boyd,,
78901443,deadAbandoned,EMPACT,"Jun. 24, 2009","Leland Manufacturing, LLC",,
78901555,deadAbandoned,NITROSIM,"May 04, 2009","Liga Systems, Inc.",,
78900412,REQUEST_FAILED,,,,,
78901081,REQUEST_FAILED,,,,,
78902369,deadAbandoned,THE BEACH CREW,"Feb. 09, 2009",Schauble Simon M,,sschauble@skilled.com.au
78901214,REQUEST_FAILED,,,,,
78903149,deadAbandoned,TRIMLIFE,"Dec. 15, 2009","Trimlife, Inc.",,
78902370,deadAbandoned,SAMMY SURFBOARD,"Feb. 16, 2009",Schauble Simon M,,sschauble@skilled.com.au
78903403,deadAbandoned,MARTIN SARMIENTO,"Oct. 19, 2009",BODEGAS MARTIN CODAX S.A.,,ip@agladial.com
78905351,REQUEST_FAILED,,,,,
78905492,REQUEST_FAILED,,,,,
78905543,REQUEST_FAILED,,,,,
78906702,REQUEST_FAILED,,,,,
78906884,REQUEST_FAILED,,,,,
78912464,deadAbandoned,TIFFY BY TIFFANY KOURY,"Mar. 16, 2009","Koury, Tiffany C.",,
78910982,REQUEST_FAILED,,,,,
78911819,REQUEST_FAILED,,,,,
78912336,REQUEST_FAILED,,,,,
78913894,deadAbandoned,DAYZLOOP,"Feb. 12, 2009","DayZ Loop, LLC",,
78912508,REQUEST_FAILED,,,,,
78915204,deadAbandoned,FABRIC SMART,"Nov. 09, 2009","Gel Concepts, LLC",,
78916040,deadAbandoned,GABLE,"Jun. 01, 2009","Homer TLC, Inc.",,trade_marks@homedepot.com
78915802,REQUEST_FAILED,,,,,
78916071,deadAbandoned,IDEAS THAT SIZZLE,"Jun. 01, 2009","Homer TLC, Inc.",,trade_marks@homedepot.com
78916035,deadAbandoned,GABLE,"Jun. 01, 2009","Homer TLC, Inc.",,trade_marks@homedepot.com
78915808,REQUEST_FAILED,,,,,
78918143,deadAbandoned,PORTPAD,"Mar. 16, 2009",Epigon Data AB,,fredrik@epigon.com
78918390,deadAbandoned,SHENANIGANS,"Nov. 23, 2009",Imagination Holdings Pty Ltd,,hostmaster@imagination.com.au
78917008,REQUEST_FAILED,,,,,
78918862,deadAbandoned,PEGASUS TRIBAL,"Apr. 27, 2009","Homer TLC, Inc.",,trade_marks@homedepot.com
78919784,deadAbandoned,GOURMET ENTHUSIAST,"Jul. 06, 2009","Homer TLC, Inc.",,trade_marks@homedepot.com
78918151,REQUEST_FAILED,,,,,
78918369,REQUEST_FAILED,,,,,
78920536,deadAbandoned,OPTEK,"Feb. 18, 2009",DAE YANG OPTEK LIMITED,,
78918389,REQUEST_FAILED,,,,,
78921323,deadAbandoned,32 0,"Aug. 24, 2009","32|0, Inc",,
78920452,REQUEST_FAILED,,,,,
78921420,deadAbandoned,KICO KITCHEN-COMB,"Feb. 16, 2009",Schraffl Marina,,drani@gmx.at
78920499,REQUEST_FAILED,,,,,
78921678,deadAbandoned,MOJITO VICE,"Jun. 22, 2009","Barbato, Angela J.",,
78922030,REQUEST_FAILED,,,,,
78922032,REQUEST_FAILED,,,,,
78921663,REQUEST_FAILED,,,,,
78923408,deadAbandoned,WAY 2 PLAY CAFÉ,"May 28, 2009","Play Date, LLC LTD LIAB CO",,sstemp@cox.net
78923519,deadAbandoned,CINEWERX,"Aug. 10, 2009","Cinewerx Film Production, LLC",,
78922989,REQUEST_FAILED,,,,,
78924282,REQUEST_FAILED,,,,,
78924459,REQUEST_FAILED,,,,,
78925356,deadAbandoned,REHEAT,"May 25, 2009","Carabeo, Segundo",,zscarabeo@yahoo.com
78925396,REQUEST_FAILED,,,,,
78926986,deadAbandoned,THE MESSENGER,"Jan. 07, 2009",Rev. David Royel,,qashadr@hotmail.com
78926088,REQUEST_FAILED,,,,,
78930519,deadAbandoned,FOUR STEPS - CUATRO PASOS,"Apr. 30, 2009",BODEGAS MARTIN CODAX S.A.,,ip@agladial.com
78929041,REQUEST_FAILED,,,,,
78929493,REQUEST_FAILED,,,,,
78930418,deadAbandoned,GALLERIA RED,"Nov. 16, 2009",GALLERIA RED,,info@galleriared.com
78930514,REQUEST_FAILED,,,,,
78930747,REQUEST_FAILED,,,,,
78932183,deadAbandoned,INSTA-BUY,"Jul. 13, 2009","RODNEY ROONEY PRODUCTIONS, INC.",,
78931418,REQUEST_FAILED,,,,,
78931537,REQUEST_FAILED,,,,,
78932671,deadAbandoned,ORMUS NATURAL SCIENCE LABORATORIES INT'L.,"Aug. 24, 2009",ORMUS GLOBAL HOLDINGS LLC,,ormus.dna@mac.com
78933208,REQUEST_FAILED,,,,,
78933646,REQUEST_FAILED,,,,,
78934432,deadAbandoned,24K ENTERTAINMENT,"May 21, 2009","High City, Inc.",,
78934461,REQUEST_FAILED,,,,,
78936102,deadAbandoned,@THE CARD,"Jun. 22, 2009","Frazier, Herman A., Sr.",,PATERAJA@YAHOO.COM
78935254,REQUEST_FAILED,,,,,
78936430,deadAbandoned,M MARY & MAGGIE,"Feb. 09, 2009","LOPEZ, NORMA JEAN",,njul@comcast.net
78936524,deadAbandoned,M,"Aug. 24, 2009","LOPEZ, NORMA JEAN",,njul@comcast.net
78935879,REQUEST_FAILED,,,,,
78936979,REQUEST_FAILED,,,,,
78938011,REQUEST_FAILED,,,,,
78938908,deadAbandoned,SUBIVOR,"Sep. 07, 2009",David Ruggiero,,
78938911,REQUEST_FAILED,,,,,
78939800,deadAbandoned,EASTRIDGE,"Jan. 22, 2009","Homer TLC, Inc.",,trade_marks@homedepot.com
78940678,REQUEST_FAILED,,,,,
78941042,REQUEST_FAILED,,,,,
78941658,REQUEST_FAILED,,,,,
78942908,deadAbandoned,MOBUY,"Jan. 12, 2009",Macro Payment AG,,p.noelle@mp-ag.de
78944777,deadAbandoned,UNITED MASSAGE THERAPY ASSOCIATION,"Jul. 13, 2009","Notary Rotary, Inc.",,
78944967,deadAbandoned,PRE-LIT BY FIREFLY,"Feb. 09, 2009","RSGA International, Inc.",,
78944031,REQUEST_FAILED,,,,,
78945123,deadAbandoned,LIFEMINDERS.COM,"Apr. 24, 2009","Esch, Natas",,
78944446,REQUEST_FAILED,,,,,
78945467,deadAbandoned,REACTOR,"Nov. 02, 2009","Dymatize Enterprises, Inc.",,
78945170,deadAbandoned,NEST,"Feb. 09, 2009","Barnwell, Stephen",,
78945136,REQUEST_FAILED,,,,,
78945561,REQUEST_FAILED,,,,,
78946086,deadAbandoned,TAUT SAUCE,"Jan. 19, 2009",Brandhandling International Limited,,juditht@brandhandling.com
78945809,REQUEST_FAILED,,,,,
78946702,deadAbandoned,LADIES TAKE OVER,"Sep. 21, 2009","Ladies Take Over, LLC",,
78946474,REQUEST_FAILED,,,,,
78948461,REQUEST_FAILED,,,,,
78949755,deadAbandoned,NEWGLE,"May 11, 2009","Nottrott, Rudolf W.",,rnott@aeronautes.com
78948939,REQUEST_FAILED,,,,,
78949905,deadAbandoned,"SOIL SENSATION , LLC","Mar. 10, 2009",Soil Sensation LLC,,transferfactor@charter.net
78949013,REQUEST_FAILED,,,,,
78950384,deadAbandoned,SAN TORIBIO CHAPEL,"Jan. 26, 2009","Alfredo, Garza Bonilla Luis",,bonitche@hotmail.com
78950176,deadAbandoned,ON THE BALL DESIGN KNOWING,"Jan. 26, 2009","Datacon, Inc.",,
78950832,deadAbandoned,SEARCH ME AMERICA,"Jun. 15, 2009",Michael S. Lee,,mslnetwork@chol.com
78950582,REQUEST_FAILED,,,,,
78952004,deadAbandoned,RAPITOC,"Jul. 27, 2009","Alcon, Inc.",,tm.services@alconlabs.com
78951162,REQUEST_FAILED,,,,,
78952145,REQUEST_FAILED,,,,,
78952215,REQUEST_FAILED,,,,,
78954384,deadAbandoned,ALMEIDA,"Jul. 27, 2009","Homer TLC, Inc.",,trade_marks@homedepot.com
78953608,REQUEST_FAILED,,,,,
78953740,REQUEST_FAILED,,,,,
78955867,deadAbandoned,HOW TO ID IT,"Sep. 21, 2009",Amsoft Systems Private Limited,,harpreet@jotwani.com
78955947,deadAbandoned,QPIDZ,"Jan. 26, 2009",D'Andrea Brothers LLC,,christian@hooah.com
78954858,REQUEST_FAILED,,,,,
78955674,REQUEST_FAILED,,,,,
78956643,deadAbandoned,FS TECHNOLOGY,"Nov. 30, 2009",FS Technology LLC,,
78956140,deadAbandoned,LAZYFOX,"Jul. 27, 2009","Edwards, Simon James",,copysimon@yahoo.com
78956447,deadAbandoned,CLASSSYNC,"Mar. 09, 2009","ClassLink, Inc.",,bids@classlink.com
78956410,REQUEST_FAILED,,,,,
78956861,deadAbandoned,THE IMPERIALS,"Sep. 18, 2009","MOSH Group, Inc.",,
78956968,REQUEST_FAILED,,,,,
78958714,deadAbandoned,CALLOWHILL,"Nov. 16, 2009","Osez Vous? International Spirits, LLC",,rcooper@cooperspirits.com
78958280,deadAbandoned,SWAPASKILL SWAPASKILL.COM,"Sep. 22, 2009",Nicole Wehden,,nicole@swapaskill.com
78959144,deadAbandoned,INTREPID JOURNEYS,"Feb. 16, 2009",Jam TV Ltd,,jamaccounts@xtra.co.nz
78958529,REQUEST_FAILED,,,,,
78958885,REQUEST_FAILED,,,,,
78959519,REQUEST_FAILED,,,,,
78960121,deadAbandoned,SQUIRREL SPANKER,"Jan. 12, 2009","Ross, William Richard",,billr@seanet.com
78960019,deadAbandoned,DETONATE,"Feb. 26, 2009",PRIDE NUTRITION,,sales@pridenutrition.com
78959530,REQUEST_FAILED,,,,,
78959695,REQUEST_FAILED,,,,,
78961394,deadAbandoned,BENEDETTO,"Aug. 24, 2009","Homer TLC, Inc.",,trade_marks@homedepot.com
78960981,REQUEST_FAILED,,,,,
78961337,REQUEST_FAILED,,,,,
78961831,deadAbandoned,LIFEMOXIE,"Feb. 16, 2009","Life Moxie, Inc.",,
78963121,deadAbandoned,ABOUT FACE,"Feb. 09, 2009","Klemmer, Elizabeth",,eklemmer@brightangle.com
78963232,deadAbandoned,ANGELLIFT,"May 03, 2009","Medical Matrix, LLC",,info@angellift.com
78962441,REQUEST_FAILED,,,,,
78963344,REQUEST_FAILED,,,,,
78963950,deadAbandoned,ANAL-STESIA,"Aug. 17, 2009",JONATHAN CITOW,,
78963941,deadAbandoned,HEMORRHAID,"Nov. 02, 2009","CITOW, JONATHAN, M.D.",,
78964306,deadAbandoned,HOT OFF THE RACK,"Feb. 09, 2009","GAMES 4 YOU, LLC",,SCOTT@ADRENALINGAMING.COM
78964467,REQUEST_FAILED,,,,,
78967489,deadAbandoned,YOU CAN FILL A TRUCK FOR A BUCK,"Feb. 16, 2009","Overstock.com, Inc.",,
78965798,REQUEST_FAILED,,,,,
78966627,REQUEST_FAILED,,,,,
78966781,REQUEST_FAILED,,,,,
78967565,REQUEST_FAILED,,,,,
78967777,REQUEST_FAILED,,,,,
78968865,deadAbandoned,SOUTH PEAK,"Feb. 16, 2009","Viking Asset Management, LLC",,
78968869,deadAbandoned,CASH LTC,"Mar. 02, 2009",Champion Every One LLC,,skye@championeveryone.com
78968359,REQUEST_FAILED,,,,,
78970836,deadAbandoned,SLAP THE GOON,"Jan. 19, 2009",Agent Styles Pty Ltd,,lachlan@funkyes.com
78971310,deadAbandoned,NLT,"Mar. 23, 2009","TUG WORLDWIDE, INC.",,
78970483,REQUEST_FAILED,,,,,
78970710,REQUEST_FAILED,,,,,
78972383,deadAbandoned,LADIES TAKE OVER,"Oct. 05, 2009","Ladies Take Over, LLC",,
78970717,REQUEST_FAILED,,,,,
78973273,deadAbandoned,OTOSOLV,"Jul. 27, 2009","Alcon, Inc.",,tm.services@alconlabs.com
78971987,REQUEST_FAILED,,,,,
78973880,deadAbandoned,CELEGRAM,"Nov. 06, 2009",Nils Hagner,,nils.hagner@hagner.co.uk
78972685,REQUEST_FAILED,,,,,
78973184,deadAbandoned,ANSLEY PARK,"Aug. 10, 2009","Homer TLC, Inc.",,trade_marks@homedepot.com
78974177,deadAbandoned,TRUE ESA,"May 04, 2009","Aztek Networks, Inc.",,
78973687,REQUEST_FAILED,,,,,
78974944,deadAbandoned,CHEF N' GO RONCO MULTIFUNCTIONAL COOKER,"Apr. 20, 2009",Ronco Corporation,,
78974436,REQUEST_FAILED,,,,,
78975681,REQUEST_FAILED,,,,,
78978180,REQUEST_FAILED,,,,,
79017947,deadAbandoned,EMMA LEE,"Mar. 13, 2009","LEE JENG, EMMA HUI",,
79020675,deadAbandoned,DEHAVILLAND,"Jan. 26, 2009",Patrick Guerne,,
79018347,deadAbandoned,NOAH-TEX,"Sep. 19, 2009","SHIN, Jae Ok",,
79005545,REQUEST_FAILED,,,,,
79011618,REQUEST_FAILED,,,,,
79023975,deadAbandoned,LEONE,"Jan. 20, 2009",QIANJIANG-KEEWAY (EURÓPA) Ipari és Kereskedelmi Zártkörüen Müködo Részvénytársaság,,
79026831,deadAbandoned,AMIGO TV,"Sep. 18, 2009",ALCATEL LUCENT,,
79034034,deadAbandoned,Z/Z ALUZZI,"Feb. 20, 2009",SBA Import & Export GmbH,,
79033214,deadAbandoned,KAKADU JUICE,"Jan. 09, 2009",Kakadu International Pty. Ltd.,,
79020629,REQUEST_FAILED,,,,,
79028941,deadAbandoned,PORT SECURITY MANAGER,"Jan. 02, 2009",AUCONET GmbH,,
79035193,deadAbandoned,BEGUM INAARA AGA KHAN,"Jan. 17, 2009","Inaara Begum Aga Khan, Gabriele",,
79036831,deadAbandoned,BARTERXPRESS,"Feb. 14, 2009",Barterxpress Australia Pty Ltd,,
79039520,deadAbandoned,BONECERAMIC,"Feb. 14, 2009",Straumann Holding AG,,
79029916,REQUEST_FAILED,,,,,
79039686,deadAbandoned,WOW!,"Feb. 20, 2009",Staging Connections Pty Limited,,
79034062,REQUEST_FAILED,,,,,
79035194,deadAbandoned,PRINCESS INAARA AGA KHAN,"Jan. 17, 2009","Inaara Begum Aga Khan, Gabriele",,
79035080,REQUEST_FAILED,,,,,
79042540,deadAbandoned,CHANTELLE PARIS,"Dec. 04, 2009",Chantelle (société anonyme),,
79043105,deadAbandoned,BERNSTEIN,"Jan. 30, 2009",Premium Audio Company Germany GmbH,,
79040690,deadAbandoned,PROLACTA,"Aug. 31, 2009",B.S.A.,,
79043722,deadAbandoned,RIPSTOP GLOBAL REDEMPTION,"Jan. 23, 2009",Ripstop LLP,,
79043909,deadAbandoned,TRAKM8 SWIFT,"Jan. 17, 2009",Trakm8 Limited,,
79044031,deadAbandoned,DIAZAX,"Jan. 14, 2009",ALK-Abelló A/S,,
79044347,deadAbandoned,CALOTILES,"Feb. 14, 2009",UMS Schweizerische Metallwerke Holding AG,,
79045268,deadAbandoned,OERLIKON X-TAR,"Jan. 17, 2009",Oerlikon Contraves AG,,
79042703,REQUEST_FAILED,,,,,
79044953,deadAbandoned,LECS,"Oct. 23, 2009",Knürr AG,,
79046138,deadAbandoned,BIOXSINE,"Jan. 12, 2009",BIOTA BITKISEL ILAÇ VE KOZMETIK LABORATUARLARI A.S.,,
79043705,REQUEST_FAILED,,,,,
79046747,deadAbandoned,BINAURAL SKY,"Aug. 28, 2009",Institut für; Rundfunktechnik GmbH,,
79046870,deadAbandoned,INTERTRANSLATIONS WHERE QUALITY MEETS YOUR DEADLINES,"May 27, 2009",INTERTRANSLATIONS MON. EPE (distinctive title: INTERTRANSLATIONS),,
79045366,deadAbandoned,MCD ELEKTRONIK GMBH MESSTECHNOLOGIE BIS INS DETAIL,"Apr. 08, 2009",MCD Electronik GmbH,,jalumit@patelalumit.com
79046716,deadAbandoned,MATER,"Jan. 28, 2009",Mater A/S,,
79046249,deadAbandoned,SNA,"Feb. 20, 2009",POLYPLUS TRANSFECTION (Société Anonyme),,
79048027,deadAbandoned,WOCA,"Jun. 05, 2009",WOCA Denmark A/S,,
79048114,deadAbandoned,AKER,"Mar. 20, 2009",Intellectual Property Holdings AS,,
79046586,REQUEST_FAILED,,,,,
79049198,deadAbandoned,MISS CASINO QUEEN OF THE UNIVERSE,"Jul. 03, 2009",Let's Talk Entertainment Agency Pty Ltd,,
79048579,deadAbandoned,NAMOI COTTON GROWING TOGETHER,"Mar. 20, 2009",Namoi Cotton Co-operative Ltd,,
79050563,deadAbandoned,FASHION ROCK,"Mar. 25, 2009","MAMUNIA INVESTMENT, S.A.",,
79049797,deadAbandoned,MARTINI,"Apr. 13, 2009",Bacardi & Company Limited,,
79051906,deadAbandoned,HOMECAMERA,"Jun. 11, 2009",WIRELESS INTELLECT LABS PTE LTD,,
79051770,deadAbandoned,VR REAL ESTATE BANK,"Jan. 09, 2009",Deutsche; Genossenschafts-; Hypothekenbank AG,,
79049309,REQUEST_FAILED,,,,,
79049669,REQUEST_FAILED,,,,,
79052153,deadAbandoned,PUER,"Jan. 19, 2009",YUNNAN PROVINCE PU'ER TEA ASSOCIATION,,
79052354,deadAbandoned,DSPEED PLATFORM,"Jun. 19, 2009",Enea AB,,
79051662,deadAbandoned,SMOOTHLINE,"Jan. 09, 2009",Smoothline AG,,
79052404,deadAbandoned,KONI,"Jan. 09, 2009",Koni B.V.,,
79050820,REQUEST_FAILED,,,,,
79052994,deadAbandoned,ECO-EFFICIENT,"Jan. 19, 2009",Kone Corporation,,
79052822,deadAbandoned,SCARFACE ENERGY DRINK,"Jan. 13, 2009",Yetigel International,,
79052936,deadAbandoned,ARISTA,"Apr. 03, 2009","TOVARYSTVO Z OBMEGENOYOU; VIDPOVIDALNISTU ""ARISTA""",,
79053139,deadAbandoned,B-PACK,"Feb. 02, 2009",Corcentric SAS,,
79052726,deadAbandoned,THE EMPEREUR OF PINOT NOIR,"Jan. 05, 2009",BOISSET - LA FAMILLE DES GRANDS VINS,,
79053301,deadAbandoned,PACI,"Feb. 22, 2009",Picard Angst AG,,
79052894,deadAbandoned,TURBOLUB,"Jul. 15, 2009",REBS; Zentralschmiertechnik GmbH,,
79052811,REQUEST_FAILED,,,,,
79053390,deadAbandoned,ULTRASCAN,"Feb. 02, 2009",Clipsal Australia Pty Ltd,,
79053365,deadAbandoned,MARTINI TERRAZZA,"Jul. 22, 2009",Bacardi & Company Limited,,
79053500,deadAbandoned,BAGMIXER,"Feb. 17, 2009",INTERSCIENCE,,
79053302,deadAbandoned,PICARD ANGST COMMODITY INDEX,"Feb. 22, 2009",Picard Angst AG,,
79053358,deadAbandoned,SEKAIGO,"Feb. 06, 2009",BLUE BEE CORPORATION,,
79053592,deadAbandoned,MAX-C WHITELINE,"Jan. 13, 2009",Redranger Pty Ltd,,
79053448,deadAbandoned,TEXTURENHANCING,"Jan. 29, 2009",THE FIRST S.P.A.,,
79053827,deadAbandoned,HRM,"Apr. 07, 2009",ROCHE DIAGNOSTICS GMBH,,
79053857,deadAbandoned,PUREZZA,"Jan. 24, 2009","TOSHIBA MATSUSHITA DISPLAY; TECHNOLOGY CO., LTD.",,
79053870,deadAbandoned,NANOCOSMETICS,"Feb. 19, 2009",THE FIRST S.P.A.,,
79053855,deadAbandoned,URUMOR,"Sep. 19, 2009","URUMOR ONLINE, S.L.",,
79053576,REQUEST_FAILED,,,,,
79053751,REQUEST_FAILED,,,,,
79053828,REQUEST_FAILED,,,,,
79054269,deadAbandoned,NIGHT RECOVERY,"Feb. 23, 2009",PARFUMS CHRISTIAN DIOR,,
79054098,deadAbandoned,DOC INSIDER,"Jan. 09, 2009",Ingo Horak,,
79054292,deadAbandoned,BREEZE BARRIERS,"Mar. 03, 2009",Specialty Products Group Pty Ltd,,
79054299,deadAbandoned,HIPOLEN P,"Jan. 26, 2009",HIPOL a.d. - Odaci,,
79054410,deadAbandoned,WRINO,"Mar. 11, 2009",Walter Peter Wright,,
79054310,deadAbandoned,YATAMA TECHNOLOGY,"Jan. 22, 2009",Product Supply Solutions Pty Ltd,,
79054400,deadAbandoned,HUBMOB,"Jan. 12, 2009",HASHIMOTO Katsumi,,
79054304,REQUEST_FAILED,,,,,
79054648,deadAbandoned,ISD DUNAFERR,"Feb. 23, 2009",ISD DUNAFERR Dunai Vasmu Zrt.,,
79054668,deadAbandoned,SNOWDOO,"Jan. 08, 2009",Kässbohrer Geländefahrzeug AG,,
79054738,deadAbandoned,FACIAL AESTHETICS,"Jun. 13, 2009",THE FIRST S.P.A.,,
79054876,deadAbandoned,MEDIA INTELLIGENCE SOLUTIONS,"Jan. 30, 2009","Polyphonic Human Media Interface, S.L.",,
79054433,REQUEST_FAILED,,,,,
79054483,REQUEST_FAILED,,,,,
79054613,REQUEST_FAILED,,,,,
79054842,deadAbandoned,TOZAIHOLDINGS,"Mar. 12, 2009",Andrew Mankiewicz,,
79055005,deadAbandoned,MULTI INTERVENTION TOWER,"Jan. 31, 2009",Grenland Group Technology AS,,
79055009,deadAbandoned,YUMUMY BECAUSE EVERY MUMMY IS YUMMY,"Jan. 31, 2009",Victoria Francis Grace Wilcox,,
79055103,deadAbandoned,FORFOOTSACHE,"Jul. 03, 2009","Everngham, Simon",,
79055127,deadAbandoned,BLESS,"Sep. 25, 2009",Desiree Heiss,,
79055132,deadAbandoned,MEMSAMPS,"Mar. 17, 2009","Universiteit Leiden,; publiekelijke rechtspersoon",,
79055097,deadAbandoned,FARE,"Mar. 25, 2009",Kay T. Labinsky,,
79055388,deadAbandoned,ENIA ROOM FOR INSPIRATION,"Mar. 19, 2009",Proverum AG,,
79055135,deadAbandoned,CYGNETT,"Mar. 19, 2009",Cygnett Pty Ltd,,
79055456,deadAbandoned,LUCAS,"Apr. 01, 2009",HUA DI MIN,,
79055035,REQUEST_FAILED,,,,,
79055070,REQUEST_FAILED,,,,,
79055399,deadAbandoned,FONE1,"Jul. 14, 2009",Wild Schnyder AG,,
79055548,deadAbandoned,EXAKT VODKA THE SPIRIT OF SWEDEN,"Apr. 15, 2009",EXAKT Vodka Holding GmbH,,
79055549,deadAbandoned,EXAKT,"Apr. 15, 2009",EXAKT Vodka Holding GmbH,,
79055392,deadAbandoned,ARMASERT,"Mar. 30, 2009",AFL Realisations Limited,,
79056025,deadAbandoned,CLEAN MOBILITY TECHNOLOGY,"Apr. 21, 2009",Ultra Motor Company Limited,,
79056182,deadAbandoned,TAIGA,"Mar. 19, 2009","Obschestvo s ogranichennoy; otvetstvennostyu ""F-F Tekhnologia""",,
79055635,REQUEST_FAILED,,,,,
79056097,deadAbandoned,WOWCAPS,"Mar. 01, 2009",Chemische Fabrik Budenheim KG,,
79056271,deadAbandoned,VIG,"Mar. 19, 2009","GEWA Musikinstrumente-, Etui- und Taschenfabrik; GmbH",,
79056433,deadAbandoned,OPTOS STANDARD OF CARE,"Apr. 22, 2009",Optos plc,,
79056472,deadAbandoned,FINN TACK,"Mar. 02, 2009",Oy Finntack Ltd,,
79056284,deadAbandoned,DECOFOR,"Apr. 07, 2009",N.V. BEKAERT S.A.,,
79056279,REQUEST_FAILED,,,,,
79056642,deadAbandoned,HD5,"Mar. 31, 2009",Monsieur Jörg HYSEK,,
79056421,REQUEST_FAILED,,,,,
79056837,deadAbandoned,HERS INTIMATE,"Mar. 30, 2009","Zhejiang Huinongsi Knitting; Underwear Co., Ltd",,
79056836,deadAbandoned,None,"May 19, 2009","JINZHOU BAIHE FOODSTUFFS CO., LTD.",,
79056813,deadAbandoned,WEALTHYFROG,"Jan. 19, 2009",Wealthyfrog Pty Ltd,,
79056559,REQUEST_FAILED,,,,,
79056579,REQUEST_FAILED,,,,,
79057343,deadAbandoned,STYLE-LOG,"Mar. 24, 2009",CREPOT INC.,,
79057366,deadAbandoned,UMANI,"Aug. 20, 2009",Catharina Umani Pfeiffer-Celik,,
79057387,deadAbandoned,RICHMOND,"Mar. 24, 2009",LLC JTI RUSSIA,,
79057125,deadAbandoned,RIEGER,"Mar. 18, 2009","RIEGER KFZ-Kunststoffteile,; Design und Tuning GmbH",,
79057462,deadAbandoned,TRIANGLE PILLOW,"May 04, 2009","CEREMO CO., LTD.",,
79057640,deadAbandoned,THE MPLC,"Mar. 26, 2009",THE MEDICAL PROFESSIONAL; LIABILITY COMPANY LTD,,
79057791,deadAbandoned,CORE,"Aug. 21, 2009",Ciboodle Limited,,
79057798,deadAbandoned,None,"Mar. 27, 2009","GERMANS BOADA, S.A.",,
79057560,deadAbandoned,ELIÈR,"May 13, 2009",Kristine Jeremejeva,,
79057641,deadAbandoned,MPLC,"Mar. 24, 2009",THE MEDICAL PROFESSIONAL; LIABILITY COMPANY LTD,,
79057863,deadAbandoned,HELMITIN,"Mar. 30, 2009",H.B. Fuller IP Licensing GmbH,,
79057490,REQUEST_FAILED,,,,,
79057905,deadAbandoned,YAMAX,"Apr. 06, 2009",BURLA MAKINA; TICARET VE YATIRIM ANONIM SIRKETI,,
79057832,deadAbandoned,LFX,"May 14, 2009","Shanghai Laofengxiang Co., Ltd.",,
79057792,REQUEST_FAILED,,,,,
79057973,deadAbandoned,HEINZELMANN,"Apr. 20, 2009",INNOVATION DEVELOPMENT ALLIANCE LIMITED,,
79057850,REQUEST_FAILED,,,,,
79057971,deadAbandoned,DRIVANIA,"Mar. 31, 2009",CAMINA LAB S.L.,,
79058359,deadAbandoned,TECH-WEAR,"May 27, 2009",Tech-Wear by Carrycode Pty Ltd,,
79058545,deadAbandoned,SKIN WRAP,"Apr. 21, 2009",APL Apparel Partners Licence UG (haftungsbeschränk,,
79058434,deadAbandoned,INET-LOGISTICS IL,"May 29, 2009",'INET' - LOGISTICS GmbH,,
79058237,deadAbandoned,TRANSONIC,"Apr. 14, 2009",INNOVATION DEVELOPMENT ALLIANCE LIMITED,,
79058445,deadAbandoned,FOGO DE CHÃO,"Apr. 22, 2009",Clénio Paulinho Scartezini,,
79058433,deadAbandoned,NORMA,"Feb. 12, 2009",Norma Lebensmittelfilialbetrieb; GmbH & Co. KG,,
79058834,deadAbandoned,X-FLOW,"Apr. 30, 2009",WILO AG,,
79058590,deadAbandoned,HPGC,"Apr. 22, 2009","HARBIN PHARMACEUTICAL GROUP; HOLDING CO., LTD",,
79058632,deadAbandoned,U.T.S.,"Nov. 23, 2009",OTG ObergfellTechnologyGroup AG,,
79058824,deadAbandoned,MÜNCH,"Apr. 28, 2009",Münch Chemie International GmbH,,
79059080,deadAbandoned,MAXAM,"Sep. 09, 2009","SAILUN GROUP CO.,LTD",,
79059146,deadAbandoned,R RICHMONT,"May 04, 2009",LLC JTI RUSSIA,,
79059383,deadAbandoned,SKYHAWK,"Jun. 29, 2009",STEINER-OPTIK GmbH,,
79058567,REQUEST_FAILED,,,,,
79059414,deadAbandoned,ORGANIC THERAPY,"Jun. 06, 2009",Emlyn GmbH,,
79059441,deadAbandoned,SBC BOTTLING & CANNING,"May 08, 2009",CFT S.p.A.,,
79058700,REQUEST_FAILED,,,,,
79059254,deadAbandoned,ATS,"May 12, 2009",AUTOMOTIVE AND TRACTOR SPARES ENGLAND LIMITED,,
79059500,deadAbandoned,None,"May 04, 2009",Angelika Hufnagel-Gäbelein,,
79059415,deadAbandoned,ORGANIC DOC,"May 28, 2009",Emlyn GmbH,,
79059679,deadAbandoned,SO'BIO ÉTIC,"May 13, 2009",LEA NATURE SERVICES,,
79059724,deadAbandoned,COBRA,"Jun. 08, 2009",Alois Pöschl GmbH & Co. KG,,
79059498,deadAbandoned,WEDOS,"Dec. 10, 2009",Grill Josef,,jzaccaria@notaromichalos.com
79059635,deadAbandoned,SECURE THE EARTH SECURE YOUR WRITING,"May 14, 2009","MITSUBISHI PENCIL COMPANY, LIMITED",,
79059503,deadAbandoned,NEORGANIC,"Apr. 24, 2009",Albert Bartlett & Sons (Airdrie) Limited,,
79059634,deadAbandoned,SECURE THE EARTH SECURE YOUR WRITING,"May 15, 2009","MITSUBISHI PENCIL COMPANY, LIMITED",,
79059610,REQUEST_FAILED,,,,,
79060089,deadAbandoned,BALSIS,"Jun. 11, 2009",Takeda Pharmaceutical; Company Limited,,
79059754,deadAbandoned,JARDINS DE LUNE,"Jun. 10, 2009",JARDINS DE LUNE,,
79059857,deadAbandoned,COLOUR BOX,"Dec. 31, 2009",COLOURBOX APS,,
79059928,deadAbandoned,SUBER LEFORT INTERNATIONAL,"Sep. 08, 2009",Suber Lefort Group Pty Ltd,,
79060150,deadAbandoned,TRIMAX PERFORMANCEWEAR,"Jun. 20, 2009",SEVCOY PTY LIMITED,,
79060256,deadAbandoned,DR. ORGANIC,"Sep. 25, 2009",Emlyn GmbH,,
79060384,deadAbandoned,BIRRA DOLOMITI DAL 1897,"May 21, 2009",BIRRA CASTELLO S.P.A.,,
79060343,deadAbandoned,VIGILANTPLANT OPERATIONAL EXCELLENCE SERVICES,"Jan. 28, 2009",YOKOGAWA ELECTRIC CORPORATION,,
79060512,deadAbandoned,ABBONDIO DAL 1889,"May 28, 2009",Eurofood S.p.A.,,
79060105,deadAbandoned,ZENITH ZERO-G,"Jan. 16, 2009",Zenith International SA,,
79060390,deadAbandoned,STYREX ACE,"Jun. 17, 2009",Synbra Technology B.V.,,
79060207,deadAbandoned,None,"Jul. 23, 2009",SODEXO,,
79060121,REQUEST_FAILED,,,,,
79060641,deadAbandoned,UNCLE SAM,"May 29, 2009",UNCLE SAM a.s.,,
79060885,deadAbandoned,ECOBRANDS,"Jun. 05, 2009",Robin Campbell BAKER,,
79060719,deadAbandoned,WIZLAND I,"Jul. 02, 2009",Kabushiki Kaisha WiZ D/B/A WiZ Co.,,
79060898,deadAbandoned,BABYLON ROSES,"Sep. 11, 2009",Interplant Roses B.V.,,mail@interplant.nl
79060583,deadAbandoned,IIC GROUP,"Jun. 09, 2009",iic group GmbH,,
79060543,REQUEST_FAILED,,,,,
79060970,deadAbandoned,DOCTOR DIESEL,"Mar. 10, 2009",Eastbourne Resources Inc.,,
79060945,deadAbandoned,RESTIMAR,"Feb. 16, 2009","CollaGenex Pharmaceuticals, Inc.",,
79060744,deadAbandoned,MARIZON,"May 27, 2009",Aker Yards ASA,,
79061141,deadAbandoned,EXS,"Jun. 09, 2009",Leeds Trading Company Limited T/A LTC Healthcare,,
79061060,deadAbandoned,PICTOGRAM,"Jun. 25, 2009","""Pictogram"", société anonyme",,
79061150,deadAbandoned,CURIOS,"Dec. 09, 2009",Progentix Orthobiology B.V.,,
79061144,deadAbandoned,DRYTACK,"Jun. 02, 2009",Sika Technology AG,,
79061020,deadAbandoned,SA2,"Sep. 04, 2009",SA2 Worldsync GmbH,,
79061265,deadAbandoned,LJU,"Jun. 11, 2009",Conductix-Wampfler Automation GmbH,,
79061397,deadAbandoned,WORLD MATHS DAY,"Jun. 15, 2009",3P Learning Pty Limited,,
79061435,deadAbandoned,CUFF PILOT,"Jul. 01, 2009",ULTIMATE MEDICAL PTY LTD,,
79061474,deadAbandoned,XF3,"Feb. 24, 2009",Cobar Europe B.V.,,
79061471,deadAbandoned,WORLD ON DEMAND,"Jun. 17, 2009",THE NEW MEDIA GROUP; KABUSHIKI KAISHA,,
79061093,REQUEST_FAILED,,,,,
79061207,deadAbandoned,MATHLETICS,"Mar. 10, 2009",3P Learning Pty Limited,,
79061316,deadAbandoned,LUIGINO,"Jun. 17, 2009",Nistevo Sport Manufacturing Corporation,,
79061617,deadAbandoned,CHANGHONG PAI,"Jul. 01, 2009",Tianjin NO.1 organic chemical plant,,
79061737,deadAbandoned,GREEDY GOOSE,"Aug. 11, 2009",Rocland Estate Pty Ltd,,
79061492,deadAbandoned,TULLÏA,"Jun. 16, 2009",SAHA TARIM ÜRÜNLERI ITHALAT IHRACAAT; LIMITED SIRKETI,,
79061694,deadAbandoned,KEEPOWER BATTERIES JUST LOVE IT,"Sep. 19, 2009",INELCO A/S,,
79061608,deadAbandoned,THE RISK ENTREPRENEURS,"May 05, 2009",Schweizerische Rückversicherungs-Gesellschaft AG,,
79061855,deadAbandoned,PITAUD,"Jun. 23, 2009",COGNAC PITAUD,,
79061726,deadAbandoned,SPACE,"Jul. 09, 2009",Advanced Medical Technologies AG,,
79061769,deadAbandoned,SENZA FINE DOTT. DI MASSIMO I PROFUMI DI FIRENZE,"Jun. 24, 2009",Spezierie Palazzo Vecchio Dott. Di Massimo S.r.l.,,
79061859,deadAbandoned,ALPENMIX,"May 29, 2009",EPERFORMANCE GmbH,,
79061874,deadAbandoned,SUPER STARS,"Aug. 13, 2009",The Trustee for The Promotions; Factory Unit Trust,,
79061711,REQUEST_FAILED,,,,,
79061797,deadAbandoned,WORLD ON-DEMAND,"Jun. 19, 2009",THE NEW MEDIA GROUP; KABUSHIKI KAISHA,,
79062255,deadAbandoned,SNOUT OUT SOME SPINY FUN! EKIDNA WORLD.COM,"Aug. 07, 2009",Karen Orford,,
79062266,deadAbandoned,DAVID&GERENZO,"Jun. 30, 2009",ÇAGRI CAFER KARA,,
79062241,deadAbandoned,ALPMIX,"May 29, 2009",EPERFORMANCE GmbH,,
79062222,deadAbandoned,ITALIA JEANS TATTOO,"Jul. 07, 2009",CARMELO CIRNECO,,
79062269,deadAbandoned,BEKINA,"Aug. 12, 2009",BEKINA BOOTS,,
79062082,REQUEST_FAILED,,,,,
79062596,deadAbandoned,SUGA,"Aug. 10, 2009","SUGA TEST INSTRUMENTS Co., Ltd.",,
79062183,deadAbandoned,BOXXTER,"Oct. 18, 2009",raaco International A/S,,
79062506,deadAbandoned,ADOMINO,"Nov. 03, 2009",Adomino Marketing GmbH,,
79062772,deadAbandoned,BYREDO ROSE NOIR,"Jul. 07, 2009",Byredo AB,,
79062400,deadAbandoned,NUTRIDERMOLOGIE,"Jul. 17, 2009",PRODUITS ELLA BACHE; LABORATOIRE SUZY,,
79062755,deadAbandoned,EVCA,"Jul. 09, 2009","Invest Europe, Association Internationale Sans But Lucratif",,
79062840,deadAbandoned,ENVIROLIFT,"Mar. 27, 2009",Stertil B.V.,,
79063019,deadAbandoned,KIMONO WESTERN,"Aug. 24, 2009",YAHAGI Chizuko,,
79062285,REQUEST_FAILED,,,,,
79062901,deadAbandoned,ROMET,"Jul. 07, 2009",ARKUS & ROMET GROUP Sp. z o.o.,,
79062954,deadAbandoned,GRANDE TRADITION,"Aug. 07, 2009",Fromalp AG,,
79063319,deadAbandoned,CLIMOS,"Jul. 13, 2009",CONESTO GmbH,,
79063027,deadAbandoned,VITOZA,"Jun. 11, 2009",Novo Nordisk A/S,,
79063361,deadAbandoned,None,"Aug. 18, 2009","Simmons, David",,
79063179,deadAbandoned,BRAND UNIVERSAL MEDIA PLATFORM,"Jul. 23, 2009","Obshchestvo s ogranichennoy; otvetstvennostyu ""Medynaya platforma""",,
79063209,deadAbandoned,LES VENERABLES,"Nov. 18, 2009",LA CHABLISIENNE,,
79063410,deadAbandoned,TRANSITEX,"Aug. 07, 2009","TRANSITEX - TRÂNSITOS DE EXTREMADURA, S.A.",,
79062955,REQUEST_FAILED,,,,,
79063440,deadAbandoned,EPA,"Aug. 09, 2009",INCS INC.,,
79063757,deadAbandoned,ALPSMIX,"May 29, 2009",EPERFORMANCE GmbH,,
79063619,deadAbandoned,DEFI S.T.DUPONT,"Jun. 19, 2009",S.T. DUPONT,,
79063228,REQUEST_FAILED,,,,,
79064047,deadAbandoned,"MARUI TOKYO MARUI TOKYO MARUI CO., LTD","Jul. 16, 2009",Stefano Valentini,,
79064113,deadAbandoned,LIFEDIARY,"Jun. 19, 2009","Samsung Electronics Co., Ltd.",,
79064206,deadAbandoned,CUBIT,"Aug. 12, 2009",Minou Farkhondeh,,
79064385,deadAbandoned,GO RED BE GREEN,"Sep. 04, 2009",MEDFORSK,,
79063907,deadAbandoned,RETURNITY TREVIRA CS CERTIFIED CRADLETOCRADLE GOLD,"Sep. 19, 2009",Backhausen interior textiles GmbH,,
79064389,deadAbandoned,ORSAY,"Apr. 01, 2009",Joladol Mode; Exploitatiemaatschappij B.V.,,
79064488,deadAbandoned,KICK ENERGY,"Oct. 14, 2009",Global Brands Limited,,
79063993,REQUEST_FAILED,,,,,
79064570,deadAbandoned,SURE,"Aug. 04, 2009",Rezidor SAS Hospitality A/S,,
79064102,REQUEST_FAILED,,,,,
79064719,deadAbandoned,DISTANCEMETER,"Aug. 25, 2009",Deutsche Telekom AG,,
79064745,deadAbandoned,PANZERHOLZ,"Aug. 24, 2009",BLOMBERGER HOLZINDUSTRIE; B. HAUSMANN GMBH & Co KG,,
79064663,deadAbandoned,None,"Oct. 02, 2009",Karen Orford,,
79064809,deadAbandoned,PEAK ELECTRONICS,"Sep. 04, 2009",Karlheinz Stadmueller,,
79065210,deadAbandoned,GREGO,"Sep. 17, 2009","Martinez Chacón, Manuel",,
79065145,deadAbandoned,SANITELLE,"Sep. 18, 2009","Limited Liability Company; ""Bentus Laboratories""",,
79064926,deadAbandoned,GFA,"Sep. 17, 2009",Gfa ELEKTROMATEN GmbH & Co. KG,,
79064578,REQUEST_FAILED,,,,,
79065242,deadAbandoned,P,"Sep. 14, 2009",Dirk Motz,,
79065250,deadAbandoned,PERUGINA,"Sep. 01, 2009",Société des Produits Nestlé S.A.,,
79065040,REQUEST_FAILED,,,,,
79065636,deadAbandoned,AIR BUGGY,"Sep. 26, 2009","GMP International Co., Ltd.",,
79065466,deadAbandoned,CABLEBOARD,"Dec. 28, 2009",Bo Fastening AB,,
79065211,REQUEST_FAILED,,,,,
79065881,deadAbandoned,CAPE ROCA,"Oct. 01, 2009","CASCA WINES - PRODUÇÃO E COMERCIALIZAÇÃODE VINHOS, S.A.",,
79065606,deadAbandoned,VENOM,"Oct. 23, 2009",JARVIS MARINE INVESTMENTS PTY LTD,,
79065488,deadAbandoned,O,"Oct. 08, 2009","Limited Liability Company ""GPM Entertainment television""",,
79065718,deadAbandoned,"L'[AB]SOLUTÉ LABORATORY FOR PERFUME, AROMA AND SCENT","Nov. 06, 2009",Christian Thomas,,
79066078,deadAbandoned,WEATHERFOLD,"Jul. 06, 2009",Cardo Garage Door AB,,
79066108,deadAbandoned,IMPURE THE OTHER WAY ROUND,"Apr. 20, 2009",LUCA ROSSETTI,,
79065726,REQUEST_FAILED,,,,,
79065803,REQUEST_FAILED,,,,,
79066171,deadAbandoned,BOTANICA,"Oct. 10, 2009",Botanica GmbH,,
79066242,deadAbandoned,MARK BUXTON,"Oct. 14, 2009",MARK BUXTON PERFUMES (société à responsabilité limitée),,
79066569,deadAbandoned,KÜSEL,"Nov. 19, 2009",Voith Patent GmbH,,
79066739,deadAbandoned,POSBILL,"Nov. 02, 2009",PossBill GmbH,,
79066008,REQUEST_FAILED,,,,,
79066898,deadAbandoned,COPERNICA,"Nov. 05, 2009",Copernica BV,,
79066740,deadAbandoned,LIOSTROFI TRADITIONAL GREEK HOMEMADE RECIPES,"Oct. 28, 2009","LAKONIKI TROFIMON ANONIMI BIOMICHANIKI KAI EMPORIKI ETAIRIA (""LAKONIKI TROFIMON A.E."")",,
79066657,deadAbandoned,NETMINING,"Oct. 21, 2009",NETMINING N.V.,,
79067190,deadAbandoned,4EARTH,"Dec. 16, 2009",POLYTECHNYL,,
79066475,REQUEST_FAILED,,,,,
79067546,deadAbandoned,DAKO OPTIMA LINK,"Apr. 15, 2009",Dako Denmark A/S,,
79067381,deadAbandoned,DUBAI BEACH POLO CUP,"Nov. 13, 2009",Essam Katiela,,
79067241,deadAbandoned,TOILET GUARD,"Jul. 24, 2009",Sunmark Limited,,
79067651,deadAbandoned,A SOUND EFFECT ON PEOPLE,"Oct. 23, 2009",Saint-Gobain Ecophon AB,,
79066852,REQUEST_FAILED,,,,,
79067973,deadAbandoned,COCOON,"Nov. 30, 2009","Väth, Sven",,
79068060,deadAbandoned,MAC IVER,"Aug. 20, 2009",Lidl Stiftung & Co. KG,,
79067107,REQUEST_FAILED,,,,,
79068244,deadAbandoned,LOOKX,"Dec. 30, 2009",LOOkX Group B.V.,,
79068148,deadAbandoned,LIQUID BLOCKER,"Dec. 24, 2009","DAIDO SANGYO CO., LTD.",,
79067326,REQUEST_FAILED,,,,,
79068245,deadAbandoned,JOSIANE LAURE,"Dec. 02, 2009",LEMOINE JOSIANE,,
79068332,deadAbandoned,COMPVENT,"Dec. 21, 2009",Ziehl-Abegg AG,,
79069057,deadAbandoned,ADORA,"Dec. 09, 2009",VOCO GmbH,,
79068086,REQUEST_FAILED,,,,,
79069213,deadAbandoned,"BEER BIÈRE BIER BIRRA ""33"" EXPORT","Jun. 13, 2009",BGI TRADE MARK,,
79068344,REQUEST_FAILED,,,,,
79069239,deadAbandoned,ALMETTE,"Aug. 04, 2009",Hochland AG,,
79068366,REQUEST_FAILED,,,,,
79069865,deadAbandoned,PRINCIPIA,"Nov. 23, 2009",Financial Risk Management Limited,,
79068367,REQUEST_FAILED,,,,,
79068886,REQUEST_FAILED,,,,,
79070717,deadAbandoned,CUTE RABBIN,"Aug. 24, 2009",ATOM MEDICAL CORPORATION,,
79070006,deadAbandoned,None,"Jan. 29, 2009",,,
79072727,deadAbandoned,MIST MARVELOUS IMAGE SELF CORRECTION TECHNOLOGY,"Oct. 22, 2009","CBC Co., Ltd.",,
79072457,deadAbandoned,SUBSEA WELL SERVICE VESSEL,"Oct. 27, 2009",Aker Oilfield Services Operation AS,,
79075484,REQUEST_FAILED,,,,,
85001372,REQUEST_FAILED,,,,,
