serial,lead_type,mark,date,correspondent,phone,email
77497263,REQUEST_FAILED,,,,,
77497332,deadAbandoned,BUCKLE,"Jun. 29, 2009",Stranger & Stranger Ltd,,morgan@strangerandstranger.com
77497285,REQUEST_FAILED,,,,,
77497347,deadAbandoned,BOOTS,"Jan. 28, 2009",Stranger & Stranger Ltd,,morgan@strangerandstranger.com
77497308,REQUEST_FAILED,,,,,
77497353,deadAbandoned,STUD,"Feb. 23, 2009",Stranger & Stranger Ltd,,morgan@strangerandstranger.com
77497363,deadAbandoned,HARLEY,"Jun. 29, 2009",Stranger & Stranger Ltd,,morgan@strangerandstranger.com
77497360,deadAbandoned,STUDS,"Feb. 23, 2009",Stranger & Stranger Ltd,,morgan@strangerandstranger.com
77497423,REQUEST_FAILED,,,,,
77497434,deadAbandoned,WE WANT TO BE PART OF YOUR SUCCESS AND WE LOVE IT.,"Aug. 31, 2009",Messac Reginalde,,
77497501,deadAbandoned,SILICONE ORGÁNICO STOKEN GOLD,"Mar. 28, 2009",Stoken Products Dominicana,,
77497459,REQUEST_FAILED,,,,,
77497510,REQUEST_FAILED,,,,,
77497524,REQUEST_FAILED,,,,,
77497579,REQUEST_FAILED,,,,,
77497617,REQUEST_FAILED,,,,,
77497699,REQUEST_FAILED,,,,,
77497743,deadAbandoned,24 HOUR MINERAL CARE,"Mar. 22, 2009","Bare Escentuals Beauty, Inc.",,tmdocket@bareescentuals.com
77497768,deadAbandoned,PERFECTWATER,"Mar. 23, 2009",Siani Beverage Group Inc,,sha@sianicorp.com
77497742,REQUEST_FAILED,,,,,
77497733,REQUEST_FAILED,,,,,
77497824,deadAbandoned,IPRESENTER,"Mar. 23, 2009","Chittenden, James",,james.chittenden@hotmail.com
77497790,REQUEST_FAILED,,,,,
77497843,REQUEST_FAILED,,,,,
77497866,REQUEST_FAILED,,,,,
77497911,deadAbandoned,CLASSIC WORLD,"Jan. 13, 2009","Neese, E E",,rakssanura@yahoo.com
77497934,REQUEST_FAILED,,,,,
77497896,deadAbandoned,GOGOMOBI,"Mar. 25, 2009","DellaPietra, Andrew",,davemihalik@yahoo.com
77498056,deadAbandoned,BIKES 4 LIFE,"Oct. 19, 2009","Coleman, Tony",,tcoleman96@mac.com
77498008,REQUEST_FAILED,,,,,
77497969,REQUEST_FAILED,,,,,
77498057,deadAbandoned,ABSINTHE GALLERY,"Sep. 21, 2009",Absinthe Contemporary Art LLC,,sodikoff1@comcast.net
77498068,deadAbandoned,ABSINTHE CONTEMPORARY,"Sep. 21, 2009",Absinthe Contemporary Art LLC,,sodikoff1@comcast.net
77498054,REQUEST_FAILED,,,,,
77498079,deadAbandoned,ZECO,"Mar. 23, 2009",Topella Ltd,,mike@the-informer.com
77498061,REQUEST_FAILED,,,,,
77498065,REQUEST_FAILED,,,,,
77498076,deadAbandoned,LA PARRA LOCO,"Mar. 24, 2009",Stranger & Stranger Ltd,,morgan@strangerandstranger.com
77498088,deadAbandoned,TWIN WHEEL CASTER SOLUTIONS,"Mar. 30, 2009",DoRodo International,,jpopma@dorodoint.com
77498071,REQUEST_FAILED,,,,,
77498081,REQUEST_FAILED,,,,,
77498136,REQUEST_FAILED,,,,,
77498108,REQUEST_FAILED,,,,,
77498225,REQUEST_FAILED,,,,,
77498222,REQUEST_FAILED,,,,,
77498249,REQUEST_FAILED,,,,,
77498375,deadAbandoned,INNOVATIVE RESOURCES FOR DENTISTRY,"Mar. 25, 2009","Innovative Resources For Dentistry, LLC",,Klein1@pacbell.net
77498261,REQUEST_FAILED,,,,,
77498405,REQUEST_FAILED,,,,,
77498459,deadAbandoned,CRUISE SHUTTLE EXPRESS 877-273-8889,"May 19, 2009","Doud, Shirly Annette",,barb@cruiseshuttleexpress.com
77498424,REQUEST_FAILED,,,,,
77498448,REQUEST_FAILED,,,,,
77498451,REQUEST_FAILED,,,,,
77498456,REQUEST_FAILED,,,,,
77498460,REQUEST_FAILED,,,,,
77498613,deadAbandoned,MOVE-IN UTILITY VACANT EXPENSE RECOVERY,"Aug. 10, 2009","Good Steward Software, LLC",,chrish@energycap.com
77498502,REQUEST_FAILED,,,,,
77498521,REQUEST_FAILED,,,,,
77498611,REQUEST_FAILED,,,,,
77498640,REQUEST_FAILED,,,,,
77498691,REQUEST_FAILED,,,,,
77498673,REQUEST_FAILED,,,,,
77498700,REQUEST_FAILED,,,,,
77498834,deadAbandoned,BAMBEAUTIFUL,"Mar. 26, 2009",susan ciminelli,,cablaschai@susanciminelli.com
77498767,REQUEST_FAILED,,,,,
77498841,REQUEST_FAILED,,,,,
77498809,REQUEST_FAILED,,,,,
77498848,REQUEST_FAILED,,,,,
77498895,REQUEST_FAILED,,,,,
77498878,REQUEST_FAILED,,,,,
77498920,REQUEST_FAILED,,,,,
77498962,REQUEST_FAILED,,,,,
77498960,REQUEST_FAILED,,,,,
77498966,REQUEST_FAILED,,,,,
77499017,deadAbandoned,RED OIL,"Mar. 29, 2009","Black Site 66, Sarl",,alainmiran@hotmail.com
77499050,deadAbandoned,MADE IN CHINA CLOTHING CO.,"Mar. 28, 2009","Cole, Justin M",,madrigalbna@gmail.com
77499034,REQUEST_FAILED,,,,,
77499019,REQUEST_FAILED,,,,,
77499042,REQUEST_FAILED,,,,,
77499033,REQUEST_FAILED,,,,,
77499047,REQUEST_FAILED,,,,,
77499066,REQUEST_FAILED,,,,,
77499079,REQUEST_FAILED,,,,,
77499084,REQUEST_FAILED,,,,,
77499094,deadAbandoned,CHOZEN PHOENIX GROUP,"Mar. 24, 2009","Chozen Phoenix Group, Inc.",,chozenphoenixgroup@gmail.com
77499103,deadAbandoned,ENGINEERED INVESTMENTS,"Mar. 30, 2009","Enderby, Russell T",,rte@gdn.net
77499086,REQUEST_FAILED,,,,,
77499120,REQUEST_FAILED,,,,,
77499116,REQUEST_FAILED,,,,,
77499169,deadAbandoned,CASA CCINO,"Apr. 30, 2009",Casa Ccino,,casaccino@gmail.com
77499126,REQUEST_FAILED,,,,,
77499161,REQUEST_FAILED,,,,,
77499221,REQUEST_FAILED,,,,,
77499222,REQUEST_FAILED,,,,,
77499227,REQUEST_FAILED,,,,,
77499228,REQUEST_FAILED,,,,,
77499263,deadAbandoned,GILI RITZ,"Apr. 09, 2009",GILI RITZ,,GILI_RITZ@YAHOO.COM
77499264,deadAbandoned,INKA GRILL FRANCHISE SYSTEMS,"Mar. 23, 2009",Chaos No. 1 LLC,,Chaos1LLC@yahoo.com
77499265,REQUEST_FAILED,,,,,
77499269,REQUEST_FAILED,,,,,
77499300,deadAbandoned,SPV SOLUTION,"Mar. 24, 2009",SPV Solution Limitd,,spvsolution@gmail.com
77499306,REQUEST_FAILED,,,,,
77499319,REQUEST_FAILED,,,,,
77499311,REQUEST_FAILED,,,,,
77499308,REQUEST_FAILED,,,,,
77499371,deadAbandoned,THE CREPEMASTERS,"Sep. 07, 2009","""The Trustees of the TGBS Trust.""",,wwfpana@gmail.com
77499345,REQUEST_FAILED,,,,,
77499355,REQUEST_FAILED,,,,,
77499388,deadAbandoned,NAC-CT,"Mar. 27, 2009",Our Family LLC,,natyshawright1@bellsouth.net
77499373,REQUEST_FAILED,,,,,
77499378,REQUEST_FAILED,,,,,
77499416,deadAbandoned,"BIG ANG ""URE HERO MC""","Sep. 14, 2009","ORTIZ, ANGELO",,vshon1@msn.com
77499417,deadAbandoned,A LEAGUE CLASSICS,"Apr. 29, 2009",KINGSTON RED INC,,jay@kingstonred.com
77499409,deadAbandoned,FXWEBSUITE,"Apr. 30, 2009","FX Development, Inc.",,etheriau@fxdevelopment.com
77499383,REQUEST_FAILED,,,,,
77499419,deadAbandoned,ATUM,"Mar. 25, 2009",Atum Technology Inc.,,chen8779@hotmail.com
77499418,REQUEST_FAILED,,,,,
77499469,REQUEST_FAILED,,,,,
77499481,REQUEST_FAILED,,,,,
77499521,REQUEST_FAILED,,,,,
77499528,REQUEST_FAILED,,,,,
77499603,deadAbandoned,MISSIONARY MOTORS,"Mar. 27, 2009","Missionary Motors, Inc.",,missionarymotors@missionarymotors.com
77499549,REQUEST_FAILED,,,,,
77499559,REQUEST_FAILED,,,,,
77499562,REQUEST_FAILED,,,,,
77499658,deadAbandoned,"CE CASH EXPRESS FUNDING, LLC","Jun. 12, 2009","CashExpress Funding, LLC",,cashexpressus@gmail.com
77499619,deadAbandoned,SYNERGE,"Aug. 31, 2009","King, Michael",,admin@forbearanceplan.com
77499602,REQUEST_FAILED,,,,,
77499638,REQUEST_FAILED,,,,,
77499713,REQUEST_FAILED,,,,,
77499722,REQUEST_FAILED,,,,,
77499770,deadAbandoned,EVOLUTION,"Mar. 23, 2009",S. Scott Taylor,,scott@sterling-gaming.com
77499776,deadAbandoned,ENERGY 1 INDIANAPOLIS INDIANA USA,"Nov. 27, 2009","Energy 1, Inc",,mwright@laibecorp.com
77499745,REQUEST_FAILED,,,,,
77499961,deadAbandoned,HEALTH SUPER SPA ON MY PLATE,"Aug. 11, 2009","Fat Loss E School, Inc",,doctorgupta@ameritech.net
77499871,deadAbandoned,MTC,"Mar. 24, 2009","Wang, Jimmy X",,jackie@mtcindustries.com
77499984,deadAbandoned,INTEGROUS,"Sep. 14, 2009","Shapiro, Rachel",,raychild222@hotmail.com
77499832,REQUEST_FAILED,,,,,
77499905,REQUEST_FAILED,,,,,
77500001,deadAbandoned,YOUTOPIA,"Mar. 26, 2009",susan ciminelli,,cablaschai@susanciminelli.com
77499996,REQUEST_FAILED,,,,,
77500056,deadAbandoned,INTELLICELLAR,"Aug. 31, 2009",SafShop LLC,,george.ouzts@safshop.net
77500044,REQUEST_FAILED,,,,,
77500086,REQUEST_FAILED,,,,,
77500114,REQUEST_FAILED,,,,,
77500119,REQUEST_FAILED,,,,,
77500173,REQUEST_FAILED,,,,,
77500181,REQUEST_FAILED,,,,,
77500255,REQUEST_FAILED,,,,,
77500319,deadAbandoned,CAPRS,"Sep. 07, 2009","Mavor, Christopher",,cmavor@powergate.ca
77500283,REQUEST_FAILED,,,,,
77500289,REQUEST_FAILED,,,,,
77500352,deadAbandoned,DIVA DREAMZ PARTIES FOR THE PAMPERED PRINCESS,"Sep. 28, 2009","DIVA DREAMZ, INC.",,baldwinmbb@aol.com
77500318,REQUEST_FAILED,,,,,
77500340,REQUEST_FAILED,,,,,
77500364,REQUEST_FAILED,,,,,
77500398,deadAbandoned,SERVING THE NEXT GENERATION OF HEROES,"Mar. 18, 2009",Michael J. Gerold,,kflegionpost911@gmail.com
77500397,deadAbandoned,BITCH,"Sep. 29, 2009",Rethink Management Pty Limited,,lew@rethinkmanagement.com.au
77500375,REQUEST_FAILED,,,,,
77500407,deadAbandoned,TUPS,"Mar. 25, 2009",E-mode Technology Limited,,ypzheng@ieee.org
77500416,deadAbandoned,MOA,"Oct. 03, 2009","Oury, Richard A and Oury, Andrew C",,andrew.oury@ouryclark-x.com
77500400,REQUEST_FAILED,,,,,
77500448,REQUEST_FAILED,,,,,
77500458,REQUEST_FAILED,,,,,
77500508,REQUEST_FAILED,,,,,
77500512,REQUEST_FAILED,,,,,
77500530,REQUEST_FAILED,,,,,
77500763,deadAbandoned,HINK PINK,"Sep. 09, 2009","DISCOVERY BAY GAMES, INC",,
77500715,REQUEST_FAILED,,,,,
77500733,REQUEST_FAILED,,,,,
77500788,deadAbandoned,THE YARD MANAGER,"May 07, 2009",Salvage Software LTD,,daveh@salvagesoftware.com
77500861,REQUEST_FAILED,,,,,
77500877,REQUEST_FAILED,,,,,
77500893,REQUEST_FAILED,,,,,
77500956,deadAbandoned,BD H.E.R.O.,"Nov. 16, 2009","Becton, Dickinson and Company",,
77501024,REQUEST_FAILED,,,,,
77501031,REQUEST_FAILED,,,,,
77501125,deadAbandoned,LOS NUEVOS RELAMPAGO'S,"May 06, 2009","CAVADA, DARLENE L",,darlenecavada@msn.com
77501166,deadAbandoned,ECOTECH,"Oct. 21, 2009",ECOTECH,,ecotech@techdocs.com
77501082,REQUEST_FAILED,,,,,
77501199,REQUEST_FAILED,,,,,
77501213,REQUEST_FAILED,,,,,
77501242,REQUEST_FAILED,,,,,
77501334,deadAbandoned,MOTIONPRINT,"Sep. 07, 2009",Outer Aspect Lmited,,sharmila@outeraspect.com
77501266,REQUEST_FAILED,,,,,
77501297,deadAbandoned,MORGAN SLOANE,"Mar. 24, 2009","Bucknor-Smartt, Mary F.",,maryalpha@yahoo.com
77501344,deadAbandoned,NUBORN BEVERAGES,"Sep. 07, 2009","Antoine Creative Industries, LLC",,antoinecreative@gmail.com
77501304,REQUEST_FAILED,,,,,
77501341,deadAbandoned,GO,"Mar. 12, 2009",jon steinsson,,js@steinsson.com
77501382,deadAbandoned,BEIGE GIFTS,"Mar. 30, 2009","Nabeta, Wayne",,kittycrack@gmail.com
77501338,REQUEST_FAILED,,,,,
77501377,deadAbandoned,END LIMITS,"Oct. 05, 2009",End Limits LLC,,sales@endlimits.com
77501352,REQUEST_FAILED,,,,,
77501365,REQUEST_FAILED,,,,,
77501388,REQUEST_FAILED,,,,,
77501399,REQUEST_FAILED,,,,,
77501409,REQUEST_FAILED,,,,,
77501429,REQUEST_FAILED,,,,,
77501492,REQUEST_FAILED,,,,,
77501542,deadAbandoned,CHU THE PEAK MOUSE,"Mar. 19, 2009",Good Link International Ltd.,,mpgoes@aol.com
77501516,REQUEST_FAILED,,,,,
77501518,REQUEST_FAILED,,,,,
77501505,REQUEST_FAILED,,,,,
77501565,REQUEST_FAILED,,,,,
77501572,REQUEST_FAILED,,,,,
77501574,REQUEST_FAILED,,,,,
77501640,deadAbandoned,INTELLIGENT INGREDIENTS II,"Sep. 21, 2009",Lauren Critelli-Hagerty,,
77501593,REQUEST_FAILED,,,,,
77501679,deadAbandoned,"AUTOWYPES ""PREP IS EVERYTHING""","Mar. 30, 2009","Brookman, Larry W",,feigen99@yahoo.com
77501689,REQUEST_FAILED,,,,,
77501797,deadAbandoned,BABY BOOMERS,"Apr. 28, 2009",Telebrands Corp.,,pdmurray@cooperdunham.com
77501705,REQUEST_FAILED,,,,,
77501716,REQUEST_FAILED,,,,,
77501761,REQUEST_FAILED,,,,,
77501849,deadAbandoned,ABAZIAS,"Sep. 28, 2009",Abazias Diamonds,,melissa@abazias.com
77501831,REQUEST_FAILED,,,,,
77501993,deadAbandoned,ESPRESSO EXOTICA,"Mar. 31, 2009","Hoover, Kyle Jay",,kylejhoover@hotmail.com
77501901,REQUEST_FAILED,,,,,
77501974,REQUEST_FAILED,,,,,
77501977,REQUEST_FAILED,,,,,
77501969,REQUEST_FAILED,,,,,
77502020,REQUEST_FAILED,,,,,
77502062,REQUEST_FAILED,,,,,
77502082,REQUEST_FAILED,,,,,
77502115,REQUEST_FAILED,,,,,
77502202,REQUEST_FAILED,,,,,
77502189,REQUEST_FAILED,,,,,
77502242,REQUEST_FAILED,,,,,
77502270,REQUEST_FAILED,,,,,
77502283,REQUEST_FAILED,,,,,
77502289,REQUEST_FAILED,,,,,
77502337,REQUEST_FAILED,,,,,
77502384,REQUEST_FAILED,,,,,
77502449,deadAbandoned,FRESHHMEDIA STRICTLY 4 THA FRESH 2 DEF!,"Mar. 31, 2009","McCoy,NaeCoby S.",,freshhmedia@yahoo.com
77502396,REQUEST_FAILED,,,,,
77502508,deadAbandoned,EQUIFASE,"Mar. 27, 2009",Stirling Products Limited,,calvin.london@stirlingproducts.net
77502496,deadAbandoned,ENERJII,"Sep. 29, 2009",Enerjii International Pty Ltd,,info@actuateip.com.au
77502461,REQUEST_FAILED,,,,,
77502516,deadAbandoned,COBENT,"Mar. 26, 2009",Cobent Limited,,tdillon@cobent.com
77502511,deadAbandoned,RFBOOST,"Apr. 17, 2009",Paragon Communications Ltd.,,annette@paragon-communications.com
77502501,REQUEST_FAILED,,,,,
77502510,REQUEST_FAILED,,,,,
77502515,REQUEST_FAILED,,,,,
77502532,REQUEST_FAILED,,,,,
77502557,REQUEST_FAILED,,,,,
77502601,REQUEST_FAILED,,,,,
77502627,REQUEST_FAILED,,,,,
77502643,REQUEST_FAILED,,,,,
77502810,deadAbandoned,INKYDOODLE,"Mar. 29, 2009",IDC Marketing Group LLC,,PRINTING@IDCPRINTING.COM
77502658,REQUEST_FAILED,,,,,
77502794,REQUEST_FAILED,,,,,
77502827,REQUEST_FAILED,,,,,
77502860,REQUEST_FAILED,,,,,
77502991,REQUEST_FAILED,,,,,
77503134,deadAbandoned,S SWISS WRIST,"Mar. 26, 2009",Swiss Wrist Inc,,issac@swiss-wrist.com
77503034,REQUEST_FAILED,,,,,
77503135,REQUEST_FAILED,,,,,
77503144,REQUEST_FAILED,,,,,
77503370,deadAbandoned,MCCAINS BOMB SQUAD,"Sep. 28, 2009",Mike Mccain,,mpmccain@aol.com
77503217,REQUEST_FAILED,,,,,
77503385,deadAbandoned,GRAFFITO WEAR,"Sep. 21, 2009","Chun, Steven Daniel",,sdchun@go.com
77503223,REQUEST_FAILED,,,,,
77503438,deadAbandoned,LEAVE NO FOOTPRINT,"Sep. 28, 2009","iShoe, Inc",,katey@ishoeinsole.com
77503418,REQUEST_FAILED,,,,,
77503446,REQUEST_FAILED,,,,,
77503475,REQUEST_FAILED,,,,,
77503533,deadAbandoned,RDX SURROUND SYSTEM,"Sep. 07, 2009",Precision Transducer Systems,,
77503502,REQUEST_FAILED,,,,,
77503591,deadAbandoned,THE NEW ENGLAND CAR CHANNEL,"Mar. 26, 2009",Global Broadcasting Corporation,,moelleken1@aol.com
77503550,REQUEST_FAILED,,,,,
77503620,deadAbandoned,THE MERCHANDISE CHANNEL,"Mar. 26, 2009",Global Broadcasting Corporation,,moelleken1@aol.com
77503597,deadAbandoned,THE RHODE ISLAND CAR CHANNEL,"Mar. 26, 2009",Global Broadcasting Corporation,,moelleken1@aol.com
77503586,REQUEST_FAILED,,,,,
77503637,deadAbandoned,THE HEALTH TELEVISION CHANNEL,"Mar. 31, 2009",Global Broadcasting Corporation,,moelleken1@aol.com
77503628,deadAbandoned,THE AUTOMOBILE CHANNEL,"Mar. 26, 2009",Global Broadcasting Corporation,,moelleken1@aol.com
77503602,deadAbandoned,THE MARKET PLACE CHANNEL,"Mar. 26, 2009",Global Broadcasting Corporation,,moelleken1@aol.com
77503644,deadAbandoned,THE NEW ENGLAND HEALTH AND WELLNESS CHANNEL,"Mar. 30, 2009",Global Broadcasting Corporation,,moelleken1@aol.com
77503600,REQUEST_FAILED,,,,,
77503634,REQUEST_FAILED,,,,,
77503638,REQUEST_FAILED,,,,,
77503681,deadAbandoned,GOLDEN AVATAR,"Nov. 03, 2009",Bryan DeDoncker,,info@goldenavatar.net
77503686,deadAbandoned,JONOTOL,"Sep. 07, 2009",Stirling Products Limited,,calvin.london@stirlingproducts.net
77503661,REQUEST_FAILED,,,,,
77503765,deadAbandoned,MR GREEN AUTO CLEAN,"Sep. 14, 2009",Mr Green Auto Clean LLC,,bp@mrgreenautoclean.com
77503688,deadAbandoned,NICOLETTI COUTURE,"Mar. 31, 2009",Sohrab Ashraflo,,davinci_exclusive@yahoo.com
77503671,REQUEST_FAILED,,,,,
77503756,REQUEST_FAILED,,,,,
77503798,REQUEST_FAILED,,,,,
77503802,REQUEST_FAILED,,,,,
77503810,REQUEST_FAILED,,,,,
77503957,REQUEST_FAILED,,,,,
77504000,deadAbandoned,OMNIA,"Mar. 31, 2009",Omnia Technologies Pvt. Ltd.,,
77503982,REQUEST_FAILED,,,,,
77503976,REQUEST_FAILED,,,,,
77504041,REQUEST_FAILED,,,,,
77504146,deadAbandoned,OURDIGS GOOD TIMES,"Mar. 27, 2009","Tonkin, Beau Trezise & Joss Trezise",,beautonkin@gmail.com
77504173,deadAbandoned,MTOR,"Mar. 31, 2009",Robert Portman,,rportman@signalnutrition.com
77504076,REQUEST_FAILED,,,,,
77504101,REQUEST_FAILED,,,,,
77504267,deadAbandoned,BRIDGE,"Sep. 07, 2009","Dennis, David B",,bridgeskateboards@gmail.com
77504143,REQUEST_FAILED,,,,,
77504228,REQUEST_FAILED,,,,,
77504345,deadAbandoned,REVELATION,"Jun. 02, 2009","Envisage, Inc.",,
77504285,REQUEST_FAILED,,,,,
77504291,REQUEST_FAILED,,,,,
77504325,REQUEST_FAILED,,,,,
77504329,REQUEST_FAILED,,,,,
77504351,REQUEST_FAILED,,,,,
77504395,REQUEST_FAILED,,,,,
77504491,deadAbandoned,THE PHOTO EYE,"Mar. 27, 2009","Warrington, David",,
77504465,REQUEST_FAILED,,,,,
77504481,REQUEST_FAILED,,,,,
77504538,REQUEST_FAILED,,,,,
77504680,deadAbandoned,VIVA BAJA MEXICAN GRILL,"Mar. 26, 2009",Xone Communications,,agarcia11_98@yahoo.com
77504678,REQUEST_FAILED,,,,,
77504679,REQUEST_FAILED,,,,,
77504711,REQUEST_FAILED,,,,,
77504762,deadAbandoned,MEETGOURMET,"Sep. 14, 2009",MeetGourmet,,alzen@aliceadsl.fr
77504737,REQUEST_FAILED,,,,,
77504741,REQUEST_FAILED,,,,,
77504753,REQUEST_FAILED,,,,,
77504763,REQUEST_FAILED,,,,,
77504793,deadAbandoned,OBAMA AIN'T YOUR MOMMA,"Feb. 23, 2009","Hoddinott, Read B.",,readh@insightbb.com
77504779,REQUEST_FAILED,,,,,
77504792,REQUEST_FAILED,,,,,
77504811,REQUEST_FAILED,,,,,
77504818,REQUEST_FAILED,,,,,
77504819,REQUEST_FAILED,,,,,
77504823,REQUEST_FAILED,,,,,
77504824,REQUEST_FAILED,,,,,
77504832,REQUEST_FAILED,,,,,
77504877,deadAbandoned,SS SWORD & STONE,"Apr. 02, 2009","Bushey, Christopher E.",,sdcollarcity@yahoo.com
77504853,REQUEST_FAILED,,,,,
77504886,REQUEST_FAILED,,,,,
77504889,REQUEST_FAILED,,,,,
77504904,deadAbandoned,PRODUCT IMAGINENGINEERING,"Apr. 14, 2009","Strack, David C",,strackster@comcast.net
77504897,REQUEST_FAILED,,,,,
77504922,REQUEST_FAILED,,,,,
77504931,REQUEST_FAILED,,,,,
77504964,deadAbandoned,CAREPAR,"Mar. 28, 2009",The Hotel Carbon Index limited,,peter.ducker@carepar.com
77504940,REQUEST_FAILED,,,,,
77504944,REQUEST_FAILED,,,,,
77504980,deadAbandoned,INCMAN,"Mar. 27, 2009","TATERPEACH, LLC",,smac@usa.com
77504963,REQUEST_FAILED,,,,,
77504972,REQUEST_FAILED,,,,,
77504981,REQUEST_FAILED,,,,,
77504986,REQUEST_FAILED,,,,,
77504996,REQUEST_FAILED,,,,,
77505029,deadAbandoned,SUBURBAN HIPSTER,"Oct. 10, 2009","Victor, Michelle L.",,mlvictor@mac.com
77505008,REQUEST_FAILED,,,,,
77505040,deadAbandoned,FINGER BIKES,"Mar. 13, 2009",American Home Apparel Inc.,,john@ahatoys.com
77505019,deadAbandoned,SOFT FRESH,"Apr. 17, 2009","Rebo Pulpline, Inc.",,gotojsl@yahoo.com
77505030,deadAbandoned,T· SPA PURE & NATURAL,"Mar. 29, 2009",BIRCHWOOD PROPERTIES PTY LTD,,robert@tspa.info
77505077,deadAbandoned,THE 00'S GAME,"Mar. 09, 2009","Start Space Games, Inc.",,csiegert@the80sgame.com
77505020,REQUEST_FAILED,,,,,
77505111,REQUEST_FAILED,,,,,
77505083,REQUEST_FAILED,,,,,
77505116,REQUEST_FAILED,,,,,
77505163,REQUEST_FAILED,,,,,
77505221,deadAbandoned,AQUA-SOLO,"Mar. 27, 2009","Kim, Donghwa",,thestoryman@gmail.com
77505200,deadAbandoned,HYDRABO T,"Sep. 14, 2009",magnaroute LLC,,sales@magnaroute.com
77505186,REQUEST_FAILED,,,,,
77505243,REQUEST_FAILED,,,,,
77505245,REQUEST_FAILED,,,,,
77505321,deadAbandoned,ALL RIGHTS TO THIS PROPERTY SURRENDERED TO THE KING OF KINGS,"Sep. 14, 2009","Gonzalez, Olivia",,ogpapitos@gmail.com
77505308,REQUEST_FAILED,,,,,
77505322,REQUEST_FAILED,,,,,
77505352,deadAbandoned,COMFEED,"Sep. 07, 2009","Horne, Shani",,ncanz2424@aol.com
77505328,REQUEST_FAILED,,,,,
77505325,REQUEST_FAILED,,,,,
77505341,REQUEST_FAILED,,,,,
77505464,deadAbandoned,CLOUDCENTER,"Mar. 30, 2009","CloudScale Networks, Inc.",,patents@cloudscale.net
77505448,deadAbandoned,CAIN IS ABLE,"Mar. 27, 2009","muldowney, joesph",,momoindafaxhoe@yahoo.com
77505418,REQUEST_FAILED,,,,,
77505434,REQUEST_FAILED,,,,,
77505559,deadAbandoned,UFAN(ADDICT),"Mar. 31, 2009","free inke, co.",,arian@ufanaddict.com
77505444,REQUEST_FAILED,,,,,
77505502,REQUEST_FAILED,,,,,
77505652,deadAbandoned,DRESS4DANCE.COM WWW.DRESS4DANCE.COM,"Apr. 13, 2009",Bella Kogan,,dress4dance@gmail.com
77505647,deadAbandoned,LITERACY CORNER,"Apr. 03, 2009",Regional Investment & Management,,contactus@rimcompany.com
77505708,deadAbandoned,DISTRIBUTED RECRUITING,"Mar. 28, 2009","Hyrian, LLC",,elefkowitz@hyrian.com
77505623,REQUEST_FAILED,,,,,
77505678,deadAbandoned,FRITA,"Sep. 07, 2009","Homer TLC, Inc.",,trade_marks@homedepot.com
77505630,REQUEST_FAILED,,,,,
77505662,REQUEST_FAILED,,,,,
77505679,REQUEST_FAILED,,,,,
77505727,REQUEST_FAILED,,,,,
77505734,REQUEST_FAILED,,,,,
77505749,REQUEST_FAILED,,,,,
77505804,REQUEST_FAILED,,,,,
77505881,deadAbandoned,GOLD COAST LONGBOARD COMPANY,"Apr. 08, 2009",Primo Distribution INC.,,brock@coanent.com
77505830,REQUEST_FAILED,,,,,
77505853,REQUEST_FAILED,,,,,
77505859,deadAbandoned,BIDLISTER,"Jul. 07, 2009","kauffman, michael, l",,papermachinerycorp2006@yahoo.com
77505897,REQUEST_FAILED,,,,,
77505913,REQUEST_FAILED,,,,,
77505922,REQUEST_FAILED,,,,,
77506012,REQUEST_FAILED,,,,,
77506019,REQUEST_FAILED,,,,,
77506031,REQUEST_FAILED,,,,,
77506070,deadAbandoned,SMARTMATH,"Apr. 09, 2009",EDUCONCEPT HOLDINGS PTE. LTD.,,eric.wong@planetii.com
77506072,REQUEST_FAILED,,,,,
77506073,REQUEST_FAILED,,,,,
77506209,REQUEST_FAILED,,,,,
77506258,REQUEST_FAILED,,,,,
77506260,REQUEST_FAILED,,,,,
77506356,REQUEST_FAILED,,,,,
77506475,deadAbandoned,FUNCTIONAL SKILLS SYSTEM,"Oct. 20, 2009","Oakwood Solutions, LLC",,bschmitz@conovercompany.com
77506393,REQUEST_FAILED,,,,,
77506468,REQUEST_FAILED,,,,,
77506497,deadAbandoned,PERSONAL RESPONSIBILITY,"Oct. 20, 2009","Oakwood Solutions, LLC",,bschmitz@conovercompany.com
77506541,REQUEST_FAILED,,,,,
77506554,REQUEST_FAILED,,,,,
77506626,REQUEST_FAILED,,,,,
77506617,REQUEST_FAILED,,,,,
77506654,REQUEST_FAILED,,,,,
77506720,deadAbandoned,JETSPEED,"Sep. 14, 2009",Gandi Innovations LLC,,
77506708,REQUEST_FAILED,,,,,
77506717,REQUEST_FAILED,,,,,
77506718,REQUEST_FAILED,,,,,
77506729,REQUEST_FAILED,,,,,
77506814,deadAbandoned,TRE SKATEBOARD CLOTHING,"Apr. 22, 2009","Pawlikowski, Phillip Jacob",,Phillip_Pawlikowski@yahoo.com
77506741,REQUEST_FAILED,,,,,
77506753,REQUEST_FAILED,,,,,
77506954,deadAbandoned,GEOWORDS,"Sep. 14, 2009","Hohensee, Matthias",,hohensee@gmail.com
77506942,REQUEST_FAILED,,,,,
77506957,REQUEST_FAILED,,,,,
77507010,deadAbandoned,UMBALA,"Sep. 07, 2009","TA, TRANG KHANH",,drtkht@yahoo.com
77507001,REQUEST_FAILED,,,,,
77507004,REQUEST_FAILED,,,,,
77507099,REQUEST_FAILED,,,,,
77507107,REQUEST_FAILED,,,,,
77507141,REQUEST_FAILED,,,,,
77507140,REQUEST_FAILED,,,,,
77507202,deadAbandoned,TAFFY'S,"Sep. 07, 2009","benjamin, taffy",,taffyny@aol.com
77507181,REQUEST_FAILED,,,,,
77507240,deadAbandoned,VITALA,"Apr. 07, 2009","Advanced Nutrient Systems, LLC",,peter@advancednutrientsystems.com
77507195,REQUEST_FAILED,,,,,
77507197,REQUEST_FAILED,,,,,
77507212,REQUEST_FAILED,,,,,
77507266,deadAbandoned,INYOGURT MARKET FRESH TOPPINGS,"Mar. 30, 2009","Plato, Thomas C",,thomasp@gelatospot.com
77507248,REQUEST_FAILED,,,,,
77507289,deadAbandoned,DEEP SIIX,"Sep. 14, 2009","Thacker, Robert scott",,nomad@deepsiix.com
77507286,deadAbandoned,DS,"Sep. 14, 2009","Thacker, Robert scott",,nomad@deepsiix.com
77507325,deadAbandoned,LEGACY CARING FRANÇOIS LL,"Jul. 16, 2009","Sculptura, LLC",,legacy@francoislimited.com
77507296,deadAbandoned,CAFE BONDI GREAT FOOD · GREAT ATMOSPHERE · GREAT COFFEE,"Apr. 09, 2009",Cafe Bondi Holdings Pty Limited,,info@cafebondi.com
77507298,deadAbandoned,6 SECOND STORAGE,"Dec. 04, 2009","CNi-Creative Nations International, Limited",,joy@creativenations.com
77507352,deadAbandoned,VTAPE,"Sep. 11, 2009","Sibbald, Kern E.",,kern@sibbald.com
77507342,REQUEST_FAILED,,,,,
77507368,REQUEST_FAILED,,,,,
77507411,REQUEST_FAILED,,,,,
77507458,REQUEST_FAILED,,,,,
77507461,REQUEST_FAILED,,,,,
77507484,REQUEST_FAILED,,,,,
77507488,REQUEST_FAILED,,,,,
77507540,REQUEST_FAILED,,,,,
77507557,REQUEST_FAILED,,,,,
77507766,REQUEST_FAILED,,,,,
77507787,REQUEST_FAILED,,,,,
77507874,REQUEST_FAILED,,,,,
77507863,REQUEST_FAILED,,,,,
77507914,REQUEST_FAILED,,,,,
77508112,deadAbandoned,FILESQUIRRELS,"Sep. 14, 2009","Remote Internet Storage, LLC",,chris.relyea@filesquirrels.com
77508099,REQUEST_FAILED,,,,,
77508124,deadAbandoned,EZFILESTOR,"Apr. 07, 2009","Remote Internet Storage, LLC",,chris.relyea@filesquirrels.com
77508272,deadAbandoned,COPIA,"Apr. 01, 2009","COPIA: The American Center for Wine, Food & the Arts",,
77508196,REQUEST_FAILED,,,,,
77508310,deadAbandoned,MEXICO ASSIST,"May 21, 2009",Ike Grupo Empresarial SA de CV,,canasia@ikeasistencia.com
77508352,deadAbandoned,LE MAZARINE,"Oct. 05, 2009","Diwa Designs Studio, LLC",,dionysus001@HOTMAIL.COM
77508202,REQUEST_FAILED,,,,,
77508222,REQUEST_FAILED,,,,,
77508299,REQUEST_FAILED,,,,,
77508347,REQUEST_FAILED,,,,,
77508391,REQUEST_FAILED,,,,,
77508419,REQUEST_FAILED,,,,,
77508476,REQUEST_FAILED,,,,,
77508559,REQUEST_FAILED,,,,,
77508638,REQUEST_FAILED,,,,,
77508693,REQUEST_FAILED,,,,,
77508697,REQUEST_FAILED,,,,,
77508821,deadAbandoned,ECOTRIPPIN',"Sep. 14, 2009",Eco Trippin,,wendijomathis@gmail.com
77508758,REQUEST_FAILED,,,,,
77508768,REQUEST_FAILED,,,,,
77508845,deadAbandoned,VIRTUAL IN-PERSON,"Apr. 13, 2009",WBS Connect,,
77508789,REQUEST_FAILED,,,,,
77508795,REQUEST_FAILED,,,,,
77508826,REQUEST_FAILED,,,,,
77508843,REQUEST_FAILED,,,,,
77508851,REQUEST_FAILED,,,,,
77508884,REQUEST_FAILED,,,,,
77508925,REQUEST_FAILED,,,,,
77509012,REQUEST_FAILED,,,,,
77509025,REQUEST_FAILED,,,,,
77509037,REQUEST_FAILED,,,,,
77509142,REQUEST_FAILED,,,,,
77509313,deadAbandoned,CARGO VANS TO GO,"Mar. 31, 2009","CARGO VANS TO GO, INC.",,sales@cargovanstogo.com
77509329,deadAbandoned,EZDIGIBUY,"Apr. 07, 2009","Howder, Cynthia",,netsol@cssolutions.biz
77509246,REQUEST_FAILED,,,,,
77509341,deadAbandoned,GUN DOG TV,"Apr. 03, 2009",Gun Dog Inc,,power@apowerloan.com
77509290,REQUEST_FAILED,,,,,
77509308,REQUEST_FAILED,,,,,
77509325,REQUEST_FAILED,,,,,
77509358,REQUEST_FAILED,,,,,
77509379,REQUEST_FAILED,,,,,
77509416,deadAbandoned,3D SEARCH ENGINE,"Jun. 11, 2009","QuadSurf, Inc.",,quadsurf@gmail.com
77509429,deadAbandoned,SEARCH THE WEB IN 3D,"Jun. 11, 2009","QuadSurf, Inc.",,quadsurf@gmail.com
77509382,REQUEST_FAILED,,,,,
77509414,REQUEST_FAILED,,,,,
77509425,REQUEST_FAILED,,,,,
77509442,REQUEST_FAILED,,,,,
77509469,deadAbandoned,LOVE MY DIRTY SNEAKERS,"Sep. 14, 2009","KP Communications, LLC",,kpcomm@aol.com
77509466,REQUEST_FAILED,,,,,
77509487,REQUEST_FAILED,,,,,
77509501,REQUEST_FAILED,,,,,
77509547,deadAbandoned,THE TRACKER CHART,"Apr. 07, 2009","Kidscount, LLC",,drsusanalexander@mac.com
77509533,deadAbandoned,None,"Apr. 02, 2009",Raquel Brulé,,raquelb@mac.com
77509695,deadAbandoned,SYSTEMTRADER,"Apr. 09, 2009","Destriau, Laurent",,laurent.destriau@systemtrader.fr
77509587,REQUEST_FAILED,,,,,
77509610,REQUEST_FAILED,,,,,
77509690,REQUEST_FAILED,,,,,
77509705,deadAbandoned,PREGGYBELLY MATERNITY,"Apr. 06, 2009",JT Biz LLC,,
77509698,REQUEST_FAILED,,,,,
77509728,REQUEST_FAILED,,,,,
77509796,REQUEST_FAILED,,,,,
77509800,REQUEST_FAILED,,,,,
77509885,deadAbandoned,ROCKET MEDIA,"Aug. 21, 2009","ROCKET MEDIA, LLC",,ben@rocketmediastudios.com
77509919,deadAbandoned,J. PEPE'S,"Apr. 03, 2009","AMG Management Corporation, Inc.",,
77509890,REQUEST_FAILED,,,,,
77509936,deadAbandoned,TWO TO TANGO,"Sep. 14, 2009","Muñoz, Juan Carlos",,hwillens8@yahoo.com
77509914,REQUEST_FAILED,,,,,
77509932,REQUEST_FAILED,,,,,
77510030,deadAbandoned,RIDE REMINDER,"Mar. 31, 2009","Mobility Works, Inc.",,easyrides@mobilitatsoftware.com
77509959,REQUEST_FAILED,,,,,
77510023,REQUEST_FAILED,,,,,
77510074,REQUEST_FAILED,,,,,
77510197,REQUEST_FAILED,,,,,
77510253,REQUEST_FAILED,,,,,
77510255,REQUEST_FAILED,,,,,
77510303,REQUEST_FAILED,,,,,
77510385,REQUEST_FAILED,,,,,
77510405,REQUEST_FAILED,,,,,
77510424,REQUEST_FAILED,,,,,
77510476,REQUEST_FAILED,,,,,
77510483,REQUEST_FAILED,,,,,
77510500,REQUEST_FAILED,,,,,
77510558,deadAbandoned,VIRTUAL DESKTOP,"Mar. 24, 2009",TechSolve,,msimmons@techsolvellc.com
77510524,deadAbandoned,ADVENTURE RATED,"Mar. 31, 2009","Sconica, LLC",,swermann@gmail.com
77510514,REQUEST_FAILED,,,,,
77510519,REQUEST_FAILED,,,,,
77510529,REQUEST_FAILED,,,,,
77510543,REQUEST_FAILED,,,,,
77510565,REQUEST_FAILED,,,,,
77510572,REQUEST_FAILED,,,,,
77510616,deadAbandoned,SAHUARITA TRADING COMPANY,"Sep. 14, 2009",Randolph Schild,,randolph_schild@yahoo.com
77510609,REQUEST_FAILED,,,,,
77510607,REQUEST_FAILED,,,,,
77510629,deadAbandoned,AQUAPOWER SPORTS & ENERGY DRINK,"Oct. 05, 2009","Go, Dexter",,
77510638,deadAbandoned,WHERE POWER MEETS LIQUID SILENCE,"Sep. 14, 2009",magnaroute LLC,,sales@magnaroute.com
77510624,deadAbandoned,E,"May 04, 2009",Social Evil Inc.,,calvin@socialevil.com
77510618,REQUEST_FAILED,,,,,
77510630,REQUEST_FAILED,,,,,
77510642,REQUEST_FAILED,,,,,
77510662,REQUEST_FAILED,,,,,
77510659,REQUEST_FAILED,,,,,
77510664,REQUEST_FAILED,,,,,
77510697,deadAbandoned,NASCOW,"Sep. 21, 2009","Lesslie, James",,CowabungaMerchandise@Hotmail.com
77510690,deadAbandoned,KIMONO DRAGON,"Sep. 14, 2009","Dressler, Jan M",,jandressler@mac.com
77510673,REQUEST_FAILED,,,,,
77510685,REQUEST_FAILED,,,,,
77510725,deadAbandoned,DETOXAWAY,"Sep. 14, 2009",SRIDEVI JASTI,,nmai@erols.com
77510734,deadAbandoned,SUNSET STRIP SHOES,"Apr. 03, 2009",Kevonian Ara,,Kraffi77@Yahoo.com
77510702,REQUEST_FAILED,,,,,
77510708,REQUEST_FAILED,,,,,
77510752,REQUEST_FAILED,,,,,
77510760,REQUEST_FAILED,,,,,
77510769,REQUEST_FAILED,,,,,
77510774,REQUEST_FAILED,,,,,
77510785,REQUEST_FAILED,,,,,
77510835,deadAbandoned,MALIN,"Apr. 06, 2009","XINXING COUNTY MALIN FOOD CO., LTD.",,
77510822,deadAbandoned,ECO-SYSTEM FUND,"Mar. 02, 2009","Casey, Michael",,mrc@sternacapital.net
77510827,REQUEST_FAILED,,,,,
77510852,REQUEST_FAILED,,,,,
77511037,deadAbandoned,SMAC VAULT,"Mar. 27, 2009","TATERPEACH, LLC",,smac@usa.com
77510982,REQUEST_FAILED,,,,,
77511006,REQUEST_FAILED,,,,,
77511033,REQUEST_FAILED,,,,,
77511120,deadAbandoned,GRILL GENIUS,"Aug. 24, 2009","Morgan, Jerry L.",,jerryicfoods@gmail.com
77511062,REQUEST_FAILED,,,,,
77511179,deadAbandoned,POLICY ADMINISTRATION ON YOUR TERMS,"Apr. 06, 2009",Adaptik Corporation,,mersoy@adaptik.com
77511088,REQUEST_FAILED,,,,,
77511183,deadAbandoned,HOME REFINER NEW YORK,"Apr. 10, 2009","Van Muylem, Elfi",,info@homerefiner.com
77511111,REQUEST_FAILED,,,,,
77511190,deadAbandoned,BUSINESS CRITICAL RESEARCH,"Apr. 11, 2009","Informative Design Group, Inc.",,
77511128,REQUEST_FAILED,,,,,
77511131,REQUEST_FAILED,,,,,
77511189,REQUEST_FAILED,,,,,
77511208,REQUEST_FAILED,,,,,
77511232,REQUEST_FAILED,,,,,
77511234,REQUEST_FAILED,,,,,
77511482,REQUEST_FAILED,,,,,
77511544,REQUEST_FAILED,,,,,
77511578,REQUEST_FAILED,,,,,
77511643,deadAbandoned,IT'S ABOUT TIME,"Apr. 08, 2009","ZumBox, Inc.",,yarone@yarone.com
77511582,REQUEST_FAILED,,,,,
77511652,REQUEST_FAILED,,,,,
77511733,REQUEST_FAILED,,,,,
77511738,REQUEST_FAILED,,,,,
77511775,deadAbandoned,SMAC LIFE,"Mar. 27, 2009","TATERPEACH, LLC",,smac@usa.com
77511771,REQUEST_FAILED,,,,,
77511894,deadAbandoned,CAELI & WEN,"Oct. 26, 2009",Caeli & Wen Inc.,,info@caeliandwen.com
77511895,deadAbandoned,MY OWN MEDITATION,"Sep. 28, 2009","My Own Meditation, LLC",,fltvhost@yahoo.com
77511816,REQUEST_FAILED,,,,,
77511823,REQUEST_FAILED,,,,,
77511927,deadAbandoned,ZEO,"Apr. 09, 2009",Zelfo Global Pty Ltd,,paul@zelfoglobal.com
77511934,deadAbandoned,IMPERIALJETS.COM,"Apr. 08, 2009",MENTONETO INC,,notifyneal@hotmail.com
77511897,REQUEST_FAILED,,,,,
77511898,REQUEST_FAILED,,,,,
77511952,REQUEST_FAILED,,,,,
77511954,REQUEST_FAILED,,,,,
77511962,REQUEST_FAILED,,,,,
77511975,REQUEST_FAILED,,,,,
77512118,deadAbandoned,RADIANT PUBLISHING,"Apr. 08, 2009","RADIANT PUBLISHING, LLC",,mollygayle@verizon.net
77511987,REQUEST_FAILED,,,,,
77512131,REQUEST_FAILED,,,,,
77512151,REQUEST_FAILED,,,,,
77512200,deadAbandoned,PERFECT PLATE,"Apr. 08, 2009","Dunn, Arthur Thomas",,Atdunn5@aol.com
77512197,REQUEST_FAILED,,,,,
77512217,REQUEST_FAILED,,,,,
77512215,REQUEST_FAILED,,,,,
77512236,REQUEST_FAILED,,,,,
77512381,deadAbandoned,X-TREME POWER CHAINSAW ART CARVING COMPETITION,"Apr. 17, 2009",BRIAN J RUTH,,jen@chainsaw.net
77512258,REQUEST_FAILED,,,,,
77512281,REQUEST_FAILED,,,,,
77512340,REQUEST_FAILED,,,,,
77512348,REQUEST_FAILED,,,,,
77512371,REQUEST_FAILED,,,,,
77512441,deadAbandoned,5 FIVE STAR GREEN BAG 5 FIVE STAR GREEN BAG,"Apr. 08, 2009","Sustainable Designs, Inc",,matt@fivestargreenbag.com
77512415,deadAbandoned,VIRTUAL CLOSET,"Sep. 28, 2009","Reynolds, Gregory",,greynolds@hadley-reynolds.com
77512433,REQUEST_FAILED,,,,,
77512442,REQUEST_FAILED,,,,,
77512469,REQUEST_FAILED,,,,,
77512614,deadAbandoned,KUKLA,"May 21, 2009","Rosier, Sherman M.",,srosier@kuklafashion.com
77512557,REQUEST_FAILED,,,,,
77512689,REQUEST_FAILED,,,,,
77512819,REQUEST_FAILED,,,,,
77512839,REQUEST_FAILED,,,,,
77512845,REQUEST_FAILED,,,,,
77512863,REQUEST_FAILED,,,,,
77512929,REQUEST_FAILED,,,,,
77512954,REQUEST_FAILED,,,,,
77512958,REQUEST_FAILED,,,,,
77513014,deadAbandoned,EATGREEN,"Apr. 13, 2009",Eat Green LLC,,brian@eatgreendfw.com
77512978,REQUEST_FAILED,,,,,
77512964,REQUEST_FAILED,,,,,
77512984,REQUEST_FAILED,,,,,
77513076,deadAbandoned,INNOVATION INDEX,"Nov. 03, 2009",Secet LLC,,msmalaure@aol.com
77513096,deadAbandoned,HATCH AN EGG! YOUR LOCAL PLACE FOR GLOBAL BUSINESS,"Apr. 21, 2009",Filippouli Elizabeth S,,filippouli@yahoo.com
77513048,REQUEST_FAILED,,,,,
77513080,REQUEST_FAILED,,,,,
77513171,REQUEST_FAILED,,,,,
77513211,REQUEST_FAILED,,,,,
77513265,deadAbandoned,GIRLS TASTE BETTER,"Jul. 10, 2009","Tenholder, Tracy",,girlstastebetter@gmail.com
77513331,deadAbandoned,LEADDOG LEADS,"Jun. 24, 2009",Lead Dog Marketing Inc.,,frontdesk@leaddogleads.com
77513316,deadAbandoned,CELEBRITY DAIRY,"Apr. 15, 2009","Celebrity Dairy, LLC",,
77513272,REQUEST_FAILED,,,,,
77513294,REQUEST_FAILED,,,,,
77513453,deadAbandoned,UNINTERRUPTED PROSPERITY,"Mar. 27, 2009","TATERPEACH, LLC",,smac@usa.com
77513317,REQUEST_FAILED,,,,,
77513385,REQUEST_FAILED,,,,,
77513572,deadAbandoned,WORSHIP MENTOR SERIES,"Apr. 15, 2009",Don Moen LLC,,
77513479,REQUEST_FAILED,,,,,
77513542,REQUEST_FAILED,,,,,
77513578,REQUEST_FAILED,,,,,
77513648,REQUEST_FAILED,,,,,
77513615,REQUEST_FAILED,,,,,
77513659,REQUEST_FAILED,,,,,
77513723,deadAbandoned,MOJO SPORTS GET YOUR MOJO WORKING,"Apr. 16, 2009",Mojo Sports,,pj@simplymojo.com
77513743,deadAbandoned,STONEFIRE BISTRO AND PIZZA,"Apr. 17, 2009","Stonefire, Inc.",,
77513731,REQUEST_FAILED,,,,,
77513744,REQUEST_FAILED,,,,,
77513756,REQUEST_FAILED,,,,,
77513849,REQUEST_FAILED,,,,,
77513903,REQUEST_FAILED,,,,,
77513930,REQUEST_FAILED,,,,,
77513948,REQUEST_FAILED,,,,,
77514005,deadAbandoned,YOKE,"Apr. 10, 2009",YOKE LLC,,pcolon@p2050.com
77513972,REQUEST_FAILED,,,,,
77514050,deadAbandoned,LOS SOLITARIOS,"Apr. 16, 2009",CASTELLANO CUELLAR JOSE ANTONIO,,audiofuturastudio@hotmail.com
77514003,REQUEST_FAILED,,,,,
77514116,deadAbandoned,FRENCHPRO NAILS,"Sep. 21, 2009","Espinosa, Roberto",,robbyespinosa@gmail.com
77514105,REQUEST_FAILED,,,,,
77514125,deadAbandoned,None,"Apr. 08, 2009",Leonard P. Lopez,,doc@drlenlopez.com
77514064,REQUEST_FAILED,,,,,
77514115,REQUEST_FAILED,,,,,
77514144,deadAbandoned,IMPERIALJETS,"Apr. 08, 2009",MENTONETO INC,,notifyneal@hotmail.com
77514132,REQUEST_FAILED,,,,,
77514173,REQUEST_FAILED,,,,,
77514212,REQUEST_FAILED,,,,,
77514254,REQUEST_FAILED,,,,,
77514327,REQUEST_FAILED,,,,,
77514382,deadAbandoned,DENTAL DIRECT,"Apr. 13, 2009","Fertucci, Joseph",,drfertucci@countydental.com
77514335,REQUEST_FAILED,,,,,
77514471,deadAbandoned,CSO COMPLIANT COMPLIANCE SERVICE ORGANIZATION COMPLIANCE SERVICE ORGANIZATION,"Apr. 13, 2009","Compliance Service Organization, Inc.",,adam@csocertified.com
77514431,REQUEST_FAILED,,,,,
77514446,REQUEST_FAILED,,,,,
77514485,REQUEST_FAILED,,,,,
77514491,REQUEST_FAILED,,,,,
77514497,REQUEST_FAILED,,,,,
77514544,REQUEST_FAILED,,,,,
77514546,REQUEST_FAILED,,,,,
77514592,REQUEST_FAILED,,,,,
77514663,deadAbandoned,TRANNY HIGH,"Sep. 14, 2009","Wanksta Entertainment, Inc.",,
77514631,REQUEST_FAILED,,,,,
77514650,REQUEST_FAILED,,,,,
77514727,REQUEST_FAILED,,,,,
77514832,REQUEST_FAILED,,,,,
77514834,REQUEST_FAILED,,,,,
77514837,REQUEST_FAILED,,,,,
77514881,deadAbandoned,ALL DAY SPORTSWEAR,"Apr. 13, 2009","All Day Sportswear, LLC",,kevinw@companiesinc.com
77514919,deadAbandoned,AMIMO,"Apr. 10, 2009",Heikki Haldre,,info@corps-one.com
77514947,deadAbandoned,CHOOSING CARE,"Apr. 15, 2009","Choosing Care, Inc.",,PamHeard@aol.com
77514878,REQUEST_FAILED,,,,,
77514898,REQUEST_FAILED,,,,,
77514929,REQUEST_FAILED,,,,,
77514956,REQUEST_FAILED,,,,,
77514998,REQUEST_FAILED,,,,,
77515008,REQUEST_FAILED,,,,,
77515015,REQUEST_FAILED,,,,,
77515030,deadAbandoned,VBACKUP,"Sep. 11, 2009","Sibbald, Kern E.",,kern@sibbald.com
77515027,REQUEST_FAILED,,,,,
77515033,REQUEST_FAILED,,,,,
77515037,REQUEST_FAILED,,,,,
77515047,REQUEST_FAILED,,,,,
77515056,REQUEST_FAILED,,,,,
77515062,REQUEST_FAILED,,,,,
77515070,deadAbandoned,CASA COSTERA,"Apr. 16, 2009","ABAD SAPENA, ELEUTERIO",,exportacion@campomarnature.com
77515105,deadAbandoned,COVALENT LABORATORIES,"Apr. 15, 2009","McDonald, Thomas H.",,tmcdonald@covalentlabs.com
77515087,REQUEST_FAILED,,,,,
77515090,REQUEST_FAILED,,,,,
77515091,REQUEST_FAILED,,,,,
77515124,REQUEST_FAILED,,,,,
77515122,REQUEST_FAILED,,,,,
77515130,REQUEST_FAILED,,,,,
77515155,deadAbandoned,COLLECTIVE BITS,"Apr. 11, 2009","Liskin, Michael A",,
77515158,deadAbandoned,HUNGER BUSTER 100 CALORIES!,"Apr. 15, 2009","Natural Remedy Labs, LLC",,alohastar77@yahoo.com
77515167,deadAbandoned,SUNLITE,"Apr. 20, 2009",Soquel Energy Corporation,,lackerso@soquelenergy.com
77515143,REQUEST_FAILED,,,,,
77515146,REQUEST_FAILED,,,,,
77515174,deadAbandoned,ENTEACO,"Sep. 28, 2009","Positive Health Creations, LLC",,enteaco@yahoo.com
77515177,deadAbandoned,ROCK BAND IN YOUR HAND,"Mar. 30, 2009","American Home Apparel, Inc.",,ivars@ahatoys.com
77515164,deadAbandoned,SKRUFY,"Jun. 16, 2009","Ross, James",,hope99@gmail.com
77515169,REQUEST_FAILED,,,,,
77515173,REQUEST_FAILED,,,,,
77515175,REQUEST_FAILED,,,,,
77515181,REQUEST_FAILED,,,,,
77515183,REQUEST_FAILED,,,,,
77515213,deadAbandoned,MOVIETOWN INTERNATIONAL,"Apr. 23, 2009",Jerome P. Barney,,
77515207,REQUEST_FAILED,,,,,
77515221,REQUEST_FAILED,,,,,
77515247,REQUEST_FAILED,,,,,
77515248,REQUEST_FAILED,,,,,
77515254,REQUEST_FAILED,,,,,
77515294,deadAbandoned,KWIK K1,"Apr. 18, 2009",Benjamin Walter Hart,,benwhart28@yahoo.com
77515256,REQUEST_FAILED,,,,,
77515285,deadAbandoned,BEFADS,"Sep. 21, 2009",goupons ltd,,micha@goupons.com
77515286,REQUEST_FAILED,,,,,
77515293,deadAbandoned,INTEGRITY LEGAL,"Apr. 18, 2009",Benjamin Walter Hart,,benwhart28@yahoo.com
77515337,deadAbandoned,TOTAL MEDICAL,"Apr. 17, 2009",AGEX Enterprises,,gelios2@yahoo.com
77515295,REQUEST_FAILED,,,,,
77515323,REQUEST_FAILED,,,,,
77515307,REQUEST_FAILED,,,,,
77515347,REQUEST_FAILED,,,,,
77515355,REQUEST_FAILED,,,,,
77515358,REQUEST_FAILED,,,,,
77515362,REQUEST_FAILED,,,,,
77515370,REQUEST_FAILED,,,,,
77515389,deadAbandoned,CHEMCO USA LLC QUICK CLEAN ALL PURPOSE CLEANER AND DEGREASER,"Apr. 21, 2009",CHEMCO USA LLC,,rnodonnell@aol.com
77515383,REQUEST_FAILED,,,,,
77515425,deadAbandoned,TANNENBOING,"Apr. 11, 2009","Tannenboing, LLC",,mweingeist@comcast.net
77515387,REQUEST_FAILED,,,,,
77515388,REQUEST_FAILED,,,,,
77515396,REQUEST_FAILED,,,,,
77515427,REQUEST_FAILED,,,,,
77515438,REQUEST_FAILED,,,,,
77515441,REQUEST_FAILED,,,,,
77515440,REQUEST_FAILED,,,,,
77515461,deadAbandoned,AIRFREE,"Apr. 15, 2009",Code Red Systems Ltd,,info@code-red.biz
77515534,deadAbandoned,THE KADDIE CARD,"Jun. 05, 2009",Freda Lorraine Thomas,,fredasells@yahoo.com
77515566,deadAbandoned,FLOORSOURCE WHOLESALE,"Apr. 15, 2009",Map Flooring Distributors Inc,,whtlke@hotmail.com
77515517,REQUEST_FAILED,,,,,
77515532,REQUEST_FAILED,,,,,
77515636,deadAbandoned,BLACK BOWTIE SERVICES,"Apr. 15, 2009",KENNETH MILLER,,BLKBOWTIE8@AOL.COM
77515571,REQUEST_FAILED,,,,,
77515707,deadAbandoned,NANOJET,"Mar. 30, 2009",Gandi Innovations LLC,,
77515685,REQUEST_FAILED,,,,,
77515716,deadAbandoned,VIRALTICKET,"Dec. 03, 2009",amiando AG,,sebastian.baerhold@amiando.com
77515705,REQUEST_FAILED,,,,,
77515746,REQUEST_FAILED,,,,,
77515734,REQUEST_FAILED,,,,,
77515757,REQUEST_FAILED,,,,,
77515775,REQUEST_FAILED,,,,,
77515840,deadAbandoned,BEARY HAPPY,"Oct. 02, 2009",Lilia Brown,,liliabrown02@yahoo.com
77515857,deadAbandoned,SHORT SALE INTERNATIONAL,"Apr. 21, 2009",Short Sale International,,klevonas@gmail.com
77515806,REQUEST_FAILED,,,,,
77515811,REQUEST_FAILED,,,,,
77515841,REQUEST_FAILED,,,,,
77515911,REQUEST_FAILED,,,,,
77515995,deadAbandoned,UXRESEARCHER,"Apr. 17, 2009","Alucid Solution, Inc.",,
77516008,deadAbandoned,UXPORTAL,"Apr. 17, 2009","Alucid Solution, Inc.",,
77515976,REQUEST_FAILED,,,,,
77516002,deadAbandoned,UXPARTICIPANT,"Apr. 17, 2009","Alucid Solution, Inc.",,
77516028,deadAbandoned,ZENITH,"Dec. 11, 2009","Hussain, Imran",,rizwana@multibrands.eu.com
77516013,REQUEST_FAILED,,,,,
77516019,REQUEST_FAILED,,,,,
77516101,REQUEST_FAILED,,,,,
77516187,REQUEST_FAILED,,,,,
77516168,REQUEST_FAILED,,,,,
77516304,deadAbandoned,SPIRIT OF THE RED HORSE,"Mar. 03, 2009",Ainsworth Game Technology Limited,,jason.meyer@ainsworth.com.au
77516307,deadAbandoned,HUNTING SEASON,"Aug. 10, 2009",Ainsworth Game Technology Limited,,jason.meyer@ainsworth.com.au
77516251,REQUEST_FAILED,,,,,
77516335,deadAbandoned,SIP PRINT,"Apr. 17, 2009","Sip Print, LLC",,donp@telnet-tech.com
77516340,deadAbandoned,YOUR PERSONAL NURSE ADVOCATE,"Apr. 15, 2009",Your Personal Nurse Advocate,,Kelynco@qwestoffice.net
77516296,REQUEST_FAILED,,,,,
77516315,REQUEST_FAILED,,,,,
77516329,REQUEST_FAILED,,,,,
77516328,REQUEST_FAILED,,,,,
77516346,REQUEST_FAILED,,,,,
77516381,deadAbandoned,BOHEMIAN ENTERTAINMENT,"Apr. 16, 2009","Lajcik, Tim",,bohemianbear@gmail.com
77516357,REQUEST_FAILED,,,,,
77516358,REQUEST_FAILED,,,,,
77516366,deadAbandoned,!DRAMA BUZZ,"Jun. 29, 2009",Blue Epoch,,adamkreeger@gmail.com
77516365,REQUEST_FAILED,,,,,
77516385,REQUEST_FAILED,,,,,
77516412,deadAbandoned,DILLY DALLY,"Apr. 11, 2009","KRAUSE, RODERICK A.",,RODKRAUSE@YAHOO.COM
77516408,REQUEST_FAILED,,,,,
77516453,deadAbandoned,XTATIC,"Apr. 16, 2009","Walters, John A",,john.walters@gel-group.com
77516421,REQUEST_FAILED,,,,,
77516439,deadAbandoned,FISH FLING,"Sep. 28, 2009",PETER FISH,,peter@peterfish.com
77516526,deadAbandoned,PARTYFOOD,"Apr. 28, 2009","McClelland, Donna M.",,dmcmc@hotmail.com
77516436,REQUEST_FAILED,,,,,
77516454,deadAbandoned,TARAGELLE,"Sep. 28, 2009","Walters, John A",,john.walters@gel-group.com
77516490,deadAbandoned,ROADKILL CLOTHING,"Apr. 16, 2009","Brandt, Forrest K.",,summit68@gmail.com
77516445,REQUEST_FAILED,,,,,
77516532,REQUEST_FAILED,,,,,
77516559,REQUEST_FAILED,,,,,
77516585,REQUEST_FAILED,,,,,
77516609,REQUEST_FAILED,,,,,
77516683,REQUEST_FAILED,,,,,
77516703,REQUEST_FAILED,,,,,
77516778,deadAbandoned,HAMMERS,"May 16, 2009",Double Blue Jay Corporation,,jstoneadvisor@yahoo.com
77516744,REQUEST_FAILED,,,,,
77516765,REQUEST_FAILED,,,,,
77516774,REQUEST_FAILED,,,,,
77516811,deadAbandoned,BG AUTOMOTIVE GROUP,"Sep. 28, 2009",BG Automotive Group Ltd.,,
77516782,REQUEST_FAILED,,,,,
77516797,REQUEST_FAILED,,,,,
77516816,REQUEST_FAILED,,,,,
77516833,deadAbandoned,BG AUTOMOTIVE GROUP,"Nov. 02, 2009",BG Automotive Group Ltd.,,
77516821,REQUEST_FAILED,,,,,
77516832,REQUEST_FAILED,,,,,
77516971,deadAbandoned,BUYERCOMMAND,"Jun. 12, 2009","Bidiom, Inc.",,c_gilliam@hotmail.com
77516871,REQUEST_FAILED,,,,,
77516872,REQUEST_FAILED,,,,,
77516952,REQUEST_FAILED,,,,,
77516966,REQUEST_FAILED,,,,,
77517146,deadAbandoned,TURBOCDN,"Apr. 16, 2009",CDN Limited,,
77517013,REQUEST_FAILED,,,,,
77517153,deadAbandoned,TURBOCDN,"Apr. 15, 2009",CDN Limited,,
77517110,REQUEST_FAILED,,,,,
77517267,deadAbandoned,ZIZZOUT,"Sep. 28, 2009","Kookoomanga, Inc.",,cpicker@zizzout.com
77517168,REQUEST_FAILED,,,,,
77517222,REQUEST_FAILED,,,,,
77517259,REQUEST_FAILED,,,,,
77517278,REQUEST_FAILED,,,,,
77517290,REQUEST_FAILED,,,,,
77517313,REQUEST_FAILED,,,,,
77517322,REQUEST_FAILED,,,,,
77517332,REQUEST_FAILED,,,,,
77517409,deadAbandoned,FLOOR COASTERS,"Apr. 17, 2009","Nadeau, Dwight H",,nfn02064@naples.net
77517429,REQUEST_FAILED,,,,,
77517461,REQUEST_FAILED,,,,,
77517450,REQUEST_FAILED,,,,,
77517481,REQUEST_FAILED,,,,,
77517518,REQUEST_FAILED,,,,,
77517506,REQUEST_FAILED,,,,,
77517529,REQUEST_FAILED,,,,,
77517535,REQUEST_FAILED,,,,,
77517598,deadAbandoned,CSPIP,"Apr. 17, 2009","Henschelchen, Werner",,werner.henschelchen@gasq.org
77517539,REQUEST_FAILED,,,,,
77517580,REQUEST_FAILED,,,,,
77517612,REQUEST_FAILED,,,,,
77517664,REQUEST_FAILED,,,,,
77517679,REQUEST_FAILED,,,,,
77517692,REQUEST_FAILED,,,,,
77517783,REQUEST_FAILED,,,,,
77517859,REQUEST_FAILED,,,,,
77517912,REQUEST_FAILED,,,,,
77517932,REQUEST_FAILED,,,,,
77517954,REQUEST_FAILED,,,,,
77517967,REQUEST_FAILED,,,,,
77518016,REQUEST_FAILED,,,,,
77518022,REQUEST_FAILED,,,,,
77518025,REQUEST_FAILED,,,,,
77518045,REQUEST_FAILED,,,,,
77518107,REQUEST_FAILED,,,,,
77518110,REQUEST_FAILED,,,,,
77518113,REQUEST_FAILED,,,,,
77518183,REQUEST_FAILED,,,,,
77518299,deadAbandoned,SHADY'S,"Apr. 22, 2009","Fisher, Michael Arthur",,MikeAFisher@gmail.com
77518300,deadAbandoned,GREENHOSPITAL,"Apr. 22, 2009",Dr Hecker Raoul M,,hecker@gerau.de
77518336,deadAbandoned,CZAR ZILCH,"Apr. 17, 2009",Byron Judd,,
77518318,REQUEST_FAILED,,,,,
77518321,REQUEST_FAILED,,,,,
77518332,REQUEST_FAILED,,,,,
77518356,REQUEST_FAILED,,,,,
77518365,REQUEST_FAILED,,,,,
77518417,REQUEST_FAILED,,,,,
77518423,deadAbandoned,SANIWARES,"Sep. 14, 2009","Go, Dexter",,dexter@dextergo.com
77518433,REQUEST_FAILED,,,,,
77518483,deadAbandoned,TRANS-ACTION REALTY,"Apr. 16, 2009",TRANS-ACTION REALTY INC.,,
77518444,REQUEST_FAILED,,,,,
77518461,REQUEST_FAILED,,,,,
77518514,deadAbandoned,PAINTBALL LIVE,"Apr. 16, 2009","McDonald, Ryan",,ryanthemighty@gmail.com
77518527,deadAbandoned,TESTIAN,"May 08, 2009",Testian Inc.,,soh@testian.com
77518500,REQUEST_FAILED,,,,,
77518550,deadAbandoned,ECONIC,"Sep. 21, 2009",DuPoise,,rvizcarra@dupoise.com
77518494,REQUEST_FAILED,,,,,
77518520,REQUEST_FAILED,,,,,
77518558,deadAbandoned,JUEGOS'TV,"Apr. 22, 2009",visiware,,lw@visiware.com
77518568,deadAbandoned,EDZ,"Sep. 30, 2009",Mellbeck Ltd,,info@edz.biz
77518555,REQUEST_FAILED,,,,,
77518674,REQUEST_FAILED,,,,,
77518686,REQUEST_FAILED,,,,,
77518758,REQUEST_FAILED,,,,,
77518786,REQUEST_FAILED,,,,,
77518801,REQUEST_FAILED,,,,,
77518803,REQUEST_FAILED,,,,,
77518940,REQUEST_FAILED,,,,,
77518960,REQUEST_FAILED,,,,,
77519009,REQUEST_FAILED,,,,,
77519095,REQUEST_FAILED,,,,,
77519390,deadAbandoned,LO NUESTRO,"Apr. 27, 2009",Export Promotion Program,,prourk@usaidexpro.org
77519254,REQUEST_FAILED,,,,,
77519418,REQUEST_FAILED,,,,,
77519513,deadAbandoned,ORANGE SODA BOY,"Oct. 05, 2009",God Gets the Credit,,godgetsthecredit@yahoo.com
77519459,REQUEST_FAILED,,,,,
77519475,REQUEST_FAILED,,,,,
77519570,deadAbandoned,PHENTARMINE,"Apr. 17, 2009","GS Labs, Inc.",,Customer1@gslabsinc.com
77519545,REQUEST_FAILED,,,,,
77519594,REQUEST_FAILED,,,,,
77519595,REQUEST_FAILED,,,,,
77519626,deadAbandoned,THE UNIQUENESS IS THE NETWORK,"Sep. 28, 2009","Sasaki, Kenichi",,
77519611,REQUEST_FAILED,,,,,
77519617,REQUEST_FAILED,,,,,
77519624,REQUEST_FAILED,,,,,
77519630,REQUEST_FAILED,,,,,
77519638,REQUEST_FAILED,,,,,
77519641,REQUEST_FAILED,,,,,
77519688,deadAbandoned,ARTQUEST,"Apr. 20, 2009","Lamborn, Beckie LY",,blamborn@mcdonogh.org
77519704,REQUEST_FAILED,,,,,
77519730,deadAbandoned,TRADING HACKS,"Apr. 29, 2009","Brooke, Alan John Steven",,alan.brooke@orange.fr
77519714,REQUEST_FAILED,,,,,
77519770,deadAbandoned,SHORONA,"Sep. 14, 2009","Penker, Willbald",,willi@penker.us
77519777,deadAbandoned,ENERGY SMART COMPANY,"Apr. 30, 2009","Energy Smart Company, LLC",,paul.vonderfecht@energysmartcompany.com
77519719,REQUEST_FAILED,,,,,
77519720,REQUEST_FAILED,,,,,
77519717,REQUEST_FAILED,,,,,
77519892,deadAbandoned,NITAMINS,"Apr. 21, 2009","Plotkin, Ricci Seth",,ricciplotkin@hotmail.com
77519787,REQUEST_FAILED,,,,,
77519811,deadAbandoned,"STARTECH SOFTWARE, INC.","Apr. 24, 2009","Startech Software, Inc.",,amym@fdigroup.com
77519833,REQUEST_FAILED,,,,,
77519934,REQUEST_FAILED,,,,,
77519967,REQUEST_FAILED,,,,,
77519961,REQUEST_FAILED,,,,,
77520017,REQUEST_FAILED,,,,,
77520014,REQUEST_FAILED,,,,,
77520028,REQUEST_FAILED,,,,,
77520154,REQUEST_FAILED,,,,,
77520188,REQUEST_FAILED,,,,,
77520355,deadAbandoned,DOLFINS,"Mar. 12, 2009",Finnys LLC,,mfraser29@cox.net
77520422,deadAbandoned,CAFÉ TYCOON,"Oct. 19, 2009",Cafe' Tycoon LLC,,bmarcus@austin.rr.com
77520417,REQUEST_FAILED,,,,,
77520484,REQUEST_FAILED,,,,,
77520532,REQUEST_FAILED,,,,,
77520526,REQUEST_FAILED,,,,,
77520618,deadAbandoned,"CLEAN STICK MEDIGAZ PLASTER THE SAFER, CLEANER CHOICE!","Apr. 21, 2009",PRODUCT DEVELOPMENT INTERNATIONAL LTD.,,tim@pdintl.com.hk
77520641,deadAbandoned,TOUCHTOOTH,"Oct. 16, 2009","Songwhale, LLC",,info@songwhale.com
77520606,REQUEST_FAILED,,,,,
77520642,REQUEST_FAILED,,,,,
77520681,deadAbandoned,BULGARI,"Jul. 13, 2009","Kolev, Radka",,skygroup@usa.net
77520644,REQUEST_FAILED,,,,,
77520646,REQUEST_FAILED,,,,,
77520658,REQUEST_FAILED,,,,,
77520721,REQUEST_FAILED,,,,,
77520726,REQUEST_FAILED,,,,,
77520731,REQUEST_FAILED,,,,,
77520783,deadAbandoned,SOSUME,"Apr. 22, 2009",SOSUME CLOTHING PTY LIMITED,,alex.trimmer@gmail.com
77520793,deadAbandoned,SOLARFLAP,"Apr. 22, 2009","Bailey, Brian Scott",,bbailey@solarflap.com
77520748,REQUEST_FAILED,,,,,
77520774,REQUEST_FAILED,,,,,
77520794,REQUEST_FAILED,,,,,
77520799,REQUEST_FAILED,,,,,
77520807,REQUEST_FAILED,,,,,
77520826,REQUEST_FAILED,,,,,
77520837,deadAbandoned,TANK VAC,"Apr. 29, 2009",Tank Vac Limited,,wagnew@best.net.nz
77520830,REQUEST_FAILED,,,,,
77520872,deadAbandoned,EISENVTONES,"Oct. 05, 2009",Eisen Yeo,,eisenyeo@gmail.com
77520890,deadAbandoned,LUCK-STRUCK,"Aug. 18, 2009","PEER Enterprises, LLC",,sjreep@peerenterprisesllc.com
77520883,REQUEST_FAILED,,,,,
77520891,REQUEST_FAILED,,,,,
77520913,REQUEST_FAILED,,,,,
77520954,deadAbandoned,"PHOTOGRAPHY SERVICES, PORTRAIT PHOTOGRAPHY SERVICES","Apr. 23, 2009","Semrow, Robert",,rsemrow@hotmail.com
77520937,REQUEST_FAILED,,,,,
77520943,REQUEST_FAILED,,,,,
77520959,deadAbandoned,AQUALAV THE ELEGANCE OF DESIGN,"Apr. 23, 2009",Ruslan Braginskiy,,russbrag@gmail.com
77520946,REQUEST_FAILED,,,,,
77520956,deadAbandoned,None,"Sep. 28, 2009","PEDERSON, WILLIAM",,
77520958,REQUEST_FAILED,,,,,
77521012,deadAbandoned,NEWACT,"Mar. 10, 2009",NewACT INC,,rafi.ton@newact.com
77521017,deadAbandoned,LEGASIS REDEFINIG LEGAL DELIVERIES,"Oct. 05, 2009",Legasis Partners,,ninad.p@legasis.in
77520962,REQUEST_FAILED,,,,,
77520971,REQUEST_FAILED,,,,,
77521021,deadAbandoned,GPS ANGEL,"Apr. 23, 2009",Inforad Ireland Ltd,,sw@gpsinforad.com
77521016,REQUEST_FAILED,,,,,
77521018,deadAbandoned,ARCHIVETYPE,"Apr. 23, 2009","Medja, Matevz",,matevz@gigodesign.com
77521020,REQUEST_FAILED,,,,,
77521034,REQUEST_FAILED,,,,,
77521177,REQUEST_FAILED,,,,,
77521207,REQUEST_FAILED,,,,,
77521212,REQUEST_FAILED,,,,,
77521272,REQUEST_FAILED,,,,,
77521274,REQUEST_FAILED,,,,,
77521281,REQUEST_FAILED,,,,,
77521291,REQUEST_FAILED,,,,,
77521300,REQUEST_FAILED,,,,,
77521301,REQUEST_FAILED,,,,,
77521347,REQUEST_FAILED,,,,,
77521387,REQUEST_FAILED,,,,,
77521389,REQUEST_FAILED,,,,,
77521455,deadAbandoned,THE ORGANIC EVOLUTION,"Apr. 23, 2009","Hurlburt, Meggin",,megginralphs@hotmail.com
77521493,deadAbandoned,ATLAS TIRE,"Apr. 23, 2009","Rasnick, F., Rasnick",,B19fish@aol.com
77521500,REQUEST_FAILED,,,,,
77521516,REQUEST_FAILED,,,,,
77521694,deadAbandoned,AMERICAN EMERGENCY SUPPLY,"May 04, 2009","Undheim, Timothy A.",,tim@fourwindswt.com
77521700,deadAbandoned,MOMSPOT,"Sep. 28, 2009",BME Enterprises LLC,,bmeisenberg@bme-enterprises.com
77521560,REQUEST_FAILED,,,,,
77521582,REQUEST_FAILED,,,,,
77521718,deadAbandoned,18 - N0,"Sep. 28, 2009","Fiore, Nicholas J.",,nfiore@comcast.net
77521706,REQUEST_FAILED,,,,,
77521803,REQUEST_FAILED,,,,,
77521838,REQUEST_FAILED,,,,,
77521870,REQUEST_FAILED,,,,,
77521911,REQUEST_FAILED,,,,,
77521920,REQUEST_FAILED,,,,,
77521989,REQUEST_FAILED,,,,,
77522066,deadAbandoned,MIKE'S ALL PURPOSE SEASONING,"Apr. 22, 2009","Mike's All Purpose Seasoning, Inc.",,bndiscreet@bellsouth.net
77522046,REQUEST_FAILED,,,,,
77522051,REQUEST_FAILED,,,,,
77522077,deadAbandoned,H2O HERBS,"Apr. 23, 2009",H2O Herbs LLC,,msourant@qwest.net
77522068,REQUEST_FAILED,,,,,
77522243,deadAbandoned,HARPER CAPITAL PARTNERS,"Apr. 24, 2009",Harper Capital Partners,,harpercapital@gmail.com
77522116,REQUEST_FAILED,,,,,
77522152,REQUEST_FAILED,,,,,
77522195,REQUEST_FAILED,,,,,
77522351,deadAbandoned,3DMOVIES.COM,"Apr. 24, 2009",Theodoros Amaradidis,,3dmovies@bellsouth.net
77522286,REQUEST_FAILED,,,,,
77522314,REQUEST_FAILED,,,,,
77522323,REQUEST_FAILED,,,,,
77522358,REQUEST_FAILED,,,,,
77522377,REQUEST_FAILED,,,,,
77522384,REQUEST_FAILED,,,,,
77522391,REQUEST_FAILED,,,,,
77522556,deadAbandoned,HERBS OF MEXICO,"Apr. 29, 2009","Herbs of Mexico, Inc.",,martin@herbsofmexico.com
77522459,REQUEST_FAILED,,,,,
77522528,deadAbandoned,URBAN SMUGGLER,"May 01, 2009",Urban Smuggler Limited,,
77522567,deadAbandoned,REVIVE YOUR SOUL ANAZAO WATER OXYGENATED DRINKING WATER,"Oct. 12, 2009","Christian Contractors Association, Inc",,scottj@ccaministry.org
77522476,REQUEST_FAILED,,,,,
77522614,deadAbandoned,ESTABLISHED IN 1926 MASARYKTOWN NATURE'S WATER,"Oct. 12, 2009","Christian Contractors Association, Inc",,scottj@ccaministry.org
77522491,REQUEST_FAILED,,,,,
77522538,REQUEST_FAILED,,,,,
77522636,REQUEST_FAILED,,,,,
77522647,REQUEST_FAILED,,,,,
77522669,REQUEST_FAILED,,,,,
77522672,REQUEST_FAILED,,,,,
77522690,REQUEST_FAILED,,,,,
77522710,REQUEST_FAILED,,,,,
77522711,REQUEST_FAILED,,,,,
77522752,REQUEST_FAILED,,,,,
77522853,deadAbandoned,DATAPHOTONICS,"Apr. 27, 2009",Minghetti Philippe Germain Francis,,philippe@dataphotonics.com
77522803,REQUEST_FAILED,,,,,
77522844,REQUEST_FAILED,,,,,
77522823,REQUEST_FAILED,,,,,
77522912,REQUEST_FAILED,,,,,
77522914,REQUEST_FAILED,,,,,
77522952,REQUEST_FAILED,,,,,
77523005,REQUEST_FAILED,,,,,
77523019,REQUEST_FAILED,,,,,
77523064,deadAbandoned,THE MEAT INDUSTRY HALL OF FAME,"May 01, 2009","Murphy, Dan & Jolley, Chuck",,
77523041,deadAbandoned,NANO FIBER,"Sep. 24, 2009","Life Miracle Products, Inc.",,msmulowitz@lifenatural.com
77523055,REQUEST_FAILED,,,,,
77523042,REQUEST_FAILED,,,,,
77523099,deadAbandoned,NEON-FLEX,"Apr. 23, 2009",Neo-Neon International Ltd.,,tm@acip.cn
77523102,deadAbandoned,MEDICAL ENVIRONMENTS,"Apr. 30, 2009",Scott Kilcoyne,,skilco@gmail.com
77523104,deadAbandoned,VARIETYGIFTBASKETS.COM GIFT BASKETS FOR ALL OCASSIONS,"Aug. 18, 2009","Cathcart, Yolanda D",,
77523075,REQUEST_FAILED,,,,,
77523066,REQUEST_FAILED,,,,,
77523090,REQUEST_FAILED,,,,,
77523123,deadAbandoned,HIGH ROLLER ENERGY,"May 05, 2009",DDK IMPORTS,,daniel@highrollerenergy.com
77523126,deadAbandoned,GREEN TIDINGS,"Oct. 12, 2009","Velazquez, Amanda M",,amandamaria@gmail.com
77523114,REQUEST_FAILED,,,,,
77523121,REQUEST_FAILED,,,,,
77523187,REQUEST_FAILED,,,,,
77523378,REQUEST_FAILED,,,,,
77523381,REQUEST_FAILED,,,,,
77523436,REQUEST_FAILED,,,,,
77523553,deadAbandoned,INVENTIVE LABS,"Aug. 24, 2009",Inventive Labs Corporation,,rt@rontanner.com
77523483,REQUEST_FAILED,,,,,
77523496,REQUEST_FAILED,,,,,
77523502,REQUEST_FAILED,,,,,
77523582,REQUEST_FAILED,,,,,
77523597,REQUEST_FAILED,,,,,
77523610,REQUEST_FAILED,,,,,
77523625,REQUEST_FAILED,,,,,
77523645,deadAbandoned,BUTT WIPES,"Mar. 26, 2009","Go Green Sustainable Industries, LLC",,
77523632,REQUEST_FAILED,,,,,
77523757,deadAbandoned,CRUM'S SARATOGA CHIPS,"Apr. 29, 2009",CGE Enterprises LLC,,jhastings@vermontcountrystore.com
77523678,REQUEST_FAILED,,,,,
77523717,REQUEST_FAILED,,,,,
77523821,deadAbandoned,ELECTRIC-SCRU,"Nov. 04, 2009","Therma-Flite, Inc.",,mpotter@therma-flite.com
77523738,REQUEST_FAILED,,,,,
77523764,REQUEST_FAILED,,,,,
77523778,REQUEST_FAILED,,,,,
77523828,REQUEST_FAILED,,,,,
77523896,REQUEST_FAILED,,,,,
77523908,REQUEST_FAILED,,,,,
77523947,REQUEST_FAILED,,,,,
77524057,REQUEST_FAILED,,,,,
77524079,REQUEST_FAILED,,,,,
77524116,REQUEST_FAILED,,,,,
77524143,REQUEST_FAILED,,,,,
77524241,deadAbandoned,NCX,"Aug. 17, 2009",Brian Kolo,,bkolo@zifian.com
77524218,REQUEST_FAILED,,,,,
77524243,REQUEST_FAILED,,,,,
77524253,REQUEST_FAILED,,,,,
77524259,REQUEST_FAILED,,,,,
77524264,REQUEST_FAILED,,,,,
77524284,deadAbandoned,FURIOUS JONES,"Oct. 05, 2009",Kehoe Companies LLC,,tim@kehoecompanies.com
77524330,deadAbandoned,PROVIDENCE BIOFUELS,"Oct. 05, 2009","Providence Biofuels, Inc.",,markh@sawcross.com
77524269,REQUEST_FAILED,,,,,
77524273,REQUEST_FAILED,,,,,
77524282,REQUEST_FAILED,,,,,
77524322,REQUEST_FAILED,,,,,
77524291,REQUEST_FAILED,,,,,
77524332,REQUEST_FAILED,,,,,
77524339,REQUEST_FAILED,,,,,
77524354,REQUEST_FAILED,,,,,
77524419,REQUEST_FAILED,,,,,
77524425,REQUEST_FAILED,,,,,
77524496,deadAbandoned,1-800-RUG WASH,"Apr. 30, 2009",Rug Wash Inc.,,benhatooka@aol.com
77524431,REQUEST_FAILED,,,,,
77524469,REQUEST_FAILED,,,,,
77524503,deadAbandoned,RUGWASH.COM,"Apr. 30, 2009",Rug Wash Inc.,,benhatooka@aol.com
77524507,REQUEST_FAILED,,,,,
77524548,REQUEST_FAILED,,,,,
77524581,REQUEST_FAILED,,,,,
77524588,REQUEST_FAILED,,,,,
77524677,REQUEST_FAILED,,,,,
77524798,REQUEST_FAILED,,,,,
77524799,REQUEST_FAILED,,,,,
77524801,REQUEST_FAILED,,,,,
77524817,REQUEST_FAILED,,,,,
77524894,deadAbandoned,QUICK BUSINESS DASHBOARD,"May 01, 2009","Better Days Enterprises, LLC",,
77524889,REQUEST_FAILED,,,,,
77525020,REQUEST_FAILED,,,,,
77525037,REQUEST_FAILED,,,,,
77525065,REQUEST_FAILED,,,,,
77525073,REQUEST_FAILED,,,,,
77525083,REQUEST_FAILED,,,,,
77525185,deadAbandoned,BLUE TOWER,"Apr. 28, 2009","Thannhaeuser, Christopher, Frederik",,leila@fmm3d.com
77525282,deadAbandoned,DON'T KILL MY BUZZ,"Oct. 05, 2009","Damon, Gary M.",,gdamon@tampabay.rr.com
77525158,REQUEST_FAILED,,,,,
77525196,REQUEST_FAILED,,,,,
77525198,REQUEST_FAILED,,,,,
77525321,deadAbandoned,FIRST CLASS PET SITTING,"Apr. 29, 2009",Kyle Tripoli,,kyle@kyletripoli.com
77525235,REQUEST_FAILED,,,,,
77525293,REQUEST_FAILED,,,,,
77525306,REQUEST_FAILED,,,,,
77525365,deadAbandoned,MYSDYCE,"Oct. 12, 2009",ASB Music Group,,asbmusicgroup@gmail.com
77525327,REQUEST_FAILED,,,,,
77525361,REQUEST_FAILED,,,,,
77525388,REQUEST_FAILED,,,,,
77525402,REQUEST_FAILED,,,,,
77525456,deadAbandoned,WO CARRIES THAT?,"May 08, 2009","Who Carries That?, Inc.",,markus4star@gmail.com
77525409,REQUEST_FAILED,,,,,
77525476,deadAbandoned,STAY TUNED IN,"May 01, 2009","Latham, Steven",,info@stimulustv.com
77525466,deadAbandoned,None,"Jun. 19, 2009","Worrell, Michael",,cosmicmike@duzac.com
77525457,REQUEST_FAILED,,,,,
77525465,REQUEST_FAILED,,,,,
77525493,REQUEST_FAILED,,,,,
77525516,REQUEST_FAILED,,,,,
77525535,REQUEST_FAILED,,,,,
77525536,REQUEST_FAILED,,,,,
77525612,deadAbandoned,None,"Nov. 16, 2009","EVENT INNOVATION, INC.",,
77525557,REQUEST_FAILED,,,,,
77525642,REQUEST_FAILED,,,,,
77525647,REQUEST_FAILED,,,,,
77525651,REQUEST_FAILED,,,,,
77525716,deadAbandoned,GREEN LEVEL AGREEMENT,"May 07, 2009",AVITIS SAS,,office@avitis.net
77525735,deadAbandoned,DER FREIWILLIGE,"Apr. 30, 2009","Walden, Gregory A.",,headquarters@derfreiwillige.com
77525717,deadAbandoned,WHAT'S YOUR FAVORITE COLOR? PRODENTIALS PAINTING TOLL FREE NUMBER 1 800 578 0114 WWW.PRODENTIALS.COM P,"Apr. 30, 2009",Omer Faruk Karadas,,info@prodentials.com
77525705,REQUEST_FAILED,,,,,
77525713,REQUEST_FAILED,,,,,
77525738,REQUEST_FAILED,,,,,
77525752,REQUEST_FAILED,,,,,
77525809,deadAbandoned,LESSONS CLOTHING,"Oct. 12, 2009",Bryan Honstetter,,lessonsclothing@gmail.com
77525789,REQUEST_FAILED,,,,,
77525794,REQUEST_FAILED,,,,,
77525807,deadAbandoned,OVATION,"Apr. 10, 2009","EVENT INNOVATION, INC.",,
77525844,REQUEST_FAILED,,,,,
77525885,REQUEST_FAILED,,,,,
77525901,REQUEST_FAILED,,,,,
77525929,REQUEST_FAILED,,,,,
77525940,REQUEST_FAILED,,,,,
77526011,deadAbandoned,INFORUM,"Nov. 16, 2009","EVENT INNOVATION, INC.",,
77526013,deadAbandoned,COTG 00.000.000.001,"Apr. 29, 2009","Marion, Michael W",,mwm2108@columbia.edu
77525969,REQUEST_FAILED,,,,,
77526006,REQUEST_FAILED,,,,,
77526094,deadAbandoned,REQUEST FOR ATTENDANCE,"Nov. 16, 2009","EVENT INNOVATION, INC.",,
77526027,REQUEST_FAILED,,,,,
77526032,REQUEST_FAILED,,,,,
77526219,deadAbandoned,CONNECT COMMUNICATE EXPERIENCE,"Nov. 16, 2009","EVENT INNOVATION, INC.",,
77526146,REQUEST_FAILED,,,,,
77526254,deadAbandoned,WORLD'S FIRST ATTENDEE RELATIONSHIP MANAGEMENT SOLUTION,"May 01, 2009","EVENT INNOVATION, INC.",,
77526163,REQUEST_FAILED,,,,,
77526235,deadAbandoned,ENHANCING EVENT EXPERIENCES THROUGH ATTENDEE INTELLIGENCE,"Nov. 30, 2009","EVENT INNOVATION, INC.",,
77526241,deadAbandoned,MENTALOCITY BE SMART. STAY SMART.,"May 06, 2009","The Five Things Company, Inc.",,tiger@thefivethings.com
77526248,REQUEST_FAILED,,,,,
77526267,deadAbandoned,OVATION MOBILE,"Apr. 10, 2009","EVENT INNOVATION, INC.",,
77526258,REQUEST_FAILED,,,,,
77526311,REQUEST_FAILED,,,,,
77526354,REQUEST_FAILED,,,,,
77526407,REQUEST_FAILED,,,,,
77526425,REQUEST_FAILED,,,,,
77526509,deadAbandoned,SPORTS OREGON,"May 12, 2009",Jonah Schrogin,,joschro@gmail.com
77526511,deadAbandoned,VISUALCALL,"May 12, 2009","BLUEVISOR, LLC",,rh@bluevisor.com
77526460,REQUEST_FAILED,,,,,
77526531,deadAbandoned,SECOND+PCH,"May 07, 2009",Katherine Zackham,,kzackham@rclco.com
77526498,REQUEST_FAILED,,,,,
77526556,deadAbandoned,WATCH.PLAY.WIN,"May 01, 2009","BrandPort, Inc.",,kv@brandport.com
77526521,REQUEST_FAILED,,,,,
77526525,REQUEST_FAILED,,,,,
77526535,REQUEST_FAILED,,,,,
77526574,REQUEST_FAILED,,,,,
77526588,REQUEST_FAILED,,,,,
77526610,REQUEST_FAILED,,,,,
77526642,deadAbandoned,URBAN SMUGGLER,"May 01, 2009",Urban Smuggler Limited,,
77526646,deadAbandoned,URBAN SMUGGLER,"May 01, 2009",Urban Smuggler Limited,,
77526622,REQUEST_FAILED,,,,,
77526626,REQUEST_FAILED,,,,,
77526649,deadAbandoned,URBAN SMUGGLER,"May 01, 2009",Urban Smuggler Limited,,
77526644,REQUEST_FAILED,,,,,
77526697,REQUEST_FAILED,,,,,
77526707,REQUEST_FAILED,,,,,
77526713,REQUEST_FAILED,,,,,
77526714,REQUEST_FAILED,,,,,
77526756,deadAbandoned,SHEA STADIUM,"Mar. 31, 2009",KINGSTON RED INC,,jay@kingstonred.com
77526730,REQUEST_FAILED,,,,,
77526759,deadAbandoned,YOU LEARN,"May 06, 2009","Estrada, Luis",,luis.estrada.torres@hotmail.com
77526752,REQUEST_FAILED,,,,,
77526758,REQUEST_FAILED,,,,,
77526821,deadAbandoned,FUTURE ENERGY. NOW,"Oct. 05, 2009",Global Soken Research Laboratories (USA) Inc.,,henry.mori@imperial.ac.uk
77526828,deadAbandoned,M MECANN,"Oct. 05, 2009","Charaoui, Bassem",,bassem@charaoui.net
77526788,REQUEST_FAILED,,,,,
77526795,REQUEST_FAILED,,,,,
77526826,REQUEST_FAILED,,,,,
77526831,REQUEST_FAILED,,,,,
77526914,REQUEST_FAILED,,,,,
77526917,REQUEST_FAILED,,,,,
77526992,deadAbandoned,LASERSTANCE,"Oct. 05, 2009","Buch, Thomas",,tbonenyc@gmail.com
77526945,REQUEST_FAILED,,,,,
77526979,REQUEST_FAILED,,,,,
77527028,REQUEST_FAILED,,,,,
77527039,REQUEST_FAILED,,,,,
77527085,REQUEST_FAILED,,,,,
77527104,REQUEST_FAILED,,,,,
77527126,REQUEST_FAILED,,,,,
77527161,REQUEST_FAILED,,,,,
77527280,deadAbandoned,HOUSETRAP! - WHY WE'RE IN IT- AND HOW TO GET OUT OF IT!,"Oct. 05, 2009","Lee, Daniel R.",,danrlee40@yahoo.com
77527219,REQUEST_FAILED,,,,,
77527263,REQUEST_FAILED,,,,,
77527277,REQUEST_FAILED,,,,,
77527440,deadAbandoned,GAMERS DIGITAL,"Jun. 18, 2009","Gamers Digital, Inc.",,scott@gamersdigital.com
77527273,REQUEST_FAILED,,,,,
77527357,REQUEST_FAILED,,,,,
77527371,REQUEST_FAILED,,,,,
77527475,REQUEST_FAILED,,,,,
77527567,deadAbandoned,GLOVELY,"Nov. 19, 2009",Glovely LLC,,glovely48@gmail.com
77527509,REQUEST_FAILED,,,,,
77527514,REQUEST_FAILED,,,,,
77527641,deadAbandoned,ON THE MONEY WORKSHOP,"Apr. 30, 2009",Vazirani & Associates Financial LLC,,jamesregan81@gmail.com
77527561,REQUEST_FAILED,,,,,
77527618,deadAbandoned,MEDTRUST ONLINE THE AUTHORITATIVE SOURCE OF MEDICAL KNOWLEDGE,"Nov. 19, 2009","MedTrust Online, LLC",,
77527648,deadAbandoned,G IS FOR GEMMA,"May 01, 2009",Gemma Solutions LLC,,jennifer@gemmasolutions.com
77527607,REQUEST_FAILED,,,,,
77527621,REQUEST_FAILED,,,,,
77527666,REQUEST_FAILED,,,,,
77527671,REQUEST_FAILED,,,,,
77527722,REQUEST_FAILED,,,,,
77527726,REQUEST_FAILED,,,,,
77527747,REQUEST_FAILED,,,,,
77527781,REQUEST_FAILED,,,,,
77527806,REQUEST_FAILED,,,,,
77527822,deadAbandoned,SEO HOSTING,"Mar. 20, 2009",HostGator.Com LLC,,td@voipo.com
77527825,deadAbandoned,CAMPUS CENTER,"May 05, 2009",Ilya Naumov,,ilya.naumov@gmail.com
77527820,REQUEST_FAILED,,,,,
77527858,deadAbandoned,GURU,"May 04, 2009",Svenska Transduktorkompaniet AB,,erikring@me.com
77527838,REQUEST_FAILED,,,,,
77527845,REQUEST_FAILED,,,,,
77527847,REQUEST_FAILED,,,,,
77527850,REQUEST_FAILED,,,,,
77528035,deadAbandoned,FOUR LOKO,"May 07, 2009","Phusion Projects, LLC",,jaisen@phusionprojects.com
77527934,REQUEST_FAILED,,,,,
77528041,REQUEST_FAILED,,,,,
77528061,REQUEST_FAILED,,,,,
77528056,REQUEST_FAILED,,,,,
77528066,REQUEST_FAILED,,,,,
77528134,deadAbandoned,UGLIESKARDY,"May 01, 2009","Skarda, Mark E",,uglieskardy@gmail.com
77528128,REQUEST_FAILED,,,,,
77528169,REQUEST_FAILED,,,,,
77528152,REQUEST_FAILED,,,,,
77528187,REQUEST_FAILED,,,,,
77528260,REQUEST_FAILED,,,,,
77528295,REQUEST_FAILED,,,,,
77528355,deadAbandoned,S.T.A.R. SYSTEMS SPACE TRANSPORT AND RECOVERY SYSTEMS,"May 05, 2009",Pace Transport And Recovery Systems Inc.,,jarvis-2@cox.net
77528400,deadAbandoned,THE BEST OF OFF-BROADWAY,"May 01, 2009",BestOfOffBroadway.com LLC,,matt@davenporttheatrical.com
77528391,deadAbandoned,"TAKE A BREATH, SAVE A LIFE","Oct. 05, 2009","Bethea, Thomas",,tbethea@law.gwu.edu
77528368,REQUEST_FAILED,,,,,
77528392,deadAbandoned,HACIENDA NAVARRO,"Oct. 12, 2009",Perez Trujillo Hector,,haciendanavarro@live.com.mx
77528434,deadAbandoned,HERMES FOLLOW YOUR DREAM. WHEREVER IT MAY TAKE YOU.,"Apr. 30, 2009",Space Transport And Recovery Systems Inc.,,jarvis-2@cox.net
77528425,REQUEST_FAILED,,,,,
77528491,deadAbandoned,BUSINESS2PHONE,"Sep. 28, 2009","Speeti Corporation, Inc.",,jwhite@speeti.com
77528429,REQUEST_FAILED,,,,,
77528560,deadAbandoned,FRESHCIG,"Nov. 09, 2009","Rosato, Vito",,Vito.Rosato@L-3Com.com
77528577,REQUEST_FAILED,,,,,
77528645,deadAbandoned,GOBY,"May 01, 2009","Chen, Sue",,monicab@novaorthomed.com
77528604,REQUEST_FAILED,,,,,
77528629,REQUEST_FAILED,,,,,
77528701,deadAbandoned,STRENGTHBANK,"May 06, 2009",Sandra A. Shelton,,sashelton@strengthbank.com
77528655,REQUEST_FAILED,,,,,
77528686,REQUEST_FAILED,,,,,
77528734,deadAbandoned,LEGALEZE DOCUMENT PREPARATION SERVICES,"May 06, 2009",Legaleze,,dedan7@aol.com
77528749,deadAbandoned,MOBILITY MAKEOVER,"May 01, 2009","Chen, Sue",,monicab@novaorthomed.com
77528730,REQUEST_FAILED,,,,,
77528700,REQUEST_FAILED,,,,,
77528833,deadAbandoned,ALL IMAGINATIONS WELCOME,"Oct. 05, 2009","Kyan, LLC",,dmanzanares22@q.com
77528816,REQUEST_FAILED,,,,,
77528817,REQUEST_FAILED,,,,,
77528841,deadAbandoned,STELLAR SKIN,"May 06, 2009",Stellar Skin,,stellarskin@yahoo.com
77528912,deadAbandoned,REVERSE JOBS,"Apr. 30, 2009",Reverse Groups Holdings Pty Limited,,mason.oconal@reversejobs.info
77528909,deadAbandoned,ANGLE,"Nov. 20, 2009",Brett Vanderbush,,Brett@dayzend.net
77528853,REQUEST_FAILED,,,,,
77528863,REQUEST_FAILED,,,,,
77528877,REQUEST_FAILED,,,,,
77528928,REQUEST_FAILED,,,,,
77528930,REQUEST_FAILED,,,,,
77528937,REQUEST_FAILED,,,,,
77528953,REQUEST_FAILED,,,,,
77528985,deadAbandoned,SPASSO,"May 03, 2009","Atamian, David Alexandre Patrick",,david@spasso.biz
77529049,REQUEST_FAILED,,,,,
77529079,REQUEST_FAILED,,,,,
77529071,REQUEST_FAILED,,,,,
77529104,REQUEST_FAILED,,,,,
77529176,REQUEST_FAILED,,,,,
77529181,REQUEST_FAILED,,,,,
77529299,deadAbandoned,IPOWER,"Dec. 03, 2009","Driscoll, Aloe",,
77529237,REQUEST_FAILED,,,,,
77529325,REQUEST_FAILED,,,,,
77529368,REQUEST_FAILED,,,,,
77529396,REQUEST_FAILED,,,,,
77529399,REQUEST_FAILED,,,,,
77529407,REQUEST_FAILED,,,,,
77529408,REQUEST_FAILED,,,,,
77529706,deadAbandoned,MORE BALLS THAN MOST,"May 01, 2009","Fairbairn, Charles W",,charlie@planetarede.com
77529540,REQUEST_FAILED,,,,,
77529727,deadAbandoned,SMELL-EVAC,"Oct. 05, 2009","Grant, William III",,bgrantaz@msn.com
77529749,deadAbandoned,FIVE SPROCKETS,"May 05, 2009","FiveSprockets, Inc.",,rullrich@fivesprockets.com
77529633,REQUEST_FAILED,,,,,
77529684,REQUEST_FAILED,,,,,
77529725,REQUEST_FAILED,,,,,
77529812,deadAbandoned,ROTAMIX WITH AIR,"Dec. 09, 2009","Vaughan Co., Inc.",,
77529757,REQUEST_FAILED,,,,,
77529824,REQUEST_FAILED,,,,,
77529816,REQUEST_FAILED,,,,,
77529830,REQUEST_FAILED,,,,,
77529924,REQUEST_FAILED,,,,,
77529949,REQUEST_FAILED,,,,,
77529953,REQUEST_FAILED,,,,,
77529957,REQUEST_FAILED,,,,,
77529984,REQUEST_FAILED,,,,,
77529987,REQUEST_FAILED,,,,,
77530054,deadAbandoned,STRATEGIC FORESIGHTING,"Jun. 10, 2009","Patel, Neal V",,nealpatel@charter.net
77530068,deadAbandoned,NANOSIGHT,"Jun. 16, 2009",NanoSight Limited,,bob.carr@nanosight.co.uk
77530099,deadAbandoned,FRIENDSHIP NEVER FELT SO GOOD,"Oct. 12, 2009","Patel, Shyamal",,patel.shyamal@gmail.com
77530064,REQUEST_FAILED,,,,,
77530065,REQUEST_FAILED,,,,,
77530133,REQUEST_FAILED,,,,,
77530165,REQUEST_FAILED,,,,,
77530202,REQUEST_FAILED,,,,,
77530203,REQUEST_FAILED,,,,,
77530178,REQUEST_FAILED,,,,,
77530210,REQUEST_FAILED,,,,,
77530216,REQUEST_FAILED,,,,,
77530302,deadAbandoned,M VALENTI MONDO CASA,"May 19, 2009","GALAVIZ MARTIN, MAYRA",,eduardo.ros@gmail.com
77530252,REQUEST_FAILED,,,,,
77530319,deadAbandoned,GOLDEN ULTRA,"Sep. 14, 2009","Golden Mills, LLC",,marty@a1textiles.com
77530298,REQUEST_FAILED,,,,,
77530307,REQUEST_FAILED,,,,,
77530328,REQUEST_FAILED,,,,,
77530333,REQUEST_FAILED,,,,,
77530344,REQUEST_FAILED,,,,,
77530430,deadAbandoned,MACARONI AND TEES.COM,"May 05, 2009","Nichols, John M",,leadewbre@yahoo.com
77530353,REQUEST_FAILED,,,,,
77530356,REQUEST_FAILED,,,,,
77530438,REQUEST_FAILED,,,,,
77530608,deadAbandoned,SUPER-HOT,"May 08, 2009","Daimer Industries, Inc",,alan@daimer.com
77530480,REQUEST_FAILED,,,,,
77530527,REQUEST_FAILED,,,,,
77530541,REQUEST_FAILED,,,,,
77530567,REQUEST_FAILED,,,,,
77530576,REQUEST_FAILED,,,,,
77530655,deadAbandoned,ULTRA-POWER,"May 08, 2009","Daimer Industries, Inc",,alan@daimer.com
77530705,REQUEST_FAILED,,,,,
77530748,REQUEST_FAILED,,,,,
77530776,REQUEST_FAILED,,,,,
77530788,REQUEST_FAILED,,,,,
77530835,REQUEST_FAILED,,,,,
77530850,REQUEST_FAILED,,,,,
77530884,REQUEST_FAILED,,,,,
77530904,deadAbandoned,VELOCITY,"May 12, 2009",Elite Sports Products Inc,,shaunr2005@yahoo.com
77530895,REQUEST_FAILED,,,,,
77530893,REQUEST_FAILED,,,,,
77530949,deadAbandoned,CHILL,"May 05, 2009",Marcelle Corporation,,trang.my.nguyen@gmail.com
77530952,REQUEST_FAILED,,,,,
77531022,deadAbandoned,FIR PIECES,"Oct. 19, 2009","Barnard, Maxwell Kay",,mkbarnard@hotmail.com
77530977,REQUEST_FAILED,,,,,
77530969,REQUEST_FAILED,,,,,
77530992,REQUEST_FAILED,,,,,
77531068,deadAbandoned,SEARCHGAP,"May 14, 2009","Igoe, Richard S",,richard@searchgap.com
77531038,REQUEST_FAILED,,,,,
77531047,REQUEST_FAILED,,,,,
77531078,REQUEST_FAILED,,,,,
77531084,REQUEST_FAILED,,,,,
77531120,deadAbandoned,"IF YOUR DOG IS OVERWEIGHT, THEN YOU'RE NOT GETTING ENOUGH EXERCISE.","Dec. 28, 2009",Thank Dog! Bootcamp,,jamie@thankdogbootcamp.com
77531096,REQUEST_FAILED,,,,,
77531097,REQUEST_FAILED,,,,,
77531133,deadAbandoned,OBEDIENCE AND FITNESS FOR DOGS AND THEIR PEOPLE,"Dec. 28, 2009",Thank Dog! Bootcamp,,jamie@thankdogbootcamp.com
77531119,REQUEST_FAILED,,,,,
77531134,deadAbandoned,DRY CLEAN TODAY,"May 06, 2009","Blue Ocean Franchises, Inc.",,jeffhan26@gmail.com
77531121,REQUEST_FAILED,,,,,
77531130,REQUEST_FAILED,,,,,
77531213,deadAbandoned,CAMROSE,"Sep. 07, 2009","Homer TLC, Inc.",,trade_marks@homedepot.com
77531238,deadAbandoned,LAKE RIDGE,"Sep. 07, 2009","Homer TLC, Inc.",,trade_marks@homedepot.com
77531247,deadAbandoned,PACIFIC GROVE,"Sep. 07, 2009","Homer TLC, Inc.",,trade_marks@homedepot.com
77531261,deadAbandoned,RIDGEMONT,"Sep. 07, 2009","Homer TLC, Inc.",,trade_marks@homedepot.com
77531161,REQUEST_FAILED,,,,,
77531202,REQUEST_FAILED,,,,,
77531264,deadAbandoned,SANOPELO,"Sep. 07, 2009","Homer TLC, Inc.",,trade_marks@homedepot.com
77531229,REQUEST_FAILED,,,,,
77531249,REQUEST_FAILED,,,,,
77531284,REQUEST_FAILED,,,,,
77531303,REQUEST_FAILED,,,,,
77531298,REQUEST_FAILED,,,,,
77531306,REQUEST_FAILED,,,,,
77531352,deadAbandoned,HUG HOME URBAN GEAR,"May 12, 2009","Mariano, Walfredo",,jrmariano@gmail.com
77531345,deadAbandoned,"FC FABRICATOR'S CHOICE, LLC","Aug. 08, 2009","Fabricator's Choice, LLC",,info@fabchoice.com
77531358,REQUEST_FAILED,,,,,
77531570,deadAbandoned,FASHION ADDICT CLOTHING APPAREL,"May 06, 2009","CARTER III , EDMOND , L",,
77531419,REQUEST_FAILED,,,,,
77531448,REQUEST_FAILED,,,,,
77531597,REQUEST_FAILED,,,,,
77531617,REQUEST_FAILED,,,,,
77531644,REQUEST_FAILED,,,,,
77531677,REQUEST_FAILED,,,,,
77531723,REQUEST_FAILED,,,,,
77531725,REQUEST_FAILED,,,,,
77531734,REQUEST_FAILED,,,,,
77531786,deadAbandoned,None,"May 20, 2009","Liao, Linda",,lostcannons@yahoo.com
77531747,REQUEST_FAILED,,,,,
77531908,deadAbandoned,WORLDWIDE SUPERMODEL,"Jan. 13, 2009","Neese, E E",,rakssanura@yahoo.com
77531918,deadAbandoned,PITCHFORK AND TORCH SOCIETY,"May 08, 2009",Robert D. Van Vleet,,
77531775,REQUEST_FAILED,,,,,
77531837,REQUEST_FAILED,,,,,
77531907,REQUEST_FAILED,,,,,
77531975,deadAbandoned,IT'S A GAME. KNOW THE RULES.,"Jul. 08, 2009",Recruiting Realities,,Jack@recruitingrealities.com
77531985,deadAbandoned,RETINAHD,"May 12, 2009","Ocular Development, Inc.",,verdooner@yahoo.com
77531920,REQUEST_FAILED,,,,,
77531936,REQUEST_FAILED,,,,,
77532009,deadAbandoned,HANGAR 18 STUDIOS,"May 07, 2009","Mihalik, Errol J",,sealbeachguy@hotmail.com
77531981,REQUEST_FAILED,,,,,
77532070,deadAbandoned,ALASKANS FOR GLOBAL WARMING,"May 07, 2009","Palenske, Jared J",,jaredpalenske@hotmail.com
77532045,deadAbandoned,THANK DOG!,"Dec. 21, 2009",Thank Dog! Bootcamp,,jamie@thankdogbootcamp.com
77532029,REQUEST_FAILED,,,,,
77532035,REQUEST_FAILED,,,,,
77532091,deadAbandoned,HEARTBEET,"May 05, 2009",Hearbeet Ltd,,dropsy@fsmail.net
77532106,REQUEST_FAILED,,,,,
77532120,REQUEST_FAILED,,,,,
77532137,deadAbandoned,AHA AMERICAN HOSPITALITY ACADEMY,"May 06, 2009","Reiman, Cindi, A",,aha1@hargray.com
77532135,REQUEST_FAILED,,,,,
77532153,deadAbandoned,PEARL GARLIC,"May 13, 2009","Egbert, Bryce S",,bsegbert@gmail.com
77532162,deadAbandoned,MARZZOTTI,"May 13, 2009","DARYA TRADING, INC.",,davinci_exclusive@yahoo.com
77532157,REQUEST_FAILED,,,,,
77532181,deadAbandoned,GETTING GREEN EARLY,"May 12, 2009",Said Nasir Boissiere,,Said.Boissiere@gmualumni.org
77532172,REQUEST_FAILED,,,,,
77532180,REQUEST_FAILED,,,,,
77532191,REQUEST_FAILED,,,,,
77532215,deadAbandoned,TRAFFIC GENERATION PRINCIPLES,"May 12, 2009",Jean Philippe Schoeffel,,jpstraffictips@gmail.com
77532202,REQUEST_FAILED,,,,,
77532252,deadAbandoned,WALL ST ELITE,"Oct. 12, 2009",Oxbury Publishing,,customerservice@oxburyresearch.com
77532225,REQUEST_FAILED,,,,,
77532230,REQUEST_FAILED,,,,,
77532231,REQUEST_FAILED,,,,,
77532246,REQUEST_FAILED,,,,,
77532247,REQUEST_FAILED,,,,,
77532274,deadAbandoned,MINI MAXX,"May 07, 2009",Hot Concepts,,dawne@hotconeptsusa.com
77532253,REQUEST_FAILED,,,,,
77532257,REQUEST_FAILED,,,,,
77532281,deadAbandoned,"IF YOU CAN FIND A BETTER RADIANT BARRIER, FROM A BETTER COMPANY, WITH A BETTER GUARANTEE, BUY IT!","Oct. 12, 2009","Eagle Shield, Inc.",,wsteiner@eagleshield.com
77532277,REQUEST_FAILED,,,,,
77532282,deadAbandoned,"IF YOU CAN FIND A BETTER REFLECTIVE INSULATION, FROM A BETTER COMPANY, WITH A BETTER GUARANTEE, BUY IT!","Oct. 12, 2009","Eagle Shield, Inc.",,wsteiner@alliancegroup.net
77532314,deadAbandoned,NATURE PR JECT,"May 11, 2009",NATURE PROJECT LLC,,
77532279,REQUEST_FAILED,,,,,
77532280,REQUEST_FAILED,,,,,
77532338,deadAbandoned,CLINICAST,"Oct. 19, 2009",Helix Health,,steven.murphy@helixhealth.org
77532306,REQUEST_FAILED,,,,,
77532328,REQUEST_FAILED,,,,,
77532333,REQUEST_FAILED,,,,,
77532358,deadAbandoned,WALLET SAFEGUARD,"May 13, 2009",Aspenologies,,TomStaves@Aspenologies.com
77532339,REQUEST_FAILED,,,,,
77532349,REQUEST_FAILED,,,,,
77532354,REQUEST_FAILED,,,,,
77532403,REQUEST_FAILED,,,,,
77532460,REQUEST_FAILED,,,,,
77532562,deadAbandoned,BACK COUNTRY GRILL,"May 07, 2009",Robert and Nancy Borberg,,rsborberg@yahoo.com
77532528,REQUEST_FAILED,,,,,
77532558,REQUEST_FAILED,,,,,
77532561,REQUEST_FAILED,,,,,
77532564,deadAbandoned,TRACKME360,"Nov. 13, 2009","Optimal Trade Solutions, LLC",,
77532572,REQUEST_FAILED,,,,,
77532599,REQUEST_FAILED,,,,,
77532636,REQUEST_FAILED,,,,,
77532642,REQUEST_FAILED,,,,,
77532651,REQUEST_FAILED,,,,,
77532666,REQUEST_FAILED,,,,,
77532667,REQUEST_FAILED,,,,,
77532719,deadAbandoned,WHERE HOCKEY HITS THE 'NET,"Sep. 07, 2009","Interactive Sports Network, LLC",,
77532677,REQUEST_FAILED,,,,,
77532680,REQUEST_FAILED,,,,,
77532814,deadAbandoned,GENERICHEM,"May 14, 2009",Reed Mfg. Ltd. Co.,,reedtom@mac.com
77532800,deadAbandoned,REALTORS OF TEXAS,"May 13, 2009","Klok, Henri",,ventura@newvortex.com
77532748,REQUEST_FAILED,,,,,
77532783,REQUEST_FAILED,,,,,
77532820,REQUEST_FAILED,,,,,
77532898,REQUEST_FAILED,,,,,
77532910,REQUEST_FAILED,,,,,
77533002,REQUEST_FAILED,,,,,
77533059,deadAbandoned,GOLF ON THE GO ANY OCCASION ANY LOCATION PORTABLE FUN FOR EVERYONE,"May 10, 2009",Golf on the go,,golfonthego@bww.com
77533003,REQUEST_FAILED,,,,,
77533022,REQUEST_FAILED,,,,,
77533024,REQUEST_FAILED,,,,,
77533051,REQUEST_FAILED,,,,,
77533112,REQUEST_FAILED,,,,,
77533161,deadAbandoned,CYLINDRIUM,"Oct. 12, 2009",Frank Shum,,optic@frankshum.com
77533152,deadAbandoned,LUXIMO,"May 11, 2009",Frank Shum,,optic@frankshum.com
77533166,REQUEST_FAILED,,,,,
77533222,deadAbandoned,AUDITPROOF WE AUDITPROOF YOUR ERP SYSTEM,"May 08, 2009",SPV America Inc,,info@spvus.com
77533195,REQUEST_FAILED,,,,,
77533187,REQUEST_FAILED,,,,,
77533266,deadAbandoned,QUANINC,"Aug. 17, 2009",Brian Kolo,,bkolo@zifian.com
77533240,deadAbandoned,PILOTS OF WAR,"Aug. 31, 2009",Ubisoft Entertainment,,
77533238,deadAbandoned,DOCANGELES: THE LOS ANGELES INTERNATIONAL DOCUMENTARY FILM FESTIVAL,"Oct. 26, 2009","Segrest III, Robert Taylor",,taylor@docangeles.com
77533252,REQUEST_FAILED,,,,,
77533382,deadAbandoned,PLANET RECONNECT A BETTER WAY TO PEOPLE SEARCH,"Oct. 26, 2009",Planet Reconnect LLC,,chaiet@yahoo.com
77533343,REQUEST_FAILED,,,,,
77533349,REQUEST_FAILED,,,,,
77533368,REQUEST_FAILED,,,,,
77533471,REQUEST_FAILED,,,,,
77533492,REQUEST_FAILED,,,,,
77533498,REQUEST_FAILED,,,,,
77533516,REQUEST_FAILED,,,,,
77533529,REQUEST_FAILED,,,,,
77533550,REQUEST_FAILED,,,,,
77533584,REQUEST_FAILED,,,,,
77533585,REQUEST_FAILED,,,,,
77533595,REQUEST_FAILED,,,,,
77533686,deadAbandoned,BLINK INTERNATIONAL,"May 14, 2009","Blink International, Inc.",,
77533596,REQUEST_FAILED,,,,,
77533706,deadAbandoned,VINOY CAPITAL,"Dec. 17, 2009","Vinoy Capital, LLC",,ted.rich@vinoycapital.com
77533644,REQUEST_FAILED,,,,,
77533696,REQUEST_FAILED,,,,,
77533713,REQUEST_FAILED,,,,,
77533734,REQUEST_FAILED,,,,,
77533852,deadAbandoned,MIGHTYGRO,"Jul. 27, 2009","plusMinerals, Inc.",,anne@plusminerals.com
77533888,deadAbandoned,ECOPRESERVE,"Oct. 19, 2009","Alexander Stone, LLC",,stoneallyway@gmail.com
77533846,REQUEST_FAILED,,,,,
77533987,deadAbandoned,NCT COLLECTION SERVICES INC.,"May 07, 2009","NCT-Collection Services, Inc",,jaimym@nctcsi.com
77533929,REQUEST_FAILED,,,,,
77533981,REQUEST_FAILED,,,,,
77534004,REQUEST_FAILED,,,,,
77534005,REQUEST_FAILED,,,,,
77534059,REQUEST_FAILED,,,,,
77534046,REQUEST_FAILED,,,,,
77534088,REQUEST_FAILED,,,,,
77534084,REQUEST_FAILED,,,,,
77534133,REQUEST_FAILED,,,,,
77534147,REQUEST_FAILED,,,,,
77534153,REQUEST_FAILED,,,,,
77534174,REQUEST_FAILED,,,,,
77534189,REQUEST_FAILED,,,,,
77534209,REQUEST_FAILED,,,,,
77534235,REQUEST_FAILED,,,,,
77534244,REQUEST_FAILED,,,,,
77534307,deadAbandoned,CCC DUPLICAMP OUTDOOR LIVING SOLUTIONS,"May 14, 2009",DupliCamp Ltd,,yaron@duplicamp.com
77534257,REQUEST_FAILED,,,,,
77534309,deadAbandoned,BOHAN,"Oct. 12, 2009",SHAANXI ZHIDAN WOOL PROCESSING FACTORY,,
77534337,deadAbandoned,MI,"Jun. 08, 2009",July Systems Inc.,,
77534323,REQUEST_FAILED,,,,,
77534320,REQUEST_FAILED,,,,,
77534325,REQUEST_FAILED,,,,,
77534345,deadAbandoned,WEB APPLICATION MARKUP LANGUAGE (WAML),"May 14, 2009","Alfega Technlologies, Inc",,info@alfega.com
77534328,REQUEST_FAILED,,,,,
77534338,deadAbandoned,MY SECRET WORLD BY IMAGINE,"Mar. 19, 2009",Ubisoft Entertainment,,
77534448,deadAbandoned,NOE,"May 13, 2009",The New Orleans Exchange,,
77534421,deadAbandoned,KEGERATORS,"May 19, 2009","Lavender, Christian E",,clavendar@austin.rr.com
77534403,REQUEST_FAILED,,,,,
77534444,REQUEST_FAILED,,,,,
77534447,REQUEST_FAILED,,,,,
77534472,deadAbandoned,EMPLOYEE POWER,"Sep. 20, 2009",1-800-GIFT CERTIFICATE LLC,,JCaso@incentone.com
77534480,deadAbandoned,HEALTHY CHOICE AWARD,"Sep. 20, 2009",1-800-GIFT CERTIFICATE LLC,,JCaso@incentone.com
77534455,deadAbandoned,EMPLOYEE CHOICE AWARD,"May 17, 2009",1-800-GIFT CERTIFICATE LLC,,JCaso@incentone.com
77534497,deadAbandoned,HEALTH POWER,"Sep. 20, 2009",1-800-GIFT CERTIFICATE LLC,,JCaso@incentone.com
77534482,REQUEST_FAILED,,,,,
77534531,deadAbandoned,CUSTOMER CHOICE AWARD,"Sep. 20, 2009",1-800-GIFT CERTIFICATE LLC,,JCaso@incentone.com
77534493,REQUEST_FAILED,,,,,
77534515,REQUEST_FAILED,,,,,
77534606,deadAbandoned,ECOFLOR,"May 11, 2009",F.M.I. LLC,,TONY@FMIFARMS.COM
77534534,REQUEST_FAILED,,,,,
77534639,REQUEST_FAILED,,,,,
77534652,REQUEST_FAILED,,,,,
77534654,REQUEST_FAILED,,,,,
77534653,REQUEST_FAILED,,,,,
77534672,REQUEST_FAILED,,,,,
77534673,REQUEST_FAILED,,,,,
77534698,REQUEST_FAILED,,,,,
77534719,REQUEST_FAILED,,,,,
77534728,REQUEST_FAILED,,,,,
77534754,deadAbandoned,ELECTRONIC CLASSROOM,"May 23, 2009","The Electronic Stockroom, Inc.",,jpinson@electronicstockroom.com
77534802,deadAbandoned,POWER POD,"May 08, 2009",ETONIC WORLDWIDE LLC,,
77534736,REQUEST_FAILED,,,,,
77534762,REQUEST_FAILED,,,,,
77534852,deadAbandoned,AFFLUENT TOUCHPOINTS,"May 11, 2009",Affluent Touchpoints Inc.,,paulieu@mindspring.com
77534872,deadAbandoned,Y2KURSE,"Nov. 23, 2009","Zaiter, Samir",,zaiter5210@gmail.com
77534779,REQUEST_FAILED,,,,,
77534875,deadAbandoned,LA PEMA,"May 13, 2009",Vasquez Moises,,moises.vasquez@lapema.com
77534812,deadAbandoned,EXECUTIVE GOLF SCHOOL,"May 13, 2009","Bove, Pamela M",,info@executivegolfschool.org
77534791,REQUEST_FAILED,,,,,
77534901,REQUEST_FAILED,,,,,
77534950,REQUEST_FAILED,,,,,
77535071,deadAbandoned,CH MP,"May 12, 2009","MD Medicare Choice, Inc.",,
77535019,REQUEST_FAILED,,,,,
77535087,deadAbandoned,NIGHTBIRD,"May 22, 2009",Ryan Oneil Mims,,ryanmims@hotmail.com
77535142,deadAbandoned,JUMBO JUMBOWEAR.COM,"May 11, 2009",JumboWear,,codemonkeydave@gmail.com
77535093,REQUEST_FAILED,,,,,
77535135,deadAbandoned,OTC PLUS,"May 12, 2009","MD Medicare Choice, Inc.",,
77535103,REQUEST_FAILED,,,,,
77535116,REQUEST_FAILED,,,,,
77535134,REQUEST_FAILED,,,,,
77535174,REQUEST_FAILED,,,,,
77535188,REQUEST_FAILED,,,,,
77535219,REQUEST_FAILED,,,,,
77535228,REQUEST_FAILED,,,,,
77535332,deadAbandoned,HARD KNOCK UNIVERSITY CALIFORNIA HK,"May 08, 2009",Michael L O'Neal,,pcsceo1@aol.com
77535238,REQUEST_FAILED,,,,,
77535306,REQUEST_FAILED,,,,,
77535352,REQUEST_FAILED,,,,,
77535365,REQUEST_FAILED,,,,,
77535379,REQUEST_FAILED,,,,,
77535427,deadAbandoned,OMNISIO,"May 18, 2009",Google Inc.,,
77535470,deadAbandoned,MEDAPEDIC,"May 14, 2009","Neustat, Paula S",,pneustat@optonline.net
77535442,REQUEST_FAILED,,,,,
77535455,REQUEST_FAILED,,,,,
77535456,REQUEST_FAILED,,,,,
77535462,REQUEST_FAILED,,,,,
77535475,REQUEST_FAILED,,,,,
77535477,REQUEST_FAILED,,,,,
77535495,deadAbandoned,MOMITOR.COM,"May 12, 2009",Momitor.com Inc.,,info@momitor.com
77535507,deadAbandoned,BARACKTHE OTE,"Mar. 02, 2009","Sharp, Tawala",,the1andonlytsharp@yahoo.com
77535506,REQUEST_FAILED,,,,,
77535526,REQUEST_FAILED,,,,,
77535600,REQUEST_FAILED,,,,,
77535699,REQUEST_FAILED,,,,,
77535768,REQUEST_FAILED,,,,,
77535782,REQUEST_FAILED,,,,,
77535809,deadAbandoned,THE SILVER SUITCASE SOCIETY,"Oct. 19, 2009",Where Women Create Inc.,,
77535918,deadAbandoned,VICTORIA REGAL,"Nov. 24, 2009",Victoria Amplifier Co.,,mbaier@wideopenwest.com
77535832,REQUEST_FAILED,,,,,
77535833,REQUEST_FAILED,,,,,
77535860,REQUEST_FAILED,,,,,
77535877,REQUEST_FAILED,,,,,
77535957,REQUEST_FAILED,,,,,
77536010,REQUEST_FAILED,,,,,
77536073,REQUEST_FAILED,,,,,
77536156,deadAbandoned,PUR-RÊV LIQUEUR,"Nov. 23, 2009","Daucourt, Jean-Marc",,jmd@daucourt.com
77536101,REQUEST_FAILED,,,,,
77536144,REQUEST_FAILED,,,,,
77536175,REQUEST_FAILED,,,,,
77536321,deadAbandoned,THE THINK & SHRINK HYPNOSIS PROGRAM,"May 11, 2009","Fulvio, Matthew A.",,thinkandshrink@gmail.com
77536243,REQUEST_FAILED,,,,,
77536280,REQUEST_FAILED,,,,,
77536338,REQUEST_FAILED,,,,,
77536349,REQUEST_FAILED,,,,,
77536471,REQUEST_FAILED,,,,,
77536508,REQUEST_FAILED,,,,,
77536538,REQUEST_FAILED,,,,,
77536655,deadAbandoned,CATHALERT,"May 13, 2009","Adams, Scott C.",,scott_adams@aeomedical.com
77536657,deadAbandoned,None,"May 14, 2009",Mixed In Key LLC,,yakov@mixedinkey.com
77536589,REQUEST_FAILED,,,,,
77536585,REQUEST_FAILED,,,,,
77536600,REQUEST_FAILED,,,,,
77536663,deadAbandoned,1A 2A 3A 4A 5A 6A 7A 8A 9A 10A 11A 12A 1B 2B 3B 4B 5B 6B 7B 8B 9B 10B 11B 12B A-FLAT MINOR E-FLAT MINOR B-FLAT MINOR F MINOR C MINOR G MINOR D MINOR A MINOR E MINOR B MINOR F-SHARP MINOR D-FLAT MINOR B MAJOR F-SHARP MAJOR D-FLAT MAJOR A-FLAT MAJOR E-FLAT MAJOR B-FLAT MAJOR F MAJOR C MAJOR G MAJOR D MAJOR A MAJOR E MAJOR,"May 25, 2009",Mixed In Key LLC,,yakov@mixedinkey.com
77536665,deadAbandoned,AWOWO,"May 19, 2009","AWOWO TECH. Co., LTD",,tipa@tipa.com.tw
77536678,deadAbandoned,BUYBOX,"Oct. 26, 2009",Joseph Steven Baron,,steven_baron@hotmail.com
77536677,REQUEST_FAILED,,,,,
77536716,REQUEST_FAILED,,,,,
77536765,REQUEST_FAILED,,,,,
77536800,REQUEST_FAILED,,,,,
77536801,REQUEST_FAILED,,,,,
77536829,REQUEST_FAILED,,,,,
77536837,REQUEST_FAILED,,,,,
77536858,deadAbandoned,ROTTENKID,"Oct. 19, 2009","Jerutis, Bryan",,bjerutis@comcast.net
77536855,REQUEST_FAILED,,,,,
77536913,deadAbandoned,BOCADELI,"Oct. 19, 2009","Productos Alimenticios Bocadeli, S.A.",,
77536896,REQUEST_FAILED,,,,,
77536902,REQUEST_FAILED,,,,,
77536932,REQUEST_FAILED,,,,,
77536936,REQUEST_FAILED,,,,,
77537098,deadAbandoned,RED DRAGONFLY,"May 12, 2009",U.S.A. HONGQINGTING GROUP CORP.,,tmregistered@gmail.com
77536981,REQUEST_FAILED,,,,,
77536998,REQUEST_FAILED,,,,,
77537095,REQUEST_FAILED,,,,,
77537112,REQUEST_FAILED,,,,,
77537135,REQUEST_FAILED,,,,,
77537182,REQUEST_FAILED,,,,,
77537346,REQUEST_FAILED,,,,,
77537468,REQUEST_FAILED,,,,,
77537484,REQUEST_FAILED,,,,,
77537489,REQUEST_FAILED,,,,,
77537494,REQUEST_FAILED,,,,,
77537512,REQUEST_FAILED,,,,,
77537586,deadAbandoned,DGS,"Oct. 19, 2009",U.S.A. HONGQINGTING GROUP CORP.,,tmregistered@gmail.com
77537550,REQUEST_FAILED,,,,,
77537588,REQUEST_FAILED,,,,,
77537593,REQUEST_FAILED,,,,,
77537596,REQUEST_FAILED,,,,,
77537612,REQUEST_FAILED,,,,,
77537636,REQUEST_FAILED,,,,,
77537637,REQUEST_FAILED,,,,,
77537681,deadAbandoned,AG,"May 12, 2009",Siddiqui Company Inc.,,amrgoldster@gmail.com
77537658,REQUEST_FAILED,,,,,
77537664,REQUEST_FAILED,,,,,
77537673,REQUEST_FAILED,,,,,
77537674,REQUEST_FAILED,,,,,
77537683,deadAbandoned,CALL MY MOM,"Oct. 19, 2009",Call My Mom Inc.,,callmom@callmymom.org
77537691,REQUEST_FAILED,,,,,
77537745,deadAbandoned,INVISIWIG,"May 14, 2009",Invisiwig Inc.,,frantzarty@gmail.com
77537740,deadAbandoned,ISHINO GOLF,"Sep. 09, 2009",Nakhyun Ju,,golfmakers@hotmail.com
77537729,REQUEST_FAILED,,,,,
77537731,REQUEST_FAILED,,,,,
77537746,deadAbandoned,CAMPUS FRESH FRESH EATS · FRUIT SMOOTHIES · FRO-YO FRESH · GWU,"Jun. 11, 2009",Michael Amir Mostafavi,,michaelamir@yahoo.com
77537747,REQUEST_FAILED,,,,,
77537750,REQUEST_FAILED,,,,,
77537765,REQUEST_FAILED,,,,,
77537801,REQUEST_FAILED,,,,,
77537796,REQUEST_FAILED,,,,,
77537827,REQUEST_FAILED,,,,,
77537841,REQUEST_FAILED,,,,,
77537847,REQUEST_FAILED,,,,,
77537850,REQUEST_FAILED,,,,,
77537944,deadAbandoned,BORROW MY HANDBAG,"May 13, 2009",Troy D. Langone,,orthopa@gmail.com
77537855,REQUEST_FAILED,,,,,
77538051,deadAbandoned,RCMS REVOLUTION,"May 22, 2009","Compliance Networks, LLC",,kevin.harris@compliancenetworks.com
77537932,REQUEST_FAILED,,,,,
77537935,REQUEST_FAILED,,,,,
77537979,REQUEST_FAILED,,,,,
77537990,REQUEST_FAILED,,,,,
77538053,REQUEST_FAILED,,,,,
77538083,deadAbandoned,RCMS REFLECTION,"May 22, 2009","Compliance Networks, LLC",,kevin.harris@compliancenetworks.com
77538099,deadAbandoned,RCMS INSIGHT,"May 22, 2009","Compliance Networks, LLC",,kevin.harris@compliancenetworks.com
77538093,deadAbandoned,RCMS FOUNDATION,"May 22, 2009","Compliance Networks, LLC",,kevin.harris@compliancenetworks.com
77538103,deadAbandoned,NUTFREEBABY,"Oct. 19, 2009","Apostolidis, Ioannis",,JAPOSTOLIDIS@OPTONLINE.NET
77538064,REQUEST_FAILED,,,,,
77538069,REQUEST_FAILED,,,,,
77538111,deadAbandoned,INDIVIDUAL BUSINESS INTELLIGENCE BLOCKS,"Oct. 26, 2009","Compliance Networks, LLC",,kevin.harris@compliancenetworks.com
77538076,REQUEST_FAILED,,,,,
77538135,deadAbandoned,AMERICAN DREAM MORTGAGE,"May 14, 2009",NationsHeritage Federal Credit Union,,chuff@nationsheritagefcu.com
77538105,REQUEST_FAILED,,,,,
77538106,REQUEST_FAILED,,,,,
77538132,REQUEST_FAILED,,,,,
77538171,REQUEST_FAILED,,,,,
77538292,REQUEST_FAILED,,,,,
77538336,REQUEST_FAILED,,,,,
77538343,REQUEST_FAILED,,,,,
77538384,REQUEST_FAILED,,,,,
77538556,REQUEST_FAILED,,,,,
77538711,deadAbandoned,PERSONAL MENTAL BASELINE,"May 20, 2009","Ellis, Charles M.",,charlesellis@live.com
77538603,REQUEST_FAILED,,,,,
77538719,REQUEST_FAILED,,,,,
77538725,REQUEST_FAILED,,,,,
77538738,REQUEST_FAILED,,,,,
77538751,REQUEST_FAILED,,,,,
77538795,REQUEST_FAILED,,,,,
77538796,REQUEST_FAILED,,,,,
77538798,REQUEST_FAILED,,,,,
77538857,REQUEST_FAILED,,,,,
77538875,REQUEST_FAILED,,,,,
77538870,REQUEST_FAILED,,,,,
77538869,REQUEST_FAILED,,,,,
77538897,deadAbandoned,ROBETTE,"Oct. 26, 2009",DISTILLERIE PERNOT,,distillerie-emile-pernot@wanadoo.fr
77538905,deadAbandoned,BLUEWAVE,"May 21, 2009","Goldwell Enterprises, Inc.",,allen@geiusa.com
77538883,REQUEST_FAILED,,,,,
77539068,deadAbandoned,FOTO-OPS,"May 19, 2009",Elizabeth Naquin Borger,,tom-liz@theborgergroup.com
77538992,REQUEST_FAILED,,,,,
77539008,REQUEST_FAILED,,,,,
77539073,REQUEST_FAILED,,,,,
77539090,REQUEST_FAILED,,,,,
77539120,REQUEST_FAILED,,,,,
77539158,REQUEST_FAILED,,,,,
77539204,REQUEST_FAILED,,,,,
77539333,deadAbandoned,LEADER'S EDGE NETWORK,"May 27, 2009",Leader's Edge Network LLC,,waliggett@leadersedgenet.com
77539246,REQUEST_FAILED,,,,,
77539295,REQUEST_FAILED,,,,,
77539320,REQUEST_FAILED,,,,,
77539458,REQUEST_FAILED,,,,,
77539437,REQUEST_FAILED,,,,,
77539456,REQUEST_FAILED,,,,,
77539573,deadAbandoned,VITAL HEALTH GROUP,"May 26, 2009",Joseph Mercola,,elao@mercola.com
77539537,REQUEST_FAILED,,,,,
77539652,deadAbandoned,CLOUD COMPUTING EVERYWHERE,"May 22, 2009","Virtualmin, Inc.",,
77539599,REQUEST_FAILED,,,,,
77539607,REQUEST_FAILED,,,,,
77539648,REQUEST_FAILED,,,,,
77539650,REQUEST_FAILED,,,,,
77539678,REQUEST_FAILED,,,,,
77539730,REQUEST_FAILED,,,,,
77539737,REQUEST_FAILED,,,,,
77539785,deadAbandoned,NANOG2,"Oct. 19, 2009",NanoG,,jw09@aol.com
77539745,REQUEST_FAILED,,,,,
77539754,REQUEST_FAILED,,,,,
77539773,REQUEST_FAILED,,,,,
77539770,REQUEST_FAILED,,,,,
77539842,deadAbandoned,THE NEXT AMERICAN STAR,"May 15, 2009",The Next American Star LLC,,
77539892,deadAbandoned,CHAMELLEON,"May 18, 2009","Nguyen, Chad",,casaccino@gmail.com
77539791,REQUEST_FAILED,,,,,
77539835,REQUEST_FAILED,,,,,
77539853,REQUEST_FAILED,,,,,
77539893,REQUEST_FAILED,,,,,
77539906,REQUEST_FAILED,,,,,
77539909,REQUEST_FAILED,,,,,
77539942,deadAbandoned,KULAPLACE - YOUR NEIGHBORLY EXCHANGE,"Oct. 26, 2009",Kulaplace LLC,,kevin@kulaplace.com
77539919,REQUEST_FAILED,,,,,
77539924,REQUEST_FAILED,,,,,
77539941,REQUEST_FAILED,,,,,
77539950,REQUEST_FAILED,,,,,
77539955,REQUEST_FAILED,,,,,
77539975,deadAbandoned,GYM RAT APPAREL,"May 19, 2009","Piazza, Frank J",,frank@gymratapparel.com
77539962,REQUEST_FAILED,,,,,
77540030,deadAbandoned,RAG RUFFIN ADVISORY GROUP,"May 27, 2009",Ruffin and Associates Inc.,,ruffinadvisory@gmail.com
77539990,deadAbandoned,KATKATH,"Nov. 02, 2009",The Veterinary Company Ltd.,,ckenyon@theveterinarycompany.com
77539985,REQUEST_FAILED,,,,,
77539987,REQUEST_FAILED,,,,,
77539992,REQUEST_FAILED,,,,,
77540078,REQUEST_FAILED,,,,,
77540116,REQUEST_FAILED,,,,,
77540206,deadAbandoned,DROP & SHOP,"Oct. 26, 2009","Stay & Play, LLC",,
77540138,REQUEST_FAILED,,,,,
77540144,REQUEST_FAILED,,,,,
77540170,REQUEST_FAILED,,,,,
77540302,deadAbandoned,GOODNEWSONWHEELS.COM,"Oct. 19, 2009","Manzano Investments, LLC",,
77540231,REQUEST_FAILED,,,,,
77540226,REQUEST_FAILED,,,,,
77540341,deadAbandoned,MASADASALT,"May 23, 2009",michael Mott,,mmott3@sbcglobal.net
77540311,deadAbandoned,BE BLESSED ON YOUR DEAL THROUGH GOODNEWSONWHEELS.COM,"Oct. 26, 2009","Manzano Investments, LLC",,
77540268,REQUEST_FAILED,,,,,
77540337,deadAbandoned,QUANTOS,"Aug. 14, 2009","Quantenna Communications, Inc.",,
77540411,deadAbandoned,PROOF!,"Oct. 26, 2009","Riddell, Sheila Kae",,skriddell22@hotmail.com
77540440,deadAbandoned,EXPLORE THE SHORE,"May 25, 2009","O'Connor, William Joseph",,
77540336,REQUEST_FAILED,,,,,
77540349,REQUEST_FAILED,,,,,
77540502,deadAbandoned,OLD FOGEY GOLF,"Jun. 02, 2009","Smith, Robert F.",,nobsbob1951@yahoo.com
77540409,REQUEST_FAILED,,,,,
77540565,REQUEST_FAILED,,,,,
77540598,REQUEST_FAILED,,,,,
77540622,REQUEST_FAILED,,,,,
77540781,deadAbandoned,B MY BRANDANGO.COM,"Mar. 13, 2009","Carr, Randy",,efaust@worldemblem.com
77540725,deadAbandoned,RIFF-A-DAY,"May 21, 2009","West, Glen A",,a2gsharpguitar@earthlink.net
77540810,REQUEST_FAILED,,,,,
77540822,REQUEST_FAILED,,,,,
77540823,REQUEST_FAILED,,,,,
77540831,REQUEST_FAILED,,,,,
77540846,REQUEST_FAILED,,,,,
77540870,REQUEST_FAILED,,,,,
77540878,REQUEST_FAILED,,,,,
77540885,REQUEST_FAILED,,,,,
77540916,REQUEST_FAILED,,,,,
77540964,deadAbandoned,PRETOXX,"May 18, 2009","LES Labs, LLC",,info@pretoxx.com
77540934,REQUEST_FAILED,,,,,
77540954,REQUEST_FAILED,,,,,
77540957,REQUEST_FAILED,,,,,
77540986,REQUEST_FAILED,,,,,
77540988,REQUEST_FAILED,,,,,
77541033,REQUEST_FAILED,,,,,
77541036,REQUEST_FAILED,,,,,
77541085,deadAbandoned,KNUCKLE BROTHERS,"Oct. 26, 2009",Christopher James Martin,,c.martin@lastmatchstudios.com
77541061,REQUEST_FAILED,,,,,
77541090,deadAbandoned,BROADWAY BRETT,"May 21, 2009","MARTIGNETTI, JOHN",,john.martignetti@gmail.com
77541074,REQUEST_FAILED,,,,,
77541101,deadAbandoned,PANTERA,"May 19, 2009","Pantera Tractors, LLC",,netraxeq@yahoo.com
77541100,deadAbandoned,VBOTATTACK,"Oct. 26, 2009","Artificial Life, Inc.",,i.setzepfandt@artificial-life.com
77541104,deadAbandoned,CHANNALYZE,"Dec. 03, 2009",Qudos Publications Limited,,qudospubs@aol.com
77541125,deadAbandoned,DUNKIN' DOUGH,"May 18, 2009","Mathieson, Kenneth",,k.mathieson@smithbarney.com
77541117,deadAbandoned,BIG PLUSH,"May 25, 2009",Big Plush Corp,,service@bigplush.com
77541094,REQUEST_FAILED,,,,,
77541099,REQUEST_FAILED,,,,,
77541263,deadAbandoned,MELT,"May 18, 2009","Cambridge Street Holdings, LLP",,jmeaney@vclmlaw.com
77541134,REQUEST_FAILED,,,,,
77541278,deadAbandoned,GD&GD GINA DORA & GINA DESIGN,"Aug. 24, 2009",GEORGE VERANO USA LLC,,mikequ02@hotmail.com
77541191,REQUEST_FAILED,,,,,
77541241,REQUEST_FAILED,,,,,
77541245,REQUEST_FAILED,,,,,
77541315,deadAbandoned,PRO STIM +,"Oct. 26, 2009",ENDURANCE THERAPEUTICS INC.,,cruisin@mts.net
77541325,deadAbandoned,GD&GD GINA DORA & GINA DESIGN,"Aug. 24, 2009",GEORGE VERANO USA LLC,,mikequ02@hotmail.com
77541283,REQUEST_FAILED,,,,,
77541313,REQUEST_FAILED,,,,,
77541337,deadAbandoned,KEEP JP LOOPY,"Nov. 02, 2009","City Feed and Supply, Inc.",,joe@douillette.com
77541355,REQUEST_FAILED,,,,,
77541396,REQUEST_FAILED,,,,,
77541419,REQUEST_FAILED,,,,,
77541420,REQUEST_FAILED,,,,,
77541438,REQUEST_FAILED,,,,,
77541450,REQUEST_FAILED,,,,,
77541508,deadAbandoned,VIM,"Nov. 30, 2009","Vocel, Inc.",,
77541455,REQUEST_FAILED,,,,,
77541566,REQUEST_FAILED,,,,,
77541573,REQUEST_FAILED,,,,,
77541740,REQUEST_FAILED,,,,,
77541727,REQUEST_FAILED,,,,,
77541809,REQUEST_FAILED,,,,,
77541854,REQUEST_FAILED,,,,,
77541891,REQUEST_FAILED,,,,,
77541898,REQUEST_FAILED,,,,,
77541955,REQUEST_FAILED,,,,,
77541992,REQUEST_FAILED,,,,,
77542023,REQUEST_FAILED,,,,,
77542066,deadAbandoned,RIO GRAND RAPIDS,"Aug. 17, 2009",Ainsworth Game Technology Limited,,jason.meyer@ainsworth.com.au
77542028,REQUEST_FAILED,,,,,
77542035,REQUEST_FAILED,,,,,
77542063,REQUEST_FAILED,,,,,
77542069,REQUEST_FAILED,,,,,
77542078,REQUEST_FAILED,,,,,
77542094,REQUEST_FAILED,,,,,
77542099,REQUEST_FAILED,,,,,
77542126,deadAbandoned,GUAP KING,"Apr. 14, 2009",ISAIAH BOND,,ancientrealty@aol.com
77542116,REQUEST_FAILED,,,,,
77542247,deadAbandoned,SLIPPERY SAM,"May 19, 2009",The Veterinary Company Ltd,,ckenyon@theveterinarycompany.com
77542217,REQUEST_FAILED,,,,,
77542229,REQUEST_FAILED,,,,,
77542237,REQUEST_FAILED,,,,,
77542335,deadAbandoned,RADIAN,"May 26, 2009","ULTIMATE WIREFORMS, INC.",,
77542286,REQUEST_FAILED,,,,,
77542283,REQUEST_FAILED,,,,,
77542330,REQUEST_FAILED,,,,,
77542379,deadAbandoned,ANABOLIC RESOURCES,"May 27, 2009","GOMAX, LLC",,anabolicresourceusa@gmail.com
77542340,REQUEST_FAILED,,,,,
77542364,REQUEST_FAILED,,,,,
77542419,deadAbandoned,STRATEGIC MORTGAGE COMPASS,"May 22, 2009","Applegate, Jeff",,pattim01@cox.net
77542389,REQUEST_FAILED,,,,,
77542390,REQUEST_FAILED,,,,,
77542445,deadAbandoned,F FLOW MEDIA & GRAPHICS,"May 19, 2009",Yonhel Flores Gonzalez,,direccion@flowmg.com.mx
77542408,REQUEST_FAILED,,,,,
77542488,deadAbandoned,E LIPSE,"May 25, 2009","Litetronics International, Inc.",,boconnor@litetronics.com
77542525,deadAbandoned,DESIGN ASSISTANT,"Nov. 30, 2009","Hawaiian Village Computer, Inc.",,vwalker@realgreen.com
77542456,REQUEST_FAILED,,,,,
77542505,deadAbandoned,SERVICE ASSISTANT,"Nov. 30, 2009","Hawaiian Village Computer, Inc.",,vwalker@realgreen.com
77542489,REQUEST_FAILED,,,,,
77542493,REQUEST_FAILED,,,,,
77542540,REQUEST_FAILED,,,,,
77542551,REQUEST_FAILED,,,,,
77542563,REQUEST_FAILED,,,,,
77542607,REQUEST_FAILED,,,,,
77542638,REQUEST_FAILED,,,,,
77542670,REQUEST_FAILED,,,,,
77542690,REQUEST_FAILED,,,,,
77542762,deadAbandoned,GOODNESS IN THE WORLD,"Oct. 12, 2009",Struoc Standard LLC,,StruocStandard@Yahoo.com
77542724,REQUEST_FAILED,,,,,
77542743,REQUEST_FAILED,,,,,
77542801,deadAbandoned,BLEACHER BUMS,"May 23, 2009",Richard Ehrenreich,,
77542860,deadAbandoned,BEYOND FIRST CLASS... JET CLASS!,"May 19, 2009","Exquisite Air Charter, LLC",,charter@exquisiteaircharter.com
77542773,REQUEST_FAILED,,,,,
77542780,REQUEST_FAILED,,,,,
77542803,REQUEST_FAILED,,,,,
77542837,REQUEST_FAILED,,,,,
77542889,REQUEST_FAILED,,,,,
77542894,REQUEST_FAILED,,,,,
77542962,REQUEST_FAILED,,,,,
77542975,REQUEST_FAILED,,,,,
77543014,REQUEST_FAILED,,,,,
77543021,REQUEST_FAILED,,,,,
77542998,REQUEST_FAILED,,,,,
77543073,deadAbandoned,MY B BRANDANGO.COM,"Jun. 01, 2009",Brandango Inc.,,mlara897@gmail.com
77543057,REQUEST_FAILED,,,,,
77543090,deadAbandoned,JAPANESE GIFT MARKET,"Sep. 15, 2009","AL DE NAIDE CO., LTD.",,info@japanesegiftmarket.com
77543064,REQUEST_FAILED,,,,,
77543140,deadAbandoned,SSCA,"Apr. 14, 2009",VOCALE LIMITED,,
77543088,REQUEST_FAILED,,,,,
77543092,REQUEST_FAILED,,,,,
77543103,REQUEST_FAILED,,,,,
77543136,REQUEST_FAILED,,,,,
77543183,REQUEST_FAILED,,,,,
77543195,REQUEST_FAILED,,,,,
77543196,REQUEST_FAILED,,,,,
77543254,deadAbandoned,None,"May 27, 2009","Little Passports, LLC",,amykanter@gmail.com
77543211,REQUEST_FAILED,,,,,
77543281,deadAbandoned,DOUBLE ENTRY PERFORMANCE ACCOUNTING,"Jun. 12, 2009",Edward Caldeira,,
77543223,REQUEST_FAILED,,,,,
77543233,REQUEST_FAILED,,,,,
77543314,deadAbandoned,MYOFFICIALSTORY,"May 22, 2009",Bloch Jerome,,contact@businessgolfsolutions.com
77543275,REQUEST_FAILED,,,,,
77543283,REQUEST_FAILED,,,,,
77543311,REQUEST_FAILED,,,,,
77543313,REQUEST_FAILED,,,,,
77543331,deadAbandoned,A PILLOW TO BRING BABY TO BREAST,"May 27, 2009","Kirkpatrick, Megan P.",,jmkirk5@verizon.net
77543406,deadAbandoned,SUPER HIGH-TEMPERATURE OPTIMIZED TECHNOLOGY,"May 08, 2009","Daimer Industries, Inc",,alan@daimer.com
77543329,REQUEST_FAILED,,,,,
77543421,deadAbandoned,CAB,"Nov. 02, 2009",In High Spirits Ltd (UK company number 6384143),,volker.opitz@inhighspiritltd.com
77543344,REQUEST_FAILED,,,,,
77543353,REQUEST_FAILED,,,,,
77543398,REQUEST_FAILED,,,,,
77543486,deadAbandoned,ADVANCED THERMAL IONIC SANITIZATION,"May 08, 2009","Daimer Industries, Inc",,alan@daimer.com
77543446,deadAbandoned,AUTOMATIC SHUT-OFF TECHNOLOGY,"May 08, 2009","Daimer Industries, Inc",,alan@daimer.com
77543469,deadAbandoned,CODIX,"May 26, 2009",CODIX,,pangelova@imx.fr
77543472,REQUEST_FAILED,,,,,
77543497,REQUEST_FAILED,,,,,
77543504,REQUEST_FAILED,,,,,
77543587,REQUEST_FAILED,,,,,
77543574,REQUEST_FAILED,,,,,
77543579,REQUEST_FAILED,,,,,
77543685,deadAbandoned,LIFE IS PRICELESS,"May 21, 2009","Takao, Kazumi",,
77543603,REQUEST_FAILED,,,,,
77543706,REQUEST_FAILED,,,,,
77543715,REQUEST_FAILED,,,,,
77543708,REQUEST_FAILED,,,,,
77543745,REQUEST_FAILED,,,,,
77543818,deadAbandoned,AY GÜEY,"Oct. 26, 2009","RODRIGUEZ PINEDA, MIGUEL ANGEL",,cthomae@jcva.com.mx
77543790,REQUEST_FAILED,,,,,
77543890,REQUEST_FAILED,,,,,
77543896,REQUEST_FAILED,,,,,
77544061,deadAbandoned,ATLANTA WATER & FIRE RESTORATION,"May 27, 2009",Atlanta Water And Fire Restoration Inc.,,Awaf@bellsouth.net
77543920,REQUEST_FAILED,,,,,
77543992,REQUEST_FAILED,,,,,
77544124,REQUEST_FAILED,,,,,
77544096,REQUEST_FAILED,,,,,
77544207,REQUEST_FAILED,,,,,
77544233,REQUEST_FAILED,,,,,
77544311,deadAbandoned,SKIN GLIDE,"May 21, 2009","SBR SPORTS, INC.",,
77544268,REQUEST_FAILED,,,,,
77544303,REQUEST_FAILED,,,,,
77544312,REQUEST_FAILED,,,,,
77544339,REQUEST_FAILED,,,,,
77544368,deadAbandoned,CALIFORNIA SHAPE,"May 20, 2009",Sanchez Gerardo,,bony07@yahoo.com
77544359,REQUEST_FAILED,,,,,
77544362,REQUEST_FAILED,,,,,
77544364,REQUEST_FAILED,,,,,
77544394,deadAbandoned,IMX,"May 26, 2009",CODIX,,pangelova@imx.fr
77544397,deadAbandoned,SOMBRERO,"Oct. 26, 2009",Kieft Seeds Holland,,mdekker@kieftseeds.com
77544381,REQUEST_FAILED,,,,,
77544395,REQUEST_FAILED,,,,,
77544421,REQUEST_FAILED,,,,,
77544591,deadAbandoned,PEEK A BLUFF,"Oct. 26, 2009","Thierry, Denoual",,thierrydenoual@orange.fr
77544454,REQUEST_FAILED,,,,,
77544527,REQUEST_FAILED,,,,,
77544604,deadAbandoned,DEEPDEBATE,"May 21, 2009","DeepDebate, Inc",,lucas.cioffi@gmail.com
77544566,REQUEST_FAILED,,,,,
77544612,REQUEST_FAILED,,,,,
77544624,REQUEST_FAILED,,,,,
77544736,deadAbandoned,POWERSHARE MULTIPLE ACCESS,"Nov. 02, 2009",Terrace Communications Corporation,,nhays@terracecorp.com
77544699,REQUEST_FAILED,,,,,
77544774,REQUEST_FAILED,,,,,
77544797,REQUEST_FAILED,,,,,
77544803,REQUEST_FAILED,,,,,
77544843,REQUEST_FAILED,,,,,
77544901,REQUEST_FAILED,,,,,
77545135,deadAbandoned,DON PRUDHOMME,"Oct. 26, 2009",Don Prudhomme,,
77544969,REQUEST_FAILED,,,,,
77545240,REQUEST_FAILED,,,,,
77545312,REQUEST_FAILED,,,,,
77545335,REQUEST_FAILED,,,,,
77545413,deadAbandoned,ERSELETTE JEWELRY,"May 20, 2009","Little, Karen L",,t_kstyle@yahoo.com
77545364,REQUEST_FAILED,,,,,
77545406,deadAbandoned,7EVEN,"May 26, 2009","Pecoraro, Gina M",,Nyer4Lyf@aol.com
77545415,REQUEST_FAILED,,,,,
77545433,REQUEST_FAILED,,,,,
77545460,deadAbandoned,SCANDALOUS,"May 20, 2009","Marshall, Edward R.",,
77545437,REQUEST_FAILED,,,,,
77545465,REQUEST_FAILED,,,,,
77545510,deadAbandoned,TRU-FIT,"Jun. 02, 2009",MUHAMMAD LATIF,,silkroadtextiles@comcast.net
77545517,deadAbandoned,KUHIO COLLECTIONS,"May 22, 2009","Broke 2, Inc.",,tmarshall@broke2.com
77545478,REQUEST_FAILED,,,,,
77545519,deadAbandoned,CRYSTALKLEER,"May 26, 2009",craig L. Barber,,craig@4000ft.com
77545499,REQUEST_FAILED,,,,,
77545532,deadAbandoned,SENGLISH,"May 27, 2009","Veres, Sandor Mihaly",,s.m.veres@sysbrain.com
77545508,REQUEST_FAILED,,,,,
77545513,REQUEST_FAILED,,,,,
77545548,deadAbandoned,BLOODY RIVER RECORDS,"May 22, 2009",Dustin W. Carter,,dhgctc@aim.com
77545560,REQUEST_FAILED,,,,,
77545618,deadAbandoned,BW KIDS,"Oct. 26, 2009","Alpha International, Inc.",,
77545599,REQUEST_FAILED,,,,,
77545626,REQUEST_FAILED,,,,,
77545708,REQUEST_FAILED,,,,,
77545727,REQUEST_FAILED,,,,,
77545742,deadAbandoned,TAG ITS!,"Dec. 18, 2009","CV-NYC, LLC",,customerservice@cv-nyc.com
77545787,deadAbandoned,CONGREENIENCE,"May 21, 2009","Guerrieri, Eric T",,egloudrjam@yahoo.com
77545774,REQUEST_FAILED,,,,,
77545781,REQUEST_FAILED,,,,,
77545790,REQUEST_FAILED,,,,,
77545870,REQUEST_FAILED,,,,,
77545871,REQUEST_FAILED,,,,,
77545884,REQUEST_FAILED,,,,,
77545885,REQUEST_FAILED,,,,,
77545919,REQUEST_FAILED,,,,,
77545925,REQUEST_FAILED,,,,,
77545954,REQUEST_FAILED,,,,,
77545963,REQUEST_FAILED,,,,,
77545989,REQUEST_FAILED,,,,,
77546003,REQUEST_FAILED,,,,,
77546013,REQUEST_FAILED,,,,,
77546112,REQUEST_FAILED,,,,,
77546169,REQUEST_FAILED,,,,,
77546277,deadAbandoned,MASTER BLADE,"Sep. 29, 2009",Master Blade International LLC,,masterblade@masterblade.net
77546221,REQUEST_FAILED,,,,,
77546230,deadAbandoned,NOTIFY.ME,"Dec. 15, 2009",Tricord Enterprises LLC,,art@newmediarights.org
77546235,REQUEST_FAILED,,,,,
77546274,REQUEST_FAILED,,,,,
77546365,REQUEST_FAILED,,,,,
77546374,REQUEST_FAILED,,,,,
77546366,REQUEST_FAILED,,,,,
77546378,REQUEST_FAILED,,,,,
77546492,deadAbandoned,GOOD N BED,"May 26, 2009",Eugene W. Gros,,kc@800toolbox.com
77546445,REQUEST_FAILED,,,,,
77546461,REQUEST_FAILED,,,,,
77546474,REQUEST_FAILED,,,,,
77546483,REQUEST_FAILED,,,,,
77546568,deadAbandoned,UNITED STATES OF,"May 22, 2009",John Udeh,,nonyerem2002@hotmail.com
77546514,REQUEST_FAILED,,,,,
77546535,REQUEST_FAILED,,,,,
77546587,deadAbandoned,TOILETARGETSUSA.COM,"Mar. 16, 2009",Zachary A Kuster,,slvrstang28@aol.com
77546556,REQUEST_FAILED,,,,,
77546560,REQUEST_FAILED,,,,,
77546596,REQUEST_FAILED,,,,,
77546593,REQUEST_FAILED,,,,,
77546602,REQUEST_FAILED,,,,,
77546611,REQUEST_FAILED,,,,,
77546616,REQUEST_FAILED,,,,,
77546636,REQUEST_FAILED,,,,,
77546644,REQUEST_FAILED,,,,,
77546646,REQUEST_FAILED,,,,,
77546714,deadAbandoned,PICACHO KIDS,"May 11, 2009","Zarabella, LLC",,mike@zarabella.com
77546677,REQUEST_FAILED,,,,,
77546704,REQUEST_FAILED,,,,,
77546712,REQUEST_FAILED,,,,,
77546853,deadAbandoned,1404 A.D,"Nov. 02, 2009",SUNFLOWERS Interactive Entertainment Software GmbH,,
77546745,REQUEST_FAILED,,,,,
77546820,REQUEST_FAILED,,,,,
77546923,deadAbandoned,MYTECHSPERT,"May 24, 2009","MyTechspert, LLC",,joesusco@mytechspert.com
77546890,deadAbandoned,CAE,"Jun. 01, 2009",Lidget Green,,forest@lidgetgreen.org
77546940,deadAbandoned,TECHSPERT,"May 24, 2009","MyTechspert, LLC",,joesusco@mytechspert.com
77546878,REQUEST_FAILED,,,,,
77546893,REQUEST_FAILED,,,,,
77546986,deadAbandoned,DIGIME,"Sep. 14, 2009",Platrium LLC,,
77546953,REQUEST_FAILED,,,,,
77546985,REQUEST_FAILED,,,,,
77547001,REQUEST_FAILED,,,,,
77547026,deadAbandoned,THREAT-ZERO,"Jun. 17, 2009","Seitzinger, John",,john.seitzinger@threat-zero.com
77547013,REQUEST_FAILED,,,,,
77547039,REQUEST_FAILED,,,,,
77547056,REQUEST_FAILED,,,,,
77547061,REQUEST_FAILED,,,,,
77547074,REQUEST_FAILED,,,,,
77547079,REQUEST_FAILED,,,,,
77547082,REQUEST_FAILED,,,,,
77547104,REQUEST_FAILED,,,,,
77547115,REQUEST_FAILED,,,,,
77547166,REQUEST_FAILED,,,,,
77547137,REQUEST_FAILED,,,,,
77547187,deadAbandoned,BETTER BEGINNINGS,"Oct. 26, 2009",Rexi Media,,tbrigham1@gmail.com
77547190,REQUEST_FAILED,,,,,
77547201,REQUEST_FAILED,,,,,
77547225,REQUEST_FAILED,,,,,
77547245,deadAbandoned,OMNITARIAN,"May 29, 2009","Inman, Morgan R.",,morgan@starklove.com
77547235,REQUEST_FAILED,,,,,
77547259,REQUEST_FAILED,,,,,
77547306,REQUEST_FAILED,,,,,
77547445,REQUEST_FAILED,,,,,
77547447,REQUEST_FAILED,,,,,
77547460,REQUEST_FAILED,,,,,
77547510,REQUEST_FAILED,,,,,
77547530,REQUEST_FAILED,,,,,
77547534,REQUEST_FAILED,,,,,
77547552,REQUEST_FAILED,,,,,
77547561,REQUEST_FAILED,,,,,
77547686,deadAbandoned,WHITE HAIRED DUDES FOR MCCAIN WWW.WHITEHAIREDDUDESFORMCCAIN.COM,"Mar. 05, 2009","Roberts, Uhland Drane",,brentwood@aol.com
77547577,REQUEST_FAILED,,,,,
77547722,deadAbandoned,IPOD TOURS,"May 22, 2009",LADDAGA RODOLFO,,ruddaga@mac.com
77547666,deadAbandoned,NINTH FIN,"Oct. 26, 2009",Contact Marketing Solutions,,
77547730,deadAbandoned,STAND UP VOTEOBAMA.COM,"Mar. 05, 2009","King, Sharen",,sdk480@cox.net
77547721,REQUEST_FAILED,,,,,
77547718,REQUEST_FAILED,,,,,
77547723,REQUEST_FAILED,,,,,
77547744,REQUEST_FAILED,,,,,
77547747,REQUEST_FAILED,,,,,
77547772,deadAbandoned,JACOB EXTREME,"Oct. 13, 2009","Morrison, Michael A.",,somuchloot@yahoo.com
77547770,deadAbandoned,INSTANT REPLAY,"Jun. 04, 2009",OneWorld Global Manufacturing Solutions Ltd,,davidnorton@oneworld.com.hk
77547767,REQUEST_FAILED,,,,,
77547832,deadAbandoned,SELLERTAINMENT,"May 25, 2009",Big Plush Corp,,mike@bigplush.com
77547813,REQUEST_FAILED,,,,,
77547853,REQUEST_FAILED,,,,,
77547864,REQUEST_FAILED,,,,,
77547918,REQUEST_FAILED,,,,,
77547949,REQUEST_FAILED,,,,,
77547952,REQUEST_FAILED,,,,,
77547954,REQUEST_FAILED,,,,,
77548016,REQUEST_FAILED,,,,,
77548038,deadAbandoned,A DAY'S POTENTIAL,"Jun. 02, 2009","A 25 Hour Day, LLC",,joy@a25hourday.com
77548131,deadAbandoned,SSDIMM,"Dec. 29, 2009","SILICONSYSTEMS, INC",,irene.reynolds@wdc.com
77548037,deadAbandoned,THE PRODUCTIVE ENTREPRENEUR,"Oct. 09, 2009","A 25 Hour Day, LLC",,joy@a25hourday.com
77548109,REQUEST_FAILED,,,,,
77548122,REQUEST_FAILED,,,,,
77548134,REQUEST_FAILED,,,,,
77548137,REQUEST_FAILED,,,,,
77548187,deadAbandoned,4 JUNK 911 1-888-4 JUNK 911 WHERE THE WORLD GOES FOR JUNK REMOVAL,"Jun. 01, 2009",4 JUNK 911,,cigs@nac.net
77548196,deadAbandoned,FLAWLESS CLOTHING COMPANY,"May 27, 2009",Flawless Clothing Company LLC,,firehawk022@gmail.com
77548205,deadAbandoned,DRAGONFLY,"May 27, 2009","Neurovision Medical Products, Inc.",,ryan@neurovisionmedical.com
77548184,REQUEST_FAILED,,,,,
77548240,REQUEST_FAILED,,,,,
77548258,REQUEST_FAILED,,,,,
77548270,deadAbandoned,PIPER,"May 27, 2009",PiperBagsllc,,terri@piperbagsllc.com
77548294,REQUEST_FAILED,,,,,
77548361,deadAbandoned,TOILET RISER,"Jun. 03, 2009","Medway Network, Inc.",,ABaaske@Baaskeappraisals.com
77548332,REQUEST_FAILED,,,,,
77548448,deadAbandoned,BIOFIT,"Oct. 02, 2009","Chemport, Inc.",,jramirez@innovakglobal.com
77548373,REQUEST_FAILED,,,,,
77548453,REQUEST_FAILED,,,,,
77548450,REQUEST_FAILED,,,,,
77548488,REQUEST_FAILED,,,,,
77548507,REQUEST_FAILED,,,,,
77548622,deadAbandoned,FLEX MUSSELS,"May 25, 2009",6740367 Canada Inc.,,garnerquain@sympatico.ca
77548573,REQUEST_FAILED,,,,,
77548575,REQUEST_FAILED,,,,,
77548591,REQUEST_FAILED,,,,,
77548669,REQUEST_FAILED,,,,,
77548670,REQUEST_FAILED,,,,,
77548686,REQUEST_FAILED,,,,,
77548704,REQUEST_FAILED,,,,,
77548712,deadAbandoned,DOWN MACHINE DOWN,"Nov. 16, 2009","Sneed, Dustin, Matthew",,
77548732,REQUEST_FAILED,,,,,
77548750,REQUEST_FAILED,,,,,
77548754,REQUEST_FAILED,,,,,
77548755,REQUEST_FAILED,,,,,
77548767,REQUEST_FAILED,,,,,
77548773,REQUEST_FAILED,,,,,
77548776,REQUEST_FAILED,,,,,
77548777,REQUEST_FAILED,,,,,
77548793,REQUEST_FAILED,,,,,
77548804,REQUEST_FAILED,,,,,
77548802,REQUEST_FAILED,,,,,
77548805,REQUEST_FAILED,,,,,
77548854,deadAbandoned,MOBILEYEZ,"May 26, 2009","Suchocki, Christopher, M.",,chris2112@att.net
77548858,deadAbandoned,I DO WEDDING COSMETICS,"Jun. 03, 2009","RSVP Cosmetics, LLC",,diane.read@yahoo.com
77548819,REQUEST_FAILED,,,,,
77548878,deadAbandoned,CONUNDRUM,"Nov. 02, 2009",InSpirit Enterprises LLC,,hans@inspiritfoods.com
77548873,deadAbandoned,ULTIMATE GOLF WATER,"Jun. 02, 2009",InSpirit Enterprises LLC,,hans@inspiritfoods.com
77548898,deadAbandoned,"WHEN YOU AND YOUR BABY ARE ""ON THE GO""","Jun. 02, 2009",Go-Go Babyz Corporation,,jz@cognitionltd.com
77548886,deadAbandoned,DÉ,"Nov. 02, 2009","KHWARENAH ENTERTAINMENT, LLC",,realnizice@gmail.com
77548867,REQUEST_FAILED,,,,,
77548920,deadAbandoned,CUBANO FRIO,"Sep. 19, 2009",Carlos Lorenzo,,tmregistered@gmail.com
77548872,REQUEST_FAILED,,,,,
77548879,REQUEST_FAILED,,,,,
77548933,deadAbandoned,SURF BEAT,"Nov. 16, 2009","Anzalone, Jon K",,anzadesign@cox.net
77548955,deadAbandoned,THE MAZE,"Jun. 02, 2009",Jeremy R Winterrowd,,djjeremy@gmail.com
77548915,REQUEST_FAILED,,,,,
77548927,REQUEST_FAILED,,,,,
77548937,REQUEST_FAILED,,,,,
77548982,deadAbandoned,VISIT,"Oct. 31, 2009","Vindheim, Martin",,martin@vindheim.com
77548947,REQUEST_FAILED,,,,,
77548957,REQUEST_FAILED,,,,,
77548985,REQUEST_FAILED,,,,,
77549020,REQUEST_FAILED,,,,,
77549081,REQUEST_FAILED,,,,,
77549085,REQUEST_FAILED,,,,,
77549089,REQUEST_FAILED,,,,,
77549108,REQUEST_FAILED,,,,,
77549166,REQUEST_FAILED,,,,,
77549169,REQUEST_FAILED,,,,,
77549184,REQUEST_FAILED,,,,,
77549172,REQUEST_FAILED,,,,,
77549203,deadAbandoned,PAPERLESS JOY,"May 27, 2009",Digital Life Artist Inc,,info@digitallifeartist.com
77549288,deadAbandoned,ZHENSPA,"Nov. 10, 2009","MIYAKO GROUP, LLC",,zhenspa@gmail.com
77549221,REQUEST_FAILED,,,,,
77549256,REQUEST_FAILED,,,,,
77549281,REQUEST_FAILED,,,,,
77549336,deadAbandoned,LAYER 7 ACL,"Jun. 02, 2009","Rohati Systems, Inc.",,
77549323,REQUEST_FAILED,,,,,
77549337,REQUEST_FAILED,,,,,
77549376,deadAbandoned,MADE EZ,"Jun. 04, 2009",Bibb Corporation,,judsonbibb@gmail.com
77549347,REQUEST_FAILED,,,,,
77549342,REQUEST_FAILED,,,,,
77549397,REQUEST_FAILED,,,,,
77549514,deadAbandoned,ANNABELLE FOODS,"Jun. 02, 2009",Annabelle Foods LLC,,rfilips@hartel.net
77549436,REQUEST_FAILED,,,,,
77549450,REQUEST_FAILED,,,,,
77549480,REQUEST_FAILED,,,,,
77549515,REQUEST_FAILED,,,,,
77549664,REQUEST_FAILED,,,,,
77549677,REQUEST_FAILED,,,,,
77549811,REQUEST_FAILED,,,,,
77549820,REQUEST_FAILED,,,,,
77549835,REQUEST_FAILED,,,,,
77549845,REQUEST_FAILED,,,,,
77549898,REQUEST_FAILED,,,,,
77549945,REQUEST_FAILED,,,,,
77550008,deadAbandoned,RAYBONE,"Nov. 02, 2009","Glisson, John W",,jglisson@ec.rr.com
77550003,REQUEST_FAILED,,,,,
77550011,REQUEST_FAILED,,,,,
77550014,REQUEST_FAILED,,,,,
77550012,REQUEST_FAILED,,,,,
77550050,deadAbandoned,HARLEYDAVIDSONBABY,"Jun. 04, 2009","Flax, Gary",,info@jeepbaby.co.za
77550023,REQUEST_FAILED,,,,,
77550042,deadAbandoned,LISTEN! PLAY! WIN!,"Nov. 09, 2009",Imagination Holdings Pty ltd,,hostmaster@imagination.com.au
77550049,deadAbandoned,HARLEYBABY,"Jun. 04, 2009","Flax, Gary",,info@jeepbaby.co.za
77550048,REQUEST_FAILED,,,,,
77550059,REQUEST_FAILED,,,,,
77550060,REQUEST_FAILED,,,,,
77550112,REQUEST_FAILED,,,,,
77550126,REQUEST_FAILED,,,,,
77550139,REQUEST_FAILED,,,,,
77550179,REQUEST_FAILED,,,,,
77550270,REQUEST_FAILED,,,,,
77550332,deadAbandoned,ECOFAWCET,"Aug. 27, 2009","Black Pearl Industries, LLC",,
77550296,REQUEST_FAILED,,,,,
77550316,REQUEST_FAILED,,,,,
77550351,REQUEST_FAILED,,,,,
77550388,REQUEST_FAILED,,,,,
77550398,REQUEST_FAILED,,,,,
77550479,REQUEST_FAILED,,,,,
77550493,REQUEST_FAILED,,,,,
77550603,deadAbandoned,X37,"Jun. 02, 2009",Nutramerica Corporation,,phirtes@optonline.net
77550520,REQUEST_FAILED,,,,,
77550579,REQUEST_FAILED,,,,,
77550809,deadAbandoned,HILLARY NETWORK USA HELPING HILLARY ADVANCE AMERICA,"Mar. 16, 2009","Rashid, Ahmir A",,ahmir.rashid@gmail.com
77550711,REQUEST_FAILED,,,,,
77550723,REQUEST_FAILED,,,,,
77550873,REQUEST_FAILED,,,,,
77550925,deadAbandoned,LIQUOR 4 LESS,"Jun. 05, 2009",QW Inc.,,aschwartz@qbc-law.com
77550876,REQUEST_FAILED,,,,,
77550926,REQUEST_FAILED,,,,,
77550950,REQUEST_FAILED,,,,,
77550972,REQUEST_FAILED,,,,,
77551002,REQUEST_FAILED,,,,,
77551013,REQUEST_FAILED,,,,,
77551072,deadAbandoned,NIGHT REAPER,"Nov. 09, 2009",Polarion-USA LLC,,ken@polarion-usa.com
77551026,REQUEST_FAILED,,,,,
77551076,deadAbandoned,BENDER,"Jun. 02, 2009",Vernon Machine Corp.,,mpotter@benderus.com
77551047,REQUEST_FAILED,,,,,
77551068,REQUEST_FAILED,,,,,
77551109,deadAbandoned,POWER HOOKAH,"Jun. 03, 2009",Kannel Management LLC,,info@electrichookah.net
77551074,REQUEST_FAILED,,,,,
77551078,REQUEST_FAILED,,,,,
77551108,deadAbandoned,SEQUOIASOFT,"Nov. 09, 2009",SOFTBOOKING sarl,,patrice@guyot.fr
77551094,REQUEST_FAILED,,,,,
77551141,REQUEST_FAILED,,,,,
77551146,REQUEST_FAILED,,,,,
77551149,REQUEST_FAILED,,,,,
77551224,deadAbandoned,THE LUCHA NARRATIVE,"Jun. 03, 2009",The Lucha Narrative LLC,,sarahjsung@gmail.com
77551204,REQUEST_FAILED,,,,,
77551209,REQUEST_FAILED,,,,,
77551285,REQUEST_FAILED,,,,,
77551286,REQUEST_FAILED,,,,,
77551316,deadAbandoned,LEO MESSI - GOAL!,"May 19, 2009","Artificial Life, Inc.",,i.setzepfandt@artificial-life.com
77551301,REQUEST_FAILED,,,,,
77551340,deadAbandoned,FLATWORLD,"May 22, 2009",FLATWORLD SOLUTIONS INC,,SSKOHLICPA@MSN.COM
77551315,REQUEST_FAILED,,,,,
77551375,REQUEST_FAILED,,,,,
77551389,REQUEST_FAILED,,,,,
77551450,deadAbandoned,PURITEC,"Oct. 02, 2009",The Water Team Inc.,,mariaw@puritec.com
77551447,REQUEST_FAILED,,,,,
77551510,REQUEST_FAILED,,,,,
77551552,REQUEST_FAILED,,,,,
77551663,REQUEST_FAILED,,,,,
77551706,REQUEST_FAILED,,,,,
77551828,deadAbandoned,MISSING LINK,"Dec. 24, 2009","Black Star Industries, LLC",,
77551841,REQUEST_FAILED,,,,,
77551950,deadAbandoned,CARIBCASH,"Oct. 26, 2009","warde,Jermaine I",,jermainewarde@yahoo.com
77551958,deadAbandoned,OFFICIAL BOO RAG,"Jun. 02, 2009","Pulley, John R",,bmcconsultingintl@gmail.com
77551885,REQUEST_FAILED,,,,,
77551899,REQUEST_FAILED,,,,,
77552013,deadAbandoned,D AND J ENTERPRISES LLC,"Jun. 11, 2009","Shelkey, Dominick",,asuredconstruction@ymail.com
77552021,REQUEST_FAILED,,,,,
77552028,REQUEST_FAILED,,,,,
77552034,REQUEST_FAILED,,,,,
77552056,REQUEST_FAILED,,,,,
77552062,REQUEST_FAILED,,,,,
77552076,REQUEST_FAILED,,,,,
77552077,REQUEST_FAILED,,,,,
77552078,REQUEST_FAILED,,,,,
77552083,REQUEST_FAILED,,,,,
77552100,deadAbandoned,THE PROTEIN COOKIE,"Jun. 09, 2009","Schwartz, Justine",,justine@theproteinbakery.co.nz
77552146,deadAbandoned,7E SCIENCE FOR WEIGHT & STRESS MANAGEMENT,"Jun. 04, 2009",7E LLC,,pooja.johari@7ellc.com
77552170,REQUEST_FAILED,,,,,
77552272,REQUEST_FAILED,,,,,
77552274,REQUEST_FAILED,,,,,
77552277,REQUEST_FAILED,,,,,
77552300,REQUEST_FAILED,,,,,
77552310,REQUEST_FAILED,,,,,
77552396,REQUEST_FAILED,,,,,
77552464,deadAbandoned,BURNER,"Nov. 09, 2009",Scott Burwell,,
77552421,REQUEST_FAILED,,,,,
77552434,REQUEST_FAILED,,,,,
77552457,REQUEST_FAILED,,,,,
77552480,REQUEST_FAILED,,,,,
77552546,deadAbandoned,PURELAND SUPPLY,"Jun. 10, 2009","Felter, Jon T.",,sales@purelandsupply.com
77552482,REQUEST_FAILED,,,,,
77552534,REQUEST_FAILED,,,,,
77552730,deadAbandoned,THIS IS ENERGY,"Nov. 05, 2009",Energy Enterprises,,thisisenergy@yahoo.com
77552556,REQUEST_FAILED,,,,,
77552568,REQUEST_FAILED,,,,,
77552569,REQUEST_FAILED,,,,,
77552595,REQUEST_FAILED,,,,,
77552753,REQUEST_FAILED,,,,,
77552767,REQUEST_FAILED,,,,,
77552794,REQUEST_FAILED,,,,,
77552823,REQUEST_FAILED,,,,,
77552977,REQUEST_FAILED,,,,,
77552981,REQUEST_FAILED,,,,,
77553024,REQUEST_FAILED,,,,,
77553043,REQUEST_FAILED,,,,,
77553058,REQUEST_FAILED,,,,,
77553060,REQUEST_FAILED,,,,,
77553076,REQUEST_FAILED,,,,,
77553110,REQUEST_FAILED,,,,,
77553114,REQUEST_FAILED,,,,,
77553200,deadAbandoned,MULTI-MATE,"Jun. 10, 2009",MULTIMATE LIMITED,,dejan.petrovic@multi-mate.com
77553295,deadAbandoned,REFLECTIONS TRIBUTE VIDEO,"Nov. 19, 2009",Share Memories LLC,,kjackson@kmjlawfirm.com
77553176,REQUEST_FAILED,,,,,
77553211,REQUEST_FAILED,,,,,
77553261,REQUEST_FAILED,,,,,
77553293,REQUEST_FAILED,,,,,
77553324,REQUEST_FAILED,,,,,
77553321,REQUEST_FAILED,,,,,
77553342,REQUEST_FAILED,,,,,
77553349,REQUEST_FAILED,,,,,
77553367,REQUEST_FAILED,,,,,
77553457,REQUEST_FAILED,,,,,
77553485,REQUEST_FAILED,,,,,
77553472,REQUEST_FAILED,,,,,
77553560,deadAbandoned,GEOBIE,"Nov. 02, 2009","Baxter, Brent A.",,brentbaxterocg@yahoo.com
77553509,REQUEST_FAILED,,,,,
77553534,REQUEST_FAILED,,,,,
77553718,deadAbandoned,FUN FERRET,"Apr. 15, 2009",Fish Peter,,peterfishos@hotmail.com
77553785,deadAbandoned,None,"May 21, 2009",Bank of Prairie village,,dan.bolen@bankofprairievillage.com
77553737,REQUEST_FAILED,,,,,
77553849,deadAbandoned,BEE GREEN,"Jun. 10, 2009","Fitch, Lura H.",,fitchbeelyne@gmail.com
77553796,deadAbandoned,QWERTY HERO,"Jun. 03, 2009","DeCheser, Michael R",,mrd@ivpnewmedia.com
77553948,deadAbandoned,THE NEW YORK CLOWN THEATRE FESTIVAL,"Jun. 10, 2009",Devon H. Ludlow,,devon@devonludlow.com
77553896,REQUEST_FAILED,,,,,
77553895,REQUEST_FAILED,,,,,
77553868,REQUEST_FAILED,,,,,
77554038,deadAbandoned,MORTGAGE AUTOPSY,"Nov. 16, 2009","RE TECH GROUP, LLC",,
77554025,REQUEST_FAILED,,,,,
77554012,REQUEST_FAILED,,,,,
77554016,REQUEST_FAILED,,,,,
77554075,deadAbandoned,JIVA,"Jun. 05, 2009","Essence of Life, LLC",,
77554059,REQUEST_FAILED,,,,,
77554098,deadAbandoned,CLIENT CARE DIRECTOR,"Jun. 10, 2009","MJL Advisors, Inc.",,rich@mjladvisors.com
77554082,REQUEST_FAILED,,,,,
77554111,REQUEST_FAILED,,,,,
77554150,deadAbandoned,DOT QUANTUM QUANTUM DOT,"Nov. 09, 2009",ORMUS INSTITUTE OF NATURAL SCIENCE & METAPHYSICS LLC,,ormus.dna@mac.com
77554153,deadAbandoned,MOONSHOT SOLUTIONS,"Nov. 16, 2009",Stephen Raye,,SteveRaye@msn.com
77554126,REQUEST_FAILED,,,,,
77554132,REQUEST_FAILED,,,,,
77554165,deadAbandoned,DOT QUANTUM QUANTUM DOT,"Nov. 09, 2009",ORMUS INSTITUTE OF NATURAL SCIENCE & METAPHYSICS LLC,,ormus.dna@mac.com
77554178,REQUEST_FAILED,,,,,
77554166,REQUEST_FAILED,,,,,
77554195,REQUEST_FAILED,,,,,
77554225,deadAbandoned,"I DON'T NEED IT YOU CAN HAVE IT.COM ""IS THE ONLY WEBSITE WITH A SOUL""","Jun. 04, 2009",MeKofi,,malibukofi@aol.com
77554227,deadAbandoned,THE ONLY WEBSITE WITH A SOUL,"Jun. 04, 2009",MeKofi,,malibukofi@aol.com
77554213,REQUEST_FAILED,,,,,
77554201,REQUEST_FAILED,,,,,
77554219,REQUEST_FAILED,,,,,
77554230,REQUEST_FAILED,,,,,
77554292,deadAbandoned,THE OPEN HOUSE CHANNEL,"Jun. 11, 2009","HALL, MARTIN",,MSHFT@AOL.COM
77554244,REQUEST_FAILED,,,,,
77554243,REQUEST_FAILED,,,,,
77554310,deadAbandoned,GLOBAL GANGSTERS,"Jun. 15, 2009","Allen, Mitchell D.",,globalgangsters@yahoo.com
77554320,deadAbandoned,LA MAISON COUTURE,"Jun. 11, 2009","McNab, Tania LB",,taniamcnab@lamaisoncouture.com
77554298,REQUEST_FAILED,,,,,
77554357,deadAbandoned,THEMOCHIFACTORY,"Jun. 04, 2009","MOCHI FACTORY, INC.",,tmregistered@gmail.com
77554338,REQUEST_FAILED,,,,,
77554375,deadAbandoned,DGS,"Nov. 02, 2009",U.S.A. Hongqinting Group Corp.,,tmregistered@gmail.com
77554366,deadAbandoned,CYBERSUTRA,"Nov. 16, 2009","Binder, Scott",,scott@djscottbinder.com
77554362,REQUEST_FAILED,,,,,
77554367,REQUEST_FAILED,,,,,
77554376,REQUEST_FAILED,,,,,
77554468,deadAbandoned,CLEAR MIND | PURE POWER,"Jun. 04, 2009","Stearns, Brian R",,brian.stearns@vt360.com
77554470,deadAbandoned,HUMAN CAPITAL AUDIT,"Oct. 20, 2009",Secet LLC,,msmalaure@aol.com
77554477,deadAbandoned,INTELLECTUAL CAPITAL AUDIT,"Oct. 20, 2009",Secet LLC,,msmalaure@aol.com
77554408,REQUEST_FAILED,,,,,
77554446,REQUEST_FAILED,,,,,
77554480,REQUEST_FAILED,,,,,
77554486,REQUEST_FAILED,,,,,
77554592,deadAbandoned,PREMIER HARVEST,"Apr. 21, 2009",Rosemont Farms Corporation,,Rebecca.Burnworth@Rosemontfarms.com
77554529,REQUEST_FAILED,,,,,
77554552,REQUEST_FAILED,,,,,
77554668,deadAbandoned,RIPOSTETREX,"Dec. 22, 2009",Escher Group Ltd,,farizah.tokiman@eschergroup.com
77554619,REQUEST_FAILED,,,,,
77554631,REQUEST_FAILED,,,,,
77554641,REQUEST_FAILED,,,,,
77554671,REQUEST_FAILED,,,,,
77554695,REQUEST_FAILED,,,,,
77554742,REQUEST_FAILED,,,,,
77554746,REQUEST_FAILED,,,,,
77554804,REQUEST_FAILED,,,,,
77554778,REQUEST_FAILED,,,,,
77554831,REQUEST_FAILED,,,,,
77554842,REQUEST_FAILED,,,,,
77554840,REQUEST_FAILED,,,,,
77554870,REQUEST_FAILED,,,,,
77554871,REQUEST_FAILED,,,,,
77554913,REQUEST_FAILED,,,,,
77554934,REQUEST_FAILED,,,,,
77554948,REQUEST_FAILED,,,,,
77555016,REQUEST_FAILED,,,,,
77555062,REQUEST_FAILED,,,,,
77555185,deadAbandoned,GLACIER BAY,"Mar. 27, 2009","Homer TLC, Inc.",,trade_marks@homedepot.com
77555110,REQUEST_FAILED,,,,,
77555144,REQUEST_FAILED,,,,,
77555175,REQUEST_FAILED,,,,,
77555262,deadAbandoned,MY COOL SCHOOL SUPPLIES,"Jun. 10, 2009",Cool Corp,,coolschoolsupplies@prodigy.net
77555252,deadAbandoned,247 CUBICLES,"Jun. 10, 2009","Clement, Francois R",,frclement@comcast.net
77555221,REQUEST_FAILED,,,,,
77555222,REQUEST_FAILED,,,,,
77555243,REQUEST_FAILED,,,,,
77555274,REQUEST_FAILED,,,,,
77555276,REQUEST_FAILED,,,,,
77555320,REQUEST_FAILED,,,,,
77555322,REQUEST_FAILED,,,,,
77555410,deadAbandoned,CHARLIE HORSE RECORDS,"Mar. 28, 2009","SPEKIS, BRIAN D",,SATINGUM@GMAIL.COM
77555422,deadAbandoned,WORRIED OR PANICKED ABOUT YOUR BUSINESS? STOP WORRYING. GET SEDATED. SEDATE STATE,"Sep. 08, 2009","McNeil, Romella J.",,interaction@sedate-state.com
77555373,REQUEST_FAILED,,,,,
77555387,REQUEST_FAILED,,,,,
77555433,deadAbandoned,COUNTRY LOVE,"Nov. 09, 2009",Marie Benaroch,,
77555419,REQUEST_FAILED,,,,,
77555421,REQUEST_FAILED,,,,,
77555439,REQUEST_FAILED,,,,,
77555447,REQUEST_FAILED,,,,,
77555508,deadAbandoned,OURS,"Jun. 05, 2009",Dong Hui,,
77555470,REQUEST_FAILED,,,,,
77555478,REQUEST_FAILED,,,,,
77555721,deadAbandoned,WORLD CHAMPIONSHIP MUTTON BUSTIN' A TOMMY G. PRODUCTION,"Jun. 09, 2009","Tommy G Productions, LLC",,tommygproductions@comcast.net
77555485,REQUEST_FAILED,,,,,
77555590,REQUEST_FAILED,,,,,
77555673,REQUEST_FAILED,,,,,
77555692,REQUEST_FAILED,,,,,
77555765,REQUEST_FAILED,,,,,
77555821,REQUEST_FAILED,,,,,
77555951,deadAbandoned,YSPOON NATURAL FOODS,"Jun. 12, 2009","Mong, Max H",,max.mong@gmail.com
77555777,REQUEST_FAILED,,,,,
77555965,REQUEST_FAILED,,,,,
77556083,deadAbandoned,THE ULTIMATE TREASURE HUNT,"Jun. 08, 2009",Forgotten Treasures International Inc.,,onshore2003@yahoo.com
77556067,REQUEST_FAILED,,,,,
77556069,REQUEST_FAILED,,,,,
77556070,REQUEST_FAILED,,,,,
77556080,REQUEST_FAILED,,,,,
77556133,deadAbandoned,NETWORK PROFILER,"Jun. 12, 2009","Upwardly Mobile, Inc.",,promise@upmo.com
77556078,REQUEST_FAILED,,,,,
77556150,deadAbandoned,GATOR RACK,"Nov. 16, 2009",V-Bro Products LLC,,
77556141,REQUEST_FAILED,,,,,
77556240,REQUEST_FAILED,,,,,
77556275,REQUEST_FAILED,,,,,
77556279,REQUEST_FAILED,,,,,
77556317,deadAbandoned,B SOLID,"Oct. 05, 2009","Solid People, LLC",,bschildt1@gmail.com
77556288,REQUEST_FAILED,,,,,
77556289,REQUEST_FAILED,,,,,
77556394,deadAbandoned,HERBAVORE,"Nov. 16, 2009","Johnson, Aaron Thomas",,buckie26@gmail.com
77556358,REQUEST_FAILED,,,,,
77556361,REQUEST_FAILED,,,,,
77556372,REQUEST_FAILED,,,,,
77556409,REQUEST_FAILED,,,,,
77556412,REQUEST_FAILED,,,,,
77556436,REQUEST_FAILED,,,,,
77556514,REQUEST_FAILED,,,,,
77556614,REQUEST_FAILED,,,,,
77556728,REQUEST_FAILED,,,,,
77556755,REQUEST_FAILED,,,,,
77556788,deadAbandoned,ULTRAFUTURE,"Dec. 28, 2009",UltraFuture World Limited,,
77556767,REQUEST_FAILED,,,,,
77556775,REQUEST_FAILED,,,,,
77556845,deadAbandoned,YOGICUBS,"Jun. 17, 2009","Yogicubs, Inc.",,
77556867,deadAbandoned,YOGICUBS FITNESS FUN FOR YOU & YOUR LITTLE ONE,"Jun. 17, 2009","Yogicubs, Inc.",,
77556793,REQUEST_FAILED,,,,,
77556878,deadAbandoned,NAVARRA VENTURE CAPITAL PRIVATE EQUITY INVESTMENT BANKING,"Oct. 17, 2009","RODRIGUEZ BEDOYA, JORGE",,jrodriguez@navarracapital.com
77556795,REQUEST_FAILED,,,,,
77556808,REQUEST_FAILED,,,,,
77556821,REQUEST_FAILED,,,,,
77557002,deadAbandoned,ROCKY MOUNTAIN JUNIOR GOLF TOUR,"Jun. 12, 2009",Tracy Cologne,,
77556862,REQUEST_FAILED,,,,,
77556939,REQUEST_FAILED,,,,,
77557109,REQUEST_FAILED,,,,,
77557082,REQUEST_FAILED,,,,,
77557243,deadAbandoned,BVIRAL,"Jun. 06, 2009",Marketing With Cents LLC,,alberto@bviral.com
77557183,REQUEST_FAILED,,,,,
77557258,REQUEST_FAILED,,,,,
77557262,REQUEST_FAILED,,,,,
77557287,REQUEST_FAILED,,,,,
77557307,REQUEST_FAILED,,,,,
77557327,REQUEST_FAILED,,,,,
77557358,REQUEST_FAILED,,,,,
77557405,REQUEST_FAILED,,,,,
77557422,REQUEST_FAILED,,,,,
77557515,deadAbandoned,UNTOUCHABLE APPAREL EST. 2008 UNTOUCHABLE,"Dec. 07, 2009","Johnson, Josh, S",,UntouchableBoxing@live.com
77557457,REQUEST_FAILED,,,,,
77557534,deadAbandoned,WARREN BUFFETT,"Jun. 09, 2009",BUFFETT INVESTMENT LIMITED,,ip@ableconsultancy.com
77557526,deadAbandoned,TRACKSCREENS,"Jun. 11, 2009",Track Media Group LLC,,derdos@netpromktg.com
77557536,deadAbandoned,MANTEL BLANCO,"Aug. 17, 2009","ÁLVAREZ Y DIEZ, SA.",,a.ruiz@alvarezydiez.com
77557491,REQUEST_FAILED,,,,,
77557557,deadAbandoned,BIG MAMA'S PEAR PRESERVES,"Jun. 08, 2009","Robinson, Derek J.",,bayounupe@sbcglobal.net
77557499,REQUEST_FAILED,,,,,
77557512,REQUEST_FAILED,,,,,
77557567,deadAbandoned,EFG ENVIRONMENTALLY FRIENDLY GAME,"Nov. 30, 2009",Winning Moves Inc.,,pecci@winning-moves.com
77557564,REQUEST_FAILED,,,,,
77557608,REQUEST_FAILED,,,,,
77557643,REQUEST_FAILED,,,,,
77557656,REQUEST_FAILED,,,,,
77557671,REQUEST_FAILED,,,,,
77557662,REQUEST_FAILED,,,,,
77557708,REQUEST_FAILED,,,,,
77557751,deadAbandoned,ARTCHITEQ,"May 20, 2009",Artchiteq,,rhblanchfield@artchiteq.com
77557741,REQUEST_FAILED,,,,,
77557792,deadAbandoned,POKI TACO,"Jun. 07, 2009",Nick Pugh Inc,,nick@nickpugh.com
77557758,REQUEST_FAILED,,,,,
77557768,REQUEST_FAILED,,,,,
77557909,deadAbandoned,"HALF OFF TRAVEL, LLC","Jun. 18, 2009","Half Off Travel, LLC",,HalfOffTravel@yahoo.com
77557803,REQUEST_FAILED,,,,,
77557828,REQUEST_FAILED,,,,,
77557851,REQUEST_FAILED,,,,,
77557870,REQUEST_FAILED,,,,,
77557918,REQUEST_FAILED,,,,,
77558019,deadAbandoned,THE ADAPTIK METHOD,"Apr. 06, 2009",Adaptik Corporation,,mersoy@adaptik.com
77557929,REQUEST_FAILED,,,,,
77557952,REQUEST_FAILED,,,,,
77558018,REQUEST_FAILED,,,,,
77558029,REQUEST_FAILED,,,,,
77558030,REQUEST_FAILED,,,,,
77558083,REQUEST_FAILED,,,,,
77558269,deadAbandoned,FITIZEN FITIZEN,"Jun. 08, 2009","Alas, Ian",,ian@fitizen.com
77558153,REQUEST_FAILED,,,,,
77558248,REQUEST_FAILED,,,,,
77558382,deadAbandoned,JULIAN FURY,"Jun. 11, 2009",Julian Lacey,,
77558320,REQUEST_FAILED,,,,,
77558432,deadAbandoned,ANGRY QAMBA,"Jun. 11, 2009","Campbell, Seth",,info@angryqamba.com
77558328,REQUEST_FAILED,,,,,
77558423,deadAbandoned,HUNT FOR THE CURE,"Oct. 19, 2009",Hunt for the Cure Foundation,,onshore2003@yahoo.com
77558376,REQUEST_FAILED,,,,,
77558419,REQUEST_FAILED,,,,,
77558449,REQUEST_FAILED,,,,,
77558459,REQUEST_FAILED,,,,,
77558454,REQUEST_FAILED,,,,,
77558465,REQUEST_FAILED,,,,,
77558469,REQUEST_FAILED,,,,,
77558477,REQUEST_FAILED,,,,,
77558495,REQUEST_FAILED,,,,,
77558520,deadAbandoned,UNI FORTUNE,"Jun. 08, 2009","GUANGDONG CAIPO TOYS INDUSTRIAL CO.,LTD.",,zhanghonglu@inipa.com
77558505,REQUEST_FAILED,,,,,
77558549,deadAbandoned,TUMAX,"Jun. 17, 2009",ICORP ENTERPRISES LTD.,,timlo@icorpandtumax.com
77558523,REQUEST_FAILED,,,,,
77558545,REQUEST_FAILED,,,,,
77558552,REQUEST_FAILED,,,,,
77558576,REQUEST_FAILED,,,,,
77558733,deadAbandoned,CHARLES CHIPS,"Apr. 29, 2009",CGE Enterprises LLC,,jhastings@vermontcountrystore.com
77558584,REQUEST_FAILED,,,,,
77558735,deadAbandoned,MINUTOS HONESTOS,"Jun. 11, 2009",LUNEX TELECOM INC,,jtran@lunextelecom.com
77558634,REQUEST_FAILED,,,,,
77558726,REQUEST_FAILED,,,,,
77558723,REQUEST_FAILED,,,,,
77558774,REQUEST_FAILED,,,,,
77558825,REQUEST_FAILED,,,,,
77558827,REQUEST_FAILED,,,,,
77558836,REQUEST_FAILED,,,,,
77558843,REQUEST_FAILED,,,,,
77558918,deadAbandoned,JEANS ANY LENGTH ANY TIME,"Jun. 17, 2009","Weidner, Erika",,erikalweidner@yahoo.com
77558873,REQUEST_FAILED,,,,,
77558906,REQUEST_FAILED,,,,,
77558930,REQUEST_FAILED,,,,,
77559004,REQUEST_FAILED,,,,,
77559038,deadAbandoned,MAGNETISM,"Jun. 10, 2009","Torrent, Inc.",,
77559016,REQUEST_FAILED,,,,,
77559048,REQUEST_FAILED,,,,,
77559189,REQUEST_FAILED,,,,,
77559437,deadAbandoned,SHUTTER SISTERS,"Aug. 28, 2009","Compson, KrisAnna",,kanteater@gmail.com
77559457,deadAbandoned,DUB9,"Jun. 10, 2009","Jones, Jonathan D",,Dub9jj@yahoo.com
77559356,REQUEST_FAILED,,,,,
77559363,REQUEST_FAILED,,,,,
77559480,REQUEST_FAILED,,,,,
77559508,REQUEST_FAILED,,,,,
77559545,REQUEST_FAILED,,,,,
77559595,deadAbandoned,TWO STAR CLOTHING,"Jun. 16, 2009","Hilgendorf, Stephen Paul",,ropegun009@hotmail.com
77559566,deadAbandoned,VTRUE,"Jun. 12, 2009","Advanced Nutrient Systems, LLC",,peter.crane@gmail.com
77559596,deadAbandoned,BHGAHPIIFBTDTU,"Dec. 07, 2009","Williams,James Alvin",,jwilliams0012@yahoo.com
77559575,REQUEST_FAILED,,,,,
77559576,REQUEST_FAILED,,,,,
77559589,REQUEST_FAILED,,,,,
77559601,REQUEST_FAILED,,,,,
77559625,REQUEST_FAILED,,,,,
77559637,REQUEST_FAILED,,,,,
77559653,deadAbandoned,SOLFLOWER,"Jun. 08, 2009",SOLFLOWER,,mailraystuff@gmail.com
77559642,REQUEST_FAILED,,,,,
77559648,REQUEST_FAILED,,,,,
77559700,deadAbandoned,ADPREMO,"Dec. 09, 2009",Ads-Click SA,,christopher.wagner@ads-click.com
77559678,REQUEST_FAILED,,,,,
77559685,REQUEST_FAILED,,,,,
77559726,deadAbandoned,ET,"Sep. 09, 2009","Chan, Mei Ling",,sales@eagletac.com
77559712,REQUEST_FAILED,,,,,
77559714,REQUEST_FAILED,,,,,
77559746,deadAbandoned,ONE MAN ONE MESSAGE,"Dec. 28, 2009",One Man One Message,,admin@onemanonemessage.org
77559762,deadAbandoned,KEYSTONE PARANORMAL,"Jun. 11, 2009",Keystone Paranormal,,keystoneparanormal@keystoneparanormal.com
77559727,REQUEST_FAILED,,,,,
77559755,deadAbandoned,CLEVERTEST,"Jun. 11, 2009",Visbel Technologies Inc.,,mshah@visbel.com
77559742,REQUEST_FAILED,,,,,
77559753,REQUEST_FAILED,,,,,
77559786,deadAbandoned,DEEP SOUL,"Nov. 23, 2009","Rosenberg, Steven Eric",,stvnrsnbrg@hotmail.com
77559756,REQUEST_FAILED,,,,,
77559770,REQUEST_FAILED,,,,,
77559801,REQUEST_FAILED,,,,,
77559847,deadAbandoned,THE WRONG GAME,"Nov. 09, 2009",IMAGINATION HOLDINGS PTY LTD,,hostmaster@imagination.com.au
77559808,REQUEST_FAILED,,,,,
77559829,REQUEST_FAILED,,,,,
77559853,deadAbandoned,E PRESS,"Jun. 10, 2009","SHANGHAI HVLOVE FASHION JEWELRY & ACCESSORIES CO.,LTD.",,zhanghonglu@inipa.com
77559875,deadAbandoned,SPIRITUS,"Jun. 15, 2009",DISTILLERIE LES FILS D'EMILE PERNOT SODEX,,distillerie-emile-pernot@wanadoo.fr
77559852,REQUEST_FAILED,,,,,
77559859,REQUEST_FAILED,,,,,
77559861,REQUEST_FAILED,,,,,
77559964,deadAbandoned,THE GREENING OF MEXICO,"Jun. 10, 2009","Barbaro, Nicholas",,operations@lifebulb.com
77559976,REQUEST_FAILED,,,,,
77559987,REQUEST_FAILED,,,,,
77560071,deadAbandoned,SOLUTIONSMETHOD,"Dec. 15, 2009","Ferguson, Stephen Connelly",,sf712@blueyonder.co.uk
77560032,REQUEST_FAILED,,,,,
77560082,REQUEST_FAILED,,,,,
77560090,REQUEST_FAILED,,,,,
77560144,deadAbandoned,COLENBRANDER CARPETS,"Jun. 09, 2009","Mills, Richard A.",,info@colenbrandercarpets.com
77560095,REQUEST_FAILED,,,,,
77560108,REQUEST_FAILED,,,,,
77560142,REQUEST_FAILED,,,,,
77560207,deadAbandoned,BEST CURRY IN A HURRY,"Jun. 08, 2009",Khanna Inc,,khannainc@hotmail.com
77560170,REQUEST_FAILED,,,,,
77560180,REQUEST_FAILED,,,,,
77560185,REQUEST_FAILED,,,,,
77560220,REQUEST_FAILED,,,,,
77560375,deadAbandoned,WESTPORT TRADING,"Jun. 12, 2009",Westminster Ceramics,,edukes@westminsterceramics.com
77560248,REQUEST_FAILED,,,,,
77560355,REQUEST_FAILED,,,,,
77560369,REQUEST_FAILED,,,,,
77560691,deadAbandoned,WEBPALZ,"May 10, 2009","Squires, David M",,dave.squires@yahoo.com
77560524,REQUEST_FAILED,,,,,
77560567,REQUEST_FAILED,,,,,
77560624,REQUEST_FAILED,,,,,
77560791,deadAbandoned,SOFTBALL360,"Jun. 15, 2009","2seven Consulting, Inc.",,gschulte@2seven.net
77560716,REQUEST_FAILED,,,,,
77560838,deadAbandoned,FRAUD MART,"Jun. 09, 2009",Fraud Mart,,Ester@fraudmart.com
77560755,REQUEST_FAILED,,,,,
77560822,REQUEST_FAILED,,,,,
77560849,REQUEST_FAILED,,,,,
77560861,REQUEST_FAILED,,,,,
77560868,REQUEST_FAILED,,,,,
77560876,REQUEST_FAILED,,,,,
77560936,REQUEST_FAILED,,,,,
77560993,REQUEST_FAILED,,,,,
77561124,REQUEST_FAILED,,,,,
77561225,deadAbandoned,LE VIETTE WHEN INDULGENCES ARE OCCASIONAL THEY SHOULD BE EXCEPTIONAL,"Nov. 16, 2009","YU CHIN, LEE",,pipichin@hotmail.com
77561197,REQUEST_FAILED,,,,,
77561256,REQUEST_FAILED,,,,,
77561432,deadAbandoned,VIVAPURA,"Jun. 16, 2009","Cocopura, Inc.",,info@cocopura.com
77561273,REQUEST_FAILED,,,,,
77561320,REQUEST_FAILED,,,,,
77561361,REQUEST_FAILED,,,,,
77561468,REQUEST_FAILED,,,,,
77561521,REQUEST_FAILED,,,,,
77561522,REQUEST_FAILED,,,,,
77561635,deadAbandoned,WRIST SAVER KNIFE,"Dec. 21, 2009","Hayes, Brian, William",,sdrshn@hotmail.com
77561556,REQUEST_FAILED,,,,,
77561591,REQUEST_FAILED,,,,,
77561615,REQUEST_FAILED,,,,,
77561700,REQUEST_FAILED,,,,,
77561751,REQUEST_FAILED,,,,,
77561793,REQUEST_FAILED,,,,,
77561813,REQUEST_FAILED,,,,,
77561814,REQUEST_FAILED,,,,,
77561816,REQUEST_FAILED,,,,,
77561822,REQUEST_FAILED,,,,,
77561893,deadAbandoned,NANOMAP,"Jun. 11, 2009",AEP Technology,,lisa_liu@aeptechnology.com
77561914,deadAbandoned,FAMILY FEST,"Nov. 16, 2009",Ubisoft Entertainment,,
77561887,REQUEST_FAILED,,,,,
77561941,deadAbandoned,TATTOO CARE,"Jun. 11, 2009",The Hemp Company Ltd,,shirley@thehempcompany.co.uk
77561919,REQUEST_FAILED,,,,,
77562027,REQUEST_FAILED,,,,,
77562006,REQUEST_FAILED,,,,,
77562082,REQUEST_FAILED,,,,,
77562162,deadAbandoned,NATIONAL FESTIVAL OF BREADS,"Jun. 10, 2009",Kansas Wheat Commission,,aharries@kswheat.com
77562103,REQUEST_FAILED,,,,,
77562093,REQUEST_FAILED,,,,,
77562132,REQUEST_FAILED,,,,,
77562156,REQUEST_FAILED,,,,,
77562164,REQUEST_FAILED,,,,,
77562163,REQUEST_FAILED,,,,,
77562169,REQUEST_FAILED,,,,,
77562197,REQUEST_FAILED,,,,,
77562259,REQUEST_FAILED,,,,,
77562263,REQUEST_FAILED,,,,,
77562270,REQUEST_FAILED,,,,,
77562278,REQUEST_FAILED,,,,,
77562295,REQUEST_FAILED,,,,,
77562314,REQUEST_FAILED,,,,,
77562485,deadAbandoned,THE BANKING PRESS,"Sep. 24, 2009",Tidona Comunicazione s.r.l.,,sandra.galletti@tidonacomunicazione.com
77562492,REQUEST_FAILED,,,,,
77562502,REQUEST_FAILED,,,,,
77562519,REQUEST_FAILED,,,,,
77562531,REQUEST_FAILED,,,,,
77562578,REQUEST_FAILED,,,,,
77562634,REQUEST_FAILED,,,,,
77562691,REQUEST_FAILED,,,,,
77562803,deadAbandoned,RMG HD IPTV,"Jun. 10, 2009",Resort Media Group Inc.,,lillian@resortmediagroup.net
77562816,deadAbandoned,LOS PORTALES,"Oct. 23, 2009","CURIEL GAMIÑO, RAFAEL",,smarcas@prodigy.net.mx
77562759,REQUEST_FAILED,,,,,
77562762,REQUEST_FAILED,,,,,
77562842,deadAbandoned,ALUMNIK,"Nov. 16, 2009","Renkoo, Inc.",,ifindkarma@gmail.com
77562844,deadAbandoned,ALUMNIK,"Nov. 16, 2009","Renkoo, Inc.",,ifindkarma@gmail.com
77562814,REQUEST_FAILED,,,,,
77562846,REQUEST_FAILED,,,,,
77562854,REQUEST_FAILED,,,,,
77562970,deadAbandoned,ENVIRO FRAMING SYSTEMS,"Dec. 07, 2009",Enviro Framing Systems Pty Ltd,,
77562974,deadAbandoned,PATRIOT,"Jun. 15, 2009",Sutton Timothy Peter,,sutski123@gmail.com
77562972,deadAbandoned,DURAFLI,"Jun. 16, 2009",Sutton Timothy Peter,,sutski123@gmail.com
77562940,REQUEST_FAILED,,,,,
77562978,REQUEST_FAILED,,,,,
77562988,deadAbandoned,INDUSTRIALIZE ITSM,"Jun. 16, 2009",EIN LLC,,knaus@enterprise-networks.de
77563043,REQUEST_FAILED,,,,,
77563087,REQUEST_FAILED,,,,,
77563098,REQUEST_FAILED,,,,,
77563261,deadAbandoned,EFLYBOOK,"Jun. 11, 2009","3GC, LLC",,dennis@myairplane.com
77563100,REQUEST_FAILED,,,,,
77563103,REQUEST_FAILED,,,,,
77563336,REQUEST_FAILED,,,,,
77563476,deadAbandoned,Q-LEGAL.COM,"Jun. 18, 2009","QuickBills, Inc.",,cmoore@ppsilaw.com
77563430,REQUEST_FAILED,,,,,
77563536,deadAbandoned,"THE RETIREMENT GROUP, LLC","Jun. 11, 2009","Jastremski, John",,nancyj@carestat.org
77563458,REQUEST_FAILED,,,,,
77563534,deadAbandoned,1 ODD DUCK,"Jun. 11, 2009",1 Smart Duck Management Group LLC,,roi3434@aol.com
77563513,REQUEST_FAILED,,,,,
77563623,deadAbandoned,MONARCH RETIREMENT SERVICES,"Jun. 18, 2009","The Retirement Group, LLC",,nancyj@carestat.org
77563568,REQUEST_FAILED,,,,,
77563587,REQUEST_FAILED,,,,,
77563798,deadAbandoned,MONARCH RETIREMENT GROUP,"Jun. 18, 2009","The Retirement Group, LLC",,nancyj@carestat.org
77563924,deadAbandoned,IINNOVATORS,"Jun. 11, 2009","Baldy, David J.",,theconcealedcabinet@gmail.com
77563752,REQUEST_FAILED,,,,,
77563922,deadAbandoned,THE CONCEALED CABINET,"Jun. 19, 2009",David Julius Baldy,,theconcealedcabinet@gmail.com
77563835,REQUEST_FAILED,,,,,
77563857,REQUEST_FAILED,,,,,
77563976,deadAbandoned,NATURAL HARVEST,"Jun. 15, 2009",Pawel Marciniak,,pawel.marciniak@ipmfoods.com
77563925,REQUEST_FAILED,,,,,
77563960,REQUEST_FAILED,,,,,
77563994,deadAbandoned,LAWYER FINDER,"Jun. 15, 2009",Advantage Denton Inc,,blithemdjd@aol.com
77564011,deadAbandoned,NEVA SKED CLOTHING COMPANY,"Jun. 16, 2009",Westin Lee,,kaipo30@yahoo.com
77563983,REQUEST_FAILED,,,,,
77564008,REQUEST_FAILED,,,,,
77564037,deadAbandoned,DRIVE!,"Jun. 03, 2009",Inspirit EnterprisesLLC,,hans@inspirit-enterprises.com
77564013,REQUEST_FAILED,,,,,
77564054,deadAbandoned,COMSETRA,"Nov. 23, 2009",COMSETRA LLC,,sdoughty@batelco.com.bh
77564023,REQUEST_FAILED,,,,,
77564033,REQUEST_FAILED,,,,,
77564045,REQUEST_FAILED,,,,,
77564067,REQUEST_FAILED,,,,,
77564148,deadAbandoned,VIRTUAL24HOURFITNESS.COM,"Jun. 23, 2009",Joseph F. Thompson,,toroloco46@earthlink.net
77564098,REQUEST_FAILED,,,,,
77564180,deadAbandoned,None,"Mar. 12, 2009",Delta Security Company Group Limited,,ip@ableconsultancy.com
77564128,REQUEST_FAILED,,,,,
77564210,deadAbandoned,COGNITO MODE,"Feb. 25, 2009",Oxford Diagnostics Limited,,michael.oneill@btinternet.com
77564145,REQUEST_FAILED,,,,,
77564154,REQUEST_FAILED,,,,,
77564249,deadAbandoned,QRX,"Jun. 12, 2009","Interpharm, LLC",,
77564197,REQUEST_FAILED,,,,,
77564231,REQUEST_FAILED,,,,,
77564320,REQUEST_FAILED,,,,,
77564368,deadAbandoned,COLLEGE 101 WE'LL HELP SCHOOL YOU,"Jun. 19, 2009","Wurzbach, Tristin",,T_Wurz@hotmail.com
77564360,REQUEST_FAILED,,,,,
77564365,REQUEST_FAILED,,,,,
77564446,deadAbandoned,ILLUSIO,"Dec. 07, 2009",FUNFORGE,,philippe@funforge.fr
77564430,REQUEST_FAILED,,,,,
77564452,REQUEST_FAILED,,,,,
77564474,REQUEST_FAILED,,,,,
77564492,REQUEST_FAILED,,,,,
77564617,deadAbandoned,RADIO RED,"Jun. 12, 2009",COMUNICACIONES SAN MILLAN S.A. DE C.V.,,patentesymarcasdemexico@prodigy.net.mx
77564647,deadAbandoned,RADIO AMIGO,"Jun. 23, 2009",COMUNICACIONES SAN MILLAN S.A. DE C.V.,,patentesymarcasdemexico@prodigy.net.mx
77564600,REQUEST_FAILED,,,,,
77564583,REQUEST_FAILED,,,,,
77564777,deadAbandoned,PRATT VEGAS,"Jun. 23, 2009","Audie, Peter A",,prattpub@knology.net
77564639,REQUEST_FAILED,,,,,
77564669,REQUEST_FAILED,,,,,
77564782,REQUEST_FAILED,,,,,
77564927,deadAbandoned,CAJUN CRAPS,"Dec. 30, 2009",Jimmie D. Gore,,
77564863,REQUEST_FAILED,,,,,
77564908,REQUEST_FAILED,,,,,
77564920,REQUEST_FAILED,,,,,
77565017,deadAbandoned,GEAUX HARD,"Jun. 12, 2009",Kyle Hand,,kyle@handconstruction.com
77564953,REQUEST_FAILED,,,,,
77565015,REQUEST_FAILED,,,,,
77565059,REQUEST_FAILED,,,,,
77565074,REQUEST_FAILED,,,,,
77565112,deadAbandoned,FAIRMONT,"Oct. 22, 2009",HOME SOURCE INTERNATIONAL/TERRISOL CORP DIVISION OF HOME SOURCE INTERNATIONAL,,
77565104,REQUEST_FAILED,,,,,
77565120,REQUEST_FAILED,,,,,
77565215,deadAbandoned,HELP EACH OTHER,"Nov. 23, 2009","Help Each Other, Corporation",,tsontag@helpeachother.com
77565177,REQUEST_FAILED,,,,,
77565187,REQUEST_FAILED,,,,,
77565210,REQUEST_FAILED,,,,,
77565221,REQUEST_FAILED,,,,,
77565233,REQUEST_FAILED,,,,,
77565271,REQUEST_FAILED,,,,,
77565326,REQUEST_FAILED,,,,,
77565340,REQUEST_FAILED,,,,,
77565438,REQUEST_FAILED,,,,,
77565441,REQUEST_FAILED,,,,,
77565452,REQUEST_FAILED,,,,,
77565503,deadAbandoned,NOVOCAINE,"Nov. 23, 2009","Malava Beverages, LLC",,STEVE@MALAVABEVERAGES.COM
77565486,REQUEST_FAILED,,,,,
77565522,REQUEST_FAILED,,,,,
77565527,REQUEST_FAILED,,,,,
77565545,REQUEST_FAILED,,,,,
77565554,REQUEST_FAILED,,,,,
77565568,REQUEST_FAILED,,,,,
77565664,deadAbandoned,YOGALATES,"Jun. 16, 2009","Hlopko, Linda",,lhlopko@stny.rr.com
77565576,REQUEST_FAILED,,,,,
77565581,REQUEST_FAILED,,,,,
77565616,REQUEST_FAILED,,,,,
77565695,deadAbandoned,MINT CONDITION,"Nov. 30, 2009","Mint Condition Body Care, LLC",,ericalynnborrero@hotmail.com
77565676,REQUEST_FAILED,,,,,
77565686,REQUEST_FAILED,,,,,
77565732,REQUEST_FAILED,,,,,
77565785,REQUEST_FAILED,,,,,
77565934,REQUEST_FAILED,,,,,
77565990,REQUEST_FAILED,,,,,
77566070,deadAbandoned,PAY FOR PERFORMANCE,"May 27, 2009","Compliance Networks, LLC",,kevin.harris@compliancenetworks.com
77566053,REQUEST_FAILED,,,,,
77566057,REQUEST_FAILED,,,,,
77566075,REQUEST_FAILED,,,,,
77566134,deadAbandoned,INNER8,"Jun. 19, 2009",INNER8 INC.,,
77566102,REQUEST_FAILED,,,,,
77566098,REQUEST_FAILED,,,,,
77566136,REQUEST_FAILED,,,,,
77566189,deadAbandoned,DYNAMIC WEB SOFTWARE,"Jun. 20, 2009","Just Program, LLC",,shawn@solodev.com
77566193,deadAbandoned,"AUSSIE CHEWING STICKS, AUSTRALIAN CHEWING STICKS","Jun. 15, 2009",DL Agencies Pty Ltd,,info@beenatural.com.au
77566231,deadAbandoned,MOON TV,"Jun. 20, 2009",MOON VISION PVT LTD,,hassanmnhn@hotmail.com
77566167,REQUEST_FAILED,,,,,
77566237,deadAbandoned,ITSM FACTORY,"Jun. 16, 2009",EIN LLC,,knaus@enterprise-networks.de
77566209,REQUEST_FAILED,,,,,
77566228,REQUEST_FAILED,,,,,
77566234,REQUEST_FAILED,,,,,
77566291,REQUEST_FAILED,,,,,
77566451,deadAbandoned,SOLAR REAL ESTATE,"Jun. 18, 2009",Morgan Walker Real Estate Inc.,,morgan.w.johnson@gmail.com
77566313,REQUEST_FAILED,,,,,
77566364,REQUEST_FAILED,,,,,
77566376,REQUEST_FAILED,,,,,
77566504,REQUEST_FAILED,,,,,
77566531,REQUEST_FAILED,,,,,
77566530,REQUEST_FAILED,,,,,
77566539,REQUEST_FAILED,,,,,
77566600,REQUEST_FAILED,,,,,
77566647,REQUEST_FAILED,,,,,
77566712,REQUEST_FAILED,,,,,
77566774,REQUEST_FAILED,,,,,
77566811,REQUEST_FAILED,,,,,
77566939,REQUEST_FAILED,,,,,
77566985,REQUEST_FAILED,,,,,
77567001,REQUEST_FAILED,,,,,
77567017,REQUEST_FAILED,,,,,
77567080,REQUEST_FAILED,,,,,
77567134,REQUEST_FAILED,,,,,
77567151,REQUEST_FAILED,,,,,
77567231,deadAbandoned,AGALI TECHNOLOGIES,"Sep. 11, 2009","Agali Technologies, Inc.",,nick_gildred@agalitech.com
77567188,REQUEST_FAILED,,,,,
77567193,REQUEST_FAILED,,,,,
77567210,REQUEST_FAILED,,,,,
77567262,deadAbandoned,6 DEGREES OF CONNECTEDNESS,"Jun. 15, 2009",Terry Bean,,tbean@networkedinc.com
77567238,REQUEST_FAILED,,,,,
77567259,REQUEST_FAILED,,,,,
77567268,REQUEST_FAILED,,,,,
77567276,REQUEST_FAILED,,,,,
77567290,REQUEST_FAILED,,,,,
77567306,deadAbandoned,CROHNOLOGY,"Nov. 23, 2009","Kirienko, Nikolai Y",,kauzmo@gmail.com
77567293,REQUEST_FAILED,,,,,
77567367,deadAbandoned,REDNECK GRAPE,"Jun. 17, 2009",Double Blue Jay Corporation,,jstoneadvisor@yahoo.com
77567320,REQUEST_FAILED,,,,,
77567346,REQUEST_FAILED,,,,,
77567393,deadAbandoned,VANILLA KISS,"Jun. 23, 2009","STTM, LLC.",,PWPALMERI@STTSWIM.COM
77567420,deadAbandoned,WHAT WOULD JESUS USE ?,"Jun. 16, 2009","WEINGARD, ANNA D",,AMSWEET281@AOL.COM
77567382,REQUEST_FAILED,,,,,
77567437,deadAbandoned,WWJU,"Nov. 23, 2009","WEINGARD, ANNA D",,AMSWEET281@AOL.COM
77567403,REQUEST_FAILED,,,,,
77567461,deadAbandoned,MONEY COLORED GLASSES,"Jun. 23, 2009","Marsey, Stephen John",,steve@inspectorclay.com
77567488,deadAbandoned,SNAPFLOW,"Jun. 18, 2009",AQUAFADAS,,cz@aquafadas.com
77567430,REQUEST_FAILED,,,,,
77567466,REQUEST_FAILED,,,,,
77567472,REQUEST_FAILED,,,,,
77567490,REQUEST_FAILED,,,,,
77567524,REQUEST_FAILED,,,,,
77567618,REQUEST_FAILED,,,,,
77567624,REQUEST_FAILED,,,,,
77567656,REQUEST_FAILED,,,,,
77567707,REQUEST_FAILED,,,,,
77567703,REQUEST_FAILED,,,,,
77567897,REQUEST_FAILED,,,,,
77567970,deadAbandoned,PL PALM BEACH LINEN CUSTOM COLLECTION,"Jul. 08, 2009","Alexander, Melinda S",,palmbeachlinen@yahoo.com
77567915,REQUEST_FAILED,,,,,
77567981,REQUEST_FAILED,,,,,
77568063,REQUEST_FAILED,,,,,
77568100,REQUEST_FAILED,,,,,
77568195,deadAbandoned,FLEX SIGMA,"Dec. 07, 2009","Maltese Process Management, LLC",,skmessner@comcast.net
77568214,deadAbandoned,TRIPLE SHOT,"Jun. 23, 2009",Ainsworth Game Technology Limited,,tom.davidson@ainsworth.com.au
77568176,REQUEST_FAILED,,,,,
77568211,deadAbandoned,JADE EMPEROR,"Feb. 22, 2009",Ainsworth Game Technology Limited,,tom.davidson@ainsworth.com.au
77568208,REQUEST_FAILED,,,,,
77568202,REQUEST_FAILED,,,,,
77568265,deadAbandoned,TEQUILA BEACH,"Jun. 23, 2009","GIACOMINO, GIANNI CHILOIRO",,
77568222,REQUEST_FAILED,,,,,
77568218,REQUEST_FAILED,,,,,
77568266,REQUEST_FAILED,,,,,
77568272,REQUEST_FAILED,,,,,
77568280,REQUEST_FAILED,,,,,
77568291,REQUEST_FAILED,,,,,
77568351,deadAbandoned,BIZTUBE,"Jun. 17, 2009",BizTube Pty Ltd,,ian@biztube.tv
77568443,deadAbandoned,SOCCER HERO,"Oct. 02, 2009",Big Ant Studios Pty Ltd,,ross.symons@bigant.com
77568346,REQUEST_FAILED,,,,,
77568366,REQUEST_FAILED,,,,,
77568397,REQUEST_FAILED,,,,,
77568540,deadAbandoned,AT HOME CARPET,"Jun. 23, 2009",American Carpet South,,jessicaross@acsouth.com
77568541,deadAbandoned,CARPET WORLD,"Jun. 16, 2009",Carpert World Of Westchester Inc.,,jessicaross@acsouth.com
77568492,deadAbandoned,BASEBALL HERO,"Oct. 02, 2009",Big Ant Studios Pty Ltd,,ross.symons@bigant.com
77568461,REQUEST_FAILED,,,,,
77568480,REQUEST_FAILED,,,,,
77568539,REQUEST_FAILED,,,,,
77568591,deadAbandoned,CHARMSTIX,"Nov. 30, 2009","Bowers Bahney, Jennifer L.",,longhairlovers@hotmail.com
77568558,REQUEST_FAILED,,,,,
77568597,REQUEST_FAILED,,,,,
77568615,REQUEST_FAILED,,,,,
77568614,REQUEST_FAILED,,,,,
77568698,deadAbandoned,SAFERDATAYSERIES,"Jun. 16, 2009",Combollee Inc.,,binbinlai@yahoo.com
77568652,REQUEST_FAILED,,,,,
77568660,REQUEST_FAILED,,,,,
77568691,REQUEST_FAILED,,,,,
77568714,REQUEST_FAILED,,,,,
77568824,REQUEST_FAILED,,,,,
77568811,REQUEST_FAILED,,,,,
77568851,REQUEST_FAILED,,,,,
77568868,REQUEST_FAILED,,,,,
77569030,deadAbandoned,BEST OF CLASS PORTFOLIOS,"Jun. 24, 2009","Darrin Farrow and Associates, Inc",,tpapa@pensionbuilders.com
77569067,deadAbandoned,ALAMO MOBILITY NMEDA QAP,"Aug. 15, 2009","Alamo Mobility, Inc.",,juliusc@alamomobility.com
77569078,deadAbandoned,ZYNG MEDIA,"Jun. 17, 2009",Advertising Advantage LLC,,tq7112@cox.net
77568942,REQUEST_FAILED,,,,,
77569074,deadAbandoned,SKRMS,"Jun. 16, 2009","Metagenics, Inc.",,jenniferh@metagenics.com
77568936,REQUEST_FAILED,,,,,
77568994,REQUEST_FAILED,,,,,
77569162,deadAbandoned,BOXING GLOVES,"Oct. 19, 2009","Konda, Katherine",,konda@tx.rr.com
77569087,REQUEST_FAILED,,,,,
77569200,deadAbandoned,PAY ONLY IF YOU PROFIT,"Jun. 21, 2009",VERDELLI FABIO,,fabverdelli@hotmail.com
77569141,REQUEST_FAILED,,,,,
77569151,REQUEST_FAILED,,,,,
77569246,REQUEST_FAILED,,,,,
77569276,deadAbandoned,VIDEO-OGRAPHY DANCE,"Jun. 19, 2009","Howard, Frank Odell",,odellart2@gmail.com
77569326,deadAbandoned,PEEKER,"Oct. 26, 2009",Denoual Thierry,,thierrydenoual@orange.fr
77569328,deadAbandoned,SHRINK ACADEMY,"Oct. 26, 2009",Denoual Thierry,,thierrydenoual@orange.fr
77569320,REQUEST_FAILED,,,,,
77569323,REQUEST_FAILED,,,,,
77569327,REQUEST_FAILED,,,,,
77569340,REQUEST_FAILED,,,,,
77569341,REQUEST_FAILED,,,,,
77569347,REQUEST_FAILED,,,,,
77569350,REQUEST_FAILED,,,,,
77569403,deadAbandoned,FEAN & COMPANY,"Dec. 07, 2009",Fean and Company LLC,,drewnaef@hotmail.com
77569373,REQUEST_FAILED,,,,,
77569454,deadAbandoned,BRAINZUM,"Dec. 07, 2009",Fuzzee Bee Beverage,,brian.stearns@vt360.com
77569402,REQUEST_FAILED,,,,,
77569406,REQUEST_FAILED,,,,,
77569470,deadAbandoned,MINDFUL,"Dec. 07, 2009","FUZZEE BEE BEVERAGE, LLC",,brian.stearns@vt360.com
77569446,REQUEST_FAILED,,,,,
77569451,REQUEST_FAILED,,,,,
77569467,deadAbandoned,GIFTCODE,"Aug. 04, 2009","GiftCards.com, LLC",,jason@directsites.com
77569465,REQUEST_FAILED,,,,,
77569533,deadAbandoned,MUSIC PREVIEW,"Jun. 23, 2009","Rohr, Steven B.",,steverohr@gmail.com
77569538,deadAbandoned,BEAUTY INSIDE AND OUT.,"Jun. 17, 2009",Spirit Beauty Lounge,,spirit@spiritbeautylounge.com
77569505,REQUEST_FAILED,,,,,
77569526,REQUEST_FAILED,,,,,
77569559,deadAbandoned,VROOMTONE,"Jun. 17, 2009",Barrett Taylor,,barretttaylor@msn.com
77569540,REQUEST_FAILED,,,,,
77569668,deadAbandoned,HORSERCISE,"Jul. 13, 2009","Critter Play, LLC",,CRITTERPLAY@SBCGLOBAL.NET
77569581,REQUEST_FAILED,,,,,
77569584,REQUEST_FAILED,,,,,
77569702,REQUEST_FAILED,,,,,
77569820,deadAbandoned,BLOOM & VASE,"Jun. 22, 2009","Dole Fresh Flowers, Inc.",,marcy_reed@na.dole.com
77569742,REQUEST_FAILED,,,,,
77569787,REQUEST_FAILED,,,,,
77569804,REQUEST_FAILED,,,,,
77569888,deadAbandoned,ZOOM,"Jun. 22, 2009",roospi.com inc.,,chuckj@zoospi.com
77569916,deadAbandoned,THE GREEN MICROGYM,"Oct. 30, 2009","The Green Microgym, Inc.",,adam@thegreenmicrogym.com
77569876,REQUEST_FAILED,,,,,
77569890,REQUEST_FAILED,,,,,
77569893,REQUEST_FAILED,,,,,
77569930,deadAbandoned,MOMMY DELI,"Jun. 24, 2009","Arelle De Peeters, Vanessa",,vanessa@mummydeli.com
77569929,REQUEST_FAILED,,,,,
77569941,REQUEST_FAILED,,,,,
77569959,REQUEST_FAILED,,,,,
77570003,REQUEST_FAILED,,,,,
77569970,REQUEST_FAILED,,,,,
77570020,REQUEST_FAILED,,,,,
77570052,REQUEST_FAILED,,,,,
77570088,REQUEST_FAILED,,,,,
77570180,REQUEST_FAILED,,,,,
77570191,REQUEST_FAILED,,,,,
77570200,REQUEST_FAILED,,,,,
77570302,deadAbandoned,TRUE MINUTES,"Jun. 11, 2009",LUNEX TELECOM INC,,jtran@lunextelecom.com
77570334,deadAbandoned,REAL MINUTES,"Jun. 11, 2009",LUNEX TELECOM INC,,jtran@lunextelecom.com
77570239,REQUEST_FAILED,,,,,
77570342,deadAbandoned,LOS CONSENTIDOS DE CHICAGO,"Jun. 17, 2009","SANCHEZ, RICARDO G.",,cepedaroberto@yahoo.com
77570287,REQUEST_FAILED,,,,,
77570332,deadAbandoned,LUCID FILMS,"Jun. 18, 2009","Walker, Dominick, M",,milesigo@gmail.com
77570329,REQUEST_FAILED,,,,,
77570360,deadAbandoned,S SEKORA,"Jun. 17, 2009","SEKORA, DONNA, EVE",,DES1902@AOL.COM
77570412,deadAbandoned,SEARCH KNOWLEDGE NOT THE WEB,"Dec. 07, 2009",Devang Shah,,dsshah@computer.org
77570407,deadAbandoned,HOWELLCORP,"Jun. 17, 2009",HowellCorp,,Nicholas@HowellCorp.com
77570372,REQUEST_FAILED,,,,,
77570386,REQUEST_FAILED,,,,,
77570409,REQUEST_FAILED,,,,,
77570417,REQUEST_FAILED,,,,,
77570469,deadAbandoned,REAL TIME DATA...ACCURATE SOLUTIONS,"Jul. 24, 2009",Real Time Medical Data LLC,,shannon@rtmd.org
77570504,REQUEST_FAILED,,,,,
77570526,REQUEST_FAILED,,,,,
77570560,deadAbandoned,ROUGE DE TOUR,"Dec. 28, 2009",Freeman Allison J,,allison@vindetour.com
77570590,deadAbandoned,SMARTRECRUITERS,"Jun. 20, 2009",MrTed Ltd.,,d.niehues@mrted.com
77570553,REQUEST_FAILED,,,,,
77570574,REQUEST_FAILED,,,,,
77570577,REQUEST_FAILED,,,,,
77570584,REQUEST_FAILED,,,,,
77570632,REQUEST_FAILED,,,,,
77570836,deadAbandoned,OLIVE LEAF COMPLEX,"Jun. 19, 2009",Barlean's,,andreas@barleans.com
77570797,deadAbandoned,FLOR DEL ECUADOR,"Jun. 19, 2009","PdA Ramos, Ltd.",,newYcigar@aol.com
77570693,REQUEST_FAILED,,,,,
77570741,REQUEST_FAILED,,,,,
77570753,REQUEST_FAILED,,,,,
77570858,deadAbandoned,DRUMMER BOY BEATS,"Jun. 24, 2009","Woods,Derricus,J",,drummerboybeats@gmail.com
77570846,REQUEST_FAILED,,,,,
77570850,REQUEST_FAILED,,,,,
77570897,deadAbandoned,XIIVO,"Nov. 30, 2009","Ginter, Curtis M",,c.ginter@att.net
77570863,REQUEST_FAILED,,,,,
77570884,REQUEST_FAILED,,,,,
77570894,REQUEST_FAILED,,,,,
77570907,REQUEST_FAILED,,,,,
77570912,REQUEST_FAILED,,,,,
77570918,REQUEST_FAILED,,,,,
77570978,REQUEST_FAILED,,,,,
77570998,REQUEST_FAILED,,,,,
77571023,REQUEST_FAILED,,,,,
77571049,REQUEST_FAILED,,,,,
77571079,REQUEST_FAILED,,,,,
77571154,REQUEST_FAILED,,,,,
77571276,REQUEST_FAILED,,,,,
77571298,REQUEST_FAILED,,,,,
77571428,deadAbandoned,LIFE-SIZE,"Jul. 24, 2009",We Keep You Cycling,,rob@wekeepyoucycling.com
77571436,deadAbandoned,RAW TALENT LIVE,"Jun. 23, 2009","ND Rights, LLC",,
77571405,REQUEST_FAILED,,,,,
77571451,REQUEST_FAILED,,,,,
77571464,REQUEST_FAILED,,,,,
77571499,REQUEST_FAILED,,,,,
77571522,REQUEST_FAILED,,,,,
77571525,REQUEST_FAILED,,,,,
77571541,REQUEST_FAILED,,,,,
77571594,deadAbandoned,INC CAPITAL,"Jun. 24, 2009",Lawrence Wei Cheng,,larrycheng@gmail.com
77571582,REQUEST_FAILED,,,,,
77571579,REQUEST_FAILED,,,,,
77571584,REQUEST_FAILED,,,,,
77571585,REQUEST_FAILED,,,,,
77571617,deadAbandoned,COTTONSOFT,"Jun. 17, 2009","Xue, Shell Yu",,bing_yan@hotmail.com
77571605,REQUEST_FAILED,,,,,
77571618,REQUEST_FAILED,,,,,
77571638,REQUEST_FAILED,,,,,
77571639,REQUEST_FAILED,,,,,
77571643,REQUEST_FAILED,,,,,
77571646,REQUEST_FAILED,,,,,
77571648,REQUEST_FAILED,,,,,
77571694,deadAbandoned,XINAN,"Sep. 10, 2009","ZHEJIANG XINAN CHEMICAL INDUSTRIAL GROUP CO., LTD.",,
77571655,REQUEST_FAILED,,,,,
77571671,REQUEST_FAILED,,,,,
77571848,deadAbandoned,BB,"Jun. 22, 2009","Yang, Zhang",,james@mybellefare.com
77571779,REQUEST_FAILED,,,,,
77571844,REQUEST_FAILED,,,,,
77571868,REQUEST_FAILED,,,,,
77571882,REQUEST_FAILED,,,,,
77571895,REQUEST_FAILED,,,,,
77571905,REQUEST_FAILED,,,,,
77571910,REQUEST_FAILED,,,,,
77571917,REQUEST_FAILED,,,,,
77571938,REQUEST_FAILED,,,,,
77571977,deadAbandoned,HIGH PERFORMANCE RADIANT BARRIER REFLECTIVE INSULATION,"May 06, 2009","Eagle Shield, Inc.",,wsteiner@eagleshield.com
77571961,REQUEST_FAILED,,,,,
77571968,REQUEST_FAILED,,,,,
77571973,REQUEST_FAILED,,,,,
77571988,REQUEST_FAILED,,,,,
77572013,REQUEST_FAILED,,,,,
77572043,REQUEST_FAILED,,,,,
77572048,REQUEST_FAILED,,,,,
77572049,REQUEST_FAILED,,,,,
77572122,deadAbandoned,THE GAME PLAN,"Dec. 07, 2009","Maltese Process Management, LLC",,skmessner@comcast.net
77572106,REQUEST_FAILED,,,,,
77572123,REQUEST_FAILED,,,,,
77572137,REQUEST_FAILED,,,,,
77572191,deadAbandoned,PRO SELECT,"Jun. 24, 2009",Shaul Ben Avraham,,shaul@leangelic.com
77572163,REQUEST_FAILED,,,,,
77572174,REQUEST_FAILED,,,,,
77572183,REQUEST_FAILED,,,,,
77572205,REQUEST_FAILED,,,,,
77572242,REQUEST_FAILED,,,,,
77572246,REQUEST_FAILED,,,,,
77572300,REQUEST_FAILED,,,,,
77572377,REQUEST_FAILED,,,,,
77572396,REQUEST_FAILED,,,,,
77572459,REQUEST_FAILED,,,,,
77572474,REQUEST_FAILED,,,,,
77572489,REQUEST_FAILED,,,,,
77572492,REQUEST_FAILED,,,,,
77572502,REQUEST_FAILED,,,,,
77572543,REQUEST_FAILED,,,,,
77572621,REQUEST_FAILED,,,,,
77572628,REQUEST_FAILED,,,,,
77572629,REQUEST_FAILED,,,,,
77572674,REQUEST_FAILED,,,,,
77572699,deadAbandoned,ALONDRA,"Jun. 18, 2009",Global Trading Group Inc,,Torresglt@aol.com
77572704,REQUEST_FAILED,,,,,
77572708,REQUEST_FAILED,,,,,
77572715,REQUEST_FAILED,,,,,
77572748,REQUEST_FAILED,,,,,
77572788,deadAbandoned,I,"Jun. 30, 2009",impression clothing,,impressionceo@yahoo.com
77572772,REQUEST_FAILED,,,,,
77572802,deadAbandoned,BAWELL,"Sep. 24, 2009","Collins, Michael",,bawellwaterllc@gmail.com
77572818,deadAbandoned,None,"Aug. 03, 2009","TOY2R (HOLDINGS) CO., LTD.",,
77572782,REQUEST_FAILED,,,,,
77572791,REQUEST_FAILED,,,,,
77572821,REQUEST_FAILED,,,,,
77572822,deadAbandoned,SPORTS HERO,"Oct. 02, 2009",Big Ant Studios,,ross.symons@bigant.com
77572851,deadAbandoned,PHOBYA,"Nov. 30, 2009",Aquatuning GmbH,,n.draht@aquatuning.de
77572837,REQUEST_FAILED,,,,,
77572853,REQUEST_FAILED,,,,,
77572931,REQUEST_FAILED,,,,,
77572935,REQUEST_FAILED,,,,,
77572947,deadAbandoned,EZ2CLOCK SOLUTIONS,"Jun. 19, 2009",Progressive Employer Services,,ccardenas@progressiveemployer.com
77572996,deadAbandoned,EKKLESIA ONLINE,"Jun. 22, 2009","Inverse Operations, LLC",,info@myeo.net
77573061,REQUEST_FAILED,,,,,
77573102,deadAbandoned,KRAZY KITTIES,"Aug. 24, 2009",State Corporation Development Ltd.,,nicole@scdl.com.hk
77573071,REQUEST_FAILED,,,,,
77573106,deadAbandoned,WANDERING COCK,"Dec. 21, 2009","Helm, Michael J.",,mj.helm@yahoo.com
77573089,REQUEST_FAILED,,,,,
77573096,REQUEST_FAILED,,,,,
77573104,REQUEST_FAILED,,,,,
77573111,REQUEST_FAILED,,,,,
77573145,REQUEST_FAILED,,,,,
77573170,REQUEST_FAILED,,,,,
77573181,REQUEST_FAILED,,,,,
77573320,REQUEST_FAILED,,,,,
77573326,REQUEST_FAILED,,,,,
77573336,REQUEST_FAILED,,,,,
77573329,REQUEST_FAILED,,,,,
77573438,REQUEST_FAILED,,,,,
77573500,REQUEST_FAILED,,,,,
77573488,REQUEST_FAILED,,,,,
77573665,deadAbandoned,CUBTOBER,"Dec. 07, 2009","Giovannelli, Keith S",,mchenske@yahoo.com
77573595,REQUEST_FAILED,,,,,
77573633,REQUEST_FAILED,,,,,
77573639,REQUEST_FAILED,,,,,
77573723,REQUEST_FAILED,,,,,
77573737,REQUEST_FAILED,,,,,
77573735,REQUEST_FAILED,,,,,
77573753,REQUEST_FAILED,,,,,
77573802,REQUEST_FAILED,,,,,
77573889,deadAbandoned,SMARTDC,"Jun. 24, 2009",KeyTone Technologies Inc.,,sanjay@keytonetech.com
77573813,REQUEST_FAILED,,,,,
77573891,deadAbandoned,ASSETTRACE,"Jun. 24, 2009",KeyTone Technologies Inc.,,sanjay@keytonetech.com
77573874,REQUEST_FAILED,,,,,
77573895,deadAbandoned,BEAT FREAKS,"Jun. 25, 2009",Courchinoux Marie,,maryss@voila.fr
77573897,deadAbandoned,SMARTWIP,"Jun. 24, 2009",KeyTone Technologies Inc.,,sanjay@keytonetech.com
77573921,deadAbandoned,I-PLANT,"Jun. 20, 2009",Kieft Bloemzaden BV,,mdekker@kieftseeds.com
77573922,deadAbandoned,PHANTOM,"Jun. 22, 2009",V2 Tobacco A/S,,pv@v2tobacco.com
77573893,REQUEST_FAILED,,,,,
77573900,REQUEST_FAILED,,,,,
77573911,REQUEST_FAILED,,,,,
77573926,REQUEST_FAILED,,,,,
77573958,REQUEST_FAILED,,,,,
77574012,REQUEST_FAILED,,,,,
77574035,REQUEST_FAILED,,,,,
77574043,REQUEST_FAILED,,,,,
77574091,REQUEST_FAILED,,,,,
77574151,REQUEST_FAILED,,,,,
77574210,REQUEST_FAILED,,,,,
77574211,REQUEST_FAILED,,,,,
77574212,REQUEST_FAILED,,,,,
77574238,REQUEST_FAILED,,,,,
77574260,REQUEST_FAILED,,,,,
77574407,deadAbandoned,INTERNETCU.COM,"Jun. 23, 2009",Internet FCU Inc.,,kevin@internetfcu.com
77574319,REQUEST_FAILED,,,,,
77574343,REQUEST_FAILED,,,,,
77574357,REQUEST_FAILED,,,,,
77574526,deadAbandoned,TERIPSA,"Dec. 07, 2009",AstraZeneca AB,,
77574408,REQUEST_FAILED,,,,,
77574547,deadAbandoned,EEGGI,"Jun. 22, 2009",Infinite Recovery Inc.,,IR@bigvisioncorp.com
77574498,REQUEST_FAILED,,,,,
77574515,REQUEST_FAILED,,,,,
77574580,deadAbandoned,COMPTIA SECURITY TRUSTMARK,"Jan. 05, 2009","The Computing Technology Industry Association, Inc.",,ipdocket@comptia.org
77574545,REQUEST_FAILED,,,,,
77574558,REQUEST_FAILED,,,,,
77574640,REQUEST_FAILED,,,,,
77574654,REQUEST_FAILED,,,,,
77574776,deadAbandoned,PHPFOX,"Aug. 27, 2009",Benc Enterprises AB,,
77574699,REQUEST_FAILED,,,,,
77574712,REQUEST_FAILED,,,,,
77574874,deadAbandoned,CONSUMER DEBT ADVOCATE,"Jun. 22, 2009",William R. Baskin,,bbaskin@consumerdebtadvocate.net
77574746,REQUEST_FAILED,,,,,
77574913,deadAbandoned,BOROKITS,"Jun. 20, 2009","BoroPharm, Inc.",,tzahn@boropharm.com
77574846,REQUEST_FAILED,,,,,
77574934,deadAbandoned,SAVY SODA,"Dec. 07, 2009",Savy Soda Pty Ltd,,xin@savysoda.com
77574942,deadAbandoned,"DILLY DILLON ""DILLY"" PERRINE","Dec. 25, 2009","Kelly-Thomas, Ian Robert",,ian.kellythomas@gmail.com
77574878,REQUEST_FAILED,,,,,
77574900,REQUEST_FAILED,,,,,
77574938,REQUEST_FAILED,,,,,
77574941,REQUEST_FAILED,,,,,
77574961,REQUEST_FAILED,,,,,
77574995,REQUEST_FAILED,,,,,
77574999,REQUEST_FAILED,,,,,
77575041,deadAbandoned,ASCENSION 8,"Sep. 07, 2009",CA industries,,CSASCENSION8@AOL.COM
77575035,REQUEST_FAILED,,,,,
77575037,REQUEST_FAILED,,,,,
77575039,REQUEST_FAILED,,,,,
77575099,deadAbandoned,SECURECLIENT,"Aug. 12, 2009",PI Scientific Inc,,johnjs@aristotle.net
77575067,REQUEST_FAILED,,,,,
77575068,REQUEST_FAILED,,,,,
77575100,REQUEST_FAILED,,,,,
77575131,REQUEST_FAILED,,,,,
77575136,REQUEST_FAILED,,,,,
77575165,deadAbandoned,PLUMBGREEN,"Dec. 07, 2009","Verhoff, John Paul",,john@iplumbnow.com
77575174,deadAbandoned,CONTEMPORARY GODDESS,"Jun. 23, 2009","Grant, Leah",,leahgrant@live.com
77575184,deadAbandoned,GREAT TO GODDESS,"Jun. 23, 2009","Grant, Leah",,leahgrant@live.com
77575147,REQUEST_FAILED,,,,,
77575223,deadAbandoned,VALERO TITLE,"Jul. 13, 2009","Valero Title, Inc.",,mb@valerotitle.com
77575168,deadAbandoned,SASS,"Jun. 22, 2009","Schuermann, Steven L",,SASscholarship@cox.net
77575231,deadAbandoned,V.T. VILLAGE TEES,"Jun. 30, 2009",Leslie Avila,,lua070681@hotmail.com
77575171,REQUEST_FAILED,,,,,
77575183,REQUEST_FAILED,,,,,
77575239,deadAbandoned,TASMANIAN MERINO,"Jun. 22, 2009",The Merino Company,,georgiac@merinocompany.com
77575220,REQUEST_FAILED,,,,,
77575227,REQUEST_FAILED,,,,,
77575246,REQUEST_FAILED,,,,,
77575251,REQUEST_FAILED,,,,,
77575280,REQUEST_FAILED,,,,,
77575362,REQUEST_FAILED,,,,,
77575375,REQUEST_FAILED,,,,,
77575400,REQUEST_FAILED,,,,,
77575440,deadAbandoned,BOMBAY MASALA,"Jul. 08, 2009",Khanna Inc,,khannainc@hotmail.com
77575439,deadAbandoned,NATURAL PURE-FEKTION JUMP START,"Jun. 30, 2009",Norvell LLC,,kristi@norvelltanning.com
77575402,REQUEST_FAILED,,,,,
77575425,REQUEST_FAILED,,,,,
77575438,REQUEST_FAILED,,,,,
77575532,deadAbandoned,TRANZACTOR,"Jun. 21, 2009","Tranztec Solutions, Inc.",,tmiller@tranztec.com
77575449,REQUEST_FAILED,,,,,
77575539,deadAbandoned,TRANZACTOR,"Jun. 22, 2009","Tranztec Solutions, Inc.",,tmiller@tranztec.com
77575499,REQUEST_FAILED,,,,,
77575549,REQUEST_FAILED,,,,,
77575608,REQUEST_FAILED,,,,,
77575609,REQUEST_FAILED,,,,,
77575631,REQUEST_FAILED,,,,,
77575683,REQUEST_FAILED,,,,,
77575709,REQUEST_FAILED,,,,,
77575925,deadAbandoned,FELTCRAFTS,"Jun. 23, 2009",Anne Einset Vickrey,,feltcrafts@aol.com
77575750,REQUEST_FAILED,,,,,
77575943,deadAbandoned,READING DROPS,"Jun. 23, 2009","Sharma, Anant",,asharma263@hotmail.com
77575832,REQUEST_FAILED,,,,,
77576017,REQUEST_FAILED,,,,,
77576066,REQUEST_FAILED,,,,,
77576109,REQUEST_FAILED,,,,,
77576123,REQUEST_FAILED,,,,,
77576187,deadAbandoned,GMTONES GENUINE MOTORCAR TONES,"Jun. 17, 2009",Barrett Taylor,,barretttaylor@msn.com
77576178,REQUEST_FAILED,,,,,
77576310,REQUEST_FAILED,,,,,
77576332,REQUEST_FAILED,,,,,
77576340,REQUEST_FAILED,,,,,
77576347,REQUEST_FAILED,,,,,
77576355,REQUEST_FAILED,,,,,
77576421,REQUEST_FAILED,,,,,
77576447,REQUEST_FAILED,,,,,
77576469,REQUEST_FAILED,,,,,
77576553,REQUEST_FAILED,,,,,
77576634,deadAbandoned,WAITING I CHOOSE TO WAIT,"Dec. 07, 2009","Lewis, Seth",,sethlewislandscaping@yahoo.com
77576596,REQUEST_FAILED,,,,,
77576617,REQUEST_FAILED,,,,,
77576632,REQUEST_FAILED,,,,,
77576762,deadAbandoned,TRADEWINDS,"Jun. 23, 2009",Brad Lerman,,aaron.lerman@gmail.com
77576656,REQUEST_FAILED,,,,,
77576684,REQUEST_FAILED,,,,,
77576851,deadAbandoned,SCHÖTT-LINE,"Jun. 30, 2009",Schötten Fenster,,amy@schottenfenster.com
77576710,REQUEST_FAILED,,,,,
77576908,deadAbandoned,CAN BANDIT,"Sep. 18, 2009","Reed, Neal N.",,nreed4@lsu.edu
77576790,REQUEST_FAILED,,,,,
77576857,REQUEST_FAILED,,,,,
77576877,REQUEST_FAILED,,,,,
77577045,REQUEST_FAILED,,,,,
77577036,REQUEST_FAILED,,,,,
77577083,REQUEST_FAILED,,,,,
77577108,REQUEST_FAILED,,,,,
77577109,REQUEST_FAILED,,,,,
77577153,REQUEST_FAILED,,,,,
77577161,REQUEST_FAILED,,,,,
77577169,REQUEST_FAILED,,,,,
77577170,REQUEST_FAILED,,,,,
77577196,REQUEST_FAILED,,,,,
77577197,REQUEST_FAILED,,,,,
77577250,REQUEST_FAILED,,,,,
77577261,REQUEST_FAILED,,,,,
77577322,REQUEST_FAILED,,,,,
77577362,REQUEST_FAILED,,,,,
77577456,REQUEST_FAILED,,,,,
77577464,REQUEST_FAILED,,,,,
77577518,deadAbandoned,IRAQ MORATORIUM,"Nov. 03, 2009",Murman Endeladze,,murman@copatriot.com
77577467,REQUEST_FAILED,,,,,
77577534,REQUEST_FAILED,,,,,
77577590,REQUEST_FAILED,,,,,
77577591,REQUEST_FAILED,,,,,
77577601,REQUEST_FAILED,,,,,
77577607,REQUEST_FAILED,,,,,
77577617,REQUEST_FAILED,,,,,
77577647,REQUEST_FAILED,,,,,
77577749,deadAbandoned,PERFECT PLATTER,"Jun. 29, 2009",BDA Industries LLC,,
77577742,deadAbandoned,PERFECT PLATTER,"Jun. 29, 2009",BDA Industries LLC,,
77577786,deadAbandoned,SCENIC FURNITURE,"Jun. 27, 2009",Scenic Furniture Inc.,,jim@scenicfurniture.com
77577707,REQUEST_FAILED,,,,,
77577718,REQUEST_FAILED,,,,,
77577768,REQUEST_FAILED,,,,,
77577787,REQUEST_FAILED,,,,,
77577789,REQUEST_FAILED,,,,,
77577797,REQUEST_FAILED,,,,,
77577836,REQUEST_FAILED,,,,,
77577930,REQUEST_FAILED,,,,,
77578133,deadAbandoned,RENEWED ORGANIC PERSONAL CARE,"Jun. 24, 2009",Bella Services,,renewed@augisa.com
77577992,REQUEST_FAILED,,,,,
77577997,REQUEST_FAILED,,,,,
77577999,REQUEST_FAILED,,,,,
77578036,REQUEST_FAILED,,,,,
77578158,REQUEST_FAILED,,,,,
77578248,deadAbandoned,PHARMATUFF,"Oct. 23, 2009",EFP LLC,,rpidock@efpcorp.com
77578208,REQUEST_FAILED,,,,,
77578212,REQUEST_FAILED,,,,,
77578268,REQUEST_FAILED,,,,,
77578281,REQUEST_FAILED,,,,,
77578283,REQUEST_FAILED,,,,,
77578311,deadAbandoned,IT'S ALL ABOUT LOCAL!,"Jul. 01, 2009",Yalwa GmbH,,copyright@yalwa.com
77578287,REQUEST_FAILED,,,,,
77578387,deadAbandoned,TACKLE-TEK,"Dec. 21, 2009",Signet Products Ltd,,sigarn@aol.com
77578291,REQUEST_FAILED,,,,,
77578355,deadAbandoned,SCENT STIX,"Jun. 29, 2009","Shoen,Todd.J.",,dino91hd@yahoo.com
77578308,REQUEST_FAILED,,,,,
77578389,REQUEST_FAILED,,,,,
77578418,REQUEST_FAILED,,,,,
77578442,REQUEST_FAILED,,,,,
77578471,REQUEST_FAILED,,,,,
77578479,REQUEST_FAILED,,,,,
77578522,REQUEST_FAILED,,,,,
77578652,deadAbandoned,STRAP-N-FEED,"Jun. 24, 2009",Pookie Baby,,haslynmiller@hotmail.com
77578610,REQUEST_FAILED,,,,,
77578633,REQUEST_FAILED,,,,,
77578651,REQUEST_FAILED,,,,,
77578674,REQUEST_FAILED,,,,,
77578731,REQUEST_FAILED,,,,,
77578747,REQUEST_FAILED,,,,,
77578876,deadAbandoned,TEOCINTLE,"Dec. 14, 2009","teocintle, llc",,dcook@h-gunn.com
77578811,REQUEST_FAILED,,,,,
77578785,REQUEST_FAILED,,,,,
77578816,REQUEST_FAILED,,,,,
77578957,deadAbandoned,IT'S ALL ABOUT LOCAL BUSINESS!,"Jul. 01, 2009",Yalwa GmbH,,copyright@yalwa.com
77579114,deadAbandoned,EVERYONE IS A JOURNALIST,"Jul. 06, 2009",Kamran Syed,,kamran@everyoneisajournalist.com
77578911,REQUEST_FAILED,,,,,
77578923,REQUEST_FAILED,,,,,
77578970,REQUEST_FAILED,,,,,
77578958,REQUEST_FAILED,,,,,
77579111,REQUEST_FAILED,,,,,
77579151,REQUEST_FAILED,,,,,
77579156,REQUEST_FAILED,,,,,
77579191,deadAbandoned,RHINO CHAMOIS,"Dec. 14, 2009","FREMONT, ROBERT",,
77579186,REQUEST_FAILED,,,,,
77579202,REQUEST_FAILED,,,,,
77579211,REQUEST_FAILED,,,,,
77579224,REQUEST_FAILED,,,,,
77579229,REQUEST_FAILED,,,,,
77579258,REQUEST_FAILED,,,,,
77579253,REQUEST_FAILED,,,,,
77579306,deadAbandoned,DJ MIX MASTER,"Aug. 25, 2009","Simpson, L Christopher",,lavetta@dadafootwear.com
77579323,deadAbandoned,CREATIVE GAME STUDIO,"Mar. 05, 2009","RingZero Networks (Thailand) Co., Ltd.",,franck.b@rznet.com
77579272,REQUEST_FAILED,,,,,
77579297,REQUEST_FAILED,,,,,
77579337,deadAbandoned,NUI,"Jul. 01, 2009",Natural User Interface Europe AB,,hv@natural-ui.com
77579368,REQUEST_FAILED,,,,,
77579455,REQUEST_FAILED,,,,,
77579548,deadAbandoned,TRAVELINGIRLS,"Sep. 03, 2009",Denise Cochran and Meri Wayne - Wajner,,travelingirls@bellsouth.net
77579598,deadAbandoned,"ESSENTIAL PLANNING GROUP, INC.","Jun. 30, 2009","The Essential Planning Group, Inc.",,cdresselhaus@afcts.com
77579530,REQUEST_FAILED,,,,,
77579566,REQUEST_FAILED,,,,,
77579647,REQUEST_FAILED,,,,,
77579656,REQUEST_FAILED,,,,,
77579724,REQUEST_FAILED,,,,,
77579747,REQUEST_FAILED,,,,,
77579757,REQUEST_FAILED,,,,,
77579761,REQUEST_FAILED,,,,,
77579853,deadAbandoned,OLD SCHOOL ATHLETIC DEPT.,"Jun. 26, 2009","Barone, Neil",,neil@baronecommercial.com
77579822,REQUEST_FAILED,,,,,
77579962,deadAbandoned,CREATING FUTURES,"Jul. 27, 2009","The Computing Technology Industry Association Educational Foundation, Inc.",,ipdocket@comptia.org
77579868,REQUEST_FAILED,,,,,
77579866,REQUEST_FAILED,,,,,
77580047,deadAbandoned,SIMPLY GREEN,"Dec. 21, 2009",Berkshire Flooring,,tdejonge@simplygreencarpet.com
77580025,deadAbandoned,MULTIZIP,"Jul. 01, 2009","Pagliarulo, Steven J",,s_pagliarulo@hotmail.com
77579993,REQUEST_FAILED,,,,,
77580164,REQUEST_FAILED,,,,,
77580194,REQUEST_FAILED,,,,,
77580214,REQUEST_FAILED,,,,,
77580256,deadAbandoned,CHERRY BLOSSOM,"Jul. 01, 2009","Armstrong, Tru Mai",,trumai@cherryblossom-cards.com
77580249,REQUEST_FAILED,,,,,
77580255,REQUEST_FAILED,,,,,
77580332,REQUEST_FAILED,,,,,
77580414,deadAbandoned,OMG SOFTWARE,"Sep. 28, 2009","Gardner, Richard D",,r.gardner@modulusfe.com
77580345,REQUEST_FAILED,,,,,
77580351,REQUEST_FAILED,,,,,
77580369,REQUEST_FAILED,,,,,
77580460,REQUEST_FAILED,,,,,
77580509,deadAbandoned,A CLEAN ADDICTION,"Dec. 14, 2009",Fean and Company,,drewnaef@hotmail.com
77580473,REQUEST_FAILED,,,,,
77580514,deadAbandoned,STAY PAWSITIVE,"Dec. 14, 2009","PAWSITIVE PRODUCTS, INC.",,PAWSITIVEPRODUCTS@YMAIL.COM
77580496,REQUEST_FAILED,,,,,
77580580,deadAbandoned,WHEN TIME AND PROTECTION REALLY COUNT!,"Nov. 03, 2009",EFP Corporation,,rpidock@efpcorp.com
77580581,deadAbandoned,LEADERSHIP ACCELERATOR,"Jul. 01, 2009","Price, Alan C.",,ap02138@yahoo.com
77580518,REQUEST_FAILED,,,,,
77580520,REQUEST_FAILED,,,,,
77580527,REQUEST_FAILED,,,,,
77580579,REQUEST_FAILED,,,,,
77580582,REQUEST_FAILED,,,,,
77580592,REQUEST_FAILED,,,,,
77580618,deadAbandoned,ROBOKYO,"Aug. 03, 2009","Bodnar, Roy M.",,robokyo@gmail.com
77580661,deadAbandoned,MATT DECKARD,"Jun. 30, 2009","Brandstetter, Joseph, C",,mattdeckard@yahoo.com
77580628,REQUEST_FAILED,,,,,
77580645,REQUEST_FAILED,,,,,
77580665,REQUEST_FAILED,,,,,
77580755,deadAbandoned,CAUSEMUSIC,"Dec. 14, 2009",Ted Volynets,,tvolynets@gmail.com
77580669,REQUEST_FAILED,,,,,
77580672,REQUEST_FAILED,,,,,
77580764,deadAbandoned,THE BITTERS,"Jul. 01, 2009","Klepacki, Frank, E",,fly_records@hotmail.com
77580716,deadAbandoned,OXXO,"Jul. 03, 2009",OXXO,,acv@panamland.com
77580676,REQUEST_FAILED,,,,,
77580811,deadAbandoned,MANGORICO,"Jun. 30, 2009","Fuertes, Jose M.",,cocorico@att.net
77580765,deadAbandoned,VERSASCAN,"Dec. 14, 2009",Lodox Systems (Pty) Ltd,,gerhard.laniewski@lodox.com
77580853,deadAbandoned,CON AMOR,"Jul. 07, 2009","Agape Enterprises 888, Corp.",,candicewilliams3030@hotmail.com
77580770,REQUEST_FAILED,,,,,
77580771,REQUEST_FAILED,,,,,
77580876,deadAbandoned,SILVERTREE ENTERTAINMENT,"Jul. 01, 2009","Rodríguez-Rabadán, María",,mrodriguezrabadan@gmail.com
77580801,REQUEST_FAILED,,,,,
77580812,REQUEST_FAILED,,,,,
77580866,REQUEST_FAILED,,,,,
77580882,REQUEST_FAILED,,,,,
77581000,REQUEST_FAILED,,,,,
77581046,deadAbandoned,"WATER HEATER MAN, INC.","Jun. 30, 2009","Water Heater Man, Inc.",,whminc@earthlink.net
77581019,REQUEST_FAILED,,,,,
77581070,REQUEST_FAILED,,,,,
77581118,deadAbandoned,M1S MACH 1 SOLUTIONS,"Dec. 16, 2009",Patrick M. Guinee,,info@gomach1.com
77581089,REQUEST_FAILED,,,,,
77581097,REQUEST_FAILED,,,,,
77581111,REQUEST_FAILED,,,,,
77581115,REQUEST_FAILED,,,,,
77581271,REQUEST_FAILED,,,,,
77581287,REQUEST_FAILED,,,,,
77581291,REQUEST_FAILED,,,,,
77581298,REQUEST_FAILED,,,,,
77581317,REQUEST_FAILED,,,,,
77581472,REQUEST_FAILED,,,,,
77581546,deadAbandoned,COMPOSITE TECHNIQUE,"Jun. 30, 2009","Janes, Dave Jr.",,
77581504,REQUEST_FAILED,,,,,
77581563,REQUEST_FAILED,,,,,
77581598,deadAbandoned,DATA PROTECT VAULT,"Sep. 30, 2009","Simply Continuous, Inc.",,
77581592,deadAbandoned,DATA PROTECT,"Jun. 30, 2009","Simply Continuous, Inc.",,
77581588,REQUEST_FAILED,,,,,
77581624,REQUEST_FAILED,,,,,
77581633,REQUEST_FAILED,,,,,
77581635,REQUEST_FAILED,,,,,
77581654,REQUEST_FAILED,,,,,
77581704,deadAbandoned,2SHAE,"Jul. 01, 2009",Shenikwa Daniels,,
77581668,REQUEST_FAILED,,,,,
77581719,deadAbandoned,KOUBALINK,"Jul. 01, 2009","Kouba, Danny L.",,bikewriter71@gmail.com
77581694,REQUEST_FAILED,,,,,
77581831,deadAbandoned,MICRORELEASE,"Jul. 01, 2009",AMCOL International Corporation,,
77581787,REQUEST_FAILED,,,,,
77581846,REQUEST_FAILED,,,,,
77581848,REQUEST_FAILED,,,,,
77581861,REQUEST_FAILED,,,,,
77581890,REQUEST_FAILED,,,,,
77581915,REQUEST_FAILED,,,,,
77581926,REQUEST_FAILED,,,,,
77581996,REQUEST_FAILED,,,,,
77582053,REQUEST_FAILED,,,,,
77582069,REQUEST_FAILED,,,,,
77582062,REQUEST_FAILED,,,,,
77582106,REQUEST_FAILED,,,,,
77582196,REQUEST_FAILED,,,,,
77582188,REQUEST_FAILED,,,,,
77582198,REQUEST_FAILED,,,,,
77582308,REQUEST_FAILED,,,,,
77582441,deadAbandoned,FAIR TRADE HOLIDAY,"Jul. 03, 2009",dZi INC.,,mac@dzi.com
77582412,REQUEST_FAILED,,,,,
77582414,REQUEST_FAILED,,,,,
77582500,REQUEST_FAILED,,,,,
77582530,REQUEST_FAILED,,,,,
77582627,deadAbandoned,SMART GREETINGS,"Jun. 29, 2009","YouMail, Inc.",,dkey@youmail.com
77582586,REQUEST_FAILED,,,,,
77582653,REQUEST_FAILED,,,,,
77582695,REQUEST_FAILED,,,,,
77582721,REQUEST_FAILED,,,,,
77582734,REQUEST_FAILED,,,,,
77582767,deadAbandoned,ULTIMATEPSP,"Dec. 14, 2009","Best Remedy Labs, LLC",,paul-k@verizon.net
77582793,deadAbandoned,DEI FILIUS,"Dec. 15, 2009","Hamilton, Bobby D",,bhamilton7@hotmail.com
77582774,REQUEST_FAILED,,,,,
77582814,deadAbandoned,TICU CLAD,"Jul. 01, 2009",Udo Plante GmbH,,Olaf.Plante@udoplante.com
77582795,REQUEST_FAILED,,,,,
77582892,REQUEST_FAILED,,,,,
77582907,REQUEST_FAILED,,,,,
77582908,REQUEST_FAILED,,,,,
77582930,REQUEST_FAILED,,,,,
77582943,REQUEST_FAILED,,,,,
77582938,REQUEST_FAILED,,,,,
77583013,REQUEST_FAILED,,,,,
77583039,REQUEST_FAILED,,,,,
77583046,REQUEST_FAILED,,,,,
77583082,deadAbandoned,LIQUIDTALK,"Jul. 08, 2009","LiquidTalk, Inc.",,danderson@liquidtalk.com
77583060,REQUEST_FAILED,,,,,
77583075,REQUEST_FAILED,,,,,
77583100,REQUEST_FAILED,,,,,
77583134,REQUEST_FAILED,,,,,
77583147,REQUEST_FAILED,,,,,
77583174,deadAbandoned,HARDCORE 24 GYM,"Dec. 28, 2009","Willis, Matthew",,mattgwillis21@msn.com
77583160,REQUEST_FAILED,,,,,
77583162,REQUEST_FAILED,,,,,
77583250,REQUEST_FAILED,,,,,
77583336,deadAbandoned,FABUTRIM,"Dec. 07, 2009","Body Dynamics, Inc.",,
77583294,REQUEST_FAILED,,,,,
77583351,REQUEST_FAILED,,,,,
77583339,deadAbandoned,FABUTHIN,"Dec. 07, 2009","Body Dynamics, Inc.",,
77583454,REQUEST_FAILED,,,,,
77583534,REQUEST_FAILED,,,,,
77583542,REQUEST_FAILED,,,,,
77583614,deadAbandoned,INSIDE TRADER,"Dec. 14, 2009","Grmovsek, Stan",,
77583606,REQUEST_FAILED,,,,,
77583641,REQUEST_FAILED,,,,,
77583667,REQUEST_FAILED,,,,,
77583683,REQUEST_FAILED,,,,,
77583701,REQUEST_FAILED,,,,,
77583910,REQUEST_FAILED,,,,,
77583865,REQUEST_FAILED,,,,,
77583931,REQUEST_FAILED,,,,,
77584050,deadAbandoned,PHLOCKER,"Dec. 22, 2009","Meet the Phlockers, LLC",,admin@meetthephlockers.com
77584011,REQUEST_FAILED,,,,,
77584016,REQUEST_FAILED,,,,,
77584020,REQUEST_FAILED,,,,,
77584066,REQUEST_FAILED,,,,,
77584074,REQUEST_FAILED,,,,,
77584109,REQUEST_FAILED,,,,,
77584197,REQUEST_FAILED,,,,,
77584187,REQUEST_FAILED,,,,,
77584223,REQUEST_FAILED,,,,,
77584337,deadAbandoned,TEXTPRICEIT,"Dec. 14, 2009","CampusI, Inc.",,fh11@hotmail.com
77584245,REQUEST_FAILED,,,,,
77584389,REQUEST_FAILED,,,,,
77584401,REQUEST_FAILED,,,,,
77584621,deadAbandoned,AMERICAN OKINAWAN KARATE ASSOCIATION,"Jul. 15, 2009","American Okinawan Karate Association, Inc.",,
77584596,REQUEST_FAILED,,,,,
77584635,deadAbandoned,DEFEASANCE DONE RIGHT,"Jul. 01, 2009","Equity Defeasance Consulting, LLC",,spardoe@equitydefeasance.com
77584639,REQUEST_FAILED,,,,,
77584660,REQUEST_FAILED,,,,,
77584670,REQUEST_FAILED,,,,,
77584693,deadAbandoned,HUGE POSTCARD,"Jul. 08, 2009",Smokin' Hot Productions,,info@smokinhotproductions.com
77584737,deadAbandoned,ENCOMPASS GREEN,"Jul. 02, 2009",Encompass Green Incorporated,,christina@encompassgreen.com
77584755,REQUEST_FAILED,,,,,
77584761,REQUEST_FAILED,,,,,
77584771,REQUEST_FAILED,,,,,
77584772,REQUEST_FAILED,,,,,
77584797,REQUEST_FAILED,,,,,
77584804,REQUEST_FAILED,,,,,
77584894,REQUEST_FAILED,,,,,
77584956,REQUEST_FAILED,,,,,
77584994,REQUEST_FAILED,,,,,
77585044,REQUEST_FAILED,,,,,
77585121,REQUEST_FAILED,,,,,
77585189,REQUEST_FAILED,,,,,
77585464,deadAbandoned,MIG,"Jul. 09, 2009",The Map Office,,info@themapoffice.com
77585246,REQUEST_FAILED,,,,,
77585470,deadAbandoned,MEXICO925,"Jul. 16, 2009","Mercer, Andrew",,jorgemts@msn.com
77585279,REQUEST_FAILED,,,,,
77585626,deadAbandoned,ENTERTAINMENT TONIGHT,"Apr. 22, 2009",GILI RITZ,,GILI.RITZ@YAHOO.COM
77585656,deadAbandoned,GRIDSIM,"Jul. 06, 2009",Wai Yan Ho,,waiyan@gridsimtech.com
77585608,REQUEST_FAILED,,,,,
77585717,deadAbandoned,REAL RICH PRODUCTIONS,"Apr. 21, 2009",Real Rich Productions LLC,,josh@realrichproductions.com
77585662,REQUEST_FAILED,,,,,
77585673,REQUEST_FAILED,,,,,
77585779,deadAbandoned,BIANCHI,"Jul. 13, 2009","John Chum, Inc.",,ORL_FLA_USA@yahoo.com
77585754,REQUEST_FAILED,,,,,
77585756,REQUEST_FAILED,,,,,
77585763,REQUEST_FAILED,,,,,
77585768,REQUEST_FAILED,,,,,
77585844,deadAbandoned,TWISTED SKATEBOARDS,"Jul. 14, 2009","Parish, Kevin",,kparish007@sbcglobal.net
77585813,REQUEST_FAILED,,,,,
77585830,REQUEST_FAILED,,,,,
77585843,REQUEST_FAILED,,,,,
77585885,deadAbandoned,AERODEON,"Dec. 21, 2009","Bourke, Chris",,chris.bourke1@gmail.com
77585871,deadAbandoned,GIGGLE JUICE,"Jul. 13, 2009",David A. Kanbar,,dkanbar@gmail.com
77585857,REQUEST_FAILED,,,,,
77585883,REQUEST_FAILED,,,,,
77585964,REQUEST_FAILED,,,,,
77586030,REQUEST_FAILED,,,,,
77586059,REQUEST_FAILED,,,,,
77586091,REQUEST_FAILED,,,,,
77586119,REQUEST_FAILED,,,,,
77586177,REQUEST_FAILED,,,,,
77586179,REQUEST_FAILED,,,,,
77586224,REQUEST_FAILED,,,,,
77586252,REQUEST_FAILED,,,,,
77586260,REQUEST_FAILED,,,,,
77586300,REQUEST_FAILED,,,,,
77586331,REQUEST_FAILED,,,,,
77586303,REQUEST_FAILED,,,,,
77586403,REQUEST_FAILED,,,,,
77586410,REQUEST_FAILED,,,,,
77586455,REQUEST_FAILED,,,,,
77586454,REQUEST_FAILED,,,,,
77586567,deadAbandoned,SLIDE,"Dec. 21, 2009",SUMMERFIELD TOBACCO COMPANY LLC,,regaldf@bellsouth.net
77586504,deadAbandoned,HARD TIMES BEAUTY,"Dec. 28, 2009",Judy Hyun An Vulchev,,judyanvulchev@gmail.com
77586633,deadAbandoned,CHARLOTTE · NC FASHION WEEK,"Jul. 07, 2009","Simons, Anthony Tyrone",,anthony@charlottencfashionweek.com
77586656,deadAbandoned,UNIFORM KEYBOARD SYSTEM,"Nov. 29, 2009","Saltsman, Joseph C",,jcsaltsman@comcast.net
77586572,REQUEST_FAILED,,,,,
77586692,deadAbandoned,BUILDING ENERGY SOLUTIONS,"Jul. 22, 2009",Prodigy Homes LLC,,jonathan@myprodigyhome.com
77586724,deadAbandoned,DELICIOUSO,"Jul. 09, 2009","Rossi Company, LLC",,victorsrossi@hotmail.com
77586637,REQUEST_FAILED,,,,,
77586648,REQUEST_FAILED,,,,,
77586671,REQUEST_FAILED,,,,,
77586794,REQUEST_FAILED,,,,,
77586823,REQUEST_FAILED,,,,,
77586926,REQUEST_FAILED,,,,,
77586964,REQUEST_FAILED,,,,,
77587026,REQUEST_FAILED,,,,,
77587062,REQUEST_FAILED,,,,,
77587119,REQUEST_FAILED,,,,,
77587184,REQUEST_FAILED,,,,,
77587207,REQUEST_FAILED,,,,,
77587284,REQUEST_FAILED,,,,,
77587317,REQUEST_FAILED,,,,,
77587323,REQUEST_FAILED,,,,,
77587405,REQUEST_FAILED,,,,,
77587417,REQUEST_FAILED,,,,,
77587461,REQUEST_FAILED,,,,,
77587466,REQUEST_FAILED,,,,,
77587578,deadAbandoned,BLATINO,"Oct. 26, 2009","Pitbull Productions, Inc.",,info@thugmart.com
77587493,REQUEST_FAILED,,,,,
77587560,REQUEST_FAILED,,,,,
77587588,REQUEST_FAILED,,,,,
77587608,REQUEST_FAILED,,,,,
77587719,REQUEST_FAILED,,,,,
77587749,deadAbandoned,None,"Dec. 21, 2009",Simon Peter Consulting,,billybleuh@yahoo.com
77587806,deadAbandoned,EZ SURGICAL,"Dec. 21, 2009","EZ Surgical, Inc.",,noah@ezsurgical.com
77587743,REQUEST_FAILED,,,,,
77587908,deadAbandoned,EXECUTIVE REALTOR,"Jul. 07, 2009","Osegueda, David",,
77587844,REQUEST_FAILED,,,,,
77587924,deadAbandoned,BEVERLY HILLS MRI GUIDED FOCUSED ULTRASOUND,"Jul. 14, 2009","Afari, Arash",,aafari@aya.yale.edu
77587909,deadAbandoned,SPORTS ACTION IMAGERY,"Jul. 09, 2009","Parsons, Kirk J",,kparsons@sportsactionimagery.com
77587892,REQUEST_FAILED,,,,,
77587954,deadAbandoned,ECOCOLLECTION,"Jul. 07, 2009","Canterbury Wood Floors, LLC",,simon@canterburyflooring.com
77587934,REQUEST_FAILED,,,,,
77587951,REQUEST_FAILED,,,,,
77588000,deadAbandoned,CREDIT CRUNCH,"Jul. 09, 2009","Beany, Captain",,captainbeany@hotmail.co.uk
77588039,deadAbandoned,FLOWERFORCE,"Jun. 20, 2009",Kieft Bloemzaden BV,,mdekker@kieftseeds.com
77587986,REQUEST_FAILED,,,,,
77587995,REQUEST_FAILED,,,,,
77588197,deadAbandoned,PACKAGE IT FORWARD,"Jul. 09, 2009",Encore Design,,encoredesign@mac.com
77588029,REQUEST_FAILED,,,,,
77588103,REQUEST_FAILED,,,,,
77588132,REQUEST_FAILED,,,,,
77588233,REQUEST_FAILED,,,,,
77588240,REQUEST_FAILED,,,,,
77588272,REQUEST_FAILED,,,,,
77588394,deadAbandoned,BANANA BON BONS,"Jul. 09, 2009",Summertime Organics,,summertimebonbons@yahoo.com
77588311,deadAbandoned,WIDEO,"Jul. 09, 2009","Cesari Response Television, Inc.",,jeff@cesaridirect.com
77588314,REQUEST_FAILED,,,,,
77588370,REQUEST_FAILED,,,,,
77588402,REQUEST_FAILED,,,,,
77588442,REQUEST_FAILED,,,,,
77588474,REQUEST_FAILED,,,,,
77588509,REQUEST_FAILED,,,,,
77588589,REQUEST_FAILED,,,,,
77588817,deadAbandoned,ANIMA FILMS,"Jul. 08, 2009",Anima Films Incorporated,,david@animafilms.net
77588747,REQUEST_FAILED,,,,,
77588768,REQUEST_FAILED,,,,,
77588812,REQUEST_FAILED,,,,,
77588828,REQUEST_FAILED,,,,,
77588838,REQUEST_FAILED,,,,,
77588865,REQUEST_FAILED,,,,,
77588870,deadAbandoned,ONESTANCE,"Jul. 08, 2009","Olson, Kyle J.",,Kyle@StanceCo.com
77588883,deadAbandoned,ARMOR HANGER,"Jul. 10, 2009",Armor Hanger,,swedbergclark@msn.com
77588884,REQUEST_FAILED,,,,,
77588895,deadAbandoned,COMMERCIAL CREDIT REPORTS,"Jul. 08, 2009","Commercial Credit Reports, Inc.",,pam@commercialcreditreports.com
77588915,deadAbandoned,PET INDUSTRY DATABASE,"Jul. 13, 2009",Pinogy Corporation,,rcook@pinogy.com
77588909,REQUEST_FAILED,,,,,
77588910,REQUEST_FAILED,,,,,
77588920,deadAbandoned,GREENLEAF,"Jul. 09, 2009","REFISOUP.COM, INC.",,a.clarambeau@Gmail.com
77588913,REQUEST_FAILED,,,,,
77588918,REQUEST_FAILED,,,,,
77588921,REQUEST_FAILED,,,,,
77588941,REQUEST_FAILED,,,,,
77588957,REQUEST_FAILED,,,,,
77588961,REQUEST_FAILED,,,,,
77588972,REQUEST_FAILED,,,,,
77588978,REQUEST_FAILED,,,,,
77588980,REQUEST_FAILED,,,,,
77588988,REQUEST_FAILED,,,,,
77588991,REQUEST_FAILED,,,,,
77589013,deadAbandoned,DIRTY SOUTH,"Jul. 13, 2009","Roganovic, Dragan",,lesley@mediaartslawyers.com
77588998,REQUEST_FAILED,,,,,
77589012,REQUEST_FAILED,,,,,
77589016,REQUEST_FAILED,,,,,
77589030,REQUEST_FAILED,,,,,
77589026,REQUEST_FAILED,,,,,
77589031,REQUEST_FAILED,,,,,
77589040,REQUEST_FAILED,,,,,
77589132,REQUEST_FAILED,,,,,
77589257,REQUEST_FAILED,,,,,
77589274,REQUEST_FAILED,,,,,
77589296,REQUEST_FAILED,,,,,
77589335,deadAbandoned,STOWE,"Sep. 17, 2009",Stowe Global Indexes LLC,,jlacorte@snetworkllc.com
77589317,REQUEST_FAILED,,,,,
77589378,deadAbandoned,NAVARRO ENGINE WARE,"Mar. 27, 2009",Ernesto Navarro,,navarro10105@verizon.net
77589430,REQUEST_FAILED,,,,,
77589516,REQUEST_FAILED,,,,,
77589525,REQUEST_FAILED,,,,,
77589551,REQUEST_FAILED,,,,,
77589597,deadAbandoned,ONTRAX TIMESHEETS,"Jul. 15, 2009","Integration Technology, Inc.",,scott_pietroski@hotmail.com
77589565,REQUEST_FAILED,,,,,
77589637,REQUEST_FAILED,,,,,
77589767,REQUEST_FAILED,,,,,
77589772,REQUEST_FAILED,,,,,
77589778,REQUEST_FAILED,,,,,
77589811,REQUEST_FAILED,,,,,
77589910,deadAbandoned,OFF TOPIC,"Dec. 28, 2009",Fun Box LLC,,calvin@funboxgroup.com
77589838,REQUEST_FAILED,,,,,
77589852,REQUEST_FAILED,,,,,
77589964,deadAbandoned,BRANDSMAN,"Nov. 30, 2009","Wheeldon, Ronald B. R.",,ron@brands-man.com
77589899,REQUEST_FAILED,,,,,
77589986,deadAbandoned,RYRY,"Jul. 15, 2009","Beechler, Margaret L",,l_beechler@yahoo.com
77590000,deadAbandoned,THE 3RD ELEMENT,"Jul. 14, 2009","The Heritage Institute, LLC",,kristin@theheritageinstitute.com
77589966,REQUEST_FAILED,,,,,
77589969,REQUEST_FAILED,,,,,
77590094,deadAbandoned,NUTRITIONALLY YOURS,"Jul. 15, 2009","Figs & Twigs, Inc.",,dralanep@gmail.com
77589988,REQUEST_FAILED,,,,,
77590019,REQUEST_FAILED,,,,,
77590040,REQUEST_FAILED,,,,,
77590123,deadAbandoned,THE SAFEST BANK IN THE WORLD,"Jul. 17, 2009","Levy, Richard C.",,toysrme@gmail.com
77590099,REQUEST_FAILED,,,,,
77590203,REQUEST_FAILED,,,,,
77590240,deadAbandoned,BIO-COMFORT,"Jul. 15, 2009",Silion Company Limited,,info@silion.com.hk
77590220,REQUEST_FAILED,,,,,
77590309,REQUEST_FAILED,,,,,
77590318,REQUEST_FAILED,,,,,
77590385,REQUEST_FAILED,,,,,
77590557,REQUEST_FAILED,,,,,
77590595,REQUEST_FAILED,,,,,
77590586,REQUEST_FAILED,,,,,
77590589,REQUEST_FAILED,,,,,
77590621,REQUEST_FAILED,,,,,
77590789,deadAbandoned,WHOLE FAMILY WEALTH ADVISOR,"Jul. 14, 2009",Family Wealth Planning Institute,,alexis@familywealthmatters.com
77590770,REQUEST_FAILED,,,,,
77590782,REQUEST_FAILED,,,,,
77590809,REQUEST_FAILED,,,,,
77590822,REQUEST_FAILED,,,,,
77590869,deadAbandoned,RARE GEM,"Nov. 13, 2009","Jackson, Tasha M",,Tashmjackson@aol.com
77590840,REQUEST_FAILED,,,,,
77590867,REQUEST_FAILED,,,,,
77590897,REQUEST_FAILED,,,,,
77590934,deadAbandoned,PORTAPPLE,"Jul. 14, 2009",Portapple L.L.C.,,gerard_ho@sbcglobal.net
77590901,REQUEST_FAILED,,,,,
77590952,REQUEST_FAILED,,,,,
77590957,REQUEST_FAILED,,,,,
77590992,REQUEST_FAILED,,,,,
77591010,REQUEST_FAILED,,,,,
77591015,REQUEST_FAILED,,,,,
77591022,REQUEST_FAILED,,,,,
77591085,deadAbandoned,MUFTIE,"Jul. 16, 2009","John Williams Backhoe, Inc.",,johnwilliams11662@yahoo.com
77591059,REQUEST_FAILED,,,,,
77591068,REQUEST_FAILED,,,,,
77591086,REQUEST_FAILED,,,,,
77591092,REQUEST_FAILED,,,,,
77591128,REQUEST_FAILED,,,,,
77591206,deadAbandoned,HISTORY OF MONEY,"Aug. 07, 2009","Kitzen, Jonathan R.",,mkafilm@yahoo.com
77591226,REQUEST_FAILED,,,,,
77591269,deadAbandoned,THE PHONEBOOTH,"Jul. 22, 2009",24HR Products LLC,,nick@24hr-products.com
77591248,REQUEST_FAILED,,,,,
77591270,REQUEST_FAILED,,,,,
77591307,deadAbandoned,FRANCHISE BUFFET,"Jun. 18, 2009","Brogna, William",,franchise09@bellsouth.net
77591281,REQUEST_FAILED,,,,,
77591377,REQUEST_FAILED,,,,,
77591393,REQUEST_FAILED,,,,,
77591507,deadAbandoned,PLANT SAVVY,"Jul. 15, 2009",Monrovia Nursery,,ldixson@monrovia.com
77591470,REQUEST_FAILED,,,,,
77591536,REQUEST_FAILED,,,,,
77591711,deadAbandoned,None,"Jul. 14, 2009",Eye Tactical Inc.,,attorneys@taxlaw-patents.com
77591632,REQUEST_FAILED,,,,,
77591654,REQUEST_FAILED,,,,,
77591696,REQUEST_FAILED,,,,,
77591805,deadAbandoned,COMBAT COOLER,"Jul. 21, 2009",WEIDMAN BEVERAGE CORP.,,brad@mmabigbrands.com
77591709,REQUEST_FAILED,,,,,
77591726,REQUEST_FAILED,,,,,
77591833,deadAbandoned,APOSTROPHE COFFEE,"Dec. 28, 2009",Mansour Bennouna,,mbennouna@vivavoip.com
77591793,REQUEST_FAILED,,,,,
77591809,REQUEST_FAILED,,,,,
77591835,deadAbandoned,STAY ACTIVE.COM,"Jul. 14, 2009",Kieg Enterprises LLC,,kiegenterprisesllc@verizon.net
77591817,REQUEST_FAILED,,,,,
77591826,REQUEST_FAILED,,,,,
77591864,deadAbandoned,ALOTTO GELATO,"Jul. 16, 2009","R&D Restaurants, Inc.",,rwalton@nwlink.com
77591843,REQUEST_FAILED,,,,,
77591878,deadAbandoned,RITUAL BUILDER,"Jul. 16, 2009","Grace-Braun, Virginia",,vgbraun@sonic.net
77591898,deadAbandoned,BETUSA.COM,"Jul. 21, 2009",Online Management Services,,wgn@betusa.com
77591851,REQUEST_FAILED,,,,,
77591868,REQUEST_FAILED,,,,,
77591880,REQUEST_FAILED,,,,,
77591893,REQUEST_FAILED,,,,,
77591951,REQUEST_FAILED,,,,,
77591990,REQUEST_FAILED,,,,,
77591991,REQUEST_FAILED,,,,,
77592135,deadAbandoned,INJECTABLE COMPOSITE,"Jul. 17, 2009","Apex Dental Materials, Inc.",,Scott.Lamerand@apexdentalmaterials.com
77592011,REQUEST_FAILED,,,,,
77592060,REQUEST_FAILED,,,,,
77592104,REQUEST_FAILED,,,,,
77592106,REQUEST_FAILED,,,,,
77592193,REQUEST_FAILED,,,,,
77592201,REQUEST_FAILED,,,,,
77592221,REQUEST_FAILED,,,,,
77592344,REQUEST_FAILED,,,,,
77592426,REQUEST_FAILED,,,,,
77592437,REQUEST_FAILED,,,,,
77592487,REQUEST_FAILED,,,,,
77592513,REQUEST_FAILED,,,,,
77592553,REQUEST_FAILED,,,,,
77592590,REQUEST_FAILED,,,,,
77592609,deadAbandoned,GTUNES,"Jul. 17, 2009",MARC ANGELL,,MDANGELL@GMAIL.COM
77592650,REQUEST_FAILED,,,,,
77592658,REQUEST_FAILED,,,,,
77592681,REQUEST_FAILED,,,,,
77592682,REQUEST_FAILED,,,,,
77592722,REQUEST_FAILED,,,,,
77592726,REQUEST_FAILED,,,,,
77592729,REQUEST_FAILED,,,,,
77592802,deadAbandoned,NET2GO,"Jul. 17, 2009","Net2Go, LLC",,erik.parker@net2gobox.com
77592753,REQUEST_FAILED,,,,,
77592747,REQUEST_FAILED,,,,,
77592769,REQUEST_FAILED,,,,,
77592757,REQUEST_FAILED,,,,,
77592824,deadAbandoned,MULTI PLAY,"Aug. 22, 2009",Ainsworth Game Technology Limited,,tom.davidson@ainsworth.com.au
77592814,deadAbandoned,FIREWORK$,"Dec. 18, 2009",Ainsworth Game Technology Limited,,tom.davidson@ainsworth.com.au
77592807,deadAbandoned,CALIFORNIA REPUBLIC,"Jul. 20, 2009",Backbone Equity Limited,,kisgooby@hotmail.com
77592816,REQUEST_FAILED,,,,,
77592962,REQUEST_FAILED,,,,,
77592966,REQUEST_FAILED,,,,,
77593007,REQUEST_FAILED,,,,,
77592998,REQUEST_FAILED,,,,,
77593146,deadAbandoned,BEVERLY HILLS MRI GUIDED FOCUSED ULTRASOUND,"Jul. 14, 2009","Afari, Arash",,aafari@aya.yale.edu
77593192,REQUEST_FAILED,,,,,
77593184,REQUEST_FAILED,,,,,
77593266,deadAbandoned,ANDREA BUZYN,"Jul. 22, 2009",ANDREA BUZYN INC.,,info@andreabuzyn.com
77593220,REQUEST_FAILED,,,,,
77593280,REQUEST_FAILED,,,,,
77593361,deadAbandoned,ELLIS ISLAND DELICATESSEN,"Dec. 28, 2009","Ellis Island Delicatessen, LLC",,
77593326,REQUEST_FAILED,,,,,
77593381,deadAbandoned,DERMAPHU-ZION NEW YORK · PARIS · LONDON AND SYDNEY,"Jul. 16, 2009",Prophuzion Laboratories Cc (CK2004/127222/23),,sales@prophuzion.com
77593353,REQUEST_FAILED,,,,,
77593414,REQUEST_FAILED,,,,,
77593419,REQUEST_FAILED,,,,,
77593421,REQUEST_FAILED,,,,,
77593425,REQUEST_FAILED,,,,,
77593497,REQUEST_FAILED,,,,,
77593573,REQUEST_FAILED,,,,,
77593606,REQUEST_FAILED,,,,,
77593663,deadAbandoned,DOUBLE SHOT,"Jul. 15, 2009",Ainsworth Game Technology Limited,,tom.davidson@ainsworth.com.au
77593641,REQUEST_FAILED,,,,,
77593694,deadAbandoned,H HALDENWANGER,"Sep. 25, 2009","QUANZHOU XINDE WINNER CERAMICS CO., LTD",,Jacktan@voson.com
77593667,REQUEST_FAILED,,,,,
77593711,REQUEST_FAILED,,,,,
77593781,REQUEST_FAILED,,,,,
77593792,REQUEST_FAILED,,,,,
77593815,REQUEST_FAILED,,,,,
77593817,REQUEST_FAILED,,,,,
77593972,deadAbandoned,THE WRITE IT DOWN CAMPAIGN,"Jul. 22, 2009",Rosie M. Garcia,,cornelwhunter@yahoo.com
77594023,deadAbandoned,CHICAGO NORTHSIDE COLON AND RECTAL CLINIC,"Jul. 21, 2009","heilizer, tim",,theilizer@yahoo.com
77593928,REQUEST_FAILED,,,,,
77593971,REQUEST_FAILED,,,,,
77594043,REQUEST_FAILED,,,,,
77594167,deadAbandoned,LILAC AND LILIES,"Jul. 22, 2009","MD BRANDS, INC.",,
77594048,REQUEST_FAILED,,,,,
77594157,REQUEST_FAILED,,,,,
77594190,REQUEST_FAILED,,,,,
77594501,deadAbandoned,PADIK INTERNATIONAL INC.,"Jul. 17, 2009",Padik International Inc.,,padik@rogers.com
77594281,REQUEST_FAILED,,,,,
77594300,REQUEST_FAILED,,,,,
77594469,deadAbandoned,PADIK,"Jul. 17, 2009",Padik International Inc.,,padik@rogers.com
77594428,REQUEST_FAILED,,,,,
77594568,deadAbandoned,MIKARI,"Jul. 23, 2009","Mitchell, Tiffany",,tmitchell@evcarter.com
77594581,REQUEST_FAILED,,,,,
77594588,REQUEST_FAILED,,,,,
77594673,deadAbandoned,DAWN RAID,"Jul. 23, 2009",Dawn Raid Entertainment Ltd,,lesley@mediaartslawyers.com
77594582,REQUEST_FAILED,,,,,
77594680,deadAbandoned,DAWN RAID ENTERTAINMENT,"Jul. 23, 2009",Dawn Raid Entertainment Ltd,,lesley@mediaartslawyers.com
77594610,REQUEST_FAILED,,,,,
77594688,REQUEST_FAILED,,,,,
77594732,REQUEST_FAILED,,,,,
77594752,REQUEST_FAILED,,,,,
77594838,REQUEST_FAILED,,,,,
77594923,REQUEST_FAILED,,,,,
77595029,REQUEST_FAILED,,,,,
77595033,REQUEST_FAILED,,,,,
77595065,REQUEST_FAILED,,,,,
77595217,REQUEST_FAILED,,,,,
77595421,deadAbandoned,SK8R,"May 20, 2009","Martinez, Carlos A",,camartinez@wisc.edu
77595402,REQUEST_FAILED,,,,,
77595439,REQUEST_FAILED,,,,,
77595442,REQUEST_FAILED,,,,,
77595506,deadAbandoned,EXTENDLOGIC,"Jul. 24, 2009",EXTENDLOGIC,,JOANNAL@EXTENDLOGIC.COM
77595451,REQUEST_FAILED,,,,,
77595523,deadAbandoned,STUFFED ANIMAL KINGDOM,"Jul. 24, 2009",Bullock Michael A,,newsheriff@cox.net
77595472,REQUEST_FAILED,,,,,
77595479,REQUEST_FAILED,,,,,
77595561,deadAbandoned,WEIGHT LOSS CENTERS OF AMERICA,"Aug. 04, 2009",Phillip Mark Milgram,,drm@mdformds.com
77595542,deadAbandoned,LEGEND IN ACTION,"Jul. 23, 2009","Legend in Action, Inc.",,legendinaction@gmail.com
77595540,REQUEST_FAILED,,,,,
77595595,REQUEST_FAILED,,,,,
77595607,REQUEST_FAILED,,,,,
77595627,REQUEST_FAILED,,,,,
77595612,REQUEST_FAILED,,,,,
77595680,deadAbandoned,YOGURTASTIC,"Jul. 23, 2009",KCE Enterprises,,info@yogurtastic.com
77595657,REQUEST_FAILED,,,,,
77595716,deadAbandoned,THE PEOPLE'S MORNING SHOW,"Aug. 04, 2009",Jennifer S. Shade,,jenshadesmail@aol.com
77595693,REQUEST_FAILED,,,,,
77595698,REQUEST_FAILED,,,,,
77595729,deadAbandoned,STATSIT,"Jul. 27, 2009",Espime Finland,,cathy@espime.com
77595747,deadAbandoned,None,"Jun. 19, 2009","Becton, Dickinson and Company",,
77595728,deadAbandoned,COFFEEHOUSE ORIGINAL ROASTS,"Jul. 23, 2009","Shea, Michael J",,zebecmgmt@yahoo.com
77595721,REQUEST_FAILED,,,,,
77595884,deadAbandoned,PERSONAL POCKET PACKET,"Aug. 04, 2009","Zobrosky, Lisa M.",,sales@desertdri.com
77595847,deadAbandoned,FIGHT! LINK,"Jul. 23, 2009",Sports Link (UK) Ltd,,dannyryan@sportslinkfm.com
77595889,deadAbandoned,WOODVIEW AUTOMOTIVE ACCESSORIES,"Jul. 24, 2009","PARTS ID, LLC",,roman@onyxautomotive.com
77595763,REQUEST_FAILED,,,,,
77595786,REQUEST_FAILED,,,,,
77595836,REQUEST_FAILED,,,,,
77595963,deadAbandoned,LIVE A LIQUID LIFE,"Aug. 27, 2009","Live A Liquid Life, LLC.",,mmckillips@yahoo.com
77595920,REQUEST_FAILED,,,,,
77595930,REQUEST_FAILED,,,,,
77595932,REQUEST_FAILED,,,,,
77595965,REQUEST_FAILED,,,,,
77596001,REQUEST_FAILED,,,,,
77596036,REQUEST_FAILED,,,,,
77596042,REQUEST_FAILED,,,,,
77596167,REQUEST_FAILED,,,,,
77596287,REQUEST_FAILED,,,,,
77596442,REQUEST_FAILED,,,,,
77596481,REQUEST_FAILED,,,,,
77596648,deadAbandoned,MY BACK BAG,"Jul. 23, 2009",Padik International Inc.,,padik@rogers.com
77596595,REQUEST_FAILED,,,,,
77596607,REQUEST_FAILED,,,,,
77596647,deadAbandoned,ORPAGE,"Jul. 23, 2009",Padik International Inc.,,padik@rogers.com
77596701,REQUEST_FAILED,,,,,
77596713,REQUEST_FAILED,,,,,
77596747,REQUEST_FAILED,,,,,
77596847,REQUEST_FAILED,,,,,
77596981,deadAbandoned,STREET TRENDS,"Dec. 14, 2009","Eastbay, Inc.",,tbombata@footlocker.com
77597167,deadAbandoned,GOURMET VILLAGE WINE COUNTRY,"Jul. 27, 2009",CONCEPT MIKE & LINDA TOTT INC.,,annatrudeau@gourmetduvillage.com
77597037,REQUEST_FAILED,,,,,
77597056,REQUEST_FAILED,,,,,
77597208,REQUEST_FAILED,,,,,
77597351,deadAbandoned,ARK PADDLEBOARDS,"Sep. 08, 2009",Collins Premo Corporation,,lynnpremo@cfl.rr.com
77597263,REQUEST_FAILED,,,,,
77597490,deadAbandoned,HE'S NOT MY PRESIDENT,"Sep. 04, 2009",Michael J. Curley,,mjtcurley@hotmail.com
77597253,REQUEST_FAILED,,,,,
77597290,REQUEST_FAILED,,,,,
77597512,REQUEST_FAILED,,,,,
77597560,REQUEST_FAILED,,,,,
77597566,REQUEST_FAILED,,,,,
77597674,REQUEST_FAILED,,,,,
77597738,REQUEST_FAILED,,,,,
77597763,REQUEST_FAILED,,,,,
77597793,REQUEST_FAILED,,,,,
77597791,REQUEST_FAILED,,,,,
77598119,deadAbandoned,BOSTON RECRUITING GROUP,"Aug. 04, 2009","Boston Recruiting Group, LLC",,adopfel@aol.com
77597906,REQUEST_FAILED,,,,,
77597914,REQUEST_FAILED,,,,,
77598088,REQUEST_FAILED,,,,,
77598347,REQUEST_FAILED,,,,,
77598351,REQUEST_FAILED,,,,,
77598373,REQUEST_FAILED,,,,,
77598386,REQUEST_FAILED,,,,,
77598423,REQUEST_FAILED,,,,,
77598522,deadAbandoned,VIG TEES,"Dec. 01, 2009",Vig Tees,,mark@vigtees.com
77598456,REQUEST_FAILED,,,,,
77598583,deadAbandoned,STAG HOMME,"Aug. 03, 2009","Fernandez-Quirch, Victor",,staghomme@gmail.com
77598460,REQUEST_FAILED,,,,,
77598597,deadAbandoned,RAW TALENT LIVE FUEGO,"Jul. 01, 2009","ND Rights, LLC",,
77598594,deadAbandoned,RAW TALENT LIVE FUEGO,"Jul. 01, 2009","ND Rights, LLC",,
77598611,deadAbandoned,DIGI-MOTOR,"Dec. 15, 2009","Zhongshan Broad-ocean Motor Co., Ltd.",,zhanghonglu@inipa.com
77598505,REQUEST_FAILED,,,,,
77598571,REQUEST_FAILED,,,,,
77598615,REQUEST_FAILED,,,,,
77598770,REQUEST_FAILED,,,,,
77598782,REQUEST_FAILED,,,,,
77598790,REQUEST_FAILED,,,,,
77598893,REQUEST_FAILED,,,,,
77598908,REQUEST_FAILED,,,,,
77598945,REQUEST_FAILED,,,,,
77598977,REQUEST_FAILED,,,,,
77598978,REQUEST_FAILED,,,,,
77599190,REQUEST_FAILED,,,,,
77599217,REQUEST_FAILED,,,,,
77599229,REQUEST_FAILED,,,,,
77599283,REQUEST_FAILED,,,,,
77599318,REQUEST_FAILED,,,,,
77599436,REQUEST_FAILED,,,,,
77599514,REQUEST_FAILED,,,,,
77599685,deadAbandoned,SPARTAN,"Aug. 18, 2009",PROMET S.A.,,voconnor@indalo.com.ar
77599548,REQUEST_FAILED,,,,,
77599608,REQUEST_FAILED,,,,,
77599990,REQUEST_FAILED,,,,,
77600096,REQUEST_FAILED,,,,,
77600160,REQUEST_FAILED,,,,,
77600280,REQUEST_FAILED,,,,,
77600402,REQUEST_FAILED,,,,,
77600483,REQUEST_FAILED,,,,,
77600490,REQUEST_FAILED,,,,,
77600498,REQUEST_FAILED,,,,,
77600528,REQUEST_FAILED,,,,,
77600550,REQUEST_FAILED,,,,,
77600572,REQUEST_FAILED,,,,,
77600706,deadAbandoned,I SAW,"Sep. 06, 2009","Narisetti, Kim Barrington",,urbancrayonpress@aol.com
77600665,REQUEST_FAILED,,,,,
77600675,REQUEST_FAILED,,,,,
77600771,deadAbandoned,POOL PROBLEMS?,"Nov. 19, 2009","HOLLSTROM, ROSE",,
77600781,deadAbandoned,GUERRILLA AID,"Aug. 04, 2009","Brooks, Barton H.",,barton@globalcolors.org
77600852,deadAbandoned,ADIKTED APPAREL,"Aug. 05, 2009",Christopher J Cury,,chrisc@curys.com
77600705,REQUEST_FAILED,,,,,
77600718,REQUEST_FAILED,,,,,
77600736,REQUEST_FAILED,,,,,
77600916,REQUEST_FAILED,,,,,
77601069,deadAbandoned,CHIMNEY DOCTORS,"Aug. 04, 2009",CHIMNEY DOCTORS OF AMERICAS CORP,,
77601143,deadAbandoned,OL'MAN,"Aug. 08, 2009","White Oak Outdoors, Inc",,cainchw@hotmail.com
77601038,REQUEST_FAILED,,,,,
77601047,REQUEST_FAILED,,,,,
77601063,REQUEST_FAILED,,,,,
77601136,REQUEST_FAILED,,,,,
77601170,REQUEST_FAILED,,,,,
77601183,REQUEST_FAILED,,,,,
77601280,deadAbandoned,GOLDEN TREASURE,"Dec. 07, 2009","Golden Mills, LLC",,marty@goldenmills.com
77601220,REQUEST_FAILED,,,,,
77601255,REQUEST_FAILED,,,,,
77601292,REQUEST_FAILED,,,,,
77601337,REQUEST_FAILED,,,,,
77601497,REQUEST_FAILED,,,,,
77601504,REQUEST_FAILED,,,,,
77601736,deadAbandoned,HARRYCOPTER,"Oct. 19, 2009","Shtadler, Idan",,amazinggiftscorp@yahoo.com
77601593,REQUEST_FAILED,,,,,
77601826,REQUEST_FAILED,,,,,
77601879,deadAbandoned,PLENTYMOREFISH,"Aug. 05, 2009","Moylan, Stephen",,steve.moylan@plentymorefish.com
77602008,deadAbandoned,IN-FUSE,"Aug. 03, 2009",In Fuse,,srngpl@gmail.com
77601891,REQUEST_FAILED,,,,,
77602001,deadAbandoned,MONEYBALL,"Nov. 16, 2009",Winning Moves Inc.,,pecci@winning-moves.com
77602026,REQUEST_FAILED,,,,,
77602032,REQUEST_FAILED,,,,,
77602150,REQUEST_FAILED,,,,,
77602249,REQUEST_FAILED,,,,,
77602568,deadAbandoned,GUSANITO WORM BABY BEDS,"Aug. 01, 2009",Starrupple LLC,,starrupple@yahoo.com
77602575,deadAbandoned,WHO'S THE WORLD'S GREATEST UNDERGROUND RAPPER ?,"Nov. 10, 2009","Naymond Lumpkin Productions, LLC",,joedav9962@yahoo.com
77602466,REQUEST_FAILED,,,,,
77602448,REQUEST_FAILED,,,,,
77602467,REQUEST_FAILED,,,,,
77602501,REQUEST_FAILED,,,,,
77602523,REQUEST_FAILED,,,,,
77602668,deadAbandoned,EXCITIN,"Aug. 03, 2009",Excitin Pty Ltd,,jamesgiancotti@gmail.com
77602670,deadAbandoned,HILONG,"Aug. 03, 2009","BEIJING HUASHI HAILING PETROLEUM MACHINERY EQUIPMENT CO.,LTD.",,zhanghonglu@inipa.com
77602675,REQUEST_FAILED,,,,,
77602739,REQUEST_FAILED,,,,,
77602788,REQUEST_FAILED,,,,,
77602837,REQUEST_FAILED,,,,,
77602988,deadAbandoned,SURFER SANDWICHES,"Aug. 06, 2009",Parker D. Investments,,
77602867,REQUEST_FAILED,,,,,
77602917,REQUEST_FAILED,,,,,
77602984,REQUEST_FAILED,,,,,
77603123,REQUEST_FAILED,,,,,
77602994,REQUEST_FAILED,,,,,
77603231,REQUEST_FAILED,,,,,
77603232,REQUEST_FAILED,,,,,
77603404,REQUEST_FAILED,,,,,
77603588,REQUEST_FAILED,,,,,
77603682,deadAbandoned,RECESSION MOM,"Aug. 03, 2009",Julie Holifield-Sandoval,,recessionmom@live.com
77603644,REQUEST_FAILED,,,,,
77603845,deadAbandoned,SPARK* CREATIVE SERVICES,"Aug. 13, 2009","Schuler, Daniel J.",,dschuler@sparkms.com
77603806,REQUEST_FAILED,,,,,
77603896,deadAbandoned,SUITERX PHARMACY SOFTWARE FOR THE 21ST CENTURY,"Aug. 10, 2009","SuiteRx, LLC",,sashaf@suiterx.com
77603858,REQUEST_FAILED,,,,,
77603921,REQUEST_FAILED,,,,,
77603899,REQUEST_FAILED,,,,,
77603933,REQUEST_FAILED,,,,,
77603978,REQUEST_FAILED,,,,,
77603992,REQUEST_FAILED,,,,,
77604053,REQUEST_FAILED,,,,,
77604184,deadAbandoned,TO LIVE WELL,"Aug. 04, 2009",Ruchi Talati,,ruchi.talati@gmail.com
77604108,REQUEST_FAILED,,,,,
77604116,REQUEST_FAILED,,,,,
77604117,REQUEST_FAILED,,,,,
77604292,deadAbandoned,OH SO GLAMOROUS U,"Aug. 28, 2009","Avellanet, Maria",,ohsoglamorousu@gmail.com
77604397,REQUEST_FAILED,,,,,
77604479,deadAbandoned,HEALTHPLACE AMERICA,"Aug. 04, 2009","Optamin Medical Services, LLC",,cbovard@hpam.com
77604592,REQUEST_FAILED,,,,,
77604578,REQUEST_FAILED,,,,,
77604596,REQUEST_FAILED,,,,,
77604615,REQUEST_FAILED,,,,,
77604642,REQUEST_FAILED,,,,,
77604707,REQUEST_FAILED,,,,,
77604710,REQUEST_FAILED,,,,,
77604789,REQUEST_FAILED,,,,,
77604883,REQUEST_FAILED,,,,,
77604892,REQUEST_FAILED,,,,,
77604937,REQUEST_FAILED,,,,,
77604972,REQUEST_FAILED,,,,,
77604978,REQUEST_FAILED,,,,,
77605011,REQUEST_FAILED,,,,,
77605078,REQUEST_FAILED,,,,,
77605145,REQUEST_FAILED,,,,,
77605157,REQUEST_FAILED,,,,,
77605182,REQUEST_FAILED,,,,,
77605254,REQUEST_FAILED,,,,,
77605421,deadAbandoned,A.I.E. WHERE QUALITY IS PRIORITY,"Aug. 13, 2009",MAMDANI SHAFEEQ,,MM.GOODWISH@GMAIL.COM
77605559,deadAbandoned,ATELIER COLLECTIVE,"Aug. 04, 2009","Atelier Collective, LLC",,andrei@ateliercollective.com
77605562,deadAbandoned,HEALTHY FOCUS UNLIMITED,"Aug. 06, 2009",Vergina Crochett,,winnrr@aol.com
77605556,deadAbandoned,INTELLECTUAL JIHAD,"Jul. 06, 2009",Lawrence Houle,,intermedusa@yahoo.com
77605486,REQUEST_FAILED,,,,,
77605584,deadAbandoned,VISIT NORWAY,"Nov. 03, 2009","Vindheim, Martin",,martin@vindheim.com
77605538,REQUEST_FAILED,,,,,
77605569,REQUEST_FAILED,,,,,
77605574,REQUEST_FAILED,,,,,
77605575,REQUEST_FAILED,,,,,
77605586,REQUEST_FAILED,,,,,
77605599,REQUEST_FAILED,,,,,
77605606,REQUEST_FAILED,,,,,
77605612,REQUEST_FAILED,,,,,
77605642,deadAbandoned,MY SPACE,"Aug. 04, 2009",Simeray,,jsimeray@jm-concepts.com
77605631,REQUEST_FAILED,,,,,
77605632,REQUEST_FAILED,,,,,
77605657,REQUEST_FAILED,,,,,
77605659,REQUEST_FAILED,,,,,
77605678,deadAbandoned,D-BLOCK,"Aug. 03, 2009",Aneera MD INC,,dblockmd@yahoo.com
77605698,deadAbandoned,OWL EYE FISHING LIGHTS,"Aug. 04, 2009",Owl Eye Fishing Lights LLC,,vandy330@aol.com
77605670,REQUEST_FAILED,,,,,
77605684,REQUEST_FAILED,,,,,
77605702,REQUEST_FAILED,,,,,
77605714,REQUEST_FAILED,,,,,
77605715,REQUEST_FAILED,,,,,
77605723,REQUEST_FAILED,,,,,
77605733,REQUEST_FAILED,,,,,
77605738,REQUEST_FAILED,,,,,
77605783,deadAbandoned,HYPERCORE,"Aug. 04, 2009",Plurality Ltd.,,robin@plurality.com
77605771,REQUEST_FAILED,,,,,
77605792,REQUEST_FAILED,,,,,
77605811,REQUEST_FAILED,,,,,
77605865,REQUEST_FAILED,,,,,
77605906,REQUEST_FAILED,,,,,
77605913,REQUEST_FAILED,,,,,
77605925,REQUEST_FAILED,,,,,
77605969,REQUEST_FAILED,,,,,
77605986,REQUEST_FAILED,,,,,
77606019,REQUEST_FAILED,,,,,
77606033,REQUEST_FAILED,,,,,
77606051,REQUEST_FAILED,,,,,
77606189,deadAbandoned,USAMERICA,"Aug. 11, 2009","Hart, John F",,jhart@usamericanet.com
77606153,REQUEST_FAILED,,,,,
77606156,REQUEST_FAILED,,,,,
77606162,REQUEST_FAILED,,,,,
77606277,deadAbandoned,EE ELIO,"Sep. 24, 2009",McPOLO USA CORP,,mcpolousa@yahoo.com
77606222,REQUEST_FAILED,,,,,
77606281,REQUEST_FAILED,,,,,
77606349,deadAbandoned,J. WITTY SPIRITS,"Aug. 06, 2009","J. Witty Spirits, LLC",,jill@jwittyspirits.com
77606366,REQUEST_FAILED,,,,,
77606395,REQUEST_FAILED,,,,,
77606428,REQUEST_FAILED,,,,,
77606464,REQUEST_FAILED,,,,,
77606510,REQUEST_FAILED,,,,,
77606591,REQUEST_FAILED,,,,,
77606578,REQUEST_FAILED,,,,,
77606626,REQUEST_FAILED,,,,,
77606658,REQUEST_FAILED,,,,,
77606752,REQUEST_FAILED,,,,,
77606773,REQUEST_FAILED,,,,,
77606784,REQUEST_FAILED,,,,,
77606824,REQUEST_FAILED,,,,,
77606960,deadAbandoned,DORSIA,"Aug. 11, 2009","Savtchenko, Andrei",,andreisavt@gmail.com
77606900,REQUEST_FAILED,,,,,
77606912,REQUEST_FAILED,,,,,
77606996,REQUEST_FAILED,,,,,
77607134,deadAbandoned,SEE-360,"Aug. 12, 2009","Geng, Zheng Jason",,teddy2008@gmail.com
77607056,REQUEST_FAILED,,,,,
77607059,REQUEST_FAILED,,,,,
77607069,REQUEST_FAILED,,,,,
77607259,deadAbandoned,VALHALLA ONLINE GAME,"Aug. 07, 2009","Mgame USA, Inc.",,aaron@mgameusa.com
77607122,REQUEST_FAILED,,,,,
77607299,deadAbandoned,ALL IN THE STARS,"Dec. 28, 2009",Ainsworth Game Technology Limited,,tom.davidson@ainsworth.com.au
77607228,REQUEST_FAILED,,,,,
77607244,REQUEST_FAILED,,,,,
77607323,deadAbandoned,PAU HANA SURF SUPPLY,"Aug. 12, 2009",Pau Hana Surf Supply,,rhanamai@yahoo.com
77607314,deadAbandoned,BODY DJ,"Aug. 06, 2009","big boing, llc",,matt@bigboing.com
77607309,REQUEST_FAILED,,,,,
77607321,REQUEST_FAILED,,,,,
77607334,REQUEST_FAILED,,,,,
77607363,REQUEST_FAILED,,,,,
77607425,deadAbandoned,PICK-UP WORDS,"Aug. 25, 2009",Jill Gaynor,,jillgaynor@yahoo.com
77607375,REQUEST_FAILED,,,,,
77607390,REQUEST_FAILED,,,,,
77607434,REQUEST_FAILED,,,,,
77607639,deadAbandoned,ROLLOVER DOWNLOADS,"Aug. 07, 2009",Equibase Company LLC,,tcuozzo@jockeyclub.com
77607570,REQUEST_FAILED,,,,,
77607620,REQUEST_FAILED,,,,,
77607646,REQUEST_FAILED,,,,,
77607689,REQUEST_FAILED,,,,,
77607722,REQUEST_FAILED,,,,,
77607768,REQUEST_FAILED,,,,,
77607934,deadAbandoned,REDTAIL RECORDS,"Aug. 13, 2009","Ziminsky, Matthew H.",,matthew@mattyz.com
77607804,REQUEST_FAILED,,,,,
77607922,deadAbandoned,ABOVE GROUND,"Aug. 06, 2009",Above Ground Gardens Limited,,d.schwartz@rogers.com
77607908,REQUEST_FAILED,,,,,
77607931,REQUEST_FAILED,,,,,
77608169,deadAbandoned,DIRECTORYOFDATING,"Aug. 06, 2009","Puglisi, Joseph",,joey@josephpuglisi.com
77608001,REQUEST_FAILED,,,,,
77608006,REQUEST_FAILED,,,,,
77608121,REQUEST_FAILED,,,,,
77608200,deadAbandoned,WOODVIEW AUTOMOTIVE ACCESSORIES,"Jul. 24, 2009","PARTS ID, LLC",,roman@onyxautomotive.com
77608333,deadAbandoned,MYNOTES,"Aug. 06, 2009",Personable Inc.,,Benjamin_Chou@Personable.com
77608286,REQUEST_FAILED,,,,,
77608283,REQUEST_FAILED,,,,,
77608325,REQUEST_FAILED,,,,,
77608396,deadAbandoned,GO CREDIT!,"Aug. 07, 2009",Go Credit,,jschloesser@mygocredit.com
77608363,REQUEST_FAILED,,,,,
77608365,REQUEST_FAILED,,,,,
77608391,REQUEST_FAILED,,,,,
77608398,REQUEST_FAILED,,,,,
77608428,REQUEST_FAILED,,,,,
77608594,REQUEST_FAILED,,,,,
77608542,REQUEST_FAILED,,,,,
77608560,REQUEST_FAILED,,,,,
77608751,deadAbandoned,EZDENTALCHARTING,"May 12, 2009","Shapiro, Gary",,MAGSHAPIRO@SBCGLOBAL.NET
77608726,REQUEST_FAILED,,,,,
77608730,REQUEST_FAILED,,,,,
77608758,REQUEST_FAILED,,,,,
77608761,REQUEST_FAILED,,,,,
77608767,REQUEST_FAILED,,,,,
77608804,REQUEST_FAILED,,,,,
77608874,REQUEST_FAILED,,,,,
77608896,REQUEST_FAILED,,,,,
77608924,REQUEST_FAILED,,,,,
77608941,REQUEST_FAILED,,,,,
77609088,deadAbandoned,HISTORIC VICTORY PLATE,"Jun. 22, 2009",Telebrands Corp.,,pdmurray@cooperdunham.com
77609016,REQUEST_FAILED,,,,,
77609101,deadAbandoned,THE YES WE CAN,"Aug. 11, 2009","Sandhaus, Richard C.",,rcs@discoveryeditions.com
77609071,REQUEST_FAILED,,,,,
77609075,REQUEST_FAILED,,,,,
77609231,deadAbandoned,SURGERY BENEFIT MANAGEMENT SOLUTIONS,"Aug. 04, 2009","Optamin Medical Services, LLC",,cbovard@hpam.com
77609108,REQUEST_FAILED,,,,,
77609158,REQUEST_FAILED,,,,,
77609253,REQUEST_FAILED,,,,,
77609307,REQUEST_FAILED,,,,,
77609300,REQUEST_FAILED,,,,,
77609384,REQUEST_FAILED,,,,,
77609412,REQUEST_FAILED,,,,,
77609416,REQUEST_FAILED,,,,,
77609434,REQUEST_FAILED,,,,,
77609463,deadAbandoned,RANCH HOUSE JERKY,"Aug. 07, 2009","Kennedy, John R",,cbbqa@yahoo.com
77609454,REQUEST_FAILED,,,,,
77609517,deadAbandoned,FEED FERRET,"Aug. 12, 2009",Liquid Cognition,,vfees@liquidcognition.com
77609492,deadAbandoned,NERIS KAYAKS,"Aug. 10, 2009",Konstantin Abramov,,konstantin.abramov@neris.ua
77609503,deadAbandoned,VELOCITY CMS,"Aug. 12, 2009",Liquid Cognition,,vfees@liquidcognition.com
77609620,deadAbandoned,LITTLE NURSERIES,"Aug. 18, 2009","Kaufman, Samuel",,samueld1223@hotmail.com
77609577,REQUEST_FAILED,,,,,
77609601,REQUEST_FAILED,,,,,
77609604,REQUEST_FAILED,,,,,
77609758,REQUEST_FAILED,,,,,
77609766,REQUEST_FAILED,,,,,
77609769,REQUEST_FAILED,,,,,
77609839,REQUEST_FAILED,,,,,
77609950,deadAbandoned,HAWK24X7,"Jul. 14, 2009",Zone24x7 Inc.,,schaynej@zone24x7.com
77609890,REQUEST_FAILED,,,,,
77609868,REQUEST_FAILED,,,,,
77610105,deadAbandoned,None,"Aug. 05, 2009","Fuego Nation, Inc.",,
77610106,deadAbandoned,None,"Aug. 05, 2009","Fuego Nation, Inc.",,
77610001,REQUEST_FAILED,,,,,
77609982,REQUEST_FAILED,,,,,
77610251,REQUEST_FAILED,,,,,
77610302,REQUEST_FAILED,,,,,
77610334,REQUEST_FAILED,,,,,
77610316,REQUEST_FAILED,,,,,
77610363,REQUEST_FAILED,,,,,
77610370,REQUEST_FAILED,,,,,
77610410,REQUEST_FAILED,,,,,
77610413,REQUEST_FAILED,,,,,
77610414,REQUEST_FAILED,,,,,
77610520,deadAbandoned,THE EPIPHANY FOUNDATION,"Aug. 17, 2009",The Epiphany Foundation,,info@theepiphanyfoundation.org
77610443,REQUEST_FAILED,,,,,
77610530,deadAbandoned,HEALTH -CARE- TV,"Aug. 20, 2009","Aesculapian Productions, LLC",,info@aesculapianTV.com
77610538,deadAbandoned,OBAMA-SELF,"Jun. 10, 2009",David Salinas,,enthos@enthos.net
77610503,REQUEST_FAILED,,,,,
77610512,REQUEST_FAILED,,,,,
77610525,REQUEST_FAILED,,,,,
77610526,REQUEST_FAILED,,,,,
77610547,REQUEST_FAILED,,,,,
77610564,deadAbandoned,RANCHO LOS MALULOS,"Dec. 18, 2009","Burns, Elizabeth Todd",,elizabeth@rancholosmalulos.com
77610548,REQUEST_FAILED,,,,,
77610552,REQUEST_FAILED,,,,,
77610570,REQUEST_FAILED,,,,,
77610663,deadAbandoned,SIMENDO,"Aug. 18, 2009",DelltaTech,,dervis_21@hotmail.com
77610591,REQUEST_FAILED,,,,,
77610650,deadAbandoned,THE SUPREME TRANSITIONER,"Aug. 18, 2009","Wray, Curtis D.",,houseonarock@aol.com
77610748,deadAbandoned,KYUDU,"Aug. 12, 2009","Remiks, Inc.",,omarfarha@remiksd.com
77610698,deadAbandoned,44 BLACK,"Oct. 09, 2009","Kloppers, Jean Pierre",,jpkloppers@gmail.com
77610691,REQUEST_FAILED,,,,,
77610802,deadAbandoned,KIDDIE FUND,"Aug. 14, 2009","Harris, Owen Jr.",,owensfiles@aol.com
77610797,REQUEST_FAILED,,,,,
77610868,REQUEST_FAILED,,,,,
77610894,REQUEST_FAILED,,,,,
77610930,REQUEST_FAILED,,,,,
77610967,REQUEST_FAILED,,,,,
77610985,REQUEST_FAILED,,,,,
77611016,REQUEST_FAILED,,,,,
77611031,REQUEST_FAILED,,,,,
77611050,REQUEST_FAILED,,,,,
77611189,deadAbandoned,FASTBALL EVERYONE'S GAME!,"Aug. 19, 2009",David Wayne Frederick,,dfrederick@austin.rr.com
77611293,deadAbandoned,HORRORHOUND WEEKEND,"Aug. 12, 2009",HorrorHound Ltd,,jeremysh@horrorhound.com
77611185,REQUEST_FAILED,,,,,
77611209,REQUEST_FAILED,,,,,
77611140,REQUEST_FAILED,,,,,
77611337,REQUEST_FAILED,,,,,
77611469,deadAbandoned,PROSPERITY PATH,"Nov. 02, 2009",Prosperity Path Consulting LLC,,uptain@starband.net
77611356,REQUEST_FAILED,,,,,
77611446,REQUEST_FAILED,,,,,
77611541,deadAbandoned,ALL THE REST IS JUST ORDINARY,"Aug. 10, 2009",ron wilson,,greatescapes@linkline.com
77611524,deadAbandoned,VELVET MATADOR CANTINA,"Aug. 11, 2009","Fullerton Lounge, Inc",,rob@111harbor.com
77611514,REQUEST_FAILED,,,,,
77611557,REQUEST_FAILED,,,,,
77611563,REQUEST_FAILED,,,,,
77611578,deadAbandoned,KONO'S,"Aug. 12, 2009",JAESA INVERSIONES GLOBALES,,manudp87@hotmail.com
77611574,REQUEST_FAILED,,,,,
77611590,deadAbandoned,SOCIAL NETWORKING SCRIPT,"Jun. 24, 2009",Benc Enterprises AB,,raymond.benc@phpfox.com
77611643,deadAbandoned,LIFE IS GOOD COLLEGE IS FUN,"Aug. 12, 2009","Wu, Dong Hong",,dh89wu@yahoo.com
77611583,REQUEST_FAILED,,,,,
77611592,REQUEST_FAILED,,,,,
77611635,REQUEST_FAILED,,,,,
77611663,REQUEST_FAILED,,,,,
77611781,deadAbandoned,DON'T PASS. DON'T PAY.,"Aug. 14, 2009",CertFX,,Jason@CertFX.com
77611746,REQUEST_FAILED,,,,,
77611767,REQUEST_FAILED,,,,,
77611799,deadAbandoned,FORECLOSURE SITTERS,"Aug. 13, 2009","Foreclosure Sitters, LLC",,foreclosuresitters@sbcglobal.net
77611812,REQUEST_FAILED,,,,,
77611827,REQUEST_FAILED,,,,,
77611908,deadAbandoned,CRACKER 1.5,"Aug. 12, 2009",Joseph Charles August III,,josephaugust@gmail.com
77611895,deadAbandoned,POINT 5,"Aug. 12, 2009",Kimyon Todd Huggins,,kimyon333@gmail.com
77611839,REQUEST_FAILED,,,,,
77611900,REQUEST_FAILED,,,,,
77611904,REQUEST_FAILED,,,,,
77611913,REQUEST_FAILED,,,,,
77612055,deadAbandoned,COUGAR BAIT,"Aug. 12, 2009",Matthew Frantz,,wdlft@aol.com
77612038,REQUEST_FAILED,,,,,
77612198,REQUEST_FAILED,,,,,
77612232,REQUEST_FAILED,,,,,
77612243,REQUEST_FAILED,,,,,
77612257,REQUEST_FAILED,,,,,
77612311,deadAbandoned,FOREST RIDGE VINEYARDS,"Aug. 18, 2009","Dancin Vineyards, LLC",,dancinmanagement@msn.com
77612281,REQUEST_FAILED,,,,,
77612360,deadAbandoned,M,"Oct. 07, 2009",Syreeta L.P. Dinkins,,syreetalpdinkins@zion1zion.com
77612317,REQUEST_FAILED,,,,,
77612313,REQUEST_FAILED,,,,,
77612414,deadAbandoned,KUROGE WAGYU,"Aug. 13, 2009",KUROGE WAGYU,,j.isomura@iaincorporated.com
77612416,deadAbandoned,CLEAN GRILL,"Sep. 04, 2009","ZUCARO, ANDREW",,
77612427,deadAbandoned,NANORAIL,"Jul. 01, 2009","Kulusich, John Louis",,jlk@gridsimtech.com
77612434,deadAbandoned,EDEN,"Aug. 12, 2009",Eden Textiles Ltd.,,mnowak@mathewandco.com
77612404,REQUEST_FAILED,,,,,
77612432,deadAbandoned,BRAINSTORMING NEBULA,"Aug. 24, 2009",The Trustees of the Dave Bown Trust,,info@davebown.org
77612408,REQUEST_FAILED,,,,,
77612430,deadAbandoned,FLOW- MAX,"Aug. 21, 2009","Ningbo Sinppa Tools Co., Ltd.",,zhanghonglu@inipa.com
77612438,deadAbandoned,CANDEO DESIGN CENTER,"Aug. 13, 2009",Eden Textiles Ltd.,,mnowak@mathewandco.com
77612435,deadAbandoned,ELEMENT FURNITURE,"Aug. 12, 2009",Eden Textiles Ltd.,,mnowak@mathewandco.com
77612437,REQUEST_FAILED,,,,,
77612475,REQUEST_FAILED,,,,,
77612543,REQUEST_FAILED,,,,,
77612554,deadAbandoned,VINTAGE MOTORSPORTS,"Aug. 19, 2009",Vintage Motor Sports LLC.,,jay@vintage-motorsports.com
77612558,REQUEST_FAILED,,,,,
77612658,REQUEST_FAILED,,,,,
77612763,REQUEST_FAILED,,,,,
77612770,REQUEST_FAILED,,,,,
77612775,REQUEST_FAILED,,,,,
77612821,REQUEST_FAILED,,,,,
77612842,REQUEST_FAILED,,,,,
77612873,REQUEST_FAILED,,,,,
77612910,REQUEST_FAILED,,,,,
77613151,REQUEST_FAILED,,,,,
77613161,REQUEST_FAILED,,,,,
77613206,REQUEST_FAILED,,,,,
77613248,REQUEST_FAILED,,,,,
77613277,deadAbandoned,EVANTAGE REAL ESTATE,"Aug. 14, 2009","NIVI, Inc.",,vince@evantagere.com
77613286,REQUEST_FAILED,,,,,
77613300,REQUEST_FAILED,,,,,
77613343,deadAbandoned,SEALPRO,"Aug. 18, 2009","Ningbo Sinppa Tools Co., Ltd.",,zhanghonglu@inipa.com
77613434,REQUEST_FAILED,,,,,
77613442,REQUEST_FAILED,,,,,
77613467,REQUEST_FAILED,,,,,
77613479,REQUEST_FAILED,,,,,
77613523,REQUEST_FAILED,,,,,
77613538,REQUEST_FAILED,,,,,
77613623,deadAbandoned,SURPHACE CLEANSE,"Aug. 21, 2009","pHresh Technologies, LLC",,bstrahm@phreshtechnologies.com
77613606,REQUEST_FAILED,,,,,
77613647,REQUEST_FAILED,,,,,
77613736,REQUEST_FAILED,,,,,
77613741,REQUEST_FAILED,,,,,
77613809,REQUEST_FAILED,,,,,
77613881,REQUEST_FAILED,,,,,
77613963,deadAbandoned,PROKERATIN ADVANCED HAIR CARE SYSTEM REVIVES YOUR HAIR,"Feb. 16, 2009",HairClinics Netherlands,,info@hairclinics.com
77613913,REQUEST_FAILED,,,,,
77613940,REQUEST_FAILED,,,,,
77614172,deadAbandoned,THE ORIGINAL POLISH SAUSAGE SLIDER,"Aug. 19, 2009","Full Moon Food-ski, LLC",,cynthia@fullmoonfood-ski.com
77614198,deadAbandoned,LALO Y LOS DESCALZOS ENTERTAINMENT,"Dec. 10, 2009",mario enriquez,,dkdigital1@msn.com
77614117,REQUEST_FAILED,,,,,
77614123,REQUEST_FAILED,,,,,
77614126,REQUEST_FAILED,,,,,
77614194,REQUEST_FAILED,,,,,
77614202,REQUEST_FAILED,,,,,
77614233,deadAbandoned,HUMBLE PIE NYC,"Aug. 14, 2009","Cardillo, Oreste",,DELRAY33483@AOL.COM
77614226,REQUEST_FAILED,,,,,
77614215,REQUEST_FAILED,,,,,
77614301,deadAbandoned,SERENITY NORTHWEST MOBILE SPA,"Aug. 14, 2009",Serenity Northwest Mobile Spa,,mafultz@comcast.net
77614297,deadAbandoned,UNIVERSAL CRISIS INTERVENTION,"Aug. 14, 2009","Universal Crisis Intervention, LLC",,
77614271,REQUEST_FAILED,,,,,
77614296,REQUEST_FAILED,,,,,
77614512,REQUEST_FAILED,,,,,
77614496,REQUEST_FAILED,,,,,
77614618,deadAbandoned,None,"Aug. 18, 2009","EniCark Enterprises, LLC",,enicark@yahoo.com
77614532,REQUEST_FAILED,,,,,
77614680,deadAbandoned,ISOURCE,"Aug. 14, 2009","ISOURCE CONSULTING GROUP, LLC",,
77614651,REQUEST_FAILED,,,,,
77614645,REQUEST_FAILED,,,,,
77614845,REQUEST_FAILED,,,,,
77614862,REQUEST_FAILED,,,,,
77614930,deadAbandoned,MORTGAGE SCIENCE,"Aug. 14, 2009","Somispo, Incorporated",,tim@somispo.com
77614910,REQUEST_FAILED,,,,,
77615008,deadAbandoned,None,"Aug. 16, 2009",Jill Flynn,,
77614924,REQUEST_FAILED,,,,,
77615092,deadAbandoned,U.S. LUBE,"Aug. 28, 2009","D&M Global Marketing, LLC",,
77614970,REQUEST_FAILED,,,,,
77615045,REQUEST_FAILED,,,,,
77615115,deadAbandoned,SASHA & MALIA,"Aug. 12, 2009","SAKKAL, LEON",,
77615126,REQUEST_FAILED,,,,,
77615207,deadAbandoned,VISUALDATA.COM,"Aug. 27, 2009",Vladimir V. Kelaskin,,vladimir@vtc-inc.com
77615157,REQUEST_FAILED,,,,,
77615214,deadAbandoned,"BOOK EVANGELIST, THE","Aug. 17, 2009","Rohr, Steven, B.",,bookevangelist@gmail.com
77615187,REQUEST_FAILED,,,,,
77615199,REQUEST_FAILED,,,,,
77615265,deadAbandoned,FOUR FINGERS AND A THUMB,"Sep. 17, 2009","Belin jr., Jerome",,BuKnasty_708@yahoo.com
77615237,REQUEST_FAILED,,,,,
77615258,REQUEST_FAILED,,,,,
77615305,deadAbandoned,ORGANIZATIONAL EXCELLENCE IN THE 21ST CENTURY,"Aug. 19, 2009","Alvarado, Celso",,celso_alvarado@hotmail.com
77615326,deadAbandoned,SMSBOOK,"Aug. 18, 2009","Sastry, Raghu",,raghu_sastry@junobe.com
77615286,REQUEST_FAILED,,,,,
77615290,REQUEST_FAILED,,,,,
77615351,deadAbandoned,SAYYES2THEDRESS.COM,"Aug. 14, 2009","Surdej, Roy H",,j_surdej@yahoo.com
77615297,REQUEST_FAILED,,,,,
77615588,deadAbandoned,PARTY-SNAPS,"Aug. 18, 2009",John Price,,john@johnpricephoto.com
77615548,deadAbandoned,SMOOCH WEDDINGS RINGS BY APPOINTMENT,"Aug. 20, 2009","Unger, Jeff M",,jeff@i-do.net
77615412,REQUEST_FAILED,,,,,
77615446,REQUEST_FAILED,,,,,
77615499,REQUEST_FAILED,,,,,
77615615,deadAbandoned,FRESENIUS UMWELTTECHNIK SATEC U.S.A.,"Aug. 18, 2009",SATEC USA LLC,,chosrah@yahoo.com
77615530,REQUEST_FAILED,,,,,
77615593,REQUEST_FAILED,,,,,
77615686,REQUEST_FAILED,,,,,
77615761,deadAbandoned,LIFE IONIZER'S KANGEN WATER,"Jun. 24, 2009",Richard H. Cabados,,
77615739,REQUEST_FAILED,,,,,
77615780,REQUEST_FAILED,,,,,
77615818,REQUEST_FAILED,,,,,
77615853,REQUEST_FAILED,,,,,
77615894,deadAbandoned,"LUCKY KLOVER, INC JANITORIAL & INTEGRATED FACILITY SERVICES","Aug. 24, 2009","Kim, Kyung Suk",,bmorneau@luckyklover.net
77615862,REQUEST_FAILED,,,,,
77616028,deadAbandoned,THE SELBY,"Aug. 20, 2009",Todd Selby Inc.,,tselby@gmail.com
77615981,deadAbandoned,COUNTRY & AREA CODES,"Aug. 20, 2009",Savy Soda Pty Ltd,,xin@savysoda.com
77615955,REQUEST_FAILED,,,,,
77615983,REQUEST_FAILED,,,,,
77616052,REQUEST_FAILED,,,,,
77616067,REQUEST_FAILED,,,,,
77616091,REQUEST_FAILED,,,,,
77616120,REQUEST_FAILED,,,,,
77616131,REQUEST_FAILED,,,,,
77616144,REQUEST_FAILED,,,,,
77616148,REQUEST_FAILED,,,,,
77616157,REQUEST_FAILED,,,,,
77616166,REQUEST_FAILED,,,,,
77616175,REQUEST_FAILED,,,,,
77616208,deadAbandoned,SMASHBOOK,"Aug. 20, 2009","Newmarketbuilders, Inc.",,lisa@newmarketbuilders.com
77616214,deadAbandoned,EFFORTLESS ENGLISH,"Aug. 18, 2009",Effortless English LLC,,aj@ajhoge.com
77616192,REQUEST_FAILED,,,,,
77616193,REQUEST_FAILED,,,,,
77616231,deadAbandoned,FANCICOVERS,"Aug. 18, 2009",Maryam Rahbari,,jujeh_rahbari@yahoo.com
77616212,REQUEST_FAILED,,,,,
77616232,REQUEST_FAILED,,,,,
77616238,REQUEST_FAILED,,,,,
77616266,REQUEST_FAILED,,,,,
77616339,REQUEST_FAILED,,,,,
77616329,REQUEST_FAILED,,,,,
77616401,REQUEST_FAILED,,,,,
77616441,REQUEST_FAILED,,,,,
77616474,REQUEST_FAILED,,,,,
77616478,REQUEST_FAILED,,,,,
77616629,deadAbandoned,HACHI SHEARS,"Aug. 17, 2009","HACHI SHEARS, INC.",,john@hachishears.com
77616585,REQUEST_FAILED,,,,,
77616637,deadAbandoned,DO IT RIGHT HEALTH & FITNESS,"Aug. 18, 2009","Sardone, Michael R",,drsardone@hotmail.com
77616653,deadAbandoned,LIFE VITAMIN SOFT DRINK,"Aug. 27, 2009","B12 Beverages, LLC",,jp@drinklife.net
77616722,deadAbandoned,BUSINESS AND COMMERCIAL LISTINGS SALES GUIDE,"Aug. 25, 2009",Performance Media Trust,,bandclsg@live.com
77616861,deadAbandoned,PATTERN OF CHAOS,"Aug. 21, 2009",Thomas Vestal,,tom_vestal@yahoo.com
77616675,REQUEST_FAILED,,,,,
77616670,REQUEST_FAILED,,,,,
77616710,REQUEST_FAILED,,,,,
77616835,REQUEST_FAILED,,,,,
77616953,REQUEST_FAILED,,,,,
77616986,REQUEST_FAILED,,,,,
77617037,deadAbandoned,SOMEWHERE,"Dec. 07, 2009",CGE Enterprises LLC,,jhastings@vermontcountrystore.com
77617018,deadAbandoned,NEARNESS,"Dec. 07, 2009",CGE Enterprises LLC,,jhastings@vermontcountrystore.com
77617069,deadAbandoned,PAINFUL GREETINGS,"Aug. 25, 2009","Deuling,Richard,A.",,ricknshell@embarqmail.com
77617067,REQUEST_FAILED,,,,,
77617072,REQUEST_FAILED,,,,,
77617082,REQUEST_FAILED,,,,,
77617087,REQUEST_FAILED,,,,,
77617091,REQUEST_FAILED,,,,,
77617165,deadAbandoned,GLACIAL AGE,"Aug. 26, 2009","Chasin, Robert",,bchasin888@aol.com
77617102,REQUEST_FAILED,,,,,
77617183,deadAbandoned,BRAIN INJURY CENTER USA,"Jun. 18, 2009",King Christian,,cking@earthnet.com.au
77617178,deadAbandoned,SEIZE THE A,"Aug. 27, 2009","Henricksen, Wes",,weshenricksen@hotmail.com
77617131,REQUEST_FAILED,,,,,
77617169,REQUEST_FAILED,,,,,
77617342,deadAbandoned,ROJO PASION,"Aug. 20, 2009",FONSECA REYES CARLOS MIGUEL,,saljim7@hotmail.com
77617172,REQUEST_FAILED,,,,,
77617202,deadAbandoned,DR. CLEAR,"Aug. 20, 2009",MDT MICRO DIAMOND TECHNOLOGIES LTD,,jamier@mdtdental.com
77617226,REQUEST_FAILED,,,,,
77617360,REQUEST_FAILED,,,,,
77617361,REQUEST_FAILED,,,,,
77617395,REQUEST_FAILED,,,,,
77617402,REQUEST_FAILED,,,,,
77617443,REQUEST_FAILED,,,,,
77617516,REQUEST_FAILED,,,,,
77617621,deadAbandoned,WISHING,"Dec. 07, 2009",CGE Enterprises LLC,,jhastings@vermontcountrystore.com
77617660,deadAbandoned,FIELD OF FLOWERS,"Oct. 26, 2009",CGE Enterprises LLC,,jhastings@vermontcountrystore.com
77617636,REQUEST_FAILED,,,,,
77617651,REQUEST_FAILED,,,,,
77617657,REQUEST_FAILED,,,,,
77617782,REQUEST_FAILED,,,,,
77617902,REQUEST_FAILED,,,,,
77617914,REQUEST_FAILED,,,,,
77617917,REQUEST_FAILED,,,,,
77618064,deadAbandoned,THREEWORDS,"Nov. 21, 2009","Bell, Janine A.",,janine307@gmail.com
77617963,REQUEST_FAILED,,,,,
77617968,REQUEST_FAILED,,,,,
77618084,REQUEST_FAILED,,,,,
77618096,REQUEST_FAILED,,,,,
77618114,REQUEST_FAILED,,,,,
77618189,deadAbandoned,GOD OF PERFECTION,"Dec. 21, 2009",Lawrence Houle,,godofreason@yahoo.com
77618163,REQUEST_FAILED,,,,,
77618198,deadAbandoned,MONEYTAX,"Sep. 08, 2009",Moneytax Financial Centre Pty Ltd,,moneytax@bigpond.com
77618205,deadAbandoned,SERVICEYE SPIDER,"Nov. 16, 2009",Shenick Software Systems Inc,,liam.murphy@shenick.com
77618181,REQUEST_FAILED,,,,,
77618248,deadAbandoned,MOBILE MONDAY,"Aug. 26, 2009",Mobile Monday Ltd.,,markus.myhrberg@mobilemonday.net
77618191,REQUEST_FAILED,,,,,
77618197,REQUEST_FAILED,,,,,
77618207,REQUEST_FAILED,,,,,
77618376,REQUEST_FAILED,,,,,
77618381,REQUEST_FAILED,,,,,
77618405,REQUEST_FAILED,,,,,
77618612,deadAbandoned,BUDDYPROTECT,"Aug. 27, 2009","BuddyProtect, Inc.",,
77618468,REQUEST_FAILED,,,,,
77618540,REQUEST_FAILED,,,,,
77618544,REQUEST_FAILED,,,,,
77618592,REQUEST_FAILED,,,,,
77618645,REQUEST_FAILED,,,,,
77618736,REQUEST_FAILED,,,,,
77618769,REQUEST_FAILED,,,,,
77618809,REQUEST_FAILED,,,,,
77619009,REQUEST_FAILED,,,,,
77619025,REQUEST_FAILED,,,,,
77619039,REQUEST_FAILED,,,,,
77619085,REQUEST_FAILED,,,,,
77619091,REQUEST_FAILED,,,,,
77619199,deadAbandoned,SUT SMALL UNIT TACTICS,"Aug. 21, 2009","SUTPAINTBALL, INC",,clinton.akins@me.com
77619180,REQUEST_FAILED,,,,,
77619156,REQUEST_FAILED,,,,,
77619231,REQUEST_FAILED,,,,,
77619419,deadAbandoned,"""BE PART OF THE SOLUTION - NOT THE PROBLEM""","Aug. 26, 2009","Salerno, John L",,
77619281,REQUEST_FAILED,,,,,
77619364,REQUEST_FAILED,,,,,
77619430,REQUEST_FAILED,,,,,
77619526,deadAbandoned,MUSE,"Aug. 27, 2009",CHANDLER-BROWN GORDON,,gordonchandler-brown@email.com
77619647,REQUEST_FAILED,,,,,
77619711,deadAbandoned,MISTER SPONGE AND/OR MR. SPONGE,"Sep. 11, 2009",alain logean,,proline240@yahoo.com
77619665,REQUEST_FAILED,,,,,
77619805,REQUEST_FAILED,,,,,
77619750,REQUEST_FAILED,,,,,
77619897,deadAbandoned,HUMBLE PIE NYC,"Aug. 14, 2009","Cardillo, Oreste",,Delray33483@aol.com
77619884,REQUEST_FAILED,,,,,
77619985,REQUEST_FAILED,,,,,
77620056,REQUEST_FAILED,,,,,
77620049,REQUEST_FAILED,,,,,
77620065,REQUEST_FAILED,,,,,
77620071,REQUEST_FAILED,,,,,
77620086,REQUEST_FAILED,,,,,
77620079,REQUEST_FAILED,,,,,
77620089,REQUEST_FAILED,,,,,
77620128,deadAbandoned,MY WEDDING BUTTERFLIES,"Dec. 23, 2009",My Wedding Butterflies LLC,,myweddingbutterflies@yahoo.com
77620126,REQUEST_FAILED,,,,,
77620144,deadAbandoned,FORMS ACCELERATOR,"Sep. 11, 2009",iTechnology Corporation,,info@myitechnology.com
77620152,REQUEST_FAILED,,,,,
77620167,REQUEST_FAILED,,,,,
77620191,REQUEST_FAILED,,,,,
77620234,deadAbandoned,S.W.A.G.G.E.R.,"Aug. 31, 2009",Elam Matthew K.,,matt@elamtrainingcenter.com
77620207,REQUEST_FAILED,,,,,
77620227,REQUEST_FAILED,,,,,
77620253,REQUEST_FAILED,,,,,
77620267,REQUEST_FAILED,,,,,
77620291,REQUEST_FAILED,,,,,
77620297,REQUEST_FAILED,,,,,
77620304,REQUEST_FAILED,,,,,
77620344,deadAbandoned,UNIKA VINYL-LOCK,"Aug. 26, 2009",Unika Australia Pty Ltd,,grant@unika.com.au
77620340,REQUEST_FAILED,,,,,
77620341,REQUEST_FAILED,,,,,
77620356,REQUEST_FAILED,,,,,
77620398,REQUEST_FAILED,,,,,
77620426,REQUEST_FAILED,,,,,
77620619,deadAbandoned,NATURAL PURE-FEKTION RED HOT,"Aug. 28, 2009",Norvell LLC,,kristi@norvelltanning.com
77620519,REQUEST_FAILED,,,,,
77620563,REQUEST_FAILED,,,,,
77620584,REQUEST_FAILED,,,,,
77620604,REQUEST_FAILED,,,,,
77620653,REQUEST_FAILED,,,,,
77620855,deadAbandoned,THREATREDUCTION.COM 21ST CENTURY ENTERPRISE SOLUTIONS,"Aug. 28, 2009",Reiken Group LLC,,stuart.reiken@reikengroup.com
77620735,REQUEST_FAILED,,,,,
77620769,REQUEST_FAILED,,,,,
77620900,REQUEST_FAILED,,,,,
77620931,REQUEST_FAILED,,,,,
77620966,REQUEST_FAILED,,,,,
77620980,deadAbandoned,FSX BLUE ANGELS,"Sep. 03, 2009","Hendrix, Justin R",,justheman99@gmail.com
77620976,REQUEST_FAILED,,,,,
77620994,REQUEST_FAILED,,,,,
77621012,deadAbandoned,MYSTORE,"Sep. 14, 2009","yourStore, LLC",,corp@yourstore.com
77621049,deadAbandoned,HIGH CLIMBER,"Dec. 28, 2009",Ainsworth Game Technology Limited,,jason.meyer@ainsworth.com.au
77621026,REQUEST_FAILED,,,,,
77621048,REQUEST_FAILED,,,,,
77621181,REQUEST_FAILED,,,,,
77621245,REQUEST_FAILED,,,,,
77621332,REQUEST_FAILED,,,,,
77621335,REQUEST_FAILED,,,,,
77621366,REQUEST_FAILED,,,,,
77621393,REQUEST_FAILED,,,,,
77621437,REQUEST_FAILED,,,,,
77621605,deadAbandoned,VERISUPPORT,"Sep. 04, 2009",MOUGLESOFT INC,,admin@mouglesoft.com
77621499,REQUEST_FAILED,,,,,
77621507,REQUEST_FAILED,,,,,
77621603,REQUEST_FAILED,,,,,
77621640,REQUEST_FAILED,,,,,
77621687,REQUEST_FAILED,,,,,
77621821,REQUEST_FAILED,,,,,
77621782,REQUEST_FAILED,,,,,
77621969,deadAbandoned,MOJO.COM,"Sep. 08, 2009","MOJO.COM, LLC",,
77621831,REQUEST_FAILED,,,,,
77621938,REQUEST_FAILED,,,,,
77621978,deadAbandoned,None,"Sep. 08, 2009","MOJO.COM, LLC",,
77621934,REQUEST_FAILED,,,,,
77622086,deadAbandoned,DISCOVER PACK,"Aug. 25, 2009","AM Wert & Associates, LLC",,AndrewW@DiscoveryPost.com
77622090,deadAbandoned,DISCOVERY PACK,"Aug. 25, 2009","AM Wert & Associates, LLC",,AndrewW@DiscoveryPost.com
77621982,REQUEST_FAILED,,,,,
77622072,REQUEST_FAILED,,,,,
77622165,deadAbandoned,A BRAND NEW DAY,"Sep. 04, 2009",A Brand New Day LLC,,joseph@friendsofanewday.com
77622085,REQUEST_FAILED,,,,,
77622303,deadAbandoned,ELDERLY DRIVER,"Oct. 27, 2009",Kike Odeleye,,kayodeleye@yahoo.com
77622312,REQUEST_FAILED,,,,,
77622302,REQUEST_FAILED,,,,,
77622358,REQUEST_FAILED,,,,,
77622447,REQUEST_FAILED,,,,,
77622461,REQUEST_FAILED,,,,,
77622455,REQUEST_FAILED,,,,,
77622459,REQUEST_FAILED,,,,,
77622522,deadAbandoned,WELLCONNECTEDHEALTH,"Aug. 27, 2009","Petrella, J.Terry",,wellconnectedhealth@gmail.com
77622511,REQUEST_FAILED,,,,,
77622564,REQUEST_FAILED,,,,,
77622622,deadAbandoned,"CYBER MARKET GROUP, LLC ""THE MARKET NEVER SLEEPS""","Sep. 08, 2009","Cyber Market Group, LLC",,CyberMGLLC@yahoo.com
77622602,REQUEST_FAILED,,,,,
77622599,REQUEST_FAILED,,,,,
77622651,REQUEST_FAILED,,,,,
77622674,REQUEST_FAILED,,,,,
77622718,REQUEST_FAILED,,,,,
77622738,REQUEST_FAILED,,,,,
77622766,REQUEST_FAILED,,,,,
77622755,REQUEST_FAILED,,,,,
77622866,deadAbandoned,CHINON,"Sep. 04, 2009","JMM LEE PROPERTIES, LLC",,mlee@thorappliances.com
77622776,REQUEST_FAILED,,,,,
77622900,deadAbandoned,IB TALK,"Sep. 04, 2009","Yen, Shen",,sheny@sansonic.net
77622896,deadAbandoned,BEAUTIFUL YOU,"Aug. 26, 2009","Healthy Fashions, Inc.",,healthyfashions@gmail.com
77622848,REQUEST_FAILED,,,,,
77622868,REQUEST_FAILED,,,,,
77622973,deadAbandoned,WILD AT HEART,"Jul. 20, 2009",Ainsworth Game Technology Limited,,jason.meyer@ainsworth.com.au
77622902,REQUEST_FAILED,,,,,
77622931,REQUEST_FAILED,,,,,
77622971,REQUEST_FAILED,,,,,
77622960,REQUEST_FAILED,,,,,
77623040,deadAbandoned,SUGAR N SPICE,"Dec. 28, 2009",Ainsworth Game Technology Limited,,jason.meyer@ainsworth.com.au
77622976,REQUEST_FAILED,,,,,
77623038,deadAbandoned,HONEY BEE,"Dec. 28, 2009",Ainsworth Game Technology Limited,,jason.meyer@ainsworth.com.au
77623039,REQUEST_FAILED,,,,,
77623041,REQUEST_FAILED,,,,,
77623049,REQUEST_FAILED,,,,,
77623052,REQUEST_FAILED,,,,,
77623112,REQUEST_FAILED,,,,,
77623218,deadAbandoned,TAGFINDER,"Sep. 04, 2009",Antenna & Microwave Technologies,,cerabran@bigpond.net.au
77623187,REQUEST_FAILED,,,,,
77623207,REQUEST_FAILED,,,,,
77623208,REQUEST_FAILED,,,,,
77623211,REQUEST_FAILED,,,,,
77623222,REQUEST_FAILED,,,,,
77623261,REQUEST_FAILED,,,,,
77623300,REQUEST_FAILED,,,,,
77623323,REQUEST_FAILED,,,,,
77623337,REQUEST_FAILED,,,,,
77623373,REQUEST_FAILED,,,,,
77623397,deadAbandoned,FRANK KEEP IT REAL,"Aug. 28, 2009",Stephen L Terry,,steveterry67@gmail.com
77623430,deadAbandoned,LOOCHINI,"Aug. 31, 2009",Hamilton Dwight Mchenry Perkins,,hperk001@odu.edu
77623441,deadAbandoned,IOG,"Dec. 02, 2009","IMITATORS OF GOD FOUNDATION, INC.",,imitatorsofgod@gmail.com
77623396,REQUEST_FAILED,,,,,
77623411,deadAbandoned,ABBOTTS PRAYER,"Sep. 08, 2009",Cyril Henschke Pty Ltd,,ipt@finlaysons.com.au
77623424,REQUEST_FAILED,,,,,
77623459,deadAbandoned,MEDDOC,"Sep. 08, 2009","MacMaster, George B.",,gbm55@hobee.us
77623408,deadAbandoned,I HEART SOCCER - I LOVE SOCCER,"Sep. 07, 2009","Lakiss-Smith, Rosemarie",,michaells@optusnet.com.au
77623621,REQUEST_FAILED,,,,,
77623623,REQUEST_FAILED,,,,,
77623645,REQUEST_FAILED,,,,,
77623662,REQUEST_FAILED,,,,,
77623680,REQUEST_FAILED,,,,,
77623682,REQUEST_FAILED,,,,,
77623828,deadAbandoned,GETSCOUTED.COM,"Sep. 07, 2009",Clarissa Rodriguez,,
77623821,REQUEST_FAILED,,,,,
77623813,REQUEST_FAILED,,,,,
77623823,REQUEST_FAILED,,,,,
77624041,deadAbandoned,RENDITION CLASSIC HITS,"Sep. 07, 2009",Rendition Classic Hits LLC,,cwyatts@columbus.rr.com
77624091,REQUEST_FAILED,,,,,
77624120,REQUEST_FAILED,,,,,
77624132,REQUEST_FAILED,,,,,
77624192,REQUEST_FAILED,,,,,
77624226,deadAbandoned,PHC PURE HEART CARE PROVIDERS LIVE-IN CARE PROFESSIONALS!,"Sep. 04, 2009","Pure Heart Care Providers Franchising, Corp.",,accounts@pureheartcare.com
77624225,REQUEST_FAILED,,,,,
77624269,deadAbandoned,WHA'HOPPON,"Aug. 28, 2009","Lange, Jay",,NewHomePro@aol.com
77624220,REQUEST_FAILED,,,,,
77624274,deadAbandoned,FROG GIG,"Sep. 10, 2009","Grant,Donovan,W.",,onedgrant@aol.com
77624282,deadAbandoned,FRANK,"Sep. 09, 2009",Terry Stephen L,,steveterry67@gmail.com
77624261,REQUEST_FAILED,,,,,
77624487,deadAbandoned,GREEN T,"Sep. 16, 2009",Clothesline Designs LLC,,eric.schwitzer@gmail.com
77624321,REQUEST_FAILED,,,,,
77624492,REQUEST_FAILED,,,,,
77624505,REQUEST_FAILED,,,,,
77624520,REQUEST_FAILED,,,,,
77624854,deadAbandoned,HAIGHT ASHBURY STREET FAIR,"Sep. 04, 2009",HAIGHT-ASHBURY STREET FAIR.,,robmleon@haightashburystreetfair.org
77624766,deadAbandoned,NANOCAP,"Aug. 31, 2009",John Louis Kulusich,,jlk@gridsimtech.com
77624599,REQUEST_FAILED,,,,,
77624642,REQUEST_FAILED,,,,,
77624904,deadAbandoned,THE TOOL PLACE,"Sep. 02, 2009",Dan Barclay Enterprises LTD,,chad@thetoolplace.ca
77624739,REQUEST_FAILED,,,,,
77624926,REQUEST_FAILED,,,,,
77624954,REQUEST_FAILED,,,,,
77624983,REQUEST_FAILED,,,,,
77624999,REQUEST_FAILED,,,,,
77625018,REQUEST_FAILED,,,,,
77625029,REQUEST_FAILED,,,,,
77625048,REQUEST_FAILED,,,,,
77625090,REQUEST_FAILED,,,,,
77625140,REQUEST_FAILED,,,,,
77625159,REQUEST_FAILED,,,,,
77625167,REQUEST_FAILED,,,,,
77625301,REQUEST_FAILED,,,,,
77625305,REQUEST_FAILED,,,,,
77625311,REQUEST_FAILED,,,,,
77625333,REQUEST_FAILED,,,,,
77625379,REQUEST_FAILED,,,,,
77625426,REQUEST_FAILED,,,,,
77625543,deadAbandoned,WEAR THE REVOLUTION,"Sep. 10, 2009",Francis Daniel Aaron,,
77625443,REQUEST_FAILED,,,,,
77625577,REQUEST_FAILED,,,,,
77625594,REQUEST_FAILED,,,,,
77625890,deadAbandoned,JUST RIPE,"Sep. 26, 2009","Z & S Fresh, Inc.",,
77625841,REQUEST_FAILED,,,,,
77625853,REQUEST_FAILED,,,,,
77625992,deadAbandoned,BRUCE BRUCE THE HANUKKAH MOOSE,"Oct. 14, 2009","Howard's House, LLC",,gingerhall@mac.com
77625916,REQUEST_FAILED,,,,,
77625955,REQUEST_FAILED,,,,,
77626010,REQUEST_FAILED,,,,,
77626032,deadAbandoned,AVANARI,"Dec. 01, 2009","Hoelscher, Kathleen",,fbbci@yahoo.com
77626105,deadAbandoned,FRACTIONAL VILLAS,"Oct. 14, 2009","Fractional Villas, Inc.",,
77626029,REQUEST_FAILED,,,,,
77626112,deadAbandoned,EADVISOR,"Sep. 14, 2009",HealtheCare Solutions,,jeff.cohen@healthecaresolutions.com
77626183,deadAbandoned,PRESENT TENSE CURRICULUM PRESENT TENSE PRESENT TENSE AWARENESS (PTA),"Sep. 07, 2009","Yapalater, Karin",,karinyapalater@msn.com
77626063,REQUEST_FAILED,,,,,
77626122,REQUEST_FAILED,,,,,
77626150,REQUEST_FAILED,,,,,
77626207,REQUEST_FAILED,,,,,
77626210,REQUEST_FAILED,,,,,
77626296,REQUEST_FAILED,,,,,
77626359,REQUEST_FAILED,,,,,
77626364,REQUEST_FAILED,,,,,
77626413,REQUEST_FAILED,,,,,
77626520,deadAbandoned,DAVID BROWN UNDERGROUND FUNCTIONAL FITNESS LLC,"Sep. 07, 2009",Underground Functional Fitness,,nxlevel@new.rr.com
77626379,REQUEST_FAILED,,,,,
77626580,deadAbandoned,DNA TATTOO,"Sep. 08, 2009",BioSketch LLC,,ceo@biosketch.net
77626659,deadAbandoned,E2C,"Sep. 11, 2009","The Computing Technology Industry Association, Inc.",,ipdocket@comptia.org
77626549,REQUEST_FAILED,,,,,
77626633,REQUEST_FAILED,,,,,
77626636,REQUEST_FAILED,,,,,
77626758,deadAbandoned,EDUCATION TO CAREERS,"Sep. 11, 2009","The Computing Technology Industry Association, Inc.",,ipdocket@comptia.org
77626732,deadAbandoned,CORONARY HEART,"Sep. 11, 2009",Coronary Heart Publishing Ltd.,,tim@coronaryheart.com
77626851,REQUEST_FAILED,,,,,
77626864,REQUEST_FAILED,,,,,
77626938,deadAbandoned,CITY GIRL CONFESSIONS,"Sep. 08, 2009",Gail A White,,luvmbj@aol.com
77626925,REQUEST_FAILED,,,,,
77626966,REQUEST_FAILED,,,,,
77627049,deadAbandoned,DESIGN AS A SERVICE,"Sep. 10, 2009",123webdesign Inc.,,msi200@msi200.com
77627047,REQUEST_FAILED,,,,,
77627261,deadAbandoned,ADVANCED INFORMATICS,"Sep. 11, 2009",GENACTIS Group Limited,,tm2008@genactis.com
77627156,REQUEST_FAILED,,,,,
77627236,REQUEST_FAILED,,,,,
77627241,REQUEST_FAILED,,,,,
77627281,REQUEST_FAILED,,,,,
77627287,REQUEST_FAILED,,,,,
77627288,REQUEST_FAILED,,,,,
77627365,REQUEST_FAILED,,,,,
77627386,REQUEST_FAILED,,,,,
77627452,deadAbandoned,LUCKEDSTREET,"Sep. 08, 2009","James, Lennard",,lennardsjames@yahoo.com
77627439,REQUEST_FAILED,,,,,
77627460,REQUEST_FAILED,,,,,
77627582,REQUEST_FAILED,,,,,
77627601,REQUEST_FAILED,,,,,
77627813,deadAbandoned,DUB,"Aug. 18, 2009","DUB Publishing, Inc.",,
77627694,REQUEST_FAILED,,,,,
77627767,REQUEST_FAILED,,,,,
77627777,REQUEST_FAILED,,,,,
77627894,deadAbandoned,CABINET CRETE THE ULTIMATE IN CABINET REFACING A PRODUCT OF SOMETHING BETTER CO. WWW.CABINET CRETE.COM,"Nov. 28, 2009",Bryan J. Gauthier,,bryan@betterpaths.com
77627859,REQUEST_FAILED,,,,,
77627929,deadAbandoned,VIRTUAL POST,"Sep. 11, 2009",EPOSTAL SOLUTIONS CORPORATION,,tm@mypostalmail.com
77627868,REQUEST_FAILED,,,,,
77627915,REQUEST_FAILED,,,,,
77627941,REQUEST_FAILED,,,,,
77628011,deadAbandoned,ESMARTCPR,"Sep. 20, 2009","Anguilano, Gerald Alex",,ganguilano@ebopportunities.com
77628047,deadAbandoned,BUSINESS GRID,"Sep. 15, 2009",Global Corporate Services Ltd,,sam@formationshouse.com
77627981,REQUEST_FAILED,,,,,
77628058,deadAbandoned,BUSINESS GRID,"Sep. 15, 2009",Global Corporate Services Ltd,,sam@formationshouse.com
77628041,deadAbandoned,MYRECEIPTS.COM,"Sep. 10, 2009","Third Solutions, Inc.",,bsock@thirdsolutions.com
77628006,REQUEST_FAILED,,,,,
77628050,REQUEST_FAILED,,,,,
77628066,REQUEST_FAILED,,,,,
77628094,deadAbandoned,W WINTEL CORPORATION,"Sep. 14, 2009",Wintel Corporation,,webmaster@wintel.com
77628089,REQUEST_FAILED,,,,,
77628119,REQUEST_FAILED,,,,,
77628127,REQUEST_FAILED,,,,,
77628168,deadAbandoned,DURABLE-POWERFUL-VERSATILE,"Sep. 10, 2009","RICHPOWER INDUSTRIES, INC.",,
77628143,REQUEST_FAILED,,,,,
77628179,REQUEST_FAILED,,,,,
77628183,REQUEST_FAILED,,,,,
77628239,REQUEST_FAILED,,,,,
77628266,REQUEST_FAILED,,,,,
77628231,REQUEST_FAILED,,,,,
77628299,REQUEST_FAILED,,,,,
77628385,deadAbandoned,JOBSTORE,"Sep. 06, 2009",JobStore Inc.,,admin@jobstore.com
77628381,REQUEST_FAILED,,,,,
77628412,REQUEST_FAILED,,,,,
77628417,REQUEST_FAILED,,,,,
77628437,REQUEST_FAILED,,,,,
77628442,REQUEST_FAILED,,,,,
77628487,REQUEST_FAILED,,,,,
77628489,REQUEST_FAILED,,,,,
77628626,REQUEST_FAILED,,,,,
77628710,REQUEST_FAILED,,,,,
77628738,REQUEST_FAILED,,,,,
77628821,REQUEST_FAILED,,,,,
77628880,REQUEST_FAILED,,,,,
77628935,deadAbandoned,CRUSH! · THE DICE GAME,"Sep. 14, 2009",Discovery Bay Games LLC,,
77628914,REQUEST_FAILED,,,,,
77628926,REQUEST_FAILED,,,,,
77628934,REQUEST_FAILED,,,,,
77628958,REQUEST_FAILED,,,,,
77629023,REQUEST_FAILED,,,,,
77629052,REQUEST_FAILED,,,,,
77629077,REQUEST_FAILED,,,,,
77629107,REQUEST_FAILED,,,,,
77629241,deadAbandoned,SHOCK BLOCK,"Aug. 24, 2009",FitFlop Limited,,juditht@brandhandling.com
77629223,REQUEST_FAILED,,,,,
77629266,REQUEST_FAILED,,,,,
77629300,REQUEST_FAILED,,,,,
77629316,REQUEST_FAILED,,,,,
77629406,deadAbandoned,SUN VALLEY NUTRACEUTICALS,"Sep. 09, 2009","Central Coast Nutraceuticals, Inc.",,
77629356,REQUEST_FAILED,,,,,
77629427,deadAbandoned,ACAI BERRY RUSH,"Sep. 09, 2009","Central Coast Nutraceuticals, Inc.",,
77629369,REQUEST_FAILED,,,,,
77629396,REQUEST_FAILED,,,,,
77629451,deadAbandoned,G FLORIDA MAGAZINE,"Sep. 08, 2009",Sylvia Dehek,,sdehek@comcast.net
77629458,deadAbandoned,G ALABAMA MAGAZINE,"Sep. 08, 2009",Sylvia Dehek,,sdehek@comcast.net
77629432,REQUEST_FAILED,,,,,
77629441,REQUEST_FAILED,,,,,
77629443,REQUEST_FAILED,,,,,
77629445,REQUEST_FAILED,,,,,
77629592,REQUEST_FAILED,,,,,
77629595,REQUEST_FAILED,,,,,
77629620,REQUEST_FAILED,,,,,
77629805,deadAbandoned,GAY HISTORY,"Sep. 11, 2009",LeAnn Bradford,,lb2lz@aol.com
77629766,REQUEST_FAILED,,,,,
77629860,deadAbandoned,INFINI BLEND,"Sep. 17, 2009",NoBrakes Nutrition Inc,,management@n0brakes.com
77629891,deadAbandoned,COMPLETE NUTRITION FOR SKIN,"Sep. 04, 2009","Envision Beauty, LLC",,adam@envision-beauty.com
77629803,REQUEST_FAILED,,,,,
77629824,REQUEST_FAILED,,,,,
77629885,REQUEST_FAILED,,,,,
77629930,deadAbandoned,GM · HUMMER,"Sep. 10, 2009",Chen Meigui,,zhanghonglu@inipa.com
77629918,REQUEST_FAILED,,,,,
77629926,REQUEST_FAILED,,,,,
77630011,REQUEST_FAILED,,,,,
77630029,REQUEST_FAILED,,,,,
77630103,REQUEST_FAILED,,,,,
77630240,REQUEST_FAILED,,,,,
77630244,REQUEST_FAILED,,,,,
77630300,REQUEST_FAILED,,,,,
77630355,REQUEST_FAILED,,,,,
77630421,REQUEST_FAILED,,,,,
77630562,deadAbandoned,WCU INTERNATIONAL IN GOD WE TRUST,"Sep. 17, 2009",WEST COAST UNIVERSITY INTERNATIONAL,,info@westcoastuniversityonline.us
77630442,REQUEST_FAILED,,,,,
77630639,deadAbandoned,"GREENTREE PUBLISHING, LLC","Sep. 10, 2009",Greentree Publishing,,support@practicalmedicineandsurgery.com
77630645,deadAbandoned,HOME MAINTENANCE EXPRESS,"Sep. 11, 2009",Home Maintenance Express LLC,,customerhelp@homemainexpress.com
77630708,deadAbandoned,YOUHUNT,"Sep. 09, 2009",Federico Soria,,fedesoria@gmail.com
77630776,deadAbandoned,LUAU CATERING,"Sep. 14, 2009",Hawaiian Hut L.L.C.,,info@hawaiianhutonline.com
77630653,REQUEST_FAILED,,,,,
77630743,REQUEST_FAILED,,,,,
77630749,REQUEST_FAILED,,,,,
77630817,deadAbandoned,HF86,"Sep. 07, 2009","Salyer, Michael",,hellboundmike@gmail.com
77630832,deadAbandoned,INERGYDRINK,"Sep. 17, 2009","Coury, Matthew Phillip",,nmdmemphis2009@yahoo.com
77630785,REQUEST_FAILED,,,,,
77630796,REQUEST_FAILED,,,,,
77630839,deadAbandoned,JP,"Sep. 14, 2009",JP,,info.chinajewelrymfr@gmail.com
77630786,REQUEST_FAILED,,,,,
77630882,deadAbandoned,GREENLOGIX,"Sep. 21, 2009","Stainbrook, Fred R",,fred.nae@comcast.net
77630833,REQUEST_FAILED,,,,,
77630848,REQUEST_FAILED,,,,,
77630849,REQUEST_FAILED,,,,,
77630857,REQUEST_FAILED,,,,,
77631206,deadAbandoned,EATRBUTT,"Sep. 11, 2009",Kirkness Design Services Inc.,,RKIRKNESS@GMAIL.COM
77630984,REQUEST_FAILED,,,,,
77631092,REQUEST_FAILED,,,,,
77631085,REQUEST_FAILED,,,,,
77631155,REQUEST_FAILED,,,,,
77631293,REQUEST_FAILED,,,,,
77631535,deadAbandoned,NIGHT HAWK FIRE ELECTRICAL SECURITY,"Sep. 11, 2009","Night Hawk Fire Electrical Security, LLC",,t.bryant@nighthawkusa.com
77631426,REQUEST_FAILED,,,,,
77631532,REQUEST_FAILED,,,,,
77631540,REQUEST_FAILED,,,,,
77631588,REQUEST_FAILED,,,,,
77631589,REQUEST_FAILED,,,,,
77631624,REQUEST_FAILED,,,,,
77631634,REQUEST_FAILED,,,,,
77631685,deadAbandoned,YOUR PASSPORT TO LANGUAGES,"Sep. 15, 2009","Titus, Christopher, Louis",,admin@lingopass.com
77631714,deadAbandoned,HIERARCHICAL DOMAIN DECOMPOSITION METHOD,"Sep. 13, 2009",Wai Yan Ho,,waiyan@gridsimtech.com
77631694,REQUEST_FAILED,,,,,
77631717,deadAbandoned,SNOOTY,"Sep. 04, 2009",Leonard N Teodorescu,,djleoteo@yahoo.com
77631740,deadAbandoned,TUOCHA,"Sep. 16, 2009",T.H.T Trading Pty Ltd,,jade227719@hotmail.com
77631725,REQUEST_FAILED,,,,,
77631710,REQUEST_FAILED,,,,,
77631862,deadAbandoned,TRIFUN,"Sep. 28, 2009","TriFun, Inc",,robbie@trifun.com
77631829,REQUEST_FAILED,,,,,
77631838,REQUEST_FAILED,,,,,
77631914,REQUEST_FAILED,,,,,
77631916,REQUEST_FAILED,,,,,
77631957,REQUEST_FAILED,,,,,
77631966,REQUEST_FAILED,,,,,
77632117,deadAbandoned,TM,"Sep. 11, 2009","Susan Alsup , Susy Manders",,
77632097,REQUEST_FAILED,,,,,
77632211,REQUEST_FAILED,,,,,
77632223,REQUEST_FAILED,,,,,
77632270,deadAbandoned,RE-LAX IT'S LACROSSE RE-LAX,"Sep. 15, 2009","BONAVENTURA, WILLIAM T",,wilbon@comcast.net
77632266,REQUEST_FAILED,,,,,
77632299,REQUEST_FAILED,,,,,
77632293,REQUEST_FAILED,,,,,
77632385,REQUEST_FAILED,,,,,
77632358,REQUEST_FAILED,,,,,
77632415,REQUEST_FAILED,,,,,
77632520,REQUEST_FAILED,,,,,
77632552,REQUEST_FAILED,,,,,
77632592,REQUEST_FAILED,,,,,
77632613,REQUEST_FAILED,,,,,
77632761,deadAbandoned,VEGAS FEVER,"Sep. 15, 2009",Ainsworth Game Technology Limited,,jason.meyer@ainsworth.com.au
77632765,deadAbandoned,BIG TIME,"Sep. 15, 2009",Ainsworth Game Technology Limited,,jason.meyer@ainsworth.com.au
77632683,REQUEST_FAILED,,,,,
77632696,REQUEST_FAILED,,,,,
77632803,deadAbandoned,I PEACE,"Sep. 07, 2009","Lakiss-Smith, Rosemarie",,michaells@optusnet.com.au
77632768,REQUEST_FAILED,,,,,
77632800,REQUEST_FAILED,,,,,
77632838,deadAbandoned,WILDSIDE,"Sep. 15, 2009",Stranger & Stranger Ltd,,morgan@strangerandstranger.com
77632864,deadAbandoned,AMERICAN REO BROKERS ASSOCIATION,"Sep. 18, 2009",Michael A. Costigan,,broker@reoatlanta.com
77632836,REQUEST_FAILED,,,,,
77632846,REQUEST_FAILED,,,,,
77632861,REQUEST_FAILED,,,,,
77632905,REQUEST_FAILED,,,,,
77633056,deadAbandoned,ORTHOPRO LLC THE FOOT AND ANKLE COMPANY,"Sep. 14, 2009",OrthoPro LLC,,info@orthoprollc.com
77632975,REQUEST_FAILED,,,,,
77633090,REQUEST_FAILED,,,,,
77633138,REQUEST_FAILED,,,,,
77633143,REQUEST_FAILED,,,,,
77633185,REQUEST_FAILED,,,,,
77633182,REQUEST_FAILED,,,,,
77633232,REQUEST_FAILED,,,,,
77633253,REQUEST_FAILED,,,,,
77633560,deadAbandoned,PA' QUE TENGAS MAS MI CARNAL,"Sep. 14, 2009","America Voice, LLC",,edcortez@americavoice.net
77633442,REQUEST_FAILED,,,,,
77633552,REQUEST_FAILED,,,,,
77633674,deadAbandoned,TRUELAKE,"Sep. 21, 2009",Irving W Miller,,cliff_mvd@yahoo.com
77633606,REQUEST_FAILED,,,,,
77633677,REQUEST_FAILED,,,,,
77633745,REQUEST_FAILED,,,,,
77633756,REQUEST_FAILED,,,,,
77633882,deadAbandoned,SECURITY+,"Sep. 11, 2009","The Computing Technology Industry Association, Inc.",,ipdocket@comptia.org
77633841,REQUEST_FAILED,,,,,
77633888,REQUEST_FAILED,,,,,
77634038,deadAbandoned,MUMBAI CHAI,"Dec. 29, 2009","Gogate, Susan A",,susan@luxshmi.com
77634018,REQUEST_FAILED,,,,,
77633988,REQUEST_FAILED,,,,,
77634015,REQUEST_FAILED,,,,,
77634054,REQUEST_FAILED,,,,,
77634365,deadAbandoned,WELCOMEHOME CD,"Sep. 19, 2009","Title Advisors Group, LLC",,dbrown@titleadvisors.com
77634278,REQUEST_FAILED,,,,,
77634306,REQUEST_FAILED,,,,,
77634379,REQUEST_FAILED,,,,,
77634453,REQUEST_FAILED,,,,,
77634593,REQUEST_FAILED,,,,,
77634637,deadAbandoned,MQ,"Oct. 19, 2009","de Fleuriot, Loys",,loys@freewaychurch.com
77634640,deadAbandoned,MQ,"Oct. 19, 2009","de Fleuriot, Loys",,loys@freewaychurch.com
77634609,REQUEST_FAILED,,,,,
77634623,REQUEST_FAILED,,,,,
77634652,deadAbandoned,MORAL QUOTIENT,"Oct. 05, 2009","de Fleuriot, Loys",,loys@freewaychurch.com
77634625,REQUEST_FAILED,,,,,
77634662,deadAbandoned,MORAL INTELLIGENCE,"Oct. 05, 2009","de Fleuriot, Loys",,loys@freewaychurch.com
77634644,REQUEST_FAILED,,,,,
77634664,deadAbandoned,MORAL INTELLIGENCE,"Oct. 05, 2009","de Fleuriot, Loys",,loys@freewaychurch.com
77634656,deadAbandoned,KP,"Dec. 05, 2009","Kaiser Pharmaceutical Co., Ltd.",,md@kaiser.com.tw
77634648,REQUEST_FAILED,,,,,
77634654,REQUEST_FAILED,,,,,
77634659,REQUEST_FAILED,,,,,
77634673,deadAbandoned,YOUR TUBE MANAGEMENT,"Sep. 14, 2009",TTN IP Pty Ltd,,ip@ttnholdings.com
77634682,deadAbandoned,"DATAGEEKS, INC WE ARE SERIOUS ABOUT YOUR DATA","Sep. 18, 2009","datageeks, Inc.",,ewhitfield@thedatageeks.com
77634671,REQUEST_FAILED,,,,,
77634674,REQUEST_FAILED,,,,,
77634683,deadAbandoned,TTN,"Sep. 12, 2009",TTN IP Pty Ltd,,ip@ttnholdings.com
77634692,REQUEST_FAILED,,,,,
77634845,deadAbandoned,ORIGINAL ZIN,"Sep. 15, 2009","LeBaron, Richard",,rwlebaron@gmail.com
77634694,REQUEST_FAILED,,,,,
77634785,REQUEST_FAILED,,,,,
77634789,REQUEST_FAILED,,,,,
77634907,REQUEST_FAILED,,,,,
77634911,REQUEST_FAILED,,,,,
77634994,REQUEST_FAILED,,,,,
77635294,deadAbandoned,MEDICAL ALERT,"Sep. 22, 2009",Jessica C. Leitch,,jcleitch1@gmail.com
77635179,REQUEST_FAILED,,,,,
77635207,REQUEST_FAILED,,,,,
77635315,REQUEST_FAILED,,,,,
77635435,deadAbandoned,MARAUDING VINTNERS,"Sep. 13, 2009",McLaren Vale Studio Winery Pty Limited,,info@redheadswine.com.au
77635448,deadAbandoned,RAPID OBJECT-ORIENTED MODELING,"Nov. 13, 2009","Denton, Gregory A",,greg.denton@gmail.com
77635454,REQUEST_FAILED,,,,,
77635475,REQUEST_FAILED,,,,,
77635543,deadAbandoned,MOONSTRUCK COFFEE .....YOUR ULTIMATE COFFEE AND TEA EXPERIENCE! WWW. MOONSTRUCKCOFFEE.COM.,"Sep. 17, 2009",Khan Sadat,,customerservice@moonstruckcoffee.com
77635487,REQUEST_FAILED,,,,,
77635540,deadAbandoned,IFART,"Sep. 15, 2009","Hartstein, Gregory F",,greg1@hartsteins.com
77635564,deadAbandoned,KARIN WEIDEMA,"Sep. 15, 2009","WEIDEMA, KARIN",,gentlemenatarms@aol.com
77635557,deadAbandoned,LAVA+SNOW,"Sep. 15, 2009","Chen, Haiping",,writeto@lavaandsnow.com
77635546,REQUEST_FAILED,,,,,
77635563,REQUEST_FAILED,,,,,
77635742,deadAbandoned,BYBLOS PRODUCTS,"Sep. 17, 2009",Samira Armaleh,,samiraarm@yahoo.com
77635565,REQUEST_FAILED,,,,,
77635656,REQUEST_FAILED,,,,,
77635741,REQUEST_FAILED,,,,,
77635770,REQUEST_FAILED,,,,,
77635772,REQUEST_FAILED,,,,,
77635974,deadAbandoned,SERVER+,"Sep. 11, 2009","The Computing Technology Industry Association, Inc.",,ipdocket@comptia.org
77636055,deadAbandoned,PROJECT+,"Sep. 11, 2009","The Computing Technology Industry Association, Inc.",,ipdocket@comptia.org
77635964,REQUEST_FAILED,,,,,
77635997,deadAbandoned,ROLLINGBASKET,"Sep. 22, 2009","Crover, Inc.",,dcshin69@hotmail.com
77636000,REQUEST_FAILED,,,,,
77636067,REQUEST_FAILED,,,,,
77636089,REQUEST_FAILED,,,,,
77636112,REQUEST_FAILED,,,,,
77636301,deadAbandoned,NATIONAL AND INTERNATIONAL NAVIGATION HOTLINE,"Sep. 21, 2009","Dueck, Tanja",,tanjadueck@netscape.net
77636166,REQUEST_FAILED,,,,,
77636271,REQUEST_FAILED,,,,,
77636298,REQUEST_FAILED,,,,,
77636453,deadAbandoned,BON CEPAGE,"Sep. 24, 2009","Daou Vineyards, LLC",,daniel@ddaou.com
77636355,REQUEST_FAILED,,,,,
77636430,REQUEST_FAILED,,,,,
77636454,deadAbandoned,CHRIST LIFE,"Sep. 14, 2009","Westover, Brett Andrew",,
77636522,deadAbandoned,TURLOCK PITA,"Sep. 16, 2009",Armon Takhsh,,turlockbakeryproducts@gmail.com
77636474,REQUEST_FAILED,,,,,
77636494,REQUEST_FAILED,,,,,
77636507,REQUEST_FAILED,,,,,
77636514,REQUEST_FAILED,,,,,
77636539,REQUEST_FAILED,,,,,
77636743,REQUEST_FAILED,,,,,
77636748,REQUEST_FAILED,,,,,
77636972,deadAbandoned,S SYMBOTIX CONNECTING SYMBIOTIC SUPPLY CHAINS,"Sep. 20, 2009","Symbotix, LLC",,
77636977,deadAbandoned,FLEXIPAVE,"Sep. 15, 2009",Centurion Group,,ksockwell@cox.net
77636855,REQUEST_FAILED,,,,,
77636906,REQUEST_FAILED,,,,,
77637122,deadAbandoned,GET-MY-CIGARS,"Oct. 01, 2009","Central Products, LLC",,
77637200,deadAbandoned,JACK MASON'S TAVERN,"Nov. 09, 2009","Atherholt, Martha",,matherholt@yahoo.com
77637126,deadAbandoned,None,"Oct. 01, 2009","Central Products, LLC",,
77637027,REQUEST_FAILED,,,,,
77637107,REQUEST_FAILED,,,,,
77637178,deadAbandoned,WWW.CLEARWATER-COLLECTION.COM,"Sep. 15, 2009",Clearwater Collection PTY LTD,,jsanger@cowriecapital.com
77637205,REQUEST_FAILED,,,,,
77637213,REQUEST_FAILED,,,,,
77637241,REQUEST_FAILED,,,,,
77637245,REQUEST_FAILED,,,,,
77637278,deadAbandoned,NSA TONER ECO-CERTIFIED IMAGING SUPPLIES,"Sep. 21, 2009","National Sales Associates, Inc.",,lcrann@nsainc.net
77637265,REQUEST_FAILED,,,,,
77637272,deadAbandoned,FLASH MONEY PAWNBROKER SERVICES,"Sep. 15, 2009",SANCHEZ RUBEN,,rs.robledo@corporativoirasa.com
77637308,REQUEST_FAILED,,,,,
77637332,REQUEST_FAILED,,,,,
77637437,deadAbandoned,LENTE LOCO'S CRAZY CHICKEN MARINADE,"Nov. 05, 2009","Alvarez, Fernando L.",,
77637409,REQUEST_FAILED,,,,,
77637472,deadAbandoned,GREEN PC,"Sep. 18, 2009",Chip PC (Israel) Ltd.,,ronit@chippc.com
77637434,REQUEST_FAILED,,,,,
77637445,REQUEST_FAILED,,,,,
77637485,REQUEST_FAILED,,,,,
77637493,REQUEST_FAILED,,,,,
77637547,deadAbandoned,MYWEDDINGBUTTERFLIES.COM,"Dec. 23, 2009",My Wedding Butterflies,,myweddingbutterflies@yahoo.com
77637531,deadAbandoned,BIG EASY WRAP,"Sep. 16, 2009",All Ready Wrap L.L.C.,,jgmarco06@aol.com
77637508,REQUEST_FAILED,,,,,
77637527,REQUEST_FAILED,,,,,
77637565,deadAbandoned,AROMASCENTIA,"Sep. 23, 2009","FION, LLC.",,INFO@AROMASCENTIA.COM
77637588,deadAbandoned,ANAMORPHIC,"Sep. 25, 2009",Anamorphic LLC,,tmregistered@gmail.com
77637534,REQUEST_FAILED,,,,,
77637589,deadAbandoned,BIKE IN BAG,"Sep. 25, 2009","Elliott , Fergus D",,BrandrockWholesale@rogers.com
77637552,REQUEST_FAILED,,,,,
77637557,REQUEST_FAILED,,,,,
77637696,deadAbandoned,SUNSHINE SPRINGS,"Sep. 18, 2009",Sunshine Springs Inc.,,dkfl@sunshinespringsfl.com
77637602,REQUEST_FAILED,,,,,
77637629,REQUEST_FAILED,,,,,
77637608,REQUEST_FAILED,,,,,
77637638,REQUEST_FAILED,,,,,
77637686,REQUEST_FAILED,,,,,
77637739,REQUEST_FAILED,,,,,
77637802,REQUEST_FAILED,,,,,
77637813,REQUEST_FAILED,,,,,
77637839,REQUEST_FAILED,,,,,
77637981,deadAbandoned,ENER-G NUTRITION AND FITNESS,"Aug. 10, 2009",ENER-G Nutrition and Fitness,,christina_carran@hotmail.com
77637908,REQUEST_FAILED,,,,,
77637978,REQUEST_FAILED,,,,,
77638003,REQUEST_FAILED,,,,,
77638102,REQUEST_FAILED,,,,,
77638131,REQUEST_FAILED,,,,,
77638341,REQUEST_FAILED,,,,,
77638371,REQUEST_FAILED,,,,,
77638319,REQUEST_FAILED,,,,,
77638437,REQUEST_FAILED,,,,,
77638477,REQUEST_FAILED,,,,,
77638488,REQUEST_FAILED,,,,,
77638495,REQUEST_FAILED,,,,,
77638504,REQUEST_FAILED,,,,,
77638514,REQUEST_FAILED,,,,,
77638517,REQUEST_FAILED,,,,,
77638560,REQUEST_FAILED,,,,,
77638631,REQUEST_FAILED,,,,,
77638613,REQUEST_FAILED,,,,,
77638637,REQUEST_FAILED,,,,,
77638803,deadAbandoned,IMPRESS LIVE,"Sep. 22, 2009","Callier, Karen",,
77638643,REQUEST_FAILED,,,,,
77638788,REQUEST_FAILED,,,,,
77638843,REQUEST_FAILED,,,,,
77638927,REQUEST_FAILED,,,,,
77638969,REQUEST_FAILED,,,,,
77638992,REQUEST_FAILED,,,,,
77639044,REQUEST_FAILED,,,,,
77639084,REQUEST_FAILED,,,,,
77639141,REQUEST_FAILED,,,,,
77639354,deadAbandoned,GLITZY GIRL NATASHA,"Feb. 17, 2009",K.S. Toys Ltd.,,
77639362,deadAbandoned,GLITZY GIRL SASHA,"Feb. 17, 2009",K.S. Toys Ltd.,,
77639318,deadAbandoned,SF SKETCHFEST: THE SAN FRANCISCO COMEDY FESTIVAL,"Sep. 17, 2009","Varney, Janet M.",,info@sfsketchfest.com
77639290,REQUEST_FAILED,,,,,
77639347,REQUEST_FAILED,,,,,
77639369,REQUEST_FAILED,,,,,
77639366,REQUEST_FAILED,,,,,
77639390,REQUEST_FAILED,,,,,
77639534,deadAbandoned,TALK2ME,"Sep. 18, 2009",ModeLabs Technologies Limited,,queenie.wong@bluetrek.com
77639503,REQUEST_FAILED,,,,,
77639533,REQUEST_FAILED,,,,,
77639546,REQUEST_FAILED,,,,,
77639682,deadAbandoned,DIP THE TIP,"Sep. 21, 2009","750 ML, LLC",,jcooper@domainedecanton.com
77639712,REQUEST_FAILED,,,,,
77639747,REQUEST_FAILED,,,,,
77639767,REQUEST_FAILED,,,,,
77639773,REQUEST_FAILED,,,,,
77639784,REQUEST_FAILED,,,,,
77639884,REQUEST_FAILED,,,,,
77639903,REQUEST_FAILED,,,,,
77639921,REQUEST_FAILED,,,,,
77640058,deadAbandoned,MASCOT TROPHY,"Sep. 22, 2009",CEI Agency Inc.,,fchen168@gmail.com
77639992,REQUEST_FAILED,,,,,
77640025,REQUEST_FAILED,,,,,
77640059,REQUEST_FAILED,,,,,
77640077,deadAbandoned,MATTY ICE,"Mar. 31, 2009","Scibilia, Stephanie",,scibilis@gmail.com
77640118,REQUEST_FAILED,,,,,
77640138,REQUEST_FAILED,,,,,
77640152,REQUEST_FAILED,,,,,
77640166,REQUEST_FAILED,,,,,
77640190,deadAbandoned,URBANGOGREEN,"Sep. 18, 2009","James, Duval",,capable7@gmail.com
77640258,deadAbandoned,INTERNAL MEDICINE FOR EXAMS,"Sep. 24, 2009",FRONTRUNNERS PUBLISHING,,frontrunners.publishing@gmail.com
77640197,REQUEST_FAILED,,,,,
77640247,REQUEST_FAILED,,,,,
77640275,REQUEST_FAILED,,,,,
77640339,deadAbandoned,HUSTLE MADE PRODUCTIONS,"Sep. 18, 2009",sanchez daniel marcos,,hmpaid@gmail.com
77640283,REQUEST_FAILED,,,,,
77640334,REQUEST_FAILED,,,,,
77640357,deadAbandoned,CO2NEUTRALHEATING,"Sep. 28, 2009","Kielsholm, Poul E",,poul@kielsholm.com
77640341,REQUEST_FAILED,,,,,
77640358,REQUEST_FAILED,,,,,
77640485,REQUEST_FAILED,,,,,
77640527,REQUEST_FAILED,,,,,
77640535,deadAbandoned,TWILIGHT ACOUSTICS,"Oct. 09, 2009",Lux Entertainment LLC,,sales@luxoutdoor.com
77640552,REQUEST_FAILED,,,,,
77640568,REQUEST_FAILED,,,,,
77640754,deadAbandoned,FRANCISCO NAVARRO,"Sep. 20, 2009",James R. Hudson,,Ronaldohudson@yahoo.com
77640659,REQUEST_FAILED,,,,,
77640743,REQUEST_FAILED,,,,,
77640747,REQUEST_FAILED,,,,,
77640851,deadAbandoned,BAMBOO FOR TWO,"Sep. 20, 2009","My Three Bees, LLC",,
77640817,REQUEST_FAILED,,,,,
77640870,REQUEST_FAILED,,,,,
77640973,REQUEST_FAILED,,,,,
77640994,REQUEST_FAILED,,,,,
77641049,REQUEST_FAILED,,,,,
77641072,REQUEST_FAILED,,,,,
77641395,REQUEST_FAILED,,,,,
77641400,REQUEST_FAILED,,,,,
77641284,REQUEST_FAILED,,,,,
77641427,REQUEST_FAILED,,,,,
77641620,REQUEST_FAILED,,,,,
77641633,REQUEST_FAILED,,,,,
77641730,REQUEST_FAILED,,,,,
77641744,REQUEST_FAILED,,,,,
77641767,REQUEST_FAILED,,,,,
77641774,REQUEST_FAILED,,,,,
77641778,REQUEST_FAILED,,,,,
77641786,REQUEST_FAILED,,,,,
77641801,deadAbandoned,IUSEH2O.COM FUEL YOUR CAR WITH H2O,"Sep. 25, 2009","Hydrogen Concepts, LLC",,dan@iuseh2o.com
77641799,REQUEST_FAILED,,,,,
77641812,deadAbandoned,ART CANDLES,"Sep. 21, 2009",Catherine F. Powers,,cf@powersinprint.com
77641802,REQUEST_FAILED,,,,,
77641813,REQUEST_FAILED,,,,,
77641826,REQUEST_FAILED,,,,,
77641843,deadAbandoned,UNDERGROUND SOUND,"Sep. 22, 2009","Hughes, Thomas W",,catalyticsouls@gmail.com
77641840,REQUEST_FAILED,,,,,
77641841,REQUEST_FAILED,,,,,
77641846,REQUEST_FAILED,,,,,
77641862,REQUEST_FAILED,,,,,
77641944,REQUEST_FAILED,,,,,
77641958,REQUEST_FAILED,,,,,
77642088,deadAbandoned,UNSTOPPABLE KIDS,"Sep. 22, 2009","Unstoppable, LLC",,vouladuval@aol.com
77642066,deadAbandoned,AERWAVE,"Sep. 29, 2009","Aerva, Inc.",,info@aerva.com
77642040,REQUEST_FAILED,,,,,
77642087,REQUEST_FAILED,,,,,
77642096,REQUEST_FAILED,,,,,
77642158,REQUEST_FAILED,,,,,
77642219,REQUEST_FAILED,,,,,
77642266,REQUEST_FAILED,,,,,
77642316,deadAbandoned,USJTA,"Sep. 19, 2009","Schulte, Bradley S",,bradschulte@gmail.com
77642278,REQUEST_FAILED,,,,,
77642297,REQUEST_FAILED,,,,,
77642317,REQUEST_FAILED,,,,,
77642319,REQUEST_FAILED,,,,,
77642445,deadAbandoned,MUSHY PANTS,"Sep. 24, 2009","Farabee, Tonya",,afarabee@sbcglobal.net
77642400,REQUEST_FAILED,,,,,
77642410,REQUEST_FAILED,,,,,
77642414,REQUEST_FAILED,,,,,
77642477,deadAbandoned,ETHOS PARIS,"Sep. 28, 2009",ETHOS S.A.R.L.,,studioleroux@cyberport.net
77642497,deadAbandoned,INNOVATIVE. PROFESSIONAL. WEBSITES.,"Sep. 22, 2009","Theriot, Anna K",,info@bluecatdatasystems.com
77642462,REQUEST_FAILED,,,,,
77642463,REQUEST_FAILED,,,,,
77642510,deadAbandoned,ACQUALIBRIUM,"Sep. 23, 2009","Stewart, Susannah H",,susannah-stewart@usa.net
77642545,deadAbandoned,APPLE FOAM,"Sep. 11, 2009","Shield Industries, Inc",,hmoore@shieldindustries.com
77642494,REQUEST_FAILED,,,,,
77642529,REQUEST_FAILED,,,,,
77642561,REQUEST_FAILED,,,,,
77642563,REQUEST_FAILED,,,,,
77642568,REQUEST_FAILED,,,,,
77642587,REQUEST_FAILED,,,,,
77642617,deadAbandoned,MOM MONTHLY OPERATIONAL MAINTENANCE,"Sep. 23, 2009",Cory A Smith,,smith.cory@180-it.com
77642590,REQUEST_FAILED,,,,,
77642601,REQUEST_FAILED,,,,,
77642658,REQUEST_FAILED,,,,,
77642623,REQUEST_FAILED,,,,,
77642733,deadAbandoned,ILYRICS,"Sep. 22, 2009","Berdan, Greg S",,greg@hard-case.com
77642681,REQUEST_FAILED,,,,,
77642706,REQUEST_FAILED,,,,,
77642709,REQUEST_FAILED,,,,,
77642823,REQUEST_FAILED,,,,,
77642855,deadAbandoned,TOTAL FUNDING FOR COMMUNITY ASSOCIATIONS,"Sep. 28, 2009","Ginnetti, Mario B.",,marioben@cox.net
77642830,REQUEST_FAILED,,,,,
77642859,deadAbandoned,THE CELEB ARCHIVE,"Sep. 22, 2009",Fregoni Sergio,,tecsof@gmail.com
77642846,REQUEST_FAILED,,,,,
77642861,REQUEST_FAILED,,,,,
77642864,REQUEST_FAILED,,,,,
77642873,REQUEST_FAILED,,,,,
77642916,deadAbandoned,THE DIAMOND INDUSTRIES SEARCH ENGINE,"Sep. 21, 2009",oster william,,diamondzapper@gmail.com
77642898,REQUEST_FAILED,,,,,
77642910,REQUEST_FAILED,,,,,
77642921,REQUEST_FAILED,,,,,
77642923,REQUEST_FAILED,,,,,
77642975,deadAbandoned,3DHD,"Sep. 13, 2009",Learningsoft LLC,,dc@learningsoft.net
77642985,REQUEST_FAILED,,,,,
77642994,REQUEST_FAILED,,,,,
77642995,REQUEST_FAILED,,,,,
77642996,REQUEST_FAILED,,,,,
77643032,deadAbandoned,REMOTEHELP,"Oct. 07, 2009","RSUPPORT Co., Ltd.",,marketing@rsupport.com
77643023,deadAbandoned,SAMOA,"Sep. 25, 2009",JK Imports,,info@jkimports.com
77643158,deadAbandoned,SUPPORT YOUR TROUSERS,"Sep. 25, 2009","Smith, William James Jr.",,teeideas@aol.com
77643031,REQUEST_FAILED,,,,,
77643052,REQUEST_FAILED,,,,,
77643141,REQUEST_FAILED,,,,,
77643147,REQUEST_FAILED,,,,,
77643171,REQUEST_FAILED,,,,,
77643174,REQUEST_FAILED,,,,,
77643204,REQUEST_FAILED,,,,,
77643243,REQUEST_FAILED,,,,,
77643283,REQUEST_FAILED,,,,,
77643271,REQUEST_FAILED,,,,,
77643343,REQUEST_FAILED,,,,,
77643406,deadAbandoned,EVOLUTION OF NIGHTLIFE,"Sep. 28, 2009","ND Rights, LLC",,
77643346,REQUEST_FAILED,,,,,
77643411,deadAbandoned,ND'S FUEGO,"Sep. 28, 2009","ND Rights, LLC",,
77643416,deadAbandoned,ND'S FUEGO,"Sep. 28, 2009","ND Rights, LLC",,
77643395,REQUEST_FAILED,,,,,
77643399,REQUEST_FAILED,,,,,
77643452,deadAbandoned,COMPTIA SECURITY TRUSTMARK,"Sep. 29, 2009","The Computing Technology Industry Association, Inc.",,ipdocket@comptia.org
77643429,deadAbandoned,ND'S FUEGO EVOLUTION OF NIGHTLIFE,"Sep. 28, 2009","ND Rights, LLC",,
77643471,deadAbandoned,RAW TALENT FUEGO,"Sep. 29, 2009","ND Rights, LLC",,
77643437,REQUEST_FAILED,,,,,
77643522,deadAbandoned,BRINGING BACK THE BARBER SHOP,"Sep. 28, 2009","Johnny D.'s Barber Shop, LLC",,johnnydees@sbcglobal.net
77643476,deadAbandoned,COMPTIA SECURITY TRUSTMARK,"Sep. 29, 2009","The Computing Technology Industry Association, Inc.",,ipdocket@comptia.org
77643516,deadAbandoned,RAW TALENT FUEGO NDSFUEGO.COM,"Sep. 29, 2009","ND Rights, LLC",,
77643467,REQUEST_FAILED,,,,,
77643485,REQUEST_FAILED,,,,,
77643260,REQUEST_FAILED,,,,,
77643604,REQUEST_FAILED,,,,,
77643622,deadAbandoned,TONIGHT !,"Sep. 22, 2009",GILI RITZ,,GILI_RITZ@YAHOO.COM
77643627,REQUEST_FAILED,,,,,
77643654,REQUEST_FAILED,,,,,
77643725,deadAbandoned,SCANALYSER PRO TUNER,"Sep. 30, 2009",Performance Design Australia Pty. Ltd.,,mark@performancedesign.com.au
77643680,REQUEST_FAILED,,,,,
77643716,deadAbandoned,STEADY CAM,"Mar. 02, 2009","Heibel, Thomas S.",,sales@stickypod.com
77643715,REQUEST_FAILED,,,,,
77643752,REQUEST_FAILED,,,,,
77643805,REQUEST_FAILED,,,,,
77643982,REQUEST_FAILED,,,,,
77644008,REQUEST_FAILED,,,,,
77644053,REQUEST_FAILED,,,,,
77644074,REQUEST_FAILED,,,,,
77644163,REQUEST_FAILED,,,,,
77644350,REQUEST_FAILED,,,,,
77644377,REQUEST_FAILED,,,,,
77644378,REQUEST_FAILED,,,,,
77644439,deadAbandoned,PRO-MAX,"Aug. 11, 2009",Attila Fabian,,promaxnutritions@yahoo.com
77644403,REQUEST_FAILED,,,,,
77644475,deadAbandoned,ATLAS NUTRICEUTICALS,"Sep. 28, 2009","A & B Coffee, LLC",,brianking99@hotmail.com
77644421,REQUEST_FAILED,,,,,
77644424,REQUEST_FAILED,,,,,
77644514,deadAbandoned,OYLINK EDUCATIONAL SERVICES,"Oct. 01, 2009","OYLINK, LLC",,jmr@oylink.com
77644465,REQUEST_FAILED,,,,,
77644498,REQUEST_FAILED,,,,,
77644523,REQUEST_FAILED,,,,,
77644602,REQUEST_FAILED,,,,,
77644689,REQUEST_FAILED,,,,,
77644903,deadAbandoned,PRETZELSTEAK,"Sep. 29, 2009","Foster, Michael T",,mikefoster2@hotmail.com
77644734,REQUEST_FAILED,,,,,
77644983,deadAbandoned,LIFT & CRANE,"Oct. 01, 2009",Millo Media LLC,,
77644825,REQUEST_FAILED,,,,,
77644890,REQUEST_FAILED,,,,,
77645013,deadAbandoned,UTF UTILITY & TELECOM FLEETS,"Sep. 26, 2009",Milo Media LLC,,
77644990,REQUEST_FAILED,,,,,
77644971,REQUEST_FAILED,,,,,
77645148,REQUEST_FAILED,,,,,
77645146,REQUEST_FAILED,,,,,
77645155,REQUEST_FAILED,,,,,
77645173,REQUEST_FAILED,,,,,
77645174,REQUEST_FAILED,,,,,
77645312,deadAbandoned,LIVE LONGER,"Sep. 28, 2009","Originate, Inc.",,rob@originatelabs.com
77645248,REQUEST_FAILED,,,,,
77645265,REQUEST_FAILED,,,,,
77645314,deadAbandoned,None,"Sep. 24, 2009",Matli :: Elliott Inc.,,melanie@matlielliott.com
77645274,REQUEST_FAILED,,,,,
77645294,REQUEST_FAILED,,,,,
77645301,REQUEST_FAILED,,,,,
77645330,REQUEST_FAILED,,,,,
77645486,REQUEST_FAILED,,,,,
77645568,REQUEST_FAILED,,,,,
77645629,REQUEST_FAILED,,,,,
77645727,REQUEST_FAILED,,,,,
77645740,REQUEST_FAILED,,,,,
77645751,REQUEST_FAILED,,,,,
77645782,REQUEST_FAILED,,,,,
77645876,deadAbandoned,DNA TRANSPORT,"Oct. 07, 2009",DNA Transport,,dnatransport@yahoo.com
77645818,REQUEST_FAILED,,,,,
77645879,REQUEST_FAILED,,,,,
77645980,REQUEST_FAILED,,,,,
77645997,REQUEST_FAILED,,,,,
77646070,deadAbandoned,BOYS2RENT,"Nov. 30, 2009","Longleg, Destiny DH",,support@boys2rentnow.com
77646017,REQUEST_FAILED,,,,,
77646072,REQUEST_FAILED,,,,,
77646075,REQUEST_FAILED,,,,,
77646078,REQUEST_FAILED,,,,,
77646084,REQUEST_FAILED,,,,,
77646130,deadAbandoned,BARC,"Sep. 28, 2009","Danner, Carl Lee",,carlldanner@yahoo.com
77646116,REQUEST_FAILED,,,,,
77646128,REQUEST_FAILED,,,,,
77646168,deadAbandoned,MOST CHOICES,"Sep. 24, 2009",Randall Thomas,,randall.k.thomas@gmail.com
77646132,REQUEST_FAILED,,,,,
77646160,REQUEST_FAILED,,,,,
77646191,deadAbandoned,LEGACY HABITAT,"Sep. 28, 2009","Legacy Habitat, Inc.",,freegolfvip@yahoo.com
77646177,REQUEST_FAILED,,,,,
77646185,REQUEST_FAILED,,,,,
77646195,REQUEST_FAILED,,,,,
77646209,REQUEST_FAILED,,,,,
77646293,REQUEST_FAILED,,,,,
77646320,REQUEST_FAILED,,,,,
77646387,REQUEST_FAILED,,,,,
77646391,REQUEST_FAILED,,,,,
77646400,REQUEST_FAILED,,,,,
77646408,REQUEST_FAILED,,,,,
77646424,REQUEST_FAILED,,,,,
77646539,deadAbandoned,ALWAYS FRESH,"Aug. 24, 2009","Remington, Inc.",,bruce@remingtonwater.com
77646447,REQUEST_FAILED,,,,,
77646516,REQUEST_FAILED,,,,,
77646573,REQUEST_FAILED,,,,,
77646650,deadAbandoned,GREEN IS BUENO,"Sep. 29, 2009",Reed Mfg. Ltd. Co.,,adrian@turnermfg.com
77646701,deadAbandoned,SANDBADGER,"Sep. 29, 2009",Sandbadger Corporation,,
77646609,REQUEST_FAILED,,,,,
77646645,REQUEST_FAILED,,,,,
77646829,deadAbandoned,RADIANT MOBILE,"Sep. 28, 2009","Kadoink, Inc.",,
77646722,REQUEST_FAILED,,,,,
77646795,REQUEST_FAILED,,,,,
77646826,REQUEST_FAILED,,,,,
77646839,REQUEST_FAILED,,,,,
77647050,deadAbandoned,WELLS3,"Aug. 20, 2009",SkyGrid Inc.,,joy@skygrid.com
77647005,REQUEST_FAILED,,,,,
77647084,deadAbandoned,MOVIT,"Oct. 02, 2009",Silverlink International Limited,,dsones@giinii.com
77647056,REQUEST_FAILED,,,,,
77647074,REQUEST_FAILED,,,,,
77647075,REQUEST_FAILED,,,,,
77647082,REQUEST_FAILED,,,,,
77647108,deadAbandoned,GREEN PREGNANCY,"Sep. 29, 2009","Washington Wellness Institute, P.C.",,info@dcwellnessinstitute.com
77647134,REQUEST_FAILED,,,,,
77647172,REQUEST_FAILED,,,,,
77647189,REQUEST_FAILED,,,,,
77647206,deadAbandoned,"AZ-AMERICA, AZAMERICA,AZ, AZURUGUAY,AZBRASIL,AZSTB,AZELITE,AZPREMIUM,AZHD","Sep. 28, 2009",Hugo Condessa,,info@opensat.tv
77647200,REQUEST_FAILED,,,,,
77647203,REQUEST_FAILED,,,,,
77647204,REQUEST_FAILED,,,,,
77647221,REQUEST_FAILED,,,,,
77647262,REQUEST_FAILED,,,,,
77647265,REQUEST_FAILED,,,,,
77647447,deadAbandoned,LEAD EVOLUTION,"Sep. 29, 2009","Leads Pro Systems, LLC",,briankoz@gmail.com
77647424,deadAbandoned,ARSENAL - PURE ENERGY DRINK,"Sep. 28, 2009",Herbert Macheiner,,macheiner@assetcreative.com
77647390,REQUEST_FAILED,,,,,
77647418,REQUEST_FAILED,,,,,
77647461,REQUEST_FAILED,,,,,
77647498,REQUEST_FAILED,,,,,
77647552,REQUEST_FAILED,,,,,
77647592,REQUEST_FAILED,,,,,
77647689,REQUEST_FAILED,,,,,
77647731,REQUEST_FAILED,,,,,
77647735,REQUEST_FAILED,,,,,
77647938,deadAbandoned,CHIKUSAKU,"Sep. 27, 2009",MARUKAI Corporation Kabushiki Kaisha,,YOSHIHITO_TANAKA@MARUKAI.CO.JP
77647895,REQUEST_FAILED,,,,,
77647886,REQUEST_FAILED,,,,,
77647904,REQUEST_FAILED,,,,,
77647956,REQUEST_FAILED,,,,,
77647993,REQUEST_FAILED,,,,,
77648141,deadAbandoned,GOLD BUYERS OF AMERICA GOLDEN GUESS CARD,"Sep. 12, 2009",TITANIUMZ INC,,MATT@GOLDPARTYPRO.COM
77648074,REQUEST_FAILED,,,,,
77648146,deadAbandoned,PRELIEN2LIEN,"Sep. 29, 2009","Tradition Software, Inc.",,caltman@traditionsoftware.com
77648084,REQUEST_FAILED,,,,,
77648159,deadAbandoned,GOLD BUYERS OF AMERICA GOLDEN OPPORTUNITY PARTY/FUNDRAISER,"Sep. 12, 2009",TITANIUMZ INC,,MATT@GOLDPARTYPRO.COM
77648117,REQUEST_FAILED,,,,,
77648211,deadAbandoned,VICINITY MARKETING,"Sep. 26, 2009",TAC Holdings,,kralleynemd@eosm.net
77648174,REQUEST_FAILED,,,,,
77648200,REQUEST_FAILED,,,,,
77648269,REQUEST_FAILED,,,,,
77648297,REQUEST_FAILED,,,,,
77648321,REQUEST_FAILED,,,,,
77648501,deadAbandoned,PALMER CHIROPRACTIC & SPORTS MEDICINE,"Oct. 05, 2009","Palmer, Dr. Lisa",,jason@palmerwellnesscenter.com
77648361,deadAbandoned,PETERSEN,"Sep. 29, 2009",Petersen International Underwriters,,piu@piu.org
77648390,REQUEST_FAILED,,,,,
77648546,deadAbandoned,B.J.G. RECORDS,"Oct. 22, 2009",B.J.G. Records,,ronyinjamaica@hotmail.com
77648479,REQUEST_FAILED,,,,,
77648500,REQUEST_FAILED,,,,,
77648544,REQUEST_FAILED,,,,,
77648549,REQUEST_FAILED,,,,,
77648774,deadAbandoned,EPLUMBING,"Sep. 29, 2009","Mana, George",,grool24@yahoo.com
77648630,REQUEST_FAILED,,,,,
77648761,REQUEST_FAILED,,,,,
77648804,REQUEST_FAILED,,,,,
77648834,REQUEST_FAILED,,,,,
77648830,REQUEST_FAILED,,,,,
77648881,deadAbandoned,ARONIA MAZA CHANTE,"Oct. 14, 2009","Seitz, Dirk A.",,dirkseitz@msn.com
77648869,REQUEST_FAILED,,,,,
77648906,REQUEST_FAILED,,,,,
77648926,REQUEST_FAILED,,,,,
77649133,deadAbandoned,VIBRATION DAMAGE DOSING,"Sep. 28, 2009","Hottinger Baldwin Measurements, Inc.",,scott.calhoun@ncode.com
77649076,REQUEST_FAILED,,,,,
77649118,REQUEST_FAILED,,,,,
77649134,REQUEST_FAILED,,,,,
77649155,REQUEST_FAILED,,,,,
77649149,REQUEST_FAILED,,,,,
77649232,deadAbandoned,UNCL3º CLIFFY,"Sep. 28, 2009",Hoops Global Sport Management,,heather_robinson_2@yahoo.com
77649268,deadAbandoned,SUGA REDD CLOTHING,"Oct. 01, 2009",Lakisha Williams,,lak32red@yahoo.com
77649199,REQUEST_FAILED,,,,,
77649246,REQUEST_FAILED,,,,,
77649325,deadAbandoned,ROISIN FITZPATRICK ART OF THE LIGHT,"Sep. 29, 2009","Fitzpatrick, Roisin",,art@roisinfitzpatrick.com
77649273,REQUEST_FAILED,,,,,
77649310,REQUEST_FAILED,,,,,
77649341,REQUEST_FAILED,,,,,
77649395,REQUEST_FAILED,,,,,
77649436,REQUEST_FAILED,,,,,
77649453,REQUEST_FAILED,,,,,
77649628,deadAbandoned,BEOND SIXTY NINE,"Oct. 02, 2009",cabezas anthony,,beond69@gmail.com
77649638,deadAbandoned,TIME FLOW,"Oct. 02, 2009",Delphix Corp.,,hilary.ahern@delphix.com
77649576,REQUEST_FAILED,,,,,
77649567,REQUEST_FAILED,,,,,
77649743,REQUEST_FAILED,,,,,
77649744,REQUEST_FAILED,,,,,
77649756,REQUEST_FAILED,,,,,
77649784,REQUEST_FAILED,,,,,
77649794,REQUEST_FAILED,,,,,
77649799,REQUEST_FAILED,,,,,
77649825,REQUEST_FAILED,,,,,
77649833,REQUEST_FAILED,,,,,
77649859,REQUEST_FAILED,,,,,
77649873,REQUEST_FAILED,,,,,
77649880,REQUEST_FAILED,,,,,
77649890,REQUEST_FAILED,,,,,
77650028,deadAbandoned,NEW VALUE CONSULTING,"Sep. 29, 2009","New Value Consulting, LLC",,jerry@newvalueconsulting.com
77649939,REQUEST_FAILED,,,,,
77650015,REQUEST_FAILED,,,,,
77649957,REQUEST_FAILED,,,,,
77650029,REQUEST_FAILED,,,,,
77650081,REQUEST_FAILED,,,,,
77650134,REQUEST_FAILED,,,,,
77650149,REQUEST_FAILED,,,,,
77650196,REQUEST_FAILED,,,,,
77650327,deadAbandoned,PARENT PLANNER,"Sep. 28, 2009","Godwin, Ashley V.",,butterflyskincare@yahoo.com
77650250,REQUEST_FAILED,,,,,
77650293,REQUEST_FAILED,,,,,
77650456,deadAbandoned,HIBOOTH.COM PROMOTE EFFORTLESSLY,"Sep. 29, 2009",24hourbook,,hibooth@yahoo.com
77650329,REQUEST_FAILED,,,,,
77650330,REQUEST_FAILED,,,,,
77650348,REQUEST_FAILED,,,,,
77650419,REQUEST_FAILED,,,,,
77650656,deadAbandoned,WEBNOTE,"Oct. 01, 2009",Boban Jose,,boban_jose@hotmail.com
77650599,REQUEST_FAILED,,,,,
77650636,REQUEST_FAILED,,,,,
77650640,REQUEST_FAILED,,,,,
77650646,REQUEST_FAILED,,,,,
77650754,deadAbandoned,JAR OF HOPE,"Oct. 01, 2009","Jabour, Sherry L.",,SherryJabour@aol.com
77650672,REQUEST_FAILED,,,,,
77650667,REQUEST_FAILED,,,,,
77650704,REQUEST_FAILED,,,,,
77650721,REQUEST_FAILED,,,,,
77650963,deadAbandoned,DJIGZO,"Oct. 01, 2009","Brinkers, Martijn",,m.brinkers@pobox.com
77650783,REQUEST_FAILED,,,,,
77650785,REQUEST_FAILED,,,,,
77650794,REQUEST_FAILED,,,,,
77651026,REQUEST_FAILED,,,,,
77651088,REQUEST_FAILED,,,,,
77651106,REQUEST_FAILED,,,,,
77651171,deadAbandoned,WMJMARINE.COM,"Sep. 29, 2009",wmj marine corp,,ask@wmjmarine.com
77651147,REQUEST_FAILED,,,,,
77651210,REQUEST_FAILED,,,,,
77651228,REQUEST_FAILED,,,,,
77651237,REQUEST_FAILED,,,,,
77651268,REQUEST_FAILED,,,,,
77651342,REQUEST_FAILED,,,,,
77651480,REQUEST_FAILED,,,,,
77651491,REQUEST_FAILED,,,,,
77651649,deadAbandoned,"BOSTON HOUSE OF PIZZA, INC","Sep. 29, 2009","BOSTON HOUSE OF PIZZA, INC.",,bostonhouseofpizzainc@yahoo.com
77651555,REQUEST_FAILED,,,,,
77651680,deadAbandoned,MONKEY ROCK,"Sep. 30, 2009","Dent, John Anthony",,johndentmarbella@yahoo.com
77651605,REQUEST_FAILED,,,,,
77651787,deadAbandoned,TDYHOMES,"Oct. 01, 2009","Lauderbach, Hans C.",,hanswpb@yahoo.com
77651673,REQUEST_FAILED,,,,,
77651764,REQUEST_FAILED,,,,,
77651839,deadAbandoned,THE ZIBIT,"Oct. 01, 2009","Kennedy, Scott Alexander",,scott@bitstar.com
77651814,REQUEST_FAILED,,,,,
77651817,REQUEST_FAILED,,,,,
77651847,REQUEST_FAILED,,,,,
77651848,REQUEST_FAILED,,,,,
77651852,REQUEST_FAILED,,,,,
77651949,deadAbandoned,SKINS NEVER GO IN WITHOUT A SKIN,"Nov. 13, 2009","Bowles, Jane Margaret",,sam@creativeconceptions.co.uk
77651890,REQUEST_FAILED,,,,,
77651899,REQUEST_FAILED,,,,,
77651935,REQUEST_FAILED,,,,,
77652026,deadAbandoned,AQUA PURE DRINKING WATER,"Oct. 01, 2009",Aqua Resource Inc.,,maureen@plwc.net
77651989,REQUEST_FAILED,,,,,
77652054,deadAbandoned,THE EVENT PRODUCTION COMPANY,"Oct. 20, 2009",The Event Production Company International LLC,,info@theeventproduction.com
77652007,REQUEST_FAILED,,,,,
77652031,REQUEST_FAILED,,,,,
77652107,deadAbandoned,THE WOODS,"Oct. 01, 2009","TWFJ, INC",,troy@iceboxbakery.com
77652183,REQUEST_FAILED,,,,,
77652226,REQUEST_FAILED,,,,,
77652236,REQUEST_FAILED,,,,,
77652260,REQUEST_FAILED,,,,,
77652349,deadAbandoned,DRY MEDIUM,"Oct. 01, 2009",Derivan Pty Ltd,,sp@matisse.com.au
77652320,REQUEST_FAILED,,,,,
77652333,REQUEST_FAILED,,,,,
77652341,REQUEST_FAILED,,,,,
77652480,deadAbandoned,TVBLOB,"Oct. 07, 2009",TVBLOB S.r.l.,,
77652460,REQUEST_FAILED,,,,,
77652487,REQUEST_FAILED,,,,,
77652530,REQUEST_FAILED,,,,,
77652633,deadAbandoned,NEED TALENT?,"Oct. 01, 2009","GSDC, Inc.",,
77652639,deadAbandoned,TVBLOB,"Oct. 07, 2009",TVBLOB S.r.l.,,
77652599,REQUEST_FAILED,,,,,
77652622,deadAbandoned,HAVE TALENT?,"Oct. 01, 2009","GSDC, Inc.",,
77652637,REQUEST_FAILED,,,,,
77652665,REQUEST_FAILED,,,,,
77652676,REQUEST_FAILED,,,,,
77652708,REQUEST_FAILED,,,,,
77652831,deadAbandoned,WINE FOR WATER,"Oct. 01, 2009",Wine for Water Inc.,,info@wineforwater.org
77652810,REQUEST_FAILED,,,,,
77652816,REQUEST_FAILED,,,,,
77652844,REQUEST_FAILED,,,,,
77652835,REQUEST_FAILED,,,,,
77652888,REQUEST_FAILED,,,,,
77653040,deadAbandoned,GLOBAL MOBILE WEB,"Oct. 07, 2009","Geodelic Systems, Inc.",,alix@geodelic.com
77652936,REQUEST_FAILED,,,,,
77652990,REQUEST_FAILED,,,,,
77652983,REQUEST_FAILED,,,,,
77653063,deadAbandoned,RECCHI,"Oct. 01, 2009","Recchi, Mark S.",,mrecchi@columbus.rr.com
77653041,REQUEST_FAILED,,,,,
77653120,deadAbandoned,LITTLE BEETLE,"Oct. 06, 2009",Limor Weil,,info@littlebeetle.com.au
77653047,REQUEST_FAILED,,,,,
77653158,deadAbandoned,INFINITO,"Oct. 02, 2009",Sur Bodegas y Viñedos S.A.,,guillermo@bodegasur.com.ar
77653066,REQUEST_FAILED,,,,,
77653085,REQUEST_FAILED,,,,,
77653119,REQUEST_FAILED,,,,,
77653122,REQUEST_FAILED,,,,,
77653175,REQUEST_FAILED,,,,,
77653202,REQUEST_FAILED,,,,,
77653221,REQUEST_FAILED,,,,,
77653310,REQUEST_FAILED,,,,,
77653331,REQUEST_FAILED,,,,,
77653353,REQUEST_FAILED,,,,,
77653439,deadAbandoned,OKLAHOMA CITY ROLLER DERBY,"Oct. 08, 2009","Oklahoma City Roller Derby, LLC",,asummers@paradigmtrials.com
77653375,REQUEST_FAILED,,,,,
77653395,REQUEST_FAILED,,,,,
77653454,REQUEST_FAILED,,,,,
77653477,REQUEST_FAILED,,,,,
77653537,deadAbandoned,MATRIX24X7,"Oct. 01, 2009",Zone24x7 Inc.,,schaynej@zone24x7.com
77653461,REQUEST_FAILED,,,,,
77653501,REQUEST_FAILED,,,,,
77653712,deadAbandoned,BABYCAKES,"Oct. 07, 2009","Arambulo, Angela",,angela.arambulo@gmail.com
77653645,REQUEST_FAILED,,,,,
77653650,REQUEST_FAILED,,,,,
77653661,REQUEST_FAILED,,,,,
77653801,deadAbandoned,SUSTAINABLE ROADS,"Oct. 08, 2009",Phoenix Industries,,krs@phoenixindustries.com
77653719,REQUEST_FAILED,,,,,
77653752,REQUEST_FAILED,,,,,
77653838,REQUEST_FAILED,,,,,
77653899,REQUEST_FAILED,,,,,
77653939,REQUEST_FAILED,,,,,
77653945,REQUEST_FAILED,,,,,
77653952,REQUEST_FAILED,,,,,
77653973,REQUEST_FAILED,,,,,
77653963,REQUEST_FAILED,,,,,
77653988,REQUEST_FAILED,,,,,
77654067,deadAbandoned,ALL-IN-ONE PARALLEL INDEPENDENCY,"Oct. 09, 2009",Akribio Corp.,,sharon.yang@akribio.com
77654115,deadAbandoned,"EXCEPTIONAL HEAT, OUTSTANDING VALUE","Oct. 08, 2009","National Steelcrafters of Texas, LLC",,scott@breckwell.com
77654036,REQUEST_FAILED,,,,,
77654142,deadAbandoned,MOBIXELL VIDEON,"Jun. 23, 2009",Mobixell Networks Ltd,,adi@computer-law.co.il
77654073,REQUEST_FAILED,,,,,
77654190,deadAbandoned,"NATIONAL STEELCRAFTERS OF TEXAS, LLC","Oct. 08, 2009","National Steelcrafters of Texas, LLC",,scott@breckwell.com
77654071,REQUEST_FAILED,,,,,
77654176,REQUEST_FAILED,,,,,
77654161,REQUEST_FAILED,,,,,
77654222,deadAbandoned,"NATIONAL STEELCRAFTERS OF OREGON, LLC","Oct. 08, 2009","National Steelcrafters of Texas, LLC",,scott@breckwell.com
77654210,REQUEST_FAILED,,,,,
77654281,REQUEST_FAILED,,,,,
77654312,REQUEST_FAILED,,,,,
77654424,REQUEST_FAILED,,,,,
77654761,deadAbandoned,DURACOAT PAINTING,"Oct. 08, 2009","Duracoat Painting Franchising, Inc.",,mattj206@yahoo.com
77654491,REQUEST_FAILED,,,,,
77654864,deadAbandoned,INTERNATIONAL ASSOCIATION OF EQUESTRIAN EDUCATION,"Oct. 05, 2009","Barbie Whitworth Companies, Inc",,
77654800,REQUEST_FAILED,,,,,
77654890,deadAbandoned,TRANS-IT PRO,"Oct. 09, 2009","Transportation Safety and Compliance Group, Inc.",,anthony.robert.clark@gmail.com
77654842,deadAbandoned,IMMORTAL LONGINGS,"Oct. 01, 2009",ELIZABETH E. SCHUCH,,info@immortallongings.com
77654829,REQUEST_FAILED,,,,,
77654853,REQUEST_FAILED,,,,,
77654891,REQUEST_FAILED,,,,,
77654893,REQUEST_FAILED,,,,,
77654935,deadAbandoned,HYDROMOTOR,"Oct. 08, 2009","Hertel, Andrew D.",,andrew.hertel@gmail.com
77654924,REQUEST_FAILED,,,,,
77654942,deadAbandoned,PHUKET LUXURY VILLAS,"Oct. 07, 2009",Internet World Properties Ltd,,admin@internetworldproperties.com
77654938,deadAbandoned,PAVE VODKA,"Oct. 06, 2009",JL BEVERAGE COMPANY,,tm@jlvodka.com
77654933,REQUEST_FAILED,,,,,
77654937,REQUEST_FAILED,,,,,
77654947,REQUEST_FAILED,,,,,
77654980,REQUEST_FAILED,,,,,
77655031,REQUEST_FAILED,,,,,
77655008,REQUEST_FAILED,,,,,
77655084,REQUEST_FAILED,,,,,
77655188,REQUEST_FAILED,,,,,
77655204,REQUEST_FAILED,,,,,
77655206,REQUEST_FAILED,,,,,
77655342,REQUEST_FAILED,,,,,
77655388,REQUEST_FAILED,,,,,
77655416,REQUEST_FAILED,,,,,
77655515,REQUEST_FAILED,,,,,
77655562,REQUEST_FAILED,,,,,
77655549,REQUEST_FAILED,,,,,
77655601,REQUEST_FAILED,,,,,
77655583,REQUEST_FAILED,,,,,
77655759,deadAbandoned,NEXXX MAGAZINE,"Oct. 14, 2009","Nexxx Publishing Magazine, LLC",,
77655653,REQUEST_FAILED,,,,,
77655785,REQUEST_FAILED,,,,,
77655811,REQUEST_FAILED,,,,,
77655812,REQUEST_FAILED,,,,,
77655815,REQUEST_FAILED,,,,,
77655864,deadAbandoned,PATENT USER MANUAL,"Oct. 13, 2009","Savich, Peter",,peter@jackpolymath.com
77655857,REQUEST_FAILED,,,,,
77655858,REQUEST_FAILED,,,,,
77655866,REQUEST_FAILED,,,,,
77655871,REQUEST_FAILED,,,,,
77655879,REQUEST_FAILED,,,,,
77655902,REQUEST_FAILED,,,,,
77655946,REQUEST_FAILED,,,,,
77655964,REQUEST_FAILED,,,,,
77655972,REQUEST_FAILED,,,,,
77656022,deadAbandoned,SNACK N' PACK,"May 08, 2009",EVRIHOLDER PRODUCTS LLC,,garysevri@gmail.com
77655997,REQUEST_FAILED,,,,,
77656010,REQUEST_FAILED,,,,,
77656024,deadAbandoned,NUTRI-MED,"Oct. 07, 2009",NIP NUTRI-MED INC.,,sgould@nutricompany.com
77656019,REQUEST_FAILED,,,,,
77656029,REQUEST_FAILED,,,,,
77656124,deadAbandoned,TWINKLINGSTAR ASTROLOGY,"Oct. 08, 2009",Catherine LaVigne,,angel@twinklingstarastrology.com
77656043,REQUEST_FAILED,,,,,
77656064,REQUEST_FAILED,,,,,
77656100,REQUEST_FAILED,,,,,
77656189,deadAbandoned,CULTURED,"Oct. 09, 2009","Toll, Rochelle, A",,kirsteneasthope@msn.com
77656177,REQUEST_FAILED,,,,,
77656193,REQUEST_FAILED,,,,,
77656266,REQUEST_FAILED,,,,,
77656412,REQUEST_FAILED,,,,,
77656426,REQUEST_FAILED,,,,,
77656463,REQUEST_FAILED,,,,,
77656594,deadAbandoned,CORE,"Oct. 14, 2009","CORE BEVERAGE COMPANY, INC.",,brad.hartman@mac.com
77656512,REQUEST_FAILED,,,,,
77656634,REQUEST_FAILED,,,,,
77656663,REQUEST_FAILED,,,,,
77656732,REQUEST_FAILED,,,,,
77656733,REQUEST_FAILED,,,,,
77656785,REQUEST_FAILED,,,,,
77656783,REQUEST_FAILED,,,,,
77656851,REQUEST_FAILED,,,,,
77656907,REQUEST_FAILED,,,,,
77656917,REQUEST_FAILED,,,,,
77656999,REQUEST_FAILED,,,,,
77657010,REQUEST_FAILED,,,,,
77657025,deadAbandoned,TOON ME INN,"Oct. 15, 2009","Powell, Brandon",,ToonMeInn@gmail.com
77657046,REQUEST_FAILED,,,,,
77657047,REQUEST_FAILED,,,,,
77657056,REQUEST_FAILED,,,,,
77657094,deadAbandoned,TALK2,"Oct. 08, 2009",fish peter a,,peterfishos@hotmail.com
77657072,REQUEST_FAILED,,,,,
77657073,REQUEST_FAILED,,,,,
77657114,REQUEST_FAILED,,,,,
77657128,REQUEST_FAILED,,,,,
77657169,REQUEST_FAILED,,,,,
77657172,REQUEST_FAILED,,,,,
77657264,deadAbandoned,CORRECTION WITHOUT INJECTION,"Oct. 14, 2009","Restoration Softwear, LTD",,aaron@angellift.com
77657270,REQUEST_FAILED,,,,,
77657317,REQUEST_FAILED,,,,,
77657427,deadAbandoned,KNOCK OFF,"Sep. 21, 2009","750 ML, LLC",,jcooper@domainedecanton.com
77657332,REQUEST_FAILED,,,,,
77657414,REQUEST_FAILED,,,,,
77657445,REQUEST_FAILED,,,,,
77657483,REQUEST_FAILED,,,,,
77657578,REQUEST_FAILED,,,,,
77657643,REQUEST_FAILED,,,,,
77657686,REQUEST_FAILED,,,,,
77657744,deadAbandoned,NET BALANCE POSITION,"Oct. 14, 2009","FINTEL, LLC",,bnenide@fintel.us
77657713,REQUEST_FAILED,,,,,
77657855,deadAbandoned,HEALTHCARE JOB BOARDS,"Oct. 19, 2009",Healthcare Job Boards,,smesa@healthcarejobboards.com
77657771,REQUEST_FAILED,,,,,
77657911,deadAbandoned,STAR,"Oct. 14, 2009","GRUPO MEDIATICO REFORMA NORTE, S.A. DE C.V.",,cgwong@megared.net.mx
77657861,REQUEST_FAILED,,,,,
77657877,deadAbandoned,SOMMA,"Oct. 12, 2009","Wallace, Steve",,carlos@wallywine.com
77657862,REQUEST_FAILED,,,,,
77657898,REQUEST_FAILED,,,,,
77657917,deadAbandoned,THE WASTE WITCH,"Oct. 13, 2009","Stever, Richard B.",,chidoc@comcast.net
77657922,REQUEST_FAILED,,,,,
77657991,deadAbandoned,ROCK THEORY,"Apr. 10, 2009","Hack, Kevin R.",,khack82@hotmail.com
77657928,REQUEST_FAILED,,,,,
77657955,REQUEST_FAILED,,,,,
77658014,deadAbandoned,TASKVIEW,"Oct. 20, 2009",Clearcove Limited,,toby@clearcove.com
77657986,REQUEST_FAILED,,,,,
77657995,deadAbandoned,ROCK THEORY USA,"Apr. 10, 2009","Hack, Kevin R.",,khack82@hotmail.com
77658062,deadAbandoned,CORNISH SEA SALT CO,"Oct. 22, 2009",Cornish Sea Salt Company Limited,,tony@cornishseasalt.co.uk
77658021,REQUEST_FAILED,,,,,
77658023,REQUEST_FAILED,,,,,
77658070,REQUEST_FAILED,,,,,
77658079,REQUEST_FAILED,,,,,
77658188,deadAbandoned,COFFEY'S,"Oct. 13, 2009",SPECIALITY DRINKS LIMITED,,SSS@SPECIALITYDRINKS.COM
77658121,REQUEST_FAILED,,,,,
77658134,REQUEST_FAILED,,,,,
77658203,REQUEST_FAILED,,,,,
77658217,REQUEST_FAILED,,,,,
77658338,deadAbandoned,PREMIER,"Oct. 14, 2009","GRUPO MEDIATICO REFORMA NORTE, S.A. DE C.V.",,cgwong@megared.net.mx
77658250,REQUEST_FAILED,,,,,
77658255,REQUEST_FAILED,,,,,
77658274,REQUEST_FAILED,,,,,
77658397,REQUEST_FAILED,,,,,
77658400,REQUEST_FAILED,,,,,
77658452,REQUEST_FAILED,,,,,
77658568,deadAbandoned,None,"Oct. 17, 2009",Soulgasm NYC,,redness@optonline.com
77658494,REQUEST_FAILED,,,,,
77658573,REQUEST_FAILED,,,,,
77658614,REQUEST_FAILED,,,,,
77658644,REQUEST_FAILED,,,,,
77658711,REQUEST_FAILED,,,,,
77658793,REQUEST_FAILED,,,,,
77658816,REQUEST_FAILED,,,,,
77658817,REQUEST_FAILED,,,,,
77658825,REQUEST_FAILED,,,,,
77658932,deadAbandoned,THE TALENT ADVANTAGE,"Oct. 16, 2009","Onderick-Harvey, Edith",,eoharvey@thetalentadvantage.com
77658949,deadAbandoned,OTSC,"Oct. 19, 2009",Ovesco Endoscopy AG,,marc.schurr@ovesco.com
77658860,REQUEST_FAILED,,,,,
77659038,deadAbandoned,ECO,"Oct. 15, 2009",Eastern Manufacturing Inc.,,kenschafer@easterncatalytic.com
77658961,deadAbandoned,TWIN GRASPER,"Oct. 21, 2009",Ovesco Endoscopy AG,,marc.schurr@ovesco.com
77658914,REQUEST_FAILED,,,,,
77659024,REQUEST_FAILED,,,,,
77659125,deadAbandoned,ECO I,"Oct. 15, 2009",Eastern Manufacturing Inc.,,kenschafer@easterncatalytic.com
77659139,deadAbandoned,NEB24,"Oct. 16, 2009",Neb 24,,mbalaa@neb24.com
77659152,deadAbandoned,THE ANTI-STRESS DRINK,"Oct. 16, 2009","MALAVA Beverages, LLC",,ray@malavabeverages.com
77659158,deadAbandoned,ECO III,"Oct. 15, 2009",Eastern Manufacturing Inc.,,kenschafer@easterncatalytic.com
77659065,REQUEST_FAILED,,,,,
77659198,deadAbandoned,WAVETAG,"Oct. 16, 2009","Daley, Scott L.",,sldaley@wavetag.com
77659112,REQUEST_FAILED,,,,,
77659134,REQUEST_FAILED,,,,,
77659144,REQUEST_FAILED,,,,,
77659266,deadAbandoned,TERRAGNOSIS' WHERE ENERGY MEETS EFFICIENCY,"Oct. 22, 2009",David W Kimmel,,DavidKimmel@cox.net
77659181,REQUEST_FAILED,,,,,
77659267,REQUEST_FAILED,,,,,
77659340,REQUEST_FAILED,,,,,
77659377,REQUEST_FAILED,,,,,
77659456,REQUEST_FAILED,,,,,
77659513,REQUEST_FAILED,,,,,
77659696,REQUEST_FAILED,,,,,
77659697,REQUEST_FAILED,,,,,
77659706,REQUEST_FAILED,,,,,
77659716,REQUEST_FAILED,,,,,
77659752,REQUEST_FAILED,,,,,
77659772,REQUEST_FAILED,,,,,
77659803,deadAbandoned,FOOD SERVICE TRADER WWW.FOODSERVICETRADER.COM,"Oct. 21, 2009","Food Service Trader, LLC",,info@foodservicetrader.com
77659785,REQUEST_FAILED,,,,,
77659793,REQUEST_FAILED,,,,,
77659823,deadAbandoned,MUSIC OF YOUR LIFE,"Oct. 20, 2009","MARQUIE, LLC",,marquie1234@gmail.com
77659800,REQUEST_FAILED,,,,,
77659846,deadAbandoned,THE ULTIMATE FOOT MASSAGE,"Oct. 19, 2009","The Vital Energy Source, LLC",,info@reflexologyprof.com
77659818,REQUEST_FAILED,,,,,
77659841,deadAbandoned,TOP GIRLS,"Oct. 19, 2009",K-Factor Media,,jingchen3@gmail.com
77659842,REQUEST_FAILED,,,,,
77659854,REQUEST_FAILED,,,,,
77659868,REQUEST_FAILED,,,,,
77659870,REQUEST_FAILED,,,,,
77659956,REQUEST_FAILED,,,,,
77660001,REQUEST_FAILED,,,,,
77660016,REQUEST_FAILED,,,,,
77660039,REQUEST_FAILED,,,,,
77660043,REQUEST_FAILED,,,,,
77660133,deadAbandoned,NORTHAMERICAN TECHNICAL & FORENSIC SERVICES,"Oct. 30, 2009","NorthAmerican Technical & Forensic Services, LLC",,nats702@earthlink.net
77660053,REQUEST_FAILED,,,,,
77660106,REQUEST_FAILED,,,,,
77660108,REQUEST_FAILED,,,,,
77660143,REQUEST_FAILED,,,,,
77660260,REQUEST_FAILED,,,,,
77660327,REQUEST_FAILED,,,,,
77660610,REQUEST_FAILED,,,,,
77660548,REQUEST_FAILED,,,,,
77660619,REQUEST_FAILED,,,,,
77660742,deadAbandoned,EVENT BASE,"Oct. 26, 2009","Schwede, Torsten",,Torsten.Schwede@gmail.com
77660646,REQUEST_FAILED,,,,,
77660707,REQUEST_FAILED,,,,,
77660745,REQUEST_FAILED,,,,,
77660757,REQUEST_FAILED,,,,,
77660795,REQUEST_FAILED,,,,,
77660807,REQUEST_FAILED,,,,,
77660844,deadAbandoned,BANDA VALLE VERDE LA MAS JOVEN DE CHICAGO,"Oct. 26, 2009","VILLANUEVA, RAMON",,cepedaroberto@yahoo.com
77660817,REQUEST_FAILED,,,,,
77660885,REQUEST_FAILED,,,,,
77660909,REQUEST_FAILED,,,,,
77660950,deadAbandoned,PROVIDASTAFF,"Oct. 22, 2009","ProvidaStaff, LLC",,mclamp23@yahoo.com
77660935,REQUEST_FAILED,,,,,
77660957,REQUEST_FAILED,,,,,
77661019,REQUEST_FAILED,,,,,
77661097,REQUEST_FAILED,,,,,
77661132,REQUEST_FAILED,,,,,
77661129,REQUEST_FAILED,,,,,
77661169,deadAbandoned,LIME FUSION,"Jul. 24, 2009","Sunkist Growers, Inc.",,tm@sunkistgrowers.com
77661135,REQUEST_FAILED,,,,,
77661266,REQUEST_FAILED,,,,,
77661249,REQUEST_FAILED,,,,,
77661278,REQUEST_FAILED,,,,,
77661313,REQUEST_FAILED,,,,,
77661502,deadAbandoned,"""WHITE KING RISING""","Oct. 28, 2009","Kessler, Lee",,Lee@TheKesslerGroupIntl.com
77661496,deadAbandoned,USELESS,"Oct. 30, 2009",Maelstrom Group,,whysimmons@yahoo.com
77661601,deadAbandoned,GOOGLE IT,"Apr. 15, 2009","Olsen, Pat T",,pattie0418@gmail.com
77661671,deadAbandoned,AUGUST VENTURES,"Oct. 20, 2009","August Ventures, Inc",,eric@augventures.com
77661660,deadAbandoned,"""LIKE SANDS THROUGH THE HOURGLASS, SO ARE THE DAYS OF OUR LIVES""","Oct. 29, 2009",Caren Peterson,,petersoncaren@yahoo.com
77661503,REQUEST_FAILED,,,,,
77661572,REQUEST_FAILED,,,,,
77661654,REQUEST_FAILED,,,,,
77661710,REQUEST_FAILED,,,,,
77661716,REQUEST_FAILED,,,,,
77661731,REQUEST_FAILED,,,,,
77661735,REQUEST_FAILED,,,,,
77661742,REQUEST_FAILED,,,,,
77661788,REQUEST_FAILED,,,,,
77661858,deadAbandoned,C,"Oct. 09, 2009","Epstein, Daniel A",,epstein.dan@gmail.com
77661803,REQUEST_FAILED,,,,,
77661871,deadAbandoned,GRANDÈRA,"Oct. 28, 2009",hans lekkerkerk plant technology,,Lennart@JHLgroup.nl
77661834,REQUEST_FAILED,,,,,
77661854,REQUEST_FAILED,,,,,
77661861,REQUEST_FAILED,,,,,
77661898,REQUEST_FAILED,,,,,
77662006,REQUEST_FAILED,,,,,
77662017,REQUEST_FAILED,,,,,
77662013,REQUEST_FAILED,,,,,
77662035,REQUEST_FAILED,,,,,
77662143,REQUEST_FAILED,,,,,
77662153,REQUEST_FAILED,,,,,
77662210,REQUEST_FAILED,,,,,
77662221,REQUEST_FAILED,,,,,
77662332,deadAbandoned,ROSA PASION,"Oct. 26, 2009",FONSECA REYES CARLOS MIGUEL,,saljim7@hotmail.com
77662335,deadAbandoned,WELLTH OF HEALTH,"Oct. 30, 2009","Wellth Of Health 47, LLC",,wellthofhealth@yahoo.com
77662263,REQUEST_FAILED,,,,,
77662334,REQUEST_FAILED,,,,,
77662348,REQUEST_FAILED,,,,,
77662629,deadAbandoned,SISTERPOWER,"Oct. 26, 2009",Lorraine C Phillips,,lplplpx3@yahoo.com
77662458,REQUEST_FAILED,,,,,
77662557,REQUEST_FAILED,,,,,
77662596,REQUEST_FAILED,,,,,
77662657,REQUEST_FAILED,,,,,
77662702,REQUEST_FAILED,,,,,
77662765,deadAbandoned,THE BUDGETBUG CONSUMER DISCOUNT CARD,"Oct. 21, 2009","What's Good Entertainment, Inc",,J.Nofi@Budgetbug.com
77662736,REQUEST_FAILED,,,,,
77662787,deadAbandoned,NON-EXCLUSIONARY GENETICS,"Dec. 01, 2009",Existence Genetics,,info@ExistenceGenetics.com
77662750,REQUEST_FAILED,,,,,
77662770,REQUEST_FAILED,,,,,
77662883,deadAbandoned,REVOLVER SKATEBOARDS,"Oct. 26, 2009","Costello, Chris",,ChrisCostello@RevolverSkateboards.com
77662788,REQUEST_FAILED,,,,,
77662834,deadAbandoned,DELO-MONOX,"Oct. 23, 2009",DELO Industrial Adhesives LLC,,Stephan.Tremmel@DELO.us
77662815,REQUEST_FAILED,,,,,
77662824,REQUEST_FAILED,,,,,
77662946,deadAbandoned,NJNEWS.COM,"Oct. 28, 2009",ADFAMOUS LLC,,swelldesi@yahoo.com
77662982,REQUEST_FAILED,,,,,
77662986,REQUEST_FAILED,,,,,
77663003,REQUEST_FAILED,,,,,
77663017,REQUEST_FAILED,,,,,
77663087,REQUEST_FAILED,,,,,
77663106,REQUEST_FAILED,,,,,
77663393,REQUEST_FAILED,,,,,
77663552,REQUEST_FAILED,,,,,
77663554,REQUEST_FAILED,,,,,
77663692,deadAbandoned,TITANIA,"Oct. 29, 2009",ZHEJIANG LIBAHUANG GROUP CO. LTD.,,
77663720,deadAbandoned,FULL GENOME PANEL,"Dec. 01, 2009",Existence Genetics,,info@ExistenceGenetics.com
77663659,REQUEST_FAILED,,,,,
77663661,REQUEST_FAILED,,,,,
77663722,deadAbandoned,DERMATOLOGY PANEL,"Dec. 01, 2009",Existence Genetics,,info@ExistenceGenetics.com
77663707,REQUEST_FAILED,,,,,
77663709,REQUEST_FAILED,,,,,
77663741,deadAbandoned,METS POET,"Oct. 28, 2009","The Fine Art Fund, LLC",,speak@spokeface.com
77663721,REQUEST_FAILED,,,,,
77663727,REQUEST_FAILED,,,,,
77663740,REQUEST_FAILED,,,,,
77663851,deadAbandoned,TRACTIONPADS,"Oct. 26, 2009",Ortho Traction Pads LLC,,jeromemcsorley@hotmail.com
77663873,REQUEST_FAILED,,,,,
77663973,REQUEST_FAILED,,,,,
77663981,REQUEST_FAILED,,,,,
77664076,deadAbandoned,LAWN GOLF,"Oct. 29, 2009",Ted McDonald,,tedmcd@swbell.net
77664021,REQUEST_FAILED,,,,,
77664038,REQUEST_FAILED,,,,,
77664108,REQUEST_FAILED,,,,,
77664210,REQUEST_FAILED,,,,,
77664231,REQUEST_FAILED,,,,,
77664262,REQUEST_FAILED,,,,,
77664246,REQUEST_FAILED,,,,,
77664277,REQUEST_FAILED,,,,,
77664294,REQUEST_FAILED,,,,,
77664308,REQUEST_FAILED,,,,,
77664413,REQUEST_FAILED,,,,,
77664469,REQUEST_FAILED,,,,,
77664572,deadAbandoned,SANTA BARBARA NIGHTS,"Oct. 26, 2009","Kedem, Shai",,
77664536,REQUEST_FAILED,,,,,
77664540,REQUEST_FAILED,,,,,
77664545,REQUEST_FAILED,,,,,
77664559,REQUEST_FAILED,,,,,
77664579,REQUEST_FAILED,,,,,
77664622,REQUEST_FAILED,,,,,
77664628,REQUEST_FAILED,,,,,
77664646,REQUEST_FAILED,,,,,
77664663,REQUEST_FAILED,,,,,
77664684,REQUEST_FAILED,,,,,
77664706,REQUEST_FAILED,,,,,
77664741,REQUEST_FAILED,,,,,
77664813,deadAbandoned,HARD 2 GUARD HARD2GUARDATHLETICS,"Dec. 10, 2009","Potts, Stanley",,stanleypotts@hotmail.com
77664856,REQUEST_FAILED,,,,,
77664882,REQUEST_FAILED,,,,,
77665029,deadAbandoned,ALBERCA PORTABLE POOLS,"Oct. 28, 2009",Quick Pools 4 Less,,info@choispool.com
77665036,deadAbandoned,BOCCE BELLA,"Nov. 01, 2009",Enrico C. Daniele,,BOCCE54@aol.com
77664964,REQUEST_FAILED,,,,,
77665070,deadAbandoned,PRO$TORE,"Sep. 12, 2009",Todd Meagher,,toddme@gher.com
77664993,REQUEST_FAILED,,,,,
77665129,deadAbandoned,SMARTSWITCH FROM ROBERTSON WORLDWIDE,"Oct. 28, 2009",Robertson Worldwide,,ssimmons@robertsonww.com
77665026,REQUEST_FAILED,,,,,
77665117,REQUEST_FAILED,,,,,
77665141,REQUEST_FAILED,,,,,
77665286,REQUEST_FAILED,,,,,
77665439,REQUEST_FAILED,,,,,
77665485,REQUEST_FAILED,,,,,
77665500,REQUEST_FAILED,,,,,
77665616,deadAbandoned,PROCESS IMPROVEMENT CULTURAL ASSESSMENT,"Oct. 29, 2009","Caldwell, Laura Leigh",,laura@acmeprocessgroup.com
77665627,deadAbandoned,MAMA TANG'S,"Oct. 28, 2009",Mama Tang's LLC,,
77665557,REQUEST_FAILED,,,,,
77665592,REQUEST_FAILED,,,,,
77665598,REQUEST_FAILED,,,,,
77665638,REQUEST_FAILED,,,,,
77665730,deadAbandoned,NNÜVER,"Nov. 03, 2009",Adrián Glief Cervantes Covarrubias,,
77665674,REQUEST_FAILED,,,,,
77665690,REQUEST_FAILED,,,,,
77665708,REQUEST_FAILED,,,,,
77665732,deadAbandoned,TUBE DIAL,"Oct. 29, 2009",TUBE DEMO,,acroproducts@yahoo.com
77665724,REQUEST_FAILED,,,,,
77665727,REQUEST_FAILED,,,,,
77665771,REQUEST_FAILED,,,,,
77665774,REQUEST_FAILED,,,,,
77665779,REQUEST_FAILED,,,,,
77665784,REQUEST_FAILED,,,,,
77665800,deadAbandoned,ITHUMB,"Nov. 05, 2009","Conner, Steve",,steveconner1@mac.com
77665790,REQUEST_FAILED,,,,,
77665795,REQUEST_FAILED,,,,,
77665871,deadAbandoned,LEAN-RESCUE,"Sep. 17, 2009","Nutec Performance Labs, Inc.",,randy@nplabs.net
77665834,deadAbandoned,BAROCK,"Nov. 17, 2009",Donald Scot Colby,,snrj@comcast.net
77665824,REQUEST_FAILED,,,,,
77665906,deadAbandoned,HCML,"Nov. 12, 2009",CyWee Group Limited,,sandra.kan@msa.hinet.net
77665843,REQUEST_FAILED,,,,,
77665911,deadAbandoned,MIGHTY GREEN,"Nov. 09, 2009",ORMUS Global Holdings LLC,,ormus.dna@mac.com
77665879,REQUEST_FAILED,,,,,
77665889,REQUEST_FAILED,,,,,
77665899,REQUEST_FAILED,,,,,
77665945,deadAbandoned,"AT THE END OF THE DAY, JESUS STILL LOVES YOU","Oct. 30, 2009","Whitehead, Michael",,mwhitehead@wowway.com
77665983,deadAbandoned,MEATBALL MUNCHERS,"May 01, 2009","Sunshine Mills, Inc.",,docketing@pelaw.net
77665943,REQUEST_FAILED,,,,,
77666017,deadAbandoned,TEXAS TENORS,"Oct. 29, 2009","Spotlight Entertainment Productions, Inc.",,office@barryball.com
77665970,REQUEST_FAILED,,,,,
77666028,REQUEST_FAILED,,,,,
77666057,REQUEST_FAILED,,,,,
77666061,REQUEST_FAILED,,,,,
77666072,REQUEST_FAILED,,,,,
77666126,REQUEST_FAILED,,,,,
77666200,REQUEST_FAILED,,,,,
77666255,REQUEST_FAILED,,,,,
77666407,deadAbandoned,DON THE BEACHCOMBER,"Oct. 29, 2009","Tiki Management, LLC",,rfenton@tikimanagement.com
77666302,REQUEST_FAILED,,,,,
77666539,deadAbandoned,THE KING'S WAY,"Oct. 29, 2009","The King's Way, Inc",,davisdrct@aol.com
77666509,REQUEST_FAILED,,,,,
77666536,REQUEST_FAILED,,,,,
77666593,REQUEST_FAILED,,,,,
77666611,REQUEST_FAILED,,,,,
77666673,deadAbandoned,XPRESS LANE,"Oct. 16, 2009",Lane International Trading Inc.,,kristy.terry@laneintlusa.com
77666638,REQUEST_FAILED,,,,,
77666681,REQUEST_FAILED,,,,,
77666720,deadAbandoned,CLINICAL RESOURCES LLC,"Oct. 29, 2009",Clinical Resources LLC,,Jennifer@clinicalresources.com
77666685,REQUEST_FAILED,,,,,
77666775,REQUEST_FAILED,,,,,
77666784,REQUEST_FAILED,,,,,
77666869,deadAbandoned,EMPIRE OF GLORY,"Oct. 19, 2009","Alawar Entertainment, Inc",,vadim@alawar.com
77666823,REQUEST_FAILED,,,,,
77666860,REQUEST_FAILED,,,,,
77666918,deadAbandoned,GROWTHLEADERS,"Nov. 05, 2009","Growthleaders, Inc.",,
77666870,deadAbandoned,ELIQUIDITY,"Nov. 02, 2009",Liquidity Financial Services Pty Ltd,,dk@liquidityfinancial.net
77666922,REQUEST_FAILED,,,,,
77666957,REQUEST_FAILED,,,,,
77667090,deadAbandoned,M. C.,"Nov. 05, 2009","Webster, Willie",,websterwillie@sbcglobal.net
77667042,REQUEST_FAILED,,,,,
77667109,REQUEST_FAILED,,,,,
77667141,REQUEST_FAILED,,,,,
77667271,deadAbandoned,LATINO TOWNHALL,"Nov. 10, 2009","Garcia, Joel",,redrockcorporatesolutions@gmail.com
77667155,REQUEST_FAILED,,,,,
77667190,REQUEST_FAILED,,,,,
77667225,REQUEST_FAILED,,,,,
77667414,REQUEST_FAILED,,,,,
77667419,REQUEST_FAILED,,,,,
77667435,REQUEST_FAILED,,,,,
77667445,REQUEST_FAILED,,,,,
77667554,deadAbandoned,PLAY BURRO,"Oct. 30, 2009",sunzinni,,johnburrote@att.net
77667537,deadAbandoned,RADIAL REPTILE,"Nov. 04, 2009",Interco Tire Corporation,,WGuidry@intercotire.com
77667608,REQUEST_FAILED,,,,,
77667628,REQUEST_FAILED,,,,,
77667721,REQUEST_FAILED,,,,,
77667737,REQUEST_FAILED,,,,,
77667750,REQUEST_FAILED,,,,,
77667795,REQUEST_FAILED,,,,,
77667824,REQUEST_FAILED,,,,,
77667912,REQUEST_FAILED,,,,,
77667913,REQUEST_FAILED,,,,,
77667977,REQUEST_FAILED,,,,,
77667996,REQUEST_FAILED,,,,,
77667999,REQUEST_FAILED,,,,,
77668129,deadAbandoned,KIDZ COMPASS,"Nov. 07, 2009","Conyer, Stanley T.",,conyermediation@gmail.com
77668156,deadAbandoned,DON'T GIVE UP,"Nov. 07, 2009",Alive Fitness,,morrison.brianna@gmail.com
77668046,REQUEST_FAILED,,,,,
77668182,deadAbandoned,BUG OFF,"Nov. 06, 2009",Creative Asset Management,,
77668061,REQUEST_FAILED,,,,,
77668101,REQUEST_FAILED,,,,,
77668273,deadAbandoned,RAVE WIRELESS,"Nov. 05, 2009","Rave Wireless, Inc.",,thall@ravewireless.com
77668184,REQUEST_FAILED,,,,,
77668270,REQUEST_FAILED,,,,,
77668282,REQUEST_FAILED,,,,,
77668557,deadAbandoned,BKINI,"Nov. 05, 2009","Wigen, Jim R",,jimwigen@whicorp.com
77668461,REQUEST_FAILED,,,,,
77668553,deadAbandoned,THE SMART PLANNER,"Nov. 07, 2009","Stevens, Lucille",,thesmartplanner@gmail.com
77668511,REQUEST_FAILED,,,,,
77668499,REQUEST_FAILED,,,,,
77668565,REQUEST_FAILED,,,,,
77668658,deadAbandoned,HEALTHY YOU,"Nov. 05, 2009","Harding, Brenda",,starstruckpa@gmail.com
77668623,REQUEST_FAILED,,,,,
77668633,REQUEST_FAILED,,,,,
77668696,deadAbandoned,"FLORIDA PEDIATRIC CRITICAL CARE, P.A. HELPING TO MAKE KIDS BETTER","Nov. 07, 2009","Florida Pediatric Critical Care, P.A.",,cristin_guimond@bellsouth.net
77668708,deadAbandoned,PREPAREDNESS QUALITY ASSURANCE REVIEW,"Nov. 16, 2009",Emergency Response Training Inc,,richanderson@comcast.net
77668664,REQUEST_FAILED,,,,,
77668673,REQUEST_FAILED,,,,,
77668742,deadAbandoned,VOOGLE,"Nov. 02, 2009",Patrick Riley,,patrick@ischool.berkeley.edu
77668744,deadAbandoned,ALLSTARAGENTS,"Nov. 02, 2009","ExitEngine, Inc",,greg@allstaragents.com
77668735,REQUEST_FAILED,,,,,
77668738,REQUEST_FAILED,,,,,
77668837,deadAbandoned,VET PREFERRED,"Nov. 02, 2009","Winslow, Field H. P.",,vp@seanet.com
77668755,REQUEST_FAILED,,,,,
77668863,REQUEST_FAILED,,,,,
77668934,REQUEST_FAILED,,,,,
77668953,REQUEST_FAILED,,,,,
77668958,REQUEST_FAILED,,,,,
77668987,REQUEST_FAILED,,,,,
77669027,REQUEST_FAILED,,,,,
77669031,REQUEST_FAILED,,,,,
77669039,REQUEST_FAILED,,,,,
77669081,REQUEST_FAILED,,,,,
77669092,deadAbandoned,THE BOOK OF THE DAY,"Nov. 09, 2009",FM Acquisition Corp,,jenn@contentthatworks.com
77669093,REQUEST_FAILED,,,,,
77669179,REQUEST_FAILED,,,,,
77669243,REQUEST_FAILED,,,,,
77669435,deadAbandoned,THE SOLUTIONS SHOW,"Nov. 10, 2009","Red Letter Communications, Inc.",,riley@rlci.com
77669555,deadAbandoned,MANGO MIMOSA,"Nov. 10, 2009",Silver Moon Desserts,,sheri@silvermoondesserts.com
77669561,deadAbandoned,SECURATRAC SECURING YOUR PEACE OF MIND,"Nov. 16, 2009","SecuraTrac, LLC",,chris@securatrac.com
77669307,REQUEST_FAILED,,,,,
77669557,REQUEST_FAILED,,,,,
77669581,deadAbandoned,CHOCOLATE CHERRIES' JUBILEE,"Nov. 10, 2009",Silver Moon Desserts,,sheri@silvermoondesserts.com
77669713,deadAbandoned,TEQUILA LA REVANCHA,"Sep. 10, 2009","Grupo Internacional de Exportacion, S.A. de C.V.",,cthomae@jcva.com.mx
77669621,REQUEST_FAILED,,,,,
77669730,REQUEST_FAILED,,,,,
77669795,deadAbandoned,LAPURETÉ,"Nov. 13, 2009",viva-aroma Pty Ltd,,peter@lapurete.com.au
77669807,deadAbandoned,GRASSBLADE,"Nov. 06, 2009",Clinton George O' Leary,,clinton.oleary@eccdxb.ae
77669777,REQUEST_FAILED,,,,,
77669778,REQUEST_FAILED,,,,,
77669809,REQUEST_FAILED,,,,,
77669896,deadAbandoned,THE REVENGE,"Sep. 10, 2009","Grupo Internacional de Exportacion, S.A. de C.V.",,cthomae@jcva.com.mx
77669886,REQUEST_FAILED,,,,,
77669907,REQUEST_FAILED,,,,,
77670090,deadAbandoned,TRIPLE CROWN DRAW POKER,"Aug. 18, 2009","Simpson, Thorin W",,thor@imageadventures.com
77670011,REQUEST_FAILED,,,,,
77670157,deadAbandoned,PEOPLE'S CHOICE AMERICA,"Nov. 13, 2009","Daily, Pamela",,dailydr@cox.net
77670079,REQUEST_FAILED,,,,,
77670250,deadAbandoned,VITAPATCH,"Nov. 10, 2009",Vitapatch LLC,,
77670227,deadAbandoned,MILC,"Nov. 14, 2009","Muraine, Robert L",,mrfantastic@live.com
77670128,REQUEST_FAILED,,,,,
77670418,deadAbandoned,HOMEWORKNOW,"Dec. 01, 2009",YES INTERACTIVE LLC,,NICK@HOMEWORKNOW.COM
77670172,REQUEST_FAILED,,,,,
77670269,REQUEST_FAILED,,,,,
77670489,deadAbandoned,MARKETING AS A SERVICE,"Nov. 13, 2009","Tkach, Daniel S.",,dtkach@partnersmarket.com
77670346,REQUEST_FAILED,,,,,
77670560,deadAbandoned,THREAT - TACTICAL HAZARDS RESPONSE AND EXPLOSIVES AWARENESS TRAINING,"Nov. 06, 2009","Magen Solutions, LLC",,LDavies@riscmgmt.com
77670516,REQUEST_FAILED,,,,,
77670663,deadAbandoned,THE SLIDE KNOT,"Nov. 22, 2009",Slide Knot,,slideknot@aol.com
77670620,REQUEST_FAILED,,,,,
77670709,deadAbandoned,LIVE TO RUN RUN TO LIVE,"Dec. 21, 2009",/Phil Musumeci/,,Phil@SolSurfer.com
77670637,REQUEST_FAILED,,,,,
77670733,deadAbandoned,KLEERWORX,"Nov. 09, 2009",Gregory Blair Herlean,,gopher@fiber.net
77670656,REQUEST_FAILED,,,,,
77670688,REQUEST_FAILED,,,,,
77670787,deadAbandoned,SOL SISTER,"Nov. 10, 2009",/Phil Musumeci/,,Phil@SolSurfer.com
77670728,REQUEST_FAILED,,,,,
77670884,deadAbandoned,CERES,"Nov. 10, 2009","Ceres Interventional, Inc.",,mwarner@ceresmedical.com
77670798,REQUEST_FAILED,,,,,
77670814,REQUEST_FAILED,,,,,
77670819,REQUEST_FAILED,,,,,
77670895,REQUEST_FAILED,,,,,
77670958,deadAbandoned,WWW.IMETASCHOOL.ORG,"Nov. 07, 2009",Kashmiri Hutcherson,,miri.rose@gmail.com
77670908,REQUEST_FAILED,,,,,
77670955,deadAbandoned,ELUXURYREALTY,"Oct. 03, 2009","Pure Success Marketing, Inc.",,bryan@guentner.net
77670961,REQUEST_FAILED,,,,,
77670967,REQUEST_FAILED,,,,,
77670968,REQUEST_FAILED,,,,,
77670985,REQUEST_FAILED,,,,,
77670998,REQUEST_FAILED,,,,,
77671018,deadAbandoned,DESIGNER'S IMAGE,"Nov. 16, 2009",Designer's Image,,joshuawheeler1@gmail.com
77670999,REQUEST_FAILED,,,,,
77671073,deadAbandoned,BESTDEALSONGROCERIES.COM,"Nov. 15, 2009",JOY OF LEARNING LLC,,afireman2003@comcast.net
77671039,REQUEST_FAILED,,,,,
77671053,deadAbandoned,TONIRA,"Nov. 17, 2009",TONIRA CHEMICAL COMPANY LIMITED,,monik@tonira-chemical.com
77671068,REQUEST_FAILED,,,,,
77671035,deadAbandoned,CHEEKY CHEWZ,"Dec. 09, 2009",Australian Food Innovators Pty Ltd,,peterbrown@austfoodinnovators.com.au
77671074,REQUEST_FAILED,,,,,
77671110,REQUEST_FAILED,,,,,
77671149,REQUEST_FAILED,,,,,
77671191,REQUEST_FAILED,,,,,
77671210,REQUEST_FAILED,,,,,
77671237,REQUEST_FAILED,,,,,
77671273,REQUEST_FAILED,,,,,
77671275,REQUEST_FAILED,,,,,
77671374,deadAbandoned,GREEN DRAIN,"Nov. 17, 2009","Green Bear Innovations, Inc.",,support@greenbearinnovations.com
77671431,deadAbandoned,LEE MAJORS RECHARGEABLE BIONIC HEARING AID,"Nov. 06, 2009","Hearing Assist, LLC",,nnaylor@hearingassist.com
77671310,REQUEST_FAILED,,,,,
77671379,REQUEST_FAILED,,,,,
77671539,deadAbandoned,LIL' DELI BITES,"Nov. 17, 2009","Telford, Robert A",,rtelford@experity.com
77671471,REQUEST_FAILED,,,,,
77671520,REQUEST_FAILED,,,,,
77671599,deadAbandoned,None,"Nov. 12, 2009",Neng Feng WANG,,tmregistered@gmail.com
77671577,REQUEST_FAILED,,,,,
77671582,REQUEST_FAILED,,,,,
77671603,REQUEST_FAILED,,,,,
77671605,REQUEST_FAILED,,,,,
77671679,deadAbandoned,PASS ME THE BALL YO,"May 12, 2009","Sellers, Anthony H.",,sellersaa@aol.com
77671610,REQUEST_FAILED,,,,,
77671680,REQUEST_FAILED,,,,,
77671792,REQUEST_FAILED,,,,,
77671810,REQUEST_FAILED,,,,,
77671836,REQUEST_FAILED,,,,,
77671859,REQUEST_FAILED,,,,,
77671887,REQUEST_FAILED,,,,,
77671888,REQUEST_FAILED,,,,,
77671898,REQUEST_FAILED,,,,,
77672055,deadAbandoned,A LEAGUE OF EXTREME HUSTLAZ CERTIFIED BLOCK APRROVED CBA,"Nov. 13, 2009","Riley, Milton J",,certifiedblockapproved@yahoo.com
77672106,REQUEST_FAILED,,,,,
77672110,REQUEST_FAILED,,,,,
77672192,REQUEST_FAILED,,,,,
77672200,REQUEST_FAILED,,,,,
77672281,REQUEST_FAILED,,,,,
77672291,REQUEST_FAILED,,,,,
77672407,deadAbandoned,LOUISIANA MARATHON AND HALF MARATHON,"Nov. 09, 2009","Wattigny, Michael S.",,mikewattigny@gmail.com
77672372,REQUEST_FAILED,,,,,
77672459,deadAbandoned,E&P WIRING SOLUTIONS,"Nov. 12, 2009",Bergin Edward John,,edbergin@hotmail.com
77672388,REQUEST_FAILED,,,,,
77672470,deadAbandoned,PLADELET,"Nov. 13, 2009",RAV BARIACH (08) INDUSTRIES LTD,,
77672431,REQUEST_FAILED,,,,,
77672554,deadAbandoned,COLLECT QUARTERS,"Nov. 10, 2009","miles, john p",,milo9463@yahoo.com
77672469,REQUEST_FAILED,,,,,
77672472,deadAbandoned,None,"Nov. 13, 2009",RAV BARIACH (08) INDUSTRIES LTD,,ilanit@patentim.com
77672477,REQUEST_FAILED,,,,,
77672482,REQUEST_FAILED,,,,,
77672514,REQUEST_FAILED,,,,,
77672719,REQUEST_FAILED,,,,,
77672750,REQUEST_FAILED,,,,,
77672817,REQUEST_FAILED,,,,,
77672822,REQUEST_FAILED,,,,,
77672848,REQUEST_FAILED,,,,,
77672873,REQUEST_FAILED,,,,,
77672903,REQUEST_FAILED,,,,,
77672957,REQUEST_FAILED,,,,,
77672969,REQUEST_FAILED,,,,,
77673126,deadAbandoned,None,"Sep. 28, 2009","Kadoink, Inc.",,
77673109,REQUEST_FAILED,,,,,
77673169,deadAbandoned,BRAZOS STONE,"Nov. 12, 2009","Ash, Brady S.",,brady_ash@hotmail.com
77673144,REQUEST_FAILED,,,,,
77673198,REQUEST_FAILED,,,,,
77673290,REQUEST_FAILED,,,,,
77673325,REQUEST_FAILED,,,,,
77673322,REQUEST_FAILED,,,,,
77673380,REQUEST_FAILED,,,,,
77673393,REQUEST_FAILED,,,,,
77673400,deadAbandoned,VIGABYTE,"Nov. 19, 2009",Vigabyte Pty Ltd,,anoosh@vigabyte.com.au
77673417,deadAbandoned,HELP I WANT .COM,"Nov. 17, 2009","Richards, Marie A",,marierichards@hotmail.com
77673430,REQUEST_FAILED,,,,,
77673428,REQUEST_FAILED,,,,,
77673505,REQUEST_FAILED,,,,,
77673684,deadAbandoned,I LOVE CAKE,"Nov. 08, 2009",KELLY FORD FASHION LLC,,WKRAMER@KELLYFORDFASHION.COM
77673562,REQUEST_FAILED,,,,,
77673537,REQUEST_FAILED,,,,,
77673641,REQUEST_FAILED,,,,,
77673860,deadAbandoned,DONOR IQ,"Nov. 12, 2009","Equity Decision Systems, Incorporated",,davidspeights@equitydecisions.com
77673779,REQUEST_FAILED,,,,,
77673844,REQUEST_FAILED,,,,,
77673863,REQUEST_FAILED,,,,,
77674060,REQUEST_FAILED,,,,,
77674064,REQUEST_FAILED,,,,,
77674115,REQUEST_FAILED,,,,,
77674145,REQUEST_FAILED,,,,,
77674194,REQUEST_FAILED,,,,,
77674227,REQUEST_FAILED,,,,,
77674239,REQUEST_FAILED,,,,,
77674243,REQUEST_FAILED,,,,,
77674342,deadAbandoned,THERELATIONSHIPCOMPANY.COM,"Nov. 13, 2009","TheRelationshipCompany.com, Inc.",,ceo@therelationshipcompany.com
77674259,REQUEST_FAILED,,,,,
77674343,deadAbandoned,LAPTOP LOCKER,"Nov. 16, 2009",Xitel Pty. Limited,,barried@xitel.com
77674347,deadAbandoned,SALON INSPECTOR,"Nov. 15, 2009",Salon Inspector LLC,,los_la@hotmail.com
77674331,REQUEST_FAILED,,,,,
77674368,REQUEST_FAILED,,,,,
77674361,REQUEST_FAILED,,,,,
77674521,deadAbandoned,RIVERWOODS HOME FURNISHINGS,"Nov. 20, 2009","Riverwoods, LLC",,riverwoodshome@comcast.net
77674456,REQUEST_FAILED,,,,,
77674568,REQUEST_FAILED,,,,,
77674574,REQUEST_FAILED,,,,,
77674619,deadAbandoned,PHYSICIANS DISABILITY INSURANCE,"Dec. 11, 2009","Physicians Disability Insurance, LLC",,matt@physiciansdisability.com
77674696,deadAbandoned,LEGALCOLLECTIONS,"Nov. 20, 2009","Towne, Jamie S",,
77674635,REQUEST_FAILED,,,,,
77674689,REQUEST_FAILED,,,,,
77674753,REQUEST_FAILED,,,,,
77674735,REQUEST_FAILED,,,,,
77674776,REQUEST_FAILED,,,,,
77675076,deadAbandoned,KIDS' LETTERS TO,"Nov. 19, 2009","SCOCAR PUBLISHING, LLC",,
77674881,REQUEST_FAILED,,,,,
77675038,deadAbandoned,KIDS' LETTERS TO TERRORISTS,"Nov. 19, 2009","SCOCAR PUBLISHING, LLC",,
77674970,REQUEST_FAILED,,,,,
77675079,deadAbandoned,VITALITY,"Nov. 19, 2009",Plutus Capital,,dpontius@plutuscapital.us
77675191,deadAbandoned,"KALONESS, INC.","Nov. 20, 2009","Kaloness, Inc.",,mfromm.kaloness@gmail.com
77675174,REQUEST_FAILED,,,,,
77675181,REQUEST_FAILED,,,,,
77675196,REQUEST_FAILED,,,,,
77675242,deadAbandoned,WAVEDRIVE,"Nov. 16, 2009",Hands On Engineering,,pauledwardss@gmail.com
77675256,deadAbandoned,SUBLIME COFFEE,"Nov. 16, 2009",company,,rosaliedobson@ymail.com
77675205,REQUEST_FAILED,,,,,
77675234,REQUEST_FAILED,,,,,
77675260,REQUEST_FAILED,,,,,
77675270,REQUEST_FAILED,,,,,
77675332,deadAbandoned,AFRIKAETON,"Nov. 28, 2009",ange romain akou,,angelodogba@hotmail.com
77675288,REQUEST_FAILED,,,,,
77675292,REQUEST_FAILED,,,,,
77675301,REQUEST_FAILED,,,,,
77675321,REQUEST_FAILED,,,,,
77675393,deadAbandoned,FULL GENOME ANALYSIS,"Nov. 18, 2009",Existence Genetics,,info@ExistenceGenetics.com
77675404,deadAbandoned,BULL COMMODITY INDEX,"Nov. 19, 2009",Costa David,,gurugeek@mac.com
77675374,REQUEST_FAILED,,,,,
77675377,REQUEST_FAILED,,,,,
77675387,REQUEST_FAILED,,,,,
77675451,REQUEST_FAILED,,,,,
77675492,REQUEST_FAILED,,,,,
77675497,REQUEST_FAILED,,,,,
77675500,REQUEST_FAILED,,,,,
77675528,deadAbandoned,SECURITY FOREVER PLAN,"Nov. 21, 2009",Security One Lending,,info@securityonelending.com
77675516,REQUEST_FAILED,,,,,
77675519,REQUEST_FAILED,,,,,
77675578,deadAbandoned,SERVANTS OF JESUS CHRIST,"Nov. 19, 2009","Gratton,Kelvin D. Jr.",,Healtheworld@ServantsofJesusChrist.org
77675535,REQUEST_FAILED,,,,,
77675553,REQUEST_FAILED,,,,,
77675602,deadAbandoned,DIAMOND CHAIN,"Nov. 20, 2009","Nevatia, Kapil Shishir",,kapil@sunjewels.com
77675608,deadAbandoned,HOMAGROWN,"Nov. 16, 2009",HomaGrown Foods Ltd.,,robbagnall@hotmail.com
77675580,REQUEST_FAILED,,,,,
77675588,REQUEST_FAILED,,,,,
77675627,REQUEST_FAILED,,,,,
77675664,REQUEST_FAILED,,,,,
77675806,REQUEST_FAILED,,,,,
77675813,REQUEST_FAILED,,,,,
77675823,REQUEST_FAILED,,,,,
77675885,deadAbandoned,EVOTES,"Oct. 08, 2009",Olympic Investments Int. LLC,,drewcc71@hotmail.com
77675841,REQUEST_FAILED,,,,,
77675922,deadAbandoned,U.S. WILL,"Nov. 17, 2009","Slagle, Susan",,sslagle@uswill.comcastbiz.net
77675845,REQUEST_FAILED,,,,,
77676022,deadAbandoned,None,"Mar. 10, 2009","Liquid Breaker, Inc.",,
77675972,REQUEST_FAILED,,,,,
77675995,REQUEST_FAILED,,,,,
77676114,deadAbandoned,"ROBOTIX - THE MOTORIZED, MODULAR, SPACE-AGE BUILDING SYSTEM","Nov. 19, 2009","Robotics And Things, Inc.",,robot@roboticsandthings.com
77676035,REQUEST_FAILED,,,,,
77676073,REQUEST_FAILED,,,,,
77676236,deadAbandoned,HOMOGENIUS,"Nov. 16, 2009","Trani, Marianne V",,info@HomogeniusTheGame.com
77676235,deadAbandoned,KIDS' LETTERS TO,"Nov. 19, 2009","SCOCAR PUBLISHING, LLC",,
77676164,REQUEST_FAILED,,,,,
77676165,REQUEST_FAILED,,,,,
77676218,REQUEST_FAILED,,,,,
77676288,deadAbandoned,XTREME ENERGY RUSH,"Nov. 15, 2009","Body Dynamics, Inc.",,
77676230,REQUEST_FAILED,,,,,
77676268,REQUEST_FAILED,,,,,
77676388,deadAbandoned,WORLD'S HEALTHIEST WHOLE FOOD,"Dec. 18, 2009","Anutra, LLC",,glaureano@anutra.com
77676279,REQUEST_FAILED,,,,,
77676310,REQUEST_FAILED,,,,,
77676318,REQUEST_FAILED,,,,,
77676466,REQUEST_FAILED,,,,,
77676530,REQUEST_FAILED,,,,,
77676544,REQUEST_FAILED,,,,,
77676541,REQUEST_FAILED,,,,,
77676583,REQUEST_FAILED,,,,,
77676588,REQUEST_FAILED,,,,,
77676662,REQUEST_FAILED,,,,,
77676702,REQUEST_FAILED,,,,,
77676828,REQUEST_FAILED,,,,,
77676846,REQUEST_FAILED,,,,,
77676908,deadAbandoned,DO NO EVIL.,"Nov. 19, 2009",Ripple Advisors,,michael.garcia@rippleadvisors.com
77676881,REQUEST_FAILED,,,,,
77676914,REQUEST_FAILED,,,,,
77677080,deadAbandoned,VERISUPPORT,"Sep. 22, 2009",MARIMUTHU KATTABOMMAN,,admin@mouglesoft.com
77676986,REQUEST_FAILED,,,,,
77677104,deadAbandoned,SUPPORT RANKING,"Nov. 16, 2009",MARIMUTHU KATTABOMMAN,,admin@mouglesoft.com
77676988,REQUEST_FAILED,,,,,
77677108,deadAbandoned,SR PROGRAM,"Nov. 16, 2009",MARIMUTHU KATTABOMMAN,,admin@mouglesoft.com
77677032,REQUEST_FAILED,,,,,
77677125,REQUEST_FAILED,,,,,
77677205,REQUEST_FAILED,,,,,
77677239,REQUEST_FAILED,,,,,
77677313,deadAbandoned,IT'S ALL IN THE SCHEDULE,"Dec. 08, 2009","MediSked, LLC",,doug_golub@medisked.com
77677253,REQUEST_FAILED,,,,,
77677346,deadAbandoned,VISCERACLEAR,"Nov. 28, 2009","Bailey III, Harold W.",,info@visceraclear.com
77677398,deadAbandoned,CULTIVATED GARDENS,"Nov. 16, 2009","Sauser, Janet S.",,cultivatedgarden@aol.com
77677497,deadAbandoned,ROCK N ROLL INDUSTRIES,"Nov. 15, 2009",Smothers Michael J,,sylowetclothing@yahoo.com
77677393,REQUEST_FAILED,,,,,
77677477,deadAbandoned,WEBSEARCH,"Dec. 02, 2009","DocuLex, Inc.",,tnissen@doculex.com
77677400,REQUEST_FAILED,,,,,
77677469,REQUEST_FAILED,,,,,
77677544,deadAbandoned,WEBBMEDIA,"Nov. 24, 2009","Woolf, Amy L",,info@webbmediagroup.com
77677493,REQUEST_FAILED,,,,,
77677531,REQUEST_FAILED,,,,,
77677536,REQUEST_FAILED,,,,,
77677569,REQUEST_FAILED,,,,,
77677601,REQUEST_FAILED,,,,,
77677641,deadAbandoned,COCINA REAL,"Nov. 16, 2009","Oden, John C.",,odens@global.t-bird.edu
77677640,REQUEST_FAILED,,,,,
77677667,deadAbandoned,FREE GAZA,"Oct. 27, 2009",Association for Investment in Popular Action Committees,,friendstogaza@gmail.com
77677697,deadAbandoned,ECOCABS,"Nov. 23, 2009","Baisch, Bruce, B.",,brucebaisch@gmail.com
77677675,REQUEST_FAILED,,,,,
77677740,deadAbandoned,THE EMPANADA KING,"Dec. 17, 2009","Males, Lawrence S.",,chefthyme@hotmail.com
77677699,REQUEST_FAILED,,,,,
77677703,REQUEST_FAILED,,,,,
77677788,REQUEST_FAILED,,,,,
77677744,REQUEST_FAILED,,,,,
77677879,REQUEST_FAILED,,,,,
77677921,REQUEST_FAILED,,,,,
77677958,deadAbandoned,AQUA TUNING,"Nov. 27, 2009",Aquatuning GmbH,,n.draht@aquatuning.de
77677942,REQUEST_FAILED,,,,,
77678009,REQUEST_FAILED,,,,,
77678015,REQUEST_FAILED,,,,,
77678055,REQUEST_FAILED,,,,,
77678268,deadAbandoned,EZ MATCH,"Nov. 24, 2009","Final Act Enterprises, LLC",,cfo@ezmatch.com
77678237,REQUEST_FAILED,,,,,
77678291,REQUEST_FAILED,,,,,
77678329,REQUEST_FAILED,,,,,
77678343,REQUEST_FAILED,,,,,
77678369,REQUEST_FAILED,,,,,
77678379,REQUEST_FAILED,,,,,
77678407,REQUEST_FAILED,,,,,
77678408,REQUEST_FAILED,,,,,
77678474,REQUEST_FAILED,,,,,
77678496,REQUEST_FAILED,,,,,
77678542,REQUEST_FAILED,,,,,
77678569,deadAbandoned,LA VERA,"Nov. 24, 2009",Bari Haliti,,bnyc42@yahoo.com
77678552,REQUEST_FAILED,,,,,
77678550,REQUEST_FAILED,,,,,
77678568,REQUEST_FAILED,,,,,
77678611,deadAbandoned,LUNCHTIME UNIVERSITY,"Nov. 24, 2009","Unique Work 'n Progress, LLC",,us.deoleo@verizon.net
77678578,REQUEST_FAILED,,,,,
77678581,REQUEST_FAILED,,,,,
77678646,deadAbandoned,ECSTATIC CLOTHING,"Nov. 16, 2009","Sparkman, Erik James",,
77678604,deadAbandoned,TAPSTAR,"Nov. 24, 2009","Jirbo, Inc.",,jon@jirbo.com
77678626,REQUEST_FAILED,,,,,
77678640,REQUEST_FAILED,,,,,
77678667,REQUEST_FAILED,,,,,
77678738,REQUEST_FAILED,,,,,
77678742,REQUEST_FAILED,,,,,
77678801,REQUEST_FAILED,,,,,
77678869,REQUEST_FAILED,,,,,
77678840,REQUEST_FAILED,,,,,
77678918,REQUEST_FAILED,,,,,
77678919,REQUEST_FAILED,,,,,
77678967,REQUEST_FAILED,,,,,
77679038,REQUEST_FAILED,,,,,
77679055,REQUEST_FAILED,,,,,
77679058,REQUEST_FAILED,,,,,
77679075,REQUEST_FAILED,,,,,
77679124,REQUEST_FAILED,,,,,
77679178,REQUEST_FAILED,,,,,
77679268,REQUEST_FAILED,,,,,
77679300,REQUEST_FAILED,,,,,
77679445,REQUEST_FAILED,,,,,
77679462,REQUEST_FAILED,,,,,
77679464,REQUEST_FAILED,,,,,
77679492,REQUEST_FAILED,,,,,
77679521,REQUEST_FAILED,,,,,
77679585,deadAbandoned,WORK'N WIPES,"Nov. 29, 2009",Glass Jason Darrin,,jason@bloop.com.au
77679569,REQUEST_FAILED,,,,,
77679572,REQUEST_FAILED,,,,,
77679576,REQUEST_FAILED,,,,,
77679603,deadAbandoned,MY LITTLE SHOP,"Nov. 27, 2009","Torres, Jessie V",,mopjvt@yahoo.com
77679600,REQUEST_FAILED,,,,,
77679672,REQUEST_FAILED,,,,,
77679663,REQUEST_FAILED,,,,,
77679764,REQUEST_FAILED,,,,,
77679787,REQUEST_FAILED,,,,,
77679862,REQUEST_FAILED,,,,,
77679921,REQUEST_FAILED,,,,,
77680069,deadAbandoned,INFINITE ENERGY,"Nov. 22, 2009","Brand X, LLC LTD LIAB CO DELAWARE",,Vince@kaboominfinite.com
77679958,REQUEST_FAILED,,,,,
77679996,REQUEST_FAILED,,,,,
77680086,REQUEST_FAILED,,,,,
77680090,REQUEST_FAILED,,,,,
77680142,REQUEST_FAILED,,,,,
77680248,REQUEST_FAILED,,,,,
77680357,deadAbandoned,THE ORIGINAL CHOCO BANANA,"Nov. 30, 2009","The Original Choco Banana, LLC",,
77680275,REQUEST_FAILED,,,,,
77680310,REQUEST_FAILED,,,,,
77680575,deadAbandoned,D.W. TATS,"Nov. 24, 2009",Aqua Resource Inc.,,info@plwc.net
77680532,REQUEST_FAILED,,,,,
77680584,REQUEST_FAILED,,,,,
77680589,REQUEST_FAILED,,,,,
77680661,deadAbandoned,POINT MASS,"Nov. 20, 2009",Point Mass Productions,,business@pointmass.net
77680676,deadAbandoned,YOU DEFEND IT,"Nov. 21, 2009","One on One Productions, Inc.",,rkilmer@statestreetlaw.com
77680666,REQUEST_FAILED,,,,,
77680752,deadAbandoned,THEN3TWORK,"Nov. 22, 2009",the N3TWORK,,sarahlewis1122@gmail.com
77680712,REQUEST_FAILED,,,,,
77680751,deadAbandoned,ÜBERWRITERS COMPELLING CHRISTIAN COMMUNICATIONS,"Dec. 02, 2009","Rahme, Bradley M",,brahme@ubergeektech.net
77680720,REQUEST_FAILED,,,,,
77680788,deadAbandoned,THE REPUBLIC OF LOVE INC.,"Nov. 24, 2009",The Republic of Love Inc.,,sarahlewis1122@gmail.com
77680763,deadAbandoned,STUDIO OF THE PEOPLE,"Nov. 14, 2009",Matilda Capital Pty Ltd,,alex@matildacapital.com
77680742,REQUEST_FAILED,,,,,
77680766,REQUEST_FAILED,,,,,
77680769,REQUEST_FAILED,,,,,
77680849,deadAbandoned,THE TOTAL WINDOW SOLUTION,"Nov. 30, 2009",Window City Inc,,dmeyer@windowcityinc.com
77680815,REQUEST_FAILED,,,,,
77680852,deadAbandoned,SPINFUSION,"Nov. 24, 2009","Robinson, Jeanne T.",,jjeanniebeanie@aol.com
77680911,deadAbandoned,WHERE A CHILD'S LEARNING BEGINS,"Apr. 03, 2009",The Early Years Inc.,,customercare@earlyyearsinc.com
77680827,REQUEST_FAILED,,,,,
77680873,REQUEST_FAILED,,,,,
77680899,REQUEST_FAILED,,,,,
77680927,deadAbandoned,H.O.R.S.E.S. HAVING OUR RIGHTOUSNESS SHOW EQUINE STYLE,"Nov. 24, 2009","Mounted Ministries, Inc.",,MountedMinistries@live.com
77680929,REQUEST_FAILED,,,,,
77680963,REQUEST_FAILED,,,,,
77681020,deadAbandoned,FANTASY QUEST ONLINE,"Dec. 01, 2009",The Zhao Family Trust,,xin@savysoda.com
77680974,REQUEST_FAILED,,,,,
77680993,REQUEST_FAILED,,,,,
77681061,REQUEST_FAILED,,,,,
77681030,REQUEST_FAILED,,,,,
77681124,REQUEST_FAILED,,,,,
77681164,REQUEST_FAILED,,,,,
77681179,REQUEST_FAILED,,,,,
77681197,REQUEST_FAILED,,,,,
77681200,REQUEST_FAILED,,,,,
77681236,REQUEST_FAILED,,,,,
77681324,deadAbandoned,TIFFANY STREET,"May 27, 2009","Tiffany Street, Inc.",,lwhitson@tiffanystreet.com
77681293,REQUEST_FAILED,,,,,
77681314,REQUEST_FAILED,,,,,
77681344,deadAbandoned,ENDEAVOR,"Nov. 27, 2009",Air Cycle Corporation,,jon@aircycle.com
77681423,REQUEST_FAILED,,,,,
77681430,REQUEST_FAILED,,,,,
77681465,deadAbandoned,BAMBA,"Nov. 22, 2009",The Baby Sign Factory,,info@babysignlanguage.org
77681489,REQUEST_FAILED,,,,,
77681579,REQUEST_FAILED,,,,,
77681753,deadAbandoned,THE ULTIMATE TREASURE HUNT,"Nov. 30, 2009",Forgotten Treasures International Inc.,,onshore2003@yahoo.com
77681642,REQUEST_FAILED,,,,,
77681654,REQUEST_FAILED,,,,,
77681873,deadAbandoned,ONENESS CHRISTIANITY,"Nov. 24, 2009","Stavness, Bjorn, V.",,bj@pihf.com
77681748,REQUEST_FAILED,,,,,
77681841,REQUEST_FAILED,,,,,
77681854,REQUEST_FAILED,,,,,
77681899,deadAbandoned,IRYDER,"Dec. 03, 2009","Yang, Han Yun Jack",,jack.yang@hanjtex.com
77681926,deadAbandoned,OFFICE SYNTAX THE SMALL OFFICE SUPERSTORE,"Nov. 30, 2009",Broadus Consulting Inc.,,rebenterprises@swbell.net
77681880,REQUEST_FAILED,,,,,
77681941,deadAbandoned,SALT TRASH,"Dec. 11, 2009","Schutt, Jeremiah J",,js302ford@aol.com
77681937,deadAbandoned,WEATHER NOW,"Nov. 30, 2009","RTI, Inc.",,brobert@intrex.net
77682017,deadAbandoned,GREENPANEL W,"Dec. 05, 2009","CONCRETO W, S.A. DE C.V.",,vila@gorm.com.mx
77681898,REQUEST_FAILED,,,,,
77682059,REQUEST_FAILED,,,,,
77682067,REQUEST_FAILED,,,,,
77682138,REQUEST_FAILED,,,,,
77682296,deadAbandoned,SALUD SIN BARRERAS,"May 15, 2009",Miguel Angel Garcia Hernandez,,
77682174,REQUEST_FAILED,,,,,
77682179,REQUEST_FAILED,,,,,
77682181,REQUEST_FAILED,,,,,
77682473,deadAbandoned,ORGANIC PANIC,"Nov. 30, 2009",Lastlimb Inc.,,
77682498,deadAbandoned,BUILDABLE COVERAGE,"Nov. 27, 2009",DermaQuest Skin Therapy,,sarah@allurecosmeticinc.com
77682397,REQUEST_FAILED,,,,,
77682573,deadAbandoned,IMAGNET,"Dec. 02, 2009","Schwarz, Alon",,alon@imagnet.net
77682471,REQUEST_FAILED,,,,,
77682605,deadAbandoned,COMANCHERO,"Nov. 30, 2009",Proni Paolo,,paoloproni@gmail.com
77682592,deadAbandoned,TSF,"Dec. 02, 2009","YU, BO-ZHANG",,
77682518,REQUEST_FAILED,,,,,
77682531,REQUEST_FAILED,,,,,
77682813,deadAbandoned,PROMONTORY WINES,"Dec. 01, 2009","Black Ink Assets, LLC",,suite8571@yahoo.com
77682682,REQUEST_FAILED,,,,,
77682731,REQUEST_FAILED,,,,,
77682769,REQUEST_FAILED,,,,,
77682848,REQUEST_FAILED,,,,,
77682850,REQUEST_FAILED,,,,,
77682859,REQUEST_FAILED,,,,,
77682873,REQUEST_FAILED,,,,,
77682969,REQUEST_FAILED,,,,,
77683009,REQUEST_FAILED,,,,,
77683043,REQUEST_FAILED,,,,,
77683075,REQUEST_FAILED,,,,,
77683095,REQUEST_FAILED,,,,,
77683147,REQUEST_FAILED,,,,,
77683175,REQUEST_FAILED,,,,,
77683185,REQUEST_FAILED,,,,,
77683310,REQUEST_FAILED,,,,,
77683521,REQUEST_FAILED,,,,,
77683533,REQUEST_FAILED,,,,,
77683685,deadAbandoned,BROLYMPICS,"Mar. 20, 2009",Daniel H Wilson,,contactdhw@gmail.com
77683629,REQUEST_FAILED,,,,,
77683659,REQUEST_FAILED,,,,,
77683663,REQUEST_FAILED,,,,,
77683678,REQUEST_FAILED,,,,,
77683748,deadAbandoned,DELICIOSO FINE CATERING,"Dec. 31, 2009","Foster, Mark, Edward",,mark@deliciosocatering.com
77683729,REQUEST_FAILED,,,,,
77683755,REQUEST_FAILED,,,,,
77683832,deadAbandoned,TOGS SWIMWEAR,"Dec. 01, 2009",THE SWIMWEAR COMPANY PTY LTD,,togsswimwear@gmail.com
77683799,REQUEST_FAILED,,,,,
77683848,deadAbandoned,SNOW BEER,"Dec. 01, 2009",Patrick Rafter,,patrickeoo@hotmail.com
77684048,deadAbandoned,NORAKE,"Dec. 04, 2009","Change Gaming, LLC",,
77683834,REQUEST_FAILED,,,,,
77683859,REQUEST_FAILED,,,,,
77683863,REQUEST_FAILED,,,,,
77684286,deadAbandoned,E.LEAT,"Dec. 02, 2009","The DeGarmo Group, Inc.",,Adorno@degarmogroup.com
77684072,REQUEST_FAILED,,,,,
77684237,REQUEST_FAILED,,,,,
77684269,REQUEST_FAILED,,,,,
77684279,REQUEST_FAILED,,,,,
77684323,REQUEST_FAILED,,,,,
77684333,REQUEST_FAILED,,,,,
77684495,deadAbandoned,MATCHED VALUES PROFILE,"Dec. 02, 2009","The DeGarmo Group, Inc.",,Adorno@degarmogroup.com
77684335,REQUEST_FAILED,,,,,
77684442,REQUEST_FAILED,,,,,
77684502,REQUEST_FAILED,,,,,
77684603,deadAbandoned,SUPERFLEX FOR PETS,"Dec. 03, 2009",Elk Products LLC,,info@natraflex.com
77684569,REQUEST_FAILED,,,,,
77684638,REQUEST_FAILED,,,,,
77684723,REQUEST_FAILED,,,,,
77684732,REQUEST_FAILED,,,,,
77684782,REQUEST_FAILED,,,,,
77684809,REQUEST_FAILED,,,,,
77684887,deadAbandoned,KABOOM!,"Nov. 30, 2009",Tuan Phan,,tuanito88@gmail.com
77684832,REQUEST_FAILED,,,,,
77684861,REQUEST_FAILED,,,,,
77684894,REQUEST_FAILED,,,,,
77684909,REQUEST_FAILED,,,,,
77684992,REQUEST_FAILED,,,,,
77685154,deadAbandoned,BREATHABLE COVERAGE,"Nov. 27, 2009",DermaQuest Skin Therapy,,sarah@allurecosmeticinc.com
77685141,REQUEST_FAILED,,,,,
77685170,REQUEST_FAILED,,,,,
77685194,REQUEST_FAILED,,,,,
77685380,deadAbandoned,AMERICAN ACADEMY OF FINANCIAL MANAGEMENT,"Dec. 06, 2009",American Academy of Financial Management (HK) Limited,,bking@aafm.org
77685213,REQUEST_FAILED,,,,,
77685242,REQUEST_FAILED,,,,,
77685405,REQUEST_FAILED,,,,,
77685832,deadAbandoned,EZ COFI,"Dec. 01, 2009","American Coffee Traders, Inc.",,office@actraders.com
77685585,REQUEST_FAILED,,,,,
77685767,REQUEST_FAILED,,,,,
77685790,REQUEST_FAILED,,,,,
77685858,REQUEST_FAILED,,,,,
77685892,REQUEST_FAILED,,,,,
77685896,REQUEST_FAILED,,,,,
77685915,REQUEST_FAILED,,,,,
77685943,REQUEST_FAILED,,,,,
77685938,REQUEST_FAILED,,,,,
77686018,deadAbandoned,JUMPSTART,"Dec. 07, 2009",21st Century Organics,,info@21stcenturyorganics.com
77685971,REQUEST_FAILED,,,,,
77685973,REQUEST_FAILED,,,,,
77686014,REQUEST_FAILED,,,,,
77686029,deadAbandoned,SKOOL BOI YO,"Dec. 01, 2009",Marable T Demarrio,,Romero_us@yahoo.com
77686030,REQUEST_FAILED,,,,,
77686049,REQUEST_FAILED,,,,,
77686094,REQUEST_FAILED,,,,,
77686110,deadAbandoned,LAKEWOOD,"Dec. 04, 2009","Seeliger,Martin",,info@lakewood.de
77686176,deadAbandoned,THE IRISH VIRUS,"Dec. 03, 2009",Luis Arzu,,harlemseals@gmail.com
77686103,REQUEST_FAILED,,,,,
77686178,deadAbandoned,POPULATION RESOURCING,"Dec. 08, 2009",HealthTech Worldwide Inc.,,toddf@healthtechworldwide.com
77686104,REQUEST_FAILED,,,,,
77686248,deadAbandoned,SHOWERDOME,"Dec. 03, 2009",David E. Looft,,davidelo@bellsouth.net
77686166,REQUEST_FAILED,,,,,
77686187,REQUEST_FAILED,,,,,
77686295,REQUEST_FAILED,,,,,
77686313,REQUEST_FAILED,,,,,
77686327,REQUEST_FAILED,,,,,
77686512,deadAbandoned,BARGELLO KNITTING,"Dec. 28, 2009","Nance, Patricia W.",,pattynance@sbcglobal.net
77686448,deadAbandoned,SHEAR DELIGHT,"Dec. 09, 2009",Saruwatari Inc.,,chris@sheardelight.net
77686338,REQUEST_FAILED,,,,,
77686593,REQUEST_FAILED,,,,,
77686731,deadAbandoned,DEL AMIGO,"Dec. 07, 2009",Hugo Alejandro Hoshiko Quintero,,masmarcas@masmarcas.com
77686642,REQUEST_FAILED,,,,,
77686702,REQUEST_FAILED,,,,,
77686827,deadAbandoned,ANTIOXIDERM,"Dec. 01, 2009","Myers, Sherri L",,proudmom39@yahoo.com
77686733,REQUEST_FAILED,,,,,
77686776,REQUEST_FAILED,,,,,
77686836,REQUEST_FAILED,,,,,
77686851,REQUEST_FAILED,,,,,
77686910,deadAbandoned,SUK-IT,"Dec. 16, 2009","almazan, rosbel",,suk-it@comcast.net
77686882,REQUEST_FAILED,,,,,
77686873,REQUEST_FAILED,,,,,
77686955,REQUEST_FAILED,,,,,
77687051,deadAbandoned,SWAMP WITCHES,"Dec. 08, 2009","Crews, Allison G.",,kyle@baddogmanagement.com
77686968,REQUEST_FAILED,,,,,
77687018,REQUEST_FAILED,,,,,
77687121,REQUEST_FAILED,,,,,
77687138,REQUEST_FAILED,,,,,
77687230,deadAbandoned,STERLING SERVICES HOLDING GROUP,"Dec. 03, 2009",The Serling Services Holding Group LLC,,redrockcorporatesolutions@gmail.com
77687258,REQUEST_FAILED,,,,,
77687248,REQUEST_FAILED,,,,,
77687265,REQUEST_FAILED,,,,,
77687368,REQUEST_FAILED,,,,,
77687431,REQUEST_FAILED,,,,,
