serial,lead_type,mark,date,correspondent,phone,email
79092044,deadAbandoned,BLUM,"Sep. 22, 2011",Safran Aero Boosters,,
79091941,deadAbandoned,GERBEAUD,"Aug. 24, 2011",MÜLLER Drogéria Magyarország Kereskedelmi Betéti Társaság,,
79091866,deadAbandoned,JUSTICE FINDER,"Aug. 10, 2011",HUMMING HEADS KABUSHIKI KAISHA,,
79092233,deadAbandoned,WERDER,"Aug. 29, 2011","Sport-Verein ""Werder"" v. 1899 e.V.",,
79091984,deadAbandoned,ÖZKURSAN,"Oct. 14, 2011",ÖZKURSAN OTOMOTIV VE METAL MAKINA PAZARLAMA SANAYI TICARET LIMITED SIRKETI,,
79092061,deadAbandoned,BENELLI,"Aug. 09, 2011",LB Engineering GmbH,,
79091809,REQUEST_FAILED,,,,,
79092435,deadAbandoned,IHDENT PENTAGUM,"Nov. 10, 2011",Dr. Ihde Dental AG,,
79092365,deadAbandoned,ALLEGON,"Dec. 30, 2011",Dipl.-Ing. DDr. Wassyl NOWICKY,,
79092452,deadAbandoned,PRAVDA,"Sep. 27, 2011","""GLUE-INVEST"" S.A.",,
79092599,deadAbandoned,REPLAY ENERGY DRINK,"Aug. 23, 2011",ALTANEA GIDA ANONIM SIRKETI,,
79092273,REQUEST_FAILED,,,,,
79092568,deadAbandoned,FOTOBOX,"Jul. 20, 2011","HONEST TECHNOLOGY CO., LTD.",,
79092405,REQUEST_FAILED,,,,,
79092788,deadAbandoned,MAF,"Sep. 29, 2011",Waplesoft Inc,,
79092694,deadAbandoned,TRACKSAFE,"Aug. 30, 2011",Goldschmidt Thermit GmbH,,
79093086,deadAbandoned,VIDON,"Sep. 26, 2011",Sanochemia Pharmazeutika GmbH,,
79092870,deadAbandoned,SMARTPROP,"Dec. 19, 2011",IFA-Technologies GmbH,,
79092993,deadAbandoned,SUEÑOS,"Sep. 22, 2011",Arlette Kiefer,,
79093167,deadAbandoned,FB LES FOLIES BOURGEOISES,"Sep. 20, 2011",LECLERCQ Arnaud,,
79093427,deadAbandoned,None,"Oct. 19, 2011",Uludag Maden Sulari Türk Anonim Sirketi,,
79092706,deadAbandoned,LIBERTYLAND,"Aug. 23, 2011",Nancy Rose Black,,
79093454,deadAbandoned,NISSIN,"Nov. 04, 2011","NISSIN CHEMICAL INDUSTRY CO., LTD.",,
79093748,deadAbandoned,MAKIE STYLE,"Oct. 18, 2011",AOTO CREATIVE CO. LTD.,,
79093208,deadAbandoned,SCHLOSSBERGER,"Nov. 15, 2011",Glauser Urs,,
79093854,deadAbandoned,MAYBAUM,"Sep. 23, 2011",EFBE Elektrogeräte GMBH,,
79092703,REQUEST_FAILED,,,,,
79093812,deadAbandoned,NORSE PROJECTS,"Sep. 25, 2011",Six-sigma ApS,,
79093851,deadAbandoned,ZEEGLOBE,"Sep. 25, 2011",Zara Bowmar,,
79093907,deadAbandoned,ARTICY,"Sep. 29, 2011",Nevigo GmbH,,
79093899,deadAbandoned,GAVI ALLIANCE,"Jun. 18, 2011",Gavi Alliance,,
79093909,deadAbandoned,SOLVENT,"Nov. 15, 2011",CURTIS SYSTEMS GMBH,,
79094029,deadAbandoned,HUMAN DECODER,"Sep. 24, 2011",Thomas Hertlein,,
79093965,deadAbandoned,BILOX,"Dec. 16, 2011",Sälzer Sicherheitstechnik GmbH,,
79094071,deadAbandoned,AC RYAN PLAYON,"Sep. 16, 2011",AC Ryan Holding BV,,
79094211,deadAbandoned,K,"Nov. 16, 2011",Kreatech Biotechnology B.V.,,
79093879,deadAbandoned,ADVANCED GUIDANCE,"Dec. 30, 2011","ANA - Aeroportos de Portugal, S.A.",,
79094241,deadAbandoned,NOKIAN KONTIO,"Oct. 22, 2011",Nokian Tyres plc,,
79094077,deadAbandoned,I LOVE BIO,"Sep. 26, 2011",Biopont Kereskedelmi és Szolgáltató Kft.,,
79094393,deadAbandoned,AC S ASPIRIN CLOPIDOGREL SINGLE TABLET,"Apr. 29, 2011",SANOFI-AVENTIS,,
79094302,deadAbandoned,None,"Oct. 25, 2011","Obschestvo s ogranichennoy otvetstvennostiyu ""FERON""",,
79094554,deadAbandoned,ES 8,"Jun. 20, 2011",Rittal GmbH & Co. KG,,
79095003,deadAbandoned,FUSETEC,"Nov. 07, 2011",ProFeet GmbH,,
79094754,deadAbandoned,TWALL,"Oct. 06, 2011",IMM Holding GmbH,,
79094817,deadAbandoned,P PASSAGE NEW YORK,"Oct. 17, 2011",PASSAGE HOLDING PTE LTD,,
79094209,REQUEST_FAILED,,,,,
79094540,deadAbandoned,FOSTER + PARTNERS,"Nov. 01, 2011",Amber Bidco Limited,,
79095194,deadAbandoned,S,"Oct. 19, 2011",SIM Licensing Ltd,,
79095244,deadAbandoned,ARCHRAISER,"Aug. 17, 2011",BÄR GmbH,,
79095292,deadAbandoned,NIMBLETOES,"Aug. 17, 2011",BÄR GmbH,,
79095195,deadAbandoned,AUTHENTIC? CLICK ME X,"Nov. 01, 2011",CERTILOGO SPA,,
79095263,deadAbandoned,LANA GROSSA,"Nov. 22, 2011",Lana Grossa Mode mit Wolle Handels- und Vertriebs GmbH,,
79093322,deadAbandoned,2BSAFE,"Sep. 19, 2011","Zakrytoe aktsionernoe obshchestvo ""Institut Innovatsionnogo Razvitija""",,
79095299,deadAbandoned,ROOF ECO,"Dec. 15, 2011","ECS Tech, Inc.",,
79095294,deadAbandoned,FLICKER FREE 3D,"Nov. 03, 2011","LG Display Co., Ltd.",,
79095293,deadAbandoned,IPS FLICKER FREE 3D,"Nov. 03, 2011","LG Display Co., Ltd.",,
79095390,deadAbandoned,BULPREN,"Oct. 27, 2011",Carpenter Engineered Foams Belgium BV,,
79095240,REQUEST_FAILED,,,,,
79095321,deadAbandoned,HELENA WOOD ART,"Oct. 27, 2011",HELENA KONFEKSIYON SEDEFLI TAVLA MOBILYA IMALAT SANAYI VE TICARET LIMITED SIRKETI,,
79095548,deadAbandoned,ALPHA,"Nov. 07, 2011","ALPHA GROUP CO., LTD.",,
79095617,deadAbandoned,LECOULTRE,"Mar. 19, 2011",RICHEMONT INTERNATIONAL S.A.,,
79095526,deadAbandoned,ROBAX,"Nov. 11, 2011",Axel Franck,,
79095667,deadAbandoned,TSPRESSO,"Dec. 30, 2011",Tpresso SA,,
79095818,deadAbandoned,IPLUG,"Nov. 08, 2011","GND WINTECH CO.,LTD.",,
79095454,deadAbandoned,None,"Oct. 17, 2011",CAR SHOE SA,,
79096040,deadAbandoned,UTOPIA,"Dec. 03, 2011",Olga Sergeevna Tits,,
79095313,REQUEST_FAILED,,,,,
79096061,deadAbandoned,NEO-SERVO I,"Jun. 16, 2011",Atom Medical Corporation,,
79096244,deadAbandoned,VISION MARKETING,"Nov. 18, 2011",Vision Marketing Pty Ltd,,
79096094,deadAbandoned,SMARTPHONEPAGES,"Dec. 13, 2011",Smartphonepages.com Pty Ltd,,
79095720,REQUEST_FAILED,,,,,
79096218,deadAbandoned,ARENA PANEL,"Nov. 25, 2011",EPS Holding GmbH,,
79096286,deadAbandoned,None,"Oct. 11, 2011",CAR SHOE SA,,
79096528,deadAbandoned,LUCRITE,"Oct. 01, 2011",POLY VISION PTE LTD,,
79096645,deadAbandoned,T'SPRESSO,"Dec. 30, 2011",Tpresso SA,,
79096408,deadAbandoned,None,"Nov. 24, 2011","Spigen Korea Co., Ltd.",,
79096177,deadAbandoned,SPIANATA & CO,"Dec. 20, 2011",Spianata & Company Limited,,
79097402,deadAbandoned,RAPIDFLUSH,"Nov. 28, 2011",Adey Holdings (2008) Limited,,
79097116,deadAbandoned,None,"Dec. 20, 2011",Ulstein Group ASA,,
79096335,deadAbandoned,NOVENTUM,"Nov. 24, 2011",Noventum Service Management Consultants LTD.,,
79096605,deadAbandoned,LOJAK,"Dec. 22, 2011",LOJAK Clothing Pty Ltd,,
79097593,deadAbandoned,MC WOOL,"Dec. 27, 2011",Lana Grossa Mode mit Wolle Handels- und Vertriebs GmbH,,
79097428,deadAbandoned,BUILDING A CHAIN OF TRUST,"Nov. 24, 2011",SICPA Holding SA,,
79096987,deadAbandoned,INNUIT,"Oct. 27, 2011","A PIECE OF PIE, S.L.",,
79098918,deadAbandoned,ANKER,"May 24, 2011",Ankerbrot Aktiengesellschaft,,
79099224,deadAbandoned,COMBIFIT,"Jun. 20, 2011",SIG Technology AG,,
79098659,deadAbandoned,MEDICABLE,"Oct. 31, 2011",NEXANS,,
79097624,deadAbandoned,LLK LINDA LE KINFF,"Dec. 22, 2011",SCHAFFER HELENE,,
79100021,deadAbandoned,SANA PHARMA NATURE'S WAY TO A BETTER LIFE,"Nov. 14, 2011",Sana Pharma AS,,
79097785,REQUEST_FAILED,,,,,
79097911,REQUEST_FAILED,,,,,
79100102,deadAbandoned,None,"Dec. 16, 2011",Krüger GmbH & Co. KG,,
79099559,deadAbandoned,BIPLANAR,"Dec. 19, 2011",Scanflex Healthcare AB,,
79100009,deadAbandoned,None,"Dec. 16, 2011",Krüger GmbH & Co. KG,,
79101372,deadAbandoned,NIKELIFT,"Sep. 28, 2011",Mirjana Brlecic,,
79102271,deadAbandoned,CLOUDBOX,"Dec. 17, 2011",LACIE S.A.,,
79099052,REQUEST_FAILED,,,,,
85000002,deadAbandoned,None,"Nov. 21, 2011","Powerhouse Roadboards, LLC",,nikki@anderholtwhittaker.com
79100103,deadAbandoned,None,"Dec. 16, 2011",Krüger GmbH & Co. KG,,
85000003,deadAbandoned,PPGDIRT,"May 16, 2011","Lee, Council E",,council@sw.rr.com
79975174,deadAbandoned,STRADIVARIUS,"Oct. 03, 2011","STRADIVARIUS ESPAÑA, S.A.",,
79100567,REQUEST_FAILED,,,,,
79101016,REQUEST_FAILED,,,,,
85000014,deadAbandoned,ROYALAGE,"Dec. 19, 2011","Metzger, Rebecca",,rlwehrle3@yahoo.com
79104086,deadAbandoned,L'ORIGINALE ALFREDO,"Oct. 17, 2011",ALFREDO DI LELIO,,
85000040,deadAbandoned,CHAI-BRID,"Nov. 28, 2011","M. Dietz Enterprises, Inc",,
85000032,deadAbandoned,GCPL,"Dec. 05, 2011",247 SF Certified Corp,,
85000030,deadAbandoned,A CUP OF CHI,"Dec. 12, 2011","Bartlett,Elaine",,
85000018,deadAbandoned,USE YOUR LIGHT,"Dec. 12, 2011","Kelley, Laura",,
85000008,REQUEST_FAILED,,,,,
85000013,REQUEST_FAILED,,,,,
85000081,deadAbandoned,BATTLE OF THE BLOCK,"Oct. 10, 2011","Espada Entertainment, Inc",,sdiaz@espadaentertainment.com
85000094,deadAbandoned,LIVE LIFE LIVE,"May 16, 2011",Rose Preece,,rose.preece@yahoo.com
85000120,deadAbandoned,VARBÉLLI,"May 16, 2011",Varbelli Corporation,,chris@varbelli.com
85000042,REQUEST_FAILED,,,,,
85000074,REQUEST_FAILED,,,,,
85000164,deadAbandoned,QUILTERS' SIDEKICK,"Jan. 07, 2011","Van Wagner, Stanley E.",,stanvw@comcast.net
85000193,deadAbandoned,VISTATRADES,"Feb. 11, 2011",Kevin Lee Stillwagon,,kevinstillwagon@cs.com
85000230,deadAbandoned,ENDANGERED SPECIES,"Nov. 14, 2011","Shapiro, Gerry",,gerry@merryhempsters.com
85000244,deadAbandoned,Y'DSTOTI,"Jul. 15, 2011","Room For More Enterprises, Inc.",,r4menterprises@aol.com
85000177,REQUEST_FAILED,,,,,
85000272,deadAbandoned,DE-CUSE,"May 16, 2011","Stanislav, Hora",,fairytaleclothing@me.com
85000210,REQUEST_FAILED,,,,,
85000284,deadAbandoned,REALLOAD,"Jan. 07, 2011","Fischer, David K.",,fischer@d-fischer.com
85000259,REQUEST_FAILED,,,,,
85000334,deadAbandoned,H2.0 NEXT GENERATION WATER,"Jun. 27, 2011","Davidek, Beverly",,beverlydavidek@hotmail.com
85000359,deadAbandoned,ORGANIZE. OPTIMIZE. PAY IT OFF.,"Jul. 13, 2011","GoalSpring Financial, Inc.",,chris.kelly@debtgoal.com
85000429,deadAbandoned,TRYOUT RESULTS,"May 23, 2011","Tryout Results, LLC",,chris.bye@tryoutresults.com
85000350,REQUEST_FAILED,,,,,
85000307,deadAbandoned,GLOBAL CLOUD LOAD,"Jan. 08, 2011","Fischer, David K.",,fischer@d-fischer.com
85000453,REQUEST_FAILED,,,,,
85000488,REQUEST_FAILED,,,,,
85000566,deadAbandoned,CIAO! STAR,"Nov. 21, 2011",Ceballos Quintero Evangelina,,evangelina_ceballos@hotmail.com
85000545,REQUEST_FAILED,,,,,
85000530,REQUEST_FAILED,,,,,
85000508,REQUEST_FAILED,,,,,
85000592,deadAbandoned,THE BANKRUPTCY ALTERNATIVE,"Jan. 02, 2011",DS Marketing LLC,,jeremy@jhassgroup.com
85000638,REQUEST_FAILED,,,,,
85000848,deadAbandoned,LEARNING 2.0,"May 30, 2011",B2B Media Company LLC,,cupton@b2bmediaco.com
85000868,deadAbandoned,ENTERPRISE LEARNING!,"Jan. 31, 2011",B2B Media Company LLC,,cupton@b2bmediaco.com
85000712,REQUEST_FAILED,,,,,
85000935,REQUEST_FAILED,,,,,
85000998,REQUEST_FAILED,,,,,
85001054,REQUEST_FAILED,,,,,
85001201,deadAbandoned,BROADBAND FOR THE AMERICAN ARCTIC,"Nov. 14, 2011","Arctic Cable Company, LLC",,
85001227,deadAbandoned,TAKE CHARGE OF YOUR MEMORIES,"Jul. 05, 2011",American Express Marketing & Development Corp.,,
85001166,REQUEST_FAILED,,,,,
85001234,deadAbandoned,TAKE CHARGE OF YOUR IMAGINATION,"Jul. 05, 2011",American Express Marketing & Development Corp.,,
85001183,REQUEST_FAILED,,,,,
85001354,REQUEST_FAILED,,,,,
85001368,REQUEST_FAILED,,,,,
85001481,deadAbandoned,OMPRANA,"May 23, 2011","Kirchner, Juergen, O",,j.o.kirchner@web.de
85001445,deadAbandoned,LIBERTY NATURAL HERBS,"Aug. 19, 2011",Li Youfu,,xiaoao@gmail.com
85001482,deadAbandoned,FAT CREW,"Jul. 28, 2011","LaMorgese, Antonio",,
85001423,REQUEST_FAILED,,,,,
85001538,deadAbandoned,HIPSTAR,"Oct. 24, 2011","Butler, Anthony",,anthonybutler7@aol.com
85001505,REQUEST_FAILED,,,,,
85001674,deadAbandoned,TREEBRITE,"Nov. 06, 2011",Michael Golembiowski,,mike@foxski.com
85001583,REQUEST_FAILED,,,,,
85001691,REQUEST_FAILED,,,,,
85001838,deadAbandoned,EPIMIT,"Oct. 24, 2011","Nimble Epitech, LLC",,
85001859,deadAbandoned,EPIMIT,"Jul. 07, 2011","Nimble Epitech, LLC",,
85001952,deadAbandoned,EPIMIT,"May 16, 2011","Nimble Epitech, LLC",,
85001852,REQUEST_FAILED,,,,,
85001991,deadAbandoned,JUNETONTH,"Apr. 05, 2011",rickie crayton,,sixonenine2003@yahoo.com
85001956,REQUEST_FAILED,,,,,
85002022,deadAbandoned,EPIGENETIC MONOCLONAL INDUCTION THERAPY,"Jan. 07, 2011","Nimble Epitech, LLC",,
85002059,deadAbandoned,None,"Jun. 07, 2011",Moreland Cynthia,,cynmsan2003@yahoo.com
85002161,REQUEST_FAILED,,,,,
85002199,REQUEST_FAILED,,,,,
85002415,deadAbandoned,JUST HERBS,"Jul. 19, 2011","Cornett, David W",,justherbs@yahoo.com
85002245,REQUEST_FAILED,,,,,
85002479,REQUEST_FAILED,,,,,
85002477,REQUEST_FAILED,,,,,
85002581,deadAbandoned,ICAMPUSADS,"Jan. 09, 2011",iCampusAds LLC,,jeff.symington@icampusads.com
85002559,REQUEST_FAILED,,,,,
85002566,REQUEST_FAILED,,,,,
85002605,deadAbandoned,DANIELA PARDO,"Dec. 05, 2011","Pardo, Daniela",,
85002618,deadAbandoned,REPUTATION GUARD,"Oct. 03, 2011","Dentscape, Inc.",,
85002582,REQUEST_FAILED,,,,,
85002609,REQUEST_FAILED,,,,,
85002773,deadAbandoned,HR & BENEFITS ESSENTIALS,"Mar. 16, 2011","ASC Technologies of NY, Inc.",,tom@aschq.com
85002791,deadAbandoned,EPIGENETIC MONOCLONAL INDUCTION THERAPY,"Jan. 07, 2011","Nimble Epitech, LLC",,
85002854,REQUEST_FAILED,,,,,
85002863,REQUEST_FAILED,,,,,
85002888,REQUEST_FAILED,,,,,
85002986,REQUEST_FAILED,,,,,
85003161,deadAbandoned,NEW HIRE KIT,"Jun. 20, 2011","ASC Technologies of NY, Inc.",,tom@aschq.com
85003286,deadAbandoned,AFASIM,"May 23, 2011","Hamilton, William Shannon",,shannon@klamathvalley.com
85003065,REQUEST_FAILED,,,,,
85003118,REQUEST_FAILED,,,,,
85003433,deadAbandoned,SWEET COOKIE,"Jan. 10, 2011","Shipman Associates, Inc.",,marissa@thebalm.com
85003407,REQUEST_FAILED,,,,,
85003459,REQUEST_FAILED,,,,,
85003583,deadAbandoned,REIGN GLOBAL,"May 23, 2011","Reign Global, LLC",,jodiandros@gmail.com
85003512,REQUEST_FAILED,,,,,
85003649,deadAbandoned,"GONE GREEN ""ECO FRIENDLY OUTDOOR WOOD SANCTUARIES""","Jan. 07, 2011","Advantek Marketing, Inc.",,sandrap@advantekmarketing.com
85003554,REQUEST_FAILED,,,,,
85003643,REQUEST_FAILED,,,,,
85003645,REQUEST_FAILED,,,,,
85003671,deadAbandoned,WEB500,"Jan. 11, 2011","Kong, Norman X",,nkong2000@gmail.com
85003680,deadAbandoned,PASTAWARE,"Jun. 13, 2011",Bentware LLC,,
85003735,deadAbandoned,MICRO-UTILITY,"Jan. 11, 2011","Skychaser Group Holdings, LLC",,contact_admin@skychaser.com
85003740,deadAbandoned,EST 1997 GRILLWARE WE LOVE GRILLING,"Oct. 24, 2011",Bentware LLC,,
85003769,deadAbandoned,REVOLVE,"Jan. 08, 2011","Kress, Marcia L.",,revolvetoday@gmail.com
85003690,REQUEST_FAILED,,,,,
85003791,deadAbandoned,SCALE MAIL,"May 23, 2011","Walker, Chris D",,cwalker@scaleservers.com
85003737,REQUEST_FAILED,,,,,
85003852,deadAbandoned,FLUID CHAOS,"May 23, 2011","Nichol, Blake Rodney",,shortblake@yahoo.com
85003799,deadAbandoned,F&M FOHL & MCCLELLAN REAL ESTATE,"Oct. 24, 2011","McClellan, Brenda",,
85003830,REQUEST_FAILED,,,,,
85003804,REQUEST_FAILED,,,,,
85003959,REQUEST_FAILED,,,,,
85003968,REQUEST_FAILED,,,,,
85003982,REQUEST_FAILED,,,,,
85004308,deadAbandoned,SKY DRAGON,"Jan. 19, 2011",Maia Tobacco Corp.,,awnord@gmail.com
85004053,REQUEST_FAILED,,,,,
85004148,REQUEST_FAILED,,,,,
85004100,REQUEST_FAILED,,,,,
85004249,deadAbandoned,FEAR OF WATER SWIMMING CURRICULUM,"Jan. 19, 2011",Agnes Davis,,adavis@swimswimwimisay.com
85004433,deadAbandoned,LETS GO WAKE THE NEIGHBORS,"May 23, 2011","Fazio, Ray S",,rfaz25@hotmail.com
85004697,deadAbandoned,ZOOM IMPRESSIONS,"Oct. 17, 2011","Zoom Eyeworks, Inc.",,
85004706,deadAbandoned,NV NERDVINE,"Jan. 03, 2011","Hofmann, Josh D",,hofmanjdh@aol.com
85004704,deadAbandoned,LVR,"May 23, 2011","Fashion Insights, LLC",,eric@fashioninsights.com
85004701,REQUEST_FAILED,,,,,
85004723,REQUEST_FAILED,,,,,
85004726,REQUEST_FAILED,,,,,
85004774,deadAbandoned,WEB COAST CONCEPTS,"Jan. 11, 2011",John Melwak Jr.,,john@webcoastconcepts.com
85004785,deadAbandoned,ANGELS & ALIENS,"May 23, 2011","Diaz, Oscar G.",,ogd99@aol.com
85004786,deadAbandoned,WICKED WITCH WINERY AND VINEYARD,"Apr. 04, 2011","Schaetzel, William P.",,wschaetzel@aol.com
85004790,deadAbandoned,RUBY SLIPPERS WINE,"Apr. 04, 2011","Schaetzel, William P.",,wschaetzel@aol.com
85004741,REQUEST_FAILED,,,,,
85004746,REQUEST_FAILED,,,,,
85004743,REQUEST_FAILED,,,,,
85004816,deadAbandoned,CIPHERBEE,"May 23, 2011","Walker, Chris D",,cwalker@charonsoftware.com
85004862,deadAbandoned,THE SOURCE,"Aug. 29, 2011","Optimum Lighting, LLC",,ted.horwitz@optimumlighting.com
85004901,deadAbandoned,DOROTHY OF KANSAS AND TOTO WINE,"Apr. 04, 2011","Schaetzel, William P",,wschaetzel@aol.com
85004869,REQUEST_FAILED,,,,,
85004874,REQUEST_FAILED,,,,,
85004891,deadAbandoned,BROOMSTICK WINE,"Apr. 04, 2011","Schaetzel, William P",,wschaetzel@aol.com
85004923,deadAbandoned,FANBOOKER,"Feb. 22, 2011",Project Interactive LLC,,
85005086,deadAbandoned,IPHRASE,"Jan. 10, 2011","UltraConcurrent, Inc.",,carlhewitt@alum.mit.edu
85005160,deadAbandoned,ANTIQUES HUNTER,"Jan. 13, 2011","Stratford, Charisse C",,support@antiqueshunter.com
85005153,deadAbandoned,BLUBRIDGE,"Jan. 08, 2011",Miccus Inc.,,jeremy@miccus.com
85004977,REQUEST_FAILED,,,,,
85005118,REQUEST_FAILED,,,,,
85005266,deadAbandoned,BEEDUINO,"Mar. 14, 2011",Charon Software LLC,,cwalker@charonsoftware.com
85005201,REQUEST_FAILED,,,,,
85005296,REQUEST_FAILED,,,,,
85005325,REQUEST_FAILED,,,,,
85005445,deadAbandoned,JOHNNY MAESTRO,"Jan. 05, 2011","Mastrangelo, Brad J.",,Zefrie@optonline.net
85005399,REQUEST_FAILED,,,,,
85005476,deadAbandoned,BROKERS RE,"May 20, 2011",Brokers Re Group,,brokers@brokersre.us.com
85005453,REQUEST_FAILED,,,,,
85005450,REQUEST_FAILED,,,,,
85005482,deadAbandoned,GLOBAL BUSINESS APPROACH,"May 23, 2011","Carlin, Donald H.",,don_carlin@hotmail.com
85005648,deadAbandoned,BBB,"Jan. 13, 2011",Bree Brown-Rosa,,bb005g@mac.com
85005577,REQUEST_FAILED,,,,,
85005647,REQUEST_FAILED,,,,,
85005663,REQUEST_FAILED,,,,,
85005706,deadAbandoned,ICECREAMWARE,"Jun. 13, 2011",Bentware LLC,,
85005716,deadAbandoned,DENTAL REPUTATION SHIELD,"Nov. 28, 2011","Dentscape, Inc.",,
85005726,deadAbandoned,NIZY,"May 23, 2011",RED INVESTMENTS LLC,,AMITALPATEL@GMAIL.COM
85005686,REQUEST_FAILED,,,,,
85005753,deadAbandoned,BIONCORE,"Jan. 08, 2011","Prasad, Avvari",,krishna@bioncore.com
85005699,REQUEST_FAILED,,,,,
85005729,REQUEST_FAILED,,,,,
85005804,deadAbandoned,HEALTHAGENT,"Nov. 28, 2011","Walker, Chris D",,cwalker@secretlabs.com
85005802,REQUEST_FAILED,,,,,
85005832,REQUEST_FAILED,,,,,
85005841,REQUEST_FAILED,,,,,
85005968,deadAbandoned,CURIOUS JANE,"May 30, 2011","Girls Dream Out Loud, Incorporated",,curiousjane@girlsdreamoutloud.com
85005926,deadAbandoned,HOOD BABY,"Dec. 12, 2011","Howard, Shaun",,
85005917,deadAbandoned,LUMENO,"Dec. 12, 2011","Lumeno, LLC",,
85005905,deadAbandoned,SOUND TO SOUL,"Dec. 19, 2011",HANI MARDINI,,ultimaproperties@gmail.com
85006018,deadAbandoned,B INSPIRED,"Jan. 19, 2011","B Hotel Group, LLC",,
85006003,REQUEST_FAILED,,,,,
85006007,REQUEST_FAILED,,,,,
85006017,REQUEST_FAILED,,,,,
85006174,deadAbandoned,MARQUISE MAISONS DE LUXE,"Jan. 17, 2011",Belmont Home Decor,,info@belmonthomedecor.com
85006125,REQUEST_FAILED,,,,,
85006128,REQUEST_FAILED,,,,,
85006257,REQUEST_FAILED,,,,,
85006330,deadAbandoned,SMX,"May 23, 2011",American Express Marketing & Development Corp.,,
85006322,REQUEST_FAILED,,,,,
85006303,REQUEST_FAILED,,,,,
85006376,REQUEST_FAILED,,,,,
85006414,REQUEST_FAILED,,,,,
85006509,REQUEST_FAILED,,,,,
85006607,deadAbandoned,LORYSTAL,"Nov. 28, 2011","Quimigras, S.A. de C.V.",,usmarca-quimigras@yahoo.com
85006630,deadAbandoned,ST. LORRAINE,"Nov. 28, 2011","Quimigras, S.A. de C.V.",,usmarca-quimigras@yahoo.com
85006677,deadAbandoned,AMERICAN MODERN,"Sep. 16, 2011","Wright, Ann",,annie@russelwrightstudios.com
85006600,REQUEST_FAILED,,,,,
85006594,REQUEST_FAILED,,,,,
85006660,REQUEST_FAILED,,,,,
85006737,REQUEST_FAILED,,,,,
85006744,REQUEST_FAILED,,,,,
85006871,deadAbandoned,BORROWEDBEADS YOUR RENTAL JEWELRY BOX,"Jan. 18, 2011","Renee Mitchell Advertising, Inc.",,
85006853,REQUEST_FAILED,,,,,
85006922,deadAbandoned,NAYA EXPRESS,"Dec. 05, 2011",Kfoury Hady,,
85006950,deadAbandoned,SPRINKLER SQUID,"Jun. 27, 2011","Landin, Joshua N",,jlandin@sprinklersquid.com
85006885,REQUEST_FAILED,,,,,
85006909,REQUEST_FAILED,,,,,
85006933,REQUEST_FAILED,,,,,
85007079,deadAbandoned,27 MILES MALIBU,"Jan. 18, 2011",David Isackson,,malibufiregroup@aol.com
85007051,deadAbandoned,LOCO BAKA,"May 30, 2011","Schachter, Asher Daniel",,asher.schachter@gmail.com
85007185,deadAbandoned,RUM WINE,"Jun. 01, 2011",Howard Coxe,,howardandsuzanne@gmail.com
85007163,deadAbandoned,IRON TENDON,"Jan. 15, 2011",Herbsmith Inc.,,mail@herbsmithinc.com
85007240,deadAbandoned,"LIFE SMART LABS, INC.","May 31, 2011","Life Smart Labs, Inc.",,m.depace@comcast.net
85007108,deadAbandoned,SWIFT PLUS CREATIVE,"Jun. 06, 2011","Swift Creative, Inc.",,heidi@swiftpluscreative.com
85007135,REQUEST_FAILED,,,,,
85007232,REQUEST_FAILED,,,,,
85007282,REQUEST_FAILED,,,,,
85007288,REQUEST_FAILED,,,,,
85007286,REQUEST_FAILED,,,,,
85007308,REQUEST_FAILED,,,,,
85007318,REQUEST_FAILED,,,,,
85007457,deadAbandoned,POWER / BALANCE,"Jan. 11, 2011",United Enertech Corporation,,aschwall@unitedenertech.com
85007516,REQUEST_FAILED,,,,,
85007522,REQUEST_FAILED,,,,,
85007592,REQUEST_FAILED,,,,,
85007772,deadAbandoned,LAX CARSHARE,"May 03, 2011",Hebert Group Inc.,,melissa@laxcarshare.com
85007746,deadAbandoned,TEXAS TASTE BARBEQUE SAUCE,"Jun. 06, 2011","Preston, Charles",,prestonfamilyfoods@hotmail.com
85007764,REQUEST_FAILED,,,,,
85007786,REQUEST_FAILED,,,,,
85007795,REQUEST_FAILED,,,,,
85007815,REQUEST_FAILED,,,,,
85007853,deadAbandoned,TROPICAL HAZE,"May 30, 2011",Chipper Group LLC,,eric@chippergroupllc.com
85007841,REQUEST_FAILED,,,,,
85007842,REQUEST_FAILED,,,,,
85007845,REQUEST_FAILED,,,,,
85007907,deadAbandoned,WEBPURIFY,"May 30, 2011","WebFurther, LLC",,jon@webpurify.com
85007861,REQUEST_FAILED,,,,,
85007918,deadAbandoned,CENTERLINE ANGUS ASSOCIATION,"Sep. 26, 2011",4-G Land Partnership LP,,
85007954,deadAbandoned,HARBOUR CAPITAL STRATEGIES,"Jan. 27, 2011",Harbour Capital Strategies Pty Limited,,philip.swaine@harbourcs.com
85007951,deadAbandoned,SOLA VIDA,"Jan. 23, 2011","Soleil Shoe & Fashion Company, L.L.C.",,info@soleilshoeco.com
85007960,deadAbandoned,MCID,"Jan. 17, 2011",InterFocus Imaging Ltd,,marcus.cannon@interfocuseurope.com
85007919,REQUEST_FAILED,,,,,
85007976,deadAbandoned,SALON TOUCH POS,"Apr. 14, 2011",InfoTouch,,
85007968,deadAbandoned,ELDERS FIRST,"Nov. 28, 2011","Koerner, William",,
85007944,REQUEST_FAILED,,,,,
85007979,deadAbandoned,HAPPYUNHAPPY,"Jan. 17, 2011","Joseph, Arun Veluthamannical",,arun@ivyoffice.com
85007949,REQUEST_FAILED,,,,,
85007983,deadAbandoned,SIM RECOVERY PRO,"Jan. 17, 2011",LM Technologies Ltd,,lee@lm-technologies.com
85007982,deadAbandoned,SENIOR CARE COMPANION,"Jan. 12, 2011",Senior Care Companion LLC,,
85007969,REQUEST_FAILED,,,,,
85008072,deadAbandoned,DON'T LET THEM LEAVE HOME WITHOUT IT,"Jul. 05, 2011",American Express Marketing & Development Corp.,,
85008070,deadAbandoned,CPS CPVC PIPE,"Jan. 20, 2011",Corcoran Piping Systems,,info@aadi.com
85008079,deadAbandoned,DON'T LET A TEEN LEAVE HOME WITHOUT IT,"Jul. 05, 2011",American Express Marketing & Development Corp.,,
85007984,REQUEST_FAILED,,,,,
85007987,REQUEST_FAILED,,,,,
85008127,REQUEST_FAILED,,,,,
85008175,REQUEST_FAILED,,,,,
85008179,REQUEST_FAILED,,,,,
85008191,REQUEST_FAILED,,,,,
85008296,REQUEST_FAILED,,,,,
85008314,REQUEST_FAILED,,,,,
85008411,REQUEST_FAILED,,,,,
85008646,deadAbandoned,AGRACHLOR,"Jan. 20, 2011","Aquatech Pro, Inc.",,audie@aquatechpro.com
85008497,REQUEST_FAILED,,,,,
85008667,deadAbandoned,FACTOREFURBED,"Jan. 21, 2011",RTG Investment Group Inc.,,roygreenberg@dslextreme.com
85008642,REQUEST_FAILED,,,,,
85008660,REQUEST_FAILED,,,,,
85008748,REQUEST_FAILED,,,,,
85008757,REQUEST_FAILED,,,,,
85008772,REQUEST_FAILED,,,,,
85008799,REQUEST_FAILED,,,,,
85008886,deadAbandoned,EUPHORIX,"Aug. 29, 2011","Euphorix, LLC",,alex@euphorixusa.com
85008893,deadAbandoned,C-BO,"May 30, 2011","Bowen, Clarence",,cjb240@nyu.edu
85008856,REQUEST_FAILED,,,,,
85008949,deadAbandoned,TREADMILL WORLD,"Mar. 09, 2011",TREE QUEST LLC,,info@treadmill-world.com
85008897,REQUEST_FAILED,,,,,
85008904,REQUEST_FAILED,,,,,
85009023,deadAbandoned,AKM,"May 30, 2011",Take 2 Enterprises,,customerservice@anotherkindofmodel.com
85008978,REQUEST_FAILED,,,,,
85009007,REQUEST_FAILED,,,,,
85009106,deadAbandoned,SOUL-SA PRODUCTIONS,"Oct. 24, 2011","Sequinot, Abimael",,
85009034,deadAbandoned,SWINES,"May 30, 2011",Airaghi Marco,,marco@mixstarpromo.com
85009096,REQUEST_FAILED,,,,,
85009258,deadAbandoned,MONEY HONEY,"Jan. 21, 2011","Goldstein, Jacob",,jjgoldstein@npr.org
85009245,REQUEST_FAILED,,,,,
85009291,deadAbandoned,ALL-AMERICAN SPORTS CAMPS,"Jan. 25, 2011","All American Sports Camps, LLC",,matthew@ejfrealestate.com
85009271,REQUEST_FAILED,,,,,
85009318,deadAbandoned,72 HOUR SLIMMING PILL,"Jan. 18, 2011","E Nutrition Research, LLC",,
85009286,REQUEST_FAILED,,,,,
85009309,REQUEST_FAILED,,,,,
85009319,REQUEST_FAILED,,,,,
85009357,REQUEST_FAILED,,,,,
85009459,REQUEST_FAILED,,,,,
85009545,deadAbandoned,FREESURF,"Apr. 27, 2011",Free Surf Participacoes Ltda.,,SimonianIP@aol.com
85009467,REQUEST_FAILED,,,,,
85009563,deadAbandoned,VLEARNING CLOUD,"Jan. 15, 2011","VLABS SLOUTION, LLC",,mrbobbin@hotmail.com
85009543,REQUEST_FAILED,,,,,
85009575,REQUEST_FAILED,,,,,
85009602,REQUEST_FAILED,,,,,
85009711,deadAbandoned,LIVETUNNEL,"May 25, 2011","LIVETUNNEL TECHNOLOGIES LTD, UK; Company Number: 07128025",,leonard.raphael@livetunnel.com
85009684,REQUEST_FAILED,,,,,
85009702,REQUEST_FAILED,,,,,
85009713,REQUEST_FAILED,,,,,
85009903,deadAbandoned,HYDRIVE,"Nov. 28, 2011","Hydrive Vehicles, Incorporated",,bill.hammer@hydrive-vehicles.com
85009942,deadAbandoned,IJARA,"Jan. 21, 2011","FAIZAND, Sébastien Michel",,sfaizand@hotmail.fr
85009846,REQUEST_FAILED,,,,,
85009847,REQUEST_FAILED,,,,,
85009860,REQUEST_FAILED,,,,,
85010010,deadAbandoned,ZOZZIES,"May 30, 2011",Denise P. Martinez,,zozzies@hotmail.com
85010003,deadAbandoned,DIGITAL DIETR,"Jan. 18, 2011","Mosher, Michele",,michele@healthepeeps.com
85009961,REQUEST_FAILED,,,,,
85010039,deadAbandoned,CROW'S NEST,"Jun. 06, 2011",Michael T Sherlock,,pattixbishop@gmail.com
85009977,REQUEST_FAILED,,,,,
85010021,REQUEST_FAILED,,,,,
85010055,deadAbandoned,EPILEP-TEA,"Dec. 19, 2011","Menjivar, Edwin",,
85010052,deadAbandoned,THINK NEW!,"Dec. 19, 2011","Gonzalez, Jose",,
85010044,deadAbandoned,R SOUL,"May 30, 2011",Azure Blue Entertainment LLC,,RadicalSoul@gmail.com
85010134,deadAbandoned,SKEETER'S BATTER UP,"Jan. 25, 2011",Skeeter's Batter Up,,
85010155,deadAbandoned,BIOTEQ,"Jan. 24, 2011",Bioteque Corporation,,
85010045,REQUEST_FAILED,,,,,
85010068,REQUEST_FAILED,,,,,
85010065,REQUEST_FAILED,,,,,
85010304,REQUEST_FAILED,,,,,
85010309,REQUEST_FAILED,,,,,
85010352,REQUEST_FAILED,,,,,
85010426,REQUEST_FAILED,,,,,
85010534,deadAbandoned,I2 INFINITE IMAGINATION,"Jan. 25, 2011","Oge, Stephanie",,msoge214@gmail.com
85010463,REQUEST_FAILED,,,,,
85010559,REQUEST_FAILED,,,,,
85010627,REQUEST_FAILED,,,,,
85010795,deadAbandoned,COLAGEINA 10,"Jan. 19, 2011","PALMA CORTES, JOSE ANTONIO",,joseapalmac.gta@gmail.com
85010865,deadAbandoned,SPY,"Jan. 18, 2011","Merritt, Noah P",,noah@getclicky.com
85010740,REQUEST_FAILED,,,,,
85010885,REQUEST_FAILED,,,,,
85010918,REQUEST_FAILED,,,,,
85010946,REQUEST_FAILED,,,,,
85011021,deadAbandoned,ONYX,"Jan. 17, 2011",Thomas Woods,,twoods86@gmail.com
85011066,deadAbandoned,UGLY EARS,"Jan. 25, 2011","Uyesaka, Jeffrey A",,juyesaka@yahoo.com
85011063,deadAbandoned,U-LIFT,"Jun. 06, 2011","DANH, TRUNG B",,trung.danh@boeing.com
85011090,deadAbandoned,ANTHROPOLOGICS RESEARCH AND CONSULTING,"Dec. 05, 2011","Bird, Martha A",,martha_bird@hotmail.com
85011058,REQUEST_FAILED,,,,,
85011139,deadAbandoned,"COLLEGE CUTOUTS.COM ""CUTTING THE COST OF COLLEGE""","Jan. 18, 2011","Carbone, Thomas J Jr.",,thomasjcarbone@gmail.com
85011140,deadAbandoned,PING GADGET,"Jan. 19, 2011","Ping Gadget, LLC.",,dennis@pinggadget.com
85011091,REQUEST_FAILED,,,,,
85011118,REQUEST_FAILED,,,,,
85011138,REQUEST_FAILED,,,,,
85011192,deadAbandoned,KNIGHTLIGHT,"Jan. 23, 2011","Parable Technology Systems, Inc",,parable.technology.systems@gmail.com
85011193,deadAbandoned,KNIGHTSHIELD,"Jan. 23, 2011","Parable Technology Systems, Inc",,parable.technology.systems@gmail.com
85011188,deadAbandoned,MAKE YOUR MOVE,"Mar. 29, 2011",Main Street Group LLC,,greg@conovernj.com
85011157,REQUEST_FAILED,,,,,
85011191,REQUEST_FAILED,,,,,
85011209,REQUEST_FAILED,,,,,
85011211,REQUEST_FAILED,,,,,
85011231,REQUEST_FAILED,,,,,
85011258,REQUEST_FAILED,,,,,
85011259,REQUEST_FAILED,,,,,
85011261,REQUEST_FAILED,,,,,
85011302,deadAbandoned,MAMA PEAVY,"Dec. 12, 2011","Butler, Mary R",,maryrosebutler@yahoo.com
85011294,REQUEST_FAILED,,,,,
85011336,deadAbandoned,DROP HOUSE,"Jun. 06, 2011",withitmedia pty ltd,,withitmedia@gmail.com
85011305,REQUEST_FAILED,,,,,
85011341,deadAbandoned,SMART SOCK,"Jan. 24, 2011",smart sock,,lauri@smartsock.com.au
85011321,REQUEST_FAILED,,,,,
85011349,deadAbandoned,CARPUTER,"Jan. 19, 2011","Ayala, Natanael",,nataphoto@gmail.com
85011330,REQUEST_FAILED,,,,,
85011352,deadAbandoned,MYSUPERSTARPOSTER.COM CUSTOM DESIGN FOR YOU,"Jan. 21, 2011","Dupree, Stanley",,stan@mysuperstarposter.com
85011358,deadAbandoned,PROQARES,"Jun. 13, 2011",TNO Netherlands Organisation for Applied Scientific Research,,sander.vanwijngaarden@tno.nl
85011363,deadAbandoned,ACCOPROF,"Jan. 20, 2011","Dharan, Bala G.",,bala@dharan.com
85011351,deadAbandoned,FOOTEK,"Jan. 21, 2011","Xiamen Easyway Supply Chain Management Co., Ltd.",,easywaychina@sina.com
85011402,REQUEST_FAILED,,,,,
85011364,REQUEST_FAILED,,,,,
85011554,REQUEST_FAILED,,,,,
85011610,REQUEST_FAILED,,,,,
85011597,REQUEST_FAILED,,,,,
85011611,REQUEST_FAILED,,,,,
85011617,REQUEST_FAILED,,,,,
85011660,REQUEST_FAILED,,,,,
85011768,REQUEST_FAILED,,,,,
85012008,REQUEST_FAILED,,,,,
85012050,REQUEST_FAILED,,,,,
85012073,REQUEST_FAILED,,,,,
85012097,REQUEST_FAILED,,,,,
85012228,deadAbandoned,COVER YOURSELF IN THE ARTS,"Jun. 06, 2011","Kozmarel Clothing Line, LLC",,kozmarel@gmail.com
85012164,REQUEST_FAILED,,,,,
85012235,deadAbandoned,MOBILE SPORTS SCOUT,"Jan. 17, 2011",Bedlam Software LLC,,russell.whitmire@gmail.com
85012284,deadAbandoned,PASKAL LAMOUR,"May 03, 2011","Lamour, Paskal",,paskal.lamour@gmail.com
85012238,REQUEST_FAILED,,,,,
85012250,deadAbandoned,TROUGHTROWEL,"Jan. 20, 2011",1477732 Alberta Ltd.,,
85012304,deadAbandoned,ORAL-SYSTEMIC DENTISTRY,"Jan. 25, 2011",Capital Partners Corporation,,erik@capital-partners.com
85012285,deadAbandoned,M,"Jun. 06, 2011","Porreca, Mario J.",,mporreca@me.com
85012338,deadAbandoned,GRAPHICALLY DESIGNING,"Feb. 08, 2011","Milder, Darcy L.",,darcy@graphicallydesigning.com
85012354,deadAbandoned,TREKKER BÄBA,"Feb. 04, 2011","Get The Word Out Promotions, LLC",,vttv3123@verizon.net
85012349,deadAbandoned,PHOTODECK,"Jan. 27, 2011",Maion Jean-Francois,,jf@photodeck.com
85012296,deadAbandoned,AURORA,"Jan. 20, 2011","PARACE, LLC",,Van.Carter@parace.com
85012319,REQUEST_FAILED,,,,,
85012435,deadAbandoned,WINE BERRY,"Jan. 20, 2011","SP ""AISBERG"" LTD",,a.chaban@vepol.ua
85012468,REQUEST_FAILED,,,,,
85012546,REQUEST_FAILED,,,,,
85012553,REQUEST_FAILED,,,,,
85012577,REQUEST_FAILED,,,,,
85012745,deadAbandoned,DERMA LYS,"Mar. 23, 2011","Keutgen Genoud, Mary:",,m.p.genoud@hotmail.com
85012681,REQUEST_FAILED,,,,,
85012718,REQUEST_FAILED,,,,,
85012738,REQUEST_FAILED,,,,,
85012774,REQUEST_FAILED,,,,,
85012812,REQUEST_FAILED,,,,,
85013126,deadAbandoned,NOVUS REX,"Aug. 16, 2011","FERNANDEZ, J R",,novusrexmedia@novusrex.net
85013155,deadAbandoned,MONSTER TRANSMISSION & PERFORMANCE,"Jan. 14, 2011",Avalanche Corporation,,
85013185,REQUEST_FAILED,,,,,
85013200,REQUEST_FAILED,,,,,
85013275,REQUEST_FAILED,,,,,
85013280,REQUEST_FAILED,,,,,
85013355,deadAbandoned,I3D,"Nov. 21, 2011",MARC ANGELL,,MDANGELL@GMAIL.COM
85013408,deadAbandoned,ZIELO SLEEPWEAR INTERNATIONAL,"Oct. 03, 2011","C&C Imports, LLC",,isabellaccwear@yahoo.com
85013324,REQUEST_FAILED,,,,,
85013331,deadAbandoned,THE POWER OF EFFECTIVE COACHING,"Jan. 21, 2011","Taormina, Robert I",,rtofficemail@aol.com
85013479,deadAbandoned,77 TV,"Jan. 27, 2011",ASOLOGOLD spa,,EXPORT@ASOLOGOLD.COM
85013445,deadAbandoned,BUY RECYCLED,"Jan. 25, 2011",Michelle Hedlund,,mitch@upongreen.com
85013425,REQUEST_FAILED,,,,,
85013443,REQUEST_FAILED,,,,,
85013551,deadAbandoned,GO GREEN GO FOAM,"Aug. 10, 2011",Go Foam Inc,,sgavin@gofoaminc.com
85013555,deadAbandoned,SURETY PARTNERS,"Jan. 29, 2011","KORE, LLC",,t@libertascap.com
85013535,REQUEST_FAILED,,,,,
85013560,REQUEST_FAILED,,,,,
85013564,REQUEST_FAILED,,,,,
85013613,deadAbandoned,COLLESSA,"Aug. 25, 2011","In Due Time, LLC",,
85013627,deadAbandoned,GOPAD,"Jan. 27, 2011","gofigure, llc",,devon.rolf@gofigure.com
85013642,deadAbandoned,GEORGE BAILEY FINANCIAL,"Jan. 31, 2011","McElligott, Thomas J",,tom@georgebaileyfinancial.biz
85013624,REQUEST_FAILED,,,,,
85013754,deadAbandoned,SCOUT,"Jun. 06, 2011","conner, steve",,steveconner1@mac.com
85013643,REQUEST_FAILED,,,,,
85013684,REQUEST_FAILED,,,,,
85013849,REQUEST_FAILED,,,,,
85013854,REQUEST_FAILED,,,,,
85013864,REQUEST_FAILED,,,,,
85013881,REQUEST_FAILED,,,,,
85014007,deadAbandoned,AVANT,"Jun. 20, 2011","Avant Education Holdings, Inc.",,
85014032,deadAbandoned,ATLANTIC CITY INTERNATIONAL FILM AND MUSIC FESTIVAL,"Feb. 01, 2011",Atlantic City International Film and Music Festival,,emesa@acintrnlfilmandmusicfest.com
85014009,deadAbandoned,WEBMOBILETV,"Aug. 24, 2011",Unifund Corporation,,
85014067,deadAbandoned,THE RIGHT OPPORTUNITY FOR THE RIGHT REASON,"Jun. 20, 2011","Avant Education Holdings, Inc.",,
85013999,REQUEST_FAILED,,,,,
85014042,REQUEST_FAILED,,,,,
85014064,REQUEST_FAILED,,,,,
85014096,REQUEST_FAILED,,,,,
85014172,deadAbandoned,ISTAK,"Jan. 25, 2011",Arpanoosh Company,,Andrefood@yahoo.com
85014114,REQUEST_FAILED,,,,,
85014238,deadAbandoned,CRA FELLOWSHIP PROGRAM,"Jan. 28, 2011",Medical Research Management,,lmurphy@cra-solutions.com
85014165,REQUEST_FAILED,,,,,
85014249,deadAbandoned,NATURAL BUTTOCKS ENHANCEMENT,"Jan. 25, 2011",AQUALIPO LLC,,Lucas@AquaLipo.com
85014278,deadAbandoned,STEM CELL ENHANCED FAT TRANSFER,"Jan. 24, 2011",AQUALIPO LLC,,Lucas@AquaLipo.com
85014281,deadAbandoned,SEND A BUDDHA,"Apr. 04, 2011","Zoom Direct, Inc",,hamlin202@aol.com
85014284,deadAbandoned,SCEFT STEM CELL ENHANCED FAT TRANSFER,"Jun. 13, 2011",AQUALIPO LLC,,Lucas@AquaLipo.com
85014260,REQUEST_FAILED,,,,,
85014289,deadAbandoned,NATURALFILL NATURAL FACIAL FILLER,"Jan. 25, 2011",AQUALIPO LLC,,Lucas@AquaLipo.com
85014294,deadAbandoned,USA STEM CELL BANKING,"Jan. 24, 2011",AQUALIPO LLC,,Lucas@AquaLipo.com
85014282,REQUEST_FAILED,,,,,
85014286,REQUEST_FAILED,,,,,
85014288,REQUEST_FAILED,,,,,
85014308,deadAbandoned,YOOZNEWS PUBLICATIONS,"Jan. 26, 2011","Sizer, LaToya E.",,lesizer@hotmail.com
85014330,deadAbandoned,MYSCHOOLPAD,"Jun. 13, 2011","Vaziri, Seyamak",,seyamak_vaziri@yahoo.com
85014345,deadAbandoned,KONAPURE,"Jan. 18, 2011","Monji, LLC",,jeff@monjiusa.com
85014351,deadAbandoned,A,"Jun. 20, 2011","Avant Education Holdings, Inc.",,
85014363,deadAbandoned,SQPR,"Feb. 01, 2011",Spiralstar Media Limited,,martin.jackson@spiralstarmedia.co.uk
85014348,deadAbandoned,AVANT,"Jun. 20, 2011","Avant Education Holdings, Inc.",,
85014329,REQUEST_FAILED,,,,,
85014481,deadAbandoned,NRG,"Jan. 28, 2011",NRG International Corporation,,nrg1@isdn.net.il
85014349,REQUEST_FAILED,,,,,
85014370,REQUEST_FAILED,,,,,
85014575,REQUEST_FAILED,,,,,
85014671,REQUEST_FAILED,,,,,
85014798,deadAbandoned,20 IN 1 GAME FEST,"Dec. 19, 2011",UBISOFT ENTERTAINMENT,,
85014707,REQUEST_FAILED,,,,,
85014791,REQUEST_FAILED,,,,,
85014889,deadAbandoned,None,"Jan. 16, 2011",STUDIO IP HOLDINGS LLC,,atarshis@iconixbrand.com
85014821,REQUEST_FAILED,,,,,
85014974,deadAbandoned,MARTIN MARIETTA,"Jul. 06, 2011","Harbaoui,Zoubier",,hzoubier@gmail.com
85014935,REQUEST_FAILED,,,,,
85015226,deadAbandoned,PROMOTEXTME,"Jan. 25, 2011",PromoText Inc.,,
85015245,deadAbandoned,CONTENTSUNAMI,"Aug. 08, 2011",RED ROCK VALLEY,,thinker.inc@gmail.com
85015146,REQUEST_FAILED,,,,,
85015228,REQUEST_FAILED,,,,,
85015275,deadAbandoned,INCREDIBLE BY HTC,"Jul. 05, 2011",HTC Corporation,,kathy.callahan@bracewell.com
85015272,REQUEST_FAILED,,,,,
85015277,REQUEST_FAILED,,,,,
85015365,deadAbandoned,TEDDY PEAR,"Jun. 20, 2011",Paul Kim,,paul_kim_2272@hotmail.com
85015293,REQUEST_FAILED,,,,,
85015374,deadAbandoned,BAHAMA BREEZE,"Feb. 02, 2011",KAMAL KUMAR,,
85015368,deadAbandoned,INFO@HAND,"Jan. 29, 2011",LGM INFO PTY LTD,,malcolme@feesynergy.com.au
85015356,REQUEST_FAILED,,,,,
85015393,deadAbandoned,GHOSTECHS.COM,"Dec. 19, 2011",Ghostechs LLC,,
85015405,deadAbandoned,PURCHX,"Aug. 08, 2011","Roselli, Joseph",,
85015389,REQUEST_FAILED,,,,,
85015445,REQUEST_FAILED,,,,,
85015456,REQUEST_FAILED,,,,,
85015459,REQUEST_FAILED,,,,,
85015659,deadAbandoned,A KISS IS THE AUTOGRAPH OF LOVE,"Jan. 28, 2011",Michell Wanamaker,,michelle.wanamaker@gmail.com
85015616,REQUEST_FAILED,,,,,
85015730,deadAbandoned,WEEZONES,"Jun. 13, 2011","Barras, Derek Michel Charles",,derek@weezones.com
85015631,REQUEST_FAILED,,,,,
85015778,deadAbandoned,ROLL-UPZ,"Mar. 08, 2011","Weisner, Andrea Padilla",,
85015689,REQUEST_FAILED,,,,,
85015769,deadAbandoned,C.BO,"May 30, 2011","Bowen, Clarence",,cjb240@nyu.edu
85015752,REQUEST_FAILED,,,,,
85015797,REQUEST_FAILED,,,,,
85015855,deadAbandoned,DREAM ON,"Jan. 31, 2011","Shadow Beverages and Snacks, LLC",,
85015834,REQUEST_FAILED,,,,,
85015945,deadAbandoned,WEB2.7,"Feb. 01, 2011","Lauren, Richard K",,richardlauren@me.com
85015846,REQUEST_FAILED,,,,,
85015916,REQUEST_FAILED,,,,,
85016000,deadAbandoned,MADE IN BRAZIL,"Jan. 26, 2011",LUCIANO P. DE QUEIROZ,,DAIANA_SDM@HOTMAIL.COM
85015949,REQUEST_FAILED,,,,,
85016083,REQUEST_FAILED,,,,,
85016188,deadAbandoned,SHARACITY,"Jun. 06, 2011","Sharacity, LLC",,admin@sharacity.com
85016201,deadAbandoned,"ECONO PHARMACY, INC.","Feb. 03, 2011","Econo Pharmacy, Inc.",,lesliebrew@hotmail.com
85016171,REQUEST_FAILED,,,,,
85016240,deadAbandoned,CHOCOLATE FIX,"Jan. 27, 2011","Strathmore Ventures, Inc",,evanbfeldman@gmail.com
85016214,REQUEST_FAILED,,,,,
85016348,deadAbandoned,T.H.E.O. WW INC. TEACHING HELPING ENCOURAGING OTHERS WORLD WIDE INC. WWW.THEOWWINC.COM,"Dec. 26, 2011",T.H.E.O. WW Inc.,,mikell3@hotmail.com
85016318,REQUEST_FAILED,,,,,
85016333,REQUEST_FAILED,,,,,
85016337,REQUEST_FAILED,,,,,
85016410,deadAbandoned,TURNSTYLE,"Dec. 26, 2011","Sander Sales Enterprises, ltd",,
85016374,REQUEST_FAILED,,,,,
85016432,deadAbandoned,DECKERTON,"Jun. 20, 2011",Deckerton Corporation,,lateefivy@gmail.com
85016447,deadAbandoned,WIATERP,"Nov. 27, 2011","Clark, Charles S",,charlie.clark@lycos.com
85016456,deadAbandoned,LIVE ACCESS NOW,"Jan. 27, 2011",Marc Feinberg,,marcfeinberg@hotmail.com
85016414,REQUEST_FAILED,,,,,
85016460,deadAbandoned,INSPECTOUR,"Jun. 20, 2011",Always-b-there.com,,richard.russell@always-b-there.com
85016485,deadAbandoned,CINE MUSIC IN MOTION,"Jan. 28, 2011",Eric L. Purvis Sr.,,eric.purvis@tmgdigitalglobal.com
85016450,REQUEST_FAILED,,,,,
85016473,deadAbandoned,TMG DIGITAL GLOBAL,"Jan. 27, 2011","Purvis, Eric, Lakeith Sr.",,eric.purvis@tmgdigitalglobal.com
85016467,REQUEST_FAILED,,,,,
85016516,deadAbandoned,CORE INFRASTRUCTURE SERVICE,"Mar. 16, 2011",Core Infrastructure Service Inc.,,sales@coreinfrastructureservice.com
85016507,deadAbandoned,EXPANZITE,"Feb. 01, 2011","RENT NAMES CHEAP, INC.",,KINDLESTREET@COMCAST.NET
85016527,deadAbandoned,VELOCIGIN,"May 09, 2011","RENT NAMES CHEAP, INC.",,KINDLESTREET@COMCAST.NET
85016488,REQUEST_FAILED,,,,,
85016502,REQUEST_FAILED,,,,,
85016542,REQUEST_FAILED,,,,,
85016531,REQUEST_FAILED,,,,,
85016544,deadAbandoned,TUATF,"Mar. 17, 2011",Larry Bawa,,Larrybawa@hotmail.com
85016569,deadAbandoned,CAT ROULETTE,"Jun. 20, 2011","Stern, Melissa R",,missfern@me.com
85016604,deadAbandoned,H ENERGY,"Feb. 04, 2011","Hiranandani, Darshan",,darshan@hiranandani.com
85016634,deadAbandoned,ENJOY YOUR ZIPPER,"Jun. 20, 2011",Robert Scott Baer,,rsbaer@cox.net
85016630,deadAbandoned,ENJOY YOU ZIPPER,"Jun. 20, 2011",Robert Scott Baer,,rsbaer@cox.net
85016611,deadAbandoned,LOVEFLU.COM,"Aug. 04, 2011","Cavil, Tramaine G",,tcavil@yahoo.com
85016610,REQUEST_FAILED,,,,,
85016609,REQUEST_FAILED,,,,,
85016645,deadAbandoned,PILL WATER,"Jan. 27, 2011","McBride, Jeffery, Miles",,JeffM@clearcreekgc.net
85016665,deadAbandoned,VELOCITY OFF-ROAD INC,"Feb. 03, 2011","Corbett, Christopher E.",,info@velocityoffroad.com
85016641,REQUEST_FAILED,,,,,
85016642,REQUEST_FAILED,,,,,
85016662,deadAbandoned,"BOUNCE BACK, MOVE FORWARD.","Jun. 20, 2011",BounceBack LLC,,deepa@bouncebacktolife.com
85016660,REQUEST_FAILED,,,,,
85016666,REQUEST_FAILED,,,,,
85016716,deadAbandoned,SPARTAN ENERGY,"Jan. 29, 2011",Sparta Beverage LLC,,
85016705,REQUEST_FAILED,,,,,
85016744,deadAbandoned,THE DORM CAFE',"Dec. 26, 2011","Zito, Toniann",,
85016754,REQUEST_FAILED,,,,,
85016770,deadAbandoned,NARS,"Aug. 08, 2011","Bilgor, Timucin",,timucin@submediadigital.com
85016784,deadAbandoned,None,"Jun. 20, 2011","Nanjing Ketai Information Technology Co., Ltd",,wataxiwaxiudesi@msn.com
85016774,deadAbandoned,MANITOGA,"Sep. 18, 2011",Ann Wright,,annie@russelwrightstudios.com
85016789,deadAbandoned,LL LES LESTON,"Feb. 01, 2011","Sagas, Oscar",,oscarsagas@gmail.com
85016771,REQUEST_FAILED,,,,,
85016884,deadAbandoned,SEARCHBOOSTER,"Jan. 02, 2011",American Express Marketing & Development Corp.,,
85016903,deadAbandoned,LEADASSIST,"Jan. 02, 2011",American Express Marketing & Development Corp.,,
85016927,deadAbandoned,TEACH FOR PAKISTAN,"Jan. 28, 2011",Mohammad Zohaib`,,mzohaib@teachforpakistan.org
85016866,REQUEST_FAILED,,,,,
85016869,REQUEST_FAILED,,,,,
85017015,deadAbandoned,PAIN-FREE CODING,"Apr. 07, 2011",Daymarck LLC,,nick@daymarck.com
85016925,REQUEST_FAILED,,,,,
85016960,REQUEST_FAILED,,,,,
85017039,REQUEST_FAILED,,,,,
85017109,REQUEST_FAILED,,,,,
85017119,REQUEST_FAILED,,,,,
85017141,REQUEST_FAILED,,,,,
85017260,REQUEST_FAILED,,,,,
85017291,REQUEST_FAILED,,,,,
85017364,REQUEST_FAILED,,,,,
85017472,deadAbandoned,GET YOUR REAR IN GEAR,"Jun. 20, 2011",ACI International,,aliau@aciint.com
85017484,deadAbandoned,GET YOUR REAR IN L.A. GEAR,"May 30, 2011","L.A. Gear, Inc.",,aliau@aciint.com
85017512,deadAbandoned,PLANETBREATH,"Jun. 20, 2011","BreathResearch, Inc.",,garyayee1@yahoo.com
85017527,deadAbandoned,OFFICE BUSINESS CONNECTOR 2010,"Jul. 11, 2011",Viprocom Holding AG,,chriswilfert@hotmail.com
85017496,REQUEST_FAILED,,,,,
85017503,REQUEST_FAILED,,,,,
85017560,deadAbandoned,IUBEO,"Feb. 28, 2011","Hussain, Behzad T.",,Behzad.T.Hussain@gmail.com
85017507,REQUEST_FAILED,,,,,
85017544,deadAbandoned,None,"Mar. 31, 2011",PopYard LLC,,qiheonline@gmail.com
85017528,REQUEST_FAILED,,,,,
85017645,REQUEST_FAILED,,,,,
85017679,REQUEST_FAILED,,,,,
85017687,REQUEST_FAILED,,,,,
85017725,REQUEST_FAILED,,,,,
85017768,deadAbandoned,WORD PUSHING,"Dec. 19, 2011","Roberti, Alessio",,robertialessio@gmail.com
85017744,REQUEST_FAILED,,,,,
85017796,deadAbandoned,KENNEL CLUB GRILL,"Dec. 19, 2011","Passas, Michael",,
85017800,deadAbandoned,NOODZ,"Jan. 11, 2011",Elite Imaging Concepts LLC,,contact@stickydrama.com
85017806,deadAbandoned,COSIGN MY LEASE,"Jan. 20, 2011","GFR Capital Ventures, Inc",,info@CoSignMyLease.com
85017764,REQUEST_FAILED,,,,,
85017830,deadAbandoned,LOCK 45,"Dec. 19, 2011","Perez, Rafael",,rperez364@satx.rr.com
85017779,REQUEST_FAILED,,,,,
85017799,REQUEST_FAILED,,,,,
85017876,deadAbandoned,B SOCIAL,"Jan. 24, 2011","B Hotel Group, LLC",,
85017901,deadAbandoned,TIREWARE,"Feb. 01, 2011",TireWare Inc,,tnc@bi-corp.com
85017927,deadAbandoned,THE WINE THAT INVENTED RUM,"Nov. 28, 2011","Coxe, Howard",,howardandsuzanne@gmail.com
85017859,REQUEST_FAILED,,,,,
85017856,REQUEST_FAILED,,,,,
85017968,deadAbandoned,NAVIGATING THE TIRE JUNGLE,"Feb. 01, 2011",TireWare Inc,,tnc@bi-corp.com
85017942,REQUEST_FAILED,,,,,
85018082,deadAbandoned,YOUNGBLOOD EXECUTIVE SEARCH,"Jan. 31, 2011","Youngblood Executive Search, Inc.",,ava@yngbloodexecsrch.com
85018089,deadAbandoned,DESERVING PEOPLE LIVING DREAMS,"Jun. 27, 2011","Ricketts, Corey K.",,coreyricketts@hotmail.com
85018129,REQUEST_FAILED,,,,,
85018203,deadAbandoned,INQUIRY-DRIVEN LEARNER AND/OR INQUIRY DRIVEN LEARNER,"Feb. 02, 2011",Clifton Forbes Conrad,,conrad@education.wisc.edu
85018224,deadAbandoned,SWECO FAB INC.,"Feb. 28, 2011",SWECO FAB INC.,,info@pipingtech.com
85018178,REQUEST_FAILED,,,,,
85018342,deadAbandoned,MELISSA HONEYBEE BAKERY,"May 23, 2011","Mediterranean Gyros Products, Inc.",,
85018198,REQUEST_FAILED,,,,,
85018276,deadAbandoned,U.S. BELLOWS,"Feb. 23, 2011",U.S. Bellows,,info@pipingtech.com
85018354,deadAbandoned,"FRONEK ANCHOR/DARLING ENTERPRISES, INC.","Mar. 15, 2011","Fronek Anchor/Darling Enterprises, Inc.",,info@pipingtech.com
85018275,REQUEST_FAILED,,,,,
85018443,deadAbandoned,JBS,"Aug. 19, 2011","Beach Towne Boards, LLC",,
85018485,deadAbandoned,NUTRASLIM,"Jan. 31, 2011","Nutraslim, LLC",,nutraslimllc@gmail.com
85018370,REQUEST_FAILED,,,,,
85018465,REQUEST_FAILED,,,,,
85018474,REQUEST_FAILED,,,,,
85018679,deadAbandoned,INTEGRATION MARKETING,"Aug. 16, 2011","Construct Zero, Inc",,rianne.abad@constructzero.com
85018644,REQUEST_FAILED,,,,,
85018700,deadAbandoned,COMPUTER INTELLIGENCE,"Dec. 26, 2011","Computer Intelligence, Inc.",,
85018654,REQUEST_FAILED,,,,,
85018730,deadAbandoned,MOI,"Nov. 10, 2011","Moise, Charmaine",,vickysniper@optonline.net
85018695,REQUEST_FAILED,,,,,
85018832,deadAbandoned,SOHO BLUE,"Feb. 11, 2011",Feed Your Sole,,evanfeinman@comcast.net
85018722,REQUEST_FAILED,,,,,
85018759,REQUEST_FAILED,,,,,
85018880,deadAbandoned,PORKYS,"Oct. 18, 2011","Lozano, Carlos",,annie.jensen@gmail.com
85018933,deadAbandoned,E EIGHTBALL TRACKS,"Oct. 08, 2011",Tribalwayz Productions,,djphillip@hotmail.com
85018884,REQUEST_FAILED,,,,,
85018984,deadAbandoned,DIVERSE LEADERS,"Feb. 01, 2011","Tulsiani, Raj",,francesca.lynch@green-park.co.uk
85018934,REQUEST_FAILED,,,,,
85018966,REQUEST_FAILED,,,,,
85018963,REQUEST_FAILED,,,,,
85019104,deadAbandoned,KNEAD BAKERY,"Feb. 08, 2011","Romanowski, Sofia M",,sofiaromanowski@gmail.com
85019112,deadAbandoned,PLUSH AUDIO,"Feb. 10, 2011",Digitat Audio LLC,,richard@digitatconcepts.com
85019221,deadAbandoned,OUTSMART THE SIGNS OF AGING,"Feb. 08, 2011",Revision LP,,mlowery@revisionskincare.com
85019096,REQUEST_FAILED,,,,,
85019198,REQUEST_FAILED,,,,,
85019402,deadAbandoned,SONISTREAM,"Feb. 04, 2011",Music 1,,neil@gomusic1.com
85019351,REQUEST_FAILED,,,,,
85019412,REQUEST_FAILED,,,,,
85019442,REQUEST_FAILED,,,,,
85019549,deadAbandoned,DISCO PILATES,"Feb. 01, 2011","Wagner, Liisa",,liisawagner@shaw.ca
85019506,REQUEST_FAILED,,,,,
85019525,REQUEST_FAILED,,,,,
85019520,REQUEST_FAILED,,,,,
85019808,deadAbandoned,MOSCOW MOON NIGHTS,"Sep. 24, 2011",Simon Manoyan,,donsimon@bk.ru
85019813,deadAbandoned,CHOCO DOTS,"Jan. 31, 2011",IBRANDS USA LLC,,CORI@CENTRALL.COM
85019657,REQUEST_FAILED,,,,,
85019830,REQUEST_FAILED,,,,,
85019938,deadAbandoned,AMERICAN BEER LIGHT,"Feb. 03, 2011",ORavitz Mark J,,mjoravitz@gmail.com
85019926,deadAbandoned,WHACKED FACTS,"Jun. 20, 2011","Wave Promotions & Marketing, Inc.",,craigkru@aol.com
85019960,REQUEST_FAILED,,,,,
85020048,deadAbandoned,IDVR,"Feb. 03, 2011",CCTV Camera Pros,,haldas@yahoo.com
85020040,REQUEST_FAILED,,,,,
85020098,deadAbandoned,CHURCHVIEW ESTATE,"Feb. 01, 2011",Metricup Vineyards Pty Ltd,,spike@churchview.com.au
85020034,REQUEST_FAILED,,,,,
85020114,deadAbandoned,THE BARTONDALE,"Feb. 01, 2011",Metricup Vineyards Pty Ltd,,spike@churchview.com.au
85020110,deadAbandoned,SILVERLEAF,"Feb. 01, 2011",Metricup Vineyards Pty Ltd,,spike@churchview.com.au
85020112,deadAbandoned,BOOM,"Feb. 06, 2011","JMS Trading, LLC",,joe@jmstradingllc.com
85020079,REQUEST_FAILED,,,,,
85020154,deadAbandoned,LIFE LAMP LIGHT FOR LIFE,"Apr. 07, 2011",Decor Connect Inc,,rkellaher1@gmail.com
85020140,deadAbandoned,PROSTATE PLUS,"Aug. 23, 2011",EVEREST NUTRITION CORP,,bipin@everestnutrition.com
85020144,REQUEST_FAILED,,,,,
85020163,REQUEST_FAILED,,,,,
85020207,deadAbandoned,BEAVER EMPIRE,"May 09, 2011",Gemini Rogue LLC,,tommycros@aol.com
85020195,deadAbandoned,BLACK WIDOW INDUSTRIES,"Sep. 09, 2011","Kidd, Daniel",,
85020212,deadAbandoned,GLADIATOR BEAVER,"May 09, 2011",Gemini Rogue LLC,,tommycros@aol.com
85020194,deadAbandoned,TELIBABY EXPLORE THE SIMPLICITY,"Feb. 07, 2011",TELIBABY LTD.,,tomer@telibaby.com
85020203,REQUEST_FAILED,,,,,
85020224,deadAbandoned,RECYCLERS,"Jul. 05, 2011","Innovative Services International, LLC",,brad.salminen@gmail.com
85020220,REQUEST_FAILED,,,,,
85020226,deadAbandoned,RETURN TO RECYCLE,"Jun. 27, 2011","Innovative Services International, LLC",,brad.salminen@gmail.com
85020292,deadAbandoned,CITIZENS ONLINE,"Feb. 04, 2011",Tammy Fisher,,jennifer.a@results-unlimited.com
85020274,REQUEST_FAILED,,,,,
85020157,REQUEST_FAILED,,,,,
85020316,REQUEST_FAILED,,,,,
85020358,REQUEST_FAILED,,,,,
85020506,REQUEST_FAILED,,,,,
85020500,REQUEST_FAILED,,,,,
85020510,REQUEST_FAILED,,,,,
85020643,deadAbandoned,ENDEAVOR MOVEMENT,"Feb. 03, 2011","Eldred, R. Timothy",,admin@endeavormovement.com
85020821,deadAbandoned,MEN'S HEALTHWEAR,"Feb. 07, 2011",Bruce Kennedy,,
85020940,deadAbandoned,PRORX,"Feb. 03, 2011",Capri Optics,,capri@caprioptics.com
85020814,REQUEST_FAILED,,,,,
85020823,REQUEST_FAILED,,,,,
85021046,deadAbandoned,FIREWATER,"Jun. 15, 2011",Nathan Bogle,,nathanbogle@gmail.com
85020965,REQUEST_FAILED,,,,,
85021049,REQUEST_FAILED,,,,,
85021065,REQUEST_FAILED,,,,,
85021129,REQUEST_FAILED,,,,,
85021217,REQUEST_FAILED,,,,,
85021245,REQUEST_FAILED,,,,,
85021289,deadAbandoned,PETLUK,"Jun. 20, 2011",Qiu Hui,,dawei.liu@amaton.com.cn
85021257,deadAbandoned,PI MOMS PRIVATE INVESTIGATION,"Feb. 03, 2011",AMERICAN BUILDINGS & WINDOWS INC.,,GREENDESIGN3@GMAIL.COM
85021294,deadAbandoned,JUNK GYPSY,"Feb. 03, 2011","Sikes, Inc.",,
85021276,REQUEST_FAILED,,,,,
85021320,deadAbandoned,J-GRAB,"Jul. 05, 2011",J-GRAB Inc.,,info@j-grab.com
85021282,REQUEST_FAILED,,,,,
85021297,REQUEST_FAILED,,,,,
85021360,deadAbandoned,G AND J DOG TRAINING LIVE,"Sep. 04, 2011","Pallan, Genna",,
85021363,deadAbandoned,CK-CAD AVAILABLE DESIGNS JEWELRY,"Oct. 17, 2011","Nguyen, Loi Tien",,hamptonrj@yahoo.com
85021309,REQUEST_FAILED,,,,,
85021323,REQUEST_FAILED,,,,,
85021347,deadAbandoned,PRINCESS BEAN,"Feb. 11, 2011","Third Story Entertainment, LLC",,andrewjhay@me.com
85021494,deadAbandoned,VINEYARD COUNTRY,"Jan. 19, 2011",UBISOFT ENTERTAINMENT,,
85021500,deadAbandoned,VINEYARD COUNTRY,"Jan. 19, 2011",UBISOFT ENTERTAINMENT,,
85021340,REQUEST_FAILED,,,,,
85021367,REQUEST_FAILED,,,,,
85021653,REQUEST_FAILED,,,,,
85021658,REQUEST_FAILED,,,,,
85021693,REQUEST_FAILED,,,,,
85021795,deadAbandoned,None,"Feb. 10, 2011",Natalia Youssef,,nataliayoussef@gmail.com
85021759,REQUEST_FAILED,,,,,
85021786,REQUEST_FAILED,,,,,
85022087,REQUEST_FAILED,,,,,
85022091,REQUEST_FAILED,,,,,
85022230,REQUEST_FAILED,,,,,
85022254,REQUEST_FAILED,,,,,
85022374,deadAbandoned,GOURMET UNDERGROUND,"Jun. 27, 2011","Stadler, Cara Justine",,cara.stadler@gmail.com
85022313,REQUEST_FAILED,,,,,
85022317,REQUEST_FAILED,,,,,
85022360,deadAbandoned,FASTMAX,"May 23, 2011",Palm Coast Imports,,byrne459@gmail.com
85022413,deadAbandoned,LIGHTS CONCERT,"Nov. 01, 2011","Mykoman Productions, Inc.",,myko@mykoman.com
85022365,REQUEST_FAILED,,,,,
85022423,deadAbandoned,THE DIAMOND MAJESTE,"Jun. 06, 2011",THE DIAMOND MAJESTE,,LATASHA300@YAHOO.COM
85022406,REQUEST_FAILED,,,,,
85022412,REQUEST_FAILED,,,,,
85022472,deadAbandoned,CHEF PIRATE,"Mar. 11, 2011","Collier, Glynis J.",,glyniscollier@yahoo.com
85022508,REQUEST_FAILED,,,,,
85022547,deadAbandoned,P PARTNER PRO,"Feb. 07, 2011","PARTNERPRO, Inc.",,marketing@partnerpro.com
85022526,REQUEST_FAILED,,,,,
85022561,deadAbandoned,CENTRALIZED AT-TRADE RX,"Jun. 13, 2011","FTEN, Inc.",,glafever@ften.com
85022559,deadAbandoned,CENTRALIZED AT-TRADE RISKXPOSURE,"Jun. 20, 2011","FTEN, Inc.",,glafever@ften.com
85022599,deadAbandoned,OLIVIDA,"Feb. 06, 2011",ALTINEGE TBB GIDA TEKSTIL SAN. VE TIC. LTD.STI.,,burak@tbtex.com
85022565,deadAbandoned,CATRX,"Jun. 13, 2011","FTEN, Inc.",,glafever@ften.com
85022617,deadAbandoned,SEX ON THE WALL,"Jun. 27, 2011",TA COOPERSBURG SALES INC.,,spino@coopersburgsports.com
85022672,deadAbandoned,TRUCKERS DELIGHT,"Jun. 27, 2011",THIRD SIDE RECORDS,,label@thirdsiderecords.net
85022679,deadAbandoned,MOBL 21 ADAPTIVE MOBILITY,"Feb. 08, 2011","Emantras, Inc",,supra@emantras.com
85022631,REQUEST_FAILED,,,,,
85022624,REQUEST_FAILED,,,,,
85022839,deadAbandoned,B HAPPY,"Jan. 24, 2011","B Hotel Group, LLC",,
85022680,REQUEST_FAILED,,,,,
85022771,REQUEST_FAILED,,,,,
85022816,REQUEST_FAILED,,,,,
85022845,deadAbandoned,SCIENCE ACCELERATED,"Feb. 10, 2011",Wingu,,accounts@wingu.com
85022914,REQUEST_FAILED,,,,,
85022933,REQUEST_FAILED,,,,,
85023030,deadAbandoned,SLAP YOUR GRANDMA,"Feb. 15, 2011",Struoc Standard LLC,,StruocStandard@Yahoo.com
85023004,REQUEST_FAILED,,,,,
85023098,REQUEST_FAILED,,,,,
85023195,deadAbandoned,FOLLETT'S WATCH US GROW,"Mar. 15, 2011",Faustini Philip J lll,,sales@watchusgrow.com
85023206,deadAbandoned,YOUR ROADMAP TO ENERGY EFFICIENCY,"Feb. 11, 2011","Green Summit Consulting, LLC",,dgamble@greensummitconsulting.com
85023386,deadAbandoned,SICK BUILDINGS ARE CONTAGIOUS,"May 09, 2011",Healthy Building Inspections,,astadtner@gmail.com
85023152,REQUEST_FAILED,,,,,
85023465,deadAbandoned,TRAVEL PILLOWCASE,"Feb. 12, 2011",City and Sea LLC,,andreaushijima@gmail.com
85023404,REQUEST_FAILED,,,,,
85023530,deadAbandoned,QUOTED HEARTS,"Oct. 24, 2011",Simon Latoya T,,quotedhearts@yahoo.com
85023445,REQUEST_FAILED,,,,,
85023523,REQUEST_FAILED,,,,,
85023528,REQUEST_FAILED,,,,,
85023586,REQUEST_FAILED,,,,,
85023581,REQUEST_FAILED,,,,,
85023624,REQUEST_FAILED,,,,,
85023672,deadAbandoned,RODIZA,"Dec. 26, 2011","Zuniga, Rodrigo",,
85023631,REQUEST_FAILED,,,,,
85023648,REQUEST_FAILED,,,,,
85023741,deadAbandoned,DECORATOR IN A BOX,"May 05, 2011",Andrea Pauza,,annie@mydiab.com
85023682,REQUEST_FAILED,,,,,
85023750,deadAbandoned,MAGNUM,"Jul. 05, 2011","Roberts, Perry R",,ryanroberts650@gmail.com
85023700,REQUEST_FAILED,,,,,
85023760,deadAbandoned,ECO-AMENITIES,"Sep. 12, 2011","Uhre, Judson",,
85023713,REQUEST_FAILED,,,,,
85023789,deadAbandoned,MENTSCHMAKER,"Feb. 08, 2011",Dor Dorshav LLC,,dordorshav@gmail.com
85023765,deadAbandoned,HIMALAYA,"Sep. 04, 2011","Popov, Zhivko",,
85023784,deadAbandoned,SMOOCHIES,"Feb. 15, 2011","Estheticians Garden, LLC",,contact@terradolcesoap.com
85023807,deadAbandoned,TREASURE ODYSSEY,"Dec. 19, 2011",UBISOFT ENTERTAINMENT,,
85023830,deadAbandoned,K A,"Jun. 27, 2011","leo wolleman, inc.",,todd@leowolleman.com
85023782,REQUEST_FAILED,,,,,
85023802,deadAbandoned,TREASURE ODYSSEY,"Dec. 19, 2011",UBISOFT ENTERTAINMENT,,
85023905,deadAbandoned,ARTISAN DISTILLING WORKSHOP,"Feb. 11, 2011",Kris Arvid Berglund,,kris.berglund@ltu.se
85023918,deadAbandoned,YOUMENSH,"Jun. 27, 2011",OCC GmbH,,frank.diestelhorst@web.de
85023867,REQUEST_FAILED,,,,,
85023843,REQUEST_FAILED,,,,,
85023907,REQUEST_FAILED,,,,,
85023945,deadAbandoned,VV VITAVEGAMIN,"Aug. 01, 2011",Vegamin Corporation,,
85024082,deadAbandoned,MELISSA HONEYBEE BAKERY L.L.C.,"Jun. 27, 2011","Mediterranean Gyros Products, Inc.",,
85024035,REQUEST_FAILED,,,,,
85024182,REQUEST_FAILED,,,,,
85024413,deadAbandoned,DESIGNER SERIES,"Feb. 10, 2011",Two Tree International,,ischoen@twotreeinternational.com
85024371,REQUEST_FAILED,,,,,
85024433,REQUEST_FAILED,,,,,
85024634,deadAbandoned,WORLDWIDE PRESENCE. LOCAL EXCELLENCE.,"Mar. 02, 2011","Carlin, Donald",,don_carlin@hotmail.com
85024548,REQUEST_FAILED,,,,,
85024579,REQUEST_FAILED,,,,,
85024666,REQUEST_FAILED,,,,,
85024690,REQUEST_FAILED,,,,,
85024729,REQUEST_FAILED,,,,,
85024797,deadAbandoned,CORALLGEN,"Jun. 27, 2011",ermis LABS LLC,,feedback@ermislabs.com
85024749,REQUEST_FAILED,,,,,
85024857,deadAbandoned,HYPERFLEX AIRHOSE,"Sep. 12, 2011","Ace Industrial Supply, Inc.",,
85024786,REQUEST_FAILED,,,,,
85024828,deadAbandoned,BOTANICAL,"Sep. 19, 2011",BIO-BOTANICAL RESEARCH INC,,biobotanicalresearch@hotmail.com
85024854,deadAbandoned,THE POWER OF CONNECTION,"Sep. 06, 2011",PanacheDesai LLC,,
85024891,deadAbandoned,TINY TRIM,"Feb. 17, 2011","Michel, Matthew Justin",,
85024864,deadAbandoned,ABSOLUTE POWER,"Feb. 25, 2011",ALLURA IMPORTS INC.,,ALLURAIMPORTS@GMX.COM
85024834,REQUEST_FAILED,,,,,
85024893,deadAbandoned,1ST CHOICEPERSONNEL LEADERS IN STAFFING,"Sep. 13, 2011",East Texas Staffing,,
85025005,deadAbandoned,STRUCTURAL HEALTH MATTERS,"Aug. 29, 2011","Lorigo, Liana M",,lmlorigo@yahoo.com
85024898,REQUEST_FAILED,,,,,
85024981,REQUEST_FAILED,,,,,
85025003,REQUEST_FAILED,,,,,
85025051,REQUEST_FAILED,,,,,
85025082,REQUEST_FAILED,,,,,
85025300,deadAbandoned,FREERIDE,"Feb. 10, 2011",Pilot Automotive,,patentlawinc@hotmail.com
85025202,REQUEST_FAILED,,,,,
85025327,deadAbandoned,None,"Feb. 09, 2011","American Yibao International, Inc.",,ayizzm@sbcglobal.net
85025294,REQUEST_FAILED,,,,,
85025317,REQUEST_FAILED,,,,,
85025309,REQUEST_FAILED,,,,,
85025366,REQUEST_FAILED,,,,,
85025465,deadAbandoned,THERMOGENIE,"Jun. 27, 2011","NewSource Organics, LLC",,
85025440,REQUEST_FAILED,,,,,
85025459,REQUEST_FAILED,,,,,
85025483,REQUEST_FAILED,,,,,
85025480,REQUEST_FAILED,,,,,
85025511,REQUEST_FAILED,,,,,
85025552,REQUEST_FAILED,,,,,
85025590,REQUEST_FAILED,,,,,
85025765,deadAbandoned,None,"Aug. 30, 2011","XOWii, Inc.",,
85025613,REQUEST_FAILED,,,,,
85025782,REQUEST_FAILED,,,,,
85025786,REQUEST_FAILED,,,,,
85025866,deadAbandoned,TV GYM,"Feb. 16, 2011","Creative Nations International, Ltd.",,joy@creativenations.com
85025792,REQUEST_FAILED,,,,,
85025806,REQUEST_FAILED,,,,,
85025899,deadAbandoned,GOOD NUTRACEUTICALS,"Sep. 12, 2011","Monster Performance, Inc.",,
85025911,deadAbandoned,"'MONSTER', 'PERFORMANCE'","Feb. 11, 2011","Monster Performance, Inc.",,
85025918,deadAbandoned,I-CFO,"Sep. 20, 2011","Moran, Sean",,
85025926,deadAbandoned,HORNFELS,"Jun. 27, 2011",Hillcrest Estate Durbanville,,kkemp@haw-inglis.co.za
85025856,REQUEST_FAILED,,,,,
85025888,REQUEST_FAILED,,,,,
85025904,REQUEST_FAILED,,,,,
85026062,deadAbandoned,CHOOSING BEAUTY,"Aug. 16, 2011","Choosing Beauty, Inc",,liv@choosingbeauty.com
85025965,REQUEST_FAILED,,,,,
85025998,REQUEST_FAILED,,,,,
85026110,REQUEST_FAILED,,,,,
85026201,deadAbandoned,BROWN SUGAR,"Dec. 26, 2011","ISIS Collections, Inc.",,jdchans@yahoo.com
85026174,REQUEST_FAILED,,,,,
85026167,REQUEST_FAILED,,,,,
85026190,REQUEST_FAILED,,,,,
85026328,deadAbandoned,DIGITAL PHOTOGRAPHER ASSOCIATION,"Feb. 11, 2011","Digital Photographer Association, Inc.",,timobxms@hotmail.com
85026469,REQUEST_FAILED,,,,,
85026488,REQUEST_FAILED,,,,,
85026531,REQUEST_FAILED,,,,,
85026607,deadAbandoned,WHODATHUNKIT?,"Jun. 27, 2011",Henry L. Janney,,
85026804,deadAbandoned,I-CORELED,"Feb. 18, 2011","SemiLEDs Optoelectronics Co., Ltd.",,lydia.chin@semileds.com
85026720,deadAbandoned,K-3,"Dec. 15, 2011","GARCIA, MOISES ROBERTO CASTILLO",,etorresmt@gmail.com
85026744,REQUEST_FAILED,,,,,
85026801,REQUEST_FAILED,,,,,
85026844,REQUEST_FAILED,,,,,
85026885,REQUEST_FAILED,,,,,
85026899,deadAbandoned,MOUNT WORLD,"Feb. 13, 2011","Evergreen Village Group., Inc",,bestsavestuff@yahoo.com
85026933,deadAbandoned,FULL SERVICE AIR CONDITIONING,"Sep. 15, 2011","Williams, Joyce",,
85026877,REQUEST_FAILED,,,,,
85026924,REQUEST_FAILED,,,,,
85027029,REQUEST_FAILED,,,,,
85027095,REQUEST_FAILED,,,,,
85027101,REQUEST_FAILED,,,,,
85027262,deadAbandoned,TABAFRESH,"Sep. 12, 2011",TABAFRESH S.A. DE C.V.,,masmarcas@masmarcas.com
85027221,deadAbandoned,CONJUNTO ESCORPION,"Sep. 16, 2011",JUAN CARLOS RODRIGUEZ DOMINGUEZ,,LOCOSOUND@WINDSTREAM.NET
85027130,REQUEST_FAILED,,,,,
85027143,REQUEST_FAILED,,,,,
85027328,deadAbandoned,DELI PINEAPPLE,"Sep. 06, 2011",TABAFRESH S.A. DE C.V.,,masmarcas@masmarcas.com
85027276,deadAbandoned,DOODLE,"Mar. 20, 2011","Duke, Bryan D.",,bryan@acceleroto.com
85027423,deadAbandoned,COSTA PINEAPPLE,"Sep. 06, 2011",TABAFRESH S.A. DE C.V.,,masmarcas@masmarcas.com
85027379,REQUEST_FAILED,,,,,
85027562,deadAbandoned,CZYSTA,"Mar. 28, 2011","CRACOVIA BRANDS, INC.",,INFO@CRACOVIA.COM
85027532,REQUEST_FAILED,,,,,
85027789,deadAbandoned,RECOGNITION PRO,"Sep. 19, 2011","Walton Motivation, Inc.",,waltonhr@walton-consulting.com
85027809,deadAbandoned,ULTRA FRIDGE,"Feb. 18, 2011",Unified Corporation,,mfleming@unifiedcorp.ca
85027824,REQUEST_FAILED,,,,,
85027909,REQUEST_FAILED,,,,,
85028004,deadAbandoned,SPELLS,"Feb. 18, 2011","Spellz, Inc.",,
85028008,deadAbandoned,PROHIBITED DESIRE,"Jan. 14, 2011","Spellz, Inc.",,
85027930,REQUEST_FAILED,,,,,
85028015,deadAbandoned,LISTEN TO THE MUSIC,"Jun. 27, 2011","Adams, Nelson M",,
85028024,deadAbandoned,GUIDANCE CAPITAL MANAGEMENT GROUP,"Sep. 10, 2011",Ski Enterprises Inc,,
85028013,REQUEST_FAILED,,,,,
85028060,deadAbandoned,MR. TAX,"Feb. 13, 2011","Katz, Jonathan",,
85028049,REQUEST_FAILED,,,,,
85028064,REQUEST_FAILED,,,,,
85028086,deadAbandoned,INFANT-RY,"Jul. 05, 2011","Gregory, Tyler E",,tylerg665@yahoo.com
85028112,deadAbandoned,TRUSTMATRIX,"Jul. 05, 2011",Commercestream Corp.,,admin@commercestream.com
85028068,REQUEST_FAILED,,,,,
85028090,REQUEST_FAILED,,,,,
85028173,deadAbandoned,A B E ALL BORDERS EXPEDITING MOVING FASTER THAN TIME,"Jul. 05, 2011",All Borders Expediting,,management@abeexpdite.com
85028098,REQUEST_FAILED,,,,,
85028196,deadAbandoned,CHARISMAL,"Feb. 13, 2011","Lee, John S",,slee@service2client.com
85028135,REQUEST_FAILED,,,,,
85028212,deadAbandoned,GROUP GIFT CARD,"Feb. 15, 2011",Picomo LLC,,apraby@yahoo.com
85028167,REQUEST_FAILED,,,,,
85028189,REQUEST_FAILED,,,,,
85028239,deadAbandoned,YOUR FUTURE IN OUR HANDS!,"Feb. 13, 2011",PuntoCom Networks Inc.,,nocturnalsecurity@hotmail.com
85028248,deadAbandoned,CEX CULTURAL EXPRESSIONS,"Nov. 03, 2011",Cultural Expressions International,,wescu7@aol.com
85028202,REQUEST_FAILED,,,,,
85028224,REQUEST_FAILED,,,,,
85028262,REQUEST_FAILED,,,,,
85028278,REQUEST_FAILED,,,,,
85028326,REQUEST_FAILED,,,,,
85028334,REQUEST_FAILED,,,,,
85028361,deadAbandoned,BENEFIT BIDDING,"Feb. 17, 2011","Benefit Bidding, LLC",,
85028495,deadAbandoned,VIRTUAL PRIVATE CLOUD,"Feb. 22, 2011",Optimization Zorn Corporation,,smontgomery@oz-systems.com
85028493,deadAbandoned,ZAHLER,"Feb. 23, 2011",Advanced Nutrition by Zahler,,mhoffman@ptexgroup.com
85028517,deadAbandoned,WHOLESALE INVESTING,"Feb. 22, 2011","InvestForLess, LLC",,chris.westerman@investforless.com
85028505,deadAbandoned,PERSONAL PAYMENT SYSTEM,"Oct. 13, 2011",Tech Logic Corporation,,jnelson@tech-logic.com
85028516,REQUEST_FAILED,,,,,
85028425,REQUEST_FAILED,,,,,
85028526,REQUEST_FAILED,,,,,
85028626,REQUEST_FAILED,,,,,
85028698,REQUEST_FAILED,,,,,
85028697,REQUEST_FAILED,,,,,
85028949,deadAbandoned,LEGACY GIFT,"Aug. 22, 2011",LegacyGift,,fsantagate@charter.net
85028962,deadAbandoned,ATLANTEAN HEALING,"Feb. 20, 2011",Birkan Tore Consultancy,,arjan@birkantore.com
85028912,REQUEST_FAILED,,,,,
85028952,REQUEST_FAILED,,,,,
85028999,REQUEST_FAILED,,,,,
85029056,REQUEST_FAILED,,,,,
85029113,deadAbandoned,TWINSEEK,"Feb. 14, 2011",Filstein Arik,,arik.filstein@gmail.com
85029062,REQUEST_FAILED,,,,,
85029115,deadAbandoned,FINE PORTS M SINCE 1652 MAYNARD'S,"Sep. 14, 2011","VAN ZELLER, FERNANDO",,bossissi@gmail.com
85029139,REQUEST_FAILED,,,,,
85029161,REQUEST_FAILED,,,,,
85029162,REQUEST_FAILED,,,,,
85029168,REQUEST_FAILED,,,,,
85029177,REQUEST_FAILED,,,,,
85029202,REQUEST_FAILED,,,,,
85029293,deadAbandoned,QUANTUM PSYCHOTHERAPY,"Feb. 18, 2011","Hammelman, Tracie Lyn",,MajorT40@yahoo.com
85029296,deadAbandoned,ROOFS R US CONSTRUCTION,"Feb. 25, 2011","Bass, John",,
85029254,REQUEST_FAILED,,,,,
85029321,deadAbandoned,MEDI-LICIOUS,"Feb. 25, 2011",Stud Muffins The Ultimate Horse Treat Ltd.,,smuffins@telus.net
85029350,REQUEST_FAILED,,,,,
85029378,REQUEST_FAILED,,,,,
85029387,REQUEST_FAILED,,,,,
85029452,deadAbandoned,WATER TAC-PAC,"Feb. 17, 2011","Escalante, Diane M.",,tacandfield911@gmail.com
85029521,deadAbandoned,BOSOMS AND BOOTIES,"Jul. 11, 2011",Julie Lauren Fine,,juliefine@gmail.com
85029447,REQUEST_FAILED,,,,,
85029512,deadAbandoned,FAMILY FOREVER,"Jul. 05, 2011",Forever Ducky LLC,,info@foreverducky.com
85029541,deadAbandoned,HEARTS FOREVER,"Jul. 05, 2011",Forever Ducky LLC,,info@foreverducky.com
85029454,REQUEST_FAILED,,,,,
85029620,deadAbandoned,None,"Jan. 24, 2011",Michelle Hedlund,,mitch@upongreen.com
85029467,REQUEST_FAILED,,,,,
85029646,REQUEST_FAILED,,,,,
85029643,REQUEST_FAILED,,,,,
85029648,REQUEST_FAILED,,,,,
85029693,REQUEST_FAILED,,,,,
85029848,deadAbandoned,TEAM ALICE,"Feb. 23, 2011",Twilight Moms LLC,,admin@twilightmoms.com
85029784,REQUEST_FAILED,,,,,
85029811,REQUEST_FAILED,,,,,
85030052,REQUEST_FAILED,,,,,
85030207,deadAbandoned,AMERICAN POLE FITNESS ASSOCIATION,"Feb. 17, 2011",ABI P. P. INC.,,
85030064,REQUEST_FAILED,,,,,
85030214,deadAbandoned,PARTY CASTLES,"May 05, 2011","JUMPING J- JAYS USA, LLC",,mark@alfreds.com.au
85030158,REQUEST_FAILED,,,,,
85030266,deadAbandoned,ASA AMERICANSENIORS.ORG AMERICAN SENIORS ASSOCIATION,"Feb. 22, 2011",American Seniors Holding Group,,asollenberger@americanseniors.org
85030227,REQUEST_FAILED,,,,,
85030263,REQUEST_FAILED,,,,,
85030301,deadAbandoned,CLAPH MAGAZINE,"Feb. 22, 2011","Fried, Claudia",,claudia@claudiafried.com
85030323,deadAbandoned,EGO,"May 20, 2011",EGO,,katina.williams98@yahoo.com
85030284,REQUEST_FAILED,,,,,
85030330,REQUEST_FAILED,,,,,
85030340,REQUEST_FAILED,,,,,
85030357,REQUEST_FAILED,,,,,
85030397,REQUEST_FAILED,,,,,
85030455,REQUEST_FAILED,,,,,
85030566,deadAbandoned,BROTHERHOOD OF WARRIORS VMC,"Jul. 12, 2011",Brotherhood of Warriors Veterans Motorcycle Club,,rkclutch81@gmail.com
85030599,deadAbandoned,VACATIONIST,"Jun. 27, 2011",American Express Marketing & Development Corp.,,
85030603,deadAbandoned,MERE,"Jul. 05, 2011","Wall, Erik N.",,mere@inbox.com
85030584,REQUEST_FAILED,,,,,
85030640,deadAbandoned,"BODYSOLUTIONS OPTIMIZE YOUR HEALTH, FITNESS, PHYSICAL THERAPY & MARTIAL ARTS","Jul. 25, 2011","Body Solutions, Inc.",,
85030621,REQUEST_FAILED,,,,,
85030629,REQUEST_FAILED,,,,,
85030812,deadAbandoned,LIFE SYNERGY WATER,"Feb. 24, 2011",Rick H. Cabados,,
85030685,REQUEST_FAILED,,,,,
85030788,REQUEST_FAILED,,,,,
85030897,REQUEST_FAILED,,,,,
85030960,REQUEST_FAILED,,,,,
85030948,REQUEST_FAILED,,,,,
85031110,REQUEST_FAILED,,,,,
85031247,deadAbandoned,ACROSS THE EARTH EMPORIUM BY ARTISANS,"Dec. 27, 2011",Across The Earth Emporium By Artisans,,dspeer10@frontier.com
85031166,REQUEST_FAILED,,,,,
85031185,REQUEST_FAILED,,,,,
85031270,deadAbandoned,LIVE FOR A CAUSE,"Jul. 05, 2011","Shamsey, John S.",,john.shamsey@bms.com
85031230,REQUEST_FAILED,,,,,
85031252,REQUEST_FAILED,,,,,
85031254,REQUEST_FAILED,,,,,
85031352,deadAbandoned,BELBER,"Jan. 28, 2011",LUVANIS S.A.,,info@luvanis.com
85031299,REQUEST_FAILED,,,,,
85031371,deadAbandoned,COMPANY RADAR,"Feb. 18, 2011",David Stevenson,,davids@companyradar.com
85031420,deadAbandoned,GETCHA SOME,"Feb. 22, 2011","Bay Breeze Holdings, LLC",,
85031355,REQUEST_FAILED,,,,,
85031373,deadAbandoned,LICO,"Feb. 19, 2011","Tsang, Kathy",,elaine@licogarment.com
85031454,deadAbandoned,WHERE'S THE SERVICE?,"Jul. 05, 2011","Hicks, Scott Edward",,buddyhicks2002@yahoo.com
85031562,deadAbandoned,GEEK SHOW,"Feb. 28, 2011","Shutt, Zachary",,zack@flippmedia.com
85031600,deadAbandoned,LITMIS,"Feb. 21, 2011","Krengel Technology, Inc.",,christina@krengeltech.com
85031446,REQUEST_FAILED,,,,,
85031449,REQUEST_FAILED,,,,,
85031618,deadAbandoned,DATACENTERDYNAMICS GLOBAL CONFERENCE AND EXPO SERIES,"Feb. 18, 2011",DATACENTERDYNAMICS,,simon.banham@datacenterdynamics.com
85031587,REQUEST_FAILED,,,,,
85031769,deadAbandoned,HELSINKI,"Apr. 27, 2011","Zakrite Akcionerne Tovaristvol ""Alef-Vinal""",,
85031650,REQUEST_FAILED,,,,,
85031698,deadAbandoned,GREEN POWER EARTH'S FRIEND IN THE DEGREASING BUSINESS,"Jul. 26, 2011","D'Angelo, August",,greenpwr@verizon.net
85031877,deadAbandoned,4 STAR SUNSCREEN,"Feb. 18, 2011",HARRINGTON MULTI MEDIA MARKETING LLC,,KARL@HM3.COM
85031944,deadAbandoned,ESTATE TEA MERCHANTS,"Feb. 21, 2011","Estate Tea Merchants, LLC",,jmm@mullin360.com
85031951,deadAbandoned,LATEST AND GREATEST,"Jul. 05, 2011",HARRINGTON MULTI MEDIA MARKETING LLC,,KARL@HM3.COM
85031829,REQUEST_FAILED,,,,,
85031844,REQUEST_FAILED,,,,,
85032074,deadAbandoned,ROOTED,"Aug. 02, 2011",Holdsworth LLC,,angela@holdsworthllc.com
85031937,REQUEST_FAILED,,,,,
85032030,REQUEST_FAILED,,,,,
85032101,deadAbandoned,SUPERGRIP,"Sep. 06, 2011","Rags Unlimited, Inc.",,accounting@mailovo.com
85032057,REQUEST_FAILED,,,,,
85032246,deadAbandoned,PACSTOR,"Feb. 23, 2011","Flying Squirrel Storage, LLC",,chris.relyea@fsstor.com
85032298,deadAbandoned,SMSME,"Jul. 05, 2011",Portent Inc.,,s.d.stefanov@gmail.com
85032205,REQUEST_FAILED,,,,,
85032206,REQUEST_FAILED,,,,,
85032324,REQUEST_FAILED,,,,,
85032352,REQUEST_FAILED,,,,,
85032366,REQUEST_FAILED,,,,,
85032410,deadAbandoned,ICOVE,"Feb. 22, 2011","Proskochylov,Dmytro,S",,d.proskochylov@gmail.com
85032448,deadAbandoned,WILD CHERRY BAR,"Feb. 22, 2011",ZOne Industries Pty Ltd,,theresa@heffernans.com.au
85032450,deadAbandoned,F.U.R.,"Feb. 21, 2011","Niederman, Dawn Rose",,dawnrose8@aol.com
85032452,deadAbandoned,BODY BOOST,"Feb. 25, 2011",Zone Industries Pty Ltd,,theresa@heffernans.com.au
85032401,REQUEST_FAILED,,,,,
85032421,REQUEST_FAILED,,,,,
85032464,deadAbandoned,CHILL OUT BAR,"Feb. 22, 2011",Zone Industries Pty Ltd,,theresa@heffernans.com.au
85032535,deadAbandoned,WIRECLEAR,"Jul. 11, 2011",WIRECLEAR LIMITED,,wm@wireclear.net
85032477,REQUEST_FAILED,,,,,
85032509,deadAbandoned,SCHULBUCH,"Feb. 22, 2011",FSI Fontshop International GmbH,,anita@fontfont.de
85032595,deadAbandoned,CHATTERPILLAR,"Jul. 05, 2011","Britez, Alexis M.",,abritez@gmail.com
85032480,REQUEST_FAILED,,,,,
85032570,REQUEST_FAILED,,,,,
85032686,deadAbandoned,AU TOURISTE,"Dec. 19, 2011",LUVANIS S.A.,,info@luvanis.com
85032648,deadAbandoned,XV,"Oct. 04, 2011","Walsh, Brendan",,
85032618,REQUEST_FAILED,,,,,
85032646,deadAbandoned,BRONX THUNDER,"Jun. 06, 2011","BRONX TOYS, LLC",,
85032732,deadAbandoned,GYPSYBRIDGE FRIENDS,"Jul. 11, 2011","Fort, Alice Ann",,grace.andtruth@yahoo.com
85032640,REQUEST_FAILED,,,,,
85032710,REQUEST_FAILED,,,,,
85032736,REQUEST_FAILED,,,,,
85032785,deadAbandoned,LENGTH OF STAY INDEX,"Feb. 20, 2011",WhiteCloud Analytics Inc.,,bisgett@relias.com
85032762,REQUEST_FAILED,,,,,
85032774,REQUEST_FAILED,,,,,
85032873,deadAbandoned,BABY CAKES BY THE CHOCOLATE PICKLE,"Feb. 22, 2011","THE CHOCOLATE PICKLE, LLC",,thechocolatepickle@yahoo.com
85032816,REQUEST_FAILED,,,,,
85032911,REQUEST_FAILED,,,,,
85033018,REQUEST_FAILED,,,,,
85033137,REQUEST_FAILED,,,,,
85033200,REQUEST_FAILED,,,,,
85033450,deadAbandoned,MIDDLEBURY-MONTEREY,"Feb. 25, 2011","Moran, Dennis Patrick",,moranomarina@yahoo.com
85033446,deadAbandoned,ENTERPRISE TASK SYSTEM,"Feb. 25, 2011",HPC-COM LLC,,jack.hughes@hpccom.com
85033329,REQUEST_FAILED,,,,,
85033466,deadAbandoned,ACA ADVANCED CONSTRUCTION ADVICE,"Jul. 11, 2011","Advanced Construction Advice, Inc.",,rkheusuk@yahoo.com
85033533,REQUEST_FAILED,,,,,
85033535,REQUEST_FAILED,,,,,
85033545,REQUEST_FAILED,,,,,
85033583,deadAbandoned,THE TEDDY BOYS,"Feb. 21, 2011","Odom, James H.",,odomandodom@sbcglobal.net
85033597,deadAbandoned,LOVING PET FOOD,"Sep. 23, 2011",Loving pet food,,
85033553,REQUEST_FAILED,,,,,
85033604,deadAbandoned,BRONZE REPUBLIC TANNING STUDIOS,"Sep. 27, 2011",BR Members Investment Trust,,
85033590,REQUEST_FAILED,,,,,
85033607,deadAbandoned,EOLO,"Sep. 21, 2011","Martin, Eric",,
85033628,deadAbandoned,TOUCH GREETINGS,"Feb. 26, 2011",Touch Greetings LLC,,jason@touchgreetings.com
85033667,deadAbandoned,"THE BANKER'S MOTTO - FOOLS NEVER DIE, THEY JUST CHANGE PLACES ""SM"".","Apr. 22, 2011","White, Jason Benjamin",,jason@london.com
85033668,deadAbandoned,TREASURYPROS,"Mar. 01, 2011","Lenihan, James J.",,treasurypro55@yahoo.com
85033621,REQUEST_FAILED,,,,,
85033687,deadAbandoned,LUNA,"Jul. 05, 2011",Arivera PLLC,,antonioriveradds@gmail.com
85033651,REQUEST_FAILED,,,,,
85033689,deadAbandoned,ROCK-IT POCKET,"Feb. 22, 2011",Sports Connection International LLC,,fred@joch.ws
85033703,deadAbandoned,ID I. DENIM,"May 20, 2011",He ShaoQiang,,dannytao2002@yahoo.com
85033685,REQUEST_FAILED,,,,,
85033724,deadAbandoned,DELICIOUS,"Feb. 24, 2011","Kemp, Jaison",,creator1322@gmail.com
85033737,deadAbandoned,AYAHPOD,"May 31, 2011",Judoka Mobile LLC,,ssiddeeq2008@yahoo.com
85033733,REQUEST_FAILED,,,,,
85033758,deadAbandoned,1-888-STORYBOOK,"Feb. 25, 2011","Rosetta Millington, Inc.",,rosettamillington@gmail.com
85033760,REQUEST_FAILED,,,,,
85033817,deadAbandoned,HICHE,"Aug. 28, 2011","QINGDAO HICHE GLASS CO., LTD",,sales@hiche-glass.com
85033780,REQUEST_FAILED,,,,,
85033821,REQUEST_FAILED,,,,,
85033963,deadAbandoned,TAKE CHARGE OF YOUR OPTIONS,"Jul. 05, 2011",American Express Marketing & Development Corp.,,
85033935,deadAbandoned,PLOGO,"Feb. 24, 2011",Lauren Richard K.,,richardlauren@me.com
85033849,REQUEST_FAILED,,,,,
85033975,REQUEST_FAILED,,,,,
85033985,REQUEST_FAILED,,,,,
85034007,REQUEST_FAILED,,,,,
85034080,REQUEST_FAILED,,,,,
85034086,REQUEST_FAILED,,,,,
85034204,deadAbandoned,APRIL AROMATICS,"Feb. 22, 2011",Tanja Bochnig,,tanja@aprilaromatics.com
85034117,REQUEST_FAILED,,,,,
85034132,REQUEST_FAILED,,,,,
85034280,deadAbandoned,LEGENDS AND LIONS,"Nov. 14, 2011","Skyhype, Inc.",,jstoneadvisor@yahoo.com
85034214,REQUEST_FAILED,,,,,
85034282,deadAbandoned,LIFE IZ HOOD,"Jul. 11, 2011","Mitchell, Ryan",,rcmitchell33@yahoo.com
85034325,deadAbandoned,SEW AT SEAMS,"Feb. 25, 2011",Patricia A. Black,,sew_at_seams@yahoo.com
85034308,deadAbandoned,LYRICAL MAYHEM,"Jul. 11, 2011","SAGA Group, LLC",,accounts@sagagroupllc.com
85034293,REQUEST_FAILED,,,,,
85034320,deadAbandoned,WEIGHTLOSS H2O,"Feb. 18, 2011","Six Dimensions, Inc.",,vicki@triana-institute.com
85034430,deadAbandoned,BAHIA,"Mar. 01, 2011",KARAYA (JERSEY) LIMITED,,Thomas.vonUrbisch@smartIPR.com
85034422,deadAbandoned,COLLEGE FIGHT CHALLENGE,"Mar. 01, 2011","Skyhype, Inc.",,jstoneadvisor@yahoo.com
85034464,deadAbandoned,VAGO,"Mar. 01, 2011",KARAYA (JERSEY) LIMITED,,Thomas.vonUrbisch@smartIPR.com
85034383,REQUEST_FAILED,,,,,
85034414,REQUEST_FAILED,,,,,
85034476,REQUEST_FAILED,,,,,
85034502,REQUEST_FAILED,,,,,
85034627,deadAbandoned,LEFTOVERSEATS.COM TRAVEL LEFTOVERS 4 DIRTCHEAP!,"Feb. 24, 2011",LeftOverSeats.Com Inc.,,msh_upgrade@yahoo.com
85034593,REQUEST_FAILED,,,,,
85034656,deadAbandoned,DDSGP,"Feb. 25, 2011","Genuitive, Inc",,admin@dentaldemosuite.com
85034693,deadAbandoned,METACONOMY CHANNEL AS A SERVICE,"Feb. 22, 2011",Metaconomy ApS,,rb@metaconomy.com
85034698,deadAbandoned,AMERICA'S FREEDOM BRACELET,"Feb. 22, 2011",Deborah Fineout-Launey,,LHHF@earthlink.net
85034699,deadAbandoned,None,"Feb. 25, 2011","Genuitive, Inc",,Admin@dentaldemosuite.com
85034670,REQUEST_FAILED,,,,,
85034741,REQUEST_FAILED,,,,,
85034750,REQUEST_FAILED,,,,,
85034787,deadAbandoned,IPS OF BOSTON,"Feb. 25, 2011","DAK Enterprises, INC.",,ddelconte@ipsboston.com
85034754,REQUEST_FAILED,,,,,
85034764,REQUEST_FAILED,,,,,
85034817,deadAbandoned,NEWSPUSH,"Feb. 22, 2011","Campanella Media Corporation, Inc.",,andrew@ccgstrategies.com
85034784,REQUEST_FAILED,,,,,
85034831,deadAbandoned,"PADDLE OUT, POWER BACK","Aug. 01, 2011",Volt Boats LLC,,ryan@revoltboats.com
85034798,REQUEST_FAILED,,,,,
85034816,REQUEST_FAILED,,,,,
85034879,deadAbandoned,BIG BODY,"Feb. 25, 2011","Big Body, LLC",,
85034892,deadAbandoned,MILLIONAIRE ASTRONAUT,"Jul. 11, 2011","Leonard, John J",,johnjleonard@yahoo.com
85034860,REQUEST_FAILED,,,,,
85034904,deadAbandoned,CLOUD & DRAGON,"Mar. 03, 2011","WUJIANG CITY CLOUD&DRAGON MEDICAL DEVICE CO., LTD.",,convergeip@hotmail.com
85034911,deadAbandoned,THOMPSON'S,"Mar. 08, 2011",Tailormade Sales & Marketing,,simonthompsonparis@gmail.com
85034884,REQUEST_FAILED,,,,,
85034891,REQUEST_FAILED,,,,,
85034915,deadAbandoned,STORM,"Mar. 01, 2011",KARAYA (JERSEY) LIMITED,,Thomas.vonurbisch@smartipr.com
85034920,deadAbandoned,PARAMETRIC PLANNING,"Oct. 05, 2011","Prescott, Richard",,
85034905,REQUEST_FAILED,,,,,
85034938,REQUEST_FAILED,,,,,
85034952,REQUEST_FAILED,,,,,
85035002,REQUEST_FAILED,,,,,
85035108,deadAbandoned,MORTAR MEDIC,"Jul. 18, 2011","Gregory Enterprises, Inc.",,kedwards@ramjack.com
85035078,REQUEST_FAILED,,,,,
85035138,deadAbandoned,BACKHEALTH,"Mar. 01, 2011",BackHealth LLC,,backhealth@gmail.com
85035132,deadAbandoned,HELIX,"Feb. 26, 2011","Sehgal, Kabir",,info@helixman.net
85035090,REQUEST_FAILED,,,,,
85035113,REQUEST_FAILED,,,,,
85035277,deadAbandoned,IN ZYNC,"Jul. 11, 2011",American Express Marketing & Development Corp.,,
85035203,REQUEST_FAILED,,,,,
85035178,REQUEST_FAILED,,,,,
85035296,deadAbandoned,ICY,"Feb. 25, 2011",Icy Couture LLC,,jehebih@optonline.net
85035260,deadAbandoned,ICY COUTURE,"Sep. 06, 2011",Icy Couture LLC,,jehebih@optonline.net
85035330,deadAbandoned,PLAY N TONE,"Dec. 19, 2011",ACI International,,aliau@aciint.com
85035255,REQUEST_FAILED,,,,,
85035354,deadAbandoned,PLAY N FIT,"Jun. 20, 2011",ACI International,,aliau@aciint.com
85035327,REQUEST_FAILED,,,,,
85035333,REQUEST_FAILED,,,,,
85035435,REQUEST_FAILED,,,,,
85035439,REQUEST_FAILED,,,,,
85035523,REQUEST_FAILED,,,,,
85035550,deadAbandoned,PARALLEL SHOES,"Feb. 25, 2011","Schirripa, Brian R.",,brianrschirripa@yahoo.com
85035534,REQUEST_FAILED,,,,,
85035771,deadAbandoned,THIN|PLACE RECORDS,"Jul. 11, 2011","Weeden, Robert",,mgmt@thinplacerecords.com
85035750,REQUEST_FAILED,,,,,
85035760,REQUEST_FAILED,,,,,
85035802,REQUEST_FAILED,,,,,
85035813,REQUEST_FAILED,,,,,
85035929,deadAbandoned,IDONATE,"Mar. 01, 2011","Kinann, Robert",,iDonate@me.com
85035919,deadAbandoned,AZTECHEART,"Jul. 05, 2011","Aztec Heart, LLC",,
85035902,REQUEST_FAILED,,,,,
85035872,REQUEST_FAILED,,,,,
85035927,REQUEST_FAILED,,,,,
85036000,deadAbandoned,THEGAMERCHICK,"Jul. 11, 2011",Kristopher Amidei,,kristophercreates@gmail.com
85036001,deadAbandoned,3 BIGBODY ACTIVEWEAR,"Feb. 25, 2011","Big Body, LLC",,
85036004,deadAbandoned,G GABOR,"Mar. 01, 2011",UpWell. Co,,kreissieg.english@kagoya.net
85035952,REQUEST_FAILED,,,,,
85036008,deadAbandoned,G,"Mar. 01, 2011",UpWell Co.,,kreissieg.english@kagoya.net
85035996,deadAbandoned,GABORATORY,"Mar. 01, 2011",UpWell Co.,,kreissieg.english@kagoya.net
85036012,deadAbandoned,HOLYLANDBUS.COM,"Aug. 15, 2011",Nobunto Pty Ltd,,marianne.dunham@mst.com.au
85035986,REQUEST_FAILED,,,,,
85036002,REQUEST_FAILED,,,,,
85036025,deadAbandoned,HOURGLASS,"Jul. 11, 2011","Williams, Joshua Paul",,joshua.paul.williams@us.army.mil
85036192,deadAbandoned,HEAT TREAT,"Mar. 02, 2011",Zeno Corporation,,
85036125,REQUEST_FAILED,,,,,
85036257,deadAbandoned,ILANGUAGE PAD,"Feb. 18, 2011",Alfred J Madden,,ajmadden@comcast.net
85036149,REQUEST_FAILED,,,,,
85036235,deadAbandoned,RFHERO,"Mar. 22, 2011",Nichols Electronics Inc.,,sales@rfhero.com
85036278,deadAbandoned,NEVER TAME.,"Jul. 11, 2011","Jewel of Jane, LLC",,
85036292,REQUEST_FAILED,,,,,
85036371,deadAbandoned,INTEGRATED WELLCARE PANTONE 369 C PANTONE 2736 C,"Mar. 02, 2011",Integrated Wellcare LLC,,firstcom1@aol.com
85036302,REQUEST_FAILED,,,,,
85036320,REQUEST_FAILED,,,,,
85036411,deadAbandoned,TEACHEERS,"Aug. 25, 2011","Tuysuzian, Vahe",,vaheworld@hotmail.com
85036460,deadAbandoned,KHANCHAI,"Aug. 17, 2011","Tuysuzian, Vahe",,vaheworld@hotmail.com
85036382,REQUEST_FAILED,,,,,
85036484,deadAbandoned,TEA MARKETS,"Mar. 01, 2011","Tuysuzian, Vahe",,vaheworld@hotmail.com
85036486,deadAbandoned,AIME,"Mar. 01, 2011",Troy E. Hudson,,
85036440,REQUEST_FAILED,,,,,
85036444,REQUEST_FAILED,,,,,
85036454,REQUEST_FAILED,,,,,
85036647,deadAbandoned,None,"Oct. 14, 2011",YH FOREVER INC,,INFO@LAWHOLESALEHANDBAG.COM
85036555,deadAbandoned,None,"May 23, 2011",YH FOREVER INC,,INFO@LAWHOLESALEHANDBAG.COM
85036636,REQUEST_FAILED,,,,,
85036680,REQUEST_FAILED,,,,,
85036657,REQUEST_FAILED,,,,,
85036754,REQUEST_FAILED,,,,,
85036876,deadAbandoned,"THE BIGGER THEY ARE, THE HARDER THEY BALL","Jul. 11, 2011","Big Body, LLC",,
85036842,deadAbandoned,"ANYTHING YOU CAN DO, I CAN DO BIGGER","Jul. 11, 2011","Big Body, LLC",,
85036836,REQUEST_FAILED,,,,,
85036921,deadAbandoned,VIRTUAL NAVY,"Mar. 01, 2011",The Virtual Navy,,for.peter@btopenworld.com
85036885,REQUEST_FAILED,,,,,
85036883,REQUEST_FAILED,,,,,
85036917,deadAbandoned,LOONY BANDS,"Feb. 28, 2011",Round Table Holdings Inc.,,sean@roundtabletoys.com
85036907,REQUEST_FAILED,,,,,
85037033,deadAbandoned,MONOGAMOUS LOVE.COM,"Mar. 22, 2011",Struoc Standard LLC,,StruocStandard@Yahoo.com
85036962,REQUEST_FAILED,,,,,
85037065,REQUEST_FAILED,,,,,
85037107,deadAbandoned,BLACK CHICKEN ENERGY,"Nov. 21, 2011","Neumann, Kimberly",,kimn.lac@gmail.com
85037096,REQUEST_FAILED,,,,,
85037114,REQUEST_FAILED,,,,,
85037201,deadAbandoned,ANIMALAGE,"Mar. 01, 2011","Sarson, Joseph L",,joe.sarson@cbasolutions.com
85037220,deadAbandoned,SOLD OUT 4 JESUS CLOTHING,"Oct. 08, 2011","Kelly, Robert",,rkelly@pacmech.net
85037157,REQUEST_FAILED,,,,,
85037168,REQUEST_FAILED,,,,,
85037227,deadAbandoned,GLIS,"Jul. 18, 2011",Marc Q. Harris,,m.harris@latimerlighting.com
85037238,REQUEST_FAILED,,,,,
85037239,REQUEST_FAILED,,,,,
85037294,deadAbandoned,RENTLIST,"Mar. 01, 2011",Jason Collum and Associates LLC,,jason.collum@jcanda.net
85037330,deadAbandoned,50 PLUS,"Mar. 02, 2011","Russell Communication Group, Inc.",,drussell@50PlusOmaha.com
85037292,REQUEST_FAILED,,,,,
85037352,deadAbandoned,FANDANGOS,"Jul. 11, 2011","Feisty Mama Salsa, LLC",,feistymamasalsa@hotmail.com
85037495,deadAbandoned,INVESTMENT RECORDS WORLDWIDE,"Oct. 13, 2011","Bah, Mohamed S.",,
85037318,REQUEST_FAILED,,,,,
85037506,deadAbandoned,CAD GORILLA,"Mar. 02, 2011",Interactive Applications Inc.,,jwright@solidprofessor.com
85037346,REQUEST_FAILED,,,,,
85037584,deadAbandoned,DP DAVE PHARMACIA,"Apr. 26, 2011","DAVE PHARMACIA USA,LLC",,dave.international@yahoo.com
85037661,deadAbandoned,MERMAID HUNTER,"Mar. 01, 2011",papp edmund b.,,epapp@bellsouth.net
85037533,REQUEST_FAILED,,,,,
85037619,deadAbandoned,GASJOBS,"Feb. 28, 2011","MIKICH COMPANY, INC.",,ROBERTJOSEPH9@AOL.COM
85037715,deadAbandoned,COACHING FOR THE SOUL,"Mar. 03, 2011","Pascale, Gila Joy",,gila_dana@gmx.net
85037768,REQUEST_FAILED,,,,,
85037741,REQUEST_FAILED,,,,,
85037984,deadAbandoned,AIRVISION,"Jul. 11, 2011",Van Putten Instruments BV,,info@vpinstruments.com
85038015,REQUEST_FAILED,,,,,
85038125,REQUEST_FAILED,,,,,
85038215,deadAbandoned,VINTAGE LOUNGE,"Mar. 01, 2011","Casale, Eleanor",,eleanorcasale@sbcglobal.net
85038159,REQUEST_FAILED,,,,,
85038220,deadAbandoned,ROCK ICONZ,"Mar. 01, 2011","Simerman, Anthony R",,tonys@knucklebonz.com
85038241,deadAbandoned,ROCK ICONZ,"Mar. 01, 2011","Simerman, Anthony R",,tonys@knucklebonz.com
85038172,REQUEST_FAILED,,,,,
85038291,deadAbandoned,CONSTRUX,"Mar. 01, 2011",Richard C. Levy,,toysrme@gmail.com
85038296,REQUEST_FAILED,,,,,
85038317,REQUEST_FAILED,,,,,
85038373,deadAbandoned,TRIPPED YOU GET THERE EASIER,"Feb. 27, 2011",Tripped You LLC,,saleeshabaksh@yahoo.com
85038328,REQUEST_FAILED,,,,,
85038384,deadAbandoned,730,"Oct. 24, 2011","730 Fight Gear, LLC",,malcolm_figueroa@yahoo.com
85038412,REQUEST_FAILED,,,,,
85038579,deadAbandoned,EPI-WAVE,"Mar. 01, 2011","Henkemans, Tom",,cedric@lyricalminds.com
85038518,REQUEST_FAILED,,,,,
85038693,deadAbandoned,POWERLAB NUTRITION,"Sep. 15, 2011",Powerlab Nutrition,,staff@powerlabnutrition.com
85038599,REQUEST_FAILED,,,,,
85038689,REQUEST_FAILED,,,,,
85038727,REQUEST_FAILED,,,,,
85038766,REQUEST_FAILED,,,,,
85038910,deadAbandoned,OC FIT ZONE,"Sep. 22, 2011","Domingo, Raemar",,randy@ocfitzone.com
85038885,deadAbandoned,AKIRA LOS ANGELES,"Jun. 12, 2011",Wayne I Tanaka,,WAYNE.TANAKA@GMAIL.COM
85038803,REQUEST_FAILED,,,,,
85039061,deadAbandoned,ALL ROADS LEAD BACK TO HOME,"Jul. 18, 2011","Donegan, Eileen",,eidonegan007@yahoo.com
85038998,REQUEST_FAILED,,,,,
85039032,REQUEST_FAILED,,,,,
85039188,deadAbandoned,TRU D.O.C.,"Sep. 05, 2011",SHERWAYNE A SIMPSON,,
85039260,deadAbandoned,VIRTUAL IN-HOUSE LITIGATION SUPPORT,"Mar. 04, 2011","GraphixSource Oklahoma, LLC",,nikki.blair@gmail.com
85039332,deadAbandoned,MUSIC AND FRIENDS STUDIO,"Aug. 01, 2011","Ellis, Erika W.",,erika.w.ellis@gmail.com
85039303,REQUEST_FAILED,,,,,
85039361,REQUEST_FAILED,,,,,
85039421,deadAbandoned,"WHERE BOATING IS MORE THAN A PASTIME, IT IS A PASSION","Jul. 11, 2011","The Boating Place, LLC",,daveg@theboatingplace.com
85039392,REQUEST_FAILED,,,,,
85039408,REQUEST_FAILED,,,,,
85039431,REQUEST_FAILED,,,,,
85039508,deadAbandoned,AUSTIN NATIVE,"Sep. 23, 2011",Tomlinson's Feed & Pets,,
85039487,deadAbandoned,NIXSTIX,"Sep. 29, 2011","Ebeling, Larry",,
85039452,REQUEST_FAILED,,,,,
85039506,deadAbandoned,AUSTIN NATURAL,"Sep. 23, 2011",Tomlinson's Feed & Pets,,
85039465,REQUEST_FAILED,,,,,
85039557,deadAbandoned,ROCK ICONZ,"Mar. 01, 2011","Simerman, Anthony R",,tonys@knucklebonz.com
85039585,deadAbandoned,DOCS++,"Jul. 18, 2011",Southpoint Technologies LLC,,info@southpointtech.us
85039516,REQUEST_FAILED,,,,,
85039547,REQUEST_FAILED,,,,,
85039568,REQUEST_FAILED,,,,,
85039571,REQUEST_FAILED,,,,,
85039624,deadAbandoned,SIMPLYFORSERVERS.COM,"Jul. 25, 2011","Buzzeo, Jennifer J",,jenniferjbuzzeo@yahoo.com
85039653,deadAbandoned,KONIGSBERG UNIVERSITY,"Jul. 18, 2011","Smith, Sara",,konigsberg@ymail.com
85039647,deadAbandoned,PRINCE FROGURT BE COOL BE HEALTHY,"Jun. 07, 2011",Prince Frogurt Inc.,,dihuang@libraresources.com
85039648,deadAbandoned,W S WEB SQUAD,"Mar. 01, 2011",Corey Thomas,,corey@thewebsquad.com
85039618,REQUEST_FAILED,,,,,
85039668,deadAbandoned,LUMILEX,"Aug. 01, 2011",Wesport Lighting,,bob@wesportlighting.com
85039612,REQUEST_FAILED,,,,,
85039709,deadAbandoned,VIRTUAL HR DIRECTOR,"Mar. 04, 2011","Hiswill Consulting, LLC",,joe@myvirtualhrdirector.com
85039685,REQUEST_FAILED,,,,,
85039684,REQUEST_FAILED,,,,,
85039707,REQUEST_FAILED,,,,,
85039823,deadAbandoned,SECTIONMG,"Jul. 18, 2011","Crandell, Kelly",,sectionmg@gmail.com
85039827,deadAbandoned,FREDGE MAGNET,"Apr. 20, 2011",HUGHES RICHARD A,,hughesconstructmanagement@tesco.net
85039751,REQUEST_FAILED,,,,,
85040058,deadAbandoned,BOO BOO J'S @NAM,"Oct. 11, 2011","Moore, Nigel A",,morefires1@hotmail.com
85039927,REQUEST_FAILED,,,,,
85039937,REQUEST_FAILED,,,,,
85040146,deadAbandoned,WOODSTACKABLES,"Mar. 01, 2011",Joseph L. Cantor,,coin123@mindspring.com
85040073,REQUEST_FAILED,,,,,
85040130,REQUEST_FAILED,,,,,
85040162,REQUEST_FAILED,,,,,
85040176,REQUEST_FAILED,,,,,
85040246,REQUEST_FAILED,,,,,
85040241,REQUEST_FAILED,,,,,
85040347,deadAbandoned,FITNESS MADE FUN,"Jun. 20, 2011",ACI International,,aliau@aciint.com
85040330,REQUEST_FAILED,,,,,
85040387,REQUEST_FAILED,,,,,
85040450,REQUEST_FAILED,,,,,
85040487,REQUEST_FAILED,,,,,
85040510,REQUEST_FAILED,,,,,
85040576,REQUEST_FAILED,,,,,
85040826,deadAbandoned,KEEP NOSE BETWEEN YOUR TOES,"Sep. 30, 2011",Future Industrial Technologies,,
85040656,REQUEST_FAILED,,,,,
85040764,REQUEST_FAILED,,,,,
85040812,REQUEST_FAILED,,,,,
85040845,REQUEST_FAILED,,,,,
85040852,REQUEST_FAILED,,,,,
85040863,REQUEST_FAILED,,,,,
85040890,deadAbandoned,BULLYING IS NOT COOL.,"Mar. 04, 2011",Kids United Foundation,,frankf@kidsunitedfoundation.org
85040877,REQUEST_FAILED,,,,,
85040947,REQUEST_FAILED,,,,,
85041002,deadAbandoned,ANDREWCPETERSEN,"Nov. 28, 2011","Petersen, Andrew",,
85040964,REQUEST_FAILED,,,,,
85041011,deadAbandoned,X2ABS,"Apr. 29, 2011",Leto Enterprises Incorporation,,dir@leto-ent.com
85040987,REQUEST_FAILED,,,,,
85041171,deadAbandoned,KOITUNES,"Mar. 13, 2011","Zendorse, Inc.",,tom@zendorse.com
85041013,REQUEST_FAILED,,,,,
85041147,REQUEST_FAILED,,,,,
85041200,deadAbandoned,BACKBONE,"Dec. 01, 2011",Case Medical,,sswerdloff@casemed.com
85041243,REQUEST_FAILED,,,,,
85041246,REQUEST_FAILED,,,,,
85041251,REQUEST_FAILED,,,,,
85041293,REQUEST_FAILED,,,,,
85041363,REQUEST_FAILED,,,,,
85041500,REQUEST_FAILED,,,,,
85041492,REQUEST_FAILED,,,,,
85041521,REQUEST_FAILED,,,,,
85041657,deadAbandoned,BEYOND,"Mar. 02, 2011",Tim Covington,,TCGrimefighter@aol.com
85041613,REQUEST_FAILED,,,,,
85041643,REQUEST_FAILED,,,,,
85041886,REQUEST_FAILED,,,,,
85041893,REQUEST_FAILED,,,,,
85041905,REQUEST_FAILED,,,,,
85041959,REQUEST_FAILED,,,,,
85041970,REQUEST_FAILED,,,,,
85041988,deadAbandoned,WONDERLAND FACTORY,"Mar. 01, 2011",Raphael Mimoun,,Raphaelmimoun@hotmail.com
85042044,deadAbandoned,BEST GIRLFRIENDS CLUB,"Jul. 18, 2011","Evistanet, Inc.",,admin@bestgirlfriendsclub.net
85041978,REQUEST_FAILED,,,,,
85042090,deadAbandoned,ENGAGE,"Mar. 02, 2011","The PostureWorks, LLC",,sderrickson@thepostureworks.com
85042095,deadAbandoned,SMARTSTRUCTURE,"Mar. 08, 2011","Franklin, William V.",,Bill@FranklinArchitecture.com
85042098,deadAbandoned,ROOTS REVEALERS,"Mar. 01, 2011","MUNDAHL, CHRISTOPHER M",,CMUNDAHLTX@HOTMAIL.COM
85042031,REQUEST_FAILED,,,,,
85042052,deadAbandoned,D10,"Sep. 27, 2011","McDowell, Lee",,
85042091,REQUEST_FAILED,,,,,
85042124,deadAbandoned,AOK CAPITAL,"Mar. 03, 2011","AOK, LLC",,angelo@aokcapital.com
85042157,deadAbandoned,PAVEGUARD,"Sep. 22, 2011","Reclaimed Aggregates, Inc.",,
85042160,deadAbandoned,STIRMASTER,"Jul. 25, 2011","Wall, Katharine",,
85042146,deadAbandoned,NOMAX,"Jul. 25, 2011","Chen, Chris",,
85042126,REQUEST_FAILED,,,,,
85042155,REQUEST_FAILED,,,,,
85042252,deadAbandoned,BE THE STAR PRODUCTIONS,"Jul. 18, 2011",Robyn Lynn Lewark,,hunter5380@gmail.com
85042163,REQUEST_FAILED,,,,,
85042183,REQUEST_FAILED,,,,,
85042283,REQUEST_FAILED,,,,,
85042445,deadAbandoned,GO GREEN CLEAN THE GREEN CLEANING EXPERTS,"Mar. 08, 2011","Go Green Clean, LLC",,matt@gogreen-clean.com
85042308,REQUEST_FAILED,,,,,
85042420,deadAbandoned,STRETCH N TONE,"Jun. 20, 2011",ACI International,,aliau@aciint.com
85042451,REQUEST_FAILED,,,,,
85042473,REQUEST_FAILED,,,,,
85042494,REQUEST_FAILED,,,,,
85042564,REQUEST_FAILED,,,,,
85042773,deadAbandoned,A2H,"Jul. 18, 2011",GoldWei Corporation,,jjwei9@gmail.com
85042891,deadAbandoned,HBC,"Mar. 03, 2011",GoldWei Corporation,,jjwei9@gmail.com
85042813,REQUEST_FAILED,,,,,
85042848,deadAbandoned,FELICIA,"Mar. 02, 2011",GoldWei Corporation,,jjwei9@gmail.com
85042840,REQUEST_FAILED,,,,,
85042853,REQUEST_FAILED,,,,,
85043032,deadAbandoned,GAY SHOPPING NETWORK,"Feb. 24, 2011",HARRINGTON MULTI MEDIA MARKETING LLC,,KARL@HM3.COM
85042995,REQUEST_FAILED,,,,,
85043016,REQUEST_FAILED,,,,,
85043057,deadAbandoned,SHOP GSN,"Feb. 23, 2011",HARRINGTON MULTI MEDIA MARKETING LLC,,KARL@HM3.COM
85043059,REQUEST_FAILED,,,,,
85043081,REQUEST_FAILED,,,,,
85043109,REQUEST_FAILED,,,,,
85043187,REQUEST_FAILED,,,,,
85043220,REQUEST_FAILED,,,,,
85043263,deadAbandoned,SMARTASS,"Mar. 02, 2011",Savy Soda Pty Ltd,,xin@savysoda.com
85043230,REQUEST_FAILED,,,,,
85043257,REQUEST_FAILED,,,,,
85043331,REQUEST_FAILED,,,,,
85043283,REQUEST_FAILED,,,,,
85043375,REQUEST_FAILED,,,,,
85043457,REQUEST_FAILED,,,,,
85043506,deadAbandoned,DEAFBIBLE,"Mar. 31, 2011",Robert F. Devine,,bfdevine@yahoo.com
85043558,REQUEST_FAILED,,,,,
85043595,REQUEST_FAILED,,,,,
85043602,REQUEST_FAILED,,,,,
85043673,deadAbandoned,MARIACHI IDOL,"Mar. 09, 2011",EDV Live LLC,,jc.elias@live.com
85043704,REQUEST_FAILED,,,,,
85043724,REQUEST_FAILED,,,,,
85043699,REQUEST_FAILED,,,,,
85043764,REQUEST_FAILED,,,,,
85043869,deadAbandoned,H2O4K9,"Mar. 03, 2011","Lien, Bryce Edward",,bryce@h2o4k9.com
85043829,REQUEST_FAILED,,,,,
85044017,deadAbandoned,RETAILRELAY.COM,"Mar. 08, 2011","Retail Relay, Inc",,kevin@retailrelay.com
85044056,deadAbandoned,COMMUNITY CLOUD,"Feb. 22, 2011",Optimization Zorn Corporation,,smontgomery@oz-systems.com
85044046,REQUEST_FAILED,,,,,
85044125,REQUEST_FAILED,,,,,
85044142,REQUEST_FAILED,,,,,
85044242,deadAbandoned,DREAMS OF THE PLANET,"Jul. 18, 2011","Dreams of the Planet, LLC",,
85044290,deadAbandoned,None,"Aug. 17, 2011","Frontier Fashion, Inc.",,frontierfashioneyewear@gmail.com
85044279,deadAbandoned,BCC,"Jul. 18, 2011",Broadway Com Corp,,tmregistered@gmail.com
85044231,REQUEST_FAILED,,,,,
85044338,deadAbandoned,None,"Mar. 03, 2011",Shao Feng Lei,,shaoshiyi123@gmail.com
85044335,REQUEST_FAILED,,,,,
85044361,REQUEST_FAILED,,,,,
85044405,deadAbandoned,HR HOPE REMAINS YOUTH RANCH,"Mar. 10, 2011","Hope Remains Youth Ranch, Inc.",,RazzleLLC@aol.com
85044404,deadAbandoned,HURLEY TECHNOLOGY,"Sep. 29, 2011","Hurley, Kevin E.",,khurley@yahoo.com
85044378,REQUEST_FAILED,,,,,
85044386,REQUEST_FAILED,,,,,
85044393,REQUEST_FAILED,,,,,
85044467,deadAbandoned,CHANDETOIR,"Jul. 18, 2011","Mio, Tokida",,miotokida@gmail.com
85044461,deadAbandoned,CASHRUN,"Sep. 19, 2011",CashRun Corporation,,stephanie.ratter@cashrun.com
85044447,REQUEST_FAILED,,,,,
85044449,REQUEST_FAILED,,,,,
85044504,deadAbandoned,SUCCESSQI,"Jul. 18, 2011",Lance Joe,,Ljoe121@gmail.com
85044533,deadAbandoned,IPAY,"Oct. 04, 2011","Lender Systems, Inc.",,
85044500,REQUEST_FAILED,,,,,
85044547,REQUEST_FAILED,,,,,
85044769,deadAbandoned,DESIGNING FIRE MANUFACTURER OF THE ORIFLAMME TABLE,"Jul. 05, 2011","Designing Fire, Inc.",,heikke@designingfire.com
85044759,REQUEST_FAILED,,,,,
85044802,REQUEST_FAILED,,,,,
85045079,deadAbandoned,PREMIUM FUNDING SOLUTIONS,"Mar. 13, 2011","Premium Funding Solutions, LLC",,dw@premiumfundingsolutions.com
85044929,REQUEST_FAILED,,,,,
85045016,deadAbandoned,CITY SLICES,"Oct. 03, 2011",JET Enterprises T1 LLC,,
85045325,deadAbandoned,DMV,"Mar. 06, 2011","Hector, Garey",,
85045303,deadAbandoned,RHON INC.,"Mar. 09, 2011",Rhon Inc.,,tony@corethree.com
85045381,deadAbandoned,DMV APPROVED,"Mar. 06, 2011","Hector, Garey",,
85045332,REQUEST_FAILED,,,,,
85045421,REQUEST_FAILED,,,,,
85045447,REQUEST_FAILED,,,,,
85045549,deadAbandoned,"DOMAIN CABINETS DIRECT, INC.","Mar. 15, 2011","Domain Cabinets Direct, Inc.",,yan@domaincabinets.com
85045479,REQUEST_FAILED,,,,,
85045543,REQUEST_FAILED,,,,,
85045609,deadAbandoned,VIDEO DNA,"Mar. 15, 2011","Vobile, Inc.",,
85045556,REQUEST_FAILED,,,,,
85045616,deadAbandoned,GROG DAWGZ,"Dec. 12, 2011","Infante, Gilbert",,
85045626,deadAbandoned,SECOND HOME SERVICES,"Sep. 30, 2011","Dove, Cynthia",,
85045582,REQUEST_FAILED,,,,,
85045611,deadAbandoned,SPECIAL MOMPRENEURS,"Mar. 07, 2011","Murasko, Marla",,specialmompreneurs@gmail.com
85045681,deadAbandoned,REEL HOUND,"Mar. 12, 2011",Ben Sanders,,dzahn@reelhound.com
85045683,deadAbandoned,U USAVE STORAGE THE NETWORK OF INDEPENDENTS,"Dec. 19, 2011","Smart Marketing Concepts, Inc.",,
85045648,REQUEST_FAILED,,,,,
85045706,deadAbandoned,BLANCAPE,"Jul. 18, 2011",Recycle Movement Corporation,,mfeng@recyclemovement.com
85045667,REQUEST_FAILED,,,,,
85045698,REQUEST_FAILED,,,,,
85045728,REQUEST_FAILED,,,,,
85045745,REQUEST_FAILED,,,,,
85045764,REQUEST_FAILED,,,,,
85045855,deadAbandoned,ELECTRON,"Jan. 14, 2011","Hydrive Vehicles, Incorporated",,bill.hammer@hydrive-vehicles.com
85045886,deadAbandoned,FXE,"Mar. 11, 2011","Frabill, Inc.",,swendt@frabill.com
85045861,deadAbandoned,PHOTON,"Jan. 14, 2011","Hydrive Vehicles, Incorporated",,bill.hammer@hydrive-vehicles.com
85045882,REQUEST_FAILED,,,,,
85045973,deadAbandoned,GENET-X,"Mar. 11, 2011","HAMADE, LAURA, T",,GENETXNUTRITION@GMAIL.COM
85046072,deadAbandoned,GOLDEN SQUARES,"Jun. 27, 2011","Golden Mills, LLC",,marty@goldenmills.com
85045991,REQUEST_FAILED,,,,,
85046088,deadAbandoned,PLATINUM CASH REWARD DOLLARS,"Aug. 22, 2011",American Express Marketing & Development Corp.,,
85046079,deadAbandoned,BLUE CASH REWARD DOLLARS,"Aug. 22, 2011",American Express Marketing & Development Corp.,,
85046117,deadAbandoned,UNCLE DOUGIE'S,"Mar. 11, 2011",Douglas J Tomek,,lilboom@foxvalley.net
85046157,REQUEST_FAILED,,,,,
85046202,REQUEST_FAILED,,,,,
85046287,REQUEST_FAILED,,,,,
85046333,REQUEST_FAILED,,,,,
85046352,REQUEST_FAILED,,,,,
85046490,deadAbandoned,None,"Jun. 20, 2011","U.S. Bankcard Services, Inc.",,martin.lanyan@usbsi.com
85046404,REQUEST_FAILED,,,,,
85046523,deadAbandoned,BELLADONNA,"Mar. 08, 2011","Onorato,Timothy",,timonorato@aol.com
85046500,deadAbandoned,VIE SOCIETY,"Mar. 15, 2011",Angela Kim,,angela.esther.kim@gmail.com
85046519,REQUEST_FAILED,,,,,
85046618,deadAbandoned,BANDITO,"Mar. 08, 2011","Trick Bike Company, LLC.",,John@HutchBMX.com
85046638,deadAbandoned,LAZORBLADES,"Oct. 13, 2011","LazorBlades, Inc.",,howard@bernsteinattorney.com
85046543,REQUEST_FAILED,,,,,
85046577,deadAbandoned,HITCH N TOW,"Mar. 10, 2011","Schmidt,Philip A.",,phil@pskready.com
85046679,deadAbandoned,ETOURAGE,"Mar. 11, 2011","Bennett, Stephen M",,smb208@gmail.com
85046656,REQUEST_FAILED,,,,,
85046787,deadAbandoned,PLANET MUSIC TELEVISION,"Nov. 07, 2011",Planet Music Television,,chrisadio3@yahoo.com
85046733,REQUEST_FAILED,,,,,
85046771,deadAbandoned,COMPANION C,"Mar. 08, 2011",Primus Australia Pty Ltd,,nickt@primusaustralia.com.au
85046783,REQUEST_FAILED,,,,,
85046796,REQUEST_FAILED,,,,,
85046878,deadAbandoned,XWIKI,"Mar. 16, 2011",XWiki SAS,,gregory@xwiki.com
85046881,deadAbandoned,IVASOFT,"Apr. 20, 2011","Ivanidze, Victor T.",,viciva@yahoo.com
85046909,deadAbandoned,HUBSITE,"Mar. 15, 2011","Lauren, Richard",,richardlauren@me.com
85046905,deadAbandoned,YUCII,"Mar. 15, 2011","Tillson, Naomi",,hairspa@earthlink.net
85046825,REQUEST_FAILED,,,,,
85046939,deadAbandoned,COFFEE MASTER,"Sep. 08, 2011",Global Tech Appliances (HK) Limited,,
85046859,REQUEST_FAILED,,,,,
85046916,deadAbandoned,THE GOLD 1,"Mar. 15, 2011",MDT MICRO DIAMOND TECHNOLOGIES LTD,,JAMIER@MDTDENTAL.COM
85046944,deadAbandoned,PURLID,"Mar. 11, 2011","Lauren, Richard",,richardlauren@me.com
85046950,deadAbandoned,CASE BOND,"Oct. 06, 2011","Guidance Lawsuit Funding, Inc",,
85046986,deadAbandoned,COFFEEMASTER,"Sep. 08, 2011",Global Tech Appliances (HK) Limited,,
85046976,deadAbandoned,ALMA WALLS DIALYIS CARE CENTER,"Oct. 03, 2011",Alma Walls Dialysis Center Center,,
85047043,deadAbandoned,ENDORSEMENT BADGE,"Mar. 10, 2011",Shortbord LLC,,dusty@shortbord.com
85046948,REQUEST_FAILED,,,,,
85046973,REQUEST_FAILED,,,,,
85047123,deadAbandoned,STEP MONITORING METHOD,"Jan. 24, 2011",Medical Research Management,,lmurphy@cra-solutions.com
85047000,REQUEST_FAILED,,,,,
85047128,deadAbandoned,MAKING THE BENEFITS CONNECTION,"Mar. 13, 2011",Cloverleaf Consulting Inc.,,james@cloverleafconsultinginc.com
85047099,REQUEST_FAILED,,,,,
85047116,REQUEST_FAILED,,,,,
85047166,deadAbandoned,CRISLI,"Mar. 11, 2011","FURLUX USA, INC.",,MANDY109@GMAIL.COM
85047173,REQUEST_FAILED,,,,,
85047200,REQUEST_FAILED,,,,,
85047212,REQUEST_FAILED,,,,,
85047300,REQUEST_FAILED,,,,,
85047296,REQUEST_FAILED,,,,,
85047423,REQUEST_FAILED,,,,,
85047483,REQUEST_FAILED,,,,,
85047656,deadAbandoned,MI SALSA,"Mar. 11, 2011","CAZO CATERING, LLC",,luma008@gmail.com
85047687,deadAbandoned,ACS 360 ARTISTS,"Mar. 17, 2011","Thomas-York, Inc.",,dave@thomas-york.com
85047634,REQUEST_FAILED,,,,,
85047733,deadAbandoned,CAMPFIRE,"Mar. 08, 2011",Primus Australia Pty Ltd,,nickt@primusaustralia.com.au
85047707,REQUEST_FAILED,,,,,
85047723,REQUEST_FAILED,,,,,
85047769,deadAbandoned,SUN TAN DIET,"Mar. 10, 2011",Gresham Jeffery Scott,,jgresham@beermasons.com
85047774,deadAbandoned,PRO-MAKER,"Jun. 06, 2011",Smart Sock Pty Ltd,,lauri@smartsock.com.au
85047754,deadAbandoned,ITHEORY INFORMATION THEORY,"Mar. 14, 2011",Byron Zanopoulo,,byron@byronzanos.com
85047795,deadAbandoned,KERS,"Jan. 20, 2011","Pruitt, Steve",,steve@rocketsciencefortheroad.com
85047760,REQUEST_FAILED,,,,,
85047783,REQUEST_FAILED,,,,,
85047802,REQUEST_FAILED,,,,,
85047831,REQUEST_FAILED,,,,,
85047885,deadAbandoned,MYCLOUD,"Mar. 10, 2011","Lauren, Richard",,richardlauren@me.com
85047836,REQUEST_FAILED,,,,,
85047854,REQUEST_FAILED,,,,,
85048008,deadAbandoned,FITNESS. . . ONE STEP AT A TIME,"Jun. 20, 2011",ACI International,,aliau@aciint.com
85048018,deadAbandoned,I HATE MONEY!,"Aug. 01, 2011",Sarah C. Morehead,,sarah.morehead@maine.edu
85047934,REQUEST_FAILED,,,,,
85048027,deadAbandoned,LEGEND MARTIAL ARTS,"Mar. 10, 2011","Twin Enterprises, LLC",,brookegrumbine@gmail.com
85048005,REQUEST_FAILED,,,,,
85048022,REQUEST_FAILED,,,,,
85048025,REQUEST_FAILED,,,,,
85048101,deadAbandoned,GENLAB EMPOWERING YOUR BODY THROUGH SCIENCE,"Jul. 25, 2011","FJGS Holdings, LLC",,
85048096,deadAbandoned,EMPOWERING YOUR BODY THROUGH SCIENCE,"Jul. 25, 2011","FJGS Holdings, LLC",,
85048089,deadAbandoned,GENLAB,"Dec. 05, 2011","FJGS Holdings, LLC",,
85048048,REQUEST_FAILED,,,,,
85048124,deadAbandoned,ELITE INCENTIVE CARD,"Mar. 10, 2011",Reward Card Solutions,,alex@rewardcardsolutions.com
85048118,deadAbandoned,PALIN,"Mar. 15, 2011","Montecastelli Selections, Ltd",,robert@montecastelli.com
85048106,deadAbandoned,ELITE AWARD CARD,"Mar. 15, 2011",Reward Card Solutions,,alex@rewardcardsolutions.com
85048142,deadAbandoned,PROMOTIONAL CARD,"Mar. 10, 2011",REWARD CARD SOLUTIONS,,alex@rewardcardsolutions.com
85048148,deadAbandoned,LOYALTY CARD,"Mar. 10, 2011",REWARD CARD SOLUTIONS,,alex@rewardcardsolutions.com
85048166,deadAbandoned,"LOYALTY, AWARD, AND PROMOTIONAL GIFT CARD","Mar. 10, 2011",REWARD CARD SOLUTIONS,,alex@rewardcardsolutions.com
85048131,REQUEST_FAILED,,,,,
85048146,REQUEST_FAILED,,,,,
85048237,REQUEST_FAILED,,,,,
85048292,deadAbandoned,EXPRESS DISCOUNT SMOG CHECK CENTERS,"Oct. 03, 2011",Cary Grayson,,carybgrayson@gmail.com
85048357,REQUEST_FAILED,,,,,
85048447,REQUEST_FAILED,,,,,
85048498,REQUEST_FAILED,,,,,
85048644,deadAbandoned,BDL BASKETBALL DEVELOPMENT LEAGUE,"Nov. 22, 2011",Basketball Development League of San Jose California,,kerpi34@aol.com
85048524,REQUEST_FAILED,,,,,
85048673,deadAbandoned,GRAPEVINE,"Jun. 16, 2011","Online Investments, Inc.",,
85048727,deadAbandoned,HOPLITE,"Feb. 04, 2011",Sparta Beverage LLC,,
85048751,deadAbandoned,FANNY WRAP,"Mar. 17, 2011",Big Baller Registry,,crobin7396@aol.com
85048650,REQUEST_FAILED,,,,,
85048848,deadAbandoned,LIFECHANGE 365,"Mar. 15, 2011","ReVander-Brown, Celeste S.",,celestesrb@comcast.net
85048824,deadAbandoned,POOJU,"Jul. 25, 2011",GUANGXI JIN,,janejinjing@gmail.com
85048780,REQUEST_FAILED,,,,,
85048878,deadAbandoned,LOUISIANA TEA COMPANY LC,"Apr. 22, 2011",louisiana tea company lc,,john.duffy4@yahoo.com
85048893,deadAbandoned,RIP ZONE,"Mar. 15, 2011",RIP CURLINTERNATIONAL PTY LTD,,troberts@ripcurl.com.au
85048907,deadAbandoned,"CRANKY COUTURE, LTD","Oct. 04, 2011",Heppermann Jessica,,
85048830,REQUEST_FAILED,,,,,
85048880,REQUEST_FAILED,,,,,
85048965,REQUEST_FAILED,,,,,
85048978,REQUEST_FAILED,,,,,
85049000,REQUEST_FAILED,,,,,
85049061,deadAbandoned,"HEALTH 4 LIFE YOUR WORLD FOR NUTRITION, ORGANIC & VITAMINS","Mar. 17, 2011","Nigaglioni, Raul",,raulnt@yahoo.com
85049130,REQUEST_FAILED,,,,,
85049119,REQUEST_FAILED,,,,,
85049252,deadAbandoned,KILLA FROM WASILLA,"Mar. 22, 2011",Martin Heilweil,,martin0101@yahoo.com
85049276,deadAbandoned,PELOHA,"Mar. 16, 2011","O'Brien, Thomas",,
85049231,REQUEST_FAILED,,,,,
85049249,REQUEST_FAILED,,,,,
85049297,REQUEST_FAILED,,,,,
85049394,deadAbandoned,DENAZZY,"Aug. 01, 2011","DeNazzy, LLC",,intellectual.property@mardinicompanies.com
85049321,REQUEST_FAILED,,,,,
85049484,deadAbandoned,ROOM ALARM,"Mar. 08, 2011",CPL Systems Limited,,cplsystems@btconnect.com
85049455,REQUEST_FAILED,,,,,
85049741,deadAbandoned,MASTER FLIGHT INSTRUCTOR,"Feb. 25, 2011","The National Association of Flight Instructors, Inc.",,
85049689,REQUEST_FAILED,,,,,
85049749,deadAbandoned,MASTER INSTRUCTOR,"Feb. 25, 2011","The National Association of Flight Instructors, Inc.",,
85049826,deadAbandoned,FORCADE,"Mar. 10, 2011","Forcade, Chistrian",,chistrianf@forcadecigars.com
85049781,REQUEST_FAILED,,,,,
85049804,REQUEST_FAILED,,,,,
85049895,deadAbandoned,CANNA FUND,"Mar. 11, 2011",Scott Riddell,,
85049848,REQUEST_FAILED,,,,,
85049901,deadAbandoned,EARTH BOTANICALS,"Mar. 10, 2011","Shapiro, Gerry M",,gerry@merryhempsters.com
85049864,REQUEST_FAILED,,,,,
85049894,REQUEST_FAILED,,,,,
85049965,deadAbandoned,MUGGY,"Sep. 23, 2011","Zhenjiang Xinpengxiang Leather Co., Ltd.",,zhanghonglu@inipa.com
85049968,deadAbandoned,DHARMONY,"Mar. 22, 2011",TEAM OLIVE LLC,,m300holiday@gmail.com
85049953,deadAbandoned,DESTRESSED ATTITUDE,"Mar. 15, 2011",DESTRESSED ATTITUDE LLC,,destressedattitude@yahoo.com
85049971,deadAbandoned,NOODLE JUICE,"Oct. 14, 2011","Paul Fey, Stewart Sloke",,
85049946,REQUEST_FAILED,,,,,
85049950,REQUEST_FAILED,,,,,
85049973,deadAbandoned,HABIB,"Oct. 06, 2011",Habib Oil Mills (Pvt) Ltd.,,Hasibul.Hassan@habiboil.com
85050010,deadAbandoned,STORY STATION,"Oct. 10, 2011","Lewis, Kevin",,
85049978,deadAbandoned,PRODUCTIVE SLACKERS,"Mar. 14, 2011","Parapon, Peter",,pparapon2@hotmail.com
85050068,deadAbandoned,VERIFY ANYBODY,"Mar. 17, 2011",Verius LLC.,,jjpenora@veriusllc.com
85050035,deadAbandoned,NIKKI BREEZE,"Oct. 12, 2011","Nikki breeze marketing, Inc.",,nikkibreezebaby@aol.com
85050079,deadAbandoned,SANTA LOLLA,"Oct. 24, 2011",SANTA LOLLA FRANQUIAS LTDA,,nelsonibanez@terra.com.br
85050116,deadAbandoned,GRUPOJANSAM,"Aug. 01, 2011",Grupo Jansam,,jay@logocare.com
85049988,REQUEST_FAILED,,,,,
85050025,REQUEST_FAILED,,,,,
85050190,deadAbandoned,EZQUOTE,"Aug. 01, 2011",United Lender Services Corp.,,mnardelli@ulstitle.com
85050106,REQUEST_FAILED,,,,,
85050117,REQUEST_FAILED,,,,,
85050260,deadAbandoned,GOL HONDURAS PREPAID PHONE CARD,"Mar. 17, 2011","PennyDial, Inc",,ben.sanchez@pennydial.com
85050266,deadAbandoned,SNACKTAINER,"Feb. 26, 2011",EVRIHOLDER PRODUCTS LLC,,garysevri@gmail.com
85050237,REQUEST_FAILED,,,,,
85050238,REQUEST_FAILED,,,,,
85050314,REQUEST_FAILED,,,,,
85050335,REQUEST_FAILED,,,,,
85050414,REQUEST_FAILED,,,,,
85050725,deadAbandoned,COUTIE COVERS,"Mar. 18, 2011","Bargueiras, Sena",,senab@pacbell.net
85050633,REQUEST_FAILED,,,,,
85050698,deadAbandoned,GOL CENTROAMERICA PREPAID PHONE CARD,"Mar. 18, 2011","Pennydia,Inc",,ben.sanchez@pennydial.com
85050772,deadAbandoned,__& GOOD NEIGHBORS,"Mar. 21, 2011",Good Neighbors USA,,gnusa@gnusa.org
85050788,deadAbandoned,CRISPY,"Mar. 14, 2011","Ballard, Daniel",,
85050764,REQUEST_FAILED,,,,,
85050780,REQUEST_FAILED,,,,,
85050784,REQUEST_FAILED,,,,,
85050837,deadAbandoned,PHILLY LEGAL TEAM,"Oct. 24, 2011","Wais, Vogelstein & Bedigian, LLC",,
85050856,deadAbandoned,AMERICA'S ROSE/FARRAH FAWCETT,"Mar. 21, 2011",KHAN. RAJEEV A,,aapcp@aol.com
85050850,deadAbandoned,QUICKCLICKINSURANCE,"Oct. 12, 2011","Riley, James",,
85050840,REQUEST_FAILED,,,,,
85050844,REQUEST_FAILED,,,,,
85050874,REQUEST_FAILED,,,,,
85050917,deadAbandoned,CINECORE,"Jul. 25, 2011","Panasiouk, Evgueni",,zhenia@gmail.com
85050937,deadAbandoned,A 99 GOLF,"Nov. 03, 2011",Li Gangjian,,michael@a99golf.net
85050968,deadAbandoned,MAYUP,"Jul. 25, 2011","Thom, Lauren",,thomgirl80@gmail.com
85050910,REQUEST_FAILED,,,,,
85050907,REQUEST_FAILED,,,,,
85050939,REQUEST_FAILED,,,,,
85051033,deadAbandoned,HIGH-TECH-TIES,"Mar. 18, 2011","Santry,Karen F; Martinez, Cynthia L",,karen.santry@verizon.net
85051066,deadAbandoned,"SMALL FISH BUSINESS COACHING FROM SMALL THINGS, BIG THINGS GROW.","Mar. 21, 2011",Small Fish Business Coaching Pty Ltd,,sam.mcknight@smallfish.com.au
85051072,deadAbandoned,LL,"Sep. 05, 2011","Gloveables, Inc.",,
85051078,deadAbandoned,TEHRAN LAVASH,"Oct. 01, 2011","FREEDOM BAKING COMPANY,INC.",,FREEDOMBAKING@HOTMAIL.COM
85051040,REQUEST_FAILED,,,,,
85051042,REQUEST_FAILED,,,,,
85051090,deadAbandoned,GINGERHONEY COOKIES,"Mar. 14, 2011","FREEDOM CANDY,INC.",,FREEDOMBAKING@HOTMAIL.COM
85051093,deadAbandoned,ZÈFER,"Sep. 12, 2011","FREEDOM CANDY,INC.",,FREEDOMBAKING@HOTMAIL.COM
85051092,deadAbandoned,BÈZE,"Sep. 12, 2011","FREEDOM CANDY,INC.",,FREEDOMBAKING@HOTMAIL.COM
85051116,deadAbandoned,TEA LADEN,"Mar. 17, 2011","Mazzocchetti, Adam",,soldi4me@yahoo.com.au
85051115,deadAbandoned,GO GREEN MOBILE MACHINE,"Nov. 03, 2011","Lopez, Alexander",,
85051080,REQUEST_FAILED,,,,,
85051107,REQUEST_FAILED,,,,,
85051166,deadAbandoned,FINPIPE,"Jun. 14, 2011","Brady, Leanne",,pinehurst2@gmail.com
85051119,REQUEST_FAILED,,,,,
85051194,deadAbandoned,ELDERCHICKS,"Oct. 24, 2011","Reese, Thelma",,drthelma@aol.com
85051220,deadAbandoned,TAG YOUR I.T.,"Jan. 18, 2011",TAG2000 International LLC,,Alan.Tan@tag2000international.com
85051228,REQUEST_FAILED,,,,,
85051246,REQUEST_FAILED,,,,,
85051259,REQUEST_FAILED,,,,,
85051316,deadAbandoned,SNO.LOCR,"Mar. 16, 2011",U.S.A. SNO.LOCR INT'L GROUP LTD.,,zhanghonglu@inipa.com
85051339,deadAbandoned,GREENTEK,"May 05, 2011",GREENTEK LIGHTING S.R.L.,,office@greenteklighting.ca
85051358,deadAbandoned,DEEP AGGRESSION,"Mar. 14, 2011",Michael Lima,,michaellima310@gmail.com
85051260,REQUEST_FAILED,,,,,
85051503,deadAbandoned,PB GREEN,"Nov. 13, 2011","Baran, Paige F.",,pbgreenbags@gmail.com
85051282,REQUEST_FAILED,,,,,
85051504,deadAbandoned,WILD BLOSSOM,"Jul. 25, 2011","Fashion Insights, LLC",,eric@fashioninsights.com
85051374,REQUEST_FAILED,,,,,
85051436,REQUEST_FAILED,,,,,
85051593,REQUEST_FAILED,,,,,
85051694,deadAbandoned,WINDSOR LIFESTYLES LLC,"Sep. 30, 2011",Windsor Lifestyles LLC,,ccope@windsorlifestyles.com
85051650,REQUEST_FAILED,,,,,
85051775,deadAbandoned,TRIPLESTARR ENTERTAINMENT,"May 20, 2011","Wortham, Saquan Y.",,
85051670,REQUEST_FAILED,,,,,
85051855,deadAbandoned,DOMINATING LAND AND SEA,"Aug. 23, 2011","JAM-UP, LLC",,JAMUPco@gmail.com
85051745,REQUEST_FAILED,,,,,
85051886,deadAbandoned,CLOUD SIX,"Feb. 22, 2011",Optimization Zorn Corporation,,smontgomery@oz-systems.com
85051868,REQUEST_FAILED,,,,,
85051963,REQUEST_FAILED,,,,,
85052049,deadAbandoned,BALANCE FEMININE FUEL,"Mar. 21, 2011",David Mitchell,,keith@balancefemininefuel.com
85052062,REQUEST_FAILED,,,,,
85052223,deadAbandoned,TOILET SCENT,"Mar. 21, 2011","Rey, Tomas",,trey.personal@gmail.com
85052213,REQUEST_FAILED,,,,,
85052259,REQUEST_FAILED,,,,,
85052313,REQUEST_FAILED,,,,,
85052316,REQUEST_FAILED,,,,,
85052326,REQUEST_FAILED,,,,,
85052340,deadAbandoned,TAILGATING USA MAGAZINE,"Oct. 17, 2011","Garner Jr, Bruce Allen",,
85052341,deadAbandoned,WORK DIFFERENT.,"Oct. 03, 2011","Moka5, Inc",,
85052331,REQUEST_FAILED,,,,,
85052361,deadAbandoned,NATURAL DENTAL IMPLANTS,"Oct. 06, 2011",NATURAL DENTAL IMPLANTS AG,,ruedger.rubbert@natural-dental-implants.com
85052352,deadAbandoned,IAI,"Mar. 15, 2011",IAI Corp,,iaicorp@yahoo.com
85052372,REQUEST_FAILED,,,,,
85052580,deadAbandoned,WIKISHOE,"Jul. 25, 2011",4453069 Canada inc,,robbie@wikiboot.ca
85052643,deadAbandoned,SUN VIPER SOLAR TRACKING SYSTEM,"Mar. 18, 2011","Pacific Research and Development, Inc.",,suzonl@pacpower.biz
85052474,REQUEST_FAILED,,,,,
85052597,REQUEST_FAILED,,,,,
85052616,REQUEST_FAILED,,,,,
85052731,deadAbandoned,SERENE ESSENTIALS,"Aug. 04, 2011",Aleatha L. Joseph,,shushoo2@yahoo.com
85052702,REQUEST_FAILED,,,,,
85052798,REQUEST_FAILED,,,,,
85052809,REQUEST_FAILED,,,,,
85052848,REQUEST_FAILED,,,,,
85053009,deadAbandoned,ADMEDIX,"Oct. 10, 2011","Advanced Medical Informatics, LLC",,jsvnum1@admedix.com
85053069,deadAbandoned,SEED BED,"Mar. 22, 2011","X-Seed, Inc.",,cfagin@xseedinc.com
85052905,REQUEST_FAILED,,,,,
85052948,REQUEST_FAILED,,,,,
85052962,REQUEST_FAILED,,,,,
85053090,deadAbandoned,PRIMADONNASAURUS,"Dec. 12, 2011",GREG HAPTOR MUSIC LTD,,heromusic@mac.com
85053210,REQUEST_FAILED,,,,,
85053211,REQUEST_FAILED,,,,,
85053319,deadAbandoned,ROCK ME! MADE WITH LOVE IN THE USA,"Oct. 07, 2011",ROCK ME HOLDINGS LLC,,amuzzy@rockmeusa.com
85053251,REQUEST_FAILED,,,,,
85053352,deadAbandoned,I MP,"Mar. 21, 2011","Wang, Elaine, Qi Li",,minkpinkdesigns@yahoo.com.au
85053340,REQUEST_FAILED,,,,,
85053443,deadAbandoned,CASHOUS CLAY,"Mar. 23, 2011","Bullard, Clayton",,claytonbullard@gmail.com
85053401,REQUEST_FAILED,,,,,
85053572,deadAbandoned,RESOLUTION GURU,"Aug. 08, 2011","PLM Media, LLC",,ekmm15@gmail.com
85053523,deadAbandoned,SYOG SUPERYACHT OWNERS' GUIDE,"Oct. 11, 2011",Advertising Services Ltd,,jackie.cartigny@yachtingpages.com
85053450,REQUEST_FAILED,,,,,
85053616,deadAbandoned,"AVIAN FLYAWAY, INC.","Mar. 21, 2011","Avian Flyaway, Inc.",,Accounting@avianflyawayinc.com
85053544,REQUEST_FAILED,,,,,
85053666,REQUEST_FAILED,,,,,
85053672,REQUEST_FAILED,,,,,
85053815,REQUEST_FAILED,,,,,
85053862,deadAbandoned,VIRTUAL PRIVATE DATA,"Mar. 29, 2011",Porticor LTD,,gilad@porticor.com
85054050,deadAbandoned,THE ORIGINAL CRUNCHY COATED PEANUT,"Mar. 22, 2011",Crunchco Snacks,,tom@crunchco.com
85053954,REQUEST_FAILED,,,,,
85054057,REQUEST_FAILED,,,,,
85054158,deadAbandoned,RELAX & WAX,"Mar. 18, 2011",Luana Abou Ghaouche,,
85054149,deadAbandoned,MAN APRON,"Mar. 15, 2011",Katharine Woods Handler,,handlerkw@yahoo.com
85054180,deadAbandoned,BRIELLE,"Feb. 23, 2011",HARRINGTON MULTI MEDIA MARKETING LLC,,KARL@HM3.COM
85054090,REQUEST_FAILED,,,,,
85054205,deadAbandoned,NUTRAWISE,"Aug. 08, 2011",Swagger Foods,,erica@swaggerfoods.com
85054278,deadAbandoned,COLOR FX WEB INC,"Mar. 22, 2011","COLOR FX, INC.",,ross@colorfxinc.com
85054210,REQUEST_FAILED,,,,,
85054255,REQUEST_FAILED,,,,,
85054327,deadAbandoned,CORTISLIM STRESS TEST,"Mar. 15, 2011","CORTISLIM INTERNATIONAL, INC.",,slarkin8@yahoo.com
85054284,REQUEST_FAILED,,,,,
85054320,deadAbandoned,CORTISLIM KIDS,"Mar. 15, 2011","CORTISLIM INTERNATIONAL, INC.",,slarkin913@gmail.com
85054367,REQUEST_FAILED,,,,,
85054372,REQUEST_FAILED,,,,,
85054379,REQUEST_FAILED,,,,,
85054449,deadAbandoned,BROWN'S BEACH JACKET,"Mar. 18, 2011",Niitsuma Katsuhiko,,katsu@healthknit.co.jp
85054433,REQUEST_FAILED,,,,,
85054484,deadAbandoned,XEROMAX,"Aug. 01, 2011",Xeromax Sciences LLC,,jon@xeromaxsciences.com
85054444,REQUEST_FAILED,,,,,
85054520,deadAbandoned,LOVE SOCIETY,"Jul. 18, 2011","Gamenauts, Inc.",,stanley@gamenauts.com
85054465,REQUEST_FAILED,,,,,
85054565,deadAbandoned,YACHTING PAGES,"Oct. 11, 2011",Advertising Services Ltd,,steve.crowe@yachtingpages.com
85054528,deadAbandoned,LIFEWAY CAPITAL GROUP,"Oct. 12, 2011","Cox, June",,
85054517,REQUEST_FAILED,,,,,
85054572,deadAbandoned,CULTCHA,"May 23, 2011","Wilkins, Jullina",,
85054669,deadAbandoned,BLACKBIRDOS,"Aug. 15, 2011","NumeroLogic Systems, LLC",,bhart@xzotto.com
85054586,REQUEST_FAILED,,,,,
85054599,REQUEST_FAILED,,,,,
85054807,deadAbandoned,D-OFFICIAL,"Aug. 01, 2011","Amell, Daniel C",,dofficial80@gmail.com
85054781,REQUEST_FAILED,,,,,
85054915,deadAbandoned,THE HARVEST THE WIND NETWORK,"Jul. 01, 2011","BTI Wind Energy, LLC",,janie.mcintire@btiwindenergy.com
85054937,deadAbandoned,OJO DE TIGRE,"Mar. 16, 2011","TEQUILA ZAPOTLAN DEL REY, S.A. DE C.V.",,ccamara@anki.com.mx
85054964,deadAbandoned,THE NONPROFIT COACH,"Mar. 17, 2011","Lane, Jasmine Bonnita",,bonnitabear@yahoo.com
85054846,REQUEST_FAILED,,,,,
85054879,deadAbandoned,GOOD FOOD JOBS,"Mar. 21, 2011","Good Food Jobs, Inc.",,taylor@goodfoodjobs.com
85055083,deadAbandoned,SKIN,"Feb. 20, 2011",Judith Alessi,,jeff@vonleuchtenberg.com
85054896,REQUEST_FAILED,,,,,
85055107,deadAbandoned,D'AMORE SWIM,"Mar. 21, 2011","D'Amore, Caroline",,damoreswim@gmail.com
85055193,deadAbandoned,TOTAL WELLNESS SOLUTIONS,"Mar. 04, 2011","Majeed, Muhammed",,
85055104,REQUEST_FAILED,,,,,
85055118,REQUEST_FAILED,,,,,
85055129,REQUEST_FAILED,,,,,
85055294,deadAbandoned,BROADNET SOLUTIONS,"Aug. 24, 2011","BROADNET VENTURES, LLC",,team@broadnetventures.com
85055255,REQUEST_FAILED,,,,,
85055389,deadAbandoned,CREDENTIAL CLOUD,"Oct. 28, 2011",9STAR RESEARCH INC,,vinay@thekumars.org
85055396,REQUEST_FAILED,,,,,
85055506,deadAbandoned,CHECK RESOURCES PLUS,"Oct. 24, 2011","Cox, June",,
85055445,REQUEST_FAILED,,,,,
85055454,REQUEST_FAILED,,,,,
85055564,deadAbandoned,DIRECT FROM THE VATICAN,"Mar. 23, 2011","Topaz Technology, Inc.",,topaztech@comcast.net
85055548,REQUEST_FAILED,,,,,
85055653,deadAbandoned,HUMANE + ORGANIC,"Mar. 22, 2011","Boston Road Productions, Inc.",,jamie@brprod.com
85055643,deadAbandoned,SASHAY MAGAZINE,"Mar. 16, 2011","Bass, Shirley J.",,shirley@sashaymagazine.com
85055585,REQUEST_FAILED,,,,,
85055609,REQUEST_FAILED,,,,,
85055705,deadAbandoned,CITY-MAN,"Oct. 06, 2011",S.S.AGENCIES,,constantvariable@gmail.com
85055688,REQUEST_FAILED,,,,,
85055691,REQUEST_FAILED,,,,,
85055715,REQUEST_FAILED,,,,,
85055779,deadAbandoned,EHAI,"Jun. 08, 2011","Shanghai eHai Car Rental Co., Ltd.",,zhanghonglu@inipa.com
85055756,REQUEST_FAILED,,,,,
85055811,deadAbandoned,GOOOD,"Oct. 13, 2011","Azul Clothing, Inc.",,
85055808,deadAbandoned,None,"Aug. 01, 2011",Harvey Ball Smile Limited,,jassinter.inc-jp@dream.com
85055968,deadAbandoned,None,"Aug. 01, 2011",Harvey Ball Smile Limited,,jassinter.inc-jp@dream.com
85055960,deadAbandoned,None,"Aug. 01, 2011",Harvey Ball Smile Limited,,jassinter.inc-jp@dream.com
85055949,deadAbandoned,REDNECK BARWARE,"Jun. 23, 2011",Oak Fence Limited Co.,,bobsnyder@att.net
85055819,REQUEST_FAILED,,,,,
85055886,REQUEST_FAILED,,,,,
85056013,REQUEST_FAILED,,,,,
85055989,REQUEST_FAILED,,,,,
85056032,REQUEST_FAILED,,,,,
85056060,deadAbandoned,VARIOUS STYLES OF PRESTIGE,"Mar. 29, 2011",DYNASTY VISIONARIES,,MAGICMALIKYE@GMAIL.COM
85056078,REQUEST_FAILED,,,,,
85056085,REQUEST_FAILED,,,,,
85056289,deadAbandoned,NPZ,"Dec. 30, 2011",H Jason Wallace,,
85056134,REQUEST_FAILED,,,,,
85056364,deadAbandoned,KLEINTECH,"Nov. 14, 2011","Kleintech, Inc.",,jacob@kleintech.com
85056249,REQUEST_FAILED,,,,,
85056398,REQUEST_FAILED,,,,,
85056549,deadAbandoned,DUENDE,"Apr. 27, 2011","Shirinian, Raffi",,shirini.raffi@gmail.com
85056517,REQUEST_FAILED,,,,,
85056588,REQUEST_FAILED,,,,,
85056615,REQUEST_FAILED,,,,,
85056684,REQUEST_FAILED,,,,,
85056701,REQUEST_FAILED,,,,,
85056734,REQUEST_FAILED,,,,,
85056737,REQUEST_FAILED,,,,,
85056754,REQUEST_FAILED,,,,,
85056817,deadAbandoned,SAIL ROCK HOLDINGS,"Aug. 15, 2011","STALEX HOLDINGS, LLC",,stalexholdings@hotmail.com
85056824,deadAbandoned,CITIZENS DISABILITY ADVOCATES,"Jun. 18, 2011","STALEX HOLDINGS, LLC",,stalexholdings@hotmail.com
85056829,deadAbandoned,CITIZENS DISABILITY HELPLINE,"Jun. 18, 2011","STALEX HOLDINGS, LLC",,stalexholdings@hotmail.com
85056797,REQUEST_FAILED,,,,,
85056842,deadAbandoned,CENTSIBLE MOMS,"Aug. 08, 2011",Lauren Heather Hirsch,,Lhirsch@tmprconsulting.com
85056813,REQUEST_FAILED,,,,,
85056844,deadAbandoned,THREE MONKEYS,"Mar. 16, 2011","Meacham, Craig Joseph",,musicman@sti.net
85056860,deadAbandoned,None,"Mar. 21, 2011","mcdaid, leslie, d",,orders@irishwaterdogs.com
85056828,REQUEST_FAILED,,,,,
85056899,deadAbandoned,STYLE NEAR BY,"Aug. 29, 2011",NearBy Group Limited,,gene@stylenearby.com
85056870,deadAbandoned,COPPER FISH,"Oct. 14, 2011","Schwester, Roberta",,
85056875,deadAbandoned,None,"Aug. 08, 2011",Harvey Ball Smile Limited,,jassinter.inc-jp@dream.com
85056908,deadAbandoned,None,"Nov. 14, 2011",Harvey Ball Smile Limited,,jassinter.inc-jp@dream.com
85056941,deadAbandoned,None,"Nov. 14, 2011",Harvey Ball Smile Limited,,jassinter.inc-jp@dream.com
85056944,deadAbandoned,None,"Nov. 21, 2011",Harvey Ball Smile Limited,,jassinter.inc-jp@dream.com
85056949,deadAbandoned,X G S,"Nov. 28, 2011",Harvey Ball Smile Limited,,jassinter.inc-jp@dream.com
85056910,deadAbandoned,None,"Nov. 14, 2011",Harvey Ball Smile Limited,,jassinter.inc-jp@dream.com
85056913,REQUEST_FAILED,,,,,
85056952,deadAbandoned,None,"Nov. 21, 2011",Harvey Ball Smile Limited,,jassinter.inc-jp@dream.com
85056987,deadAbandoned,None,"Nov. 28, 2011",Harvey Ball Smile Limited,,jassinter.inc-jp@dream.com
85056984,deadAbandoned,None,"Nov. 21, 2011",Harvey Ball Smile Limited,,jassinter.inc-jp@dream.com
85056955,REQUEST_FAILED,,,,,
85056958,REQUEST_FAILED,,,,,
85057006,deadAbandoned,None,"Nov. 21, 2011",Harvey Ball Smile Limited,,jassinter.inc-jp@dream.com
85056994,deadAbandoned,None,"Nov. 21, 2011",Harvey Ball Smile Limited,,jassinter.inc-jp@dream.com
85056999,REQUEST_FAILED,,,,,
85057011,deadAbandoned,None,"Nov. 28, 2011",Harvey Ball Smile Limited,,jassinter.inc-jp@dream.com
85057017,deadAbandoned,VODKAKRONIK,"Mar. 19, 2011","Southland, Sean O.",,SSouthland@VodkaKronik.com
85057120,deadAbandoned,ONTRION,"Mar. 19, 2011","SYED, MANSOOR N",,tajulk@msn.com
85057043,REQUEST_FAILED,,,,,
85057074,REQUEST_FAILED,,,,,
85057128,REQUEST_FAILED,,,,,
85057199,deadAbandoned,AUTOFINDERS,"Mar. 29, 2011","Phillips, Robert A",,rphillips77@gmail.com
85057151,REQUEST_FAILED,,,,,
85057153,REQUEST_FAILED,,,,,
85057264,deadAbandoned,ECONET,"Mar. 21, 2011",Intelagrid LLC,,costa@intelagrid.com
85057261,REQUEST_FAILED,,,,,
85057289,REQUEST_FAILED,,,,,
85057413,REQUEST_FAILED,,,,,
85057496,REQUEST_FAILED,,,,,
85057639,deadAbandoned,DOS AMORES,"Mar. 23, 2011","GERSAGUZ, S.A. DE C.V.",,etorresmt@gmail.com
85057621,REQUEST_FAILED,,,,,
85057628,REQUEST_FAILED,,,,,
85057635,REQUEST_FAILED,,,,,
85057868,deadAbandoned,None,"Nov. 21, 2011",Harvey Ball Smile Limited,,jassinter.inc-jp@dream.com
85057876,deadAbandoned,None,"Nov. 21, 2011",Harvey Ball Smile Limited,,jassinter.inc-jp@dream.com
85057793,REQUEST_FAILED,,,,,
85057872,deadAbandoned,None,"Nov. 28, 2011",Harvey Ball Smile Limited,,jassinter.inc-jp@dream.com
85057877,REQUEST_FAILED,,,,,
85057912,deadAbandoned,None,"Nov. 28, 2011",Harvey Ball Smile Limited,,jassinter.inc-jp@dream.com
85057894,REQUEST_FAILED,,,,,
85057895,REQUEST_FAILED,,,,,
85057914,REQUEST_FAILED,,,,,
85057947,REQUEST_FAILED,,,,,
85058005,deadAbandoned,None,"Aug. 22, 2011",Harvey Ball Smile Limited,,jassinter.inc-jp@dream.com
85058006,deadAbandoned,None,"Aug. 22, 2011",Harvey Ball Smile Limited,,jassinter.inc-jp@dream.com
85058009,deadAbandoned,X X,"Dec. 05, 2011",Harvey Ball Smile Limited,,jassinter.inc-jp@dream.com
85058074,deadAbandoned,ACE,"Mar. 22, 2011",LUO JIAN,,monicawoous@gmail.com
85058062,deadAbandoned,CONNECTED CRAFTS,"Nov. 21, 2011",K & Company LLC,,ssheehan@wilton.com
85058007,deadAbandoned,None,"Aug. 22, 2011",Harvey Ball Smile Limited,,jassinter.inc-jp@dream.com
85058003,REQUEST_FAILED,,,,,
85058004,REQUEST_FAILED,,,,,
85058183,deadAbandoned,INNOVATIONSCRM.COM,"Mar. 25, 2011",Alex Slonim,,alex@sequencemed.com
85058160,deadAbandoned,MY SOUTHERN PANTRY,"Jul. 22, 2011","Virginia Willis Culinary Productions, LLC",,virginia@virginiawillis.com
85058096,REQUEST_FAILED,,,,,
85058182,REQUEST_FAILED,,,,,
85058237,REQUEST_FAILED,,,,,
85058238,REQUEST_FAILED,,,,,
85058412,deadAbandoned,GLORY OF NEW YORK,"Mar. 29, 2011",ACI PHARM INC,,acipharm@acipinc.com
85058411,REQUEST_FAILED,,,,,
85058564,REQUEST_FAILED,,,,,
85058579,REQUEST_FAILED,,,,,
85058723,deadAbandoned,FARMBOY FREESTYLE,"Jul. 11, 2011","Smith, Brian L",,lonestar9192@yahoo.com
85058617,REQUEST_FAILED,,,,,
85058740,REQUEST_FAILED,,,,,
85058742,REQUEST_FAILED,,,,,
85058765,REQUEST_FAILED,,,,,
85058827,REQUEST_FAILED,,,,,
85058865,REQUEST_FAILED,,,,,
85058939,deadAbandoned,BIG SPLASH,"Feb. 21, 2011",Ainsworth Game Technology Limited,,tom.davidson@ainsworth.com.au
85058932,deadAbandoned,FOUNTAIN OF YOUTH,"Feb. 21, 2011",Ainsworth Game Technology Limited,,tom.davidson@ainsworth.com.au
85058958,deadAbandoned,None,"Aug. 01, 2011",Harvey Ball Smile Limited,,jassinter.inc-jp@dream.com
85058950,deadAbandoned,GLITTERING GEMS,"Jul. 05, 2011",Ainsworth Game Technology Limited,,tom.davidson@ainsworth.com.au
85058981,deadAbandoned,POPPIN PAYS,"Jun. 06, 2011",Ainsworth Game Technology Limited,,tom.davidson@ainsworth.com.au
85058964,deadAbandoned,None,"Nov. 28, 2011",Harvey Ball Smile Limited,,jassinter.inc-jp@dream.com
85059004,deadAbandoned,NOMUK,"Aug. 01, 2011","Quering, Walter J",,w.quering@gmail.com
85058911,REQUEST_FAILED,,,,,
85059046,deadAbandoned,None,"Dec. 05, 2011",Harvey Ball Smile Limited,,jassinter.inc-jp@dream.com
85059041,deadAbandoned,None,"Nov. 28, 2011",Harvey Ball Smile Limited,,jassinter.inc-jp@dream.com
85059044,deadAbandoned,None,"Nov. 28, 2011",Harvey Ball Smile Limited,,jassinter.inc-jp@dream.com
85059029,REQUEST_FAILED,,,,,
85059052,deadAbandoned,None,"Nov. 28, 2011",Harvey Ball Smile Limited,,jassinter.inc-jp@dream.com
85059059,deadAbandoned,None,"Dec. 05, 2011",Harvey Ball Smile Limited,,jassinter.inc-jp@dream.com
85059053,REQUEST_FAILED,,,,,
85059091,deadAbandoned,VIDEODATING,"Dec. 30, 2011","Gordon, Ilya",,
85059076,REQUEST_FAILED,,,,,
85059153,deadAbandoned,ICEMANMEDIA,"Mar. 23, 2011",IcemanMedia AB,,anders.danker@icemanmedia.com
85059109,REQUEST_FAILED,,,,,
85059120,REQUEST_FAILED,,,,,
85059224,deadAbandoned,None,"Nov. 28, 2011",Harvey Ball Smile Limited,,jassinter.inc-jp@dream.com
85059240,deadAbandoned,DOMINION,"Mar. 23, 2011","Federal Business & Investment Consultants,LLC",,
85059263,deadAbandoned,None,"Dec. 05, 2011",Harvey Ball Smile Limited,,jassinter.inc-jp@dream.com
85059235,deadAbandoned,None,"Dec. 05, 2011",Harvey Ball Smile Limited,,jassinter.inc-jp@dream.com
85059173,REQUEST_FAILED,,,,,
85059254,REQUEST_FAILED,,,,,
85059255,REQUEST_FAILED,,,,,
85059464,deadAbandoned,PEOPLE CARE LLC CARING FOR PEOPLE FROM THE HEART,"Mar. 28, 2011",People Care LLC,,w.chris.harrison@gmail.com
85059482,deadAbandoned,V,"Apr. 04, 2011",KGPR Inc,,kidwest@charter.net
85059402,REQUEST_FAILED,,,,,
85059508,deadAbandoned,DYNAMIC NETWORKS,"Mar. 22, 2011",DYNAMIC NETWORKS USA,,accounting@dynamicnetworks.com
85059518,deadAbandoned,GEMS GIRLS EMPOWERED TO MASTER SELF,"Mar. 29, 2011",Tiffany R Sellers,,Tiffany.R.Sellers@gmail.com
85059514,deadAbandoned,UNDER GROUND EVO PLAY YOUR PART,"Mar. 25, 2011",UnderGroundEvo.inc,,adorsey84@att.net
85059430,REQUEST_FAILED,,,,,
85059585,deadAbandoned,SOUTHWEST CONFERENCE,"Mar. 22, 2011","Parrott, Bradley D.",,brad.parrott@utsa.edu
85059468,REQUEST_FAILED,,,,,
85059603,deadAbandoned,None,"Mar. 29, 2011",KGPR Inc,,kidwest@charter.net
85059752,deadAbandoned,LEADMASTER,"Mar. 23, 2011",LeadMaster Operating Company Inc.,,andy.brownell@leadmaster.com
85059818,deadAbandoned,AMI,"Aug. 08, 2011","Mezoogmag, LLC",,
85059653,REQUEST_FAILED,,,,,
85059886,deadAbandoned,BRIGHT POSTING.COM,"Aug. 05, 2011","Brightgreen Home Loans, Inc.",,sharon@digitalmailmaker.com
85059718,REQUEST_FAILED,,,,,
85059941,deadAbandoned,BIEN CON DIOS,"Mar. 22, 2011","The Good With God Company, LLC",,berkeleygardner@msn.com
85059897,REQUEST_FAILED,,,,,
85060139,deadAbandoned,None,"Dec. 05, 2011",Harvey Ball Smile Limited,,jassinter.inc-jp@dream.com
85060079,REQUEST_FAILED,,,,,
85060152,REQUEST_FAILED,,,,,
85060186,REQUEST_FAILED,,,,,
85060234,deadAbandoned,ALL THE RIGHT MOVES,"Mar. 28, 2011","Sfreddo, Gayle",,GG@MoveMeInVa.com
85060229,deadAbandoned,NANNY PUPPINS,"Oct. 14, 2011",Flynn Audrey,,puppinparent@aol.com
85060208,REQUEST_FAILED,,,,,
85060261,deadAbandoned,PATRIOT'S CHOICE COFFEE CO. SPIRIT EST'D 1776 CO. EST'D 2010,"Apr. 02, 2011",Patriot's Choice Coffee Company LLC,,wdcrosbyiii@gmail.com
85060417,deadAbandoned,None,"Dec. 05, 2011",Harvey Ball Smile Limited,,jassinter.inc-jp@dream.com
85060398,deadAbandoned,None,"Dec. 05, 2011",Harvey Ball Smile Limited,,jassinter.inc-jp@dream.com
85060441,deadAbandoned,VIEW US 2,"Mar. 22, 2011",Kevin Cheatham,,Kcheatham@rocketmail.com
85060399,REQUEST_FAILED,,,,,
85060534,deadAbandoned,BUILD-A-BOOK WORKSHOPS,"Mar. 22, 2011","Build-A-Book, LLC",,tcrew@buildabookkids.com
85060540,deadAbandoned,FLEABIT,"Oct. 18, 2011","Ettinger, Sebastien",,carriegipson@gmail.com
85060539,deadAbandoned,TREVINATOR,"Aug. 08, 2011",GLORIA DE LOS ANGELES TREVIÑO RUIZ,,etorresmt@gmail.com
85060509,REQUEST_FAILED,,,,,
85060588,REQUEST_FAILED,,,,,
85060626,REQUEST_FAILED,,,,,
85060639,REQUEST_FAILED,,,,,
85060651,REQUEST_FAILED,,,,,
85060824,REQUEST_FAILED,,,,,
85060878,REQUEST_FAILED,,,,,
85061111,deadAbandoned,FREAKY PETS,"Aug. 08, 2011","Abandon Interactive Entertainment, Inc.",,
85061049,REQUEST_FAILED,,,,,
85061116,REQUEST_FAILED,,,,,
85061286,deadAbandoned,THE WAR FOR TALENT JUST GOT PERSONAL,"Jul. 06, 2011","Talent Tribes, Inc.",,doug.desimone@talenttribes.com
85061297,deadAbandoned,OZORIE,"Dec. 16, 2011",Vikram S Kumar,,anjalister@gmail.com
85061246,REQUEST_FAILED,,,,,
85061255,REQUEST_FAILED,,,,,
85061295,deadAbandoned,TAPATALK,"Mar. 29, 2011",Quoord Systems Limited,,winter@quoord.com
85061338,deadAbandoned,TEQUILA CORAZON DE AMORES,"Jan. 18, 2011",Australian Boutique Wines S.A. de C.V.,,abwines@gmail.com
85061299,REQUEST_FAILED,,,,,
85061341,REQUEST_FAILED,,,,,
85061399,deadAbandoned,PVPM PORTFOLIO MANAGEMENT,"Aug. 29, 2011","Kenera Consulting, Inc.",,shannon.kuzmich@kenera.net
85061351,REQUEST_FAILED,,,,,
85061358,REQUEST_FAILED,,,,,
85061388,REQUEST_FAILED,,,,,
85061438,deadAbandoned,WRISTBRAND MEDIA,"Mar. 23, 2011",WristBrand Media LLC,,collin.walter@wristbrandmedia.com
85061444,deadAbandoned,BEINJOY,"Aug. 08, 2011","Beinjoy, Inc.",,joyce@beinjoy.com
85061488,deadAbandoned,FC FLY CANVAS,"Aug. 22, 2011","Gulpo, Patrick T.",,patrickgulpo@gmail.com
85061541,deadAbandoned,EA INVISIBLE LACE HAIR SYSTEMS,"Mar. 24, 2011","Simmons, Tammy J",,owner@eahairsalon.com
85061494,REQUEST_FAILED,,,,,
85061566,deadAbandoned,BLOGRADIO,"Mar. 29, 2011",BT Software,,tpayton@podblogr.com
85061557,REQUEST_FAILED,,,,,
85061620,deadAbandoned,JOAN VON HOLDEFER,"Mar. 24, 2011",Joan Von Holdefer Ltd.,,joan.tucker@yahoo.com
85061602,REQUEST_FAILED,,,,,
85061639,deadAbandoned,POB POUCH-ON-BELT,"Mar. 23, 2011","Shtraichman, Liron",,lironsh@amdocs.com
85061625,deadAbandoned,RUFF LIFE DOG TREATS,"Nov. 03, 2011","Walsh, Patrick",,
85061621,deadAbandoned,URBAN,"Mar. 24, 2011",Urban International LLC,,amuller@joinurban.com
85061643,deadAbandoned,BLOOD MONEY INDUSTRIES,"Sep. 27, 2011",Blood Money Industries Inc.,,amandatullio@yahoo.com
85061708,deadAbandoned,BOWLING'S U.S. WOMEN'S OPEN 2011 PRESENTED BY THE BRANDS OF EBONITE INTERNATIONAL,"Mar. 29, 2011","Bowling Proprietors' Association of America, Inc.",,Henry@bpaa.com
85061631,REQUEST_FAILED,,,,,
85061735,deadAbandoned,APPLE CAVIAR,"Mar. 24, 2011","MIC, LLC",,micllc2004@gmail.com
85061903,deadAbandoned,RMR RESTAURANT MANAGEMENT RECRUITERS,"Dec. 27, 2011","Restaurant Management Recruiters, LLC",,ed@rmradvance.com
85061833,REQUEST_FAILED,,,,,
85061874,REQUEST_FAILED,,,,,
85061884,REQUEST_FAILED,,,,,
85062093,deadAbandoned,MICROMESH GUTTER GUARD,"May 19, 2011","Sager, Karen",,doyle_224@hotmail.com
85062002,deadAbandoned,FITNESS MADE EASY,"Mar. 24, 2011","Mayerson, Jeff",,jmayz@aol.com
85062095,REQUEST_FAILED,,,,,
85062271,deadAbandoned,INFUSIONOPTIX,"Jun. 27, 2011","CW Optics, Inc.",,nyc@cwoptics.com
85062170,REQUEST_FAILED,,,,,
85062186,REQUEST_FAILED,,,,,
85062344,deadAbandoned,PURPLEPENGUIN,"Aug. 24, 2011","Swartz Enterprises, Inc.",,johndswartz@gmail.com
85062273,REQUEST_FAILED,,,,,
85062325,deadAbandoned,NOURISHMINTS,"Aug. 15, 2011","Lerna Group, LLC",,
85062188,REQUEST_FAILED,,,,,
85062466,deadAbandoned,ALL SIZE MOUNT,"Mar. 24, 2011",INDUSAT INDÚSTRIA E COMÉRCIO LTDA,,tpo@marcaria.com
85062355,REQUEST_FAILED,,,,,
85062364,REQUEST_FAILED,,,,,
85062549,deadAbandoned,LA PLAY GEAR,"Aug. 08, 2011","L.A. Gear, Inc.",,aliau@aciint.com
85062475,REQUEST_FAILED,,,,,
85062567,deadAbandoned,PRO PHOTOGRAPHER ASSOCIATION,"Feb. 11, 2011","Digital Photographer Association, Inc.",,timobxms@hotmail.com
85062517,REQUEST_FAILED,,,,,
85062555,REQUEST_FAILED,,,,,
85062630,REQUEST_FAILED,,,,,
85062646,REQUEST_FAILED,,,,,
85062708,deadAbandoned,QANVIS,"Aug. 08, 2011","Sewell, Stephen",,sewell.steve@gmail.com
85062778,deadAbandoned,TREASURE THIEF,"Jul. 18, 2011","Gamenauts, Inc.",,stanley@gamenauts.com
85062690,REQUEST_FAILED,,,,,
85062764,deadAbandoned,MUSCLE ENERGY TECHNIQUES,"Oct. 27, 2011","Bray, Johnny",,
85062797,deadAbandoned,EXCEL-1,"Mar. 31, 2011",Kombo Publishing BV,,frans@komhoff.com
85062734,REQUEST_FAILED,,,,,
85062745,REQUEST_FAILED,,,,,
85062817,REQUEST_FAILED,,,,,
85062877,deadAbandoned,FREEDOM BAR,"Mar. 29, 2011","LIFE'S A BEACH, LLC",,josh_wyman@yahoo.com
85062850,REQUEST_FAILED,,,,,
85062946,REQUEST_FAILED,,,,,
85062903,REQUEST_FAILED,,,,,
85063038,REQUEST_FAILED,,,,,
85063053,REQUEST_FAILED,,,,,
85063156,deadAbandoned,PET STAR STUDIOS,"Aug. 15, 2011","Gerber, Erin N",,madmadmad@mindspring.com
85063174,deadAbandoned,WRIST BALL,"Mar. 31, 2011",Upstate Distributors,,strongerwrist@yahoo.com
85063094,REQUEST_FAILED,,,,,
85063213,REQUEST_FAILED,,,,,
85063238,REQUEST_FAILED,,,,,
85063254,deadAbandoned,EAT NAKED,"Mar. 30, 2011",Jenny Patrizia Lee,,thesexynutritionist@gmail.com
85063345,deadAbandoned,MUSIC,"Mar. 29, 2011",Christian Music & Video,,
85063283,REQUEST_FAILED,,,,,
85063264,REQUEST_FAILED,,,,,
85063373,deadAbandoned,FROM SCHOOL TO LIFE,"Mar. 30, 2011",Virginia L. Grant Foundation,,davemannlaurel@gmail.com
85063435,deadAbandoned,TOTAL YOUTH FULFILLMENT,"Mar. 30, 2011",Virginia L. Grant Foundation,,davemannlaurel@gmail.com
85063352,deadAbandoned,STAND FOR YOUTH,"Mar. 30, 2011",Virginia L. Grant Foundation,,davemannlaurel@gmail.com
85063416,deadAbandoned,"NURTURING BODY, MIND AND SPIRIT","Mar. 30, 2011",Virginia L. Grant Foundation,,davemannlaurel@gmail.com
85063490,REQUEST_FAILED,,,,,
85063516,REQUEST_FAILED,,,,,
85063643,REQUEST_FAILED,,,,,
85063694,REQUEST_FAILED,,,,,
85063778,deadAbandoned,REALTIME TV,"Nov. 04, 2011","APPELMAN, MICHAEL",,csr@stenocast.com
85063810,REQUEST_FAILED,,,,,
85063903,deadAbandoned,CHUNKIT,"Aug. 15, 2011",BE MARKETING PTY LTD,,BECCI@BEMARKETING.COM.AU
85063905,deadAbandoned,KARNAGE WEAR,"Mar. 29, 2011","Han, Andy H",,ahan@cox.net
85063927,REQUEST_FAILED,,,,,
85063967,REQUEST_FAILED,,,,,
85064150,deadAbandoned,REGENEDERM DAILY,"Mar. 28, 2011",Angelica C Collins,,angelvita7@yahoo.com
85064019,REQUEST_FAILED,,,,,
85064147,REQUEST_FAILED,,,,,
85064367,deadAbandoned,SUNHEATWORKS,"Feb. 11, 2011","Peterson, Christopher W.",,
85064189,REQUEST_FAILED,,,,,
85064389,deadAbandoned,STIK'EM,"Mar. 25, 2011",Heberto M. Sanchez,,hsanchez@stik-em.com
85064264,REQUEST_FAILED,,,,,
85064484,deadAbandoned,NEW YORK INTERNATIONAL OLIVE OIL COMPETITION,"Mar. 31, 2011","Cord, Curtis",,curtiscord@gmail.com
85064353,REQUEST_FAILED,,,,,
85064609,deadAbandoned,GUYKITTY.COM,"Dec. 20, 2011","Wilkelis, Christopher, Allen",,meowmofo@gmail.com
85064457,REQUEST_FAILED,,,,,
85064625,deadAbandoned,BELLA CHANDELLE,"Mar. 25, 2011","The Gift Shoppe, Inc.",,bretmouse@itlnet.net
85064608,deadAbandoned,MXCALIFA.COM,"Mar. 25, 2011",Bernardo Mendonca,,mxcalifa@yahoo.com
85064621,deadAbandoned,VERMEX DOBLE,"Mar. 22, 2011",Saul Salamanca,,ssaul@promesapdi.com
85064534,REQUEST_FAILED,,,,,
85064640,REQUEST_FAILED,,,,,
85064734,REQUEST_FAILED,,,,,
85064823,REQUEST_FAILED,,,,,
85064853,deadAbandoned,SCENTS AMELIA,"Mar. 30, 2011","Knapp, Meghan L",,meggebeat@gmail.com
85064915,deadAbandoned,LOUIS VALENTIN,"Feb. 17, 2011",Sunny Merchandise Corp.,,sunnysunglasses@gmail.com
85064978,deadAbandoned,NORTH AMERICAN RACING TEAM,"Oct. 22, 2011","Herndon, John",,
85064984,deadAbandoned,WATCH IT PRODUCTIONS,"Mar. 28, 2011",Regina D. Griffin,,reginadoreen@aol.com
85064886,REQUEST_FAILED,,,,,
85064921,REQUEST_FAILED,,,,,
85064939,REQUEST_FAILED,,,,,
85064960,REQUEST_FAILED,,,,,
85065103,deadAbandoned,PALERMO,"Mar. 28, 2011",KOZMOPOLITAN GIDA SAN. VE TIC. A.S.,,aytur@cosmopolitanfoodgroup.com
85065129,REQUEST_FAILED,,,,,
85065301,deadAbandoned,INSPIRED JEWELRY,"Mar. 16, 2011","Inspired Jewelry, Inc.",,nanozen@hotmail.com
85065302,deadAbandoned,IT'S THE SAUCE,"Apr. 06, 2011",Aurelio's Pizza Inc.,,jaurelio@aureliospizza.com
85065236,REQUEST_FAILED,,,,,
85065247,REQUEST_FAILED,,,,,
85065419,deadAbandoned,WATCHPRINTWORK,"Jul. 05, 2011",International Paper Company,,stephanie.haupt@ipaper.com
85065361,REQUEST_FAILED,,,,,
85065392,REQUEST_FAILED,,,,,
85065656,deadAbandoned,RECOVER KEYS,"Mar. 29, 2011","Myskiv, Ostap",,me@ostap-myskiv.com
85065462,REQUEST_FAILED,,,,,
85065769,deadAbandoned,SCR U BP,"Mar. 31, 2011",W.R.Wynn LLC,,bwynn.outskirts@yahoo.com
85065756,deadAbandoned,REJEKT,"Oct. 06, 2011",Atul Vanmali,,avanmali123@yahoo.com
85065799,deadAbandoned,DREAUX,"Apr. 08, 2011","Tipton, Benjamin Daniel",,ben410@gmail.com
85065760,REQUEST_FAILED,,,,,
85065744,REQUEST_FAILED,,,,,
85065803,REQUEST_FAILED,,,,,
85065912,deadAbandoned,KUSH HEAD,"Nov. 07, 2011","Webster, Jehreal",,seuss312@gmail.com
85065858,REQUEST_FAILED,,,,,
85065890,deadAbandoned,CORE SKILLS SERIES,"Sep. 07, 2011","Curriculum Writing Services, Inc",,deborahadcock@me.com
85065908,REQUEST_FAILED,,,,,
85065977,deadAbandoned,PROVIDER GPS,"Sep. 26, 2011",Smart Healthcare LLC,,cexym@hotmail.com
85065993,deadAbandoned,OUTOX SOBERADE,"Mar. 26, 2011","Dardikman, Uri",,uridardikman8@gmail.com
85065992,deadAbandoned,SMARTYPANTS,"Aug. 29, 2011","Maloney, Carol",,
85065957,REQUEST_FAILED,,,,,
85066012,deadAbandoned,INTEGRATED MEDICAL HOME,"Nov. 08, 2011","Homeline, Inc",,
85066019,deadAbandoned,HERBALS BY ARIANA WWW.HERBALSARIANA.COM,"Oct. 25, 2011","Ahmad, Basharat",,ahmad1061@gmail.com
85065989,REQUEST_FAILED,,,,,
85066020,deadAbandoned,100% SATISFACTION GUARANTEED FARM FRESH THE REAL TASTE OF INDIA,"Aug. 18, 2011",pal sinder,,kohinoorkitchen777@gmaill.com
85066004,REQUEST_FAILED,,,,,
85066135,REQUEST_FAILED,,,,,
85066256,deadAbandoned,THE FLOW PROJECT,"Apr. 05, 2011",The Flow Project,,ham@hamhayes.com
85066230,REQUEST_FAILED,,,,,
85066413,deadAbandoned,GANANDO CON INGLES,"Mar. 29, 2011","IBALPE.COM, S.A. DE C.V.",,ibalpemarcas@gmail.com
85066342,REQUEST_FAILED,,,,,
85066348,REQUEST_FAILED,,,,,
85066499,deadAbandoned,TINY NEIGHBORS,"Aug. 15, 2011","Tiny Neighbors, LLC",,whitmare@gmail.com
85066775,deadAbandoned,KNACKMODE,"Sep. 16, 2011","KNACKMODE Development, Inc.",,bruno@knackmode.com
85066620,deadAbandoned,YOUR FINANCIAL PARTNERS FOR LIFE.,"Sep. 07, 2011","Dryden, Jay T",,dianne@elevationbiz.com
85066794,REQUEST_FAILED,,,,,
85066947,deadAbandoned,DAMAGE BRAND,"Mar. 28, 2011","Silver, Anthony",,damagebrand@live.com
85066973,deadAbandoned,JOSH & RANDY,"Nov. 18, 2011","Alspaw, Randal",,
85066977,deadAbandoned,THE COMING OUT COACH,"Nov. 14, 2011","Jackson, Milton",,
85066967,REQUEST_FAILED,,,,,
85067030,deadAbandoned,IT,"Apr. 05, 2011",Plaza IT Services LLC,,info@plazaitservices.com
85067051,deadAbandoned,STORYPAD,"Aug. 15, 2011",Princeton Iindustries LLC,,drew@dpalmer.us
85067061,deadAbandoned,RUTBUD,"Sep. 22, 2011","Pieczenik, George",,GPieczenik@yahoo.com
85067015,REQUEST_FAILED,,,,,
85067093,deadAbandoned,MINI MIX,"Apr. 13, 2011","Salvatore Latorre Enterprises, LLC",,
85067083,deadAbandoned,MR. BLUE SHOES,"Mar. 28, 2011",Solvis Realty,,admin@tkgnetwork.com
85067070,deadAbandoned,BABY PLANNER UNIVERSITY,"Nov. 02, 2011",Baby Planner University,,april@babyplannerinc.com
85067137,deadAbandoned,None,"Mar. 29, 2011","Scott, Sadé Nichole",,scott23l@yahoo.com
85067134,deadAbandoned,LE ROY,"Apr. 06, 2011",Curtis W. LeRoy,,elevenfloors@gmail.com
85067097,REQUEST_FAILED,,,,,
85067210,deadAbandoned,GANGSTER,"Oct. 19, 2011",Chaudhry Shahbaz,,
85067218,deadAbandoned,CINQUETERRE,"Oct. 18, 2011","Carli, Andrea",,
85067204,REQUEST_FAILED,,,,,
85067387,deadAbandoned,CARE UNDER FIRE GEAR,"Apr. 04, 2011","H&H Associates, Inc.",,pxharder@gohandh.com
85067402,deadAbandoned,COMBAT EYESHIELD,"Apr. 04, 2011","H&H Associates, Inc.",,pxharder@gohandh.com
85067307,REQUEST_FAILED,,,,,
85067458,deadAbandoned,BIG CINCH,"Apr. 04, 2011","H&H Associates, Inc.",,pxharder@gohandh.com
85067469,deadAbandoned,THIN CINCH,"Apr. 04, 2011","H&H Associates, Inc.",,pxharder@gohandh.com
85067428,deadAbandoned,HARTWELL & KENT,"Mar. 28, 2011","APIndustries, Inc",,levon.ter-mesropian@sympatico.ca
85067496,deadAbandoned,ZIP-SAW,"Mar. 02, 2011","RUKO, LLC",,rkoppe@rukoproducts.com
85067487,REQUEST_FAILED,,,,,
85067503,REQUEST_FAILED,,,,,
85067505,REQUEST_FAILED,,,,,
85067593,deadAbandoned,SWIFTTEST,"Mar. 31, 2011",SwiftTest,,anewman@swifttest.com
85067648,deadAbandoned,YOUTH EXCELL,"Aug. 15, 2011","LASTING BEAUTY, LLC",,h_harriman@hotmail.com
85067571,deadAbandoned,AMBICASH,"Aug. 15, 2011","LJSFE Asset Management, Inc.",,raforsyth@ambicard.com
85067769,deadAbandoned,HONGOTING,"Jan. 13, 2011",Promesa Distributors,,ssaul@promesapdi.com
85067616,REQUEST_FAILED,,,,,
85067515,REQUEST_FAILED,,,,,
85067879,deadAbandoned,NANO-CYTOSIS,"Jul. 25, 2011","FJGS Holdings, LLC",,
85068030,deadAbandoned,None,"Mar. 29, 2011",Sugoy Clothing,,bcashell@boxtopus.com
85068027,deadAbandoned,11TH MOON,"Mar. 29, 2011",VVS Design and Science,,the11thmoon@gmail.com
85068013,REQUEST_FAILED,,,,,
85068065,deadAbandoned,CHICAGO COMB CO.,"Oct. 24, 2011",Chicago Comb Company,,chicagocomb@yahoo.com
85068057,REQUEST_FAILED,,,,,
85068081,deadAbandoned,W2DM,"Mar. 30, 2011",What to Do Media LLC,,david@w2dm.com
85068043,REQUEST_FAILED,,,,,
85068172,deadAbandoned,THE H.Y.P.E. SPORTS PUBLICATION,"Aug. 22, 2011",Hype Athletics Community,,dewnyabazzi@gmail.com
85068126,REQUEST_FAILED,,,,,
85068176,deadAbandoned,THE H.Y.P.E. SPORTS COMPLEX,"Aug. 29, 2011",Hype Athletics Community,,dewnyabazzi@gmail.com
85068222,deadAbandoned,VEILKINI NOW .. YOU CAN,"Oct. 07, 2011","Zater, Mamoun A.",,m.zater@veilkini.com
85068225,deadAbandoned,HITTING CHEAT SHEET,"Apr. 06, 2011","All Star Performance, LLC",,paulreddick@aol.com
85068227,deadAbandoned,CHEMNOVIS,"Apr. 06, 2011",SpecialChem,,louis.larregle@specialchem.com
85068218,REQUEST_FAILED,,,,,
85068257,REQUEST_FAILED,,,,,
85068380,deadAbandoned,TAY JEWELLERY,"Dec. 05, 2011",TAMARA LEIGH LAPINSKI,,tamara.lapinski@btinternet.com
85068503,deadAbandoned,STUDENT PROTECTION PLAN,"Apr. 07, 2011",Next Generation Insurance Group LLC,,jtfees@nextgenins.com
85068425,REQUEST_FAILED,,,,,
85068568,deadAbandoned,FORMED AIR RELEASE,"Mar. 12, 2011",ACI International,,aliau@aciint.com
85068548,REQUEST_FAILED,,,,,
85068629,deadAbandoned,VIN-O-KLASS,"Aug. 15, 2011",7504250 Canada Inc.,,
85068626,REQUEST_FAILED,,,,,
85068761,deadAbandoned,STUPAD,"Aug. 15, 2011",stuart wayne harris,,
85068719,REQUEST_FAILED,,,,,
85068904,deadAbandoned,MJG STARRING MAXI AND CHERI OF THE ORIGINAL MARY JANE GIRLS,"Mar. 29, 2011",Kimberly Wuletich-Bond,,imageworxinc@aol.com
85068858,REQUEST_FAILED,,,,,
85069178,REQUEST_FAILED,,,,,
85069203,deadAbandoned,LE,"Mar. 29, 2011","Tave, Anthony T",,anthonytave@gmail.com
85069189,REQUEST_FAILED,,,,,
85068870,REQUEST_FAILED,,,,,
85069232,deadAbandoned,70E+PLUS,"Nov. 22, 2011",Industrial Training University Inc.,,
85069249,REQUEST_FAILED,,,,,
85069251,REQUEST_FAILED,,,,,
85069424,deadAbandoned,THE PRECISION DREDGE,"Mar. 30, 2011","Yeager, Wyatt E",,weyeager@comcast.net
85069460,deadAbandoned,COC CIANA OCCHI,"Feb. 06, 2011",Moda Collection,,cliffe.jolene@gmail.com
85069361,REQUEST_FAILED,,,,,
85069165,REQUEST_FAILED,,,,,
85069426,REQUEST_FAILED,,,,,
85069511,deadAbandoned,WELLNESS SCORE,"Apr. 01, 2011","Cassidy, Chris",,cwo@actwellinc.com
85069237,deadAbandoned,RAZORBACK FAIR,"Apr. 05, 2011",Universal Fairs,,
85069730,deadAbandoned,WIN,"May 20, 2011","Men Engaged in Nonviolence, Inc.",,s.torrez@nonviolentmen.org
85069739,deadAbandoned,AQUA CONNECT,"Apr. 06, 2011",Aqua Connect Inc.,,sharonlerner@aquaconnect.net
85069503,deadAbandoned,NBI NAME BADGES INTERNATIONAL,"Apr. 14, 2011",World Emblem International,,egallagher@worldemblem.com
85069756,REQUEST_FAILED,,,,,
85070131,deadAbandoned,OVERTIME ENDURANCE,"Apr. 05, 2011","1St Phorm, LLC",,cklein@1stphorm.com
85070107,REQUEST_FAILED,,,,,
85069912,REQUEST_FAILED,,,,,
85070181,deadAbandoned,KOOL BRUSH,"Oct. 20, 2011","BARBAR ARTIST, INC.",,USA062010@hotmail.com
85070129,deadAbandoned,OVERTIME,"Apr. 05, 2011","1St Phorm, LLC",,cklein@1stphorm.com
85070188,deadAbandoned,REKKONING,"Aug. 15, 2011",Rekkoning LLC,,ed@rekkoning.com
85070200,REQUEST_FAILED,,,,,
85070204,REQUEST_FAILED,,,,,
85070238,deadAbandoned,SUNLIGHT POWER,"Sep. 07, 2011",Shokoor Inc.,,Shawn@SunlightPower.us
85070225,REQUEST_FAILED,,,,,
85070273,deadAbandoned,POP-IT TOP-ITS,"Mar. 30, 2011",Harold Wright,,jw.prodigy@gmail.com
85070294,deadAbandoned,DIL KASH TOUCHING THE HEART,"May 18, 2011",Zhang Ya,,eleganthome@live.cn
85070300,deadAbandoned,REIKI FUR BABIES,"Mar. 18, 2011","Reiki Fur Babies, LLC",,ming@reikifurbabies.com
85070270,deadAbandoned,ANYWHEREFIT,"Jun. 10, 2011","Morrison, Blair W.",,anywherefit@gmail.com
85070376,deadAbandoned,SMILEKUN,"Aug. 15, 2011",Harvey Ball Smile Limited,,jassinter.inc-jp@dream.com
85070388,REQUEST_FAILED,,,,,
85070208,REQUEST_FAILED,,,,,
85070512,REQUEST_FAILED,,,,,
85070570,REQUEST_FAILED,,,,,
85070726,deadAbandoned,STEEL AUDIO,"Mar. 31, 2011","CORONADO, JUAN M",,coronado2000@sbcglobal.net
85070675,deadAbandoned,WITNYC,"Mar. 30, 2011",Andrew Van Aken,,avanaken@gmail.com
85070795,REQUEST_FAILED,,,,,
85070842,REQUEST_FAILED,,,,,
85070947,deadAbandoned,BIRD & RICO,"Apr. 07, 2011",About Business Entertainment LLC.,,www.Aboutbusiness69@gmail.com
85071068,REQUEST_FAILED,,,,,
85070566,REQUEST_FAILED,,,,,
85071136,deadAbandoned,CHERISHED GIFTS & FAVORS,"Oct. 13, 2011","Cherished Gifts & Favors, Inc.",,info@cherishedgiftfavors.com
85071179,deadAbandoned,CHOCOLATE VENEERS,"Apr. 01, 2011","NPI Ventures, LLC",,diane@brittlebark.com
85071265,deadAbandoned,"ME AND BEAR, BEAR AND ME","Aug. 29, 2011",YoureSoUrban Inc.,,info@youresourban.com
85071210,REQUEST_FAILED,,,,,
85071316,REQUEST_FAILED,,,,,
85071338,deadAbandoned,STONE,"Oct. 31, 2011","Peng, Guanghua",,
85071331,deadAbandoned,ALTUSVIA,"Apr. 05, 2011","Hareon Solar Technology Co., Ltd.",,zhanghonglu@inipa.com
85071343,deadAbandoned,TIDE HAS TURNED,"Aug. 29, 2011","Gavin Colman, a citizen of Australia",,gavincolman@bigpond.com
85071322,REQUEST_FAILED,,,,,
85071143,REQUEST_FAILED,,,,,
85071419,deadAbandoned,YOU WON!,"Apr. 06, 2011","Lewark, Robyn, Lynn",,hunter5380@gmail.com
85071578,deadAbandoned,MY BRAND ON DEMAND,"Aug. 15, 2011","Block and Company, Inc.",,cswearingen@blockinc.com
85071546,REQUEST_FAILED,,,,,
85071615,deadAbandoned,DUTCH KILLS,"Oct. 17, 2011",Empire State Distilling Co.,,jrwortman@gmail.com
85071635,deadAbandoned,HANGAR CENTRAL,"Apr. 07, 2011",Blue Condor LLC,,rarcia@teravisiontech.com
85071651,REQUEST_FAILED,,,,,
85071671,REQUEST_FAILED,,,,,
85071791,REQUEST_FAILED,,,,,
85071473,REQUEST_FAILED,,,,,
85072008,deadAbandoned,STARLIFE ENTERTAINMENT,"Aug. 22, 2011",STARLIFE ENTERTAINMENT LLC,,mrdubbc@hotmail.com
85071968,deadAbandoned,ZUMADIRECT,"Aug. 29, 2011","Star Strategic Partners, LLC",,gaston@star-strategic.com
85071796,REQUEST_FAILED,,,,,
85071950,REQUEST_FAILED,,,,,
85072121,deadAbandoned,IDEAL,"Mar. 15, 2011","Rio Home Fashions, Inc.",,sun@riohomefashions.com
85072088,REQUEST_FAILED,,,,,
85072130,REQUEST_FAILED,,,,,
85072043,REQUEST_FAILED,,,,,
85072212,deadAbandoned,CONVERGENT THERAPEUTICS,"Apr. 04, 2011",Alan F. Bain,,drbain@docintheloop.com
85072148,REQUEST_FAILED,,,,,
85072197,REQUEST_FAILED,,,,,
85072191,REQUEST_FAILED,,,,,
85072215,REQUEST_FAILED,,,,,
85072242,deadAbandoned,PROPOFOL LITE,"May 29, 2011","Lawson, Gary-Anthony",,gaswarrior@hotmail.com
85072240,deadAbandoned,GIVING THE OCEANS A VOICE,"Oct. 20, 2011","Marks, Melanie June",,melaniemarks@hotmail.com
85072256,deadAbandoned,VETERAN AND FAMILY OWNED,"Apr. 06, 2011","LHMC, LLC",,lakehavasumortuary@yahoo.com
85072267,deadAbandoned,QUENCH,"Mar. 31, 2011",AWARE PRODUCTS,,AWAREPRODUCTS@LIVE.COM
85072270,deadAbandoned,SILLY SOCKS,"Mar. 31, 2011",GINA GROUP,,GINAGROUP@LIVE.COM
85072344,deadAbandoned,KARMAKAZE,"Apr. 08, 2011",Matthew R. Isbell,,badgerizzy@yahoo.com
85072399,deadAbandoned,EVERYONE HATES A WINNER ENTERTAINMENT,"Apr. 05, 2011",TERRENCE RHAMES,,TERRENCE_RHAMES@YAHOO.COM
85072343,deadAbandoned,WET A LINE,"Apr. 08, 2011",Matthew R. Isbell,,badgerizzy@yahoo.com
85072431,deadAbandoned,FNUKY,"Apr. 05, 2011",FNUKY PTY LTD,,jeremy@fnuky.com.au
85072407,REQUEST_FAILED,,,,,
85072282,REQUEST_FAILED,,,,,
85072487,REQUEST_FAILED,,,,,
85072517,deadAbandoned,HIGH LOGIC,"Aug. 15, 2011","Clinton, John A.",,johnclinton2390@gmail.com
85072521,deadAbandoned,SKULLY BONES,"Nov. 07, 2011","Skully Bones, LLC",,mikejennhernandez@gmail.com
85072503,REQUEST_FAILED,,,,,
85072506,REQUEST_FAILED,,,,,
85072538,deadAbandoned,AROUND DUBLIN,"Apr. 07, 2011","Zukoski, John Michael",,john.zukoski@gmail.com
85072535,deadAbandoned,NTKDA,"Aug. 29, 2011",SBC DENTON HOLDINGS LP,,SBCHEBROLU@GMAIL.COM
85072534,deadAbandoned,None,"Aug. 22, 2011","Skully Bones, LLC",,mikejennhernandez@gmail.com
85072563,deadAbandoned,CASH4PHONES.COM THE CLEVER WAY TO RECYCLE.,"Apr. 07, 2011",CARNIC LIMITED,,
85072548,deadAbandoned,BEAT DA BOMB,"Dec. 15, 2011",Imagination Holdings Pty Ltd,,hostmaster@imagination.com.au
85072526,REQUEST_FAILED,,,,,
85072688,deadAbandoned,SELFISH VEGAN,"Nov. 06, 2011",Anna Seliger,,SelfishVegan@me.com
85072773,deadAbandoned,SNAP RECEIPT PRO,"Apr. 26, 2011",Roseville Tech Systems,,jt@rosevilletechsystems.com
85072802,deadAbandoned,NUTS 'N' FRUIT,"Apr. 16, 2011","Flanigan Farm, Inc.",,web@flaniganfarms.com
85072784,REQUEST_FAILED,,,,,
85072793,REQUEST_FAILED,,,,,
85072841,deadAbandoned,GOLFERS-EDGE POWER SCENT,"Apr. 08, 2011","Deon Aromatrends International, LLC",,dlbarkley1@aol.com
85073010,deadAbandoned,BRING YOUR SMILE TO LIFE,"Nov. 08, 2011",Chicago Center for Aesthetic Dentistry,,drfishman@chicagosmiledoctor.com
85073021,deadAbandoned,REY SONATA,"Aug. 22, 2011","Hurt, RaJames",,gingerbreadman901@gmail.com
85073061,deadAbandoned,REVOLUTIONARY SCHEDULING,"Aug. 22, 2011","Cadmean, Inc",,micahtouchet@gmail.com
85073062,REQUEST_FAILED,,,,,
85073159,REQUEST_FAILED,,,,,
85073248,deadAbandoned,TEQUILIERS,"Feb. 09, 2011",Grupo Industrial Muyaad S.A. de C.V.,,connygw@yahoo.com.mx
85073178,REQUEST_FAILED,,,,,
85073366,deadAbandoned,ADAPTRONIC,"Apr. 05, 2011",Adaptronic Electronics Pty Ltd (Australia),,andyw@adaptronic.com.au
85073440,deadAbandoned,!BANG!,"Oct. 28, 2011","Bangit, Joseph",,
85073442,deadAbandoned,CANDY SHOP HYDROPONICS,"Nov. 28, 2011","Candy Shop Hydroponics, LLC",,
85073454,deadAbandoned,YUMBURGERS,"Nov. 03, 2011","Passas, Michael",,
85073473,deadAbandoned,VICTORY ELECTRONIC CIGARETTE,"Oct. 18, 2011","Natural Alternatives, LLC",,
85073467,deadAbandoned,ANAGRAMMER,"Oct. 19, 2011",CYBERLIME LLC,,
85073446,deadAbandoned,CANDY SHOP HYDRO,"Nov. 28, 2011","Candy Shop Hydroponics, LLC",,
85073465,deadAbandoned,EXPERIENCE THE POWER,"Aug. 29, 2011","Ionlite International, LLC",,
85073563,deadAbandoned,ESCHOOL ACCESS +,"Feb. 23, 2011",Optimization Zorn Corporation,,smontgomery@oz-systems.com
85073571,REQUEST_FAILED,,,,,
85073576,REQUEST_FAILED,,,,,
85073645,deadAbandoned,IMINENT,"Apr. 08, 2011",IMINENT,,francis.cohen@iminent.com
85073632,REQUEST_FAILED,,,,,
85073792,deadAbandoned,MG NUTRIPETS,"Apr. 29, 2011",De la Monja Avila Marcos,,marcos_monja@hotmail.com
85073711,REQUEST_FAILED,,,,,
85073812,REQUEST_FAILED,,,,,
85073857,deadAbandoned,Q QUECOMPRA QUEVENDE LATINO CONÉCTATE CON TU GENTE!,"Oct. 17, 2011","QC.QV. ADVERTISEMENT SERVICES, INC.",,quecompraquevende@gmail.com
85074007,deadAbandoned,PERIÓDICO SOLO OFERTAS,"Apr. 11, 2011","PATIÑO RUIZ, MARIA DEL REFUGIO",,connygw@yahoo.com.mx
85073990,REQUEST_FAILED,,,,,
85074035,deadAbandoned,THE BUCKLE BOUTIQUE,"Dec. 02, 2011","Bortz Family Business, LLC",,bbortz@hotmail.com
85074025,deadAbandoned,CINNAMON DIAMONDS,"Apr. 08, 2011",Zarco Inc.,,payamzar@gmail.com
85074053,deadAbandoned,ANA M.,"Apr. 15, 2011","Ana M Original, Inc",,lena@anamdesign.com
85074010,REQUEST_FAILED,,,,,
85074278,deadAbandoned,OFFICEPRINT,"Aug. 29, 2011",APP Canada,,steve@appcanada.com
85074163,REQUEST_FAILED,,,,,
85074294,REQUEST_FAILED,,,,,
85074236,REQUEST_FAILED,,,,,
85074482,deadAbandoned,DOSAIPLACE,"Oct. 06, 2011","Doddapaneni, Sagar",,
85074427,REQUEST_FAILED,,,,,
85074493,deadAbandoned,PPP,"Jul. 12, 2011","Promate Electronic Co., Ltd.",,marcom@promate.com
85074478,REQUEST_FAILED,,,,,
85074501,deadAbandoned,FILM FOLK,"Aug. 29, 2011",Lendaround Ltd,,tim@lendaround.com
85074692,REQUEST_FAILED,,,,,
85074729,deadAbandoned,CARMELA'S FOOD COMPANY,"Oct. 03, 2011","Romero, Daisy",,
85074716,REQUEST_FAILED,,,,,
85074748,deadAbandoned,None,"Aug. 15, 2011","MARTINEZ, GONZALO",,gonzalo@burro-inc.com
85074724,REQUEST_FAILED,,,,,
85074725,REQUEST_FAILED,,,,,
85074810,deadAbandoned,IMA BLUEBERRY,"Apr. 11, 2011",Oregon Blueberry Commission,,bryan@ostlund.com
85074753,REQUEST_FAILED,,,,,
85074789,REQUEST_FAILED,,,,,
85074874,deadAbandoned,BUMPS & BRUISES CLOTHING,"Apr. 19, 2011","Tuma, Pedro",,
85075154,deadAbandoned,NICEYA,"Apr. 08, 2011",American LA. Nice Biotech Group,,etaishan@gmail.com
85075191,deadAbandoned,MOCHIBERRI FROZEN YOGURT,"Apr. 08, 2011",Value Trust,,wwfpana@gmail.com
85075108,REQUEST_FAILED,,,,,
85075045,deadAbandoned,WOW PEOPLE & ANIMALS,"Apr. 11, 2011",Todorov Viktor Veselinov,,e.solutions.info@gmail.com
85075308,REQUEST_FAILED,,,,,
85075373,REQUEST_FAILED,,,,,
85075423,REQUEST_FAILED,,,,,
85075582,deadAbandoned,FORTE,"Aug. 22, 2011","Rocco, Francesco",,
85075514,REQUEST_FAILED,,,,,
85075524,REQUEST_FAILED,,,,,
85075585,deadAbandoned,DOSAI PLACE,"Oct. 06, 2011","Doddapaneni, Sagar",,
85075594,deadAbandoned,IMOVIESTORE,"Nov. 28, 2011","Madesclaire, Patrice",,patricem@investeur.com
85075595,deadAbandoned,MOBILE|DIVIDE,"Apr. 20, 2011","Artinian, Serko",,serkoart@yahoo.com
85075548,REQUEST_FAILED,,,,,
85075583,REQUEST_FAILED,,,,,
85075753,REQUEST_FAILED,,,,,
85076013,deadAbandoned,POPSTAR WORKOUT,"Aug. 29, 2011",Haute Fitness LLC,,heather@hautefitness.com
85075852,REQUEST_FAILED,,,,,
85075932,REQUEST_FAILED,,,,,
85076056,deadAbandoned,"""NAVIGATING LIFE""","Apr. 13, 2011","Carstens, Jack M.",,jmcarstens@hotmail.com
85076174,deadAbandoned,INFOLOG,"Apr. 15, 2011",Informetric Systems Inc.,,bengel@informetric.com
85076104,REQUEST_FAILED,,,,,
85076244,deadAbandoned,NH,"Apr. 13, 2011",Nicky Hilton Worldwide LLC,,
85076366,deadAbandoned,None,"Apr. 14, 2011","CHUNMA USA., INC.",,ikechungkr@yahoo.co.kr
85076353,REQUEST_FAILED,,,,,
85076523,REQUEST_FAILED,,,,,
85076588,deadAbandoned,I IPOD GRAPHICS.COM,"Apr. 20, 2011",iPodGraphics Inc,,sgi2005@gmail.com
85076667,deadAbandoned,COMPLIANCEMD,"Nov. 07, 2011","Schreider, Tari",,
85076614,REQUEST_FAILED,,,,,
85076615,REQUEST_FAILED,,,,,
85076621,REQUEST_FAILED,,,,,
85076722,deadAbandoned,IWATER,"Dec. 05, 2011","Issaev, Alibek",,
85076675,REQUEST_FAILED,,,,,
85076685,REQUEST_FAILED,,,,,
85076809,deadAbandoned,ME.ME.ME.,"Aug. 29, 2011",Lauren Hale,,
85076695,REQUEST_FAILED,,,,,
85076801,deadAbandoned,CRUNCHCO SNACKS,"Mar. 22, 2011",Crunchco Snacks,,tom@crunchco.com
85076816,deadAbandoned,STRAIT-TALK,"Apr. 19, 2011","Randolph, Jean",,jeanrandolph@sbcglobal.net
85076851,deadAbandoned,HELLO GOOD MORNING,"Apr. 20, 2011","Smith, Lewis R.",,Hello@hello-goodmorning.com
85076833,REQUEST_FAILED,,,,,
85076963,REQUEST_FAILED,,,,,
85077090,deadAbandoned,CARTUP,"Apr. 21, 2011","Cartup, Inc",,info@cartup.com
85077032,deadAbandoned,SYMBELLA,"Nov. 21, 2011","Symbella Jewels HSN, LLC",,
85077071,REQUEST_FAILED,,,,,
85077089,REQUEST_FAILED,,,,,
85077202,deadAbandoned,CREAMY ADDICTIONS,"Aug. 01, 2011","GLOBAL NETWORK INVESTMENTS, LLC",,SHIRMAK7@AOL.COM
85077105,REQUEST_FAILED,,,,,
85077199,deadAbandoned,LOS PORTALES,"Apr. 13, 2011",RAFAEL CURIEL GAMIÑO,,zenonyasociados@prodigy.net.mx
85077242,deadAbandoned,EL PADRINO TEQUILA,"Jan. 25, 2011","Social Group, LLC",,yazelzee@yahoo.com
85077291,deadAbandoned,DM DIAMOND MAJESTE,"Sep. 07, 2011",THE DIAMOND MAJESTE,,LATASHA300@YAHOO.COM
85077361,deadAbandoned,VIRTUASONIC,"Jun. 14, 2011",VIRTUASONIC (di Camnasio Alessandro),,info@virtuasonic.com
85077319,REQUEST_FAILED,,,,,
85077325,REQUEST_FAILED,,,,,
85077403,REQUEST_FAILED,,,,,
85077446,REQUEST_FAILED,,,,,
85077496,deadAbandoned,VIRALOCITY STUDIOS,"Mar. 31, 2011",Joel L. Goodrich,,jgoodr@aol.com
85077440,REQUEST_FAILED,,,,,
85077484,REQUEST_FAILED,,,,,
85077654,deadAbandoned,DIAMOND MAJESTÉ DM,"Aug. 29, 2011",THE DIAMOND MAJESTE,,LATASHA300@YAHOO.COM
85077563,REQUEST_FAILED,,,,,
85077536,REQUEST_FAILED,,,,,
85077698,deadAbandoned,INTERNATIONAL PERSPECTIVES,"Apr. 15, 2011","Miller, Cameron N",,cmiller.mba2012@london.edu
85077629,REQUEST_FAILED,,,,,
85077635,REQUEST_FAILED,,,,,
85077666,REQUEST_FAILED,,,,,
85077724,REQUEST_FAILED,,,,,
85077802,deadAbandoned,"BAD DICK, GOOD JANE","Oct. 14, 2011","Kelley, Lyn A.",,lyn@growpublications.com
85077773,REQUEST_FAILED,,,,,
85077777,REQUEST_FAILED,,,,,
85077792,REQUEST_FAILED,,,,,
85077825,deadAbandoned,HORIZONTAL CODING,"Mar. 30, 2011",DomainOkay,,info@domainokay.com
85077839,deadAbandoned,RUCKING FUTGERS,"Jul. 18, 2011",Julie Sinistore,,juliesinistore@gmail.com
85077819,REQUEST_FAILED,,,,,
85077824,REQUEST_FAILED,,,,,
85077832,REQUEST_FAILED,,,,,
85077875,REQUEST_FAILED,,,,,
85077865,REQUEST_FAILED,,,,,
85077921,deadAbandoned,SPARKLINGSLATE,"Sep. 26, 2011",iTrazone,,stan.kumar@itrazone.com
85077852,REQUEST_FAILED,,,,,
85077922,deadAbandoned,ANSO LABS,"Apr. 27, 2011",Overstimulate LLC,,ben@ansolabs.com
85077930,deadAbandoned,SQUEALIT,"Oct. 24, 2011",Rainer Sergio,,rayserg@yahoo.com
85077915,REQUEST_FAILED,,,,,
85078001,deadAbandoned,ECOFLEET SOFTWARE,"Sep. 22, 2011",Corporación CIMA CI SA de CV,,carla@cimatruck.com
85078005,deadAbandoned,PHIL-PEAT,"Apr. 19, 2011","Penn, Richard A.",,knay771323@yahoo.com
85077958,REQUEST_FAILED,,,,,
85078049,deadAbandoned,MOKKAWEAR,"Aug. 08, 2011",Urban International LLC,,amuller@joinurban.com
85078095,deadAbandoned,WIND&SOLAR,"Dec. 28, 2011","NINGBO FENGSHEN FENGDIAN SCIENCE AND TECHNOLOGY CO.,LTD.",,zhanghonglu@inipa.com
85078050,REQUEST_FAILED,,,,,
85078123,deadAbandoned,THE SEXY DIET,"Apr. 21, 2011",Jenny Patrizia Lee,,usabeekids@gmail.com
85078145,REQUEST_FAILED,,,,,
85078155,REQUEST_FAILED,,,,,
85078335,REQUEST_FAILED,,,,,
85078350,REQUEST_FAILED,,,,,
85078617,REQUEST_FAILED,,,,,
85078779,REQUEST_FAILED,,,,,
85078860,deadAbandoned,ONE NATION. ONE WORLD. ONE UNIVERSE. WE ARE ONE.,"Sep. 05, 2011","Gaskill, Jenna",,infinitezen22@yahoo.com
85078802,REQUEST_FAILED,,,,,
85078829,REQUEST_FAILED,,,,,
85078918,deadAbandoned,BLOOMTASTIC!,"Dec. 26, 2011","Hines Nurseries, LLC",,dicksey@opelo.com
85078887,REQUEST_FAILED,,,,,
85078934,deadAbandoned,BETTER CREDIT... BETTER OPTIONS,"Apr. 21, 2011",CRE Credit Services LLC,,james@cecreditservices.com
85078909,REQUEST_FAILED,,,,,
85078998,deadAbandoned,ANAGLYPH,"Sep. 05, 2011",Joseph A. Zaki,,joseph@staticocean.com
85078945,REQUEST_FAILED,,,,,
85079026,deadAbandoned,POCKETWIZ,"Apr. 21, 2011",Microe Pty Ltd,,stansen@microe.com.au
85079003,REQUEST_FAILED,,,,,
85079018,REQUEST_FAILED,,,,,
85079047,REQUEST_FAILED,,,,,
85079111,REQUEST_FAILED,,,,,
85079229,REQUEST_FAILED,,,,,
85079305,REQUEST_FAILED,,,,,
85079402,deadAbandoned,SAPPHIRE QUARTZ,"Apr. 20, 2011",primus jewels llc,,yobrevol@aol.com
85079415,deadAbandoned,TOURMALINE QUARTZ,"Apr. 20, 2011",primus jewels llc,,yobrevol@aol.com
85079337,REQUEST_FAILED,,,,,
85079392,deadAbandoned,EMERALD QUARTZ,"Apr. 20, 2011",primus jewels llc,,yobrevol@aol.com
85079416,REQUEST_FAILED,,,,,
85079506,deadAbandoned,KOOKIE PUDDING KUPS,"Apr. 27, 2011",Give and Go Prepared Foods Corp.,,
85079458,REQUEST_FAILED,,,,,
85079469,REQUEST_FAILED,,,,,
85079488,deadAbandoned,MM MICRO MAG,"Apr. 20, 2011","Lin,Kuan-Ting",,ken.lin@micro-mag.com
85079554,deadAbandoned,PICKRIGHT,"Apr. 27, 2011","ProCat Management Services, LLC",,ggargone@procatms.com
85079694,deadAbandoned,THE CURRY CLUB,"Apr. 20, 2011","Mohan, Madan",,ssharma73@hotmail.com
85079718,deadAbandoned,BUSINESS FOR LIFE,"Apr. 26, 2011",Saul Serna F,,saul.s@businessforlife.biz
85079682,REQUEST_FAILED,,,,,
85079704,REQUEST_FAILED,,,,,
85079836,REQUEST_FAILED,,,,,
85079929,deadAbandoned,ADEBCO,"Aug. 29, 2011","DeBose, Alex H",,aggiealex@msn.com
85079842,REQUEST_FAILED,,,,,
85079913,REQUEST_FAILED,,,,,
85079915,REQUEST_FAILED,,,,,
85079965,deadAbandoned,LA SORRENTINA,"Oct. 05, 2011","Grieve, Jack",,globalalfleamarket@mac.com
85079941,REQUEST_FAILED,,,,,
85080131,deadAbandoned,FORENSIC TELEMETRY,"Apr. 23, 2011",Certichron inc,,tglassey@certichron.com
85080101,REQUEST_FAILED,,,,,
85080115,REQUEST_FAILED,,,,,
85080156,REQUEST_FAILED,,,,,
85080239,deadAbandoned,SUN SOURCE BANANAS PRODUCT OF COSTA RICA #4011,"Apr. 28, 2011",ODYSSEY INTERNATIONAL GROUP TRUST,,oigtmail@gmail.com
85080220,REQUEST_FAILED,,,,,
85080362,deadAbandoned,PRO LIGHT,"Apr. 26, 2011",Pilot Automotive Inc,,patentlawinc@hotmail.com
85080279,REQUEST_FAILED,,,,,
85080388,deadAbandoned,LEGACY SCHOLARSHIP,"Apr. 28, 2011","Inheritance of Hope, Inc.",,jill@inheritanceofhope.org
85080366,REQUEST_FAILED,,,,,
85080490,deadAbandoned,SHADOW WOLVES,"Sep. 05, 2011","Ciaffa, Christopher",,millyfarm@gmail.com
85080470,REQUEST_FAILED,,,,,
85080557,deadAbandoned,LEGACY VIDEO,"Apr. 28, 2011","Inheritance of Hope, Inc.",,jill@inheritanceofhope.org
85080603,REQUEST_FAILED,,,,,
85080792,deadAbandoned,FISH 'N' GRITS,"Sep. 05, 2011","J Squared Media, LLC",,jason@rawreport.com
85080855,deadAbandoned,DELAHAYE GFA,"Jul. 20, 2011",TERRY COOK,,johndblue@yahoo.com
85080814,REQUEST_FAILED,,,,,
85080898,deadAbandoned,THE FARM AND THE FISHERMAN,"Sep. 05, 2011","Lawler, Sam",,
85080834,REQUEST_FAILED,,,,,
85080895,deadAbandoned,CHALLENGE DATING,"May 03, 2011","Challenge Dating, Inc.",,
85080922,deadAbandoned,DODOCASE,"Aug. 17, 2011","DODOcase, Inc.",,craig@dodocasevr.com
85080897,REQUEST_FAILED,,,,,
85080940,deadAbandoned,ARENA,"Sep. 05, 2011",The Arena Group,,info@thearenamma.com
85080942,deadAbandoned,"BAWARCHI, YEH ""DUM"" ASLI HAI, INDIAN NON VEGETARIAN","Nov. 10, 2011","Doddapaneni, Sagar",,
85080901,REQUEST_FAILED,,,,,
85080945,deadAbandoned,NATURAL BALANCE ROCKWILL,"Nov. 19, 2011",Yang Lee,,
85080938,deadAbandoned,GI JITSU FIGHTWEAR,"May 02, 2011",Gi Jitsu Products Inc.,,raz@razchanfitness.com
85080972,deadAbandoned,WRL,"Apr. 22, 2011",Wolfe.com LLC,,jason@wolfe.com
85080907,REQUEST_FAILED,,,,,
85080960,deadAbandoned,HOT CHICKS CAFE,"Oct. 17, 2011",Hot Chicks Cafe Inc,,raymond@u6.org
85080947,REQUEST_FAILED,,,,,
85080993,REQUEST_FAILED,,,,,
85081029,REQUEST_FAILED,,,,,
85081172,REQUEST_FAILED,,,,,
85081228,deadAbandoned,E EPIC WEAR OUTPERFORM,"Mar. 24, 2011","Brand Name Leasing, Inc.",,
85081232,deadAbandoned,CUTTING EDGE GREEN REAL ESTATE,"Apr. 28, 2011","Rezaie, Maryam",,rezaie_maryam@hotmail.com
85081188,REQUEST_FAILED,,,,,
85081202,REQUEST_FAILED,,,,,
85081320,deadAbandoned,PROTECTOR HOME FIRE ESCAPE,"Apr. 26, 2011","Calico Ladders, LLC",,scott.cramer@calicoladders.com
85081262,REQUEST_FAILED,,,,,
85081391,deadAbandoned,WEBCASTER,"Apr. 22, 2011",Stuart Spector Designs Ltd.,,info@spectorbass.com
85081295,REQUEST_FAILED,,,,,
85081647,deadAbandoned,CONTEXTOR,"Apr. 21, 2011",Viprocom Holding AG,,christoph.wilfert@combionic.com
85081585,REQUEST_FAILED,,,,,
85081651,REQUEST_FAILED,,,,,
85081753,REQUEST_FAILED,,,,,
85081878,deadAbandoned,NICE-H2O,"Sep. 05, 2011","Merola, Jodi",,jodimerola@gmail.com
85081851,REQUEST_FAILED,,,,,
85081924,deadAbandoned,D.A.M.M. DRUNKS AGAINST MAD MOTHERS,"Dec. 15, 2011","Doetsch, Chris",,
85081886,REQUEST_FAILED,,,,,
85081946,deadAbandoned,WS WILLIS SCHEDULING GROUP SCHEDULING & PLANNING SOLUTIONS,"May 02, 2011",Willis Scheduling Group,,twillis@willisscheduling.com
85081913,REQUEST_FAILED,,,,,
85081952,deadAbandoned,PENNIES ON THE DOLLAR,"Apr. 26, 2011","BlueTop Media, LLC",,
85081933,REQUEST_FAILED,,,,,
85081999,deadAbandoned,LASSEN HIKING ASSOCIATION,"Apr. 29, 2011","Jones, Michael Robert",,michael1977@sbcglobal.net
85082017,deadAbandoned,EAUVOLUTION,"Apr. 26, 2011",Eauvolution Ltd,,fiona.mcsharry@eauvolution.com
85081985,REQUEST_FAILED,,,,,
85082002,REQUEST_FAILED,,,,,
85082006,REQUEST_FAILED,,,,,
85082018,REQUEST_FAILED,,,,,
85082025,REQUEST_FAILED,,,,,
85082077,REQUEST_FAILED,,,,,
85082087,REQUEST_FAILED,,,,,
85082144,deadAbandoned,CYBERLINK MEDIA SUITE,"May 03, 2011",CyberLink Corporation,,kate_liao@cyberlink.com
85082180,deadAbandoned,5ER,"Jul. 25, 2011",MDT MICRO DIAMOND TECHNOLOGIES LTD,,JAMIER@MDTDENTAL.COM
85082119,REQUEST_FAILED,,,,,
85082122,REQUEST_FAILED,,,,,
85082225,deadAbandoned,DULCE DIAMONDS,"Apr. 08, 2011",Zarco Inc.,,payamzar@gmail.com
85082166,REQUEST_FAILED,,,,,
85082185,REQUEST_FAILED,,,,,
85082223,REQUEST_FAILED,,,,,
85082258,deadAbandoned,MATCHMAKER,"Aug. 29, 2011",RUFFLED,,amanda@ruffledblog.com
85082307,deadAbandoned,LCD 3D,"Sep. 12, 2011",Santino Terranova,,dreamego@aol.com
85082394,REQUEST_FAILED,,,,,
85082431,REQUEST_FAILED,,,,,
85082735,deadAbandoned,UCO VALLEY ESTATES,"May 17, 2011","Meschini, Eugenio E.",,eugenio.meschini@black-river.com
85082789,REQUEST_FAILED,,,,,
85082793,REQUEST_FAILED,,,,,
85082807,REQUEST_FAILED,,,,,
85082849,REQUEST_FAILED,,,,,
85082906,deadAbandoned,PC LEARNING AID,"Aug. 09, 2011",Troy Joachim,,troyjoachim@yahoo.com
85082879,REQUEST_FAILED,,,,,
85082918,deadAbandoned,LIVE THE 8,"Oct. 10, 2011","Ascendi Group, Inc.",,david@ascendi.com
85082911,REQUEST_FAILED,,,,,
85082970,deadAbandoned,BRON 3:16,"Sep. 12, 2011","Wilson, Alan",,awilson@cednphx.com
85082990,deadAbandoned,ESENCIA,"Apr. 27, 2011",TAIWAN AV CORPORATION LIMITED,,VIKAS@TVLHK.COM
85082945,REQUEST_FAILED,,,,,
85082965,REQUEST_FAILED,,,,,
85082986,REQUEST_FAILED,,,,,
85083108,deadAbandoned,THE 8 DO WHAT MATTERS.,"Oct. 10, 2011","Ascendi Group, Inc.",,david@ascendi.com
85083140,deadAbandoned,PATRIOTAPP,"Sep. 12, 2011","Reinighaus, Ronald Charles",,patriotapps@gmail.com
85083053,REQUEST_FAILED,,,,,
85083119,REQUEST_FAILED,,,,,
85083219,deadAbandoned,NETMOBILETV,"Apr. 28, 2011",Unifund Corporation,,
85083132,REQUEST_FAILED,,,,,
85083265,deadAbandoned,YELLOWPAGESTV,"Apr. 28, 2011",Unifund Corporation,,
85083330,deadAbandoned,THIRTY CONVERSATIONS ON DESIGN,"May 04, 2011","M. Little & Company, Incorporated",,molly.schwartz@littleco.com
85083346,deadAbandoned,DLONG2,"Apr. 27, 2011",Diane Long,,dlong246@yahoo.com
85083392,deadAbandoned,None,"Apr. 27, 2011","Peiying Fashion International (USA), Ltd Co",,rickL66@yahoo.com
85083389,deadAbandoned,DILLON DUDD,"Apr. 27, 2011","PEIYING FASHION INTERNATIOINAL (USA), LTD CO",,rickl66@yahoo.com
85083353,REQUEST_FAILED,,,,,
85083370,REQUEST_FAILED,,,,,
85083528,deadAbandoned,SPECIALTY ÉLITE VODKA,"Apr. 27, 2011",specialty elite vodka inc,,specialityunionproducts@gmail.com
85083569,deadAbandoned,CAR ARM RESTOR,"May 31, 2011",Nova Creations,,mrterranover@aol.com
85083417,deadAbandoned,ENCORE,"Apr. 28, 2011","LIN, LIHAO",,tradepro518@gmail.com
85083428,REQUEST_FAILED,,,,,
85083660,deadAbandoned,HEARTSHIELD ALPHA,"Apr. 27, 2011","BIOARMOR LABS, INC.",,MATT@KRUEGERTAX.COM
85083489,REQUEST_FAILED,,,,,
85083668,deadAbandoned,ARI,"Apr. 27, 2011","The Red Box, Inc.",,yigal@yigal.com
85083698,deadAbandoned,HEARTSHIELD OMEGA,"Apr. 27, 2011","BIOARMOR LABS, INC.",,MATT@KRUEGERTAX.COM
85083747,deadAbandoned,WIN ONE FOR THE BOSS,"Jan. 18, 2011",THE EMBLEM SOURCE,,rutt12@aol.com
85083701,deadAbandoned,THE OPEN SAFE,"Apr. 27, 2011","The Red Box, Inc.",,yigal@yigal.com
85083752,REQUEST_FAILED,,,,,
85083881,REQUEST_FAILED,,,,,
85083891,REQUEST_FAILED,,,,,
85084010,deadAbandoned,CHILLED TO THE BONE,"Sep. 12, 2011","Dill, Lorna S.",,landhomedesign@comcast.net
85083943,REQUEST_FAILED,,,,,
85084040,deadAbandoned,KAHOOTIE,"Sep. 12, 2011",Kody and Company,,kkohutek@kodyandco.com
85084142,deadAbandoned,COFFEE & CROISSANTS,"May 04, 2011",Maximilien Geiger,,max21ge@hotmail.com
85084017,REQUEST_FAILED,,,,,
85084084,REQUEST_FAILED,,,,,
85084133,REQUEST_FAILED,,,,,
85084138,REQUEST_FAILED,,,,,
85084175,deadAbandoned,PF-3 VACUUM ON DEMAND,"May 06, 2011",Acme Manufacturing,,rlochp@aol.com
85084202,REQUEST_FAILED,,,,,
85084208,REQUEST_FAILED,,,,,
85084214,REQUEST_FAILED,,,,,
85084266,deadAbandoned,RICE GURU,"Aug. 12, 2011",Rice Guru Limited,,haroon6041@gmail.com
85084292,REQUEST_FAILED,,,,,
85084433,REQUEST_FAILED,,,,,
85084654,deadAbandoned,CALL MAGIC,"May 23, 2011","Michelin, Adam M",,adam79c@gmail.com
85084609,REQUEST_FAILED,,,,,
85084739,deadAbandoned,RAPID OBSERVATION OF VULNERABILITY AND ESTIMATION OF RISK (ROVER),"Apr. 28, 2011",SPA Risk LLC,,
85084624,REQUEST_FAILED,,,,,
85084666,REQUEST_FAILED,,,,,
85084834,deadAbandoned,FAILSAFE NUMBER,"May 03, 2011",Phone Power,,courtneyc@phonepower.com
85084754,deadAbandoned,LUXM LUXURY MOBILE,"Jul. 06, 2011","Lu, He",,richard@dreamwireless.com
85084859,deadAbandoned,WORLD CANCER INSTITUTE,"Apr. 29, 2011",Unifund Corporation,,
85084720,REQUEST_FAILED,,,,,
85084797,REQUEST_FAILED,,,,,
85084874,REQUEST_FAILED,,,,,
85084889,REQUEST_FAILED,,,,,
85084899,REQUEST_FAILED,,,,,
85084963,deadAbandoned,GENOXYZ,"Apr. 28, 2011","Pat & Doris Co., Ltd",,genoxyz@mac.com
85084965,deadAbandoned,M(CHIA)2,"Dec. 05, 2011","GOOD CHIA, LLC",,somelady07@gmail.com
85084958,deadAbandoned,MFGHOAX,"Sep. 12, 2011","Godett, Chad",,chado1276@gmail.com
85084966,deadAbandoned,DELTA CLOTHING COMPANY,"May 03, 2011",Delta Clothing Company,,stuart@deltaclothingcompany.com
85084988,deadAbandoned,DRYWET-TEX,"Apr. 28, 2011","Pat & Doris Co., Ltd",,genoxyz@mac.com
85084979,deadAbandoned,TWIHARDER,"May 04, 2011",Between The Lines Production LLC,,johngearries@yahoo.com
85085033,deadAbandoned,PENNIES FOR LIFE MICROLOAN FOUNDATION,"Nov. 28, 2011",MicroLoan Foundation,,michael.mcgrath@microloanfoundation.org.uk
85085020,deadAbandoned,P3 POWER PLANNER,"Nov. 07, 2011",Industrial Training University Inc.,,
85084974,REQUEST_FAILED,,,,,
85084975,REQUEST_FAILED,,,,,
85085017,deadAbandoned,POWER PLANNER P3,"Nov. 07, 2011",Industrial Training University Inc.,,
85085056,deadAbandoned,AUSSIE RULES FOOTBALL,"Mar. 23, 2011",Big Ant Studios Pty Ltd,,ross.symons@bigant.com
85085175,REQUEST_FAILED,,,,,
85085252,REQUEST_FAILED,,,,,
85085278,REQUEST_FAILED,,,,,
85085316,REQUEST_FAILED,,,,,
85085456,deadAbandoned,CRUISE LINE PASSENGERS ALLIANCE CLIPA,"Sep. 19, 2011",CLIPA LLC,,jim_kabbani@yahoo.com
85085458,deadAbandoned,LIZBAN,"Sep. 26, 2011","McMurray, Toni, R.K.",,trkmcmurray@gmail.com
85085466,REQUEST_FAILED,,,,,
85085477,REQUEST_FAILED,,,,,
85085503,REQUEST_FAILED,,,,,
85085757,deadAbandoned,MIKE ON A BIKE,"May 02, 2011",Michael Robert Chacon,,kidmike63@gmail.com
85085761,deadAbandoned,AGAME CASINO,"Apr. 22, 2011",AGameCo.,,bobby@AGameCo.com
85085734,REQUEST_FAILED,,,,,
85085789,deadAbandoned,AGAME NONPROFIT,"Apr. 22, 2011",AGameCo.,,bobby@AGameCo.com
85085901,deadAbandoned,JAZZ TAPESTRY,"May 05, 2011","Hall, Danny",,
85085800,REQUEST_FAILED,,,,,
85085886,REQUEST_FAILED,,,,,
85085905,REQUEST_FAILED,,,,,
85086064,deadAbandoned,BURNETT GOLDBERG,"Apr. 28, 2011",Ebony March,,ebony@burnettgoldberg.com
85086081,deadAbandoned,LAKE LIFE INDUSTRIES,"May 03, 2011",Keith Daniel Hooten & Taylor O'Connor,,lakelifeindustries@gmail.com
85085993,REQUEST_FAILED,,,,,
85086087,deadAbandoned,THE NEW JAMES,"Nov. 30, 2011","Caso-Rosendi, Carlos",,
85086092,deadAbandoned,RECOGNITION GET NOTICED!,"May 05, 2011",Alperovich Dror,,DROR76@SBCGLOBAL.NET
85086032,REQUEST_FAILED,,,,,
85086038,REQUEST_FAILED,,,,,
85086354,deadAbandoned,MONKET,"May 05, 2011","Abandon Interactive Entertainment, LLC",,
85086366,deadAbandoned,PENGA,"May 03, 2011","Abandon Interactive Entertainment, LLC",,
85086172,REQUEST_FAILED,,,,,
85086210,REQUEST_FAILED,,,,,
85086360,deadAbandoned,ORKAL,"Oct. 03, 2011","Abandon Interactive Entertainment, LLC",,
85086335,REQUEST_FAILED,,,,,
85086449,deadAbandoned,WALLOC,"Sep. 26, 2011","Abandon Interactive Entertainment, LLC",,
85086452,deadAbandoned,TURTOE,"Oct. 03, 2011","Abandon Interactive Entertainment, LLC",,
85086371,REQUEST_FAILED,,,,,
85086369,REQUEST_FAILED,,,,,
85086453,deadAbandoned,DINORK,"Oct. 03, 2011","Abandon Interactive Entertainment, LLC",,
85086551,deadAbandoned,ALLCASHOFFER,"May 05, 2011","CreditPal, LLC",,
85086557,deadAbandoned,LEAP PROVIDING STAFFING SOLUTIONS,"May 06, 2011",Dr. Clayton Lawrence,,clawrence@leap4staffing.com
85086598,deadAbandoned,LEAP PROVIDING STAFFING SOLUTIONS,"May 06, 2011",Dr. Clayton Lawrence,,clawrence@leap4staffing.com
85086677,deadAbandoned,LEAP FOUNDATION DC,"May 06, 2011",Dr. Clayton Lawrence,,clawrence@leap4staffing.com
85086488,REQUEST_FAILED,,,,,
85086654,deadAbandoned,LEAP FOUNDATION DC,"May 06, 2011",Dr. Clayton Lawrence,,clawrence@leap4staffing.com
85086740,deadAbandoned,FIERCE & FRUGAL,"May 07, 2011",Chantel McGee,,chantel.mcgee@gmail.com
85086786,deadAbandoned,HOME APPETIT PRIVATE CULINARY SERVICE,"May 24, 2011","Webster, Stacey",,kswebster@ca.rr.com
85086717,REQUEST_FAILED,,,,,
85086792,deadAbandoned,MOUSE GATOR,"May 02, 2011","Rhinehart, David M",,dave@pfharris.com
85086901,REQUEST_FAILED,,,,,
85087056,deadAbandoned,HOMESECURITY,"May 04, 2011","Hall, Scott David",,home@psyke.biz
85086973,REQUEST_FAILED,,,,,
85086985,REQUEST_FAILED,,,,,
85087069,deadAbandoned,ECORANGE,"May 05, 2011",Oleg Vainer,,zoomenergy@aol.com
85087058,deadAbandoned,STOCKVILLE,"May 04, 2011",StockVille,,stockvillebiz@gmail.com
85087088,deadAbandoned,MAID OF ELEGANCE,"May 02, 2011","Amaranta, LLC",,customercare@maidofelegance.com
85087028,REQUEST_FAILED,,,,,
85087085,deadAbandoned,STRATEGIC GLOBAL INTELLIGENCE,"Dec. 07, 2011","Sternheim, Bobbi",,
85087074,deadAbandoned,I AM INC INTELLIGENTLY NETWORKED COMMUNITIES,"May 06, 2011",Michael Vahigh Peshkam,,vpeshkam@yahoo.com
85087075,REQUEST_FAILED,,,,,
85087110,REQUEST_FAILED,,,,,
85087157,deadAbandoned,CLARISSA NADLER,"May 03, 2011","Diennet, Ronald D",,ronalddiennet@gmail.com
85087089,REQUEST_FAILED,,,,,
85087113,REQUEST_FAILED,,,,,
85087163,REQUEST_FAILED,,,,,
85087229,deadAbandoned,BONALIFE,"Sep. 19, 2011","Treviño Hernandez, Emir Heerlén",,emir.trevino@gmail.com
85087170,REQUEST_FAILED,,,,,
85087178,REQUEST_FAILED,,,,,
85087261,deadAbandoned,"FROSTY BOY AUSTRALIA OFTEN LICKED, NEVER BEATEN!","Nov. 18, 2011",Frosty Boy Australia Pty Ltd,,chris@frostyboy.com.au
85087282,deadAbandoned,CRANIOSACRAL THERAPY,"Oct. 27, 2011","Bray, Johnny",,
85087254,deadAbandoned,VINOBOX,"May 08, 2011","ZHONGSHAN DONLIM WEILI ELECTRICAL APPLIANCES CO., LTD.",,zhanghonglu@inipa.com
85087280,deadAbandoned,MAN COOK,"Oct. 03, 2011","Gagnon, Dominic",,
85087336,deadAbandoned,SIXTY:6,"May 03, 2011","Robinson, Davis M.",,dmr30@yahoo.com
85087245,REQUEST_FAILED,,,,,
85087275,REQUEST_FAILED,,,,,
85087285,REQUEST_FAILED,,,,,
85087504,deadAbandoned,"2 PADS2HOME REALTY ""WE BELIEVE IN A BETTER HOME""","May 03, 2011","Almeyda, Maria",,ag@yomagazine4kids.com
85087420,REQUEST_FAILED,,,,,
85087575,REQUEST_FAILED,,,,,
85087585,REQUEST_FAILED,,,,,
85087692,REQUEST_FAILED,,,,,
85087832,deadAbandoned,THE PHUKIN CLUB,"May 09, 2011","Brunson, Brandi D",,brandilynbrunson@yahoo.com
85087820,REQUEST_FAILED,,,,,
85087874,REQUEST_FAILED,,,,,
85087963,REQUEST_FAILED,,,,,
85088176,deadAbandoned,PLUSH LUXURIOUS HOME FASHIONS,"Nov. 18, 2011",Night Spa LLC,,
85088098,REQUEST_FAILED,,,,,
85088207,REQUEST_FAILED,,,,,
85088311,REQUEST_FAILED,,,,,
85088349,deadAbandoned,HYDROPUMP,"May 03, 2011",Ultramax Products Ltd,,joe@ultramaxproducts.com
85088550,deadAbandoned,HOWS MY DRIVING CALL MY DADDY,"Aug. 02, 2011",wood todd mingus,,ragweed454@yahoo.com
85088386,REQUEST_FAILED,,,,,
85088388,REQUEST_FAILED,,,,,
85088592,deadAbandoned,UFMS,"Oct. 03, 2011",Shimadzu Scientific Instruments,,sakuzdzal@shimadzu.com
85088460,REQUEST_FAILED,,,,,
85088524,REQUEST_FAILED,,,,,
85088639,deadAbandoned,ROZENDAL VINEGAR,"May 04, 2011",Rozendal Farm CC,,rozendal.handmade@gmail.com
85088601,REQUEST_FAILED,,,,,
85088690,REQUEST_FAILED,,,,,
85088706,REQUEST_FAILED,,,,,
85088820,REQUEST_FAILED,,,,,
85088928,REQUEST_FAILED,,,,,
85089064,deadAbandoned,ECOMMERCE UPSELL EXCHANGE,"Apr. 21, 2011","Cartup, Inc",,info@cartup.com
85088951,REQUEST_FAILED,,,,,
85089024,REQUEST_FAILED,,,,,
85089150,deadAbandoned,DR. TUTOR,"Dec. 01, 2011","Strumeier, David",,
85089133,REQUEST_FAILED,,,,,
85089134,REQUEST_FAILED,,,,,
85089144,REQUEST_FAILED,,,,,
85089268,deadAbandoned,COCOSOL,"Sep. 26, 2011",Emily Weston,,emilyidaho@gmail.com
85089188,REQUEST_FAILED,,,,,
85089347,REQUEST_FAILED,,,,,
85089383,deadAbandoned,THE BOSS,"May 17, 2011","SALAZAR, ARMANDO",,svalencia@agaveconquista.com
85089384,REQUEST_FAILED,,,,,
85089598,deadAbandoned,LOADRIGHT,"Apr. 27, 2011","ProCat Management Services, LLC",,lnechay@procatms.com
85089757,deadAbandoned,ADVANCED ID DETECTION,"May 04, 2011",Advanced ID Detection LLC,,brandonc@advancedIDdetection.com
85089443,REQUEST_FAILED,,,,,
85089876,deadAbandoned,DOC WEED,"Mar. 11, 2011",Scott Riddell,,
85089878,deadAbandoned,TOESOX,"Apr. 05, 2011","ToeSox, Inc.",,
85089881,REQUEST_FAILED,,,,,
85089939,REQUEST_FAILED,,,,,
85089977,REQUEST_FAILED,,,,,
85090092,deadAbandoned,US MESO HELPLINE,"Mar. 25, 2011","STALEX HOLDINGS, LLC",,stalexholdings@hotmail.com
85090105,deadAbandoned,CITIZENS DISABILITY HELPLINE,"Aug. 15, 2011","STALEX HOLDINGS, LLC",,stalexholdings@hotmail.com
85090098,deadAbandoned,CITIZENS ADVOCATES,"Jun. 18, 2011","STALEX HOLDINGS, LLC",,stalexholdings@hotmail.com
85090100,deadAbandoned,SAIL ROCK VENTURES,"Aug. 15, 2011","STALEX HOLDINGS, LLC",,stalexholdings@hotmail.com
85090069,REQUEST_FAILED,,,,,
85090130,deadAbandoned,COMMON COCK,"Oct. 03, 2011","Hymers, Scott",,
85090094,REQUEST_FAILED,,,,,
85090097,REQUEST_FAILED,,,,,
85090146,deadAbandoned,LOVE WHERE YOU LIVE,"Dec. 10, 2011","Fox, Susan",,
85090115,REQUEST_FAILED,,,,,
85090117,REQUEST_FAILED,,,,,
85090204,deadAbandoned,CRAVE FOR CRAB,"Oct. 03, 2011",Krown Foods,,
85090165,deadAbandoned,HEAD ON COLLISION,"Oct. 03, 2011","Vela, Roger",,
85090171,deadAbandoned,PREFERRED EQUITY PARTNERS,"Mar. 10, 2011",Shalom Hotbed SA,,liormail@zahav.net.il
85090155,REQUEST_FAILED,,,,,
85090312,deadAbandoned,"THE LIQUID THEORY (ALSO KNOWN AS THE LIQUID CRITERION, THE LIQUID FORMULA, AND THE LIQUID RECIPE) LEADERSHIP + INNOVATION + QUALITY = UNRIVALED INDUSTRY DOMINANCE","May 09, 2011",Sanjay Sharma,,sharmemail@yahoo.com
85090353,deadAbandoned,CHARMING SILHOUETTE,"Oct. 10, 2011","Sellon, Bradford",,dbsellon@verizon.net
85090260,REQUEST_FAILED,,,,,
85090354,REQUEST_FAILED,,,,,
85090443,deadAbandoned,MICRO PELLETS,"Aug. 23, 2011","Kyorin Co., Ltd.",,chris@hikariusa.com
85090419,REQUEST_FAILED,,,,,
85090431,REQUEST_FAILED,,,,,
85090453,REQUEST_FAILED,,,,,
85090595,deadAbandoned,PIKAPEEPS,"Nov. 29, 2011",LDRME LLC,,yutalk921@yahoo.com
85090484,REQUEST_FAILED,,,,,
85090530,REQUEST_FAILED,,,,,
85090786,deadAbandoned,3UPORT,"May 10, 2011",Brian Bauer,,brianbauer@etapepartners.com
85090806,deadAbandoned,CHERRYSNAQ,"Oct. 15, 2011",Oneonta Trading Corporation,,jimb@oneonta.com
85090649,REQUEST_FAILED,,,,,
85090931,REQUEST_FAILED,,,,,
85090960,REQUEST_FAILED,,,,,
85091075,deadAbandoned,SYNTHETIC GENETICS,"May 07, 2011","Darnaby & Associates, LLC",,rick@darnaby.net
85091005,REQUEST_FAILED,,,,,
85091080,deadAbandoned,WATER FREE GRASS,"May 08, 2011","Darnaby & Associates, LLC",,rick@darnaby.net
85091044,REQUEST_FAILED,,,,,
85091105,deadAbandoned,NAADIERE,"Oct. 10, 2011","Lezone Pacific Group, Inc.",,rl@acinetcom.com
85091076,REQUEST_FAILED,,,,,
85091191,deadAbandoned,MARKET MONARCH,"May 10, 2011","Gardner, Richard",,r.gardner@modulusfe.com
85091149,REQUEST_FAILED,,,,,
85091168,deadAbandoned,CRACKLE,"Feb. 25, 2011",De Roblin Inc.,,tmregistered@gmail.com
85091156,REQUEST_FAILED,,,,,
85091211,deadAbandoned,KIKO,"Dec. 19, 2011","Ding, Haisen",,
85091214,deadAbandoned,NADIRORA,"Oct. 10, 2011","Lezone Pacific Group, Inc.",,rl@acinetcom.com
85091208,deadAbandoned,TOUCH TO TALK,"Oct. 26, 2011",TiKL Inc,,tikl.mobi@gmail.com
85091219,deadAbandoned,ZASTAC,"Oct. 03, 2011",Multi Rake Cutting Tools Company Limited,,
85091221,deadAbandoned,NUTRAGEMZ,"Jul. 18, 2011",Herbion USA,,ghazal.sajid@herbion.com
85091212,REQUEST_FAILED,,,,,
85091230,REQUEST_FAILED,,,,,
85091393,deadAbandoned,CLUB PROPHET SYSTEMS,"May 12, 2011",Pro-Shopkeeper,,alisa@clubprophetsystems.com
85091408,deadAbandoned,LAWYER LEMONADE,"Dec. 06, 2011",Daniel Binstock,,danbinstock@yahoo.com
85091470,REQUEST_FAILED,,,,,
85091518,REQUEST_FAILED,,,,,
85091510,REQUEST_FAILED,,,,,
85091621,REQUEST_FAILED,,,,,
85091740,REQUEST_FAILED,,,,,
85091848,REQUEST_FAILED,,,,,
85092170,deadAbandoned,"AFTER USING IT, WE KNOW YOU WILL AGREE THAT ZASTAC IS THE DRILL BIT OF THE FUTURE!","Oct. 03, 2011",Multi Rake Cutting Tools Company Limited,,
85092169,deadAbandoned,BODY FLIGHT,"Oct. 03, 2011","Kencel, Robin",,
85092168,REQUEST_FAILED,,,,,
85092201,deadAbandoned,OIL N' WATER,"Oct. 10, 2011",David P. Clark,,dc@davidclarkcause.com
85092200,deadAbandoned,GO GREEN SEWING,"May 10, 2011","Schmitz, Katherine E.",,wschm81417@aol.com
85092194,REQUEST_FAILED,,,,,
85092236,deadAbandoned,EL MEJOR PAN DE TECATE,"May 17, 2011",Linda Fraijo,,ii9230@gmail.com
85092281,deadAbandoned,MINIEV MINI ELECTRIC VEHICLES,"Sep. 06, 2011",Mini HUMMER Europe Ltd,,dj@minihummereurope.com
85092226,REQUEST_FAILED,,,,,
85092269,REQUEST_FAILED,,,,,
85092283,REQUEST_FAILED,,,,,
85092346,deadAbandoned,PROTRONX,"Oct. 03, 2011",Apparition Marketing Pty Ltd,,lauri@apparition.com.au
85092341,REQUEST_FAILED,,,,,
85092379,REQUEST_FAILED,,,,,
85092448,deadAbandoned,ENCLOVEYOR,"Oct. 03, 2011",ENCLOVA,,ralilarsen@gmail.com
85092400,REQUEST_FAILED,,,,,
85092412,REQUEST_FAILED,,,,,
85092407,REQUEST_FAILED,,,,,
85092414,REQUEST_FAILED,,,,,
85092488,deadAbandoned,NUSCIENCE,"Oct. 03, 2011",George W & Associates LLC,,chris@multivitaminshots.com
85092534,REQUEST_FAILED,,,,,
85092591,REQUEST_FAILED,,,,,
85092706,deadAbandoned,DOGDEN,"May 10, 2011",Cory M Burnett,,cmb@terra45.com
85092637,REQUEST_FAILED,,,,,
85092692,REQUEST_FAILED,,,,,
85092899,deadAbandoned,GLO CRAZY GLO CRAZY,"Oct. 17, 2011","Glo-Crazy Lure Company, LLC",,lashby@glo-crazy.com
85092932,deadAbandoned,GLOCRAZY,"Oct. 17, 2011","Glo-Crazy Lure Company, LLC",,lashby@glo-crazy.com
85092774,REQUEST_FAILED,,,,,
85092873,REQUEST_FAILED,,,,,
85093108,REQUEST_FAILED,,,,,
85093151,REQUEST_FAILED,,,,,
85093301,deadAbandoned,CLEAN ENERGY PATHWAYS,"Nov. 07, 2011","Xcelplus Global Holings, Inc",,dposton724@gmail.com
85093256,REQUEST_FAILED,,,,,
85093259,REQUEST_FAILED,,,,,
85093296,REQUEST_FAILED,,,,,
85093334,deadAbandoned,NAADIERRE,"Oct. 10, 2011","Lezone Pacific Group, Inc.",,rl@acinetcom.com
85093366,REQUEST_FAILED,,,,,
85093369,REQUEST_FAILED,,,,,
85093426,deadAbandoned,VINTAGE ESTATES,"Sep. 09, 2011","Vintage Estates Realty, LLC",,
85093397,REQUEST_FAILED,,,,,
85093415,REQUEST_FAILED,,,,,
85093412,REQUEST_FAILED,,,,,
85093662,deadAbandoned,A D,"May 11, 2011","LEFLEF, TIMUCIN",,ADMIN@LIGHTFILMS.COM
85093577,REQUEST_FAILED,,,,,
85093533,REQUEST_FAILED,,,,,
85093709,REQUEST_FAILED,,,,,
85093878,REQUEST_FAILED,,,,,
85093890,REQUEST_FAILED,,,,,
85093973,REQUEST_FAILED,,,,,
85094097,REQUEST_FAILED,,,,,
85094193,REQUEST_FAILED,,,,,
85094249,REQUEST_FAILED,,,,,
85094314,deadAbandoned,AIOS,"Nov. 23, 2011","BuyCrowd, Inc.",,jb@amincorp.com
85094282,REQUEST_FAILED,,,,,
85094304,REQUEST_FAILED,,,,,
85094353,deadAbandoned,OUTBURST WEAR CO.,"May 17, 2011",Outburst Wear Co.,,farhanshahid1@live.com
85094338,REQUEST_FAILED,,,,,
85094347,REQUEST_FAILED,,,,,
85094393,deadAbandoned,SPROGMONITOR,"Oct. 10, 2011",Baycloud Systems Ltd.,,michael.oneill@btinternet.com
85094417,deadAbandoned,MAKE YOUR SHOT COUNT,"Oct. 10, 2011","Bay Breeze Holdings, LLC",,
85094439,deadAbandoned,BEING REAL PROGRAM,"May 19, 2011",Alkira Angel,,beingrealprog@gmail.com
85094372,REQUEST_FAILED,,,,,
85094456,deadAbandoned,LUCKY BANDS LLC,"May 13, 2011","Peters, Dawn M",,luckybands@comcast.net
85094411,deadAbandoned,BELBER,"Dec. 09, 2011",LUVANIS S.A.,,info@luvanis.com
85094445,REQUEST_FAILED,,,,,
85094587,deadAbandoned,ANOTHERDAILYDEAL,"Oct. 10, 2011",Anotherdailydeal,,todd@anotherdailydeal.com
85094544,REQUEST_FAILED,,,,,
85094591,REQUEST_FAILED,,,,,
85094608,REQUEST_FAILED,,,,,
85094678,REQUEST_FAILED,,,,,
85094695,REQUEST_FAILED,,,,,
85094778,deadAbandoned,MALOOZE,"Oct. 10, 2011",Value Quest Foods,,kelly@jmkforu.com
85094725,REQUEST_FAILED,,,,,
85094744,REQUEST_FAILED,,,,,
85094767,REQUEST_FAILED,,,,,
85094905,deadAbandoned,BSI ARCHIVAL HISTORY,"May 13, 2011","Lellenberg, Jon L.",,jonlellenberg@gmail.com
85094880,REQUEST_FAILED,,,,,
85095018,deadAbandoned,JIMMY'S,"Dec. 11, 2011",Value Quest Foods,,KELLY@VALUEQUESTFOODS.COM
85095036,deadAbandoned,THE ENTERTAINER,"May 19, 2011","Gordon, Howard",,inspired2day@gmail.com
85094978,REQUEST_FAILED,,,,,
85095108,REQUEST_FAILED,,,,,
85095275,deadAbandoned,US SMOKE&FIRE PROTECTING THE PEOPLE,"May 18, 2011",U.S. Smoke And Fire Services LLC,,judd@ussmokeandfire.com
85095223,REQUEST_FAILED,,,,,
85095248,REQUEST_FAILED,,,,,
85095352,REQUEST_FAILED,,,,,
85095381,REQUEST_FAILED,,,,,
85095394,REQUEST_FAILED,,,,,
85095461,deadAbandoned,PARKING COMMUNITY,"Dec. 09, 2011","Cobelo, Daniel",,
85095466,deadAbandoned,LAGOA,"Oct. 03, 2011",Lagoa Technologies Inc,,
85095472,deadAbandoned,LAPTOP TO LINUX,"Sep. 13, 2011","POLJO, LLC",,
85095421,REQUEST_FAILED,,,,,
85095552,deadAbandoned,GNA-GLOBAL NUTRITION ASSISTANT,"May 23, 2011","Teixeira Filho, Fabio Lopes",,lopes.fabio@uol.com.br
85095590,deadAbandoned,TWO FOR TUESDAY,"May 17, 2011","Pina, Robert",,finance@wingsnmorehouston.com
85095572,REQUEST_FAILED,,,,,
85095614,REQUEST_FAILED,,,,,
85095795,REQUEST_FAILED,,,,,
85095801,REQUEST_FAILED,,,,,
85095987,deadAbandoned,THE SCIENCE OF CELLULAR SKINCARE,"May 17, 2011",Rejuvenation Labs Incorporated,,ip@crockerventures.com
85095968,deadAbandoned,MACRAME OWL,"May 23, 2011","Zalezsak, Annie Y",,azalezsak@hotmail.com
85095921,REQUEST_FAILED,,,,,
85096234,REQUEST_FAILED,,,,,
85096242,REQUEST_FAILED,,,,,
85096283,deadAbandoned,INTEXTICATED,"May 17, 2011","Med-City Marketing, LLC",,andy@andynolting.com
85096251,REQUEST_FAILED,,,,,
85096387,deadAbandoned,"GO SMART, LIVE SMART.","Oct. 10, 2011","Worbucks, Benjamin",,iq@iqrealtycorp.com
85096397,deadAbandoned,IQREALTY,"May 17, 2011","Worbucks, Benjamin",,iq@iqrealtycorp.com
85096444,deadAbandoned,GOURMET GARDEN,"May 18, 2011",Botanical Food Company Pty Ltd,,msa@icm.com.au
85096408,REQUEST_FAILED,,,,,
85096430,REQUEST_FAILED,,,,,
85096448,REQUEST_FAILED,,,,,
85096451,REQUEST_FAILED,,,,,
85096470,REQUEST_FAILED,,,,,
85096471,REQUEST_FAILED,,,,,
85096675,deadAbandoned,SSE SOCIETY FOR SERVICE EXECUTIVES,"Dec. 14, 2011","The Gasparovic Group, Inc.",,wgasparovic@gasparovic.com
85096630,deadAbandoned,LONDON'S BEST FRIEND NEW YORK'S BEST FRIEND LA'S BEST FRIEND ATHEN'S BEST FRIEND,"May 20, 2011",alexandra kordas,,alexandrakordas@gmail.com
85096644,REQUEST_FAILED,,,,,
85096807,REQUEST_FAILED,,,,,
85096916,REQUEST_FAILED,,,,,
85097095,deadAbandoned,STARFIRE,"May 17, 2011",Jody Cloud,,jodycostarica@gmail.com
85097155,deadAbandoned,EAGLE,"May 17, 2011",Jody Cloud,,jodycostarica@gmail.com
85097260,deadAbandoned,WORLD CARPET,"May 20, 2011",World Carpet of NY Inc.,,jessicastanczyk@acsouth.com
85097302,deadAbandoned,FORTY2TEN,"Oct. 10, 2011",Mark Nelson,,mnelson@toplineshirts.com
85097124,REQUEST_FAILED,,,,,
85097370,deadAbandoned,HANDROID,"Dec. 20, 2011","Castro, Mark M",,
85097288,deadAbandoned,TRUST SPOT,"Oct. 10, 2011",PureCheck LLC,,JPMarino99@gmail.com
85097357,deadAbandoned,STARLET PASSIONS,"Oct. 10, 2011",Guy Eros Olivera Guillermo,,miami@modelcharmer.com
85097269,REQUEST_FAILED,,,,,
85097383,REQUEST_FAILED,,,,,
85097388,REQUEST_FAILED,,,,,
85097416,REQUEST_FAILED,,,,,
85097505,deadAbandoned,FOR EXPATS BY EXPATS,"May 25, 2011","Asuna International, LLC",,christian.bidstrup@asunainternational.com
85097565,deadAbandoned,ICARE,"May 23, 2011","OPTICAL CONNECTION, INC.",,babbychao@yahoo.com
85097517,REQUEST_FAILED,,,,,
85097537,REQUEST_FAILED,,,,,
85097578,deadAbandoned,FORGOTTEN HEARTS,"May 20, 2011","Roman , Tejera Aidamaris",,aidamarisroman@hotmail.com
85097582,deadAbandoned,AVO OIL,"May 26, 2011","Uriza Monroy, Miriam Cristina",,muriza@ugtradesource.com
85097551,REQUEST_FAILED,,,,,
85097652,deadAbandoned,ISEURF,"May 17, 2011",ZRNet Service Inc,,richh@zrnetservice.com
85097562,REQUEST_FAILED,,,,,
85097592,REQUEST_FAILED,,,,,
85097662,REQUEST_FAILED,,,,,
85097757,deadAbandoned,TRADERTRUST,"Oct. 17, 2011","Hubbard, Dale John",,mail@dalehubbard.com
85097706,REQUEST_FAILED,,,,,
85097853,REQUEST_FAILED,,,,,
85097932,REQUEST_FAILED,,,,,
85098020,deadAbandoned,PUERTORICO.COM,"May 27, 2011","NewMedia Holdings, Inc.",,info@paley.com
85098050,deadAbandoned,MY VIRTUAL FIT,"May 23, 2011","McGee, Chantel",,chantel.mcgee@gmail.com
85097972,REQUEST_FAILED,,,,,
85097975,REQUEST_FAILED,,,,,
85098094,REQUEST_FAILED,,,,,
85098135,REQUEST_FAILED,,,,,
85098166,REQUEST_FAILED,,,,,
85098167,REQUEST_FAILED,,,,,
85098269,REQUEST_FAILED,,,,,
85098441,deadAbandoned,DEBTORS UNITE,"May 18, 2011","Debtors Unite, Inc.",,kennethwlong@gmail.com
85098379,REQUEST_FAILED,,,,,
85098313,REQUEST_FAILED,,,,,
85098485,REQUEST_FAILED,,,,,
85098538,deadAbandoned,CLOUD BROWSER,"May 17, 2011",iSpaces IT Ltd.,,dermot@ispaces.com
85098549,deadAbandoned,CRASHBURGER,"Oct. 10, 2011",Meat Innovations Inc.,,meatinnovations@aol.com
85098552,deadAbandoned,ATRIUM SHIELD,"May 18, 2011",U.S. Smoke And Fire Services LLC,,Judd@ussmokeandfire.com
85098567,REQUEST_FAILED,,,,,
85098564,REQUEST_FAILED,,,,,
85098569,REQUEST_FAILED,,,,,
85098611,REQUEST_FAILED,,,,,
85098791,deadAbandoned,SANABODY,"May 25, 2011","Ayiar, Victoria",,info@sanabody.com
85098646,REQUEST_FAILED,,,,,
85098818,REQUEST_FAILED,,,,,
85098830,REQUEST_FAILED,,,,,
85098886,REQUEST_FAILED,,,,,
85098943,deadAbandoned,SANA,"May 25, 2011","Ayiar, Victoria",,info@sanabody.com
85098903,REQUEST_FAILED,,,,,
85098927,REQUEST_FAILED,,,,,
85098989,REQUEST_FAILED,,,,,
85098995,REQUEST_FAILED,,,,,
85099138,REQUEST_FAILED,,,,,
85099148,REQUEST_FAILED,,,,,
85099239,REQUEST_FAILED,,,,,
85099315,REQUEST_FAILED,,,,,
85099342,REQUEST_FAILED,,,,,
85099381,REQUEST_FAILED,,,,,
85099533,deadAbandoned,POP EM & SWAP EM,"Apr. 15, 2011",Moose Creative Pty Ltd,,daniel.henquin@moosetoys.com
85099521,deadAbandoned,THE GRIND,"Dec. 07, 2011",Grapevine of North Carolina Inc.,,ynslife@aol.com
85099579,deadAbandoned,WIRE117,"Oct. 17, 2011","Ruiz, Mildred",,
85099582,deadAbandoned,BABYLON RECORDS,"Oct. 17, 2011",Babylon Records Inc.,,
85099548,REQUEST_FAILED,,,,,
85099581,deadAbandoned,HAMMERSHOT,"Oct. 10, 2011","Bay Breeze Holdings, LLC",,
85099551,REQUEST_FAILED,,,,,
85099590,deadAbandoned,GRIMEY BURNING & LOOTING GRIMEY BURNING AND LOOTING,"Jul. 04, 2011",PABLO MORENO TABOADA,,pablomoreno@grimeywear.com
85099585,REQUEST_FAILED,,,,,
85099589,REQUEST_FAILED,,,,,
85099716,deadAbandoned,SHMOB,"Oct. 17, 2011",BobShmob.com Ltd.,,gabi@leocord.com
85099605,REQUEST_FAILED,,,,,
85099733,deadAbandoned,BOOPHONE,"May 12, 2011",Bababoo Incorporated,,mike@promethyan.com
85099694,REQUEST_FAILED,,,,,
85099711,REQUEST_FAILED,,,,,
85099753,deadAbandoned,HOLLYWOOD SMILES,"May 30, 2011","James W. Dunnavant, Jr",,dr.james@1800veneers.com
85099791,REQUEST_FAILED,,,,,
85099868,REQUEST_FAILED,,,,,
85099970,REQUEST_FAILED,,,,,
85100086,REQUEST_FAILED,,,,,
85100139,REQUEST_FAILED,,,,,
85100264,deadAbandoned,THANH XUAN,"May 25, 2011","Tran, Alexandria Phuong",,thanhxuanrestaurant@gmail.com
85100211,REQUEST_FAILED,,,,,
85100251,REQUEST_FAILED,,,,,
85100360,REQUEST_FAILED,,,,,
85100367,REQUEST_FAILED,,,,,
85100490,deadAbandoned,SICK & TIRED,"Oct. 17, 2011",Dazzling Concepts,,fbell@dazzlingconcepts.com
85100456,REQUEST_FAILED,,,,,
85100465,REQUEST_FAILED,,,,,
85100494,REQUEST_FAILED,,,,,
85100544,deadAbandoned,FLAMETEC,"May 19, 2011","Shanghai Wangzhou Industrial Co., Ltd.",,zhanghonglu@inipa.com
85100562,deadAbandoned,SIGNATURE TURF,"Dec. 17, 2011","Lanfranco, Victor",,
85100630,deadAbandoned,AQUALYSE,"May 30, 2011",ProCare Water Treatment Inc.,,chris@aqualyseusa.com
85100550,REQUEST_FAILED,,,,,
85100572,REQUEST_FAILED,,,,,
85100589,REQUEST_FAILED,,,,,
85100645,deadAbandoned,INDIVIDUAL DNA RESERVE,"May 23, 2011","General DNA, Inc.",,
85100687,deadAbandoned,INTERNATIONAL DNA RESERVE,"May 23, 2011","General DNA, Inc.",,
85100672,deadAbandoned,HU TIEU THANH XUAN,"May 25, 2011","Tran, Alexandria Phuong",,thanhxuanrestaurant@gmail.com
85100821,REQUEST_FAILED,,,,,
85100873,REQUEST_FAILED,,,,,
85100922,REQUEST_FAILED,,,,,
85100980,deadAbandoned,EE,"May 23, 2011","General DNA, Inc.",,
85100937,REQUEST_FAILED,,,,,
85101148,REQUEST_FAILED,,,,,
85101264,deadAbandoned,GAME 7,"Oct. 17, 2011","Roehl, Lance",,lancer@game7.com
85101256,REQUEST_FAILED,,,,,
85101272,REQUEST_FAILED,,,,,
85101331,REQUEST_FAILED,,,,,
85101337,REQUEST_FAILED,,,,,
85101445,REQUEST_FAILED,,,,,
85101490,REQUEST_FAILED,,,,,
85101584,deadAbandoned,PRODIGAL SONS OF ERIN MC,"Sep. 07, 2011",Sean McFadden,,lilmcfadden@yahoo.com
85101541,REQUEST_FAILED,,,,,
85101622,deadAbandoned,PROFESSIONAL COMMUNICATOR,"May 31, 2011",The Executive Voice,,contact@executive-voice.com
85101590,deadAbandoned,PRODIGAL SONS MC,"Sep. 07, 2011",Sean McFadden,,lilmcfadden@yahoo.com
85101569,REQUEST_FAILED,,,,,
85101623,deadAbandoned,LIQUICHROME,"Dec. 30, 2011",Eastwood Company,,dgaddis@eastwood.com
85101646,deadAbandoned,CONTEC MED,"May 25, 2011","CONTEC MEDICAL SYSTEMS CO., LTD.",,
85101629,deadAbandoned,LIQUICHROME,"Dec. 30, 2011",Eastwood Company,,dgaddis@eastwood.com
85101596,REQUEST_FAILED,,,,,
85101642,deadAbandoned,FAVOURITES,"May 24, 2011",Arkaaye Softech,,nipun@arkaaye.com
85101649,REQUEST_FAILED,,,,,
85101707,deadAbandoned,VINOVALIE,"May 31, 2011",VINOVALIE,,jacques.tranier@vinovalie.com
85101792,deadAbandoned,ENTRUSTIT,"May 24, 2011",entrust It Limited,,jeff.dodd@entrustit.co.uk
85101798,deadAbandoned,MFINITY MOBILE MARKETING,"May 31, 2011","HandStorm, Inc.",,dwayne.williams@handstorm.com
85101768,REQUEST_FAILED,,,,,
85101922,deadAbandoned,NUBLISS,"Oct. 10, 2011",George W & Associates LLC,,chris@multivitaminshots.com
85101794,REQUEST_FAILED,,,,,
85102089,deadAbandoned,WELPROMA,"Oct. 17, 2011",Tom Henkemans,,cbritton10@tampabay.rr.com
85102037,deadAbandoned,CHATSTIR,"Oct. 24, 2011",Chatstir LLC,,sroberts@AndersonKreiger.com
85102113,deadAbandoned,LA FINCA SUPERMARKETS,"Oct. 17, 2011","Grocer TM Holdings, Inc",,grocertm@gmail.com
85101867,REQUEST_FAILED,,,,,
85102057,REQUEST_FAILED,,,,,
85102272,deadAbandoned,DIXIE ELIXIRS,"Dec. 01, 2011","Left Bank, LLC",,
85102306,deadAbandoned,IQREALTY.COM,"May 17, 2011","Worbucks, Benjamin",,iq@iqrealtycorp.com
85102195,REQUEST_FAILED,,,,,
85102197,REQUEST_FAILED,,,,,
85102311,deadAbandoned,SCRIPTJ,"May 30, 2011","UltraConcurrent, Inc",,carlhewitt@alum.mit.edu
85102372,deadAbandoned,IGOLFAPPS,"May 27, 2011",Guyton Andrew M,,info@iGolfApps.com
85102310,REQUEST_FAILED,,,,,
85102390,deadAbandoned,JHAT PATT,"Dec. 15, 2011",HOM Quality Foods (Pvt) Limited,,Hasibul.Hassan@habiboil.com
85102395,REQUEST_FAILED,,,,,
85102456,REQUEST_FAILED,,,,,
85102516,deadAbandoned,TWEETS GONE WILD,"May 24, 2011","James, Lennard",,lennardsjames@yahoo.com
85102494,deadAbandoned,CUL DE SAC,"May 24, 2011",Comercializadora LSG Mexico SA de CV,,giulliano@lopresti.com.mx
85102483,REQUEST_FAILED,,,,,
85102547,REQUEST_FAILED,,,,,
85102591,REQUEST_FAILED,,,,,
85102632,deadAbandoned,TILLY & PINCH,"Jul. 03, 2011",Tilly & Pinch Inc,,shimi@tillyandpinch.com
85102613,REQUEST_FAILED,,,,,
85102615,REQUEST_FAILED,,,,,
85102694,REQUEST_FAILED,,,,,
85102780,deadAbandoned,MO BO,"May 17, 2011",Value Quest Foods,,kelly@jmkforu.com
85102724,REQUEST_FAILED,,,,,
85102745,REQUEST_FAILED,,,,,
85102751,REQUEST_FAILED,,,,,
85102755,REQUEST_FAILED,,,,,
85102843,deadAbandoned,HYPNOLIFT,"Oct. 24, 2011","Bresnik, Pauline Angela",,pauline.bresnik@gmail.com
85102784,REQUEST_FAILED,,,,,
85102901,REQUEST_FAILED,,,,,
85102961,REQUEST_FAILED,,,,,
85103021,deadAbandoned,CAPRICCIO,"Oct. 17, 2011",Comercializadora LSG Mexico SA de CV,,giulliano@lopresti.com.mx
85103011,REQUEST_FAILED,,,,,
85103057,deadAbandoned,SLAM DUNK SPORTS MARKETING,"Jun. 01, 2011",Slam Dunk Sports Marketing,,bret@slamdunked.com
85103139,deadAbandoned,SPORT RAZOR,"May 27, 2011",SPORT RAZOR,,redline24x@yahoo.com
85103209,deadAbandoned,RAINBOW MEERKATS,"Jun. 01, 2011",WILSON THOMAS,,wilson.thomas@rocketmail.com
85103097,REQUEST_FAILED,,,,,
85103179,REQUEST_FAILED,,,,,
85103401,deadAbandoned,CITYSENSEI,"May 25, 2011",City Sensei LLC,,
85103263,REQUEST_FAILED,,,,,
85103336,REQUEST_FAILED,,,,,
85103410,REQUEST_FAILED,,,,,
85103419,REQUEST_FAILED,,,,,
85103423,REQUEST_FAILED,,,,,
85103476,REQUEST_FAILED,,,,,
85103485,REQUEST_FAILED,,,,,
85103559,deadAbandoned,NOBLE DRAGON,"Dec. 28, 2011",Chun Wah LLC,,chunwahllc@gmail.com
85103507,REQUEST_FAILED,,,,,
85103534,REQUEST_FAILED,,,,,
85103691,deadAbandoned,TABLETOP SPORTS,"Mar. 23, 2011",Big Ant Studios Pty Ltd,,ross.symons@bigant.com
85103574,REQUEST_FAILED,,,,,
85103695,deadAbandoned,TABLETOP BASEBALL,"Mar. 23, 2011",Big Ant Studios Pty Ltd,,ross.symons@bigant.com
85103585,REQUEST_FAILED,,,,,
85103700,deadAbandoned,LAWNJEANS,"Oct. 24, 2011","Sharp, William",,
85103694,deadAbandoned,TABLETOP CRICKET,"Mar. 23, 2011",Big Ant Studios Pty Ltd,,ross.symons@bigant.com
85103711,deadAbandoned,ONE ONE,"May 31, 2011","Shanxi One One Catering Management Co., Ltd.",,zhanghonglu@inipa.com
85103690,REQUEST_FAILED,,,,,
85103706,REQUEST_FAILED,,,,,
85103715,REQUEST_FAILED,,,,,
85103729,deadAbandoned,BRAINREPUBLIC,"Oct. 24, 2011",OCC GmbH,,frank.diestelhorst@web.de
85103832,deadAbandoned,"""A-ROBLES BUNCH""","Oct. 24, 2011",Robles-Gomez Tomas,,troblesg62@yahoo.com
85103732,REQUEST_FAILED,,,,,
85103892,deadAbandoned,GO SOY,"Oct. 24, 2011",Riceland Seed Company,,
85103888,REQUEST_FAILED,,,,,
85103906,REQUEST_FAILED,,,,,
85103999,REQUEST_FAILED,,,,,
85104106,REQUEST_FAILED,,,,,
85104124,REQUEST_FAILED,,,,,
85104242,REQUEST_FAILED,,,,,
85104256,REQUEST_FAILED,,,,,
85104297,REQUEST_FAILED,,,,,
85104550,deadAbandoned,BAGS FROM TRASH,"Jun. 06, 2011",Command Packaging,,cbullock@commandpackaging.com
85104522,REQUEST_FAILED,,,,,
85104529,REQUEST_FAILED,,,,,
85104588,REQUEST_FAILED,,,,,
85104680,deadAbandoned,PURE 1,"Dec. 19, 2011","Seltzer, Peter",,
85104678,deadAbandoned,CONSTITUTION CLOTHING,"Oct. 24, 2011","Constitution clothing, L.L.C.",,
85104737,deadAbandoned,CASH BALANCE,"Jun. 06, 2011","Dorsa Consulting Services, Inc.",,jmccrary@dorsaconsulting.com
85104713,deadAbandoned,CRISPY DIPPER,"Dec. 11, 2011",Value Quest Foods,,kelly@valuequestfoods.com
85104682,REQUEST_FAILED,,,,,
85104704,REQUEST_FAILED,,,,,
85104788,deadAbandoned,BIG DIPPER,"Dec. 19, 2011",Value Quest Foods,,KELLY@VALUEQUESTFOODS.COM
85104721,REQUEST_FAILED,,,,,
85104887,deadAbandoned,JAY THE JAGUAR,"Jul. 14, 2011","US Bankcard Services, Inc",,HR@USBSI.COM
85104886,REQUEST_FAILED,,,,,
85104938,REQUEST_FAILED,,,,,
85104942,REQUEST_FAILED,,,,,
85105064,deadAbandoned,WINE COUNTRY JAZZ,"May 25, 2011","Healdsburg Jazz Festival, Inc.",,
85104980,REQUEST_FAILED,,,,,
85105010,REQUEST_FAILED,,,,,
85105060,REQUEST_FAILED,,,,,
85105126,REQUEST_FAILED,,,,,
85105321,deadAbandoned,CHAYOLEI HAMELECH LOGO,"Aug. 23, 2011",the kings soldiers chayollei hamelech inc,,
85105130,REQUEST_FAILED,,,,,
85105339,deadAbandoned,SUPREME GAMES,"May 10, 2011",David Walls,,contact@funkitron.com
85105390,REQUEST_FAILED,,,,,
85105412,REQUEST_FAILED,,,,,
85105427,REQUEST_FAILED,,,,,
85105488,deadAbandoned,THE SCREEN THAT DOES NOT SNAP BACK,"Jun. 03, 2011",Mary Lezotte,,clearviewbayarea@aol.com
85105523,deadAbandoned,EYEKONIK,"Oct. 24, 2011",Andy Sciarrino,,andy.sciarrino@gmail.com
85105497,REQUEST_FAILED,,,,,
85105662,deadAbandoned,A,"Dec. 20, 2011","AVALON INDUSTRIES, INC.",,
85105683,deadAbandoned,MOTION REMOTE,"Sep. 15, 2011",Salovision Ltd,,
85105682,deadAbandoned,ELITE CHIC,"Oct. 24, 2011","Kantor, Anthony",,
85105653,REQUEST_FAILED,,,,,
85105660,REQUEST_FAILED,,,,,
85105687,deadAbandoned,RITZ CONCIERGE,"Jan. 21, 2011","Ford, Karen",,
85105866,deadAbandoned,CALIFORNIA ECLIPSE,"Dec. 12, 2011",Forever Flowering Greenhouses,,boundlessbrahman@gmail.com
85105817,REQUEST_FAILED,,,,,
85105882,REQUEST_FAILED,,,,,
85105910,REQUEST_FAILED,,,,,
85105906,REQUEST_FAILED,,,,,
85106078,deadAbandoned,MEDSKIN,"Jun. 07, 2011","MedSkin, Inc.",,derek@medskin.com
85106223,deadAbandoned,INSTAPOCKETZ KIDS,"Aug. 01, 2011","Instapocketz, LLC",,jenifer@footzyrolls.com
85106103,REQUEST_FAILED,,,,,
85106147,REQUEST_FAILED,,,,,
85106316,deadAbandoned,DAPPA YUTE MUSIC GROUP,"Dec. 07, 2011",Justus Arison,,
85106258,REQUEST_FAILED,,,,,
85106323,deadAbandoned,DAPPA YUTE,"Dec. 07, 2011",Justus Arison,,
85106427,REQUEST_FAILED,,,,,
85106451,REQUEST_FAILED,,,,,
85106620,deadAbandoned,LIFE'S IN SESSION,"Apr. 06, 2011","LHMC, LLC",,samso598@yahoo.com
85106564,REQUEST_FAILED,,,,,
85106571,REQUEST_FAILED,,,,,
85106623,deadAbandoned,L.A. PACKAGING SUPPLIES,"Dec. 30, 2011",LPR INC.,,
85106579,REQUEST_FAILED,,,,,
85106609,REQUEST_FAILED,,,,,
85106657,deadAbandoned,OUTLINE MANAGER,"May 30, 2011",KATCHITEK CORPORATION,,s-wiley@katchitek.com
85106717,deadAbandoned,GO SOCKET,"Apr. 16, 2011",Flynn Acquisitions Inc,,tim@trustymax.com
85106734,deadAbandoned,AMERICA FIGHT,"Jun. 03, 2011",Caleb Craw,,thefactorie@gmail.com
85106796,deadAbandoned,MOMENTUM STALLION,"Jun. 02, 2011",Fernandes Victor Anthony,,victor_fernandes@hotmail.com
85106806,deadAbandoned,BCM BUSINESS COST MANAGEMENT,"Nov. 21, 2011",BCM Business Cost Management Ltd,,john.macnamara@bcmcorporate.com
85106651,REQUEST_FAILED,,,,,
85106747,deadAbandoned,ALKALIZ,"Dec. 24, 2011","Whorms, Sharon",,
85106821,deadAbandoned,BEACH PARFUM,"Jun. 08, 2011",POMIRO JACQUES-ANTOINE,,yoluxury@gmail.com
85106757,REQUEST_FAILED,,,,,
85106851,REQUEST_FAILED,,,,,
85107070,deadAbandoned,MC PRODUCTIONS,"Jun. 09, 2011","Shaw, Corey",,info@djmcproductions.com
85107039,REQUEST_FAILED,,,,,
85107024,REQUEST_FAILED,,,,,
85107162,REQUEST_FAILED,,,,,
85107404,REQUEST_FAILED,,,,,
85107464,REQUEST_FAILED,,,,,
85107525,REQUEST_FAILED,,,,,
85107535,REQUEST_FAILED,,,,,
85107625,deadAbandoned,None,"Mar. 22, 2011","Sherlock, Michael T",,pattixbishop@gmail.com
85107647,deadAbandoned,OFFICIAL MMA HALL OF FAME,"Dec. 20, 2011","Webber, Tim",,
85107573,REQUEST_FAILED,,,,,
85107643,deadAbandoned,LONGRIFLE DISTILLING,"Oct. 31, 2011","Longrifle Distilling, Inc",,
85107651,deadAbandoned,CROP TO SHOP,"Nov. 23, 2011",Alok International Inc.,,
85107614,REQUEST_FAILED,,,,,
85107662,deadAbandoned,IN BEAMER WE TRUST,"Oct. 24, 2011","Know Play Apparel, Inc.",,knowplayapparel@gmail.com
85107689,deadAbandoned,APPLE SIPP'R,"Sep. 15, 2011",EVRIHOLDER PRODUCTS LLC,,garysevri@gmail.com
85107655,REQUEST_FAILED,,,,,
85107660,REQUEST_FAILED,,,,,
85107679,REQUEST_FAILED,,,,,
85107752,deadAbandoned,BIDDY COMMITTEE,"Jun. 03, 2011",JACQUIE CARTER,,jacquie.angell@gmail.com
85107779,deadAbandoned,FROM SEED TO SALE.,"Jun. 14, 2011","Meagher, Todd",,toddme@gher.com
85107769,REQUEST_FAILED,,,,,
85107785,REQUEST_FAILED,,,,,
85107827,REQUEST_FAILED,,,,,
85107837,REQUEST_FAILED,,,,,
85107882,deadAbandoned,K & G CYCLES,"Jun. 02, 2011",K and G Cycles LLC,,gmarakas@kandgcycles.com
85107864,REQUEST_FAILED,,,,,
85107897,deadAbandoned,REFRESH,"Oct. 31, 2011",BBC Technologies LLC.,,geoff@bbctechnologies.com
85107876,REQUEST_FAILED,,,,,
85107903,deadAbandoned,CASA DE ZAPATA,"Jun. 03, 2011",Casa de Zapata,,alejandra@casadezapata.com
85107909,deadAbandoned,VIA,"Apr. 18, 2011","Veronika Elsner, Guenther Flake GbR",,info@elsner-flake.com
85107953,deadAbandoned,PLAYFUL INDIFFERENT SPECIFIC PASSIONATE SERIOUS SEEKING APPROVAL GENERAL PASSIVE,"Jun. 09, 2011","Economou, Alexander",,email@alexandereconomou.com
85108029,deadAbandoned,MOBEE,"Jun. 07, 2011",AG Tech Holdings Ltd,,
85107940,REQUEST_FAILED,,,,,
85107969,deadAbandoned,AVECOMICS,"Jun. 21, 2011",AQUAFADAS SAS,,marlene.henry@aquafadas.com
85108036,REQUEST_FAILED,,,,,
85108096,REQUEST_FAILED,,,,,
85108097,REQUEST_FAILED,,,,,
85108084,REQUEST_FAILED,,,,,
85108121,REQUEST_FAILED,,,,,
85108230,REQUEST_FAILED,,,,,
85108225,REQUEST_FAILED,,,,,
85108229,REQUEST_FAILED,,,,,
85108310,REQUEST_FAILED,,,,,
85108312,REQUEST_FAILED,,,,,
85108621,REQUEST_FAILED,,,,,
85108674,REQUEST_FAILED,,,,,
85108638,REQUEST_FAILED,,,,,
85108749,REQUEST_FAILED,,,,,
85108750,REQUEST_FAILED,,,,,
85108751,REQUEST_FAILED,,,,,
85108758,REQUEST_FAILED,,,,,
85108773,REQUEST_FAILED,,,,,
85108827,deadAbandoned,TRACES OF CREDENCE,"Oct. 31, 2011","Hindman, Douglas",,
85108848,deadAbandoned,MI-PLACE,"Jun. 03, 2011",SMART CHRISTMAS SOLUTIONS LIMITED,,RakeshD@SChristmas.com
85108859,deadAbandoned,BRAPP,"Oct. 31, 2011","Jackson, Tanina",,
85108863,deadAbandoned,BRAAP,"Oct. 31, 2011","Jackson, Tanina",,
85108821,REQUEST_FAILED,,,,,
85108832,REQUEST_FAILED,,,,,
85108837,REQUEST_FAILED,,,,,
85108882,deadAbandoned,ALKALIZ,"Dec. 24, 2011","Whorms, Sharon",,
85108844,REQUEST_FAILED,,,,,
85108870,REQUEST_FAILED,,,,,
85109033,REQUEST_FAILED,,,,,
85109130,REQUEST_FAILED,,,,,
85109156,REQUEST_FAILED,,,,,
85109192,REQUEST_FAILED,,,,,
85109253,REQUEST_FAILED,,,,,
85109413,deadAbandoned,"THE HOLLAND GROUP, INC","Jun. 06, 2011",The Holland Group Incorporated,,mholland@hollandgroupinc.com
85109348,REQUEST_FAILED,,,,,
85109367,REQUEST_FAILED,,,,,
85109525,deadAbandoned,TRAVELBIDET,"May 25, 2011","Pacific International Group Services, LLC",,bob@pacinter.com
85109430,REQUEST_FAILED,,,,,
85109565,deadAbandoned,PD PRIMEDIRECT,"Apr. 04, 2011",Prime Direct Limited,,cksepter@bellsouth.net
85109432,REQUEST_FAILED,,,,,
85109737,deadAbandoned,GH,"May 18, 2011","Green House Holdings, Inc.",,
85109532,REQUEST_FAILED,,,,,
85109584,REQUEST_FAILED,,,,,
85109771,deadAbandoned,"W.T.F. ""WASTE TO FUEL""","May 18, 2011","Green House Holdings, Inc.",,
85109639,REQUEST_FAILED,,,,,
85109776,REQUEST_FAILED,,,,,
85109781,REQUEST_FAILED,,,,,
85109845,REQUEST_FAILED,,,,,
85109891,deadAbandoned,GROW AND PROTECT,"Jun. 08, 2011","Midwestern Securities Trading Company, LLC",,bjohnson@peorialawyers.com
85109875,REQUEST_FAILED,,,,,
85109913,deadAbandoned,IZ IZ THE WIZ,"Jun. 09, 2011",The Phun Phactory Aerosol Art Corporation,,jvega@phunphactory.net
85109927,deadAbandoned,YOU'RE LUCKY ENOUGH,"Oct. 31, 2011","Thorburn, James",,
85109938,deadAbandoned,RETURN IN 30,"Dec. 17, 2011",Cargroomers Queensland Trust,,scott@cargroomers.com
85109973,deadAbandoned,AMERICAN ANTHEM,"Jun. 07, 2011",Alain J. Lapter,,alapter@yahoo.com
85109918,REQUEST_FAILED,,,,,
85109919,REQUEST_FAILED,,,,,
85109970,REQUEST_FAILED,,,,,
85110092,REQUEST_FAILED,,,,,
85110108,REQUEST_FAILED,,,,,
85110104,REQUEST_FAILED,,,,,
85110178,REQUEST_FAILED,,,,,
85110256,REQUEST_FAILED,,,,,
85110577,deadAbandoned,SUBMIT U,"Oct. 31, 2011","Fletcher, Derrick, B.",,fletched12@yahoo.com
85110394,REQUEST_FAILED,,,,,
85110633,deadAbandoned,MOBISTORY,"Jun. 04, 2011","ICI Enterprises, LLC",,
85110516,REQUEST_FAILED,,,,,
85110566,REQUEST_FAILED,,,,,
85110599,REQUEST_FAILED,,,,,
85110711,REQUEST_FAILED,,,,,
85110747,REQUEST_FAILED,,,,,
85110784,REQUEST_FAILED,,,,,
85110881,deadAbandoned,MMA HALL OF FAME,"Dec. 20, 2011","Webber, Tim",,
85110924,deadAbandoned,PENNY. MADE IN AUSTRALIA,"Aug. 30, 2011",ABSOLUTE DISTRIBUTORS AUSTRALIA PTY LTD,,luke@absolute-distributors.com
85110822,REQUEST_FAILED,,,,,
85110890,deadAbandoned,BRAIN STORM SOLUTIONS,"Nov. 07, 2011","Watson, David",,
85110831,REQUEST_FAILED,,,,,
85110877,REQUEST_FAILED,,,,,
85110908,REQUEST_FAILED,,,,,
85111043,deadAbandoned,FLAT-OUT EVENTS,"Aug. 16, 2011","Flat-Out Events, LLC",,peto@cox.net
85111049,deadAbandoned,NO SAVINGS... NO CHARGE! BCM BUSINESS COST MANAGEMENT,"Nov. 28, 2011",BCM Business Cost Management Ltd,,john.macnamara@bcmcorporate.com
85111045,REQUEST_FAILED,,,,,
85111062,REQUEST_FAILED,,,,,
85111215,deadAbandoned,GOAD,"Oct. 31, 2011","gofigure, llc",,devon.rolf@gofigure.com
85111250,deadAbandoned,SIMPL,"Jun. 06, 2011",Dentaco,,jfoster@tncdental.com
85111142,REQUEST_FAILED,,,,,
85111335,deadAbandoned,FIT MADE EASY,"Oct. 07, 2011",BARRA MASSIMO,,bqinquiries@gmail.com
85111392,deadAbandoned,BUSINESS PROCESS VISUALIZATION,"Jun. 14, 2011",OneSpring LLC,,ckonfrst@onespring.net
85111305,REQUEST_FAILED,,,,,
85111368,REQUEST_FAILED,,,,,
85111394,REQUEST_FAILED,,,,,
85111724,deadAbandoned,SLEEPERAC,"Dec. 28, 2011",Sobo Inc,,sleeperac@gmail.com
85111534,REQUEST_FAILED,,,,,
85111680,REQUEST_FAILED,,,,,
85111759,REQUEST_FAILED,,,,,
85111795,REQUEST_FAILED,,,,,
85111811,deadAbandoned,HTC 7 MELODY,"Oct. 17, 2011",HTC Corporation,,kathy.callahan@bracewell.com
85111824,REQUEST_FAILED,,,,,
85111925,deadAbandoned,ALSO KNOWN AS,"Nov. 07, 2011","Salient Brands, Inc",,
85111921,deadAbandoned,KNGINE,"Nov. 07, 2011",Pearlox Web Properties Corp.,,
85111845,REQUEST_FAILED,,,,,
85111884,REQUEST_FAILED,,,,,
85111932,REQUEST_FAILED,,,,,
85111957,REQUEST_FAILED,,,,,
85112096,REQUEST_FAILED,,,,,
85112194,deadAbandoned,RNH,"Jun. 08, 2011",Patrick Donagher,,
85112104,REQUEST_FAILED,,,,,
85112166,deadAbandoned,RATTLE N HUM,"Jun. 08, 2011",Patrick Donagher,,
85112183,REQUEST_FAILED,,,,,
85112337,REQUEST_FAILED,,,,,
85112386,REQUEST_FAILED,,,,,
85112535,deadAbandoned,LALANI HAIR,"Jun. 10, 2011",AR Exports & Distribution LLC,,salem@aredonline.com
85112512,REQUEST_FAILED,,,,,
85112517,REQUEST_FAILED,,,,,
85112772,deadAbandoned,TECHMD MANAGING YOUR TECHNOLOGY,"Jun. 10, 2011",Techmd,,coral@techmd.com
85112605,REQUEST_FAILED,,,,,
85112651,REQUEST_FAILED,,,,,
85112718,REQUEST_FAILED,,,,,
85112775,REQUEST_FAILED,,,,,
85112798,deadAbandoned,DEAR PRESIDENT: WHY DON'T YOU PRINT THE MONEY AND SET AMERICA FREE.,"Jun. 08, 2011","GARCIA, ELI",,monicamrlls@yahoo.com
85112794,REQUEST_FAILED,,,,,
85112856,deadAbandoned,None,"Jun. 08, 2011",Joint Ford Investment Limited,,ethne.lui@kingandwood.com
85112848,deadAbandoned,CRYOKOTE,"Nov. 07, 2011","Brand Performance Coatings, Inc.",,
85112858,deadAbandoned,UNICORN,"Jun. 08, 2011",Joint Ford Investment Limited,,ethne.lui@kingandwood.com
85112847,REQUEST_FAILED,,,,,
85112851,REQUEST_FAILED,,,,,
85112869,REQUEST_FAILED,,,,,
85112957,deadAbandoned,ITAG MOBILE,"Jun. 10, 2011",Antares Corporation Pty Ltd,,peterk@antares.com.au
85112979,deadAbandoned,PARIBA BLUE,"Aug. 15, 2011","Spector, Donald",,spectorrn@aol.com
85112992,deadAbandoned,MEDGROW,"Jun. 14, 2011","GHER Solutions, LLC",,corp@gher.com
85112952,REQUEST_FAILED,,,,,
85113007,deadAbandoned,MEDIGROW,"May 30, 2011",MediGrow,,corp@gher.com
85112981,REQUEST_FAILED,,,,,
85112985,REQUEST_FAILED,,,,,
85113025,REQUEST_FAILED,,,,,
85113054,REQUEST_FAILED,,,,,
85113082,REQUEST_FAILED,,,,,
85113115,REQUEST_FAILED,,,,,
85113125,REQUEST_FAILED,,,,,
85113239,REQUEST_FAILED,,,,,
85113267,REQUEST_FAILED,,,,,
85113314,deadAbandoned,MOMS HOUSE RECORDS MHR,"Jun. 08, 2011","Bezold, Christopher",,chris@momshouserecords.com
85113351,deadAbandoned,NATURAL ITALIAN ESSENCE WITH ORANGE APPEAL,"Jun. 09, 2011","Stock Spirits Group USA, Inc.",,g.bastiani@stockspiritsusa.com
85113313,REQUEST_FAILED,,,,,
85113380,REQUEST_FAILED,,,,,
85113382,REQUEST_FAILED,,,,,
85113384,REQUEST_FAILED,,,,,
85113412,REQUEST_FAILED,,,,,
85113598,deadAbandoned,LEAD BANK,"Nov. 21, 2011",Donald N Klahre,,gmutlch@yahoo.com
85113487,REQUEST_FAILED,,,,,
85113522,REQUEST_FAILED,,,,,
85113592,REQUEST_FAILED,,,,,
85113731,REQUEST_FAILED,,,,,
85113779,REQUEST_FAILED,,,,,
85113820,REQUEST_FAILED,,,,,
85113886,deadAbandoned,SMOKE SHIELD,"May 18, 2011",U.S. Smoke And Fire Services LLC,,judd@ussmokeandfire.com
85113868,REQUEST_FAILED,,,,,
85113879,REQUEST_FAILED,,,,,
85113891,REQUEST_FAILED,,,,,
85113890,REQUEST_FAILED,,,,,
85113941,REQUEST_FAILED,,,,,
85113988,REQUEST_FAILED,,,,,
85113995,REQUEST_FAILED,,,,,
85114011,REQUEST_FAILED,,,,,
85114031,REQUEST_FAILED,,,,,
85114131,deadAbandoned,TEXAS BIKER MAGAZINE,"Jun. 09, 2011",Brushard Higgins,,brushard@gmail.com
85114101,REQUEST_FAILED,,,,,
85114129,REQUEST_FAILED,,,,,
85114133,REQUEST_FAILED,,,,,
85114155,deadAbandoned,NO FUNGUS NOW,"Jun. 09, 2011",Swiftsure Holdings LLC,,custserv@nofungusnow.com
85114181,deadAbandoned,LONGTERMFOCUS,"Nov. 14, 2011",LongTermFocus,,contact@longtermfocus.com
85114199,deadAbandoned,LTF,"Nov. 07, 2011",LongTermFocus,,contact@longtermfocus.com
85114136,REQUEST_FAILED,,,,,
85114175,REQUEST_FAILED,,,,,
85114408,deadAbandoned,DBS DESIGNS BY SUE,"Jun. 16, 2011","Patterson, Susan",,spatters69@columbus.rr.com
85114322,REQUEST_FAILED,,,,,
85114436,REQUEST_FAILED,,,,,
85114486,REQUEST_FAILED,,,,,
85114633,deadAbandoned,COOLING MATTRESS,"Jun. 20, 2011","Gilligan & Ferneman, LLC",,bill@gilliganandferneman.com
85114657,deadAbandoned,AMERICHARGE THE INTERCHANGE EXPERTS,"Jun. 15, 2011",AmeriCharge Corporation,,americharge@gmail.com
85114547,REQUEST_FAILED,,,,,
85114824,deadAbandoned,AMERICAN CAREER GROUP,"Jun. 14, 2011",D & S Office Staffing Corporation,,sferris@nesstaffing.com
85114826,REQUEST_FAILED,,,,,
85114869,REQUEST_FAILED,,,,,
85114986,deadAbandoned,"FIVE POINT CAPITAL, INC.","Jul. 20, 2011","Five Point Capital, Inc",,
85114979,REQUEST_FAILED,,,,,
85114982,REQUEST_FAILED,,,,,
85115010,REQUEST_FAILED,,,,,
85115076,deadAbandoned,EARTH ELEMENTS,"Jun. 13, 2011","Earth Elements Natural Products, LLC",,info@organichairgrowth.com
85115090,deadAbandoned,THE TIDY DUCK MORE TIDY. LESS MESS,"Jun. 15, 2011","Joo, Young Han",,allt.system@ymail.com
85115026,REQUEST_FAILED,,,,,
85115043,REQUEST_FAILED,,,,,
85115101,REQUEST_FAILED,,,,,
85115137,REQUEST_FAILED,,,,,
85115140,REQUEST_FAILED,,,,,
85115296,REQUEST_FAILED,,,,,
85115414,REQUEST_FAILED,,,,,
85115513,REQUEST_FAILED,,,,,
85115530,REQUEST_FAILED,,,,,
85115605,REQUEST_FAILED,,,,,
85115718,REQUEST_FAILED,,,,,
85115794,REQUEST_FAILED,,,,,
85115830,REQUEST_FAILED,,,,,
85115857,REQUEST_FAILED,,,,,
85115911,REQUEST_FAILED,,,,,
85115960,REQUEST_FAILED,,,,,
85115981,REQUEST_FAILED,,,,,
85116058,deadAbandoned,AGRIHEMP,"Nov. 07, 2011","Craycraft, Seth",,
85116067,deadAbandoned,XSYBERFLEX,"Nov. 14, 2011","FreedomRocks, Inc",,
85116062,deadAbandoned,JUNGLE JUICE,"Sep. 19, 2011","Buckys Beverages, LLC",,
85116054,deadAbandoned,"ACHIEVE A BETTER, RICHER LIFE...","Aug. 22, 2011","James Malinchak International, Inc.",,
85116020,REQUEST_FAILED,,,,,
85116019,REQUEST_FAILED,,,,,
85116077,deadAbandoned,YOUR PLUMBER FOR LIFE,"Nov. 07, 2011","Inkelaar, Dean",,
85116123,deadAbandoned,PHIL T. PIGG,"Nov. 10, 2011",Philthy Pig Enterprises,,jregan01@verizon.net
85116085,deadAbandoned,GOT LIGHT?,"Nov. 07, 2011","HORSEDUST PRODUCTIONS, LLC",,
85116074,REQUEST_FAILED,,,,,
85116120,REQUEST_FAILED,,,,,
85116152,REQUEST_FAILED,,,,,
85116229,REQUEST_FAILED,,,,,
85116393,REQUEST_FAILED,,,,,
85116488,REQUEST_FAILED,,,,,
85116497,REQUEST_FAILED,,,,,
85116573,deadAbandoned,MEGACTIVE,"Nov. 07, 2011",AGUSTIN GALLI,,agustingalli@gmail.com
85116704,REQUEST_FAILED,,,,,
85116832,REQUEST_FAILED,,,,,
85116906,REQUEST_FAILED,,,,,
85117036,REQUEST_FAILED,,,,,
85117074,deadAbandoned,LIFE ALARM,"Jun. 10, 2011",Life Alarm Inc.,,olga@lifealert.com
85117073,deadAbandoned,BIOZIRCONIA,"Jun. 22, 2011",Recigno laboratories Inc,,Darecigno@aol.com
85117067,REQUEST_FAILED,,,,,
85117139,deadAbandoned,SCHWING IT,"Nov. 07, 2011","Cook, Garrett",,
85117114,REQUEST_FAILED,,,,,
85117157,deadAbandoned,WATERPERFECT,"Nov. 07, 2011","Greene, Roger",,
85117172,deadAbandoned,PERFORMANCE DIESEL INC.,"Oct. 06, 2011",Performance Diesel Inc,,
85117155,deadAbandoned,HIGH NOON,"Jun. 14, 2011",Exoweb Limited,,
85117184,deadAbandoned,WHO ME ?,"Oct. 10, 2011",Mark Nelson,,mnelson@toplineshirts.com
85117122,REQUEST_FAILED,,,,,
85117149,REQUEST_FAILED,,,,,
85117161,REQUEST_FAILED,,,,,
85117360,deadAbandoned,CELLPHONESENTRY,"Nov. 07, 2011","Doodahdee.Com, Inc.",,doodahdee@verizon.net
85117413,deadAbandoned,MASTER TITLE DEED,"Jun. 13, 2011",Lochaber Highland Estates (CI) Limited,,sales@lochaberhighlandestates.com
85117315,REQUEST_FAILED,,,,,
85117477,deadAbandoned,"BECOME A HIGHLAND LORD, LAIRD OR LADY","Jun. 13, 2011",Lochaber Highland Estates (CI) Limited,,sales@lochaberhighlandestates.com
85117437,REQUEST_FAILED,,,,,
85117447,REQUEST_FAILED,,,,,
85117497,REQUEST_FAILED,,,,,
85117545,REQUEST_FAILED,,,,,
85117870,deadAbandoned,CHUUUCH,"Jun. 13, 2011","Serious Pimp, Inc.",,damian@seriouspimp.com
85117908,deadAbandoned,DE LA CASA,"Nov. 07, 2011","NUNO, EDMUNDO SANCHEZ",,cramirez@uribeyasociados.com
85117665,REQUEST_FAILED,,,,,
85117755,REQUEST_FAILED,,,,,
85118009,REQUEST_FAILED,,,,,
85118052,deadAbandoned,CIGA RITE,"Nov. 14, 2011","Citra, Siera",,
85118017,REQUEST_FAILED,,,,,
85118057,deadAbandoned,;-(,"Jun. 20, 2011","Kemp, Paul W",,pwkemp77553@yahoo.com
85118041,REQUEST_FAILED,,,,,
85118135,deadAbandoned,JUNGLE BURGER,"Jun. 15, 2011",Burger Island Inc.,,kimjeonghun@hotmail.com
85118141,REQUEST_FAILED,,,,,
85118156,REQUEST_FAILED,,,,,
85118193,REQUEST_FAILED,,,,,
85118184,REQUEST_FAILED,,,,,
85118257,deadAbandoned,SOUND CONNECTION ENTERTAINMENT,"Jun. 23, 2011",Jason Jani,,djjasonjani@gmail.com
85118226,REQUEST_FAILED,,,,,
85118269,REQUEST_FAILED,,,,,
85118556,REQUEST_FAILED,,,,,
85118571,REQUEST_FAILED,,,,,
85118589,REQUEST_FAILED,,,,,
85118653,REQUEST_FAILED,,,,,
85118685,REQUEST_FAILED,,,,,
85118756,REQUEST_FAILED,,,,,
85118787,REQUEST_FAILED,,,,,
85118932,deadAbandoned,BO2BIO PEEL,"Nov. 21, 2011",Jackie H. Cho,,jackie@jhcintl.com
85118950,deadAbandoned,C4 EXTREME,"Jun. 17, 2011",Woodbolt Distribution,,kgriste@woodbolt.com
85119025,REQUEST_FAILED,,,,,
85119116,REQUEST_FAILED,,,,,
85119166,REQUEST_FAILED,,,,,
85119199,REQUEST_FAILED,,,,,
85119262,deadAbandoned,SILVER SLIPPER,"Jun. 17, 2011",Ainsworth Game Technology,,amy.becker@ainsworth.com.au
85119272,deadAbandoned,GRAND CAESAR,"Jun. 14, 2011",Ainsworth Game Technology,,amy.becker@ainsworth.com.au
85119217,REQUEST_FAILED,,,,,
85119345,deadAbandoned,DYNAMIC TECHNOLOGIES,"Nov. 25, 2011","Khwaja, Ishan",,ishan7@yahoo.com
85119263,REQUEST_FAILED,,,,,
85119355,deadAbandoned,THRESHER & GLENNY,"Oct. 10, 2011",MF T.G. INTERNATIONAL LTD.,,info@luvanis.com
85119334,deadAbandoned,NITROFIT,"Dec. 29, 2011","Bruno, Ed",,
85119376,deadAbandoned,WELLNESS 10K,"Jun. 16, 2011",SPO Medical Inc.,,webmaster@spomedical.com
85119333,REQUEST_FAILED,,,,,
85119423,deadAbandoned,DELOAUTOMIX,"Dec. 15, 2011",DELO Industrial Adhesives LLC,,Stephan.Tremmel@DELO.us
85119341,REQUEST_FAILED,,,,,
85119436,deadAbandoned,DELOAUTOMIX,"May 12, 2011",DELO Industrial Adhesives LLC,,Stephan.Tremmel@DELO.us
85119375,REQUEST_FAILED,,,,,
85119384,REQUEST_FAILED,,,,,
85119400,REQUEST_FAILED,,,,,
85119571,deadAbandoned,CALIFORNIA CACI,"Jun. 03, 2011","Bresnik, Pauline Angela",,pauline.bresnik@gmail.com
85119543,REQUEST_FAILED,,,,,
85119621,REQUEST_FAILED,,,,,
85119637,REQUEST_FAILED,,,,,
85119737,deadAbandoned,BOOMBOOM,"Jun. 21, 2011",Silverlink International Limited,,dsones@giinii.com
85119859,deadAbandoned,THE MITTENSTATE,"Jun. 15, 2011","Bransdorfer, Guilhem",,info@TheMittenState.com
85120126,deadAbandoned,EPIGENESIS PHARMACEUTICALS,"Nov. 14, 2011","Epigenesis Pharmaceuticals, LLC",,
85119929,REQUEST_FAILED,,,,,
85119954,REQUEST_FAILED,,,,,
85119999,REQUEST_FAILED,,,,,
85120194,deadAbandoned,BLACK BEAR,"Jun. 14, 2011",Ainsworth Game Technology,,amy.becker@ainsworth.com.au
85120218,REQUEST_FAILED,,,,,
85120261,REQUEST_FAILED,,,,,
85120289,REQUEST_FAILED,,,,,
85120430,deadAbandoned,CHOP! CHOP! XPRESS,"Jun. 17, 2011",Hai C. Quach,,tmregistered@gmail.com
85120372,REQUEST_FAILED,,,,,
85120444,deadAbandoned,SPO WELLNESS,"Jun. 16, 2011",SPO Medical Inc.,,webmaster@SPOMedical.com
85120465,deadAbandoned,IGADGITZ,"Jun. 15, 2011",Innov8 GB Limited,,info@revomark.co.uk
85120427,REQUEST_FAILED,,,,,
85120459,deadAbandoned,OP5,"Jun. 16, 2011",op5 AB,,klas.bernehjalt@op5.com
85120472,deadAbandoned,LEAFALIZE,"Nov. 14, 2011","Sorency, Cole",,
85120480,deadAbandoned,BLANKETS 4 BRAVERY.COM,"Nov. 07, 2011","Houk, Judy",,
85120462,REQUEST_FAILED,,,,,
85120618,deadAbandoned,ARAS SOFTWARE & TECHNOLOGY,"Jun. 21, 2011",ARAS Software & Technology LLC,,rkay@aras-crm.com
85120578,REQUEST_FAILED,,,,,
85120602,REQUEST_FAILED,,,,,
85120909,REQUEST_FAILED,,,,,
85121003,REQUEST_FAILED,,,,,
85121018,REQUEST_FAILED,,,,,
85121124,deadAbandoned,INTERCONNECTED TOYS,"Jun. 21, 2011","Nuko Toys, Inc.",,rodger@nukotoys.com
85121034,REQUEST_FAILED,,,,,
85121228,deadAbandoned,PENDLETON FRAGRANCES,"Jun. 13, 2011",Western Crossings,,
85121220,REQUEST_FAILED,,,,,
85121280,REQUEST_FAILED,,,,,
85121332,REQUEST_FAILED,,,,,
85121353,REQUEST_FAILED,,,,,
85121378,deadAbandoned,CATCH-A-BUTTERFLY,"Jun. 16, 2011",FISH PETER ALAN,,peterfishos@hotmail.com
85121373,deadAbandoned,CATCH-A-SNOWMAN,"Jun. 16, 2011",FISH PETER ALAN,,peterfishos@hotmail.com
85121385,deadAbandoned,LOCAL CARD,"Dec. 31, 2011","Cogan, Glenn Jordan",,glennc@localcardsystems.com
85121383,deadAbandoned,CATCH-A-RAINBOW,"Jun. 16, 2011",FISH PETER ALAN,,peterfishos@hotmail.com
85121414,deadAbandoned,BREWSKI,"Apr. 05, 2011","Kuziw, Swiatoslaw",,
85121382,deadAbandoned,CATCH-A-STAR,"Jun. 16, 2011",FISH PETER ALAN,,peterfishos@hotmail.com
85121377,REQUEST_FAILED,,,,,
85121420,deadAbandoned,MEETANDGREETLOUNGE.COM,"Nov. 21, 2011",Yrrek public relations Inc,,
85121418,deadAbandoned,SERVATUS CORPORATION,"Oct. 28, 2011","Joplin, Michael",,
85121398,deadAbandoned,MAKING SMART PEOPLE SMARTER,"Nov. 14, 2011",Alden & Associates Marketing Research Inc.,,
85121417,deadAbandoned,HEALTHY EATING IS HEALTHY LIVING,"Nov. 14, 2011","Patel, Anil",,
85121457,REQUEST_FAILED,,,,,
85121519,deadAbandoned,B'STRO,"May 10, 2011","B Hotel Group, LLC",,
85121464,REQUEST_FAILED,,,,,
85121522,deadAbandoned,MIKE THE MISSILE,"Nov. 14, 2011","Minix, Micheal B.",,m.minix@insightbb.com
85121483,REQUEST_FAILED,,,,,
85121479,REQUEST_FAILED,,,,,
85121580,REQUEST_FAILED,,,,,
85121637,REQUEST_FAILED,,,,,
85121657,REQUEST_FAILED,,,,,
85121729,deadAbandoned,YAHZMUSIC,"Dec. 05, 2011",ELQANAH BEN YISRAEL,,yisraele@comcast.net
85121772,deadAbandoned,THE ZEITGEIST MOVEMENT,"Jun. 16, 2011",Gentle Machine Productions,,peter@thezeitgeistmovement.com
85121705,REQUEST_FAILED,,,,,
85121750,REQUEST_FAILED,,,,,
85121747,REQUEST_FAILED,,,,,
85121926,deadAbandoned,THE OFFICIAL BAY CITY ROLLERS,"Jun. 17, 2011","McKeown, Leslie",,lesbaycityrollers@googlemail.com
85121897,REQUEST_FAILED,,,,,
85121961,REQUEST_FAILED,,,,,
85122069,REQUEST_FAILED,,,,,
85122257,deadAbandoned,REAL ESTATE TOOLS,"Jun. 23, 2011","Wasatch Digital Media, Inc.",,joel@realestatetools.com
85122261,deadAbandoned,SOUND2,"Jun. 23, 2011","Schaefer, William J",,bills@sound2co.com
85122190,REQUEST_FAILED,,,,,
85122231,REQUEST_FAILED,,,,,
85122284,REQUEST_FAILED,,,,,
85122426,deadAbandoned,G GO GETTAS INCORPORATED,"Nov. 14, 2011",GO GETTAS INC,,
85122484,deadAbandoned,BUDDYSUIT,"Nov. 21, 2011",Richardco,,ggimble@gmail.com
85122462,deadAbandoned,VELOCITY COMMERCE,"Jun. 17, 2011",6th Street Inc.,,david@6thstreetshops.com
85122454,REQUEST_FAILED,,,,,
85122673,deadAbandoned,MINA MAR GROUP,"Jun. 17, 2011",Mina Mar International,,minamargroup@gmail.com
85122506,REQUEST_FAILED,,,,,
85122769,deadAbandoned,HITCHSOURCE,"Jun. 22, 2011","Hitch Source, LLC",,ken@hitchsource.com
85122701,REQUEST_FAILED,,,,,
85122828,deadAbandoned,GREEN SHIPPING,"Jun. 21, 2011","Green Ventures, Inc.",,ken@greenshipping.com
85122757,REQUEST_FAILED,,,,,
85122770,REQUEST_FAILED,,,,,
85123088,REQUEST_FAILED,,,,,
85123159,REQUEST_FAILED,,,,,
85123220,deadAbandoned,YOU EARN IT ! YOU GET IT ! EVERYONE IS EQUAL!,"Jun. 16, 2011",The Revolution FMO,,ruthann@ruthannniosi.com
85123187,REQUEST_FAILED,,,,,
85123215,REQUEST_FAILED,,,,,
85123221,REQUEST_FAILED,,,,,
85123352,deadAbandoned,MANEATER SWIMWEAR,"Jun. 23, 2011","Wells, Renay A",,yearnswell@bigpond.com
85123351,REQUEST_FAILED,,,,,
85123380,REQUEST_FAILED,,,,,
85123474,deadAbandoned,LA COLMENA,"May 04, 2011",F. L. NAVARRO LTD,,FLNAVARRO@THEARTISANCOLLECTION.US
85123433,REQUEST_FAILED,,,,,
85123436,REQUEST_FAILED,,,,,
85123528,deadAbandoned,FITPOD,"Jun. 23, 2011",ThinkingSlimmer Ltd,,Chris@ThinkingSlimmer.com
85123480,REQUEST_FAILED,,,,,
85123556,deadAbandoned,WEATHERONLINE,"Jun. 17, 2011","Dr. Roemer, Ulrich",,ulrich.roemer@weatheronline.co.uk
85123527,deadAbandoned,SLIMPOD,"Jul. 19, 2011",ThinkingSlimmer Ltd,,Chris@ThinkingSlimmer.com
85123524,REQUEST_FAILED,,,,,
85123523,REQUEST_FAILED,,,,,
85123561,deadAbandoned,EQUINOX,"Jun. 17, 2011",F. L. NAVARRLO LTD,,FLNAVARRO@THEARTISANCOLLECTION.US
85123587,deadAbandoned,PENELOPE,"Jun. 17, 2011",F. L. NAVARRLO LTD,,FLNAVARRO@THEARTISANCOLLECTION.US
85123612,REQUEST_FAILED,,,,,
85123649,REQUEST_FAILED,,,,,
85123628,REQUEST_FAILED,,,,,
85123774,deadAbandoned,TRIUMPH,"Jun. 21, 2011",ARMON LIMITED,,thomas.vonurbisch@smartIPR.com
85123673,REQUEST_FAILED,,,,,
85123815,REQUEST_FAILED,,,,,
85123922,deadAbandoned,PURE,"Jun. 22, 2011","Beam Pure Detox, LLC",,lbeamdc@gmail.com
85123868,REQUEST_FAILED,,,,,
85123909,REQUEST_FAILED,,,,,
85124023,deadAbandoned,WUN,"Nov. 21, 2011","Wun Systems, Inc.",,dschwartz@etsonline.com
85124040,deadAbandoned,KESSAB HERBS,"Jun. 20, 2011","Hanounek, Khalil",,info@kessabherbs.com
85124082,deadAbandoned,ESPANA DE SANTA BARBARA SALSA,"Jun. 24, 2011","ORT Enterprises, LLC.",,joeo@west.net
85123933,REQUEST_FAILED,,,,,
85124166,deadAbandoned,SFA CONSORTIUM,"Jun. 23, 2011","Kekos, Jerry",,jerry.kekos@sfaconsortium.com
85124052,REQUEST_FAILED,,,,,
85124256,REQUEST_FAILED,,,,,
85124272,REQUEST_FAILED,,,,,
85124402,deadAbandoned,ELLAS TV,"Jun. 21, 2011",ELLAS TV INC,,info@ellastv.com
85124370,REQUEST_FAILED,,,,,
85124364,REQUEST_FAILED,,,,,
85124459,REQUEST_FAILED,,,,,
85124462,REQUEST_FAILED,,,,,
85124477,REQUEST_FAILED,,,,,
85124518,deadAbandoned,SABAL HEADWEAR,"Jun. 17, 2011","Salty Earth Trading Co., Inc.",,CustomerService@SaltyEarth.com
85124483,REQUEST_FAILED,,,,,
85124552,deadAbandoned,HOMKEY,"Oct. 05, 2011","Shantou Chenghai Homkey Plastics Co., Ltd",,782914753@qq.com
85124588,deadAbandoned,ANDREA B,"Nov. 11, 2011","A.R.B. Production, Inc.",,andrea@andreabeharllc.com
85124523,REQUEST_FAILED,,,,,
85124608,deadAbandoned,UNWASTED TALENT,"Nov. 21, 2011",K.alexZander LLC,,
85124531,REQUEST_FAILED,,,,,
85124563,deadAbandoned,DON'T B NXT W8 2 TXT TEXTING,"Dec. 19, 2011","Lyons Pride Concepts, LLC",,
85124568,REQUEST_FAILED,,,,,
85124593,REQUEST_FAILED,,,,,
85124660,REQUEST_FAILED,,,,,
85124796,deadAbandoned,42 TEN WORLD FAMOUS BRAND,"Oct. 10, 2011","Nelson, Mark",,mnelson@toplineshirts.com
85124682,REQUEST_FAILED,,,,,
85124720,REQUEST_FAILED,,,,,
85124742,REQUEST_FAILED,,,,,
85124766,REQUEST_FAILED,,,,,
85124913,REQUEST_FAILED,,,,,
85124933,REQUEST_FAILED,,,,,
85125073,REQUEST_FAILED,,,,,
85125178,deadAbandoned,SANAMIGHT,"May 25, 2011","Ayiar, Victoria",,info@sanabody.com
85125155,REQUEST_FAILED,,,,,
85125316,deadAbandoned,FIJI YOGURT SELF-SERVE FROZEN YOGURT,"Sep. 12, 2011",Fiji Yogurt Franchising LLC,,froyokyle@gmail.com
85125198,REQUEST_FAILED,,,,,
85125246,REQUEST_FAILED,,,,,
85125427,REQUEST_FAILED,,,,,
85125526,deadAbandoned,KEEPING THE WORLD IN CHECK!,"Nov. 21, 2011","HUMONGOUS INFINITY, LLC",,
85125455,REQUEST_FAILED,,,,,
85125463,REQUEST_FAILED,,,,,
85125529,deadAbandoned,THE LEAN MIRACLE,"Nov. 21, 2011","Fender, Ronald",,
85125560,deadAbandoned,AUSTRALIAN OUTBACK SPECTACULAR,"Jun. 23, 2011",Hercules Entertainment,,barbarahorses@bigpond.com
85125570,deadAbandoned,SPIRYTUS REKTYFIKOWANY RECTIFIED SPIRIT M,"Jun. 22, 2011","Przedsiebiorstwo Przemyslu Spirytusowego ""POLMOS"" w Warszawie Spolka Akcyjna",,marketing@polmos-warszawa.pl
85125522,REQUEST_FAILED,,,,,
85125558,deadAbandoned,ORIGINWATER,"Jun. 23, 2011","BEIJING ORIGINWATER TECHNOLOGY CO., LTD",,
85125539,REQUEST_FAILED,,,,,
85125592,deadAbandoned,PACES TRADING COMPANY,"Jun. 15, 2011","Homer TLC, Inc.",,Trade_Marks@homedepot.com
85125608,REQUEST_FAILED,,,,,
85125656,REQUEST_FAILED,,,,,
85125811,REQUEST_FAILED,,,,,
85125888,deadAbandoned,PROFESSIONAL FOOTBALL MANAGEMENT,"Jun. 21, 2011",Howard Shatsky,,howard@profootballmgmt.com
85125837,REQUEST_FAILED,,,,,
85125869,REQUEST_FAILED,,,,,
85126025,deadAbandoned,BATTLE OOS,"Sep. 05, 2011","Next Jump, Inc.",,
85125935,deadAbandoned,CPE LINK,"Jun. 27, 2011",Bayfinity,,erhan.aksoy@cpelink.com
85126057,deadAbandoned,FREEDOM OOS,"Sep. 05, 2011","Next Jump, Inc.",,
85126015,REQUEST_FAILED,,,,,
85126074,deadAbandoned,VORTEX PHARMA GROUP,"Jun. 23, 2011","Vortex Pharma Group, INC",,tamara@lambdesigns.com
85126056,REQUEST_FAILED,,,,,
85126206,REQUEST_FAILED,,,,,
85126348,REQUEST_FAILED,,,,,
85126402,REQUEST_FAILED,,,,,
85126433,REQUEST_FAILED,,,,,
85126539,deadAbandoned,SET THE PACE OUTWORK... OUTHUSTLE... OUTPLAY...,"Dec. 05, 2011","Mantegani, Stephen",,
85126512,deadAbandoned,HEALTH CHANGE ASSOCIATES,"Jun. 23, 2011",Health Change Associates Pty Ltd,,accounts@healthcoachingaustralia.com.au
85126541,deadAbandoned,BLACK DRAGON FIGHTING SOCIETY,"Jun. 24, 2011","Davis, Radford",,dojopress@aol.com
85126515,REQUEST_FAILED,,,,,
85126564,deadAbandoned,NUROSMART,"Jul. 19, 2011",SOMAN GIRISH SUDHAKAR,,soman.girish@gmail.com
85126554,deadAbandoned,NUROPATH,"Jun. 21, 2011",SOMAN GIRISH SUDHAKAR,,soman.girish@gmail.com
85126525,REQUEST_FAILED,,,,,
85126530,REQUEST_FAILED,,,,,
85126646,REQUEST_FAILED,,,,,
85126730,REQUEST_FAILED,,,,,
85126733,REQUEST_FAILED,,,,,
85126916,deadAbandoned,PEGASO TRADING,"Jun. 21, 2011",Pegaso Trading,,caroline.critelli@pegasotrading.com
85126872,REQUEST_FAILED,,,,,
85127048,deadAbandoned,KNOWTIFICATION,"Jun. 29, 2011","Mait, Adam D",,adammait@knowtification.com
85127126,deadAbandoned,REAL,"Jun. 21, 2011",Olga Viakhireva,,olavi2000@aol.com
85127111,deadAbandoned,XV,"Jun. 22, 2011","Walsh, Brendan",,
85127043,REQUEST_FAILED,,,,,
85127151,deadAbandoned,GLASSPERKS,"Jun. 20, 2011","Glasswerks L.A., Inc.",,glasswerks@glasswerks.com
85127100,REQUEST_FAILED,,,,,
85127170,REQUEST_FAILED,,,,,
85127373,deadAbandoned,TIBICOS,"Jun. 28, 2011",James Linesch,,jim@linesch.com
85127347,deadAbandoned,BLEU DÉSIR,"Jun. 21, 2011","de Bothuri, Alexandre",,debothuri@aol.com
85127324,REQUEST_FAILED,,,,,
85127400,deadAbandoned,GRACIOUS STRENGTH,"Jun. 21, 2011",Energyrich(R) Coaching Inc,,mina@energyrichcoach.com
85127348,REQUEST_FAILED,,,,,
85127395,REQUEST_FAILED,,,,,
85127434,REQUEST_FAILED,,,,,
85127627,deadAbandoned,PREDISCOVERYONLINE,"Jun. 21, 2011",Agile Risk Management LLC,,sales@f-response.com
85127586,REQUEST_FAILED,,,,,
85127573,REQUEST_FAILED,,,,,
85127623,REQUEST_FAILED,,,,,
85127625,REQUEST_FAILED,,,,,
85127638,REQUEST_FAILED,,,,,
85127664,REQUEST_FAILED,,,,,
85127738,deadAbandoned,ROCKY MOUNTAIN MEAL BARS,"Jun. 22, 2011","Oelerich, Christopher",,coelerich@yahoo.com
85127736,deadAbandoned,INCARCERATION,"Nov. 28, 2011","Uhuru, Karioki",,kuhuru@hotmail.com
85127751,deadAbandoned,SENSORY PLAYBOOK,"Jun. 23, 2011",SenseTrak Incorporated,,allen@sensetrak.com
85127889,deadAbandoned,VICARS,"Jun. 30, 2011",T&T Vicars Limited,,vince.middleton@vicars.uk.com
85127901,deadAbandoned,QCLUB,"Dec. 05, 2011",Solcon Incorporated,,loren@quickmedical.com
85127756,REQUEST_FAILED,,,,,
85127939,deadAbandoned,AIM,"Jun. 22, 2011","OTOTRONIX, LLC",,info@tympany.net
85127951,deadAbandoned,CAPSTONE CLOTHING CO.,"Jun. 22, 2011",Capstone Clothing Company,,essixlaw@cox.net
85127910,REQUEST_FAILED,,,,,
85127913,REQUEST_FAILED,,,,,
85128031,deadAbandoned,BEDBUG REGISTRY,"Jun. 28, 2011","Ceglowski, Maciej",,maciej@ceglowski.com
85128041,REQUEST_FAILED,,,,,
85128079,REQUEST_FAILED,,,,,
85128152,REQUEST_FAILED,,,,,
85128216,REQUEST_FAILED,,,,,
85128231,REQUEST_FAILED,,,,,
85128440,deadAbandoned,ALCANCE,"Jun. 23, 2011",JONATHAN ALMONTE,,grupo_alcance@live.com
85128558,deadAbandoned,DOXSEND,"Jun. 28, 2011","Wolvert, Terry Douglas",,
85128567,deadAbandoned,DOXSHARE,"Jun. 28, 2011","Wolvert, Terry Douglas",,
85128421,deadAbandoned,NYSTAGRAM,"Nov. 21, 2011","OTOTRONIX, LLC",,info@tympany.net
85128416,REQUEST_FAILED,,,,,
85128598,REQUEST_FAILED,,,,,
85128596,REQUEST_FAILED,,,,,
85128628,REQUEST_FAILED,,,,,
85128643,REQUEST_FAILED,,,,,
85128745,deadAbandoned,JOBSKATE,"Nov. 28, 2011","Hillis, Greg",,
85128733,deadAbandoned,STERLING BOOTS CUSTOM MADE,"Nov. 12, 2011","Blase, Richard",,
85128676,REQUEST_FAILED,,,,,
85128701,deadAbandoned,VITAMIN X,"Jun. 28, 2011",BioCen Natural Products Development Group,,kennedyd@bnpdgroup.com
85128750,deadAbandoned,LIFE IS DECENT,"Nov. 28, 2011",Decent Brands LLC,,
85128765,deadAbandoned,SMART-COM,"Nov. 28, 2011",Carmanah Signs Inc.,,
85128859,deadAbandoned,LONELY AND THE SOCIALITES,"Jun. 24, 2011","Cowles, Nathan T",,ntcowles@aol.com
85128876,deadAbandoned,SPORTIPEDIA,"Jun. 24, 2011","Corbeau, Maxime Romain",,maxime.corbeau@yahoo.com
85128734,REQUEST_FAILED,,,,,
85128888,REQUEST_FAILED,,,,,
85128916,REQUEST_FAILED,,,,,
85129120,deadAbandoned,KENKO,"Jun. 22, 2011","Kenko Trading, Inc.",,tmregistered@gmail.com
85129084,REQUEST_FAILED,,,,,
85129090,REQUEST_FAILED,,,,,
85129174,REQUEST_FAILED,,,,,
85129237,REQUEST_FAILED,,,,,
85129246,REQUEST_FAILED,,,,,
85129510,REQUEST_FAILED,,,,,
85129537,REQUEST_FAILED,,,,,
85129534,REQUEST_FAILED,,,,,
85129632,deadAbandoned,INTELBUILDER,"Jun. 28, 2011",Vesta Digital,,support@vestadigital.com
85129654,REQUEST_FAILED,,,,,
85129672,REQUEST_FAILED,,,,,
85129760,deadAbandoned,SIGHTBYTES,"Nov. 28, 2011","Executive Producers, LLC",,
85129720,REQUEST_FAILED,,,,,
85129857,REQUEST_FAILED,,,,,
85129875,REQUEST_FAILED,,,,,
85129935,REQUEST_FAILED,,,,,
85129978,REQUEST_FAILED,,,,,
85130051,REQUEST_FAILED,,,,,
85130109,REQUEST_FAILED,,,,,
85130287,deadAbandoned,ZOOM FOAM,"Jun. 24, 2011",ACI International,,aliau@aciint.com
85130147,REQUEST_FAILED,,,,,
85130300,deadAbandoned,DARTZ,"Jun. 24, 2011",ACI International,,aliau@aciint.com
85130273,deadAbandoned,G FOAM,"Nov. 28, 2011",ACI International,,aliau@aciint.com
85130168,REQUEST_FAILED,,,,,
85130191,REQUEST_FAILED,,,,,
85130311,deadAbandoned,ROCKET FOAM,"Nov. 28, 2011",ACI International,,aliau@aciint.com
85130446,deadAbandoned,SOUTHERN GOURMET CHESS SQUARES,"Jun. 26, 2011","Paisley,Tonya, R",,
85130355,REQUEST_FAILED,,,,,
85130381,REQUEST_FAILED,,,,,
85130414,REQUEST_FAILED,,,,,
85130456,REQUEST_FAILED,,,,,
85130568,REQUEST_FAILED,,,,,
85130602,REQUEST_FAILED,,,,,
85130628,REQUEST_FAILED,,,,,
85130274,REQUEST_FAILED,,,,,
85130654,REQUEST_FAILED,,,,,
85130787,deadAbandoned,IFASE!,"Dec. 05, 2011",LowerPriceUSA Inc,,
85130931,deadAbandoned,RAW,"Nov. 22, 2011",Raw Men's Skin Care Inc,,info@rawmethod.com
85130836,REQUEST_FAILED,,,,,
85130865,REQUEST_FAILED,,,,,
85130970,deadAbandoned,LIFEDONORS,"Jun. 29, 2011","Crescendo Interactive, Inc.",,bill@cresmail.com
85130935,REQUEST_FAILED,,,,,
85130963,REQUEST_FAILED,,,,,
85130967,REQUEST_FAILED,,,,,
85131006,deadAbandoned,BLING,"Jul. 01, 2011",l33t labs LLC,,tmccrary@l33tlabs.com
85131056,REQUEST_FAILED,,,,,
85131101,REQUEST_FAILED,,,,,
85131251,REQUEST_FAILED,,,,,
85131303,REQUEST_FAILED,,,,,
85131460,REQUEST_FAILED,,,,,
85131484,REQUEST_FAILED,,,,,
85131636,deadAbandoned,None,"Nov. 28, 2011",DYNASTY VISIONARIES,,MAGICMALIKYE@GMAIL.COM
85131626,REQUEST_FAILED,,,,,
85131709,deadAbandoned,AUTOSOX,"Jun. 30, 2011","Duo Consulting Group, Inc.",,Paul@USportsMiami.com
85131694,REQUEST_FAILED,,,,,
85131805,deadAbandoned,HIP HOP HALL OF FAME,"Jun. 29, 2011",Hip Hop hall of Fame Wax Museum,,thehiphophalloffame@gmail.com
85131806,deadAbandoned,TECHWAVE,"Nov. 28, 2011",TechWave,,
85131752,REQUEST_FAILED,,,,,
85131802,deadAbandoned,AMERICAN HYGENICS,"Dec. 31, 2011","Roane, Tony",,
85131767,REQUEST_FAILED,,,,,
85131825,REQUEST_FAILED,,,,,
85131830,REQUEST_FAILED,,,,,
85131992,REQUEST_FAILED,,,,,
85132035,REQUEST_FAILED,,,,,
85132070,REQUEST_FAILED,,,,,
85132165,deadAbandoned,GASTRONOMO...THE CULINARY HERO,"Dec. 05, 2011","Portuesi, Gary",,gportuesi@nyc.rr.com
85132109,REQUEST_FAILED,,,,,
85132259,deadAbandoned,ENERGYRICH SOUL-UTION,"Jun. 22, 2011","EnergyRICH Coaching, Inc.",,info@energyrichcoach.com
85132290,deadAbandoned,SKIN RESURFACER,"Jun. 28, 2011",Skin Care Fundamentals,,kith@spicejar.org
85132162,REQUEST_FAILED,,,,,
85132352,deadAbandoned,SOUR MASH LIQUEUR,"Jun. 30, 2011","750 ML, LLC",,jcooper@domainedecanton.com
85132375,REQUEST_FAILED,,,,,
85132655,deadAbandoned,SHOE RODZ,"Jul. 15, 2011",RYON XAVIER SMITH,,housethatxavierbuilt@yahoo.com
85132411,REQUEST_FAILED,,,,,
85132572,REQUEST_FAILED,,,,,
85132603,REQUEST_FAILED,,,,,
85132667,REQUEST_FAILED,,,,,
85132713,deadAbandoned,FINE ART PHOTOJOURNALISM,"Aug. 08, 2011","John Andrews Photography, LLC",,andrew@johnandrewsphotography.com
85132757,deadAbandoned,XYBERFLEX,"Nov. 21, 2011",FreedomRocks Inc,,
85132712,REQUEST_FAILED,,,,,
85132803,deadAbandoned,MY KID IS GIFTED,"Jun. 28, 2011",My Kid Is Gifted LLC,,alewis44@gmail.com
85132796,REQUEST_FAILED,,,,,
85132851,deadAbandoned,EL RELIZ,"Dec. 08, 2011","OLIDE LOMELI, DAVID",,SERGIOOLIDE@HOTMAIL.COM
85132828,REQUEST_FAILED,,,,,
85132871,deadAbandoned,SUPPLIER FINANCE CORPORATE PLEDGE,"Jun. 28, 2011","Crowe, Damian John",,damian.john.crowe@citi.com
85132834,REQUEST_FAILED,,,,,
85132953,deadAbandoned,REAL MOMENTS REAL STORIES,"Aug. 08, 2011","John Andrews Photography, LLC",,andrew@johnandrewsphotography.com
85132914,REQUEST_FAILED,,,,,
85132945,REQUEST_FAILED,,,,,
85132996,REQUEST_FAILED,,,,,
85133024,REQUEST_FAILED,,,,,
85133065,deadAbandoned,SWIM CONFIDENCE,"Jul. 05, 2011","FIREMAN, ANDREW F",,afireman2003@gmail.com
85133082,REQUEST_FAILED,,,,,
85133067,REQUEST_FAILED,,,,,
85133118,REQUEST_FAILED,,,,,
85133201,REQUEST_FAILED,,,,,
85133215,REQUEST_FAILED,,,,,
85133221,REQUEST_FAILED,,,,,
85133448,deadAbandoned,I-MUNITY,"Jun. 30, 2011","Fortunato, Darren J.",,waf@cox.net
85133496,deadAbandoned,RISKAPI,"Jun. 29, 2011","Portfolio Science, Inc.",,ikorin@portfolioscience.com
85133404,REQUEST_FAILED,,,,,
85133408,REQUEST_FAILED,,,,,
85133406,REQUEST_FAILED,,,,,
85133594,deadAbandoned,PUSSY PACIFIER,"Jan. 20, 2011","Jones, Gordon P.",,gtrustee@aol.com
85133878,deadAbandoned,SUBMISSION SNIPER,"Oct. 04, 2011",Samuel D Lee,,sam@trader76.plus.com
85133647,REQUEST_FAILED,,,,,
85133868,deadAbandoned,TIMES SENSE,"Nov. 14, 2011",CharlesBernd AG,,karl.gosejacob@charlesbernd.com
85133894,deadAbandoned,SPA FIT,"Jul. 08, 2011",Spa Fit Finder LLC,,
85133929,REQUEST_FAILED,,,,,
85133958,REQUEST_FAILED,,,,,
85133998,REQUEST_FAILED,,,,,
85134139,deadAbandoned,PRIXM,"Nov. 13, 2011",Yi & Bai Corp.,,
85134041,REQUEST_FAILED,,,,,
85134106,REQUEST_FAILED,,,,,
85134176,deadAbandoned,MDXCHANGE,"Dec. 05, 2011","Renfro, Mark",,
85134122,REQUEST_FAILED,,,,,
85134126,REQUEST_FAILED,,,,,
85134175,deadAbandoned,THE LOCALS FAVORITES.COM BRINGING BACK AMERICA'S MAIN STREETS & LOCAL TRADITIONS!,"Jul. 07, 2011",Anna Risse,,thelocalsfavorites@gmail.com
85134320,deadAbandoned,BOMBILLOS NY,"Aug. 22, 2011",Bombillos NYC,,bombillosnewyork@yahoo.com
85134348,deadAbandoned,LOBOS ART CIGARS,"Jul. 01, 2011",CARLOS MANUEL MATALOBOS FERNANDEZ,,FDR10101960@YAHOO.COM
85134184,REQUEST_FAILED,,,,,
85134375,REQUEST_FAILED,,,,,
85134365,REQUEST_FAILED,,,,,
85134401,REQUEST_FAILED,,,,,
85134439,REQUEST_FAILED,,,,,
85134504,REQUEST_FAILED,,,,,
85134680,deadAbandoned,MODERN DRAMA,"Dec. 05, 2011",AMERICAN LEATHERS LLC,,
85134513,REQUEST_FAILED,,,,,
85134788,deadAbandoned,NRG FOAM,"Jun. 24, 2011",ACI International,,aliau@aciint.com
85134758,deadAbandoned,POINTHR,"Jul. 05, 2011",PointHR Incorporated,,jim@pointhr.com
85134801,deadAbandoned,NRGY FOAM,"Dec. 19, 2011",ACI International,,aliau@aciint.com
85134690,REQUEST_FAILED,,,,,
85135014,REQUEST_FAILED,,,,,
85135034,REQUEST_FAILED,,,,,
85135137,deadAbandoned,TLC WOOFIE COOKIES,"Dec. 20, 2011","Semancik, Thomas",,
85135277,deadAbandoned,SLIM DREAM,"Dec. 12, 2011","Natural Lifestyle, LLC",,aharon@slimdreamusa.com
85135311,REQUEST_FAILED,,,,,
85135324,REQUEST_FAILED,,,,,
85135317,REQUEST_FAILED,,,,,
85135470,deadAbandoned,THE INFORMATION INVESTMENT,"Dec. 19, 2011","LVP Solutions, LLC",,lauren@lvpsolutions.com
85135471,REQUEST_FAILED,,,,,
85135477,REQUEST_FAILED,,,,,
85135541,deadAbandoned,VIRTUAL DEAF CHURCH,"Jul. 05, 2011",Open Bible Deaf Church,,JustinDeanVollmar@hotmail.com
85135540,REQUEST_FAILED,,,,,
85135675,REQUEST_FAILED,,,,,
85135683,REQUEST_FAILED,,,,,
85135742,deadAbandoned,ENTERPRISE AMBASSADOR,"Jul. 01, 2011",Burette Pty Lad.,,POWERCONNECT@OPTUSNET.COM.AU
85135956,deadAbandoned,CITYSENSEI,"May 25, 2011",City Sensei LLC,,
85135795,REQUEST_FAILED,,,,,
85135831,REQUEST_FAILED,,,,,
85135951,REQUEST_FAILED,,,,,
85135952,REQUEST_FAILED,,,,,
85136158,deadAbandoned,WE DON'T FUCK WITH YOU MUSICALLY,"Jul. 06, 2011","Atria, Greg, J",,gregatria@aol.com
85136098,REQUEST_FAILED,,,,,
85136103,REQUEST_FAILED,,,,,
85136126,REQUEST_FAILED,,,,,
85136180,deadAbandoned,NEWPOP,"Dec. 12, 2011","Hernandez, Mervin",,
85136145,REQUEST_FAILED,,,,,
85136258,REQUEST_FAILED,,,,,
85136334,REQUEST_FAILED,,,,,
85136379,REQUEST_FAILED,,,,,
85136419,REQUEST_FAILED,,,,,
85136601,REQUEST_FAILED,,,,,
85136735,deadAbandoned,TIME OUT SPORTS BARS,"Nov. 27, 2011",Randall Fluker,,
85136618,REQUEST_FAILED,,,,,
85136930,deadAbandoned,DREAMS & DESTINIES,"Jul. 01, 2011","Below, Dr. Stephen",,tmreg@pigskindreams.com
85136833,REQUEST_FAILED,,,,,
85136908,REQUEST_FAILED,,,,,
85136962,REQUEST_FAILED,,,,,
85137012,REQUEST_FAILED,,,,,
85137068,deadAbandoned,YOGURTBAR,"Jun. 30, 2011","Vo, Tina T",,Tinavo@gmail.com
85137110,deadAbandoned,YOOMI,"Dec. 05, 2011","Discovery Bay Games, Inc.",,
85137036,REQUEST_FAILED,,,,,
85137057,REQUEST_FAILED,,,,,
85137122,REQUEST_FAILED,,,,,
85137126,REQUEST_FAILED,,,,,
85137165,deadAbandoned,BOOKSALIVE,"Nov. 18, 2011","XIMAD,INC",,
85137173,deadAbandoned,MANAGEMENT SCIENCES FOR EMPLOYMENT,"Sep. 18, 2011","Affognon, Dieudonne J. A.",,joelaffognon@yahoo.com
85137149,REQUEST_FAILED,,,,,
85137154,REQUEST_FAILED,,,,,
85137374,deadAbandoned,JET$ET,"Jul. 05, 2011","Geiger, John E",,jgmanagement10@yahoo.com
85137253,REQUEST_FAILED,,,,,
85137406,deadAbandoned,DESERT AGAVE COMMERCIAL,"Jul. 12, 2011",Gerard Daniel B,,jay@logocare.com
85137324,REQUEST_FAILED,,,,,
85137423,deadAbandoned,KOLACHE HOUSE BAKERY,"Jul. 13, 2011","Holm, Janet",,janet@KolacheHouseBakery.com
85137376,REQUEST_FAILED,,,,,
85137438,REQUEST_FAILED,,,,,
85137457,deadAbandoned,"EMPOWERMENT & EXCELLENCE ""TODAY'S YOUTH, TOMORROW'S PROFESSIONAL LEADERS""","Jul. 07, 2011",Harris Danny,,jay@logocare.com
85137508,deadAbandoned,CLUSTERS,"Jun. 17, 2011","LateNiteSoft, S.L.",,
85137531,deadAbandoned,"THE LIQUOR COMPANY BEER, WINE AND LIQUOR","Jul. 12, 2011",Gerard Daniel B,,jay@logocare.com
85137462,REQUEST_FAILED,,,,,
85137512,deadAbandoned,MAINTENANCE SERVICE SOLUTIONS,"Jul. 07, 2011",Dye Kevin,,jay@logocare.com
85137570,REQUEST_FAILED,,,,,
85137571,REQUEST_FAILED,,,,,
85137607,REQUEST_FAILED,,,,,
85137910,REQUEST_FAILED,,,,,
85137921,REQUEST_FAILED,,,,,
85137939,REQUEST_FAILED,,,,,
85138166,deadAbandoned,PARKS GUIDE EXPLORE PARKS AND RECREATIONAL ACTIVITIES,"Jul. 12, 2011",Parks Guide,,parksguide.com@gmail.com
85138137,REQUEST_FAILED,,,,,
85138231,REQUEST_FAILED,,,,,
85138257,deadAbandoned,GCT,"Dec. 12, 2011","Ly, Monica W",,dragonly76@gmail.com
85138243,REQUEST_FAILED,,,,,
85138256,REQUEST_FAILED,,,,,
85138258,REQUEST_FAILED,,,,,
85138310,deadAbandoned,PAYWAYLESS,"Jul. 05, 2011","PAYWAYLESS, LLC",,mjrn@netscape.com
85138329,deadAbandoned,RECOMBINANT,"Jul. 07, 2011","FIGHT LABS, LLC",,fightlabs@gmail.com
85138262,REQUEST_FAILED,,,,,
85138344,deadAbandoned,MAZZONI LB,"Jul. 06, 2011",ITALY MAZUONI LIMITED,,zhanghonglu@inipa.com
85138342,deadAbandoned,PAYWAYLESS,"Jul. 13, 2011","PAYWAYLESS, LLC",,mjrn@netscape.com
85138296,REQUEST_FAILED,,,,,
85138328,REQUEST_FAILED,,,,,
85138313,REQUEST_FAILED,,,,,
85138362,deadAbandoned,PARFAIT LA PEAU RENAIT,"Oct. 18, 2011",Regidor Pacal,,reggpac@yahoo.com
85138355,REQUEST_FAILED,,,,,
85138392,REQUEST_FAILED,,,,,
85138394,REQUEST_FAILED,,,,,
85138402,REQUEST_FAILED,,,,,
85138455,deadAbandoned,POSTDOC,"Jul. 12, 2011",AmeriCareers LLC,,danmark20108@gmail.com
85138425,deadAbandoned,CLEANGROW,"Jul. 08, 2011","CleanGrow, Limited",,ciaran@cleangrow.com
85138410,REQUEST_FAILED,,,,,
85138461,deadAbandoned,PAYWAYLESS,"Jul. 13, 2011","PAYWAYLESS, LLC",,mjrn@netscape.com
85138468,deadAbandoned,PAYWAYLESS,"Dec. 05, 2011","PAYWAYLESS, LLC",,mjrn@netscape.com
85138472,deadAbandoned,PAYWAYLESS,"Dec. 05, 2011","PAYWAYLESS, LLC",,mjrn@netscape.com
85138433,REQUEST_FAILED,,,,,
85138518,deadAbandoned,INFINIUM,"Jul. 12, 2011",The King of Shaves Company Ltd,,neil.muttock@kingofshaves.com
85138493,REQUEST_FAILED,,,,,
85138521,deadAbandoned,HYBRID HD,"Jul. 12, 2011",The King of Shaves Company Ltd,,neil.muttock@kingofshaves.com
85138494,REQUEST_FAILED,,,,,
85138813,deadAbandoned,PAYWAYLESS,"Dec. 05, 2011","PAYWAYLESS, LLC",,mjrn@netscape.com
85138718,REQUEST_FAILED,,,,,
85138792,REQUEST_FAILED,,,,,
85138858,deadAbandoned,PAYWAYLESS,"Dec. 12, 2011","PAYWAYLESS, LLC",,mjrn@netscape.com
85139075,deadAbandoned,BRA ETTE,"Dec. 12, 2011","Robin Dorman Design Concepts, LLC",,robindorman@gmail.com
85138845,REQUEST_FAILED,,,,,
85139094,REQUEST_FAILED,,,,,
85139115,REQUEST_FAILED,,,,,
85139240,REQUEST_FAILED,,,,,
85139326,deadAbandoned,PLANET ZULIEE,"Jul. 05, 2011",Julie Syperda,,
85139361,deadAbandoned,NO LOGO,"Dec. 05, 2011","Daguerre, Hernan",,HDAGUERRE@YAHOO.COM
85139373,REQUEST_FAILED,,,,,
85139448,deadAbandoned,BÁLSAMO BLANCO,"Jul. 11, 2011",RICARDO ALVAREZ,,alri2010@yahoo.com
85139460,deadAbandoned,GAY BULL,"Dec. 05, 2011","White, Larry",,
85139404,REQUEST_FAILED,,,,,
85139461,deadAbandoned,TRACEY'S,"Dec. 05, 2011","Carreras,Jeffrey",,
85139473,deadAbandoned,LUNARAM PRODUCTIONS,"Dec. 12, 2011","Logan, Theresa Claire",,
85139465,deadAbandoned,PROGRESSIVE RHYTHMS - LEADERSHIP TRAINING,"Dec. 19, 2011","Hunt, Charles V",,
85139422,REQUEST_FAILED,,,,,
85139431,REQUEST_FAILED,,,,,
85139450,REQUEST_FAILED,,,,,
85139665,deadAbandoned,UNIVERSIDAD SANTANDER,"Sep. 08, 2011","Grupo Educativo Santander, S.C.",,contacto@promarkmexico.com
85139712,deadAbandoned,SANTANDER UNIVERSITY,"Aug. 23, 2011","Grupo Educativo Santander, S.C.",,contacto@promarkmexico.com
85139713,deadAbandoned,CALENDARIZE,"Jul. 08, 2011","Idealized Apps, LLC",,sstrickland@idealizedapps.com
85139668,REQUEST_FAILED,,,,,
85139817,REQUEST_FAILED,,,,,
85139821,REQUEST_FAILED,,,,,
85139901,deadAbandoned,CHANGING OUR WORLD ONE PLAY AT A TIME,"Jul. 07, 2011",Interrobang Theatre Project,,shea@interrobangtheatreproject.com
85139879,REQUEST_FAILED,,,,,
85140153,REQUEST_FAILED,,,,,
85140290,deadAbandoned,SILKSAK THE SLEEPING BAG LINER,"Jul. 15, 2011",Paradox Products Company Limited,,pietras@xtra.co.nz
85140265,REQUEST_FAILED,,,,,
85140361,REQUEST_FAILED,,,,,
85140442,deadAbandoned,CVO,"Jul. 07, 2011",Energyrich(R) Coaching Inc.,,mina@energyrichcoach.com
85140517,deadAbandoned,MUDD DUCK,"Dec. 12, 2011","Ricks, Charlie",,
85140419,REQUEST_FAILED,,,,,
85140420,REQUEST_FAILED,,,,,
85140557,deadAbandoned,10DAY KITCHENS,"Nov. 12, 2011","Mehrtash, Mohsen",,
85140593,deadAbandoned,CURIO B,"Dec. 05, 2011",Grand Direct International Limited,,
85140518,REQUEST_FAILED,,,,,
85140530,REQUEST_FAILED,,,,,
85140645,REQUEST_FAILED,,,,,
85140825,REQUEST_FAILED,,,,,
85141173,deadAbandoned,VICTORIA VF FILINA,"Jul. 18, 2011","Shereef, Joseph",,joes@ibzd.com
85140972,REQUEST_FAILED,,,,,
85141081,REQUEST_FAILED,,,,,
85141119,REQUEST_FAILED,,,,,
85141201,REQUEST_FAILED,,,,,
85141335,REQUEST_FAILED,,,,,
85141416,deadAbandoned,THE POCKET DETECTIVE,"Dec. 05, 2011",Tony Risk,,info@nightowlflashlights.com
85141453,deadAbandoned,FRIENDS ACTIVITY REPORT,"Jul. 14, 2011","CLEANPORT, B.V.",,
85141412,REQUEST_FAILED,,,,,
85141606,deadAbandoned,THE PAPERLESS CLASSROOM,"Dec. 26, 2011",Ascom Communications Pte Ltd,,
85141472,REQUEST_FAILED,,,,,
85141480,REQUEST_FAILED,,,,,
85141623,deadAbandoned,LGBT-TODAY,"Dec. 12, 2011","Gay Nichols Publications, LLC",,
85141740,REQUEST_FAILED,,,,,
85141768,REQUEST_FAILED,,,,,
85141770,REQUEST_FAILED,,,,,
85141820,REQUEST_FAILED,,,,,
85141928,REQUEST_FAILED,,,,,
85141971,REQUEST_FAILED,,,,,
85142020,REQUEST_FAILED,,,,,
85142217,REQUEST_FAILED,,,,,
85142269,REQUEST_FAILED,,,,,
85142280,REQUEST_FAILED,,,,,
85142526,deadAbandoned,SUMMIT SELF DEFENSE,"Aug. 18, 2011","Summit Self Defense, LLC",,hamicrw@aol.com
85142589,deadAbandoned,GOTOLOWERMYBILL.COM,"Jul. 12, 2011","Bomec, Inc",,SueHale@gotolowermybill.com
85142461,REQUEST_FAILED,,,,,
85142629,deadAbandoned,DIGITAL CHANGE AGENTS,"Jul. 14, 2011",ymarketing LLC,,luanne.teoh@ymarketing.com
85142553,REQUEST_FAILED,,,,,
85142616,REQUEST_FAILED,,,,,
85142623,REQUEST_FAILED,,,,,
85142683,deadAbandoned,VIRTUSPHERE,"Jul. 12, 2011",Latypov Nurali,,latypovn@yahoo.com
85142748,deadAbandoned,MUSCLE-B,"Dec. 12, 2011",Dr. Raymond Laboratories INC,,
85142773,deadAbandoned,BANG'R,"Dec. 12, 2011",Spiral 9 Incorporated,,
85142723,deadAbandoned,ATRACK,"Jul. 19, 2011",ATrack Technology Inc.,,fachen@ms34.hinet.net
85142762,deadAbandoned,YOU AIN'T READY,"Dec. 12, 2011","Elam, Walter",,
85142740,deadAbandoned,"BARKABLES TREATS, INC.","Dec. 12, 2011","MEADE, DEBORAH",,
85142734,REQUEST_FAILED,,,,,
85142749,REQUEST_FAILED,,,,,
85142840,REQUEST_FAILED,,,,,
85142953,REQUEST_FAILED,,,,,
85143092,deadAbandoned,BST FRNDS & CO.,"Jul. 23, 2011","Harrell, Emmett",,
85143009,REQUEST_FAILED,,,,,
85143088,REQUEST_FAILED,,,,,
85143221,deadAbandoned,WOW!,"Sep. 03, 2011",McKinley Group Inc.,,hour007@yahoo.com
85143194,REQUEST_FAILED,,,,,
85143335,REQUEST_FAILED,,,,,
85143346,REQUEST_FAILED,,,,,
85143418,REQUEST_FAILED,,,,,
85143466,REQUEST_FAILED,,,,,
85143542,REQUEST_FAILED,,,,,
85143561,REQUEST_FAILED,,,,,
85143628,REQUEST_FAILED,,,,,
85143647,deadAbandoned,SOCO'S BEADS,"Jul. 19, 2011",Soco's Beads,,socosbeads@gmail.com
85143632,REQUEST_FAILED,,,,,
85143686,deadAbandoned,CRYING OUT LOUD,"Jul. 19, 2011","Rider, Carol",,crider1000@yahoo.com
85143654,REQUEST_FAILED,,,,,
85143656,REQUEST_FAILED,,,,,
85143720,deadAbandoned,HOT LINGERIE WORKOUTS.COM MARIN FOX FITNESS,"Jul. 20, 2011",Marin Fox Fitness LLC,,mfox@hotlingerieworkouts.com
85143682,REQUEST_FAILED,,,,,
85143706,REQUEST_FAILED,,,,,
85143717,REQUEST_FAILED,,,,,
85143750,deadAbandoned,KEEPING THE WORLD CLOSE TO HOME,"Aug. 23, 2011",Jeri Lu Kusar,,jaustin@kusar.com
85143763,REQUEST_FAILED,,,,,
85143770,REQUEST_FAILED,,,,,
85143786,deadAbandoned,URBAN BUDDHA,"Dec. 12, 2011","Noblett, Cassidy",,aowen_97@yahoo.com
85143826,REQUEST_FAILED,,,,,
85143832,REQUEST_FAILED,,,,,
85143957,deadAbandoned,DEMONCRATIC NATION,"Nov. 14, 2011","Degenhardt, Laura",,
85143951,REQUEST_FAILED,,,,,
85143960,REQUEST_FAILED,,,,,
85144260,deadAbandoned,PETITE SEDUCTION,"Jul. 19, 2011",GUASCH IGNACIO,,srecaros@hotmail.com
85144207,REQUEST_FAILED,,,,,
85144208,REQUEST_FAILED,,,,,
85144368,deadAbandoned,PETIT PLAISIR CHOCOLAT BELGE BRUXELLES,"Jul. 19, 2011","COLL, MARGARITA",,srecaros@hotmail.com
85144258,REQUEST_FAILED,,,,,
85144283,REQUEST_FAILED,,,,,
85144530,REQUEST_FAILED,,,,,
85144526,REQUEST_FAILED,,,,,
85144569,REQUEST_FAILED,,,,,
85144726,REQUEST_FAILED,,,,,
85144737,REQUEST_FAILED,,,,,
85144739,REQUEST_FAILED,,,,,
85144775,deadAbandoned,THE ENERGY SOLUTION GROUP,"Jul. 20, 2011",The Energy Solution Group Worldwide LLC,,brian@theenergysolutiongroup.com
85144757,REQUEST_FAILED,,,,,
85144760,REQUEST_FAILED,,,,,
85144792,REQUEST_FAILED,,,,,
85144814,REQUEST_FAILED,,,,,
85144851,deadAbandoned,HARVESTIME,"Jul. 20, 2011",Harvestime Australia Pty Limited,,avrom@harvestime.com.au
85144898,REQUEST_FAILED,,,,,
85145032,deadAbandoned,GOOGIE'S ITALIAN DINER,"Jul. 15, 2011","Alam, Tarek",,marketing@nycrg.com
85145078,REQUEST_FAILED,,,,,
85145092,REQUEST_FAILED,,,,,
85145103,REQUEST_FAILED,,,,,
85145212,REQUEST_FAILED,,,,,
85145334,REQUEST_FAILED,,,,,
85145454,deadAbandoned,AIRPORTTAXIS.NET,"Feb. 02, 2011",Fabio Rivera,,
85145392,REQUEST_FAILED,,,,,
85145610,deadAbandoned,HANDGOB,"Dec. 12, 2011",Robert Lewis,,
85145691,deadAbandoned,HANDGOB,"Dec. 12, 2011",Robert Lewis,,
85145561,REQUEST_FAILED,,,,,
85145567,REQUEST_FAILED,,,,,
85145651,REQUEST_FAILED,,,,,
85145812,deadAbandoned,INDOVATION,"Jun. 11, 2011","Radjou, Navi",,
85145747,REQUEST_FAILED,,,,,
85145873,deadAbandoned,ODALE',"Dec. 12, 2011","Cota, Daniel",,
85145878,deadAbandoned,RECYCLED ROOMS,"Dec. 19, 2011","Lovic, Amy",,
85145853,REQUEST_FAILED,,,,,
85145867,REQUEST_FAILED,,,,,
85145904,REQUEST_FAILED,,,,,
85146076,REQUEST_FAILED,,,,,
85146222,REQUEST_FAILED,,,,,
85146294,REQUEST_FAILED,,,,,
85146464,REQUEST_FAILED,,,,,
85146452,REQUEST_FAILED,,,,,
85146662,deadAbandoned,THE MAGNUM COLLECTION,"Sep. 15, 2011",The International Corporation,,themagnumcollection@gmail.com
85146634,REQUEST_FAILED,,,,,
85146723,REQUEST_FAILED,,,,,
85146775,REQUEST_FAILED,,,,,
85146790,REQUEST_FAILED,,,,,
85146955,deadAbandoned,PROSTAMAZON,"Dec. 26, 2011","Ostojic, Radomir",,
85146965,deadAbandoned,ORION REMEDIES,"Jul. 26, 2011",OrionRemedies LLC,,treveshen@sinuswars.com
85146916,deadAbandoned,None,"Nov. 28, 2011","Krizek, Dane",,
85146866,REQUEST_FAILED,,,,,
85146963,REQUEST_FAILED,,,,,
85147010,REQUEST_FAILED,,,,,
85147261,deadAbandoned,FUROLI,"Dec. 12, 2011",Furoli Inc,,roger@furoli.com
85147121,REQUEST_FAILED,,,,,
85147142,REQUEST_FAILED,,,,,
85147185,REQUEST_FAILED,,,,,
85147331,REQUEST_FAILED,,,,,
85147367,REQUEST_FAILED,,,,,
85147508,REQUEST_FAILED,,,,,
85147807,deadAbandoned,CHI GLIDE,"Dec. 05, 2011","Farouk Systems, Inc.",,
85147511,REQUEST_FAILED,,,,,
85147760,REQUEST_FAILED,,,,,
85147736,REQUEST_FAILED,,,,,
85147845,deadAbandoned,LUXCITI,"Jul. 19, 2011",LuxuryXchange International LLC,,qthompson@billionairexchange.com
85147843,REQUEST_FAILED,,,,,
85147817,REQUEST_FAILED,,,,,
85147976,deadAbandoned,MIVNET,"Feb. 01, 2011","Accurate Video Services, Inc.",,ml1@mivnet.com
85148002,deadAbandoned,(800) 4-MIVNET,"Jul. 27, 2011","Accurate Video Services, Inc.",,ml1@accuratevideo.com
85148024,deadAbandoned,SB,"Dec. 12, 2011","Ricks, Charlie",,
85147918,REQUEST_FAILED,,,,,
85147953,REQUEST_FAILED,,,,,
85147945,REQUEST_FAILED,,,,,
85148058,deadAbandoned,AMERICAN NUFEED,"Jul. 19, 2011",NUFECO LLC,,dhyvan@yahoo.com
85148061,deadAbandoned,INPERSON365,"Nov. 17, 2011",inPerson365,,
85148209,REQUEST_FAILED,,,,,
85148246,REQUEST_FAILED,,,,,
85148413,deadAbandoned,MALIBUGLOWONTHEGO,"Jul. 20, 2011",Erin Moore,,ekmoore01@gmail.com
85148289,REQUEST_FAILED,,,,,
85148313,REQUEST_FAILED,,,,,
85148454,REQUEST_FAILED,,,,,
85148506,REQUEST_FAILED,,,,,
85148785,REQUEST_FAILED,,,,,
85148828,REQUEST_FAILED,,,,,
85148981,deadAbandoned,A PERFECT FIT FOR YOUR RECOVERY,"Dec. 12, 2011","Keith, Thomas",,
85148909,REQUEST_FAILED,,,,,
85149016,deadAbandoned,GALAXYTAB,"Dec. 12, 2011","Albery Estates, LLC",,
85148945,REQUEST_FAILED,,,,,
85148948,deadAbandoned,SPACE GEAR,"Oct. 07, 2011",Arpell Haggins Jr,,arpell92@yahoo.com
85148986,deadAbandoned,CREATIVIZER,"Nov. 28, 2011","Dumanis, Dave",,
85149046,REQUEST_FAILED,,,,,
85149048,REQUEST_FAILED,,,,,
85149094,deadAbandoned,SCHWARTZ'S TRACKS,"Jul. 25, 2011",Rhon Schwartz,,rdschwartz@cox.net
85149105,deadAbandoned,K SERA LUXURY,"Dec. 12, 2011","Kaur, Kirandeep",,kirandeepk@gmail.com
85149132,REQUEST_FAILED,,,,,
85149181,REQUEST_FAILED,,,,,
85149191,REQUEST_FAILED,,,,,
85149213,REQUEST_FAILED,,,,,
85149276,deadAbandoned,CRIMINAL JUSTICE BIOMETRIC MANAGEMENT SYSTEM,"Jun. 22, 2011",Biometric Holdings Pty Ltd,,dsmith@biometricinnovations.com
85149252,deadAbandoned,VITAMIN B-MOVIE,"Jul. 21, 2011","Conway, Laura E.",,lauraec00@hotmail.com
85149257,REQUEST_FAILED,,,,,
85149303,deadAbandoned,TABLOID PC,"Nov. 28, 2011","Hamilton, Larry",,
85149295,REQUEST_FAILED,,,,,
85149424,deadAbandoned,WE MOVE LOGISTICS,"Jul. 28, 2011","Ianniello, Marco Flavio",,Flavio@logifix.com
85149333,REQUEST_FAILED,,,,,
85149394,REQUEST_FAILED,,,,,
85149418,REQUEST_FAILED,,,,,
85149473,REQUEST_FAILED,,,,,
85149515,REQUEST_FAILED,,,,,
85149570,REQUEST_FAILED,,,,,
85149578,REQUEST_FAILED,,,,,
85149620,REQUEST_FAILED,,,,,
85149706,REQUEST_FAILED,,,,,
85149741,REQUEST_FAILED,,,,,
85149848,REQUEST_FAILED,,,,,
85149949,REQUEST_FAILED,,,,,
85150134,deadAbandoned,EYECANDYHOTTIES.COM,"Jul. 26, 2011",ECH Ventures LLC,,
85150184,deadAbandoned,CAFFE PRIMO,"Nov. 21, 2011","PRIMO HOSPITALITY GROUP, INC.",,
85150230,deadAbandoned,MINICATION,"Dec. 12, 2011","Wherley, Michael",,
85150200,deadAbandoned,None,"Dec. 19, 2011","QUANZHOU CHANGJIANG ENGINEERING MACHINERY CO.,LTD.",,zmtlid@zmtl.com
85150136,REQUEST_FAILED,,,,,
85150206,deadAbandoned,MEGA.VAGE,"Dec. 12, 2011","Davis, Harold",,
85150140,REQUEST_FAILED,,,,,
85150172,REQUEST_FAILED,,,,,
85150300,deadAbandoned,TOUCHTWISTERZ,"Jul. 26, 2011",Winning Moves Inc.,,pecci@winning-moves.com
85150322,deadAbandoned,DANZALUNA,"Dec. 12, 2011",JOEL ESTRADA DAMIAN,,
85150311,REQUEST_FAILED,,,,,
85150510,REQUEST_FAILED,,,,,
85150542,REQUEST_FAILED,,,,,
85150557,REQUEST_FAILED,,,,,
85150834,deadAbandoned,GET FIT WITH BIG PITT,"Jul. 22, 2011",Success Achieved in Future Environments,,cleross@metroneeds.com
85150728,REQUEST_FAILED,,,,,
85150751,REQUEST_FAILED,,,,,
85150926,REQUEST_FAILED,,,,,
85150990,REQUEST_FAILED,,,,,
85150973,REQUEST_FAILED,,,,,
85151128,deadAbandoned,SECRET CODE,"Dec. 19, 2011",Network Holdings Inc.,,info@frenchperfumeshop.com
85151118,REQUEST_FAILED,,,,,
85151122,REQUEST_FAILED,,,,,
85151202,deadAbandoned,SPA RETREAT,"Dec. 26, 2011","Summerlight, Inc.",,
85151183,deadAbandoned,BIKINI GONE,"Nov. 03, 2011","WILLIAMS, ERIC",,
85151177,REQUEST_FAILED,,,,,
85151329,deadAbandoned,REPSEARCH,"Jul. 26, 2011",Global Launch,,mcaudle@global-launch.com
85151350,REQUEST_FAILED,,,,,
85151492,REQUEST_FAILED,,,,,
85151663,deadAbandoned,JUST BEE CAUSE...,"Dec. 19, 2011",Judy DeRuvo Cohen,,jdcohen@comcast.net
85151626,REQUEST_FAILED,,,,,
85151879,deadAbandoned,THE WORLD'S BEST ABSORBED VITAMINS,"Jul. 26, 2011",G.S. NATURAL PRODUCT SCIENCES LLC,,bfjones111@gmail.com
85151775,REQUEST_FAILED,,,,,
85151801,REQUEST_FAILED,,,,,
85151909,deadAbandoned,MAXDELIVERY,"Dec. 19, 2011",G.S. NATURAL PRODUCT SCIENCES LLC,,bfjones111@gmail.com
85151884,REQUEST_FAILED,,,,,
85151972,REQUEST_FAILED,,,,,
85152137,deadAbandoned,GRANITE AND MARBLE STUDIO,"Jul. 26, 2011","Van Bargen, Christopher",,
85152067,REQUEST_FAILED,,,,,
85152123,REQUEST_FAILED,,,,,
85152157,REQUEST_FAILED,,,,,
85152265,deadAbandoned,LAZERCISE,"Dec. 19, 2011","STASSI, JOSEPH MICHAEL",,JMSBTD@AOL.COM
85152259,deadAbandoned,WELLNESS.LIVE THE GOOD LIFE...LONGER,"Dec. 19, 2011","Toland, Daniel",,
85152273,deadAbandoned,ISTUDY,"Dec. 19, 2011","Prescott, Jill",,
85152279,deadAbandoned,SUNFISH,"Jul. 26, 2011",KARAYA (JERSEY) LIMITED,,Thomas.vonUrbisch@smartIPR.com
85152229,REQUEST_FAILED,,,,,
85152256,REQUEST_FAILED,,,,,
85152284,REQUEST_FAILED,,,,,
85152402,REQUEST_FAILED,,,,,
85152654,deadAbandoned,PADDY O'FLYNN,"Jul. 27, 2011",The Wine Buff Holdings Ltd,,mike@thewinebuff.com
85152515,REQUEST_FAILED,,,,,
85152590,REQUEST_FAILED,,,,,
85152778,deadAbandoned,ACCIDENT CENTRAL,"Dec. 19, 2011",Jim Chaplain,,
85152800,deadAbandoned,BODY KLEANSE,"Aug. 12, 2011",Global Quality Health Inc.,,jeremy@globalqualityhealth.com
85152753,REQUEST_FAILED,,,,,
85152766,deadAbandoned,VIRTUAL VELOCITY,"Jul. 28, 2011","Nexus World Partners, LLC",,butler15@mindspring.com
85152812,REQUEST_FAILED,,,,,
85153031,deadAbandoned,IBIOTICS,"Aug. 01, 2011",Global Quality Health Inc.,,jeremy@globalqualityhealth.com
85152847,REQUEST_FAILED,,,,,
85152866,REQUEST_FAILED,,,,,
85153072,deadAbandoned,NOVA GIRLS,"Oct. 14, 2011","Nicieza, Mariano",,marianonicieza@yahoo.com
85153088,REQUEST_FAILED,,,,,
85153124,REQUEST_FAILED,,,,,
85153143,REQUEST_FAILED,,,,,
85153285,deadAbandoned,ASSAULT SYSTEMS THE WORLD'S FINEST NYLON CARRY SYSTEMS,"Dec. 11, 2011","Banks, Richard",,
85153266,REQUEST_FAILED,,,,,
85153269,REQUEST_FAILED,,,,,
85153297,REQUEST_FAILED,,,,,
85153331,REQUEST_FAILED,,,,,
85153346,REQUEST_FAILED,,,,,
85153452,REQUEST_FAILED,,,,,
85153500,deadAbandoned,EZ,"Nov. 23, 2011","B'ham, Muhammad",,mo@imperialgb.com
85153484,REQUEST_FAILED,,,,,
85153539,deadAbandoned,MEN'S WEEKLY,"Jul. 28, 2011","Kuilwijk, Cornelis J.",,kkuilwijk@gmail.com
85153511,REQUEST_FAILED,,,,,
85153520,REQUEST_FAILED,,,,,
85153643,deadAbandoned,THE MERSHIMER GROUP,"Aug. 02, 2011","Mershimer, Michael",,mike@mershimer.com
85153577,REQUEST_FAILED,,,,,
85153581,REQUEST_FAILED,,,,,
85153675,REQUEST_FAILED,,,,,
85153687,REQUEST_FAILED,,,,,
85153820,REQUEST_FAILED,,,,,
85153940,deadAbandoned,TO SEARCH AND REPORT,"Aug. 03, 2011",Robert Hugo Kroeze,,info@patentcheck.nl
85153893,REQUEST_FAILED,,,,,
85154196,deadAbandoned,SPRINGBACK FITNESS MACHINE,"Aug. 01, 2011","Cseresznyes, Peter",,csp@veszpremfc.hu
85154082,deadAbandoned,NUTRIGEM,"Dec. 19, 2011","OWS PRODUCTS, LLC",,amichelin@roex.com
85154199,deadAbandoned,CONNOISSEURS CARD,"Jul. 28, 2011","Holley, Scott",,
85154213,deadAbandoned,SERIOUS FOODIES,"Jul. 27, 2011","Holley, Scott",,
85154056,REQUEST_FAILED,,,,,
85154209,deadAbandoned,EARLY BIRD CARD,"Jul. 27, 2011","Holley, Scott",,
85154173,REQUEST_FAILED,,,,,
85154236,REQUEST_FAILED,,,,,
85154252,REQUEST_FAILED,,,,,
85154324,deadAbandoned,VIB VIRTUALLY INVISIBLE BELT,"Jul. 29, 2011",Leslie Wilkins-Gaudio,,leslie@isabelt.com
85154320,REQUEST_FAILED,,,,,
85154375,REQUEST_FAILED,,,,,
85154430,deadAbandoned,BAY TREE SOLUTIONS,"Jul. 28, 2011","Bay Tree Solutions, Inc.",,admin@baytreesolutions.com
85154386,REQUEST_FAILED,,,,,
85154432,deadAbandoned,TIMESHARE CONVERSION,"Jul. 28, 2011","Bay Tree Solutions, Inc.",,admin@baytreesolutions.com
85154423,REQUEST_FAILED,,,,,
85154451,REQUEST_FAILED,,,,,
85154509,deadAbandoned,JLM ELITE,"Jul. 28, 2011","Chichenkov, Anatoli",,hidoutlet@embarqmail.com
85154497,deadAbandoned,GASPAD,"Jul. 29, 2011",Edmund Julian Marroquin MD,,emarroquinmd@gmail.com
85154473,REQUEST_FAILED,,,,,
85154552,deadAbandoned,EXAKILLER,"Dec. 19, 2011",Kenneth Halbrecht,,KENAPL2@hotmail.com
85154511,REQUEST_FAILED,,,,,
85154553,REQUEST_FAILED,,,,,
85154576,REQUEST_FAILED,,,,,
85154705,deadAbandoned,CONFORM,"Aug. 04, 2011","Nellix, Inc.",,
85154675,REQUEST_FAILED,,,,,
85154746,REQUEST_FAILED,,,,,
85154818,deadAbandoned,POWERLACE,"Jul. 29, 2011","Ussher, Tim J",,tim.ussher@btinternet.com
85154821,REQUEST_FAILED,,,,,
85154823,REQUEST_FAILED,,,,,
85154889,REQUEST_FAILED,,,,,
85154943,REQUEST_FAILED,,,,,
85155034,REQUEST_FAILED,,,,,
85155062,REQUEST_FAILED,,,,,
85155289,deadAbandoned,Y YESTERDAY,"Jul. 28, 2011","Bellezzo, Don",,yesterdaylv@yahoo.com
85155131,REQUEST_FAILED,,,,,
85155504,deadAbandoned,VURTUALS,"Jun. 21, 2011","Nuko Toys, Inc.",,rodger@nukotoys.com
85155521,deadAbandoned,SOARING EAGLE,"May 22, 2011",Ainsworth Game Technology,,Matthew.Loon@ainsworth.com.au
85155418,REQUEST_FAILED,,,,,
85155524,deadAbandoned,TIGER,"Jul. 28, 2011",Ainsworth Game Technology,,Matthew.Loon@ainsworth.com.au
85155531,deadAbandoned,TIGER DELUXE,"Jul. 28, 2011",Ainsworth Game Technology,,Matthew.Loon@ainsworth.com.au
85155555,deadAbandoned,KA'DONK,"Nov. 18, 2011",Imagination Holdings Pty Ltd,,hostmaster@imagination.com.au
85155566,deadAbandoned,SECRET SANTA,"Nov. 18, 2011",Imagination Holdings Pty Ltd,,hostmaster@imagination.com.au
85155558,deadAbandoned,PRANK CALL,"Nov. 18, 2011",Imagination Holdings Pty Ltd,,hostmaster@imagination.com.au
85155535,REQUEST_FAILED,,,,,
85155586,deadAbandoned,GYM TAN LAW,"Aug. 01, 2011","Yonge, Laurie Tyler",,tyapparel@gmail.com
85155567,REQUEST_FAILED,,,,,
85155654,REQUEST_FAILED,,,,,
85155911,deadAbandoned,FINANCIAL DATA AT YOUR SERVICE,"Dec. 12, 2011","Expan, Inc.",,
85155791,REQUEST_FAILED,,,,,
85155781,REQUEST_FAILED,,,,,
85155800,REQUEST_FAILED,,,,,
85155926,deadAbandoned,DO MORE WITH MORE,"Dec. 19, 2011","Expan, Inc.",,
85156032,deadAbandoned,FIT IN SIX,"Apr. 15, 2011",UBISOFT ENTERTAINMENT,,
85156105,deadAbandoned,TRI FOR A CURE,"Jul. 31, 2011","Bitzer, Mike",,
85155967,REQUEST_FAILED,,,,,
85155971,REQUEST_FAILED,,,,,
85155982,REQUEST_FAILED,,,,,
85156099,REQUEST_FAILED,,,,,
85156364,deadAbandoned,FIGURE THIS,"Dec. 19, 2011","OWS PRODUCTS, LLC",,adam79c@rdxh.com
85156429,deadAbandoned,CONCIERGE CARD,"Jul. 27, 2011","Holley, Scott",,
85156127,REQUEST_FAILED,,,,,
85156330,REQUEST_FAILED,,,,,
85156339,REQUEST_FAILED,,,,,
85156351,REQUEST_FAILED,,,,,
85156448,REQUEST_FAILED,,,,,
85156469,REQUEST_FAILED,,,,,
85156489,REQUEST_FAILED,,,,,
85156545,deadAbandoned,COMBATING PALE SKIN 24/7,"Jun. 21, 2011","Glover, Christopher",,chris@mcmediaonline.com
85156566,REQUEST_FAILED,,,,,
85156634,REQUEST_FAILED,,,,,
85156770,REQUEST_FAILED,,,,,
85156871,deadAbandoned,TOPAZ,"Aug. 02, 2011","Devlin-Sebbane, Amy",,sebbane@videotron.ca
85156835,REQUEST_FAILED,,,,,
85156894,REQUEST_FAILED,,,,,
85156897,REQUEST_FAILED,,,,,
85156943,deadAbandoned,BUILD A BOX,"Jun. 01, 2011","Cottage Garden, Inc.",,koverton@cgcollections.com
85156902,REQUEST_FAILED,,,,,
85156937,REQUEST_FAILED,,,,,
85157156,deadAbandoned,IN TOUCH,"Aug. 05, 2011","Suh, Jin Yong",,peter@gssusa.net
85156941,REQUEST_FAILED,,,,,
85157338,deadAbandoned,SAM CARES,"Dec. 19, 2011",Sponsormonsters.Comllc,,bob@sponsormonsters.com
85157182,REQUEST_FAILED,,,,,
85157205,REQUEST_FAILED,,,,,
85157340,REQUEST_FAILED,,,,,
85157534,deadAbandoned,FIRE HORSE,"Aug. 02, 2011",Swater Inc.,,etaishan@gmail.com
85157420,REQUEST_FAILED,,,,,
85157495,REQUEST_FAILED,,,,,
85157587,deadAbandoned,SHUTTER BOX ONE SIZE - ONE PRICE,"Aug. 08, 2011",International General Management of Orlando L.L.C.,,info@shutterempire.com
85157642,deadAbandoned,Z TIME,"Dec. 19, 2011","JS Encounter, LLC",,
85157820,deadAbandoned,COLLEGE OF PEDIATRICS,"Aug. 02, 2011",American College Of Pediatricians,,acopadmin@gmail.com
85157828,REQUEST_FAILED,,,,,
85157874,REQUEST_FAILED,,,,,
85157893,deadAbandoned,Y MARKETING DIGITAL. SEARCH. SOCIAL,"Jul. 14, 2011",ymarketing LLC,,luanne.teoh@ymarketing.com
85157912,deadAbandoned,THE ROVERS,"Aug. 04, 2011","Howard, Garet L.",,glhpitt@hotmail.com
85157875,REQUEST_FAILED,,,,,
85157889,REQUEST_FAILED,,,,,
85157999,deadAbandoned,WHERE KIDS EAT FREE,"Aug. 02, 2011","Lovago, LLC",,
85158124,deadAbandoned,READ LIKE A ROCK STAR,"Oct. 19, 2011","HOLMES, THADDEUS",,trex@thaddeusrex.com
85157914,REQUEST_FAILED,,,,,
85157986,REQUEST_FAILED,,,,,
85158265,deadAbandoned,RELAX & REFLECT,"Nov. 28, 2011","EspenUSA Products of California, LLC",,espen@espenusa.com
85158085,REQUEST_FAILED,,,,,
85158136,REQUEST_FAILED,,,,,
85158240,REQUEST_FAILED,,,,,
85158400,deadAbandoned,MICROBAG,"Dec. 19, 2011",MARC ANGELL,,mdangell@gmail.com
85158429,deadAbandoned,CERTIFIED FRANCHISE CONSULTANT,"Dec. 21, 2011",Mercury Road Associates LLC,,natalie@mercuryroadassociates.com
85158402,REQUEST_FAILED,,,,,
85158414,REQUEST_FAILED,,,,,
85158426,REQUEST_FAILED,,,,,
85158549,deadAbandoned,CHI AIR,"Dec. 05, 2011","Farouk Systems, Inc.",,
85158587,deadAbandoned,LATINA ESQ.,"Aug. 02, 2011","The Law Offices of Sylvia T. Panfil, LLC",,infolatinaesq@gmail.com
85158547,REQUEST_FAILED,,,,,
85158578,REQUEST_FAILED,,,,,
85158646,deadAbandoned,EFS 2500,"Dec. 19, 2011","Thiphavong, Thao",,
85158651,deadAbandoned,W WALLPOST MEMORIES NEVER END...,"Aug. 09, 2011",Indicode Technologies Pvt Ltd,,
85158671,REQUEST_FAILED,,,,,
85158708,deadAbandoned,KALGI,"Aug. 09, 2011",Veeraj Virendra Shah,,md@acumenlpo.com
85158709,REQUEST_FAILED,,,,,
85158770,REQUEST_FAILED,,,,,
85158900,deadAbandoned,THE STUDENT PLANNER,"Aug. 19, 2011",Ryder Clifford,,ryder@studentplannerusa.com
85158842,REQUEST_FAILED,,,,,
85158874,REQUEST_FAILED,,,,,
85159114,deadAbandoned,SHILLERS,"Jun. 29, 2011","750 ML, LLC",,jcooper@domainedecanton.com
85159222,deadAbandoned,PRIVATE LABEL INSURANCE,"Aug. 09, 2011","BrandEX Business Solutions, LLC",,brett.meyers@risktex.com
85159170,REQUEST_FAILED,,,,,
85159249,REQUEST_FAILED,,,,,
85159380,deadAbandoned,HIDDEN NUGGET,"Dec. 19, 2011",Edwin Son,,edson720@yahoo.com
85159375,REQUEST_FAILED,,,,,
85159454,REQUEST_FAILED,,,,,
85159488,REQUEST_FAILED,,,,,
85159492,REQUEST_FAILED,,,,,
85159592,deadAbandoned,ELEPHANT HUNTERS NEEDED! BUTTERFLY HUNTERS NEED NOT APPLY!,"Aug. 02, 2011",Ann Zaslow - Rethaber,,annr@iscjobs.com
85159511,REQUEST_FAILED,,,,,
85159654,deadAbandoned,INTELLIBEAR & ROCKET FEATURING THE WHIZ KIDS,"Dec. 19, 2011","Jones, Yusuf",,yj936@yahoo.com
85159562,REQUEST_FAILED,,,,,
85159600,REQUEST_FAILED,,,,,
85159723,deadAbandoned,ROOTRU: ROOTED IN TRUTH AND LOVE,"Dec. 19, 2011","Godson, Rebecca",,
85159680,REQUEST_FAILED,,,,,
85159721,deadAbandoned,SANWICH SEAL'R N' DECRUSTER,"Aug. 15, 2011",EVRIHOLDER PRODUCTS LLC,,garysevri@gmail.com
85159701,REQUEST_FAILED,,,,,
85159797,REQUEST_FAILED,,,,,
85159862,REQUEST_FAILED,,,,,
85159917,deadAbandoned,I USE CONDOMS.,"Aug. 09, 2011",Thadeus Caisip and Paul Araullo,,Thad_caisip@yahoo.com
85159849,REQUEST_FAILED,,,,,
85159918,REQUEST_FAILED,,,,,
85159920,REQUEST_FAILED,,,,,
85159925,deadAbandoned,EYESPY2020,"Dec. 19, 2011","Walker, Dr. Karen",,
85160054,REQUEST_FAILED,,,,,
85160100,deadAbandoned,"KIDCONNECT TRANSPORTATION SERVICES, LLC","Aug. 04, 2011","Kid Connect Transportation Services, LLC",,info@ekidconnect.com
85160115,REQUEST_FAILED,,,,,
85160152,REQUEST_FAILED,,,,,
85160193,REQUEST_FAILED,,,,,
85160213,REQUEST_FAILED,,,,,
85160513,deadAbandoned,2-2-10GO,"Aug. 03, 2011",VIÑA FUNDACION DE MENDOZA S.A.,,d.dujovne@fundaciondemendoza.com.ar
85160339,REQUEST_FAILED,,,,,
85160344,REQUEST_FAILED,,,,,
85160539,deadAbandoned,L J'S GRAND MA MA'S SPORTS GEAR,"Aug. 03, 2011","Grand Ma Ma Enterprises, LLC",,ishmail229@aol.com
85160546,deadAbandoned,DANDYWORLD,"Dec. 05, 2011",Powerstrike AG,,strickland-docket@fzlz.com
85160620,deadAbandoned,L J'S GRAND MA MA'S SKATEBOARDS,"Aug. 03, 2011","Grand Ma Ma Enterprises, LLC",,ishmail229@aol.com
85160554,REQUEST_FAILED,,,,,
85160669,deadAbandoned,ITS NOT A T SHIRT ITS A V SHIRT,"Aug. 11, 2011",associated distributors inc,,
85160709,deadAbandoned,STEADYFLASH,"Aug. 03, 2011","Whelen Engineering Company, Inc.",,
85160621,REQUEST_FAILED,,,,,
85160713,REQUEST_FAILED,,,,,
85160770,REQUEST_FAILED,,,,,
85160784,REQUEST_FAILED,,,,,
85160868,deadAbandoned,MRSNAKE,"Aug. 05, 2011","iMedia Enterprises, Inc.",,webmaster@imedia-enterprises.com
85160916,deadAbandoned,EHIC,"Aug. 24, 2011",Quality Design (CI) Limited,,240655@gmail.com
85160908,deadAbandoned,TRAVELLER VODKA,"Oct. 24, 2011","Department 28, Inc.",,
85160915,deadAbandoned,CARNAVAL,"Aug. 10, 2011",Halwani Brothers Company,,monicawoous@gmail.com
85160944,deadAbandoned,TAILFAX,"Dec. 19, 2011","Avatapoint, LLC",,
85161064,deadAbandoned,ITHEORIES,"Nov. 28, 2011","UltraConcurrent, Inc.",,carlhewitt@alum.mit.edu
85160866,REQUEST_FAILED,,,,,
85161021,REQUEST_FAILED,,,,,
85161028,REQUEST_FAILED,,,,,
85161038,REQUEST_FAILED,,,,,
85161136,REQUEST_FAILED,,,,,
85161204,REQUEST_FAILED,,,,,
85161197,REQUEST_FAILED,,,,,
85161224,REQUEST_FAILED,,,,,
85161568,REQUEST_FAILED,,,,,
85161666,REQUEST_FAILED,,,,,
85161861,REQUEST_FAILED,,,,,
85161925,REQUEST_FAILED,,,,,
85161995,REQUEST_FAILED,,,,,
85161997,REQUEST_FAILED,,,,,
85162241,deadAbandoned,MYPLAQUE OR MYPLAQUE,"Sep. 10, 2011","Nitta, Teresa",,Teri-n@hotmail.com
85162107,REQUEST_FAILED,,,,,
85162254,REQUEST_FAILED,,,,,
85162392,deadAbandoned,PUT IT DOWN AND DRIVE,"Aug. 11, 2011",Heather Mnuchin,,heather@mnuchin.com
85162281,REQUEST_FAILED,,,,,
85162328,REQUEST_FAILED,,,,,
85162394,deadAbandoned,REYES DEL POKER.COM,"Aug. 15, 2011","JCM COMUNICACION, S.C.",,masmarcas@masmarcas.com
85162455,deadAbandoned,NAMEBETS,"Aug. 11, 2011","Mazing, Nikolai",,astoriasunday@yahoo.com
85162558,REQUEST_FAILED,,,,,
85162598,deadAbandoned,INDIE WINE PROJECT,"Aug. 15, 2011","English, Timothy, William",,tengl5975@aol.com
85162621,REQUEST_FAILED,,,,,
85162752,REQUEST_FAILED,,,,,
85162901,deadAbandoned,MY LIFESTORY,"Dec. 26, 2011","Covered Bridge Independents, L.L.C.",,plh@h-fs.com
85162932,deadAbandoned,MR TACO FRESH MEXICAN GRILL SINCE 1985,"Oct. 26, 2011","Cortes, Guillermo, N",,dm@mathesonco.com
85162790,REQUEST_FAILED,,,,,
85162805,REQUEST_FAILED,,,,,
85162890,deadAbandoned,MY L.I.F.E.,"Aug. 09, 2011","Covered Bridge Independents, L.L.C.",,plh@h-fs.com
85162893,deadAbandoned,WEVIEW,"Dec. 26, 2011","Sheridan, Cole R.",,csheridan@ymail.com
85162910,REQUEST_FAILED,,,,,
85163111,deadAbandoned,RMSPA-BOUTIQUE,"Aug. 09, 2011","Relax Medical Systems, Inc",,mail@relaxmedsyst.com
85163107,deadAbandoned,I BELIEVE IN ONE GOD AND 3 DIVINE CULTURES,"Dec. 26, 2011",Wasik Road Enterprises,,texasslavgerman@gmail.com
85163037,REQUEST_FAILED,,,,,
85163113,deadAbandoned,BUILD AN ENVIRONMENT TO BUY,"Dec. 23, 2011","Viente, Arthur",,viente.arthur@gmail.com
85163103,REQUEST_FAILED,,,,,
85163127,REQUEST_FAILED,,,,,
85163138,REQUEST_FAILED,,,,,
85163140,REQUEST_FAILED,,,,,
85163145,REQUEST_FAILED,,,,,
85163147,REQUEST_FAILED,,,,,
85163206,deadAbandoned,"LIVE TODAY, AS THOUGH YESTERDAY WAS SUPPOSED TO BE YOUR LAST DAY.","Dec. 26, 2011","Revak, Roger",,
85163212,deadAbandoned,DOODLE GAMES 9 IN 1,"Aug. 16, 2011",Com2us Corporation,,
85163304,deadAbandoned,STRIPERPEDIA,"Dec. 12, 2011","Foot Locker Retail, Inc.",,tbombata@footlocker.com
85163248,REQUEST_FAILED,,,,,
85163268,REQUEST_FAILED,,,,,
85163403,deadAbandoned,KIBBLE SEASONING,"Aug. 16, 2011",Herbsmith Inc.,,mail@herbsmithinc.com
85163315,REQUEST_FAILED,,,,,
85163517,deadAbandoned,JACKELIN,"Aug. 10, 2011",NAHID PARVEEN,,jackelinbd@aol.com
85163386,REQUEST_FAILED,,,,,
85163391,REQUEST_FAILED,,,,,
85163637,deadAbandoned,NOVUS,"Aug. 19, 2011",Novus Applications LLC,,egaller@novusapplications.com
85163712,deadAbandoned,NEXT LEVEL TOYS,"Aug. 16, 2011","Kosla, Martin",,nextleveltoys@gmail.com
85163722,REQUEST_FAILED,,,,,
85163751,REQUEST_FAILED,,,,,
85163873,deadAbandoned,SILVERLINE,"Aug. 09, 2011","SILVERLINE AMERICA, S.A. DE C.V.",,etorresmt@gmail.com
85163831,REQUEST_FAILED,,,,,
85164015,REQUEST_FAILED,,,,,
85164070,REQUEST_FAILED,,,,,
85164251,REQUEST_FAILED,,,,,
85164268,REQUEST_FAILED,,,,,
85164339,deadAbandoned,PREPARE TO BE AMAZED!,"Dec. 26, 2011","PrintGraphics, Inc.",,
85164322,deadAbandoned,DR. CHRISTY CONE,"Dec. 26, 2011","Petersen, Andrew",,
85164342,deadAbandoned,MONSTER,"Dec. 14, 2011",Monster Media Group Inc.,,cbendo@mnsi.net
85164284,REQUEST_FAILED,,,,,
85164285,REQUEST_FAILED,,,,,
85164487,deadAbandoned,PRET-A-PORT,"Aug. 10, 2011",Donna DiMarco,,donna@donnadimarco.com
85164359,REQUEST_FAILED,,,,,
85164504,deadAbandoned,JELWORLD,"Jan. 11, 2011","Zychek, George N",,gzychek@chrystechllc.com
85164416,REQUEST_FAILED,,,,,
85164581,deadAbandoned,WISE MAN FINANCE,"Aug. 10, 2011",Wise Man Finance LLC,,joe@wisemanfinance.com
85164586,deadAbandoned,PREP 4 LIFE,"Aug. 10, 2011",Mark Mogavero,,mmogavero@dynamicpersonaltraining.com
85164717,REQUEST_FAILED,,,,,
85164842,REQUEST_FAILED,,,,,
85164847,REQUEST_FAILED,,,,,
85164944,REQUEST_FAILED,,,,,
85165113,REQUEST_FAILED,,,,,
85165178,REQUEST_FAILED,,,,,
85165317,deadAbandoned,JUMBOFRESH MARKETS,"Aug. 12, 2011","Grocer TM Holdings, Inc.",,grocertm@gmail.com
85165440,REQUEST_FAILED,,,,,
85165547,deadAbandoned,EXADESK,"Aug. 10, 2011","Walker, David",,davewalkersecurity@googlemail.com
85165462,REQUEST_FAILED,,,,,
85165498,REQUEST_FAILED,,,,,
85165500,REQUEST_FAILED,,,,,
85165560,deadAbandoned,EXACLIENT,"Aug. 10, 2011","Walker, David",,davewalkersecurity@googlemail.com
85165550,deadAbandoned,LAHTTE PREMIUM,"Aug. 18, 2011","yannuzzi , sylvia",,gmamone@gmail.com
85165555,REQUEST_FAILED,,,,,
85165613,deadAbandoned,TAPELOCK,"Dec. 26, 2011",Mercian Labels Limited,,adrian.steele@mercianlabels.com
85165622,deadAbandoned,ARTITUDES,"Dec. 26, 2011","DeLapa,Sam",,samdelapa@gmail.com
85165577,REQUEST_FAILED,,,,,
85165635,deadAbandoned,SUN SOURCE NUTRITION OPTIMAL NUTRITION FOR OPTIMAL HEALTH,"Oct. 05, 2011",Pamela Renee McKenzie,,PRMnow1@aol.com
85165683,deadAbandoned,LACONIA BIKE WEEK AND LOGO,"Oct. 30, 2011",chelmsford gift co,,
85165953,deadAbandoned,THE CLEAR CHOICE,"Aug. 18, 2011",VenMill Industries,,tahira.jayasuriya@venmill.com
85165755,REQUEST_FAILED,,,,,
85165773,REQUEST_FAILED,,,,,
85165974,REQUEST_FAILED,,,,,
85166200,deadAbandoned,SEXYWEAR,"Aug. 16, 2011","Liberman, Valeria",,liberman25@gmail.com
85166071,REQUEST_FAILED,,,,,
85166103,REQUEST_FAILED,,,,,
85166212,deadAbandoned,GRID DECK,"Dec. 26, 2011","Peppett,Robert,A",,peppett@lit.cz
85166277,REQUEST_FAILED,,,,,
85166331,REQUEST_FAILED,,,,,
85166343,REQUEST_FAILED,,,,,
85166553,REQUEST_FAILED,,,,,
85166532,REQUEST_FAILED,,,,,
85166577,REQUEST_FAILED,,,,,
85166639,REQUEST_FAILED,,,,,
85166706,deadAbandoned,MANE WORLD WIDE WELCOME,"Aug. 18, 2011","MANE, INC.",,corporate@mane-inc.com
85166725,deadAbandoned,BOOMER'S ROADHOUSE GRILL,"Dec. 26, 2011","Fitzer, Terry",,
85166774,deadAbandoned,ELMWOOD DATA FINANCIAL & ECONOMIC ANALYSIS,"Dec. 28, 2011","Elmwood Data, LLC",,support@elmwooddata.com
85166694,REQUEST_FAILED,,,,,
85166794,REQUEST_FAILED,,,,,
85166727,REQUEST_FAILED,,,,,
85167026,deadAbandoned,VARIABLE DENSITY EXTRUDER,"Aug. 19, 2011",Caleva Process Solutions Ltd,,
85167088,deadAbandoned,SITCH,"Nov. 02, 2011",QUATTRO JOHN A,,JAQUATT@AOL.COM
85167177,deadAbandoned,THE ORIGINAL SOUR MASH LIQUEUR,"Jun. 30, 2011","750 ML, LLC",,jcooper@domainedecanton.com
85167023,REQUEST_FAILED,,,,,
85167041,REQUEST_FAILED,,,,,
85167232,REQUEST_FAILED,,,,,
85167647,deadAbandoned,PLUG-N-PLAY TRADER,"Aug. 21, 2011","Gardner, Richard",,r.gardner@modulusfe.com
85167531,REQUEST_FAILED,,,,,
85167695,deadAbandoned,HAVANA WEED OIL,"Nov. 18, 2011","Van Kooten, L.M.W.",,
85167731,deadAbandoned,NEUROSTAT,"Dec. 26, 2011","Neurobics, Inc.",,
85167595,REQUEST_FAILED,,,,,
85167907,deadAbandoned,ECOSKIN,"Aug. 22, 2011","Tranter, Thomas J",,tom@anokimobi.com
85167742,REQUEST_FAILED,,,,,
85167942,deadAbandoned,THE SCIENCE OF GOOD HEALTH,"Aug. 23, 2011",ALERT NUTRITION,,john.licari@immunealert.com
85167910,deadAbandoned,TONEYA LUCIENNE,"Aug. 15, 2011",Toneya Nowikovsky,,justinelevy@hotmail.com
85167785,REQUEST_FAILED,,,,,
85167991,deadAbandoned,GREENET,"Aug. 18, 2011",fusion distributors llc,,
85168055,deadAbandoned,MOBILE FORENSICS INC.,"Jul. 20, 2011",AccessData Group LLC,,lee@mfitraining.com
85168068,deadAbandoned,None,"Aug. 15, 2011",Atwoodz,,aj@atwoodz.com
85168027,REQUEST_FAILED,,,,,
85168038,REQUEST_FAILED,,,,,
85168057,REQUEST_FAILED,,,,,
85168248,REQUEST_FAILED,,,,,
85168258,REQUEST_FAILED,,,,,
85168283,REQUEST_FAILED,,,,,
85168318,REQUEST_FAILED,,,,,
85168415,REQUEST_FAILED,,,,,
85168594,deadAbandoned,HIGHER LEDUCATION,"Aug. 12, 2011","Sunshine Systems, LLC",,larry.schack@gmail.com
85168450,REQUEST_FAILED,,,,,
85168479,REQUEST_FAILED,,,,,
85168474,REQUEST_FAILED,,,,,
85168652,REQUEST_FAILED,,,,,
85168679,REQUEST_FAILED,,,,,
85168713,REQUEST_FAILED,,,,,
85168768,deadAbandoned,SAFETYGRIP,"Dec. 26, 2011",MDT Micro Diamond Technologies Ltd,,info@mdtdental.com
85168771,deadAbandoned,BJ'S LIP BALM,"Oct. 10, 2011","LaBossiere, Jodi",,jlaboss100@hotmail.com
85168729,REQUEST_FAILED,,,,,
85168998,deadAbandoned,GEORGE VERSAILLES,"Aug. 18, 2011","Huang, Guo Sheng",,george@georgeversailles.com
85168871,REQUEST_FAILED,,,,,
85169131,deadAbandoned,BANKCARD CLUB,"Aug. 16, 2011","US Bankcard Services, Inc",,hr@usbsi.com
85169043,REQUEST_FAILED,,,,,
85169171,deadAbandoned,JACKELIN,"Aug. 10, 2011",NAHID PARVEEN,,jackelinbd@aol.com
85169212,REQUEST_FAILED,,,,,
85169223,REQUEST_FAILED,,,,,
85169316,deadAbandoned,CONCIERGE INFUSION CARE CENTERS,"Oct. 03, 2011","CONCIERGE PHARMACY, INC.",,ninabeck@dc.rr.com
85169524,deadAbandoned,ESCALI,"Aug. 17, 2011",USA Enterprise,,jamey5555@yahoo.com
85169395,REQUEST_FAILED,,,,,
85169428,REQUEST_FAILED,,,,,
85169612,deadAbandoned,TANGO TIME,"Dec. 26, 2011",TANGO BUTTER LLC,,tangobutter@gmail.com
85169469,REQUEST_FAILED,,,,,
85169472,REQUEST_FAILED,,,,,
85169539,deadAbandoned,LIQUID SPINS BY MALEMARK,"Aug. 18, 2011","Malemark, Inc.",,paul.myers@malemark.com
85169674,REQUEST_FAILED,,,,,
85169790,deadAbandoned,ARIA STUDIOS,"Aug. 18, 2011","ARIA Studios, LLC",,jjk01@earthlink.net
85169758,REQUEST_FAILED,,,,,
85169760,REQUEST_FAILED,,,,,
85169903,deadAbandoned,ULTRAFIRE,"Aug. 25, 2011",LO SHU YING,,usasndre@gmail.com
85169856,REQUEST_FAILED,,,,,
85170058,REQUEST_FAILED,,,,,
85170064,REQUEST_FAILED,,,,,
85170409,deadAbandoned,SEXOGA,"Aug. 24, 2011",Antenna Enterprises Inc,,sjantenna@gmail.com
85170376,deadAbandoned,KUBB,"Nov. 13, 2011","Get Busy Playin, LLC.",,kevin@woodyouplay.com
85170092,REQUEST_FAILED,,,,,
85170218,REQUEST_FAILED,,,,,
85170444,REQUEST_FAILED,,,,,
85170521,REQUEST_FAILED,,,,,
85170589,REQUEST_FAILED,,,,,
85170671,deadAbandoned,ONLINE MARKETING OPTIMIZATION,"Jul. 12, 2011",Ymarketing LLC,,luanne.teoh@ymarketing.com
85170763,deadAbandoned,FRUGG,"Aug. 16, 2011","TranCorp, Inc.",,paul@trancorp.com
85170825,REQUEST_FAILED,,,,,
85170907,deadAbandoned,None,"Aug. 17, 2011","Gloveables, Inc.",,
85170868,REQUEST_FAILED,,,,,
85170870,REQUEST_FAILED,,,,,
85170921,REQUEST_FAILED,,,,,
85170945,REQUEST_FAILED,,,,,
85170999,deadAbandoned,PURE,"Nov. 07, 2011",Brendan Kelly,,bkelly@brendankelly.com
85170983,REQUEST_FAILED,,,,,
85170989,REQUEST_FAILED,,,,,
85170993,REQUEST_FAILED,,,,,
85171029,deadAbandoned,CASH FLOW SHARING,"Oct. 03, 2011","Advanced e-Financial Technologies, Inc.",,ralph.y.liu@gmail.com
85171017,REQUEST_FAILED,,,,,
85171024,REQUEST_FAILED,,,,,
85171084,deadAbandoned,GLOG,"Aug. 23, 2011","Vemuri, Sharath Chandra",,harpreet@jotwani.com
85171101,deadAbandoned,DOGGONIT,"Oct. 03, 2011","Vena, Steven",,
85171082,REQUEST_FAILED,,,,,
85171077,REQUEST_FAILED,,,,,
85171170,REQUEST_FAILED,,,,,
85171339,REQUEST_FAILED,,,,,
85171429,deadAbandoned,3MG 3SECMUSICGROUP,"Dec. 26, 2011",3MG,,jfcok920@gmail.com
85171374,REQUEST_FAILED,,,,,
85171499,REQUEST_FAILED,,,,,
85171609,REQUEST_FAILED,,,,,
85171751,REQUEST_FAILED,,,,,
85171819,REQUEST_FAILED,,,,,
85171903,REQUEST_FAILED,,,,,
85172049,deadAbandoned,SILVER TRAVELER,"Aug. 09, 2011",Eco Product Group LLC,,EcoProduct5700@aol.com
85172058,deadAbandoned,SILVER BAMBOO,"Aug. 09, 2011",Eco Product Group LLC,,EcoProduct5700@aol.com
85171968,REQUEST_FAILED,,,,,
85172051,REQUEST_FAILED,,,,,
85172025,REQUEST_FAILED,,,,,
85172090,REQUEST_FAILED,,,,,
85172265,REQUEST_FAILED,,,,,
85172441,deadAbandoned,LACONIA CLASSIC,"Oct. 30, 2011",chelmsford gift co,,
85172297,REQUEST_FAILED,,,,,
85172479,REQUEST_FAILED,,,,,
85172598,REQUEST_FAILED,,,,,
85172568,REQUEST_FAILED,,,,,
85172672,REQUEST_FAILED,,,,,
85172795,REQUEST_FAILED,,,,,
85172813,REQUEST_FAILED,,,,,
85173013,deadAbandoned,AAA LOCKSMITH YOUR TRUSTED LOCAL LOCKSMITH! DAY OR NIGHT WHEN YOU NEED US!,"Sep. 03, 2011",BUSINESS SOLUTIONS FOR ALL LLC,,SALES@LOCKSMITHAAA.COM
85172834,REQUEST_FAILED,,,,,
85172900,REQUEST_FAILED,,,,,
85173062,REQUEST_FAILED,,,,,
85173139,deadAbandoned,UNDERWICKS,"Dec. 12, 2011","Keith, Thomas",,
85173064,REQUEST_FAILED,,,,,
85173146,REQUEST_FAILED,,,,,
85173201,REQUEST_FAILED,,,,,
85173407,deadAbandoned,IMPACTID,"Aug. 26, 2011","Koganti, Venu Madhav",,venumadh@yahoo.com
85173299,REQUEST_FAILED,,,,,
85173398,REQUEST_FAILED,,,,,
85173527,deadAbandoned,ICASE,"Aug. 09, 2011","Berdan, Greg S.",,greg@hard-case.com
85173414,REQUEST_FAILED,,,,,
85173734,deadAbandoned,SONYA,"Aug. 23, 2011",SHEN YI,,jeff_sun_ca@hotmail.com
85173495,REQUEST_FAILED,,,,,
85173849,deadAbandoned,MICROBABY,"Nov. 28, 2011",MARC ANGELL,,mdangell@gmail.com
85173790,REQUEST_FAILED,,,,,
85174067,deadAbandoned,"SPRINGER & DALY, INC.","Aug. 25, 2011","Springer & Daly, Inc.",,jeff@springerdaly.com
85173994,REQUEST_FAILED,,,,,
85173984,REQUEST_FAILED,,,,,
85174152,deadAbandoned,None,"Aug. 30, 2011","YANTAI CHANGYU GROUP CO., LTD",,tonytune2012@gmail.com
85174063,REQUEST_FAILED,,,,,
85174147,deadAbandoned,None,"Aug. 30, 2011","YANTAI CHANGYU GROUP CO., LTD",,tonytune2012@gmail.com
85174110,REQUEST_FAILED,,,,,
85174228,deadAbandoned,ROYAL PURPLE CORN,"Aug. 23, 2011",Whole World Botanicals,,raj@wwbinc.net
85174288,REQUEST_FAILED,,,,,
85174287,REQUEST_FAILED,,,,,
85174339,REQUEST_FAILED,,,,,
85174562,REQUEST_FAILED,,,,,
85174490,REQUEST_FAILED,,,,,
85174685,REQUEST_FAILED,,,,,
85175040,deadAbandoned,AR ALIVE,"Aug. 30, 2011","Logical Choice Technologies, Inc.",,
85174763,REQUEST_FAILED,,,,,
85175136,deadAbandoned,DOUGLAS,"Aug. 30, 2011","Vastar International, LLC",,dwighti@vastarsales.com
85175173,deadAbandoned,POLYSUN,"Aug. 24, 2011",Vela Solaris AG,,usa@velasolaris.com
85175170,REQUEST_FAILED,,,,,
85175229,REQUEST_FAILED,,,,,
85175309,REQUEST_FAILED,,,,,
85175622,REQUEST_FAILED,,,,,
85175747,REQUEST_FAILED,,,,,
85175979,REQUEST_FAILED,,,,,
85176099,deadAbandoned,FASTRACK,"Aug. 23, 2011",Thierry Denoual,,thierrydenoual@orange.fr
85176029,REQUEST_FAILED,,,,,
85176055,REQUEST_FAILED,,,,,
85176135,REQUEST_FAILED,,,,,
85176205,deadAbandoned,STIRDYDEEZ,"Aug. 26, 2011",Vasquez Ricardo. A,,daraven2262@aol.com
85176221,deadAbandoned,CROOKEDNY,"Aug. 26, 2011","My Own Company, Inc.",,info@crookedny.com
85176209,deadAbandoned,EJOBS,"Sep. 05, 2011",Soft Consult Finland Oy,,info@ejobs.fi
85176172,REQUEST_FAILED,,,,,
85176178,REQUEST_FAILED,,,,,
85176323,deadAbandoned,ITTI BITTI,"Aug. 24, 2011",itti bitti nappy company,,barry@ittibitti.com.au
85176270,REQUEST_FAILED,,,,,
85176280,REQUEST_FAILED,,,,,
85176334,deadAbandoned,BITTI TUTTO,"Aug. 24, 2011",itti bitti nappy company,,barry@ittibitti.com.au
85176347,REQUEST_FAILED,,,,,
85176389,REQUEST_FAILED,,,,,
85176483,deadAbandoned,BOCADILLOS DON JOSÉ,"Aug. 25, 2011",Gustar S.A.,,sales@dinascorp.com
85176619,REQUEST_FAILED,,,,,
85176723,deadAbandoned,AIRPORT MD,"Sep. 03, 2011","Airport MD Georgia, Inc.",,
85176658,REQUEST_FAILED,,,,,
85176707,REQUEST_FAILED,,,,,
85176818,REQUEST_FAILED,,,,,
85177054,deadAbandoned,BOHEMIAN BOMBSHELL,"Sep. 03, 2011",Madeline Romero,,Margaux@bohemianbombshell.com
85176967,REQUEST_FAILED,,,,,
85176954,REQUEST_FAILED,,,,,
85177156,deadAbandoned,FASTNET,"Aug. 25, 2011",S&P Universal Code Trading Company Inc.,,josh@flashpoint-networks.com
85177094,REQUEST_FAILED,,,,,
85177143,deadAbandoned,MALAINA,"Aug. 26, 2011","SILLAGE, LLC",,
85177251,deadAbandoned,BOGO ONLINE,"Feb. 28, 2011","RUSSELL, ALBERT",,ALBERTRUSS@GMAIL.COM
85177162,REQUEST_FAILED,,,,,
85177294,deadAbandoned,PETSITTING.COM,"Aug. 25, 2011",Dice Solutions LLC,,andrew@dicesolutions.com
85177273,REQUEST_FAILED,,,,,
85177291,REQUEST_FAILED,,,,,
85177387,REQUEST_FAILED,,,,,
85177418,REQUEST_FAILED,,,,,
85177432,REQUEST_FAILED,,,,,
85177567,REQUEST_FAILED,,,,,
85177682,deadAbandoned,None,"Aug. 26, 2011",BST International GmbH,,
85177669,REQUEST_FAILED,,,,,
85177825,REQUEST_FAILED,,,,,
85177892,REQUEST_FAILED,,,,,
85178162,REQUEST_FAILED,,,,,
85178204,REQUEST_FAILED,,,,,
85178236,REQUEST_FAILED,,,,,
85178445,deadAbandoned,NO-SWEAT,"Aug. 26, 2011",Marc B. Edwards,,marcbedwards@yahoo.com
85178368,REQUEST_FAILED,,,,,
85178403,REQUEST_FAILED,,,,,
85178597,deadAbandoned,SOS,"Aug. 26, 2011","Home Entertainment Distributors, Inc.",,devon.decarlo@insurersworld.com
85178601,deadAbandoned,JEWELRY EVALUATION MODULE,"Aug. 30, 2011","Home Entertainment Distributors, Inc.",,devon.decarlo@insurersworld.com
85178481,REQUEST_FAILED,,,,,
85178489,REQUEST_FAILED,,,,,
85178645,deadAbandoned,FASTPATH CONTENTS,"Aug. 26, 2011","Home Entertainment Distributors, Inc.",,devon.decarlo@insurersworld.com
85178628,deadAbandoned,KEY VALUE FACTORS,"Aug. 26, 2011","Home Entertainment Distributors, Inc.",,devon.decarlo@insurersworld.com
85178647,deadAbandoned,SHAPE SHIFTERZ,"Jul. 26, 2011",Winning Moves Inc.,,pecci@winning-moves.com
85178740,deadAbandoned,KVF,"Aug. 26, 2011","Home Entertainment Distributors, Inc.",,devon.decarlo@insurersworld.com
85178630,REQUEST_FAILED,,,,,
85178841,deadAbandoned,TRADER'S TRUNK YOUR SOCIAL MARKETPLACE,"Oct. 23, 2011",TRADER'S TRUNK,,TBONEOK@YAHOO.COM
85178866,deadAbandoned,RUN WILD SHOES,"Aug. 29, 2011",Chris Maher,,chrismaher2008@gmail.com
85178818,REQUEST_FAILED,,,,,
85178835,REQUEST_FAILED,,,,,
85178981,deadAbandoned,MAKUSAN,"Jul. 26, 2011","VITAMEDIX, S.A.",,sarah.15514@gmail.com
85178933,REQUEST_FAILED,,,,,
85178953,REQUEST_FAILED,,,,,
85179034,REQUEST_FAILED,,,,,
85179100,REQUEST_FAILED,,,,,
85179195,REQUEST_FAILED,,,,,
85179544,deadAbandoned,FCC FIRSTCLASSOFCOLOR,"Aug. 26, 2011",DBA/AKA/TA/Formely.,,info@firstclassofcolor.com
85179657,deadAbandoned,THE CONTENTS MANAGEMENT SOLUTION,"Aug. 30, 2011","Home Entertainment Distributors, Inc.",,devon.decarlo@insurersworld.com
85179475,REQUEST_FAILED,,,,,
85179487,REQUEST_FAILED,,,,,
85179567,deadAbandoned,JAMIE MOORE,"Sep. 06, 2011","JIAXING MBAOBAO NETWORK TECHNOLOGY CO., LTD.",,tonytune2012@gmail.com
85179782,REQUEST_FAILED,,,,,
85180033,deadAbandoned,TEXT2GIVE,"Nov. 08, 2011","Stephen Van Gogh, Inc.",,vduggins@givingkiosk.com
85179948,REQUEST_FAILED,,,,,
85179964,REQUEST_FAILED,,,,,
85180171,REQUEST_FAILED,,,,,
85180274,REQUEST_FAILED,,,,,
85180417,deadAbandoned,GOLF TIMES,"Sep. 08, 2011","Lee, Young M",,twbop@hotmail.com
85180334,REQUEST_FAILED,,,,,
85180399,REQUEST_FAILED,,,,,
85180616,deadAbandoned,MAYWOOD CONVERTABLE,"Feb. 21, 2011",DeSaussure Equipment Co.,,maywoodfurniture@hotmail.com
85180636,deadAbandoned,LOVE LYRICS,"Nov. 28, 2011",Scottsdale Bead Supply,,
85180709,deadAbandoned,PERFECT EXPRESSION,"Sep. 01, 2011","Economou, Alexander",,email@alexandereconomou.com
85180657,deadAbandoned,MAMMUT HEAVY DUTY PARTS,"Dec. 29, 2011","Texier, Jean Paul",,
85180564,REQUEST_FAILED,,,,,
85180653,REQUEST_FAILED,,,,,
85180884,REQUEST_FAILED,,,,,
85180957,deadAbandoned,BIOFOAM,"Sep. 10, 2011",Bioplanet Corp,,info@bioplanet.us
85181076,deadAbandoned,MAMA CHRISTINA'S PIZZELLES,"Sep. 09, 2011",Mama Christina's Pizzelle,,masci@bellsouth.net
85181089,deadAbandoned,AMBASSADOR LINENS,"Sep. 02, 2011",Ronald N Berrett,,jonathan@linentablecloth.com
85181054,REQUEST_FAILED,,,,,
85181062,REQUEST_FAILED,,,,,
85181090,REQUEST_FAILED,,,,,
85181144,REQUEST_FAILED,,,,,
85181163,REQUEST_FAILED,,,,,
85181292,REQUEST_FAILED,,,,,
85181499,REQUEST_FAILED,,,,,
85181761,deadAbandoned,BUDDHI BELLY,"Sep. 12, 2011",Laine Georges,,info@buddhibelly.com
85181769,deadAbandoned,STELLAR TRUE ZODIAC,"Nov. 21, 2011","Chang, Jason",,
85181684,REQUEST_FAILED,,,,,
85181778,deadAbandoned,PET INFORMED,"Sep. 02, 2011","O'Meara, Shauna",,omeadrha5@hotmail.com
85181753,REQUEST_FAILED,,,,,
85181760,REQUEST_FAILED,,,,,
85181845,deadAbandoned,SPIRIT OF AMERICA FOUNDATION MUNICIPAL TRIBUTE,"Nov. 10, 2011",Spirit of America Foundation,,
85181835,REQUEST_FAILED,,,,,
85181856,REQUEST_FAILED,,,,,
85181941,deadAbandoned,VANOTIA,"Sep. 02, 2011","Chan, Wen-Chin",,irenewcchan@gmail.com
85181883,REQUEST_FAILED,,,,,
85181889,REQUEST_FAILED,,,,,
85182022,deadAbandoned,ARROWY,"Sep. 05, 2011","FONG PREAN INDUSTRIAL CO., LTD.",,rich.ness@msa.hinet.net
85181963,REQUEST_FAILED,,,,,
85182024,deadAbandoned,DINELINE,"Sep. 04, 2011",Thomas Ogorkis,,thomasogorkis@gmail.com
85182101,REQUEST_FAILED,,,,,
85182261,REQUEST_FAILED,,,,,
85182262,REQUEST_FAILED,,,,,
85182341,REQUEST_FAILED,,,,,
85182354,REQUEST_FAILED,,,,,
85182393,REQUEST_FAILED,,,,,
85182449,REQUEST_FAILED,,,,,
85182819,REQUEST_FAILED,,,,,
85182851,REQUEST_FAILED,,,,,
85182947,deadAbandoned,PROTON POWER,"Oct. 19, 2011","Proton Power, Inc.",,tscholl@coolenergyinc.com
85182885,REQUEST_FAILED,,,,,
85182917,REQUEST_FAILED,,,,,
85182956,REQUEST_FAILED,,,,,
85183036,deadAbandoned,CLAUDE MONTANA,"Jan. 24, 2011",I APPAREL GROUP LLC.,,xcessory@hotmail.com
85183039,deadAbandoned,PAUL POIRET,"Jan. 17, 2011",I APPAREL GROUP LLC.,,xcessory@hotmail.com
85183033,deadAbandoned,MADAME GRES,"Sep. 04, 2011",I APPAREL GROUP LLC.,,xcessory@hotmail.com
85182992,REQUEST_FAILED,,,,,
85183037,deadAbandoned,JEAN PATOU,"Sep. 06, 2011",I APPAREL GROUP LLC.,,xcessory@hotmail.com
85183001,REQUEST_FAILED,,,,,
85183122,deadAbandoned,LITOPIA,"Sep. 07, 2011",The Redhammer Management Ltd,,peter@redhammer.info
85183169,deadAbandoned,SIMPLICITY,"Sep. 13, 2011","Apex Dental Materials, Inc.",,Lamerand@flash.net
85183080,deadAbandoned,FERIA MUNDIAL DE TURISMO CULTURAL,"Sep. 02, 2011",ALVAREZ RAMON,,ramon.alvarez@gsamark.com
85183042,REQUEST_FAILED,,,,,
85183247,REQUEST_FAILED,,,,,
85183248,REQUEST_FAILED,,,,,
85183324,REQUEST_FAILED,,,,,
85183444,REQUEST_FAILED,,,,,
85183447,REQUEST_FAILED,,,,,
85183592,deadAbandoned,U.S. ACCIDENT INJURY HELP,"Sep. 13, 2011","Forest Hill Injury Center, Inc.",,
85183542,REQUEST_FAILED,,,,,
85183777,deadAbandoned,VISITING ORPHANS,"Sep. 16, 2011",Visiting Orphans Inc.,,matt.clark@visitingorphans.org
85183588,REQUEST_FAILED,,,,,
85183600,deadAbandoned,M.D. SOLEIL RX,"Sep. 13, 2011","Body Bronze Products, LLC",,cjr@bodybronzeproducts.com
85183802,REQUEST_FAILED,,,,,
85184084,deadAbandoned,FEMANEX,"Aug. 23, 2011",Global Quality Herbals,,support@femanex.com
85184023,REQUEST_FAILED,,,,,
85184044,REQUEST_FAILED,,,,,
85184057,REQUEST_FAILED,,,,,
85184087,REQUEST_FAILED,,,,,
85184108,REQUEST_FAILED,,,,,
85184142,REQUEST_FAILED,,,,,
85184157,REQUEST_FAILED,,,,,
85184238,deadAbandoned,YOUPRINT,"Sep. 09, 2011",ECITYDEALS LTD.,,ecitydeals@mateesco.com
85184243,deadAbandoned,POWER CURRENCY,"Sep. 12, 2011","Rogers, James Paul",,rogers@uschina.us
85184286,deadAbandoned,BENEFIT CARDS,"Nov. 12, 2011",BENEFIT FOUNDATION BUSINESS TRUST LLC,,
85184216,REQUEST_FAILED,,,,,
85184322,deadAbandoned,"3 UP, 3 DOWN","Sep. 10, 2011","Gant, Andrew",,agant3@verizon.net
85184340,deadAbandoned,POCKET FLOODLIGHT,"Sep. 09, 2011",Maxxeon Inc.,,jschira@maxxeon.com
85184356,deadAbandoned,U.S. ACCIDENT INJURY HELP LINE,"Sep. 13, 2011","Forest Hill Injury Center, Inc.",,
85184442,deadAbandoned,MS PORTFOLIO,"Sep. 15, 2011",Fernandes Victor Anthony,,victor_fernandes@hotmail.com
85184270,REQUEST_FAILED,,,,,
85184317,REQUEST_FAILED,,,,,
85184351,REQUEST_FAILED,,,,,
85184500,deadAbandoned,5 ROAD,"Sep. 09, 2011",Proeficiency SA de CV,,administracion@betone.net
85184590,deadAbandoned,MOROCVITA OIL,"Sep. 07, 2011","CHOI, JINHO",,bcho2@yahoo.com
85184600,deadAbandoned,BEST DAY,"Sep. 09, 2011",Proeficiency SA de CV,,administracion@betone.net
85184486,REQUEST_FAILED,,,,,
85184504,REQUEST_FAILED,,,,,
85184722,deadAbandoned,PHYSICAL CENTER NEW CONCEPTS IN PHYSICALITY,"Sep. 16, 2011","De Cerqueira Leite, Juliana",,info@physicalcenter.org
85184572,REQUEST_FAILED,,,,,
85184618,REQUEST_FAILED,,,,,
85184849,deadAbandoned,THE BIG GIRLS CLUB,"Sep. 06, 2011",Kimberly Kearney,,kimk@hollywoodsouthproductions.com
85184755,REQUEST_FAILED,,,,,
85184971,deadAbandoned,BW,"Sep. 12, 2011",Proeficiency SA de CV,,administracion@betone.net
85184985,deadAbandoned,HOTEL 5 USA,"Sep. 12, 2011",Proeficiency SA de CV,,administracion@betone.net
85184915,REQUEST_FAILED,,,,,
85185153,deadAbandoned,KPEG COMPRESSION,"Sep. 05, 2011",Paolo Ceroni,,paolo.ceroni@kandalu.eu
85185242,deadAbandoned,PODERA,"Nov. 30, 2011",Podera Limited,,stella@podera.com
85185131,REQUEST_FAILED,,,,,
85185139,REQUEST_FAILED,,,,,
85185328,deadAbandoned,IENTERTAINER,"Sep. 12, 2011","UltraConcurrent, Inc.",,carlhewitt@alum.mit.edu
85185310,deadAbandoned,SIZE UP XL,"Sep. 13, 2011",Big Health LLC,,big.health@yahoo.com
85185332,REQUEST_FAILED,,,,,
85185350,deadAbandoned,PEOPLE & CONTACTS,"Feb. 02, 2011",RUSTAM KATRANOV,,
85185351,REQUEST_FAILED,,,,,
85185400,REQUEST_FAILED,,,,,
85185469,REQUEST_FAILED,,,,,
85185513,REQUEST_FAILED,,,,,
85185599,deadAbandoned,INTERNATIONAL EXPERT WITNESS INSTITUTE,"Sep. 08, 2011",Instituto Brasileiro de Peritos em Comercio Eletronico e Telematica Ltda.,,gg@perito.com.br
85185530,REQUEST_FAILED,,,,,
85185532,REQUEST_FAILED,,,,,
85185596,deadAbandoned,ROCK N ROLL CUISINE,"Sep. 09, 2011","Honeyman Scott, Peggy Sue",,texasyogini@yahoo.com
85185614,REQUEST_FAILED,,,,,
85185690,REQUEST_FAILED,,,,,
85185693,REQUEST_FAILED,,,,,
85185691,REQUEST_FAILED,,,,,
85185698,REQUEST_FAILED,,,,,
85185717,deadAbandoned,CHANNELVALUE,"Sep. 11, 2011",Aximpro GmbH,,aried@aximpro.com
85185702,REQUEST_FAILED,,,,,
85185703,REQUEST_FAILED,,,,,
85185805,deadAbandoned,WORLD BODYGUARDS ASSOCIATION - WBA,"Sep. 08, 2011",World Bodyguard Association (WBA),,chief@bodyguardsassociation.com
85185785,REQUEST_FAILED,,,,,
85185899,REQUEST_FAILED,,,,,
85186052,deadAbandoned,ARTIST,"Sep. 19, 2011",Crutcher David Jr.,,Dcrutcher1@yahoo.com
85186095,deadAbandoned,ADTRAX,"Sep. 09, 2011","KeyMetric, Inc.",,mturta@keymetric.net
85186099,REQUEST_FAILED,,,,,
85186106,REQUEST_FAILED,,,,,
85186126,REQUEST_FAILED,,,,,
85186235,REQUEST_FAILED,,,,,
85186547,deadAbandoned,360 DENTAL SPECIALISTS,"Sep. 12, 2011","Soleiman, Bobby",,hslaw13@yahoo.com
85186535,REQUEST_FAILED,,,,,
85186592,deadAbandoned,TSIS GROUP,"Sep. 13, 2011","TSIS Group, LLC",,mdinning@tsisgroup.com
85186664,REQUEST_FAILED,,,,,
85186682,REQUEST_FAILED,,,,,
85186853,deadAbandoned,TONE BENDER,"Sep. 10, 2011","Harrison, Justin",,info@revomark.co.uk
85186827,REQUEST_FAILED,,,,,
85186891,REQUEST_FAILED,,,,,
85186878,REQUEST_FAILED,,,,,
85187007,REQUEST_FAILED,,,,,
85187195,deadAbandoned,WEEKEND PLANS,"Dec. 05, 2011","Holley, Scott",,
85187215,deadAbandoned,"""AUTO""MATIC CASH","Sep. 15, 2011",Junk A Car Nationwide,,jimmy@junkacar.com
85187085,REQUEST_FAILED,,,,,
85187102,REQUEST_FAILED,,,,,
85187306,REQUEST_FAILED,,,,,
85187310,REQUEST_FAILED,,,,,
85187732,deadAbandoned,HOME STAGING RESOURCE,"Sep. 12, 2011","Optimized Business Solutions, Inc.",,scott@homestagingresource.com
85187647,REQUEST_FAILED,,,,,
85187756,deadAbandoned,HTC INSPIRE,"Nov. 28, 2011",HTC Corporation,,kathy.callahan@bracewell.com
85187717,REQUEST_FAILED,,,,,
85187851,deadAbandoned,VERANDA FURNISHINGS,"Sep. 09, 2011","Keich, Dennis",,dennis@verandafurnishings.com
85187762,REQUEST_FAILED,,,,,
85187921,REQUEST_FAILED,,,,,
85188025,REQUEST_FAILED,,,,,
85188129,REQUEST_FAILED,,,,,
85188133,REQUEST_FAILED,,,,,
85188321,REQUEST_FAILED,,,,,
85188482,REQUEST_FAILED,,,,,
85188667,REQUEST_FAILED,,,,,
85188776,deadAbandoned,ERI PICCOLA,"Sep. 16, 2011",EDWY ALEJANDRO GUILARTE PEREZ,,karykbg@hotmail.com
85188704,REQUEST_FAILED,,,,,
85188755,REQUEST_FAILED,,,,,
85188801,REQUEST_FAILED,,,,,
85188898,REQUEST_FAILED,,,,,
85188946,REQUEST_FAILED,,,,,
85189061,REQUEST_FAILED,,,,,
85189130,REQUEST_FAILED,,,,,
85189235,deadAbandoned,G37,"Aug. 19, 2011","Vemuri, Sharath Chandra",,harpreet@jotwani.com
85189220,REQUEST_FAILED,,,,,
85189224,REQUEST_FAILED,,,,,
85189265,deadAbandoned,BUSINESS INTELLIGENCE FOR DESIGN FIRMS,"Aug. 25, 2011","Vemuri, Sharath Chandra",,harpreet@jotwani.com
85189461,REQUEST_FAILED,,,,,
85189739,deadAbandoned,BUSINESS SERVICE CONTAINER,"Sep. 16, 2011","Zyrion, Inc.",,
85189575,REQUEST_FAILED,,,,,
85189753,deadAbandoned,PINK DRINK,"Apr. 22, 2011",Survivor Solutions,,trudy@blackfoot.net
85189816,deadAbandoned,VIVID NUTRITION,"Sep. 13, 2011",Big Health LLC,,big.health@yahoo.com
85189824,deadAbandoned,SMRTCASE,"Sep. 11, 2011","Smrtphone Solutions, Inc.",,info@smrtcase.com
85189766,REQUEST_FAILED,,,,,
85189825,deadAbandoned,STAGE,"Sep. 10, 2011","LO, Chih Hsiang",,richardchen@songjiang.com.tw
85189794,REQUEST_FAILED,,,,,
85189820,deadAbandoned,STAGE,"Sep. 10, 2011","LO, Chih Hsiang",,richardchen@songjiang.com.tw
85189883,deadAbandoned,ZIPPGO,"Sep. 12, 2011",Success Driven,,ash@zippgo.com
85189817,REQUEST_FAILED,,,,,
85189895,deadAbandoned,INTEGRAL EYE,"Sep. 11, 2011",Moses Silbiger,,moses@integraleye.com
85189933,deadAbandoned,ALLY,"Aug. 24, 2011",Primrose School Franchising Company,,bporter@primroseschools.com
85189948,deadAbandoned,LIBBY,"Sep. 13, 2011",Primrose School Franchising Company,,bporter@primroseschools.com
85189839,REQUEST_FAILED,,,,,
85190044,deadAbandoned,KENO COMPANION,"Jan. 19, 2011","Letterio, John",,johnletterio@yahoo.com
85190188,deadAbandoned,MISAKA,"Sep. 16, 2011",Monrovia Nursery Company Inc.,,ldixson@monrovia.com
85190109,REQUEST_FAILED,,,,,
85190166,deadAbandoned,WEIRD SCRAP,"Sep. 13, 2011","Flores, James",,anna@zrginc.com
85190145,REQUEST_FAILED,,,,,
85190263,deadAbandoned,KEIKO,"Sep. 20, 2011",Monrovia Nursery Company Inc.,,ldixson@monrovia.com
85190269,deadAbandoned,YUMI,"Sep. 13, 2011",Monrovia Nursery Company Inc.,,ldixson@monrovia.com
85190212,REQUEST_FAILED,,,,,
85190437,deadAbandoned,1 KARAT,"Sep. 19, 2011",Price Sharhonda,,ladyiceceo@sbcglobal.net
85190222,REQUEST_FAILED,,,,,
85190507,deadAbandoned,BC,"Sep. 13, 2011",Italgem,,webmaster@bencohenny.com
85190395,REQUEST_FAILED,,,,,
85190461,REQUEST_FAILED,,,,,
85190503,REQUEST_FAILED,,,,,
85190539,REQUEST_FAILED,,,,,
85190725,deadAbandoned,DISHA INDIA CHANNEL,"Sep. 13, 2011",Disha Media Pvt Ltd,,dishaindia.tv@gmail.com
85190688,deadAbandoned,COMMITTED TO THE FIGHT,"Sep. 15, 2011","Clinch, LLC",,
85190686,deadAbandoned,COMMITTED TO THE FIGHT,"Sep. 15, 2011","Clinch, LLC",,
85190646,REQUEST_FAILED,,,,,
85190755,REQUEST_FAILED,,,,,
85190757,REQUEST_FAILED,,,,,
85190812,REQUEST_FAILED,,,,,
85190953,deadAbandoned,VIA2020,"Sep. 13, 2011","VIA Group, LLC",,devon.decarlo@insurersworld.com
85190952,REQUEST_FAILED,,,,,
85191104,REQUEST_FAILED,,,,,
85191210,REQUEST_FAILED,,,,,
85191296,REQUEST_FAILED,,,,,
85191357,REQUEST_FAILED,,,,,
85191532,deadAbandoned,TROPICAL GHANA,"Sep. 12, 2011",Charles A Cann,,cacann@gmail.com
85191526,REQUEST_FAILED,,,,,
85191584,REQUEST_FAILED,,,,,
85191681,REQUEST_FAILED,,,,,
85191784,deadAbandoned,DIGITAL PARTNERS,"Jan. 31, 2011","DP, LLC",,brian.weber@digitalpartners.net
85191835,deadAbandoned,SKULLY LTD.,"Sep. 20, 2011","Berger, Jeremiah",,reefstar97@yahoo.com
85191844,deadAbandoned,SAVE2PDF,"Oct. 17, 2011",EuroSmartz Ltd,,ians@eurosmartz.com
85191956,deadAbandoned,MAGNESIUM INFUSION,"Sep. 13, 2011","Clark, Anthony M.",,isopach@me.net
85191839,REQUEST_FAILED,,,,,
85191851,REQUEST_FAILED,,,,,
85191994,deadAbandoned,GOLDEN SPICE TUMERIC,"Sep. 13, 2011","Clark, Anthony M.",,isopach@me.com
85192068,deadAbandoned,MOUNTAIN OREGANO COMPLEX,"Sep. 13, 2011","Clark, Anthony M.",,isopach@me.com
85191969,REQUEST_FAILED,,,,,
85192153,deadAbandoned,H2O PURITY,"Sep. 13, 2011","Clark, Anthony M.",,isopach@me.com
85192231,deadAbandoned,MAZEL TOV VODKA,"Jun. 16, 2011",Virtuosos Distillers LLC,,steve@18vodka.com
85192250,deadAbandoned,PHOTOMATIC,"Sep. 17, 2011",DPS Digital Photo Systems BV,,paul.visser@photomatic.nl
85192074,REQUEST_FAILED,,,,,
85192291,deadAbandoned,THE VITALITY CODE,"Sep. 13, 2011","Clark, Anthony M.",,isopach@me.com
85192237,REQUEST_FAILED,,,,,
85192344,deadAbandoned,RAR IT FITZ,"Sep. 11, 2011",RAR Fashions LLC,,rarfashions@yahoo.com
85192703,deadAbandoned,3D BLANKET,"Sep. 17, 2011","Wise Western Enterprise, LLC",,WISEWESTERN@GMAIL.COM
85192727,deadAbandoned,HTC MOBILITYNOW,"Jul. 20, 2011",HTC Corporation,,kathy.callahan@bracewell.com
85192764,deadAbandoned,CACHITOS BOTANAS,"Sep. 17, 2011","PRODUCTOS ALSEF, S.A. DE C.V.",,etorresmt@gmail.com
85192757,deadAbandoned,JUST3DSTORE,"Feb. 25, 2011","RUSSELL, ALBERT",,albertruss@gmail.com
85192800,deadAbandoned,EPALA,"Aug. 17, 2011",TURNING POINTE CONSULTING L.L.C,,julilynch@gmail.com
85192821,deadAbandoned,GAMBINO SOUND FAMILY,"Dec. 12, 2011","Appleby, Delroy",,
85192729,REQUEST_FAILED,,,,,
85192048,REQUEST_FAILED,,,,,
85192797,REQUEST_FAILED,,,,,
85192868,REQUEST_FAILED,,,,,
85192990,deadAbandoned,NO RAHM NO REASON,"Sep. 20, 2011","Bell, Dorothy, K",,mscott200812@yahoo.com
85193041,REQUEST_FAILED,,,,,
85193128,deadAbandoned,STRENGTH BALANCE FLEXIBILITY,"Sep. 14, 2011",John Lloyd Dean 11,,johndea1@yahoo.com
85193063,REQUEST_FAILED,,,,,
85192670,REQUEST_FAILED,,,,,
85193236,deadAbandoned,SMITHSONIAN GREAT MUSEUM CAPER,"May 03, 2011","Discovery Bay Games, Inc.",,
85193172,REQUEST_FAILED,,,,,
85193287,deadAbandoned,SMITHSONIAN FACT OR FICTION,"May 03, 2011","Discovery Bay Games, Inc.",,
85193486,REQUEST_FAILED,,,,,
85193592,deadAbandoned,LOST RAINBOW,"Sep. 13, 2011","Arjun Sen, Inc.",,
85193501,REQUEST_FAILED,,,,,
85193611,REQUEST_FAILED,,,,,
85193691,REQUEST_FAILED,,,,,
85193855,deadAbandoned,MUSCLE HEALTHCARE,"Nov. 28, 2011",Jon Mitchell Nini,,jmitchellnini@gmail.com
85194032,deadAbandoned,ISLAMIC CLOUD,"Sep. 15, 2011","Adapala, Dinanand Venkatram Babu",,ram.adapala@gmail.com
85193802,REQUEST_FAILED,,,,,
85193969,REQUEST_FAILED,,,,,
85194016,REQUEST_FAILED,,,,,
85194227,REQUEST_FAILED,,,,,
85194285,REQUEST_FAILED,,,,,
85194387,REQUEST_FAILED,,,,,
85194587,REQUEST_FAILED,,,,,
85194617,REQUEST_FAILED,,,,,
85194643,REQUEST_FAILED,,,,,
85194668,REQUEST_FAILED,,,,,
85194822,deadAbandoned,IFLY CONCEPT,"Sep. 16, 2011",DG73,,B-ZVICENZA@BARZANO-ZANARDO.COM
85194693,REQUEST_FAILED,,,,,
85194957,deadAbandoned,QUALITY MADE AFFORDABLE A-FRAME PAINT BOOTHS,"Sep. 23, 2011",A-Frame Paint Booth LLC,,matt@aframesb.com
85194966,deadAbandoned,NO3,"Sep. 23, 2011",Woodbolt Distribution,,kgriste@woodbolt.com
85194838,REQUEST_FAILED,,,,,
85194987,deadAbandoned,NO3 PUMP,"Sep. 23, 2011",Woodbolt Distribution,,kgriste@woodbolt.com
85194947,REQUEST_FAILED,,,,,
85195073,deadAbandoned,A ACTIVATION UNIVERSITY,"Sep. 13, 2011","Clark, Anthony M.",,isopach@me.com
85195008,REQUEST_FAILED,,,,,
85195030,REQUEST_FAILED,,,,,
85195123,deadAbandoned,A ACTIVATION PRODUCTS,"Oct. 12, 2011","Clark, Anthony M.",,isopach@me.com
85195041,REQUEST_FAILED,,,,,
85195061,REQUEST_FAILED,,,,,
85195100,REQUEST_FAILED,,,,,
85195246,REQUEST_FAILED,,,,,
85195582,deadAbandoned,GURU AUDIO,"Sep. 22, 2011",Svenska Transduktorkompaniet AB,,erik.ring@guruproaudio.com
85195702,deadAbandoned,NUTRICAL,"Sep. 19, 2011","Chemport, Inc.",,jramirez@innovakglobal.com
85195651,deadAbandoned,BEAUTY CODE,"Sep. 16, 2011","Beauty Innovations, LLC",,marilynstarrharris@mybeautycode.com
85195811,deadAbandoned,GLAMTASTIC,"Sep. 14, 2011",Posh Face LLC.,,
85195543,REQUEST_FAILED,,,,,
85195659,REQUEST_FAILED,,,,,
85195843,deadAbandoned,COACHING WISDOM,"Sep. 16, 2011",Phillap Bond,,
85195901,REQUEST_FAILED,,,,,
85195941,REQUEST_FAILED,,,,,
85195942,REQUEST_FAILED,,,,,
85196063,deadAbandoned,BLACK PEARL RUM,"Sep. 19, 2011","Barrymore, Geoffrey",,geoff@wadistilling.com
85196040,deadAbandoned,GOLDEN LIAISON,"Sep. 20, 2011","Claß, Sebastian",,info@goldenliaison.com
85196035,REQUEST_FAILED,,,,,
85196019,REQUEST_FAILED,,,,,
85196087,REQUEST_FAILED,,,,,
85196182,REQUEST_FAILED,,,,,
85196205,REQUEST_FAILED,,,,,
85196523,deadAbandoned,JEWPOINTS,"Dec. 13, 2011",Lisa Cafiero,,lisa@writethefirsttime.net
85196615,deadAbandoned,COUNTER MUSCLE BALANCING,"Sep. 20, 2011","CMC FITNESS SOLUTIONS, LLC",,moffie@mac.com
85196418,REQUEST_FAILED,,,,,
85196428,REQUEST_FAILED,,,,,
85196542,REQUEST_FAILED,,,,,
85197081,deadAbandoned,SCANBUCKS,"Dec. 15, 2011",DISTRIBEO,,eliott@distribeo.com
85196853,REQUEST_FAILED,,,,,
85197119,REQUEST_FAILED,,,,,
85197115,REQUEST_FAILED,,,,,
85197268,deadAbandoned,PET LIFE,"Sep. 20, 2011",Olympus Media Partners,,info@olympusmediapartners.com
85197471,deadAbandoned,SANTA LOLLA,"Sep. 21, 2011",SANTA LOLLA FRANQUIAS LTDA,,nelsonibanez@terra.com.br
85197264,REQUEST_FAILED,,,,,
85197358,REQUEST_FAILED,,,,,
85197717,deadAbandoned,COLORSTAGER,"Sep. 24, 2011","Visual Applications, Inc.",,bobbieayers@showoff.com
85197742,REQUEST_FAILED,,,,,
85197821,REQUEST_FAILED,,,,,
85197910,REQUEST_FAILED,,,,,
85197950,REQUEST_FAILED,,,,,
85197964,REQUEST_FAILED,,,,,
85197997,REQUEST_FAILED,,,,,
85198244,REQUEST_FAILED,,,,,
85198262,REQUEST_FAILED,,,,,
85198314,REQUEST_FAILED,,,,,
85198392,REQUEST_FAILED,,,,,
85198462,REQUEST_FAILED,,,,,
85198593,REQUEST_FAILED,,,,,
85198778,deadAbandoned,None,"Sep. 27, 2011",Green Dot Holdings LLC,,
85198598,REQUEST_FAILED,,,,,
85198611,REQUEST_FAILED,,,,,
85199113,deadAbandoned,STELLA D'ORO,"Sep. 22, 2011",C.O.R.E.X. S.P.A. S.S.,,COREXSPA@hotmail.com
85198879,REQUEST_FAILED,,,,,
85198833,REQUEST_FAILED,,,,,
85198969,REQUEST_FAILED,,,,,
85199313,deadAbandoned,VOLUNTEERGIFTS.COM,"Sep. 23, 2011","Creative Designs And Marketing, Inc.",,cdm18@earthlink.net
85199175,REQUEST_FAILED,,,,,
85199237,REQUEST_FAILED,,,,,
85199418,REQUEST_FAILED,,,,,
85199481,REQUEST_FAILED,,,,,
85199785,deadAbandoned,RATE MY TEACHER,"Sep. 19, 2011","RMT Acquisition, LLC",,pbnaglejr@yahoo.com
85199704,REQUEST_FAILED,,,,,
85199801,REQUEST_FAILED,,,,,
85200135,deadAbandoned,GANTEN,"Sep. 26, 2011","Shenzhen Ganten Food & Beverage co., Ltd.",,tonytune2012@gmail.com
85200038,REQUEST_FAILED,,,,,
85200195,deadAbandoned,GOT CREDIT?,"Dec. 01, 2011",STEPKEN AND ASSOCIATES LLC.,,SMARTBIZ@THEESKENGROUP.COM
85200085,REQUEST_FAILED,,,,,
85200169,deadAbandoned,None,"Sep. 26, 2011","Shenzhen Ganten Food & Beverage co., Ltd.",,tonytune2012@gmail.com
85200136,REQUEST_FAILED,,,,,
85200217,deadAbandoned,MICRO TRANSIT,"Sep. 28, 2011","Olis, Thomas M",,olistm@yahoo.com
85200449,REQUEST_FAILED,,,,,
85200514,deadAbandoned,DIRECT2DOORDEALS.COM,"Sep. 28, 2011","Victory Communications, Inc.",,victorykg@hotmail.com
85200490,REQUEST_FAILED,,,,,
85200643,deadAbandoned,HAIR FIDDLERS,"Sep. 20, 2011",Sandra Matthews,,hairfiddlers@gmail.com
85200516,REQUEST_FAILED,,,,,
85200796,deadAbandoned,MOJO RELAXATION BEVERAGE,"Sep. 26, 2011","Nada Marketing, Incorporated",,nada@mojonights.com
85200827,REQUEST_FAILED,,,,,
85201130,deadAbandoned,CALI SWAG,"Dec. 04, 2011","Benjamin Piekarski, Carlton Souter",,benpie22@yahoo.com
85201127,deadAbandoned,RHETORIC,"Sep. 22, 2011",Max Ardour Inc.,,cmoothart@aol.com
85201035,REQUEST_FAILED,,,,,
85201051,REQUEST_FAILED,,,,,
85201197,deadAbandoned,GIGTRIBE VIVE EN VIVO,"Dec. 21, 2011",MANUEL COSSIO RAMOS,,manuel.cossio@globalstar360.com
85201139,REQUEST_FAILED,,,,,
85201175,REQUEST_FAILED,,,,,
85201279,deadAbandoned,TWO GUYS & A VAN MOVING CO.,"Sep. 27, 2011","Two Guys And A Van Moving Company, LLC",,info@twoguysandavan.com
85201251,REQUEST_FAILED,,,,,
85201427,deadAbandoned,CONNECTS HEALTH CARE PATIENTS AND PROVIDERS GLOBALLY.,"Oct. 11, 2011",Jonathan Bannon Maher,,jonbmaher@gmail.com
85201380,REQUEST_FAILED,,,,,
85201487,deadAbandoned,LEGEND FIGHTING CHAMPIONSHIP,"Nov. 11, 2011",Legend Entertainment Limited,,mhaskamp@legendfc.com
85201486,deadAbandoned,KELLISON,"Sep. 22, 2011","Kellison, James",,jim@diamond-palace.com
85201432,REQUEST_FAILED,,,,,
85201437,REQUEST_FAILED,,,,,
85201653,REQUEST_FAILED,,,,,
85201781,deadAbandoned,INSUL STONE,"Dec. 12, 2011","Gauthier, Bryan J.",,bryan@betterpaths.com
85201687,REQUEST_FAILED,,,,,
85201823,deadAbandoned,INSULATION STONE,"Sep. 19, 2011","Gauthier, Bryan J.",,bryan@betterpaths.com
85201777,REQUEST_FAILED,,,,,
85201816,REQUEST_FAILED,,,,,
85201858,REQUEST_FAILED,,,,,
85202213,deadAbandoned,U GOT A WISH,"Sep. 29, 2011","TRUCHOT, PAULINE",,pauline.truchot@gmail.com
85202178,deadAbandoned,OASIS OUTDOOR FURNITURE,"Sep. 21, 2011","Oasis Outdoor Furniture, LLC",,matt@oasispatio.com
85202155,deadAbandoned,FACECOACH,"Sep. 21, 2011","Bresnik, Pauline Angela",,pauline.bresnik@gmail.com
85202172,REQUEST_FAILED,,,,,
85202225,REQUEST_FAILED,,,,,
85202279,deadAbandoned,SMART TARTS,"Sep. 22, 2011","Crook, Kay Grant",,kaymgrant@hotmail.com
85202232,deadAbandoned,OASIS PATIO,"Sep. 21, 2011","Oasis Outdoor Furniture, LLC",,matt@oasispatio.com
85202231,REQUEST_FAILED,,,,,
85202316,REQUEST_FAILED,,,,,
85202301,REQUEST_FAILED,,,,,
85202497,deadAbandoned,ACTRA,"Aug. 23, 2011","Foot Locker Retail, Inc.",,tbombata@footlocker.com
85202399,deadAbandoned,M MING,"Sep. 25, 2011",Po Sun Hon,,tmregistered@gmail.com
85202385,REQUEST_FAILED,,,,,
85202526,REQUEST_FAILED,,,,,
85203079,REQUEST_FAILED,,,,,
85203083,REQUEST_FAILED,,,,,
85203162,REQUEST_FAILED,,,,,
85203464,deadAbandoned,MY-AHA,"Sep. 27, 2011",Ozmota Inc,,matthew.kapp@ozmota.com
85203466,deadAbandoned,CREATING WELLNESS FROM WITHIN,"Sep. 23, 2011",Christina Danyluk,,tm@CreatingWellnessFromWithin.com
85203252,REQUEST_FAILED,,,,,
85203401,REQUEST_FAILED,,,,,
85203355,REQUEST_FAILED,,,,,
85203520,REQUEST_FAILED,,,,,
85203556,REQUEST_FAILED,,,,,
85203607,deadAbandoned,SCREEN TARGET,"Oct. 19, 2011","Tomkins, Steven",,steve@steventomkins.com
85203771,REQUEST_FAILED,,,,,
85203833,REQUEST_FAILED,,,,,
85203974,REQUEST_FAILED,,,,,
85204176,REQUEST_FAILED,,,,,
85204199,REQUEST_FAILED,,,,,
85204601,deadAbandoned,GOGO,"Dec. 21, 2011","Seibert, Dale",,
85204531,deadAbandoned,ALLIFORCE,"Aug. 18, 2011",InQpharm Europe Limited,,
85204676,deadAbandoned,IANTICLOUD,"Dec. 05, 2011","UltraConcurrent, Inc.",,carlhewitt@alum.mit.edu
85204553,deadAbandoned,3D OASIS,"Sep. 27, 2011","Gutierrez, Pedro",,support@3doasis.com
85204543,REQUEST_FAILED,,,,,
85204851,REQUEST_FAILED,,,,,
85204698,REQUEST_FAILED,,,,,
85204983,REQUEST_FAILED,,,,,
85204985,REQUEST_FAILED,,,,,
85205035,REQUEST_FAILED,,,,,
85205074,REQUEST_FAILED,,,,,
85205102,REQUEST_FAILED,,,,,
85205469,deadAbandoned,BB STOP,"Jul. 14, 2011","BioTrap Science, LLC",,aaron@biotrapscience.com
85205319,REQUEST_FAILED,,,,,
85205515,deadAbandoned,POWER SUPPLY,"Oct. 04, 2011","Choi, Hyungsik Abraham",,abrahamchoi@gmail.com
85205352,REQUEST_FAILED,,,,,
85205595,deadAbandoned,FONCANNON,"Sep. 26, 2011",Foncannon Inc,,jwebb@foncannoninc.com
85205558,REQUEST_FAILED,,,,,
85205599,REQUEST_FAILED,,,,,
85205616,REQUEST_FAILED,,,,,
85205656,deadAbandoned,EDUCATE REGULATE MEDICATE,"Sep. 26, 2011",Peaceful Provider Inc.,,peacefulprovider@gmail.com
85205622,REQUEST_FAILED,,,,,
85205675,deadAbandoned,AUSTRALAB,"Sep. 26, 2011",Sami Eljurdi,,sam@australab.com
85205650,deadAbandoned,BPO FOR THE SMB!,"Sep. 29, 2011",Remote Office Inc.,,
85205717,deadAbandoned,PORTLANDADE,"Feb. 21, 2011",Super Bakery Inc.,,Cinpa2@aol.com
85205728,deadAbandoned,PORTLANDADE,"Aug. 17, 2011",Super Bakery Inc.,,Cinpa2@aol.com
85205696,REQUEST_FAILED,,,,,
85205698,REQUEST_FAILED,,,,,
85205796,deadAbandoned,TEACH 'EM TO WRITE LIKE A ROCK STAR,"Oct. 03, 2011","Thaddeus Rex, Inc.",,trex@thaddeusrex.com
85205776,REQUEST_FAILED,,,,,
85205891,REQUEST_FAILED,,,,,
85206119,deadAbandoned,THE WORLD'S BEST FROZEN YOGURT,"Sep. 21, 2011","Zinga Investments, LLC",,
85206054,REQUEST_FAILED,,,,,
85206281,deadAbandoned,YUMTAPAS,"Dec. 19, 2011","Passas, Michael",,
85206220,REQUEST_FAILED,,,,,
85206253,REQUEST_FAILED,,,,,
85206306,REQUEST_FAILED,,,,,
85206379,REQUEST_FAILED,,,,,
85206622,REQUEST_FAILED,,,,,
85206664,REQUEST_FAILED,,,,,
85206715,REQUEST_FAILED,,,,,
85206731,REQUEST_FAILED,,,,,
85206912,REQUEST_FAILED,,,,,
85207042,REQUEST_FAILED,,,,,
85207063,REQUEST_FAILED,,,,,
85207079,REQUEST_FAILED,,,,,
85207197,REQUEST_FAILED,,,,,
85207456,REQUEST_FAILED,,,,,
85207586,deadAbandoned,HONEYMOON PIXIE,"Sep. 08, 2011","Honeymoon Pixie, LLC",,andrew@honeymoonpixie.com
85207499,REQUEST_FAILED,,,,,
85207662,deadAbandoned,BOOMERANG,"Oct. 03, 2011",Brighton Technologies Pty. Ltd.,,darren@blufi.com.au
85207547,REQUEST_FAILED,,,,,
85207756,deadAbandoned,KILOBAR,"Oct. 03, 2011","Dolacinski, Dariusz",,buysilver@bullionbank.ch
85207639,REQUEST_FAILED,,,,,
85207643,REQUEST_FAILED,,,,,
85207938,deadAbandoned,LOCKINGHOOKS.COM,"Oct. 01, 2011",Locking Hooks Inc.,,dave@lockinghooks.com
85207747,REQUEST_FAILED,,,,,
85207999,deadAbandoned,TOOTHFAIRY DENTIST,"Sep. 26, 2011","Ford, Jermel D",,operations@toothfairydentist.org
85207857,REQUEST_FAILED,,,,,
85207861,REQUEST_FAILED,,,,,
85207995,REQUEST_FAILED,,,,,
85208004,REQUEST_FAILED,,,,,
85208090,REQUEST_FAILED,,,,,
85208253,REQUEST_FAILED,,,,,
85208240,REQUEST_FAILED,,,,,
85208429,REQUEST_FAILED,,,,,
85208494,REQUEST_FAILED,,,,,
85208574,REQUEST_FAILED,,,,,
85208593,REQUEST_FAILED,,,,,
85208693,REQUEST_FAILED,,,,,
85208764,REQUEST_FAILED,,,,,
85208802,REQUEST_FAILED,,,,,
85208850,REQUEST_FAILED,,,,,
85208876,deadAbandoned,WORLD DANCE PARTY,"Nov. 01, 2011",Scalisi Nick,,tulipani@bigpond.com
85208903,REQUEST_FAILED,,,,,
85208935,REQUEST_FAILED,,,,,
85209085,deadAbandoned,LIVERPOOL,"Sep. 29, 2011","Win-It-Too, Incorporated",,steve@globalbeer.com
85208999,REQUEST_FAILED,,,,,
85209424,deadAbandoned,KIDSMAG,"Oct. 01, 2011",Portegno SA,,gabriel@portegno.com
85209238,REQUEST_FAILED,,,,,
85209284,REQUEST_FAILED,,,,,
85209447,REQUEST_FAILED,,,,,
85209529,REQUEST_FAILED,,,,,
85209608,REQUEST_FAILED,,,,,
85209810,REQUEST_FAILED,,,,,
85210132,deadAbandoned,PORN STAR PEEP,"Oct. 03, 2011","PeepStar, LLC",,
85210147,deadAbandoned,CELEBRITY PEEP,"Oct. 03, 2011","PeepStar, LLC",,
85210037,REQUEST_FAILED,,,,,
85210060,REQUEST_FAILED,,,,,
85210145,REQUEST_FAILED,,,,,
85210183,REQUEST_FAILED,,,,,
85210528,deadAbandoned,HOT CHICKS CAFE,"Oct. 05, 2011",Hot Chicks Cafe Inc,,raymond@u6.org
85210524,REQUEST_FAILED,,,,,
85210599,REQUEST_FAILED,,,,,
85210662,REQUEST_FAILED,,,,,
85210733,REQUEST_FAILED,,,,,
85211004,deadAbandoned,IDENTIFLYER,"Oct. 05, 2011","For The Birds, Inc.",,t.allen@identiflyer.com
85210972,REQUEST_FAILED,,,,,
85211013,REQUEST_FAILED,,,,,
85211287,REQUEST_FAILED,,,,,
85211297,REQUEST_FAILED,,,,,
85211499,deadAbandoned,FN FAMOUS NOBODIES,"Oct. 06, 2011",Eric Tabb,,e.l.tabb@gmail.com
85211533,deadAbandoned,UNITIVE HEALTH,"Nov. 02, 2011","Peisner, Stephen",,
85211609,deadAbandoned,AMERICA'S NEXT BEAUTY STAR,"Oct. 01, 2011",Go Pretty LLC,,tsaunders@gopretty.com
85211545,deadAbandoned,PATHWAY FINANCIAL SERVICES,"Oct. 07, 2011","Hepfinger, Robert",,
85211573,REQUEST_FAILED,,,,,
85211680,REQUEST_FAILED,,,,,
85211888,deadAbandoned,N NATURAL EXTENSION,"Mar. 01, 2011",Vache Apkarian,,vapkarian2010@gmail.com
85211858,REQUEST_FAILED,,,,,
85211864,REQUEST_FAILED,,,,,
85211967,REQUEST_FAILED,,,,,
85212060,REQUEST_FAILED,,,,,
85212092,REQUEST_FAILED,,,,,
85212333,deadAbandoned,IKE BEHAR,"Sep. 30, 2011",Behar Licensing Corp.,,
85212358,deadAbandoned,IKE BY IKE BEHAR,"Sep. 30, 2011",Behar Licensing Corp.,,
85212341,deadAbandoned,IKE BEHAR,"Sep. 30, 2011",Behar Licensing Corp.,,
85212322,REQUEST_FAILED,,,,,
85212353,REQUEST_FAILED,,,,,
85212401,REQUEST_FAILED,,,,,
85212498,REQUEST_FAILED,,,,,
85212696,REQUEST_FAILED,,,,,
85212795,REQUEST_FAILED,,,,,
85212822,REQUEST_FAILED,,,,,
85213330,deadAbandoned,CFM,"Sep. 07, 2011",Natus Medical Incorporated,,
85213142,deadAbandoned,FX COSTUMES,"Sep. 30, 2011",Minarro Ramiro J,,marythelma.rodriguez@grupoarro.com
85213015,REQUEST_FAILED,,,,,
85213407,deadAbandoned,44 ANGELS,"Oct. 03, 2011","Kilshaw, Shawn",,house9project@gmail.com
85213421,deadAbandoned,44,"Oct. 03, 2011","Kilshaw, Shawn",,house9project@gmail.com
85213391,REQUEST_FAILED,,,,,
85213392,REQUEST_FAILED,,,,,
85213397,REQUEST_FAILED,,,,,
85213475,REQUEST_FAILED,,,,,
85213542,REQUEST_FAILED,,,,,
85213626,deadAbandoned,MAYOR'S JEWELRY,"Oct. 03, 2011","KELLY & CHRISTINA, INC.",,creek_park@yahoo.com
85213650,deadAbandoned,DULCE VELEZ,"Dec. 26, 2011",F.L. NAVARRO LTD,,flnavarro@me.com
85213657,deadAbandoned,MY,"Nov. 25, 2011",MYSPACE,,johnrichcreek@yahoo.com
85213623,REQUEST_FAILED,,,,,
85213655,REQUEST_FAILED,,,,,
85213848,REQUEST_FAILED,,,,,
85213999,deadAbandoned,MOTION SPORTS,"Oct. 03, 2011",Motion Golf LLC,,pchristensen@motiongolf.com
85213929,REQUEST_FAILED,,,,,
85213964,REQUEST_FAILED,,,,,
85214003,REQUEST_FAILED,,,,,
85214165,deadAbandoned,HANG CASES,"Oct. 07, 2011",HOLD TECHNOLOGIES LLC,,iholdtech@gmail.com
85214278,deadAbandoned,LADIES' GOLF CLUB OF AMERICA,"Oct. 05, 2011","Brittingham, Michael",,admin@ladiesgolfclubofamerica.com
85214028,REQUEST_FAILED,,,,,
85214061,REQUEST_FAILED,,,,,
85214134,REQUEST_FAILED,,,,,
85214538,deadAbandoned,MAGWALL,"Oct. 03, 2011","Carter, Mark David",,MARK@MAG-WALL.COM
85214489,REQUEST_FAILED,,,,,
85214508,REQUEST_FAILED,,,,,
85214693,deadAbandoned,SNOOKEY,"Sep. 09, 2011",Parfums Parfaits LLC,,m.alassaad@yahoo.com
85214577,REQUEST_FAILED,,,,,
85214680,deadAbandoned,SNOOKE',"Sep. 09, 2011",Parfums Parfaits LLC,,m.alassaad@yahoo.com
85214684,REQUEST_FAILED,,,,,
85214800,REQUEST_FAILED,,,,,
85214829,REQUEST_FAILED,,,,,
85214955,deadAbandoned,DELETE,"Oct. 10, 2011","Ayres, James",,jim@deletedietpill.com
85214916,REQUEST_FAILED,,,,,
85215165,deadAbandoned,BILLIONAIRE TYCOON,"Oct. 12, 2011",BILLIONAIRE TYCOON GAMES LTD,,SHAMEEK@BILLIONAIRE-TYCOON.COM
85215197,REQUEST_FAILED,,,,,
85215446,deadAbandoned,IT'S NOT CLEAN UNTIL IT'S ALL CLEAN CLEANING & RESTORATION,"Oct. 06, 2011","All-Clean Cleaning & Restoration, Inc.",,all-clean@bellsouth.net
85215336,REQUEST_FAILED,,,,,
85215357,REQUEST_FAILED,,,,,
85215505,deadAbandoned,PINT-SIZED PAGE TURNERS,"Oct. 03, 2011","Stuart, Bruce S",,serialteller@gmail.com
85215572,deadAbandoned,ACTION LISTS,"Oct. 11, 2011","Perry, Charles E, III",,software@dazeend.org
85215665,deadAbandoned,GREENFORCE,"Oct. 07, 2011","Kellogg, Bruns, Smieja LLC",,josh.hadrava@kbsautomist.com
85215448,REQUEST_FAILED,,,,,
85215548,REQUEST_FAILED,,,,,
85215717,deadAbandoned,VITAPHARM,"Sep. 19, 2011",Woodbolt Distribution,,kgriste@woodbolt.com
85215719,deadAbandoned,SUPERSAAS,"Dec. 16, 2011",Jan M Faber,,jmfaber@supersaas.com
85215623,REQUEST_FAILED,,,,,
85215816,deadAbandoned,K7 SHOCKS SYMBOL OF STRENGTH,"Oct. 03, 2011",John Chen,,contact@hendrikblok.com
85215750,REQUEST_FAILED,,,,,
85215779,REQUEST_FAILED,,,,,
85215794,REQUEST_FAILED,,,,,
85216127,deadAbandoned,THE SECRET OF THE GOOD DRIVER-EL SECRETO DEL BUEN CONDUCTOR,"Oct. 06, 2011",López Gordillo Julio César,,juliolopezgordillo@gmail.com
85215920,REQUEST_FAILED,,,,,
85216028,REQUEST_FAILED,,,,,
85216131,REQUEST_FAILED,,,,,
85216366,deadAbandoned,EPAD,"Oct. 11, 2011",M&A Technology Inc,,jjubran@macomp.com
85216292,REQUEST_FAILED,,,,,
85216511,deadAbandoned,A L.E.A.N.E.R. YOU,"Dec. 08, 2011","Leavins, Nina",,
85216386,REQUEST_FAILED,,,,,
85216565,REQUEST_FAILED,,,,,
85216715,REQUEST_FAILED,,,,,
85216747,REQUEST_FAILED,,,,,
85216839,REQUEST_FAILED,,,,,
85216854,REQUEST_FAILED,,,,,
85217029,deadAbandoned,PERIPHERAL TRADING,"Nov. 29, 2011",Pod Global llc,,lee@podglobal.com
85216918,REQUEST_FAILED,,,,,
85217078,deadAbandoned,JUICE 'N POUR,"Sep. 30, 2011",EVRIHOLDER PRODUCTS LLC,,garysevri@gmail.com
85217367,deadAbandoned,ALDAMA,"Oct. 07, 2011","SANTOSCOY PADILLA, ALVARO",,ignacio.martinez@megared.net.mx
85217127,REQUEST_FAILED,,,,,
85217270,REQUEST_FAILED,,,,,
85217269,REQUEST_FAILED,,,,,
85217341,REQUEST_FAILED,,,,,
85217382,REQUEST_FAILED,,,,,
85217575,deadAbandoned,HMONG GREEN TEA SOAP COMPANY,"Oct. 08, 2011","Hergh, Barbara",,barbara_hergh@yahoo.com
85217581,deadAbandoned,BEATY,"Oct. 10, 2011","Colorstation,Inc.",,tonytune2012@gmail.com
85217613,deadAbandoned,CREDZ,"Nov. 05, 2011","Prum, Shanon M",,shanmakor@mac.com
85217628,deadAbandoned,DOMINATE THE DARK,"Sep. 09, 2011",Maxxeon Inc.,,jschira@maxxeon.com
85217580,REQUEST_FAILED,,,,,
85217661,REQUEST_FAILED,,,,,
85217697,REQUEST_FAILED,,,,,
85217784,deadAbandoned,MASTERPIECE,"Oct. 07, 2011",Winning Moves Inc.,,pecci@winning-moves.com
85217751,REQUEST_FAILED,,,,,
85218077,deadAbandoned,SAVE THE WOOD,"Oct. 07, 2011","HORN, DREW D.",,OKSKIER@SBCGLOBAL.NET
85217999,REQUEST_FAILED,,,,,
85218000,REQUEST_FAILED,,,,,
85218086,REQUEST_FAILED,,,,,
85218107,REQUEST_FAILED,,,,,
85218439,deadAbandoned,ECOBLUE,"Oct. 12, 2011",MIGUEL ANGEL PADILLA CAMPOS,,etorresmt@gmail.com
85218393,REQUEST_FAILED,,,,,
85218418,REQUEST_FAILED,,,,,
85218546,REQUEST_FAILED,,,,,
85218596,REQUEST_FAILED,,,,,
85218625,REQUEST_FAILED,,,,,
85218695,deadAbandoned,ARTISAN SPIRITS,"Oct. 11, 2011","Thatcher, Shane K.",,shane@localdistillery.com
85218679,REQUEST_FAILED,,,,,
85218797,deadAbandoned,"BREW-BONES GO AHEAD, SHARE A BREW WITH YOUR DOG! GOING GREEN USA MADE IN MICHIGAN","Oct. 17, 2011","Wilcox, Ryan",,rwilcox@amukllc.com
85218742,REQUEST_FAILED,,,,,
85218754,REQUEST_FAILED,,,,,
85218821,deadAbandoned,HUMAN SCADA,"Oct. 21, 2011","Henry Safety Technologies, LLC",,sthompson@henrysafety.com
85218824,REQUEST_FAILED,,,,,
85218847,REQUEST_FAILED,,,,,
85218964,deadAbandoned,KWANDA EXPRESS SARL TRANSPORTE & LOGISTICA,"Oct. 19, 2011","Rodrigues, Joao, A.",,joao.rodrigues@hotmail.co.uk
85218929,REQUEST_FAILED,,,,,
85219194,deadAbandoned,WHOLE WORLD BOTANICALS,"Oct. 12, 2011","Whole World Botanicals, Inc.",,raj@wwbinc.net
85219236,deadAbandoned,INTERACTIVE REQUIREMENTS DELIVERY,"Oct. 14, 2011",OneSpring LLC,,ckonfrst@onespring.net
85219054,REQUEST_FAILED,,,,,
85219257,deadAbandoned,AQUABOTTLE,"Oct. 17, 2011",VISPAK Inc.,,
85219255,deadAbandoned,INTERACTIVE REQUIREMENTS DOCUMENT,"Oct. 14, 2011",OneSpring LLC,,ckonfrst@onespring.net
85219137,REQUEST_FAILED,,,,,
85219143,REQUEST_FAILED,,,,,
85219286,deadAbandoned,4G TV,"Oct. 14, 2011",Frank Copsidas Jr,,sf@intriguegroup.net
85219282,REQUEST_FAILED,,,,,
85219427,REQUEST_FAILED,,,,,
85219439,REQUEST_FAILED,,,,,
85219483,REQUEST_FAILED,,,,,
85219834,deadAbandoned,SALUD PERU,"Oct. 13, 2011","Whole World Botanicals, Inc.",,raj@wwbinc.net
85219739,REQUEST_FAILED,,,,,
85219772,deadAbandoned,BIG BEAR ENERGY DRINK,"Oct. 20, 2011",Green Gate Trading FZE,,
85219943,REQUEST_FAILED,,,,,
85220035,REQUEST_FAILED,,,,,
85220056,REQUEST_FAILED,,,,,
85220141,REQUEST_FAILED,,,,,
85220185,REQUEST_FAILED,,,,,
85220206,REQUEST_FAILED,,,,,
85220413,deadAbandoned,GTUNES,"Oct. 12, 2011",MARC ANGELL,,mdangell@gmail.com
85220362,REQUEST_FAILED,,,,,
85220457,deadAbandoned,HELL BLOCK,"Oct. 14, 2011","One For All, LLC",,
85220458,deadAbandoned,HELL BLOCK,"Oct. 14, 2011","One For All, LLC",,
85220463,deadAbandoned,HELL BLOCK,"Oct. 14, 2011","One For All, LLC",,
85220464,deadAbandoned,HELL BLOCK,"Oct. 14, 2011","One For All, LLC",,
85220423,REQUEST_FAILED,,,,,
85220511,deadAbandoned,FASHIONLABEL,"Oct. 19, 2011",Reginalde Messac,,
85220520,deadAbandoned,T-SHIRT IMPULSE,"Oct. 18, 2011","JD PALLAS Retail, LLC",,jdpallas@gmail.com
85220440,REQUEST_FAILED,,,,,
85220467,REQUEST_FAILED,,,,,
85220612,deadAbandoned,BLUE STATE BLUE,"Oct. 21, 2011","Blue State Red State, LLC",,difelice@gmail.com
85220559,deadAbandoned,CHICKSMOTORCLOTHING.COM,"Oct. 20, 2011","Adams, Therese",,
85220558,deadAbandoned,HUDA BEER,"Oct. 18, 2011",HUE BREWERY LTD.,,hanoi@pham.com.vn
85220619,deadAbandoned,RED STATE RED,"Oct. 21, 2011","Blue State Red State, LLC",,difelice@gmail.com
85220542,REQUEST_FAILED,,,,,
85220570,REQUEST_FAILED,,,,,
85220902,deadAbandoned,EVRFLO,"Oct. 16, 2011",Heng Li Partners LLC,,rhenrich@hengli.us
85220814,REQUEST_FAILED,,,,,
85220892,REQUEST_FAILED,,,,,
85220906,REQUEST_FAILED,,,,,
85221021,REQUEST_FAILED,,,,,
85221218,REQUEST_FAILED,,,,,
85221279,REQUEST_FAILED,,,,,
85221322,REQUEST_FAILED,,,,,
85221591,deadAbandoned,XM NETBOOK,"Jun. 09, 2011",XM Micro Inc,,sales@xmmicro.com
85221482,deadAbandoned,BOLT BIO,"Oct. 26, 2011","US Implant Technologies, Inc.",,boltimplant@gmail.com
85221398,REQUEST_FAILED,,,,,
85221551,REQUEST_FAILED,,,,,
85221602,REQUEST_FAILED,,,,,
85221766,deadAbandoned,PIPEBLAST,"Oct. 24, 2011","Kitchen,Mark",,qualitymark2009@gmail.com
85221730,deadAbandoned,KINGDOM AGENDA INTERNATIONAL·MINISTRY,"Oct. 24, 2011",Kingdom Agenda International Ministry,,novi@kingdomagendaim.com
85221903,deadAbandoned,ECOTRAVELER,"Oct. 21, 2011",Focus Media Communications,,info@focusmediacom.com
85221688,REQUEST_FAILED,,,,,
85221885,REQUEST_FAILED,,,,,
85222032,REQUEST_FAILED,,,,,
85222075,REQUEST_FAILED,,,,,
85222151,REQUEST_FAILED,,,,,
85222183,REQUEST_FAILED,,,,,
85222205,REQUEST_FAILED,,,,,
85222219,REQUEST_FAILED,,,,,
85222355,REQUEST_FAILED,,,,,
85222716,deadAbandoned,BEHIND THE MIC,"Oct. 18, 2011","Hip Hop Global Media, LLC",,
85222593,REQUEST_FAILED,,,,,
85222782,deadAbandoned,MOBIN,"Oct. 19, 2011",Orientinfo Technology(Singapore) Pte.Ltd.,,tonytune2012@gmail.com
85222813,deadAbandoned,INNOVOSOLAR,"Oct. 25, 2011",INNOVOSOLAR HOLDINGS CORP,,usasndre@gmail.com
85222732,REQUEST_FAILED,,,,,
85222737,REQUEST_FAILED,,,,,
85222976,REQUEST_FAILED,,,,,
85223010,REQUEST_FAILED,,,,,
85223167,REQUEST_FAILED,,,,,
85223210,REQUEST_FAILED,,,,,
85223356,deadAbandoned,BERRYBURSTZ,"Oct. 18, 2011","Blazerfarmz, LLC",,chip@blazerfarmz.com
85223302,REQUEST_FAILED,,,,,
85223438,deadAbandoned,ANGEL VINTAGE WEAR,"Oct. 24, 2011",ANGEL VINTAGE WEAR,,fashionriviera@gmail.com
85223691,deadAbandoned,SAFFRON SOLUTIONS,"Oct. 18, 2011","Saffron Solutions, Inc.",,jparsons-vendor@saffron.net
85223698,deadAbandoned,SAFFRON,"Oct. 18, 2011","Saffron Solutions, Inc",,jparsons-vendor@saffron.net
85223671,deadAbandoned,REBORN BEVERAGES,"Nov. 13, 2011",Reborn Beverage Inc.,,hsud@newcenturyco.net
85223629,REQUEST_FAILED,,,,,
85223790,deadAbandoned,MONTE-CARLO DIAMOND LADY,"Oct. 26, 2011",JACQUES-ANTOINE POMIRO,,yoluxury@gmail.com
85223791,deadAbandoned,CONFUCIAN MERCHANTS,"Oct. 24, 2011",CHEN ZHIQIANG,,chipperchen@vip.163.com
85223712,REQUEST_FAILED,,,,,
85223792,deadAbandoned,TRIBESOURCE GENIUS DELIVERED,"Oct. 26, 2011","Rauch, Ryan",,r.rauch@yahoo.com
85223821,deadAbandoned,WEED MENU,"Aug. 28, 2011",Virtual Support LLC,,egerges@gmail.com
85223853,deadAbandoned,SENDTHANKS.COM,"Oct. 19, 2011","Paul, Avery E.",,aelizabeth1970@yahoo.com
85223907,REQUEST_FAILED,,,,,
85223949,REQUEST_FAILED,,,,,
85223963,REQUEST_FAILED,,,,,
85224042,REQUEST_FAILED,,,,,
85224105,REQUEST_FAILED,,,,,
85224122,REQUEST_FAILED,,,,,
85224447,deadAbandoned,REST-N-HEAL,"Oct. 21, 2011","Rogers, John E",,rogerscarolina1@embarqmail.com
85224457,deadAbandoned,GAY PRIDE WHY HIDE,"Oct. 20, 2011",Jacques Aviles,,gpwhcor@yahoo.com
85224425,REQUEST_FAILED,,,,,
85224512,REQUEST_FAILED,,,,,
85224513,REQUEST_FAILED,,,,,
85224730,REQUEST_FAILED,,,,,
85224696,REQUEST_FAILED,,,,,
85224891,REQUEST_FAILED,,,,,
85225024,deadAbandoned,TELAS,"Oct. 19, 2011",Safety Solutions,,horus3@optusnet.com
85224979,REQUEST_FAILED,,,,,
85225039,REQUEST_FAILED,,,,,
85225094,REQUEST_FAILED,,,,,
85225382,deadAbandoned,NANO-AMINO COMPLEX,"Apr. 15, 2011",STEVE GODDARD,,PRAVANAGODDARD@hotmail.com
85225407,REQUEST_FAILED,,,,,
85225524,REQUEST_FAILED,,,,,
85225709,REQUEST_FAILED,,,,,
85226004,deadAbandoned,COUPONITY,"Oct. 26, 2011","Jackson, Devon L.",,couponity@gmail.com
85225879,REQUEST_FAILED,,,,,
85225965,REQUEST_FAILED,,,,,
85226087,REQUEST_FAILED,,,,,
85226160,REQUEST_FAILED,,,,,
85226165,REQUEST_FAILED,,,,,
85226304,REQUEST_FAILED,,,,,
85226339,REQUEST_FAILED,,,,,
85226459,REQUEST_FAILED,,,,,
85226582,deadAbandoned,STAY UP NETWORK,"Oct. 26, 2011",Angelo Coiro,,
85226537,REQUEST_FAILED,,,,,
85226559,REQUEST_FAILED,,,,,
85226571,REQUEST_FAILED,,,,,
85226733,REQUEST_FAILED,,,,,
85226782,REQUEST_FAILED,,,,,
85226874,REQUEST_FAILED,,,,,
85226909,REQUEST_FAILED,,,,,
85226950,REQUEST_FAILED,,,,,
85227071,REQUEST_FAILED,,,,,
85227127,REQUEST_FAILED,,,,,
85227135,REQUEST_FAILED,,,,,
85227292,deadAbandoned,ULOC,"Oct. 27, 2011","Uloc, Proprietary, Limited",,ding-goes@bigpond.com
85227359,deadAbandoned,KROME,"Sep. 13, 2011",Kunekt Corporation,,mark@kunekt.com
85227247,deadAbandoned,U3TT,"Oct. 26, 2011","VIA Labs, Inc.",,
85227399,deadAbandoned,KRUSH,"Sep. 13, 2011",Kunekt Corporation,,mark@kunekt.com
85227382,REQUEST_FAILED,,,,,
85227392,REQUEST_FAILED,,,,,
85227595,REQUEST_FAILED,,,,,
85227845,deadAbandoned,PURE SERENITY,"Nov. 04, 2011",Pure Life NutriMedics International Pty. Ltd.,,r.mayrhofer@purelifenutrimedics.com
85227685,REQUEST_FAILED,,,,,
85228048,deadAbandoned,BIO BODY,"Oct. 17, 2011",BIO BODY LLC,,midwifeontheriver@comcast.net
85228123,deadAbandoned,MALE PERFORMANCE RX,"Nov. 03, 2011",emil karageozo,,maleperformancerx@gmail.com
85228039,REQUEST_FAILED,,,,,
85228227,REQUEST_FAILED,,,,,
85228416,deadAbandoned,PROREAD,"Nov. 07, 2011",immediate effects Ltd. (UK),,office@immediate-effects.com
85228284,REQUEST_FAILED,,,,,
85228313,REQUEST_FAILED,,,,,
85228393,REQUEST_FAILED,,,,,
85228655,deadAbandoned,PALMER,"Nov. 04, 2011",FILTRATUBES S.A.L.,,raymond@filtra-group.com
85228425,REQUEST_FAILED,,,,,
85228637,REQUEST_FAILED,,,,,
85228767,REQUEST_FAILED,,,,,
85229053,REQUEST_FAILED,,,,,
85229227,deadAbandoned,ACRES OF GREENS,"Oct. 27, 2011","Drinkard, Brian S",,foodandherbs@broadweave.net
85229233,deadAbandoned,TACKLEBIDS.COM,"Oct. 30, 2011","Tacklebids, LLC",,mweekly@urgentappraisals.com
85229186,REQUEST_FAILED,,,,,
85229203,REQUEST_FAILED,,,,,
85229316,deadAbandoned,WAR DAMN NATIONAL CHAMPIONS,"Oct. 27, 2011","Holland, Justin D",,JDH0019@auburn.edu
85229282,REQUEST_FAILED,,,,,
85229310,REQUEST_FAILED,,,,,
85229341,REQUEST_FAILED,,,,,
85229344,REQUEST_FAILED,,,,,
85229579,deadAbandoned,I'M-PERFECTION BECAUSE EVERY IMPERFECTION IS PERFECT,"Oct. 29, 2011",kastrisianakis efstratios,,stratis@im-perfection.com
85229530,REQUEST_FAILED,,,,,
85229588,deadAbandoned,BACK TO THE ROOTS,"May 25, 2011","AgVerra, LLC",,info@agverra.com
85229597,deadAbandoned,BACK TO THE ROOTS OF PLANT & SOIL HEALTH,"Jun. 06, 2011","AgVerra, LLC",,info@agverra.com
85229557,REQUEST_FAILED,,,,,
85229642,deadAbandoned,A ACCESS ATHLETE,"Nov. 04, 2011","Maharaj, Ishwar",,juggernautmusic@aol.com
85229593,REQUEST_FAILED,,,,,
85229907,deadAbandoned,LIFE IS SWEET CUPCAKES,"Oct. 31, 2011","Tynes, Marsha Ann",,
85229711,REQUEST_FAILED,,,,,
85230011,REQUEST_FAILED,,,,,
85230135,REQUEST_FAILED,,,,,
85230155,REQUEST_FAILED,,,,,
85230442,deadAbandoned,SELL IT LIKE A ROCK STAR,"Sep. 22, 2011","Thaddeus Rex, Inc.",,trex@thaddeusrex.com
85230495,deadAbandoned,ANTHUMB,"Oct. 31, 2011","Copperline Marketing, LLC",,info@anthumb.com
85230161,REQUEST_FAILED,,,,,
85230308,deadAbandoned,ROBISON TECH SERVICES,"Nov. 01, 2011","Robison Technology Services, LLC",,justindrobison@gmail.com
85230557,REQUEST_FAILED,,,,,
85230727,REQUEST_FAILED,,,,,
85230736,REQUEST_FAILED,,,,,
85230899,REQUEST_FAILED,,,,,
85230981,REQUEST_FAILED,,,,,
85231109,REQUEST_FAILED,,,,,
85231179,REQUEST_FAILED,,,,,
85231437,deadAbandoned,CAFE VERDE,"Nov. 08, 2011",Robert Walder,,thefroglikescoffee@gmail.com
85231206,REQUEST_FAILED,,,,,
85231211,REQUEST_FAILED,,,,,
85231238,REQUEST_FAILED,,,,,
85231525,REQUEST_FAILED,,,,,
85231768,deadAbandoned,SWAP TOPS,"Nov. 03, 2011","Street Industries, LLC",,
85231655,REQUEST_FAILED,,,,,
85231863,deadAbandoned,GOER GEAR GG,"Nov. 05, 2011",HASSEMAN LLC.,,Goers84@live.com
85231786,REQUEST_FAILED,,,,,
85231858,REQUEST_FAILED,,,,,
85231808,REQUEST_FAILED,,,,,
85231909,deadAbandoned,SOFTSOLE,"Oct. 17, 2011",CHEMCORP PTY LTD,,CHEMCORPAUS@hotmail.com
85231893,REQUEST_FAILED,,,,,
85231905,REQUEST_FAILED,,,,,
85231965,REQUEST_FAILED,,,,,
85232022,REQUEST_FAILED,,,,,
85232512,deadAbandoned,SAS CLEAN,"Nov. 04, 2011","SAS Global, Inc.",,cececurrie@aol.com
85232452,REQUEST_FAILED,,,,,
85232473,REQUEST_FAILED,,,,,
85232792,deadAbandoned,EQUIDOLOGY,"Nov. 08, 2011","DuPerry, John J.",,johnduperry@hotmail.com
85232655,REQUEST_FAILED,,,,,
85232825,deadAbandoned,IBIOTICS SUPPORT,"Oct. 12, 2011",Global Quality Health Inc.,,jeremy@globalqualityhealth.com
85232841,deadAbandoned,HEADSLED,"Nov. 21, 2011",Mark Krakower,,krkwr@aol.com
85232789,REQUEST_FAILED,,,,,
85232822,REQUEST_FAILED,,,,,
85232847,REQUEST_FAILED,,,,,
85232852,REQUEST_FAILED,,,,,
85232936,deadAbandoned,SAS SHIELD,"Nov. 04, 2011","SAS Global, Inc.",,rp@sasglobalinc.com
85232944,deadAbandoned,SAS SHIELD PLUS,"Nov. 04, 2011","SAS Global, Inc.",,rp@sasglobalinc.com
85232959,deadAbandoned,SAS FABRIC SHIELD,"Nov. 04, 2011","SAS Global, Inc.",,rp@sasglobalinc.com
85233160,REQUEST_FAILED,,,,,
85233223,REQUEST_FAILED,,,,,
85233221,REQUEST_FAILED,,,,,
85233404,deadAbandoned,RPG AGENCY,"Nov. 09, 2011","Prouty, Eric J",,eric.prouty001@gmail.com
85233345,deadAbandoned,SETTLEMENT EXCHANGE,"Nov. 10, 2011",Settlement Exchange,,cdean@SettlementExchange.org
85233871,deadAbandoned,FOR ANY ODOR,"Nov. 07, 2011","For Every Body Wholesale, LLC",,joe.draper@foreverybody.com
85233621,REQUEST_FAILED,,,,,
85233581,REQUEST_FAILED,,,,,
85233739,REQUEST_FAILED,,,,,
85233864,REQUEST_FAILED,,,,,
85233880,REQUEST_FAILED,,,,,
85233940,deadAbandoned,FOOD DUDES DELIVERY,"Nov. 08, 2011","Food Dudes Delivery, LLC",,
85233914,REQUEST_FAILED,,,,,
85233961,deadAbandoned,SPECTRA,"Nov. 10, 2011",TRIDENT LIMITED,,pawanjain@tridentindia.com
85233937,REQUEST_FAILED,,,,,
85234054,deadAbandoned,YEAH BUDDY,"Nov. 14, 2011",TrypMyth Records LLC.,,Trypmythrecords@aol.com
85234205,deadAbandoned,AUGENPHOTOSOL,"Dec. 20, 2011","AUGEN OPTICOS, S.A. DE C.V.",,aparra@augenoptics.com
85234232,REQUEST_FAILED,,,,,
85234237,REQUEST_FAILED,,,,,
85234465,deadAbandoned,UNDETEQTABLE ROOTS,"Dec. 08, 2011","Whiteru, Ufuoma",,undeteqtableroots@gmail.com
85234392,deadAbandoned,TOUCHTONE SOLUTIONS,"Nov. 07, 2011",west coast voice and data llc,,kennytb@gmail.com
85234615,deadAbandoned,KB,"Oct. 26, 2011",Marcel Khorsand,,marcelkhorsand@gmail.com
85234353,REQUEST_FAILED,,,,,
85234364,REQUEST_FAILED,,,,,
85234812,deadAbandoned,MYTIMEPRO,"Jul. 29, 2011","MyTimePro, Inc.",,info@mytimepro.com
85234727,REQUEST_FAILED,,,,,
85234746,REQUEST_FAILED,,,,,
85234936,REQUEST_FAILED,,,,,
85235025,deadAbandoned,JENNA LEIGH PHOTOGRAPHY,"Nov. 06, 2011","Oddo, Jenna Leigh",,oddojl@gmail.com
85235015,REQUEST_FAILED,,,,,
85235036,REQUEST_FAILED,,,,,
85235079,REQUEST_FAILED,,,,,
85235103,REQUEST_FAILED,,,,,
85235147,REQUEST_FAILED,,,,,
85235155,REQUEST_FAILED,,,,,
85235192,REQUEST_FAILED,,,,,
85235266,deadAbandoned,BACHELOR TAPE,"Nov. 29, 2011","Bowles, Jane",,info@revomark.co.uk
85235216,REQUEST_FAILED,,,,,
85235275,deadAbandoned,THE TRIP,"Nov. 29, 2011",the band the trip,,jdogrecords@gmail.com
85235267,deadAbandoned,BACHELORETTE TAPE,"Nov. 29, 2011","Bowles, Jane",,info@revomark.co.uk
85235314,deadAbandoned,RAPIDRXSLIM,"Nov. 08, 2011","Atlantic Health Management, LLC",,atlantichealthmanagement@gmail.com
85235225,REQUEST_FAILED,,,,,
85235236,REQUEST_FAILED,,,,,
85235274,deadAbandoned,CLEARVIEW,"Nov. 29, 2011","Script Care, LTD",,rtill@scriptcare.com
85235530,deadAbandoned,FRUITSNAQ,"Nov. 15, 2011",Oneonta Trading Corporation,,jimb@oneonta.com
85235365,REQUEST_FAILED,,,,,
85235540,REQUEST_FAILED,,,,,
85235581,REQUEST_FAILED,,,,,
85235594,REQUEST_FAILED,,,,,
85235623,REQUEST_FAILED,,,,,
85235936,deadAbandoned,BRUSH MAID,"Nov. 11, 2011",De Silva Nimal Sena,,nimal.desilva@btinternet.com
85235789,REQUEST_FAILED,,,,,
85236097,deadAbandoned,ZAM FEST,"Dec. 23, 2011","Kim, Paul H.",,
85236010,deadAbandoned,MINI ORGANICS MADE IN AUSTRALIA,"Nov. 08, 2011",miniOrganics Pty Ltd,,info@miniorganics.com
85236049,REQUEST_FAILED,,,,,
85236093,REQUEST_FAILED,,,,,
85236107,REQUEST_FAILED,,,,,
85236177,REQUEST_FAILED,,,,,
85236239,REQUEST_FAILED,,,,,
85236376,deadAbandoned,VALIDATED CLOUD,"May 19, 2011",MUSA Technology Partners LLC,,dlantigua@musatechnology.com
85236523,REQUEST_FAILED,,,,,
85236649,deadAbandoned,TUTTO M O T O,"Nov. 16, 2011",Nacar Comercial Impotadora Exportadora Ltda,,gado@nacar.com.br
85236564,REQUEST_FAILED,,,,,
85236797,REQUEST_FAILED,,,,,
85236804,REQUEST_FAILED,,,,,
85237241,deadAbandoned,CELESTIAL SMILE DENTAL PRODUCTS,"Nov. 17, 2011","Olatunji, Gloria O",,gloolat@gmail.com
85237200,deadAbandoned,LOLGAMES,"Nov. 11, 2011",Internet Traffic Solutions,,mcondon@itsmanagement.net
85237169,REQUEST_FAILED,,,,,
85237126,REQUEST_FAILED,,,,,
85237304,deadAbandoned,WORLD SCOOTER GAMES,"Nov. 11, 2011","Rollin, Simon R",,simon@mojoevents.com.au
85237229,REQUEST_FAILED,,,,,
85237314,deadAbandoned,LAS VEGAS ADVENTURE HELICOPTER TOURS,"Nov. 15, 2011",Adventure Air Tours LLC,,gary@adventurehelicoptertours.com
85237270,REQUEST_FAILED,,,,,
85237385,deadAbandoned,YOGO SANO ORGANICI NUTRITI CON ERBA,"Nov. 16, 2011",Master Group LP,,akhorram@yahoo.com
85237393,deadAbandoned,M3 IT MANAGEMENT CONSULTANTS,"Nov. 13, 2011",Iqbal Munawar,,mail@munirbrothers.com
85237417,deadAbandoned,SUR-CUT,"Nov. 14, 2011",AZCO Corporation,,AZCOCORP@hotmail.com
85237419,deadAbandoned,SUR-FEED,"Nov. 11, 2011",AZCO Corporation,,AZCOCORP@hotmail.com
85237430,deadAbandoned,THE GIVING TREE REALTY,"Nov. 18, 2011",Je Taime Inc,,trish@thegivingtreerealty.com
85237372,REQUEST_FAILED,,,,,
85237384,REQUEST_FAILED,,,,,
85237420,REQUEST_FAILED,,,,,
85237438,REQUEST_FAILED,,,,,
85237518,deadAbandoned,WAKEUPSPORTS.COM,"Nov. 14, 2011","Jolin, Richard Thomas",,webmaster@wakeupsports.com
85237714,REQUEST_FAILED,,,,,
85237725,REQUEST_FAILED,,,,,
85237897,deadAbandoned,GREEN FROGBOX,"Nov. 17, 2011",Green FrogBox LLC,,inquiry@greenfrogbox.com
85237864,REQUEST_FAILED,,,,,
85237921,REQUEST_FAILED,,,,,
85238336,deadAbandoned,HIGHLIGHTS MATCH PATCH,"Sep. 20, 2011","HIGHLIGHTS FOR CHILDREN, INC.",,
85238351,deadAbandoned,HIGHLIGHTS SILLY SITUATIONS,"Sep. 20, 2011","Discovery Bay Games, Inc.",,
85238065,REQUEST_FAILED,,,,,
85238361,REQUEST_FAILED,,,,,
85238372,REQUEST_FAILED,,,,,
85238545,deadAbandoned,MAKE ME RECOVER,"Apr. 27, 2011",Make Me Drinks Limited,,sam@formationshouse.com
85238431,REQUEST_FAILED,,,,,
85238563,deadAbandoned,GOLD AND STERLING,"Nov. 21, 2011","Steven Douglas Co., Inc.",,sndco@earthlink.net
85238565,deadAbandoned,MAKE ME DRINKS,"Apr. 27, 2011",Make Me Drinks Limited,,sam@formationshouse.com
85238549,REQUEST_FAILED,,,,,
85238736,REQUEST_FAILED,,,,,
85238914,REQUEST_FAILED,,,,,
85238907,REQUEST_FAILED,,,,,
85238923,REQUEST_FAILED,,,,,
85239281,deadAbandoned,DOT US,"Nov. 22, 2011","Dot Us, LLC",,dan.gish@gmail.com
85239094,REQUEST_FAILED,,,,,
85239101,REQUEST_FAILED,,,,,
85239131,REQUEST_FAILED,,,,,
85239559,deadAbandoned,VISUAL ITSM,"Nov. 17, 2011",SmallCart Systems LLC,,junger@smallcart.com
85239438,REQUEST_FAILED,,,,,
85239446,REQUEST_FAILED,,,,,
85239461,REQUEST_FAILED,,,,,
85239499,REQUEST_FAILED,,,,,
85239724,deadAbandoned,MEDSTAFF ON DEMAND,"Nov. 17, 2011",Kim Herzenach,,ckafi@medstaffondemand.com
85239584,REQUEST_FAILED,,,,,
85239808,deadAbandoned,GHETZ,"Nov. 21, 2011",Ghetz Limited,,joao@ghetz.com
85239619,REQUEST_FAILED,,,,,
85239725,REQUEST_FAILED,,,,,
85239792,REQUEST_FAILED,,,,,
85239975,REQUEST_FAILED,,,,,
85239995,REQUEST_FAILED,,,,,
85240150,deadAbandoned,AVANTI,"Jun. 15, 2011",Trend Group,,trend345@gmail.com
85240595,deadAbandoned,AVATAR LAW GROUP,"Nov. 15, 2011","Pu, Jason Jeremiah",,jason@avatarlawgroup.com
85240326,REQUEST_FAILED,,,,,
85240571,REQUEST_FAILED,,,,,
85240622,REQUEST_FAILED,,,,,
85240636,REQUEST_FAILED,,,,,
85240746,deadAbandoned,PHUCK Q,"Dec. 14, 2011","Atlantic Marketing Solutions, LLC",,atlanticmktgsoln@aol.com
85240773,deadAbandoned,GOP = GUN OWNERSHIP PROTECTS,"Nov. 18, 2011","Atlantic Marketing Solutions, LLC",,atlanticmktgsoln@aol.com
85240734,REQUEST_FAILED,,,,,
85240795,REQUEST_FAILED,,,,,
85240892,deadAbandoned,COLD & FLU SHIELD,"Nov. 25, 2011","Nuance Health, LLC",,jim@nuancehealth.com
85240905,deadAbandoned,PACK A PUNCH,"Nov. 14, 2011","Prebezac, Matthew V",,
85240856,REQUEST_FAILED,,,,,
85240850,REQUEST_FAILED,,,,,
85240940,deadAbandoned,KETTLEBELL JEWELS,"Nov. 22, 2011",Valery Laura Darwich,,missvallina@gmail.com
85240890,REQUEST_FAILED,,,,,
85240942,REQUEST_FAILED,,,,,
85240956,deadAbandoned,SCANDINAVIAN CRUISER,"Nov. 17, 2011","Lorentzen, Nis Peter",,nispeterlorentzen@yahoo.com
85240989,deadAbandoned,ISOCIETY,"Nov. 23, 2011","UltraConcurent, Inc",,carlhewitt@alum.mit.edu
85240960,REQUEST_FAILED,,,,,
85240968,REQUEST_FAILED,,,,,
85241015,REQUEST_FAILED,,,,,
85241017,REQUEST_FAILED,,,,,
85241055,REQUEST_FAILED,,,,,
85241149,REQUEST_FAILED,,,,,
85241356,deadAbandoned,APSD ASSOCIATION OF PROPERTY SCENE DESIGNERS,"Nov. 21, 2011",APSD LLC,,pete@apsdmembers.com
85241511,REQUEST_FAILED,,,,,
85241548,REQUEST_FAILED,,,,,
85241603,REQUEST_FAILED,,,,,
85241749,deadAbandoned,WINE 2.0,"Nov. 08, 2011",THE WINE GROUP LLC,,DIJANA.KRISTO@THEWINEGROUP.COM
85241815,REQUEST_FAILED,,,,,
85241882,deadAbandoned,INDIA CALLING!,"Nov. 22, 2011","Kapilian, Daniel I.",,kapilian@verizon.net
85242058,deadAbandoned,HTC FLYER,"May 05, 2011",HTC Corporation,,kathy.callahan@bracewell.com
85241908,REQUEST_FAILED,,,,,
85242104,deadAbandoned,AMINO TOTALE,"Nov. 25, 2011",Feel Fit Enterprise,,
85242014,REQUEST_FAILED,,,,,
85242099,deadAbandoned,COMPLETZ GOLD,"Nov. 25, 2011",Feel Fit Enterprise,,
85242073,REQUEST_FAILED,,,,,
85242107,REQUEST_FAILED,,,,,
85242108,REQUEST_FAILED,,,,,
85242152,deadAbandoned,DELTA FORCE PAINTBALL,"Nov. 17, 2011","Gass, Duncan",,lesley@paintballing.com.au
85242156,deadAbandoned,INTERNATIONAL PAINTBALL GROUP,"Nov. 17, 2011","Gass, Duncan",,lesley@paintballing.com.au
85242211,REQUEST_FAILED,,,,,
85242399,REQUEST_FAILED,,,,,
85242570,REQUEST_FAILED,,,,,
85242578,REQUEST_FAILED,,,,,
85242677,REQUEST_FAILED,,,,,
85242890,deadAbandoned,None,"Nov. 22, 2011",Sanostec Corp.,,
85242794,REQUEST_FAILED,,,,,
85242801,REQUEST_FAILED,,,,,
85242812,REQUEST_FAILED,,,,,
85243118,deadAbandoned,TUCCIOLIVA,"Nov. 17, 2011",Sociedad Cooperativa Andaluza San Amador,,ramon@romeromiller.com
85242979,REQUEST_FAILED,,,,,
85243037,REQUEST_FAILED,,,,,
85243043,REQUEST_FAILED,,,,,
85243338,deadAbandoned,SEXYBOOTH,"Nov. 19, 2011",Lee Oren Koules,,LeeOrenKoules@gmail.com
85243350,deadAbandoned,NIGHT VISION,"Nov. 25, 2011",charles vlaanderen,,charles.vlaanderen@gmail.com
85243170,REQUEST_FAILED,,,,,
85243342,deadAbandoned,OZ EROTICA,"Nov. 20, 2011",Belinda Barbara Chapple and William Sabin,,admin@bbcmanagement.com
85243370,REQUEST_FAILED,,,,,
85243504,deadAbandoned,S.O.A.P. SOAP OPERA AIDS PROJECT,"Nov. 28, 2011","Dale, Michael",,michaeldale19@gmail.com
85243548,deadAbandoned,DANCEAPP,"Nov. 25, 2011","Centerline Software, Inc.",,Jay@pivotier.com
85243392,REQUEST_FAILED,,,,,
85243661,deadAbandoned,B·O·D·Y ADONAY,"Nov. 28, 2011","Hurtado Reyes, Monica L",,usmarca-body@yahoo.com
85243507,REQUEST_FAILED,,,,,
85243652,REQUEST_FAILED,,,,,
85243721,REQUEST_FAILED,,,,,
85244120,deadAbandoned,FISHING SNAKE,"Nov. 21, 2011",Mark Abernathy,,mark@naturalmotionlures.com
85243895,REQUEST_FAILED,,,,,
85243914,REQUEST_FAILED,,,,,
85244196,REQUEST_FAILED,,,,,
85244299,deadAbandoned,THE LIPSTICK BOX,"Dec. 27, 2011","DeAngelis, Theresa",,theresa@thelipstickbox.com
85244248,REQUEST_FAILED,,,,,
85244390,REQUEST_FAILED,,,,,
85244427,REQUEST_FAILED,,,,,
85244628,deadAbandoned,SIGNATURE,"Nov. 24, 2011",W. Neudorff GmH KG,,horak@bwlh.de
85244443,REQUEST_FAILED,,,,,
85244886,deadAbandoned,FF FLEXCORP,"Nov. 25, 2011","Flexible Corporate Plans, Inc.",,kives@flexcorp.com
85244940,deadAbandoned,ARKELLS,"Nov. 20, 2011",Arkells Music Inc.,,mike.griffin49@gmail.com
85244759,REQUEST_FAILED,,,,,
85244801,REQUEST_FAILED,,,,,
85245004,deadAbandoned,STOP,"Nov. 19, 2011",Phoenix Innovations Limited,,bessle@sky.com
85244952,REQUEST_FAILED,,,,,
85245436,deadAbandoned,SENIOR LIFE,"Nov. 28, 2011",Senior Life Publications,,JHopfenspirger@verizon.net
85245592,deadAbandoned,KLEENORAMA,"Nov. 29, 2011",Kleenorama janitorial and sanitation goods LLC,,elyo@kleenorama.com
85245406,REQUEST_FAILED,,,,,
85245549,REQUEST_FAILED,,,,,
85245554,REQUEST_FAILED,,,,,
85245595,REQUEST_FAILED,,,,,
85245686,REQUEST_FAILED,,,,,
85245855,REQUEST_FAILED,,,,,
85245928,REQUEST_FAILED,,,,,
85246039,REQUEST_FAILED,,,,,
85246199,REQUEST_FAILED,,,,,
85246739,REQUEST_FAILED,,,,,
85246750,REQUEST_FAILED,,,,,
85246795,REQUEST_FAILED,,,,,
85246882,deadAbandoned,YETITOY!,"Nov. 28, 2011",Yama Design Research AND Development LTD,,meir@yama-design.net
85246827,REQUEST_FAILED,,,,,
85246855,REQUEST_FAILED,,,,,
85246900,REQUEST_FAILED,,,,,
85247046,deadAbandoned,RACKET NET,"Nov. 23, 2011",Geralyn Garcia-Park,,patentlawinc@hotmail.com
85246981,REQUEST_FAILED,,,,,
85247005,REQUEST_FAILED,,,,,
85247044,REQUEST_FAILED,,,,,
85247156,REQUEST_FAILED,,,,,
85247384,deadAbandoned,BLUEARC 135M,"Nov. 18, 2011","TECHNIWELD USA, INC.",,
85247294,REQUEST_FAILED,,,,,
85247566,deadAbandoned,ANTI STRSS,"Nov. 26, 2011",Jose Angel Olalde Rangel,,corpgov2004@yahoo.com
85247524,REQUEST_FAILED,,,,,
85247488,REQUEST_FAILED,,,,,
85247734,REQUEST_FAILED,,,,,
85247759,REQUEST_FAILED,,,,,
85247838,REQUEST_FAILED,,,,,
85247867,REQUEST_FAILED,,,,,
85248070,REQUEST_FAILED,,,,,
85248121,REQUEST_FAILED,,,,,
85248490,deadAbandoned,CABLESSON,"May 27, 2011",Knoxed Ltd,,ip@knoxed.com
85248260,REQUEST_FAILED,,,,,
85248531,deadAbandoned,DIBBITT,"Nov. 28, 2011","Dibbitt, Inc.",,
85248379,REQUEST_FAILED,,,,,
85248812,deadAbandoned,LIPOTRIM,"Nov. 28, 2011","Platinum Offers, LLC",,lipotrim2@gmail.com
85248814,deadAbandoned,ANIMAL HERBS,"Oct. 12, 2011","Whole World Botanicals, Inc.",,raj@wwbinc.net
85248605,REQUEST_FAILED,,,,,
85248782,REQUEST_FAILED,,,,,
85248826,REQUEST_FAILED,,,,,
85248854,REQUEST_FAILED,,,,,
85249061,deadAbandoned,None,"Nov. 22, 2011","Seeberger, Dean",,deansracer@aol.com
85249070,deadAbandoned,SOCIAL MINING,"Nov. 27, 2011","Shah, Atique",,atique@inzichtconsulting.com
85249137,REQUEST_FAILED,,,,,
85249075,REQUEST_FAILED,,,,,
85249423,deadAbandoned,SHREDKIOSK,"Nov. 28, 2011","The Shred Stop, LLC",,stephen@theshredstop.com
85249279,REQUEST_FAILED,,,,,
85249287,REQUEST_FAILED,,,,,
85249311,REQUEST_FAILED,,,,,
85249565,deadAbandoned,64 PLUS,"Dec. 01, 2011","Hall, Quentin S",,kfprez@yahoo.com
85249473,REQUEST_FAILED,,,,,
85249566,REQUEST_FAILED,,,,,
85249659,REQUEST_FAILED,,,,,
85249883,REQUEST_FAILED,,,,,
85249931,REQUEST_FAILED,,,,,
85250020,REQUEST_FAILED,,,,,
85250053,REQUEST_FAILED,,,,,
85250120,REQUEST_FAILED,,,,,
85250288,deadAbandoned,DIBBITT,"Nov. 28, 2011","Dibbitt, Inc.",,
85250132,REQUEST_FAILED,,,,,
85250156,REQUEST_FAILED,,,,,
85250287,REQUEST_FAILED,,,,,
85250328,REQUEST_FAILED,,,,,
85250563,deadAbandoned,CFE,"Dec. 01, 2011","Childbirth and Postpartum Professional Association, Inc.",,tracy@cappa.net
85250509,REQUEST_FAILED,,,,,
85250566,REQUEST_FAILED,,,,,
85251066,deadAbandoned,"""WE WORK FOR YOU!""","Dec. 05, 2011",Benchmark Federal Credit Union,,mcphillipsr@benchmarkfcu.net
85250790,REQUEST_FAILED,,,,,
85250994,REQUEST_FAILED,,,,,
85251053,REQUEST_FAILED,,,,,
85251253,deadAbandoned,MANZONI,"Nov. 27, 2011",Ashish Karnani,,
85251216,REQUEST_FAILED,,,,,
85251277,REQUEST_FAILED,,,,,
85251379,REQUEST_FAILED,,,,,
85251375,REQUEST_FAILED,,,,,
85251428,REQUEST_FAILED,,,,,
85251901,deadAbandoned,COPPER TOP VINEYARDS,"Oct. 07, 2011","The Executive Arena, Inc.",,brad@executivearena.com
85251913,deadAbandoned,24 OCTANE,"Dec. 02, 2011","The Executive Arena, Inc.",,brad@executivearena.com
85251921,deadAbandoned,TENURE VINEYARDS,"Nov. 29, 2011","The Executive Arena, Inc.",,brad@executivearena.com
85251673,REQUEST_FAILED,,,,,
85251811,REQUEST_FAILED,,,,,
85251911,REQUEST_FAILED,,,,,
85251933,REQUEST_FAILED,,,,,
85252091,REQUEST_FAILED,,,,,
85252241,deadAbandoned,MINI TOY CARRIER,"Dec. 02, 2011","Dumont, Jason",,jkdumon@attglobal.net
85252184,REQUEST_FAILED,,,,,
85252268,REQUEST_FAILED,,,,,
85252464,REQUEST_FAILED,,,,,
85252468,REQUEST_FAILED,,,,,
85252494,REQUEST_FAILED,,,,,
85252571,deadAbandoned,GREAT WHITE,"Dec. 06, 2011","Holmes, David L",,dlcholmes@gmail.com
85252555,REQUEST_FAILED,,,,,
85252601,REQUEST_FAILED,,,,,
85252613,REQUEST_FAILED,,,,,
85252624,REQUEST_FAILED,,,,,
85252631,REQUEST_FAILED,,,,,
85252641,REQUEST_FAILED,,,,,
85252680,REQUEST_FAILED,,,,,
85252673,REQUEST_FAILED,,,,,
85252686,REQUEST_FAILED,,,,,
85252734,REQUEST_FAILED,,,,,
85252804,deadAbandoned,VIDEOPUZZLE,"Dec. 01, 2011","IDEATECA FACTORY, S.A.U.",,info@iurismatica.com
85252753,REQUEST_FAILED,,,,,
85252812,REQUEST_FAILED,,,,,
85252909,deadAbandoned,LILA RAIN,"Dec. 13, 2011",Sipperior Holdings,,jgestwicki@hotmail.com
85252910,REQUEST_FAILED,,,,,
85252902,REQUEST_FAILED,,,,,
85252966,deadAbandoned,MERLINITE,"Dec. 28, 2011","Isaac, Robert",,
85253015,deadAbandoned,RENOVO,"Jun. 02, 2011",Mixaroma Inc.,,jr@emxinc.com
85253122,deadAbandoned,DHERBS.COM,"Nov. 30, 2011","Akbar, Jabir Abdul",,
85253215,deadAbandoned,LOSS MITIGATION AND VALUE RETENTION,"Dec. 09, 2011","Value Shield of America, LLC",,mhammock@bellsouth.net
85253418,deadAbandoned,MOBILETIME,"Dec. 03, 2011","Christensen Computer Company, Inc.",,schristensen@cccsoft.com
85253238,REQUEST_FAILED,,,,,
85253519,deadAbandoned,BCAAWATER,"Nov. 25, 2011",Feel Fit Enterprise,,
85253393,REQUEST_FAILED,,,,,
85253435,REQUEST_FAILED,,,,,
85253738,deadAbandoned,MTWEEV,"Dec. 12, 2011","berrizbeitia, manuel",,caroruiz80@hotmail.com
85253567,REQUEST_FAILED,,,,,
85253617,REQUEST_FAILED,,,,,
85253782,REQUEST_FAILED,,,,,
85253837,REQUEST_FAILED,,,,,
85253840,REQUEST_FAILED,,,,,
85253948,REQUEST_FAILED,,,,,
85254070,REQUEST_FAILED,,,,,
85254071,REQUEST_FAILED,,,,,
85254094,REQUEST_FAILED,,,,,
85254330,deadAbandoned,FREE RESTAURANT GIFT CERTIFICATES NO CREDIT CARD NEEDED,"Dec. 09, 2011","Healy, Mario",,mariohealy@infoscroll.com
85254399,deadAbandoned,MOSOCO,"Dec. 06, 2011",MoSoCo,,
85254367,REQUEST_FAILED,,,,,
85254338,REQUEST_FAILED,,,,,
85254461,deadAbandoned,14KGVDG,"Dec. 09, 2011",Shavonne Corporation,,webmaster@shavonne.com
85254432,REQUEST_FAILED,,,,,
85254453,REQUEST_FAILED,,,,,
85254805,deadAbandoned,BEHAVIORAL ONBOARDING,"Dec. 10, 2011","PeopleAnswers, Inc.",,gab@peopleanswers.com
85254683,REQUEST_FAILED,,,,,
85254757,REQUEST_FAILED,,,,,
85254848,REQUEST_FAILED,,,,,
85254938,REQUEST_FAILED,,,,,
85254969,REQUEST_FAILED,,,,,
85254986,REQUEST_FAILED,,,,,
85255121,REQUEST_FAILED,,,,,
85255171,REQUEST_FAILED,,,,,
85255184,REQUEST_FAILED,,,,,
85255223,deadAbandoned,SUPERFRUIT,"Dec. 02, 2011",SOUTHERN SUN TEAS (PRIVATE) LIMITED,,chamath@southernsunteas.com
85255189,REQUEST_FAILED,,,,,
85255237,deadAbandoned,LAWNMOWER LOCKER,"Dec. 07, 2011","Childs, Ronald James",,dreammaka210@sbcglobal.net
85255471,deadAbandoned,ONE CLICK RENDERING,"Dec. 03, 2011",MENTAL IMAGES GMBH,,
85255482,deadAbandoned,WEST COAST WEAVES,"Dec. 08, 2011","West Coast Weaves, LLC",,rita@westcoastweaves.com
85255247,REQUEST_FAILED,,,,,
85255256,REQUEST_FAILED,,,,,
85255450,REQUEST_FAILED,,,,,
85255477,REQUEST_FAILED,,,,,
85255586,REQUEST_FAILED,,,,,
85255843,REQUEST_FAILED,,,,,
85256125,deadAbandoned,WEBMATION,"Dec. 12, 2011","Sandhoo, Hersh",,hersh.sandhoo@webmation.com
85256219,REQUEST_FAILED,,,,,
85256242,REQUEST_FAILED,,,,,
85256322,REQUEST_FAILED,,,,,
85256359,deadAbandoned,SOJAH,"Dec. 09, 2011","Christie, Magnus",,
85256363,REQUEST_FAILED,,,,,
85256369,REQUEST_FAILED,,,,,
85256372,REQUEST_FAILED,,,,,
85256431,deadAbandoned,123RECIPES,"Dec. 12, 2011",Sheethal Mathews,,sheethal@123recipes.com
85256442,deadAbandoned,GOJI AMERICA,"Dec. 13, 2011","Fuller, Allen",,fullerallen@nctc.com
85256385,REQUEST_FAILED,,,,,
85256718,deadAbandoned,HARVEST SOL,"Dec. 09, 2011","ANGR Holdings, LLC",,
85256425,REQUEST_FAILED,,,,,
85256663,REQUEST_FAILED,,,,,
85256728,deadAbandoned,SPICE COAST,"Dec. 13, 2011","ANGR Holdings, LLC",,
85256682,REQUEST_FAILED,,,,,
85256707,REQUEST_FAILED,,,,,
85256736,REQUEST_FAILED,,,,,
85256791,REQUEST_FAILED,,,,,
85256984,deadAbandoned,PEEPER,"Dec. 13, 2011",PeepStar LLC,,
85256898,REQUEST_FAILED,,,,,
85257085,REQUEST_FAILED,,,,,
85257423,deadAbandoned,ICONIC BOUTIQUE,"Dec. 08, 2011",Jones Antwan D,,iconicboutique@hotmail.com
85257462,deadAbandoned,INTERNATIONAL MEN,"Dec. 07, 2011",VAULT ENTERTAINMENT LLC,,VAULTENTERTAINMENT@MAIL.COM
85257386,REQUEST_FAILED,,,,,
85257476,REQUEST_FAILED,,,,,
85257505,REQUEST_FAILED,,,,,
85257562,REQUEST_FAILED,,,,,
85257632,deadAbandoned,VEGEMIL,"Dec. 12, 2011","Jo, Sun Cheol",,kshim88@gmail.com
85257697,deadAbandoned,FIBERUP,"Dec. 07, 2011",Healthy Life Nutraceutics Inc,,ravip@espeeusa.com
85257613,REQUEST_FAILED,,,,,
85257655,REQUEST_FAILED,,,,,
85257658,REQUEST_FAILED,,,,,
85257752,deadAbandoned,HYBRID ANNUITY,"Dec. 15, 2011",Steven J Stern,,craig@senioradvisorygroup.com
85257859,REQUEST_FAILED,,,,,
85258223,deadAbandoned,STICKI TAG,"Dec. 19, 2011","Purtein, LLC",,david.park@purtein.com
85258091,REQUEST_FAILED,,,,,
85258165,REQUEST_FAILED,,,,,
85258159,REQUEST_FAILED,,,,,
85258371,deadAbandoned,SHRED RESISTANT,"Dec. 06, 2011","Perez, Ralph",,
85258295,REQUEST_FAILED,,,,,
85258333,REQUEST_FAILED,,,,,
85258581,REQUEST_FAILED,,,,,
85258693,REQUEST_FAILED,,,,,
85258700,REQUEST_FAILED,,,,,
85258862,REQUEST_FAILED,,,,,
85258883,REQUEST_FAILED,,,,,
85258879,REQUEST_FAILED,,,,,
85258919,REQUEST_FAILED,,,,,
85258925,REQUEST_FAILED,,,,,
85258920,REQUEST_FAILED,,,,,
85258922,REQUEST_FAILED,,,,,
85258948,REQUEST_FAILED,,,,,
85259013,REQUEST_FAILED,,,,,
85259034,REQUEST_FAILED,,,,,
85259043,REQUEST_FAILED,,,,,
85259075,REQUEST_FAILED,,,,,
85259119,REQUEST_FAILED,,,,,
85259187,deadAbandoned,TIGER BLOOD,"Dec. 15, 2011",CREBIT LLC,,
85259176,REQUEST_FAILED,,,,,
85259310,deadAbandoned,BIMBO NATION,"Dec. 01, 2011","Greenwood, Ashley",,
85259323,REQUEST_FAILED,,,,,
85259570,deadAbandoned,CHINATV,"Dec. 14, 2011",Social Security Inc.,,jcbroker@hotmail.com
85259358,REQUEST_FAILED,,,,,
85259511,REQUEST_FAILED,,,,,
85259647,REQUEST_FAILED,,,,,
85259716,REQUEST_FAILED,,,,,
85259971,deadAbandoned,TITE,"Dec. 13, 2011",Wilkinson Michael,,michael@tite-range.co.uk
85259867,REQUEST_FAILED,,,,,
85259863,REQUEST_FAILED,,,,,
85259902,REQUEST_FAILED,,,,,
85260241,deadAbandoned,PAIN-NCS,"Dec. 14, 2011",Paindx Inc,,jimhedgecock@gmail.com
85260061,REQUEST_FAILED,,,,,
85260356,deadAbandoned,AZUL,"Dec. 08, 2011","Stough, Mitchell W",,ms@famou5.com
85260259,REQUEST_FAILED,,,,,
85260290,REQUEST_FAILED,,,,,
85260425,deadAbandoned,GPAY,"Dec. 09, 2011","GPal, Inc",,ben.cannon@gpal.net
85260713,deadAbandoned,BODYKLEANSE SYSTEM,"Dec. 09, 2011",Global Quality Health Inc.,,jeremy@globalqualityhealth.com
85260416,REQUEST_FAILED,,,,,
85260422,REQUEST_FAILED,,,,,
85260724,REQUEST_FAILED,,,,,
85260773,REQUEST_FAILED,,,,,
85260813,REQUEST_FAILED,,,,,
85261119,REQUEST_FAILED,,,,,
85261334,deadAbandoned,WINNING,"Jun. 21, 2011",Thomas J. FitzGerald,,tjfbrands@gmail.com
85261338,REQUEST_FAILED,,,,,
85261348,REQUEST_FAILED,,,,,
85261568,deadAbandoned,ONESUCH,"Dec. 16, 2011","Wlazly, Steven, M.",,stevenwlazly@gmail.com
85261611,deadAbandoned,TAX G,"Dec. 13, 2011",Fisher T Jahaad,,respect_taxg@yahoo.com
85261574,REQUEST_FAILED,,,,,
85261623,REQUEST_FAILED,,,,,
85261639,REQUEST_FAILED,,,,,
85261841,REQUEST_FAILED,,,,,
85261772,REQUEST_FAILED,,,,,
85261860,REQUEST_FAILED,,,,,
85261949,REQUEST_FAILED,,,,,
85261977,REQUEST_FAILED,,,,,
85262019,REQUEST_FAILED,,,,,
85262059,REQUEST_FAILED,,,,,
85262078,REQUEST_FAILED,,,,,
85262085,REQUEST_FAILED,,,,,
85262188,REQUEST_FAILED,,,,,
85262663,REQUEST_FAILED,,,,,
85262689,REQUEST_FAILED,,,,,
85262714,REQUEST_FAILED,,,,,
85262751,REQUEST_FAILED,,,,,
85262816,REQUEST_FAILED,,,,,
85262912,deadAbandoned,WATERWISE CONTROLLERS,"Dec. 15, 2011",Caterra Pty Ltd,,cameron@caterra.com.au
85262921,deadAbandoned,PETROSTAR GLOBAL,"May 23, 2011","Ramanujam, Balaji",,balaji@petrostarglobal.com
85262900,REQUEST_FAILED,,,,,
85262895,REQUEST_FAILED,,,,,
85262970,REQUEST_FAILED,,,,,
85263035,REQUEST_FAILED,,,,,
85263217,REQUEST_FAILED,,,,,
85263262,REQUEST_FAILED,,,,,
85263333,REQUEST_FAILED,,,,,
85263621,deadAbandoned,LOS GUAJOLOTES,"Dec. 20, 2011","LOS GUAJOLOTES, S.A. DE C.V.",,cthomae@jcva.com.mx
85263531,deadAbandoned,SOLAR STONE,"Dec. 05, 2011","Gauthier, Bryan J.",,bryan@betterpaths.com
85263424,REQUEST_FAILED,,,,,
85263618,REQUEST_FAILED,,,,,
85263796,deadAbandoned,INTENSE SOLAR & LED,"Nov. 04, 2011",Cambrige Overseas Development Inc.,,babby.chao@tofasco.com
85263778,REQUEST_FAILED,,,,,
85263986,REQUEST_FAILED,,,,,
85264077,deadAbandoned,CADDYBASH,"Dec. 14, 2011",Creative Distractions LLC,,dergopllc@yahoo.com
85264032,REQUEST_FAILED,,,,,
85264050,REQUEST_FAILED,,,,,
85264357,deadAbandoned,STATTXT,"Dec. 13, 2011","Benjamin, Zaheer C",,zaheer@stattxt.com
85264086,REQUEST_FAILED,,,,,
85264429,deadAbandoned,SMARTADVERTISING,"Dec. 20, 2011","VectorTech, Inc.",,
85264127,REQUEST_FAILED,,,,,
85264375,REQUEST_FAILED,,,,,
85264384,REQUEST_FAILED,,,,,
85264615,REQUEST_FAILED,,,,,
85264679,REQUEST_FAILED,,,,,
85265025,deadAbandoned,CLEANTEX COMMERCIAL CLEANING,"Dec. 12, 2011",Cleantex Commercial Cleaning,,customerservice@cleantexusa.com
85264794,REQUEST_FAILED,,,,,
85265016,REQUEST_FAILED,,,,,
85265031,REQUEST_FAILED,,,,,
85265116,REQUEST_FAILED,,,,,
85265288,REQUEST_FAILED,,,,,
85265372,REQUEST_FAILED,,,,,
85265373,REQUEST_FAILED,,,,,
85265385,REQUEST_FAILED,,,,,
85265413,REQUEST_FAILED,,,,,
85265477,deadAbandoned,FENPHEDRINE,"Dec. 14, 2011","E Nutrition Research, LLC",,
85265426,REQUEST_FAILED,,,,,
85265487,deadAbandoned,ACNEPRIL,"Dec. 19, 2011","E Nutrition Research, LLC",,
85265450,REQUEST_FAILED,,,,,
85265473,REQUEST_FAILED,,,,,
85265516,deadAbandoned,INTELL(I),"Dec. 21, 2011",S3Tel,,ps@s3tel.com
85265481,REQUEST_FAILED,,,,,
85265539,REQUEST_FAILED,,,,,
85265564,REQUEST_FAILED,,,,,
85265661,REQUEST_FAILED,,,,,
85265750,REQUEST_FAILED,,,,,
85265813,REQUEST_FAILED,,,,,
85265825,REQUEST_FAILED,,,,,
85265926,REQUEST_FAILED,,,,,
85266093,deadAbandoned,TWINKIE,"Oct. 31, 2011",THE WINE GROUP LLC,,DIJANA.KRISTO@THEWINEGROUP.COM
85266068,deadAbandoned,QUICKBROWSE,"Dec. 16, 2011","My Fashion Database, Inc.",,rflanagan@myfdb.com
85265957,REQUEST_FAILED,,,,,
85266129,deadAbandoned,TWINKY,"Oct. 31, 2011",THE WINE GROUP LLC,,DIJANA.KRISTO@THEWINEGROUP.COM
85266270,deadAbandoned,LAS PATRONAS,"Dec. 17, 2011",Promesa Distributors,,ssaul@promesapdi.com
85266267,deadAbandoned,SALUD LATINA,"Dec. 21, 2011",Whole World Botanicals,,raj@wwbinc.net
85266095,REQUEST_FAILED,,,,,
85266443,deadAbandoned,ROYAL PERUVIAN HERBS,"Dec. 21, 2011",Whole World Botanicals,,raj@wwbinc.net
85266273,REQUEST_FAILED,,,,,
85266535,deadAbandoned,SUBCRIME SUBPRIME,"Dec. 15, 2011",Beard and Luu production llc,,
85266478,REQUEST_FAILED,,,,,
85266649,deadAbandoned,BREWTOPIA,"Dec. 23, 2011",Chris Sormalis,,
85266658,deadAbandoned,ICLOUDFUSION,"Dec. 14, 2011",H4Y Technologies LLC,,askus@host4yourself.com
85266611,REQUEST_FAILED,,,,,
85266451,REQUEST_FAILED,,,,,
85266662,REQUEST_FAILED,,,,,
85266838,REQUEST_FAILED,,,,,
85266982,deadAbandoned,FULCRUM RISK,"Dec. 15, 2011",William Donald Diones,,w@diones.com
85266872,REQUEST_FAILED,,,,,
85266875,REQUEST_FAILED,,,,,
85266884,REQUEST_FAILED,,,,,
85267070,REQUEST_FAILED,,,,,
85267136,REQUEST_FAILED,,,,,
85267210,REQUEST_FAILED,,,,,
85267360,deadAbandoned,ALIOLI,"Dec. 21, 2011",Talisman Management Corp.,,mike@aliolitogo.com
85267465,deadAbandoned,GOTEK8,"Dec. 21, 2011","Global Security Tracking, Inc.",,info@globalsecuritytracking.com
85267576,deadAbandoned,QUAZAL,"Dec. 19, 2011",Technologies Quazal Inc.,,
85267449,REQUEST_FAILED,,,,,
85267453,REQUEST_FAILED,,,,,
85267567,REQUEST_FAILED,,,,,
85267747,deadAbandoned,FREEDOM RESORTS,"Dec. 15, 2011","Freedom Resorts, Incorporated",,dresden@freedomresorts.com
85267613,REQUEST_FAILED,,,,,
85267733,REQUEST_FAILED,,,,,
85267807,REQUEST_FAILED,,,,,
85267854,REQUEST_FAILED,,,,,
85267962,REQUEST_FAILED,,,,,
85268031,deadAbandoned,TICKETSMART,"Dec. 21, 2011","TicketSMART, LLC",,ticketsmart@hotmail.com
85268012,deadAbandoned,CA'VA,"Dec. 20, 2011",PARFUMS PARFAITS LLC,,M.ALASSAAD@YAHOO.COM
85267971,REQUEST_FAILED,,,,,
85268080,deadAbandoned,MYINFOQ,"Dec. 21, 2011",Infini Pty Ltd,,paul.voulas@myinfoq.com
85268018,REQUEST_FAILED,,,,,
85268326,deadAbandoned,HAVE A LOGICAL DAY.,"Dec. 23, 2011",Cathleen Wagner,,cathybwagner@verizon.net
85268207,REQUEST_FAILED,,,,,
85268243,REQUEST_FAILED,,,,,
85268518,deadAbandoned,BUILT FOR THE RIGORS OF THE ROAD ROAD READY WWW.ROADREADYCASES.COM CASES · RACKS · STANDS,"Dec. 23, 2011","Taishan Hualei Audio Technology Co., Ltd.",,cvym@hotmail.com
85268576,deadAbandoned,FOURMI,"Dec. 19, 2011",Distribution de Produits Innovants SL,,philippe.rocquet@disprodin.com
85268371,REQUEST_FAILED,,,,,
85268374,REQUEST_FAILED,,,,,
85268772,deadAbandoned,O3,"Dec. 17, 2011","Halmen, LLC",,info@halmenllc.com
85268803,REQUEST_FAILED,,,,,
85268847,REQUEST_FAILED,,,,,
85268944,REQUEST_FAILED,,,,,
85269008,REQUEST_FAILED,,,,,
85269101,REQUEST_FAILED,,,,,
85269243,deadAbandoned,MY MONEY CAR,"Dec. 20, 2011",Whetstone Partners LLC,,rob@mymoneycar.com
85269108,REQUEST_FAILED,,,,,
85269158,deadAbandoned,"FALCON CONSTRUCTION, LLC NATIONAL RETAIL GENERAL CONTRACTOR","Dec. 21, 2011",Falcon Construction LLC,,
85269197,deadAbandoned,ZMOLLO,"Dec. 23, 2011",Kolesnikov Oleksandr A,,a@zmollo.com
85269275,REQUEST_FAILED,,,,,
85269368,REQUEST_FAILED,,,,,
85269422,REQUEST_FAILED,,,,,
85269451,REQUEST_FAILED,,,,,
85269613,REQUEST_FAILED,,,,,
85269642,REQUEST_FAILED,,,,,
85269730,REQUEST_FAILED,,,,,
85269752,REQUEST_FAILED,,,,,
85270122,REQUEST_FAILED,,,,,
85270143,REQUEST_FAILED,,,,,
85270165,REQUEST_FAILED,,,,,
85270200,REQUEST_FAILED,,,,,
85270243,REQUEST_FAILED,,,,,
85270280,deadAbandoned,ICON ST,"Nov. 18, 2011",Ainsworth Game Technology Limited,,Matthew.Loon@ainsworth.com.au
85270256,REQUEST_FAILED,,,,,
85270279,REQUEST_FAILED,,,,,
85270285,REQUEST_FAILED,,,,,
85270586,REQUEST_FAILED,,,,,
85270659,REQUEST_FAILED,,,,,
85270710,REQUEST_FAILED,,,,,
85271054,deadAbandoned,COOL KITTY,"Dec. 19, 2011","David, Maryanne",,
85271076,deadAbandoned,P PICRICOL PIZARRONES CRISTAL & COLORS S.A. DE C.V.,"Dec. 26, 2011","SOLIS,ARTURO",,picricol@hotmail.com
85270908,REQUEST_FAILED,,,,,
85270910,REQUEST_FAILED,,,,,
85271031,REQUEST_FAILED,,,,,
85271206,deadAbandoned,CALIENTE BY DAVE GARDUÑO,"Dec. 21, 2011","Caliente Foods, Ltd. Co.",,
85271238,REQUEST_FAILED,,,,,
85271383,REQUEST_FAILED,,,,,
85271426,REQUEST_FAILED,,,,,
85271492,REQUEST_FAILED,,,,,
85271552,REQUEST_FAILED,,,,,
85271663,deadAbandoned,"PANGAEA PROPERTY, LLC","Dec. 21, 2011","Pangaea Property, LLC",,polakjodi@gmail.com
85271639,REQUEST_FAILED,,,,,
85271637,REQUEST_FAILED,,,,,
85271763,REQUEST_FAILED,,,,,
85271786,REQUEST_FAILED,,,,,
85271850,REQUEST_FAILED,,,,,
85272031,REQUEST_FAILED,,,,,
85272196,deadAbandoned,SPEARREPORT.COM,"Dec. 22, 2011","Individual Investor, Inc.",,gregoryspear@yahoo.com
85272139,REQUEST_FAILED,,,,,
85272217,REQUEST_FAILED,,,,,
85272293,deadAbandoned,FANTASTIC SMILES,"Dec. 20, 2011","Dispensa, Matt M",,matt.dispensa@solarbrightusa.com
85272773,deadAbandoned,SHITESHIRTS,"Dec. 22, 2011",ShiteWear LLC,,matt@shiteshirts.com
85272872,deadAbandoned,SUNION,"Dec. 27, 2011","Harvey, Tanner J",,sunionclothing@gmail.com
85272818,REQUEST_FAILED,,,,,
85272822,REQUEST_FAILED,,,,,
85272829,REQUEST_FAILED,,,,,
85272868,REQUEST_FAILED,,,,,
85272958,deadAbandoned,NEUROCRIT,"Dec. 22, 2011",K & R Consultants,,
85273077,deadAbandoned,MALAYSIA FOOD TRAVEL ART,"Dec. 21, 2011",Bongkose Adina Ahjina,,malaysiafoodtravelart@gmail.com
85272946,REQUEST_FAILED,,,,,
85272956,REQUEST_FAILED,,,,,
85273325,REQUEST_FAILED,,,,,
85273586,deadAbandoned,READ SUCCEED READ · ENHANCE · ASPIRE · DEVELOP · SUCCEED,"Dec. 29, 2011",TWO TSANG,,twotsang@att.net
85273420,REQUEST_FAILED,,,,,
85273387,REQUEST_FAILED,,,,,
85273768,REQUEST_FAILED,,,,,
85273882,REQUEST_FAILED,,,,,
85273897,REQUEST_FAILED,,,,,
85273973,deadAbandoned,NJ SMOKES,"Dec. 29, 2011",Kentash,,support@njsmokes.com
85273948,deadAbandoned,BOTTLE COUTURE,"Dec. 23, 2011","Juliet & Romeo Creations, LLC",,raul@mybottlecouture.com
85274016,deadAbandoned,ULCR URBAN LEGENDS INC. ULCR XVIIXIX BY AMUN URBAN LEGENDS,"Dec. 29, 2011",ULCR,,zelotes@hotmail.com
85273961,REQUEST_FAILED,,,,,
85274117,deadAbandoned,ASSURANCE PLUS DENTURE,"Dec. 27, 2011","MILLS, HERBERT",,
85273994,REQUEST_FAILED,,,,,
85273989,REQUEST_FAILED,,,,,
85274248,deadAbandoned,HARMONY ROAD,"Dec. 24, 2011","Keyser, Jeanette",,harmony_road@msn.com
85274324,deadAbandoned,CHINATV,"Dec. 14, 2011","Social Security, Inc.",,jcbroker@hotmail.com
85274076,REQUEST_FAILED,,,,,
85274367,REQUEST_FAILED,,,,,
85274340,REQUEST_FAILED,,,,,
85274672,REQUEST_FAILED,,,,,
85274782,REQUEST_FAILED,,,,,
85274964,deadAbandoned,GONDOLA MOVING FOURMI,"Dec. 19, 2011",Distribution de Produits Innovants SL,,philippe.rocquet@disprodin.com
85274828,REQUEST_FAILED,,,,,
85274937,REQUEST_FAILED,,,,,
85275253,deadAbandoned,YOU ARE NON F'N FACTOR BITCH,"Dec. 30, 2011","Lozada, Evelyn",,
85275112,REQUEST_FAILED,,,,,
85275442,deadAbandoned,HOME DEPOT PRO REWARDS,"Dec. 26, 2011","Homer TLC., Inc",,Trade_Marks@homedepot.com
85275391,REQUEST_FAILED,,,,,
85275332,REQUEST_FAILED,,,,,
85275484,REQUEST_FAILED,,,,,
85275658,REQUEST_FAILED,,,,,
85275802,REQUEST_FAILED,,,,,
85276243,deadAbandoned,BNB FINANCIAL,"Dec. 24, 2011","Bellamah, Neuhauser, & Barrett Inc.",,ab@bnbinc.com
85276159,deadAbandoned,NATUROLIO,"Dec. 22, 2011","Uriza Monroy, Miriam Cristina",,gerardogsu@gmail.com
85275938,REQUEST_FAILED,,,,,
85276072,REQUEST_FAILED,,,,,
85276498,deadAbandoned,JACKALS,"Dec. 28, 2011",Anders Inno Ltd,,tomi.alapaattikoski@andersinno.fi
85276495,deadAbandoned,JACKALS,"Dec. 28, 2011",Anders Inno Ltd,,tomi.alapaattikoski@andersinno.fi
85276435,REQUEST_FAILED,,,,,
85276511,REQUEST_FAILED,,,,,
85276607,deadAbandoned,MEDTECH SURGICAL,"Dec. 26, 2011",MEDTECH SAS,,b.nahum@medtechsurgical.com
85276547,REQUEST_FAILED,,,,,
85276839,REQUEST_FAILED,,,,,
85276911,REQUEST_FAILED,,,,,
85276950,REQUEST_FAILED,,,,,
85277550,deadAbandoned,WEEDS,"Dec. 24, 2011",Driving Life LLC,,drinkyourgreen@gmail.com
85277690,deadAbandoned,HOLISTIC LIVING,"Dec. 23, 2011",Tina marie Jones,,tinamarieworld@gmail.com
85277052,REQUEST_FAILED,,,,,
85277589,deadAbandoned,WHAT,"Dec. 23, 2011",Pete McLaughlin,,marc.liban@gmail.com
85277719,deadAbandoned,NAV7,"Dec. 26, 2011",Digital Kiosk Solutions LLC,,matthew@netbooknavigator.com
85277659,REQUEST_FAILED,,,,,
85277744,deadAbandoned,20 QUESTIONS,"Dec. 24, 2011","Southern, Alex",,alex.c.southern@gmail.com
85277754,REQUEST_FAILED,,,,,
85277784,REQUEST_FAILED,,,,,
85277859,REQUEST_FAILED,,,,,
85277988,deadAbandoned,PLANOMART,"Oct. 11, 2011","Wolvert, Terry D",,
85277935,REQUEST_FAILED,,,,,
85278016,REQUEST_FAILED,,,,,
85278017,REQUEST_FAILED,,,,,
85278262,REQUEST_FAILED,,,,,
85278455,REQUEST_FAILED,,,,,
85278709,deadAbandoned,GO PAVERS,"Jul. 22, 2011","Perets, Goshen",,info@gopavers.com
85278725,deadAbandoned,TALULLA BEAUTY,"Dec. 31, 2011","premier beauty, llc",,bobstunkel@gmail.com
85278572,REQUEST_FAILED,,,,,
85278615,REQUEST_FAILED,,,,,
85278768,REQUEST_FAILED,,,,,
85278849,REQUEST_FAILED,,,,,
85278933,REQUEST_FAILED,,,,,
85279076,REQUEST_FAILED,,,,,
85279133,REQUEST_FAILED,,,,,
85279258,deadAbandoned,BAREFOOT CONTESSA,"Aug. 27, 2011","Estheticians Garden, LLC",,contact@terradolcesoap.com
85279163,REQUEST_FAILED,,,,,
85279281,deadAbandoned,DD DIG DEEP,"Dec. 30, 2011","Lujan, Joe Steve",,lujans22@yahoo.com
85279384,REQUEST_FAILED,,,,,
85279522,REQUEST_FAILED,,,,,
85279645,REQUEST_FAILED,,,,,
85280187,deadAbandoned,RED VELVET,"Dec. 08, 2011",THE WINE GROUP LLC,,DIJANA.KRISTO@THEWINEGROUP.COM
85280153,REQUEST_FAILED,,,,,
85280164,REQUEST_FAILED,,,,,
85280192,REQUEST_FAILED,,,,,
85280532,deadAbandoned,CLUE ME IN,"Dec. 26, 2011",Game Development Group Inc.,,ptortora@gdg-games.com
85280438,REQUEST_FAILED,,,,,
85280584,REQUEST_FAILED,,,,,
85280665,deadAbandoned,PEARMAIN,"Dec. 27, 2011","Zhejiang Pearmain Electronics Co., Ltd",,overseas4@zjpe.net
85280695,deadAbandoned,TYKE FALCÓN,"Dec. 30, 2011","Falcon, Joseph J.",,jfalcon@live.kvctc.edu
85280663,REQUEST_FAILED,,,,,
85280967,deadAbandoned,MENTAL BUTTON,"Dec. 01, 2011",MENTAL IMAGES GMBH,,
85281107,REQUEST_FAILED,,,,,
85281348,deadAbandoned,None,"Apr. 13, 2011","All Resort Coach, Inc.",,
85281414,REQUEST_FAILED,,,,,
85281607,deadAbandoned,SEATTLE BEST LIMO,"Dec. 27, 2011",Artem Drabchuk,,info@seattlebestlimo.com
85281483,REQUEST_FAILED,,,,,
85281535,REQUEST_FAILED,,,,,
85281581,REQUEST_FAILED,,,,,
85281733,REQUEST_FAILED,,,,,
85281760,REQUEST_FAILED,,,,,
85281773,REQUEST_FAILED,,,,,
85281833,REQUEST_FAILED,,,,,
85282118,REQUEST_FAILED,,,,,
85282218,REQUEST_FAILED,,,,,
85282437,REQUEST_FAILED,,,,,
85282559,REQUEST_FAILED,,,,,
85282865,REQUEST_FAILED,,,,,
85282931,REQUEST_FAILED,,,,,
85283196,deadAbandoned,POCKET PIXIES,"Dec. 16, 2011",Right Promotions Pty Ltd,,
85282970,REQUEST_FAILED,,,,,
85283307,deadAbandoned,SIXTY ONE,"Dec. 28, 2011",Mai Tran,,mai@maicouture.com
85283287,deadAbandoned,MOVE MYFAMILY MAKING MOVING EASY,"Jul. 21, 2011",MOVE MY FAMILY INC.,,kimberly.j.white@hotmail.com
85283151,REQUEST_FAILED,,,,,
85283335,deadAbandoned,TALK TO THE HAND,"Dec. 30, 2011",FISH PETER A,,PETERFISHOS@HOTMAIL.COM
85283260,REQUEST_FAILED,,,,,
85283610,deadAbandoned,HI ! HOTELS,"Dec. 30, 2011",Proeficiency SA de CV,,administracion@betone.net
85283491,REQUEST_FAILED,,,,,
85283622,deadAbandoned,BLANKETY BLANK PUBLISHING,"Dec. 30, 2011","Blankety Blank, LLC",,binno@cox.net
85283593,REQUEST_FAILED,,,,,
85284248,deadAbandoned,JAWS - JUST ADD WATER SOLUTIONS,"Dec. 28, 2011",Just Add Water Solutions Inc.,,
85284275,deadAbandoned,JAWS JUST ADD WATER SOLUTIONS,"Dec. 29, 2011",Just Add Water Solutions Inc.,,
85284520,deadAbandoned,None,"Dec. 30, 2011","Manning, Keith",,jedatech@comcast.net
85284141,REQUEST_FAILED,,,,,
85284313,REQUEST_FAILED,,,,,
85284504,REQUEST_FAILED,,,,,
85284777,REQUEST_FAILED,,,,,
85285624,deadAbandoned,FROST POP,"Nov. 25, 2011","Lie, Elizabeth N.",,elie@elki.com
85285848,REQUEST_FAILED,,,,,
85286190,deadAbandoned,THE CHEVRON,"Nov. 14, 2011","TIGER-ROCK MARTIAL ARTS INTERNATIONAL, INC",,lwilliams@tigerrockmartialarts.com
85285964,REQUEST_FAILED,,,,,
85286117,REQUEST_FAILED,,,,,
85287602,deadAbandoned,TEAM,"Dec. 28, 2011",THE WINE GROUP LLC,,DIJANA.KRISTO@THEWINEGROUP.COM
85286733,REQUEST_FAILED,,,,,
85287262,REQUEST_FAILED,,,,,
85287447,REQUEST_FAILED,,,,,
85289495,REQUEST_FAILED,,,,,
85290658,REQUEST_FAILED,,,,,
85291969,deadAbandoned,GOLDEN SABLE,"Dec. 20, 2011","Golden Mills, LLC",,marty@goldenmills.com
85293154,deadAbandoned,HALL OF FLAME,"Dec. 28, 2011",THE WINE GROUP LLC,,DIJANA.KRISTO@THEWINEGROUP.COM
85291064,REQUEST_FAILED,,,,,
85293288,deadAbandoned,MICROBEBREWERY,"Dec. 26, 2011","Technical Provisions, LLC",,jpmaxfield@wastefarmers.com
85292998,REQUEST_FAILED,,,,,
85293454,REQUEST_FAILED,,,,,
85293771,REQUEST_FAILED,,,,,
85294758,REQUEST_FAILED,,,,,
85294962,REQUEST_FAILED,,,,,
85295568,REQUEST_FAILED,,,,,
85296075,REQUEST_FAILED,,,,,
85296400,REQUEST_FAILED,,,,,
85296548,REQUEST_FAILED,,,,,
85297298,deadAbandoned,GOLDROOSTER,"Sep. 20, 2011","Jinjiang Gold Rooster Sports Co., Ltd.",,eilcy@hotmail.com
85297036,REQUEST_FAILED,,,,,
85298984,deadAbandoned,WEEDWATER,"Dec. 07, 2011","Michael, Perrin",,mharrisp@yahoo.com
85300316,REQUEST_FAILED,,,,,
85300659,REQUEST_FAILED,,,,,
85302359,REQUEST_FAILED,,,,,
85304627,deadAbandoned,DRIVETHRU,"Dec. 18, 2011","Sheldon Hart Consulting, LLC",,drivethruapp@gmail.com
85303292,REQUEST_FAILED,,,,,
85303377,REQUEST_FAILED,,,,,
85303557,REQUEST_FAILED,,,,,
85304331,REQUEST_FAILED,,,,,
85307177,REQUEST_FAILED,,,,,
85307256,REQUEST_FAILED,,,,,
85309811,deadAbandoned,MEDVENDOR,"Nov. 15, 2011","MEDRESULTS, Inc.",,
85309299,REQUEST_FAILED,,,,,
85309399,REQUEST_FAILED,,,,,
85310405,deadAbandoned,10 SECOND CHALLENGE,"Nov. 18, 2011",Imagination Holdings Pty Ltd,,hostmaster@imagination.com.au
85309410,REQUEST_FAILED,,,,,
85313245,deadAbandoned,STRAIN BRAIN,"Dec. 09, 2011","Medical Cannabis Network, Inc.",,smoseley@marijuanadoctors.com
85311980,REQUEST_FAILED,,,,,
85312734,REQUEST_FAILED,,,,,
85314168,deadAbandoned,TWEET LABS,"Jul. 26, 2011",Rummble Ltd,,info@rummblelabs.com
85313094,REQUEST_FAILED,,,,,
85313112,REQUEST_FAILED,,,,,
85314896,REQUEST_FAILED,,,,,
85314976,REQUEST_FAILED,,,,,
85316429,REQUEST_FAILED,,,,,
85318768,deadAbandoned,JUST SPORTS NO VIOLENCE,"Dec. 27, 2011","Brightbill, Michael, G",,mbrightb@roadrunner.com
85317926,REQUEST_FAILED,,,,,
85318104,REQUEST_FAILED,,,,,
85320645,deadAbandoned,GLORYHOLESRUS,"Sep. 01, 2011","Miracle Manufacturing, LLC",,miraclemanufacturing@gmail.com
85320172,REQUEST_FAILED,,,,,
85322381,deadAbandoned,DREAMMY,"Nov. 09, 2011","Zadeh, Sahba E",,want@dreamcue.com
85320190,REQUEST_FAILED,,,,,
85320909,REQUEST_FAILED,,,,,
85323246,REQUEST_FAILED,,,,,
85323040,REQUEST_FAILED,,,,,
85323398,REQUEST_FAILED,,,,,
85325901,deadAbandoned,DA VINCI,"Dec. 29, 2011",Hifi Go Limited Liability Company,,larry@lightharmonic.com
85324902,deadAbandoned,CUTIE & COCOA'S,"Dec. 27, 2011",TWO TSANG,,twotsang@att.net
85324760,REQUEST_FAILED,,,,,
85326864,deadAbandoned,TARGET ACCOUNT,"Sep. 16, 2011","GoalSpring Financial, Inc.",,chris.kelly@debtgoal.com
85326953,deadAbandoned,FORTUNE EAGLE,"Oct. 16, 2011",Ainsworth Game Technology Limited,,Matthew.Loon@ainsworth.com.au
85324912,REQUEST_FAILED,,,,,
85327627,REQUEST_FAILED,,,,,
85327906,REQUEST_FAILED,,,,,
85333076,deadAbandoned,MEDIAIFTV,"Jun. 06, 2011",Medialiftv,,jcarr@medialiftv.com
85330576,REQUEST_FAILED,,,,,
85340386,deadAbandoned,BRAIN BUILDER,"Sep. 27, 2011","Vitonomy, LLC",,
85334397,REQUEST_FAILED,,,,,
85342089,deadAbandoned,THE HONEY POT,"Jul. 22, 2011",THE WINE GROUP LLC,,DIJANA.KRISTO@THEWINEGROUP.COM
85338672,REQUEST_FAILED,,,,,
85341192,REQUEST_FAILED,,,,,
85347479,deadAbandoned,RING LOCKIT,"Dec. 16, 2011","Shroff, Vijay J.",,ringlockit@gmail.com
85346574,REQUEST_FAILED,,,,,
85347497,REQUEST_FAILED,,,,,
85352475,deadAbandoned,FISERV DECISIONS-ON-DEMAND,"Jul. 21, 2011","Fiserv, Inc.",,david.rose@fiserv.com
85348774,REQUEST_FAILED,,,,,
85351424,REQUEST_FAILED,,,,,
85354458,REQUEST_FAILED,,,,,
85356291,REQUEST_FAILED,,,,,
85356760,REQUEST_FAILED,,,,,
85365107,deadAbandoned,THEA JACQUES,"Sep. 26, 2011",Thea Jacques Ltd,,simon.ward@brandwizard.com
85358967,REQUEST_FAILED,,,,,
85366198,deadAbandoned,MDT MOBILE DRUG TESTING,"Aug. 01, 2011","Franchise USA, Inc.",,steve@franchiseusa.net
85362399,REQUEST_FAILED,,,,,
85363627,deadAbandoned,MDT,"Aug. 01, 2011","Franchise USA, Inc.",,steve@franchiseusa.net
85367842,deadAbandoned,VAPIRI,"Nov. 10, 2011","Electronic Cigarettes, Inc.",,sales@electroniccigarettesinc.com
85368748,deadAbandoned,FORZA ITALIA,"Dec. 06, 2011",ISLAND COMPANY LIFESTYLE PRODUCTS LLC,,WEBMASTER@ISLANDCOMPANY.COM
85365154,REQUEST_FAILED,,,,,
85365944,REQUEST_FAILED,,,,,
85368584,deadAbandoned,GAMETIME SPORTS DRINK,"Nov. 04, 2011","Sanders, Bruce",,bsanders@santekcomp.com
85372260,deadAbandoned,GAY.XXX,"Sep. 01, 2011",INTELLIGENCE UNIT LLC,,jf0@safe-mail.net
85366920,REQUEST_FAILED,,,,,
85373386,deadAbandoned,THE BUNION INSTITUTE,"Nov. 30, 2011","Randy M Leff, DPM PLLC",,
85369099,REQUEST_FAILED,,,,,
85373022,deadAbandoned,REVELATION 3:7,"Dec. 05, 2011",RAPIDES HABITAT FOR HUMANITY INCORPORATED,,ccooper.habitat@gmail.com
85373887,REQUEST_FAILED,,,,,
85379446,deadAbandoned,SCREAMIN' SCATTERS,"Aug. 24, 2011",Ainsworth Game Technology Limited,,Matthew.Loon@ainsworth.com.au
85379577,REQUEST_FAILED,,,,,
85380778,REQUEST_FAILED,,,,,
85383933,REQUEST_FAILED,,,,,
85391500,deadAbandoned,ROBERTS INVESTMENT GROUP,"Aug. 31, 2011",Breitling Oil and Gas Corporation,,chris@breitlingoilandgas.com
85389453,REQUEST_FAILED,,,,,
85396873,deadAbandoned,ISRAEL GOODWILL AMBASSADOR,"Sep. 06, 2011","Liberty Counsel, Inc.",,astaver@liberty.edu
85395441,deadAbandoned,EZIG,"Sep. 19, 2011","Freedom Smokeless, LLC",,glenn@freedomsmokeless.com
85403113,REQUEST_FAILED,,,,,
85403414,REQUEST_FAILED,,,,,
85406374,REQUEST_FAILED,,,,,
85415159,deadAbandoned,EDGE,"Oct. 07, 2011",Ruby Ventures Limited,,jwind@edge-living.com
85407528,REQUEST_FAILED,,,,,
85410450,REQUEST_FAILED,,,,,
85416296,REQUEST_FAILED,,,,,
85415171,REQUEST_FAILED,,,,,
85417571,REQUEST_FAILED,,,,,
85428123,deadAbandoned,BUFFALUCAS ALITAS Y HAMBURGUESAS TE VAS A PICAR! B,"Oct. 26, 2011",loera adriana lisette,,lisetteloera@hotmail.com
85425585,deadAbandoned,GREENLIGHT FUNDS,"Oct. 31, 2011","Greenlight Funding Group, LLC",,outsourcement@gmail.com
85423661,REQUEST_FAILED,,,,,
85425233,REQUEST_FAILED,,,,,
85428637,REQUEST_FAILED,,,,,
85437108,deadAbandoned,FEELINGO,"Oct. 07, 2011",Blaevoet Franck,,contact@feelingo.net
85442883,deadAbandoned,SUSHI - TOKYO,"Nov. 26, 2011",one two three four inc ( a ny Corp ),,davidlipsker@gmail.com
85432304,REQUEST_FAILED,,,,,
85447772,deadAbandoned,VELVET ROPE,"Nov. 01, 2011",VELVET PALATE,,msm2567@gmail.com
85449710,deadAbandoned,OCCUPY WALL ST.,"Nov. 03, 2011","maresca, diane",,
85441086,REQUEST_FAILED,,,,,
85442590,REQUEST_FAILED,,,,,
85455848,REQUEST_FAILED,,,,,
85472347,REQUEST_FAILED,,,,,
85474820,REQUEST_FAILED,,,,,
85483825,REQUEST_FAILED,,,,,
85492306,REQUEST_FAILED,,,,,
