serial,lead_type,mark,date,correspondent,phone,email
74406512,deadAbandoned,FOUR-PEAT,"Jun. 30, 2009","ELIZABETH GONDRA AND J. PATRICK LEAHY PARTNERSHIP, THE",,
75016294,deadAbandoned,ZONE WHEN YOU CAN BE TOUCHED BY NO ONE,"Oct. 07, 2009","Baker, DuBoise and Anderson",,
74401127,deadAbandoned,IV-PEAT,"Jun. 30, 2009","PYRAMID PUBLISHING AND PRODUCTIONS, INC.",,
74531160,deadAbandoned,UNCOMMON GROUNDS GOURMET COFFEE,"Jul. 23, 2009","UnCommon Grounds, Inc.",,
75257931,deadAbandoned,THE MEN IN BLACK,"Jun. 04, 2009","Villani, Anthony",,
75313167,deadAbandoned,BOSS,"Apr. 16, 2009","Kennedy, Robert B.",,bnpkennedy@Cox.net
75501030,deadAbandoned,TAG THE ANSWER GROUP SOFTWARE SUPPORT SERVICES,"Jun. 12, 2009","Answer Group, Inc., The",,
74466150,deadAbandoned,ORIENT-EXPRESS,"Apr. 27, 2009","HOFFMAN, STEWART S.",,
75573899,deadAbandoned,UNIVERSITY OF OXFORD DELEGACY OF LOCAL EXAMINATIONS DOMJ MINA NVS TIO ILLV MEA,"Oct. 26, 2009","Babowal & Associates, Inc.",,
75680048,deadAbandoned,TORNADO TAMER,"Apr. 06, 2009","KUPFERMAN, GLENN",,
75587325,deadAbandoned,CEREAL&MILK-TO GO!,"Mar. 17, 2009","Zukerman, Harold W.",,
75760806,deadAbandoned,LA M 103.7 FM,"Nov. 09, 2009",Gold Coast Radio L.L.C.,,
75510968,deadAbandoned,YELLOW DOG NANTUCKET,"Feb. 17, 2009","Juras, Joseph J.",,
75702336,deadAbandoned,IDZAP.COM,"Mar. 18, 2009","IDZAP, LLC",,
75518819,REQUEST_FAILED,,,,,
75782441,deadAbandoned,JOJO,"Feb. 16, 2009",Red Sun Partners,,
75721657,deadAbandoned,TEMPERAMEND,"Nov. 25, 2009","HILTON HERBS, LTD.",,hilary@hiltonherbs.com
75891595,deadAbandoned,GALAXYONLINE NETWORK,"Jan. 03, 2009","Galaxy Online, Inc.",,
75891558,deadAbandoned,GALAXY NETWORK,"Jan. 03, 2009","Galaxy Online, Inc.",,
75891841,deadAbandoned,GALAXY PICTURES,"Jan. 03, 2009","Galaxy Online, Inc.",,
75892523,deadAbandoned,BULLY FEB 2 71,"Mar. 04, 2009","EDWARDS, JR, JAMES M",,
75840183,deadAbandoned,TIGER CLAW,"Apr. 06, 2009",E-Z Spike Inc.,,
75810043,deadAbandoned,COSMO.COM,"Apr. 02, 2009","Wilson, Charles Browning",,
75891842,deadAbandoned,GALAXY TV,"Jan. 03, 2009","Galaxy Online, Inc.",,
75919089,deadAbandoned,WETDAWG.COM,"Oct. 30, 2009",WetDawg.com,,
75923925,deadAbandoned,MUGGLES,"Mar. 04, 2009","Stouffer, Nancy K.",,
75912216,REQUEST_FAILED,,,,,
75935662,deadAbandoned,CONNEXN,"Mar. 05, 2009","Connexn Technologies, Inc.",,
75935646,REQUEST_FAILED,,,,,
76089686,deadAbandoned,IV IVAST,"Jul. 14, 2009","IVAST, INC.",,
76089902,deadAbandoned,IVAST,"Sep. 21, 2009","IVAST, INC.",,
76180819,deadAbandoned,KANGARO,"Oct. 08, 2009",KANIN (INDIA) PVT. LTD,,
76072704,REQUEST_FAILED,,,,,
76206819,deadAbandoned,DVDEPOT,"Jul. 15, 2009","Townsel, Andre E.",,
76404433,deadAbandoned,THE CHARMING HOTELS,"Sep. 27, 2009",International Hospitality Management S.p.A.,,
76298267,REQUEST_FAILED,,,,,
76306446,REQUEST_FAILED,,,,,
76432566,deadAbandoned,SOFTWIRED,"Aug. 06, 2009",Softwired AG,,henry.wild@softwired-inc.com
76429429,deadAbandoned,BOOST MOBILE,"Feb. 16, 2009","BOOST WORLDWIDE, INC.",,
76456797,deadAbandoned,SELECT A WINNER,"Jan. 27, 2009","Testerman, Ronald Dean",,
76400884,REQUEST_FAILED,,,,,
76514476,deadAbandoned,HEART & SOLE A HEALTHY COMBINATION,"Jan. 05, 2009",North Coast Sea-Foods Corp.,,
76500129,deadAbandoned,E-Z TAN,"Apr. 30, 2009","POGGI TANS, INC.",,
76469024,REQUEST_FAILED,,,,,
76539991,REQUEST_FAILED,,,,,
76562200,REQUEST_FAILED,,,,,
76585723,deadAbandoned,TUMA-MATU THE WISHMAN,"Mar. 16, 2009","Hunter, Delores T.",,
76564986,REQUEST_FAILED,,,,,
76579690,REQUEST_FAILED,,,,,
76587315,REQUEST_FAILED,,,,,
76587777,REQUEST_FAILED,,,,,
76587787,REQUEST_FAILED,,,,,
76587822,REQUEST_FAILED,,,,,
76588070,REQUEST_FAILED,,,,,
76588135,REQUEST_FAILED,,,,,
76588138,REQUEST_FAILED,,,,,
76588145,REQUEST_FAILED,,,,,
76588151,REQUEST_FAILED,,,,,
76591334,deadAbandoned,SIX FIGGAZ,"Jan. 22, 2009","WESLEY, CARL, JR.",,6figgazzclothes@blackplanet.com
76591385,deadAbandoned,GOOTAINMENT,"May 18, 2009","STELOR PRODUCTIONS, LLC",,
76588157,REQUEST_FAILED,,,,,
76591390,deadAbandoned,GOOBOP,"Apr. 13, 2009","STELOR PRODUCTIONS, LLC",,
76591388,deadAbandoned,GOOBERRY,"Jan. 26, 2009","STELOR PRODUCTIONS, LLC",,
76592806,deadAbandoned,GOOPETS,"Apr. 13, 2009","STELOR PRODUCTIONS, LLC",,
76591392,REQUEST_FAILED,,,,,
76591712,REQUEST_FAILED,,,,,
76594116,REQUEST_FAILED,,,,,
76594523,REQUEST_FAILED,,,,,
76595503,REQUEST_FAILED,,,,,
76597514,deadAbandoned,OHEMAA,"Aug. 03, 2009","CURBEAM, MICHELLE",,
76597881,deadAbandoned,UNDERGROUND GARAGE BATTLE OF THE BANDS,"Feb. 09, 2009","Renegade Nation, Ltd.",,
76597882,deadAbandoned,UNDERGROUND GARAGE BATTLE OF THE BANDS,"Feb. 16, 2009","Renegade Nation, Ltd.",,
76596590,REQUEST_FAILED,,,,,
76602851,deadAbandoned,SASHAY PERSONAL SALON,"Jul. 08, 2009",SASHAY INC.,,
76596089,REQUEST_FAILED,,,,,
76600280,deadAbandoned,MOS DEF,"Oct. 19, 2009","Smith, Dante",,
76608810,deadAbandoned,FABRIC OF FLIGHT,"Sep. 07, 2009","Kwitek, Benjamin J.",,
76603452,deadAbandoned,D.O.C. DEPARTMENT OF CONNECTIONS,"Oct. 12, 2009","Crabtree, John",,
76604149,deadAbandoned,YOU DA MAN,"Apr. 06, 2009","Toyboat Enterprises, Inc.",,
76607494,REQUEST_FAILED,,,,,
76609023,REQUEST_FAILED,,,,,
76616736,deadAbandoned,TRIGOLD VINEYARD,"Feb. 23, 2009","Bobowski, Sharon",,
76618595,deadAbandoned,GRAVITY BLUE,"Oct. 26, 2009","DeCicco, Richard",,
76616360,REQUEST_FAILED,,,,,
76616366,REQUEST_FAILED,,,,,
76621367,deadAbandoned,TURN ONE,"Jul. 06, 2009","UNIQUE BEVERAGE COMPANY, LLC",,
76621879,deadAbandoned,LEROCK,"Nov. 09, 2009","Denim Mania Apparel, Inc.",,tmregistered@gmail.com
76622662,deadAbandoned,CINNA-ROLLERS,"Sep. 14, 2009","Kwitek, Benjamin J.",,
76618888,REQUEST_FAILED,,,,,
76623821,deadAbandoned,THE FASHION GUY,"Nov. 30, 2009","Zarian, Lawrence S.",,
76624859,REQUEST_FAILED,,,,,
76631728,deadAbandoned,INNERCAP,"Mar. 30, 2009","InnerCap Technologies, Inc.",,
76626374,REQUEST_FAILED,,,,,
76632382,REQUEST_FAILED,,,,,
76632862,REQUEST_FAILED,,,,,
76636408,REQUEST_FAILED,,,,,
76640434,deadAbandoned,HSK HOME SHOPPING KOREA,"Aug. 31, 2009","Chang, Young H.",,
76640436,deadAbandoned,HSK HOME SHOPPING KOREA,"Aug. 31, 2009","Chang, Young H.",,
76640744,deadAbandoned,EIN GEDI SPA,"May 11, 2009",Ein Gedi Cosmetics Ltd.,,
76640499,REQUEST_FAILED,,,,,
76640433,REQUEST_FAILED,,,,,
76642351,REQUEST_FAILED,,,,,
76649679,deadAbandoned,SEASONS,"Mar. 21, 2009",LAS TRADEMARK LLC,,
76647028,deadAbandoned,METAMORPHOSIS MEDICAL SPA,"Nov. 16, 2009","RACANELLI, JOSEPH A.",,valoree22@aol.com
76648548,REQUEST_FAILED,,,,,
76653498,deadAbandoned,STORM OF WAR,"Nov. 16, 2009","Ubisoft, Inc.",,
76647796,REQUEST_FAILED,,,,,
76650732,deadAbandoned,MOXXY2,"Apr. 09, 2009",MOXXY2 LLC,,
76654118,deadAbandoned,MAGIC MUSHROOM GARDEN,"Jun. 08, 2009","HRP Creative Services Co., LLC",,
76654125,deadAbandoned,KIDS ROCK! STATE PARK,"Jun. 01, 2009","HRP Creative Services Co., LLC",,
76653446,REQUEST_FAILED,,,,,
76654135,REQUEST_FAILED,,,,,
76656732,deadAbandoned,BULLY TRUCK ACCESSORIES,"Aug. 25, 2009","WANG INTERNATIONAL, INC.",,
76654138,REQUEST_FAILED,,,,,
76658762,deadAbandoned,WE BEAT NORTH CAROLINA PRICES!,"Jan. 15, 2009","Central Convertibles, Inc.",,
76660514,deadAbandoned,MEXICOPOLY,"Nov. 02, 2009","GAMES & INVENTIONS, INC.",,
76655561,REQUEST_FAILED,,,,,
76660973,deadAbandoned,PERCENTAGE,"Nov. 02, 2009","BELL, SEAN L.",,PERCENTAGEAPPARE@AOL.COM
76661133,deadAbandoned,AY! GOT SWAYD? ARE YOU GETTIN OFF TRACK? SO WHAT ARE YOU DOIN?,"Jun. 08, 2009","MCGRUDER, ROSE A.",,mcsmileyram@yahoo.com
76659287,REQUEST_FAILED,,,,,
76660601,REQUEST_FAILED,,,,,
76663822,deadAbandoned,MOUNT ROCKMORE,"Feb. 23, 2009","HRP Creative Services Co., LLC",,
76662905,REQUEST_FAILED,,,,,
76663896,REQUEST_FAILED,,,,,
76663679,REQUEST_FAILED,,,,,
76665052,deadAbandoned,ONIE,"Feb. 02, 2009","HOSPITALITY+, LP",,
76664087,REQUEST_FAILED,,,,,
76664993,deadAbandoned,ANGEL BABY,"Nov. 05, 2009","DOMINION VIDEO SATELLITE, INC.",,
76664703,REQUEST_FAILED,,,,,
76665272,REQUEST_FAILED,,,,,
76668261,deadAbandoned,SQUID INK,"Sep. 28, 2009","Squid Ink Concepts, Inc.",,
76667705,deadAbandoned,SANTA BARBARA DESIGN STUDIO,"Aug. 26, 2009",SANTA BARBARA CERAMIC DESIGN,,
76667115,REQUEST_FAILED,,,,,
76667147,REQUEST_FAILED,,,,,
76669491,deadAbandoned,ALSTRÖMER POTATO CHIPS,"Jan. 05, 2009",UTAH CHIPS,,info@lantchips.com
76669560,deadAbandoned,STRONGBOX,"May 11, 2009","ERUDITE SYSTEMS HOLDING, LLC",,
76668262,REQUEST_FAILED,,,,,
76670663,deadAbandoned,H-REVIN,"Jan. 12, 2009",L'ETERNITÉ B.V.,,
76671093,deadAbandoned,BEFRIENDING CONFLICT,"Dec. 14, 2009","Harmonic Processes, Inc.",,
76671032,REQUEST_FAILED,,,,,
76671228,REQUEST_FAILED,,,,,
76672104,deadAbandoned,HAIRMED,"Jan. 17, 2009","Friedman, Rita",,
76671712,REQUEST_FAILED,,,,,
76673205,deadAbandoned,COMPSHIELD MAKING WORKMANS COMP WORK,"Mar. 10, 2009",COMPSHIELD,,info@compshield.com
76674273,deadAbandoned,ME,"Feb. 02, 2009","Harris, Bryan L.",,bryan.harris@langley.af.mil
76672797,deadAbandoned,ALTIUS,"Jun. 08, 2009","APERION AUDIO, INC.",,
76674512,deadAbandoned,ULTRAAMP,"Feb. 05, 2009",Datascope Trademark Corp.,,
76672933,REQUEST_FAILED,,,,,
76673469,REQUEST_FAILED,,,,,
76674295,REQUEST_FAILED,,,,,
76674437,REQUEST_FAILED,,,,,
76674682,deadAbandoned,EVACPETPAC,"Feb. 09, 2009","Puppy Paradise, Inc.",,
76674784,deadAbandoned,DURATHANE,"Jan. 05, 2009",Datascope Trademark Corp.,,
76675238,REQUEST_FAILED,,,,,
76675404,REQUEST_FAILED,,,,,
76677632,deadAbandoned,AVADEL,"Mar. 09, 2009","Avadel Worldwide, Inc.",,
76677123,deadAbandoned,MARTIAL ARTS EXPLORER,"Mar. 16, 2009","MARTIAL ARTS EXPLORER, LLC",,
76676935,REQUEST_FAILED,,,,,
76677633,deadAbandoned,None,"Mar. 09, 2009","Avadel Worldwide, Inc.",,
76677854,deadAbandoned,LINEAR,"Dec. 09, 2009",Datascope Trademark Corp.,,
76678370,deadAbandoned,JAH JEANS,"Apr. 23, 2009","JAH Innovations, Inc.",,
76677796,REQUEST_FAILED,,,,,
76678372,deadAbandoned,JJ JAH JEANS,"Apr. 24, 2009",JAH Innovations Inc.,,
76678736,deadAbandoned,HEALTH APPLIANCES,"Mar. 09, 2009",MIRAMA ENTERPRISES INC.,,amamao@aromaco.com
76678459,REQUEST_FAILED,,,,,
76678693,REQUEST_FAILED,,,,,
76678984,REQUEST_FAILED,,,,,
76679288,deadAbandoned,BARBARA GAYLE'S MEALS IN A MUFFIN,"Feb. 16, 2009","B. GAYLE WORLDWIDE ENTERPRISES, LLC",,
76679706,deadAbandoned,THE THRONE DEPOT,"Jan. 26, 2009","The Throne Depot, Inc.",,mike@thronedepot.com
76679733,deadAbandoned,HYDE UNOH,"May 18, 2009","OH, HYUN KYUNG",,
76679538,REQUEST_FAILED,,,,,
76679699,REQUEST_FAILED,,,,,
76680543,deadAbandoned,AROMA WELLNESS,"Jul. 27, 2009","CHANG, PETER CHUNG-YUAN",,amamao@aromaco.com
76680228,REQUEST_FAILED,,,,,
76680175,REQUEST_FAILED,,,,,
76681306,REQUEST_FAILED,,,,,
76681454,REQUEST_FAILED,,,,,
76681811,deadAbandoned,BIG DOG ON THE PORCH PRINTING,"Feb. 09, 2009","MY1STOP, LLC",,
76681814,deadAbandoned,BIG DOG PRINT,"Feb. 09, 2009","MY1STOP, LLC",,
76681696,REQUEST_FAILED,,,,,
76681704,REQUEST_FAILED,,,,,
76681812,deadAbandoned,BIG DOG PRINT CORPORATION,"Feb. 09, 2009","MY1STOP, LLC",,
76682037,deadAbandoned,BIG DAWG PRINTING,"Feb. 09, 2009","MY1STOP, LLC",,
76682264,deadAbandoned,GOOD 2B ME,"Feb. 23, 2009","STEEDE, JAMES P., III",,jimsteede@aol.com
76682036,deadAbandoned,BIG DOG DESIGN AND PRINT,"Feb. 09, 2009","MYISTOP, LLC",,
76681999,REQUEST_FAILED,,,,,
76682372,deadAbandoned,BODY IN BALANCE,"Mar. 02, 2009","Grand Stands, Inc.",,
76682175,REQUEST_FAILED,,,,,
76682421,REQUEST_FAILED,,,,,
76682612,REQUEST_FAILED,,,,,
76683440,deadAbandoned,TANGO,"Feb. 09, 2009","CANTERO, MARCE D.",,
76683207,REQUEST_FAILED,,,,,
76683352,REQUEST_FAILED,,,,,
76683597,REQUEST_FAILED,,,,,
76683775,deadAbandoned,SHANNON FARMS,"Apr. 13, 2009",SHAMROCK TRADING CORPORATION,,
76683648,REQUEST_FAILED,,,,,
76683827,REQUEST_FAILED,,,,,
76683881,deadAbandoned,LEAPING HARE WINERY,"Feb. 16, 2009","HUNDERTMARK, JIM",,
76683886,REQUEST_FAILED,,,,,
76684178,deadAbandoned,MIMI'S PRODUCTS,"Aug. 13, 2009","NAC Foods, Inc.",,
76684362,deadAbandoned,HEADFANZ,"Feb. 16, 2009","Matchmaker Products, Inc.",,
76684047,REQUEST_FAILED,,,,,
76684332,REQUEST_FAILED,,,,,
76684361,REQUEST_FAILED,,,,,
76684581,REQUEST_FAILED,,,,,
76684758,REQUEST_FAILED,,,,,
76685175,deadAbandoned,JUST ABEE,"Oct. 07, 2009",WELLMARK IND. LTD.,,lorachel@netvigator.com
76685168,deadAbandoned,PARADISE CITY,"Mar. 09, 2009","HRP Creative Services Co., LLC",,
76685167,deadAbandoned,PARADISE CITY,"May 25, 2009","HRP Creative Services Co., LLC",,
76685110,REQUEST_FAILED,,,,,
76685323,REQUEST_FAILED,,,,,
76685664,REQUEST_FAILED,,,,,
76685737,REQUEST_FAILED,,,,,
76686185,deadAbandoned,None,"Apr. 06, 2009","TISZA WINE CO., INC.",,
76685915,REQUEST_FAILED,,,,,
76686272,deadAbandoned,AMERICA'S HOME RESCUE,"Jun. 17, 2009","America's Home Rescue, L.L.C.",,
76686049,REQUEST_FAILED,,,,,
76686152,REQUEST_FAILED,,,,,
76686281,REQUEST_FAILED,,,,,
76686303,REQUEST_FAILED,,,,,
76686773,REQUEST_FAILED,,,,,
76686954,REQUEST_FAILED,,,,,
76687064,REQUEST_FAILED,,,,,
76687191,REQUEST_FAILED,,,,,
76687295,REQUEST_FAILED,,,,,
76687314,REQUEST_FAILED,,,,,
76687492,REQUEST_FAILED,,,,,
76687544,REQUEST_FAILED,,,,,
76687882,REQUEST_FAILED,,,,,
76687977,REQUEST_FAILED,,,,,
76688045,deadAbandoned,KUDU,"Jan. 08, 2009","Lindsey Creations, Inc./KUDU Babs Lindsey",,
76688047,deadAbandoned,KUDU,"Jan. 08, 2009","Lindsey Creations, Inc./KUDU Babs Lindsey",,
76688162,deadAbandoned,ANOMALY COSMETICS,"Jan. 15, 2009",AMY ESTRO,,CUSTOMERSERVICE@ANOMALYCOSMETICS.COM
76688046,REQUEST_FAILED,,,,,
76688133,REQUEST_FAILED,,,,,
76688216,REQUEST_FAILED,,,,,
76688219,REQUEST_FAILED,,,,,
76688281,deadAbandoned,AROMA,"Jan. 22, 2009","CHANG, PETER CHUNG-YUAN",,amamao@aromaco.com
76688242,REQUEST_FAILED,,,,,
76688254,REQUEST_FAILED,,,,,
76688262,REQUEST_FAILED,,,,,
76688370,REQUEST_FAILED,,,,,
76688410,REQUEST_FAILED,,,,,
76688465,REQUEST_FAILED,,,,,
76688520,REQUEST_FAILED,,,,,
76688574,REQUEST_FAILED,,,,,
76688874,deadAbandoned,GRANDE HEART KEY RING,"Feb. 13, 2009","Dreaming Mountain, Starry Sky Productions Inc.",,
76688764,REQUEST_FAILED,,,,,
76688818,REQUEST_FAILED,,,,,
76688869,REQUEST_FAILED,,,,,
76689035,deadAbandoned,GOLD LION,"Sep. 20, 2009",GORDON J. BATTLE,,GJBATTLE@AOL.COM
76689009,REQUEST_FAILED,,,,,
76689029,REQUEST_FAILED,,,,,
76689164,deadAbandoned,FISHWICH,"Feb. 13, 2009","BOLLING, DARIUS",,DARIUSCBOLLING@AOL.COM
76689166,deadAbandoned,DOCK'S,"Feb. 18, 2009","BOLLING, DARIUS",,DARIUSCBOLLING@AOL.COM
76689178,REQUEST_FAILED,,,,,
76689191,REQUEST_FAILED,,,,,
76689242,REQUEST_FAILED,,,,,
76689269,REQUEST_FAILED,,,,,
76689320,deadAbandoned,R PHONE CARD TARJETA PREPAGADA,"Mar. 01, 2009","Diamond Phone Card, Inc.",,
76689321,deadAbandoned,POWER BALL PREPAID PHONE CARD,"Mar. 01, 2009","Diamond Phone Card, Inc.",,
76689298,REQUEST_FAILED,,,,,
76689317,REQUEST_FAILED,,,,,
76689324,REQUEST_FAILED,,,,,
76689485,deadAbandoned,M LOVE MORE,"Sep. 11, 2009","LOVE MORE, INC.",,
76689456,REQUEST_FAILED,,,,,
76689524,REQUEST_FAILED,,,,,
76689533,REQUEST_FAILED,,,,,
76689561,REQUEST_FAILED,,,,,
76689787,deadAbandoned,BEELYA,"Mar. 09, 2009","NP VENTURES, LLC",,
76689654,REQUEST_FAILED,,,,,
76689867,deadAbandoned,INTERVASCULAR,"Mar. 16, 2009",Datascope Trademark Corp.,,
76689714,REQUEST_FAILED,,,,,
76689833,REQUEST_FAILED,,,,,
76689862,deadAbandoned,REELCHANGES AUDIENCE FUNDED MEDIA,"Mar. 16, 2009","BRYCE, MARISA",,marisa@reelchanges.com
76689970,REQUEST_FAILED,,,,,
76689926,REQUEST_FAILED,,,,,
76689971,REQUEST_FAILED,,,,,
76690045,deadAbandoned,INTERNET IDENTITY SERVICES,"Mar. 19, 2009",INTERNET IDENTITY SERVICES LLC,,
76690113,REQUEST_FAILED,,,,,
76690088,REQUEST_FAILED,,,,,
76690182,deadAbandoned,BOHEMIAN RHAPSODY,"Jul. 06, 2009","HRP Creative Services Co., LLC",,
76690114,deadAbandoned,SOLGEE,"Aug. 24, 2009",GILLI INC,,
76690185,REQUEST_FAILED,,,,,
76690216,REQUEST_FAILED,,,,,
76690357,REQUEST_FAILED,,,,,
76690397,deadAbandoned,"THE TATTERED HOUSE VINTAGE LIVING OLD ROSEVILLE, CA ANTIQUE · VINTAGE · FRENCH · SWEDISH · ARCHITECTURAL ELEMENTS COASTAL · COTTAGE AND SHABBY FURNISHINGS FOR THE HOME & GARDEN","Oct. 08, 2009","The Tattered House, LLC",,iblock@berryblock.com
76690533,deadAbandoned,ICE COLD MINCY,"Jun. 05, 2009","Mincy, George",,icecoldmincy@yahoo.com
76690557,REQUEST_FAILED,,,,,
76690632,REQUEST_FAILED,,,,,
76690680,REQUEST_FAILED,,,,,
76690766,REQUEST_FAILED,,,,,
76690847,REQUEST_FAILED,,,,,
76690956,deadAbandoned,SIMPL-TWIST,"Apr. 08, 2009","PartnerPak, Inc.",,
76690901,deadAbandoned,LIFE ORDER PRODUCTS,"Nov. 09, 2009",LIFE ORDER PRODUCTS PTY LTD,,george.v@lifeorderproducts.com
76691004,deadAbandoned,GEKKO,"Apr. 10, 2009","Lanthum Products, LLC",,
76690925,REQUEST_FAILED,,,,,
76691060,deadAbandoned,COMPREHENSIVE WELLNESS PROFILE,"Dec. 09, 2009","Direct Laboratory Services, Inc",,Jeannie@DirectLabs.com
76691064,deadAbandoned,OUTSOURCE. FOCUS. SUCCEED.,"Apr. 17, 2009","FACT GLOBAL, LLC",,
76691059,deadAbandoned,CARDIOPLUS,"Apr. 16, 2009","Direct Laboratory Services, Inc",,Jeannie@DirectLabs.com
76691151,deadAbandoned,NOVO SIGNS,"Oct. 05, 2009",Awan Rukhsana M.,,
76691142,REQUEST_FAILED,,,,,
76691222,deadAbandoned,RED VELVET WINE BAR,"Apr. 24, 2009",RED VELVET WINE BAR LLC,,
76691361,deadAbandoned,NEW ENGLAND WAREHOUSE SALES,"Apr. 29, 2009",DINO ENTERPRISES INC,,
76691317,REQUEST_FAILED,,,,,
76691499,deadAbandoned,OLIOARLIA,"Nov. 09, 2009","Regal Dent, Inc.",,
76691569,REQUEST_FAILED,,,,,
76691650,deadAbandoned,CELEBRATION BOX MAKES ME GIGGLE,"May 11, 2009",Gary Mead,,
76691873,deadAbandoned,MINI-FLUSH,"Jun. 02, 2009","Latimer, Jose Alsina",,jaal@choicecable.net
76691838,REQUEST_FAILED,,,,,
76692021,deadAbandoned,GLOBALADVANTAGE CREDIT SOLUTIONS,"May 07, 2009",Global Advantage Credit Solutions,,
76692037,deadAbandoned,THE SPLYCE,"Nov. 30, 2009","theSplyce, Inc",,
76692109,deadAbandoned,RI RESTYLING IDEAS RI RESTYLING IDEAS,"Jun. 03, 2009",RI Restyling Ideas,,info@restylingideas.com
76692145,REQUEST_FAILED,,,,,
76692243,deadAbandoned,KINSHIP WALKS,"Dec. 28, 2009","BANZ, SHERRY",,
76692329,deadAbandoned,SNATCHAA,"Jun. 05, 2009",DYNAMIC TOWING EQUIPMENT & MANUFACTURING INC,,BDELSOLE@DYNAMICMFG.COM
76692188,REQUEST_FAILED,,,,,
76692181,REQUEST_FAILED,,,,,
76692432,deadAbandoned,EAGLE PREPAID PHONE CARD,"Jun. 09, 2009","Diamond Phone Card, Inc.",,
76692484,deadAbandoned,COZYBRELLA,"Nov. 30, 2009","Farrington, Robyn J.",,
76692383,REQUEST_FAILED,,,,,
76692574,REQUEST_FAILED,,,,,
76692575,REQUEST_FAILED,,,,,
76692621,deadAbandoned,None,"Jul. 26, 2009",LEE KUM KEE COMPANY LIMITED,,
76692492,REQUEST_FAILED,,,,,
76692809,deadAbandoned,GOLFLEX VITAMINS,"Aug. 20, 2009","Darvick, Seth",,seth@healthfarmusa.com
76692824,REQUEST_FAILED,,,,,
76693211,deadAbandoned,"SWEEZIES ENJOY A SWEEZIE, IT'S EAZIE","Jul. 27, 2009",Green Cotton Inc.,,jodiejensenartz@knology.net
76693236,REQUEST_FAILED,,,,,
76693265,deadAbandoned,GLOBAL TRADE ACADEMY THE WORLD IN OUR BOOKS GLOBAL TRADE ACADEMY,"Jul. 03, 2009",GLOBAL TRADE ACADEMY,,
76693077,REQUEST_FAILED,,,,,
76693297,REQUEST_FAILED,,,,,
76693163,REQUEST_FAILED,,,,,
76693591,deadAbandoned,PASTPURCHASE LIST,"Jul. 23, 2009","ELLISON SYSTEMS, INC.",,
76693593,deadAbandoned,SHOPGREEN,"Jul. 23, 2009","ELLISON SYSTEMS, INC.",,
76693597,deadAbandoned,APPROVEDLIST,"Jul. 23, 2009","ELLISON SYSTEMS, INC.",,
76693592,REQUEST_FAILED,,,,,
76693951,deadAbandoned,NORTH SHORE,"Aug. 11, 2009",i and Eye Trading Corp.,,
76693905,REQUEST_FAILED,,,,,
76693962,REQUEST_FAILED,,,,,
76693973,REQUEST_FAILED,,,,,
76694181,deadAbandoned,RAINMAKER PROFIT OPTIMIZATION SOFTWARE,"Aug. 17, 2009","THE RAINMAKER GROUP HOLDINGS, INC.",,
76694182,deadAbandoned,RAINMAKER REVOLUTION,"Aug. 17, 2009","THE RAINMAKER GROUP HOLDINGS, INC.",,
76694184,deadAbandoned,REVOLUTION PATHFINDER,"Aug. 17, 2009","THE RAINMAKER GROUP HOLDINGS, INC.",,
76694183,deadAbandoned,REVOLUTION SMARTGROUP,"Aug. 18, 2009",THE RAINMAKER GROUP HOLDINGS INC.,,
76694185,deadAbandoned,REVOLUTION PROFITDASHBOARD,"Aug. 17, 2009","THE RAINMAKER GROUP HOLDINGS, INC.",,
76694234,deadAbandoned,CM MANDELL'S MIRACLES,"May 04, 2009",MANDELL'S MIRACLES,,
76694022,REQUEST_FAILED,,,,,
76694530,deadAbandoned,FUNNYFELLAS,"Sep. 04, 2009","LOFTUS, STEVE",,
76694701,REQUEST_FAILED,,,,,
76694716,REQUEST_FAILED,,,,,
76695108,REQUEST_FAILED,,,,,
76695500,REQUEST_FAILED,,,,,
76695897,REQUEST_FAILED,,,,,
76695262,REQUEST_FAILED,,,,,
76695877,deadAbandoned,WATERVILLE REDHAWKS,"Nov. 16, 2009",Louis Leasor,,
76696136,deadAbandoned,CHIRO PRACTICE ONE,"Dec. 02, 2009",CORI BAUER,,CBAUER@CHIROPRACTICEONE.NET
76695961,REQUEST_FAILED,,,,,
76696059,REQUEST_FAILED,,,,,
76696537,REQUEST_FAILED,,,,,
76696535,REQUEST_FAILED,,,,,
76696745,REQUEST_FAILED,,,,,
76978390,deadAbandoned,MAXIMUM RPM!,"Dec. 07, 2009","HRP Creative Services Co., LLC",,
77000370,deadAbandoned,BEIJA-FLOR,"Aug. 23, 2009","Bunker, Adrian",,adrian@cargobrazil.com
76978372,deadAbandoned,MOUNT ROCKMORE,"Apr. 20, 2009","HRP Creative Services Co., LLC",,
77000569,deadAbandoned,CONDO DIVA,"Oct. 05, 2009",Citihomes Realty Corporation,,john@citihomes.net
76978388,REQUEST_FAILED,,,,,
77002862,deadAbandoned,BLUE FOB,"Aug. 24, 2009","Top Down Technologies, Inc.",,
76698430,REQUEST_FAILED,,,,,
77000556,deadAbandoned,"RELIANT PROCESSING, INC. YOUR MORTGAGE LOAN PROCESSING SOLUTION","Jul. 14, 2009","COLE, JAMES JEFFREY",,jeff@reliantprocessing.com
77004479,deadAbandoned,MOOD SWINGER'S CLUB,"Mar. 28, 2009",Oak Patch Gifts,,aprilp@oakpatchgifts.com
77004480,deadAbandoned,CLUB FUEGO,"Nov. 17, 2009","ND Rights, LLC",,
77004515,deadAbandoned,COFFEE ALERT,"May 08, 2009","ND Rights, LLC",,
77004706,deadAbandoned,FUEGO LAS VEGAS,"Aug. 03, 2009","ND Rights, LLC",,
77004524,deadAbandoned,COFFEE ALERT,"May 08, 2009","ND Rights, LLC",,
77004495,deadAbandoned,COFFEE ALERT,"May 08, 2009","ND Rights, LLC",,
77004741,deadAbandoned,4 U 2 N V,"Jan. 26, 2009","Hawkins, Quentin",,
77002855,REQUEST_FAILED,,,,,
77004733,deadAbandoned,FUEGO LATINO,"Aug. 03, 2009","ND Rights, LLC",,
77004744,deadAbandoned,FUEGO LOUNGE,"Aug. 03, 2009","ND Rights, LLC",,
77004813,deadAbandoned,FUEGO SHOW,"Aug. 03, 2009","ND Rights, LLC",,
77004852,deadAbandoned,SURROUND SHOW,"Aug. 17, 2009","ND Rights, LLC",,
77004714,REQUEST_FAILED,,,,,
77004853,deadAbandoned,SURROUNDSHOW,"Sep. 28, 2009","ND Rights, LLC",,
77004779,deadAbandoned,FUEGO SHOW,"Aug. 03, 2009","ND Rights, LLC",,
77005021,deadAbandoned,DRINK BETTER JUICE!,"Feb. 09, 2009","Food Collage, Inc.",,juicemon@jamminnectars.com
77005188,deadAbandoned,None,"May 08, 2009","Torres Bolaños, Luis Jorge",,connygw@yahoo.com.mx
77003187,REQUEST_FAILED,,,,,
77004825,REQUEST_FAILED,,,,,
77005992,REQUEST_FAILED,,,,,
77006487,deadAbandoned,CASH BRIDGE,"May 04, 2009",Champion Every One LLC,,skye@championeveryone.com
77007090,REQUEST_FAILED,,,,,
77007683,deadAbandoned,PEDOTICS,"Mar. 02, 2009",Ortho-Safe Limited,,
77008928,deadAbandoned,DREAM CATCHER,"Mar. 02, 2009","Dream Catcher, LLC",,
77009817,deadAbandoned,RHINESTONE RUBY,"Jan. 12, 2009","Kozinn, Lisa",,
77009679,REQUEST_FAILED,,,,,
77010162,deadAbandoned,BOOMTUNE,"Jan. 13, 2009",Hideki Francis Onda,,francis@focal.co.jp
77010697,deadAbandoned,GUITAR ME!,"Jan. 30, 2009","Clark, Kevin F.",,kfclark@gmail.com
77011424,deadAbandoned,ALL TECH AND MORE ACTION,"Mar. 02, 2009",SOAP & GLORY LIMITED,,juditht@brandhandling.com
77012203,REQUEST_FAILED,,,,,
77012378,REQUEST_FAILED,,,,,
77016381,deadAbandoned,NN MAKINGENDSMEET,"Aug. 24, 2009",Making Ends Meet,,making_ns_meet@yahoo.com
77015171,deadAbandoned,BUYIT.COM,"Nov. 16, 2009","Tri-Tech Internet Services, Inc.",,
77016560,deadAbandoned,SIMPLE CLOSE,"Jun. 01, 2009","Homer TLC, Inc.",,trade_marks@homedepot.com
77012589,deadAbandoned,BAJA VACATIONS,"Nov. 09, 2009","BAJA PROPERTIES MANAGEMENT, S. DE R. L. DE C.V.",,hinojosalvarez@mexis.com
77016565,deadAbandoned,SIMPLE SYSTEM,"Jun. 01, 2009","Homer TLC, Inc.",,trade_marks@homedepot.com
77016797,deadAbandoned,21 GOURMET,"Sep. 07, 2009","Whennen, Robert",,whennen1@sbcglobal.net
77016671,deadAbandoned,CABO MEXICAN GRILL,"Dec. 14, 2009","Gasparino, Anthony V.",,AVG@sleepyhouse.com
77017131,deadAbandoned,LET US CREATE A MASTERPIECE FOR YOU!,"Mar. 27, 2009","Nathan, Tameka Lea",,tnathan@creativeframedpoetry.com
77016553,deadAbandoned,SIMPLE CLEAN,"Jun. 01, 2009","Homer TLC, Inc.",,trade_marks@homedepot.com
77019309,deadAbandoned,ARRANGEABLE,"Feb. 02, 2009","Holzer, Alexander J",,aholzer@blueopal.com.au
77019312,deadAbandoned,POSTERART,"Feb. 06, 2009","Holzer, Alexander J",,aholzer@blueopal.com.au
77020579,deadAbandoned,ON-SITE DEPOSIT,"May 22, 2009","Resource Bank, National Association (N.A.)",,
77018617,REQUEST_FAILED,,,,,
77023068,deadAbandoned,SYMPACT,"Apr. 22, 2009",Sympact Technologies,,smartocci@gmail.com
77024176,deadAbandoned,RADHUNI,"Jan. 25, 2009",Square Consumer Products Ltd.,,tmdocbos@fr.com
77024300,deadAbandoned,CHOCOLATE FM,"Dec. 28, 2009","Dan Mason, LLC",,
77024559,deadAbandoned,X XTREME SMILE,"Mar. 30, 2009",Premier Dental,,
77024835,REQUEST_FAILED,,,,,
77025779,deadAbandoned,ASAP PLANT MEDICINE,"Jan. 21, 2009",ASAP Products LLC,,info@asapplantmedicine.com
77026938,deadAbandoned,DRYNK ULTRA LOUNGE,"May 25, 2009","Jekka Entertainment, LLC",,ffedup@aol.com
77026659,deadAbandoned,FUN ON WHEELS,"Jan. 26, 2009",Imagination Holdings Pty Ltd,,sarah.wishart@imagination.com.au
77026779,deadAbandoned,COLOR ME 1-2-3,"Mar. 30, 2009","Summit Marketing Group, Inc.",,alan@summitmktgroup.com
77026990,REQUEST_FAILED,,,,,
77027648,deadAbandoned,WEBULUS.COM,"Aug. 17, 2009",Webulus Inc.,,
77027610,deadAbandoned,WEBULUS.COM,"Sep. 14, 2009",Webulus Inc.,,
77027973,deadAbandoned,DANCING LIGHT,"May 15, 2009","Bromage, Jean A.",,jean@dancinglightcandles.net
77028807,deadAbandoned,None,"May 04, 2009","Predator Mogulwear, Inc.",,
77029305,deadAbandoned,AERYX,"Mar. 30, 2009","Predator Mogulwear, Inc.",,
77028047,deadAbandoned,IZZY AV,"Mar. 30, 2009","Benyosef, Israel D.",,
77028057,deadAbandoned,IT'S IZZY TO DO BUSINESS WITH US,"Mar. 30, 2009","Benyosef, Israel D.",,
77031622,deadAbandoned,NZYMA,"Jul. 13, 2009","NZYMA, LLC",,
77030441,REQUEST_FAILED,,,,,
77031717,deadAbandoned,H HOPE,"Apr. 29, 2009",Xiao Hong HAO,,tmregistered@gmail.com
77032614,deadAbandoned,CRAZE,"Mar. 09, 2009","Whatnow, Inc.",,
77031686,REQUEST_FAILED,,,,,
77033563,deadAbandoned,BIOSPROCKET,"Dec. 28, 2009","Tacitus, LLC",,
77034155,deadAbandoned,BABE,"Feb. 23, 2009","Woolley, Craig F.",,loganwoolley@gmail.com
77034421,deadAbandoned,YANNARI,"May 04, 2009",manasseh ben ammi,,yannari03@yahoo.com
77035276,deadAbandoned,None,"May 04, 2009","Akerue Industries, LLC d/b/a Kay Home Products",,
77035407,deadAbandoned,STUFF HEARTS ARE MADE OF,"Apr. 13, 2009",GLYNN INCORPORATED,,glynn@puffuns.com
77035074,REQUEST_FAILED,,,,,
77034287,deadAbandoned,I DO SPORTS,"Jun. 01, 2009","GORDON, MAE d/b/a GORDON DESIGNS",,gordondesigns@aol.com
77036467,deadAbandoned,TASTEE N' HEALTHEE,"Jan. 07, 2009","Shah, Kirit S.",,kirits007@yahoo.com
77035724,REQUEST_FAILED,,,,,
77037417,deadAbandoned,QVU,"Feb. 16, 2009","Quartics, Inc.",,
77037444,deadAbandoned,PC2TV,"Feb. 16, 2009","Quartics, Inc.",,
77037116,REQUEST_FAILED,,,,,
77038101,deadAbandoned,WEBORAMA,"Mar. 25, 2009",Speedex Inc.,,D_Braslavsky@sbcglobal.net
77038528,deadAbandoned,BACKSTAGE GALLERY,"Apr. 20, 2009",KPM Enterprises LLC,,
77038482,deadAbandoned,TEACH OUTSIDE THE BOX,"Apr. 13, 2009","Callella, Trisha",,trishacallella@yahoo.com
77036217,deadAbandoned,NE NASARE ENTERPRISES LLC,"Oct. 21, 2009","Nasare Enterprises, LLC.",,
77039964,REQUEST_FAILED,,,,,
77039441,REQUEST_FAILED,,,,,
77040831,deadAbandoned,DUST N' BUST,"Apr. 07, 2009",Forensic Consulting Associates of New England LLC.,,drew@forensicconsulting.com
77041034,REQUEST_FAILED,,,,,
77041108,deadAbandoned,VALENTIN V HOTELS,"May 18, 2009",VALENTIN GESTION S.L.,,ip@agladial.com
77042056,deadAbandoned,MOVIE-KEY,"Jun. 08, 2009",Sharon Fridhendler,,ilanit@patentim.com
77040049,REQUEST_FAILED,,,,,
77042203,deadAbandoned,ADEGA VIÑA ALMIRANTE,"Oct. 14, 2009",VIÑA ALMIRANTE SOC. COOP. GALEGA,,ip@agladial.com
77041921,REQUEST_FAILED,,,,,
77042539,deadAbandoned,GOOD SPOTS,"Mar. 23, 2009","Good Spots, LLC",,peter@alki.com
77042573,deadAbandoned,GOOD SPOTS,"Mar. 23, 2009","Good Spots, LLC",,peter@alki.com
77042300,deadAbandoned,RAZ POINT,"Feb. 09, 2009","Resercom, L.P.",,
77042618,deadAbandoned,GOOD SPOTS,"Apr. 13, 2009","Good Spots, LLC",,peter@alki.com
77042404,REQUEST_FAILED,,,,,
77043028,deadAbandoned,JADE-A-KINS,"Jan. 22, 2009","Jade-a-Kins, LLC",,
77042592,deadAbandoned,BOARD BLENDER,"Aug. 19, 2009","Ivan, Jason",,jason@merillian.com
77043217,deadAbandoned,DIALPOD,"Feb. 11, 2009",DIGICLICK CORP.,,
77042594,deadAbandoned,GOOD SPOTS,"Mar. 23, 2009","Good Spots, LLC",,peter@alki.com
77043578,deadAbandoned,SINCERO,"Oct. 19, 2009",Vinedos Emiliana S.A.,,
77045362,deadAbandoned,ALL AT THE SPEED OF RETAIL,"Nov. 02, 2009",INTERNATIONAL PAPER COMPANY,,stephanie.haupt@ipaper.com
77045215,REQUEST_FAILED,,,,,
77044799,deadAbandoned,GRIZZ,"Oct. 12, 2009","Lofton, Cortney, D.",,
77046221,REQUEST_FAILED,,,,,
77047335,deadAbandoned,THE ROCKIMALS,"Feb. 23, 2009",Starworks Production Co. Ltd.,,
77049471,deadAbandoned,B.MOSS,"May 27, 2009","mordeckai, mouyal",,mouyal@gmail.com
77049426,deadAbandoned,KISKA,"Jan. 26, 2009",Morenos LTDA,,
77050527,deadAbandoned,I DO SPORTS,"Jun. 08, 2009","GORDON, MAE",,gordondesigns@aol.com
77050755,deadAbandoned,OXYQUICK,"Apr. 13, 2009",Cupola Ventures LLC,,steve@cupolaventures.com
77050920,REQUEST_FAILED,,,,,
77050486,REQUEST_FAILED,,,,,
77053595,deadAbandoned,BELLEZZA IMPORTS,"May 29, 2009",Bellezza Imports,,
77053948,deadAbandoned,HIP KIDZ,"Aug. 31, 2009",Hip Kidz Ltd.,,aidanrafferty@msn.com
77054598,deadAbandoned,MISO,"Oct. 09, 2009",karen hsiao,,
77054651,deadAbandoned,WE MAKE YOUR BLOOD FLOW SMOOTHER,"Jul. 13, 2009","Nzymeceuticals, Inc.",,
77054983,deadAbandoned,SUPERFILL PORESHRINK R,"Aug. 24, 2009",SOAP & GLORY LIMITED,,juditht@brandhandling.com
77055497,REQUEST_FAILED,,,,,
77056649,deadAbandoned,QUICKREAD,"Feb. 09, 2009","Rand, Austin",,
77056834,deadAbandoned,IDSMART,"May 11, 2009","ID Smart, LLC",,
77057268,deadAbandoned,FOODSCAPING,"Feb. 16, 2009","Mackenzie, John R.",,M2JRMFL@bellsouth.net
77057628,deadAbandoned,PARADISE BLU,"Feb. 16, 2009","FMW USA LICENSING, LLC",,
77058821,REQUEST_FAILED,,,,,
77059087,deadAbandoned,COLORBLOOM,"Mar. 16, 2009",INNOVATIVE ART,,jgrantz@innovativeart.com
77059635,deadAbandoned,GUTS,"Feb. 02, 2009","KUAI KUAI CO., LTD.",,
77059721,deadAbandoned,BASICK,"Apr. 22, 2009",Basick Clothing Company,,
77060200,deadAbandoned,MY COINS COUNT!,"Oct. 05, 2009","HYBRID KIOSKS, LLC",,
77060675,deadAbandoned,ROLLERCOASTER OF CHANGE,"Jan. 15, 2009","Haines, Stephen",,
77058939,REQUEST_FAILED,,,,,
77061301,deadAbandoned,TRIPLE 777 COMPANY,"Oct. 20, 2009","ZEPEDA, LUPE ELIZABETH",,connywg@yahoo.com.mx
77060777,REQUEST_FAILED,,,,,
77061550,REQUEST_FAILED,,,,,
77061518,REQUEST_FAILED,,,,,
77062691,deadAbandoned,BRINGING YOU NEWS FOR LIFE,"Oct. 05, 2009","Healthcare News Network, LLC",,
77063172,deadAbandoned,None,"Nov. 09, 2009",Sparkie's Outdoor Coffee & Gear Co.,,sparkie_cm2@yahoo.com
77065163,deadAbandoned,DRYFORK,"May 01, 2009",dryfork Media Corporation,,billn@dryfork.com
77064680,deadAbandoned,TUFU INTERNATIONAL THINGS U FIND UNIQUE,"Oct. 05, 2009","TUFU International, Inc.",,
77065054,deadAbandoned,KEYSTONE IT STRATEGY TO SUPPORT THE FUTURE,"Mar. 16, 2009","Praetorian Financial Group, Inc.",,
77066169,deadAbandoned,LACAVA CIGAR & SPIRITS PLEASURES,"May 18, 2009","VINOTECA LATASCA RD, S.A.",,
77065994,deadAbandoned,CLEARSMILE STRAIGHT TEETH WITHOUT BRACES,"Apr. 16, 2009",ClearSmile Pty Ltd,,lisa.teixeira@clearsmile.biz
77063915,deadAbandoned,MOBILEUNDERGROUND,"Jul. 22, 2009","Wang, Jay",,jay@mobileunderground.com
77066931,deadAbandoned,NOTIFIGHT,"Aug. 07, 2009",Ludo Saenz,,ludosaenz@aol.com
77066087,REQUEST_FAILED,,,,,
77067853,deadAbandoned,ICCONS,"Nov. 02, 2009","ICCONS, Incorporated",,dm@spotzero.com
77067143,REQUEST_FAILED,,,,,
77067020,deadAbandoned,HEALTHONE MEDICAL SYSTEMS,"Apr. 02, 2009","Antioch Holdings, Inc.",,
77066921,REQUEST_FAILED,,,,,
77068148,deadAbandoned,LATASCA WINE & FOOD SENSATIONS,"Apr. 13, 2009","VINOTECA LATASCA RD, S.A.",,
77068367,deadAbandoned,ARIADNE'S THREAD,"Jul. 27, 2009",laurane medical,,laurane.medical@wanadoo.fr
77069301,deadAbandoned,UNUM,"Jul. 20, 2009",Schweizer Hill LLC,,johns@unumna.com
77065924,REQUEST_FAILED,,,,,
77069546,deadAbandoned,AIR SUPPLIERS,"Dec. 21, 2009","Salher Industrial Supplies, Corp.",,eugyne.salazar@yahoo.com
77069496,REQUEST_FAILED,,,,,
77071139,deadAbandoned,MANAGEMENT 1AND1,"Jul. 07, 2009",Reyes Luis A,,larcpr@hotmail.com
77072321,deadAbandoned,W.I.P. IT!,"Oct. 26, 2009",MCJEMMM INC.,,
77071382,REQUEST_FAILED,,,,,
77072666,deadAbandoned,GNOSYS TECHNOLOGIES,"Jun. 22, 2009",GNOSYS TECHNOLOGIES SL,,jrodriguez@navarravc.com
77071616,REQUEST_FAILED,,,,,
77073019,deadAbandoned,EROS,"May 18, 2009",LLW International Inc.,,cindy.lam@chicosjewelry.com
77075099,deadAbandoned,GYROBALL,"May 11, 2009",Michael S. Vitale,,an7vita@aol.com
77076001,deadAbandoned,IMAGINATION JUMPSTART,"Mar. 16, 2009","Imagination Jumpstart, LLC",,
77073342,REQUEST_FAILED,,,,,
77077105,deadAbandoned,NZYMECEUTICALS,"Jul. 13, 2009","Nzymeceuticals, Inc.",,
77076346,REQUEST_FAILED,,,,,
77077603,deadAbandoned,REVELWARE,"Dec. 14, 2009","REVELWARE, LLC",,eric.thrasher@revelware.com
77077448,REQUEST_FAILED,,,,,
77075915,REQUEST_FAILED,,,,,
77077997,REQUEST_FAILED,,,,,
77078867,deadAbandoned,KURIO,"Apr. 20, 2009",K & Company LLC,,ssheehan@wilton.com
77079236,deadAbandoned,WISTERIA LANE,"Apr. 27, 2009",Dermapeutics Corporation,,dermapeutics@gmail.com
77079253,REQUEST_FAILED,,,,,
77079353,deadAbandoned,FIREPRO,"Apr. 30, 2009",ACORN ENGINEERING COMPANY,,tmregistered@gmail.com
77078546,deadAbandoned,PIZZA METER,"Nov. 16, 2009",Pizza Y.D.E.Y. Holdings Ltd.,,ilanit@patentim.com
77079842,deadAbandoned,SAFETYFLAME,"May 22, 2009","Louis J. Christen & Company, Inc.",,ljccoinc@christenco.com
77079957,deadAbandoned,BUSINESSTUBE,"Mar. 30, 2009",BLUE TITAN CORPORATION,,redislandcorp@gmail.com
77080938,deadAbandoned,WILDTUBE,"Mar. 30, 2009",BLUE TITAN CORPORATION,,redislandcorp@gmail.com
77081031,deadAbandoned,USSR,"Jul. 01, 2009","750 ML, LLC",,jcooper@domainedecanton.com
77081343,REQUEST_FAILED,,,,,
77081153,REQUEST_FAILED,,,,,
77082517,deadAbandoned,SOCCERETTES,"Apr. 20, 2009","Byrne, Rodger J.",,rodgerbyrne@hotmail.com
77081475,REQUEST_FAILED,,,,,
77083058,deadAbandoned,THE ANGRY DIETER,"Jan. 12, 2009","Murdock, Brenda Marie",,saturn33376@hotmail.com
77084203,deadAbandoned,None,"Jul. 13, 2009","Nzymeceuticals, Inc.",,
77084851,deadAbandoned,RETRORESIN DR. JEKYLL AS MR. HYDE 1/8TH SCALE DETAILED RESIN ASSEMBLY KIT,"Dec. 29, 2009","Toparcean, Gene",,
77085548,deadAbandoned,CARS.OVERSTOCK.COM,"Apr. 13, 2009","Overstock.com, Inc.",,
77085599,deadAbandoned,SAFESWITCH,"Jun. 11, 2009",Carpenter Jr Willian Neil,,bill@carpentergroup.com
77084845,REQUEST_FAILED,,,,,
77085798,deadAbandoned,VELANI CLASSICS CHILDREN'S WEAR,"Feb. 27, 2009","VELASQUEZ, MANUEL DE JESUS",,nelvelsoto@yahoo.com
77086766,deadAbandoned,"N-VENT ""QUICK CONNECT""","Nov. 09, 2009",Titan American Corp.,,johnnyyan1983@hotmail.com
77087090,deadAbandoned,I AM HIP HOP,"Oct. 26, 2009","I AM HIP HOP, INC.",,
77087097,deadAbandoned,I AM HIP HOP,"Oct. 26, 2009","I AM HIP HOP, INC.",,
77087099,deadAbandoned,I AM HIP HOP,"Oct. 26, 2009","I AM HIP HOP, INC.",,
77087168,deadAbandoned,GAME RESOURCE MANAGEMENT,"Dec. 28, 2009","Lowson, Linda M.",,llowson@optonline.net
77087564,REQUEST_FAILED,,,,,
77088338,deadAbandoned,GO LISTING.COM,"May 04, 2009",Grant Freer,,
77087602,REQUEST_FAILED,,,,,
77088205,REQUEST_FAILED,,,,,
77088593,deadAbandoned,FANE,"Mar. 09, 2009",Precision Devices International Limited,,mark@precision-devices.com
77087088,deadAbandoned,I AM HIP HOP,"Oct. 26, 2009","I AM HIP HOP, INC.",,
77088889,REQUEST_FAILED,,,,,
77090384,REQUEST_FAILED,,,,,
77091547,deadAbandoned,POWERFOLDER PROFESSIONAL,"Jan. 09, 2009",Christian Sprajc,,sprajc@powerfolder.com
77091296,REQUEST_FAILED,,,,,
77091557,deadAbandoned,IT'S AN OBAMANATION!,"Sep. 29, 2009","Cotto, Anna M.",,ciscocotto@hotmail.com
77091689,deadAbandoned,M BRIDGE,"Aug. 06, 2009","Power Digital Card Co., Ltd.",,tipa.com@msa.hinet.net
77092554,deadAbandoned,SONIX BOOM,"Nov. 30, 2009",PriLabs Inc.,,
77090941,REQUEST_FAILED,,,,,
77091685,REQUEST_FAILED,,,,,
77093076,deadAbandoned,F FASPIDER,"Oct. 26, 2009","GUANGZHOU FASPIDER MOTOR CO., LTD.",,
77093136,deadAbandoned,IN FLIGHT BUTTER,"Mar. 17, 2009","CVC Financial, L.P.",,
77092934,deadAbandoned,CLEAR SKYE PRODUCTIONS,"Jan. 27, 2009","MacQueen, Skye",,
77094105,deadAbandoned,B BROOKLYN SNOWBOARDING COMPANY,"Jun. 08, 2009",Patrick Keegan,,boldpup@mac.com
77094561,deadAbandoned,HINDSIGHT,"May 18, 2009","VT-Luxe Corporation, d/b/a Visual Therapy",,
77092050,REQUEST_FAILED,,,,,
77094256,REQUEST_FAILED,,,,,
77094827,deadAbandoned,HAI KARATE,"Oct. 25, 2009","CGE Enterprises, LLC",,jhastings@vermontcountrystore.com
77096387,REQUEST_FAILED,,,,,
77097026,deadAbandoned,5G.COM,"Jun. 08, 2009","Fifth Generation Systems, Inc.",,
77097033,deadAbandoned,5G,"Jun. 15, 2009","Fifth Generation Systems, Inc.",,
77097012,deadAbandoned,FIFTH GENERATION SYSTEMS,"Dec. 02, 2009","Fifth Generation Systems, Inc.",,
77097501,deadAbandoned,AIRCEL,"Jan. 05, 2009","Great 2000 Enterprises, Inc.",,
77094973,REQUEST_FAILED,,,,,
77097498,deadAbandoned,AFTER SIX,"Jan. 05, 2009","Great 2000 Enterprises, Inc.",,
77097445,REQUEST_FAILED,,,,,
77097512,REQUEST_FAILED,,,,,
77098130,deadAbandoned,FIRE YOUR LANDLORD,"Nov. 02, 2009","Michael Ashley Consulting Enterprises, Inc.",,ma5266@aol.com
77097508,deadAbandoned,WINFORD,"Jan. 05, 2009","Great 2000 Enterprises, Inc.",,
77098531,deadAbandoned,LESS VANITY MORE HUMANITY,"May 18, 2009",Farmer Diane R.,,rokrose@redshift.com
77098522,deadAbandoned,PRINCESS PRISSYPANTS,"Apr. 21, 2009",Pink Angel Press,,ashley@pinkangelpress.com
77098029,REQUEST_FAILED,,,,,
77098699,deadAbandoned,XSBANK,"May 04, 2009","International Apparel Group, LLC",,
77098698,deadAbandoned,XSBANK,"May 04, 2009","International Apparel Group, LLC",,
77098878,deadAbandoned,REAL WOMEN HAVE CURVES,"Sep. 09, 2009",Josefina Lopez,,
77098876,REQUEST_FAILED,,,,,
77098925,deadAbandoned,BILLIE JEANS,"Jul. 07, 2009","Shaw, Monica",,
77100319,REQUEST_FAILED,,,,,
77100748,REQUEST_FAILED,,,,,
77101184,deadAbandoned,HILLSBORO,"Jan. 05, 2009","Great 2000 Enterprises, Inc.",,
77100823,REQUEST_FAILED,,,,,
77102166,deadAbandoned,POWER OF ACTION,"Jan. 05, 2009","Viapointe, Inc.",,
77102117,deadAbandoned,BILLIE JEANS,"Jul. 07, 2009","Shaw, Monica",,
77101907,REQUEST_FAILED,,,,,
77102151,REQUEST_FAILED,,,,,
77103470,deadAbandoned,GERA MEI,"Mar. 09, 2009","Maniglia, Laura I.",,
77102996,deadAbandoned,FAUX ROYALTY,"Dec. 14, 2009","Hyan, Courtney Leigh",,
77103770,deadAbandoned,GRAN MARACAME TEQUILA,"Jul. 13, 2009",HERRERA ORENDAIN ELENA,,cramirez@uribeyasociados.com
77103606,REQUEST_FAILED,,,,,
77104492,deadAbandoned,CONSCIOUS HEALTHY INNOVATIVE CULTURED,"Feb. 09, 2009",CHIC-LIFE LLC,,cchang@jorlawfirm.com
77104532,deadAbandoned,PUBLOPIN,"May 18, 2009","Byrne, Rodger J.",,rodgerbyrne@hotmail.com
77104418,REQUEST_FAILED,,,,,
77103166,deadAbandoned,NEXCESS,"Dec. 03, 2009",NEXCESS.NET L.L.C.,,clwells@nexcess.net
77104735,deadAbandoned,PRST (PORTABLE REMOTE SENSORDATA TERMINAL),"Jan. 02, 2009",Instrument Control Sweden AB,,paul_holmstedt@hotmail.com
77105045,deadAbandoned,ART NOT WAR FOUNDATION,"Jul. 06, 2009","Pursell, Summer",,
77105572,deadAbandoned,THE GAME OF MONEY,"Dec. 14, 2009",Imagination Holdings Pty Ltd,,hostmaster@imagination.com.au
77105963,deadAbandoned,COMMON GROUND RESTORATION EMPOWERING RESTORED LIVES TO RESTORE HISTORY,"Jan. 12, 2009","Common Ground Restoration, Inc.",,cgrinc@gmail.com
77106603,deadAbandoned,FOLLOW-UP,"Jan. 05, 2009","Flynn III, Richard J.",,
77105737,deadAbandoned,YUPPIE GUPPIE,"Jun. 08, 2009","Eisenbise, Camille S.",,camille@eisenbise.com
77105825,REQUEST_FAILED,,,,,
77107713,deadAbandoned,"WESTCOAST WATERMELON ""THE WESTIE""","Aug. 24, 2009","Brody, Biff M",,javabiff@gmail.com
77107926,deadAbandoned,HAIG,"Aug. 04, 2009","Maslyukov, Pavel",,maslyukov@yahoo.co.uk
77108221,deadAbandoned,GRAN PASSION SUPREMA,"Jul. 06, 2009",HERRERA ORENDAIN ELENA,,cramirez@uribeyasociados.com
77108887,deadAbandoned,BOUNCE REFLEX,"Apr. 20, 2009",Bounce Reflex LLC,,abai@bouncereflex.com
77108022,REQUEST_FAILED,,,,,
77107302,deadAbandoned,BALLISTIC KENO,"Jun. 15, 2009","ADRENALIN GAMING, LLC",,scott@adrenalingaming.com
77109177,REQUEST_FAILED,,,,,
77109327,REQUEST_FAILED,,,,,
77109430,REQUEST_FAILED,,,,,
77110113,deadAbandoned,HOUSE OF ROYALTY,"May 25, 2009",House of Royalty,,HouseOfRoyalty@msn.com
77110124,deadAbandoned,PLAYPUPPY,"Mar. 23, 2009","Bradfield, Vicki Cunningham",,vicki827@gt.rr.com
77110234,REQUEST_FAILED,,,,,
77110362,REQUEST_FAILED,,,,,
77110996,deadAbandoned,EAR LICK,"Aug. 18, 2009",YRLIC MUSIC LLC,,yrlicmusic@yahoo.com
77111023,deadAbandoned,None,"Apr. 06, 2009","Truscelli, Joseph Douglas",,joeyt@aol.com
77111100,deadAbandoned,PRO PS SERIES,"Jan. 22, 2009","West Chester Holdings, Inc.",,
77111012,REQUEST_FAILED,,,,,
77109606,REQUEST_FAILED,,,,,
77111619,deadAbandoned,TODAY COULD BE THE DAY,"Jan. 05, 2009",Promega Corporation,,
77111795,deadAbandoned,ONE SHOT,"Jun. 08, 2009","ND Rights, LLC",,
77111266,REQUEST_FAILED,,,,,
77112052,deadAbandoned,EZI-CUT DIAMOND COATED HOLE SAWS,"Nov. 23, 2009","Le Breton, Craig",,
77112916,deadAbandoned,GENET-X,"Nov. 16, 2009","MOURAD, HASSAN M.",,GENETXNUTRITION@GMAIL.COM
77111634,REQUEST_FAILED,,,,,
77111582,REQUEST_FAILED,,,,,
77112881,deadAbandoned,BRAIN HARMONIZER,"Jan. 12, 2009",Brain Harmonizer LLC,,info@brainharmonizer.com
77113578,deadAbandoned,FLUGPO,"Feb. 09, 2009","Flugpo, Ltd.",,
77113497,deadAbandoned,CELEBRI-TEES,"Nov. 16, 2009","Freeman Jr., Ozell C.",,ocfj@wowway.com
77113802,REQUEST_FAILED,,,,,
77114061,deadAbandoned,RED DRAGON EXPRESS,"Jun. 01, 2009","Triton Distribution Systems, Inc.",,
77114118,deadAbandoned,None,"Jun. 01, 2009","Triton Distribution Systems, Inc.",,
77114159,deadAbandoned,SME SPORTS MEDIA ENTERTAINMENT NETWORK,"Aug. 17, 2009","Alexander, Raymond",,smebroadcasting@yahoo.com
77114120,deadAbandoned,None,"Jun. 01, 2009","Triton Distribution Systems, Inc.",,
77114798,deadAbandoned,SLEEK PERFECTION,"Jun. 15, 2009","Vanity Fair, Inc.",,ldooley@fruit.com
77114864,deadAbandoned,LOLO,"Mar. 19, 2009","Unter, Daniel E",,dan.unter@gmail.com
77114648,REQUEST_FAILED,,,,,
77115367,deadAbandoned,COLONY CLOTHING CO.,"Sep. 19, 2009","Freeman Jr., Ozell C.",,ocfj@wowway.com
77114825,deadAbandoned,HER FIT,"Jun. 15, 2009","Vanity Fair, Inc.",,ldooley@fruit.com
77115598,deadAbandoned,SLAP THE BAG,"Jan. 12, 2009",Agent Styles Pty Ltd,,lachlan@funkyes.com
77113921,REQUEST_FAILED,,,,,
77115611,deadAbandoned,ASTRO-BLUEBONNET BOWL,"May 19, 2009",AFTERIMAGE LLC,,
77116297,deadAbandoned,UGLYBOY,"Dec. 14, 2009","Santana, Julius S.",,
77116652,deadAbandoned,CITIZEN X,"Aug. 24, 2009","Monda, Matthew Jesse",,
77115778,REQUEST_FAILED,,,,,
77116917,REQUEST_FAILED,,,,,
77117114,deadAbandoned,INTELLIGENTWEBCAST,"Feb. 04, 2009","Association Archives, Inc.",,pforte@blueskybroadcast.com
77116919,REQUEST_FAILED,,,,,
77117973,deadAbandoned,JOYRIDE,"Mar. 02, 2009",Moxie Strategic Marketing,,jessica@moxiestrategicmarketing.com
77117859,deadAbandoned,FIREBRAND,"Aug. 18, 2009",The Commercials Network LLC,,
77119111,deadAbandoned,BOREDAT,"May 25, 2009","Boredat, Inc.",,
77119390,deadAbandoned,GARDENERS ANONYMOUS,"Jan. 21, 2009","Fairchild, Katrina",,jkafair1@sbcglobal.net
77119407,deadAbandoned,SIC,"Jun. 02, 2009",S.I.C.,,sickustoms@aol.com
77119643,deadAbandoned,FOKKER,"Jul. 02, 2009","Wilson, Peter",,piaw@aol.com
77119104,REQUEST_FAILED,,,,,
77120031,deadAbandoned,LILIPIP,"Mar. 30, 2009","LILIPIP, INC.",,
77120046,deadAbandoned,LILIPIP,"Mar. 30, 2009","LILIPIP, INC.",,
77119787,REQUEST_FAILED,,,,,
77120275,REQUEST_FAILED,,,,,
77116827,REQUEST_FAILED,,,,,
77120770,deadAbandoned,SNAPPY BAND,"Jul. 06, 2009",Precision Dynamics Corporation,,
77121077,deadAbandoned,ROPASI,"Jan. 05, 2009",Enginuity LLC,,andy@enginuity.com
77121003,REQUEST_FAILED,,,,,
77121217,REQUEST_FAILED,,,,,
77121391,deadAbandoned,"GR""ATTITUDE""","Apr. 13, 2009","Chapman, Joanne",,joannechapman3@hotmail.com
77121343,REQUEST_FAILED,,,,,
77121722,deadAbandoned,BALLINATOR,"Jan. 26, 2009",Don Avgerinos,,DON.AVG@VERIZON.NET
77121894,deadAbandoned,SAIQI,"Mar. 30, 2009","SHISHI CITY SAIQI SPORTS GOODS CO., LTD.",,
77122047,deadAbandoned,SINUS SPA,"Jan. 12, 2009",Spendler Jonny O,,jon@nacur.com
77122139,deadAbandoned,"LETSGU.COM PROTECT, PROMOTE AND SELL YOUR IDEAS !","Aug. 03, 2009",You-gu LLC,,alfonso@you-gu.com
77121947,REQUEST_FAILED,,,,,
77122809,REQUEST_FAILED,,,,,
77122125,REQUEST_FAILED,,,,,
77123935,REQUEST_FAILED,,,,,
77123966,REQUEST_FAILED,,,,,
77124684,REQUEST_FAILED,,,,,
77124603,REQUEST_FAILED,,,,,
77125179,deadAbandoned,IRON LEAF,"Jan. 05, 2009",Iron Leaf Capital Corporation,,
77125180,deadAbandoned,POSITIVE IMPACT,"Jan. 05, 2009",Iron Leaf Capital Corporation,,
77125172,deadAbandoned,TERRIERS ARE TERRIFIC,"May 18, 2009",BEMAC Enterprises LLC DBA Terriers Are Terrific,,btm3258@sbcglobal.net
77125132,REQUEST_FAILED,,,,,
77124872,REQUEST_FAILED,,,,,
77126066,REQUEST_FAILED,,,,,
77126081,REQUEST_FAILED,,,,,
77127575,deadAbandoned,TEQUILA RITA'S,"May 26, 2009","1131 N. Water, LLC",,
77127069,REQUEST_FAILED,,,,,
77127626,REQUEST_FAILED,,,,,
77128081,REQUEST_FAILED,,,,,
77128091,REQUEST_FAILED,,,,,
77128514,deadAbandoned,LIFE'S A BEACH,"Jul. 06, 2009","GAMES 4 YOU, LLC",,scott@adrenalingaming.com
77128988,deadAbandoned,GBANK,"Jan. 05, 2009","Hertel, Andrew David",,drew@gshop.com
77129162,REQUEST_FAILED,,,,,
77130371,deadAbandoned,DEFECT LAB,"Jan. 26, 2009","Jieh, Timothy",,timjieh@jayostudios.com
77129827,REQUEST_FAILED,,,,,
77130952,deadAbandoned,4RPLANET,"Feb. 02, 2009","Hebegrace, Inc.",,bobmacris@mac.com
77129893,REQUEST_FAILED,,,,,
77131277,deadAbandoned,KILA CLOTHING,"May 14, 2009","Sullivan, Anthony R.",,
77131160,REQUEST_FAILED,,,,,
77131651,deadAbandoned,HER RAINMAKER,"Jan. 26, 2009",City Music Inc,,tysdocuments@aol.com
77131622,REQUEST_FAILED,,,,,
77131987,REQUEST_FAILED,,,,,
77132390,REQUEST_FAILED,,,,,
77133472,deadAbandoned,ADVANCED THROUGHPUT,"Jun. 15, 2009","Advanced Throughput, Inc.",,
77133488,deadAbandoned,THE ATHERTON COMPANY,"May 27, 2009",The Atherton Company,,kraig.kast@athertontrust.com
77133170,REQUEST_FAILED,,,,,
77133181,REQUEST_FAILED,,,,,
77133667,deadAbandoned,LIGHT FILMS,"Aug. 26, 2009","Leflef, Timucin",,admin@lightfilms.com
77133799,deadAbandoned,SALSA IS MY BITCH,"Jul. 06, 2009",Robert Saric,,robsaric@alphalink.com.au
77133462,REQUEST_FAILED,,,,,
77133801,deadAbandoned,SALSATHLETIC,"Jun. 29, 2009",Robert Saric,,robsaric@alphalink.com.au
77133911,deadAbandoned,RSVP,"Jan. 05, 2009","PREPAID CARD SERVICES, INC.",,wlcorcoran@earthlink.net
77134148,deadAbandoned,SELECT PRACTICE,"Jan. 05, 2009","CareScience, Inc.",,
77133845,REQUEST_FAILED,,,,,
77134355,deadAbandoned,THELEARNINGPIT,"Feb. 04, 2009","Simpson, William",,admin@TheLearningPit.com
77134444,REQUEST_FAILED,,,,,
77134825,deadAbandoned,LUXURIO,"Aug. 31, 2009",LUXURIO INC.,,
77134866,deadAbandoned,MUSIC NATION TV,"Mar. 04, 2009","Golzari, Alexander",,alex@golzari.com
77134963,deadAbandoned,HOME VOTERS,"Feb. 02, 2009",3W Solutions LLC,,flashvoter@yahoo.com
77134771,REQUEST_FAILED,,,,,
77136089,deadAbandoned,R U MOTIVATED INSPIRING PERSONAL AND PROFESSIONAL GROWTH,"Jan. 26, 2009","R U Motivated, LLC",,
77135928,deadAbandoned,MSW MATTY'S SOUL WEAR,"Dec. 28, 2009",Matthew Olehy,,
77136088,REQUEST_FAILED,,,,,
77136773,REQUEST_FAILED,,,,,
77137649,deadAbandoned,HEIRLOOM PORTRAITURE,"Apr. 07, 2009","HOWELL, JOHN D.",,hydronics@embarqmail.com
77137281,deadAbandoned,PETITE PLUS FASHIONS FOR PETITE PLUS SIZE WOMEN,"May 18, 2009",BEMAC Enterprises LLC DBA Petite Plus,,btm3258@sbcglobal.net
77137480,deadAbandoned,HAPPY ZEPPOLE!,"Jun. 01, 2009","Happy Zeppole, L.L.C.",,mark@hubnj.com
77138264,REQUEST_FAILED,,,,,
77138432,deadAbandoned,MAGICFORMULAFUNDS.COM,"Feb. 01, 2009","Miller, David",,
77138362,REQUEST_FAILED,,,,,
77138676,deadAbandoned,BORN AGAIN,"Jan. 02, 2009",OldGloves.com,,oldgloves@yahoo.com
77138361,REQUEST_FAILED,,,,,
77139092,deadAbandoned,HAVE YOU EVER,"Jul. 27, 2009",Andrew Zatlin,,azatlin@gmail.com
77139151,deadAbandoned,COSTICK WORLDWIDE,"Jan. 19, 2009",COSTICK WORLDWIDE,,gtucker@americandocsinc.com
77139050,REQUEST_FAILED,,,,,
77139121,REQUEST_FAILED,,,,,
77139808,deadAbandoned,PACO & LOLA,"Aug. 03, 2009",COOPERATIVA VITIVINICOLA AROUSANA S.C.G.,,ip@agladial.com
77139886,deadAbandoned,GENERATIONBRIDGE,"Dec. 07, 2009","GenerationBridge, LLC",,
77139673,REQUEST_FAILED,,,,,
77139772,REQUEST_FAILED,,,,,
77139856,REQUEST_FAILED,,,,,
77141535,deadAbandoned,KICK'N GO,"Jul. 27, 2009",Christopher Alesi,,
77140862,REQUEST_FAILED,,,,,
77141542,deadAbandoned,KICK'N GO 2,"Jul. 27, 2009",Christopher Alesi,,
77141106,deadAbandoned,GLADIATHOR,"Apr. 02, 2009",EndoGyn Ltd.,,dr.kruschinski@EndoGyn.com
77141755,REQUEST_FAILED,,,,,
77141850,REQUEST_FAILED,,,,,
77142518,REQUEST_FAILED,,,,,
77143126,deadAbandoned,NANOLIFE,"Jan. 19, 2009","Nanolife Holdings, Sarl",,
77142866,REQUEST_FAILED,,,,,
77143284,deadAbandoned,COINUCOPIA,"Jul. 27, 2009","HYBRID KIOSKS, LLC",,
77143395,deadAbandoned,ECOLAV,"Jul. 20, 2009","Ecolavation, LLC",,
77143317,deadAbandoned,ORMUS,"May 17, 2009","GOOLSBEE, HENRY ALFRED",,ormus.dna@mac.com
77143181,REQUEST_FAILED,,,,,
77143678,deadAbandoned,SPACE LAS VEGAS,"Jan. 26, 2009","ND Rights, LLC",,
77143807,deadAbandoned,SOUR SKWIZ,"Jul. 27, 2009",CANDELARIO LOPEZ ERIBERTO,,cramirez@uribeyasociados.com
77143849,deadAbandoned,VAMPIRITOS,"Jan. 19, 2009",CANDELARIO LOPEZ ERIBERTO,,cramirez@uribeyasociados.com
77143614,REQUEST_FAILED,,,,,
77144035,deadAbandoned,THESPACELASVEGAS,"Feb. 16, 2009","ND Rights, LLC",,
77143739,deadAbandoned,SPACELASVEGAS,"Jan. 26, 2009","ND Rights, LLC",,
77143939,deadAbandoned,THE SPACE LAS VEGAS,"Jan. 26, 2009","ND Rights, LLC",,
77143720,deadAbandoned,SPACELASVEGAS,"Jan. 12, 2009","ND Rights, LLC",,
77144008,deadAbandoned,THESPACELASVEGAS,"Feb. 09, 2009","ND Rights, LLC",,
77144241,deadAbandoned,WAR MMA,"Jun. 13, 2009","Davis, Charles P",,cpdtpa@hotmail.com
77144226,REQUEST_FAILED,,,,,
77144622,deadAbandoned,None,"Sep. 14, 2009",East Carolina University,,
77144428,REQUEST_FAILED,,,,,
77145383,deadAbandoned,SHREDDERS L.A. HARBOR AREA,"Dec. 07, 2009","Bustamante, Enrique",,ericaxenios@hotmail.com
77144945,deadAbandoned,SIMPLE MACHINES AND GRAVITATIONAL FIELDS,"Feb. 09, 2009",Douglas A Zingale,,zingaled@gtlaw.com
77144874,REQUEST_FAILED,,,,,
77145590,deadAbandoned,BERNARD EVANS PLATINUM,"Jun. 08, 2009","Bernard Evans Enterprises, LLC",,
77145723,deadAbandoned,NAAN STOP,"Aug. 03, 2009","Varma, Remy",,remyvarma@gmail.com
77145820,deadAbandoned,DONLIM,"Jan. 19, 2009","Guangdong Xinbao Electrical Appliances Holdings Co., Ltd.",,tm@acip.cn
77145618,REQUEST_FAILED,,,,,
77146475,deadAbandoned,TRANSPARENT TRADE,"Feb. 24, 2009",Richard Ziff,,
77146491,deadAbandoned,JOIN THE ORGANIC REVOLUTION,"Feb. 24, 2009",Richard Ziff,,
77145834,REQUEST_FAILED,,,,,
77146907,deadAbandoned,BABY ME,"Oct. 01, 2009",Daniel Moshirian,,dmoshirian@aol.com
77146078,REQUEST_FAILED,,,,,
77147020,deadAbandoned,IHIP,"Jan. 26, 2009","Sela Products, LLC",,tzitzow@petra.com
77147507,deadAbandoned,MAN B! SPORTS,"Mar. 30, 2009",Hector Rudolph Alexander,,alexandernewyork1@yahoo.com
77147200,REQUEST_FAILED,,,,,
77147554,REQUEST_FAILED,,,,,
77148189,deadAbandoned,EUROSCAPE BICYCLE TOURING,"Feb. 16, 2009","Davis, Justin R.",,mr_justin_r_davis@yahoo.com
77147975,REQUEST_FAILED,,,,,
77148718,deadAbandoned,WÍFÍ-VÓ,"Jan. 26, 2009","American Telecom Services, Inc.",,
77148116,REQUEST_FAILED,,,,,
77148723,deadAbandoned,GIVE N' TALK,"Jan. 26, 2009","American Telecom Services, Inc.",,
77148944,REQUEST_FAILED,,,,,
77149254,deadAbandoned,DECT 6.0 EXTENDS LIFE,"Jan. 26, 2009","American Telecom Services, Inc.",,
77149071,REQUEST_FAILED,,,,,
77149766,deadAbandoned,SCENA SYSTEMS,"Mar. 04, 2009",Scena Systems LLC,,ggauglitz@scenasystems.com
77149700,deadAbandoned,VU HOTEL,"Dec. 21, 2009",Horizen Global LLC,,
77149492,deadAbandoned,BLESSED HAWAIIAN WATERS,"Oct. 05, 2009",williams terri ann,,mauiterri@yahoo.com
77149122,REQUEST_FAILED,,,,,
77149725,deadAbandoned,HOMEWERKS,"Mar. 04, 2009",Scena Systems LLC,,ggauglitz@scenasystems.com
77150299,deadAbandoned,EULER300,"Jun. 23, 2009","Greenspan, Aviva",,admin@cphonepix.com
77150831,deadAbandoned,CERTIFIED MARKET VALUE,"Jan. 12, 2009",Panamerican Realty Corporation,,
77151095,deadAbandoned,MYFAITHDATE,"Sep. 06, 2009","MyFaithDates.com, Inc.",,
77150848,REQUEST_FAILED,,,,,
77151135,REQUEST_FAILED,,,,,
77151250,REQUEST_FAILED,,,,,
77151367,deadAbandoned,E!,"Feb. 09, 2009","Anderson, Graeme",,info@shamen.com
77151484,deadAbandoned,PISTONS,"Jan. 05, 2009","Interaction Factor, Inc.",,steven@interactionfactor.com
77151382,REQUEST_FAILED,,,,,
77151346,REQUEST_FAILED,,,,,
77151389,REQUEST_FAILED,,,,,
77151593,REQUEST_FAILED,,,,,
77151741,REQUEST_FAILED,,,,,
77152018,deadAbandoned,FEEL FREE,"Dec. 07, 2009","Fifth Generation Systems, Inc.",,
77151738,REQUEST_FAILED,,,,,
77152348,deadAbandoned,NWK LOVES U,"Apr. 13, 2009","Hanini, Samer",,thafer@hanini.com
77152888,deadAbandoned,DAYBOOX,"Aug. 03, 2009","REXTIDE, INC",,mm.privat@gmx.de
77152105,REQUEST_FAILED,,,,,
77152806,REQUEST_FAILED,,,,,
77152925,REQUEST_FAILED,,,,,
77153414,deadAbandoned,CREATIVE KIDS PUBLISHING,"Jun. 29, 2009",TransGlobal Communications Group Inc.,,
77153992,deadAbandoned,FOND SWEET,"Feb. 09, 2009","Wang, Licheng",,linda@niutang.us
77154223,deadAbandoned,TT TEXTRADE,"Feb. 02, 2009","Textrade, Inc.",,
77154177,deadAbandoned,TEXTRADE,"Jan. 26, 2009","Textrade, Inc.",,
77153513,REQUEST_FAILED,,,,,
77153948,REQUEST_FAILED,,,,,
77154408,REQUEST_FAILED,,,,,
77154912,deadAbandoned,DIGAL!FE,"Feb. 02, 2009","Daniel, Leonard",,zazz@digalife.com
77154691,deadAbandoned,HORIZON,"Mar. 02, 2009",Horizon Fuel Cell Technologies,,store@horizonfuelcell.com
77154754,deadAbandoned,STONEWALL PRESS,"May 11, 2009","Stonewall Press, Inc.",,franklin@hensonlaw.com
77154739,REQUEST_FAILED,,,,,
77155224,deadAbandoned,ECOSUTRA,"Feb. 02, 2009","Berns, Mark Russell",,russell@ecosutra.com
77155246,REQUEST_FAILED,,,,,
77155514,REQUEST_FAILED,,,,,
77155594,REQUEST_FAILED,,,,,
77155934,REQUEST_FAILED,,,,,
77156335,REQUEST_FAILED,,,,,
77156651,REQUEST_FAILED,,,,,
77156694,REQUEST_FAILED,,,,,
77156753,REQUEST_FAILED,,,,,
77156846,deadAbandoned,POWERFUL,"Mar. 06, 2009","AKHUNDZADA, SHAHIN",,shahin@atf.ae
77156981,deadAbandoned,THE ANTIQUES DIVA,"Aug. 17, 2009","Haines, Toma I.",,tomahaines@yahoo.com
77157384,deadAbandoned,PEACEPULSE,"Feb. 13, 2009",Gaiasoft IP Ltd,,nick.orosz@gaiasoft.com
77157072,REQUEST_FAILED,,,,,
77157143,REQUEST_FAILED,,,,,
77157148,REQUEST_FAILED,,,,,
77158457,deadAbandoned,MAN B! SPORTS,"Mar. 30, 2009","Alexander, Hector Rudolph",,alexandernewyork1@yahoo.com
77157805,REQUEST_FAILED,,,,,
77157812,REQUEST_FAILED,,,,,
77159110,REQUEST_FAILED,,,,,
77159466,deadAbandoned,IT'S ALL ABOUT THE PAUSE,"Feb. 16, 2009","HARDI INTERNATIONAL, INC.",,
77159125,REQUEST_FAILED,,,,,
77159365,REQUEST_FAILED,,,,,
77159768,deadAbandoned,URBAN GREENSCAPES,"Jul. 27, 2009",AMCOL International Corporation,,
77159868,REQUEST_FAILED,,,,,
77160110,REQUEST_FAILED,,,,,
77160472,deadAbandoned,STORAGE VALET,"Jan. 26, 2009",Alex Rosenberg,,alex@echo-finance.com
77160235,deadAbandoned,RENEWABLEYOU,"Apr. 13, 2009","Spector, Howard Martin",,hspector@mac.com
77160193,REQUEST_FAILED,,,,,
77160821,deadAbandoned,BOTANY RX,"Aug. 24, 2009","Mashour, Max",,newportmax@yahoo.com
77161356,deadAbandoned,GOLIBRARY,"Jan. 19, 2009",Distribution Technologies DISTEC AB,,christian.bjerser@distec.se
77160543,REQUEST_FAILED,,,,,
77160780,REQUEST_FAILED,,,,,
77162270,REQUEST_FAILED,,,,,
77162354,REQUEST_FAILED,,,,,
77162434,deadAbandoned,RE-CREAT! OLOZOO,"Mar. 03, 2009",LIVING OLO,,EUGENE@DESIGNOLO.COM
77162509,REQUEST_FAILED,,,,,
77162695,REQUEST_FAILED,,,,,
77163509,deadAbandoned,SUEÑO AMERICANO TAXES,"Feb. 23, 2009","Leon, Jesus Raul",,rleon@suame.com
77162948,REQUEST_FAILED,,,,,
77163838,deadAbandoned,TREE TRUNK,"Apr. 13, 2009","GANG, ALLEN K.",,INFO@FAKIRAH.COM
77163651,REQUEST_FAILED,,,,,
77163932,deadAbandoned,SLOSHIES,"Aug. 03, 2009","Bortz Family Business, LLC",,bbortz@hotmail.com
77164414,deadAbandoned,BARE EFFECTS,"Mar. 23, 2009","Bare Escentuals Beauty, Inc.",,tmdocket@bareescentuals.com
77164430,deadAbandoned,BARE OPAL,"Mar. 23, 2009","Bare Escentuals Beauty, Inc.",,tmdocket@bareescentuals.com
77164426,deadAbandoned,BARE SILVER,"Mar. 23, 2009","Bare Escentuals Beauty, Inc.",,tmdocket@bareescentuals.com
77164416,deadAbandoned,PURE BARE,"Mar. 23, 2009","Bare Escentuals Beauty, Inc.",,tmdocket@bareescentuals.com
77164386,REQUEST_FAILED,,,,,
77164411,REQUEST_FAILED,,,,,
77165028,deadAbandoned,FINEOS CLAIMS,"Feb. 09, 2009",FINEOS Corporation,,kelsey.miller@fineos.com
77165264,deadAbandoned,MOMMYEMPIRE,"Jun. 08, 2009","PAREDES, LISA",,
77165469,deadAbandoned,DID UOODLE TODAY,"Feb. 16, 2009","Uoodle.com, Inc.",,
77165121,REQUEST_FAILED,,,,,
77165258,REQUEST_FAILED,,,,,
77166744,deadAbandoned,BIBLE WAY CHURCH OF OUR LORD JESUS CHRIST WORLD WIDE,"Nov. 12, 2009","Bible Way Church of Our Lord Jesus Christ World-Wide, Inc",,
77166788,deadAbandoned,BIBLE WAY CHURCH OF OUR LORD JESUS CHRIST WORLD WIDE INC AD 1957,"Aug. 27, 2009","Bible Way Church of Our Lord Jesus Christ World-Wide, Inc.",,
77166950,REQUEST_FAILED,,,,,
77167527,deadAbandoned,MAGIC LINERS POTTY TRAINING BAGS,"Feb. 16, 2009","Violett Sky, Inc.",,rachel_munson@violettsky.com
77168402,deadAbandoned,VIRTUALGIFT,"Nov. 16, 2009","Direct Sites, Inc.",,jason@directsitexs.com
77168598,deadAbandoned,DEATHBRINGER,"Feb. 02, 2009",Infinite Interactive Pty Ltd,,jfawkner@infinite-interactive.com
77168619,deadAbandoned,APPEX NETWORKS,"Oct. 01, 2009",Appex Networks LLC.,,wang_yd@yahoo.com
77168570,deadAbandoned,"""EXCELLENCE EXTENDED THROUGH STRENGTH AND WISDOM""","Oct. 02, 2009",The excelXtend Corporation,,kdaley@excelXtend.com
77168146,REQUEST_FAILED,,,,,
77168315,REQUEST_FAILED,,,,,
77168618,REQUEST_FAILED,,,,,
77169155,REQUEST_FAILED,,,,,
77169123,REQUEST_FAILED,,,,,
77169289,REQUEST_FAILED,,,,,
77169977,deadAbandoned,BUYIT!,"Oct. 19, 2009","Tri-Tech Internet Services, Inc.",,
77169557,REQUEST_FAILED,,,,,
77170314,REQUEST_FAILED,,,,,
77170582,REQUEST_FAILED,,,,,
77170792,REQUEST_FAILED,,,,,
77171351,deadAbandoned,BELLA FORME,"Aug. 24, 2009","Bella Forme Holdings, LLC",,
77171446,deadAbandoned,CAN U HEMI NOW,"Feb. 16, 2009",morvant byron m,,skb22@bellsouth.net
77171021,REQUEST_FAILED,,,,,
77171331,REQUEST_FAILED,,,,,
77171179,REQUEST_FAILED,,,,,
77171557,REQUEST_FAILED,,,,,
77171693,REQUEST_FAILED,,,,,
77171793,REQUEST_FAILED,,,,,
77172661,deadAbandoned,RAPID,"Oct. 06, 2009",LALVANI PALJIT,,harpreet@jotwani.com
77172235,REQUEST_FAILED,,,,,
77173055,deadAbandoned,PIKAROKAS,"Jul. 27, 2009","ERIBERTO, CANDELARIO LOPEZ",,cramirez@uribeyasociados.com
77173163,deadAbandoned,MAILPOST PALS,"Jan. 29, 2009","Fabius, Barry M.",,bfabius@comcast.net
77173238,REQUEST_FAILED,,,,,
77173072,REQUEST_FAILED,,,,,
77173718,deadAbandoned,OECONOMUS,"Apr. 20, 2009",OECONOMUS s.r.o.,,info@oeconomus.com
77173668,REQUEST_FAILED,,,,,
77173750,deadAbandoned,VERY WELL CONNECTED.,"Aug. 17, 2009","Red Atom Networks, LLC.",,jganovsky@redatomnetworks.com
77173883,deadAbandoned,None,"Aug. 10, 2009","New Line Fashion, Inc.",,tmregistered@gmail.com
77173740,REQUEST_FAILED,,,,,
77173813,REQUEST_FAILED,,,,,
77174192,REQUEST_FAILED,,,,,
77174318,REQUEST_FAILED,,,,,
77174947,REQUEST_FAILED,,,,,
77175100,REQUEST_FAILED,,,,,
77175591,REQUEST_FAILED,,,,,
77176132,deadAbandoned,CESARE RAGAZZI,"Aug. 24, 2009",Cesare Ragazzi Company S.p.A.,,
77176346,deadAbandoned,CNC,"Sep. 28, 2009","Cesare Ragazzi Company, S.p.A.",,
77176372,deadAbandoned,CAPELLI NATURALI A CONTATTO,"Nov. 16, 2009","Cesare Ragazzi Company, S.P.A.",,
77176198,deadAbandoned,CESARE RAGAZZI COMPANY,"Aug. 03, 2009","Cesare Ragazzi Company, S.p.A.",,
77176166,REQUEST_FAILED,,,,,
77176826,deadAbandoned,WASTE NOT. WANT NOT. PRACTICE TODAY.,"Feb. 21, 2009","Carroll, Lauretta Irene",,carroll@practicetoday.com
77176943,deadAbandoned,ED-GEL,"Aug. 24, 2009","HARKINS JR., THOMAS JOHN",,
77177005,deadAbandoned,GLACIER ISLE,"Nov. 16, 2009",Robert Baker,,jasteinsson@gmail.com
77177018,deadAbandoned,GLACIER RESERVE,"Nov. 16, 2009",robert baker,,jasteinsson@gmail.com
77176876,REQUEST_FAILED,,,,,
77177156,deadAbandoned,PRIMARY COLORS,"Mar. 01, 2009","Johnson, Charles A.",,stationzeroz@yahoo.com
77177172,deadAbandoned,ISAFE,"May 25, 2009",Xitel Pty. Limited,,xitel@xitel.com
77176939,REQUEST_FAILED,,,,,
77176791,REQUEST_FAILED,,,,,
77177631,deadAbandoned,CRECE CON NOSOTROS,"Feb. 06, 2009","Fernando, Schiantarelli Juan",,knfa4@aol.com
77177178,deadAbandoned,REVIEW FIRST,"Jul. 06, 2009",DN LEASING LLC,,flashyvoter@yahoo.com
77177176,deadAbandoned,INFLATA-FENCE,"Apr. 06, 2009","JUMPING J- JAYS USA, LLC",,mark@alfreds.com.au
77177903,deadAbandoned,PLATINUM PREMIUM PRODUCT,"Feb. 13, 2009","Hadelis, LLC",,
77178124,deadAbandoned,THE PLATINUM ASSET LOAN,"Apr. 30, 2009","Hadelis, LLC",,
77178369,deadAbandoned,GAMEPLUS,"Jan. 02, 2009",Ainsworth Game Technology Limited,,jason.meyer@ainsworth.com.au
77177830,REQUEST_FAILED,,,,,
77177953,REQUEST_FAILED,,,,,
77178305,deadAbandoned,MELODY AMOUR,"Mar. 11, 2009",MELODY A ESPINOZA,,eendofdays@optonline.net
77178206,deadAbandoned,YMC YOURMUSICCHANNEL,"Feb. 16, 2009","WDMG, LLC",,
77179436,deadAbandoned,MMA HALL OF FAME,"Mar. 10, 2009",3W Solutions LLC,,flashyvoter@yahoo.com
77179462,deadAbandoned,OAKHURST,"Jan. 26, 2009","New Line Fashion, Inc.",,tmregistered@gmail.com
77178580,REQUEST_FAILED,,,,,
77178982,REQUEST_FAILED,,,,,
77179472,deadAbandoned,SAINTS,"Apr. 28, 2009","Szymanski, John",,johnszymanski@iprimus.com.au
77179587,deadAbandoned,ABUELA,"Mar. 31, 2009",David A. Kanbar,,dkanbar@gmail.com
77179636,deadAbandoned,PARTYCASTLES,"Nov. 16, 2009","JUMPING J- JAYS USA, LLC",,mark@alfreds.com.au
77179551,REQUEST_FAILED,,,,,
77179676,deadAbandoned,GRAPPLING HALL OF FAME,"Mar. 10, 2009",3W Solutions LLC,,flashyvoter@yahoo.com
77180114,deadAbandoned,THE SPIRIT OF A MILLENARY CULTURE,"Oct. 07, 2009",HERRERA ORENDAIN ELENA,,cramirez@uribeyasociados.com
77180227,deadAbandoned,GRAN MARACAME PLATINO,"Jun. 29, 2009",HERRERA ORENDAIN ELENA,,cramirez@uribeyasociados.com
77180151,deadAbandoned,YOU ARE UNDER MARA´AKAME PROTECTION,"Jun. 29, 2009",HERRERA ORENDAIN ELENA,,cramirez@uribeyasociados.com
77180096,REQUEST_FAILED,,,,,
77180355,REQUEST_FAILED,,,,,
77180693,deadAbandoned,ICLEAN.NET,"Feb. 11, 2009",Roger Turner,,amontgomery@kleen.com
77180637,deadAbandoned,IT'S WHERE WE LIVE,"Sep. 18, 2009","Jones, Michael",,michael-jones@pacbell.net
77180715,deadAbandoned,RYOU?,"Apr. 13, 2009","Spector, Howard Martin",,hspector@mac.com
77180453,REQUEST_FAILED,,,,,
77181493,deadAbandoned,WAXFRUIT,"Mar. 02, 2009","Waxfruit Arts Media, Inc.",,
77181735,deadAbandoned,EAT PETITE -- SMALLER PORTIONS FOR SMALLER PROPORTIONS!,"Aug. 31, 2009","Efseaff, Ludmilla Michael",,info@EatPetite.com
77181785,deadAbandoned,MAKE YOUR TASTE BUDS HAPPY,"Feb. 03, 2009","NEZ Enterprises, LLC",,john@thehottestdog.com
77181361,REQUEST_FAILED,,,,,
77181826,deadAbandoned,VERMILLION,"Jul. 07, 2009","VERMILLION, INC.",,
77182108,REQUEST_FAILED,,,,,
77181830,REQUEST_FAILED,,,,,
77183146,deadAbandoned,MAVIZEN,"May 21, 2009",Mavizen Limited,,a@mavizen.com
77183333,deadAbandoned,CONNECT MY RECIPES,"Feb. 23, 2009","GROCERY SHOPPING NETWORK, INC.",,aandolshek@groceryshopping.net
77183432,deadAbandoned,TRICOPULSE,"Aug. 10, 2009",Cesare Ragazzi Company S.p.A.,,
77182648,REQUEST_FAILED,,,,,
77183352,deadAbandoned,CONNECT MY SAVINGS,"Feb. 23, 2009","GROCERY SHOPPING NETWORK, INC.",,aandolshek@groceryshopping.net
77183170,deadAbandoned,JAVANAN,"Oct. 19, 2009",Paraglobe LLC,,kasray@yahoo.com
77183462,deadAbandoned,TRICOPULSE SPECIAL,"Aug. 10, 2009",Cesare Ragazzi Company S.p.A.,,
77183559,deadAbandoned,CONNECT MY STORE,"Mar. 02, 2009","GROCERY SHOPPING NETWORK, INC.",,aandolshek@groceryshopping.net
77183196,REQUEST_FAILED,,,,,
77183638,deadAbandoned,CONNECT MY VIDEOS,"Feb. 23, 2009","GROCERY SHOPPING NETWORK, INC.",,aandolshek@groceryshopping.net
77183481,deadAbandoned,TRICOPULSE PROFESSIONAL,"Aug. 10, 2009",Cesare Ragazzi Company S.p.A.,,
77183864,deadAbandoned,THE RIGHTEOUS REBEL,"Feb. 23, 2009","Muhl, Kimberly A.",,kmuhl@nvrinc.com
77184255,deadAbandoned,FLIP AND GROW RICH,"Feb. 20, 2009","Urban South Media, LLC",,deangelocosey@hotmail.com
77183794,REQUEST_FAILED,,,,,
77183851,REQUEST_FAILED,,,,,
77184268,deadAbandoned,MY SPOOF,"Mar. 02, 2009","Park, Woon Young",,woonyoungpark@gmail.com
77184071,REQUEST_FAILED,,,,,
77184598,REQUEST_FAILED,,,,,
77184603,REQUEST_FAILED,,,,,
77184913,REQUEST_FAILED,,,,,
77185067,REQUEST_FAILED,,,,,
77185270,REQUEST_FAILED,,,,,
77185337,deadAbandoned,MIBOD,"Apr. 19, 2009","Palmer, H, Olivia",,olivia.palmer@mibod-eu.com
77185468,deadAbandoned,STRESS-AID,"Mar. 16, 2009","Andersson, Roger L",,roger.andersson@flow.se
77185316,REQUEST_FAILED,,,,,
77185557,deadAbandoned,MOTHER NECESSITY,"May 11, 2009","Mother Necessity, Inc.",,rshea@mothernecessity.com
77185589,deadAbandoned,EVOLVING ADAM,"Aug. 24, 2009",Nature's Foot & Spine,,ta44pto@earthlink.net
77185622,deadAbandoned,COLLALTO,"Mar. 06, 2009","Collalto, Isabella",,studio@studiopbp.it
77185670,deadAbandoned,A.C.R.E.S ARM CHAIR REAL ESTATE STRATEGIES,"Aug. 03, 2009","Wojtas Jr., Theodore",,
77185655,REQUEST_FAILED,,,,,
77186276,deadAbandoned,PUSHBUTTONMUSIC PLAYER,"Aug. 17, 2009","PushButtonMusic.com, LLC",,
77186313,REQUEST_FAILED,,,,,
77186320,REQUEST_FAILED,,,,,
77186366,REQUEST_FAILED,,,,,
77187211,deadAbandoned,WAY TOO WILD,"Jul. 06, 2009","GAMES 4 YOU, LLC",,Scott@adrenalingaming.com
77186510,REQUEST_FAILED,,,,,
77186583,REQUEST_FAILED,,,,,
77187054,REQUEST_FAILED,,,,,
77188736,deadAbandoned,DELAWHERE?,"Mar. 16, 2009","Patrick, Richard A.",,RickyPatrick10@hotmail.com
77188148,REQUEST_FAILED,,,,,
77187942,REQUEST_FAILED,,,,,
77188178,REQUEST_FAILED,,,,,
77188222,REQUEST_FAILED,,,,,
77188951,REQUEST_FAILED,,,,,
77189345,deadAbandoned,ROYAL FLUSH ANNUAL RYEGRASS BLEND 50/50 DIPLOID-TETRAPLOID BLEND,"Apr. 28, 2009","Forbes Seed and Grain, Inc.",,billw@forbesseed.com
77189123,REQUEST_FAILED,,,,,
77189237,deadAbandoned,BIG LICK,"Jun. 23, 2009","Johnson, Jerry Lee",,
77189886,deadAbandoned,FRAPPLOSION,"Feb. 23, 2009",Fresh Fruit Bouquet Company Franchising LLC,,
77189876,deadAbandoned,V VERONICA LONDON,"Jan. 19, 2009",CareerBags Inc.,,info@careerbags.com
77190138,REQUEST_FAILED,,,,,
77190106,REQUEST_FAILED,,,,,
77190382,REQUEST_FAILED,,,,,
77191004,deadAbandoned,RAW GORGEOUS - HIGH VIBRATION RADIANCE,"Feb. 26, 2009","Home, Shonagh",,
77190772,deadAbandoned,NANORGANICS,"Aug. 17, 2009",NANOTECHNOVATION CORPORATION,,wkrause@clairson.com
77190916,REQUEST_FAILED,,,,,
77191130,REQUEST_FAILED,,,,,
77191394,deadAbandoned,TRANSFERMYMEMBERSHIP.COM,"Jun. 15, 2009","O'Neal, Ryan",,
77191190,REQUEST_FAILED,,,,,
77191385,REQUEST_FAILED,,,,,
77191647,deadAbandoned,CONNECT MY SPECIALS,"Feb. 23, 2009","GROCERY SHOPPING NETWORK, INC.",,aandolshek@groceryshopping.net
77191661,deadAbandoned,CONNECT MY SHOPPING LIST,"Feb. 23, 2009","GROCERY SHOPPING NETWORK, INC.",,aandolshek@groceryshopping.net
77191437,REQUEST_FAILED,,,,,
77191515,REQUEST_FAILED,,,,,
77191571,REQUEST_FAILED,,,,,
77191842,REQUEST_FAILED,,,,,
77191901,REQUEST_FAILED,,,,,
77192050,REQUEST_FAILED,,,,,
77192425,REQUEST_FAILED,,,,,
77192541,REQUEST_FAILED,,,,,
77192676,REQUEST_FAILED,,,,,
77192964,deadAbandoned,ARCH 3D,"Mar. 16, 2009","Able American Capital Alliance, Inc.",,sales@arch3d.com
77192735,REQUEST_FAILED,,,,,
77192820,deadAbandoned,CAKESHOP,"Sep. 14, 2009","Adams, Michael",,michael@10fingers.com
77192913,REQUEST_FAILED,,,,,
77193048,deadAbandoned,NO ONE IS INNOCENT,"Aug. 10, 2009",LaDon Echols,,zuzpect1@gmail.com
77193218,REQUEST_FAILED,,,,,
77193828,deadAbandoned,JOE COOL ICED COFFEE,"Feb. 09, 2009","Brody, Mark B",,javabiff@gmail.com
77193626,REQUEST_FAILED,,,,,
77193899,deadAbandoned,IFUSE,"Mar. 16, 2009",Info Valley Corporation,,gnanamgari@infovalley.com
77193720,REQUEST_FAILED,,,,,
77193897,REQUEST_FAILED,,,,,
77194588,deadAbandoned,DEAD OM,"Sep. 24, 2009","Banerji, Kingshuk",,
77194113,REQUEST_FAILED,,,,,
77194384,REQUEST_FAILED,,,,,
77195088,deadAbandoned,BEINJOY,"Mar. 16, 2009","Injoy, Inc.",,bernardplee@yahoo.com
77194706,REQUEST_FAILED,,,,,
77195932,deadAbandoned,"""THE CASHMERE OF PAPER""","Oct. 15, 2009","Julie Holcomb Printers, Inc.",,info@julieholcombprinters.com
77195937,deadAbandoned,WORLD'S HEALTH HUT,"Jun. 01, 2009","Lewis, Sanders, Jr",,ljr_sand@sbcglobal.net
77195905,deadAbandoned,POMEROL,"Sep. 14, 2009","Homer TLC, Inc.",,trade_marks@homedepot.com
77195270,REQUEST_FAILED,,,,,
77196317,deadAbandoned,TILEJET,"Sep. 14, 2009",DIP TECH LTD,,ilanit@patentim.com
77196322,deadAbandoned,MOVIE PUBLISHING,"Mar. 30, 2009","MOVIE PUBLISHING, INC.",,ugnox@yahoo.com
77197209,deadAbandoned,THE FIT ADVOCATE PROTECTING & ENHANCING THE LIVES OF HEALTH & FITNESS CONSUMERS,"Mar. 16, 2009","Pepin-Donat, Craig",,chris@daylawfirm.com
77196379,REQUEST_FAILED,,,,,
77196640,REQUEST_FAILED,,,,,
77197391,deadAbandoned,TELACITY.COM SHARE YOUR CITY,"Jan. 12, 2009",telacity.com llc,,emazanec@pacbell.net
77197359,REQUEST_FAILED,,,,,
77198586,deadAbandoned,E-LEBRITIES,"Sep. 28, 2009",Imagination Holdings Pty Ltd,,sarah.wishart@imagination.com.au
77198417,deadAbandoned,MAGNA CANE,"Jul. 07, 2009",That's Thinking,,markmollie@yahoo.com
77198371,REQUEST_FAILED,,,,,
77198568,REQUEST_FAILED,,,,,
77198874,REQUEST_FAILED,,,,,
77198985,REQUEST_FAILED,,,,,
77198920,REQUEST_FAILED,,,,,
77199928,deadAbandoned,NUTRIRANGER,"Mar. 23, 2009",Juan A. Lopez,,jlopez@nutriva.com.mx
77199606,REQUEST_FAILED,,,,,
77200407,deadAbandoned,CHAT KAARRE,"Mar. 16, 2009","SURYA FOODS, HYDERABAD FOOD PRODUCTS PVT LTD",,
77200006,REQUEST_FAILED,,,,,
77200203,REQUEST_FAILED,,,,,
77200254,REQUEST_FAILED,,,,,
77200500,REQUEST_FAILED,,,,,
77200763,deadAbandoned,KIDSCOUNT,"Nov. 30, 2009","KIDSCOUNT, LLC",,DRSUSANALEXANDER@AOL.COM
77200977,deadAbandoned,KUMA SUMA,"Sep. 14, 2009","Tar, Jet C.",,jettar1@yahoo.com
77201121,deadAbandoned,R.A.D.E.O.S.,"Jul. 13, 2009","G.F.G. SOFTWARE, LLC",,
77201078,deadAbandoned,I DON'T CARE ENOUGH TO CARE WHY I DON'T CARE,"Apr. 20, 2009",John Reckas,,azjohnr@hotmail.com
77201000,REQUEST_FAILED,,,,,
77202080,deadAbandoned,FARM PIRATES,"Feb. 02, 2009","Beijing Haofeng Digital Entertainment & Technology Co., Ltd",,brett.skogen@gmail.com
77201405,REQUEST_FAILED,,,,,
77202554,deadAbandoned,CREATING THE ZONE,"Feb. 02, 2009",Weiser Daniel,,weiser1@netvision.net.il
77202813,deadAbandoned,CAPTURE,"Nov. 02, 2009","ICCONS, Incorporated",,dm@spotzero.com
77202433,REQUEST_FAILED,,,,,
77202608,REQUEST_FAILED,,,,,
77202875,deadAbandoned,COMMUNITYPRO,"Jul. 21, 2009","CommunityPro, LLC",,
77203193,REQUEST_FAILED,,,,,
77203213,REQUEST_FAILED,,,,,
77204350,deadAbandoned,LEELANAU JOE'S,"Sep. 14, 2009","Sleeping Bear Trading Company, LLC",,
77204056,deadAbandoned,POMRESGO,"Aug. 31, 2009","Decker, Hal B.",,success@thecia.net
77204599,deadAbandoned,GROWER ROASTED,"Jan. 16, 2009",Matthew L. Friedman,,mattfried@hotmail.com
77204717,deadAbandoned,None,"May 04, 2009",MTS Products,,tmregistered@gmail.com
77204198,REQUEST_FAILED,,,,,
77204561,REQUEST_FAILED,,,,,
77204581,REQUEST_FAILED,,,,,
77205686,REQUEST_FAILED,,,,,
77205695,REQUEST_FAILED,,,,,
77206031,deadAbandoned,GOCOURSE LEARNING SYSTEM,"Mar. 30, 2009","Agilix Labs, Inc.",,
77205898,REQUEST_FAILED,,,,,
77206020,REQUEST_FAILED,,,,,
77206319,REQUEST_FAILED,,,,,
77206819,REQUEST_FAILED,,,,,
77207902,deadAbandoned,ARSEOS,"Aug. 24, 2009","Belliard, Giselle M",,arseos@arseos.com
77207499,REQUEST_FAILED,,,,,
77208052,deadAbandoned,WOW WORLD OF WINGS,"Mar. 09, 2009","BUISSON, LAWRENCE DU",,thorvisions@yahoo.com
77208064,deadAbandoned,GO XPO,"Apr. 06, 2009","BUISSON, LAWRENCE DU",,thorvisions@yahoo.com
77207907,REQUEST_FAILED,,,,,
77207909,REQUEST_FAILED,,,,,
77208075,deadAbandoned,THOR CONCERTS,"Mar. 09, 2009","BUISSON, LAWRENCE DU",,thorvisions@yahoo.com
77208070,deadAbandoned,WOW XPO,"Oct. 26, 2009","BUISSON, LAWRENCE DU",,thorvisions@yahoo.com
77208066,deadAbandoned,GET ORGANIZED,"Apr. 06, 2009","BUISSON, LAWRENCE DU",,thorvisions@yahoo.com
77208124,deadAbandoned,THE PURSUIT OF HAPPINESS,"Jan. 05, 2009",Max Windsor Floors,,tmregistered@gmail.com
77208419,REQUEST_FAILED,,,,,
77208728,deadAbandoned,TRICOPULSE ETG,"Aug. 10, 2009",Cesare Ragazzi Company S.p.A.,,
77208742,REQUEST_FAILED,,,,,
77209113,deadAbandoned,MY LEARNING STEPS,"Jan. 12, 2009","Kody & Company, LLC",,kkohutek@mylearningsteps.com
77209231,deadAbandoned,GIVING FABRICS A SECOND LIFE..... RE-DEUX GIVING US ALL A BETTER LIFE.,"Mar. 02, 2009","Northeast Textiles, Inc.",,dgordon@netextiles.com
77209526,deadAbandoned,TOVA CELINE,"Jan. 23, 2009",Tova Celine Chesnin,,
77209157,REQUEST_FAILED,,,,,
77209475,REQUEST_FAILED,,,,,
77209747,REQUEST_FAILED,,,,,
77209794,REQUEST_FAILED,,,,,
77209911,REQUEST_FAILED,,,,,
77210224,deadAbandoned,HEATSHIFT,"Jan. 03, 2009","IDEx Enterprises, LLC",,wxiong@gmail.com
77210111,REQUEST_FAILED,,,,,
77210159,REQUEST_FAILED,,,,,
77210371,deadAbandoned,ZILLOAN.COM,"May 26, 2009","Hackett, Jeff D",,jeffhackett@earthlink.net
77210221,REQUEST_FAILED,,,,,
77210863,deadAbandoned,HIGH NOON FOODS,"Feb. 17, 2009","Bedoian Restaurant Group, Inc.",,art@highnoonfoods.com
77210898,REQUEST_FAILED,,,,,
77211193,deadAbandoned,ONE TOUCH GRATER,"Apr. 20, 2009","STALEX HOLDINGS, LLC",,
77210908,REQUEST_FAILED,,,,,
77211247,deadAbandoned,SK STRAITS KITCHEN,"Apr. 29, 2009",S.K. CORPORATION LIMITED,,
77211176,REQUEST_FAILED,,,,,
77211463,deadAbandoned,ANIMATED VACATIONS,"Mar. 30, 2009","Forrest, Mckenzie A. I. J.",,mforrestnetmail@juno.com
77211690,deadAbandoned,FEETLAB,"Aug. 17, 2009","Raymond, Douglas",,dr@philrays.com
77211473,REQUEST_FAILED,,,,,
77211495,REQUEST_FAILED,,,,,
77211722,REQUEST_FAILED,,,,,
77212283,deadAbandoned,YOODUE,"Oct. 05, 2009","Cybersettle, Inc.",,
77212460,REQUEST_FAILED,,,,,
77212706,deadAbandoned,PENN POTION,"Mar. 09, 2009","Schlossberg, Maxim J.",,turfboy@usa.com
77212699,deadAbandoned,PENN JUICE,"Mar. 09, 2009","Schlossberg, Maxim J.",,turfboy@usa.com
77212513,REQUEST_FAILED,,,,,
77212838,deadAbandoned,FINANCIAL WELLNESS PROGRAM,"Oct. 01, 2009","PlanFirst Financial Solutions, Inc.",,jmichaud@pffs.com
77212589,REQUEST_FAILED,,,,,
77212792,REQUEST_FAILED,,,,,
77213023,REQUEST_FAILED,,,,,
77213465,REQUEST_FAILED,,,,,
77213847,deadAbandoned,NOOZME,"Mar. 23, 2009","SINGULAR LOGIC, LLC",,dwilliams@singularlogic.com
77213931,deadAbandoned,NEUROKU,"Apr. 13, 2009",Axysis,,jillbalik@aol.com
77213650,REQUEST_FAILED,,,,,
77214140,deadAbandoned,JETLAUNCH,"Aug. 24, 2009","Shanghai Jinling Intelligent Electric Meter Co., Ltd.",,
77214017,REQUEST_FAILED,,,,,
77214065,REQUEST_FAILED,,,,,
77214109,REQUEST_FAILED,,,,,
77214354,REQUEST_FAILED,,,,,
77215099,deadAbandoned,THE HARD TIME SPA,"Jun. 08, 2009","FOXLEY, JOHN C.",,
77215109,deadAbandoned,LIGHTHOUSE SOFTWARE,"Apr. 03, 2009",Paul Chesterman,,eric@marlinassoc.com
77214684,REQUEST_FAILED,,,,,
77215711,deadAbandoned,ONE TOUCH WINE OPENER,"Oct. 12, 2009","STALEX HOLDINGS, LLC",,
77215585,REQUEST_FAILED,,,,,
77215818,REQUEST_FAILED,,,,,
77216946,deadAbandoned,COZY LITTLE THINGS,"Feb. 11, 2009","Victoria's Secret Stores Brand Management, Inc.",,dhampton@limitedbrands.com
77216218,REQUEST_FAILED,,,,,
77217110,deadAbandoned,UNA DELICIA MEXICANA TOSTADAS DE MAIZ DELICIAS CORN TOSTADAS CHOLESTEROL FREE,"Sep. 04, 2009","Guerrero, Arturo Rodriguez",,
77216329,REQUEST_FAILED,,,,,
77217489,REQUEST_FAILED,,,,,
77217564,REQUEST_FAILED,,,,,
77218049,REQUEST_FAILED,,,,,
77218947,deadAbandoned,FRUTALETA,"Jul. 27, 2009","LOPEZ ERIBERTO, CANDELARIO",,cramirez@uribeyasociados.com
77218620,REQUEST_FAILED,,,,,
77218626,REQUEST_FAILED,,,,,
77219376,deadAbandoned,POOH SOUP,"Mar. 11, 2009","Bryans, Portia Elizabeth",,peb319@aol.com
77219220,REQUEST_FAILED,,,,,
77219468,REQUEST_FAILED,,,,,
77219755,REQUEST_FAILED,,,,,
77219864,REQUEST_FAILED,,,,,
77219908,REQUEST_FAILED,,,,,
77219992,deadAbandoned,"SARDILLI PRODUCE & DAIRY HARTFORD, CT 860-525-3237 FOOD SAFE ""FROM FARM TO FORK""","Jun. 10, 2009",DON N. SARDILLI,,
77220016,REQUEST_FAILED,,,,,
77220491,deadAbandoned,BALTRONICS,"Oct. 05, 2009",Vantage Engineering Limited,,connie_ma@earthlink.net
77220272,REQUEST_FAILED,,,,,
77220968,REQUEST_FAILED,,,,,
77221821,deadAbandoned,THE PURSUIT OF HEALTH & HAPPINESS,"Oct. 05, 2009","Wellness.com, Inc.",,sarah@wellnessgroup.com
77221430,REQUEST_FAILED,,,,,
77221488,REQUEST_FAILED,,,,,
77221982,deadAbandoned,BRING BACK BLUE,"Apr. 06, 2009","PARK AND COMPANY MARKETING COMMUNICATIONS, INC.",,
77222001,REQUEST_FAILED,,,,,
77222177,deadAbandoned,DAVID'S FUSION CAFE,"Sep. 21, 2009",KL Lifestyle Holdings Sdn. Bhd,,
77222406,deadAbandoned,SLOTH,"Jun. 09, 2009",Samsonite Corporation,,charlie.everitt@samsonite.com
77222136,REQUEST_FAILED,,,,,
77222157,REQUEST_FAILED,,,,,
77223132,deadAbandoned,UCEM,"Oct. 12, 2009",Krazee Thoughtz,,jenkkham@yahoo.com
77222537,REQUEST_FAILED,,,,,
77223172,REQUEST_FAILED,,,,,
77223430,deadAbandoned,XANADEX,"Mar. 30, 2009",Axysis,,grabherm83@msn.com
77223475,deadAbandoned,SAMANTHARAND,"Oct. 12, 2009","SamanthaRand, L.L.C.",,
77223491,deadAbandoned,HIDDEN SECRET,"Oct. 12, 2009","SamanthaRand, L.L.C.",,
77223335,REQUEST_FAILED,,,,,
77223673,deadAbandoned,ROCK & ROLL,"Jul. 13, 2009",Eclipse,,eclipse@bodegaeclipse.com
77223465,deadAbandoned,OPEN SECRET,"Oct. 12, 2009","SamanthaRand, L.L.C.",,
77223427,REQUEST_FAILED,,,,,
77223481,REQUEST_FAILED,,,,,
77223497,REQUEST_FAILED,,,,,
77223785,REQUEST_FAILED,,,,,
77224120,deadAbandoned,SOLIDUS,"Oct. 19, 2009","Abreo, Chris L",,ca.solidus@sbcglobal.net
77224053,REQUEST_FAILED,,,,,
77224154,deadAbandoned,ZUMID,"Jul. 03, 2009",Maury Friedman,,yarone@yarone.com
77224062,REQUEST_FAILED,,,,,
77224153,deadAbandoned,ZUMMARKET,"Jun. 30, 2009",Maury Friedman,,yarone@yarone.com
77224090,REQUEST_FAILED,,,,,
77224227,deadAbandoned,ELVA,"Oct. 26, 2009",Birgir Vidar Halldorsson,,jasteinsson@gmail.com
77224187,deadAbandoned,UNIPIER IPM,"Mar. 30, 2009",Unipier Mobile Ltd,,ilanit@patentim.com
77224156,REQUEST_FAILED,,,,,
77224231,REQUEST_FAILED,,,,,
77224295,REQUEST_FAILED,,,,,
77225271,deadAbandoned,ELECTRO-YAK,"Oct. 19, 2009",Electro-Yak LLC,,
77224932,REQUEST_FAILED,,,,,
77225053,REQUEST_FAILED,,,,,
77225678,deadAbandoned,OSHA COMPLETE,"Apr. 27, 2009",National Funeral Directors Association,,cpepper@nfda.org
77226228,deadAbandoned,SWANSEA,"Jan. 10, 2009",EMMA'S COLLECTION INT'L CO. LTD.,,steve@lianhwausa.com
77225358,REQUEST_FAILED,,,,,
77226136,deadAbandoned,PLAYERADE,"Oct. 12, 2009","Real Drinks, Inc.",,realtalkent@hotmail.com
77225656,REQUEST_FAILED,,,,,
77226495,deadAbandoned,CELEBRATE YOUR LIFE!,"Apr. 20, 2009","REXTIDE, INC",,mark@rextide.com
77225918,REQUEST_FAILED,,,,,
77226498,deadAbandoned,IT'S YOUR LIFE!,"Apr. 20, 2009","REXTIDE, INC",,mark@rextide.com
77226496,deadAbandoned,IT'S IMPORTANT. IT'S YOUR LIFE!,"Apr. 27, 2009","REXTIDE, INC",,mark@rextide.com
77226313,REQUEST_FAILED,,,,,
77226392,REQUEST_FAILED,,,,,
77226954,deadAbandoned,BOXLESS MOVE,"Apr. 10, 2009","Marquis, Inc.",,
77227965,deadAbandoned,SKINMETRICS,"Dec. 28, 2009","Dermatology Specialists of Austin, PA",,rkleinman@suttonkleinman.com
77227516,REQUEST_FAILED,,,,,
77228055,REQUEST_FAILED,,,,,
77228177,REQUEST_FAILED,,,,,
77228366,REQUEST_FAILED,,,,,
77228709,deadAbandoned,HOMEZILL REALTY,"May 13, 2009",Homezill LLC,,homezill@gmail.com
77228682,REQUEST_FAILED,,,,,
77228797,REQUEST_FAILED,,,,,
77228878,REQUEST_FAILED,,,,,
77229005,REQUEST_FAILED,,,,,
77229941,deadAbandoned,DOT.COMS,"Jun. 01, 2009",JOE POTS,,
77229436,REQUEST_FAILED,,,,,
77229991,REQUEST_FAILED,,,,,
77230242,REQUEST_FAILED,,,,,
77231011,deadAbandoned,JAMBO,"Nov. 17, 2009","Pierson, Stephen",,sp123@pacbell.net
77231022,deadAbandoned,THE CONSIGLIERE'S GUIDE TO,"Mar. 30, 2009",Bruno Tarabichi,,btarabichi@gmail.com
77230698,REQUEST_FAILED,,,,,
77231229,REQUEST_FAILED,,,,,
77231370,deadAbandoned,CARNA,"Apr. 27, 2009",Carna Corporation,,
77231419,REQUEST_FAILED,,,,,
77231476,REQUEST_FAILED,,,,,
77231943,deadAbandoned,None,"Aug. 03, 2009","URBANIMAL, LLC",,
77231912,deadAbandoned,BODYCLOAK,"Sep. 28, 2009","BodyCloak Partners, LP",,
77231748,REQUEST_FAILED,,,,,
77231985,REQUEST_FAILED,,,,,
77232057,REQUEST_FAILED,,,,,
77232449,REQUEST_FAILED,,,,,
77232995,deadAbandoned,LIT,"Feb. 05, 2009",Lit International Group,,
77232650,REQUEST_FAILED,,,,,
77233142,deadAbandoned,AGILIX,"Mar. 16, 2009","Agilix Labs, Inc.",,
77232859,REQUEST_FAILED,,,,,
77233186,deadAbandoned,THE PILATES PARTNER,"Jan. 26, 2009","Weatherholtz, Geri M.",,jordanup@verizon.net
77233101,REQUEST_FAILED,,,,,
77233132,REQUEST_FAILED,,,,,
77233191,deadAbandoned,RESPEX,"May 04, 2009","Respex, LLC",,beverlygarrard@msn.com
77233516,deadAbandoned,THE WORLD'S EASIEST KITS,"Aug. 10, 2009","McMillan, Dubois Teddy",,dtmcmillan@hotmail.com
77233264,REQUEST_FAILED,,,,,
77233294,REQUEST_FAILED,,,,,
77234034,deadAbandoned,LAZERTECH,"May 25, 2009","Elite Safes, Inc.",,alertvp@yahoo.com
77233531,REQUEST_FAILED,,,,,
77234200,deadAbandoned,None,"Sep. 14, 2009","Healthcare News Network, LLC",,
77234270,deadAbandoned,BLUDOCK,"Jul. 06, 2009",Mavizen Limited,,a@mavizen.com
77234135,REQUEST_FAILED,,,,,
77234295,deadAbandoned,ESTUAY,"Oct. 26, 2009",Rajan Mehta,,
77234396,deadAbandoned,LYN MEDFORD,"Sep. 21, 2009","Medford & Company, Inc.",,design@varsitychina.com
77234433,deadAbandoned,THE OXFORD DIET,"May 11, 2009",Oxford Partners Limited,,alastair.morris@ayjaydirect.com
77234705,deadAbandoned,GO GREEN SAVE GREEN,"Mar. 30, 2009",David Arzumanyan,,arzuman_davi@bentley.edu
77234665,deadAbandoned,MOCHI-KUKI,"Mar. 18, 2009","Schilling, Robert L",,robertlschilling@yahoo.com
77234445,REQUEST_FAILED,,,,,
77234461,REQUEST_FAILED,,,,,
77234814,REQUEST_FAILED,,,,,
77235184,REQUEST_FAILED,,,,,
77235160,REQUEST_FAILED,,,,,
77235449,deadAbandoned,ODADDYO,"May 04, 2009","Osinga, Ronald L",,rondawgjr@yahoo.com
77235315,deadAbandoned,NUTRIHYDRATE,"Mar. 26, 2009","SEDAGHAT, SOHEIL",,
77235273,REQUEST_FAILED,,,,,
77235576,deadAbandoned,PAIR A DICE CLOTHING,"Feb. 09, 2009","domingo, john j III",,jimperricone@ca.rr.com
77235703,deadAbandoned,HK ARMY,"Aug. 27, 2009","ROBINS, SHELDON",,
77235578,deadAbandoned,COUSIN SAM,"Jan. 26, 2009",J. MARK HOWARD,,mark@paylowinterest.com
77235507,REQUEST_FAILED,,,,,
77235994,deadAbandoned,COUPONSHARE,"Jun. 18, 2009","Husman, Jason G",,jasonhusman@hotmail.com
77235921,deadAbandoned,AAI TRANSCREEN,"Aug. 06, 2009",AAI Transcreen LLC,,peter@aaitranscreen.com
77235884,REQUEST_FAILED,,,,,
77235827,REQUEST_FAILED,,,,,
77236093,deadAbandoned,COUPONSLTD,"Jun. 18, 2009","Husman, Jason G",,jasonhusman@hotmail.com
77236900,deadAbandoned,BACKZIDE RECORDINGS,"Jul. 20, 2009",Backzide Recordings,,mikemuvment@hotmail.com
77236903,deadAbandoned,HAPPY OURS INCORPORATED,"Jun. 01, 2009","Happy Ours, Inc.",,
77236869,deadAbandoned,HAPPY OURS,"May 04, 2009","Happy Ours, Inc.",,
77237206,deadAbandoned,TRICOPULSE PRESS,"Jul. 27, 2009",Cesare Ragazzi Company S.p.A.,,
77236571,REQUEST_FAILED,,,,,
77236975,deadAbandoned,FIESTA TO GO FRESH MEXICAN DELIVERY,"Jan. 05, 2009","Fiesta To Go, Inc.",,
77237525,deadAbandoned,MICROPHILANTHROPY,"May 04, 2009","Giving Tree, LLC",,cnicholas@mba2004.hbs.edu
77237692,deadAbandoned,SOFTION,"May 11, 2009",ACOSTA RAMIREZ VICTOR HUGO,,sales@softion.com
77237241,deadAbandoned,NATURE IS MY RELIGION,"May 04, 2009","REIFFSTECK, ERIC J",,eric.reiffsteck@gmail.com
77237485,REQUEST_FAILED,,,,,
77237562,REQUEST_FAILED,,,,,
77237773,REQUEST_FAILED,,,,,
77237784,REQUEST_FAILED,,,,,
77238720,REQUEST_FAILED,,,,,
77238767,REQUEST_FAILED,,,,,
77238886,REQUEST_FAILED,,,,,
77238953,deadAbandoned,NAIJ,"Mar. 16, 2009","Tubi, Gbolade",,gtubi1@gmail.com
77239102,deadAbandoned,IMMORTALITY BOOK,"Oct. 12, 2009",GONZALEZ HERNANDEZ RUBEN,,cramirez@uribeyasociados.com
77238944,REQUEST_FAILED,,,,,
77239878,deadAbandoned,IWATER,"Nov. 30, 2009",Actis Global Ventures,,
77240158,deadAbandoned,MMS SEARCH,"Aug. 04, 2009",23half Inc.,,kumarg@23half.com
77239757,REQUEST_FAILED,,,,,
77239894,REQUEST_FAILED,,,,,
77239998,REQUEST_FAILED,,,,,
77239954,REQUEST_FAILED,,,,,
77240323,REQUEST_FAILED,,,,,
77240970,REQUEST_FAILED,,,,,
77240840,REQUEST_FAILED,,,,,
77241231,REQUEST_FAILED,,,,,
77241411,deadAbandoned,WELCOME2COLLEGE,"Jun. 15, 2009","SparklingCards, Inc.",,rjones@welcome2college.com
77241319,REQUEST_FAILED,,,,,
77241422,deadAbandoned,INFINI,"Mar. 05, 2009",GLOBAL CORPORATE SERVICES LTD,,sam@formationshouse.com
77242143,deadAbandoned,PRO PLAYER POKER TOUR,"Nov. 30, 2009","Power Brands International, LLC.",,
77241884,REQUEST_FAILED,,,,,
77242357,deadAbandoned,None,"Mar. 23, 2009","African American Time Piece, Inc.",,
77242067,REQUEST_FAILED,,,,,
77242137,REQUEST_FAILED,,,,,
77242625,deadAbandoned,ECLECTIC,"Nov. 09, 2009","Perada, Vonn",,peradainc@hotmail.com
77242798,deadAbandoned,CATAPULT,"Nov. 09, 2009","TRUPER HERRAMIENTAS, S.A. DE C.V.",,cthomae@jcva.com.mx
77242550,REQUEST_FAILED,,,,,
77242922,deadAbandoned,HOME HARVEST PURE & NATURAL,"Feb. 04, 2009","Marshall Distributing, Inc",,compliancedirector@gmail.com
77242658,deadAbandoned,MYXY,"Feb. 23, 2009",MEDIA MOUNTAIN LTD,,myxy@hotmail.co.uk
77242813,deadAbandoned,DERMAPHUZION NEW YORK · PARIS · LONDON AND SYDNEY,"Jun. 02, 2009","Littlefield, John Edward Grant",,sales@prophuzion.com
77242823,REQUEST_FAILED,,,,,
77242832,REQUEST_FAILED,,,,,
77243382,deadAbandoned,AIRTEK,"Jan. 15, 2009",Pagani Bruno,,g.calvaruso@tin.it
77243397,deadAbandoned,BETTER HEALTH FOR BETTER LIVING,"Mar. 23, 2009",MEREDITH CORPORATION,,mlerner@ssbb.com
77243611,REQUEST_FAILED,,,,,
77244007,deadAbandoned,LICENSOURCE,"May 04, 2009",You-Gu LLC,,alfonso@you-gu.com
77244457,deadAbandoned,SPA LASHES,"Jun. 01, 2009","CPMC, LLC",,
77244200,REQUEST_FAILED,,,,,
77244787,deadAbandoned,BBOY WORLD CHAMPIONSHIPS,"Jun. 20, 2009","Mahroug, Erwin",,erwin123@caiway.nl
77244905,deadAbandoned,DUPECHECK,"Apr. 27, 2009","Max, Goldberg",,max.goldberg@gmail.com
77244940,deadAbandoned,ACREGEM,"Feb. 02, 2009","Michael's Holdings, Inc.",,chernlay@yahoo.com
77244863,REQUEST_FAILED,,,,,
77245542,deadAbandoned,DIRTY HUSTLE PRODUKTIONZ,"Jan. 05, 2009","Osborne, Ronald H.",,dirtyhustleproduktionz@yahoo.com
77245643,deadAbandoned,GIFT CULTURE,"Apr. 06, 2009","Marrs, Jayson",,
77245491,deadAbandoned,SKYBLAH,"May 04, 2009",23One Corporation,,sandro.gasparoto@gmail.com
77245065,REQUEST_FAILED,,,,,
77245068,REQUEST_FAILED,,,,,
77245408,REQUEST_FAILED,,,,,
77246105,deadAbandoned,JOIN THE CRAZE,"Apr. 06, 2009","WhatNow, Inc.",,
77246535,deadAbandoned,CORPORATE GOVERNANCE - THE MOVIE,"Apr. 20, 2009","Kurz, Hanns-Martin",,hanns-martin.kurz@gmx.de
77246047,REQUEST_FAILED,,,,,
77246069,REQUEST_FAILED,,,,,
77246467,REQUEST_FAILED,,,,,
77246551,REQUEST_FAILED,,,,,
77247240,deadAbandoned,D&A,"Feb. 09, 2009",1wholesaler LLC,,alonb@1wholesaler.com
77247229,deadAbandoned,EL RELIZ,"Feb. 09, 2009",Olide David,,anaolide@olide.com.mx
77247264,deadAbandoned,TEAM MEAT NEW ZEALAND,"Apr. 13, 2009",TEAM MEAT NZ Investments Ltd,,peter1@TEAMMEATNEWZEALAND.com
77247107,REQUEST_FAILED,,,,,
77247235,REQUEST_FAILED,,,,,
77247326,REQUEST_FAILED,,,,,
77247388,deadAbandoned,25/7,"Sep. 03, 2009",DrinkCo LLC,,
77247401,deadAbandoned,FANTASMA,"Apr. 27, 2009","LIN, Rocky Yi-Ping",,rocky@shiniest.com.tw
77247343,REQUEST_FAILED,,,,,
77247385,deadAbandoned,MEDISAURUS,"Jun. 15, 2009",2 Under Entertainment,,
77247370,REQUEST_FAILED,,,,,
77247556,deadAbandoned,INERTIAL COUPLING SYSTEM,"Aug. 03, 2009","JUVENT MEDICAL, INC.",,
77246257,REQUEST_FAILED,,,,,
77247555,deadAbandoned,ICS,"Jun. 01, 2009","Juvent, Inc.",,
77247509,REQUEST_FAILED,,,,,
77247609,REQUEST_FAILED,,,,,
77247974,REQUEST_FAILED,,,,,
77248574,deadAbandoned,THE REAL PRINCESS,"Jun. 22, 2009","Ranoa, Carol P.",,carol@ranoa.com
77248016,REQUEST_FAILED,,,,,
77248531,REQUEST_FAILED,,,,,
77248581,deadAbandoned,SNAKE CHARMER,"Jun. 01, 2009","Farah, George",,mel@snakecharmerchoppers.com
77248567,REQUEST_FAILED,,,,,
77248779,REQUEST_FAILED,,,,,
77248954,deadAbandoned,LASHCEUTICALS,"Jun. 08, 2009","CPMC, LLC",,
77249249,deadAbandoned,METAMORPHOSIS,"Jan. 12, 2009","GREAT WHITE ENTERTAINMENT, LLC",,
77249262,deadAbandoned,"DOCTOR, DOCTOR.","Nov. 16, 2009",2 Under Entertainment,,
77249362,deadAbandoned,"LO DO MICRO ""LO DO JO"" SMART GUY! PALE ALE","Apr. 20, 2009","DeMartino, Tim",,timfoundation@hotmail.com
77249025,REQUEST_FAILED,,,,,
77249038,REQUEST_FAILED,,,,,
77249671,deadAbandoned,PARC,"Mar. 03, 2009",Parc Group Ltd.,,emmet.mcswiney@parc-group.com
77249469,deadAbandoned,BETTER CHEMISTRY,"Apr. 13, 2009","eggprojects, LLC",,
77249412,deadAbandoned,LE MÉLANGE,"Jun. 19, 2009","Second Wind Consulting, Inc.",,vonne11239@aol.com
77249329,REQUEST_FAILED,,,,,
77249681,deadAbandoned,MEZOXIN,"Jun. 08, 2009",L'Eternité B.V.,,mgourevitch@brd-corp.com
77249522,REQUEST_FAILED,,,,,
77249680,REQUEST_FAILED,,,,,
77249889,REQUEST_FAILED,,,,,
77250126,REQUEST_FAILED,,,,,
77250540,deadAbandoned,BAHAMA JOHNNY'S CARIBBEAN GRILLE,"Sep. 28, 2009","Happy Ours, Inc.",,
77250253,REQUEST_FAILED,,,,,
77250577,REQUEST_FAILED,,,,,
77250656,REQUEST_FAILED,,,,,
77250709,REQUEST_FAILED,,,,,
77251346,deadAbandoned,MOMMY´S KEYS,"Aug. 24, 2009",Sergio Dominguez,,sergiodominguezg@hotmail.com
77251538,deadAbandoned,FARO',"Jan. 07, 2009","Tarte, Conrad A.",,conradtarte@msn.com
77250832,REQUEST_FAILED,,,,,
77251887,deadAbandoned,MEDICGUARD,"Jan. 09, 2009",Hsiao-Chi LIN,,tipa@tipa.com.tw
77251130,REQUEST_FAILED,,,,,
77251905,REQUEST_FAILED,,,,,
77251946,deadAbandoned,INFINITY,"Feb. 18, 2009","Shandong Linglong Rubber Co., Ltd.",,
77251953,deadAbandoned,GI JUICE,"Feb. 23, 2009",GI Juice Australia Pty Ltd,,
77251949,REQUEST_FAILED,,,,,
77252054,REQUEST_FAILED,,,,,
77252087,REQUEST_FAILED,,,,,
77252992,deadAbandoned,THE NATIONAL SENIOR PROFESSIONAL GOLF TOUR,"May 12, 2009","Miskolczi, Terry F.",,golfdoctor@rogers.blackberry.net
77253098,deadAbandoned,PHONOKRAFT,"Dec. 07, 2009","Richert, Peter A",,peterich@sbcglobal.net
77252835,REQUEST_FAILED,,,,,
77253155,deadAbandoned,IMAGINATE,"Jun. 11, 2009",Tamara Kleinberg,,avivoavavo@yahoo.com
77253110,REQUEST_FAILED,,,,,
77253170,REQUEST_FAILED,,,,,
77253233,deadAbandoned,WHAT'S YOUR ZODIAC ?,"Jan. 22, 2009",Zodiez LLC,,ShineStylellc@hotmail.com
77253457,deadAbandoned,EB,"Jul. 01, 2009","Ebert und Partner - Ingenieure, Unternehmensberater",,
77253803,deadAbandoned,SUGPIAQ,"Jun. 29, 2009","Sugpiaq, inc.",,
77253423,REQUEST_FAILED,,,,,
77253436,REQUEST_FAILED,,,,,
77253570,REQUEST_FAILED,,,,,
77253526,REQUEST_FAILED,,,,,
77254137,deadAbandoned,JAIPÜR,"Dec. 18, 2009","Second Wind Consulting, Inc.",,vonne11239@aol.com
77253991,deadAbandoned,SKYCLIX,"Aug. 31, 2009",SkyClix Inc.,,
77254081,REQUEST_FAILED,,,,,
77254193,deadAbandoned,VAQUA,"Oct. 19, 2009","LIQUID ARTS BEVERAGE GROUP, LLC",,
77254354,deadAbandoned,25/7,"Apr. 30, 2009",DrinkCo LLC,,
77254818,deadAbandoned,FOOD 4/2,"Oct. 05, 2009","She Sez Productions, LLC",,shemail@shesezholdings.com
77254306,REQUEST_FAILED,,,,,
77254918,deadAbandoned,BOOSTER A3P,"Apr. 27, 2009","Fortress Systems, LLC",,
77254854,deadAbandoned,THE POWER OF TRUST,"Mar. 31, 2009","Creative Broadcast Concepts, Inc.",,matt@cbcads.com
77254464,REQUEST_FAILED,,,,,
77254931,deadAbandoned,MTL VACATIONS 1-800-MONTRÉAL,"Apr. 27, 2009","Yankee Leisure Holdings, Inc.",,
77254579,REQUEST_FAILED,,,,,
77255220,deadAbandoned,25/7,"Sep. 03, 2009",DrinkCo LLC,,
77254813,REQUEST_FAILED,,,,,
77255139,REQUEST_FAILED,,,,,
77255156,REQUEST_FAILED,,,,,
77255457,deadAbandoned,SHUFFLE,"Oct. 01, 2009",Cubic Design Studios LLC,,williammaw@aol.com
77255365,deadAbandoned,None,"Apr. 06, 2009","BEIJING YANHUANG HEALTH EXPRESS INFORMATION CONSULTING CO., LTD.",,
77255463,deadAbandoned,SHUFFLE,"Oct. 01, 2009",Cubic Design Studios LLC,,williammaw@aol.com
77255358,REQUEST_FAILED,,,,,
77255600,REQUEST_FAILED,,,,,
77255777,deadAbandoned,J D,"May 11, 2009","Hooked Industries, LLC",,
77255766,REQUEST_FAILED,,,,,
77255824,REQUEST_FAILED,,,,,
77256521,deadAbandoned,BLOCK HARD RECORDS,"Feb. 12, 2009",ALJOLISON BLAYLOCK III,,
77256224,REQUEST_FAILED,,,,,
77256832,deadAbandoned,SANDSTRÖM ONTV COMPANY,"May 04, 2009","The Tradeshow Marketing Company, Ltd.",,
77256472,REQUEST_FAILED,,,,,
77256855,deadAbandoned,SANDSTRÖM ONTV COMPANY,"May 04, 2009","The Tradeshow Marketing Company, Ltd.",,
77256686,REQUEST_FAILED,,,,,
77256936,REQUEST_FAILED,,,,,
77257063,REQUEST_FAILED,,,,,
77257078,REQUEST_FAILED,,,,,
77257614,deadAbandoned,THE NEW COUGAR SOCIETY,"Mar. 23, 2009","Braff, Jennifer",,jenniferbraff@ca.rr.com
77258165,deadAbandoned,BAPTIST NETWORKS,"Jan. 05, 2009","DuBose, Todd",,todddubose@yahoo.com
77258227,deadAbandoned,CHOKER LOSER SLACKER...AIR BALL!,"Jan. 12, 2009","Braime, Yvonne",,
77258134,deadAbandoned,LOVE THE TRUTH,"Jan. 12, 2009","Shavatt, Service & Jan",,
77257740,REQUEST_FAILED,,,,,
77258511,deadAbandoned,SAFARI SURF WEAR,"May 11, 2009",Tony Luna,,Moonrace@aol.com
77258435,deadAbandoned,ICE,"Mar. 23, 2009","PCT International, Inc.",,
77258622,deadAbandoned,GOD NEEDS A SHRINK,"Apr. 13, 2009","D'Andrea, Christian",,christian@hooah.com
77258383,REQUEST_FAILED,,,,,
77258702,deadAbandoned,IF I WERE YOUR,"Jun. 22, 2009","Espey, Julia H.",,
77258618,REQUEST_FAILED,,,,,
77258670,REQUEST_FAILED,,,,,
77259043,deadAbandoned,NUTRAPLETE,"Mar. 30, 2009","Galea Life Sciences, Inc.",,paul@nutraplete.com
77259163,deadAbandoned,SAVE OUR MOTTO,"Feb. 02, 2009",A. Morris & Son Inc.,,cmorris@americanmotto.com
77258815,REQUEST_FAILED,,,,,
77258985,REQUEST_FAILED,,,,,
77259736,deadAbandoned,"VARSITYDAYS.COM, TEAMMATES ARE FOREVER!","Dec. 28, 2009","VARSITYDAYS.COM, LLC.",,vdysadmin@gmail.com
77259160,REQUEST_FAILED,,,,,
77259767,deadAbandoned,RADEOS,"Jun. 01, 2009","G.F.G. SOFTWARE, LLC",,
77259759,deadAbandoned,RADEOS,"May 25, 2009","G.F.G. SOFTWARE, LLC",,
77259957,deadAbandoned,ANY QUESTION,"Jun. 01, 2009",ANY QUESTION INC.,,anyquestion4u@aol.com
77259731,REQUEST_FAILED,,,,,
77260023,deadAbandoned,?,"Jun. 08, 2009",ANY QUESTION INC.,,anyquestion4u@aol.com
77259905,REQUEST_FAILED,,,,,
77259802,REQUEST_FAILED,,,,,
77260078,deadAbandoned,ANY QUESTION?,"Jun. 08, 2009",ANY QUESTION INC.,,anyquestion4u@aol.com
77259985,REQUEST_FAILED,,,,,
77260168,deadAbandoned,MONOBLOC INSIDE,"Oct. 30, 2009",Mettler-Toledo AG,,peter.leuenberger@mt.com
77260104,REQUEST_FAILED,,,,,
77260563,deadAbandoned,TOMMY'S T,"Jan. 26, 2009",Minh Anh Nguyen,,
77260428,REQUEST_FAILED,,,,,
77260839,deadAbandoned,EXPERIENCE A NEW KIND OF BANK,"Jun. 15, 2009",Beehive Credit Union,,
77261040,REQUEST_FAILED,,,,,
77261322,deadAbandoned,I NEVER GO OUT.,"Jan. 05, 2009","Standard Arts, Inc.",,carlos@standardarts.com
77261840,deadAbandoned,COLORLOK TECHNOLOGY,"Mar. 24, 2009",International Paper Company,,stephanie.haupt@ipaper.com
77261376,REQUEST_FAILED,,,,,
77261506,REQUEST_FAILED,,,,,
77261721,REQUEST_FAILED,,,,,
77262027,REQUEST_FAILED,,,,,
77262304,deadAbandoned,TIME TRAVEL,"Aug. 20, 2009",Summertime Corp Pty Ltd,,info@actuateip.com.au
77262153,REQUEST_FAILED,,,,,
77262187,REQUEST_FAILED,,,,,
77262340,deadAbandoned,BCLN GOLF,"Aug. 03, 2009",South Asia Global (Holding) Co. Limited,,GeoffreyWong@southasiagroup.com
77262383,deadAbandoned,PHOTONSTAR,"Aug. 03, 2009",PhotonStar LED Ltd,,james.mckenzie@photonstarled.com
77262271,REQUEST_FAILED,,,,,
77262328,REQUEST_FAILED,,,,,
77262670,deadAbandoned,FREEDOM WATCH,"Jul. 17, 2009",Larry E. Klayman,,
77262378,REQUEST_FAILED,,,,,
77262599,deadAbandoned,X-TREMELY HOT,"Mar. 30, 2009",John Davis,,
77262695,deadAbandoned,WARR 3,"Aug. 31, 2009","Li, Theodore",,tedd@warr3.org
77262738,REQUEST_FAILED,,,,,
77263155,deadAbandoned,QUIEROLATINO.COM,"Jan. 12, 2009",QuieroLatino.com LLC,,joe@quierolatino.com
77262875,REQUEST_FAILED,,,,,
77263299,deadAbandoned,None,"Jan. 05, 2009","Nature89 Organic Apparel, LLC",,tariq@nature89.com
77263232,REQUEST_FAILED,,,,,
77263520,REQUEST_FAILED,,,,,
77263625,REQUEST_FAILED,,,,,
77264246,deadAbandoned,SOCIAL RESPONSIBILITY NETWORK,"Apr. 09, 2009","LOWSON, LINDA M.",,lmlowson@optonline.net
77263942,REQUEST_FAILED,,,,,
77264337,deadAbandoned,GPHONE,"Jun. 15, 2009","Costanzo, Sergio",,bellissimo@gmail.com
77264372,deadAbandoned,KILLER PROGRAMMERS,"Jun. 29, 2009","KILLER PROGRAMMERS, INC.",,kaellner@sbcglobal.net
77264389,deadAbandoned,STINGRAY,"Apr. 08, 2009","Silvex International, Inc.",,tmregistered@gmail.com
77264281,REQUEST_FAILED,,,,,
77264280,REQUEST_FAILED,,,,,
77264432,deadAbandoned,BUDDHI BELLY,"Oct. 26, 2009",Georges Laine,,info@buddhibelly.com
77264396,REQUEST_FAILED,,,,,
77264475,REQUEST_FAILED,,,,,
77264670,deadAbandoned,THE ENGAGED SHOPPER,"Jan. 12, 2009","GROCERY SHOPPING NETWORK, INC.",,aandolshek@groceryshopping.net
77264605,REQUEST_FAILED,,,,,
77264782,REQUEST_FAILED,,,,,
77264725,REQUEST_FAILED,,,,,
77265177,deadAbandoned,"FINNEY THE FLYING FISH, P.I.","Jun. 15, 2009","Walls-Bain, Dawn",,
77265150,deadAbandoned,"FINNEY THE FLYING FISH, P.I.","Jun. 15, 2009","Walls-Bain, Dawn",,
77265120,deadAbandoned,"FINNEY THE FLYING FISH, P.I.","Jun. 15, 2009","Walls-Bain, Dawn",,
77265275,deadAbandoned,VILLAIN,"Jun. 11, 2009",Chad Bannon,,
77265271,deadAbandoned,"FINNEY THE FLYING FISH, P.I.","Aug. 31, 2009","Walls-Bain, Dawn",,
77265226,REQUEST_FAILED,,,,,
77265457,REQUEST_FAILED,,,,,
77265633,deadAbandoned,MYBROTHERSKEEPER,"Jun. 22, 2009","Winter, Greg",,peter.whitehead@hazan.com.au
77265980,REQUEST_FAILED,,,,,
77266705,REQUEST_FAILED,,,,,
77266794,deadAbandoned,BCLN,"Mar. 16, 2009",South Asia Global (Holding) Co. Limited,,GeoffreyWong@southasiagroup.com
77266766,REQUEST_FAILED,,,,,
77266785,REQUEST_FAILED,,,,,
77266847,REQUEST_FAILED,,,,,
77266883,REQUEST_FAILED,,,,,
77267190,deadAbandoned,SMASHED CLOTHING BY TSJC,"Jul. 13, 2009",Tricia Simpson,,
77267113,REQUEST_FAILED,,,,,
77267138,REQUEST_FAILED,,,,,
77267623,deadAbandoned,8 1/2,"Mar. 30, 2009","Tevelow, Barry",,barrytevelow@restoreus.org
77267230,REQUEST_FAILED,,,,,
77267348,REQUEST_FAILED,,,,,
77267861,deadAbandoned,3DO,"Jan. 05, 2009",EXIM Brands LLC,,druder@eximbrands.com
77267514,REQUEST_FAILED,,,,,
77267663,REQUEST_FAILED,,,,,
77268001,deadAbandoned,PJXTREME,"May 07, 2009",GRUPP INTERNACIONAL S.A.,,cvicente@panamajack.es
77268214,deadAbandoned,BOOK MATE,"Feb. 16, 2009","Vrecko, Martin",,vreckomartin@yahoo.co.uk
77268441,deadAbandoned,EMPRESS,"Apr. 06, 2009","Empress Media, Inc.",,DMILLER@EMPRESSINTEL.COM
77268464,deadAbandoned,INSTANT ACCESS CARD,"May 11, 2009","URG Communications, LLC",,
77268098,REQUEST_FAILED,,,,,
77268486,deadAbandoned,TRAFFICUBE,"Jan. 26, 2009","AGA Group, Inc.",,ag@againc.net
77268742,REQUEST_FAILED,,,,,
77268823,deadAbandoned,POWER PLAY,"Jul. 06, 2009",Emergent Packaging LLC,,msheplee@bevcomm.net
77268747,REQUEST_FAILED,,,,,
77268748,REQUEST_FAILED,,,,,
77269217,deadAbandoned,GRAND TARGHEE PROPERTY MANAGEMENT,"May 25, 2009","Grand Targhee Resort, LLC",,
77268972,deadAbandoned,ALGOTENE,"Nov. 09, 2009",Ian Tracton,,leigh@interclinical.com.au
77269292,deadAbandoned,BLISS SHOTS,"Dec. 30, 2009","Liken Enterprises, Inc.",,
77268968,REQUEST_FAILED,,,,,
77268962,REQUEST_FAILED,,,,,
77269220,REQUEST_FAILED,,,,,
77269311,REQUEST_FAILED,,,,,
77269330,REQUEST_FAILED,,,,,
77269490,REQUEST_FAILED,,,,,
77270000,deadAbandoned,SQUEEZE PLAY,"Jun. 22, 2009",Emergent Packaging LLC,,msheplee@bevcomm.net
77269762,REQUEST_FAILED,,,,,
77269875,REQUEST_FAILED,,,,,
77269870,REQUEST_FAILED,,,,,
77269992,REQUEST_FAILED,,,,,
77270142,REQUEST_FAILED,,,,,
77270154,REQUEST_FAILED,,,,,
77270210,REQUEST_FAILED,,,,,
77270498,deadAbandoned,PIMP MY ROOM,"Apr. 06, 2009","MICHAELS, DAVID",,peter.whitehead@hazan.com.au
77270762,deadAbandoned,EVENT INNOVATION,"Nov. 17, 2009","Event Innovation, Inc.",,
77270908,deadAbandoned,SYMPHONY TOOLS,"Jun. 22, 2009","Krembs, Inc.",,
77270816,REQUEST_FAILED,,,,,
77271469,deadAbandoned,LEOPARD STRIKE,"Oct. 13, 2009",Ainsworth Game Technology Limited,,jason.meyer@ainsworth.com.au
77271478,deadAbandoned,KING SPIN,"Dec. 21, 2009",Ainsworth Game Technology Limited,,jason.meyer@ainsworth.com.au
77271301,REQUEST_FAILED,,,,,
77271695,REQUEST_FAILED,,,,,
77271917,deadAbandoned,TECHNOLOGIES FOR LEARNING,"Jun. 03, 2009",Technologies for Learning,,kkoile@tech4learn.com
77271833,REQUEST_FAILED,,,,,
77271419,REQUEST_FAILED,,,,,
77272218,deadAbandoned,A LOURINHA CERUEJA BEER PORTUGUESA,"Apr. 27, 2009","MATIAS, ERNEST C.",,
77272298,deadAbandoned,GROW UP ORGANIC,"Aug. 06, 2009","Thornton, Deanna L",,deanna@shopjalu.com
77272337,REQUEST_FAILED,,,,,
77272409,REQUEST_FAILED,,,,,
77272492,REQUEST_FAILED,,,,,
77272378,deadAbandoned,CULRIC'S CHRONICLES,"May 20, 2009","LaFarlette, Kenneth H.",,KhenryCo@aol.com
77272559,REQUEST_FAILED,,,,,
77272635,deadAbandoned,ORGANICALLY YOURS,"Apr. 24, 2009","Xcessory International, Ltd.",,
77272630,deadAbandoned,EAGLE BUCKS,"Dec. 21, 2009",Ainsworth Game Technology Limited,,jason.meyer@ainsworth.com.au
77272613,REQUEST_FAILED,,,,,
77272813,deadAbandoned,YOGA PRO,"Jan. 26, 2009",Ferri Frederic L,,intproperty@yogapro.com
77272632,REQUEST_FAILED,,,,,
77272764,deadAbandoned,PROSE AND THORN,"Jul. 06, 2009","Goodfriend, Perry B.",,pgoodfriend@comcast.net
77272644,REQUEST_FAILED,,,,,
77273267,deadAbandoned,STRESS LESS,"Jun. 29, 2009","Dandrea, Christian",,christian@hooah.com
77272931,REQUEST_FAILED,,,,,
77272712,REQUEST_FAILED,,,,,
77272950,REQUEST_FAILED,,,,,
77273323,deadAbandoned,CARIBBEAN COVER-UP,"Jan. 08, 2009",Mueller Linda M,,cll33@verizon.net
77273429,deadAbandoned,KEATING HOTEL,"Apr. 22, 2009","Keating Hotel, LLC",,
77273344,REQUEST_FAILED,,,,,
77273363,REQUEST_FAILED,,,,,
77273437,REQUEST_FAILED,,,,,
77273636,REQUEST_FAILED,,,,,
77273948,REQUEST_FAILED,,,,,
77274038,REQUEST_FAILED,,,,,
77274043,REQUEST_FAILED,,,,,
77274690,REQUEST_FAILED,,,,,
77274382,REQUEST_FAILED,,,,,
77274546,deadAbandoned,None,"Apr. 16, 2009",Jennifer Rebecca Justin,,tristansmomj@gmail.com
77274724,REQUEST_FAILED,,,,,
77274859,REQUEST_FAILED,,,,,
77274990,deadAbandoned,GLASS SLIPPER,"Aug. 20, 2009",Summertime Corp Pty Ltd,,info@actuateip.com.au
77274972,REQUEST_FAILED,,,,,
77274967,REQUEST_FAILED,,,,,
77275133,deadAbandoned,FLYING ACE,"Jan. 23, 2009",Scott Curtis,,scurtis@superiorbrands.net
77275085,REQUEST_FAILED,,,,,
77275128,deadAbandoned,GOOD RED,"Jan. 22, 2009",Scott Curtis,,scurtis@superiorbrands.net
77275140,REQUEST_FAILED,,,,,
77275367,deadAbandoned,SOLAREMPOWERMENT,"Jan. 05, 2009",HM Global Consultants,,henriettatumi@hotmail.com
77275766,deadAbandoned,SHARKFLAG SPIRIT OF THE SPORT,"Jan. 19, 2009",THE SHARKFLAG COMPANY,,SALES@SHARKFLAG.COM
77275582,deadAbandoned,SHARKFLAG,"Jan. 19, 2009",THE SHARKFLAG COMPANY,,SALES@SHARKFLAG.COM
77275564,REQUEST_FAILED,,,,,
77276243,deadAbandoned,DIACOMPLETE,"Jun. 29, 2009",Biosyntrx Inc,,sparker@biosyntrx.com
77276237,REQUEST_FAILED,,,,,
77276633,deadAbandoned,"TICKLE FACTORY PEACE, LOVE & GIGGLES","Feb. 08, 2009","Lee, Monica F.",,hulagirlmonica@aol.com
77276506,REQUEST_FAILED,,,,,
77276629,REQUEST_FAILED,,,,,
77276645,REQUEST_FAILED,,,,,
77276934,deadAbandoned,PILOPO,"Dec. 17, 2009","Erickson, Sandra",,seaccounts@gmail.com
77276707,REQUEST_FAILED,,,,,
77276992,deadAbandoned,TRIMQUEST,"Dec. 21, 2009","TrimQuest, Inc.",,
77276726,REQUEST_FAILED,,,,,
77276101,REQUEST_FAILED,,,,,
77276881,REQUEST_FAILED,,,,,
77276993,deadAbandoned,TRIMQUEST,"Dec. 21, 2009","TrimQuest, Inc.",,
77276938,deadAbandoned,None,"Dec. 17, 2009","Erickson, Sandra",,seaccounts@gmail.com
77277051,REQUEST_FAILED,,,,,
77277095,deadAbandoned,"POSITIVE IMAGE CONNECTION, INC. CONNECTING PEOPLE TO RESOURCES AND HOPE!","Jan. 05, 2009","Positive Image Connection, Inc.",,latonyaodom@yahoo.com
77277116,REQUEST_FAILED,,,,,
77277162,REQUEST_FAILED,,,,,
77277173,deadAbandoned,BROWPLANER,"Oct. 25, 2009","The Christi Harris Companies, Inc.",,GraceEveritt@Yahoo.com
77277188,deadAbandoned,LITTER COMBAT WINNING THE BATTLE AGAINST BAD LITTER ODOUR,"Jan. 12, 2009",Waggems limited,,tina@waggems.com
77277176,REQUEST_FAILED,,,,,
77277210,deadAbandoned,NOWANDNEAR,"Jan. 05, 2009","Bru, Cedric Andre",,
77277357,deadAbandoned,JOCKHAWK,"Jul. 06, 2009","JOCKHAWK, LLC",,mikelargoza@hotmail.com
77277274,deadAbandoned,HOOCHI COOCHI,"Mar. 30, 2009","HOOCHI COOCHI, INC.",,
77277212,deadAbandoned,ZEOACTIVE NATURE'S PERFECT AMMONIA TRAP,"Jan. 26, 2009",Waggems limited,,tina@waggems.com
77277211,REQUEST_FAILED,,,,,
77277322,REQUEST_FAILED,,,,,
77277425,deadAbandoned,GROKSTER,"Nov. 30, 2009",EXIM Brands LLC,,druder@eximbrands.com
77277410,REQUEST_FAILED,,,,,
77277204,REQUEST_FAILED,,,,,
77277559,REQUEST_FAILED,,,,,
77277416,deadAbandoned,CLAIM IT CONFESS IT COMMAND IT IN JESUS' NAME,"Jun. 22, 2009","McGhee, Troy Jerome",,
77277595,REQUEST_FAILED,,,,,
77277733,REQUEST_FAILED,,,,,
77277763,deadAbandoned,DADDY'S KEYS,"Aug. 24, 2009","Gutierrez, Sergio Dominguez",,sergiodominguezg@hotmail.com
77277840,deadAbandoned,VIDSHADOW,"May 18, 2009","Vidshadow, Inc.",,
77277901,REQUEST_FAILED,,,,,
77277979,deadAbandoned,VID-IT,"May 18, 2009","Vidshadow, Inc.",,
77278027,deadAbandoned,CYLAPRIL,"Apr. 10, 2009",Adrenal Fatigue Institute,,info@cylapril.com
77278119,deadAbandoned,GRANDPA'S KEYS,"Aug. 24, 2009","Dominguez, Sergio",,sergiodominguezg@hotmail.com
77278068,deadAbandoned,GRANDMA'S KEYS,"Aug. 24, 2009","Dominguez, Sergio",,sergiodominguezg@hotmail.com
77278249,REQUEST_FAILED,,,,,
77278406,deadAbandoned,JOPA,"Feb. 02, 2009",Huan Tsan Wu,,kingmedalleather@gmail.com
77277972,deadAbandoned,BEHIND YOUR VISION,"May 18, 2009","Vidshadow, Inc.",,
77278447,deadAbandoned,TUNECHAIN,"Jan. 05, 2009","Onda, Hideki Francis",,hidechan@mac.com
77278449,deadAbandoned,TUNESHELL,"Jan. 05, 2009","Onda, Hideki Francis",,hidechan@mac.com
77278351,REQUEST_FAILED,,,,,
77278644,REQUEST_FAILED,,,,,
77278871,deadAbandoned,ONE WORD LEADS TO ANOTHER,"Feb. 07, 2009","START SPACE GAMES, INC.",,csiegert@the80sgame.com
77278908,deadAbandoned,SUPERBOUND,"Aug. 17, 2009","Supercable, S.A.",,
77278740,REQUEST_FAILED,,,,,
77279306,deadAbandoned,FORGET ME KNOTTIE,"Jan. 26, 2009","Yee, Carolyn U.",,dayees1122@hotmail.com
77279338,deadAbandoned,FIT BITS,"Jun. 29, 2009","IHS International Healthy Snacks, S.A. de C.V.",,usmarca-fitbits@yahoo.com
77279251,REQUEST_FAILED,,,,,
77279352,deadAbandoned,BOINGO BEANS,"Oct. 19, 2009","Hacker, Norman",,normhacker@earthlink.net
77279334,REQUEST_FAILED,,,,,
77279437,deadAbandoned,SUPERCABLE LA SUPERCONEXION DIGITAL,"Apr. 24, 2009","Supercable, S.A.",,
77279397,REQUEST_FAILED,,,,,
77279493,deadAbandoned,SUPERCABLE,"Mar. 27, 2009","Supercable, S.A.",,
77279472,REQUEST_FAILED,,,,,
77279483,REQUEST_FAILED,,,,,
77279720,REQUEST_FAILED,,,,,
77279278,REQUEST_FAILED,,,,,
77279689,REQUEST_FAILED,,,,,
77279926,deadAbandoned,MD MEDICARECHOICE,"Apr. 28, 2009","MD MEDICARE CHOICE, INC.",,
77279753,deadAbandoned,RELIK,"Nov. 02, 2009","CEI Ventures, Ltd.",,
77279851,REQUEST_FAILED,,,,,
77279788,deadAbandoned,IBVOTN,"Jul. 06, 2009",Paul V. Hayes,,pvhayes@optonline.net
77280009,REQUEST_FAILED,,,,,
77280245,deadAbandoned,None,"Feb. 16, 2009",Steeze LLC,,crownsteeze@yahoo.com
77280156,REQUEST_FAILED,,,,,
77280177,deadAbandoned,HOOD BOOGAS,"Dec. 28, 2009","Joiner, Rockiem",,noedoenetwork@gmail.com
77280458,deadAbandoned,PRAYERBEAR,"Jun. 05, 2009","Miller, Ann",,Ann_Miller@tx.rr.com
77280466,deadAbandoned,VERISOLE,"Jul. 06, 2009","kantro, scott r.",,skantro@mac.com
77280346,REQUEST_FAILED,,,,,
77280395,REQUEST_FAILED,,,,,
77279884,REQUEST_FAILED,,,,,
77280525,REQUEST_FAILED,,,,,
77280557,deadAbandoned,UNSINKABLE SPIRIT OF AMERICA,"Nov. 30, 2009",Jaime Pujol,,jimmypujol@aol.com
77280558,deadAbandoned,LA PETITE VINEYARD,"Jan. 02, 2009","Noel, Michael S",,mnoel@webmd.net
77280598,deadAbandoned,"SWEAT SAFE - ""KEEP YOUR SWEAT TO YOURSELF""","Jan. 05, 2009","schoger, matthias d",,mschoger@comcast.net
77280601,deadAbandoned,TANDY,"Sep. 23, 2009",EXIM Brands LLC,,druder@eximbrands.com
77280603,deadAbandoned,TUTORNOW.COM,"Sep. 23, 2009","Yap, Ming H",,yap.ming@gmail.com
77280535,REQUEST_FAILED,,,,,
77280606,REQUEST_FAILED,,,,,
77280592,deadAbandoned,ONE WORLD OF LOVE,"Aug. 10, 2009","Angelfire Productions, Inc.",,angelfireprod@aol.com
77280704,deadAbandoned,YAKO,"Jan. 05, 2009","Bozkus, Mustafa",,yako@yako.com
77280703,REQUEST_FAILED,,,,,
77280861,deadAbandoned,None,"Mar. 11, 2009",Kathy Browne,,homeandgarden@core.com
77280708,REQUEST_FAILED,,,,,
77280431,REQUEST_FAILED,,,,,
77280874,REQUEST_FAILED,,,,,
77280884,REQUEST_FAILED,,,,,
77280946,REQUEST_FAILED,,,,,
77280968,REQUEST_FAILED,,,,,
77281160,deadAbandoned,DR SLEEP,"Jan. 19, 2009",Nature Bright Company,,info@naturebright.com
77281341,deadAbandoned,PUFF PILLOW,"Jan. 05, 2009","Black, Matthew D.",,bunablack-fence@yahoo.com
77281374,deadAbandoned,THE ADVENTURES OF PONO THE POI DOG,"Jul. 06, 2009","Pono the Poi Dog Productions, L.L.C.",,lkoike@hawaii.rr.com
77281398,REQUEST_FAILED,,,,,
77280993,REQUEST_FAILED,,,,,
77281483,REQUEST_FAILED,,,,,
77281670,deadAbandoned,URBAN MYTH,"Nov. 02, 2009",Imagination Holdings Pty Ltd,,sarah.wishart@imagination.com.au
77281693,REQUEST_FAILED,,,,,
77281800,deadAbandoned,PREMIER HEALTHCARE ALLIANCE,"Jan. 19, 2009","Premier, Inc.",,
77281580,REQUEST_FAILED,,,,,
77281802,REQUEST_FAILED,,,,,
77281931,REQUEST_FAILED,,,,,
77281746,deadAbandoned,INDY WAKE,"Oct. 12, 2009",James Odell,,
77281982,REQUEST_FAILED,,,,,
77281969,REQUEST_FAILED,,,,,
77281891,REQUEST_FAILED,,,,,
77281987,REQUEST_FAILED,,,,,
77282118,REQUEST_FAILED,,,,,
77282259,REQUEST_FAILED,,,,,
77282497,REQUEST_FAILED,,,,,
77282081,REQUEST_FAILED,,,,,
77282161,REQUEST_FAILED,,,,,
77282692,deadAbandoned,TRIFECTA,"Jan. 05, 2009",HENRI KLOK,,HENRI@NEWVORTEX.COM
77282844,REQUEST_FAILED,,,,,
77282903,deadAbandoned,JEHOVAH'S WORD,"Jun. 20, 2009","Ibarra, Gabriel Hector",,gabrielhibarra@gmail.com
77282559,REQUEST_FAILED,,,,,
77282864,REQUEST_FAILED,,,,,
77282879,REQUEST_FAILED,,,,,
77282934,deadAbandoned,IBARRA,"May 25, 2009","Ibarra, Gabriel Hector",,gabrielhibarra@gmail.com
77283002,REQUEST_FAILED,,,,,
77283073,deadAbandoned,MOBIGLYPHS,"Nov. 21, 2009","compex, inc.",,aram@compexinc.com
77282759,REQUEST_FAILED,,,,,
77283249,REQUEST_FAILED,,,,,
77283294,REQUEST_FAILED,,,,,
77283350,deadAbandoned,BAROCCA,"Jan. 19, 2009",IBAROCCA,,barocca@baroccasweb.com
77283608,deadAbandoned,A MELEKEM THE TRUTH CHANTER,"May 13, 2009","Yehudah, Ben Melech",,royaltribe@gmail.com
77283356,REQUEST_FAILED,,,,,
77283196,REQUEST_FAILED,,,,,
77283715,deadAbandoned,PRSMA,"Feb. 16, 2009",Professional Retail Store Maintenance Association,,JPratt@prsm.com
77283767,deadAbandoned,HUDSON & HOUSATONIC,"Jan. 12, 2009",Amalgamated Worldwide Enterprises LLC,,cnugent@jmkfund.org
77283832,deadAbandoned,AIRPAREL,"Jun. 01, 2009","Rose, Paul Saxey",,paul.rose@utah.edu
77283258,REQUEST_FAILED,,,,,
77283941,REQUEST_FAILED,,,,,
77284035,deadAbandoned,CMOGA,"Jun. 11, 2009","Cho, Byung C.",,
77284073,deadAbandoned,HEDEMANN 2007,"Jan. 05, 2009","Hedemann, Christopher Travis",,travishedemann@mac.com
77284074,deadAbandoned,TRAINWRECK,"Jan. 05, 2009","Buddha Bracelets, LLC",,buddhabracelets@gmail.com
77283841,REQUEST_FAILED,,,,,
77283866,REQUEST_FAILED,,,,,
77284108,deadAbandoned,YOU DESERVE A LOTT,"Jan. 05, 2009","Lottig, Brian T",,blottig@yahoo.com
77284135,deadAbandoned,TALAVERA,"Mar. 09, 2009",Talavera LLC,,publish@talaveramedia.com
77284099,deadAbandoned,CHEWSY K9,"Feb. 23, 2009",H&B Nutri-Tech Ltd.,,andrea.hblabs@gmail.com
77283944,deadAbandoned,INNERWELLNESS,"Jan. 05, 2009","Futerra, LLC",,jenniferh@metagenics.com
77284106,deadAbandoned,MERMAID MAGIC,"Jan. 05, 2009",Moose Enterprise Pty Ltd,,stephen.oneill@moosetoys.com
77284287,deadAbandoned,SPEED-E,"Jun. 22, 2009","Bernhard, Mitchell M.",,mitchbernhard@bernhardlaw.com
77284158,deadAbandoned,None,"Feb. 02, 2009","William C. Eriksen, DC",,
77284320,deadAbandoned,TEQUILA,"Jan. 05, 2009","Hedemann, Christopher Travis",,travishedemann@mac.com
77284293,REQUEST_FAILED,,,,,
77284414,deadAbandoned,TECHSIA,"Apr. 07, 2009",TECHSIA S.A.,,carine.gourbail@techsia.com
77284393,deadAbandoned,None,"Jan. 05, 2009","Hedemann, Christopher Travis",,travishedemann@mac.com
77284397,REQUEST_FAILED,,,,,
77284288,REQUEST_FAILED,,,,,
77284542,deadAbandoned,INTERNET SINGERS ACTORS ARTISTS GUILD,"Mar. 02, 2009","Hawkins, Shawn S.",,info@internetactorsguild.net
77284684,deadAbandoned,FIRE HAWK,"Feb. 23, 2009",IHT Technology Inc.,,
77284380,deadAbandoned,None,"Jan. 05, 2009","Hedemann, Christopher Travis",,travishedemann@mac.com
77284545,deadAbandoned,I.H.T.,"Feb. 23, 2009",IHT Technology Inc.,,
77285189,deadAbandoned,OPERATION NAMESAFE,"May 18, 2009","NameSafe, Inc.",,
77285003,REQUEST_FAILED,,,,,
77285331,deadAbandoned,ULTRA-SLOW MUSIC,"Oct. 05, 2009","Charles Eugene Waldron, III",,CWRecords@aol.com
77285348,deadAbandoned,NARWHAL,"Jan. 05, 2009",Narwhal Motors Corp.,,allen@narwhalmotors.com
77285375,deadAbandoned,TECHLOG,"Apr. 07, 2009",TECHSIA S.A.,,carine.gourbail@techsia.com
77285247,REQUEST_FAILED,,,,,
77285269,REQUEST_FAILED,,,,,
77285495,REQUEST_FAILED,,,,,
77285671,REQUEST_FAILED,,,,,
77286279,deadAbandoned,MODERN MATERIAL,"Nov. 16, 2009",Modern Material,,Annie@Modern-Material.com
77286465,deadAbandoned,REJECTED CLOTHIERS DATE NO. REASON,"Dec. 21, 2009","Thinnes Jr., John H",,johnthinnes@gmail.com
77286461,deadAbandoned,EYE SPY,"Jan. 05, 2009",RIAVA Technologies LLC,,brlindahl@riavatechnologies.com
77286510,REQUEST_FAILED,,,,,
77286562,deadAbandoned,IT'S HIP TO BE GREEN,"Jun. 17, 2009",Green Resources Group LLC,,
77286572,deadAbandoned,IMPROVE.RETAIN.GROW.MEASURE,"Jan. 05, 2009","Hickey, Terrence P",,hickey@ca.ibm.com
77286663,deadAbandoned,MILLION DOLLAR MINUTE,"Jul. 06, 2009",Imagination Holdings Pty Ltd,,sarah.wishart@imagination.com.au
77286654,deadAbandoned,WIN WITH WORDS,"Jul. 06, 2009",Imagination Holdings Pty Ltd,,sarah.wishart@imagination.com.au
77286662,REQUEST_FAILED,,,,,
77286661,deadAbandoned,THOUSAND DOLLAR MINUTE,"Jul. 08, 2009",Imagination Holdings Pty Ltd,,hostmaster@imagination.com.au
77286969,REQUEST_FAILED,,,,,
77287535,deadAbandoned,PONO THE POI DOG PRODUCTIONS,"Dec. 24, 2009","Pono the Poi Dog Productions, L.L.C.",,lkoike@hawaii.rr.com
77287421,REQUEST_FAILED,,,,,
77287117,REQUEST_FAILED,,,,,
77287735,deadAbandoned,SMART SACK,"Jan. 26, 2009","Smart Sack, LLC",,smartsack@gmail.com
77287555,REQUEST_FAILED,,,,,
77287740,REQUEST_FAILED,,,,,
77287514,REQUEST_FAILED,,,,,
77287879,deadAbandoned,CHECK ASSIST DEPOSIT ONE,"Oct. 15, 2009","Quick Check, Inc.",,
77288062,deadAbandoned,TEMO GONZÁLEZ EL TORBELLINO DE TIERRA CALIENTE,"Mar. 23, 2009",CUAUHTÉMOC GONZÁLEZ GARCÍA,,
77287787,deadAbandoned,MERMAID SURPRISE,"Jan. 05, 2009",Moose Enterprise Pty Ltd,,stephen.oneill@moosetoys.com
77288169,deadAbandoned,MYPROCESS,"Jan. 05, 2009",MyProcess Corp.,,demir.ahmed@myprocess.com
77288149,deadAbandoned,SKOOLZONE,"Mar. 23, 2009","JOHNSON, ALBERT",,skoolzone@comcast.net
77288445,deadAbandoned,N'CHANTING RABBITS,"Feb. 09, 2009",Robin Burkhardt,,firstcom1@aol.com
77288551,REQUEST_FAILED,,,,,
77288906,deadAbandoned,TOPO°,"Jul. 06, 2009","LG Marketing, LLC",,linzi@linzigay.com
77288878,deadAbandoned,PICTURE BOOKS BEYOND PAPER,"Jan. 05, 2009","Bragg, Lori A.",,lori@maui.com
77289105,REQUEST_FAILED,,,,,
77289079,REQUEST_FAILED,,,,,
77289366,deadAbandoned,VOXATIV,"Jul. 13, 2009","Adler, Inès",,ines2@adler24.com
77289314,deadAbandoned,TRAYTRAK,"Oct. 26, 2009","PACTECH INVESTEMENTS, INC.",,ccdianna@gmail.com
77289385,REQUEST_FAILED,,,,,
77289514,deadAbandoned,NORTHERN HEMISPHERE BUSINESS CONNECTION,"Jan. 12, 2009",NORTHERN HEMISPHERE HOLDINGS LLC,,office@northern-hemisphere.com
77289526,REQUEST_FAILED,,,,,
77289799,deadAbandoned,ROSETTE,"Jun. 01, 2009","Guillory, Joseph",,
77289749,deadAbandoned,ASPEN JACK'S,"Feb. 16, 2009","British American Pub Company, Inc.",,aspenjacks@aol.com
77289687,REQUEST_FAILED,,,,,
77289971,deadAbandoned,WORLD TEASERS SUPERSIZE YOUR GLOBAL KNOWLEDGE ?,"Nov. 16, 2009",ELM Education Marketing,,susan_flora2000@yahoo.com
77290198,deadAbandoned,MARDI GRAS,"Jun. 01, 2009","Access Beverage, Inc.",,
77290298,deadAbandoned,RAIN SHIELD,"Oct. 27, 2009",First Link Products Corp.,,bob@firstlinkproducts.com
77290241,deadAbandoned,ASPEN BREWING COMPANY,"Jan. 19, 2009","Clauss, Duncan Stuart",,claussd@gmail.com
77290447,REQUEST_FAILED,,,,,
77290686,deadAbandoned,CALCUGRAM,"Jan. 12, 2009",James A. Wirkus,,jw@southcourtusa.com
77290982,deadAbandoned,CONVICT STYLE,"Jan. 22, 2009",Convict Style,,convictstyleh@yahoo.com
77290989,REQUEST_FAILED,,,,,
77291042,deadAbandoned,SWOMAK,"Jan. 05, 2009","Owusu-Yaw, Tristian G",,teeowusu24@aol.com
77291114,deadAbandoned,COFFEE FLAVOR GUARD,"Jan. 12, 2009",TekQuest Industries Corporation,,sfrazier@tekquestindustries.com
77291071,REQUEST_FAILED,,,,,
77291130,deadAbandoned,FRIDGE ODOR GUARD,"Feb. 02, 2009",TekQuest Industries Corporation,,sfrazier@tekquestindustries.com
77291298,deadAbandoned,SILENT VICTORY,"Jan. 12, 2009","Silent Victory Productions, Inc.",,
77291197,REQUEST_FAILED,,,,,
77291374,deadAbandoned,CHENIERE PRESS,"Jan. 12, 2009",Cheniere Press Inc.,,engpjk@yahoo.co.uk
77291740,deadAbandoned,TERRA FLORA,"Jan. 05, 2009","R & C Natural Creation, LLC",,lferhonda@sedona.net
77291492,deadAbandoned,IPWR,"Feb. 12, 2009",Wireless input Inc.,,Gary.Bi@wirelessinput.com
77292049,deadAbandoned,LOVERS LOCK,"Jan. 26, 2009",Joseph Guillory,,
77292036,deadAbandoned,AEONICS,"Jun. 15, 2009","Chandras, George",,gchandras@mac.com
77292113,deadAbandoned,HONEY CHERRY,"Jan. 26, 2009",Joseph Guillory,,
77292266,deadAbandoned,ARMY OF DOVES,"Apr. 30, 2009","Graves, Sally Merrow",,SallyMGraves@gmail.com
77292339,deadAbandoned,AUSSIE SOULS,"Jan. 12, 2009",Aussie Soles International LLC,,info@actuateip.com.au
77292365,deadAbandoned,NAMMAE NORTH AMERICAN MIXED MARTIAL ARTS EXPO,"Feb. 16, 2009","Dead Mans Hand Athletics, LLC",,
77292431,deadAbandoned,GOLDEN LIAISON,"Jan. 12, 2009","Ferraiuolo, Enzo Marco",,Enzo.Ferraiuolo@online.de
77292388,deadAbandoned,BALL OR DIE,"Nov. 02, 2009","So, Andy",,as1031@columbia.edu
77292656,deadAbandoned,BRAZIL 2014,"Feb. 12, 2009",HADJI Mohamed,,domacontact@yahoo.com
77293010,deadAbandoned,EXECUTIVE ATTACHE,"Jan. 12, 2009",Wagner ID LLC,,art@wagnerid.com
77292710,REQUEST_FAILED,,,,,
77293218,REQUEST_FAILED,,,,,
77293431,deadAbandoned,I$AVE,"Jan. 05, 2009",Moose Enterprise Pty Ltd,,stephen.oneill@moosetoys.com
77293421,REQUEST_FAILED,,,,,
77293479,deadAbandoned,I AM LOOKING FOR,"Jan. 12, 2009","Lexman, Nandan",,lnandan@gmail.com
77293494,deadAbandoned,BEING BROKE IS NOT AN OPTION,"Mar. 02, 2009","Broke2, Inc.",,info@broke2.com
77293495,deadAbandoned,SPECTRAONE,"Jan. 12, 2009","CHARRON, Alain",,usatm@alaincharron.com
77293659,REQUEST_FAILED,,,,,
77293432,REQUEST_FAILED,,,,,
77293784,REQUEST_FAILED,,,,,
77294365,deadAbandoned,DRIVEN ENERGY,"Apr. 27, 2009","Driven Energy, Inc.",,
77294459,deadAbandoned,EYEPOTHECARY,"Jan. 12, 2009","Miller, Timothy C",,tcmod@aol.com
77294645,deadAbandoned,MY FIRST JESUS,"Jun. 10, 2009",ScribNet,,bscribner@gmail.com
77294647,deadAbandoned,INBOUND COFFEE,"Jul. 27, 2009","Restivo, Paul Douglas",,doug_restivo@hotmail.com
77294646,deadAbandoned,REMINDER:,"Sep. 04, 2009","Cintron, Derek Anthony",,locomusico@aol.com
77294650,deadAbandoned,DERMASTRIPS,"Jan. 19, 2009","US Medical, Inc.",,aaron@angellift.com
77294634,deadAbandoned,REMINDER:,"Sep. 04, 2009","Cintron, Derek Anthony",,locomusico@aol.com
77294846,REQUEST_FAILED,,,,,
77295169,deadAbandoned,AEROGENT,"May 11, 2009","HOBBS III, JAMES WILEY",,jameswhobbs@hotmail.com
77295080,REQUEST_FAILED,,,,,
77295374,REQUEST_FAILED,,,,,
77295183,REQUEST_FAILED,,,,,
77295777,deadAbandoned,DEXELA IMAGING,"Jan. 23, 2009",Dexela Ltd,,kirstie@dexelaimaging.com
77295782,deadAbandoned,EASTBAY LAX.COM,"Jun. 22, 2009","Eastbay, Inc.",,tbombata@footlocker.com
77295825,deadAbandoned,FTM,"Mar. 02, 2009",Dexela Ltd,,kirstie@dexelaimaging.com
77295887,deadAbandoned,AUDESSENCE,"Feb. 06, 2009",Audessence Limited,,martin@audessence.com
77296036,deadAbandoned,VODKAPEDIA,"Jan. 27, 2009",Kwantum s.c.,,piotr.motyka@kwantum.pl
77295726,deadAbandoned,STWY,"Mar. 02, 2009","Stwy, LLC",,bunny66104@aol.com
77296123,deadAbandoned,SPRAY AGAIN,"May 25, 2009","ITLY Enterprises, LLC",,ntreanor@verizon.net
77296223,deadAbandoned,GOOD AND YOU?,"Jan. 12, 2009",Richard and Angela Gill,,richard.gill@opco.com
77296269,deadAbandoned,MY VIRTUAL IMAGES,"Sep. 04, 2009","Fink, Melissa",,info@ImageWithAnEdge.com
77296292,deadAbandoned,ECOBIKE,"Jan. 26, 2009",Scott Shaw,,
77295786,REQUEST_FAILED,,,,,
77296478,REQUEST_FAILED,,,,,
77296482,REQUEST_FAILED,,,,,
77296816,deadAbandoned,"POKER NUTZ TEXAS HOLD'EM & POKER GAMEROOM GAME EDUCATION ""REAL TOURNAMENT COMPETITION""","Mar. 03, 2009",Benson Jeffrey G.,,marsrisinginc@sbcglobal.net
77297092,deadAbandoned,TEMPLE EIGHT,"Sep. 02, 2009","Giske, Jeffrey",,
77297077,REQUEST_FAILED,,,,,
77296825,deadAbandoned,HRO HIGH RISK OFFENDER,"Sep. 07, 2009","Dandrea, Christian",,christian@hooah.com
77297141,deadAbandoned,SPORT N CUTS,"Jan. 19, 2009",SPORT N CUTS,,gtucker@americandocsinc.com
77297112,REQUEST_FAILED,,,,,
77297205,REQUEST_FAILED,,,,,
77297765,deadAbandoned,INFECTION PREVENTION SYSTEMS,"Jul. 15, 2009","UVeritech, Inc",,shannan@uveritech.com
77297336,REQUEST_FAILED,,,,,
77297790,REQUEST_FAILED,,,,,
77297778,deadAbandoned,CREATIVE YOUTH,"Jan. 26, 2009",Creative Youth LLC,,derek@creativeyouth.com
77297860,deadAbandoned,KULTURE INK HERITAGE INSPIRED,"Nov. 30, 2009",Kulture Ink LLC,,kulture_ink@yahoo.com
77297891,deadAbandoned,NEXT YEAR'S FINALLY HERE,"Jan. 12, 2009","crolley, jeff c",,eodhomes@yahoo.com
77297962,REQUEST_FAILED,,,,,
77298062,deadAbandoned,ATV BIKINI,"Oct. 26, 2009","Bowles, Wayne",,wandmbowles@msn.com
77298031,REQUEST_FAILED,,,,,
77298140,deadAbandoned,GOT A SECRET?,"Jan. 19, 2009","Navigator Security Shredding, Inc.",,LauraRice@gmail.com
77298059,REQUEST_FAILED,,,,,
77298072,REQUEST_FAILED,,,,,
77298180,deadAbandoned,SHIP MEDICAL,"Feb. 13, 2009","Ioannidis, Nikolaos",,nioannidis@ath.forthnet.gr
77298466,deadAbandoned,PURE SOLID PERFECT GOLF,"Feb. 16, 2009",Daniel C Bonomo,,tlproperties@yahoo.com
77298765,deadAbandoned,LINCOLN HEARTH PRODUCTS,"Feb. 22, 2009",DDI Corp,,dhou@ddicorp.com
77298880,deadAbandoned,PEGGY SUE,"Jul. 20, 2009",Peggy Sue LLC,,
77298835,REQUEST_FAILED,,,,,
77298985,deadAbandoned,DON'T THREATIN' ME WITH A GOOD TIME!,"Jun. 22, 2009","Carmona, Tiffany Lynn",,tiffanycarmona.rn@comcast.net
77298989,deadAbandoned,FUTURE HEIRESS,"Jul. 23, 2009","O'Neill, Stephen Roderick",,fihe@bigpond.com.au
77299193,deadAbandoned,MARINE ADVENTURE,"Apr. 21, 2009",Engco International (H.K.) Limited,,tammi@timeoutsl.com
77299015,REQUEST_FAILED,,,,,
77299516,deadAbandoned,VINYLDOC,"Jan. 19, 2009",David J. Fenske,,david@vinyldoc.com
77299397,REQUEST_FAILED,,,,,
77299610,REQUEST_FAILED,,,,,
77299641,REQUEST_FAILED,,,,,
77299426,REQUEST_FAILED,,,,,
77299916,deadAbandoned,SOULFUL HORNS,"Jan. 19, 2009",Soulful Horns,,e@soulfulhorns.com
77299836,deadAbandoned,PETZ BUNNYZ,"Dec. 28, 2009",Ubisoft Properties LLC,,marc.muraccini@ubisoft.com
77300149,deadAbandoned,BABYTIMER,"Jan. 28, 2009","Araujo-Bezian, Jaime K.",,j_araujo_uk@yahoo.com
77300333,deadAbandoned,FREEDOM HEALTH & WELLNESS,"Jan. 12, 2009",MHS Service Centre LTD,,jody@mhsmarketing.com
77300194,REQUEST_FAILED,,,,,
77300363,REQUEST_FAILED,,,,,
77300420,REQUEST_FAILED,,,,,
77300587,deadAbandoned,E EB4HER,"Jun. 15, 2009","Eastbay, Inc.",,tbombata@footlocker.com
77300568,REQUEST_FAILED,,,,,
77300709,REQUEST_FAILED,,,,,
77300629,REQUEST_FAILED,,,,,
77301164,deadAbandoned,GLAM COFFEE,"Aug. 24, 2009","ND Rights, LLC",,
77300888,deadAbandoned,None,"Feb. 02, 2009","William C. Eriksen, DC",,
77301225,deadAbandoned,STYLA,"May 09, 2009","Zap Lasers, LLC",,rduysen@zaplasers.com
77301234,deadAbandoned,FOVEA FIRE,"Jan. 19, 2009","Sheridan, Rebekah J",,litlshug@yahoo.com
77300433,REQUEST_FAILED,,,,,
77301268,deadAbandoned,HYDROSTA,"Jan. 19, 2009","Ivett, Jonathon",,jonivett@hotmail.com
77301260,deadAbandoned,BELLA FANTASY,"May 11, 2009","Ramirez, Rosa H",,rramirez124@yahoo.com
77301510,deadAbandoned,FUZION,"Mar. 17, 2009",Jose Alberto Zuccardi,,international@uryas-europe.com
77301601,REQUEST_FAILED,,,,,
77301354,deadAbandoned,HPD,"Aug. 10, 2009","Healthcare Providers Direct, Inc.",,
77302113,deadAbandoned,EMNEXUS,"Jul. 27, 2009",Synergy Conscious LLC,,Glen.Laughton@SynergyConscious.com
77302241,deadAbandoned,BUGGER!,"Jan. 19, 2009",Bam Trading Co. Limited,,joseph@bugbam.com
77302072,deadAbandoned,ENERGYMON,"Aug. 03, 2009",Synergy Conscious LLC,,Glen.Laughton@SynergyConscious.com
77302391,deadAbandoned,SACHII,"Aug. 26, 2009",SACHII FERGAMERI OVERSEAS INC.,,songmengli@yahoo.com
77302152,REQUEST_FAILED,,,,,
77302390,REQUEST_FAILED,,,,,
77302426,REQUEST_FAILED,,,,,
77302448,REQUEST_FAILED,,,,,
77302682,deadAbandoned,EEACH,"Jan. 26, 2009",EEACH,,aridgnal@broadwaybcci.com
77302585,REQUEST_FAILED,,,,,
77303125,deadAbandoned,UNDER-THE-RIM-MAGIC TOILET BRUSH WITH UNIQUE EMBEDDED MIRROR,"Jan. 26, 2009","Morgan, Glen Michael",,gmorgan105@aol.com
77302924,REQUEST_FAILED,,,,,
77303180,deadAbandoned,LUMINATIONS,"Jun. 10, 2009",steve conner,,steveconner1@mac.com
77303107,REQUEST_FAILED,,,,,
77303205,deadAbandoned,"ALWAYS FUN SWIMMING POOLS AND SUPPLIES, L.L.C.","Apr. 06, 2009","Always Fun Swimming Pools and Supplies, L.L.C.",,amy@alwaysfunswimmingpoolsandsupplies.com
77303231,deadAbandoned,JOTSPOT,"Jan. 19, 2009","Wolfe, Adam C",,awolfe@mail.vu
77303336,deadAbandoned,ROK-IT GRIP,"Jan. 26, 2009","Harrell, Evan W",,harrelle@sprint.blackberry.net
77303333,deadAbandoned,JESUS FAN PRAISE WORSHIP CELEBRATE,"Jan. 26, 2009",Derrick Phillips,,Derrick@Jesusfanstore.com
77303413,deadAbandoned,BLOGSVILLE,"Aug. 17, 2009","Marreddy, Srinivasa",,srmarreddy@gmail.com
77303334,REQUEST_FAILED,,,,,
77303244,REQUEST_FAILED,,,,,
77303502,deadAbandoned,INTENZ PAIN,"Jul. 27, 2009","Ayers, Donna J.",,
77303501,deadAbandoned,VOLCANO,"Feb. 10, 2009",Primus Motor Co.,,jasteinsson@gmail.com
77303460,deadAbandoned,50 YEARS OF HISTORY MIRANDA'S COLLECTION,"Feb. 07, 2009",MIRANDA GEMS (HK) LIMITED,,
77303424,REQUEST_FAILED,,,,,
77303465,deadAbandoned,HABITAT OUTFITTERS,"Feb. 23, 2009","Massie, Glenn A",,help@homeschooling4dogs.com
77303512,REQUEST_FAILED,,,,,
77303630,deadAbandoned,CERTIFIED FINANCIAL MANAGER,"Jan. 17, 2009","Ziad, Saleem Alaa",,
77303603,deadAbandoned,ATHELITE,"Jul. 27, 2009","AthElite, LLC",,silk@athelite.org
77303609,deadAbandoned,PORTA-PARTY,"Jan. 26, 2009","LaVoie, R. Baylee",,arlo_1@charter.net
77303844,deadAbandoned,TRAVEL CONCIERGE,"Jan. 26, 2009","BestCare Travel Staffing, LLC",,vzeller@bestaff.com
77303874,deadAbandoned,TRAVEL CONCIERGE FOR HEALTHCARE PROFESSIONALS,"Jan. 26, 2009",BestCare Travel Staffing,,vrzeller@bestaff.com
77303996,deadAbandoned,SHADOW OF LIGHT,"Jan. 26, 2009",Bill Brandt Archive Ltd,,info@billbrandt.com
77303917,REQUEST_FAILED,,,,,
77303864,deadAbandoned,TRAVEL NURSE CONCIERGE,"Jan. 26, 2009","BestCare Travel Staffing, LLC",,vzeller@bestaff.com
77304006,REQUEST_FAILED,,,,,
77304102,deadAbandoned,DAY FRUIT,"Jul. 06, 2009",CANDELARIO LOPEZ ERIBERTO,,cramirez@uribeyasociados.com
77304200,deadAbandoned,PEPITORIAS DE DELICIAS DEL TRIUNFO,"Jul. 27, 2009","ERIBERTO, CANDELARIO LOPEZ",,cramirez@uribeyasociados.com
77304239,deadAbandoned,ARCHIVED EXPRESSIONS,"Aug. 10, 2009","Childs, Eric D",,ericchilds@hotmail.com
77304136,REQUEST_FAILED,,,,,
77304093,REQUEST_FAILED,,,,,
77304415,deadAbandoned,ERIE COUNTY PARANORMAL,"Jan. 26, 2009",Erie County Paranormal,,ghsthunter346@aol.com
77304611,deadAbandoned,CALIFORNIAC,"Jul. 27, 2009","Noy, Thomas E.",,ten@snowcrest.net
77304638,deadAbandoned,SEXY & SOBER,"Jan. 26, 2009","Let's Talk Recovery, Inc.",,
77304410,REQUEST_FAILED,,,,,
77304760,deadAbandoned,BONDADOSO,"Jun. 29, 2009","CORONA, CRESCENCIO",,alvarogutie@gmail.com
77304807,deadAbandoned,MY PET STREET,"Mar. 16, 2009","Weiss, Constance U.",,
77304769,REQUEST_FAILED,,,,,
77304808,deadAbandoned,PETALERTZ,"Jan. 26, 2009",Constance U. Weiss,,
77304809,deadAbandoned,PETALERTZ,"Sep. 28, 2009","Weiss, Constance U.",,
77304806,deadAbandoned,MY PET STREET,"Mar. 16, 2009","Weiss, Constance U.",,
77304810,deadAbandoned,IT'S TIME TO PLAY,"Sep. 14, 2009",Imagination Holdings Pty Ltd,,hostmaster@imagination.com.au
77304830,deadAbandoned,NUEVA VERACRUZ,"Jul. 27, 2009","GEEX GROUP DESARROLLOS EMPRESARIALES, S.L.",,ip@agladial.com
77304813,deadAbandoned,BUZZ ME,"Mar. 23, 2009",Amsoft Systems Private Limited,,harpreet@jotwani.com
77304786,REQUEST_FAILED,,,,,
77304802,REQUEST_FAILED,,,,,
77305029,REQUEST_FAILED,,,,,
77305393,deadAbandoned,YOLLI,"Mar. 02, 2009","Falet, Inc.",,falet@aol.com
77305144,REQUEST_FAILED,,,,,
77305431,REQUEST_FAILED,,,,,
77305578,deadAbandoned,KNOT COUTURE,"May 18, 2009",Knot Couture,,knotcouture08@gmail.com
77305545,REQUEST_FAILED,,,,,
77305644,deadAbandoned,KAMINEY,"Jan. 26, 2009",USA KAMINEY INT'L GARMENT LIMITED,,winnie0517@gmail.com
77305612,REQUEST_FAILED,,,,,
77305690,deadAbandoned,ALBARIÑO PACO & LOLA RIAS BAIXAS DENOMINACION DE ORIXE,"Aug. 10, 2009",COOPERATIVA VITIVINICOLA AROUSANA S.C.G.,,ip@agladial.com
77305686,deadAbandoned,NATURAL EVE,"May 05, 2009",Brooks-Hill Ltd,,timnails.beauty@virgin.net
77305650,deadAbandoned,CALIFORNIAC,"Jan. 26, 2009","Noy, Thomas E.",,ten@snowcrest.net
77305749,deadAbandoned,LOLLYBOOMZ,"Jan. 26, 2009","Annabanana Designs, LLC",,
77305978,deadAbandoned,AFRICAN ENTERPRISE INSTITUTE,"Sep. 15, 2009",African Enterprise Institute,,dkassa@afrianei.org
77305666,REQUEST_FAILED,,,,,
77306142,REQUEST_FAILED,,,,,
77306260,REQUEST_FAILED,,,,,
77306045,REQUEST_FAILED,,,,,
77306262,REQUEST_FAILED,,,,,
77306387,deadAbandoned,MAMA LONG'S ASIAN KITCHEN TAKEOUT & DELIVERY,"Oct. 05, 2009","Nguyen, Tien Manh",,tmng1998@yahoo.com
77306356,REQUEST_FAILED,,,,,
77306637,deadAbandoned,IPAYTEXT,"Nov. 30, 2009",iVisionMobile,,osamiri@ivisionmobile.com
77306946,deadAbandoned,BUZZ'EM,"Sep. 21, 2009",Amsoft Systems Private Limited,,harpreet@jotwani.com
77306981,REQUEST_FAILED,,,,,
77307009,REQUEST_FAILED,,,,,
77307303,deadAbandoned,ANGELINA,"Jan. 26, 2009",Hayco USA,,thisisshelly@yahoo.com
77307282,REQUEST_FAILED,,,,,
77307306,REQUEST_FAILED,,,,,
77307318,REQUEST_FAILED,,,,,
77307471,deadAbandoned,ORIGINATE RESOURCES,"Jan. 26, 2009",Originate Inc,,jeremy@originatelabs.com
77307706,REQUEST_FAILED,,,,,
77307885,deadAbandoned,SOUNDCUBE,"Oct. 26, 2009",Bradford C. Backus,,bradiko@hotmail.com
77308010,deadAbandoned,MIDNIGHT SPECTACLE,"Aug. 31, 2009","ND Rights, LLC",,
77307992,deadAbandoned,WASHYOURHANDS,"Jan. 19, 2009","conner, steve",,steveconner1@mac.com
77308024,deadAbandoned,VIASHOW,"Aug. 31, 2009","ND Rights, LLC",,
77308030,deadAbandoned,V VIASHOW,"Aug. 31, 2009","ND Rights, LLC",,
77308023,REQUEST_FAILED,,,,,
77308124,deadAbandoned,SOC MUNKEY,"Feb. 23, 2009",Bogdan Cirkovic,,bogdan123@rcn.com
77308214,deadAbandoned,V VIASHOW,"Aug. 31, 2009","ND Rights, LLC",,
77308116,deadAbandoned,TABAC,"Feb. 23, 2009",Maitland-Kraft philip,,ieduk@yahoo.com
77308242,deadAbandoned,THESPACELASVEGAS,"Feb. 02, 2009","ND Rights, LLC",,
77308255,deadAbandoned,THESPACELASVEGAS,"Feb. 02, 2009","ND Rights, LLC",,
77308161,REQUEST_FAILED,,,,,
77308229,REQUEST_FAILED,,,,,
77308292,deadAbandoned,THESPACELASVEGAS,"Feb. 02, 2009","ND Rights, LLC",,
77308261,deadAbandoned,THESPACELASVEGAS,"Feb. 02, 2009","ND Rights, LLC",,
77308209,deadAbandoned,V VIASHOW,"Jul. 20, 2009","ND Rights, LLC",,
77308281,deadAbandoned,THESPACELASVEGAS,"Jan. 26, 2009","ND Rights, LLC",,
77308346,deadAbandoned,THESPACELASVEGAS,"Jan. 26, 2009","ND Rights, LLC",,
77308277,REQUEST_FAILED,,,,,
77308356,deadAbandoned,FILLTHESPACE,"Jul. 06, 2009","ND Rights, LLC",,
77308353,deadAbandoned,THESPACELASVEGAS,"Feb. 02, 2009","ND Rights, LLC",,
77308334,deadAbandoned,THESPACELASVEGAS,"Feb. 02, 2009","ND Rights, LLC",,
77308297,deadAbandoned,PROCESS IMMUNIZATION,"Mar. 02, 2009",Applied Business Computing and Design,,abcd@nj.rr.com
77308391,deadAbandoned,FILLTHESPACE,"Aug. 03, 2009","ND Rights, LLC",,
77308393,deadAbandoned,THE SPACE LAS VEGAS,"Feb. 02, 2009","ND Rights, LLC",,
77308364,REQUEST_FAILED,,,,,
77308404,deadAbandoned,THE SPACE LAS VEGAS,"Feb. 02, 2009","ND Rights, LLC",,
77308381,deadAbandoned,FILLTHESPACE,"Aug. 03, 2009","ND Rights, LLC",,
77308380,deadAbandoned,THE SPACE LAS VEGAS,"Feb. 02, 2009","ND Rights, LLC",,
77308407,deadAbandoned,FILLTHESPACE,"Aug. 03, 2009","ND Rights, LLC",,
77308304,REQUEST_FAILED,,,,,
77308413,deadAbandoned,FILLTHESPACE,"Aug. 03, 2009","ND Rights, LLC",,
77308397,deadAbandoned,FILLTHESPACE,"Aug. 03, 2009","ND Rights, LLC",,
77308418,deadAbandoned,FILLTHESPACE,"Aug. 03, 2009","ND Rights, LLC",,
77308422,deadAbandoned,THE SPACE LAS VEGAS,"Mar. 16, 2009","ND Rights, LLC",,
77308425,deadAbandoned,FILLTHESPACE,"Aug. 03, 2009","ND Rights, LLC",,
77308430,deadAbandoned,THE SPACE LAS VEGAS,"Feb. 02, 2009","ND Rights, LLC",,
77308445,deadAbandoned,THE SPACE LAS VEGAS,"Feb. 09, 2009","ND Rights, LLC",,
77308448,deadAbandoned,FILLTHESPACE,"Aug. 03, 2009","ND Rights, LLC",,
77308436,deadAbandoned,FILLTHESPACE,"Jul. 27, 2009","ND Rights, LLC",,
77308468,deadAbandoned,FILLTHESPACE,"Aug. 03, 2009","ND Rights, LLC",,
77308457,deadAbandoned,THE SPACE LAS VEGAS,"Feb. 02, 2009","ND Rights, LLC",,
77308497,deadAbandoned,SPACE LAS VEGAS,"Jan. 26, 2009","ND Rights, LLC",,
77308511,deadAbandoned,SPACE LAS VEGAS,"Jan. 26, 2009","ND Rights, LLC",,
77308442,REQUEST_FAILED,,,,,
77308555,deadAbandoned,SPACE LAS VEGAS,"Jan. 26, 2009","ND Rights, LLC",,
77308537,deadAbandoned,SPACE LAS VEGAS,"Jan. 26, 2009","ND Rights, LLC",,
77308504,deadAbandoned,SPACE LAS VEGAS,"Jan. 26, 2009","ND Rights, LLC",,
77308593,deadAbandoned,None,"Jul. 27, 2009","ND Rights, LLC",,
77308569,deadAbandoned,SPACE LAS VEGAS,"Jan. 26, 2009","ND Rights, LLC",,
77308602,deadAbandoned,None,"Jul. 27, 2009","ND Rights, LLC",,
77308451,REQUEST_FAILED,,,,,
77308568,deadAbandoned,TAKE THE STATE,"Jan. 26, 2009","Seitz, Kelly M",,kseitz@mesaproperties.org
77308626,deadAbandoned,None,"Aug. 03, 2009","ND Rights, LLC",,
77308669,deadAbandoned,CRITICAL MISSION,"Feb. 02, 2009","Atlas Broadband Communications, Inc.",,susanv@atlasbroadband.com
77308577,deadAbandoned,None,"Jul. 27, 2009","ND Rights, LLC",,
77308797,deadAbandoned,None,"Aug. 03, 2009","ND Rights, LLC",,
77308815,deadAbandoned,None,"Aug. 03, 2009","ND Rights, LLC",,
77308829,deadAbandoned,None,"Aug. 03, 2009","ND Rights, LLC",,
77308845,deadAbandoned,REMINDEO,"Feb. 20, 2009",Smash Media Limited,,simon@smashmediaco.com
77308849,deadAbandoned,None,"Aug. 10, 2009","ND Rights, LLC",,
77308786,REQUEST_FAILED,,,,,
77308859,deadAbandoned,None,"Aug. 10, 2009","ND Rights, LLC",,
77308839,deadAbandoned,None,"Aug. 03, 2009","ND Rights, LLC",,
77308881,deadAbandoned,SPACELASVEGAS,"Jan. 26, 2009","ND Rights, LLC",,
77308875,deadAbandoned,None,"Aug. 03, 2009","ND Rights, LLC",,
77308908,deadAbandoned,SPACELASVEGAS,"Feb. 02, 2009","ND Rights, LLC",,
77308900,deadAbandoned,SPACELASVEGAS,"Feb. 02, 2009","ND Rights, LLC",,
77308864,REQUEST_FAILED,,,,,
77308683,deadAbandoned,CUSHIONING BEADS,"Nov. 23, 2009","UPM PHARMACEUTICALS, INC.",,
77308890,REQUEST_FAILED,,,,,
77308956,deadAbandoned,SPACELASVEGAS,"Jan. 05, 2009","ND Rights, LLC",,
77309002,deadAbandoned,SPACELASVEGAS,"Feb. 02, 2009","ND Rights, LLC",,
77309005,deadAbandoned,SPACELASVEGAS,"Jan. 05, 2009","ND Rights, LLC",,
77308959,REQUEST_FAILED,,,,,
77309009,deadAbandoned,SPACELASVEGAS,"Feb. 02, 2009","ND Rights, LLC",,
77308973,deadAbandoned,SPACELASVEGAS,"Jan. 05, 2009","ND Rights, LLC",,
77308984,REQUEST_FAILED,,,,,
77309208,deadAbandoned,BABYSTATS,"Feb. 02, 2009","Nashe, Audrey N.",,wannbes@att.net
77309126,REQUEST_FAILED,,,,,
77309266,deadAbandoned,BOUCAAN,"Jul. 13, 2009","Beka Development, LLC",,
77309364,deadAbandoned,SOCIAL RESPONSIBILITY CHANNEL,"Jun. 01, 2009","LOWSON, LINDA M.",,lmlowson@optonline.net
77309280,REQUEST_FAILED,,,,,
77309390,deadAbandoned,SPANISH FOR SPROUTS,"Aug. 24, 2009","Tokunaga, Janelle Mitsue",,onobonorono@yahoo.com
77309402,deadAbandoned,YOU CAN DO IT YOGA,"Feb. 23, 2009","Nusser-Meany, Larissa",,larissa@youcandoityogaforms.com
77309210,REQUEST_FAILED,,,,,
77309396,deadAbandoned,YOU CAN DO IT YOGA FOR MS,"Feb. 23, 2009","Nusser-Meany, Larissa",,larissa@youcandoityogaforms.com
77309407,REQUEST_FAILED,,,,,
77309461,REQUEST_FAILED,,,,,
77309704,deadAbandoned,LET YOUR IMAGINATION BE YOUR ONLY LIMITATION.,"Feb. 09, 2009",Greyne Custom Wood Co.,,rmeisner@charter.net
77309707,REQUEST_FAILED,,,,,
77309710,REQUEST_FAILED,,,,,
77309952,REQUEST_FAILED,,,,,
77310001,deadAbandoned,ESUPPORTNOW,"Jan. 09, 2009",eSupport World LLC,,sharym@asi-inc.com
77310110,deadAbandoned,GOLD CARD,"Jul. 22, 2009","Varsity Gold, Inc.",,
77310150,REQUEST_FAILED,,,,,
77310513,deadAbandoned,NUTTY HEADS,"Jan. 26, 2009",XYSTUS,,montsed@bsa.org
77309978,REQUEST_FAILED,,,,,
77310557,deadAbandoned,NETWORKSTARTER,"Feb. 09, 2009",NetworkStarter,,start@networkstarter.net
77310676,deadAbandoned,COUGH,"Nov. 16, 2009",2 Under Entertainment,,
77310717,deadAbandoned,ROSELAND,"Feb. 02, 2009",SUNRISE PACIFIC LIMITED,,janelu@sunriseent.com.cn
77310837,REQUEST_FAILED,,,,,
77310975,deadAbandoned,CITY CHEF MIKE'S,"Mar. 05, 2009","Forst, Michael Jacob",,citychefmikes@gmail.com
77310936,REQUEST_FAILED,,,,,
77310920,deadAbandoned,WIZABLE,"May 08, 2009",Nils Weber,,andre.sollner@wizable.com
77310985,REQUEST_FAILED,,,,,
77311328,deadAbandoned,AIRE COLLECTION,"Jul. 27, 2009","NOVIEURO, S.L.",,
77311359,deadAbandoned,BABY BIBBLER BY TERRIBLE TWO'S,"Apr. 06, 2009",Angelica Maria Espindola,,Angelica@TerribleTwosInc.com
77311457,deadAbandoned,ND'S FUEGO SHOW & NIGHT CLUB,"Feb. 02, 2009","ND Rights, LLC",,
77311158,REQUEST_FAILED,,,,,
77311322,REQUEST_FAILED,,,,,
77311708,deadAbandoned,DETOX THE PLANET,"Jul. 06, 2009","Ripped Tide Nutrition, Inc.",,drew@socalcleanse.com
77311700,deadAbandoned,STAY SEXY,"Feb. 02, 2009",MXXX SXX SXXXX,,
77311720,deadAbandoned,STARFINDER,"Aug. 20, 2009",Summertime Corp Pty Ltd,,info@actuateip.com.au
77311784,REQUEST_FAILED,,,,,
77311722,deadAbandoned,LOVE DETECTOR,"Aug. 20, 2009",Summertime Corp Pty Ltd,,info@actuateip.com.au
77312016,REQUEST_FAILED,,,,,
77312098,REQUEST_FAILED,,,,,
77312339,REQUEST_FAILED,,,,,
77312378,REQUEST_FAILED,,,,,
77312518,deadAbandoned,DR. LIFE,"Jun. 08, 2009",DongBang AcuPrime,,jongbaepark@acuprime.com
77312806,deadAbandoned,TERI TORI,"Apr. 27, 2009","PINUPITU, INC.",,tomdmyung@yahoo.com
77312768,REQUEST_FAILED,,,,,
77312624,REQUEST_FAILED,,,,,
77312864,deadAbandoned,LIFEQ,"Feb. 02, 2009","Shi, Zheng",,John.Shi@arreon.com
77313072,REQUEST_FAILED,,,,,
77313140,REQUEST_FAILED,,,,,
77313549,deadAbandoned,TASHITA,"May 19, 2009",Diamond Beauty Products,,diamondbeautyproducts@gmail.com
77313354,REQUEST_FAILED,,,,,
77313892,deadAbandoned,GIFTCHARITY,"Feb. 02, 2009","Crescendo Interactive, Inc.",,bill@cresmail.com
77313755,REQUEST_FAILED,,,,,
77313967,deadAbandoned,AUDIOGEAR.COM,"Apr. 22, 2009","Lockhart, Arthur",,sales@audiogear.com
77313911,REQUEST_FAILED,,,,,
77314064,deadAbandoned,OFFICIAL WORLD'S SEXIEST OWS,"Aug. 10, 2009",Vanity Internet Projects CC,,ip@cm.law.za
77314103,deadAbandoned,TELMED,"Apr. 21, 2009","Campania Holding Company, Inc.",,ajohnston@thecampaniagroup.com
77314023,REQUEST_FAILED,,,,,
77314251,REQUEST_FAILED,,,,,
77314442,deadAbandoned,None,"Mar. 03, 2009",Stumptown Incorporated,,duane@stumptowncoffee.com
77314593,deadAbandoned,CREATIVE CUBIE,"Jul. 15, 2009",Deborah A. Boccardo,,dboccard@twcny.rr.com
77314480,deadAbandoned,NEXA,"Nov. 02, 2009","ICCONS, Incorporated",,dm@spotzero.com
77314720,deadAbandoned,None,"May 27, 2009",Ubisoft Inc,,
77314605,REQUEST_FAILED,,,,,
77313970,REQUEST_FAILED,,,,,
77314879,deadAbandoned,CRITICAL TATTOO,"Feb. 02, 2009","Insight Manufacturing Systems, Inc.",,
77314725,deadAbandoned,"""LOSE THE WEIGHT. GIVE IT BACK.""","Feb. 02, 2009","Burrell Communications Group, LLC",,hamos@burrell.com
77314719,REQUEST_FAILED,,,,,
77314979,deadAbandoned,CELERES GROUP,"Nov. 16, 2009","Celeres Group, Inc",,cshepherd@celeresgroup.com
77314941,REQUEST_FAILED,,,,,
77314897,REQUEST_FAILED,,,,,
77315116,deadAbandoned,KILLER BEAN,"Feb. 02, 2009","Killer Bean Studios, LLC",,webmaster@jefflewproductions.com
77315104,REQUEST_FAILED,,,,,
77315113,REQUEST_FAILED,,,,,
77315236,deadAbandoned,TILLR,"Aug. 10, 2009","My Virtual Life, LLC",,jose@tillr.com
77315161,REQUEST_FAILED,,,,,
77315181,REQUEST_FAILED,,,,,
77315242,REQUEST_FAILED,,,,,
77315317,deadAbandoned,MIA VIA,"May 05, 2009","Thrive, Inc.",,rob@thrivela.com
77315369,deadAbandoned,SMARTSHIELD,"Aug. 03, 2009",Icleen Entwicklungs- und Vertriebsanstalt fuer Umweltschutz,,info@icleen.net
77315362,deadAbandoned,SPACESHIELD,"Aug. 03, 2009",Icleen Entwicklungs- und Vertriebsanstalt fuer Umweltschutz,,info@icleen.net
77315351,deadAbandoned,A SENSORY COMPLETE EXPERIENCE,"Jul. 20, 2009","Grand Targhee Resort, LLC",,
77315458,deadAbandoned,"REAL HAPPINESS RESIDES IN HOLD""EM NOTHING BACK ALL EXCLUSIVE","Jun. 03, 2009",Donna R. MOTLEY,,DRMOTLEYREALTOR@SBCGLOBAL.NET
77315459,REQUEST_FAILED,,,,,
77315587,deadAbandoned,PHARM PHLASH!,"Feb. 09, 2009",F.A. Davis Company,,jmeyer@schnader.com
77315487,REQUEST_FAILED,,,,,
77315471,deadAbandoned,FUZZI DIGITAL EXPOSURE,"Feb. 16, 2009","Lewis, Andrew C.",,a2jagger@aol.com
77315677,deadAbandoned,IT EXPRESS IT SOLUTIONS TO COMPUTER RECYCLING,"Nov. 18, 2009","IT Express, LLC",,
77315657,REQUEST_FAILED,,,,,
77315774,deadAbandoned,PROFESSIONAL BOTANICALS,"Mar. 31, 2009",Professional Botanicals Inc.,,DrEric@ProfessionalBotanicals.com
77315753,deadAbandoned,THE GALVANIZER,"Mar. 16, 2009","Kaiser, Ralf",,
77315954,REQUEST_FAILED,,,,,
77315979,REQUEST_FAILED,,,,,
77316288,deadAbandoned,TELEVISION SHOPPING CHANNEL HOSTED BY YOU,"Mar. 05, 2009","THE TALK MARKET, INC.",,msinger@dtreader.com
77316039,REQUEST_FAILED,,,,,
77316484,deadAbandoned,IT WILL HAVE YOU SWINGING FROM THE VINES,"Feb. 09, 2009",Jeff Saylors,,monkeymudjava@gmail.com
77316497,deadAbandoned,YIZHISHOW,"Feb. 02, 2009","NINGBO YIZHISHOW TEXTILE CO., LTD",,
77316464,REQUEST_FAILED,,,,,
77316787,deadAbandoned,DE-FI,"Sep. 21, 2009",De-Fi Mobile Ltd.,,
77316541,REQUEST_FAILED,,,,,
77316639,deadAbandoned,SANDBOX T.V.,"Feb. 17, 2009","Sandbox TV, Inc.",,
77316849,deadAbandoned,SIPPER,"Feb. 09, 2009","Renkoo, Inc.",,ifindkarma@gmail.com
77316853,deadAbandoned,SIPPER,"Aug. 03, 2009","Renkoo, Inc.",,ifindkarma@gmail.com
77316925,deadAbandoned,ND'S GLAM COFFEE,"Aug. 10, 2009","ND Rights, LLC",,
77316850,REQUEST_FAILED,,,,,
77316951,deadAbandoned,ND'S FUEGO LAS VEGAS,"Aug. 10, 2009","ND Rights, LLC",,
77316852,REQUEST_FAILED,,,,,
77316963,deadAbandoned,ND'S GLAM,"Aug. 17, 2009","ND Rights, LLC",,
77316930,REQUEST_FAILED,,,,,
77316939,REQUEST_FAILED,,,,,
77317055,deadAbandoned,WHO ME?,"Aug. 31, 2009","Jackson, Jule Leuren",,whome@whomemag.com
77317101,deadAbandoned,CYPHERCAM,"Feb. 09, 2009",Steve DeLany Computing,,dadleman@sdclabs.net
77316987,REQUEST_FAILED,,,,,
77317001,REQUEST_FAILED,,,,,
77317193,deadAbandoned,ASKMRFRANCHISE.COM,"Feb. 16, 2009","ask Entities, Inc.",,
77317275,deadAbandoned,NDS FUEGO,"Aug. 10, 2009","ND Rights, LLC",,
77317284,deadAbandoned,NDS FUEGO LAS VEGAS,"Aug. 31, 2009","ND Rights, LLC",,
77317291,deadAbandoned,CTP THE ULTIMATE VALUE,"Sep. 04, 2009",FinTax LLC,,aashishp@certifiedtaxpro.com
77317489,deadAbandoned,HAIKOO,"Aug. 10, 2009","Renkoo, Inc.",,ifindkarma@gmail.com
77317264,REQUEST_FAILED,,,,,
77317492,deadAbandoned,HAIKOO,"Jul. 27, 2009","Renkoo, Inc.",,ifindkarma@gmail.com
77317288,REQUEST_FAILED,,,,,
77317491,deadAbandoned,HAIKOO,"Aug. 03, 2009","Renkoo, Inc.",,ifindkarma@gmail.com
77317537,deadAbandoned,KALEIDOPIX,"Feb. 09, 2009","Hocking, Lindsay",,lhocking@sub.net.au
77317541,deadAbandoned,ZOOM'D IN,"Feb. 09, 2009","Hocking, Lindsay",,lhocking@sub.net.au
77317548,deadAbandoned,LAST MAN STANDING,"Feb. 09, 2009","McMaster, Sean C",,masterstroke@iinet.net.au
77317551,deadAbandoned,RANK 'EM,"Feb. 09, 2009","McMaster, Sean C",,masterstroke@iinet.net.au
77317490,deadAbandoned,HAIKOO,"Aug. 10, 2009","Renkoo, Inc.",,ifindkarma@gmail.com
77318001,REQUEST_FAILED,,,,,
77318003,REQUEST_FAILED,,,,,
77318074,REQUEST_FAILED,,,,,
77318184,REQUEST_FAILED,,,,,
77318648,deadAbandoned,DWELLGO,"Sep. 16, 2009","Jaymon, Inc.",,jaypotto@sbcglobal.net
77318382,REQUEST_FAILED,,,,,
77318687,deadAbandoned,MINFENG,"Feb. 09, 2009","Ningbo Minfeng Electrical Appliances Co., Ltd",,npchow@hotmail.com
77318596,REQUEST_FAILED,,,,,
77318655,REQUEST_FAILED,,,,,
77318884,deadAbandoned,ORFANATO MUSIC GROUP,"Sep. 28, 2009","Landron, William",,rivera105@att.blackberry.net
77318886,deadAbandoned,ENVIRORIDE,"Feb. 09, 2009",Simon Haddad,,shhaddad@hotmail.com
77318818,REQUEST_FAILED,,,,,
77318854,REQUEST_FAILED,,,,,
77318988,deadAbandoned,THE HOT DIET,"Dec. 28, 2009","The Hot Diet, LLC",,
77318885,REQUEST_FAILED,,,,,
77319379,deadAbandoned,KNOW WHAT YOU HAVE,"Aug. 17, 2009","Stratify, Inc.",,
77319105,REQUEST_FAILED,,,,,
77319118,REQUEST_FAILED,,,,,
77319473,deadAbandoned,HIMI,"Jan. 22, 2009","Branan, Ronald L.",,
77319424,deadAbandoned,S SYNTHEGENIC,"Oct. 06, 2009","Synthegenic, LLC",,russ@synthegenic.com
77319292,REQUEST_FAILED,,,,,
77319502,REQUEST_FAILED,,,,,
77319629,deadAbandoned,SKYADS,"Feb. 09, 2009","SKYGRID, INC.",,april@skygrid.com
77319559,REQUEST_FAILED,,,,,
77319739,deadAbandoned,HUCK DOLL,"Jul. 22, 2009",NSM Resources Corporation,,zane@huckdoll.com
77319941,deadAbandoned,TEAM CHRIST THE NEW GENERATION,"Apr. 29, 2009","Johnson Jr, Matthew",,sickpak@verizon.net
77319897,deadAbandoned,CARIBBEAN SOLUTIONS,"Jan. 13, 2009","TradeWinds Resort Specialists, Inc.",,bruce@caribbean-sol.com
77319637,REQUEST_FAILED,,,,,
77319946,deadAbandoned,POINT BLANK CUTLERY PBC WHERE AIM & IMPACT MEET,"Jul. 06, 2009","Franco, Sergio A.",,safranco@yahoo.com
77319948,REQUEST_FAILED,,,,,
77319966,REQUEST_FAILED,,,,,
77320016,REQUEST_FAILED,,,,,
77320296,REQUEST_FAILED,,,,,
77320508,deadAbandoned,NUTTYHEADS,"Jan. 19, 2009",Xystus,,montsed@bsa.org
77320418,REQUEST_FAILED,,,,,
77320454,REQUEST_FAILED,,,,,
77320514,deadAbandoned,EVERYTHING IS NOT OKAY,"Jan. 19, 2009","Fawcett, Cari",,cjfawcett83@sbcglobal.net
77320650,REQUEST_FAILED,,,,,
77320677,REQUEST_FAILED,,,,,
77320764,REQUEST_FAILED,,,,,
77320769,REQUEST_FAILED,,,,,
77320774,REQUEST_FAILED,,,,,
77320832,REQUEST_FAILED,,,,,
77320940,deadAbandoned,IRA MASTER,"Feb. 16, 2009",William T. Hepburn,,Will@HepburnCapital.com
77320928,REQUEST_FAILED,,,,,
77320952,deadAbandoned,JEV,"Feb. 16, 2009",JEV Enterprises Inc.,,zvshanghai@msn.com
77320958,REQUEST_FAILED,,,,,
77321161,deadAbandoned,IB,"Jan. 16, 2009",INBANK,,
77321071,deadAbandoned,CELL PROOF,"Jun. 15, 2009",Joseph Mercola,,tonyg@mercola.com
77321100,deadAbandoned,HTFU,"Feb. 09, 2009",Mulac R John,,jmulac@comcast.net
77321267,REQUEST_FAILED,,,,,
77321317,REQUEST_FAILED,,,,,
77321689,deadAbandoned,INTEGRATIONREADY,"Feb. 09, 2009","Corefino, Inc.",,susan.steele@corefino.com
77321646,deadAbandoned,U | USHARESOFT,"Feb. 09, 2009","BOURDON, OLIVIER",,hubertcatanese@aol.com
77321735,deadAbandoned,RESTATEMENTREADY,"Feb. 09, 2009","Corefino, Inc.",,susan.steele@corefino.com
77321734,deadAbandoned,NUSTONE WASTE INDUSTRIES,"Feb. 13, 2009","Purchase America, Inc.",,ss10823@hotmail.com
77321615,deadAbandoned,PLANTPOD,"Aug. 24, 2009",THE INTERNATIONAL DONUT PLANT LLC,,mark@doughnutplant.com
77321587,REQUEST_FAILED,,,,,
77321796,deadAbandoned,GLOBALREADY,"Feb. 09, 2009","Corefino, Inc.",,susan.steele@corefino.com
77321753,deadAbandoned,CONSOLIDATIONREADY,"Feb. 09, 2009","Corefino, Inc.",,susan.steele@corefino.com
77321781,deadAbandoned,CONVERSIONREADY,"Feb. 09, 2009","Corefino, Inc.",,susan.steele@corefino.com
77321804,deadAbandoned,NWI,"Feb. 13, 2009","Purchase America, Inc.",,ss10823@hotmail.com
77321867,deadAbandoned,INFOREADY,"Aug. 10, 2009","Corefino, Inc.",,susan.steele@corefino.com
77321744,REQUEST_FAILED,,,,,
77321845,deadAbandoned,EXITREADY,"Feb. 09, 2009","Corefino, Inc.",,susan.steele@corefino.com
77321819,REQUEST_FAILED,,,,,
77321887,REQUEST_FAILED,,,,,
77321918,REQUEST_FAILED,,,,,
77322060,deadAbandoned,PERFORMATICS,"Aug. 17, 2009","Performatics, Inc.",,info@km-concepts.com
77321988,REQUEST_FAILED,,,,,
77322045,deadAbandoned,UNIVERSAL COMPUTER UC,"Jun. 29, 2009",Originatic LLC,,rsmith@originatic.com
77322043,REQUEST_FAILED,,,,,
77322047,REQUEST_FAILED,,,,,
77322162,REQUEST_FAILED,,,,,
77322210,REQUEST_FAILED,,,,,
77322540,deadAbandoned,CELL PROOF TECHNOLOGIES,"Jun. 15, 2009",Joseph Mercola,,tonyg@mercola.com
77322685,deadAbandoned,GOOD JUNK,"Feb. 16, 2009",Takaki Mike A,,mtakaki1567@sbcglobal.net
77322465,REQUEST_FAILED,,,,,
77322746,deadAbandoned,UNIVERSITY OF JIU JITSU,"Apr. 29, 2009","University of Jiu-Jitsu, Inc.",,
77322734,deadAbandoned,BECAUSE BEING CATHOLIC IS COOL,"Feb. 02, 2009","Catholic Record Label, Inc.",,info@catholicrecordlabel.com
77322545,REQUEST_FAILED,,,,,
77322748,deadAbandoned,DON'T DO THE DEED IF YOU CAN'T RAISE THE SEED,"Feb. 02, 2009","Bawa, Asad",,asadb14@msn.com
77322776,REQUEST_FAILED,,,,,
77322936,REQUEST_FAILED,,,,,
77322944,REQUEST_FAILED,,,,,
77323056,REQUEST_FAILED,,,,,
77323354,deadAbandoned,HIJUELO,"Aug. 17, 2009","Comercializadora Davila & Partida, S.A. de C.V.",,contacto@promarkmexico.com
77323276,REQUEST_FAILED,,,,,
77323389,REQUEST_FAILED,,,,,
77323370,REQUEST_FAILED,,,,,
77323452,REQUEST_FAILED,,,,,
77323523,REQUEST_FAILED,,,,,
77323575,REQUEST_FAILED,,,,,
77323803,REQUEST_FAILED,,,,,
77324127,deadAbandoned,TAXREADY,"Aug. 10, 2009","Corefino, Inc.",,susan.steele@corefino.com
77324135,deadAbandoned,REPORTINGREADY,"Feb. 09, 2009","Corefino, Inc.",,susan.steele@corefino.com
77324130,deadAbandoned,GAAPREADY,"Aug. 10, 2009","Corefino, Inc.",,susan.steele@corefino.com
77323977,REQUEST_FAILED,,,,,
77324133,deadAbandoned,EQUITYREADY,"Aug. 10, 2009","Corefino, Inc.",,susan.steele@corefino.com
77324141,deadAbandoned,BENCHMARKREADY,"Feb. 09, 2009","Corefino, Inc.",,susan.steele@corefino.com
77324132,deadAbandoned,POWR WALK,"Mar. 18, 2009","Lifeline International, Inc.",,
77324123,REQUEST_FAILED,,,,,
77324218,deadAbandoned,MM MYTHIC MONSTER STUDIOS,"Feb. 16, 2009","Prewo, Karl D",,kdprewo@earthlink.net
77324240,deadAbandoned,BEAR BAIT RACING,"Feb. 16, 2009",Terry Hickman,,terry@unbridledbrain.com
77324257,deadAbandoned,EDGESAFE,"May 22, 2009",DataMills,,yoram@datamills.com
77324157,REQUEST_FAILED,,,,,
77324339,deadAbandoned,DIGITAL CRATE,"Apr. 21, 2009","Digital Crate, LLC",,jpena777@digitalcrate.com
77324265,deadAbandoned,COFFEEMASTER,"Jan. 05, 2009","Kostakis, Nikolaos I.",,nkostaki900@hotmail.com
77324258,REQUEST_FAILED,,,,,
77324472,deadAbandoned,CAPTAIN HARDHEAD,"Apr. 28, 2009","Corry, James D.",,jdcorry@earthlink.net
77324442,REQUEST_FAILED,,,,,
77324503,REQUEST_FAILED,,,,,
77324982,deadAbandoned,SHADE BUNNY,"Feb. 02, 2009","Kenny, Keith D.",,dallas48326@juno.com
77324753,REQUEST_FAILED,,,,,
77324857,REQUEST_FAILED,,,,,
77325206,REQUEST_FAILED,,,,,
77325333,deadAbandoned,SPC,"Aug. 17, 2009","ND Rights, LLC",,
77325362,deadAbandoned,INDULGE IN STYLE,"Feb. 09, 2009","Cascade Star, Inc.",,rushabh.sheth@cascadestar.com
77325261,REQUEST_FAILED,,,,,
77325334,deadAbandoned,PANDEQUE SABOR EN CADA MORDIDA,"Mar. 16, 2009","Sahd, Olga Denise",,usmarca-pandeque@yahoo.com
77325317,REQUEST_FAILED,,,,,
77325399,deadAbandoned,SWIRLEE YOGURT,"Apr. 22, 2009","Swirlee Yogurt, Inc.",,bradleybridges@hotmail.com
77325419,deadAbandoned,SAGA,"Feb. 23, 2009",SAGA International Ltd,,sganni@saga-international.com
77325483,deadAbandoned,HIP HOP POLICE - THE GAME UNDER ATTACK,"Jun. 29, 2009","Vance, Jamal Y.",,
77325426,deadAbandoned,BETTER THAN GLASS,"Jan. 26, 2009","Kiefer, Robert D",,rdk@mapsww.com
77325494,deadAbandoned,SPECIALLIST - IT'S JUST ABOUT EVERYTHING,"Aug. 17, 2009","Schertz, Michael",,
77325664,deadAbandoned,CARE CHAIN,"Jan. 25, 2009","AMCOMM HOLDINGS, LLC",,lponssa@ncihome.com
77325787,deadAbandoned,1-877-LUV-JUNK CALL TOLL FREE! BE JUNK FREE!,"Feb. 13, 2009","Luv Junk Holdings, LTD",,kevin@1877luvjunk.com
77325584,REQUEST_FAILED,,,,,
77325620,REQUEST_FAILED,,,,,
77326031,deadAbandoned,STYLA MICROLASER,"May 09, 2009","Zap Lasers, LLC",,rduysen@zaplasers.com
77326316,deadAbandoned,STYLAORTHO,"May 09, 2009","Zap Lasers, LLC",,rduysen@zaplasers.com
77325989,REQUEST_FAILED,,,,,
77325995,REQUEST_FAILED,,,,,
77326280,deadAbandoned,MYSELF MATT JONES,"Jan. 12, 2009","Jones, Matthew D",,myselfmattjones@gmail.com
77326339,REQUEST_FAILED,,,,,
77326500,deadAbandoned,BEAUTIFUL IDEA,"Feb. 25, 2009",Abisola Agbabiaka,,
77326614,deadAbandoned,CORTINI C,"May 27, 2009","Smith, Daniel Gregory",,gss0@mindspring.com
77326541,deadAbandoned,SHOEVENIRS,"Feb. 16, 2009",Allyson Brooke Gerard,,thoroughbred.one@verizon.com
77326482,REQUEST_FAILED,,,,,
77326612,deadAbandoned,ABEX SYSTEMS,"Feb. 16, 2009","Abex Systems, LLC",,info@abexsystems.com
77326685,deadAbandoned,VIQUES,"Mar. 09, 2009",Lamtong Development Limited,,bhsu@yahoo.cn
77326710,deadAbandoned,AQUITIX,"Feb. 23, 2009","Sato, Kathy K",,ksato@phaseinvesting.com
77326666,REQUEST_FAILED,,,,,
77326742,deadAbandoned,RUNWAY FITNESS,"Feb. 23, 2009","Hill, James R",,jrhill1@mac.com
77326793,REQUEST_FAILED,,,,,
77326815,REQUEST_FAILED,,,,,
77326865,REQUEST_FAILED,,,,,
77326997,deadAbandoned,ENVIROSAFE H2O WATER,"Feb. 04, 2009","EnviroSafe H2O, LLC",,INFO@ENVIROSAFEH2O.com
77327169,deadAbandoned,KERATIN FUSION,"Jul. 27, 2009",PRAVANA INTERNATIONAL,,
77327285,deadAbandoned,AMERICASNUTRITION.COM,"Mar. 17, 2009","Bottled Fitness, Inc.",,mhart@bottledfitness.com
77327351,deadAbandoned,AMERICASNUTRITION,"Mar. 17, 2009","Bottled Fitness, Inc.",,mhart@bottledfitness.com
77327120,REQUEST_FAILED,,,,,
77327235,REQUEST_FAILED,,,,,
77327275,REQUEST_FAILED,,,,,
77327433,deadAbandoned,BLUE TUBE HEADSET,"Jan. 21, 2009",Joseph Mercola,,tonyg@mercola.com
77327367,REQUEST_FAILED,,,,,
77327409,REQUEST_FAILED,,,,,
77327529,REQUEST_FAILED,,,,,
77327677,REQUEST_FAILED,,,,,
77327683,REQUEST_FAILED,,,,,
77327727,REQUEST_FAILED,,,,,
77327921,REQUEST_FAILED,,,,,
77327943,REQUEST_FAILED,,,,,
77328016,deadAbandoned,IRONGUIDES,"Feb. 16, 2009","Becker, Marc",,marc@ironguides.net
77327969,REQUEST_FAILED,,,,,
77328011,REQUEST_FAILED,,,,,
77328029,REQUEST_FAILED,,,,,
77328531,deadAbandoned,DO THE RIGHT THING - OVERSTOCK.COM,"Mar. 23, 2009","Overstock.com, Inc.",,
77328540,deadAbandoned,READY TWO GO,"Feb. 16, 2009","Ready Two Go, LLC",,
77328544,deadAbandoned,360 ENVIRONMENTAL SERVICES,"Mar. 23, 2009","Concrete Washout of Arizona, Inc.",,
77328393,REQUEST_FAILED,,,,,
77328480,REQUEST_FAILED,,,,,
77328721,deadAbandoned,CFS,"May 04, 2009","Blue Screen Marketing, LLC",,
77328676,REQUEST_FAILED,,,,,
77328690,REQUEST_FAILED,,,,,
77328854,deadAbandoned,ROOSTER RENTALS,"Mar. 23, 2009","Eure, Jan B.",,janeure@aol.com
77329015,deadAbandoned,EMPATHYCONNECT,"Mar. 17, 2009",RTM&J Inc.,,rhondaharper@rtmj.com
77328764,REQUEST_FAILED,,,,,
77329047,deadAbandoned,FIRMFINDER,"Mar. 02, 2009",RTM&J Inc.,,rhondaharper@rtmj.com
77329064,deadAbandoned,RTM&J BRANDCHAMPIONS,"Mar. 02, 2009",RTM&J Inc.,,rhondaharper@rtmj.com
77328974,REQUEST_FAILED,,,,,
77329002,REQUEST_FAILED,,,,,
77329162,deadAbandoned,SOSELLME,"Feb. 16, 2009",Joseph J McMullen,,jjmcm123@msn.com
77329067,deadAbandoned,RTM&J LITIGATIONEXPERTS,"Mar. 02, 2009",RTM&J Inc.,,rhondaharper@rtmj.com
77329190,deadAbandoned,KOOL TOOTHPASTE,"Dec. 03, 2009","Barbar Artist, Inc.",,
77329118,REQUEST_FAILED,,,,,
77329206,REQUEST_FAILED,,,,,
77329285,REQUEST_FAILED,,,,,
77329738,deadAbandoned,LLAMA BEANS,"Nov. 30, 2009","Guiette, Deborah E",,the2guiettes@gmail.com
77329720,deadAbandoned,ZERO FORM,"Feb. 16, 2009",Sura Kim,,surayogi@gmail.com
77329680,REQUEST_FAILED,,,,,
77329792,deadAbandoned,CENTERPEACE,"Aug. 24, 2009","FLynn, Jill",,
77329900,deadAbandoned,ND'S FILLTHESPACE,"Feb. 02, 2009","ND Rights, LLC",,
77329905,deadAbandoned,None,"Aug. 10, 2009","ND Rights, LLC",,
77329805,REQUEST_FAILED,,,,,
77329912,deadAbandoned,None,"Aug. 10, 2009","ND Rights, LLC",,
77329913,deadAbandoned,None,"Aug. 10, 2009","ND Rights, LLC",,
77329908,deadAbandoned,None,"Aug. 10, 2009","ND Rights, LLC",,
77329910,deadAbandoned,None,"Aug. 10, 2009","ND Rights, LLC",,
77329926,deadAbandoned,ND'S SPACE,"Jul. 27, 2009","ND Rights, LLC",,
77329872,REQUEST_FAILED,,,,,
77329920,deadAbandoned,None,"Aug. 10, 2009","ND Rights, LLC",,
77329930,deadAbandoned,ND'S SPACE,"Aug. 31, 2009","ND Rights, LLC",,
77329934,deadAbandoned,ND'S SPACE,"Aug. 10, 2009","ND Rights, LLC",,
77329933,deadAbandoned,ND'S SPACE,"Jul. 27, 2009","ND Rights, LLC",,
77329917,deadAbandoned,None,"Aug. 10, 2009","ND Rights, LLC",,
77329923,deadAbandoned,None,"Aug. 10, 2009","ND Rights, LLC",,
77329937,deadAbandoned,ND'S SPACE,"Jul. 27, 2009","ND Rights, LLC",,
77329935,deadAbandoned,ND'S SPACE,"Jul. 27, 2009","ND Rights, LLC",,
77329944,deadAbandoned,ND'S SPACE,"Jul. 27, 2009","ND Rights, LLC",,
77329938,deadAbandoned,ND'S SPACE,"Jul. 27, 2009","ND Rights, LLC",,
77329941,deadAbandoned,ND'S SPACE,"Jul. 27, 2009","ND Rights, LLC",,
77329970,deadAbandoned,VISTAR,"Jun. 09, 2009",Paul Tsai,,paul@vistardistribution.com
77329950,deadAbandoned,ND'S SPACE,"Jul. 27, 2009","ND Rights, LLC",,
77329948,deadAbandoned,ND'S SPACE,"Jul. 27, 2009","ND Rights, LLC",,
77329946,REQUEST_FAILED,,,,,
77330061,deadAbandoned,BOOK GORILLAS,"Mar. 23, 2009",Patanjali Varadarajan,,tunkuvaradarajan@gmail.com
77330247,deadAbandoned,FILLTHESPACE,"Jul. 27, 2009","ND Rights, LLC",,
77330285,deadAbandoned,FILLTHESPACE,"Aug. 03, 2009","ND Rights, LLC",,
77330279,deadAbandoned,None,"Aug. 03, 2009","ND Rights, LLC",,
77330141,REQUEST_FAILED,,,,,
77330091,REQUEST_FAILED,,,,,
77330292,deadAbandoned,FILLTHESPACE,"Aug. 03, 2009","ND Rights, LLC",,
77330324,deadAbandoned,FILLTHESPACE,"Aug. 03, 2009","ND Rights, LLC",,
77330306,REQUEST_FAILED,,,,,
77330346,deadAbandoned,GO FIGURE,"Jan. 19, 2009",Winning Moves Inc.,,pecci@winning-moves.com
77330336,deadAbandoned,FILLTHESPACE,"Aug. 03, 2009","ND Rights, LLC",,
77330365,deadAbandoned,FILLTHESPACE,"Aug. 03, 2009","ND Rights, LLC",,
77330374,deadAbandoned,TRIBAN,"Feb. 02, 2009","Amarin, LLC",,amcwood@comcast.net
77330331,REQUEST_FAILED,,,,,
77330347,deadAbandoned,FILLTHESPACE,"Jul. 27, 2009","ND Rights, LLC",,
77330381,deadAbandoned,FILLTHESPACE,"Jul. 27, 2009","ND Rights, LLC",,
77330372,deadAbandoned,FILLTHESPACE,"Jul. 27, 2009","ND Rights, LLC",,
77330430,deadAbandoned,FILLTHESPACE,"Aug. 03, 2009","ND Rights, LLC",,
77330395,deadAbandoned,FILLTHESPACE,"Aug. 03, 2009","ND Rights, LLC",,
77330428,deadAbandoned,FILLTHESPACE,"Jul. 27, 2009","ND Rights, LLC",,
77330453,deadAbandoned,FILLTHESPACE,"Aug. 03, 2009","ND Rights, LLC",,
77330450,deadAbandoned,FILLTHESPACE,"Aug. 03, 2009","ND Rights, LLC",,
77330458,deadAbandoned,FILLTHESPACE,"Aug. 03, 2009","ND Rights, LLC",,
77330391,REQUEST_FAILED,,,,,
77330411,REQUEST_FAILED,,,,,
77330479,deadAbandoned,FILLTHESPACE,"Jul. 27, 2009","ND Rights, LLC",,
77330418,REQUEST_FAILED,,,,,
77330466,deadAbandoned,FILLTHESPACE,"Aug. 03, 2009","ND Rights, LLC",,
77330475,deadAbandoned,FILLTHESPACE,"Jul. 27, 2009","ND Rights, LLC",,
77330705,deadAbandoned,FILLTHESPACE,"Jul. 27, 2009","ND Rights, LLC",,
77330688,deadAbandoned,FILLTHESPACE,"Aug. 03, 2009","ND Rights, LLC",,
77330711,deadAbandoned,FILLTHESPACE,"Aug. 03, 2009","ND Rights, LLC",,
77330732,deadAbandoned,FILLTHESPACE,"Aug. 03, 2009","ND Rights, LLC",,
77330720,deadAbandoned,FILLTHESPACE,"Aug. 03, 2009","ND Rights, LLC",,
77330758,deadAbandoned,ND'S SPACE LAS VEGAS,"Aug. 03, 2009","ND Rights, LLC",,
77330762,deadAbandoned,ND'S SPACE LAS VEGAS,"Aug. 24, 2009","ND Rights, LLC",,
77330697,REQUEST_FAILED,,,,,
77330769,deadAbandoned,ND'S SPACE LAS VEGAS,"Jun. 29, 2009","ND Rights, LLC",,
77330745,deadAbandoned,ND'S SPACE LAS VEGAS,"Aug. 03, 2009","ND Rights, LLC",,
77330709,REQUEST_FAILED,,,,,
77330776,deadAbandoned,ND'S SPACE LAS VEGAS,"Aug. 03, 2009","ND Rights, LLC",,
77330783,deadAbandoned,ND'S SPACE LAS VEGAS,"Jun. 29, 2009","ND Rights, LLC",,
77330739,REQUEST_FAILED,,,,,
77330795,deadAbandoned,ND'S SPACE LAS VEGAS,"Aug. 10, 2009","ND Rights, LLC",,
77330790,deadAbandoned,ND'S SPACE LAS VEGAS,"Aug. 03, 2009","ND Rights, LLC",,
77330803,deadAbandoned,ND'S SPACE LAS VEGAS,"Jun. 29, 2009","ND Rights, LLC",,
77330807,deadAbandoned,ND'S SPACE LAS VEGAS,"Aug. 03, 2009","ND Rights, LLC",,
77330767,REQUEST_FAILED,,,,,
77330785,REQUEST_FAILED,,,,,
77330808,deadAbandoned,ND'S SPACE LAS VEGAS,"Aug. 03, 2009","ND Rights, LLC",,
77330837,deadAbandoned,THESPACE,"Aug. 03, 2009","ND Rights, LLC",,
77330841,deadAbandoned,THESPACE,"Aug. 03, 2009","ND Rights, LLC",,
77330825,deadAbandoned,THESPACE,"Aug. 03, 2009","ND Rights, LLC",,
77330812,REQUEST_FAILED,,,,,
77330852,deadAbandoned,THESPACE,"Aug. 10, 2009","ND Rights, LLC",,
77330850,deadAbandoned,THESPACE,"Aug. 03, 2009","ND Rights, LLC",,
77330858,deadAbandoned,THESPACE,"Aug. 10, 2009","ND Rights, LLC",,
77330892,deadAbandoned,THESPACE,"Aug. 17, 2009","ND Rights, LLC",,
77330900,deadAbandoned,THESPACE,"Aug. 03, 2009","ND Rights, LLC",,
77330886,deadAbandoned,THESPACE,"Aug. 03, 2009","ND Rights, LLC",,
77330888,deadAbandoned,THESPACE,"Aug. 03, 2009","ND Rights, LLC",,
77330908,deadAbandoned,THESPACE,"Aug. 17, 2009","ND Rights, LLC",,
77330896,deadAbandoned,THESPACE,"Aug. 03, 2009","ND Rights, LLC",,
77330916,deadAbandoned,THESPACE,"Aug. 31, 2009","ND Rights, LLC",,
77330924,deadAbandoned,NDS SPACE LAS VEGAS,"Aug. 03, 2009","ND Rights, LLC",,
77330940,deadAbandoned,NDS SPACE LAS VEGAS,"Aug. 03, 2009","ND Rights, LLC",,
77330870,REQUEST_FAILED,,,,,
77330906,deadAbandoned,THESPACE,"Aug. 17, 2009","ND Rights, LLC",,
77330948,deadAbandoned,NDS SPACE LAS VEGAS,"Aug. 03, 2009","ND Rights, LLC",,
77330959,deadAbandoned,NDS SPACE LAS VEGAS,"Jun. 29, 2009","ND Rights, LLC",,
77330952,deadAbandoned,NDS SPACE LAS VEGAS,"Aug. 03, 2009","ND Rights, LLC",,
77330927,REQUEST_FAILED,,,,,
77330936,REQUEST_FAILED,,,,,
77330930,REQUEST_FAILED,,,,,
77330958,deadAbandoned,NDS SPACE LAS VEGAS,"Jun. 29, 2009","ND Rights, LLC",,
77330971,deadAbandoned,NDS SPACE LAS VEGAS,"Aug. 03, 2009","ND Rights, LLC",,
77330974,deadAbandoned,NDS SPACE LAS VEGAS,"Aug. 10, 2009","ND Rights, LLC",,
77330963,REQUEST_FAILED,,,,,
77330967,REQUEST_FAILED,,,,,
77330976,deadAbandoned,NDS SPACE LAS VEGAS,"Aug. 24, 2009","ND Rights, LLC",,
77331077,deadAbandoned,RAMALAMA,"Sep. 14, 2009","Ramadan, Deena",,deena@ramalama.com.au
77331018,REQUEST_FAILED,,,,,
77331024,REQUEST_FAILED,,,,,
77331098,REQUEST_FAILED,,,,,
77331126,deadAbandoned,KRONUS TYRES CRAFTED TO EXCEL,"Feb. 13, 2009",Balkrishna Industries Limited,,international@ptw-europe.com
77331297,deadAbandoned,JUST THINK!,"Aug. 27, 2009","AmyK International, Inc.",,
77331151,REQUEST_FAILED,,,,,
77331289,deadAbandoned,EXACORE,"Jun. 09, 2009",Exacore LLC,,exacore@hotmail.com
77331611,deadAbandoned,PRAYERDANSER,"May 04, 2009","Allen, Dedra F.",,dchrisrob@earthlink.net
77331416,REQUEST_FAILED,,,,,
77331500,REQUEST_FAILED,,,,,
77331902,deadAbandoned,DAPPER DOG MOBILE GROOMING,"Feb. 13, 2009","Hicks, Brian T",,dapperdogmobilegrooming@yahoo.com
77332075,deadAbandoned,DREAMCO DESIGN,"Mar. 31, 2009",DreamCo Design LLC,,jay@dreamcodesign.com
77331910,REQUEST_FAILED,,,,,
77332177,REQUEST_FAILED,,,,,
77332181,REQUEST_FAILED,,,,,
77332260,REQUEST_FAILED,,,,,
77332289,REQUEST_FAILED,,,,,
77332422,deadAbandoned,HYPHY BAR,"Oct. 26, 2009","Vann, Troy Dion",,
77332318,REQUEST_FAILED,,,,,
77332542,deadAbandoned,VIDITEK,"Mar. 25, 2009",Viditek Enterprise Inc.,,yimin_wu@yahoo.com
77332395,REQUEST_FAILED,,,,,
77332440,REQUEST_FAILED,,,,,
77332619,deadAbandoned,JAZZI POOL & SPA PRODUCTS,"Mar. 18, 2009","JAZZI POOL & SPA PRODUCTS CO., LTD.",,
77332538,REQUEST_FAILED,,,,,
77332759,deadAbandoned,CHECK CHASE,"Nov. 16, 2009","Quick Check, Inc.",,
77332791,deadAbandoned,VERSE IN MY PURSE,"Mar. 20, 2009","Baumbach, Susan Adamo",,joiseysue@yahoo.com
77332628,REQUEST_FAILED,,,,,
77332813,REQUEST_FAILED,,,,,
77332914,REQUEST_FAILED,,,,,
77332960,REQUEST_FAILED,,,,,
77333100,REQUEST_FAILED,,,,,
77333336,REQUEST_FAILED,,,,,
77333345,REQUEST_FAILED,,,,,
77333491,REQUEST_FAILED,,,,,
77333601,REQUEST_FAILED,,,,,
77333685,REQUEST_FAILED,,,,,
77333874,REQUEST_FAILED,,,,,
77333912,REQUEST_FAILED,,,,,
77333907,REQUEST_FAILED,,,,,
77333953,REQUEST_FAILED,,,,,
77334121,REQUEST_FAILED,,,,,
77334295,deadAbandoned,T-ARTZ,"Feb. 02, 2009","Yockel, Paula B.",,yockel_p@hughes.net
77334614,deadAbandoned,PERRIE MENO-PUDGE SHE'S FABULOUSLY FAMILIAR,"Oct. 19, 2009","STARMONY UNLIMITED, LLC",,
77334510,REQUEST_FAILED,,,,,
77334573,REQUEST_FAILED,,,,,
77334623,REQUEST_FAILED,,,,,
77334652,REQUEST_FAILED,,,,,
77334797,deadAbandoned,CIRCARDIA,"Sep. 14, 2009","Nzyma, LLC",,
77334857,deadAbandoned,"EMPLOYERSCAPE Y: KNOWLEDGE: TECHNICAL, ABILITY X: DIRECTION: ETHICS & VALUES AGREEMENT WITH INTER-PERSONAL ATTITUDE 100 0 2 4 6 8 TEAM MANAGER ORGANISATION STAFF SELF OWNERS SOCIETY ENVIRONMENT CUSTOMERS 0 2 4 6 8 Z: MOTIVATION MONETARY & OTHER","Jul. 15, 2009",Lynchbuchanan Limited,,david.lynch@lynchbuchanan.com
77334860,deadAbandoned,NINEPLUS,"Nov. 04, 2009","BALDING, RICHARD PETER",,richard@nineplus.com
77334789,REQUEST_FAILED,,,,,
77334858,REQUEST_FAILED,,,,,
77334883,REQUEST_FAILED,,,,,
77335088,REQUEST_FAILED,,,,,
77335300,deadAbandoned,EDEL-TONIC,"Nov. 27, 2009",SANKOM Sarl,,
77335227,REQUEST_FAILED,,,,,
77335238,REQUEST_FAILED,,,,,
77335429,deadAbandoned,LET YOUR IMAGINATION SURFACE,"Apr. 17, 2009",Greyne Custom Wood Co.,,rmeisner@charter.net
77335386,REQUEST_FAILED,,,,,
77335767,deadAbandoned,BOOZT,"Mar. 03, 2009",Jon Steinsson,,js@steinsson.com
77335602,REQUEST_FAILED,,,,,
77335701,REQUEST_FAILED,,,,,
77335805,deadAbandoned,MINGLETOAST,"Jun. 01, 2009","Nand, Marcus C",,nand.marcus@gmail.com
77335883,deadAbandoned,UPUN,"Jul. 01, 2009","SHANGHAI UPUN ELECTRIC CO., LIMITED",,la03@netvigator.com
77335839,REQUEST_FAILED,,,,,
77336033,deadAbandoned,THE FAMILY TREE,"Aug. 24, 2009","McMillian, Stephen R.",,mcmillian.productions@hotmail.com
77336068,deadAbandoned,OURCOMMUNITYSOURCE.COM,"Mar. 16, 2009",Our Community Source,,kc@ourcommunitysource.com
77335910,REQUEST_FAILED,,,,,
77336097,deadAbandoned,CAFÉ ALDEA,"Apr. 09, 2009",Asociación Aldea Global Jinotega,,ivania@aglobal.org.ni
77336100,deadAbandoned,WALL STREET BOARDROOM,"Jul. 09, 2009","Wright, John M.",,
77336069,REQUEST_FAILED,,,,,
77336121,deadAbandoned,IOLOOM,"Feb. 23, 2009","Al-Zube, Loay",,alzube@gmail.com
77336218,deadAbandoned,SURELAPTOP,"Feb. 16, 2009",SURE PROMISE LIMITED,,sunny@surepromise.com
77336091,REQUEST_FAILED,,,,,
77336103,REQUEST_FAILED,,,,,
77336270,deadAbandoned,HOME COFFEE CHEF,"Mar. 02, 2009",La Miscela LTD.,,eyal.rosen@lamiscela.com
77336197,REQUEST_FAILED,,,,,
77336348,deadAbandoned,SAFETY GLASS COMPANY,"Jan. 27, 2009","SAFETY AUTO GLASS, LP",,
77336278,REQUEST_FAILED,,,,,
77336313,REQUEST_FAILED,,,,,
77336502,REQUEST_FAILED,,,,,
77336533,REQUEST_FAILED,,,,,
77336625,deadAbandoned,BOOKS & TREASURES,"Mar. 24, 2009","Gamboa, Edgar A.",,StJames43@aol.com
77336583,REQUEST_FAILED,,,,,
77336595,REQUEST_FAILED,,,,,
77336783,REQUEST_FAILED,,,,,
77336849,REQUEST_FAILED,,,,,
77336930,REQUEST_FAILED,,,,,
77337060,deadAbandoned,3D SMART CLASSROOM ONLINE,"May 07, 2009","Demesa, Arman L.",,
77337122,deadAbandoned,AXIOM,"Dec. 18, 2009",Scott A. Whisenhunt,,saw22@csus.edu
77337378,deadAbandoned,VISION LIVING,"Sep. 22, 2009",Vision Living Ltd,,visionlivingplan@hotmail.com
77337191,REQUEST_FAILED,,,,,
77337578,deadAbandoned,C'EST MOI,"Feb. 16, 2009",Ludovic Lefebvre,,kristinelefebvre@sbcglobal.net
77337273,REQUEST_FAILED,,,,,
77337340,REQUEST_FAILED,,,,,
77337889,deadAbandoned,SHOUX SHOUX,"May 01, 2009","CVC Financial, L.P.",,
77337481,REQUEST_FAILED,,,,,
77337843,deadAbandoned,SPADE,"Sep. 22, 2009",Andre Daley,,adaley2007@yahoo.com
77337597,REQUEST_FAILED,,,,,
77337908,deadAbandoned,None,"May 19, 2009","CVC Financial, L.P.",,GIL@NATIONALDAIRYBRANDS.COM
77338194,REQUEST_FAILED,,,,,
77338205,REQUEST_FAILED,,,,,
77338425,deadAbandoned,SONIK,"Mar. 27, 2009",SONIK SPORTS LIMITED,,jopenshaw@btinternet.com
77338280,REQUEST_FAILED,,,,,
77338295,REQUEST_FAILED,,,,,
77338309,REQUEST_FAILED,,,,,
77338416,REQUEST_FAILED,,,,,
77338540,REQUEST_FAILED,,,,,
77338856,REQUEST_FAILED,,,,,
77338995,REQUEST_FAILED,,,,,
77339528,deadAbandoned,THE GREEN GODDESS,"Oct. 05, 2009","Gaylor, Patricia E.",,DesignPG@optonline.net
77339536,deadAbandoned,MATHSTYLE,"Mar. 02, 2009",Aviva Greenspan,,ag@sftdui.com
77339442,REQUEST_FAILED,,,,,
77339524,REQUEST_FAILED,,,,,
77339696,deadAbandoned,PUPPY UP,"Apr. 06, 2009","Robinson, James Luke",,walingfordjames@yahoo.com
77339556,deadAbandoned,JESSE WHITE (JESSE),"Mar. 02, 2009","White, Jesseca (Jesse)",,jessecaw@gmail.com
77339756,REQUEST_FAILED,,,,,
77339936,deadAbandoned,GET BLAKED,"Aug. 04, 2009",Blake R. Handibode,,
77340153,deadAbandoned,NEED A DETAIL?,"Aug. 11, 2009",Detailing.Com,,
77339999,REQUEST_FAILED,,,,,
77340050,REQUEST_FAILED,,,,,
77340239,deadAbandoned,PC MEDIX,"Jul. 14, 2009","PC Medix, LLC",,mike@getpcmedix.com
77340395,REQUEST_FAILED,,,,,
77340454,REQUEST_FAILED,,,,,
77340685,deadAbandoned,3D SMART CLASSROOM ONLINE,"May 07, 2009","Demesa, Arman L.",,
77340611,REQUEST_FAILED,,,,,
77340642,REQUEST_FAILED,,,,,
77340684,REQUEST_FAILED,,,,,
77340801,deadAbandoned,THE SANITATION STATION,"Jan. 16, 2009","The Sanitation Station, LLC",,sally@thesanitationstation.com
77340696,REQUEST_FAILED,,,,,
77340775,REQUEST_FAILED,,,,,
77340960,REQUEST_FAILED,,,,,
77341037,deadAbandoned,GEEK GEAR,"May 26, 2009","Sela Products, LLC",,tzitzow@selaproducts.com
77340987,REQUEST_FAILED,,,,,
77340994,REQUEST_FAILED,,,,,
77341166,deadAbandoned,HARBINGER CONSULTING GROUP,"Mar. 02, 2009",Harbinger Technoligies Group,,bkolo@htgcorp.com
77341088,REQUEST_FAILED,,,,,
77341436,REQUEST_FAILED,,,,,
77341811,deadAbandoned,MONEYPINCHERS,"Mar. 26, 2009","MoneyPinchers, Inc.",,mwg@thoughts.net
77341784,REQUEST_FAILED,,,,,
77341899,deadAbandoned,TÁVE,"Dec. 23, 2009",Tave Corporation,,
77341902,deadAbandoned,TÁVE STUDIO MANAGER,"Apr. 15, 2009",Tave Corporation,,
77341970,deadAbandoned,None,"Mar. 02, 2009","MCC International, Inc.",,ckim@chorokmaeul.com
77341922,REQUEST_FAILED,,,,,
77341962,deadAbandoned,WHERE NATURE MEETS INNOVATION,"Jul. 27, 2009",Pravana International,,
77342100,deadAbandoned,PHOTO FINISH RACING,"Mar. 20, 2009",Competitive Edge Games Ltd.,,david.hodge@competitiveedgegames.co.uk
77342152,deadAbandoned,BELLAJOSEPHINA,"Jan. 21, 2009","Fiandola, Sharron",,bellajosephina@aol.com
77342279,REQUEST_FAILED,,,,,
77342408,REQUEST_FAILED,,,,,
77342418,REQUEST_FAILED,,,,,
77342616,deadAbandoned,VITASMOKE,"Mar. 02, 2009","EZEKIEL,MICHAEL",,vezekiel@aol.com
77342525,REQUEST_FAILED,,,,,
77342904,deadAbandoned,INTEGRITY ASSESSMENT,"Sep. 28, 2009","The Integrity Institute, Inc.",,
77342735,REQUEST_FAILED,,,,,
77342878,deadAbandoned,INTEGRITY INDEX,"Sep. 28, 2009","The Integrity Institute, Inc.",,
77343052,deadAbandoned,MIMOSA,"Mar. 02, 2009",Greenlight Solutions,,dami24@yahoo.com
77343065,deadAbandoned,GOCITYAUCTIONS,"Mar. 02, 2009","GoCityAuctions, INC.",,calvin@gocityauctions.com
77342966,REQUEST_FAILED,,,,,
77343098,REQUEST_FAILED,,,,,
77343380,REQUEST_FAILED,,,,,
77343475,deadAbandoned,RMLINK,"Apr. 09, 2009",Stoneworks Software Corporation,,joe@sws-corp.com
77343388,REQUEST_FAILED,,,,,
77343513,REQUEST_FAILED,,,,,
77343583,deadAbandoned,AXON,"Aug. 31, 2009","Ironfront, LLC",,admin@axonclothing.com
77343582,REQUEST_FAILED,,,,,
77343828,deadAbandoned,EELSKIN,"Sep. 13, 2009",Paul M. Schreiber,,
77343856,deadAbandoned,NOIRE,"Sep. 13, 2009",Paul M. Schreiber,,
77343946,deadAbandoned,STARTER CHEF,"Sep. 14, 2009","Cappelluti, Ann",,acappe@comcast.net
77343760,REQUEST_FAILED,,,,,
77344021,deadAbandoned,I24,"Mar. 02, 2009",NATURE BRIGHT COMPANY,,info@naturebright.com
77343839,REQUEST_FAILED,,,,,
77343996,REQUEST_FAILED,,,,,
77344182,deadAbandoned,PODOPIO,"Mar. 24, 2009","Soller, Tim R",,t.soller@podopio.com
77344215,deadAbandoned,WISHEO,"Mar. 02, 2009",Mabest.LLC,,mabestllc@gmail.com
77344072,REQUEST_FAILED,,,,,
77344091,REQUEST_FAILED,,,,,
77344233,deadAbandoned,S-BROWSE,"Mar. 09, 2009",Jetro Platforms Ltd.,,ilanit@patentim.com
77344234,deadAbandoned,S-BROWSE SAFETY GLASS,"Mar. 09, 2009",Jetro Platforms Ltd.,,ilanit@patentim.com
77344327,REQUEST_FAILED,,,,,
77344444,deadAbandoned,RELIGIOUS NUTS,"Apr. 06, 2009","Daykin, Lynn",,englishlass@mac.com
77344380,REQUEST_FAILED,,,,,
77344479,REQUEST_FAILED,,,,,
77344629,REQUEST_FAILED,,,,,
77344718,deadAbandoned,CSG DIRECT,"Aug. 26, 2009","Hemphill, Michael",,
77344883,deadAbandoned,FOOTPRINTS DATA SYSTEMS,"Aug. 17, 2009","Hemphill, Michael",,
77344788,REQUEST_FAILED,,,,,
77345159,deadAbandoned,THE LAWS OF DOING BUSINESS IN A FLAT WORLD,"Mar. 02, 2009",Realitas Corporation,,lms@realitas.com
77344840,REQUEST_FAILED,,,,,
77344991,deadAbandoned,SEXYFESSIONAL,"Mar. 02, 2009",Beautefessional,,
77345037,REQUEST_FAILED,,,,,
77345295,deadAbandoned,ICULTUR,"Mar. 02, 2009",iCultur Inc.,,dreynolds@icultur.com
77345462,deadAbandoned,G FORCE,"Mar. 02, 2009",North America Machine Corporation,,
77345231,REQUEST_FAILED,,,,,
77345250,REQUEST_FAILED,,,,,
77345524,REQUEST_FAILED,,,,,
77346065,deadAbandoned,ESSENTIAL ATELIER,"Apr. 06, 2009","Jenny Bova Associates, Inc.",,jruma@columbus.rr.com
77346099,deadAbandoned,WELL STACKED BACK,"Apr. 21, 2009","Gokhale, Esther M",,esthergokhale@mac.com
77346029,REQUEST_FAILED,,,,,
77346256,deadAbandoned,PHYSICIANS W8 SOLUTIONS,"Sep. 07, 2009","Katy, LLC",,
77346230,REQUEST_FAILED,,,,,
77346295,deadAbandoned,FOOD OF LOVE,"Nov. 23, 2009","Food of Love, LLC",,info@foodoflove.com
77346265,REQUEST_FAILED,,,,,
77346400,deadAbandoned,LAPPY CAP,"Feb. 09, 2009",MEDIALORE LLC,,pappas.nicholas@medialore.com
77346412,deadAbandoned,LAPPY TOP,"Jul. 06, 2009",MEDIALORE LLC,,pappas.nicholas@medialore.com
77346299,deadAbandoned,POFOR,"May 15, 2009","WEIFANG JINZE HEAT ELECTRIC FUEL CO., LIMITED",,
77346316,REQUEST_FAILED,,,,,
77346469,REQUEST_FAILED,,,,,
77346765,deadAbandoned,STICKBALL,"Aug. 24, 2009","Osez Vous? International Spirits, LLC",,rcooper@jacquins.com
77346584,REQUEST_FAILED,,,,,
77346590,REQUEST_FAILED,,,,,
77346607,REQUEST_FAILED,,,,,
77346692,deadAbandoned,SQUARE OFF,"Aug. 24, 2009","Osez Vous? International Spirits, LLC.",,rcooper@jacquins.com
77346782,REQUEST_FAILED,,,,,
77346894,deadAbandoned,IFACE,"Jun. 15, 2009","Mori, Joe",,rebecca_mankey@cpconet.com
77346819,REQUEST_FAILED,,,,,
77346876,REQUEST_FAILED,,,,,
77346884,REQUEST_FAILED,,,,,
77347282,deadAbandoned,NANOBRAT INTERACTIVE,"Feb. 16, 2009","Meeks, Caitlyn P.",,cmk@nanobrat.com
77347339,deadAbandoned,MEMERIA,"Feb. 16, 2009","Memeria, Incorporated",,amiller@memeria.com
77347313,REQUEST_FAILED,,,,,
77347407,deadAbandoned,MYVEGASNITE.COM AND ELITEVIPHOST.COM,"Mar. 02, 2009",Debbie Aiello,,AielloDebbie@hotmail.com
77347473,deadAbandoned,LIES,"Mar. 02, 2009","Jagosz, Joshua K.",,joshjagosz@yahoo.com
77347458,deadAbandoned,ANTARCTIC,"Mar. 02, 2009",LAZYR LLC,,lazyrllc@yahoo.com
77347408,REQUEST_FAILED,,,,,
77347420,REQUEST_FAILED,,,,,
77347526,deadAbandoned,IT'S A PERFECT COLORADO DAY,"Aug. 11, 2009","Ohio Creek Design, LLC",,lmh@durango.net
77347475,deadAbandoned,MORALITY > GREED,"Mar. 09, 2009","Jagosz, Joshua K.",,joshjagosz@yahoo.com
77347654,deadAbandoned,COSMOSID,"Mar. 02, 2009","CosmosID, Inc.",,
77347572,REQUEST_FAILED,,,,,
77347574,REQUEST_FAILED,,,,,
77347797,deadAbandoned,SUNRUNNER,"Jun. 08, 2009",Koorosh Orandi,,kkorandi@gmail.com
77347827,deadAbandoned,1-877-BIOHAZARD,"Jan. 22, 2009",Clean Scene Servies,,decompman@sbcglobal.net
77347822,deadAbandoned,LYMY,"Mar. 02, 2009","Padley, Lee Jackson",,jaxtx@hotmail.com
77347762,REQUEST_FAILED,,,,,
77347924,deadAbandoned,HOMELEAFS WORKING TOGETHER AS WE ACHIEVE OUR INDIVIDUAL GOALS,"Mar. 02, 2009","Michel, Wesner C.",,wesnerm@gmail.com
77347798,REQUEST_FAILED,,,,,
77348127,deadAbandoned,SAFETYBLANKET,"Mar. 14, 2009",John Hughes,,gosninc@yahoo.com
77347851,REQUEST_FAILED,,,,,
77347940,REQUEST_FAILED,,,,,
77348483,deadAbandoned,LOGICOLOGY,"Aug. 31, 2009","Byrne, John E",,johnb@weblogics.com.au
77348373,REQUEST_FAILED,,,,,
77348661,deadAbandoned,TRIANGLE SNACKS,"May 18, 2009","Triangle Snacks, LLC",,csd4csd@yahoo.com
77348555,deadAbandoned,MEX CAL,"Oct. 05, 2009","Trejo, Alonzo, R.",,zotrejo82@yahoo.com
77348819,REQUEST_FAILED,,,,,
77348829,REQUEST_FAILED,,,,,
77348869,REQUEST_FAILED,,,,,
77349043,deadAbandoned,TRIXANTHIMINE,"Jun. 01, 2009",Axysis,,grabherm83@msn.com
77348991,REQUEST_FAILED,,,,,
77349027,REQUEST_FAILED,,,,,
77349169,REQUEST_FAILED,,,,,
77349255,REQUEST_FAILED,,,,,
77349327,REQUEST_FAILED,,,,,
77349410,REQUEST_FAILED,,,,,
77349420,REQUEST_FAILED,,,,,
77349567,REQUEST_FAILED,,,,,
77349576,REQUEST_FAILED,,,,,
77349589,REQUEST_FAILED,,,,,
77349624,deadAbandoned,DIAMOND WATER,"Apr. 29, 2009",Financial Consulting LLC,,dale@hottengroup.com
77349601,REQUEST_FAILED,,,,,
77349609,REQUEST_FAILED,,,,,
77349682,deadAbandoned,ZIT'S OVER,"Mar. 09, 2009","Zhou, Pengzu",,pengzuzhou@gmail.com
77349611,REQUEST_FAILED,,,,,
77349855,deadAbandoned,PROTECT YOURSELF. PROTECT THE ENVIRONMENT.,"Jan. 19, 2009","Navigator Security Shredding, Inc.",,laurarice@gmail.com
77349639,REQUEST_FAILED,,,,,
77349644,REQUEST_FAILED,,,,,
77349678,REQUEST_FAILED,,,,,
77349704,REQUEST_FAILED,,,,,
77349772,REQUEST_FAILED,,,,,
77349927,REQUEST_FAILED,,,,,
77349938,REQUEST_FAILED,,,,,
77349960,REQUEST_FAILED,,,,,
77349955,REQUEST_FAILED,,,,,
77349963,REQUEST_FAILED,,,,,
77350217,deadAbandoned,DIXIE MAFIA,"Sep. 14, 2009","Martinsen Jr., Thomas Ray",,thomas.martinsen2@gmail.com
77350147,REQUEST_FAILED,,,,,
77350067,REQUEST_FAILED,,,,,
77350180,REQUEST_FAILED,,,,,
77350404,deadAbandoned,COUNTRY HOME,"Feb. 09, 2009",Meredith Corporation,,mlerner@ssbb.com
77350314,REQUEST_FAILED,,,,,
77350382,REQUEST_FAILED,,,,,
77350359,REQUEST_FAILED,,,,,
77350428,REQUEST_FAILED,,,,,
77350442,REQUEST_FAILED,,,,,
77350485,deadAbandoned,COUNTRY HOME,"Feb. 09, 2009",Meredith Corporation,,mlerner@ssbb.com
77350452,REQUEST_FAILED,,,,,
77350456,REQUEST_FAILED,,,,,
77350460,REQUEST_FAILED,,,,,
77350477,REQUEST_FAILED,,,,,
77350481,REQUEST_FAILED,,,,,
77350490,REQUEST_FAILED,,,,,
77350562,REQUEST_FAILED,,,,,
77350539,REQUEST_FAILED,,,,,
77350617,REQUEST_FAILED,,,,,
77350633,REQUEST_FAILED,,,,,
77350666,REQUEST_FAILED,,,,,
77350671,REQUEST_FAILED,,,,,
77350706,REQUEST_FAILED,,,,,
77350723,REQUEST_FAILED,,,,,
77350725,REQUEST_FAILED,,,,,
77350759,REQUEST_FAILED,,,,,
77350765,REQUEST_FAILED,,,,,
77350992,deadAbandoned,FRITZ,"Mar. 02, 2009",Rauch Franz J,,usmarca-fritz@yahoo.com
77350803,REQUEST_FAILED,,,,,
77350842,REQUEST_FAILED,,,,,
77350858,REQUEST_FAILED,,,,,
77350844,REQUEST_FAILED,,,,,
77351009,REQUEST_FAILED,,,,,
77351040,REQUEST_FAILED,,,,,
77351071,REQUEST_FAILED,,,,,
77351100,REQUEST_FAILED,,,,,
77351169,REQUEST_FAILED,,,,,
77351248,REQUEST_FAILED,,,,,
77351259,REQUEST_FAILED,,,,,
77351268,REQUEST_FAILED,,,,,
77351291,REQUEST_FAILED,,,,,
77351472,REQUEST_FAILED,,,,,
77351556,REQUEST_FAILED,,,,,
77351577,REQUEST_FAILED,,,,,
77351586,REQUEST_FAILED,,,,,
77351610,REQUEST_FAILED,,,,,
77351694,deadAbandoned,EPS AWARD,"Jun. 08, 2009","Hemphill, Michael",,
77351661,REQUEST_FAILED,,,,,
77351678,REQUEST_FAILED,,,,,
77351715,REQUEST_FAILED,,,,,
77351707,REQUEST_FAILED,,,,,
77351731,REQUEST_FAILED,,,,,
77351756,REQUEST_FAILED,,,,,
77351828,deadAbandoned,LA PROMEZZA DE DURANGO,"Sep. 07, 2009",Cea Jorge A,,usmarca-promezza@yahoo.com
77351788,REQUEST_FAILED,,,,,
77351845,REQUEST_FAILED,,,,,
77351806,REQUEST_FAILED,,,,,
77351839,REQUEST_FAILED,,,,,
77351849,REQUEST_FAILED,,,,,
77351865,REQUEST_FAILED,,,,,
77351872,REQUEST_FAILED,,,,,
77351903,REQUEST_FAILED,,,,,
77351882,REQUEST_FAILED,,,,,
77351875,REQUEST_FAILED,,,,,
77351946,deadAbandoned,NETIO,"Dec. 28, 2009",CSS Holdings Inc.,,Utils@CSSAccess.com
77351936,REQUEST_FAILED,,,,,
77351940,REQUEST_FAILED,,,,,
77351969,REQUEST_FAILED,,,,,
77351996,REQUEST_FAILED,,,,,
77351997,REQUEST_FAILED,,,,,
77352155,REQUEST_FAILED,,,,,
77352176,REQUEST_FAILED,,,,,
77352186,REQUEST_FAILED,,,,,
77352187,REQUEST_FAILED,,,,,
77352206,REQUEST_FAILED,,,,,
77352255,deadAbandoned,ND'S DANCE COMPANY,"Aug. 10, 2009","ND Rights, LLC",,
77352223,REQUEST_FAILED,,,,,
77352239,REQUEST_FAILED,,,,,
77352224,REQUEST_FAILED,,,,,
77352307,REQUEST_FAILED,,,,,
77352322,REQUEST_FAILED,,,,,
77352364,REQUEST_FAILED,,,,,
77352384,REQUEST_FAILED,,,,,
77352395,REQUEST_FAILED,,,,,
77352458,REQUEST_FAILED,,,,,
77352459,REQUEST_FAILED,,,,,
77352461,REQUEST_FAILED,,,,,
77352627,deadAbandoned,CATS COMING AND GOING,"Sep. 21, 2009","Grupke, Anna",,anna@meow.com
77352470,REQUEST_FAILED,,,,,
77352471,REQUEST_FAILED,,,,,
77352567,REQUEST_FAILED,,,,,
77352531,REQUEST_FAILED,,,,,
77352653,REQUEST_FAILED,,,,,
77352654,REQUEST_FAILED,,,,,
77352673,REQUEST_FAILED,,,,,
77352690,REQUEST_FAILED,,,,,
77352734,REQUEST_FAILED,,,,,
77352706,REQUEST_FAILED,,,,,
77352739,REQUEST_FAILED,,,,,
77352741,REQUEST_FAILED,,,,,
77352777,REQUEST_FAILED,,,,,
77352817,deadAbandoned,DO YOU GOCHI?,"Oct. 07, 2009","FreeLife International Holdings, LLC",,
77352804,REQUEST_FAILED,,,,,
77352829,REQUEST_FAILED,,,,,
77352858,REQUEST_FAILED,,,,,
77352843,REQUEST_FAILED,,,,,
77352889,REQUEST_FAILED,,,,,
77352909,REQUEST_FAILED,,,,,
77353009,REQUEST_FAILED,,,,,
77353039,REQUEST_FAILED,,,,,
77353047,REQUEST_FAILED,,,,,
77353066,REQUEST_FAILED,,,,,
77353069,REQUEST_FAILED,,,,,
77353084,REQUEST_FAILED,,,,,
77353116,REQUEST_FAILED,,,,,
77353113,REQUEST_FAILED,,,,,
77353119,REQUEST_FAILED,,,,,
77353117,REQUEST_FAILED,,,,,
77353216,deadAbandoned,CRAZY FOR COUTURE,"Mar. 02, 2009",sheri effres,,sherieffres@yahoo.com
77353177,REQUEST_FAILED,,,,,
77353207,REQUEST_FAILED,,,,,
77353204,REQUEST_FAILED,,,,,
77353200,REQUEST_FAILED,,,,,
77353267,deadAbandoned,KENNEN CORPORATION,"Mar. 09, 2009",Kennen Corporation,,jennifer.bonaguide@kennencorp.com
77353223,REQUEST_FAILED,,,,,
77353420,deadAbandoned,THYWORKS,"Mar. 09, 2009","ThyWorks.Com, Inc.",,
77353286,REQUEST_FAILED,,,,,
77353284,REQUEST_FAILED,,,,,
77353312,deadAbandoned,EVEN JOBS,"Apr. 20, 2009","Routhe, Michael, R",,mikerouthe@comcast.net
77353305,REQUEST_FAILED,,,,,
77353328,REQUEST_FAILED,,,,,
77353642,REQUEST_FAILED,,,,,
77353693,REQUEST_FAILED,,,,,
77353709,REQUEST_FAILED,,,,,
77353725,REQUEST_FAILED,,,,,
77353979,REQUEST_FAILED,,,,,
77353958,REQUEST_FAILED,,,,,
77353992,REQUEST_FAILED,,,,,
77354031,REQUEST_FAILED,,,,,
77354050,REQUEST_FAILED,,,,,
77354069,REQUEST_FAILED,,,,,
77354313,deadAbandoned,GROW UP! STRATEGIES,"Sep. 14, 2009",Elizabeth Potts Weinstein,,elizabeth@thewealthspa.com
77354212,REQUEST_FAILED,,,,,
77354234,REQUEST_FAILED,,,,,
77354237,REQUEST_FAILED,,,,,
77354257,REQUEST_FAILED,,,,,
77354354,REQUEST_FAILED,,,,,
77354408,REQUEST_FAILED,,,,,
77354425,REQUEST_FAILED,,,,,
77354444,REQUEST_FAILED,,,,,
77354434,REQUEST_FAILED,,,,,
77354462,REQUEST_FAILED,,,,,
77354703,deadAbandoned,IT'S BREAKFAST IN YOUR COFFEE!,"Mar. 09, 2009","Mainstream Protein, LLC",,jimmykatz@aol.com
77354529,REQUEST_FAILED,,,,,
77354681,REQUEST_FAILED,,,,,
77354590,REQUEST_FAILED,,,,,
77354684,REQUEST_FAILED,,,,,
77354747,REQUEST_FAILED,,,,,
77354880,REQUEST_FAILED,,,,,
77354980,REQUEST_FAILED,,,,,
77355237,deadAbandoned,ROCKSTAR SCIENTIFIC,"Mar. 23, 2009","Hull, Matthew S",,mhull@rockstarscientific.com
77355141,REQUEST_FAILED,,,,,
77355279,deadAbandoned,VOLITAN CLOTHING,"Mar. 09, 2009","Oldfield Jr, Darryl",,imdarryl@yahoo.com
77355196,REQUEST_FAILED,,,,,
77355241,REQUEST_FAILED,,,,,
77355248,REQUEST_FAILED,,,,,
77355262,REQUEST_FAILED,,,,,
77355292,REQUEST_FAILED,,,,,
77355305,REQUEST_FAILED,,,,,
77355390,REQUEST_FAILED,,,,,
77355345,REQUEST_FAILED,,,,,
77355501,REQUEST_FAILED,,,,,
77355552,REQUEST_FAILED,,,,,
77355574,REQUEST_FAILED,,,,,
77355578,REQUEST_FAILED,,,,,
77355579,REQUEST_FAILED,,,,,
77355599,REQUEST_FAILED,,,,,
77355729,REQUEST_FAILED,,,,,
77355840,deadAbandoned,SUNLAND GROUP,"Apr. 20, 2009",Sunland Group Limited,,
77355632,REQUEST_FAILED,,,,,
77355790,REQUEST_FAILED,,,,,
77355792,REQUEST_FAILED,,,,,
77355876,REQUEST_FAILED,,,,,
77355878,REQUEST_FAILED,,,,,
77355857,REQUEST_FAILED,,,,,
77355911,REQUEST_FAILED,,,,,
77356032,REQUEST_FAILED,,,,,
77356100,REQUEST_FAILED,,,,,
77356111,REQUEST_FAILED,,,,,
77356146,REQUEST_FAILED,,,,,
77356162,REQUEST_FAILED,,,,,
77356175,REQUEST_FAILED,,,,,
77356296,deadAbandoned,NUESTROPODER.COM,"Jun. 15, 2009","WHERE PEOPLE CLIQUE, INC.",,CHRIS.LEE@WHEREPEOPLECLIQUE.COM
77356188,REQUEST_FAILED,,,,,
77356245,REQUEST_FAILED,,,,,
77356268,REQUEST_FAILED,,,,,
77356349,REQUEST_FAILED,,,,,
77356377,REQUEST_FAILED,,,,,
77356355,REQUEST_FAILED,,,,,
77356378,REQUEST_FAILED,,,,,
77356379,REQUEST_FAILED,,,,,
77356488,deadAbandoned,TRACK & CORRECT,"Mar. 09, 2009",UBQ,,lbl@interagan.com
77356440,REQUEST_FAILED,,,,,
77356462,REQUEST_FAILED,,,,,
77356464,REQUEST_FAILED,,,,,
77356527,REQUEST_FAILED,,,,,
77356543,deadAbandoned,ALTHAM,"Oct. 21, 2009","HOMER TLC, INC.",,trade_marks@homedepot.com
77356604,REQUEST_FAILED,,,,,
77356554,REQUEST_FAILED,,,,,
77356704,REQUEST_FAILED,,,,,
77356770,REQUEST_FAILED,,,,,
77356875,REQUEST_FAILED,,,,,
77356850,REQUEST_FAILED,,,,,
77356958,deadAbandoned,FROST BOSS,"Jul. 06, 2009",Chill-Rite Inc.,,
77356955,REQUEST_FAILED,,,,,
77356950,REQUEST_FAILED,,,,,
77356946,REQUEST_FAILED,,,,,
77356999,REQUEST_FAILED,,,,,
77357245,REQUEST_FAILED,,,,,
77357253,REQUEST_FAILED,,,,,
77357247,REQUEST_FAILED,,,,,
77357257,REQUEST_FAILED,,,,,
77357291,REQUEST_FAILED,,,,,
77357364,REQUEST_FAILED,,,,,
77357508,deadAbandoned,BLOODGUTSGLORY,"Mar. 02, 2009",ROOM13 LIMITED,,
77357374,REQUEST_FAILED,,,,,
77357388,REQUEST_FAILED,,,,,
77357492,REQUEST_FAILED,,,,,
77357517,REQUEST_FAILED,,,,,
77357562,REQUEST_FAILED,,,,,
77357684,deadAbandoned,PENNSY,"Aug. 17, 2009","Osez Vous? International Spirits, LLC.",,rcooper@jacquins.com
77357588,REQUEST_FAILED,,,,,
77357629,deadAbandoned,SLAPJACK,"Mar. 28, 2009","Osez Vous? International Spirits, LLC.",,rcooper@jacquins.com
77357597,REQUEST_FAILED,,,,,
77357872,deadAbandoned,HAMMERWERKS,"Aug. 31, 2009","Osez Vous? International Spirits, LLC.",,rcooper@jacquins.com
77357599,REQUEST_FAILED,,,,,
77357912,deadAbandoned,DEAR LITTLE WATER,"Aug. 31, 2009","Osez Vous? International Spirits, LLC.",,rcooper@jacquins.com
77357842,REQUEST_FAILED,,,,,
77358002,REQUEST_FAILED,,,,,
77358567,deadAbandoned,SELECT YOUR SERVICE,"Jul. 08, 2009","Matthews, Odwin",,odwin.matthews@eucom.mil
77358161,REQUEST_FAILED,,,,,
77358305,REQUEST_FAILED,,,,,
77358340,REQUEST_FAILED,,,,,
77358349,REQUEST_FAILED,,,,,
77358736,deadAbandoned,FOTOLOPE,"Aug. 24, 2009","Lee, John W.",,fotolope.com@gmail.com
77358634,REQUEST_FAILED,,,,,
77358781,deadAbandoned,NITE-LITE,"Oct. 12, 2009","Bell, Stephen",,specular@att.net
77358863,deadAbandoned,FANTASIA ART SUPPLY,"Jul. 01, 2009","Hlavaty, Bryan",,undeadtexan@yahoo.com
77358713,REQUEST_FAILED,,,,,
77358777,REQUEST_FAILED,,,,,
77358809,REQUEST_FAILED,,,,,
77358890,deadAbandoned,MDT,"Feb. 17, 2009",MDT MICRO DIAMOND TECHNOLOGIES LTD,,JAMIER@MDTDENTAL.COM
77358866,REQUEST_FAILED,,,,,
77358921,REQUEST_FAILED,,,,,
77358935,REQUEST_FAILED,,,,,
77358931,REQUEST_FAILED,,,,,
77359092,deadAbandoned,LONE STAR,"Dec. 17, 2009","Bonarrigo, Merrill",,wine@messinahof.com
77359127,REQUEST_FAILED,,,,,
77359149,REQUEST_FAILED,,,,,
77359161,REQUEST_FAILED,,,,,
77359277,deadAbandoned,THE SLIM HABIT,"Jun. 30, 2009","McPhie, Henry",,
77359196,REQUEST_FAILED,,,,,
77359246,REQUEST_FAILED,,,,,
77359253,REQUEST_FAILED,,,,,
77359336,REQUEST_FAILED,,,,,
77359349,REQUEST_FAILED,,,,,
77359394,REQUEST_FAILED,,,,,
77359409,REQUEST_FAILED,,,,,
77359453,REQUEST_FAILED,,,,,
77359675,REQUEST_FAILED,,,,,
77359772,deadAbandoned,THE DISADVANTAGES OF THE ADVANTAGED,"Mar. 09, 2009","DJS Marketing Group, Inc.",,service@djs-marketing.com
77359744,REQUEST_FAILED,,,,,
77359747,REQUEST_FAILED,,,,,
77359755,REQUEST_FAILED,,,,,
77359851,deadAbandoned,CLUB 20-1,"Jun. 05, 2009",CLUB 20-1 INC.,,denis@juston-coumat.com
77359782,REQUEST_FAILED,,,,,
77359798,REQUEST_FAILED,,,,,
77359827,REQUEST_FAILED,,,,,
77359930,deadAbandoned,MACVIEWER,"Dec. 21, 2009",Macular Science,,dave@sensoryarts.com
77359891,REQUEST_FAILED,,,,,
77359943,REQUEST_FAILED,,,,,
77359947,REQUEST_FAILED,,,,,
77359663,REQUEST_FAILED,,,,,
77360035,REQUEST_FAILED,,,,,
77360044,REQUEST_FAILED,,,,,
77360155,REQUEST_FAILED,,,,,
77360161,REQUEST_FAILED,,,,,
77360477,REQUEST_FAILED,,,,,
77360486,REQUEST_FAILED,,,,,
77360465,REQUEST_FAILED,,,,,
77360645,deadAbandoned,DUGGY,"Sep. 28, 2009","Carley, Don",,mitchcarley@yahoo.com
77360545,REQUEST_FAILED,,,,,
77360544,REQUEST_FAILED,,,,,
77360597,deadAbandoned,TRAFFIK,"Jul. 26, 2009","McDowell, John Daniel",,elreyblanco@yahoo.com
77360665,deadAbandoned,BLOCAFÉ,"Sep. 19, 2009",Santrum Networks Inc.,,jeremy@santrum.com
77360561,REQUEST_FAILED,,,,,
77360650,REQUEST_FAILED,,,,,
77360702,deadAbandoned,LOHAS CONSUMER,"Apr. 16, 2009",Natural Marketing Institute,,nancy.white@NMIsolutions.com
77360736,REQUEST_FAILED,,,,,
77360723,REQUEST_FAILED,,,,,
77360751,REQUEST_FAILED,,,,,
77360780,REQUEST_FAILED,,,,,
77361062,deadAbandoned,HEALTH ONEMED,"May 21, 2009","Antioch Holdings, Inc.",,
77360805,REQUEST_FAILED,,,,,
77360798,REQUEST_FAILED,,,,,
77361137,deadAbandoned,THE THEORY OF OBLIVION,"Apr. 27, 2009","Blackheart Holdings, Inc.",,blackheartholdings@gmail.com
77361180,deadAbandoned,"GAMERS, GEEKS AND ZOMBIES","Apr. 06, 2009","Tracy, Melissa",,tim@hallandlim.com
77361004,REQUEST_FAILED,,,,,
77361232,REQUEST_FAILED,,,,,
77361371,deadAbandoned,DIVIDED ... PERFECT FLAW,"Apr. 21, 2009","Blackheart Holdings, Inc.",,blackheartholdings@gmail.com
77361225,REQUEST_FAILED,,,,,
77361259,REQUEST_FAILED,,,,,
77361383,deadAbandoned,BURNING FISTS (TALES OF BARE KNUCKLE BOBBY),"Aug. 31, 2009","Blackheart Holdings, Inc.",,blackheartholdings@gmail.com
77361381,deadAbandoned,LILITH,"Sep. 21, 2009","Blackheart Holdings, Inc.",,blackheartholdings@gmail.com
77361412,deadAbandoned,MINI HYDRA,"Mar. 09, 2009",ACORN ENGINEERING COMPANY,,tmregistered@gmail.com
77361373,REQUEST_FAILED,,,,,
77361508,deadAbandoned,WIDSETEER,"Mar. 09, 2009",Marko-Mikael Lumivuori,,mlumivu@cc.jyu.fi
77361414,deadAbandoned,BRIDE USA,"Apr. 17, 2009","LAM, CHRIS",,tmregistered@gmail.com
77361376,REQUEST_FAILED,,,,,
77361480,deadAbandoned,BARRELHEAD,"Feb. 02, 2009",Retriever Brands LLC,,retrieverbrands@comcast.net
77361527,deadAbandoned,BRIGHT LIFE U,"Nov. 02, 2009","Breitbach, David R",,clientservices@embrighten.com
77361400,REQUEST_FAILED,,,,,
77361557,deadAbandoned,IT'S NOT THE SHOES IT'S THE PLAYER,"Sep. 27, 2009","Francis, Joseph, Allan",,joefrancisjafran@yahoo.com
77361491,REQUEST_FAILED,,,,,
77361532,REQUEST_FAILED,,,,,
77361621,deadAbandoned,BOOST IT!,"Mar. 16, 2009",Boost Holdings LLC,,caster_t@hotmail.com
77361568,REQUEST_FAILED,,,,,
77361719,deadAbandoned,BRONX BABY NETWORK,"Sep. 21, 2009","Blackheart Holdings, Inc.",,blackheartholdings@gmail.com
77361614,deadAbandoned,TRAIN LIKE A FIGHTER,"Sep. 07, 2009",Phoenix MMA LLC,,pbrown1856@gmail.com
77361644,REQUEST_FAILED,,,,,
77361633,REQUEST_FAILED,,,,,
77361743,deadAbandoned,KINGDOMPRENEUR,"Mar. 09, 2009","McCoy, Anna",,amccoy@thinkactnow.com
77361735,REQUEST_FAILED,,,,,
77361752,deadAbandoned,DENTIRO,"Feb. 13, 2009",Oro Clean Chemie AG,,sarah.suter@oroclean.com
77361739,REQUEST_FAILED,,,,,
77361825,deadAbandoned,NOSE IN THE HOLE,"Mar. 16, 2009","Nose In The Hole, LLC.",,juliebodine@margaritamarketing.com
77361766,REQUEST_FAILED,,,,,
77361779,REQUEST_FAILED,,,,,
77361843,REQUEST_FAILED,,,,,
77361905,REQUEST_FAILED,,,,,
77361920,REQUEST_FAILED,,,,,
77361947,REQUEST_FAILED,,,,,
77362123,deadAbandoned,BREGGFAST PIZZA,"Jul. 06, 2009","Moga, Gregory C.",,hmoga@todaylink.com
77362155,deadAbandoned,LADY BOI,"Aug. 31, 2009","Blackheart Holdings, Inc.",,blackheartholdings@gmail.com
77362056,REQUEST_FAILED,,,,,
77362193,deadAbandoned,HOTLEGS,"Mar. 23, 2009",Hotlegs Records LLC,,arthur@hotlegsrecords.com
77362158,deadAbandoned,NEW WAVE MODEL MATERIAL,"Aug. 31, 2009","Blackheart Holdings, Inc.",,blackheartholdings@gmail.com
77362198,deadAbandoned,MARKET2RENT,"Jul. 20, 2009","Norcliffe, Wayne",,wayne@norcliffes.co.uk
77362175,REQUEST_FAILED,,,,,
77362191,REQUEST_FAILED,,,,,
77362196,REQUEST_FAILED,,,,,
77362203,REQUEST_FAILED,,,,,
77362244,deadAbandoned,MUSES,"Apr. 17, 2009","Zhang, Max",,maxxuan@gmail.com
77362212,REQUEST_FAILED,,,,,
77362209,REQUEST_FAILED,,,,,
77362255,deadAbandoned,WIKIMART,"Mar. 16, 2009",Noodle Netwerx Pty Ltd,,lennon01@gmail.com
77362229,REQUEST_FAILED,,,,,
77362236,REQUEST_FAILED,,,,,
77362254,REQUEST_FAILED,,,,,
77362371,REQUEST_FAILED,,,,,
77362436,REQUEST_FAILED,,,,,
77362457,REQUEST_FAILED,,,,,
77362547,deadAbandoned,TONEGRINDER,"Sep. 07, 2009","WATTGRINDER ENGINEERING, INC.",,
77362552,deadAbandoned,WATTGRINDER,"Sep. 14, 2009","WATTGRINDER ENGINEERING, INC.",,
77362473,REQUEST_FAILED,,,,,
77362554,deadAbandoned,WATTGRINDER ENGINEERING,"Sep. 21, 2009","WATTGRINDER ENGINEERING, INC.",,
77362871,deadAbandoned,NEW TEXTURE,"Mar. 16, 2009","Doyle, Wyatt",,newtexturemail@gmail.com
77362723,REQUEST_FAILED,,,,,
77362713,REQUEST_FAILED,,,,,
77362741,REQUEST_FAILED,,,,,
77362908,deadAbandoned,NORFOLK AND CHANCE,"Mar. 16, 2009","whelan, anthony M",,anwhelan@ip-everywhere.com
77362828,REQUEST_FAILED,,,,,
77362901,REQUEST_FAILED,,,,,
77362941,REQUEST_FAILED,,,,,
77363031,deadAbandoned,DR. FRESH,"Mar. 24, 2009","Dr.Fresh,Inc.",,raaj@drfresh.com
77363108,deadAbandoned,DIGIDRIVE,"Jun. 05, 2009","van Waterschoot, Jeroen",,jeroen@digidrive.com
77363021,REQUEST_FAILED,,,,,
77363099,REQUEST_FAILED,,,,,
77363138,REQUEST_FAILED,,,,,
77363154,REQUEST_FAILED,,,,,
77363164,REQUEST_FAILED,,,,,
77363188,REQUEST_FAILED,,,,,
77363420,deadAbandoned,STAMIN IT,"Sep. 14, 2009","HEALCEUTICALS, LLC",,regaldf@bellsouth.net
77363436,deadAbandoned,PUMP IT,"Sep. 14, 2009","HEALCEUTICALS, LLC",,regaldf@bellsouth.net
77363278,REQUEST_FAILED,,,,,
77363348,REQUEST_FAILED,,,,,
77363437,deadAbandoned,PLAYER FACTOR,"Sep. 14, 2009","HEALCEUTICALS, LLC",,regaldf@bellsouth.net
77363428,deadAbandoned,PEAK IT,"Sep. 14, 2009","HEALCEUTICALS, LLC",,regaldf@bellsouth.net
77363557,deadAbandoned,THOUGHTBLOCKS,"Mar. 16, 2009","Barenholtz, Jason",,holtz26@aol.com
77363434,REQUEST_FAILED,,,,,
77363498,REQUEST_FAILED,,,,,
77363508,REQUEST_FAILED,,,,,
77363607,REQUEST_FAILED,,,,,
77363620,REQUEST_FAILED,,,,,
77363675,REQUEST_FAILED,,,,,
77363749,REQUEST_FAILED,,,,,
77363913,deadAbandoned,INANO,"Jan. 05, 2009",International Product Solution Group PTY LTD,,danny@smproaudio.com
77363855,REQUEST_FAILED,,,,,
77363894,REQUEST_FAILED,,,,,
77363956,REQUEST_FAILED,,,,,
77364101,REQUEST_FAILED,,,,,
77364125,REQUEST_FAILED,,,,,
77364225,deadAbandoned,SHOPDOCKER,"Mar. 23, 2009",ShopDocker Inc.,,Ken@shopdocker.com
77364221,deadAbandoned,OURJURY,"Mar. 16, 2009","OURjury, Inc.",,laravsimon@yahoo.com
77364263,REQUEST_FAILED,,,,,
77364516,REQUEST_FAILED,,,,,
77364560,REQUEST_FAILED,,,,,
77364673,deadAbandoned,MASTERED TECHNICS,"Mar. 16, 2009","Ruiz, Julio Ismael",,julioismaelruiz@hotmail.com
77364618,REQUEST_FAILED,,,,,
77364732,deadAbandoned,BLUEWAVE AUDIO,"Jun. 23, 2009",GALAXY GROUP INC,,GALAXYGROUPINC@HOTMAIL.COM
77364647,REQUEST_FAILED,,,,,
77364658,REQUEST_FAILED,,,,,
77364674,REQUEST_FAILED,,,,,
77364904,deadAbandoned,"FRAMJITS ""TOOLS OF THE TRADE""","Sep. 21, 2009","Daisylu, Inc.",,meggs@cox.net
77364749,REQUEST_FAILED,,,,,
77364770,REQUEST_FAILED,,,,,
77364880,REQUEST_FAILED,,,,,
77364968,REQUEST_FAILED,,,,,
77364986,REQUEST_FAILED,,,,,
77365099,REQUEST_FAILED,,,,,
77365102,REQUEST_FAILED,,,,,
77365132,REQUEST_FAILED,,,,,
77365152,REQUEST_FAILED,,,,,
77365200,REQUEST_FAILED,,,,,
77365222,REQUEST_FAILED,,,,,
77365363,REQUEST_FAILED,,,,,
77365358,REQUEST_FAILED,,,,,
77365604,deadAbandoned,ÉCU,"Sep. 07, 2009","Higbee, Thomas B.",,ecu.derm@gmail.com
77365403,REQUEST_FAILED,,,,,
77365561,REQUEST_FAILED,,,,,
77365631,deadAbandoned,R'N'F,"Mar. 16, 2009","Chambon, Julien",,
77365665,REQUEST_FAILED,,,,,
77365713,REQUEST_FAILED,,,,,
77365728,REQUEST_FAILED,,,,,
77365803,REQUEST_FAILED,,,,,
77365877,REQUEST_FAILED,,,,,
77365882,REQUEST_FAILED,,,,,
77365974,deadAbandoned,KITCHEN SYNC,"Mar. 16, 2009",DATA EVOLUTION CORPORATION,,wperez@dataevolution.com
77365971,REQUEST_FAILED,,,,,
77365979,REQUEST_FAILED,,,,,
77365988,REQUEST_FAILED,,,,,
77366114,deadAbandoned,CRYSTALITE,"Aug. 31, 2009",KristalBond Technologies Sdn. Bhd.,,
77366243,deadAbandoned,A SUPER DUPER ACTION HERO BOOK,"Mar. 13, 2009","Pentz, Jane A.",,pentzj@comcast.net
77366115,deadAbandoned,DOCTOR HEADLAMP,"Oct. 12, 2009",KristalBond Technologies Sdn. Bhd.,,
77366286,deadAbandoned,IMPLANTA,"Jul. 01, 2009","Nora Therapeutics, Inc.",,chris_mcclain@norallc.com
77366192,REQUEST_FAILED,,,,,
77366150,REQUEST_FAILED,,,,,
77366273,REQUEST_FAILED,,,,,
77366333,REQUEST_FAILED,,,,,
77366344,REQUEST_FAILED,,,,,
77366455,REQUEST_FAILED,,,,,
77366460,REQUEST_FAILED,,,,,
77366529,REQUEST_FAILED,,,,,
77366626,deadAbandoned,LETS CHANGE IT,"Mar. 16, 2009","Crowder, Brandon",,bcrowder06@yahoo.com
77366663,REQUEST_FAILED,,,,,
77366794,REQUEST_FAILED,,,,,
77366798,REQUEST_FAILED,,,,,
77366963,deadAbandoned,ND'S SPACE TO OWN,"Aug. 10, 2009","ND Rights, LLC",,
77366968,deadAbandoned,ND'S SPACE TO OWN LAS VEGAS,"Aug. 24, 2009","ND Rights, LLC",,
77366923,REQUEST_FAILED,,,,,
77367014,deadAbandoned,CROSS-I,"Mar. 23, 2009","Stellenberg, Gerald S",,gstellenberg@gmail.com
77366967,REQUEST_FAILED,,,,,
77367080,deadAbandoned,ARSENAL INDUSTRIES,"May 18, 2009",Arsenal Industries,,arsenalindustries@hotmail.com
77367051,REQUEST_FAILED,,,,,
77367086,REQUEST_FAILED,,,,,
77367138,REQUEST_FAILED,,,,,
77367289,REQUEST_FAILED,,,,,
77367299,REQUEST_FAILED,,,,,
77367382,REQUEST_FAILED,,,,,
77367436,REQUEST_FAILED,,,,,
77367505,REQUEST_FAILED,,,,,
77367705,deadAbandoned,PROXIDATABASE,"Mar. 23, 2009","Good Steward Investments, LLC",,yolanda.sowell@gsihealth.com
77367540,REQUEST_FAILED,,,,,
77367762,REQUEST_FAILED,,,,,
77367920,REQUEST_FAILED,,,,,
77367923,REQUEST_FAILED,,,,,
77367935,REQUEST_FAILED,,,,,
77367973,REQUEST_FAILED,,,,,
77368088,deadAbandoned,II,"Mar. 23, 2009","Stellenberg, Gerald S",,gstellenberg@gmail.com
77368055,REQUEST_FAILED,,,,,
77368117,deadAbandoned,WOMB BOOGIE,"Mar. 16, 2009",Chris Thompson,,christhompsonsd@hotmail.com
77368103,REQUEST_FAILED,,,,,
77368145,REQUEST_FAILED,,,,,
77368149,REQUEST_FAILED,,,,,
77368167,REQUEST_FAILED,,,,,
77368174,REQUEST_FAILED,,,,,
77368326,REQUEST_FAILED,,,,,
77368401,REQUEST_FAILED,,,,,
77368522,REQUEST_FAILED,,,,,
77368560,REQUEST_FAILED,,,,,
77368677,REQUEST_FAILED,,,,,
77368798,REQUEST_FAILED,,,,,
77368877,REQUEST_FAILED,,,,,
77369003,REQUEST_FAILED,,,,,
77369011,REQUEST_FAILED,,,,,
77369050,deadAbandoned,PAYCONNECT,"Jan. 09, 2009","EDI Health Group, Inc.",,swellwood@dentalxchange.com
77369085,deadAbandoned,GLUED,"Apr. 06, 2009",Rexi Media,,danielled999@yahoo.com
77369023,REQUEST_FAILED,,,,,
77369046,REQUEST_FAILED,,,,,
77369122,deadAbandoned,RETRO REVOLUTION,"Apr. 06, 2009","Syeira, Inc.",,mariajanossy@yahoo.com
77369154,deadAbandoned,CRYO-3,"Mar. 23, 2009",VeryWise Nutrition Limited,,nkcrawford@aol.com
77369110,REQUEST_FAILED,,,,,
77369143,REQUEST_FAILED,,,,,
77369162,deadAbandoned,GLOBOCAST,"Sep. 21, 2009","Hughes, Michael",,micapullo@hotmail.com
77369190,REQUEST_FAILED,,,,,
77369330,deadAbandoned,VALUE BUY,"Jan. 25, 2009","Vaneev, Aleksey V.",,info@voxengo.com
77369242,REQUEST_FAILED,,,,,
77369439,REQUEST_FAILED,,,,,
77369782,deadAbandoned,LIFE OF THE TREE,"May 07, 2009","Dupont, Pierre M.",,plads@comcast.net
77369758,REQUEST_FAILED,,,,,
77369899,deadAbandoned,RICKITY AND SNICKITY THE ROCKY MOUNTAIN CUBS,"Aug. 13, 2009",Animalations LLC,,patclaire@gmail.com
77369836,REQUEST_FAILED,,,,,
77370036,deadAbandoned,EAGLE SHIELD SYSTEM,"Jul. 06, 2009","Eagle Shield, Inc.",,wsteiner@eagleshield.com
77370132,deadAbandoned,A SURPRISE VISIT FROM A DEPARTED LOVED ONE,"Mar. 23, 2009","Young, Gregory",,kinggy@atmc.net
77369869,REQUEST_FAILED,,,,,
77370133,deadAbandoned,TIMETRACK,"May 10, 2009","Professional Computer Consultants, Inc.",,TimeTrack@aol.com
77369914,REQUEST_FAILED,,,,,
77370123,deadAbandoned,THE WORLD'S CLEANEST INSULATION,"Mar. 23, 2009",Eagle Shield Inc.,,wsteiner@eagleshield.com
77370325,deadAbandoned,WIKIFUN,"Apr. 27, 2009","Sitbon, Paul E",,paulsitbon@yahoo.fr
77370342,REQUEST_FAILED,,,,,
77370196,REQUEST_FAILED,,,,,
77370344,REQUEST_FAILED,,,,,
77370368,REQUEST_FAILED,,,,,
77370384,REQUEST_FAILED,,,,,
77370453,deadAbandoned,IDEA REBOOT,"Apr. 13, 2009","IdeaReboot, Inc.",,abhinav@ideareboot.com
77370426,deadAbandoned,ZIKULA,"Mar. 23, 2009",Postnuke Software Foundation,,cto@postnuke.com
77370413,REQUEST_FAILED,,,,,
77370437,REQUEST_FAILED,,,,,
77370556,REQUEST_FAILED,,,,,
77370623,REQUEST_FAILED,,,,,
77370643,REQUEST_FAILED,,,,,
77370791,REQUEST_FAILED,,,,,
77370811,REQUEST_FAILED,,,,,
77370877,deadAbandoned,SILLY GIRL RANCH,"Mar. 30, 2009","Arnone, Lee B.",,sgr@swwmail.net
77370826,REQUEST_FAILED,,,,,
77370838,REQUEST_FAILED,,,,,
77370839,REQUEST_FAILED,,,,,
77370909,REQUEST_FAILED,,,,,
77370976,REQUEST_FAILED,,,,,
77371007,REQUEST_FAILED,,,,,
77371191,REQUEST_FAILED,,,,,
77371195,REQUEST_FAILED,,,,,
77371412,REQUEST_FAILED,,,,,
77371629,deadAbandoned,DBC DRIVEN BY CHALLENGE,"Mar. 23, 2009","Hayden, Mark",,mark@dbcdesigns.com
77371558,REQUEST_FAILED,,,,,
77371674,deadAbandoned,PLASTERMANIA SANDART MAGIC MILK,"Aug. 19, 2009",Willis Ashley V.,,jdwfam@viaccess.net
77371572,REQUEST_FAILED,,,,,
77371623,REQUEST_FAILED,,,,,
77371689,REQUEST_FAILED,,,,,
77371726,REQUEST_FAILED,,,,,
77371771,REQUEST_FAILED,,,,,
77371846,REQUEST_FAILED,,,,,
77371985,deadAbandoned,PUGGLE,"Dec. 21, 2009",GORDON MAE dba GORDON DESIGNS,,uofthehood@aol.com
77371908,REQUEST_FAILED,,,,,
77371911,REQUEST_FAILED,,,,,
77372124,deadAbandoned,BIONUTRIS,"Mar. 23, 2009","AFFINITY GROUP, LLC",,
77371939,REQUEST_FAILED,,,,,
77372117,deadAbandoned,BIOACTIF,"Jun. 11, 2009","AFFINITY GROUP, LLC",,
77371987,REQUEST_FAILED,,,,,
77372451,deadAbandoned,ND'S SPACE TV,"Aug. 10, 2009","ND Rights, LLC",,
77372459,deadAbandoned,ND'S SPACE TV,"Aug. 10, 2009","ND Rights, LLC",,
77372542,REQUEST_FAILED,,,,,
77372553,REQUEST_FAILED,,,,,
77372586,deadAbandoned,GOODNESS GRACIOUS GOURMET,"Jan. 26, 2009",goodness gracious gourmet co.,,eledalo@yahoo.com
77372615,REQUEST_FAILED,,,,,
77372655,REQUEST_FAILED,,,,,
77372665,REQUEST_FAILED,,,,,
77372764,deadAbandoned,KOOKAROOS,"Mar. 23, 2009","Caglione, Eddy",,HoiPolloiPI@aol.com
77372716,deadAbandoned,SLEEVEFACE,"May 08, 2009","Rostron, John A",,john@plugtwo.com
77372705,REQUEST_FAILED,,,,,
77372706,REQUEST_FAILED,,,,,
77372777,REQUEST_FAILED,,,,,
77372782,REQUEST_FAILED,,,,,
77372847,REQUEST_FAILED,,,,,
77373010,deadAbandoned,EXQUISITECLASS,"Apr. 06, 2009","Bayer, David M",,dbayer@gmail.com
77372967,REQUEST_FAILED,,,,,
77373082,REQUEST_FAILED,,,,,
77373084,REQUEST_FAILED,,,,,
77373357,REQUEST_FAILED,,,,,
77373361,REQUEST_FAILED,,,,,
77373403,deadAbandoned,ARCTIC ZERO,"Feb. 18, 2009","Holtman, Greg",,ca.softserve@gmail.com
77373384,REQUEST_FAILED,,,,,
77373405,REQUEST_FAILED,,,,,
77373490,REQUEST_FAILED,,,,,
77373507,REQUEST_FAILED,,,,,
77373578,REQUEST_FAILED,,,,,
77373679,deadAbandoned,BODY ACTION SYSTEM,"May 26, 2009","Snyder, Gregory, S",,snyderemark@gmail.com
77373585,REQUEST_FAILED,,,,,
77373726,deadAbandoned,TEMPLATE MESSAGING SYSTEM,"Jun. 03, 2009","Vocel, Inc.",,
77373619,REQUEST_FAILED,,,,,
77373737,deadAbandoned,MALEBOLGIA,"Mar. 30, 2009",Matthew J McGrath,,cryptionofone@gmail.com
77373701,REQUEST_FAILED,,,,,
77373728,REQUEST_FAILED,,,,,
77373790,REQUEST_FAILED,,,,,
77373807,REQUEST_FAILED,,,,,
77373808,REQUEST_FAILED,,,,,
77373912,deadAbandoned,ANTONIO RABBIT MULBERRY,"Apr. 06, 2009",Rose Marie Doty,,r.doty@live.com
77373829,REQUEST_FAILED,,,,,
77373848,REQUEST_FAILED,,,,,
77373884,deadAbandoned,O-TOOL,"Mar. 30, 2009","Paradigm Lasers, Inc.",,timi@paradigmlasers.com
77373941,deadAbandoned,A,"Sep. 28, 2009","ANTA NATURA, S.L.",,
77373933,REQUEST_FAILED,,,,,
77373922,REQUEST_FAILED,,,,,
77374049,deadAbandoned,SOMA SEEDS SOMA SEEDS,"Sep. 14, 2009",Ryan Cooper,,cooperr@hotmail.com
77373958,REQUEST_FAILED,,,,,
77374039,REQUEST_FAILED,,,,,
77374045,REQUEST_FAILED,,,,,
77374070,REQUEST_FAILED,,,,,
77374103,REQUEST_FAILED,,,,,
77374222,deadAbandoned,E-Z BREATHER,"Mar. 30, 2009",EZ Breather Corporation,,travis@sugden.com
77374431,deadAbandoned,BEAUTIFUL BASEMENTS,"Mar. 12, 2009","DeHarder, Robert J.",,wedomarketing@gmail.com
77374215,REQUEST_FAILED,,,,,
77374257,REQUEST_FAILED,,,,,
77374302,REQUEST_FAILED,,,,,
77374706,deadAbandoned,AMBIANCE ENTERTAINMENT TECHNOLOGY,"Oct. 05, 2009","ND Rights, LLC",,
77374711,deadAbandoned,DARE TO BE DIFFERENT,"Feb. 16, 2009","ND Rights, LLC",,
77374490,REQUEST_FAILED,,,,,
77374721,deadAbandoned,ND'S GLAM DESIGN,"Jul. 20, 2009","ND Rights, LLC",,
77374735,deadAbandoned,NDS GLAM DESIGN,"Jul. 20, 2009","ND Rights, LLC",,
77374662,REQUEST_FAILED,,,,,
77374650,REQUEST_FAILED,,,,,
77374740,deadAbandoned,THINK YOU'VE SEEN IT ALL RE THINK,"Sep. 24, 2009","ND Rights, LLC",,
77374752,deadAbandoned,THINK YOU'VE SEEN IT ALL RE THINK,"Sep. 24, 2009","ND Rights, LLC",,
77374732,REQUEST_FAILED,,,,,
77374737,REQUEST_FAILED,,,,,
77374753,deadAbandoned,THINK YOU'VE SEEN IT ALL RE THINK,"Sep. 24, 2009","ND Rights, LLC",,
77374746,deadAbandoned,THINK YOU'VE SEEN IT ALL RE THINK,"Mar. 23, 2009","ND Rights, LLC",,
77374760,deadAbandoned,YOU DARE TO BE DIFFERENT,"Feb. 16, 2009","ND Rights, LLC",,
77374755,deadAbandoned,YOU DARE TO BE DIFFERENT,"Feb. 16, 2009","ND Rights, LLC",,
77374764,deadAbandoned,YOU DARE TO BE DIFFERENT,"Mar. 23, 2009","ND Rights, LLC",,
77374756,deadAbandoned,YOU DARE TO BE DIFFERENT,"Mar. 23, 2009","ND Rights, LLC",,
77374754,REQUEST_FAILED,,,,,
77374835,deadAbandoned,HASHISHINS,"Mar. 30, 2009","Nelson, Analisa R",,hashishins@yahoo.com
77374820,REQUEST_FAILED,,,,,
77374821,REQUEST_FAILED,,,,,
77374825,REQUEST_FAILED,,,,,
77374993,REQUEST_FAILED,,,,,
77375066,REQUEST_FAILED,,,,,
77375015,REQUEST_FAILED,,,,,
77375130,REQUEST_FAILED,,,,,
77375178,REQUEST_FAILED,,,,,
77375252,REQUEST_FAILED,,,,,
77375261,REQUEST_FAILED,,,,,
77375424,REQUEST_FAILED,,,,,
77375546,deadAbandoned,COPPER STOPPERS,"Jun. 01, 2009",Integrated Theft Solutions Inc.,,debra@integratedtheftsolutions.com
77375558,REQUEST_FAILED,,,,,
77375694,deadAbandoned,INTERO SENTINEL,"Oct. 30, 2009","Continuant, Inc.",,wbarnson@continuant.com
77375721,REQUEST_FAILED,,,,,
77375819,deadAbandoned,AET,"Oct. 12, 2009","ND Rights, LLC",,
77375727,REQUEST_FAILED,,,,,
77375779,REQUEST_FAILED,,,,,
77375903,deadAbandoned,AET (AMBIANCE ENTERTAINMENT TECHNOLOGY),"Oct. 12, 2009","ND Rights, LLC",,
77375862,REQUEST_FAILED,,,,,
77375877,REQUEST_FAILED,,,,,
77375946,REQUEST_FAILED,,,,,
77375977,REQUEST_FAILED,,,,,
77376110,deadAbandoned,POINT NINE-O PRODUCTIONS,"Sep. 28, 2009","Point Nine-O Productions, LLC",,kmperez@hotmail.com
77376085,REQUEST_FAILED,,,,,
77376191,deadAbandoned,SANDSCRIBBLES,"May 29, 2009","Davis, Susan Y.",,cheryl@cherylharman.com
77376107,REQUEST_FAILED,,,,,
77376111,REQUEST_FAILED,,,,,
77376235,deadAbandoned,FINANCIAL CHEF,"May 27, 2009","Haras, Cindie",,sales@sellersconsultant.com
77376118,REQUEST_FAILED,,,,,
77376218,deadAbandoned,LATINOX MAGAZINE,"Sep. 14, 2009","Cordova, Plutarco",,plutyc@comcast.net
77376256,deadAbandoned,STAMP MY FEET,"Dec. 30, 2009","Pinkstaff, Robin E",,robin@stampmyfeet.com
77376258,deadAbandoned,CHRISTGEAR UNLIMITED HEBREWS 13:8,"Jan. 22, 2009",Bobby DeAngelo Hood,,hoodz3_99@sbcglobal.net
77376387,deadAbandoned,CAFE-WORLD.COM,"May 21, 2009","Morlet, Josette",,jo.morlet@orange.fr
77376344,deadAbandoned,STARLETS,"Sep. 28, 2009","Bell, Pamela",,specular@att.net
77376328,REQUEST_FAILED,,,,,
77376370,REQUEST_FAILED,,,,,
77376390,REQUEST_FAILED,,,,,
77376491,REQUEST_FAILED,,,,,
77376554,deadAbandoned,ACCELERATED CONSTRUCTION CO,"Jun. 16, 2009",Accelerated Construction Company LLC,,stephanie@furgang.com
77376518,REQUEST_FAILED,,,,,
77376544,REQUEST_FAILED,,,,,
77376611,deadAbandoned,MIAMI LIBRE,"Jun. 29, 2009","Wussow, Joachim W.",,
77376702,deadAbandoned,FRAME FRAMES,"Aug. 18, 2009","Wonderful!, Ltd.",,
77376646,REQUEST_FAILED,,,,,
77376665,REQUEST_FAILED,,,,,
77376788,deadAbandoned,CSR PULSE,"Oct. 05, 2009","Lowson, Linda M.",,lmlowson@optonline.net
77376705,REQUEST_FAILED,,,,,
77376735,REQUEST_FAILED,,,,,
77376760,REQUEST_FAILED,,,,,
77376772,REQUEST_FAILED,,,,,
77376816,REQUEST_FAILED,,,,,
77376845,REQUEST_FAILED,,,,,
77376860,REQUEST_FAILED,,,,,
77376875,REQUEST_FAILED,,,,,
77376971,REQUEST_FAILED,,,,,
77376918,REQUEST_FAILED,,,,,
77377071,REQUEST_FAILED,,,,,
77377121,REQUEST_FAILED,,,,,
77377153,REQUEST_FAILED,,,,,
77377190,REQUEST_FAILED,,,,,
77377251,REQUEST_FAILED,,,,,
77377246,REQUEST_FAILED,,,,,
77377270,REQUEST_FAILED,,,,,
77377346,deadAbandoned,RAE,"Feb. 06, 2009",Denise Gertmenian,,dgertmenian@gmail.com
77377276,REQUEST_FAILED,,,,,
77377306,REQUEST_FAILED,,,,,
77377309,REQUEST_FAILED,,,,,
77377672,REQUEST_FAILED,,,,,
77377747,REQUEST_FAILED,,,,,
77377699,REQUEST_FAILED,,,,,
77377766,REQUEST_FAILED,,,,,
77377771,REQUEST_FAILED,,,,,
77377882,REQUEST_FAILED,,,,,
77377822,REQUEST_FAILED,,,,,
77377901,REQUEST_FAILED,,,,,
77377958,deadAbandoned,R-U NUTZ,"Oct. 05, 2009",R-U NUTZ,,RUNUTZpoker@yahoo.com
77377913,REQUEST_FAILED,,,,,
77377974,deadAbandoned,THIS TOO SHALL PASS + TTSP,"Apr. 06, 2009","TIERNEY, PATRICIA A.",,annie1@iglide.net
77377940,REQUEST_FAILED,,,,,
77378005,deadAbandoned,SPEQ,"Mar. 27, 2009",Signostics Pty Ltd,,ipmanager@signostics.com.au
77377983,REQUEST_FAILED,,,,,
77377997,REQUEST_FAILED,,,,,
77377996,REQUEST_FAILED,,,,,
77378037,REQUEST_FAILED,,,,,
77378048,REQUEST_FAILED,,,,,
77378181,REQUEST_FAILED,,,,,
77378182,REQUEST_FAILED,,,,,
77378223,REQUEST_FAILED,,,,,
77378236,REQUEST_FAILED,,,,,
77378256,REQUEST_FAILED,,,,,
77378277,deadAbandoned,"I LOVE YOU MORE THAN YESTERDAY, LESS THAN TOMORROW","Mar. 30, 2009","CHERE DORI, INC.",,cheriedori@nana.co.il
77378279,REQUEST_FAILED,,,,,
77378281,REQUEST_FAILED,,,,,
77378292,REQUEST_FAILED,,,,,
77378309,REQUEST_FAILED,,,,,
77378335,REQUEST_FAILED,,,,,
77378316,REQUEST_FAILED,,,,,
77378387,REQUEST_FAILED,,,,,
77378459,REQUEST_FAILED,,,,,
77378478,REQUEST_FAILED,,,,,
77378551,REQUEST_FAILED,,,,,
77378792,REQUEST_FAILED,,,,,
77378834,REQUEST_FAILED,,,,,
77378837,REQUEST_FAILED,,,,,
77378928,deadAbandoned,"PEACE IN HERE, PEACE OUT THERE.","Mar. 30, 2009",The Lennox Group LLC,,coachlh@hotmail.com
77378840,REQUEST_FAILED,,,,,
77378917,REQUEST_FAILED,,,,,
77378931,REQUEST_FAILED,,,,,
77378938,REQUEST_FAILED,,,,,
77379030,deadAbandoned,IHONEY,"Apr. 13, 2009",BERRON FEDERICO GUILLERMO,,fberron@kab.com.mx
77379029,REQUEST_FAILED,,,,,
77379079,REQUEST_FAILED,,,,,
77379113,REQUEST_FAILED,,,,,
77379131,REQUEST_FAILED,,,,,
77379146,REQUEST_FAILED,,,,,
77379349,deadAbandoned,PURPLE IS THE NEW PINK. SHARE THE LOVE,"Apr. 06, 2009","Hersh, Marci",,marcihersh@aol.com
77379344,REQUEST_FAILED,,,,,
77379378,REQUEST_FAILED,,,,,
77379389,REQUEST_FAILED,,,,,
77379460,REQUEST_FAILED,,,,,
77379474,REQUEST_FAILED,,,,,
77379574,deadAbandoned,ERMIS PHARMACEUTICALS,"Apr. 06, 2009","BILLIS, CHRISTOPHER S.",,chrisbillis@yahoo.com
77379520,REQUEST_FAILED,,,,,
77379537,REQUEST_FAILED,,,,,
77379572,deadAbandoned,LIVE RICH,"Apr. 06, 2009","Orovo, LLC",,yoon316@yahoo.com
77379556,REQUEST_FAILED,,,,,
77379584,REQUEST_FAILED,,,,,
77379895,deadAbandoned,EXPELERATOR,"May 25, 2009",PRIMEPAK MANUFACTURING PTY LTD,,john.evers@primepakn2.com.au
77379861,REQUEST_FAILED,,,,,
77379889,REQUEST_FAILED,,,,,
77379961,deadAbandoned,HOMESIGHT,"Jul. 01, 2009",Meredith Corporation,,mlerner@ssbb.com
77379955,deadAbandoned,MORE EYES,"Apr. 06, 2009",EUNSUK CHOI,,h6908@hotmail.com
77379929,REQUEST_FAILED,,,,,
77379947,REQUEST_FAILED,,,,,
77379931,REQUEST_FAILED,,,,,
77379974,REQUEST_FAILED,,,,,
77380034,deadAbandoned,GODDESS OF LOVE,"Apr. 06, 2009",Lynda A. Levy,,levyf@venetian.com
77380005,REQUEST_FAILED,,,,,
77380079,deadAbandoned,SECRET ASIAN RESTAURANT,"Jun. 29, 2009","Sirisawat, Sirichai T",,
77380029,REQUEST_FAILED,,,,,
77380038,REQUEST_FAILED,,,,,
77380043,REQUEST_FAILED,,,,,
77380128,deadAbandoned,R RETERIK,"Jul. 14, 2009","Caruso, Jonathan J",,
77380045,REQUEST_FAILED,,,,,
77380139,REQUEST_FAILED,,,,,
77380152,REQUEST_FAILED,,,,,
77380168,REQUEST_FAILED,,,,,
77380187,REQUEST_FAILED,,,,,
77380252,deadAbandoned,SIX WINDS,"Oct. 12, 2009","Enlightened Brands, LLC",,frnkmassie@yahoo.com
77380264,deadAbandoned,OMNICARDS,"Jun. 01, 2009","GiftCards.com, LLC",,jason@giftcards.com
77380218,REQUEST_FAILED,,,,,
77380240,REQUEST_FAILED,,,,,
77380312,REQUEST_FAILED,,,,,
77380421,REQUEST_FAILED,,,,,
77380474,REQUEST_FAILED,,,,,
77380477,REQUEST_FAILED,,,,,
77380541,REQUEST_FAILED,,,,,
77380585,REQUEST_FAILED,,,,,
77380608,REQUEST_FAILED,,,,,
77380717,deadAbandoned,PRO LEANLOGISTICS,"Jun. 08, 2009","Bañolas, Rogério Garcia",,omaluf@sbcglobal.net
77380627,REQUEST_FAILED,,,,,
77380679,deadAbandoned,RUNNING IS: CHEAPER THAN THERAPY,"Jun. 02, 2009","Venditto, Joe",,joe@onemoremile.net
77380838,deadAbandoned,FIND YOUR HAPPY PACE,"Jun. 02, 2009","Venditto, Joe",,joe@onemoremile.net
77380677,REQUEST_FAILED,,,,,
77380678,REQUEST_FAILED,,,,,
77380743,REQUEST_FAILED,,,,,
77380776,REQUEST_FAILED,,,,,
77380870,REQUEST_FAILED,,,,,
77381029,REQUEST_FAILED,,,,,
77381047,REQUEST_FAILED,,,,,
77381051,REQUEST_FAILED,,,,,
77381101,REQUEST_FAILED,,,,,
77381103,REQUEST_FAILED,,,,,
77381122,REQUEST_FAILED,,,,,
77381211,deadAbandoned,MISS ARMENIAN WORLD,"Apr. 06, 2009","MARMW, INC.",,EMCGARYAN@YAHOO.COM
77381137,REQUEST_FAILED,,,,,
77381295,deadAbandoned,GRIND M DE E N T E R P R I S E S,"Oct. 16, 2009","JOHNSON, TYESHA",,tyeshawoodz@gmail.com
77381172,REQUEST_FAILED,,,,,
77381294,REQUEST_FAILED,,,,,
77381322,REQUEST_FAILED,,,,,
77381298,REQUEST_FAILED,,,,,
77381336,REQUEST_FAILED,,,,,
77381349,REQUEST_FAILED,,,,,
77381451,deadAbandoned,YOUR DOTCOM WITH A GLOBAL TOUCH,"Apr. 13, 2009","Mody Consultancy Services, Inc.",,ajit_mody@yahoo.com
77381409,REQUEST_FAILED,,,,,
77381416,REQUEST_FAILED,,,,,
77381454,deadAbandoned,MAX BENÉ,"Oct. 12, 2009",Kelvin L. Kelley,,bgiceo@sbcglobal.net
77381436,REQUEST_FAILED,,,,,
77381456,REQUEST_FAILED,,,,,
77381462,REQUEST_FAILED,,,,,
77381477,REQUEST_FAILED,,,,,
77381485,REQUEST_FAILED,,,,,
77381506,REQUEST_FAILED,,,,,
77381574,deadAbandoned,ENDOSTIM,"Apr. 06, 2009","EndoStim, Inc.",,endostim@gmail.com
77381508,REQUEST_FAILED,,,,,
77381518,REQUEST_FAILED,,,,,
77381543,REQUEST_FAILED,,,,,
77381576,deadAbandoned,LAPSTIM,"Apr. 06, 2009","EndoStim, Inc.",,endostim@gmail.com
77381546,REQUEST_FAILED,,,,,
77381553,REQUEST_FAILED,,,,,
77381614,deadAbandoned,GREEN GENIE KEEPING YOUR WORLD GREEN,"Apr. 27, 2009","Got to be Green, LLC",,tbwalker@carolina.rr.com
77381584,REQUEST_FAILED,,,,,
77381617,deadAbandoned,HOOKUPZ,"Apr. 06, 2009","Unclaimed Treasures, LLC",,lmwbythesea@msn.com
77381589,REQUEST_FAILED,,,,,
77381635,REQUEST_FAILED,,,,,
77381636,REQUEST_FAILED,,,,,
77381654,REQUEST_FAILED,,,,,
77381657,REQUEST_FAILED,,,,,
77381745,REQUEST_FAILED,,,,,
77381815,REQUEST_FAILED,,,,,
77381826,REQUEST_FAILED,,,,,
77381836,REQUEST_FAILED,,,,,
77381840,REQUEST_FAILED,,,,,
77381912,REQUEST_FAILED,,,,,
77381974,deadAbandoned,NANA ROSA,"Apr. 06, 2009","Nana Rosa Biscotti Co., LLC",,weshelm@comcast.net
77382001,deadAbandoned,ATLANTA FASHION WEEK,"Dec. 08, 2009",Couture Connoisseur Fashion Network LLC,,theatlantafashionweek@gmail.com
77381995,REQUEST_FAILED,,,,,
77382024,REQUEST_FAILED,,,,,
77382034,REQUEST_FAILED,,,,,
77382080,REQUEST_FAILED,,,,,
77382240,REQUEST_FAILED,,,,,
77382340,REQUEST_FAILED,,,,,
77382336,REQUEST_FAILED,,,,,
77382458,REQUEST_FAILED,,,,,
77382463,REQUEST_FAILED,,,,,
77382510,REQUEST_FAILED,,,,,
77382584,REQUEST_FAILED,,,,,
77382645,REQUEST_FAILED,,,,,
77382660,REQUEST_FAILED,,,,,
77382727,deadAbandoned,A!ERTS,"Jul. 01, 2009",Alerts.com Acquisition Group LLC,,pascal@alerts.com
77382731,deadAbandoned,NORTH AMERICAN GANG,"Mar. 16, 2009",Real World Wonders Inc.,,dh@realworldwonders.com
77382721,deadAbandoned,A!ERTS,"Jun. 16, 2009",Alerts.com Acquisition Group LLC,,pascal@alerts.com
77382699,REQUEST_FAILED,,,,,
77382711,REQUEST_FAILED,,,,,
77382755,deadAbandoned,G GLUPOD,"Feb. 27, 2009",SOMETHING INC,,ioannis@glupod.com
77382795,deadAbandoned,SUPER G,"Oct. 05, 2009","Osez Vous? International Spirits, LLC.",,rcooper@jacquins.com
77382742,REQUEST_FAILED,,,,,
77382748,REQUEST_FAILED,,,,,
77382881,REQUEST_FAILED,,,,,
77382928,REQUEST_FAILED,,,,,
77382809,REQUEST_FAILED,,,,,
77383020,deadAbandoned,GIANNINO'S ITALIAN CUISINE,"Feb. 25, 2009","GIACOMINO, GIANNI CHILOIRO,",,
77383043,deadAbandoned,IVALVE DOSING SYSTEM,"May 21, 2009","United Associates Group, Inc.",,
77382988,REQUEST_FAILED,,,,,
77382998,REQUEST_FAILED,,,,,
77383060,REQUEST_FAILED,,,,,
77383071,REQUEST_FAILED,,,,,
77383395,deadAbandoned,GREATER CRATER,"Apr. 06, 2009","Rogers, David",,drogers.gc@gmail.com
77383244,REQUEST_FAILED,,,,,
77383368,REQUEST_FAILED,,,,,
77383421,REQUEST_FAILED,,,,,
77383443,REQUEST_FAILED,,,,,
77383553,deadAbandoned,AMBASSADOR CONCIERGE,"Jun. 12, 2009",Global Ambassador Concierge LLC,,
77383505,REQUEST_FAILED,,,,,
77383506,REQUEST_FAILED,,,,,
77383545,deadAbandoned,AMBASSADOR CONCIERGE,"Jun. 12, 2009",Global Ambassador Concierge LLC,,
77383640,REQUEST_FAILED,,,,,
77383637,REQUEST_FAILED,,,,,
77383720,REQUEST_FAILED,,,,,
77383738,REQUEST_FAILED,,,,,
77383756,REQUEST_FAILED,,,,,
77383797,REQUEST_FAILED,,,,,
77383762,REQUEST_FAILED,,,,,
77383896,deadAbandoned,CATERPILLAR,"Aug. 13, 2009","UNITED BRANDS INTERNATIONAL,INC.",,cyrusafifi2@yahoo.com
77383810,REQUEST_FAILED,,,,,
77383828,REQUEST_FAILED,,,,,
77383930,REQUEST_FAILED,,,,,
77384010,REQUEST_FAILED,,,,,
77384018,REQUEST_FAILED,,,,,
77384178,REQUEST_FAILED,,,,,
77384184,REQUEST_FAILED,,,,,
77384175,REQUEST_FAILED,,,,,
77384295,REQUEST_FAILED,,,,,
77384347,REQUEST_FAILED,,,,,
77384338,REQUEST_FAILED,,,,,
77384539,REQUEST_FAILED,,,,,
77384556,REQUEST_FAILED,,,,,
77384575,REQUEST_FAILED,,,,,
77384623,REQUEST_FAILED,,,,,
77384681,deadAbandoned,MILKFISH,"May 05, 2009","STREIBL, FRANZ",,teas.plus@sipwerk.com
77384763,REQUEST_FAILED,,,,,
77384761,REQUEST_FAILED,,,,,
77384774,REQUEST_FAILED,,,,,
77384782,REQUEST_FAILED,,,,,
77384800,REQUEST_FAILED,,,,,
77384809,REQUEST_FAILED,,,,,
77384881,deadAbandoned,VISION NUTRITION,"Jan. 12, 2009",VITAMIN SCIENCE INC,,
77384822,REQUEST_FAILED,,,,,
77384830,REQUEST_FAILED,,,,,
77384889,deadAbandoned,BEST EYE VITAMIN,"Jan. 12, 2009",VITAMIN SCIENCE INC,,
77384817,REQUEST_FAILED,,,,,
77384846,REQUEST_FAILED,,,,,
77384883,REQUEST_FAILED,,,,,
77384949,deadAbandoned,GIVE PEAT A CHANCE,"Jul. 27, 2009",Irish Turf Smoke Limited,,info@irishsmoke.ie
77385052,REQUEST_FAILED,,,,,
77385074,REQUEST_FAILED,,,,,
77385157,REQUEST_FAILED,,,,,
77385185,REQUEST_FAILED,,,,,
77385242,REQUEST_FAILED,,,,,
77385276,REQUEST_FAILED,,,,,
77385265,REQUEST_FAILED,,,,,
77385281,REQUEST_FAILED,,,,,
77385389,REQUEST_FAILED,,,,,
77385687,deadAbandoned,BARRANGER BOOKS,"Apr. 13, 2009","Outrageous Mastery, LLC",,
77385604,REQUEST_FAILED,,,,,
77385715,deadAbandoned,BARRANGER BOOKS,"Apr. 13, 2009","Outrageous Mastery, LLC",,
77385596,REQUEST_FAILED,,,,,
77385696,REQUEST_FAILED,,,,,
77385810,deadAbandoned,NICOLAS MORLET,"Jun. 15, 2009",Nicolas Morlet,,nmorlet@hotmail.com
77385720,REQUEST_FAILED,,,,,
77385768,REQUEST_FAILED,,,,,
77385858,REQUEST_FAILED,,,,,
77385972,deadAbandoned,AMBIENT ENTERTAINMENT TECHNOLOGY,"Oct. 12, 2009","ND Rights, LLC",,
77385884,REQUEST_FAILED,,,,,
77385908,REQUEST_FAILED,,,,,
77385978,deadAbandoned,AMBIENT ENTERTAINMENT TECHNOLOGY (AET),"Oct. 12, 2009","ND Rights, LLC",,
77385943,REQUEST_FAILED,,,,,
77385952,REQUEST_FAILED,,,,,
77385982,REQUEST_FAILED,,,,,
77386003,REQUEST_FAILED,,,,,
77386103,deadAbandoned,DUAL-SOLE,"Feb. 04, 2009",UMI SYSTEM CO,,umisystem@kornet.net
77386104,deadAbandoned,GRANDE PASSIONE,"Jun. 05, 2009",Grande Passione Ltd.,,contact@grandepassione.com
77386028,REQUEST_FAILED,,,,,
77386066,REQUEST_FAILED,,,,,
77386134,REQUEST_FAILED,,,,,
77386189,deadAbandoned,HOLD&GO,"Nov. 16, 2009",International Paper Company,,stephanie.haupt@ipaper.com
77386176,REQUEST_FAILED,,,,,
77386198,REQUEST_FAILED,,,,,
77386219,REQUEST_FAILED,,,,,
77386237,REQUEST_FAILED,,,,,
77386417,deadAbandoned,THERMASHIELD,"Nov. 16, 2009",International Paper Company,,stephanie.haupt@ipaper.com
77386305,REQUEST_FAILED,,,,,
77386355,REQUEST_FAILED,,,,,
77386389,REQUEST_FAILED,,,,,
77386429,REQUEST_FAILED,,,,,
77386568,REQUEST_FAILED,,,,,
77386631,deadAbandoned,THE HEALTHY HOUSE SOLUTION,"Mar. 23, 2009",Eagle Shield Inc.,,wsteiner@eagleshield.com
77386796,deadAbandoned,KOR-FX,"Apr. 27, 2009","Afshar, Shahriar S.",,afshar@haptico.com
77386635,REQUEST_FAILED,,,,,
77386626,REQUEST_FAILED,,,,,
77386729,REQUEST_FAILED,,,,,
77386985,deadAbandoned,FUSION DIAMOND,"May 04, 2009","H.K. DESIGNS, INC.",,nidhi@hk.co
77386823,REQUEST_FAILED,,,,,
77386812,REQUEST_FAILED,,,,,
77386855,REQUEST_FAILED,,,,,
77386914,REQUEST_FAILED,,,,,
77386986,REQUEST_FAILED,,,,,
77387026,REQUEST_FAILED,,,,,
77387032,REQUEST_FAILED,,,,,
77387044,REQUEST_FAILED,,,,,
77387063,REQUEST_FAILED,,,,,
77387070,REQUEST_FAILED,,,,,
77387095,REQUEST_FAILED,,,,,
77387135,REQUEST_FAILED,,,,,
77387166,deadAbandoned,CHATEAU GHETTO,"Apr. 13, 2009","Lecomte, Julien",,lecomte.julien@gmail.com
77387167,REQUEST_FAILED,,,,,
77387173,REQUEST_FAILED,,,,,
77387179,REQUEST_FAILED,,,,,
77387189,REQUEST_FAILED,,,,,
77387237,deadAbandoned,DECOMPOSER,"Apr. 27, 2009","Taher, Riyad S.",,scrachingdog@yahoo.com
77387214,REQUEST_FAILED,,,,,
77387215,REQUEST_FAILED,,,,,
77387240,deadAbandoned,URJ UNITED REVOLUTION,"May 04, 2009","Brock, Nathaniel",,reeltist@yahoo.com
77387268,deadAbandoned,ALBAFUEL.COM,"Apr. 13, 2009",Berisha Ilir,,gjokb@yahoo.com
77387247,REQUEST_FAILED,,,,,
77387276,REQUEST_FAILED,,,,,
77387272,REQUEST_FAILED,,,,,
77387290,deadAbandoned,THE CENTER FOR CHANGE MAKING MEDIA,"Apr. 20, 2009","Kagan, Jeremy",,ainsof18@gmail.com
77387279,REQUEST_FAILED,,,,,
77387315,REQUEST_FAILED,,,,,
77387324,REQUEST_FAILED,,,,,
77387323,REQUEST_FAILED,,,,,
77387358,REQUEST_FAILED,,,,,
77387382,REQUEST_FAILED,,,,,
77387385,REQUEST_FAILED,,,,,
77387424,REQUEST_FAILED,,,,,
77387540,deadAbandoned,MYCPACOMMUNITY,"Apr. 20, 2009","CPAmerica International, Inc",,jcardelle@cpamerica.org
77387449,REQUEST_FAILED,,,,,
77387451,REQUEST_FAILED,,,,,
77387519,REQUEST_FAILED,,,,,
77387594,REQUEST_FAILED,,,,,
77387646,REQUEST_FAILED,,,,,
77387663,REQUEST_FAILED,,,,,
77387681,REQUEST_FAILED,,,,,
77387682,REQUEST_FAILED,,,,,
77387724,REQUEST_FAILED,,,,,
77387764,REQUEST_FAILED,,,,,
77387799,REQUEST_FAILED,,,,,
77387837,REQUEST_FAILED,,,,,
77387929,REQUEST_FAILED,,,,,
77388022,REQUEST_FAILED,,,,,
77388159,REQUEST_FAILED,,,,,
77388200,REQUEST_FAILED,,,,,
77388233,REQUEST_FAILED,,,,,
77388262,REQUEST_FAILED,,,,,
77388371,REQUEST_FAILED,,,,,
77388370,REQUEST_FAILED,,,,,
77388389,REQUEST_FAILED,,,,,
77388403,REQUEST_FAILED,,,,,
77388474,deadAbandoned,EARTHKINS,"Apr. 20, 2009","Levy, Richard C.",,toysrme@gmail.com
77388424,REQUEST_FAILED,,,,,
77388405,REQUEST_FAILED,,,,,
77388475,deadAbandoned,POCKETFLY,"Oct. 26, 2009","Dragonfly Divas, LLC",,
77388467,deadAbandoned,THE LEAP OF FATE,"Apr. 20, 2009","Fiore, Anthony R.",,tonyfiorecra@optonline.net
77388458,REQUEST_FAILED,,,,,
77388565,deadAbandoned,HONORVERSE,"Apr. 13, 2009",Artificial Software LLC,,adam@artificialsoftware.com
77388481,REQUEST_FAILED,,,,,
77388510,REQUEST_FAILED,,,,,
77388544,REQUEST_FAILED,,,,,
77388614,deadAbandoned,INSOMNIAC STUDIOS,"Nov. 02, 2009",Insomniac Studios,,insomniac_studios@hotmail.com
77388566,REQUEST_FAILED,,,,,
77388612,REQUEST_FAILED,,,,,
77388668,REQUEST_FAILED,,,,,
77388716,REQUEST_FAILED,,,,,
77388776,REQUEST_FAILED,,,,,
77388823,deadAbandoned,BAG GLOBAL WARMING,"Apr. 20, 2009",Dave Savine,,Dave@textthread.com
77388903,deadAbandoned,MIDIMAN,"Aug. 31, 2009","Avid Technology, Inc.",,
77388777,REQUEST_FAILED,,,,,
77388861,REQUEST_FAILED,,,,,
77389006,REQUEST_FAILED,,,,,
77389139,REQUEST_FAILED,,,,,
77389123,REQUEST_FAILED,,,,,
77389282,deadAbandoned,ND'S FUEGO SHOW,"Aug. 10, 2009","ND Rights, LLC",,
77389284,deadAbandoned,ND'S SPACE LOUNGE,"Aug. 10, 2009","ND Rights, LLC",,
77389245,REQUEST_FAILED,,,,,
77389291,REQUEST_FAILED,,,,,
77389322,deadAbandoned,DO IT FOR YOUR COUNTRY,"Apr. 20, 2009","Trend Movement, LLC.",,jesse.chemtob@gmail.com
77389306,REQUEST_FAILED,,,,,
77389376,REQUEST_FAILED,,,,,
77389522,deadAbandoned,STUDIOTRONIX,"Sep. 04, 2009","Wiginton, Clark David",,cdwigint@gmail.com
77389389,REQUEST_FAILED,,,,,
77389482,REQUEST_FAILED,,,,,
77389574,deadAbandoned,ACADIA,"May 20, 2009","Evermax Plastics Industry Co., Ltd.",,
77389497,REQUEST_FAILED,,,,,
77389528,REQUEST_FAILED,,,,,
77389545,REQUEST_FAILED,,,,,
77389550,REQUEST_FAILED,,,,,
77389577,REQUEST_FAILED,,,,,
77389790,REQUEST_FAILED,,,,,
77389837,REQUEST_FAILED,,,,,
77389859,REQUEST_FAILED,,,,,
77389874,REQUEST_FAILED,,,,,
77389945,REQUEST_FAILED,,,,,
77389952,REQUEST_FAILED,,,,,
77390017,REQUEST_FAILED,,,,,
77390137,REQUEST_FAILED,,,,,
77390054,REQUEST_FAILED,,,,,
77390151,REQUEST_FAILED,,,,,
77390252,REQUEST_FAILED,,,,,
77390294,REQUEST_FAILED,,,,,
77390296,REQUEST_FAILED,,,,,
77390345,REQUEST_FAILED,,,,,
77390392,REQUEST_FAILED,,,,,
77390394,REQUEST_FAILED,,,,,
77390423,REQUEST_FAILED,,,,,
77390490,REQUEST_FAILED,,,,,
77390513,REQUEST_FAILED,,,,,
77390515,REQUEST_FAILED,,,,,
77390554,REQUEST_FAILED,,,,,
77390555,REQUEST_FAILED,,,,,
77390580,REQUEST_FAILED,,,,,
77390668,REQUEST_FAILED,,,,,
77390674,REQUEST_FAILED,,,,,
77390676,REQUEST_FAILED,,,,,
77390705,REQUEST_FAILED,,,,,
77390777,deadAbandoned,D DAMIANNE SXL,"Jun. 18, 2009","Maqueda Foods Distributor, Inc.",,tmregistered@gmail.com
77390743,deadAbandoned,LIQUID INC. COME.GO.LEAVE A MARK,"Feb. 12, 2009",Lindsey K. Erwin,,lindsey_erwin@yahoo.com
77390731,REQUEST_FAILED,,,,,
77390774,REQUEST_FAILED,,,,,
77390823,REQUEST_FAILED,,,,,
77390869,REQUEST_FAILED,,,,,
77390891,REQUEST_FAILED,,,,,
77390917,REQUEST_FAILED,,,,,
77391083,deadAbandoned,TESTFY,"Sep. 23, 2009","Winebarger, Lindsay",,sharethelord@yahoo.com
77391031,REQUEST_FAILED,,,,,
77391020,REQUEST_FAILED,,,,,
77391057,REQUEST_FAILED,,,,,
77391105,deadAbandoned,TAPA DÁ VINO,"Jun. 15, 2009","Tapa Designs, LLC",,
77391092,REQUEST_FAILED,,,,,
77391108,REQUEST_FAILED,,,,,
77391130,REQUEST_FAILED,,,,,
77391392,deadAbandoned,DINOSAURZ,"Apr. 20, 2009","Zanusa, Inc.",,rgoodrum@zanusa.com
77391266,REQUEST_FAILED,,,,,
77391282,REQUEST_FAILED,,,,,
77391400,deadAbandoned,BRIDJIT,"Apr. 20, 2009","Curry, John R",,btgc@comcast.net
77391344,REQUEST_FAILED,,,,,
77391401,REQUEST_FAILED,,,,,
77391472,REQUEST_FAILED,,,,,
77391500,REQUEST_FAILED,,,,,
77391534,REQUEST_FAILED,,,,,
77391551,REQUEST_FAILED,,,,,
77391652,deadAbandoned,GLUCOSTRIDE,"Apr. 20, 2009","GANDHI, Yogesh K",,ykg99@yahoo.com
77391703,deadAbandoned,GLOWING ESSENCE,"Apr. 20, 2009","GANDHI, Yogesh K",,ykg99@yahoo.com
77391593,REQUEST_FAILED,,,,,
77391693,deadAbandoned,DINASTIA SUPREMA,"Nov. 18, 2009","Torres Flores, Luis Carlos",,connygw@yahoo.com.mx
77391612,REQUEST_FAILED,,,,,
77391697,REQUEST_FAILED,,,,,
77391874,deadAbandoned,PRIVY,"Apr. 20, 2009",Privy LLC,,chee@bornprivy.com
77391879,deadAbandoned,PR VY,"Apr. 20, 2009",Privy LLC,,chee@bornprivy.com
77391841,REQUEST_FAILED,,,,,
77391867,REQUEST_FAILED,,,,,
77391853,REQUEST_FAILED,,,,,
77391955,deadAbandoned,S1NGLE SOURCE INC THE ONE TO TRUST,"Oct. 05, 2009","Single Source, Inc",,mstrawn@singlesourceinc.com
77391884,REQUEST_FAILED,,,,,
77391918,REQUEST_FAILED,,,,,
77391920,REQUEST_FAILED,,,,,
77392068,deadAbandoned,BRIDAL EMERGENCY,"Apr. 27, 2009",20-20 Consulting LLC,,rshulvat@yahoo.com
77392008,REQUEST_FAILED,,,,,
77392176,deadAbandoned,SENIORSMARTFINANCIAL,"Apr. 20, 2009",SoCal Realty Solutions,,armando@soldonera.com
77392074,REQUEST_FAILED,,,,,
77392131,REQUEST_FAILED,,,,,
77392238,deadAbandoned,ROUTE 66 LIVE,"Jun. 09, 2009",Celebrity Enterprises,,
77392166,REQUEST_FAILED,,,,,
77392179,REQUEST_FAILED,,,,,
77392471,deadAbandoned,TEXXON,"Apr. 27, 2009","TEXXON PHARMACEUTICALS, INC.",,jiedu@texxonpharma.com
77392508,deadAbandoned,BD H.E.R.O.,"Nov. 09, 2009","Becton, Dickinson and Company",,
77392357,REQUEST_FAILED,,,,,
77392470,REQUEST_FAILED,,,,,
77392482,REQUEST_FAILED,,,,,
77392513,REQUEST_FAILED,,,,,
77393020,REQUEST_FAILED,,,,,
77393145,deadAbandoned,HEAVEN'S BETTER.,"May 22, 2009",Laurie T Yonge,,ltyonge@earthlink.net
77393106,REQUEST_FAILED,,,,,
77393122,REQUEST_FAILED,,,,,
77393201,REQUEST_FAILED,,,,,
77393225,REQUEST_FAILED,,,,,
77393356,deadAbandoned,BABY BISOU,"Aug. 14, 2009","Kubricky, Kathleen",,babybisoushop@gmail.com
77393353,deadAbandoned,SOUTH COAST SKIN CARE,"Jul. 20, 2009","Afsahi, Vince F.",,skinmd@gmail.com
77393340,REQUEST_FAILED,,,,,
77393374,REQUEST_FAILED,,,,,
77393676,deadAbandoned,I.D. ME,"Apr. 20, 2009","Wallace, Peter John",,globalpete47@btinternet.com
77393498,REQUEST_FAILED,,,,,
77393590,REQUEST_FAILED,,,,,
77393926,deadAbandoned,MEDEXTENS,"Nov. 05, 2009",Medalliance CRO SARL,,fcdaoud@medalliance.com
77393619,REQUEST_FAILED,,,,,
77394133,deadAbandoned,RESIDENTS GOLF CLUB AMERICA,"Jul. 01, 2009",Vic Steinfels,,
77394153,deadAbandoned,EXCEL (EXCELLENCE IN CLASSROOM EDUCATION AND LEARNING) SCHOLARSHIP FUND,"May 11, 2009",The National Jewish Day School Foundation,,profdean@aol.com
77393966,REQUEST_FAILED,,,,,
77394175,deadAbandoned,CHALIQUE,"Apr. 20, 2009","ROSE, AMBER",,
77394180,deadAbandoned,FLEUR EXOTIQUE,"Apr. 20, 2009","ROSE, AMBER",,
77394138,deadAbandoned,RESIDENTS GOLF CLUB AMERICA,"Aug. 18, 2009","Steinfels, Vic",,
77394135,REQUEST_FAILED,,,,,
77394196,deadAbandoned,MAGIA DI ME,"Apr. 20, 2009","ROSE, AMBER",,
77394313,deadAbandoned,POSTECONOMIC,"Apr. 27, 2009",Extract Media LLC,,larryjunk@gmail.com
77394229,REQUEST_FAILED,,,,,
77394340,REQUEST_FAILED,,,,,
77394347,REQUEST_FAILED,,,,,
77394579,deadAbandoned,EFFORTLESS,"Mar. 03, 2009","Gordon, Joseph S",,joe@recproductions.net
77394715,deadAbandoned,LIBERADOS DE LA SIERRA,"Nov. 09, 2009","Tapia, Guadalupe",,maritzamullen719@yahoo.com
77394498,REQUEST_FAILED,,,,,
77394841,deadAbandoned,NANOPV,"Jul. 15, 2009",NanoPV Technologies Inc.,,
77394608,REQUEST_FAILED,,,,,
77394707,REQUEST_FAILED,,,,,
77395052,deadAbandoned,STATISTICALLY SPEAKING,"Dec. 28, 2009",IMAGINATION HOLDING PTY LTD,,hostmaster@imagination.com.au
77394792,REQUEST_FAILED,,,,,
77395126,deadAbandoned,THE DOOR BARRIER,"Jun. 07, 2009","Monty-Manchester Innovations, Inc.",,concepts101@optonline.net
77394920,deadAbandoned,ABEO,"Jun. 30, 2009","SPMG, Inc.",,
77395183,deadAbandoned,PDJ ROYALTY,"Dec. 07, 2009","ROYALTY AUTO SPA, INC",,
77394931,REQUEST_FAILED,,,,,
77395250,deadAbandoned,TRINIGLO,"Dec. 07, 2009","ROYALTY AUTO SPA, INC",,
77395299,deadAbandoned,PROSTATE PATCH,"May 11, 2009",Prostaderm,,
77395185,REQUEST_FAILED,,,,,
77395210,REQUEST_FAILED,,,,,
77395327,deadAbandoned,DOGPOO,"May 25, 2009","Shaw, Bradley",,fatbat@gmail.com
77395277,deadAbandoned,COCOA DELICES,"Jun. 30, 2009",Cocoa Delices Chocolaterie LLC,,najib_yatim@yahoo.com
77395310,REQUEST_FAILED,,,,,
77395324,REQUEST_FAILED,,,,,
77395354,REQUEST_FAILED,,,,,
77395467,deadAbandoned,YDILO ACTION,"Apr. 27, 2009","YDILO ADVANCED VOICE SOLUTIONS, S.A.",,ip@agladial.com
77395410,REQUEST_FAILED,,,,,
77395462,deadAbandoned,FLEXI TANK,"Aug. 04, 2009",Flexitank (Australia) Pty Ltd,,info@fishpac.com
77395498,deadAbandoned,IMPOSSIBLE IS JUST AN OPINION,"Apr. 27, 2009",Blackwhale GmbH,,johannes.schleicher@blackwhale.at
77395461,REQUEST_FAILED,,,,,
77395606,REQUEST_FAILED,,,,,
77395615,REQUEST_FAILED,,,,,
77395943,REQUEST_FAILED,,,,,
77396062,REQUEST_FAILED,,,,,
77396058,REQUEST_FAILED,,,,,
77396232,deadAbandoned,PAW'SH,"Oct. 19, 2009","Miklos, Carey",,miklosca2@gmail.com
77396165,deadAbandoned,GURUREPORTER,"May 04, 2009","Mowery, J. Christian",,
77396195,REQUEST_FAILED,,,,,
77396266,REQUEST_FAILED,,,,,
77396433,deadAbandoned,BHI SALES SELECT,"Aug. 19, 2009",Batrus Hollweg International Selection Services LTD.,,batrushollweg@hotmail.com
77396323,REQUEST_FAILED,,,,,
77396520,deadAbandoned,SELDANE,"Oct. 19, 2009",Focus Health Group,,wade@focushealthgroup.com
77396436,deadAbandoned,ALOE · UP,"Oct. 26, 2009",Aloe Vera de Mexico. S.A de C.V.,,usmarca-aloeup@yahoo.com
77396404,REQUEST_FAILED,,,,,
77396552,deadAbandoned,FEEL THABEET,"Oct. 26, 2009",Kevin Boyle,,kboyle77@gmail.com
77396481,REQUEST_FAILED,,,,,
77396572,deadAbandoned,THE STRAIGHT UP DIRTIES,"Apr. 27, 2009","Donadio III, John J.",,donadiojohn@mac.com
77396600,REQUEST_FAILED,,,,,
77396868,deadAbandoned,LA VIE,"Oct. 05, 2009",Jean-Marc Daucourt,,jmd@daucourt.com
77396855,deadAbandoned,TOTALLY BRASOME,"Dec. 14, 2009",J2K Partnership,,geraldwomack@att.net
77396963,deadAbandoned,KEEP ME GREEN,"Apr. 20, 2009","Dantas, Priscila Valente",,fabio_dantas@yahoo.com
77396884,REQUEST_FAILED,,,,,
77397058,deadAbandoned,URBAN CONSCIOUSNESS,"Aug. 12, 2009",Ryan Smith,,ry_j_smith@hotmail.com
77396970,REQUEST_FAILED,,,,,
77397110,REQUEST_FAILED,,,,,
77397148,REQUEST_FAILED,,,,,
77397497,deadAbandoned,MR BIG CURLING IRON,"May 11, 2009","Kelley, Alicia A.",,A1kelley@hotmail.com
77397413,REQUEST_FAILED,,,,,
77397768,deadAbandoned,100GON,"May 04, 2009",Herbst Jacob,,jherbat45@gmail.com
77397693,REQUEST_FAILED,,,,,
77397714,REQUEST_FAILED,,,,,
77397779,deadAbandoned,JETFOX,"Oct. 05, 2009",Aero Holdings Limited,,
77397746,REQUEST_FAILED,,,,,
77397927,deadAbandoned,R.U.S.E,"Nov. 22, 2009",Ubisoft Entertainment,,
77397883,REQUEST_FAILED,,,,,
77397828,REQUEST_FAILED,,,,,
77397884,REQUEST_FAILED,,,,,
77398058,deadAbandoned,FAMILY PULSE,"Jul. 06, 2009","Realife Publishing, LLC",,
77397928,REQUEST_FAILED,,,,,
77398164,deadAbandoned,QUICK TIP,"Mar. 25, 2009","Creative Technologies, LLC",,
77398113,REQUEST_FAILED,,,,,
77398211,REQUEST_FAILED,,,,,
77398328,REQUEST_FAILED,,,,,
77398758,deadAbandoned,SPRUCE WWW.GETSPRUCEDUP.COM,"May 11, 2009","Spruce, Inc.",,
77398588,REQUEST_FAILED,,,,,
77398592,REQUEST_FAILED,,,,,
77398628,REQUEST_FAILED,,,,,
77398913,deadAbandoned,SCORECASTER,"May 04, 2009",CORDIANT TECHNOLOGIES INC.,,
77398833,REQUEST_FAILED,,,,,
77398921,deadAbandoned,MASSGOO,"May 04, 2009",Nak Hyun JU,,joonakhyun@yahoo.co.kr
77398911,deadAbandoned,ANGRY CORNER,"May 04, 2009","Delgado, Alvin A",,ad6452@gmail.com
77398881,REQUEST_FAILED,,,,,
77398980,REQUEST_FAILED,,,,,
77399098,deadAbandoned,NPM,"May 04, 2009","Weiser, Daniel T.",,weiser1@netvision.net.il
77399002,REQUEST_FAILED,,,,,
77399097,REQUEST_FAILED,,,,,
77399185,deadAbandoned,COINNOISSEUR,"Apr. 27, 2009","Barbes, Gregory E.",,gbarbes@alumni.stanfordgsb.org
77399189,deadAbandoned,ARKIBOX,"May 04, 2009","andres, arango",,mdma@yours.com
77399117,REQUEST_FAILED,,,,,
77399127,REQUEST_FAILED,,,,,
77399262,deadAbandoned,TERRAFARE,"May 04, 2009","Engle,Jenny S",,jengle@ntelos.net
77399162,REQUEST_FAILED,,,,,
77399302,deadAbandoned,DB CLOTHING CO.,"Mar. 03, 2009",DB Clothing Company LLC.,,redpengoldtip@hotmail.com
77399276,REQUEST_FAILED,,,,,
77399310,REQUEST_FAILED,,,,,
77399609,deadAbandoned,"I DON'T LIFT WEIGHTS, THEY'RE TOO HEAVY!!!","May 04, 2009","Hogan, Erik E",,umasshogan@yahoo.com
77399617,REQUEST_FAILED,,,,,
77399709,REQUEST_FAILED,,,,,
77399886,deadAbandoned,REEL PARABLES,"Nov. 02, 2009","Smith, Simon L",,simon@reelparables.com
77399941,deadAbandoned,ECOVERIFIED,"May 04, 2009","CANADIAN RAINMAKER, LLC",,gdoney@crmrd.com
77399891,REQUEST_FAILED,,,,,
77400058,REQUEST_FAILED,,,,,
77400112,REQUEST_FAILED,,,,,
77400122,REQUEST_FAILED,,,,,
77400209,REQUEST_FAILED,,,,,
77400458,REQUEST_FAILED,,,,,
77400482,REQUEST_FAILED,,,,,
77400874,deadAbandoned,MUNCHKINS & MOMMY,"Feb. 18, 2009",Munchkins & Mommy LLC,,info@munchkinsandmommy.com
77400612,REQUEST_FAILED,,,,,
77400697,REQUEST_FAILED,,,,,
77400705,REQUEST_FAILED,,,,,
77400999,deadAbandoned,SUPERFOOD,"Aug. 06, 2009",Boulder Organics LLC,,boulderorganics@yahoo.com
77400921,REQUEST_FAILED,,,,,
77400973,deadAbandoned,ESENTRY,"Nov. 02, 2009","MailMine, LLC",,sdye@digitalmainstreet.com
77401152,deadAbandoned,NF575,"Jan. 05, 2009",McDowell Signal Processing,,efilman@gmail.com
77400967,REQUEST_FAILED,,,,,
77401266,deadAbandoned,ECRIT,"May 04, 2009",Rosemary DiPietra,,
77401272,deadAbandoned,ECRIT,"May 04, 2009",Rosemary DiPietra,,
77401187,REQUEST_FAILED,,,,,
77401518,deadAbandoned,MARACAME GRAN PLATINO,"May 11, 2009",HERRERA ELENA ORENDAIN,,cramirez@uribeyasociados.com
77401423,REQUEST_FAILED,,,,,
77401755,deadAbandoned,ORION KING,"Nov. 02, 2009","KING, ORION",,ORIONKING1@GMAIL.COM
77401688,REQUEST_FAILED,,,,,
77401752,deadAbandoned,CHLOE,"Nov. 02, 2009",Chloe Door Hardware Inc.,,ctsantis@bellnet.ca
77401699,REQUEST_FAILED,,,,,
77401950,deadAbandoned,FRESH. FLAVOR FORWARD FOODS.,"Jun. 22, 2009","Angus Meats, Inc.",,
77401877,deadAbandoned,TRURUF,"Nov. 09, 2009","Martindale & Company, Inc.",,
77401783,REQUEST_FAILED,,,,,
77401804,REQUEST_FAILED,,,,,
77402084,deadAbandoned,THE FOOTBALL FRATERNITY,"Apr. 06, 2009","The Ultimate Football Club, LLC",,krshorty@ultimatefootballclub.com
77402001,REQUEST_FAILED,,,,,
77402042,REQUEST_FAILED,,,,,
77402048,REQUEST_FAILED,,,,,
77402154,deadAbandoned,"SPEAKURPEACE.COM ""IT'S NOT A PRODUCT, IT'S A PLATFORM""","Aug. 24, 2009","Speak Your Peace, LLC",,speakurpeace@hotmail.com
77402108,REQUEST_FAILED,,,,,
77402143,deadAbandoned,ICARREERMANAGER,"Jul. 10, 2009","Insala, LLC",,
77402218,deadAbandoned,IT'S LIKE YOUR FAVORITE BEER,"Jun. 08, 2009","Bouayad, Amine",,amineb@gmail.com
77402237,deadAbandoned,P,"May 04, 2009",Amsoft Systems Private Limited,,harpreet@jotwani.com
77402380,deadAbandoned,MODULAR CARBINE SYSTEM,"Sep. 09, 2009","Microtech Small Arms Research, Inc.",,
77402429,deadAbandoned,SPOOZY,"May 04, 2009","Karels, Jeffery C",,spoozy@charter.net
77402249,REQUEST_FAILED,,,,,
77402238,REQUEST_FAILED,,,,,
77402306,REQUEST_FAILED,,,,,
77402475,deadAbandoned,SAVING'S GREATEST HERO,"Sep. 17, 2009","Reducing My Interest, Inc.",,
77402474,deadAbandoned,SPOOZY,"May 04, 2009","Karels, Jeffery C",,spoozy@charter.net
77402478,deadAbandoned,G GOLD COAST CONCIERGE,"May 18, 2009","Levenstein, Alison",,goldcoastconcierge@verizon.net
77402419,REQUEST_FAILED,,,,,
77402439,REQUEST_FAILED,,,,,
77402657,REQUEST_FAILED,,,,,
77402757,REQUEST_FAILED,,,,,
77402955,deadAbandoned,ND'S WEB OF LIFE,"Sep. 28, 2009","ND Rights, LLC",,
77402963,deadAbandoned,ND'S WEB OF LIFE,"Sep. 28, 2009","ND Rights, LLC",,
77403006,deadAbandoned,WEB OF LIFE,"Sep. 28, 2009","ND Rights, LLC",,
77403004,deadAbandoned,WEB OF LIFE,"Sep. 28, 2009","ND Rights, LLC",,
77403018,deadAbandoned,WEB OF LIFE,"Sep. 28, 2009","ND Rights, LLC",,
77402941,REQUEST_FAILED,,,,,
77402968,REQUEST_FAILED,,,,,
77403079,deadAbandoned,THAI DELICACY,"Apr. 17, 2009",Roongrunchai Chongolnee,,lowmls@gmail.com
77403046,deadAbandoned,IGOGGLES,"May 18, 2009","Dennis, Blain H",,blaindennis@hotmail.com
77403241,deadAbandoned,HOMETOWN LIGHT LAGER,"May 04, 2009","Curylo, Christopher J.",,cjc@hometownbeverages.com
77403235,deadAbandoned,GREENHORN ADVENTURE RACE,"Jun. 17, 2009",EX2 Adventures LLC,,jim@ex2adventures.com
77403115,REQUEST_FAILED,,,,,
77403152,REQUEST_FAILED,,,,,
77403284,REQUEST_FAILED,,,,,
77403306,REQUEST_FAILED,,,,,
77403310,REQUEST_FAILED,,,,,
77403410,REQUEST_FAILED,,,,,
77403423,REQUEST_FAILED,,,,,
77403722,deadAbandoned,MYLILTEES,"May 11, 2009",Myliltees,,myliltees@verizon.net
77403776,REQUEST_FAILED,,,,,
77403987,deadAbandoned,PAGA5LU PUBLISHING,"Dec. 22, 2009","guity, juan",,guity37@hotmail.com
77404016,deadAbandoned,XENIX,"May 11, 2009",Axysis,,grabherm83@msn.com
77403984,deadAbandoned,XENEX,"May 04, 2009",Axsis,,graberm83@msn.com
77403940,REQUEST_FAILED,,,,,
77404326,deadAbandoned,GOAL-STAR,"Nov. 02, 2009","Intellectual Capital, LLC",,darikabarnes@centurytel.net
77404080,REQUEST_FAILED,,,,,
77404154,REQUEST_FAILED,,,,,
77404226,REQUEST_FAILED,,,,,
77404305,REQUEST_FAILED,,,,,
77404466,REQUEST_FAILED,,,,,
77404548,REQUEST_FAILED,,,,,
77404749,deadAbandoned,PET SHOP CUTIES,"Nov. 09, 2009","Animaland, Inc.",,
77404716,REQUEST_FAILED,,,,,
77404674,REQUEST_FAILED,,,,,
77405084,deadAbandoned,BLACK MONKEY,"Sep. 03, 2009","Medina, Felipe de Jesús R",,adrenalinashop@hotmail.com
77405374,deadAbandoned,IMYB,"May 11, 2009",MicroNutrient LLC,,jstheus@imyb.com
77405413,deadAbandoned,PRESERVE HER,"Dec. 21, 2009",Preserve Her,,zsoltikati@yahoo.com
77405117,REQUEST_FAILED,,,,,
77405156,REQUEST_FAILED,,,,,
77405481,deadAbandoned,THE ONLY PLACE WHERE WE CAN LIVE,"Nov. 02, 2009",Preserve Her,,zsoltikati@yahoo.com
77405162,REQUEST_FAILED,,,,,
77405610,deadAbandoned,NDS ND'S SPACE,"Nov. 02, 2009","ND Rights, LLC",,
77405595,deadAbandoned,NDS ND'S SPACE,"Nov. 02, 2009","ND Rights, LLC",,
77405514,REQUEST_FAILED,,,,,
77405618,deadAbandoned,NDS ND'S SPACE,"Nov. 02, 2009","ND Rights, LLC",,
77405628,deadAbandoned,NDS ND'S SPACE,"Nov. 02, 2009","ND Rights, LLC",,
77405636,deadAbandoned,NDS ND'S SPACE,"Nov. 02, 2009","ND Rights, LLC",,
77405638,deadAbandoned,TITANYX,"May 11, 2009",Codics Corp.,,williamb@codics.com
77405596,REQUEST_FAILED,,,,,
77405643,deadAbandoned,NDS ND'S SPACE,"Nov. 02, 2009","ND Rights, LLC",,
77405632,deadAbandoned,NDS ND'S SPACE,"Nov. 02, 2009","ND Rights, LLC",,
77405645,deadAbandoned,TRANSPOOGLE,"Feb. 13, 2009",Transpoogle,,mneira@traficoytransporte.com
77405670,deadAbandoned,PANCAKE3,"Aug. 21, 2009","Paper Jam Companies, Inc.",,curly331@aol.com
77405624,REQUEST_FAILED,,,,,
77405655,REQUEST_FAILED,,,,,
77405688,deadAbandoned,NDS ND'S SPACE,"Nov. 09, 2009","ND Rights, LLC",,
77405671,REQUEST_FAILED,,,,,
77405696,deadAbandoned,ND'S SPACE,"Nov. 09, 2009","ND Rights, LLC",,
77405677,REQUEST_FAILED,,,,,
77405709,deadAbandoned,NDS ND'S SPACE,"Nov. 02, 2009","ND Rights, LLC",,
77405684,REQUEST_FAILED,,,,,
77405713,REQUEST_FAILED,,,,,
77405719,REQUEST_FAILED,,,,,
77405761,REQUEST_FAILED,,,,,
77405808,deadAbandoned,R.U.S.E REVEAL UNDERMINE SUBVERT ENTRAP,"May 22, 2009",Ubisoft Entertainment,,
77405812,deadAbandoned,PWNAGE,"Mar. 16, 2009",Futuremark Oy,,
77405825,deadAbandoned,AMENDED SILICATES,"Jun. 11, 2009","NOVINDA, INC.",,
77405795,REQUEST_FAILED,,,,,
77405853,REQUEST_FAILED,,,,,
77405876,REQUEST_FAILED,,,,,
77405925,deadAbandoned,FRESH'NPURE,"Apr. 30, 2009",TEKQUEST INDUSTRIES CORPORATION,,sfrazier@tekquestindustries.com
77406002,deadAbandoned,RECOGNITION FOR LIFE,"Apr. 13, 2009","Midwest Trophy Mfg. Co., Inc.",,mmartin@mtmrecognition.com
77406047,deadAbandoned,CREATIVE NAPKIN,"Sep. 28, 2009",Creative Napkin,,aidanchoco@hotmail.com
77405968,REQUEST_FAILED,,,,,
77406014,REQUEST_FAILED,,,,,
77406043,REQUEST_FAILED,,,,,
77406305,deadAbandoned,SEVEN SKIES,"May 11, 2009","Ellis, Phoebe Hepworth",,phoebe@rivieraconcepts.com
77406112,REQUEST_FAILED,,,,,
77406661,deadAbandoned,WHITE GHOST,"May 11, 2009","CAMARENA, MAURICIO",,cramirez@uribeyasociados.com
77406768,deadAbandoned,805 WINE COMPANY,"Jun. 01, 2009","MADIGAN, SHAWNA C",,805winecompany@gmail.com
77406354,REQUEST_FAILED,,,,,
77406552,REQUEST_FAILED,,,,,
77406850,deadAbandoned,PLATRIUM,"Oct. 12, 2009",Platrium LLC,,
77406800,REQUEST_FAILED,,,,,
77406858,deadAbandoned,PLATRIUM,"Oct. 12, 2009",Platrium LLC,,
77406924,deadAbandoned,WEALTHY CENTER,"May 18, 2009","TBIT DESGIN, INC.",,info@tbitdesign.com
77407049,deadAbandoned,None,"May 11, 2009","Daucourt, Jean marc",,jmd@daucourt.com
77406849,REQUEST_FAILED,,,,,
77407095,deadAbandoned,SIMILAR FONTS,"Jan. 24, 2009",Anakron AB,,darren@typedna.com
77406990,deadAbandoned,VST,"Jul. 16, 2009",View Smart Technology(B.V.I.)Company Limited,,
77406950,REQUEST_FAILED,,,,,
77407066,REQUEST_FAILED,,,,,
77407111,REQUEST_FAILED,,,,,
77407247,REQUEST_FAILED,,,,,
77407296,REQUEST_FAILED,,,,,
77407692,deadAbandoned,WORKMAP,"Nov. 09, 2009","Gray, Jonathan Robert",,Jon.Gray@workmap.com
77407371,REQUEST_FAILED,,,,,
77407822,deadAbandoned,TICKETFLEA.COM,"Jul. 09, 2009",IPStudios LLC,,admin@ipstudios.com
77407734,REQUEST_FAILED,,,,,
77408030,deadAbandoned,FIEAUNA,"May 11, 2009",Eauvolution Ltd,,fiona.mcsharry@eauvolution.com
77408051,deadAbandoned,SOYO,"Jul. 22, 2009",JOYOUNG COMPANY LIMITED,,
77407839,REQUEST_FAILED,,,,,
77408107,deadAbandoned,YOUR MONEY OR YOUR LIFE,"May 11, 2009","Lindahl, Burkhart R",,burklindahl@yahoo.com
77407979,REQUEST_FAILED,,,,,
77408114,deadAbandoned,MOUSQUETAIRE,"May 11, 2009","Daucourt, Jean-Marc",,jmd@daucourt.com
77408110,deadAbandoned,SMART-SWADDLE,"Aug. 04, 2009",HAROLD LEE,,HAROLD@LIVINGTEXTILES.COM.AU
77408138,deadAbandoned,SITEPLEX,"Oct. 13, 2009","Bainter, Brett L",,brettbe@yahoo.com
77408142,REQUEST_FAILED,,,,,
77408367,REQUEST_FAILED,,,,,
77408541,deadAbandoned,"CIVILITY, CULTURE, AND CHARACTER","Oct. 01, 2009","OJEWALE, MICHAEL O",,MikeOOje@aol.com
77408527,deadAbandoned,VERICHILD,"May 11, 2009","VeriChild, Inc",,doug@gastich.com
77408368,REQUEST_FAILED,,,,,
77408433,REQUEST_FAILED,,,,,
77408514,REQUEST_FAILED,,,,,
77408706,deadAbandoned,"OPEN YOUR HEART, TALK TO YOUR SOUL","May 11, 2009",HERRERA ELENA,,cramirez@uribeyasociados.com
77409057,deadAbandoned,L'FRANZ,"Jan. 05, 2009","Burga, Francis",,francis4gw@aol.com
77408771,REQUEST_FAILED,,,,,
77409310,deadAbandoned,BARKLEE,"Feb. 09, 2009",Calandre Designs LLC,,ccavic@gmail.com
77409318,deadAbandoned,MALE HEADQUARTERS,"Nov. 02, 2009","Puchalski, Jeffery L.",,jlpuchalski@gmail.com
77409321,deadAbandoned,FEMALE HEADQUARTERS,"Nov. 02, 2009","Puchalski, Jeffery L.",,jlpuchalski@gmail.com
77409245,REQUEST_FAILED,,,,,
77409316,REQUEST_FAILED,,,,,
77409351,REQUEST_FAILED,,,,,
77409511,deadAbandoned,ADVISOR TO ADVISORS,"Nov. 09, 2009","Stephen Ng Financial Group, LLC",,stephenng@genesisfs.com
77409669,deadAbandoned,RATIOCINATION,"Jul. 08, 2009","Ernam, Sumanth",,ernams@ratiocination.co.uk
77409541,deadAbandoned,SB 025,"Mar. 10, 2009","MFRI, Inc.",,bielobradekv@tdcfilter.com
77409567,REQUEST_FAILED,,,,,
77409694,REQUEST_FAILED,,,,,
77410018,deadAbandoned,HAPPY BANANAS BY STELLASOLIS,"Nov. 30, 2009",Stella Foods International Corp.,,
77409987,REQUEST_FAILED,,,,,
77410006,REQUEST_FAILED,,,,,
77410338,deadAbandoned,"FROM A WRITER'S POINT OF VIEW...SINCERELY, RAIN.","Sep. 10, 2009","Gray, Janice Ann",,
77410487,deadAbandoned,EXCESS MAGAZINE,"Nov. 16, 2009","Guillaume, Phil",,synceree@gmail.com
77410492,deadAbandoned,STELLAR NYE,"Jun. 11, 2009",LTH MEDIA LLC,,davison@intellcap.com
77410251,REQUEST_FAILED,,,,,
77410508,deadAbandoned,LOYALTY FX,"Aug. 03, 2009","Cullimore, Mark S",,mark@bbcsamui.com
77410495,REQUEST_FAILED,,,,,
77410574,REQUEST_FAILED,,,,,
77410688,deadAbandoned,SUPERFINE GUITAR COMPANY,"Nov. 16, 2009",Superfine Guitar Company LLC,,ChicagoPaul3@hotmail.com
77410657,REQUEST_FAILED,,,,,
77410671,REQUEST_FAILED,,,,,
77410661,REQUEST_FAILED,,,,,
77410691,REQUEST_FAILED,,,,,
77410708,deadAbandoned,PORTFOLIO DIMENSIONS,"Oct. 12, 2009","Tinnin, Derek R.",,dtinnin@gmail.com
77410699,REQUEST_FAILED,,,,,
77410753,REQUEST_FAILED,,,,,
77410863,deadAbandoned,HFF,"May 25, 2009","SHENZHEN DONGYANGGUANG INDUSTRIAL DEVELOPMENT CO., LTD.",,
77410867,deadAbandoned,SA JAS-AUDIO,"Apr. 16, 2009",Topline International Limited,,
77410866,deadAbandoned,HIFI TONE,"Apr. 16, 2009",DIGNITY (HONG KONG) LIMITED,,
77410799,REQUEST_FAILED,,,,,
77410940,deadAbandoned,SAMSONITE SPORTLAB,"Oct. 14, 2009",SAMSONITE CORPORATION,,charlie.everitt@samsonite.com
77410943,deadAbandoned,TEXTSPACE,"Jan. 07, 2009",Robert Matton AB,,darren@matton.com
77410861,REQUEST_FAILED,,,,,
77411014,deadAbandoned,HOT TUB HAULER THE PROFESSIONAL WAY TO DELIVER HOT TUBS!,"May 11, 2009",Hot Tub Hauler USA LLC,,sales@hottubhauler.com
77410904,REQUEST_FAILED,,,,,
77411158,REQUEST_FAILED,,,,,
77411189,REQUEST_FAILED,,,,,
77411200,REQUEST_FAILED,,,,,
77411233,REQUEST_FAILED,,,,,
77411573,deadAbandoned,TASKWARE,"Dec. 14, 2009",Block & Circle L.L.C.,,
77411613,deadAbandoned,COMPLETE NUTRITION FOR DAILY WELLNESS WELLNESS AMERICA,"May 18, 2009",Wellness & Nutrition India Pvt. Ltd.,,
77411479,REQUEST_FAILED,,,,,
77411503,REQUEST_FAILED,,,,,
77411510,REQUEST_FAILED,,,,,
77411801,REQUEST_FAILED,,,,,
77411809,REQUEST_FAILED,,,,,
77411819,REQUEST_FAILED,,,,,
77412066,deadAbandoned,DIAMETROID,"Nov. 16, 2009","Douglas, Bisby John",,johnbiz@windowslive.com
77411916,deadAbandoned,THRILLZ N CHILLZ,"May 11, 2009","Thrillz N Chillz, LLC",,
77412005,REQUEST_FAILED,,,,,
77412162,deadAbandoned,BUMP ON IN EMAIL CLUB,"Nov. 09, 2009","Bumpers Drive-In of America, Inc.",,
77412119,deadAbandoned,DUMP THE INCUMBENTS!,"Jun. 09, 2009",Paul Frey,,pfrey@clearpathtosuccess.com
77412258,deadAbandoned,CAMBER KEEPER,"Feb. 02, 2009","Ursus Designs, LLC",,umoeker@msn.com
77412256,REQUEST_FAILED,,,,,
77412318,REQUEST_FAILED,,,,,
77412851,deadAbandoned,REVOLUTION FIGHT CLUB,"Nov. 23, 2009",Revolution Fight Club LLC,,
77412899,deadAbandoned,REVOLUTION FIGHTING CHAMPIONSHIPS,"Nov. 23, 2009",Revolution Fight Club LLC,,
77413010,deadAbandoned,NEWBREED AUTO AND SOCIAL CLUB,"Feb. 19, 2009",ANDREW FORD,,EFORD52@YAHOO.COM
77412812,REQUEST_FAILED,,,,,
77412943,REQUEST_FAILED,,,,,
77413058,REQUEST_FAILED,,,,,
77413175,deadAbandoned,CAST-OUTS,"Nov. 16, 2009","Bono, Robert P.",,robert_bono@hotmail.com
77413076,REQUEST_FAILED,,,,,
77413246,deadAbandoned,ASYMETROID,"Nov. 16, 2009","Douglas, Bisby John",,johnbiz@windowslive.com
77413152,REQUEST_FAILED,,,,,
77413158,REQUEST_FAILED,,,,,
77413561,deadAbandoned,GASTRODEFENSE,"May 18, 2009",sovereign laboratories llc,,hangin@esedona.net
77413390,REQUEST_FAILED,,,,,
77413416,REQUEST_FAILED,,,,,
77413666,deadAbandoned,BLACKLIGHT ENTERTAINMENT,"May 18, 2009","Blacklight Entertainment, LLC",,
77413871,deadAbandoned,GO GOAL ORGANIZER,"Oct. 26, 2009","Intellectual Capital, LLC",,darikabarnes@centurytel.net
77413720,REQUEST_FAILED,,,,,
77413929,REQUEST_FAILED,,,,,
77414195,deadAbandoned,VIN-OH!,"Nov. 16, 2009","Liquid Arts Beverage Group, LLC",,
77414139,REQUEST_FAILED,,,,,
77414303,REQUEST_FAILED,,,,,
77414500,deadAbandoned,OLAC,"Nov. 16, 2009","Jameson, Lindsay M.",,lmj79@insightbb.com
77414470,deadAbandoned,STICK WICK,"Jan. 27, 2009",CandleArt Candle Company,,candleart@mmtcnet.com
77414416,REQUEST_FAILED,,,,,
77414429,REQUEST_FAILED,,,,,
77414539,REQUEST_FAILED,,,,,
77414552,REQUEST_FAILED,,,,,
77414621,REQUEST_FAILED,,,,,
77414623,REQUEST_FAILED,,,,,
77414653,deadAbandoned,3D WARP ENTERTAINMENT,"May 18, 2009",3D WARP ENTERTAINMENT INC.,,david@3dwarp.com
77414700,REQUEST_FAILED,,,,,
77414695,REQUEST_FAILED,,,,,
77415395,deadAbandoned,"ODBC NEWPORT, RI","May 25, 2009","Kilcoyne, Kyle P",,kyle@kkandassociates.com
77415427,deadAbandoned,FAT CAT CLOTHING SIZES 14-WHATEVA,"Jan. 08, 2009",MS BRANDI S GARRETT,,BEAUDACIOUSDAQUEEN@YAHOO.COM
77415574,deadAbandoned,POWER YOUR NETWORK. NETWORK YOUR POWER.,"Nov. 16, 2009","ZyXEL Communications, Inc.",,lewisl@zyxel.com
77415560,deadAbandoned,SPOTLIGHT,"Jul. 23, 2009",Weiguo Solutions Limited,,
77415569,REQUEST_FAILED,,,,,
77415571,REQUEST_FAILED,,,,,
77415582,REQUEST_FAILED,,,,,
77415667,REQUEST_FAILED,,,,,
77415759,REQUEST_FAILED,,,,,
77416198,deadAbandoned,SWITCHPRO,"Oct. 26, 2009",Raven Industries,,
77416050,REQUEST_FAILED,,,,,
77416186,REQUEST_FAILED,,,,,
77416301,REQUEST_FAILED,,,,,
77416559,deadAbandoned,CGMA,"Jul. 13, 2009",Karen Hardy,,drkarenhardy@yahoo.com
77416338,REQUEST_FAILED,,,,,
77416345,REQUEST_FAILED,,,,,
77416613,deadAbandoned,CLEARGLOW,"Feb. 09, 2009",Cigno (B.V.I.) Ltd.,,amish@omnisventures.com
77416689,deadAbandoned,MAIYARA DERMAL CREAM,"Dec. 16, 2009","Ennis, Christiena",,ennis@wn.com.au
77416643,REQUEST_FAILED,,,,,
77416714,deadAbandoned,ENGAGE YOUR AUDIENCE,"Jul. 16, 2009",Eye-Predict LLC,,carmi@eye-predict.com
77416681,REQUEST_FAILED,,,,,
77416792,deadAbandoned,KOMPLETE,"May 18, 2009","Davis, Brian E",,bdavis217@gmail.com
77416834,REQUEST_FAILED,,,,,
77416844,REQUEST_FAILED,,,,,
77416847,REQUEST_FAILED,,,,,
77416851,REQUEST_FAILED,,,,,
77416898,REQUEST_FAILED,,,,,
77416981,deadAbandoned,FOOD MUSKETEERS,"Jul. 13, 2009","Cockfield, Matthew J",,mcockfield@gmail.com
77416902,REQUEST_FAILED,,,,,
77417016,deadAbandoned,IMAGES OF TOURISM,"Sep. 22, 2009","Busch, Birgit and Busch Stephan",,b.busch@imagesoftourism.de
77416942,REQUEST_FAILED,,,,,
77417117,deadAbandoned,TSAR IVAN THE TERRIBLE,"May 18, 2009","New Muscovy Company Ltd, The",,info@newmuscovy.co.uk
77417094,REQUEST_FAILED,,,,,
77417116,REQUEST_FAILED,,,,,
77417131,REQUEST_FAILED,,,,,
77417185,deadAbandoned,BIZBOX COMPUTING LLC,"Jul. 07, 2009",BizBox Computing LLC,,bizbox@bednash.com
77417138,REQUEST_FAILED,,,,,
77417181,REQUEST_FAILED,,,,,
77417281,REQUEST_FAILED,,,,,
77417346,REQUEST_FAILED,,,,,
77417370,REQUEST_FAILED,,,,,
77417379,REQUEST_FAILED,,,,,
77417432,REQUEST_FAILED,,,,,
77417441,REQUEST_FAILED,,,,,
77417583,deadAbandoned,AMERICA'S TOUGHEST JOBS,"May 25, 2009",Original Productions,,sriley@origprod.com
77417519,REQUEST_FAILED,,,,,
77417490,REQUEST_FAILED,,,,,
77417533,REQUEST_FAILED,,,,,
77417562,REQUEST_FAILED,,,,,
77417590,REQUEST_FAILED,,,,,
77417697,REQUEST_FAILED,,,,,
77417711,REQUEST_FAILED,,,,,
77417715,REQUEST_FAILED,,,,,
77417783,REQUEST_FAILED,,,,,
77417792,REQUEST_FAILED,,,,,
77417838,REQUEST_FAILED,,,,,
77417897,REQUEST_FAILED,,,,,
77417924,REQUEST_FAILED,,,,,
77417937,REQUEST_FAILED,,,,,
77417993,REQUEST_FAILED,,,,,
77417970,REQUEST_FAILED,,,,,
77417980,REQUEST_FAILED,,,,,
77417994,REQUEST_FAILED,,,,,
77418001,REQUEST_FAILED,,,,,
77418014,REQUEST_FAILED,,,,,
77418047,REQUEST_FAILED,,,,,
77418092,REQUEST_FAILED,,,,,
77418087,REQUEST_FAILED,,,,,
77418112,REQUEST_FAILED,,,,,
77418169,REQUEST_FAILED,,,,,
77418190,REQUEST_FAILED,,,,,
77418207,REQUEST_FAILED,,,,,
77418289,deadAbandoned,HOLY CROP!,"May 18, 2009",St. Joseph Catholic Church,,braytbunch@aol.com
77418243,REQUEST_FAILED,,,,,
77418311,deadAbandoned,THE CELEBRITY WINE GAME,"Sep. 14, 2009","Michelsen, Clive",,Clive@mmc.st
77418287,REQUEST_FAILED,,,,,
77418337,deadAbandoned,CLIENT 9,"May 18, 2009","von Simson, Charles",,cvs@vsandc.com
77418299,REQUEST_FAILED,,,,,
77418312,deadAbandoned,GREASE MONKEY GEAR,"May 18, 2009",OneWorld Global Manufacturing Solutions Ltd,,davidnorton@oneworld.com.hk
77418244,REQUEST_FAILED,,,,,
77418380,REQUEST_FAILED,,,,,
77418406,deadAbandoned,WOLFKING,"May 18, 2009","Wolfking, Inc.",,
77418416,REQUEST_FAILED,,,,,
77418507,REQUEST_FAILED,,,,,
77418467,REQUEST_FAILED,,,,,
77418736,REQUEST_FAILED,,,,,
77418713,REQUEST_FAILED,,,,,
77418842,REQUEST_FAILED,,,,,
77418927,REQUEST_FAILED,,,,,
77418937,REQUEST_FAILED,,,,,
77418941,REQUEST_FAILED,,,,,
77418989,deadAbandoned,DANNY J,"May 25, 2009","Ansell, Daniel J.",,dansell@optonline.net
77418986,REQUEST_FAILED,,,,,
77419003,REQUEST_FAILED,,,,,
77419064,REQUEST_FAILED,,,,,
77419077,REQUEST_FAILED,,,,,
77419095,REQUEST_FAILED,,,,,
77419139,deadAbandoned,DISCREET ADULTS,"Dec. 17, 2009","Haigood, Raymond A",,rhaigo@aol.com
77419128,REQUEST_FAILED,,,,,
77419198,deadAbandoned,ONE ASCENSION TECHNIQUE,"May 25, 2009","Wallace, Melanie Michele",,burstofsmiles@msn.com
77419176,REQUEST_FAILED,,,,,
77419276,REQUEST_FAILED,,,,,
77419318,REQUEST_FAILED,,,,,
77419329,REQUEST_FAILED,,,,,
77419323,REQUEST_FAILED,,,,,
77419400,deadAbandoned,HOME LOANS FOR HEROES SERVING THOSE WHO SERVE POLICE FIRE EDUCATION MILITARY,"Jan. 21, 2009",Secure Financial Center Inc.,,nmcfadden@securefinancialcenter.com
77419364,REQUEST_FAILED,,,,,
77419375,REQUEST_FAILED,,,,,
77419378,REQUEST_FAILED,,,,,
77419401,REQUEST_FAILED,,,,,
77419424,deadAbandoned,PETMODE,"Jun. 01, 2009","Ningbo Hongdu Model Plastics Co., Ltd",,chris7ensen@yahoo.co.nz
77419407,REQUEST_FAILED,,,,,
77419411,REQUEST_FAILED,,,,,
77419421,REQUEST_FAILED,,,,,
77419442,REQUEST_FAILED,,,,,
77419456,REQUEST_FAILED,,,,,
77419457,REQUEST_FAILED,,,,,
77419477,REQUEST_FAILED,,,,,
77419495,REQUEST_FAILED,,,,,
77419734,deadAbandoned,1-2-3 SMART,"May 25, 2009","Bay Colony Partners, LLC.",,bauditore@baycolonypartners.com
77419573,REQUEST_FAILED,,,,,
77419621,REQUEST_FAILED,,,,,
77419656,REQUEST_FAILED,,,,,
77419735,REQUEST_FAILED,,,,,
77419745,REQUEST_FAILED,,,,,
77419750,REQUEST_FAILED,,,,,
77419812,REQUEST_FAILED,,,,,
77419840,deadAbandoned,AUDIO CHI,"Sep. 30, 2009",Audio Chi Limited (337454 reg. in Scotland),,info@audiochi.com
77419843,REQUEST_FAILED,,,,,
77419963,REQUEST_FAILED,,,,,
77419985,REQUEST_FAILED,,,,,
77420032,REQUEST_FAILED,,,,,
77420339,deadAbandoned,EFC,"Dec. 21, 2009","Lightwind Energy, Inc",,
77420121,REQUEST_FAILED,,,,,
77420439,deadAbandoned,ORGANIC ENERGY,"Jul. 23, 2009","Skyline Capital Group, Inc",,bruce@urbanxrenewables.com
77420371,REQUEST_FAILED,,,,,
77420378,REQUEST_FAILED,,,,,
77420388,REQUEST_FAILED,,,,,
77420392,REQUEST_FAILED,,,,,
77420451,REQUEST_FAILED,,,,,
77420468,REQUEST_FAILED,,,,,
77420470,REQUEST_FAILED,,,,,
77420497,REQUEST_FAILED,,,,,
77420494,REQUEST_FAILED,,,,,
77420522,REQUEST_FAILED,,,,,
77420512,REQUEST_FAILED,,,,,
77420528,REQUEST_FAILED,,,,,
77420540,REQUEST_FAILED,,,,,
77420550,REQUEST_FAILED,,,,,
77420570,REQUEST_FAILED,,,,,
77420592,REQUEST_FAILED,,,,,
77420583,REQUEST_FAILED,,,,,
77420594,REQUEST_FAILED,,,,,
77420609,REQUEST_FAILED,,,,,
77420679,REQUEST_FAILED,,,,,
77420739,REQUEST_FAILED,,,,,
77420776,REQUEST_FAILED,,,,,
77420833,REQUEST_FAILED,,,,,
77420831,REQUEST_FAILED,,,,,
77420835,REQUEST_FAILED,,,,,
77420878,REQUEST_FAILED,,,,,
77420915,REQUEST_FAILED,,,,,
77420923,REQUEST_FAILED,,,,,
77420953,REQUEST_FAILED,,,,,
77420961,REQUEST_FAILED,,,,,
77420996,deadAbandoned,DAILY,"May 18, 2009",International Paper Company,,stephanie.haupt@ipaper.com
77420977,REQUEST_FAILED,,,,,
77420994,REQUEST_FAILED,,,,,
77421036,deadAbandoned,DAILY,"May 18, 2009",International Paper Company,,stephanie.haupt@ipaper.com
77421020,REQUEST_FAILED,,,,,
77421133,REQUEST_FAILED,,,,,
77421291,REQUEST_FAILED,,,,,
77421185,REQUEST_FAILED,,,,,
77421366,REQUEST_FAILED,,,,,
77421407,REQUEST_FAILED,,,,,
77421487,REQUEST_FAILED,,,,,
77421477,REQUEST_FAILED,,,,,
77421541,REQUEST_FAILED,,,,,
77421533,REQUEST_FAILED,,,,,
77421568,REQUEST_FAILED,,,,,
77421625,REQUEST_FAILED,,,,,
77421654,REQUEST_FAILED,,,,,
77421663,REQUEST_FAILED,,,,,
77421667,REQUEST_FAILED,,,,,
77421673,REQUEST_FAILED,,,,,
77421676,REQUEST_FAILED,,,,,
77421681,REQUEST_FAILED,,,,,
77421685,REQUEST_FAILED,,,,,
77421689,REQUEST_FAILED,,,,,
77421691,REQUEST_FAILED,,,,,
77421725,REQUEST_FAILED,,,,,
77421761,deadAbandoned,POWER...ON THE GO,"Feb. 11, 2009",XPAL Power Inc.,,christian@xpalpower.com
77421726,REQUEST_FAILED,,,,,
77421739,REQUEST_FAILED,,,,,
77421760,REQUEST_FAILED,,,,,
77421790,REQUEST_FAILED,,,,,
77421792,REQUEST_FAILED,,,,,
77421801,REQUEST_FAILED,,,,,
77421907,REQUEST_FAILED,,,,,
77421819,REQUEST_FAILED,,,,,
77422177,deadAbandoned,ALBERT SHEETZ,"Aug. 31, 2009","Weiss, Fred P.",,eaglepress@hotmail.com
77421964,REQUEST_FAILED,,,,,
77422074,REQUEST_FAILED,,,,,
77422076,REQUEST_FAILED,,,,,
77422293,REQUEST_FAILED,,,,,
77422336,REQUEST_FAILED,,,,,
77422367,REQUEST_FAILED,,,,,
77422512,REQUEST_FAILED,,,,,
77422564,REQUEST_FAILED,,,,,
77422680,REQUEST_FAILED,,,,,
77422606,REQUEST_FAILED,,,,,
77422685,REQUEST_FAILED,,,,,
77422688,REQUEST_FAILED,,,,,
77422695,REQUEST_FAILED,,,,,
77422728,REQUEST_FAILED,,,,,
77422771,REQUEST_FAILED,,,,,
77422849,REQUEST_FAILED,,,,,
77422863,REQUEST_FAILED,,,,,
77422900,REQUEST_FAILED,,,,,
77422905,REQUEST_FAILED,,,,,
77422902,REQUEST_FAILED,,,,,
77422912,REQUEST_FAILED,,,,,
77422978,deadAbandoned,THREE CIRCLES,"Apr. 29, 2009",Stacy Kim,,stacy@threecirclesstudio.com
77422972,deadAbandoned,OHIO BELL,"Feb. 23, 2009",Communication Evolution LLC,,mark.cochenour@usameritech.com
77422942,REQUEST_FAILED,,,,,
77422963,REQUEST_FAILED,,,,,
77422979,REQUEST_FAILED,,,,,
77423012,deadAbandoned,THE RIGHT LAND,"Jan. 02, 2009","EarthMarket, Inc.",,nathan@earthmarketinc.com
77422982,REQUEST_FAILED,,,,,
77422989,REQUEST_FAILED,,,,,
77423043,deadAbandoned,EOE ELIXIR OF EDEN,"May 25, 2009","Tchetchenian, John",,a.jonet@gmail.com
77423023,REQUEST_FAILED,,,,,
77423028,REQUEST_FAILED,,,,,
77423029,REQUEST_FAILED,,,,,
77423030,REQUEST_FAILED,,,,,
77423049,REQUEST_FAILED,,,,,
77423052,REQUEST_FAILED,,,,,
77423064,REQUEST_FAILED,,,,,
77423053,REQUEST_FAILED,,,,,
77423078,REQUEST_FAILED,,,,,
77423091,REQUEST_FAILED,,,,,
77423092,REQUEST_FAILED,,,,,
77423125,REQUEST_FAILED,,,,,
77423124,REQUEST_FAILED,,,,,
77423128,REQUEST_FAILED,,,,,
77423132,REQUEST_FAILED,,,,,
77423134,REQUEST_FAILED,,,,,
77423135,REQUEST_FAILED,,,,,
77423140,REQUEST_FAILED,,,,,
77423137,REQUEST_FAILED,,,,,
77423184,REQUEST_FAILED,,,,,
77423169,REQUEST_FAILED,,,,,
77423191,REQUEST_FAILED,,,,,
77423188,REQUEST_FAILED,,,,,
77423263,deadAbandoned,DA KLUB,"Jan. 02, 2009",Javel Welch,,whatshotradio@yahoo.com
77423198,REQUEST_FAILED,,,,,
77423200,REQUEST_FAILED,,,,,
77423202,REQUEST_FAILED,,,,,
77423300,deadAbandoned,SAFETYWARE,"Jun. 01, 2009",Acorn Engineering Company,,tmregistered@gmail.com
77423215,REQUEST_FAILED,,,,,
77423254,REQUEST_FAILED,,,,,
77423302,deadAbandoned,I-SMIL,"Jul. 09, 2009",IAdea Corporation,,pt@IAdea.com
77423304,deadAbandoned,LIANLY,"Dec. 07, 2009",Lianly Corporation,,mailbox@lianly.com
77423292,REQUEST_FAILED,,,,,
77423284,REQUEST_FAILED,,,,,
77423315,REQUEST_FAILED,,,,,
77423341,REQUEST_FAILED,,,,,
77423370,REQUEST_FAILED,,,,,
77423450,REQUEST_FAILED,,,,,
77423409,REQUEST_FAILED,,,,,
77423454,REQUEST_FAILED,,,,,
77423551,REQUEST_FAILED,,,,,
77423493,REQUEST_FAILED,,,,,
77423469,REQUEST_FAILED,,,,,
77423564,REQUEST_FAILED,,,,,
77423583,REQUEST_FAILED,,,,,
77423597,REQUEST_FAILED,,,,,
77423685,REQUEST_FAILED,,,,,
77423704,REQUEST_FAILED,,,,,
77423722,REQUEST_FAILED,,,,,
77423729,REQUEST_FAILED,,,,,
77423922,deadAbandoned,CERTIFIED TENANT-IN-COMMON SPECIALIST,"Jan. 06, 2009",CFA LLC,,pwhite99@optonline.net
77423812,REQUEST_FAILED,,,,,
77423884,REQUEST_FAILED,,,,,
77423938,REQUEST_FAILED,,,,,
77423954,REQUEST_FAILED,,,,,
77423989,REQUEST_FAILED,,,,,
77424010,REQUEST_FAILED,,,,,
77424017,REQUEST_FAILED,,,,,
77424032,REQUEST_FAILED,,,,,
77424047,REQUEST_FAILED,,,,,
77424161,REQUEST_FAILED,,,,,
77424143,REQUEST_FAILED,,,,,
77424164,REQUEST_FAILED,,,,,
77424169,REQUEST_FAILED,,,,,
77424171,REQUEST_FAILED,,,,,
77424189,REQUEST_FAILED,,,,,
77424197,REQUEST_FAILED,,,,,
77424205,REQUEST_FAILED,,,,,
77424238,REQUEST_FAILED,,,,,
77424279,REQUEST_FAILED,,,,,
77424323,REQUEST_FAILED,,,,,
77424370,deadAbandoned,LIL' MONSTA WEAR,"Jun. 22, 2009","Burrowes, Stephen",,monsta34@msn.com
77424326,REQUEST_FAILED,,,,,
77424333,REQUEST_FAILED,,,,,
77424362,REQUEST_FAILED,,,,,
77424437,REQUEST_FAILED,,,,,
77424441,REQUEST_FAILED,,,,,
77424445,REQUEST_FAILED,,,,,
77424508,REQUEST_FAILED,,,,,
77424633,deadAbandoned,DIGNITY CAPSULE,"Jan. 06, 2009",Swan Stonarts Ltd,,swan@txcyber.com
77424559,REQUEST_FAILED,,,,,
77424697,deadAbandoned,DIGNITY VASE URN,"Jan. 06, 2009",Swan Stonarts Ltd,,swan@txcyber.com
77424643,REQUEST_FAILED,,,,,
77424647,REQUEST_FAILED,,,,,
77424695,REQUEST_FAILED,,,,,
77424734,REQUEST_FAILED,,,,,
77424758,REQUEST_FAILED,,,,,
77424766,REQUEST_FAILED,,,,,
77424859,deadAbandoned,GAMES TO THE PEOPLE,"Jun. 08, 2009","Wang, Jason",,contactjason.wang@gmail.com
77424825,REQUEST_FAILED,,,,,
77424866,deadAbandoned,RED ZONE SPORTS RESTAURANT,"Nov. 23, 2009","Eng, Glenn",,netcenterprince@verizon.net
77424832,REQUEST_FAILED,,,,,
77424841,REQUEST_FAILED,,,,,
77424844,REQUEST_FAILED,,,,,
77424904,deadAbandoned,GENIUS & MADNESS,"Nov. 23, 2009",Genius & Madness Pty Ltd,,sam_pip@hotmail.com
77424921,REQUEST_FAILED,,,,,
77424872,REQUEST_FAILED,,,,,
77425003,REQUEST_FAILED,,,,,
77425064,REQUEST_FAILED,,,,,
77425094,REQUEST_FAILED,,,,,
77425086,REQUEST_FAILED,,,,,
77425150,REQUEST_FAILED,,,,,
77425249,REQUEST_FAILED,,,,,
77425256,REQUEST_FAILED,,,,,
77425285,REQUEST_FAILED,,,,,
77425286,REQUEST_FAILED,,,,,
77425295,REQUEST_FAILED,,,,,
77425481,deadAbandoned,MAMA HILLARY AND PAPA BILL,"Jan. 12, 2009",INFINITE DREAMS TRADING CORPORATION,,SYED555@HOTMAIL.COM
77425299,REQUEST_FAILED,,,,,
77425370,REQUEST_FAILED,,,,,
77425378,REQUEST_FAILED,,,,,
77425500,deadAbandoned,ZWORTHY,"May 25, 2009","JPB Ventures, LLC",,jim3.0@zloop.com
77425418,REQUEST_FAILED,,,,,
77425545,REQUEST_FAILED,,,,,
77425557,REQUEST_FAILED,,,,,
77425568,REQUEST_FAILED,,,,,
77425576,REQUEST_FAILED,,,,,
77425623,deadAbandoned,POKER,"Jun. 24, 2009",Brambila Tostado Fernando,,contacto@promarkmexico.com
77425618,REQUEST_FAILED,,,,,
77425622,REQUEST_FAILED,,,,,
77425620,REQUEST_FAILED,,,,,
77425624,REQUEST_FAILED,,,,,
77425687,deadAbandoned,ATTRACTION PARENTING,"May 25, 2009","Noelle, Scott A.",,scottnoelle@gmail.com
77425637,REQUEST_FAILED,,,,,
77425640,REQUEST_FAILED,,,,,
77425645,REQUEST_FAILED,,,,,
77425672,REQUEST_FAILED,,,,,
77425704,REQUEST_FAILED,,,,,
77425690,REQUEST_FAILED,,,,,
77425726,REQUEST_FAILED,,,,,
77425707,REQUEST_FAILED,,,,,
77425730,REQUEST_FAILED,,,,,
77425774,deadAbandoned,MATTRESS MAGIC,"Jan. 06, 2009","Lasley, James M.",,jlasley@lonepinevideo.com
77425847,deadAbandoned,ZAVU,"May 25, 2009",Gary Rottger,,rottger1@aol.com
77425751,REQUEST_FAILED,,,,,
77425770,REQUEST_FAILED,,,,,
77425795,REQUEST_FAILED,,,,,
77425798,REQUEST_FAILED,,,,,
77425799,REQUEST_FAILED,,,,,
77425854,REQUEST_FAILED,,,,,
77425866,REQUEST_FAILED,,,,,
77425874,REQUEST_FAILED,,,,,
77425914,REQUEST_FAILED,,,,,
77425920,REQUEST_FAILED,,,,,
77425957,REQUEST_FAILED,,,,,
77426009,deadAbandoned,"""IT'S TIME TO MOTHER NATURE""","Jan. 02, 2009",Wes Sims,,wes@fusioninstitute.com
77425960,REQUEST_FAILED,,,,,
77425981,REQUEST_FAILED,,,,,
77425990,REQUEST_FAILED,,,,,
77426015,REQUEST_FAILED,,,,,
77426050,REQUEST_FAILED,,,,,
77426100,REQUEST_FAILED,,,,,
77426189,REQUEST_FAILED,,,,,
77426205,REQUEST_FAILED,,,,,
77426354,deadAbandoned,ARTY CUBES,"Mar. 04, 2009",Thierry Denoual,,thierrydenoual@orange.fr
77426275,REQUEST_FAILED,,,,,
77426277,REQUEST_FAILED,,,,,
77426376,REQUEST_FAILED,,,,,
77426482,REQUEST_FAILED,,,,,
77426496,REQUEST_FAILED,,,,,
77426596,deadAbandoned,DUBAILAND,"Nov. 30, 2009",Tatweer Dubai LLC,,
77426582,REQUEST_FAILED,,,,,
77426590,REQUEST_FAILED,,,,,
77426635,deadAbandoned,DUBAILAND,"Nov. 23, 2009",Tatweer Dubai LLC,,
77426612,REQUEST_FAILED,,,,,
77426609,REQUEST_FAILED,,,,,
77426622,REQUEST_FAILED,,,,,
77426711,REQUEST_FAILED,,,,,
77426727,REQUEST_FAILED,,,,,
77426801,REQUEST_FAILED,,,,,
77426814,REQUEST_FAILED,,,,,
77426817,REQUEST_FAILED,,,,,
77426845,REQUEST_FAILED,,,,,
77426846,REQUEST_FAILED,,,,,
77426984,deadAbandoned,SOA IN A THIMBLE,"Jun. 01, 2009","Provencher, Samuel D.",,sam@codemonster.com
77426849,REQUEST_FAILED,,,,,
77426916,deadAbandoned,ETRACKALL,"Sep. 07, 2009",eTrackAll (B.V.I.) Ltd.,,amish@etrackallinc.com
77426866,REQUEST_FAILED,,,,,
77426870,REQUEST_FAILED,,,,,
77426999,REQUEST_FAILED,,,,,
77427005,REQUEST_FAILED,,,,,
77427022,REQUEST_FAILED,,,,,
77427030,REQUEST_FAILED,,,,,
77427045,REQUEST_FAILED,,,,,
77427066,REQUEST_FAILED,,,,,
77427072,REQUEST_FAILED,,,,,
77427137,REQUEST_FAILED,,,,,
77427127,REQUEST_FAILED,,,,,
77427181,REQUEST_FAILED,,,,,
77427191,REQUEST_FAILED,,,,,
77427193,REQUEST_FAILED,,,,,
77427196,REQUEST_FAILED,,,,,
77427202,REQUEST_FAILED,,,,,
77427204,REQUEST_FAILED,,,,,
77427230,REQUEST_FAILED,,,,,
77427232,REQUEST_FAILED,,,,,
77427235,REQUEST_FAILED,,,,,
77427239,REQUEST_FAILED,,,,,
77427315,REQUEST_FAILED,,,,,
77427321,REQUEST_FAILED,,,,,
77427417,deadAbandoned,VIRTUALGUARDIAN,"Oct. 19, 2009","Risk Mitigation Systems, LLC",,
77427362,REQUEST_FAILED,,,,,
77427380,REQUEST_FAILED,,,,,
77427386,REQUEST_FAILED,,,,,
77427413,REQUEST_FAILED,,,,,
77427428,REQUEST_FAILED,,,,,
77427464,REQUEST_FAILED,,,,,
77427558,deadAbandoned,VIRTUALGUARDIAN ROLL CALL,"Jun. 01, 2009","Risk Mitigation Systems, LLC",,
77427494,REQUEST_FAILED,,,,,
77427582,deadAbandoned,RETIREMENT REVOLUTION,"Aug. 04, 2009","WINDOW TO THE WORLD COMMUNICATIONS, INC",,rmarcusson@wttw.com
77427517,REQUEST_FAILED,,,,,
77427526,REQUEST_FAILED,,,,,
77427543,REQUEST_FAILED,,,,,
77427566,REQUEST_FAILED,,,,,
77427665,REQUEST_FAILED,,,,,
77427668,REQUEST_FAILED,,,,,
77427667,REQUEST_FAILED,,,,,
77427676,REQUEST_FAILED,,,,,
77427677,REQUEST_FAILED,,,,,
77427711,REQUEST_FAILED,,,,,
77427707,REQUEST_FAILED,,,,,
77427806,REQUEST_FAILED,,,,,
77427854,deadAbandoned,SPIT STIX,"Jun. 08, 2009","Fields, Stephen A.",,saf1000@aol.com
77427850,REQUEST_FAILED,,,,,
77427861,REQUEST_FAILED,,,,,
77427864,REQUEST_FAILED,,,,,
77427886,REQUEST_FAILED,,,,,
77427892,REQUEST_FAILED,,,,,
77427928,REQUEST_FAILED,,,,,
77427961,REQUEST_FAILED,,,,,
77427966,REQUEST_FAILED,,,,,
77427967,REQUEST_FAILED,,,,,
77427972,REQUEST_FAILED,,,,,
77427976,REQUEST_FAILED,,,,,
77428002,REQUEST_FAILED,,,,,
77428026,REQUEST_FAILED,,,,,
77428070,REQUEST_FAILED,,,,,
77428114,REQUEST_FAILED,,,,,
77428120,REQUEST_FAILED,,,,,
77428161,REQUEST_FAILED,,,,,
77428156,REQUEST_FAILED,,,,,
77428150,REQUEST_FAILED,,,,,
77428167,REQUEST_FAILED,,,,,
77428247,deadAbandoned,READINESS SOLUTIONS,"Jan. 21, 2009",Readiness Solutions,,wcmetz@gmail.com
77428264,deadAbandoned,PLAYGROUND OF INNOVATION,"Jan. 30, 2009",Originate Inc.,,ariel@originatelabs.com
77428209,REQUEST_FAILED,,,,,
77428211,REQUEST_FAILED,,,,,
77428216,REQUEST_FAILED,,,,,
77428227,REQUEST_FAILED,,,,,
77428295,deadAbandoned,IMMUNE RESPONSE MODULATOR IRM,"Jan. 06, 2009",sovereign laboratories,,hangin@esedona.net
77428287,deadAbandoned,PEOPLE SOLVED,"Jan. 30, 2009",Originate Inc.,,ariel@originatelabs.com
77428282,REQUEST_FAILED,,,,,
77428325,REQUEST_FAILED,,,,,
77428313,REQUEST_FAILED,,,,,
77428310,REQUEST_FAILED,,,,,
77428331,deadAbandoned,THE PLAYERS CLUB,"Mar. 19, 2009","TPC Operations, LLC",,
77428329,REQUEST_FAILED,,,,,
77428368,deadAbandoned,EQUAL ACCESS SCHOOL,"Oct. 06, 2009",Reid Saaris,,saaris@equalopportunityschools.org
77428330,REQUEST_FAILED,,,,,
77428337,deadAbandoned,THE PLAYERS CLUB,"Mar. 17, 2009","TPC Operations, LLC",,
77428332,REQUEST_FAILED,,,,,
77428334,REQUEST_FAILED,,,,,
77428372,REQUEST_FAILED,,,,,
77428386,deadAbandoned,YOUNG EXPLORERS,"Jan. 27, 2009","SZO Enterprises, LLC",,
77428374,REQUEST_FAILED,,,,,
77428401,REQUEST_FAILED,,,,,
77428430,REQUEST_FAILED,,,,,
77428445,REQUEST_FAILED,,,,,
77428442,REQUEST_FAILED,,,,,
77428462,REQUEST_FAILED,,,,,
77428463,REQUEST_FAILED,,,,,
77428539,REQUEST_FAILED,,,,,
77428574,REQUEST_FAILED,,,,,
77428576,REQUEST_FAILED,,,,,
77428604,REQUEST_FAILED,,,,,
77428610,REQUEST_FAILED,,,,,
77428611,REQUEST_FAILED,,,,,
77428618,REQUEST_FAILED,,,,,
77428622,REQUEST_FAILED,,,,,
77428684,REQUEST_FAILED,,,,,
77428701,REQUEST_FAILED,,,,,
77428736,deadAbandoned,MDBTV,"Apr. 04, 2009",MULTI-MEDIA DIGITAL BROADCAST CORPORATION,,
77428720,REQUEST_FAILED,,,,,
77428731,REQUEST_FAILED,,,,,
77428747,REQUEST_FAILED,,,,,
77428785,REQUEST_FAILED,,,,,
77428788,REQUEST_FAILED,,,,,
77428805,REQUEST_FAILED,,,,,
77428812,REQUEST_FAILED,,,,,
77428823,REQUEST_FAILED,,,,,
77428826,REQUEST_FAILED,,,,,
77428839,REQUEST_FAILED,,,,,
77428862,deadAbandoned,REMIND.ME,"Jun. 08, 2009","Barrett, David Michael",,dbarrett@quinthar.com
77428846,REQUEST_FAILED,,,,,
77428847,REQUEST_FAILED,,,,,
77428848,REQUEST_FAILED,,,,,
77428849,REQUEST_FAILED,,,,,
77428860,REQUEST_FAILED,,,,,
77428865,REQUEST_FAILED,,,,,
77428867,REQUEST_FAILED,,,,,
77428869,REQUEST_FAILED,,,,,
77428944,REQUEST_FAILED,,,,,
77428922,REQUEST_FAILED,,,,,
77428976,REQUEST_FAILED,,,,,
77428984,REQUEST_FAILED,,,,,
77428992,REQUEST_FAILED,,,,,
77428996,REQUEST_FAILED,,,,,
77429010,REQUEST_FAILED,,,,,
77429013,REQUEST_FAILED,,,,,
77429014,REQUEST_FAILED,,,,,
77429018,REQUEST_FAILED,,,,,
77429016,REQUEST_FAILED,,,,,
77429062,deadAbandoned,SKELETON CREW MC,"Mar. 17, 2009",Skeleton Crew Motorcycle Club,,birdscmc@comcast.net
77429033,REQUEST_FAILED,,,,,
77429047,REQUEST_FAILED,,,,,
77429050,REQUEST_FAILED,,,,,
77429056,REQUEST_FAILED,,,,,
77429064,REQUEST_FAILED,,,,,
77429101,REQUEST_FAILED,,,,,
77429111,REQUEST_FAILED,,,,,
77429121,REQUEST_FAILED,,,,,
77429123,REQUEST_FAILED,,,,,
77429140,REQUEST_FAILED,,,,,
77429155,REQUEST_FAILED,,,,,
77429169,REQUEST_FAILED,,,,,
77429174,REQUEST_FAILED,,,,,
77429178,REQUEST_FAILED,,,,,
77429180,REQUEST_FAILED,,,,,
77429232,REQUEST_FAILED,,,,,
77429240,REQUEST_FAILED,,,,,
77429308,REQUEST_FAILED,,,,,
77429328,REQUEST_FAILED,,,,,
77429400,REQUEST_FAILED,,,,,
77429424,REQUEST_FAILED,,,,,
77429433,REQUEST_FAILED,,,,,
77429440,REQUEST_FAILED,,,,,
77429455,REQUEST_FAILED,,,,,
77429476,REQUEST_FAILED,,,,,
77429493,REQUEST_FAILED,,,,,
77429523,REQUEST_FAILED,,,,,
77429528,REQUEST_FAILED,,,,,
77429541,REQUEST_FAILED,,,,,
77429549,REQUEST_FAILED,,,,,
77429576,REQUEST_FAILED,,,,,
77429650,deadAbandoned,ONE SHALL RISE,"Nov. 30, 2009","McCloskey, David P",,
77429592,REQUEST_FAILED,,,,,
77429640,REQUEST_FAILED,,,,,
77429698,REQUEST_FAILED,,,,,
77429760,REQUEST_FAILED,,,,,
77429831,deadAbandoned,KEEP LIVING THE DREAM,"Jun. 01, 2009","TPC Operations, LLC",,
77429805,REQUEST_FAILED,,,,,
77429810,REQUEST_FAILED,,,,,
77429858,deadAbandoned,KEEP LIVING THE DREAM,"Jun. 08, 2009","TPC Operations, LLC",,
77429851,REQUEST_FAILED,,,,,
77429871,deadAbandoned,KEEP LIVING THE DREAM,"Jun. 01, 2009","TPC Operations, LLC",,
77429863,REQUEST_FAILED,,,,,
77429896,REQUEST_FAILED,,,,,
77429957,REQUEST_FAILED,,,,,
77429990,REQUEST_FAILED,,,,,
77430088,REQUEST_FAILED,,,,,
77430150,deadAbandoned,ND'S DANCE VOL. I,"Sep. 28, 2009","ND Rights, LLC",,
77430144,REQUEST_FAILED,,,,,
77430202,REQUEST_FAILED,,,,,
77430222,REQUEST_FAILED,,,,,
77430224,REQUEST_FAILED,,,,,
77430276,deadAbandoned,SCANDALOUS SHOOTERS BONER BONG ON ONE SIDE WET WILLY ON THE OTHER,"Apr. 10, 2009","Marshall, Ed",,
77430229,REQUEST_FAILED,,,,,
77430283,deadAbandoned,MANOULA,"Jun. 01, 2009","Macris, Maria E",,nmacris@mergeon.com
77430230,REQUEST_FAILED,,,,,
77430232,REQUEST_FAILED,,,,,
77430274,REQUEST_FAILED,,,,,
77430287,REQUEST_FAILED,,,,,
77430288,REQUEST_FAILED,,,,,
77430299,REQUEST_FAILED,,,,,
77430302,REQUEST_FAILED,,,,,
77430367,deadAbandoned,OPTIMAL OPTICAL,"Jun. 08, 2009","Hassing, Thomas A",,hassing@sbcglobal.net
77430370,deadAbandoned,None,"Jun. 01, 2009","Hassing, Thomas A",,hassing@sbcglobal.net
77430310,REQUEST_FAILED,,,,,
77430339,REQUEST_FAILED,,,,,
77430378,REQUEST_FAILED,,,,,
77430424,REQUEST_FAILED,,,,,
77430431,REQUEST_FAILED,,,,,
77430537,deadAbandoned,TRACK-THE-APPLE,"Feb. 23, 2009",Beverage Metrics AG,,rmendez@beveragemetrics.com
77430480,REQUEST_FAILED,,,,,
77430502,REQUEST_FAILED,,,,,
77430495,REQUEST_FAILED,,,,,
77430526,REQUEST_FAILED,,,,,
77430523,REQUEST_FAILED,,,,,
77430557,REQUEST_FAILED,,,,,
77430559,REQUEST_FAILED,,,,,
77430561,REQUEST_FAILED,,,,,
77430634,REQUEST_FAILED,,,,,
77430647,REQUEST_FAILED,,,,,
77430652,REQUEST_FAILED,,,,,
77430657,REQUEST_FAILED,,,,,
77430681,REQUEST_FAILED,,,,,
77430690,REQUEST_FAILED,,,,,
77430780,deadAbandoned,USE THE NET TO RECOVER LOST PETS!,"Jan. 12, 2009",Constance U. Weiss,,
77430728,REQUEST_FAILED,,,,,
77430752,REQUEST_FAILED,,,,,
77430770,REQUEST_FAILED,,,,,
77430778,REQUEST_FAILED,,,,,
77430795,REQUEST_FAILED,,,,,
77430798,REQUEST_FAILED,,,,,
77430808,REQUEST_FAILED,,,,,
77430878,REQUEST_FAILED,,,,,
77430886,REQUEST_FAILED,,,,,
77430888,REQUEST_FAILED,,,,,
77430942,REQUEST_FAILED,,,,,
77430993,REQUEST_FAILED,,,,,
77431030,REQUEST_FAILED,,,,,
77431017,REQUEST_FAILED,,,,,
77431033,REQUEST_FAILED,,,,,
77431109,REQUEST_FAILED,,,,,
77431122,REQUEST_FAILED,,,,,
77431142,REQUEST_FAILED,,,,,
77431164,REQUEST_FAILED,,,,,
77431223,REQUEST_FAILED,,,,,
77431227,REQUEST_FAILED,,,,,
77431247,REQUEST_FAILED,,,,,
77431278,REQUEST_FAILED,,,,,
77431289,REQUEST_FAILED,,,,,
77431319,REQUEST_FAILED,,,,,
77431366,REQUEST_FAILED,,,,,
77431344,REQUEST_FAILED,,,,,
77431370,REQUEST_FAILED,,,,,
77431381,REQUEST_FAILED,,,,,
77431384,REQUEST_FAILED,,,,,
77431394,REQUEST_FAILED,,,,,
77431391,REQUEST_FAILED,,,,,
77431400,REQUEST_FAILED,,,,,
77431405,REQUEST_FAILED,,,,,
77431437,deadAbandoned,TOY YOUR LIFE,"May 07, 2009",Doohdlich ltd,,ronan@doohdlich.com
77431406,REQUEST_FAILED,,,,,
77431424,REQUEST_FAILED,,,,,
77431428,REQUEST_FAILED,,,,,
77431431,REQUEST_FAILED,,,,,
77431438,REQUEST_FAILED,,,,,
77431442,REQUEST_FAILED,,,,,
77431445,REQUEST_FAILED,,,,,
77431449,REQUEST_FAILED,,,,,
77431484,REQUEST_FAILED,,,,,
77431467,REQUEST_FAILED,,,,,
77431495,REQUEST_FAILED,,,,,
77431515,deadAbandoned,EARTHENDOF,"Jun. 01, 2009","Guillaume,Michael J",,MichaelGuillaume@msn.com
77431506,REQUEST_FAILED,,,,,
77431514,REQUEST_FAILED,,,,,
77431611,deadAbandoned,RSVP BUSINESS INTELLIGENCE DATA VISUALIZATION & REPORTING,"Jan. 12, 2009",Codec Limited,,fdaly@codec.ie
77431551,REQUEST_FAILED,,,,,
77431581,REQUEST_FAILED,,,,,
77431586,REQUEST_FAILED,,,,,
77431594,REQUEST_FAILED,,,,,
77431601,REQUEST_FAILED,,,,,
77431618,REQUEST_FAILED,,,,,
77431651,deadAbandoned,DESIGNGRAPH,"Jan. 13, 2009",DesignGraph.net Corporation,,arivera@designgraph.net
77431626,REQUEST_FAILED,,,,,
77431650,REQUEST_FAILED,,,,,
77431652,REQUEST_FAILED,,,,,
77431691,REQUEST_FAILED,,,,,
77431694,REQUEST_FAILED,,,,,
77431725,REQUEST_FAILED,,,,,
77431727,REQUEST_FAILED,,,,,
77431742,REQUEST_FAILED,,,,,
77431785,deadAbandoned,HUSH WIRELESS,"Jan. 21, 2009",Beverage Metrics AG,,rmendez@beveragemetrics.com
77431778,REQUEST_FAILED,,,,,
77431796,REQUEST_FAILED,,,,,
77431809,REQUEST_FAILED,,,,,
77431815,REQUEST_FAILED,,,,,
77431829,REQUEST_FAILED,,,,,
77431867,deadAbandoned,AVIDEOLINK.COM,"Jan. 05, 2009","Tacea, August",,attacea@msn.com
77431831,REQUEST_FAILED,,,,,
77431840,REQUEST_FAILED,,,,,
77431844,REQUEST_FAILED,,,,,
77431846,REQUEST_FAILED,,,,,
77431855,REQUEST_FAILED,,,,,
77431915,REQUEST_FAILED,,,,,
77431951,REQUEST_FAILED,,,,,
77431953,REQUEST_FAILED,,,,,
77431982,REQUEST_FAILED,,,,,
77431990,REQUEST_FAILED,,,,,
77431999,REQUEST_FAILED,,,,,
77432004,REQUEST_FAILED,,,,,
77432041,REQUEST_FAILED,,,,,
77432046,REQUEST_FAILED,,,,,
77432048,REQUEST_FAILED,,,,,
77432304,deadAbandoned,None,"Jan. 06, 2009","CVC Financial, L.P.",,
77432138,REQUEST_FAILED,,,,,
77432172,REQUEST_FAILED,,,,,
77432216,REQUEST_FAILED,,,,,
77432318,REQUEST_FAILED,,,,,
77432239,REQUEST_FAILED,,,,,
77432329,REQUEST_FAILED,,,,,
77432415,REQUEST_FAILED,,,,,
77432423,REQUEST_FAILED,,,,,
77432428,REQUEST_FAILED,,,,,
77432432,REQUEST_FAILED,,,,,
77432453,REQUEST_FAILED,,,,,
77432470,REQUEST_FAILED,,,,,
77432489,REQUEST_FAILED,,,,,
77432497,REQUEST_FAILED,,,,,
77432545,REQUEST_FAILED,,,,,
77432518,REQUEST_FAILED,,,,,
77432560,REQUEST_FAILED,,,,,
77432570,REQUEST_FAILED,,,,,
77432571,REQUEST_FAILED,,,,,
77432576,REQUEST_FAILED,,,,,
77432652,deadAbandoned,TELEHARVEST,"Jan. 05, 2009",Symago LLC,,anthony.wang@symago.com
77432617,REQUEST_FAILED,,,,,
77432669,REQUEST_FAILED,,,,,
77432672,REQUEST_FAILED,,,,,
77432675,REQUEST_FAILED,,,,,
77432683,REQUEST_FAILED,,,,,
77432699,REQUEST_FAILED,,,,,
77432706,REQUEST_FAILED,,,,,
77432714,REQUEST_FAILED,,,,,
77432712,REQUEST_FAILED,,,,,
77432716,REQUEST_FAILED,,,,,
77432750,deadAbandoned,QUICKLY FROYO,"Jul. 07, 2009",Quickly Corporation,,raymond@quicklyusa.com
77432740,REQUEST_FAILED,,,,,
77432746,REQUEST_FAILED,,,,,
77432758,deadAbandoned,MCP,"Oct. 30, 2009",FOTOIMPEX e.K.,,mirko.boeddecker@fotoimpex.de
77432760,REQUEST_FAILED,,,,,
77432764,REQUEST_FAILED,,,,,
77432770,REQUEST_FAILED,,,,,
77432785,REQUEST_FAILED,,,,,
77432789,REQUEST_FAILED,,,,,
77432831,REQUEST_FAILED,,,,,
77432837,REQUEST_FAILED,,,,,
77432877,REQUEST_FAILED,,,,,
77432882,REQUEST_FAILED,,,,,
77432879,REQUEST_FAILED,,,,,
77432929,REQUEST_FAILED,,,,,
77432940,deadAbandoned,UNDERGROUND GARAGE,"Dec. 14, 2009","Renegade Nation, Ltd.",,
77432973,deadAbandoned,USA LIVE,"Jan. 05, 2009",Reliant International Media LLC,,karl@tvgoods.com
77432950,REQUEST_FAILED,,,,,
77432953,REQUEST_FAILED,,,,,
77432986,REQUEST_FAILED,,,,,
77432992,REQUEST_FAILED,,,,,
77433002,REQUEST_FAILED,,,,,
77433025,REQUEST_FAILED,,,,,
77433037,REQUEST_FAILED,,,,,
77433040,REQUEST_FAILED,,,,,
77433045,REQUEST_FAILED,,,,,
77433049,REQUEST_FAILED,,,,,
77433059,REQUEST_FAILED,,,,,
77433075,REQUEST_FAILED,,,,,
77433085,REQUEST_FAILED,,,,,
77433095,REQUEST_FAILED,,,,,
77433124,REQUEST_FAILED,,,,,
77433127,REQUEST_FAILED,,,,,
77433240,deadAbandoned,FIELD OF DREAMS,"Feb. 05, 2009",Aussie Imports,,jay@joshuatreeimports.com
77433185,REQUEST_FAILED,,,,,
77433210,REQUEST_FAILED,,,,,
77433255,REQUEST_FAILED,,,,,
77433256,REQUEST_FAILED,,,,,
77433257,REQUEST_FAILED,,,,,
77433260,REQUEST_FAILED,,,,,
77433275,REQUEST_FAILED,,,,,
77433313,REQUEST_FAILED,,,,,
77433430,deadAbandoned,DON'T SETTLE FOR ANY OLD SOULMATE,"Nov. 27, 2009",Lawrence Leigha R.,,Leigha_lawrence@yahoo.com
77433322,REQUEST_FAILED,,,,,
77433334,REQUEST_FAILED,,,,,
77433381,deadAbandoned,U UNIVERSITY FITNESS,"Jan. 01, 2009","University Fitness, LLC",,kklitsas@ufitnessllc.com
77433380,REQUEST_FAILED,,,,,
77433537,deadAbandoned,REDNECKISTAN,"Jun. 01, 2009",Julie Williams,,coloradowms@bellsouth.net
77433458,REQUEST_FAILED,,,,,
77433463,REQUEST_FAILED,,,,,
77433529,REQUEST_FAILED,,,,,
77433553,REQUEST_FAILED,,,,,
77433612,REQUEST_FAILED,,,,,
77433591,REQUEST_FAILED,,,,,
77433622,REQUEST_FAILED,,,,,
77433644,REQUEST_FAILED,,,,,
77433646,REQUEST_FAILED,,,,,
77433654,REQUEST_FAILED,,,,,
77433675,REQUEST_FAILED,,,,,
77433680,REQUEST_FAILED,,,,,
77433685,REQUEST_FAILED,,,,,
77433689,REQUEST_FAILED,,,,,
77433691,REQUEST_FAILED,,,,,
77433693,REQUEST_FAILED,,,,,
77433702,REQUEST_FAILED,,,,,
77433748,REQUEST_FAILED,,,,,
77433757,REQUEST_FAILED,,,,,
77433806,REQUEST_FAILED,,,,,
77433774,REQUEST_FAILED,,,,,
77433815,REQUEST_FAILED,,,,,
77433819,REQUEST_FAILED,,,,,
77433822,REQUEST_FAILED,,,,,
77433842,REQUEST_FAILED,,,,,
77433862,REQUEST_FAILED,,,,,
77433869,REQUEST_FAILED,,,,,
77433896,REQUEST_FAILED,,,,,
77433902,REQUEST_FAILED,,,,,
77433936,deadAbandoned,Y W YU WANG,"Dec. 28, 2009","Sichuan Yuwang Ecosystem Agriculture Development CO., LTD.",,agency@100icon.com
77433927,REQUEST_FAILED,,,,,
77433928,REQUEST_FAILED,,,,,
77433931,REQUEST_FAILED,,,,,
77433940,deadAbandoned,VIVI NEVO,"Jan. 08, 2009","Weng, Zhenguo",,
77433935,REQUEST_FAILED,,,,,
77433954,REQUEST_FAILED,,,,,
77433941,REQUEST_FAILED,,,,,
77433966,REQUEST_FAILED,,,,,
77433977,REQUEST_FAILED,,,,,
77433980,REQUEST_FAILED,,,,,
77434014,REQUEST_FAILED,,,,,
77434034,REQUEST_FAILED,,,,,
77434030,REQUEST_FAILED,,,,,
77434089,REQUEST_FAILED,,,,,
77434140,REQUEST_FAILED,,,,,
77434143,REQUEST_FAILED,,,,,
77434189,REQUEST_FAILED,,,,,
77434200,REQUEST_FAILED,,,,,
77434219,REQUEST_FAILED,,,,,
77434209,REQUEST_FAILED,,,,,
77434247,REQUEST_FAILED,,,,,
77434252,REQUEST_FAILED,,,,,
77434264,REQUEST_FAILED,,,,,
77434286,REQUEST_FAILED,,,,,
77434276,REQUEST_FAILED,,,,,
77434295,REQUEST_FAILED,,,,,
77434373,deadAbandoned,QUICK TEST,"Jan. 08, 2009","Tin Roof Marketing, LLC",,shawn@easyquicktest.com
77434308,REQUEST_FAILED,,,,,
77434332,REQUEST_FAILED,,,,,
77434343,REQUEST_FAILED,,,,,
77434400,REQUEST_FAILED,,,,,
77434403,REQUEST_FAILED,,,,,
77434426,REQUEST_FAILED,,,,,
77434489,REQUEST_FAILED,,,,,
77434486,REQUEST_FAILED,,,,,
77434511,REQUEST_FAILED,,,,,
77434505,REQUEST_FAILED,,,,,
77434519,REQUEST_FAILED,,,,,
77434525,REQUEST_FAILED,,,,,
77434531,REQUEST_FAILED,,,,,
77434534,REQUEST_FAILED,,,,,
77434547,REQUEST_FAILED,,,,,
77434649,REQUEST_FAILED,,,,,
77434662,REQUEST_FAILED,,,,,
77434695,REQUEST_FAILED,,,,,
77434706,REQUEST_FAILED,,,,,
77434762,deadAbandoned,COLEWORTH,"Jun. 22, 2009",COLEWORTH MANAGEMENT LLC,,
77434717,REQUEST_FAILED,,,,,
77434729,REQUEST_FAILED,,,,,
77434736,REQUEST_FAILED,,,,,
77434745,REQUEST_FAILED,,,,,
77434770,REQUEST_FAILED,,,,,
77434779,REQUEST_FAILED,,,,,
77434792,REQUEST_FAILED,,,,,
77434820,REQUEST_FAILED,,,,,
77434831,REQUEST_FAILED,,,,,
77434836,REQUEST_FAILED,,,,,
77434902,deadAbandoned,CALIFORNIA FISH GRILL & ROTISSERIE,"Jan. 08, 2009","Apex Specialty Construction Enterprises, Inc.",,apexdoors@verizon.net
77434856,REQUEST_FAILED,,,,,
77434872,REQUEST_FAILED,,,,,
77434911,REQUEST_FAILED,,,,,
77434913,REQUEST_FAILED,,,,,
77434917,REQUEST_FAILED,,,,,
77434923,REQUEST_FAILED,,,,,
77434929,REQUEST_FAILED,,,,,
77434946,deadAbandoned,XTREME HOCKEY LEAGUE,"Jan. 09, 2009","XTREME HOCKEY LEAGUE, INC.",,xhl_hockey@hotmail.com
77434930,REQUEST_FAILED,,,,,
77434933,REQUEST_FAILED,,,,,
77435006,deadAbandoned,JUDGE ME,"Jan. 09, 2009",Judge Me Clothing LLC,,mgomez@judgemeclothing.com
77434987,REQUEST_FAILED,,,,,
77434991,REQUEST_FAILED,,,,,
77434996,REQUEST_FAILED,,,,,
77435001,REQUEST_FAILED,,,,,
77435005,REQUEST_FAILED,,,,,
77435014,REQUEST_FAILED,,,,,
77435020,REQUEST_FAILED,,,,,
77435021,REQUEST_FAILED,,,,,
77435026,REQUEST_FAILED,,,,,
77435054,REQUEST_FAILED,,,,,
77435053,REQUEST_FAILED,,,,,
77435055,REQUEST_FAILED,,,,,
77435057,REQUEST_FAILED,,,,,
77435065,REQUEST_FAILED,,,,,
77435071,REQUEST_FAILED,,,,,
77435085,REQUEST_FAILED,,,,,
77435090,REQUEST_FAILED,,,,,
77435097,REQUEST_FAILED,,,,,
77435096,REQUEST_FAILED,,,,,
77435116,deadAbandoned,HURRY UP PUP,"Jun. 15, 2009","Telles, Dave",,dtellinc@yahoo.com
77435098,REQUEST_FAILED,,,,,
77435137,deadAbandoned,G-RATED VEGAS,"Feb. 25, 2009",Pine Productions,,valpine@aol.com
77435099,REQUEST_FAILED,,,,,
77435113,REQUEST_FAILED,,,,,
77435136,REQUEST_FAILED,,,,,
77435138,REQUEST_FAILED,,,,,
77435145,REQUEST_FAILED,,,,,
77435142,REQUEST_FAILED,,,,,
77435148,REQUEST_FAILED,,,,,
77435149,REQUEST_FAILED,,,,,
77435150,REQUEST_FAILED,,,,,
77435154,REQUEST_FAILED,,,,,
77435159,REQUEST_FAILED,,,,,
77435162,REQUEST_FAILED,,,,,
77435163,REQUEST_FAILED,,,,,
77435167,REQUEST_FAILED,,,,,
77435168,REQUEST_FAILED,,,,,
77435174,REQUEST_FAILED,,,,,
77435188,REQUEST_FAILED,,,,,
77435198,REQUEST_FAILED,,,,,
77435202,REQUEST_FAILED,,,,,
77435230,deadAbandoned,STEEPCREEKS,"Feb. 10, 2009","Friberg, Benjamin Hayes",,ben@steepcreeks.com
77435228,deadAbandoned,COLEMAN SIDESLIDER,"Jun. 15, 2009","Coleman, Peter D.",,rrobinr@nznet.gen.nz
77435218,REQUEST_FAILED,,,,,
77435219,REQUEST_FAILED,,,,,
77435232,REQUEST_FAILED,,,,,
77435241,REQUEST_FAILED,,,,,
77435243,REQUEST_FAILED,,,,,
77435255,REQUEST_FAILED,,,,,
77435288,deadAbandoned,IBRIDE,"Jan. 13, 2009","Portugal, Noel",,noelportugal@gmail.com
77435262,REQUEST_FAILED,,,,,
77435263,REQUEST_FAILED,,,,,
77435272,REQUEST_FAILED,,,,,
77435276,REQUEST_FAILED,,,,,
77435287,REQUEST_FAILED,,,,,
77435313,deadAbandoned,BODYMUDRAS,"Jan. 12, 2009","Nilson, Tyler B.",,jediyah@earthlink.net
77435298,REQUEST_FAILED,,,,,
77435300,REQUEST_FAILED,,,,,
77435307,REQUEST_FAILED,,,,,
77435309,REQUEST_FAILED,,,,,
77435310,REQUEST_FAILED,,,,,
77435314,REQUEST_FAILED,,,,,
77435318,deadAbandoned,EGUREN,"Jun. 22, 2009","BODEGAS EGUREN, S.A.",,marketing@heredadugarate.com
77435319,REQUEST_FAILED,,,,,
77435382,deadAbandoned,WEBMERCIAL,"Jan. 13, 2009",Dynamic Products and Services LLC,,Derek@dpsllc.net
77435334,REQUEST_FAILED,,,,,
77435350,REQUEST_FAILED,,,,,
77435428,deadAbandoned,GET YOUR BUCKEYE ON!,"Jun. 30, 2009",Courtney J. Miller,,
77435374,REQUEST_FAILED,,,,,
77435394,REQUEST_FAILED,,,,,
77435416,REQUEST_FAILED,,,,,
77435429,REQUEST_FAILED,,,,,
77435443,REQUEST_FAILED,,,,,
77435455,REQUEST_FAILED,,,,,
77435482,REQUEST_FAILED,,,,,
77435493,REQUEST_FAILED,,,,,
77435507,REQUEST_FAILED,,,,,
77435512,REQUEST_FAILED,,,,,
77435533,REQUEST_FAILED,,,,,
77435540,REQUEST_FAILED,,,,,
77435570,REQUEST_FAILED,,,,,
77435565,REQUEST_FAILED,,,,,
77435579,REQUEST_FAILED,,,,,
77435581,REQUEST_FAILED,,,,,
77435582,REQUEST_FAILED,,,,,
77435586,REQUEST_FAILED,,,,,
77435614,deadAbandoned,LIVE.LIFE...,"Jun. 15, 2009",Live.Life...Inc.,,scoteastman@hotmail.com
77435588,REQUEST_FAILED,,,,,
77435599,REQUEST_FAILED,,,,,
77435601,REQUEST_FAILED,,,,,
77435604,REQUEST_FAILED,,,,,
77435620,REQUEST_FAILED,,,,,
77435623,REQUEST_FAILED,,,,,
77435619,REQUEST_FAILED,,,,,
77435625,REQUEST_FAILED,,,,,
77435638,REQUEST_FAILED,,,,,
77435647,REQUEST_FAILED,,,,,
77435671,REQUEST_FAILED,,,,,
77435686,REQUEST_FAILED,,,,,
77435673,REQUEST_FAILED,,,,,
77435690,REQUEST_FAILED,,,,,
77435700,REQUEST_FAILED,,,,,
77435706,REQUEST_FAILED,,,,,
77435717,REQUEST_FAILED,,,,,
77435760,REQUEST_FAILED,,,,,
77435782,REQUEST_FAILED,,,,,
77435797,REQUEST_FAILED,,,,,
77435814,REQUEST_FAILED,,,,,
77435836,deadAbandoned,H-CHIP,"Jun. 15, 2009","Personics Holdings, Inc.",,sgoldstein@personicslabs.com
77435821,REQUEST_FAILED,,,,,
77435823,REQUEST_FAILED,,,,,
77435835,REQUEST_FAILED,,,,,
77435838,REQUEST_FAILED,,,,,
77435888,REQUEST_FAILED,,,,,
77435897,REQUEST_FAILED,,,,,
77435908,REQUEST_FAILED,,,,,
77435915,REQUEST_FAILED,,,,,
77435931,REQUEST_FAILED,,,,,
77435935,REQUEST_FAILED,,,,,
77435972,REQUEST_FAILED,,,,,
77436038,REQUEST_FAILED,,,,,
77435975,REQUEST_FAILED,,,,,
77436055,REQUEST_FAILED,,,,,
77436152,deadAbandoned,TASTEFUL SOLUTIONS,"Jun. 22, 2009","Tasteful Solutions, LLC",,npwachob@gmail.com
77436098,REQUEST_FAILED,,,,,
77436142,REQUEST_FAILED,,,,,
77436156,REQUEST_FAILED,,,,,
77436161,REQUEST_FAILED,,,,,
77436159,REQUEST_FAILED,,,,,
77436169,REQUEST_FAILED,,,,,
77436173,REQUEST_FAILED,,,,,
77436175,REQUEST_FAILED,,,,,
77436179,REQUEST_FAILED,,,,,
77436220,REQUEST_FAILED,,,,,
77436208,REQUEST_FAILED,,,,,
77436226,REQUEST_FAILED,,,,,
77436228,REQUEST_FAILED,,,,,
77436229,REQUEST_FAILED,,,,,
77436235,REQUEST_FAILED,,,,,
77436238,REQUEST_FAILED,,,,,
77436262,deadAbandoned,None,"Jan. 15, 2009",MonteCristo Imports Inc.,,contacto@promarkmexico.com
77436286,deadAbandoned,BROADEN YOUR THINKING DEBONO FOR SCHOOLS,"Jan. 05, 2009",Lynda Curtin,,info@lyndacurtin.com
77436241,REQUEST_FAILED,,,,,
77436252,REQUEST_FAILED,,,,,
77436276,REQUEST_FAILED,,,,,
77436278,REQUEST_FAILED,,,,,
77436289,REQUEST_FAILED,,,,,
77436291,REQUEST_FAILED,,,,,
77436302,REQUEST_FAILED,,,,,
77436308,REQUEST_FAILED,,,,,
77436320,REQUEST_FAILED,,,,,
77436338,REQUEST_FAILED,,,,,
77436345,REQUEST_FAILED,,,,,
77436346,REQUEST_FAILED,,,,,
77436381,deadAbandoned,LIGHT A CANDLE FOR A CAUSE,"Jan. 13, 2009","ASN Enterprises, LLC",,andrei_najjar@yahoo.com
77436351,REQUEST_FAILED,,,,,
77436376,REQUEST_FAILED,,,,,
77436388,deadAbandoned,HAPPY AND YOU KNOW IT,"Nov. 24, 2009","Bowman, Nathaniel R",,nathanielbowman@mac.com
77436380,REQUEST_FAILED,,,,,
77436386,REQUEST_FAILED,,,,,
77436384,REQUEST_FAILED,,,,,
77436390,REQUEST_FAILED,,,,,
77436393,REQUEST_FAILED,,,,,
77436405,REQUEST_FAILED,,,,,
77436470,REQUEST_FAILED,,,,,
77436474,REQUEST_FAILED,,,,,
77436476,REQUEST_FAILED,,,,,
77436486,REQUEST_FAILED,,,,,
77436510,REQUEST_FAILED,,,,,
77436512,REQUEST_FAILED,,,,,
77436515,REQUEST_FAILED,,,,,
77436517,REQUEST_FAILED,,,,,
77436521,REQUEST_FAILED,,,,,
77436528,REQUEST_FAILED,,,,,
77436553,REQUEST_FAILED,,,,,
77436576,REQUEST_FAILED,,,,,
77436605,REQUEST_FAILED,,,,,
77436602,REQUEST_FAILED,,,,,
77436623,REQUEST_FAILED,,,,,
77436653,REQUEST_FAILED,,,,,
77436666,REQUEST_FAILED,,,,,
77436668,REQUEST_FAILED,,,,,
77436692,REQUEST_FAILED,,,,,
77436710,deadAbandoned,ICRAZE,"May 18, 2009","WhatNow, Inc.",,
77436702,REQUEST_FAILED,,,,,
77436704,REQUEST_FAILED,,,,,
77436718,REQUEST_FAILED,,,,,
77436720,REQUEST_FAILED,,,,,
77436729,REQUEST_FAILED,,,,,
77436734,REQUEST_FAILED,,,,,
77436741,REQUEST_FAILED,,,,,
77436753,REQUEST_FAILED,,,,,
77436811,deadAbandoned,KATIE BENNETT,"Jun. 01, 2009","Precious Moments, Inc.",,cynthia.kinderman@preciousmoments.com
77436772,REQUEST_FAILED,,,,,
77436784,REQUEST_FAILED,,,,,
77436790,REQUEST_FAILED,,,,,
77436820,REQUEST_FAILED,,,,,
77436898,REQUEST_FAILED,,,,,
77436900,REQUEST_FAILED,,,,,
77436928,REQUEST_FAILED,,,,,
77436952,REQUEST_FAILED,,,,,
77436964,REQUEST_FAILED,,,,,
77437003,REQUEST_FAILED,,,,,
77437041,REQUEST_FAILED,,,,,
77437033,REQUEST_FAILED,,,,,
77437066,deadAbandoned,MEDBOARD,"Jan. 15, 2009",Baxa Corporation,,michael.abla@baxa.com
77437071,REQUEST_FAILED,,,,,
77437173,REQUEST_FAILED,,,,,
77437189,REQUEST_FAILED,,,,,
77437199,REQUEST_FAILED,,,,,
77437191,REQUEST_FAILED,,,,,
77437201,REQUEST_FAILED,,,,,
77437216,REQUEST_FAILED,,,,,
77437220,REQUEST_FAILED,,,,,
77437228,REQUEST_FAILED,,,,,
77437231,REQUEST_FAILED,,,,,
77437247,REQUEST_FAILED,,,,,
77437250,REQUEST_FAILED,,,,,
77437266,REQUEST_FAILED,,,,,
77437267,REQUEST_FAILED,,,,,
77437303,REQUEST_FAILED,,,,,
77437324,deadAbandoned,METROWEST SCHOOL OF MATHEMATICS,"Jan. 21, 2009","Serebrennikov, Boris",,
77437307,REQUEST_FAILED,,,,,
77437332,REQUEST_FAILED,,,,,
77437339,REQUEST_FAILED,,,,,
77437345,REQUEST_FAILED,,,,,
77437352,REQUEST_FAILED,,,,,
77437349,REQUEST_FAILED,,,,,
77437356,REQUEST_FAILED,,,,,
77437357,REQUEST_FAILED,,,,,
77437362,REQUEST_FAILED,,,,,
77437384,deadAbandoned,MONARCH MONSTERS,"Dec. 14, 2009","McKillop, Scott D",,info@monarchmodels.net
77437371,REQUEST_FAILED,,,,,
77437365,REQUEST_FAILED,,,,,
77437373,REQUEST_FAILED,,,,,
77437380,REQUEST_FAILED,,,,,
77437385,REQUEST_FAILED,,,,,
77437387,REQUEST_FAILED,,,,,
77437397,REQUEST_FAILED,,,,,
77437401,REQUEST_FAILED,,,,,
77437409,REQUEST_FAILED,,,,,
77437423,REQUEST_FAILED,,,,,
77437426,REQUEST_FAILED,,,,,
77437467,deadAbandoned,DASHSPORT,"Jan. 16, 2009",Good Way International Limited,,lak@acuityeyewear.com
77437446,REQUEST_FAILED,,,,,
77437455,REQUEST_FAILED,,,,,
77437463,REQUEST_FAILED,,,,,
77437472,REQUEST_FAILED,,,,,
77437475,REQUEST_FAILED,,,,,
77437479,REQUEST_FAILED,,,,,
77437483,REQUEST_FAILED,,,,,
77437511,REQUEST_FAILED,,,,,
77437513,REQUEST_FAILED,,,,,
77437522,REQUEST_FAILED,,,,,
77437558,REQUEST_FAILED,,,,,
77437626,REQUEST_FAILED,,,,,
77437572,REQUEST_FAILED,,,,,
77437636,REQUEST_FAILED,,,,,
77437630,REQUEST_FAILED,,,,,
77437655,REQUEST_FAILED,,,,,
77437664,REQUEST_FAILED,,,,,
77437706,REQUEST_FAILED,,,,,
77437676,REQUEST_FAILED,,,,,
77437714,REQUEST_FAILED,,,,,
77437731,deadAbandoned,RIGHT TO WATER,"Jun. 15, 2009","Lake, James G",,jim@lakegroup.org
77437716,REQUEST_FAILED,,,,,
77437725,REQUEST_FAILED,,,,,
77437788,deadAbandoned,TINGLY TARTS,"Jan. 14, 2009","Two Feet Up, Inc.",,kelly@jmkforu.com
77437735,REQUEST_FAILED,,,,,
77437743,REQUEST_FAILED,,,,,
77437777,REQUEST_FAILED,,,,,
77437780,REQUEST_FAILED,,,,,
77437793,REQUEST_FAILED,,,,,
77437796,REQUEST_FAILED,,,,,
77437820,REQUEST_FAILED,,,,,
77437838,REQUEST_FAILED,,,,,
77437853,REQUEST_FAILED,,,,,
77437865,REQUEST_FAILED,,,,,
77437899,REQUEST_FAILED,,,,,
77437915,REQUEST_FAILED,,,,,
77437916,REQUEST_FAILED,,,,,
77437926,REQUEST_FAILED,,,,,
77437983,REQUEST_FAILED,,,,,
77437984,REQUEST_FAILED,,,,,
77438013,deadAbandoned,MONSTER BUCK FEEDERS,"Oct. 01, 2009","Moorhead, James M and Allen, Steve",,mitchellmoorhead@yahoo.com
77438008,REQUEST_FAILED,,,,,
77438049,deadAbandoned,TIDY POTTY,"Jun. 15, 2009",Michelle E. Sharp,,
77438028,REQUEST_FAILED,,,,,
77438029,REQUEST_FAILED,,,,,
77438031,REQUEST_FAILED,,,,,
77438050,REQUEST_FAILED,,,,,
77438126,deadAbandoned,THE V SPOT,"Jun. 22, 2009",Aussie Imports,,jay@joshuatreeimports.com
77438139,REQUEST_FAILED,,,,,
77438112,REQUEST_FAILED,,,,,
77438145,REQUEST_FAILED,,,,,
77438179,REQUEST_FAILED,,,,,
77438263,REQUEST_FAILED,,,,,
77438272,REQUEST_FAILED,,,,,
77438275,REQUEST_FAILED,,,,,
77438288,REQUEST_FAILED,,,,,
77438302,deadAbandoned,CAJUN GOLD,"Aug. 24, 2009","Dupont Nursery, Inc.",,rob158@aol.com
77438335,REQUEST_FAILED,,,,,
77438344,REQUEST_FAILED,,,,,
77438375,REQUEST_FAILED,,,,,
77438379,REQUEST_FAILED,,,,,
77438384,REQUEST_FAILED,,,,,
77438420,deadAbandoned,SEARCHBYZIPCODE,"Jan. 19, 2009",Manuel Fernandez,,mf@searchbyzipcode.com
77438401,REQUEST_FAILED,,,,,
77438412,REQUEST_FAILED,,,,,
77438419,REQUEST_FAILED,,,,,
77438429,REQUEST_FAILED,,,,,
77438421,REQUEST_FAILED,,,,,
77438478,REQUEST_FAILED,,,,,
77438483,REQUEST_FAILED,,,,,
77438481,REQUEST_FAILED,,,,,
77438486,REQUEST_FAILED,,,,,
77438489,REQUEST_FAILED,,,,,
77438534,REQUEST_FAILED,,,,,
77438539,REQUEST_FAILED,,,,,
77438548,REQUEST_FAILED,,,,,
77438593,deadAbandoned,COMBATBOOK,"Jan. 16, 2009","Hertel, Marc G.",,marc@t3combat.com
77438584,REQUEST_FAILED,,,,,
77438581,REQUEST_FAILED,,,,,
77438604,REQUEST_FAILED,,,,,
77438606,REQUEST_FAILED,,,,,
77438699,deadAbandoned,SOS SOSI SOS INTERNATIONAL LTD,"Jan. 23, 2009",SOS International Ltd,,hr@sosiltd.com
77438616,REQUEST_FAILED,,,,,
77438675,REQUEST_FAILED,,,,,
77438736,REQUEST_FAILED,,,,,
77438739,REQUEST_FAILED,,,,,
77438743,REQUEST_FAILED,,,,,
77438759,REQUEST_FAILED,,,,,
77438762,REQUEST_FAILED,,,,,
77438765,REQUEST_FAILED,,,,,
77438771,REQUEST_FAILED,,,,,
77438770,REQUEST_FAILED,,,,,
77438811,deadAbandoned,POWER DIESEL,"Jan. 16, 2009",Power Diesel Corporation,,kevinw@companiesinc.com
77438788,REQUEST_FAILED,,,,,
77438792,REQUEST_FAILED,,,,,
77438803,REQUEST_FAILED,,,,,
77438826,REQUEST_FAILED,,,,,
77438858,REQUEST_FAILED,,,,,
77438869,REQUEST_FAILED,,,,,
77438863,REQUEST_FAILED,,,,,
77438870,REQUEST_FAILED,,,,,
77438934,deadAbandoned,CONSERVIDENT,"Jun. 15, 2009",Albert Vartanian,,alvartani@gmail.com
77438917,REQUEST_FAILED,,,,,
77438928,REQUEST_FAILED,,,,,
77438994,deadAbandoned,LTC GUYS,"Jan. 16, 2009","LTC Global, Inc.",,
77438948,REQUEST_FAILED,,,,,
77438950,REQUEST_FAILED,,,,,
77438976,REQUEST_FAILED,,,,,
77438993,REQUEST_FAILED,,,,,
77438996,REQUEST_FAILED,,,,,
77439130,deadAbandoned,FLIP,"Jan. 21, 2009",Antoine Elie,,antoine@flipcoffee.com
77439012,REQUEST_FAILED,,,,,
77439060,REQUEST_FAILED,,,,,
77439147,REQUEST_FAILED,,,,,
77439133,REQUEST_FAILED,,,,,
77439149,REQUEST_FAILED,,,,,
77439160,REQUEST_FAILED,,,,,
77439228,deadAbandoned,JSC,"Jun. 15, 2009","Chawla, Jesse S.",,eyedoctor12@hotmail.com
77439166,REQUEST_FAILED,,,,,
77439215,REQUEST_FAILED,,,,,
77439223,REQUEST_FAILED,,,,,
77439224,REQUEST_FAILED,,,,,
77439229,REQUEST_FAILED,,,,,
77439275,REQUEST_FAILED,,,,,
77439240,REQUEST_FAILED,,,,,
77439285,REQUEST_FAILED,,,,,
77439286,REQUEST_FAILED,,,,,
77439333,REQUEST_FAILED,,,,,
77439375,REQUEST_FAILED,,,,,
77439371,REQUEST_FAILED,,,,,
77439386,REQUEST_FAILED,,,,,
77439423,REQUEST_FAILED,,,,,
77439457,REQUEST_FAILED,,,,,
77439459,REQUEST_FAILED,,,,,
77439466,REQUEST_FAILED,,,,,
77439483,REQUEST_FAILED,,,,,
77439486,REQUEST_FAILED,,,,,
77439504,REQUEST_FAILED,,,,,
77439509,REQUEST_FAILED,,,,,
77439511,REQUEST_FAILED,,,,,
77439512,REQUEST_FAILED,,,,,
77439535,REQUEST_FAILED,,,,,
77439545,deadAbandoned,RITUAL TEA,"Jan. 22, 2009",Ritual Tea Company,,eddy@ritualteacompany.com
77439542,REQUEST_FAILED,,,,,
77439554,REQUEST_FAILED,,,,,
77439568,REQUEST_FAILED,,,,,
77439594,REQUEST_FAILED,,,,,
77439624,REQUEST_FAILED,,,,,
77439607,REQUEST_FAILED,,,,,
77439626,REQUEST_FAILED,,,,,
77439638,REQUEST_FAILED,,,,,
77439651,REQUEST_FAILED,,,,,
77439666,REQUEST_FAILED,,,,,
77439672,REQUEST_FAILED,,,,,
77439678,REQUEST_FAILED,,,,,
77439687,REQUEST_FAILED,,,,,
77439700,REQUEST_FAILED,,,,,
77439695,REQUEST_FAILED,,,,,
77439717,deadAbandoned,4R,"Jun. 15, 2009",Four Real Talent LLC,,bradford.smith@fourrealtalent.com
77439701,REQUEST_FAILED,,,,,
77439703,REQUEST_FAILED,,,,,
77439714,deadAbandoned,SWINGLES,"Dec. 14, 2009",Giga Pty Ltd.,,yuki@giga.com.au
77439728,REQUEST_FAILED,,,,,
77439730,REQUEST_FAILED,,,,,
77439739,REQUEST_FAILED,,,,,
77439742,REQUEST_FAILED,,,,,
77439754,REQUEST_FAILED,,,,,
77439778,deadAbandoned,ISHIELD,"Jan. 23, 2009",Laguna Technologies Inc. DBA Pacific Rim Technologies,,
77439763,REQUEST_FAILED,,,,,
77439785,REQUEST_FAILED,,,,,
77439787,REQUEST_FAILED,,,,,
77439789,REQUEST_FAILED,,,,,
77439791,REQUEST_FAILED,,,,,
77439796,REQUEST_FAILED,,,,,
77439821,REQUEST_FAILED,,,,,
77439824,REQUEST_FAILED,,,,,
77439871,REQUEST_FAILED,,,,,
77439886,REQUEST_FAILED,,,,,
77439893,REQUEST_FAILED,,,,,
77439895,REQUEST_FAILED,,,,,
77439897,REQUEST_FAILED,,,,,
77439906,REQUEST_FAILED,,,,,
77439929,REQUEST_FAILED,,,,,
77439932,REQUEST_FAILED,,,,,
77439935,REQUEST_FAILED,,,,,
77439941,REQUEST_FAILED,,,,,
77439957,REQUEST_FAILED,,,,,
77440003,REQUEST_FAILED,,,,,
77440020,REQUEST_FAILED,,,,,
77440032,REQUEST_FAILED,,,,,
77440036,REQUEST_FAILED,,,,,
77440046,REQUEST_FAILED,,,,,
77440128,deadAbandoned,FIRST STEP FINANCIAL PLAN,"Feb. 20, 2009","Creative Capital Management, Inc.",,ccmi@creativecapitalmgt.com
77440058,REQUEST_FAILED,,,,,
77440080,REQUEST_FAILED,,,,,
77440182,deadAbandoned,SPORTPO,"Jun. 15, 2009","Newman, Patrick M.",,newman.patrick@gmail.com
77440107,REQUEST_FAILED,,,,,
77440122,REQUEST_FAILED,,,,,
77440172,REQUEST_FAILED,,,,,
77440187,REQUEST_FAILED,,,,,
77440223,REQUEST_FAILED,,,,,
77440257,REQUEST_FAILED,,,,,
77440289,REQUEST_FAILED,,,,,
77440335,REQUEST_FAILED,,,,,
77440347,REQUEST_FAILED,,,,,
77440392,REQUEST_FAILED,,,,,
77440408,REQUEST_FAILED,,,,,
77440417,REQUEST_FAILED,,,,,
77440419,REQUEST_FAILED,,,,,
77440431,REQUEST_FAILED,,,,,
77440453,REQUEST_FAILED,,,,,
77440458,REQUEST_FAILED,,,,,
77440503,REQUEST_FAILED,,,,,
77440508,REQUEST_FAILED,,,,,
77440523,REQUEST_FAILED,,,,,
77440542,REQUEST_FAILED,,,,,
77440568,REQUEST_FAILED,,,,,
77440597,REQUEST_FAILED,,,,,
77440600,REQUEST_FAILED,,,,,
77440609,REQUEST_FAILED,,,,,
77440645,REQUEST_FAILED,,,,,
77440719,deadAbandoned,KUSH QUALITY,"Jan. 21, 2009",Gojer Daniel,,dgojer@gmail.com
77440671,REQUEST_FAILED,,,,,
77440703,REQUEST_FAILED,,,,,
77440726,REQUEST_FAILED,,,,,
77440742,REQUEST_FAILED,,,,,
77440744,REQUEST_FAILED,,,,,
77440749,REQUEST_FAILED,,,,,
77440754,REQUEST_FAILED,,,,,
77440774,REQUEST_FAILED,,,,,
77440777,REQUEST_FAILED,,,,,
77440791,REQUEST_FAILED,,,,,
77440792,REQUEST_FAILED,,,,,
77440806,deadAbandoned,BATTLE MOUNTAIN,"Jan. 22, 2009",battle mountain corporation,,gsfinv@yahoo.com
77440807,REQUEST_FAILED,,,,,
77440808,REQUEST_FAILED,,,,,
77440809,REQUEST_FAILED,,,,,
77440813,REQUEST_FAILED,,,,,
77440819,REQUEST_FAILED,,,,,
77440816,REQUEST_FAILED,,,,,
77440850,deadAbandoned,BEST BOOK FORWARD BEST BOOK FORWARD,"Jan. 22, 2009",Best Book Forward,,natasha@bestbookforward.org
77440822,REQUEST_FAILED,,,,,
77440831,REQUEST_FAILED,,,,,
77440835,REQUEST_FAILED,,,,,
77440846,REQUEST_FAILED,,,,,
77440854,REQUEST_FAILED,,,,,
77440857,REQUEST_FAILED,,,,,
77440858,REQUEST_FAILED,,,,,
77440862,REQUEST_FAILED,,,,,
77440871,REQUEST_FAILED,,,,,
77440876,REQUEST_FAILED,,,,,
77440881,REQUEST_FAILED,,,,,
77440883,REQUEST_FAILED,,,,,
77440887,REQUEST_FAILED,,,,,
77440899,REQUEST_FAILED,,,,,
77440894,REQUEST_FAILED,,,,,
77440901,REQUEST_FAILED,,,,,
77440914,REQUEST_FAILED,,,,,
77440922,REQUEST_FAILED,,,,,
77440924,REQUEST_FAILED,,,,,
77440928,REQUEST_FAILED,,,,,
77440941,deadAbandoned,MY GENERATION CARD,"Dec. 21, 2009","Petrilli, Anthony, M",,chd14@att.net
77440931,REQUEST_FAILED,,,,,
77440944,REQUEST_FAILED,,,,,
77440950,REQUEST_FAILED,,,,,
77440949,REQUEST_FAILED,,,,,
77440961,REQUEST_FAILED,,,,,
77440982,REQUEST_FAILED,,,,,
77440989,REQUEST_FAILED,,,,,
77440997,REQUEST_FAILED,,,,,
77440996,REQUEST_FAILED,,,,,
77440999,REQUEST_FAILED,,,,,
77441005,REQUEST_FAILED,,,,,
77441007,REQUEST_FAILED,,,,,
77441035,REQUEST_FAILED,,,,,
77441037,REQUEST_FAILED,,,,,
77441049,REQUEST_FAILED,,,,,
77441058,REQUEST_FAILED,,,,,
77441059,REQUEST_FAILED,,,,,
77441060,REQUEST_FAILED,,,,,
77441063,REQUEST_FAILED,,,,,
77441080,REQUEST_FAILED,,,,,
77441081,REQUEST_FAILED,,,,,
77441097,REQUEST_FAILED,,,,,
77441101,REQUEST_FAILED,,,,,
77441085,REQUEST_FAILED,,,,,
77441100,REQUEST_FAILED,,,,,
77441146,deadAbandoned,WINNER WINNER CHICKEN DINNER,"Jan. 13, 2009",IMAGINATION HOLDINGS PTY LTD,,tina-marie.carr@imagination.com.au
77441104,REQUEST_FAILED,,,,,
77441106,REQUEST_FAILED,,,,,
77441111,REQUEST_FAILED,,,,,
77441114,REQUEST_FAILED,,,,,
77441142,REQUEST_FAILED,,,,,
77441158,deadAbandoned,WHIRLBALL GET ROLLIN' - N -WET GET IN ... GO WHIRLING,"Jan. 22, 2009",Francisco Javier Navarro,,crushkick@hotmail.com
77441174,deadAbandoned,ORMUS,"Feb. 12, 2009",ORMUS INSTITUTE OF NATURAL SCIENCE & METAPHYSICS LLC,,ormus.dna@mac.com
77441147,REQUEST_FAILED,,,,,
77441179,deadAbandoned,BEAT THE BOMB,"Jan. 13, 2009",IMAGINATION HOLDINGS PTY LTD,,tina-marie.carr@imagination.com.au
77441165,REQUEST_FAILED,,,,,
77441181,REQUEST_FAILED,,,,,
77441192,REQUEST_FAILED,,,,,
77441210,REQUEST_FAILED,,,,,
77441241,REQUEST_FAILED,,,,,
77441274,REQUEST_FAILED,,,,,
77441311,REQUEST_FAILED,,,,,
77441324,REQUEST_FAILED,,,,,
77441329,REQUEST_FAILED,,,,,
77441330,REQUEST_FAILED,,,,,
77441365,deadAbandoned,ZING SALES SOLUTIONS,"Jan. 21, 2009","Zing Sales Solutions, LLC",,kmiddleton@zing-solutions.com
77441344,REQUEST_FAILED,,,,,
77441353,REQUEST_FAILED,,,,,
77441360,REQUEST_FAILED,,,,,
77441381,REQUEST_FAILED,,,,,
77441389,REQUEST_FAILED,,,,,
77441394,REQUEST_FAILED,,,,,
77441411,REQUEST_FAILED,,,,,
77441474,deadAbandoned,STARFLEET,"Jan. 22, 2009","STARFLEET, The International Star Trek Fan Association, Inc.",,compops@sfi.org
77441431,REQUEST_FAILED,,,,,
77441438,REQUEST_FAILED,,,,,
77441476,REQUEST_FAILED,,,,,
77441502,REQUEST_FAILED,,,,,
77441516,REQUEST_FAILED,,,,,
77441574,deadAbandoned,LACELITZ,"Jan. 22, 2009","Filoramo, Elisa C.",,shopgemdrops@aol.com
77441544,REQUEST_FAILED,,,,,
77441549,REQUEST_FAILED,,,,,
77441551,REQUEST_FAILED,,,,,
77441555,REQUEST_FAILED,,,,,
77441601,REQUEST_FAILED,,,,,
77441610,REQUEST_FAILED,,,,,
77441612,REQUEST_FAILED,,,,,
77441669,REQUEST_FAILED,,,,,
77441734,REQUEST_FAILED,,,,,
77441724,REQUEST_FAILED,,,,,
77441772,REQUEST_FAILED,,,,,
77441841,REQUEST_FAILED,,,,,
77441852,REQUEST_FAILED,,,,,
77441962,REQUEST_FAILED,,,,,
77441858,REQUEST_FAILED,,,,,
77441904,REQUEST_FAILED,,,,,
77441969,REQUEST_FAILED,,,,,
77442001,deadAbandoned,MY BIOFUEL BUDDY,"Jan. 22, 2009",Cross Roads Harvesting And More Inc.,,support@MyBiofuelBuddy.com
77442000,REQUEST_FAILED,,,,,
77442016,REQUEST_FAILED,,,,,
77442015,REQUEST_FAILED,,,,,
77442081,deadAbandoned,STROOLL,"Jul. 27, 2009","LIONEL, TARDY",,shamanproto@gmail.com
77442030,REQUEST_FAILED,,,,,
77442085,REQUEST_FAILED,,,,,
77442097,REQUEST_FAILED,,,,,
77442098,REQUEST_FAILED,,,,,
77442102,REQUEST_FAILED,,,,,
77442106,REQUEST_FAILED,,,,,
77442110,REQUEST_FAILED,,,,,
77442154,REQUEST_FAILED,,,,,
77442160,REQUEST_FAILED,,,,,
77442169,REQUEST_FAILED,,,,,
77442194,REQUEST_FAILED,,,,,
77442202,REQUEST_FAILED,,,,,
77442221,REQUEST_FAILED,,,,,
77442217,REQUEST_FAILED,,,,,
77442227,deadAbandoned,THE GUY GAME,"Jan. 13, 2009",IMAGINATION HOLDINGS PTY LTD,,tina-marie.carr@imagination.com.au
77442236,REQUEST_FAILED,,,,,
77442250,REQUEST_FAILED,,,,,
77442253,REQUEST_FAILED,,,,,
77442265,REQUEST_FAILED,,,,,
77442272,REQUEST_FAILED,,,,,
77442283,REQUEST_FAILED,,,,,
77442308,REQUEST_FAILED,,,,,
77442311,REQUEST_FAILED,,,,,
77442312,REQUEST_FAILED,,,,,
77442317,REQUEST_FAILED,,,,,
77442318,REQUEST_FAILED,,,,,
77442391,deadAbandoned,MOBIDOKI,"Jan. 27, 2009","Aarts, Antoine",,a.aarts@offshoresolutions.nl
77442326,REQUEST_FAILED,,,,,
77442367,REQUEST_FAILED,,,,,
77442392,REQUEST_FAILED,,,,,
77442428,REQUEST_FAILED,,,,,
77442444,REQUEST_FAILED,,,,,
77442456,REQUEST_FAILED,,,,,
77442466,REQUEST_FAILED,,,,,
77442566,deadAbandoned,JUJU BE MY,"Jan. 22, 2009","Two Feet Up., Inc.",,kelly@jmkforu.com
77442483,REQUEST_FAILED,,,,,
77442582,deadAbandoned,GUMMI SOME LOVE,"Dec. 21, 2009","Two Feet Up., Inc.",,kelly@jmkforu.com
77442596,deadAbandoned,BÜNCHE BEER,"Jan. 29, 2009","Hoskins, Brian",,bhoskins@hawaii.rr.com
77442548,REQUEST_FAILED,,,,,
77442549,REQUEST_FAILED,,,,,
77442576,REQUEST_FAILED,,,,,
77442580,REQUEST_FAILED,,,,,
77442586,REQUEST_FAILED,,,,,
77442612,deadAbandoned,MY HEART TURNS TO JELLY FOR YOU,"Jun. 22, 2009","Two Feet Up., Inc.",,kelly@jmkforu.com
77442610,REQUEST_FAILED,,,,,
77442618,REQUEST_FAILED,,,,,
77442619,REQUEST_FAILED,,,,,
77442622,REQUEST_FAILED,,,,,
77442657,deadAbandoned,APPGIN,"Jan. 23, 2009",Preston Research LLC,,scott@prestonresearch.com
77442624,REQUEST_FAILED,,,,,
77442645,REQUEST_FAILED,,,,,
77442671,REQUEST_FAILED,,,,,
77442683,REQUEST_FAILED,,,,,
77442684,REQUEST_FAILED,,,,,
77442723,REQUEST_FAILED,,,,,
77442738,REQUEST_FAILED,,,,,
77442748,REQUEST_FAILED,,,,,
77442920,deadAbandoned,WHAT THE PHO?,"Jun. 22, 2009","Jordan, John",,whatthepho.info@yahoo.com
77442759,REQUEST_FAILED,,,,,
77442802,REQUEST_FAILED,,,,,
77442824,REQUEST_FAILED,,,,,
77442901,REQUEST_FAILED,,,,,
77442969,deadAbandoned,THE BROTHERS GRIMM,"Jun. 22, 2009",Aussie Imports,,jay@joshuatreeimports.com
77442991,deadAbandoned,TAWDRY,"Jun. 22, 2009",Aussie Imports,,jay@joshuatreeimports.com
77442960,REQUEST_FAILED,,,,,
77442985,deadAbandoned,TATTOO YOU,"Jan. 02, 2009",Aussie Imports,,jay@joshuatreeimports.com
77442967,REQUEST_FAILED,,,,,
77443016,deadAbandoned,MARTINI BEACH,"Jan. 22, 2009",Martini Beach Company,,tylerj@martinibeach.com
77443033,deadAbandoned,LONG-TERM CARE PLANNING IS ALL WE DO.,"Feb. 17, 2009","American Insurance Marketing Group, LLC",,mcdowellinsurance@gmail.com
77443020,REQUEST_FAILED,,,,,
77443023,REQUEST_FAILED,,,,,
77443029,REQUEST_FAILED,,,,,
77443024,REQUEST_FAILED,,,,,
77443052,REQUEST_FAILED,,,,,
77443081,REQUEST_FAILED,,,,,
77443080,REQUEST_FAILED,,,,,
77443220,deadAbandoned,MEDDRAFT,"Jul. 06, 2009","MedNet Industries, Inc.",,jhamilton@mnetfinancial.com
77443204,REQUEST_FAILED,,,,,
77443210,REQUEST_FAILED,,,,,
77443215,REQUEST_FAILED,,,,,
77443227,REQUEST_FAILED,,,,,
77443231,REQUEST_FAILED,,,,,
77443255,REQUEST_FAILED,,,,,
77443286,REQUEST_FAILED,,,,,
77443304,REQUEST_FAILED,,,,,
77443335,REQUEST_FAILED,,,,,
77443384,REQUEST_FAILED,,,,,
77443394,REQUEST_FAILED,,,,,
77443402,REQUEST_FAILED,,,,,
77443416,REQUEST_FAILED,,,,,
77443459,deadAbandoned,INNERREWARDS,"Jun. 22, 2009","InnerRewards, INC",,julie@InnerRewards.com
77443420,REQUEST_FAILED,,,,,
77443466,deadAbandoned,SCENT FROM THE HEART,"Jun. 22, 2009","Wellspring Vision, LLC",,info@wellspringvision.com
77443427,REQUEST_FAILED,,,,,
77443455,REQUEST_FAILED,,,,,
77443475,REQUEST_FAILED,,,,,
77443485,REQUEST_FAILED,,,,,
77443494,REQUEST_FAILED,,,,,
77443501,REQUEST_FAILED,,,,,
77443515,REQUEST_FAILED,,,,,
77443547,REQUEST_FAILED,,,,,
77443551,REQUEST_FAILED,,,,,
77443574,REQUEST_FAILED,,,,,
77443606,REQUEST_FAILED,,,,,
77443683,REQUEST_FAILED,,,,,
77443699,REQUEST_FAILED,,,,,
77443704,REQUEST_FAILED,,,,,
77443736,deadAbandoned,EHR+,"Mar. 03, 2009",Kyan Poorani,,kyanpr@gmail.com
77443747,REQUEST_FAILED,,,,,
77443753,REQUEST_FAILED,,,,,
77443770,REQUEST_FAILED,,,,,
77443796,REQUEST_FAILED,,,,,
77443819,REQUEST_FAILED,,,,,
77443953,REQUEST_FAILED,,,,,
77444111,REQUEST_FAILED,,,,,
77444152,REQUEST_FAILED,,,,,
77444132,REQUEST_FAILED,,,,,
77444155,REQUEST_FAILED,,,,,
77444218,deadAbandoned,ODORSWEEP .COM LLC TAKE THE FUNK OUT OF YOUR SKUNK!,"Nov. 06, 2009","OdorSweep USA, Inc.",,dsanderlin@odorsweep.com
77444195,REQUEST_FAILED,,,,,
77444208,REQUEST_FAILED,,,,,
77444216,REQUEST_FAILED,,,,,
77444222,REQUEST_FAILED,,,,,
77444315,deadAbandoned,VINTAGE 150 VINTAGE 150,"Jan. 23, 2009",Lance Powersports Inc,,dale.bradford@lancepowersports.com
77444327,deadAbandoned,MILAN 150,"Jan. 30, 2009",Lance Powersports Inc,,dale.bradford@lancepowersports.com
77444272,REQUEST_FAILED,,,,,
77444288,REQUEST_FAILED,,,,,
77444332,deadAbandoned,F4 INTERCEPT 150,"Jan. 23, 2009",Lance Powersports Inc,,dale.bradford@lancepowersports.com
77444317,REQUEST_FAILED,,,,,
77444324,REQUEST_FAILED,,,,,
77444325,REQUEST_FAILED,,,,,
77444364,deadAbandoned,GO-GOZ,"Jun. 29, 2009","Patel, Alap",,aparkmm@gmail.com
77444354,REQUEST_FAILED,,,,,
77444356,REQUEST_FAILED,,,,,
77444363,REQUEST_FAILED,,,,,
77444381,deadAbandoned,PINK CAFE,"Nov. 23, 2009","Kelly, Robert",,rkellycorp@yahoo.com
77444423,deadAbandoned,KIDDYWINKS,"Jan. 22, 2009","Northwind Ventures, Inc.",,nwkmc@msn.com
77444398,REQUEST_FAILED,,,,,
77444422,REQUEST_FAILED,,,,,
77444425,REQUEST_FAILED,,,,,
77444442,REQUEST_FAILED,,,,,
77444450,REQUEST_FAILED,,,,,
77444475,deadAbandoned,"OWN THE FOREST, DELEGATE THE TREES","Jan. 23, 2009","Project Leadership Gold, Inc.",,bvpratt@earthlink.net
77444486,REQUEST_FAILED,,,,,
77444490,REQUEST_FAILED,,,,,
77444516,REQUEST_FAILED,,,,,
77444547,deadAbandoned,CUM LAUDE,"Jan. 29, 2009",ATLANTICA Export Management Company SL,,jgonzalez@atlantica-co.com
77444509,REQUEST_FAILED,,,,,
77444686,deadAbandoned,OPRISO,"Feb. 02, 2009","Wavepoint Dynamics, Inc.",,rbrooks@wavepointdynamics.com
77444656,deadAbandoned,CARICANIMALS,"Dec. 28, 2009","Roldan, Ismael",,roldancari@aol.com
77444582,REQUEST_FAILED,,,,,
77444668,REQUEST_FAILED,,,,,
77444735,REQUEST_FAILED,,,,,
77444882,deadAbandoned,BEACH FRESH,"Aug. 10, 2009","Tatum, Jeremy K",,biznesshead@aol.com
77444821,REQUEST_FAILED,,,,,
77444831,REQUEST_FAILED,,,,,
77444838,REQUEST_FAILED,,,,,
77444853,REQUEST_FAILED,,,,,
77444942,REQUEST_FAILED,,,,,
77445009,deadAbandoned,SDR,"Jan. 24, 2009",RADIO TECHNOLOGY SYSTEMS,,SEKERKA@OPTONLINE.NET
77445355,deadAbandoned,QUEEN B,"Jan. 29, 2009","Barba, Patricia De Jesus",,patty@pattysclosetstore.com
77445073,REQUEST_FAILED,,,,,
77445360,deadAbandoned,OUR SHARED MOMENTS,"Jul. 06, 2009","REXTIDE, INC",,mark@rextide.com
77445238,REQUEST_FAILED,,,,,
77445386,deadAbandoned,LOOPKICKS,"Jan. 23, 2009",Chris deVera,,loopkicks@hotmail.com
77445336,REQUEST_FAILED,,,,,
77445400,REQUEST_FAILED,,,,,
77445426,deadAbandoned,METOBSERVER,"Jul. 06, 2009","All Weather, Inc.",,lbeal@allweatherinc.com
77445406,REQUEST_FAILED,,,,,
77445418,REQUEST_FAILED,,,,,
77445501,deadAbandoned,DRINKING BUDDY,"Jun. 22, 2009","Chandra, Ashok G.",,achandra@mac.com
77445452,REQUEST_FAILED,,,,,
77445546,deadAbandoned,POCKET-LINER,"Jul. 06, 2009",Lion International Trading,,danbohn@msn.com
77445476,REQUEST_FAILED,,,,,
77445512,REQUEST_FAILED,,,,,
77445568,deadAbandoned,C CUSTOM REDEFINING TECHNOLOGY,"Sep. 08, 2009","LOW VOLTAGE GUILD, INC",,jmarshall@customredefined.com
77445627,deadAbandoned,HYDROWERX,"Jun. 29, 2009","Drury, James",,hydrowerx@yahoo.com
77445540,REQUEST_FAILED,,,,,
77445556,REQUEST_FAILED,,,,,
77445564,REQUEST_FAILED,,,,,
77445597,REQUEST_FAILED,,,,,
77445655,REQUEST_FAILED,,,,,
77445656,REQUEST_FAILED,,,,,
77445675,REQUEST_FAILED,,,,,
77445678,REQUEST_FAILED,,,,,
77445824,deadAbandoned,None,"Dec. 28, 2009","DIGZ 4 DIGNITY, L.L.C.",,
77445758,REQUEST_FAILED,,,,,
77445840,deadAbandoned,UNDISPUTED LEGENDS,"Jan. 26, 2009",Scott Johnson,,SCOTTYJ56@MSN.COM
77445864,REQUEST_FAILED,,,,,
77445868,REQUEST_FAILED,,,,,
77445902,REQUEST_FAILED,,,,,
77446024,deadAbandoned,MY DADDY WENT ALL IN,"Jul. 13, 2009","DeVita, Melissa R.",,melissadevita@hotmail.com
77446076,deadAbandoned,ASIAN NANAK FLOUR,"Feb. 02, 2009",Royal Flour Mill Ltd,,marriogold@yahoo.com
77446208,deadAbandoned,THE YOGA OF SHAKTI,"Aug. 05, 2009",Vajra Ma,,VajraMa@GreatGoddess.org
77446108,REQUEST_FAILED,,,,,
77446048,REQUEST_FAILED,,,,,
77446047,REQUEST_FAILED,,,,,
77446318,deadAbandoned,MY LIFE RECORD,"Feb. 02, 2009",Life Record Inc.,,mike@liferecord.com
77446358,deadAbandoned,VITA-FRY,"Feb. 01, 2009",Smith Alexander,,asmith@tradewestinc.com
77446324,REQUEST_FAILED,,,,,
77446320,REQUEST_FAILED,,,,,
77446582,deadAbandoned,SOPRANO,"Jan. 18, 2009","Ramirez, Ricardo G.",,a_rojano@live.com
77446445,REQUEST_FAILED,,,,,
77446444,REQUEST_FAILED,,,,,
77446607,deadAbandoned,BOTERO,"Jan. 18, 2009","Ramirez, Ricardo G.",,a_rojano@live.com
77446456,REQUEST_FAILED,,,,,
77446514,REQUEST_FAILED,,,,,
77446608,REQUEST_FAILED,,,,,
77446624,REQUEST_FAILED,,,,,
77446675,deadAbandoned,SCHOLASTIC GUIDANCE,"Jan. 25, 2009",Scholastic Guidance Incorporated,,jamesftanner@gmail.com
77446626,REQUEST_FAILED,,,,,
77446672,REQUEST_FAILED,,,,,
77446674,deadAbandoned,"""SILENCER""","Jan. 26, 2009",Barney Langner Jr,,Phil@SolSurfer.com
77446698,REQUEST_FAILED,,,,,
77446704,REQUEST_FAILED,,,,,
77446760,deadAbandoned,"NV DIAMONDS ""A DIAMOND TO ENVY""","Feb. 05, 2009",NV Diamonds,,tanya@nvdiamond.com
77446717,REQUEST_FAILED,,,,,
77446724,REQUEST_FAILED,,,,,
77446759,REQUEST_FAILED,,,,,
77446776,REQUEST_FAILED,,,,,
77446828,deadAbandoned,COOKING WITH COLLEAGUES,"Dec. 28, 2009",Blain H. Dennis,,blaindennis@gmail.com
77446805,deadAbandoned,C,"Dec. 28, 2009","Estrada, Markus B.",,superninjaforce@aol.com
77446803,REQUEST_FAILED,,,,,
77446830,REQUEST_FAILED,,,,,
77446837,REQUEST_FAILED,,,,,
77446838,REQUEST_FAILED,,,,,
77446847,REQUEST_FAILED,,,,,
77446860,REQUEST_FAILED,,,,,
77446864,deadAbandoned,TEAM TAKE EM THE MIGRATION ENDS HERE,"Nov. 09, 2009","Dutro, Joseph R.",,jcdutro@yahoo.com
77446861,REQUEST_FAILED,,,,,
77446892,REQUEST_FAILED,,,,,
77446894,REQUEST_FAILED,,,,,
77446901,deadAbandoned,"DELETE MY TRASH, LLC","Jan. 30, 2009","Delete My Trash, LLC",,David@DeleteMyTrash.com
77446906,deadAbandoned,PAYPERGEEK,"Dec. 31, 2009","Barrera Almaraz, Pedro Aron",,pbarreraa@gmail.com
77446921,REQUEST_FAILED,,,,,
77446928,REQUEST_FAILED,,,,,
77446918,REQUEST_FAILED,,,,,
77446956,deadAbandoned,MSPALLIANCE PROFESSIONAL LIABILITY INSURANCE,"Jan. 30, 2009","IT Alliance Group, Inc.",,charles@mspalliance.com
77446949,deadAbandoned,V VENGEANCE FIGHTWEAR,"Jan. 30, 2009",Matt J. Martinez,,mmtzdesign@gmail.com
77446967,REQUEST_FAILED,,,,,
77446970,REQUEST_FAILED,,,,,
77446978,REQUEST_FAILED,,,,,
77447046,deadAbandoned,CLOCKWORK GREEN,"Dec. 02, 2009","Clockwork Green, LLC",,danny@e970.com
77447072,deadAbandoned,ABSINTHINE,"Jul. 06, 2009",DISTILLERIE EMILE PERNOT,,distillerie-emile-pernot@wanadoo.fr
77447011,REQUEST_FAILED,,,,,
77447079,deadAbandoned,WHITE FAIRY,"Feb. 06, 2009",DISTILLERIE EMILE PERNOT,,distillerie-emile-pernot@wanadoo.fr
77447026,REQUEST_FAILED,,,,,
77447050,deadAbandoned,MONITIL,"Apr. 09, 2009",Itilon Pty Ltd,,thomas.price@itilon.com
77447042,REQUEST_FAILED,,,,,
77447084,deadAbandoned,LA FÉE VERTE,"Feb. 06, 2009",DISTILLERIE EMILE PERNOT,,distillerie-emile-pernot@wanadoo.fr
77447096,deadAbandoned,BELLE AMIE,"Feb. 05, 2009",DISTILLERIE EMILE PERNOT,,distillerie-emile-pernot@wanadoo.fr
77447100,deadAbandoned,SAGE FAIRY,"Feb. 06, 2009",DISTILLERIE EMILE PERNOT,,distillerie-emile-pernot@wanadoo.fr
77447076,REQUEST_FAILED,,,,,
77447107,REQUEST_FAILED,,,,,
77447117,REQUEST_FAILED,,,,,
77447202,deadAbandoned,MINISTERING IDEALS SUITABLE FOR IMPECCABLE TEACHINGZ,"Jul. 06, 2009",Bring Da Pain Entertain L.L.C.,,misfitzmusic@yahoo.com
77447194,REQUEST_FAILED,,,,,
77447199,REQUEST_FAILED,,,,,
77447274,deadAbandoned,None,"May 25, 2009","Wolfking, Inc.",,
77447229,REQUEST_FAILED,,,,,
77447260,REQUEST_FAILED,,,,,
77447267,REQUEST_FAILED,,,,,
77447308,REQUEST_FAILED,,,,,
77447312,REQUEST_FAILED,,,,,
77447379,REQUEST_FAILED,,,,,
77447417,deadAbandoned,KNIGHT PET,"Jun. 29, 2009",Wolverton Trading Company,,
77447456,deadAbandoned,SAAP,"Jan. 21, 2009",XFI Corporation,,dbmcgee@xfi.com
77447463,deadAbandoned,YOUNG AND RICH,"Feb. 05, 2009","Schwartz, Alex",,young.rich2010@gmail.com
77447416,REQUEST_FAILED,,,,,
77447480,REQUEST_FAILED,,,,,
77447482,REQUEST_FAILED,,,,,
77447507,REQUEST_FAILED,,,,,
77447675,deadAbandoned,KNIGHT PET,"Dec. 28, 2009",Wolverton Trading Company,,
77447570,REQUEST_FAILED,,,,,
77447593,REQUEST_FAILED,,,,,
77447768,deadAbandoned,EATPASTRY,"Feb. 02, 2009",Eatpastry,,info@eatpastry.com
77447728,REQUEST_FAILED,,,,,
77447775,REQUEST_FAILED,,,,,
77447825,REQUEST_FAILED,,,,,
77447862,REQUEST_FAILED,,,,,
77447897,REQUEST_FAILED,,,,,
77447901,REQUEST_FAILED,,,,,
77447916,REQUEST_FAILED,,,,,
77447903,REQUEST_FAILED,,,,,
77447947,deadAbandoned,CLEAN BOX,"Feb. 01, 2009","Hanson, David J",,cleanboxus@yahoo.com
77447967,REQUEST_FAILED,,,,,
77447968,REQUEST_FAILED,,,,,
77447971,REQUEST_FAILED,,,,,
77447974,REQUEST_FAILED,,,,,
77448050,deadAbandoned,WE PROTECT & CONNECT,"Feb. 04, 2009","Foster, Brent M",,brent.foster@xenula.com
77447999,REQUEST_FAILED,,,,,
77448011,REQUEST_FAILED,,,,,
77448002,REQUEST_FAILED,,,,,
77448056,REQUEST_FAILED,,,,,
77448087,REQUEST_FAILED,,,,,
77448108,deadAbandoned,JELLYFIZ,"Feb. 02, 2009",JellyFiz Inc,,megginimav@gmail.com
77448106,REQUEST_FAILED,,,,,
77448137,REQUEST_FAILED,,,,,
77448182,REQUEST_FAILED,,,,,
77448179,REQUEST_FAILED,,,,,
77448251,REQUEST_FAILED,,,,,
77448283,REQUEST_FAILED,,,,,
77448343,deadAbandoned,EXACTTA COMMUNICATIONS,"Mar. 03, 2009",EXACTTA LLC,,rsantos@exactta.com
77448327,REQUEST_FAILED,,,,,
77448330,REQUEST_FAILED,,,,,
77448359,REQUEST_FAILED,,,,,
77448369,REQUEST_FAILED,,,,,
77448379,REQUEST_FAILED,,,,,
77448418,REQUEST_FAILED,,,,,
77448615,deadAbandoned,BUILDERBROKERNETWORK,"Jan. 30, 2009",PKWeb Ventures Inc.,,gun2819@yahoo.com
77448432,REQUEST_FAILED,,,,,
77448433,REQUEST_FAILED,,,,,
77448472,deadAbandoned,YOUR AD WORKING BILLBOARDS2GO.COM,"Feb. 04, 2009","Billboards 2 Go, Inc.",,graphics@billboards2go.com
77448511,REQUEST_FAILED,,,,,
77448720,REQUEST_FAILED,,,,,
77448854,deadAbandoned,None,"Jan. 29, 2009","Wildlife Materials, Incorporated",,rblanchard@wildlifematerials.com
77448746,REQUEST_FAILED,,,,,
77448809,REQUEST_FAILED,,,,,
77448892,REQUEST_FAILED,,,,,
77449018,deadAbandoned,UNDERGROUND GARAGE,"Dec. 14, 2009","Renegade Nation, Ltd.",,
77448979,REQUEST_FAILED,,,,,
77449012,REQUEST_FAILED,,,,,
77449020,REQUEST_FAILED,,,,,
77449038,REQUEST_FAILED,,,,,
77449088,deadAbandoned,ENURSES,"Jan. 30, 2009","Belanger, Phil",,philbelanger@gmail.com
77449072,REQUEST_FAILED,,,,,
77449089,REQUEST_FAILED,,,,,
77449090,REQUEST_FAILED,,,,,
77449091,REQUEST_FAILED,,,,,
77449114,REQUEST_FAILED,,,,,
77449169,deadAbandoned,EPICENTER CRM,"Jan. 31, 2009","Mediasation, Inc.",,ryan@mediasation.com
77449143,REQUEST_FAILED,,,,,
77449147,REQUEST_FAILED,,,,,
77449217,deadAbandoned,SUMMARY ENGINE,"Feb. 05, 2009",Pluribo Inc.,,samidh@pluribo.com
77449166,REQUEST_FAILED,,,,,
77449205,REQUEST_FAILED,,,,,
77449238,REQUEST_FAILED,,,,,
77449264,REQUEST_FAILED,,,,,
77449314,REQUEST_FAILED,,,,,
77449342,REQUEST_FAILED,,,,,
77449384,REQUEST_FAILED,,,,,
77449410,REQUEST_FAILED,,,,,
77449420,REQUEST_FAILED,,,,,
77449561,deadAbandoned,SALES ENCYCLOPEDIA,"Feb. 02, 2009","Chapin, Robert J.",,johnchapin@completeselling.com
77449516,REQUEST_FAILED,,,,,
77449556,REQUEST_FAILED,,,,,
77449681,deadAbandoned,CRU,"Feb. 02, 2009",CRU Inc.,,tbradfield@live.com
77449647,REQUEST_FAILED,,,,,
77449650,REQUEST_FAILED,,,,,
77449684,REQUEST_FAILED,,,,,
77449824,deadAbandoned,SB SHYBEAR CLOTHING,"Aug. 17, 2009",Turner Theodore,,candtclothing@aol.com
77449791,REQUEST_FAILED,,,,,
77449811,REQUEST_FAILED,,,,,
77449802,REQUEST_FAILED,,,,,
77449857,deadAbandoned,X AMPKOOLSTUFF,"Oct. 26, 2009","J's Mobile Interactions, LLC",,info@ampkoolstuff.com
77449858,deadAbandoned,FREE CREMATION,"Feb. 05, 2009","In The Vault, Inc.",,customerservice@cremations4free.com
77449848,REQUEST_FAILED,,,,,
77449987,REQUEST_FAILED,,,,,
77449935,REQUEST_FAILED,,,,,
77449939,REQUEST_FAILED,,,,,
77450018,REQUEST_FAILED,,,,,
77450049,REQUEST_FAILED,,,,,
77450078,REQUEST_FAILED,,,,,
77450125,REQUEST_FAILED,,,,,
77450141,REQUEST_FAILED,,,,,
77450154,REQUEST_FAILED,,,,,
77450167,REQUEST_FAILED,,,,,
77450171,REQUEST_FAILED,,,,,
77450180,REQUEST_FAILED,,,,,
77450218,REQUEST_FAILED,,,,,
77450233,REQUEST_FAILED,,,,,
77450249,REQUEST_FAILED,,,,,
77450244,REQUEST_FAILED,,,,,
77450281,REQUEST_FAILED,,,,,
77450290,REQUEST_FAILED,,,,,
77450319,deadAbandoned,GNO,"Sep. 21, 2009","Lee, John A.",,crackpixels@gmail.com
77450314,deadAbandoned,MISCHIEF BREWING,"Jul. 13, 2009","Gladding, Derek",,derek@ebollocks.net
77450324,REQUEST_FAILED,,,,,
77450325,REQUEST_FAILED,,,,,
77450329,REQUEST_FAILED,,,,,
77450359,deadAbandoned,MY MAGICAL WORLD,"Jul. 20, 2009",Clear Gate Productions LLC,,us@cleargateproductions.com
77450361,deadAbandoned,MY MAGICAL WORLD,"Jul. 13, 2009",Clear Gate Productions LLC,,us@cleargateproductions.com
77450336,REQUEST_FAILED,,,,,
77450352,REQUEST_FAILED,,,,,
77450362,deadAbandoned,MY MAGICAL WORLD,"Sep. 21, 2009",Clear Gate Productions LLC,,us@cleargateproductions.com
77450377,deadAbandoned,CAMPOMAR NATURE,"Mar. 31, 2009","CAMPOMAR NATURE, S.L.",,exportacion@campomarnature.com
77450365,REQUEST_FAILED,,,,,
77450373,REQUEST_FAILED,,,,,
77450374,REQUEST_FAILED,,,,,
77450378,deadAbandoned,HIGH ALTITUDE WARFARE,"Sep. 04, 2009",Ubisoft Entertainment,,
77450375,REQUEST_FAILED,,,,,
77450492,REQUEST_FAILED,,,,,
77450513,REQUEST_FAILED,,,,,
77450520,REQUEST_FAILED,,,,,
77450547,REQUEST_FAILED,,,,,
77450558,REQUEST_FAILED,,,,,
77450577,REQUEST_FAILED,,,,,
77450584,REQUEST_FAILED,,,,,
77450600,REQUEST_FAILED,,,,,
77450633,REQUEST_FAILED,,,,,
77450685,REQUEST_FAILED,,,,,
77450700,REQUEST_FAILED,,,,,
77450704,REQUEST_FAILED,,,,,
77450736,deadAbandoned,CONTRACT AUTHORITY,"Nov. 23, 2009",Contract Authority,,
77450794,deadAbandoned,Z-EDGE,"Jun. 08, 2009","Romar Universal, Inc.",,romario40@gmail.com
77450791,deadAbandoned,RBUSY,"Aug. 20, 2009","McGraw, Michael M",,mcgrawhaul@yahoo.com
77450786,deadAbandoned,SURGE,"Jan. 13, 2009","Romar Universal, Inc.",,romario40@gmail.com
77450765,REQUEST_FAILED,,,,,
77450797,REQUEST_FAILED,,,,,
77450905,deadAbandoned,401K NAVIGATOR,"Feb. 10, 2009","Rich Investments, Inc.",,KFRichInv@aol.com
77450839,REQUEST_FAILED,,,,,
77450996,REQUEST_FAILED,,,,,
77451239,deadAbandoned,INTRAWAY,"Feb. 01, 2009",INTRAWAY CORPORATION SRL,,info@intraway.com
77451256,deadAbandoned,EXERGAME ZONE KIDS ACTIVITY ARCADE WHERE KIDS GET FIT! WWW.EXERGAMEZONE.COM,"Feb. 01, 2009",Jonathan Jarashow,,isaac@incbypro.com
77451097,REQUEST_FAILED,,,,,
77451175,REQUEST_FAILED,,,,,
77451302,deadAbandoned,SPORTSNATION.FM,"Aug. 04, 2009","J.A.D.E ENTERTAINMENT, LLC",,akins2210@gmail.com
77451193,REQUEST_FAILED,,,,,
77451208,REQUEST_FAILED,,,,,
77451247,REQUEST_FAILED,,,,,
77451312,REQUEST_FAILED,,,,,
77451352,deadAbandoned,BAGATEL,"Jan. 31, 2009",West Select B.V.,,info@hortisusa.com
77451317,REQUEST_FAILED,,,,,
77451333,REQUEST_FAILED,,,,,
77451428,deadAbandoned,ETIKO,"Jul. 13, 2009","Autonomie Project, Inc.",,anne@autonomieproject.com
77451421,REQUEST_FAILED,,,,,
77451425,REQUEST_FAILED,,,,,
77451491,deadAbandoned,JILLASS,"Aug. 09, 2009",Bryony Baker,,beaute@tech2u.com.au
77451440,REQUEST_FAILED,,,,,
77451444,REQUEST_FAILED,,,,,
77451494,deadAbandoned,NATION UNIVERSITY OF USA NUU,"Feb. 03, 2009","NATION UNIVERSITY OF USA, INC.",,artfix@163.com
77451509,REQUEST_FAILED,,,,,
77451512,REQUEST_FAILED,,,,,
77451522,REQUEST_FAILED,,,,,
77451710,deadAbandoned,OMEGA LITE,"Jan. 19, 2009",VeryWise Nutrition Limited,,nkcrawford@aol.com
77451567,REQUEST_FAILED,,,,,
77451649,REQUEST_FAILED,,,,,
77451699,REQUEST_FAILED,,,,,
77451715,REQUEST_FAILED,,,,,
77451726,deadAbandoned,PERTSOVKA,"Oct. 02, 2009","Maslyukov, Pavel",,maslyukov@yahoo.co.uk
77451785,REQUEST_FAILED,,,,,
77451800,REQUEST_FAILED,,,,,
77451868,deadAbandoned,TRIANA VENTURE PARTNERS,"Feb. 18, 2009","The Triana Group, Inc.",,bensedrine@yahoo.fr
77451854,REQUEST_FAILED,,,,,
77451870,REQUEST_FAILED,,,,,
77451899,REQUEST_FAILED,,,,,
77451916,deadAbandoned,LOUNGE LIZARD,"Feb. 17, 2009",MARC ANGELL,,MARC@PLANETHALO.COM
77451927,REQUEST_FAILED,,,,,
77451938,REQUEST_FAILED,,,,,
77452098,REQUEST_FAILED,,,,,
77452095,REQUEST_FAILED,,,,,
77452108,REQUEST_FAILED,,,,,
77452110,REQUEST_FAILED,,,,,
77452186,deadAbandoned,FLOWER DEMOCRACY,"Jul. 20, 2009",Flower Democracy LLC,,bills14@mac.com
77452123,REQUEST_FAILED,,,,,
77452132,deadAbandoned,COLLINSCLUB REWARDS,"Feb. 11, 2009","Collins, Charles A.",,buynow@collinsclub.com
77452127,REQUEST_FAILED,,,,,
77452125,REQUEST_FAILED,,,,,
77452199,REQUEST_FAILED,,,,,
77452236,REQUEST_FAILED,,,,,
77452244,REQUEST_FAILED,,,,,
77452406,REQUEST_FAILED,,,,,
77452437,REQUEST_FAILED,,,,,
77452476,REQUEST_FAILED,,,,,
77452479,REQUEST_FAILED,,,,,
77452508,REQUEST_FAILED,,,,,
77452513,REQUEST_FAILED,,,,,
77452609,REQUEST_FAILED,,,,,
77452654,deadAbandoned,FEUERPRO,"Feb. 13, 2009",RUSTECO LLC,,rusteco@aol.com
77452613,REQUEST_FAILED,,,,,
77452642,REQUEST_FAILED,,,,,
77452643,REQUEST_FAILED,,,,,
77452645,REQUEST_FAILED,,,,,
77452687,REQUEST_FAILED,,,,,
77452693,REQUEST_FAILED,,,,,
77452701,REQUEST_FAILED,,,,,
77452704,REQUEST_FAILED,,,,,
77452713,REQUEST_FAILED,,,,,
77452731,REQUEST_FAILED,,,,,
77452737,REQUEST_FAILED,,,,,
77452735,REQUEST_FAILED,,,,,
77452757,REQUEST_FAILED,,,,,
77452766,REQUEST_FAILED,,,,,
77452797,REQUEST_FAILED,,,,,
77452801,REQUEST_FAILED,,,,,
77452816,REQUEST_FAILED,,,,,
77452821,REQUEST_FAILED,,,,,
77452827,REQUEST_FAILED,,,,,
77452832,REQUEST_FAILED,,,,,
77452836,REQUEST_FAILED,,,,,
77452840,REQUEST_FAILED,,,,,
77452847,REQUEST_FAILED,,,,,
77452918,deadAbandoned,DONAIR,"Feb. 05, 2009",Big Daddy's Pizza and Donair LLC,,joemoran1968@hotmail.com
77452856,REQUEST_FAILED,,,,,
77452859,REQUEST_FAILED,,,,,
77452886,REQUEST_FAILED,,,,,
77452923,REQUEST_FAILED,,,,,
77452943,REQUEST_FAILED,,,,,
77452945,REQUEST_FAILED,,,,,
77452962,REQUEST_FAILED,,,,,
77452954,REQUEST_FAILED,,,,,
77452977,REQUEST_FAILED,,,,,
77452981,REQUEST_FAILED,,,,,
77452984,REQUEST_FAILED,,,,,
77452994,REQUEST_FAILED,,,,,
77452995,REQUEST_FAILED,,,,,
77453024,deadAbandoned,KITT SYSTEM,"Feb. 06, 2009",Kitt Communication LLC,,KL@Kittsystem.com
77453012,REQUEST_FAILED,,,,,
77453019,REQUEST_FAILED,,,,,
77453038,REQUEST_FAILED,,,,,
77453043,REQUEST_FAILED,,,,,
77453050,REQUEST_FAILED,,,,,
77453061,REQUEST_FAILED,,,,,
77453079,REQUEST_FAILED,,,,,
77453085,REQUEST_FAILED,,,,,
77453152,REQUEST_FAILED,,,,,
77453136,REQUEST_FAILED,,,,,
77453185,REQUEST_FAILED,,,,,
77453211,REQUEST_FAILED,,,,,
77453331,deadAbandoned,OXPASS,"Jul. 13, 2009","Prendergast, Gary",,
77453283,REQUEST_FAILED,,,,,
77453303,REQUEST_FAILED,,,,,
77453389,deadAbandoned,SOLARGYRO,"Feb. 12, 2009","Solar Gyro, LLC",,jpujari@solargyro.com
77453360,REQUEST_FAILED,,,,,
77453383,REQUEST_FAILED,,,,,
77453390,REQUEST_FAILED,,,,,
77453407,REQUEST_FAILED,,,,,
77453476,deadAbandoned,HATCH,"Feb. 06, 2009",Cristina Peffer,,cristina@hatchlingsonline.com
77453431,REQUEST_FAILED,,,,,
77453455,REQUEST_FAILED,,,,,
77453554,REQUEST_FAILED,,,,,
77453599,REQUEST_FAILED,,,,,
77453646,REQUEST_FAILED,,,,,
77453674,REQUEST_FAILED,,,,,
77453890,deadAbandoned,MOTHER ORCHID,"Aug. 24, 2009","Espinosa de los Monteros Orquidea Maria Antonieta, Alonso",,orquidea.alonso@gmail.com
77453717,REQUEST_FAILED,,,,,
77453776,REQUEST_FAILED,,,,,
77453910,REQUEST_FAILED,,,,,
77453913,REQUEST_FAILED,,,,,
77453966,REQUEST_FAILED,,,,,
77454020,REQUEST_FAILED,,,,,
77454049,deadAbandoned,BUNCO MADNESS,"Jan. 13, 2009",Imagination Holdings Pty Ltd,,tina-marie.carr@imagination.com.au
77454069,REQUEST_FAILED,,,,,
77454079,REQUEST_FAILED,,,,,
77454148,deadAbandoned,FAVOR,"Oct. 01, 2009",ICART Communications,,publisher@favormagonline.com
77454121,REQUEST_FAILED,,,,,
77454124,REQUEST_FAILED,,,,,
77454131,REQUEST_FAILED,,,,,
77454140,REQUEST_FAILED,,,,,
77454144,REQUEST_FAILED,,,,,
77454198,deadAbandoned,AMAMMA,"Apr. 09, 2009",Shanghai Mengte Instruments & Meters Co. Ltd.,,songmengli@yahoo.com
77454222,deadAbandoned,"KITE WRITE ""SEND YOUR MESSAGE TO HEAVEN ON THE WINGS OF A KITE""","Feb. 17, 2009","Humphreys, Sue E",,suehumphreys@comcast.net
77454151,REQUEST_FAILED,,,,,
77454168,REQUEST_FAILED,,,,,
77454300,deadAbandoned,FAIRY TALE,"Feb. 09, 2009",DISTILLERIE LES FILS D'EMILE PERNOT SODEX,,distillerie-emile-pernot@wanadoo.fr
77454181,REQUEST_FAILED,,,,,
77454228,REQUEST_FAILED,,,,,
77454284,REQUEST_FAILED,,,,,
77454285,REQUEST_FAILED,,,,,
77454395,deadAbandoned,AVIONS VOISIN,"Feb. 17, 2009",The Luxury Gap BV,,lievaart@luxurygap.com
77454324,REQUEST_FAILED,,,,,
77454337,REQUEST_FAILED,,,,,
77454345,REQUEST_FAILED,,,,,
77454365,REQUEST_FAILED,,,,,
77454413,REQUEST_FAILED,,,,,
77454419,REQUEST_FAILED,,,,,
77454431,REQUEST_FAILED,,,,,
77454443,REQUEST_FAILED,,,,,
77454454,REQUEST_FAILED,,,,,
77454474,REQUEST_FAILED,,,,,
77454484,REQUEST_FAILED,,,,,
77454504,REQUEST_FAILED,,,,,
77454531,REQUEST_FAILED,,,,,
77454532,REQUEST_FAILED,,,,,
77454577,REQUEST_FAILED,,,,,
77454618,REQUEST_FAILED,,,,,
77454612,REQUEST_FAILED,,,,,
77454584,REQUEST_FAILED,,,,,
77454680,REQUEST_FAILED,,,,,
77454684,REQUEST_FAILED,,,,,
77454699,REQUEST_FAILED,,,,,
77454724,REQUEST_FAILED,,,,,
77454835,REQUEST_FAILED,,,,,
77454946,deadAbandoned,PTN POKERTRAININGNETWORK.COM LEARN · PLAY · EARN,"Nov. 11, 2009",PokerTrainingNetwork.com LLC,,dennis@ptnsoft.com
77454869,REQUEST_FAILED,,,,,
77454877,REQUEST_FAILED,,,,,
77454882,REQUEST_FAILED,,,,,
77454943,REQUEST_FAILED,,,,,
77454975,REQUEST_FAILED,,,,,
77454982,REQUEST_FAILED,,,,,
77455097,deadAbandoned,POKER EDGE,"Nov. 11, 2009",PokerTrainingNetwork.com LLC,,dennis@ptnsoft.com
77455010,REQUEST_FAILED,,,,,
77455040,REQUEST_FAILED,,,,,
77455082,REQUEST_FAILED,,,,,
77455099,REQUEST_FAILED,,,,,
77455109,REQUEST_FAILED,,,,,
77455135,deadAbandoned,PALM BEACH MUSTARD,"Feb. 08, 2009","Tengler Cherepy, Christine T",,ccherepy@hotmail.com
77455131,REQUEST_FAILED,,,,,
77455145,REQUEST_FAILED,,,,,
77455178,REQUEST_FAILED,,,,,
77455181,REQUEST_FAILED,,,,,
77455259,deadAbandoned,HOPE MEDICAL UNIVERSITY,"Feb. 10, 2009","Brar, Gurmohan",,
77455220,REQUEST_FAILED,,,,,
77455244,REQUEST_FAILED,,,,,
77455282,deadAbandoned,"HOPE MEDICAL UNIVERSITY CURAÇAO, N.A.","Feb. 10, 2009","Brar, Gurmohan",,
77455249,REQUEST_FAILED,,,,,
77455272,REQUEST_FAILED,,,,,
77455289,REQUEST_FAILED,,,,,
77455309,REQUEST_FAILED,,,,,
77455312,REQUEST_FAILED,,,,,
77455350,deadAbandoned,DK OR DIE,"Feb. 13, 2009",Ragevol LLC,,ragevol@gmail.com
77455353,REQUEST_FAILED,,,,,
77455429,deadAbandoned,SUN KISSED BUD,"Mar. 12, 2009","Meshulam, Ayelet",,
77455404,REQUEST_FAILED,,,,,
77455420,REQUEST_FAILED,,,,,
77455427,REQUEST_FAILED,,,,,
77455518,deadAbandoned,THE PERFECT SWAG,"Feb. 14, 2009",The Perfect Swag,,nicole@perfectswag.com
77455461,REQUEST_FAILED,,,,,
77455498,REQUEST_FAILED,,,,,
77455506,REQUEST_FAILED,,,,,
77455523,REQUEST_FAILED,,,,,
77455566,REQUEST_FAILED,,,,,
77455572,REQUEST_FAILED,,,,,
77455623,REQUEST_FAILED,,,,,
77455652,REQUEST_FAILED,,,,,
77455638,REQUEST_FAILED,,,,,
77455653,REQUEST_FAILED,,,,,
77455662,REQUEST_FAILED,,,,,
77455672,REQUEST_FAILED,,,,,
77455688,REQUEST_FAILED,,,,,
77455696,REQUEST_FAILED,,,,,
77455728,REQUEST_FAILED,,,,,
77455732,REQUEST_FAILED,,,,,
77455738,REQUEST_FAILED,,,,,
77455811,REQUEST_FAILED,,,,,
77455855,REQUEST_FAILED,,,,,
77455867,REQUEST_FAILED,,,,,
77455885,REQUEST_FAILED,,,,,
77455944,REQUEST_FAILED,,,,,
77455950,REQUEST_FAILED,,,,,
77456001,REQUEST_FAILED,,,,,
77456010,REQUEST_FAILED,,,,,
77456020,REQUEST_FAILED,,,,,
77456096,deadAbandoned,NEKTAR FUN FRUITY AND FLAVORFUL FROZEN DRINKS,"Feb. 14, 2009",Beverage Solutions Group LLC,,sthompson@buybsg.com
77456080,REQUEST_FAILED,,,,,
77456089,REQUEST_FAILED,,,,,
77456104,REQUEST_FAILED,,,,,
77456143,REQUEST_FAILED,,,,,
77456157,REQUEST_FAILED,,,,,
77456190,REQUEST_FAILED,,,,,
77456205,REQUEST_FAILED,,,,,
77456219,REQUEST_FAILED,,,,,
77456208,REQUEST_FAILED,,,,,
77456232,REQUEST_FAILED,,,,,
77456290,deadAbandoned,WE ARE BODIES TO DIE FOR - SOUL TO CRY FOR,"Nov. 09, 2009","ND Rights, LLC",,
77456244,REQUEST_FAILED,,,,,
77456259,REQUEST_FAILED,,,,,
77456255,REQUEST_FAILED,,,,,
77456263,REQUEST_FAILED,,,,,
77456285,REQUEST_FAILED,,,,,
77456340,REQUEST_FAILED,,,,,
77456348,REQUEST_FAILED,,,,,
77456301,REQUEST_FAILED,,,,,
77456359,REQUEST_FAILED,,,,,
77456370,REQUEST_FAILED,,,,,
77456375,REQUEST_FAILED,,,,,
77456442,deadAbandoned,BASE BROOKLYN,"Feb. 09, 2009","Sussman, David",,factoryrims@aol.com
77456383,REQUEST_FAILED,,,,,
77456446,REQUEST_FAILED,,,,,
77456468,deadAbandoned,ZINGGO! SUPERFOOD,"Feb. 10, 2009","Dr. Good Carb, Inc.",,ek@drgoodcarbs.com
77456451,REQUEST_FAILED,,,,,
77456477,deadAbandoned,FAVO,"Feb. 08, 2009","Streaming21, Inc.",,selena.yu@streaming21.com
77456463,REQUEST_FAILED,,,,,
77456459,REQUEST_FAILED,,,,,
77456464,REQUEST_FAILED,,,,,
77456480,deadAbandoned,ICHARGE,"Feb. 07, 2009","Amrani, Hussein",,
77456475,REQUEST_FAILED,,,,,
77456478,REQUEST_FAILED,,,,,
77456479,REQUEST_FAILED,,,,,
77456482,REQUEST_FAILED,,,,,
77456481,REQUEST_FAILED,,,,,
77456487,REQUEST_FAILED,,,,,
77456488,REQUEST_FAILED,,,,,
77456492,REQUEST_FAILED,,,,,
77456496,REQUEST_FAILED,,,,,
77456500,REQUEST_FAILED,,,,,
77456516,REQUEST_FAILED,,,,,
77456517,REQUEST_FAILED,,,,,
77456520,REQUEST_FAILED,,,,,
77456522,REQUEST_FAILED,,,,,
77456523,REQUEST_FAILED,,,,,
77456533,REQUEST_FAILED,,,,,
77456556,REQUEST_FAILED,,,,,
77456563,deadAbandoned,DELAHAYE,"Feb. 17, 2009",The Luxury Gap BV,,lievaart@luxurygap.com
77456557,REQUEST_FAILED,,,,,
77456584,REQUEST_FAILED,,,,,
77456626,REQUEST_FAILED,,,,,
77456627,REQUEST_FAILED,,,,,
77456629,REQUEST_FAILED,,,,,
77456661,REQUEST_FAILED,,,,,
77456676,REQUEST_FAILED,,,,,
77456699,REQUEST_FAILED,,,,,
77456726,REQUEST_FAILED,,,,,
77456751,REQUEST_FAILED,,,,,
77456809,REQUEST_FAILED,,,,,
77456838,REQUEST_FAILED,,,,,
77456857,REQUEST_FAILED,,,,,
77456859,REQUEST_FAILED,,,,,
77456882,deadAbandoned,ROCK,"Sep. 07, 2009","Duclair, Wilbert",,wildluv@optonline.net
77456860,REQUEST_FAILED,,,,,
77456867,REQUEST_FAILED,,,,,
77456873,REQUEST_FAILED,,,,,
77456886,REQUEST_FAILED,,,,,
77456887,REQUEST_FAILED,,,,,
77456903,REQUEST_FAILED,,,,,
77456928,deadAbandoned,MORTGAGE LOAN BUYER,"Feb. 17, 2009","MorCap Fund Advisors, LLC",,cneil@morcapadvisors.com
77456923,REQUEST_FAILED,,,,,
77456930,REQUEST_FAILED,,,,,
77456933,REQUEST_FAILED,,,,,
77456938,REQUEST_FAILED,,,,,
77456935,REQUEST_FAILED,,,,,
77456942,REQUEST_FAILED,,,,,
77456946,REQUEST_FAILED,,,,,
77456954,REQUEST_FAILED,,,,,
77456955,REQUEST_FAILED,,,,,
77456973,deadAbandoned,FRONT ROW FOUNDATION,"Feb. 13, 2009","Vroman, Jonathan R",,
77456958,REQUEST_FAILED,,,,,
77456962,REQUEST_FAILED,,,,,
77456968,REQUEST_FAILED,,,,,
77456970,REQUEST_FAILED,,,,,
77456980,REQUEST_FAILED,,,,,
77456993,REQUEST_FAILED,,,,,
77456998,REQUEST_FAILED,,,,,
77456997,REQUEST_FAILED,,,,,
77457004,REQUEST_FAILED,,,,,
77457005,REQUEST_FAILED,,,,,
77457022,REQUEST_FAILED,,,,,
77457026,REQUEST_FAILED,,,,,
77457055,REQUEST_FAILED,,,,,
77457057,deadAbandoned,CELLULAR PHARMACIST,"Feb. 16, 2009","Bioactive Therapeutics, Inc.",,
77457068,REQUEST_FAILED,,,,,
77457094,REQUEST_FAILED,,,,,
77457101,REQUEST_FAILED,,,,,
77457108,REQUEST_FAILED,,,,,
77457131,REQUEST_FAILED,,,,,
77457193,REQUEST_FAILED,,,,,
77457175,REQUEST_FAILED,,,,,
77457212,REQUEST_FAILED,,,,,
77457229,REQUEST_FAILED,,,,,
77457285,REQUEST_FAILED,,,,,
77457294,REQUEST_FAILED,,,,,
77457339,deadAbandoned,ASSETRY,"Jun. 22, 2009","Sangudi, Gerald",,sangudi@gmail.com
77457327,REQUEST_FAILED,,,,,
77457334,REQUEST_FAILED,,,,,
77457333,REQUEST_FAILED,,,,,
77457352,REQUEST_FAILED,,,,,
77457355,REQUEST_FAILED,,,,,
77457402,REQUEST_FAILED,,,,,
77457412,REQUEST_FAILED,,,,,
77457428,REQUEST_FAILED,,,,,
77457414,REQUEST_FAILED,,,,,
77457479,REQUEST_FAILED,,,,,
77457494,deadAbandoned,CONTOURPLUS,"Feb. 11, 2009","Reid, Tony",,tony@reidsleeve.com
77457493,REQUEST_FAILED,,,,,
77457512,REQUEST_FAILED,,,,,
77457511,REQUEST_FAILED,,,,,
77457519,REQUEST_FAILED,,,,,
77457605,deadAbandoned,SCHOOLCENTRAL,"Feb. 12, 2009","Zebra Mobile, Inc.",,vince.broerman@zebramm.com
77457530,REQUEST_FAILED,,,,,
77457542,REQUEST_FAILED,,,,,
77457545,REQUEST_FAILED,,,,,
77457591,REQUEST_FAILED,,,,,
77457597,REQUEST_FAILED,,,,,
77457637,deadAbandoned,YOU-YOU,"Jul. 13, 2009","LICHTIG, BERNARD TED",,blichtig@imagen-canarias.com
77457629,REQUEST_FAILED,,,,,
77457653,deadAbandoned,JUMPIN KANGAROO JAC'S,"Nov. 09, 2009","KANGAROO JAC'S, INC.",,
77457615,REQUEST_FAILED,,,,,
77457636,REQUEST_FAILED,,,,,
77457649,REQUEST_FAILED,,,,,
77457650,REQUEST_FAILED,,,,,
77457664,REQUEST_FAILED,,,,,
77457674,REQUEST_FAILED,,,,,
77457680,REQUEST_FAILED,,,,,
77457683,REQUEST_FAILED,,,,,
77457698,deadAbandoned,TRY IT FOR TEN,"May 04, 2009","Verheem, Johann B.",,johann@eqmedia.com
77457703,REQUEST_FAILED,,,,,
77457753,REQUEST_FAILED,,,,,
77457731,REQUEST_FAILED,,,,,
77457739,REQUEST_FAILED,,,,,
77457812,REQUEST_FAILED,,,,,
77457858,REQUEST_FAILED,,,,,
77457877,REQUEST_FAILED,,,,,
77457881,REQUEST_FAILED,,,,,
77457890,REQUEST_FAILED,,,,,
77457919,REQUEST_FAILED,,,,,
77457953,REQUEST_FAILED,,,,,
77457959,REQUEST_FAILED,,,,,
77457990,REQUEST_FAILED,,,,,
77457992,REQUEST_FAILED,,,,,
77458045,REQUEST_FAILED,,,,,
77458051,REQUEST_FAILED,,,,,
77458061,REQUEST_FAILED,,,,,
77458082,REQUEST_FAILED,,,,,
77458169,deadAbandoned,GRINDIN,"Feb. 12, 2009","GRINDIN SKATE SHOP, INC.",,JSJL24@AOL.COM
77458112,REQUEST_FAILED,,,,,
77458130,REQUEST_FAILED,,,,,
77458133,REQUEST_FAILED,,,,,
77458168,REQUEST_FAILED,,,,,
77458262,deadAbandoned,ICRAZE,"May 18, 2009","WhatNow, Inc.",,
77458186,REQUEST_FAILED,,,,,
77458227,REQUEST_FAILED,,,,,
77458287,REQUEST_FAILED,,,,,
77458365,deadAbandoned,TWO-A-DAYS,"Feb. 23, 2009","Horizon Entertainment and Productions, LLC",,js@horizonent.tv
77458296,REQUEST_FAILED,,,,,
77458290,REQUEST_FAILED,,,,,
77458331,REQUEST_FAILED,,,,,
77458351,REQUEST_FAILED,,,,,
77458360,REQUEST_FAILED,,,,,
77458369,REQUEST_FAILED,,,,,
77458437,REQUEST_FAILED,,,,,
77458377,REQUEST_FAILED,,,,,
77458471,REQUEST_FAILED,,,,,
77458506,REQUEST_FAILED,,,,,
77458497,REQUEST_FAILED,,,,,
77458529,REQUEST_FAILED,,,,,
77458538,REQUEST_FAILED,,,,,
77458540,REQUEST_FAILED,,,,,
77458543,REQUEST_FAILED,,,,,
77458551,REQUEST_FAILED,,,,,
77458563,REQUEST_FAILED,,,,,
77458576,REQUEST_FAILED,,,,,
77458598,REQUEST_FAILED,,,,,
77458603,REQUEST_FAILED,,,,,
77458614,REQUEST_FAILED,,,,,
77458672,REQUEST_FAILED,,,,,
77458674,REQUEST_FAILED,,,,,
77458684,REQUEST_FAILED,,,,,
77458697,REQUEST_FAILED,,,,,
77458704,REQUEST_FAILED,,,,,
77458706,REQUEST_FAILED,,,,,
77458713,deadAbandoned,AIRNOW!,"Feb. 13, 2009","Fourcher, Fred",,areschke@bitcentral.com
77458741,REQUEST_FAILED,,,,,
77458748,REQUEST_FAILED,,,,,
77458771,REQUEST_FAILED,,,,,
77458756,REQUEST_FAILED,,,,,
77458777,REQUEST_FAILED,,,,,
77458788,REQUEST_FAILED,,,,,
77458794,REQUEST_FAILED,,,,,
77458800,REQUEST_FAILED,,,,,
77458805,REQUEST_FAILED,,,,,
77458841,deadAbandoned,KWAME KILLED MY CITY,"Apr. 03, 2009","Majka, Anthony G.",,mboyddd@aol.com
77458828,REQUEST_FAILED,,,,,
77458839,REQUEST_FAILED,,,,,
77458863,deadAbandoned,WORTH THE WAIT BOUTIQUE,"Feb. 12, 2009","Lowe, M Elizabeth",,worththewaitboutique@yahoo.com
77458851,REQUEST_FAILED,,,,,
77458873,REQUEST_FAILED,,,,,
77458877,REQUEST_FAILED,,,,,
77458886,REQUEST_FAILED,,,,,
77458892,REQUEST_FAILED,,,,,
77458896,REQUEST_FAILED,,,,,
77458911,REQUEST_FAILED,,,,,
77458921,REQUEST_FAILED,,,,,
77458937,REQUEST_FAILED,,,,,
77458964,deadAbandoned,CAFFE DOLCE,"Feb. 16, 2009",Caffe Dolce Inc,,ampetrut@yahoo.com
77458963,REQUEST_FAILED,,,,,
77458966,REQUEST_FAILED,,,,,
77458972,REQUEST_FAILED,,,,,
77458974,REQUEST_FAILED,,,,,
77458997,deadAbandoned,MIILQ,"Feb. 17, 2009","Melarti, Hanna Sabina",,smelarti@yahoo.com
77458989,REQUEST_FAILED,,,,,
77458996,REQUEST_FAILED,,,,,
77459003,deadAbandoned,JUS SAY N,"Jun. 15, 2009",Shellena M. Ansag,,
77459004,REQUEST_FAILED,,,,,
77459017,REQUEST_FAILED,,,,,
77459021,REQUEST_FAILED,,,,,
77459026,REQUEST_FAILED,,,,,
77459024,REQUEST_FAILED,,,,,
77459037,REQUEST_FAILED,,,,,
77459041,deadAbandoned,BALD HEAD BREWERY,"Feb. 12, 2009","Gray, Andrew Bass",,abgray@gmail.com
77459040,REQUEST_FAILED,,,,,
77459043,REQUEST_FAILED,,,,,
77459054,deadAbandoned,MOSSY ROCK,"Feb. 12, 2009","Mayweather, Floyd J.",,beschelle@fmjf.org
77459047,REQUEST_FAILED,,,,,
77459048,REQUEST_FAILED,,,,,
77459053,REQUEST_FAILED,,,,,
77459055,REQUEST_FAILED,,,,,
77459070,REQUEST_FAILED,,,,,
77459072,REQUEST_FAILED,,,,,
77459073,REQUEST_FAILED,,,,,
77459074,REQUEST_FAILED,,,,,
77459079,REQUEST_FAILED,,,,,
77459090,REQUEST_FAILED,,,,,
77459095,deadAbandoned,BALL-E,"Feb. 13, 2009",kelvin lebeaux,,kelvinlebeaux@comcast.net
77459092,REQUEST_FAILED,,,,,
77459093,REQUEST_FAILED,,,,,
77459121,deadAbandoned,DARKA PREMIUM,"Feb. 17, 2009",ANEKS GROUP LTD,,profi@is.com.pl
77459097,REQUEST_FAILED,,,,,
77459108,REQUEST_FAILED,,,,,
77459106,REQUEST_FAILED,,,,,
77459105,REQUEST_FAILED,,,,,
77459122,REQUEST_FAILED,,,,,
77459188,REQUEST_FAILED,,,,,
77459201,REQUEST_FAILED,,,,,
77459226,REQUEST_FAILED,,,,,
77459232,REQUEST_FAILED,,,,,
77459242,REQUEST_FAILED,,,,,
77459279,REQUEST_FAILED,,,,,
77459289,REQUEST_FAILED,,,,,
77459327,REQUEST_FAILED,,,,,
77459331,REQUEST_FAILED,,,,,
77459332,REQUEST_FAILED,,,,,
77459399,REQUEST_FAILED,,,,,
77459403,REQUEST_FAILED,,,,,
77459409,REQUEST_FAILED,,,,,
77459410,REQUEST_FAILED,,,,,
77459461,REQUEST_FAILED,,,,,
77459482,REQUEST_FAILED,,,,,
77459484,REQUEST_FAILED,,,,,
77459491,REQUEST_FAILED,,,,,
77459489,REQUEST_FAILED,,,,,
77459497,REQUEST_FAILED,,,,,
77459517,REQUEST_FAILED,,,,,
77459619,REQUEST_FAILED,,,,,
77459676,REQUEST_FAILED,,,,,
77459685,REQUEST_FAILED,,,,,
77459707,REQUEST_FAILED,,,,,
77459715,REQUEST_FAILED,,,,,
77459723,REQUEST_FAILED,,,,,
77459763,REQUEST_FAILED,,,,,
77459765,REQUEST_FAILED,,,,,
77459803,REQUEST_FAILED,,,,,
77459846,REQUEST_FAILED,,,,,
77459931,REQUEST_FAILED,,,,,
77459949,REQUEST_FAILED,,,,,
77459952,REQUEST_FAILED,,,,,
77459958,REQUEST_FAILED,,,,,
77459963,REQUEST_FAILED,,,,,
77459971,REQUEST_FAILED,,,,,
77459973,REQUEST_FAILED,,,,,
77460000,REQUEST_FAILED,,,,,
77460023,REQUEST_FAILED,,,,,
77460045,REQUEST_FAILED,,,,,
77460082,REQUEST_FAILED,,,,,
77460109,REQUEST_FAILED,,,,,
77460136,REQUEST_FAILED,,,,,
77460138,REQUEST_FAILED,,,,,
77460144,REQUEST_FAILED,,,,,
77460146,REQUEST_FAILED,,,,,
77460152,REQUEST_FAILED,,,,,
77460162,REQUEST_FAILED,,,,,
77460191,deadAbandoned,WITHOUT YOU THERE IS NO US,"Feb. 20, 2009",Jeanne Capriola,,ccsny1@yahoo.com
77460174,REQUEST_FAILED,,,,,
77460177,REQUEST_FAILED,,,,,
77460184,REQUEST_FAILED,,,,,
77460203,REQUEST_FAILED,,,,,
77460202,REQUEST_FAILED,,,,,
77460239,deadAbandoned,AZIENDA ARGICOLA LA QUERCIOLA,"Feb. 14, 2009","SARDO, GIOVANNI, MR",,masseriadelduca@alice.it
77460208,REQUEST_FAILED,,,,,
77460209,REQUEST_FAILED,,,,,
77460219,REQUEST_FAILED,,,,,
77460226,REQUEST_FAILED,,,,,
77460248,REQUEST_FAILED,,,,,
77460259,REQUEST_FAILED,,,,,
77460293,REQUEST_FAILED,,,,,
77460388,REQUEST_FAILED,,,,,
77460380,REQUEST_FAILED,,,,,
77460422,REQUEST_FAILED,,,,,
77460495,deadAbandoned,"WINDY CITY SOLAR, LLC.","Feb. 17, 2009",Ryan Boyles,,windycitysolar@gmail.com
77460444,REQUEST_FAILED,,,,,
77460479,REQUEST_FAILED,,,,,
77460484,REQUEST_FAILED,,,,,
77460489,REQUEST_FAILED,,,,,
77460496,REQUEST_FAILED,,,,,
77460498,REQUEST_FAILED,,,,,
77460502,REQUEST_FAILED,,,,,
77460517,REQUEST_FAILED,,,,,
77460587,REQUEST_FAILED,,,,,
77460592,REQUEST_FAILED,,,,,
77460601,REQUEST_FAILED,,,,,
77460607,REQUEST_FAILED,,,,,
77460632,deadAbandoned,BLUE SKY CLEAN AIR SHIPPING POWERED BY BIODIESEL,"Feb. 13, 2009","Blue Sky Shipping, LLC",,info@blueskyshipping.com
77460612,REQUEST_FAILED,,,,,
77460621,REQUEST_FAILED,,,,,
77460672,REQUEST_FAILED,,,,,
77460718,REQUEST_FAILED,,,,,
77460754,REQUEST_FAILED,,,,,
77460770,REQUEST_FAILED,,,,,
77460783,REQUEST_FAILED,,,,,
77460793,REQUEST_FAILED,,,,,
77460799,REQUEST_FAILED,,,,,
77460813,REQUEST_FAILED,,,,,
77460825,REQUEST_FAILED,,,,,
77460835,REQUEST_FAILED,,,,,
77460874,deadAbandoned,REVOLUTION WATERLESS CARWASH,"Feb. 17, 2009","Gabuya, Rodney, P",,gabuya66@gmail.com
77460857,REQUEST_FAILED,,,,,
77460901,REQUEST_FAILED,,,,,
77460898,REQUEST_FAILED,,,,,
77460905,REQUEST_FAILED,,,,,
77460929,REQUEST_FAILED,,,,,
77460964,REQUEST_FAILED,,,,,
77460977,REQUEST_FAILED,,,,,
77461144,deadAbandoned,U.S.,"Feb. 23, 2009","Bevacqua, Jonas G.",,jonas@l-r-g.com
77461027,REQUEST_FAILED,,,,,
77461043,REQUEST_FAILED,,,,,
77461123,REQUEST_FAILED,,,,,
77461128,REQUEST_FAILED,,,,,
77461150,REQUEST_FAILED,,,,,
77461176,REQUEST_FAILED,,,,,
77461177,REQUEST_FAILED,,,,,
77461184,REQUEST_FAILED,,,,,
77461204,REQUEST_FAILED,,,,,
77461210,REQUEST_FAILED,,,,,
77461213,REQUEST_FAILED,,,,,
77461244,REQUEST_FAILED,,,,,
77461269,REQUEST_FAILED,,,,,
77461286,deadAbandoned,"""BUY IT...WHOLESALE"" WITH 100% PROOF.","Feb. 23, 2009","musich, tara b",,dorothyandchuck@gmail.com
77461295,REQUEST_FAILED,,,,,
77461304,REQUEST_FAILED,,,,,
77461311,REQUEST_FAILED,,,,,
77461314,REQUEST_FAILED,,,,,
77461333,deadAbandoned,CLEAN PLANET FUND,"Feb. 24, 2009","Mount, Dennis W",,dennismount@rogers.com
77461321,REQUEST_FAILED,,,,,
77461322,REQUEST_FAILED,,,,,
77461332,REQUEST_FAILED,,,,,
77461404,deadAbandoned,BLESSID UNION OF SOULS,"Feb. 20, 2009","Pence, Jeff",,jpbuos@mac.com
77461335,REQUEST_FAILED,,,,,
77461360,REQUEST_FAILED,,,,,
77461400,REQUEST_FAILED,,,,,
77461416,deadAbandoned,STYRENEWOOD,"Feb. 16, 2009",DRAGON ASSET LIMITED,,tm@acip.cn
77461406,REQUEST_FAILED,,,,,
77461409,REQUEST_FAILED,,,,,
77461411,REQUEST_FAILED,,,,,
77461414,REQUEST_FAILED,,,,,
77461432,deadAbandoned,EYES FOR LIFE,"Feb. 17, 2009","Frankel, Barry A",,barryafran@aol.com
77461431,REQUEST_FAILED,,,,,
77461436,REQUEST_FAILED,,,,,
77461439,REQUEST_FAILED,,,,,
77461441,REQUEST_FAILED,,,,,
77461440,REQUEST_FAILED,,,,,
77461446,REQUEST_FAILED,,,,,
77461454,REQUEST_FAILED,,,,,
77461455,REQUEST_FAILED,,,,,
77461460,REQUEST_FAILED,,,,,
77461479,REQUEST_FAILED,,,,,
77461480,REQUEST_FAILED,,,,,
77461592,deadAbandoned,ELWEBMASTER,"Feb. 19, 2009","Net Mojo, Inc.",,lucas@netmojo.com
77461531,REQUEST_FAILED,,,,,
77461559,REQUEST_FAILED,,,,,
77461562,REQUEST_FAILED,,,,,
77461613,REQUEST_FAILED,,,,,
77461617,REQUEST_FAILED,,,,,
77461618,REQUEST_FAILED,,,,,
77461624,REQUEST_FAILED,,,,,
77461640,REQUEST_FAILED,,,,,
77461673,REQUEST_FAILED,,,,,
77461675,REQUEST_FAILED,,,,,
77461718,REQUEST_FAILED,,,,,
77461729,REQUEST_FAILED,,,,,
77461726,REQUEST_FAILED,,,,,
77461739,REQUEST_FAILED,,,,,
77461744,REQUEST_FAILED,,,,,
77461749,REQUEST_FAILED,,,,,
77461768,REQUEST_FAILED,,,,,
77461770,REQUEST_FAILED,,,,,
77461790,REQUEST_FAILED,,,,,
77461792,REQUEST_FAILED,,,,,
77461815,REQUEST_FAILED,,,,,
77461927,REQUEST_FAILED,,,,,
77461871,REQUEST_FAILED,,,,,
77461942,REQUEST_FAILED,,,,,
77461970,REQUEST_FAILED,,,,,
77462021,REQUEST_FAILED,,,,,
77462000,REQUEST_FAILED,,,,,
77462050,REQUEST_FAILED,,,,,
77462086,REQUEST_FAILED,,,,,
77462090,REQUEST_FAILED,,,,,
77462098,REQUEST_FAILED,,,,,
77462105,REQUEST_FAILED,,,,,
77462226,deadAbandoned,CYMBALSONLY,"Apr. 03, 2009","Costello III, Anthony",,tony@cymbalsonly.com
77462172,REQUEST_FAILED,,,,,
77462191,REQUEST_FAILED,,,,,
77462214,REQUEST_FAILED,,,,,
77462248,deadAbandoned,SA SCHEER ATLANTIC CO INC,"Aug. 06, 2009",Scheer Atlantic Co Inc,,Scheer35@gmail.com
77462223,REQUEST_FAILED,,,,,
77462215,REQUEST_FAILED,,,,,
77462299,deadAbandoned,THICKSATION,"Jul. 13, 2009","Foster, Krystal N.",,thicksational@gmail.com
77462246,REQUEST_FAILED,,,,,
77462227,REQUEST_FAILED,,,,,
77462276,REQUEST_FAILED,,,,,
77462311,REQUEST_FAILED,,,,,
77462334,REQUEST_FAILED,,,,,
77462362,REQUEST_FAILED,,,,,
77462371,REQUEST_FAILED,,,,,
77462390,REQUEST_FAILED,,,,,
77462400,REQUEST_FAILED,,,,,
77462395,REQUEST_FAILED,,,,,
77462453,deadAbandoned,None,"Feb. 20, 2009","Heuer, Marvin",,kcheng@hcgicorp.com
77462409,REQUEST_FAILED,,,,,
77462449,REQUEST_FAILED,,,,,
77462489,deadAbandoned,VOTRE PASO,"Aug. 10, 2009","Perney, Joanna L.",,joannaperney@yahoo.com
77462456,REQUEST_FAILED,,,,,
77462481,REQUEST_FAILED,,,,,
77462490,deadAbandoned,BURP MONSTER,"Feb. 17, 2009",Frank & Me llc,,lauren@twobird-clothing.com
77462503,deadAbandoned,MOMMY MEDITATIONS,"Aug. 13, 2009","Bailey, Devin S.",,devinsbailey@hotmail.com
77462508,REQUEST_FAILED,,,,,
77462521,REQUEST_FAILED,,,,,
77462529,REQUEST_FAILED,,,,,
77462532,REQUEST_FAILED,,,,,
77462539,REQUEST_FAILED,,,,,
77462543,REQUEST_FAILED,,,,,
77462545,REQUEST_FAILED,,,,,
77462547,REQUEST_FAILED,,,,,
77462548,REQUEST_FAILED,,,,,
77462599,REQUEST_FAILED,,,,,
77462603,REQUEST_FAILED,,,,,
77462600,REQUEST_FAILED,,,,,
77462605,REQUEST_FAILED,,,,,
77462619,REQUEST_FAILED,,,,,
77462636,REQUEST_FAILED,,,,,
77462678,REQUEST_FAILED,,,,,
77462706,REQUEST_FAILED,,,,,
77462713,REQUEST_FAILED,,,,,
77462716,REQUEST_FAILED,,,,,
77462750,deadAbandoned,BE CATTY,"Mar. 17, 2009","Be Catty, Inc.",,pornsupak@gmail.com
77462791,deadAbandoned,IFINANCE CANADA,"Feb. 22, 2009",Medicard Finance Inc. - Service Financiers Medicard Inc.,,ljohnson@medicard.com
77462801,deadAbandoned,CALL TRACKER,"Feb. 24, 2009","ATG Technologies, Inc. Dba PATLive",,jeremy.ashmore@patlive.com
77462756,REQUEST_FAILED,,,,,
77462774,REQUEST_FAILED,,,,,
77462778,REQUEST_FAILED,,,,,
77462788,REQUEST_FAILED,,,,,
77462806,REQUEST_FAILED,,,,,
77462807,REQUEST_FAILED,,,,,
77462810,REQUEST_FAILED,,,,,
77462825,REQUEST_FAILED,,,,,
77462826,REQUEST_FAILED,,,,,
77462834,REQUEST_FAILED,,,,,
77462890,REQUEST_FAILED,,,,,
77462873,REQUEST_FAILED,,,,,
77462894,REQUEST_FAILED,,,,,
77462901,REQUEST_FAILED,,,,,
77462914,REQUEST_FAILED,,,,,
77462930,REQUEST_FAILED,,,,,
77462945,REQUEST_FAILED,,,,,
77462963,REQUEST_FAILED,,,,,
77463047,REQUEST_FAILED,,,,,
77463083,REQUEST_FAILED,,,,,
77463094,REQUEST_FAILED,,,,,
77463139,REQUEST_FAILED,,,,,
77463160,REQUEST_FAILED,,,,,
77463157,REQUEST_FAILED,,,,,
77463164,REQUEST_FAILED,,,,,
77463179,REQUEST_FAILED,,,,,
77463200,REQUEST_FAILED,,,,,
77463220,REQUEST_FAILED,,,,,
77463281,REQUEST_FAILED,,,,,
77463270,REQUEST_FAILED,,,,,
77463379,deadAbandoned,MIDORI LINEN,"Feb. 23, 2009",Efinity Enterprises Inc.,,sabrina.shi@efinityent.com
77463340,REQUEST_FAILED,,,,,
77463383,deadAbandoned,DRIVESAFE,"Feb. 23, 2009","Schmidt, James F",,jfschmidt@drivesafetechnology.com
77463375,REQUEST_FAILED,,,,,
77463395,REQUEST_FAILED,,,,,
77463407,deadAbandoned,SMART NETWORK SUITE,"Feb. 17, 2009","Tall Umbrella, Inc.",,missyw@tallumbrella.com
77463398,REQUEST_FAILED,,,,,
77463400,REQUEST_FAILED,,,,,
77463439,deadAbandoned,MULTICELL,"Feb. 17, 2009","Tall Umbrella, Inc.",,missyw@tallumbrella.com
77463471,REQUEST_FAILED,,,,,
77463473,REQUEST_FAILED,,,,,
77463557,REQUEST_FAILED,,,,,
77463519,REQUEST_FAILED,,,,,
77463595,REQUEST_FAILED,,,,,
77463582,REQUEST_FAILED,,,,,
77463654,deadAbandoned,TRIMMER,"Feb. 17, 2009","Stiletto Tools, Inc.",,
77463605,REQUEST_FAILED,,,,,
77463650,REQUEST_FAILED,,,,,
77463675,REQUEST_FAILED,,,,,
77463660,REQUEST_FAILED,,,,,
77463698,REQUEST_FAILED,,,,,
77463705,REQUEST_FAILED,,,,,
77463738,deadAbandoned,MY GOD CAN,"Feb. 23, 2009","Nixon-Pone, Gloria Jean",,doctornixonpone@gmail.com
77463707,REQUEST_FAILED,,,,,
77463708,REQUEST_FAILED,,,,,
77463746,deadAbandoned,TREASUREHUNT.COM,"Aug. 27, 2009",Forgotten Treasures International Ltd,,theultimatetreasurehunt@yahoo.com
77463720,REQUEST_FAILED,,,,,
77463729,REQUEST_FAILED,,,,,
77463741,REQUEST_FAILED,,,,,
77463761,deadAbandoned,MYCLIQUE.US,"May 06, 2009",MyClique LLC,,management@myclique.us
77463774,deadAbandoned,TOMORROWS TOOLS TODAY,"Feb. 18, 2009","David Baker, Incorporated",,bakertools@aol.com
77463744,REQUEST_FAILED,,,,,
77463754,REQUEST_FAILED,,,,,
77463757,REQUEST_FAILED,,,,,
77463755,REQUEST_FAILED,,,,,
77463795,REQUEST_FAILED,,,,,
77463826,REQUEST_FAILED,,,,,
77463837,REQUEST_FAILED,,,,,
77463841,REQUEST_FAILED,,,,,
77463849,REQUEST_FAILED,,,,,
77463893,deadAbandoned,THE PEARL GIRLS,"Aug. 20, 2009",THE PEARL GIRLS,,indiarows@gmail.com
77463868,REQUEST_FAILED,,,,,
77463858,REQUEST_FAILED,,,,,
77463878,REQUEST_FAILED,,,,,
77463896,REQUEST_FAILED,,,,,
77463912,REQUEST_FAILED,,,,,
77463933,REQUEST_FAILED,,,,,
77463978,deadAbandoned,NUTRI-MAX,"Feb. 20, 2009",MSMI,,randymiles@grandecom.net
77463950,REQUEST_FAILED,,,,,
77463955,REQUEST_FAILED,,,,,
77463977,REQUEST_FAILED,,,,,
77463991,REQUEST_FAILED,,,,,
77464010,REQUEST_FAILED,,,,,
77464024,REQUEST_FAILED,,,,,
77464031,REQUEST_FAILED,,,,,
77464056,REQUEST_FAILED,,,,,
77464053,REQUEST_FAILED,,,,,
77464086,REQUEST_FAILED,,,,,
77464109,REQUEST_FAILED,,,,,
77464118,REQUEST_FAILED,,,,,
77464189,REQUEST_FAILED,,,,,
77464230,REQUEST_FAILED,,,,,
77464242,REQUEST_FAILED,,,,,
77464358,deadAbandoned,SPANK ME BIG DADDY,"Feb. 19, 2009",Thinkbig,,ron@roncarterhypnotist.com
77464313,REQUEST_FAILED,,,,,
77464339,REQUEST_FAILED,,,,,
77464367,REQUEST_FAILED,,,,,
77464365,REQUEST_FAILED,,,,,
77464374,REQUEST_FAILED,,,,,
77464384,REQUEST_FAILED,,,,,
77464438,deadAbandoned,COMPLIANCE HEALTHCARE SERVICES,"Sep. 13, 2009","Traylor, Jeffrey C.",,
77464413,REQUEST_FAILED,,,,,
77464417,REQUEST_FAILED,,,,,
77464428,REQUEST_FAILED,,,,,
77464459,deadAbandoned,CONSUMER'S CHOICE,"Jan. 12, 2009","American Auto Guardian, Inc.",,amys@autoguardinc.com
77464430,REQUEST_FAILED,,,,,
77464517,deadAbandoned,GET YOUR OWN,"Jul. 27, 2009","Remington, Inc.",,bruce@remingtonwater.com
77464493,REQUEST_FAILED,,,,,
77464575,REQUEST_FAILED,,,,,
77464524,REQUEST_FAILED,,,,,
77464638,REQUEST_FAILED,,,,,
77464738,deadAbandoned,SCAR LEAVES*,"Mar. 02, 2009","Naples, Elizabeth, F.",,liz@elizabethnaples.com
77464649,REQUEST_FAILED,,,,,
77464671,REQUEST_FAILED,,,,,
77464678,REQUEST_FAILED,,,,,
77464785,deadAbandoned,UEP BANDWIDTH-MAX,"Feb. 17, 2009","Tall Umbrella, Inc.",,missyw@tallumbrella.com
77464737,REQUEST_FAILED,,,,,
77464744,REQUEST_FAILED,,,,,
77464750,REQUEST_FAILED,,,,,
77464812,REQUEST_FAILED,,,,,
77464827,REQUEST_FAILED,,,,,
77464860,REQUEST_FAILED,,,,,
77464873,REQUEST_FAILED,,,,,
77464880,REQUEST_FAILED,,,,,
77464884,REQUEST_FAILED,,,,,
77464895,REQUEST_FAILED,,,,,
77464899,REQUEST_FAILED,,,,,
77464903,REQUEST_FAILED,,,,,
77464914,REQUEST_FAILED,,,,,
77464971,REQUEST_FAILED,,,,,
77464972,REQUEST_FAILED,,,,,
77464974,REQUEST_FAILED,,,,,
77465009,deadAbandoned,MOMTRAS,"Jul. 20, 2009","Bailey, Devin S.",,devinsbailey@hotmail.com
77464994,deadAbandoned,HOME OWNERS MAGAZINE LLC,"Sep. 14, 2009",Kubicek Lucinda,,vipnails2@yahoo.com
77465000,REQUEST_FAILED,,,,,
77465012,REQUEST_FAILED,,,,,
77465002,REQUEST_FAILED,,,,,
77465034,deadAbandoned,HAPPY MONDAYS,"Feb. 20, 2009","Rossomando, Dianne",,dynamodr@yahoo.com
77465013,REQUEST_FAILED,,,,,
77465016,deadAbandoned,RODEN,"Feb. 28, 2009",RODENPRO international ltd.,,info@rodenpro.com
77465048,deadAbandoned,BETTER BUSINESS BY DESIGN,"Nov. 02, 2009","Hutchinson, Dana P.",,dana@vector-nine.com
77465018,REQUEST_FAILED,,,,,
77465036,REQUEST_FAILED,,,,,
77465069,REQUEST_FAILED,,,,,
77465076,REQUEST_FAILED,,,,,
77465079,REQUEST_FAILED,,,,,
77465119,REQUEST_FAILED,,,,,
77465125,REQUEST_FAILED,,,,,
77465139,REQUEST_FAILED,,,,,
77465142,REQUEST_FAILED,,,,,
77465147,REQUEST_FAILED,,,,,
77465159,deadAbandoned,PAIN TAME,"Jul. 27, 2009",RED GORILLA,,TAMEPAIN@YAHOO.COM
77465171,deadAbandoned,PLACE KEY,"Feb. 06, 2009",Brian Huddleston,,brianlee97@yahoo.com
77465158,REQUEST_FAILED,,,,,
77465162,REQUEST_FAILED,,,,,
77465167,REQUEST_FAILED,,,,,
77465172,REQUEST_FAILED,,,,,
77465183,deadAbandoned,XBMC,"Feb. 22, 2009",XBMC,,gamester17@xbmc.org
77465176,REQUEST_FAILED,,,,,
77465193,REQUEST_FAILED,,,,,
77465215,REQUEST_FAILED,,,,,
77465209,REQUEST_FAILED,,,,,
77465221,REQUEST_FAILED,,,,,
77465230,REQUEST_FAILED,,,,,
77465251,REQUEST_FAILED,,,,,
77465253,REQUEST_FAILED,,,,,
77465276,REQUEST_FAILED,,,,,
77465296,REQUEST_FAILED,,,,,
77465299,REQUEST_FAILED,,,,,
77465322,REQUEST_FAILED,,,,,
77465323,REQUEST_FAILED,,,,,
77465345,REQUEST_FAILED,,,,,
77465409,REQUEST_FAILED,,,,,
77465416,REQUEST_FAILED,,,,,
77465430,REQUEST_FAILED,,,,,
77465438,REQUEST_FAILED,,,,,
77465450,REQUEST_FAILED,,,,,
77465458,REQUEST_FAILED,,,,,
77465484,REQUEST_FAILED,,,,,
77465494,REQUEST_FAILED,,,,,
77465537,REQUEST_FAILED,,,,,
77465564,REQUEST_FAILED,,,,,
77465567,REQUEST_FAILED,,,,,
77465574,REQUEST_FAILED,,,,,
77465586,REQUEST_FAILED,,,,,
77465608,REQUEST_FAILED,,,,,
77465637,REQUEST_FAILED,,,,,
77465651,REQUEST_FAILED,,,,,
77465672,REQUEST_FAILED,,,,,
77465673,REQUEST_FAILED,,,,,
77465674,REQUEST_FAILED,,,,,
77465724,REQUEST_FAILED,,,,,
77465782,REQUEST_FAILED,,,,,
77465796,REQUEST_FAILED,,,,,
77465825,REQUEST_FAILED,,,,,
77465917,deadAbandoned,THE WINE AND DINE PEN,"Aug. 10, 2009","La Rovere, Elizabeth J.",,liz93110@cox.net
77465904,REQUEST_FAILED,,,,,
77465929,REQUEST_FAILED,,,,,
77465944,REQUEST_FAILED,,,,,
77465946,REQUEST_FAILED,,,,,
77465965,REQUEST_FAILED,,,,,
77465993,REQUEST_FAILED,,,,,
77466000,REQUEST_FAILED,,,,,
77466008,REQUEST_FAILED,,,,,
77466044,REQUEST_FAILED,,,,,
77466055,REQUEST_FAILED,,,,,
77466077,REQUEST_FAILED,,,,,
77466072,REQUEST_FAILED,,,,,
77466154,REQUEST_FAILED,,,,,
77466178,REQUEST_FAILED,,,,,
77466199,REQUEST_FAILED,,,,,
77466226,REQUEST_FAILED,,,,,
77466252,REQUEST_FAILED,,,,,
77466256,REQUEST_FAILED,,,,,
77466280,REQUEST_FAILED,,,,,
77466285,REQUEST_FAILED,,,,,
77466291,REQUEST_FAILED,,,,,
77466303,REQUEST_FAILED,,,,,
77466337,deadAbandoned,AMERICAN INDOOR AIR QUALITY COUNCIL,"Dec. 12, 2009",American Indoor Air Quality Council,,charlie@iaqcouncil.org
77466320,REQUEST_FAILED,,,,,
77466304,REQUEST_FAILED,,,,,
77466330,REQUEST_FAILED,,,,,
77466360,deadAbandoned,POKER PYRAMID,"Feb. 20, 2009",Lightning Box Games Pty Ltd,,peter@lightningboxgames.com
77466336,REQUEST_FAILED,,,,,
77466356,deadAbandoned,HANDZ UP MUZIC,"Aug. 03, 2009","Patel, Minesh",,
77466353,REQUEST_FAILED,,,,,
77466370,REQUEST_FAILED,,,,,
77466379,REQUEST_FAILED,,,,,
77466380,REQUEST_FAILED,,,,,
77466383,REQUEST_FAILED,,,,,
77466384,REQUEST_FAILED,,,,,
77466392,REQUEST_FAILED,,,,,
77466412,REQUEST_FAILED,,,,,
77466411,REQUEST_FAILED,,,,,
77466422,REQUEST_FAILED,,,,,
77466508,REQUEST_FAILED,,,,,
77466530,REQUEST_FAILED,,,,,
77466571,REQUEST_FAILED,,,,,
77466537,REQUEST_FAILED,,,,,
77466579,REQUEST_FAILED,,,,,
77466599,REQUEST_FAILED,,,,,
77466658,REQUEST_FAILED,,,,,
77466688,REQUEST_FAILED,,,,,
77466699,deadAbandoned,POW FLIX,"Aug. 17, 2009","The Trustees of the Bountiful Harvest Mission, a Florida trust, comprising trustees John H. York and Sara Goodman, US citizens",,ncmission@alltel.net
77466715,REQUEST_FAILED,,,,,
77466713,REQUEST_FAILED,,,,,
77466721,REQUEST_FAILED,,,,,
77466730,REQUEST_FAILED,,,,,
77466723,REQUEST_FAILED,,,,,
77466738,REQUEST_FAILED,,,,,
77466744,REQUEST_FAILED,,,,,
77466754,REQUEST_FAILED,,,,,
77466763,REQUEST_FAILED,,,,,
77466779,REQUEST_FAILED,,,,,
77466804,REQUEST_FAILED,,,,,
77466835,REQUEST_FAILED,,,,,
77466845,REQUEST_FAILED,,,,,
77466906,REQUEST_FAILED,,,,,
77466911,REQUEST_FAILED,,,,,
77466925,REQUEST_FAILED,,,,,
77466945,REQUEST_FAILED,,,,,
77466953,REQUEST_FAILED,,,,,
77466975,REQUEST_FAILED,,,,,
77466968,REQUEST_FAILED,,,,,
77466983,REQUEST_FAILED,,,,,
77466985,REQUEST_FAILED,,,,,
77467160,deadAbandoned,OPEN SPATIAL,"Feb. 23, 2009",OPEN SPATIAL CORPORATION,,admin@munsys.com
77467000,REQUEST_FAILED,,,,,
77467082,REQUEST_FAILED,,,,,
77467130,REQUEST_FAILED,,,,,
77467179,REQUEST_FAILED,,,,,
77467185,REQUEST_FAILED,,,,,
77467214,REQUEST_FAILED,,,,,
77467232,REQUEST_FAILED,,,,,
77467244,REQUEST_FAILED,,,,,
77467246,REQUEST_FAILED,,,,,
77467297,REQUEST_FAILED,,,,,
77467303,REQUEST_FAILED,,,,,
77467304,REQUEST_FAILED,,,,,
77467309,REQUEST_FAILED,,,,,
77467340,REQUEST_FAILED,,,,,
77467381,deadAbandoned,VLYNX,"Aug. 10, 2009",AGA IMPORTS,,AGATR@AOL.COM
77467343,REQUEST_FAILED,,,,,
77467352,REQUEST_FAILED,,,,,
77467371,REQUEST_FAILED,,,,,
77467383,REQUEST_FAILED,,,,,
77467392,REQUEST_FAILED,,,,,
77467429,REQUEST_FAILED,,,,,
77467430,REQUEST_FAILED,,,,,
77467438,REQUEST_FAILED,,,,,
77467474,deadAbandoned,KANGAROO JAC & FRIENDS,"Jul. 13, 2009","KANGAROO JAC'S, INC.",,
77467446,REQUEST_FAILED,,,,,
77467456,REQUEST_FAILED,,,,,
77467455,REQUEST_FAILED,,,,,
77467481,REQUEST_FAILED,,,,,
77467490,REQUEST_FAILED,,,,,
77467493,REQUEST_FAILED,,,,,
77467499,REQUEST_FAILED,,,,,
77467516,REQUEST_FAILED,,,,,
77467531,REQUEST_FAILED,,,,,
77467534,REQUEST_FAILED,,,,,
77467567,REQUEST_FAILED,,,,,
77467635,REQUEST_FAILED,,,,,
77467683,deadAbandoned,CALIFORNIA PUBLIC ARTS ASSOCIATION,"May 13, 2009",California Public Arts Association,,jeannene@calpaa.com
77467652,REQUEST_FAILED,,,,,
77467674,REQUEST_FAILED,,,,,
77467734,deadAbandoned,BLASTGROUPS,"Feb. 25, 2009","BlastSpot, Inc.",,travis@yellowparachute.com
77467701,REQUEST_FAILED,,,,,
77467704,REQUEST_FAILED,,,,,
77467748,REQUEST_FAILED,,,,,
77467799,REQUEST_FAILED,,,,,
77467803,REQUEST_FAILED,,,,,
77467806,REQUEST_FAILED,,,,,
77467813,REQUEST_FAILED,,,,,
77467816,REQUEST_FAILED,,,,,
77467820,REQUEST_FAILED,,,,,
77467873,REQUEST_FAILED,,,,,
77467869,REQUEST_FAILED,,,,,
77467874,REQUEST_FAILED,,,,,
77467876,REQUEST_FAILED,,,,,
77467927,REQUEST_FAILED,,,,,
77467958,REQUEST_FAILED,,,,,
77468005,deadAbandoned,TTTT,"Aug. 10, 2009","Kirst, Michael Allen",,michael@michaelkirst.com
77468003,REQUEST_FAILED,,,,,
77468007,REQUEST_FAILED,,,,,
77468009,REQUEST_FAILED,,,,,
77468053,REQUEST_FAILED,,,,,
77468055,REQUEST_FAILED,,,,,
77468169,deadAbandoned,BLUE OCEAN,"Mar. 02, 2009",FLEGMANN GROSZ MAURICIO,,mauriciof@bsupremos.com.mx
77468097,REQUEST_FAILED,,,,,
77468110,REQUEST_FAILED,,,,,
77468133,REQUEST_FAILED,,,,,
77468201,REQUEST_FAILED,,,,,
77468215,REQUEST_FAILED,,,,,
77468217,REQUEST_FAILED,,,,,
77468233,REQUEST_FAILED,,,,,
77468327,deadAbandoned,SOCIAL POWER,"Mar. 02, 2009",Commercestream Corp.,,sales@commercestream.com
77468238,REQUEST_FAILED,,,,,
77468273,REQUEST_FAILED,,,,,
77468277,REQUEST_FAILED,,,,,
77468357,REQUEST_FAILED,,,,,
77468379,REQUEST_FAILED,,,,,
77468386,REQUEST_FAILED,,,,,
77468390,REQUEST_FAILED,,,,,
77468398,REQUEST_FAILED,,,,,
77468402,REQUEST_FAILED,,,,,
77468403,REQUEST_FAILED,,,,,
77468412,REQUEST_FAILED,,,,,
77468504,deadAbandoned,MAG Z,"Jun. 22, 2009","Magnesium Products Group, Inc.",,
77468423,REQUEST_FAILED,,,,,
77468507,REQUEST_FAILED,,,,,
77468512,REQUEST_FAILED,,,,,
77468539,REQUEST_FAILED,,,,,
77468540,REQUEST_FAILED,,,,,
77468602,deadAbandoned,CARBON,"Feb. 26, 2009","Clearaudit, Inc.",,ac@clearstandards.com
77468596,REQUEST_FAILED,,,,,
77468598,REQUEST_FAILED,,,,,
77468623,REQUEST_FAILED,,,,,
77468631,REQUEST_FAILED,,,,,
77468677,deadAbandoned,LIFE DOG LINE LIFE.DOG.LINE LIFE DOG LINE LIFE.DOG.LINE LILA CASTELLANETA FEDERICA BALESTRA,"Feb. 23, 2009",Lila Castellaneta/Federica Balestra,,beatricesferalda@libero.it
77468644,REQUEST_FAILED,,,,,
77468690,deadAbandoned,TRANSACTION NETWORKING SYSTEM,"Jan. 03, 2009","Rohati Systems, Inc.",,
77468657,REQUEST_FAILED,,,,,
77468659,REQUEST_FAILED,,,,,
77468660,REQUEST_FAILED,,,,,
77468708,REQUEST_FAILED,,,,,
77468700,REQUEST_FAILED,,,,,
77468737,REQUEST_FAILED,,,,,
77468774,REQUEST_FAILED,,,,,
77468863,deadAbandoned,URBAN GARDEN MAGAZINE.COM,"Feb. 28, 2009",SPORTSBP999.COM LIMITED,,danfoxinbox@gmail.com
77468779,REQUEST_FAILED,,,,,
77468788,REQUEST_FAILED,,,,,
77468937,deadAbandoned,PLASTIC SCM,"Mar. 02, 2009",CODICE SOFTWARE SL,,mdepedro@codicesoftware.com
77468825,REQUEST_FAILED,,,,,
77468897,REQUEST_FAILED,,,,,
77468948,REQUEST_FAILED,,,,,
77468955,REQUEST_FAILED,,,,,
77468967,REQUEST_FAILED,,,,,
77468978,REQUEST_FAILED,,,,,
77468988,REQUEST_FAILED,,,,,
77468991,REQUEST_FAILED,,,,,
77468993,REQUEST_FAILED,,,,,
77469011,REQUEST_FAILED,,,,,
77469081,REQUEST_FAILED,,,,,
77469130,deadAbandoned,PLENTYMOREFISH,"Mar. 31, 2009",Plentymorefish Partners,,steve.moylan@plentymorefish.com
77469116,REQUEST_FAILED,,,,,
77469135,REQUEST_FAILED,,,,,
77469152,REQUEST_FAILED,,,,,
77469159,REQUEST_FAILED,,,,,
77469189,REQUEST_FAILED,,,,,
77469193,REQUEST_FAILED,,,,,
77469205,REQUEST_FAILED,,,,,
77469242,REQUEST_FAILED,,,,,
77469293,REQUEST_FAILED,,,,,
77469310,REQUEST_FAILED,,,,,
77469508,deadAbandoned,SWEET SOLUTIONS,"Feb. 27, 2009",INPX Inc.,,marc.klar@practiceone.com
77469391,REQUEST_FAILED,,,,,
77469407,REQUEST_FAILED,,,,,
77469446,REQUEST_FAILED,,,,,
77469465,REQUEST_FAILED,,,,,
77469522,REQUEST_FAILED,,,,,
77469553,REQUEST_FAILED,,,,,
77469649,REQUEST_FAILED,,,,,
77469681,REQUEST_FAILED,,,,,
77469677,REQUEST_FAILED,,,,,
77469688,REQUEST_FAILED,,,,,
77469707,REQUEST_FAILED,,,,,
77469716,REQUEST_FAILED,,,,,
77469718,REQUEST_FAILED,,,,,
77469766,REQUEST_FAILED,,,,,
77469777,REQUEST_FAILED,,,,,
77469799,REQUEST_FAILED,,,,,
77469830,REQUEST_FAILED,,,,,
77469843,REQUEST_FAILED,,,,,
77469845,REQUEST_FAILED,,,,,
77469849,REQUEST_FAILED,,,,,
77469867,deadAbandoned,FICONX,"Mar. 09, 2009","Harris, Jack J",,jack.harris@jharris.com
77469864,REQUEST_FAILED,,,,,
77469884,REQUEST_FAILED,,,,,
77469891,REQUEST_FAILED,,,,,
77469894,REQUEST_FAILED,,,,,
77469895,REQUEST_FAILED,,,,,
77469900,REQUEST_FAILED,,,,,
77469906,REQUEST_FAILED,,,,,
77469912,deadAbandoned,MY805DJ,"Aug. 10, 2009",Creative Business Vision,,info@creativebusinessvision.com
77469998,deadAbandoned,PLAY CAMCAM,"Jul. 13, 2009",Ubisoft Entertainment,,
77469917,REQUEST_FAILED,,,,,
77469931,REQUEST_FAILED,,,,,
77470006,deadAbandoned,PLAY CAMCAM,"Jul. 13, 2009",Ubisoft Entertainment,,
77469981,REQUEST_FAILED,,,,,
77469989,REQUEST_FAILED,,,,,
77470076,deadAbandoned,CULTURAL MALL,"Aug. 10, 2009","cultural Mall Holding, LLC",,jmahee@hotmail.com
77470009,REQUEST_FAILED,,,,,
77470002,REQUEST_FAILED,,,,,
77470026,REQUEST_FAILED,,,,,
77470068,REQUEST_FAILED,,,,,
77470078,REQUEST_FAILED,,,,,
77470104,REQUEST_FAILED,,,,,
77470107,REQUEST_FAILED,,,,,
77470190,REQUEST_FAILED,,,,,
77470230,REQUEST_FAILED,,,,,
77470267,deadAbandoned,HEATHER BEES,"May 14, 2009",Heather Bees,,bonjourheather@yahoo.com
77470290,deadAbandoned,THE NEVER PAINT AGAIN GUYS,"Mar. 01, 2009","Giovanello, Mathew A",,mat@rhinoshieldma.com
77470263,REQUEST_FAILED,,,,,
77470276,REQUEST_FAILED,,,,,
77470300,REQUEST_FAILED,,,,,
77470303,REQUEST_FAILED,,,,,
77470314,REQUEST_FAILED,,,,,
77470325,REQUEST_FAILED,,,,,
77470329,REQUEST_FAILED,,,,,
77470362,REQUEST_FAILED,,,,,
77470407,REQUEST_FAILED,,,,,
77470456,deadAbandoned,SENTRALPARK,"Feb. 26, 2009","Borri, Joseph S",,ebrandco@yahoo.com
77470420,REQUEST_FAILED,,,,,
77470543,deadAbandoned,ZEN ZEBRA,"Nov. 09, 2009","Srietiliys, LLC",,
77470430,REQUEST_FAILED,,,,,
77470476,REQUEST_FAILED,,,,,
77470678,deadAbandoned,WILDFIRE ROOF SAVER,"Feb. 20, 2009","Gunn, Timothy Norris",,gunntd@ftcnet.net
77470545,REQUEST_FAILED,,,,,
77470560,REQUEST_FAILED,,,,,
77470617,REQUEST_FAILED,,,,,
77470659,REQUEST_FAILED,,,,,
77470687,REQUEST_FAILED,,,,,
77470729,REQUEST_FAILED,,,,,
77470756,REQUEST_FAILED,,,,,
77470797,REQUEST_FAILED,,,,,
77470831,deadAbandoned,MUD COOKIES,"Aug. 03, 2009",Hoodlove,,keithdoc40316172@aol.com
77470807,REQUEST_FAILED,,,,,
77470854,deadAbandoned,CREAMY D'S ICE CREAM · SHAKES · SMOOTHIES,"Mar. 03, 2009","Ehrenberg, Donald F",,d_ehrenberg@hotmail.com
77470811,REQUEST_FAILED,,,,,
77470861,REQUEST_FAILED,,,,,
77470868,REQUEST_FAILED,,,,,
77470890,REQUEST_FAILED,,,,,
77470907,REQUEST_FAILED,,,,,
77470917,REQUEST_FAILED,,,,,
77470911,REQUEST_FAILED,,,,,
77470923,REQUEST_FAILED,,,,,
77470933,REQUEST_FAILED,,,,,
77470972,deadAbandoned,None,"Sep. 25, 2009","Nevada Rose, LLC",,
77470945,REQUEST_FAILED,,,,,
77470957,REQUEST_FAILED,,,,,
77470966,REQUEST_FAILED,,,,,
77470983,REQUEST_FAILED,,,,,
77470984,REQUEST_FAILED,,,,,
77470991,REQUEST_FAILED,,,,,
77471011,REQUEST_FAILED,,,,,
77471066,REQUEST_FAILED,,,,,
77471073,REQUEST_FAILED,,,,,
77471077,REQUEST_FAILED,,,,,
77471099,REQUEST_FAILED,,,,,
77471098,REQUEST_FAILED,,,,,
77471113,REQUEST_FAILED,,,,,
77471117,REQUEST_FAILED,,,,,
77471125,REQUEST_FAILED,,,,,
77471141,REQUEST_FAILED,,,,,
77471143,REQUEST_FAILED,,,,,
77471149,REQUEST_FAILED,,,,,
77471159,REQUEST_FAILED,,,,,
77471163,REQUEST_FAILED,,,,,
77471180,REQUEST_FAILED,,,,,
77471190,REQUEST_FAILED,,,,,
77471201,REQUEST_FAILED,,,,,
77471241,deadAbandoned,CPAP CAP,"Feb. 15, 2009","Pur-Sleep, Inc.",,bret.randall@comcast.net
77471204,REQUEST_FAILED,,,,,
77471220,REQUEST_FAILED,,,,,
77471243,deadAbandoned,BONEHEAD'S TEXAS BBQ,"Dec. 14, 2009","Roberson, David E",,dave@boneheadsbbq.com
77471233,REQUEST_FAILED,,,,,
77471236,REQUEST_FAILED,,,,,
77471245,REQUEST_FAILED,,,,,
77471246,REQUEST_FAILED,,,,,
77471265,deadAbandoned,PIXEL THEORY,"Aug. 10, 2009","Talley III, Charles Ellis",,charlie.talley@gmail.com
77471257,REQUEST_FAILED,,,,,
77471262,REQUEST_FAILED,,,,,
77471270,REQUEST_FAILED,,,,,
77471285,REQUEST_FAILED,,,,,
77471309,deadAbandoned,THEREALTRAVELYELLOWPAGES.COM,"Mar. 04, 2009","YELLOWPAGES.Travel, LLC",,yellowpagesinc@aol.com
77471297,REQUEST_FAILED,,,,,
77471301,REQUEST_FAILED,,,,,
77471305,REQUEST_FAILED,,,,,
77471310,REQUEST_FAILED,,,,,
77471311,REQUEST_FAILED,,,,,
77471313,REQUEST_FAILED,,,,,
77471322,REQUEST_FAILED,,,,,
77471368,deadAbandoned,TOTAL SUPPORT PLANNING,"Jun. 01, 2009","USA Tax & Insurance Services, Inc.",,support@piexec.com
77471342,REQUEST_FAILED,,,,,
77471340,REQUEST_FAILED,,,,,
77471362,deadAbandoned,TOTAL SUCCESS PLANNING,"May 25, 2009","USA Tax & Insurance Services, Inc.",,support@piexec.com
77471353,REQUEST_FAILED,,,,,
77471365,REQUEST_FAILED,,,,,
77471394,deadAbandoned,EFUM,"Mar. 04, 2009","Cervantes, Fernando",,cer_fernando@yahoo.com
77471400,REQUEST_FAILED,,,,,
77471401,REQUEST_FAILED,,,,,
77471433,deadAbandoned,PROPERTY NETWORK,"Mar. 03, 2009","Sperinck, Nigel P",,nigel.sperinck@gmail.com
77471436,deadAbandoned,PROPERTY.NET,"Mar. 03, 2009","Sperinck, Nigel P",,nigel.sperinck@gmail.com
77471410,REQUEST_FAILED,,,,,
77471416,REQUEST_FAILED,,,,,
77471424,REQUEST_FAILED,,,,,
77471428,REQUEST_FAILED,,,,,
77471480,deadAbandoned,KING OF SPITE,"Aug. 10, 2009","Randazzo, Tony",,king@kingofspite.com
77471444,REQUEST_FAILED,,,,,
77471513,REQUEST_FAILED,,,,,
77471516,REQUEST_FAILED,,,,,
77471519,REQUEST_FAILED,,,,,
77471527,REQUEST_FAILED,,,,,
77471553,REQUEST_FAILED,,,,,
77471585,REQUEST_FAILED,,,,,
77471595,REQUEST_FAILED,,,,,
77471702,deadAbandoned,COUNTY DENTAL,"Mar. 02, 2009","Fertucci, Joseph DDS",,drfertucci@countydental.com
77471615,REQUEST_FAILED,,,,,
77471613,REQUEST_FAILED,,,,,
77471743,REQUEST_FAILED,,,,,
77471750,REQUEST_FAILED,,,,,
77471775,REQUEST_FAILED,,,,,
77471864,REQUEST_FAILED,,,,,
77471905,REQUEST_FAILED,,,,,
77471973,deadAbandoned,FAT BACK TIRE,"Mar. 03, 2009","Fat Back Tire, LLC",,chamiltonfatbacktire@yahoo.com
77471895,REQUEST_FAILED,,,,,
77471921,REQUEST_FAILED,,,,,
77471985,REQUEST_FAILED,,,,,
77472000,REQUEST_FAILED,,,,,
77471987,REQUEST_FAILED,,,,,
77472014,REQUEST_FAILED,,,,,
77472112,deadAbandoned,WEAPON OF CHAMPIONS,"May 18, 2009","Wolfking, Inc.",,
77472129,deadAbandoned,L LONELYVILLE,"Nov. 09, 2009",Lonelyville LLC,,krulewitch@gmail.com
77472153,deadAbandoned,GOLEM FACTORY,"Mar. 02, 2009",Automated Industries Inc.,,giles@automatedindustries.com
77472134,deadAbandoned,SANI-SOAK MANI-PEDI TABLET,"Jun. 04, 2009",VINH QUANG TRAN,,VIPNAILSOLUTIONS@YAHOO.COM
77472096,REQUEST_FAILED,,,,,
77472157,REQUEST_FAILED,,,,,
77472292,deadAbandoned,NATALIA NAFTALIEVA,"Feb. 27, 2009","NAFTALIEVA, NATALIA",,MGLEYZER@GMAIL.COM
77472272,REQUEST_FAILED,,,,,
77472359,deadAbandoned,FIREBREAK SPRAY SYSTEMS,"Mar. 03, 2009","Firebreak Spray Systems, LLC",,
77472298,REQUEST_FAILED,,,,,
77472313,REQUEST_FAILED,,,,,
77472308,REQUEST_FAILED,,,,,
77472416,deadAbandoned,MOMMY AND ME STROLLER FITNESS,"Mar. 02, 2009","Fleming Investment Group, Inc.",,info@mommyandmefitness.com
77472362,REQUEST_FAILED,,,,,
77472407,deadAbandoned,FIREBREAK SPRAY SYSTEMS,"Mar. 03, 2009","Firebreak Spray Systems, LLC",,
77472372,REQUEST_FAILED,,,,,
77472437,deadAbandoned,VLOREN,"Mar. 01, 2009",XXXXX,,
77472460,deadAbandoned,BLACK BOY,"Mar. 04, 2009","Price, Robyn",,robynpr@gmail.com
77472409,REQUEST_FAILED,,,,,
77472485,deadAbandoned,REDNECK COLA,"Jan. 19, 2009","Stone Capital, Inc.",,jstoneadvisor@yahoo.com
77472465,REQUEST_FAILED,,,,,
77472468,REQUEST_FAILED,,,,,
77472476,REQUEST_FAILED,,,,,
77472499,REQUEST_FAILED,,,,,
77472532,REQUEST_FAILED,,,,,
77472519,REQUEST_FAILED,,,,,
77472533,REQUEST_FAILED,,,,,
77472534,REQUEST_FAILED,,,,,
77472546,REQUEST_FAILED,,,,,
77472578,REQUEST_FAILED,,,,,
77472572,REQUEST_FAILED,,,,,
77472586,REQUEST_FAILED,,,,,
77472597,REQUEST_FAILED,,,,,
77472614,REQUEST_FAILED,,,,,
77472617,REQUEST_FAILED,,,,,
77472624,REQUEST_FAILED,,,,,
77472625,REQUEST_FAILED,,,,,
77472629,deadAbandoned,GREEN WEDDING LOUNGE,"Feb. 11, 2009",angelica weihs,,angelwrites@earthlink.net
77472627,REQUEST_FAILED,,,,,
77472628,REQUEST_FAILED,,,,,
77472637,REQUEST_FAILED,,,,,
77472642,REQUEST_FAILED,,,,,
77472709,REQUEST_FAILED,,,,,
77472718,REQUEST_FAILED,,,,,
77472724,REQUEST_FAILED,,,,,
77472725,REQUEST_FAILED,,,,,
77472748,REQUEST_FAILED,,,,,
77472822,REQUEST_FAILED,,,,,
77472857,deadAbandoned,PIGFACE,"Mar. 05, 2009",Martin C. Atkins,,invisieu@aol.com
77472827,REQUEST_FAILED,,,,,
77472833,REQUEST_FAILED,,,,,
77472835,REQUEST_FAILED,,,,,
77472905,REQUEST_FAILED,,,,,
77472893,REQUEST_FAILED,,,,,
77472912,REQUEST_FAILED,,,,,
77472977,deadAbandoned,NECTAR,"Mar. 02, 2009",Craig Stiller,,
77472929,REQUEST_FAILED,,,,,
77472931,REQUEST_FAILED,,,,,
77472966,REQUEST_FAILED,,,,,
77472981,REQUEST_FAILED,,,,,
77472996,REQUEST_FAILED,,,,,
77473004,REQUEST_FAILED,,,,,
77473039,deadAbandoned,SNACKABLE CONTENT,"Mar. 06, 2009",Kevin J Mackley,,kevin@mycompanychannel.com
77473051,REQUEST_FAILED,,,,,
77473040,REQUEST_FAILED,,,,,
77473067,REQUEST_FAILED,,,,,
77473114,REQUEST_FAILED,,,,,
77473148,REQUEST_FAILED,,,,,
77473209,REQUEST_FAILED,,,,,
77473156,REQUEST_FAILED,,,,,
77473313,REQUEST_FAILED,,,,,
77473349,REQUEST_FAILED,,,,,
77473359,REQUEST_FAILED,,,,,
77473405,REQUEST_FAILED,,,,,
77473486,deadAbandoned,GLOBAL DETOX,"Aug. 17, 2009","Georgiou, Dr. George J.",,drgeorge@avacom.net
77473490,deadAbandoned,MOISTURECURE,"Mar. 04, 2009","Flex Coatings, Inc.",,flexcoatings@gmail.com
77473445,REQUEST_FAILED,,,,,
77473488,REQUEST_FAILED,,,,,
77473545,REQUEST_FAILED,,,,,
77473569,REQUEST_FAILED,,,,,
77473596,REQUEST_FAILED,,,,,
77473605,REQUEST_FAILED,,,,,
77473606,REQUEST_FAILED,,,,,
77473609,REQUEST_FAILED,,,,,
77473613,REQUEST_FAILED,,,,,
77473618,REQUEST_FAILED,,,,,
77473620,REQUEST_FAILED,,,,,
77473621,REQUEST_FAILED,,,,,
77473624,REQUEST_FAILED,,,,,
77473637,REQUEST_FAILED,,,,,
77473656,REQUEST_FAILED,,,,,
77473664,REQUEST_FAILED,,,,,
77473665,REQUEST_FAILED,,,,,
77473698,REQUEST_FAILED,,,,,
77473704,REQUEST_FAILED,,,,,
77473778,deadAbandoned,CHINA HEALTH MEDIA,"Feb. 20, 2009","BEIJING YANHUANG HEALTH EXPRESS INFORMATION CONSULTING CO., LTD.",,
77473722,deadAbandoned,SAN FRANCISCO APPEAL,"Aug. 10, 2009",Appeal Media LLC,,chuck.finnie@gmail.com
77473765,deadAbandoned,DRAGON 8'S,"Jul. 14, 2009",Ainsworth Game Technology Limited,,jason.meyer@ainsworth.com.au
77473711,REQUEST_FAILED,,,,,
77473836,deadAbandoned,AMSOFT PROTECT,"Sep. 10, 2009",Amsoft Systems Private Limited,,harpreet@jotwani.com
77473782,REQUEST_FAILED,,,,,
77473794,REQUEST_FAILED,,,,,
77473814,REQUEST_FAILED,,,,,
77473802,REQUEST_FAILED,,,,,
77473871,REQUEST_FAILED,,,,,
77473895,REQUEST_FAILED,,,,,
77473961,deadAbandoned,TWD THE WRITING DOCK,"Aug. 24, 2009","Davenport, Jeffely Alex",,j.alex@go-concepts.com
77473915,REQUEST_FAILED,,,,,
77473996,REQUEST_FAILED,,,,,
77474010,REQUEST_FAILED,,,,,
77474071,REQUEST_FAILED,,,,,
77474073,REQUEST_FAILED,,,,,
77474112,REQUEST_FAILED,,,,,
77474149,REQUEST_FAILED,,,,,
77474182,REQUEST_FAILED,,,,,
77474180,REQUEST_FAILED,,,,,
77474188,REQUEST_FAILED,,,,,
77474223,REQUEST_FAILED,,,,,
77474286,REQUEST_FAILED,,,,,
77474301,REQUEST_FAILED,,,,,
77474303,REQUEST_FAILED,,,,,
77474323,REQUEST_FAILED,,,,,
77474399,deadAbandoned,ECHANCE,"Aug. 17, 2009","Downtown MSO, Inc.",,vadim_shlimov@yahoo.com
77474356,REQUEST_FAILED,,,,,
77474388,REQUEST_FAILED,,,,,
77474381,REQUEST_FAILED,,,,,
77474401,REQUEST_FAILED,,,,,
77474406,REQUEST_FAILED,,,,,
77474462,REQUEST_FAILED,,,,,
77474633,deadAbandoned,PLANET RESCUE,"Jul. 13, 2009",Ubisoft Entertainment,,
77474510,REQUEST_FAILED,,,,,
77474527,REQUEST_FAILED,,,,,
77474649,REQUEST_FAILED,,,,,
77474681,REQUEST_FAILED,,,,,
77474732,REQUEST_FAILED,,,,,
77474743,REQUEST_FAILED,,,,,
77474767,REQUEST_FAILED,,,,,
77474780,REQUEST_FAILED,,,,,
77474770,REQUEST_FAILED,,,,,
77474852,deadAbandoned,LEO MESSI - 3D,"Aug. 28, 2009","Artificial Life, Inc.",,i.setzepfandt@artificial-life.com
77474795,REQUEST_FAILED,,,,,
77474811,REQUEST_FAILED,,,,,
77474817,REQUEST_FAILED,,,,,
77474892,REQUEST_FAILED,,,,,
77474900,REQUEST_FAILED,,,,,
77474905,REQUEST_FAILED,,,,,
77474906,REQUEST_FAILED,,,,,
77474908,REQUEST_FAILED,,,,,
77474912,REQUEST_FAILED,,,,,
77474936,REQUEST_FAILED,,,,,
77474940,REQUEST_FAILED,,,,,
77474967,REQUEST_FAILED,,,,,
77474987,REQUEST_FAILED,,,,,
77475007,REQUEST_FAILED,,,,,
77475017,REQUEST_FAILED,,,,,
77475025,REQUEST_FAILED,,,,,
77475020,REQUEST_FAILED,,,,,
77475115,REQUEST_FAILED,,,,,
77475130,REQUEST_FAILED,,,,,
77475131,REQUEST_FAILED,,,,,
77475140,REQUEST_FAILED,,,,,
77475174,REQUEST_FAILED,,,,,
77475192,REQUEST_FAILED,,,,,
77475206,REQUEST_FAILED,,,,,
77475215,REQUEST_FAILED,,,,,
77475229,REQUEST_FAILED,,,,,
77475252,REQUEST_FAILED,,,,,
77475329,deadAbandoned,BIOFUELER,"Jun. 29, 2009","Skyline Capital Group, Inc",,Bruce@UrbanXrenewables.com
77475264,REQUEST_FAILED,,,,,
77475276,REQUEST_FAILED,,,,,
77475374,REQUEST_FAILED,,,,,
77475400,REQUEST_FAILED,,,,,
77475372,REQUEST_FAILED,,,,,
77475432,REQUEST_FAILED,,,,,
77475433,REQUEST_FAILED,,,,,
77475450,REQUEST_FAILED,,,,,
77475457,REQUEST_FAILED,,,,,
77475534,deadAbandoned,YOUR FRIENDS IN YOUR POCKET,"Mar. 03, 2009",Heysan Inc,,info@heysan.com
77475458,REQUEST_FAILED,,,,,
77475527,REQUEST_FAILED,,,,,
77475742,deadAbandoned,"GHANDI, THE MUSICAL","Mar. 24, 2009",GTM Productions,,fredgerson@comcast.net
77475604,REQUEST_FAILED,,,,,
77475676,deadAbandoned,KOD INTEGRATIONS,"Mar. 03, 2009","Kod Integrations, LLC",,clemieux@kodintegrations.com
77475802,deadAbandoned,BUY WITH CONFIDENCE,"Mar. 10, 2009",Keystone American Homes LLC,,
77475746,REQUEST_FAILED,,,,,
77475792,REQUEST_FAILED,,,,,
77475794,REQUEST_FAILED,,,,,
77475799,REQUEST_FAILED,,,,,
77475819,REQUEST_FAILED,,,,,
77475822,REQUEST_FAILED,,,,,
77475826,REQUEST_FAILED,,,,,
77475828,REQUEST_FAILED,,,,,
77475830,REQUEST_FAILED,,,,,
77475832,REQUEST_FAILED,,,,,
77475845,REQUEST_FAILED,,,,,
77475866,REQUEST_FAILED,,,,,
77475897,REQUEST_FAILED,,,,,
77475925,deadAbandoned,CLEARVIEW THE INVISIBLE POWER SCREEN,"Mar. 10, 2009","California Screen Pro's, Inc",,jgle@prime-line-products.com
77475921,deadAbandoned,THE INVISIBLE POWER SCREEN,"Sep. 23, 2009","California Screen Pro's, Inc",,jgle@prime-line-products.com
77475899,REQUEST_FAILED,,,,,
77475906,REQUEST_FAILED,,,,,
77475950,REQUEST_FAILED,,,,,
77475953,REQUEST_FAILED,,,,,
77475955,REQUEST_FAILED,,,,,
77476018,deadAbandoned,BUTT NAKED MAN,"Oct. 06, 2009","Marion, Wilson L.",,terry.j.wilson@usa.dupont.com
77475958,REQUEST_FAILED,,,,,
77475967,REQUEST_FAILED,,,,,
77476027,deadAbandoned,BLOOD & INK,"Feb. 18, 2009",Liquid Culture Pty Ltd,,Alice.S@liquidculture.com.au
77475993,REQUEST_FAILED,,,,,
77476065,deadAbandoned,BUTT NAKED GIRL,"Oct. 06, 2009","Marion, Wilson L.",,terry.j.wilson@usa.dupont.com
77476042,REQUEST_FAILED,,,,,
77476057,REQUEST_FAILED,,,,,
77476074,REQUEST_FAILED,,,,,
77476075,REQUEST_FAILED,,,,,
77476102,REQUEST_FAILED,,,,,
77476139,deadAbandoned,PIN-MIC,"Mar. 05, 2009",Richard Creaser,,ric@ricsonix.com
77476105,REQUEST_FAILED,,,,,
77476128,REQUEST_FAILED,,,,,
77476167,deadAbandoned,V06,"Mar. 01, 2009",Cooper Coffman Wine Company PTY. LTD.,,cindy@zing.net.au
77476129,REQUEST_FAILED,,,,,
77476136,REQUEST_FAILED,,,,,
77476160,REQUEST_FAILED,,,,,
77476168,REQUEST_FAILED,,,,,
77476170,REQUEST_FAILED,,,,,
77476175,REQUEST_FAILED,,,,,
77476304,deadAbandoned,SAINT SOULJA,"Mar. 13, 2009","The Gulati Group, Inc.",,sim.gulati@thegulatigroup.com
77476198,REQUEST_FAILED,,,,,
77476241,REQUEST_FAILED,,,,,
77476307,deadAbandoned,MAKE A DIFFERENCE THAT RIPPLES OUT INTO THE WORLD,"Mar. 04, 2009","Martinson, Tracy",,samsonmyhead@gmail.com
77476246,REQUEST_FAILED,,,,,
77476258,REQUEST_FAILED,,,,,
77476288,REQUEST_FAILED,,,,,
77476313,REQUEST_FAILED,,,,,
77476326,REQUEST_FAILED,,,,,
77476353,deadAbandoned,ACHES & JOINTS,"Mar. 12, 2009","Department of Orthopaedic Surgery, Massachusetts General Hospital",,arunshanbhag@gmail.com
77476336,REQUEST_FAILED,,,,,
77476375,REQUEST_FAILED,,,,,
77476385,REQUEST_FAILED,,,,,
77476395,REQUEST_FAILED,,,,,
77476437,REQUEST_FAILED,,,,,
77476417,REQUEST_FAILED,,,,,
77476443,REQUEST_FAILED,,,,,
77476449,REQUEST_FAILED,,,,,
77476450,REQUEST_FAILED,,,,,
77476488,REQUEST_FAILED,,,,,
77476555,REQUEST_FAILED,,,,,
77476569,REQUEST_FAILED,,,,,
77476672,deadAbandoned,FRAGRANCE CHAMBERS BY KATHRYN ROBBINS,"Oct. 19, 2009","Robbins-Sullivan, Kath",,patentlawinc@hotmail.com
77476584,REQUEST_FAILED,,,,,
77476594,REQUEST_FAILED,,,,,
77476634,REQUEST_FAILED,,,,,
77476659,REQUEST_FAILED,,,,,
77476753,REQUEST_FAILED,,,,,
77476769,REQUEST_FAILED,,,,,
77476820,REQUEST_FAILED,,,,,
77476824,REQUEST_FAILED,,,,,
77476879,REQUEST_FAILED,,,,,
77476944,REQUEST_FAILED,,,,,
77477007,REQUEST_FAILED,,,,,
77477036,REQUEST_FAILED,,,,,
77477021,REQUEST_FAILED,,,,,
77477097,deadAbandoned,POWERING SUCCESS,"Aug. 10, 2009",Earnware Corporation,,sbouscaren@earnware.com
77477059,REQUEST_FAILED,,,,,
77477071,REQUEST_FAILED,,,,,
77477186,REQUEST_FAILED,,,,,
77477199,REQUEST_FAILED,,,,,
77477202,REQUEST_FAILED,,,,,
77477224,REQUEST_FAILED,,,,,
77477229,REQUEST_FAILED,,,,,
77477241,REQUEST_FAILED,,,,,
77477244,REQUEST_FAILED,,,,,
77477254,REQUEST_FAILED,,,,,
77477256,REQUEST_FAILED,,,,,
77477271,REQUEST_FAILED,,,,,
77477272,REQUEST_FAILED,,,,,
77477273,REQUEST_FAILED,,,,,
77477292,REQUEST_FAILED,,,,,
77477294,REQUEST_FAILED,,,,,
77477312,REQUEST_FAILED,,,,,
77477321,REQUEST_FAILED,,,,,
77477346,REQUEST_FAILED,,,,,
77477364,REQUEST_FAILED,,,,,
77477389,deadAbandoned,THE WEDGE,"Feb. 18, 2009","Sturm, Dieter",,dsturmfx@aol.com
77477372,REQUEST_FAILED,,,,,
77477371,REQUEST_FAILED,,,,,
77477396,deadAbandoned,EFFICIENT MICROSYSTEMS,"Mar. 04, 2009",IRINIA S.A.,,p13@004122.com
77477418,deadAbandoned,LEADING STRATEGIES,"Mar. 04, 2009",Leading Strategies LLC,,mike@leadingstrategies.net
77477399,REQUEST_FAILED,,,,,
77477402,REQUEST_FAILED,,,,,
77477436,deadAbandoned,MANTISVISION,"Mar. 09, 2009",MantisVision Ltd.,,avi@mantis-vision.com
77477413,REQUEST_FAILED,,,,,
77477420,REQUEST_FAILED,,,,,
77477447,deadAbandoned,MVP,"Mar. 05, 2009",MantisVision Ltd.,,avi@mantis-vision.com
77477421,REQUEST_FAILED,,,,,
77477423,REQUEST_FAILED,,,,,
77477444,REQUEST_FAILED,,,,,
77477454,REQUEST_FAILED,,,,,
77477468,REQUEST_FAILED,,,,,
77477500,deadAbandoned,CORIANDO,"Aug. 17, 2009",Amazing Curry Pty Ltd,,ian@amazingcurry.com
77477494,REQUEST_FAILED,,,,,
77477521,deadAbandoned,TAPNUTIN,"Mar. 09, 2009","Freitas, Sunny J",,grandmahoney96744@gmail.com
77477510,REQUEST_FAILED,,,,,
77477523,REQUEST_FAILED,,,,,
77477558,deadAbandoned,S,"Dec. 08, 2009",JIA XINFENG,,
77477528,REQUEST_FAILED,,,,,
77477548,deadAbandoned,ANSHE,"Mar. 11, 2009","Anshe Chung Studios, Ltd.",,ailin.graef@anshechung.com
77477541,REQUEST_FAILED,,,,,
77477569,deadAbandoned,MV MANTISVISION,"Mar. 09, 2009",MantisVision Ltd.,,avi@mantis-vision.com
77477562,REQUEST_FAILED,,,,,
77477567,REQUEST_FAILED,,,,,
77477608,REQUEST_FAILED,,,,,
77477589,REQUEST_FAILED,,,,,
77477715,REQUEST_FAILED,,,,,
77477749,REQUEST_FAILED,,,,,
77477768,REQUEST_FAILED,,,,,
77477831,deadAbandoned,VIIB,"Mar. 10, 2009",Greg Chase,,greg@ivbnetwork.com
77477785,REQUEST_FAILED,,,,,
77477788,REQUEST_FAILED,,,,,
77477857,deadAbandoned,WORST HUSBAND EVER,"Mar. 05, 2009","Hobbs, Edwin",,edhobbs41@bellsouth.net
77477819,REQUEST_FAILED,,,,,
77477853,deadAbandoned,ZAPMYTV,"Mar. 06, 2009",Zapmytv,,fanticycreator@yahoo.com
77477837,REQUEST_FAILED,,,,,
77477840,REQUEST_FAILED,,,,,
77477904,deadAbandoned,VEN A MI ... VEN A MI,"Mar. 10, 2009",PERFUMERIA INDUSTRIAL PERU E.I.R.L.,,
77477871,REQUEST_FAILED,,,,,
77477881,REQUEST_FAILED,,,,,
77477899,REQUEST_FAILED,,,,,
77477938,deadAbandoned,FUMELESS,"Mar. 11, 2009","Behn, Andrea S",,
77477983,deadAbandoned,FUNNYBUNNY,"Aug. 17, 2009","Dynamic Media, LLC",,
77477936,REQUEST_FAILED,,,,,
77478034,REQUEST_FAILED,,,,,
77478033,REQUEST_FAILED,,,,,
77478069,REQUEST_FAILED,,,,,
77478044,REQUEST_FAILED,,,,,
77478098,REQUEST_FAILED,,,,,
77478157,deadAbandoned,START SPACE GAMES,"Sep. 04, 2009","START SPACE GAMES, INC.",,csiegert@the80sgame.com
77478119,REQUEST_FAILED,,,,,
77478164,REQUEST_FAILED,,,,,
77478184,REQUEST_FAILED,,,,,
77478192,REQUEST_FAILED,,,,,
77478197,REQUEST_FAILED,,,,,
77478195,REQUEST_FAILED,,,,,
77478347,deadAbandoned,OCCLUDE,"Mar. 04, 2009","EndoShape, Inc.",,lanning@rtt.colorado.edu
77478213,REQUEST_FAILED,,,,,
77478245,REQUEST_FAILED,,,,,
77478352,REQUEST_FAILED,,,,,
77478355,REQUEST_FAILED,,,,,
77478427,REQUEST_FAILED,,,,,
77478412,REQUEST_FAILED,,,,,
77478442,REQUEST_FAILED,,,,,
77478456,REQUEST_FAILED,,,,,
77478520,REQUEST_FAILED,,,,,
77478514,REQUEST_FAILED,,,,,
77478546,REQUEST_FAILED,,,,,
77478559,REQUEST_FAILED,,,,,
77478569,REQUEST_FAILED,,,,,
77478583,deadAbandoned,MAZEFILMS,"Mar. 05, 2009","MAZEfilms, Inc.",,kk@mazefilms.com
77478571,REQUEST_FAILED,,,,,
77478575,REQUEST_FAILED,,,,,
77478580,REQUEST_FAILED,,,,,
77478586,REQUEST_FAILED,,,,,
77478589,REQUEST_FAILED,,,,,
77478636,deadAbandoned,CAR KULTURE DELUXE MAGAZINE,"Sep. 27, 2009",CAR KULTURE DELUXE LLC,,
77478622,REQUEST_FAILED,,,,,
77478626,REQUEST_FAILED,,,,,
77478629,REQUEST_FAILED,,,,,
77478648,deadAbandoned,THE POWER OF POSITIVE EATING,"Mar. 05, 2009",ENERGY KITCHEN INC.,,
77478654,deadAbandoned,FAST FIX WELD-ALL,"Oct. 16, 2009",BEACON ADHESIVES CORPORATION,,
77478651,REQUEST_FAILED,,,,,
77478653,REQUEST_FAILED,,,,,
77478669,deadAbandoned,ZETA TCP,"Oct. 19, 2009",AppEx Networks Holding Limited,,wang_yd@yahoo.com
77478662,REQUEST_FAILED,,,,,
77478663,REQUEST_FAILED,,,,,
77478705,deadAbandoned,PROTEIN 21,"Feb. 12, 2009",CGE Enterprises LLC,,jhastings@vermontcountrystore.com
77478674,REQUEST_FAILED,,,,,
77478672,REQUEST_FAILED,,,,,
77478681,REQUEST_FAILED,,,,,
77478683,REQUEST_FAILED,,,,,
77478693,REQUEST_FAILED,,,,,
77478742,deadAbandoned,SILKIENCE,"Feb. 12, 2009",CGE Enterprises LLC,,jhastings@vermontcountrystore.com
77478730,REQUEST_FAILED,,,,,
77478740,REQUEST_FAILED,,,,,
77478768,REQUEST_FAILED,,,,,
77478759,REQUEST_FAILED,,,,,
77478799,REQUEST_FAILED,,,,,
77478788,REQUEST_FAILED,,,,,
77478812,REQUEST_FAILED,,,,,
77478825,REQUEST_FAILED,,,,,
77478835,REQUEST_FAILED,,,,,
77478929,deadAbandoned,GLOBAL ADVISORY,"Mar. 09, 2009",Global Advisory Limited,,
77478883,REQUEST_FAILED,,,,,
77478875,REQUEST_FAILED,,,,,
77478926,REQUEST_FAILED,,,,,
77478952,REQUEST_FAILED,,,,,
77478970,REQUEST_FAILED,,,,,
77478989,REQUEST_FAILED,,,,,
77479024,REQUEST_FAILED,,,,,
77479028,REQUEST_FAILED,,,,,
77479029,REQUEST_FAILED,,,,,
77479047,REQUEST_FAILED,,,,,
77479056,REQUEST_FAILED,,,,,
77479062,REQUEST_FAILED,,,,,
77479230,deadAbandoned,SUPER SINGLES,"Nov. 16, 2009","PANDOLFO, PAUL",,PRP.PRP@comcast.net
77479120,REQUEST_FAILED,,,,,
77479139,REQUEST_FAILED,,,,,
77479208,REQUEST_FAILED,,,,,
77479252,REQUEST_FAILED,,,,,
77479276,REQUEST_FAILED,,,,,
77479278,REQUEST_FAILED,,,,,
77479311,deadAbandoned,FRENCH KISS THIS,"Mar. 05, 2009","Smith, David Walker",,davidwsmith@allstate.com
77479284,REQUEST_FAILED,,,,,
77479299,REQUEST_FAILED,,,,,
77479300,REQUEST_FAILED,,,,,
77479314,REQUEST_FAILED,,,,,
77479339,REQUEST_FAILED,,,,,
77479377,REQUEST_FAILED,,,,,
77479380,REQUEST_FAILED,,,,,
77479429,REQUEST_FAILED,,,,,
77479396,REQUEST_FAILED,,,,,
77479471,REQUEST_FAILED,,,,,
77479489,REQUEST_FAILED,,,,,
77479487,REQUEST_FAILED,,,,,
77479514,deadAbandoned,ENTTEX,"Nov. 05, 2009",Enttex GmbH,,info@goodmill.com
77479493,REQUEST_FAILED,,,,,
77479508,REQUEST_FAILED,,,,,
77479521,REQUEST_FAILED,,,,,
77479529,REQUEST_FAILED,,,,,
77479549,REQUEST_FAILED,,,,,
77479562,deadAbandoned,HRPLUS SIGNATURE SOLUTION,"Mar. 12, 2009",HRPLUS,,sesher@hrplus.com
77479554,REQUEST_FAILED,,,,,
77479569,REQUEST_FAILED,,,,,
77479574,REQUEST_FAILED,,,,,
77479595,REQUEST_FAILED,,,,,
77479599,REQUEST_FAILED,,,,,
77479608,REQUEST_FAILED,,,,,
77479630,deadAbandoned,POWER TEN PRODUCTIONS,"Mar. 10, 2009","Gordon, Richard, W",,rwgordon@usc.edu
77479629,REQUEST_FAILED,,,,,
77479640,REQUEST_FAILED,,,,,
77479639,REQUEST_FAILED,,,,,
77479647,REQUEST_FAILED,,,,,
77479683,deadAbandoned,DYNAMITE FLOATS,"Mar. 06, 2009","Valcik, Joe D.",,explorerjoe@msn.com
77479679,REQUEST_FAILED,,,,,
77479689,REQUEST_FAILED,,,,,
77479754,deadAbandoned,G-FORCE,"Mar. 13, 2009",American Home Apparel Inc.,,john@ahatoys.com
77479730,REQUEST_FAILED,,,,,
77479762,deadAbandoned,SATE,"Aug. 19, 2009","Suzhou Sate Auto Electronic Co., Ltd.",,
77479740,REQUEST_FAILED,,,,,
77479755,REQUEST_FAILED,,,,,
77479763,REQUEST_FAILED,,,,,
77479782,REQUEST_FAILED,,,,,
77479794,REQUEST_FAILED,,,,,
77479800,REQUEST_FAILED,,,,,
77479825,REQUEST_FAILED,,,,,
77479840,REQUEST_FAILED,,,,,
77479870,REQUEST_FAILED,,,,,
77479903,REQUEST_FAILED,,,,,
77479917,REQUEST_FAILED,,,,,
77479925,REQUEST_FAILED,,,,,
77479976,REQUEST_FAILED,,,,,
77480012,REQUEST_FAILED,,,,,
77480042,deadAbandoned,THE LAW OF DIFFERENCES,"Aug. 17, 2009","Ministry Insights International, Inc.",,
77480015,REQUEST_FAILED,,,,,
77480024,REQUEST_FAILED,,,,,
77480047,deadAbandoned,THE LAW OF DIFFERENCES,"Aug. 17, 2009","Ministry Insights International, Inc.",,
77480043,REQUEST_FAILED,,,,,
77480046,REQUEST_FAILED,,,,,
77480075,REQUEST_FAILED,,,,,
77480067,REQUEST_FAILED,,,,,
77480167,deadAbandoned,WOVENLORE,"Oct. 01, 2009","Spivey, Mary T.",,
77480088,REQUEST_FAILED,,,,,
77480095,REQUEST_FAILED,,,,,
77480096,REQUEST_FAILED,,,,,
77480176,REQUEST_FAILED,,,,,
77480180,REQUEST_FAILED,,,,,
77480285,deadAbandoned,BLACKTINO,"Mar. 06, 2009","Aquino, Renee M.",,renee@blacktino.net
77480212,REQUEST_FAILED,,,,,
77480218,REQUEST_FAILED,,,,,
77480254,REQUEST_FAILED,,,,,
77480270,REQUEST_FAILED,,,,,
77480309,REQUEST_FAILED,,,,,
77480320,REQUEST_FAILED,,,,,
77480358,REQUEST_FAILED,,,,,
77480371,REQUEST_FAILED,,,,,
77480426,REQUEST_FAILED,,,,,
77480490,REQUEST_FAILED,,,,,
77480535,REQUEST_FAILED,,,,,
77480586,REQUEST_FAILED,,,,,
77480589,REQUEST_FAILED,,,,,
77480629,REQUEST_FAILED,,,,,
77480640,REQUEST_FAILED,,,,,
77480645,REQUEST_FAILED,,,,,
77480690,deadAbandoned,EARTH PALM,"Mar. 07, 2009",Reuben Joseph Ellis,,reubellis@aol.com
77480665,REQUEST_FAILED,,,,,
77480684,REQUEST_FAILED,,,,,
77480726,REQUEST_FAILED,,,,,
77480765,deadAbandoned,THE LAST WISH GIRL,"Mar. 06, 2009","Spoon Films, Inc.",,info@spoonfilms.com
77480741,REQUEST_FAILED,,,,,
77480777,deadAbandoned,PRIZE FIGHTER MMA,"Mar. 16, 2009","LBT Media Corporation, LLC",,tbayramkul@yahoo.com
77480739,REQUEST_FAILED,,,,,
77480755,REQUEST_FAILED,,,,,
77480783,deadAbandoned,ND'S DANCE RAW TALENT,"Nov. 23, 2009","ND Rights, LLC",,
77480785,deadAbandoned,ND'S DANCE RAW TALENT,"Nov. 23, 2009","ND Rights, LLC",,
77480780,REQUEST_FAILED,,,,,
77480786,REQUEST_FAILED,,,,,
77480790,REQUEST_FAILED,,,,,
77480795,REQUEST_FAILED,,,,,
77480798,REQUEST_FAILED,,,,,
77480801,REQUEST_FAILED,,,,,
77480808,REQUEST_FAILED,,,,,
77480816,REQUEST_FAILED,,,,,
77480824,REQUEST_FAILED,,,,,
77480904,REQUEST_FAILED,,,,,
77480909,REQUEST_FAILED,,,,,
77480915,REQUEST_FAILED,,,,,
77480919,REQUEST_FAILED,,,,,
77480928,REQUEST_FAILED,,,,,
77480961,REQUEST_FAILED,,,,,
77480982,REQUEST_FAILED,,,,,
77481069,deadAbandoned,CELLUTIDE,"Aug. 24, 2009",International Biomedical Reseach S.A. de C.V.,,pat@ibrhq.com
77481040,REQUEST_FAILED,,,,,
77481066,REQUEST_FAILED,,,,,
77481086,REQUEST_FAILED,,,,,
77481098,REQUEST_FAILED,,,,,
77481110,REQUEST_FAILED,,,,,
77481118,REQUEST_FAILED,,,,,
77481159,REQUEST_FAILED,,,,,
77481199,deadAbandoned,"PEACHES 'N CREAM BOUTIQUE & SPA WWW.PEACHESNCREAMBOUTIQUE.COM ""SWEET TASTE OF ELEGANCE"" CONTACT US (888) 430-7701 OR (678) 367-3791 PO BOX 243, DULUTH, GA 30096","Nov. 30, 2009","Livsey, Pashan L.",,pashan@peachesncreamboutique.com
77481183,REQUEST_FAILED,,,,,
77481179,REQUEST_FAILED,,,,,
77481195,deadAbandoned,SPECT8TOR,"Mar. 10, 2009",SPECT8TOR LTD,,dappx@aol.com
77481194,REQUEST_FAILED,,,,,
77481221,deadAbandoned,KONG CONCEPTS,"May 07, 2009","Kong Concepts, LLC",,tim@kongconcepts.com
77481220,REQUEST_FAILED,,,,,
77481223,REQUEST_FAILED,,,,,
77481226,REQUEST_FAILED,,,,,
77481273,REQUEST_FAILED,,,,,
77481293,REQUEST_FAILED,,,,,
77481292,REQUEST_FAILED,,,,,
77481310,REQUEST_FAILED,,,,,
77481331,REQUEST_FAILED,,,,,
77481406,REQUEST_FAILED,,,,,
77481432,REQUEST_FAILED,,,,,
77481434,REQUEST_FAILED,,,,,
77481522,deadAbandoned,HYDRO 1 FUEL PR,"Mar. 09, 2009",rodriguez pedro,,pedro@hydrofuelpr.com
77481524,deadAbandoned,EZE SMOG,"Aug. 17, 2009","EZE Smog, LLC",,bukamier@aol.com
77481466,REQUEST_FAILED,,,,,
77481459,REQUEST_FAILED,,,,,
77481508,REQUEST_FAILED,,,,,
77481532,REQUEST_FAILED,,,,,
77481574,REQUEST_FAILED,,,,,
77481583,REQUEST_FAILED,,,,,
77481591,REQUEST_FAILED,,,,,
77481609,REQUEST_FAILED,,,,,
77481666,REQUEST_FAILED,,,,,
77481684,REQUEST_FAILED,,,,,
77481683,REQUEST_FAILED,,,,,
77481707,REQUEST_FAILED,,,,,
77481776,REQUEST_FAILED,,,,,
77481770,REQUEST_FAILED,,,,,
77481808,REQUEST_FAILED,,,,,
77481809,REQUEST_FAILED,,,,,
77481862,deadAbandoned,RAP PAGES,"Mar. 07, 2009","AMERICAN INTERNATIONAL MEDIA GROUP, INC.",,tdushay@rappagesmagazine.com
77481816,REQUEST_FAILED,,,,,
77481821,REQUEST_FAILED,,,,,
77481864,deadAbandoned,BUSINESS SHORTS,"Mar. 17, 2009","Higgins Investment Group, LLC",,jhiggins@business-shorts.com
77481908,deadAbandoned,HOME TRENDS & CREATIONS,"Apr. 09, 2009",DALEUSKI CONSULTING LLC,,
77481832,REQUEST_FAILED,,,,,
77481914,deadAbandoned,MAD BEACH,"Sep. 21, 2009","Harling, Gabe",,gharling@tampabay.rr.com
77481883,REQUEST_FAILED,,,,,
77481907,REQUEST_FAILED,,,,,
77481886,REQUEST_FAILED,,,,,
77481929,deadAbandoned,DINEADS,"Sep. 19, 2009",Garett Thompson,,garett_t@yahoo.com
77481961,deadAbandoned,FLY FOAM,"Aug. 17, 2009",Chemstar Corporation,,jsaylor@chemstarcorp.com
77481937,deadAbandoned,DONTBUYLISTS,"Mar. 11, 2009",Don't Buy Lists Ltd,,jens@dontbuylists.com
77481992,REQUEST_FAILED,,,,,
77482002,REQUEST_FAILED,,,,,
77482017,REQUEST_FAILED,,,,,
77482055,REQUEST_FAILED,,,,,
77482057,REQUEST_FAILED,,,,,
77482133,deadAbandoned,US FREEDOM FUND,"Aug. 03, 2009","Wojtas Jr., Theodore",,
77482136,deadAbandoned,FREEDOM FUND,"Aug. 03, 2009","Wojtas Jr., Theodore",,
77482069,REQUEST_FAILED,,,,,
77482085,REQUEST_FAILED,,,,,
77482161,REQUEST_FAILED,,,,,
77482225,REQUEST_FAILED,,,,,
77482258,REQUEST_FAILED,,,,,
77482286,REQUEST_FAILED,,,,,
77482331,deadAbandoned,WORLD CTL,"Mar. 13, 2009",Perineau Serge M,,serge.perineau@axen.fr
77482354,REQUEST_FAILED,,,,,
77482378,REQUEST_FAILED,,,,,
77482393,REQUEST_FAILED,,,,,
77482464,deadAbandoned,NU-SOIL SUPERCOMPOST,"Mar. 10, 2009","Enviro-Mend Technologies, Inc.",,steveandpeggy08@yahoo.com
77482468,deadAbandoned,CENTER FOR SUSTAINABLE TOURISM,"Mar. 17, 2009",Patrick T. Long,,longp@ecu.edu
77482415,REQUEST_FAILED,,,,,
77482475,deadAbandoned,ALL FUN LEAGUE,"Aug. 24, 2009",LAUGHING LOON LLC,,tim@boysofspring.com
77482427,REQUEST_FAILED,,,,,
77482481,REQUEST_FAILED,,,,,
77482506,REQUEST_FAILED,,,,,
77482523,REQUEST_FAILED,,,,,
77482531,REQUEST_FAILED,,,,,
77482557,REQUEST_FAILED,,,,,
77482583,deadAbandoned,JOE WEIRDO.COM,"Mar. 09, 2009",Matthew G. Fredericks,,matthewfredericks@joeweirdo.com
77482595,deadAbandoned,ECOVIEW,"Aug. 17, 2009","Avid Technology, Inc.",,
77482566,REQUEST_FAILED,,,,,
77482604,REQUEST_FAILED,,,,,
77482680,deadAbandoned,RHODY NATION,"Mar. 13, 2009",David J Aiello,,esoteric10@gmail.com
77482670,REQUEST_FAILED,,,,,
77482676,REQUEST_FAILED,,,,,
77482715,REQUEST_FAILED,,,,,
77482763,REQUEST_FAILED,,,,,
77482760,REQUEST_FAILED,,,,,
77482807,REQUEST_FAILED,,,,,
77482842,REQUEST_FAILED,,,,,
77482850,REQUEST_FAILED,,,,,
77482864,REQUEST_FAILED,,,,,
77482871,REQUEST_FAILED,,,,,
77482890,REQUEST_FAILED,,,,,
77482908,REQUEST_FAILED,,,,,
77482915,REQUEST_FAILED,,,,,
77482962,REQUEST_FAILED,,,,,
77482961,REQUEST_FAILED,,,,,
77482954,REQUEST_FAILED,,,,,
77482966,REQUEST_FAILED,,,,,
77482972,REQUEST_FAILED,,,,,
77482974,REQUEST_FAILED,,,,,
77483033,deadAbandoned,CHIROSSAGE,"Mar. 10, 2009","Plush, Sheryl L",,drsplush@sbcglobal.net
77482976,REQUEST_FAILED,,,,,
77483024,REQUEST_FAILED,,,,,
77483031,REQUEST_FAILED,,,,,
77483040,REQUEST_FAILED,,,,,
77483047,deadAbandoned,BILLBOARD ME! THE OFFICIAL T-SHIRT,"Mar. 17, 2009","Chiu, Chung-Kit",,chungkitchiu@gmail.com
77483060,REQUEST_FAILED,,,,,
77483065,REQUEST_FAILED,,,,,
77483087,deadAbandoned,THE GAME DAME,"Mar. 13, 2009","Kemp, Kate C",,
77483069,REQUEST_FAILED,,,,,
77483079,REQUEST_FAILED,,,,,
77483085,REQUEST_FAILED,,,,,
77483088,REQUEST_FAILED,,,,,
77483096,REQUEST_FAILED,,,,,
77483106,REQUEST_FAILED,,,,,
77483123,REQUEST_FAILED,,,,,
77483124,REQUEST_FAILED,,,,,
77483128,REQUEST_FAILED,,,,,
77483151,REQUEST_FAILED,,,,,
77483157,REQUEST_FAILED,,,,,
77483158,REQUEST_FAILED,,,,,
77483169,deadAbandoned,MR. BIG,"Aug. 24, 2009",RETRIEVER BRANDS LLC,,RETRIEVERBRANDS@COMCAST.NET
77483164,REQUEST_FAILED,,,,,
77483178,deadAbandoned,SCOOTER REVOLUTION,"Mar. 09, 2009",Scooter Revolution LLC,,manager@scooterrevolution.com
77483165,REQUEST_FAILED,,,,,
77483182,deadAbandoned,FROM THE WORLD'S BEST MINES TO YOUR CUSTOMER'S FINGER...,"Mar. 09, 2009",Arabov Group Ltd.,,gill@arabovgroup.com
77483167,REQUEST_FAILED,,,,,
77483168,REQUEST_FAILED,,,,,
77483170,REQUEST_FAILED,,,,,
77483175,REQUEST_FAILED,,,,,
77483204,REQUEST_FAILED,,,,,
77483205,REQUEST_FAILED,,,,,
77483216,REQUEST_FAILED,,,,,
77483218,REQUEST_FAILED,,,,,
77483220,REQUEST_FAILED,,,,,
77483222,REQUEST_FAILED,,,,,
77483224,REQUEST_FAILED,,,,,
77483238,deadAbandoned,FUSION FOODS INCORPORATED,"Mar. 11, 2009",Fusion Foods Incorporated,,fusionfoodsinc@aol.com
77483235,REQUEST_FAILED,,,,,
77483247,REQUEST_FAILED,,,,,
77483248,REQUEST_FAILED,,,,,
77483250,REQUEST_FAILED,,,,,
77483253,REQUEST_FAILED,,,,,
77483254,REQUEST_FAILED,,,,,
77483256,REQUEST_FAILED,,,,,
77483265,REQUEST_FAILED,,,,,
77483264,REQUEST_FAILED,,,,,
77483268,REQUEST_FAILED,,,,,
77483270,REQUEST_FAILED,,,,,
77483272,REQUEST_FAILED,,,,,
77483273,REQUEST_FAILED,,,,,
77483274,REQUEST_FAILED,,,,,
77483296,deadAbandoned,LUXBABIES,"Mar. 12, 2009",Amanda Gladden,,mandy@luxbabies.com
77483280,REQUEST_FAILED,,,,,
77483282,REQUEST_FAILED,,,,,
77483298,REQUEST_FAILED,,,,,
77483300,REQUEST_FAILED,,,,,
77483334,deadAbandoned,QUICKCUT,"Mar. 12, 2009",Marlin Gear Ltd.,,marlinclaw@yahoo.com
77483359,deadAbandoned,CHOICEFILETS,"Sep. 29, 2009",Perry & Stowe Company,,purchasing@perrystowe.com
77483332,REQUEST_FAILED,,,,,
77483340,REQUEST_FAILED,,,,,
77483341,REQUEST_FAILED,,,,,
77483350,REQUEST_FAILED,,,,,
77483361,REQUEST_FAILED,,,,,
77483383,REQUEST_FAILED,,,,,
77483384,REQUEST_FAILED,,,,,
77483386,REQUEST_FAILED,,,,,
77483401,REQUEST_FAILED,,,,,
77483417,REQUEST_FAILED,,,,,
77483455,deadAbandoned,LIFE LINK,"Mar. 16, 2009","Applied Digital Technologies, Inc.",,laurenscott@hughes.net
77483443,REQUEST_FAILED,,,,,
77483456,REQUEST_FAILED,,,,,
77483478,REQUEST_FAILED,,,,,
77483466,REQUEST_FAILED,,,,,
77483483,REQUEST_FAILED,,,,,
77483486,REQUEST_FAILED,,,,,
77483530,REQUEST_FAILED,,,,,
77483584,REQUEST_FAILED,,,,,
77483607,REQUEST_FAILED,,,,,
77483618,REQUEST_FAILED,,,,,
77483621,REQUEST_FAILED,,,,,
77483632,deadAbandoned,PONY STAR,"Aug. 10, 2009","Replar Manufacturing, Inc.",,andy@voy77.com
77483649,deadAbandoned,GENEALOGY TIMESAVOR,"Oct. 29, 2009",Genealogy Timsavor,,genealogytimesavor08@gmail.com
77483628,REQUEST_FAILED,,,,,
77483629,REQUEST_FAILED,,,,,
77483660,REQUEST_FAILED,,,,,
77483669,REQUEST_FAILED,,,,,
77483702,deadAbandoned,HURRICANE TOYS,"Mar. 24, 2009",Hurricane Toys Ltd.,,lingwong@hurricanetoys.com
77483678,REQUEST_FAILED,,,,,
77483681,REQUEST_FAILED,,,,,
77483689,REQUEST_FAILED,,,,,
77483695,REQUEST_FAILED,,,,,
77483704,deadAbandoned,HURRICANE TOYS,"Mar. 24, 2009",Hurricane Toys Ltd.,,lingwong@hurricanetoys.com
77483712,REQUEST_FAILED,,,,,
77483705,REQUEST_FAILED,,,,,
77483716,REQUEST_FAILED,,,,,
77483739,REQUEST_FAILED,,,,,
77483771,REQUEST_FAILED,,,,,
77483793,deadAbandoned,BEST FRIENDS YOUTH CORPS,"Mar. 13, 2009",Best Friends Animal Society,,
77483786,REQUEST_FAILED,,,,,
77483791,REQUEST_FAILED,,,,,
77483831,REQUEST_FAILED,,,,,
77483836,REQUEST_FAILED,,,,,
77483848,REQUEST_FAILED,,,,,
77483844,REQUEST_FAILED,,,,,
77483853,REQUEST_FAILED,,,,,
77483854,REQUEST_FAILED,,,,,
77483983,deadAbandoned,ZOOMBOX,"Sep. 22, 2009",Yarone Goren,,yarone@yarone.com
77483888,REQUEST_FAILED,,,,,
77483937,REQUEST_FAILED,,,,,
77483938,REQUEST_FAILED,,,,,
77484097,REQUEST_FAILED,,,,,
77484131,REQUEST_FAILED,,,,,
77484175,REQUEST_FAILED,,,,,
77484195,REQUEST_FAILED,,,,,
77484207,REQUEST_FAILED,,,,,
77484217,REQUEST_FAILED,,,,,
77484223,REQUEST_FAILED,,,,,
77484261,REQUEST_FAILED,,,,,
77484265,REQUEST_FAILED,,,,,
77484268,REQUEST_FAILED,,,,,
77484273,REQUEST_FAILED,,,,,
77484292,REQUEST_FAILED,,,,,
77484314,REQUEST_FAILED,,,,,
77484317,REQUEST_FAILED,,,,,
77484361,REQUEST_FAILED,,,,,
77484411,REQUEST_FAILED,,,,,
77484451,REQUEST_FAILED,,,,,
77484460,REQUEST_FAILED,,,,,
77484462,REQUEST_FAILED,,,,,
77484474,REQUEST_FAILED,,,,,
77484487,REQUEST_FAILED,,,,,
77484532,deadAbandoned,AINAKEA,"Mar. 10, 2009","Choe, Mark",,jeansplusmaui@yahoo.com
77484492,REQUEST_FAILED,,,,,
77484533,deadAbandoned,3-DMOVIES,"Feb. 27, 2009",Amaradidis Theodoros,,3dmovies@bellsouth.net
77484522,REQUEST_FAILED,,,,,
77484539,REQUEST_FAILED,,,,,
77484541,REQUEST_FAILED,,,,,
77484548,REQUEST_FAILED,,,,,
77484599,deadAbandoned,NÖRSEA INDUSTRIES,"Mar. 11, 2009","Banks, Stephen",,stephenbanks66@yahoo.co.uk
77484577,REQUEST_FAILED,,,,,
77484583,REQUEST_FAILED,,,,,
77484584,REQUEST_FAILED,,,,,
77484593,REQUEST_FAILED,,,,,
77484608,REQUEST_FAILED,,,,,
77484622,REQUEST_FAILED,,,,,
77484626,REQUEST_FAILED,,,,,
77484660,REQUEST_FAILED,,,,,
77484679,REQUEST_FAILED,,,,,
77484712,REQUEST_FAILED,,,,,
77484717,REQUEST_FAILED,,,,,
77484736,REQUEST_FAILED,,,,,
77484776,REQUEST_FAILED,,,,,
77484782,REQUEST_FAILED,,,,,
77484802,REQUEST_FAILED,,,,,
77484805,REQUEST_FAILED,,,,,
77484806,REQUEST_FAILED,,,,,
77484937,deadAbandoned,LE CERCLE,"Feb. 02, 2009",Stranger & Stranger Ltd,,morgan@strangerandstranger.com
77484920,REQUEST_FAILED,,,,,
77484894,REQUEST_FAILED,,,,,
77484958,REQUEST_FAILED,,,,,
77484963,REQUEST_FAILED,,,,,
77484969,REQUEST_FAILED,,,,,
77485012,REQUEST_FAILED,,,,,
77485031,REQUEST_FAILED,,,,,
77485109,deadAbandoned,Z ZINPLEX,"Mar. 11, 2009",Zinplex LLC,,donovanvdw@gmail.com
77485096,REQUEST_FAILED,,,,,
77485121,REQUEST_FAILED,,,,,
77485151,REQUEST_FAILED,,,,,
77485156,deadAbandoned,SURELINE,"Mar. 11, 2009",Promega Corporation,,
77485154,REQUEST_FAILED,,,,,
77485160,REQUEST_FAILED,,,,,
77485186,REQUEST_FAILED,,,,,
77485218,REQUEST_FAILED,,,,,
77485221,REQUEST_FAILED,,,,,
77485230,REQUEST_FAILED,,,,,
77485288,deadAbandoned,GREEN VISION PARTNERS,"Mar. 13, 2009","Green Vision Partners, LLC",,dmueller@greenvisionpartners.com
77485231,REQUEST_FAILED,,,,,
77485243,REQUEST_FAILED,,,,,
77485372,deadAbandoned,I HAVE AUTISM,"Mar. 11, 2009","Real, Robert",,realfamily5@hotmail.com
77485304,REQUEST_FAILED,,,,,
77485298,REQUEST_FAILED,,,,,
77485358,REQUEST_FAILED,,,,,
77485393,REQUEST_FAILED,,,,,
77485409,REQUEST_FAILED,,,,,
77485402,REQUEST_FAILED,,,,,
77485414,REQUEST_FAILED,,,,,
77485412,REQUEST_FAILED,,,,,
77485439,REQUEST_FAILED,,,,,
77485440,REQUEST_FAILED,,,,,
77485450,REQUEST_FAILED,,,,,
77485459,REQUEST_FAILED,,,,,
77485474,REQUEST_FAILED,,,,,
77485464,REQUEST_FAILED,,,,,
77485499,REQUEST_FAILED,,,,,
77485522,REQUEST_FAILED,,,,,
77485575,REQUEST_FAILED,,,,,
77485608,REQUEST_FAILED,,,,,
77485613,REQUEST_FAILED,,,,,
77485624,REQUEST_FAILED,,,,,
77485614,REQUEST_FAILED,,,,,
77485693,deadAbandoned,THE KITCHEN,"Sep. 21, 2009","Hamaydeh, Azmi",,ahamaida@eim.ae
77485647,REQUEST_FAILED,,,,,
77485649,REQUEST_FAILED,,,,,
77485655,REQUEST_FAILED,,,,,
77485702,deadAbandoned,DIYPI,"Sep. 22, 2009",Bamm Enterprises Proprietary Limited,,john.pagacs@ablawyers.com.au
77485708,REQUEST_FAILED,,,,,
77485747,REQUEST_FAILED,,,,,
77485786,REQUEST_FAILED,,,,,
77485787,REQUEST_FAILED,,,,,
77485792,REQUEST_FAILED,,,,,
77485815,REQUEST_FAILED,,,,,
77485817,REQUEST_FAILED,,,,,
77485836,REQUEST_FAILED,,,,,
77485869,REQUEST_FAILED,,,,,
77485877,REQUEST_FAILED,,,,,
77485912,REQUEST_FAILED,,,,,
77485922,REQUEST_FAILED,,,,,
77485931,REQUEST_FAILED,,,,,
77485998,REQUEST_FAILED,,,,,
77486018,REQUEST_FAILED,,,,,
77486089,REQUEST_FAILED,,,,,
77486056,REQUEST_FAILED,,,,,
77486115,REQUEST_FAILED,,,,,
77486132,REQUEST_FAILED,,,,,
77486156,REQUEST_FAILED,,,,,
77486159,REQUEST_FAILED,,,,,
77486313,deadAbandoned,FIX MY UGLY MARRIAGE,"Mar. 24, 2009",marriagePlus Ministries,,ron@mplusmin.com
77486250,REQUEST_FAILED,,,,,
77486273,REQUEST_FAILED,,,,,
77486279,REQUEST_FAILED,,,,,
77486290,REQUEST_FAILED,,,,,
77486292,REQUEST_FAILED,,,,,
77486352,deadAbandoned,CHIEN DE NIMES,"Mar. 17, 2009","Benchetrit, Yann",,yann@lhpusa.net
77486384,REQUEST_FAILED,,,,,
77486390,REQUEST_FAILED,,,,,
77486395,REQUEST_FAILED,,,,,
77486425,REQUEST_FAILED,,,,,
77486542,deadAbandoned,POLARIS,"Apr. 16, 2009","Yukon Advanced Optics Worldwide, UAB",,iarbouzov@yukonopticsglobal.com
77486483,REQUEST_FAILED,,,,,
77486535,REQUEST_FAILED,,,,,
77486571,REQUEST_FAILED,,,,,
77486587,REQUEST_FAILED,,,,,
77486611,REQUEST_FAILED,,,,,
77486616,REQUEST_FAILED,,,,,
77486654,REQUEST_FAILED,,,,,
77486676,REQUEST_FAILED,,,,,
77486684,REQUEST_FAILED,,,,,
77486685,REQUEST_FAILED,,,,,
77486714,REQUEST_FAILED,,,,,
77486725,REQUEST_FAILED,,,,,
77486744,REQUEST_FAILED,,,,,
77486843,deadAbandoned,ITOG,"Mar. 13, 2009",IsThatOneGood LLC,,rfeldman@itog.com
77486792,REQUEST_FAILED,,,,,
77486810,REQUEST_FAILED,,,,,
77486856,deadAbandoned,SECAN,"Oct. 07, 2009","Beijing Second Pharmaceutical Co., Ltd",,
77486942,REQUEST_FAILED,,,,,
77486921,REQUEST_FAILED,,,,,
77487007,REQUEST_FAILED,,,,,
77487026,REQUEST_FAILED,,,,,
77487064,deadAbandoned,HAPPY MIX,"Aug. 31, 2009",CANDELARIO LOPEZ ERIBERTO,,cramirez@uribeyasociados.com
77487094,deadAbandoned,CHILI ROKAS,"Aug. 31, 2009",CANDELARIO ERIBERTO,,cramirez@uribeyasociados.com
77487041,REQUEST_FAILED,,,,,
77487051,REQUEST_FAILED,,,,,
77487069,REQUEST_FAILED,,,,,
77487102,REQUEST_FAILED,,,,,
77487166,deadAbandoned,THE LEAF SCIENCE SKIN RANGE,"Aug. 31, 2009","Widgerow, Alan, D",,surgeon@iafrica.com
77487164,REQUEST_FAILED,,,,,
77487165,REQUEST_FAILED,,,,,
77487182,REQUEST_FAILED,,,,,
77487203,REQUEST_FAILED,,,,,
77487198,REQUEST_FAILED,,,,,
77487218,REQUEST_FAILED,,,,,
77487242,REQUEST_FAILED,,,,,
77487308,REQUEST_FAILED,,,,,
77487326,REQUEST_FAILED,,,,,
77487386,REQUEST_FAILED,,,,,
77487523,deadAbandoned,BRIDGED CONTENT,"Mar. 18, 2009","howell heavy industry, inc.",,sh@howellheavy.com
77487426,REQUEST_FAILED,,,,,
77487459,REQUEST_FAILED,,,,,
77487521,REQUEST_FAILED,,,,,
77487535,REQUEST_FAILED,,,,,
77487576,REQUEST_FAILED,,,,,
77487639,REQUEST_FAILED,,,,,
77487675,REQUEST_FAILED,,,,,
77487667,REQUEST_FAILED,,,,,
77487762,deadAbandoned,ORGANICOPIOUS,"Sep. 28, 2009","Morgan, Jerry, L.",,jerryicfoods@gmail.com
77487751,REQUEST_FAILED,,,,,
77487755,REQUEST_FAILED,,,,,
77487775,REQUEST_FAILED,,,,,
77487782,REQUEST_FAILED,,,,,
77487802,REQUEST_FAILED,,,,,
77487804,REQUEST_FAILED,,,,,
77487815,REQUEST_FAILED,,,,,
77487829,REQUEST_FAILED,,,,,
77487832,REQUEST_FAILED,,,,,
77487840,REQUEST_FAILED,,,,,
77487908,REQUEST_FAILED,,,,,
77487919,REQUEST_FAILED,,,,,
77487928,REQUEST_FAILED,,,,,
77487939,REQUEST_FAILED,,,,,
77487945,REQUEST_FAILED,,,,,
77487953,REQUEST_FAILED,,,,,
77487959,REQUEST_FAILED,,,,,
77487971,REQUEST_FAILED,,,,,
77487977,REQUEST_FAILED,,,,,
77487983,REQUEST_FAILED,,,,,
77488002,REQUEST_FAILED,,,,,
77488038,deadAbandoned,UNITED STATES FISHING TEAM,"Mar. 16, 2009","Patterson, Jeffrey, D",,jeffandkellypatterson@hotmail.com
77488029,REQUEST_FAILED,,,,,
77488026,REQUEST_FAILED,,,,,
77488036,REQUEST_FAILED,,,,,
77488052,REQUEST_FAILED,,,,,
77488070,deadAbandoned,WEE TODD,"Apr. 02, 2009","Duffy, Michael J.",,mcduff2@sbcglobal.net
77488057,REQUEST_FAILED,,,,,
77488060,REQUEST_FAILED,,,,,
77488063,REQUEST_FAILED,,,,,
77488095,deadAbandoned,SPONSOR A TREE,"Mar. 13, 2009",Mobile Media Pty Ltd,,info@actuateip.com.au
77488071,REQUEST_FAILED,,,,,
77488090,REQUEST_FAILED,,,,,
77488105,REQUEST_FAILED,,,,,
77488108,REQUEST_FAILED,,,,,
77488116,REQUEST_FAILED,,,,,
77488138,REQUEST_FAILED,,,,,
77488147,REQUEST_FAILED,,,,,
77488168,REQUEST_FAILED,,,,,
77488164,REQUEST_FAILED,,,,,
77488181,REQUEST_FAILED,,,,,
77488183,REQUEST_FAILED,,,,,
77488226,deadAbandoned,VIZION,"Aug. 24, 2009",OneWorld Global Manufacturing Solutions Ltd,,davidnorton@oneworld.com.hk
77488193,REQUEST_FAILED,,,,,
77488242,deadAbandoned,POLYTINTZ,"Aug. 24, 2009",Korea PolyLens,,qpskr@naver.com
77488214,REQUEST_FAILED,,,,,
77488202,REQUEST_FAILED,,,,,
77488232,REQUEST_FAILED,,,,,
77488240,REQUEST_FAILED,,,,,
77488243,REQUEST_FAILED,,,,,
77488297,REQUEST_FAILED,,,,,
77488302,REQUEST_FAILED,,,,,
77488389,REQUEST_FAILED,,,,,
77488412,REQUEST_FAILED,,,,,
77488403,REQUEST_FAILED,,,,,
77488501,REQUEST_FAILED,,,,,
77488541,deadAbandoned,H2O COTTON,"Sep. 17, 2009",Hilasal Mexicana S.A.B de C.V.,,hhonda@hbclaw.com.mx
77488540,REQUEST_FAILED,,,,,
77488539,REQUEST_FAILED,,,,,
77488543,REQUEST_FAILED,,,,,
77488578,deadAbandoned,HOLLOW COTTON,"Sep. 21, 2009",Hilasal Mexicana S.A.B.de C.V.,,hhonda@hbclaw.com.mx
77488589,deadAbandoned,SHE MATTERS LOVE SUCCESS HONESTY HAPPINESS PERSEVERANCE WISDOM FITNESS FRIENDSHIP CAREERS CULTIVATING DESTINY,"Feb. 12, 2009","Universal Impact, LLC",,robynleo03@comcast.net
77488547,REQUEST_FAILED,,,,,
77488564,REQUEST_FAILED,,,,,
77488560,REQUEST_FAILED,,,,,
77488587,REQUEST_FAILED,,,,,
77488616,REQUEST_FAILED,,,,,
77488631,REQUEST_FAILED,,,,,
77488638,REQUEST_FAILED,,,,,
77488702,deadAbandoned,CHICHÉN ITZÁ,"Mar. 20, 2009","TORRES BOGARIN, EFREN RAYO",,vila@gorm.com.mx
77488765,deadAbandoned,POWERQ,"Aug. 31, 2009","Clean Power Management, Inc.",,cleanpwr@gmail.com
77488692,REQUEST_FAILED,,,,,
77488782,deadAbandoned,CALMSKIN,"Mar. 16, 2009","Avogenics, Inc",,rhuber@302skincare.com
77488695,REQUEST_FAILED,,,,,
77488722,REQUEST_FAILED,,,,,
77488811,deadAbandoned,L'EFFLEUR,"Feb. 13, 2009",CGE Enterprises LLC,,jhastings@vermontcountrystore.com
77488783,REQUEST_FAILED,,,,,
77488834,REQUEST_FAILED,,,,,
77488848,REQUEST_FAILED,,,,,
77488861,REQUEST_FAILED,,,,,
77488948,REQUEST_FAILED,,,,,
77488983,REQUEST_FAILED,,,,,
77489024,REQUEST_FAILED,,,,,
77489051,REQUEST_FAILED,,,,,
77489091,deadAbandoned,NEW LEAF CLOTHING,"Mar. 16, 2009",New Leaf Clothing,,erik@newleafclothing.com
77489074,REQUEST_FAILED,,,,,
77489090,REQUEST_FAILED,,,,,
77489077,REQUEST_FAILED,,,,,
77489111,REQUEST_FAILED,,,,,
77489114,REQUEST_FAILED,,,,,
77489140,REQUEST_FAILED,,,,,
77489133,REQUEST_FAILED,,,,,
77489128,REQUEST_FAILED,,,,,
77489149,REQUEST_FAILED,,,,,
77489148,REQUEST_FAILED,,,,,
77489182,REQUEST_FAILED,,,,,
77489154,REQUEST_FAILED,,,,,
77489189,REQUEST_FAILED,,,,,
77489245,deadAbandoned,.VIDEO,"Oct. 04, 2009",.Mobile Internet Pty Ltd,,dean@shannon.com.au
77489256,deadAbandoned,PCFINANCIAL,"Mar. 23, 2009",Quadrille Media Group,,quad_media@yahoo.com
77489243,REQUEST_FAILED,,,,,
77489246,REQUEST_FAILED,,,,,
77489333,deadAbandoned,REALTOR-IN-A-BOX,"Mar. 16, 2009","Hando, Jeffrey A",,vhando@verizon.net
77489253,REQUEST_FAILED,,,,,
77489265,REQUEST_FAILED,,,,,
77489281,REQUEST_FAILED,,,,,
77489271,REQUEST_FAILED,,,,,
77489393,REQUEST_FAILED,,,,,
77489400,REQUEST_FAILED,,,,,
77489517,REQUEST_FAILED,,,,,
77489567,REQUEST_FAILED,,,,,
77489603,REQUEST_FAILED,,,,,
77489667,REQUEST_FAILED,,,,,
77489671,REQUEST_FAILED,,,,,
77489692,REQUEST_FAILED,,,,,
77489740,REQUEST_FAILED,,,,,
77489796,REQUEST_FAILED,,,,,
77489895,REQUEST_FAILED,,,,,
77489896,REQUEST_FAILED,,,,,
77489929,REQUEST_FAILED,,,,,
77489952,REQUEST_FAILED,,,,,
77490041,deadAbandoned,DIAMOND MIND,"Mar. 16, 2009","Kandibur, Mila",,info@diamondmindcoaching.com
77490074,deadAbandoned,GODDESS IN THE BOARDROOM,"Mar. 16, 2009","Kandibur, Mila",,info@diamondmindcoaching.com
77490091,deadAbandoned,NORTHWESTERN CASUALTY,"Mar. 16, 2009","Knight Management Insurance Services, LLC",,
77490015,REQUEST_FAILED,,,,,
77490043,REQUEST_FAILED,,,,,
77490056,REQUEST_FAILED,,,,,
77490058,REQUEST_FAILED,,,,,
77490115,REQUEST_FAILED,,,,,
77490121,REQUEST_FAILED,,,,,
77490136,REQUEST_FAILED,,,,,
77490179,deadAbandoned,WET & DRY PROFESSIONAL MAKE-UP,"Oct. 04, 2009",Goodmill Cosmetics LLC,,info@ikos-usa.com
77490211,deadAbandoned,ICE ICE PLUS,"Mar. 14, 2009",SINOCHEM NINGBO LTD.,,
77490192,REQUEST_FAILED,,,,,
77490199,REQUEST_FAILED,,,,,
77490197,REQUEST_FAILED,,,,,
77490220,REQUEST_FAILED,,,,,
77490256,deadAbandoned,FUN DATING,"Mar. 17, 2009","Sitbon, Paul E",,paulsitbon@yahoo.fr
77490240,REQUEST_FAILED,,,,,
77490229,REQUEST_FAILED,,,,,
77490260,REQUEST_FAILED,,,,,
77490265,deadAbandoned,AKUZ,"Aug. 17, 2009",LHFJ Partnership,,nicky@zukauk.com
77490386,deadAbandoned,LIPIX,"Mar. 17, 2009",Nutra Specialities Private Limited,,
77490282,REQUEST_FAILED,,,,,
77490311,REQUEST_FAILED,,,,,
77490354,REQUEST_FAILED,,,,,
77490399,REQUEST_FAILED,,,,,
77490429,REQUEST_FAILED,,,,,
77490427,REQUEST_FAILED,,,,,
77490472,REQUEST_FAILED,,,,,
77490493,REQUEST_FAILED,,,,,
77490494,REQUEST_FAILED,,,,,
77490511,REQUEST_FAILED,,,,,
77490532,deadAbandoned,SHIRTS 4 CHANGE,"Apr. 26, 2009",Shirts 4 Change,,jvanderlofske@yahoo.com
77490517,REQUEST_FAILED,,,,,
77490525,REQUEST_FAILED,,,,,
77490527,REQUEST_FAILED,,,,,
77490533,REQUEST_FAILED,,,,,
77490593,REQUEST_FAILED,,,,,
77490627,REQUEST_FAILED,,,,,
77490692,REQUEST_FAILED,,,,,
77490712,REQUEST_FAILED,,,,,
77490729,REQUEST_FAILED,,,,,
77490810,deadAbandoned,FACING FORWARD,"Mar. 16, 2009","Facing Forward, L.L.C.",,
77490746,REQUEST_FAILED,,,,,
77490811,deadAbandoned,RV-MAX,"Mar. 16, 2009","IHG Holdings, LLC",,
77490759,REQUEST_FAILED,,,,,
77490849,deadAbandoned,ACADEMIC FITNESS,"Mar. 16, 2009","Innovative Knowledge, Inc.",,garretlenox@yahoo.com
77490815,REQUEST_FAILED,,,,,
77490963,deadAbandoned,STRETCHED OUT SUPERMOM,"Mar. 17, 2009","JILL'S TEAM, LLC",,
77490933,REQUEST_FAILED,,,,,
77490948,REQUEST_FAILED,,,,,
77490956,REQUEST_FAILED,,,,,
77490977,deadAbandoned,RUBBERBAND THEORY,"Mar. 18, 2009","JILL'S TEAM, LLC",,
77490969,REQUEST_FAILED,,,,,
77490965,REQUEST_FAILED,,,,,
77490986,REQUEST_FAILED,,,,,
77490989,REQUEST_FAILED,,,,,
77491077,deadAbandoned,BEYOND RACE AND BORDERS,"Aug. 11, 2009",WORLDWIDE CITIZEN,,OUSMANEM@GMAIL.COM
77491035,REQUEST_FAILED,,,,,
77491037,REQUEST_FAILED,,,,,
77491085,REQUEST_FAILED,,,,,
77491110,deadAbandoned,VALUE CARD PROGRAM,"Mar. 16, 2009",Value Card LLC,,tcarlisle@valuecardprogram.com
77491108,REQUEST_FAILED,,,,,
77491114,REQUEST_FAILED,,,,,
77491128,REQUEST_FAILED,,,,,
77491139,REQUEST_FAILED,,,,,
77491146,REQUEST_FAILED,,,,,
77491166,REQUEST_FAILED,,,,,
77491174,REQUEST_FAILED,,,,,
77491216,REQUEST_FAILED,,,,,
77491218,REQUEST_FAILED,,,,,
77491231,REQUEST_FAILED,,,,,
77491228,REQUEST_FAILED,,,,,
77491258,REQUEST_FAILED,,,,,
77491261,REQUEST_FAILED,,,,,
77491315,deadAbandoned,ANIMA ENTERPRISE,"Mar. 24, 2009","Alzati, Cristian",,cristian@alzati.com
77491281,REQUEST_FAILED,,,,,
77491291,REQUEST_FAILED,,,,,
77491311,REQUEST_FAILED,,,,,
77491317,REQUEST_FAILED,,,,,
77491318,REQUEST_FAILED,,,,,
77491326,REQUEST_FAILED,,,,,
77491329,REQUEST_FAILED,,,,,
77491343,deadAbandoned,ALANA HOTELS,"Sep. 14, 2009",Archipelago Indonesia,,Jules@ArchipelagoIndonesia.com
77491335,REQUEST_FAILED,,,,,
77491340,REQUEST_FAILED,,,,,
77491345,deadAbandoned,YH21CT,"Mar. 18, 2009","Jiangmen Rixin Stainless Steel Co., Ltd.",,tm@acip.cn
77491344,REQUEST_FAILED,,,,,
77491358,REQUEST_FAILED,,,,,
77491367,REQUEST_FAILED,,,,,
77491440,REQUEST_FAILED,,,,,
77491480,REQUEST_FAILED,,,,,
77491492,deadAbandoned,HUMPBACK,"Aug. 31, 2009","Blue Whale Moving Company, Inc.",,brad@bradarmstrong.com
77491482,REQUEST_FAILED,,,,,
77491481,REQUEST_FAILED,,,,,
77491484,REQUEST_FAILED,,,,,
77491588,deadAbandoned,"MERCHANTSCASH ""THE PREMEIRE FUNDING COMPANY""","Mar. 23, 2009",MerchantsCash,,info@merchantscash.com
77491571,REQUEST_FAILED,,,,,
77491578,REQUEST_FAILED,,,,,
77491526,REQUEST_FAILED,,,,,
77491555,REQUEST_FAILED,,,,,
77491606,REQUEST_FAILED,,,,,
77491658,deadAbandoned,"""GARDEN OF EDEN"" PRISTINE PRODUCE","Mar. 18, 2009","ROSS GUNN, JR.",,tmregistered@gmail.com
77491640,REQUEST_FAILED,,,,,
77491647,REQUEST_FAILED,,,,,
77491649,REQUEST_FAILED,,,,,
77491650,REQUEST_FAILED,,,,,
77491703,REQUEST_FAILED,,,,,
77491705,REQUEST_FAILED,,,,,
77491772,REQUEST_FAILED,,,,,
77491795,REQUEST_FAILED,,,,,
77491805,REQUEST_FAILED,,,,,
77491812,REQUEST_FAILED,,,,,
77491847,REQUEST_FAILED,,,,,
77491879,REQUEST_FAILED,,,,,
77491889,REQUEST_FAILED,,,,,
77491922,REQUEST_FAILED,,,,,
77491968,REQUEST_FAILED,,,,,
77492054,REQUEST_FAILED,,,,,
77492130,deadAbandoned,TATWEER,"Oct. 01, 2009",Tatweer Dubai LLC,,
77492102,REQUEST_FAILED,,,,,
77492062,REQUEST_FAILED,,,,,
77492196,deadAbandoned,KNOWLEDGE SHARING SYSTEMS,"Jul. 22, 2009","Knowledge Sharing Systems, LLC",,
77492135,REQUEST_FAILED,,,,,
77492150,REQUEST_FAILED,,,,,
77492171,REQUEST_FAILED,,,,,
77492189,REQUEST_FAILED,,,,,
77492225,REQUEST_FAILED,,,,,
77492245,REQUEST_FAILED,,,,,
77492272,REQUEST_FAILED,,,,,
77492273,REQUEST_FAILED,,,,,
77492338,deadAbandoned,LIPOTROPE,"Dec. 14, 2009","Zeox Performance Materials, LLC",,
77492319,REQUEST_FAILED,,,,,
77492372,deadAbandoned,ATOMIC R/C RACING PRODUCTS,"Mar. 17, 2009","Yeung, Siu Wah Daniel",,atomicrcproducts@yahoo.com.hk
77492354,REQUEST_FAILED,,,,,
77492361,REQUEST_FAILED,,,,,
77492400,deadAbandoned,STUDIO URBANWAX SMOOTH. SEXY. URBAN.,"Mar. 17, 2009",GUGA VENTURES INC.,,COLORADO.SHERPA@GMAIL.COM
77492367,REQUEST_FAILED,,,,,
77492387,REQUEST_FAILED,,,,,
77492390,REQUEST_FAILED,,,,,
77492449,deadAbandoned,UZONEMEDIA,"Mar. 20, 2009",UzoneMedia Inc,,eric@uzonemedia.com
77492406,REQUEST_FAILED,,,,,
77492440,REQUEST_FAILED,,,,,
77492463,deadAbandoned,WE DO FOR THE TROOPS,"Mar. 18, 2009",Michael J. Gerold,,cptgerold@gmail.com
77492448,REQUEST_FAILED,,,,,
77492458,deadAbandoned,NEEDWOOD ESTATE ORGANIC TEA,"Sep. 21, 2009",SOUTHERN SUN TEAS (PRIVATE) LIMITED,,chamath@southernsunteas.com
77492453,REQUEST_FAILED,,,,,
77492471,REQUEST_FAILED,,,,,
77492496,REQUEST_FAILED,,,,,
77492502,REQUEST_FAILED,,,,,
77492526,REQUEST_FAILED,,,,,
77492588,REQUEST_FAILED,,,,,
77492598,REQUEST_FAILED,,,,,
77492603,REQUEST_FAILED,,,,,
77492612,REQUEST_FAILED,,,,,
77492617,REQUEST_FAILED,,,,,
77492626,REQUEST_FAILED,,,,,
77492655,REQUEST_FAILED,,,,,
77492659,REQUEST_FAILED,,,,,
77492669,REQUEST_FAILED,,,,,
77492670,REQUEST_FAILED,,,,,
77492683,REQUEST_FAILED,,,,,
77492699,REQUEST_FAILED,,,,,
77492710,REQUEST_FAILED,,,,,
77492707,REQUEST_FAILED,,,,,
77492734,REQUEST_FAILED,,,,,
77492769,REQUEST_FAILED,,,,,
77492771,REQUEST_FAILED,,,,,
77492822,REQUEST_FAILED,,,,,
77492877,REQUEST_FAILED,,,,,
77492906,REQUEST_FAILED,,,,,
77492918,REQUEST_FAILED,,,,,
77492992,deadAbandoned,SHASTA,"Jul. 27, 2009",CGE Enterprises LLC,,jhastings@vermontcountrystore.com
77492969,deadAbandoned,LATITUD 34°,"Mar. 17, 2009",Bodegas y Viñedos Santos j. Carelli S.A.,,ecarelli@bodegacarelli.com.ar
77492938,REQUEST_FAILED,,,,,
77492951,REQUEST_FAILED,,,,,
77492964,REQUEST_FAILED,,,,,
77493019,REQUEST_FAILED,,,,,
77493024,REQUEST_FAILED,,,,,
77493063,REQUEST_FAILED,,,,,
77493078,REQUEST_FAILED,,,,,
77493131,REQUEST_FAILED,,,,,
77493145,REQUEST_FAILED,,,,,
77493184,REQUEST_FAILED,,,,,
77493238,REQUEST_FAILED,,,,,
77493242,REQUEST_FAILED,,,,,
77493260,REQUEST_FAILED,,,,,
77493427,deadAbandoned,ORGANIC AMERICA,"Oct. 06, 2009",Ezra J. Brice,,
77493283,REQUEST_FAILED,,,,,
77493332,REQUEST_FAILED,,,,,
77493333,REQUEST_FAILED,,,,,
77493338,REQUEST_FAILED,,,,,
77493463,REQUEST_FAILED,,,,,
77493464,REQUEST_FAILED,,,,,
77493487,REQUEST_FAILED,,,,,
77493489,REQUEST_FAILED,,,,,
77493523,deadAbandoned,BEE NATURAL BYRON BAY AUSTRALIA,"Mar. 19, 2009",Bee Natural Pty Ltd,,info@beenatural.com.au
77493497,REQUEST_FAILED,,,,,
77493507,REQUEST_FAILED,,,,,
77493517,REQUEST_FAILED,,,,,
77493520,REQUEST_FAILED,,,,,
77493510,REQUEST_FAILED,,,,,
77493524,REQUEST_FAILED,,,,,
77493539,REQUEST_FAILED,,,,,
77493577,deadAbandoned,ONENESS VILLAGE,"Mar. 19, 2009",MeKofi,,malibukofi@aol.com
77493545,REQUEST_FAILED,,,,,
77493559,REQUEST_FAILED,,,,,
77493572,REQUEST_FAILED,,,,,
77493575,deadAbandoned,ONENESS VILLAGE,"Mar. 19, 2009",MeKofi,,malibukofi@aol.com
77493578,deadAbandoned,ONENESS VILLAGE,"Mar. 19, 2009",MeKofi,,malibukofi@aol.com
77493573,REQUEST_FAILED,,,,,
77493584,deadAbandoned,"I DON'T NEED IT, YOU CAN HAVE IT.","Mar. 18, 2009",MeKofi,,malibukofi@aol.com
77493591,deadAbandoned,"I DON'T NEED IT, YOU CAN HAVE IT.","Mar. 18, 2009",MeKofi,,malibukofi@aol.com
77493592,deadAbandoned,THE LOVE COOKIES,"Mar. 18, 2009","Owen, Kaye F.",,kfowen1@tx.rr.com
77493587,deadAbandoned,"I DON'T NEED IT, YOU CAN HAVE IT.","Mar. 18, 2009",MeKofi,,malibukofi@aol.com
77493581,REQUEST_FAILED,,,,,
77493593,deadAbandoned,"I DON'T NEED IT, YOU CAN HAVE IT.","Mar. 18, 2009",MeKofi,,malibukofi@aol.com
77493586,REQUEST_FAILED,,,,,
77493590,REQUEST_FAILED,,,,,
77493598,REQUEST_FAILED,,,,,
77493601,REQUEST_FAILED,,,,,
77493611,REQUEST_FAILED,,,,,
77493612,REQUEST_FAILED,,,,,
77493665,deadAbandoned,THE 3R0THERH00D,"Aug. 31, 2009","Moss, Devin P.",,eazy_prophyt@yahoo.com
77493627,REQUEST_FAILED,,,,,
77493629,REQUEST_FAILED,,,,,
77493628,REQUEST_FAILED,,,,,
77493636,REQUEST_FAILED,,,,,
77493640,REQUEST_FAILED,,,,,
77493704,deadAbandoned,BIOCYCLABLE,"Mar. 19, 2009","Bio-technology International Distribution, Inc.",,imresearching36@aol.com
77493672,REQUEST_FAILED,,,,,
77493676,REQUEST_FAILED,,,,,
77493712,REQUEST_FAILED,,,,,
77493713,REQUEST_FAILED,,,,,
77493717,REQUEST_FAILED,,,,,
77493725,REQUEST_FAILED,,,,,
77493758,REQUEST_FAILED,,,,,
77493772,REQUEST_FAILED,,,,,
77493763,REQUEST_FAILED,,,,,
77493789,REQUEST_FAILED,,,,,
77493801,REQUEST_FAILED,,,,,
77493853,deadAbandoned,AMERICAN ZODIAC,"Mar. 23, 2009",PAULMIER Gilles Marc,,gilles@exway.net
77493812,REQUEST_FAILED,,,,,
77493844,REQUEST_FAILED,,,,,
77493856,REQUEST_FAILED,,,,,
77493924,REQUEST_FAILED,,,,,
77494015,REQUEST_FAILED,,,,,
77494041,REQUEST_FAILED,,,,,
77494058,REQUEST_FAILED,,,,,
77494065,REQUEST_FAILED,,,,,
77494163,REQUEST_FAILED,,,,,
77494224,deadAbandoned,BECOME WHO YOU ARE,"Sep. 07, 2009","SIMPLICIT PRODUCTIONS, INC.",,acc4mail@comcast.net
77494169,REQUEST_FAILED,,,,,
77494182,REQUEST_FAILED,,,,,
77494202,REQUEST_FAILED,,,,,
77494215,REQUEST_FAILED,,,,,
77494233,REQUEST_FAILED,,,,,
77494250,REQUEST_FAILED,,,,,
77494261,REQUEST_FAILED,,,,,
77494270,REQUEST_FAILED,,,,,
77494271,REQUEST_FAILED,,,,,
77494318,deadAbandoned,COMPOSE,"Aug. 24, 2009",ChocoBrands LLC,,tushar@chocobrands.com
77494299,deadAbandoned,SUREGRIP COMFORT MAT,"Mar. 19, 2009","Keuka Footwear, Inc.",,mobstatus@keukafootwear.com
77494286,REQUEST_FAILED,,,,,
77494311,REQUEST_FAILED,,,,,
77494316,REQUEST_FAILED,,,,,
77494354,REQUEST_FAILED,,,,,
77494381,REQUEST_FAILED,,,,,
77494455,deadAbandoned,SLG B OPB MAX BAV G OPS,"Mar. 20, 2009",Trenco Supplies Inc.,,
77494393,REQUEST_FAILED,,,,,
77494394,REQUEST_FAILED,,,,,
77494416,REQUEST_FAILED,,,,,
77494572,deadAbandoned,NATURAL MEDICINE CONSULTANTS,"Mar. 20, 2009","Rogalla, Deborah",,drogalla@hotmail.com
77494543,REQUEST_FAILED,,,,,
77494545,REQUEST_FAILED,,,,,
77494547,REQUEST_FAILED,,,,,
77494694,deadAbandoned,WOOFAME.COM,"Aug. 31, 2009","Lowe, Troy",,beepbeepbeep@cox.net
77494602,REQUEST_FAILED,,,,,
77494635,REQUEST_FAILED,,,,,
77494689,REQUEST_FAILED,,,,,
77494643,REQUEST_FAILED,,,,,
77494731,deadAbandoned,RAW TALENT LIVE,"Nov. 23, 2009","ND Rights, LLC",,
77494735,REQUEST_FAILED,,,,,
77494746,REQUEST_FAILED,,,,,
77494744,REQUEST_FAILED,,,,,
77494762,REQUEST_FAILED,,,,,
77494793,deadAbandoned,LEARNING COACH UNIVERSITY,"May 27, 2009","Harris, Karen",,kdht@pacbell.net
77494784,deadAbandoned,CELLAR SELECTS,"Mar. 11, 2009",CAROUSEL INCORPORATED,,admin@sftdui.com
77494772,REQUEST_FAILED,,,,,
77494774,REQUEST_FAILED,,,,,
77494808,deadAbandoned,FIST FULL OF FLAVORS,"Sep. 21, 2009",SOUTHERN SUN TEAS (PRIVATE) LIMITED,,chamath@southernsunteas.com
77494788,REQUEST_FAILED,,,,,
77494796,REQUEST_FAILED,,,,,
77494803,REQUEST_FAILED,,,,,
77494816,deadAbandoned,THE SCREEN THAT DOES NOT SNAP BACK,"Mar. 27, 2009",Clear View of the Bay Area Inc,,ClearViewBayArea@aol.com
77494804,REQUEST_FAILED,,,,,
77494806,REQUEST_FAILED,,,,,
77494811,REQUEST_FAILED,,,,,
77494813,REQUEST_FAILED,,,,,
77494819,REQUEST_FAILED,,,,,
77494828,REQUEST_FAILED,,,,,
77494917,REQUEST_FAILED,,,,,
77494925,REQUEST_FAILED,,,,,
77494931,REQUEST_FAILED,,,,,
77494995,REQUEST_FAILED,,,,,
77495041,REQUEST_FAILED,,,,,
77495034,REQUEST_FAILED,,,,,
77495061,REQUEST_FAILED,,,,,
77495074,REQUEST_FAILED,,,,,
77495085,REQUEST_FAILED,,,,,
77495113,REQUEST_FAILED,,,,,
77495122,REQUEST_FAILED,,,,,
77495128,REQUEST_FAILED,,,,,
77495138,REQUEST_FAILED,,,,,
77495159,REQUEST_FAILED,,,,,
77495172,REQUEST_FAILED,,,,,
77495178,REQUEST_FAILED,,,,,
77495175,REQUEST_FAILED,,,,,
77495190,REQUEST_FAILED,,,,,
77495370,deadAbandoned,GREEN PRODUCT SOLUTIONS,"Mar. 23, 2009","Taylor, Christine",,christine@greensuppliesonline.com
77495289,REQUEST_FAILED,,,,,
77495315,REQUEST_FAILED,,,,,
77495322,REQUEST_FAILED,,,,,
77495426,deadAbandoned,"MMS PROFESSIONAL, MIRACLE MINERAL SOLUTION PROFESSIONAL GRADE","Apr. 01, 2009","PGL International, LLC",,
77495395,REQUEST_FAILED,,,,,
77495397,REQUEST_FAILED,,,,,
77495430,REQUEST_FAILED,,,,,
77495480,deadAbandoned,I-SAL,"Mar. 23, 2009","Well-Being House, LLC",,wellbeinghouse@gmail.com
77495474,REQUEST_FAILED,,,,,
77495476,REQUEST_FAILED,,,,,
77495483,REQUEST_FAILED,,,,,
77495519,REQUEST_FAILED,,,,,
77495552,REQUEST_FAILED,,,,,
77495572,REQUEST_FAILED,,,,,
77495577,REQUEST_FAILED,,,,,
77495586,REQUEST_FAILED,,,,,
77495615,REQUEST_FAILED,,,,,
77495622,REQUEST_FAILED,,,,,
77495633,REQUEST_FAILED,,,,,
77495638,REQUEST_FAILED,,,,,
77495655,REQUEST_FAILED,,,,,
77495678,REQUEST_FAILED,,,,,
77495714,REQUEST_FAILED,,,,,
77495759,deadAbandoned,BALLOMETER,"Aug. 31, 2009",BallLogic LLC,,scottforbes@comcast.net
77495730,REQUEST_FAILED,,,,,
77495735,REQUEST_FAILED,,,,,
77495739,REQUEST_FAILED,,,,,
77495763,deadAbandoned,MYORGANICS,"Jun. 08, 2009",The Trustees of the Trumps Trust Trust,,djdart@trumps.com.au
77495757,REQUEST_FAILED,,,,,
77495766,REQUEST_FAILED,,,,,
77495767,REQUEST_FAILED,,,,,
77495768,REQUEST_FAILED,,,,,
77495790,REQUEST_FAILED,,,,,
77495805,REQUEST_FAILED,,,,,
77495830,REQUEST_FAILED,,,,,
77495839,REQUEST_FAILED,,,,,
77495845,REQUEST_FAILED,,,,,
77495862,REQUEST_FAILED,,,,,
77495873,REQUEST_FAILED,,,,,
77495884,REQUEST_FAILED,,,,,
77495886,REQUEST_FAILED,,,,,
77495890,REQUEST_FAILED,,,,,
77495894,REQUEST_FAILED,,,,,
77495960,REQUEST_FAILED,,,,,
77495970,REQUEST_FAILED,,,,,
77495972,REQUEST_FAILED,,,,,
77496029,deadAbandoned,3PLINK,"Sep. 07, 2009",3Plink Ltd. Sti.,,
77495980,REQUEST_FAILED,,,,,
77495992,REQUEST_FAILED,,,,,
77496061,REQUEST_FAILED,,,,,
77496065,REQUEST_FAILED,,,,,
77496070,REQUEST_FAILED,,,,,
77496094,REQUEST_FAILED,,,,,
77496146,REQUEST_FAILED,,,,,
77496157,REQUEST_FAILED,,,,,
77496165,REQUEST_FAILED,,,,,
77496173,deadAbandoned,YUM YUM FOODS,"Jun. 17, 2009",Yum Yum Foods LLC,,dan@pacific-coral.com
77496242,deadAbandoned,PNP FOREX,"Mar. 24, 2009",PNP Franchise Corporation,,bccook1@aol.com
77496171,REQUEST_FAILED,,,,,
77496186,REQUEST_FAILED,,,,,
77496279,REQUEST_FAILED,,,,,
77496289,REQUEST_FAILED,,,,,
77496294,REQUEST_FAILED,,,,,
77496301,REQUEST_FAILED,,,,,
77496308,REQUEST_FAILED,,,,,
77496474,REQUEST_FAILED,,,,,
77496446,REQUEST_FAILED,,,,,
77496511,deadAbandoned,RN2NEWGRADS,"Mar. 26, 2009","Albrecht, Carla",,albrecht4ya@sbcglobal.net
77496500,REQUEST_FAILED,,,,,
77496544,REQUEST_FAILED,,,,,
77496605,deadAbandoned,HEALTH IMAGEX,"Aug. 31, 2009","Ghosh, Supriya",,sghosh@arcadiallc.com
77496575,REQUEST_FAILED,,,,,
77496618,REQUEST_FAILED,,,,,
77496648,REQUEST_FAILED,,,,,
77496720,deadAbandoned,O-HOT VALUE INDICATOR,"Mar. 12, 2009","Overstock.com, Inc.",,
77496665,REQUEST_FAILED,,,,,
77496697,REQUEST_FAILED,,,,,
77496787,deadAbandoned,KID PRODIGY,"Sep. 15, 2009","KID PRODIGY, INC.",,kransom75@yahoo.com
77496753,deadAbandoned,RAW TALENT LIVE,"Nov. 23, 2009","ND Rights, LLC",,
77496713,REQUEST_FAILED,,,,,
77496747,REQUEST_FAILED,,,,,
77496824,REQUEST_FAILED,,,,,
77496827,REQUEST_FAILED,,,,,
77496828,REQUEST_FAILED,,,,,
77496847,REQUEST_FAILED,,,,,
77496854,REQUEST_FAILED,,,,,
77496873,deadAbandoned,VS VERBAL SUMMARY,"Mar. 19, 2009","Verbal Summary, Inc.",,jerry@profsearchgroup.com
77496889,REQUEST_FAILED,,,,,
77496892,REQUEST_FAILED,,,,,
77496926,REQUEST_FAILED,,,,,
77496964,deadAbandoned,FRESHMEDIA,"Mar. 19, 2009","McCoy,NaeCoby S",,mailroom@freshhmedia.com
77496940,REQUEST_FAILED,,,,,
77496956,REQUEST_FAILED,,,,,
77496969,REQUEST_FAILED,,,,,
77496973,REQUEST_FAILED,,,,,
77496979,REQUEST_FAILED,,,,,
77496980,REQUEST_FAILED,,,,,
77496982,REQUEST_FAILED,,,,,
77496984,REQUEST_FAILED,,,,,
77497003,REQUEST_FAILED,,,,,
77497005,REQUEST_FAILED,,,,,
77497007,REQUEST_FAILED,,,,,
77497021,REQUEST_FAILED,,,,,
77497041,REQUEST_FAILED,,,,,
77497074,REQUEST_FAILED,,,,,
77497143,REQUEST_FAILED,,,,,
77497116,REQUEST_FAILED,,,,,
77497145,REQUEST_FAILED,,,,,
77497146,REQUEST_FAILED,,,,,
