serial,lead_type,mark,date,correspondent,phone,email
74550086,deadAbandoned,PLAY POGGER,"May 10, 2011","SHOEMAKER, STEPHEN P., JR.",,
74550085,deadAbandoned,POGGER,"May 10, 2011","SHOEMAKER, STEPHEN P., JR.",,
75419909,deadAbandoned,LEGSTICK,"Jun. 13, 2011","Mahmoud, Amine",,
75585984,deadAbandoned,THE GREATEST VOICES OF ROCK 'N ROLL,"Mar. 16, 2011","Paradise Artists, Inc.",,
75748066,deadAbandoned,ADMIRAL HOUSE PUBLISHING,"Feb. 07, 2011","Mueller, Michael",,
75798304,deadAbandoned,BEATLEJAZZ,"Feb. 07, 2011","Melvin, Brian",,
75779747,deadAbandoned,THE UNDERWORLD,"Oct. 10, 2011",DII Investments Ltd.,,
74428299,REQUEST_FAILED,,,,,
75922525,deadAbandoned,SUPERMONO,"Jul. 13, 2011","Team Obsolete Products, Ltd.",,
75665867,deadAbandoned,ARMOURFEND,"Jan. 21, 2011","ARMOURFENDCAD, INC.",,
75819115,deadAbandoned,METABOLMAX,"Apr. 16, 2011","Mikonis, William",,
75871733,deadAbandoned,LG,"Oct. 13, 2011","Worldwide Financial Services, Inc.",,
75831950,deadAbandoned,TEAMPLAYERS,"Dec. 06, 2011","Team Rally, Inc.",,
76188809,deadAbandoned,FUTURE,"Sep. 17, 2011","ANDERSON, KENT G",,
76122807,deadAbandoned,THOUGHTWARE PEOPLE,"Jan. 17, 2011",Constraints Management Group LLC,,
76193643,deadAbandoned,YUM.EE,"Aug. 23, 2011","Abbott, Steven Michael",,
76354858,deadAbandoned,STARTUPBIZ.COM ONLINE RESOURCES FOR PEOPLE WITH BUSINESS IDEAS,"Apr. 29, 2011",StartUPbiz.com LLC,,
76275033,deadAbandoned,BALLER SUPREME,"May 04, 2011","LL International Shoe Company, Inc.",,
76298739,deadAbandoned,PR PRIDE,"Jan. 10, 2011","WARTERSIAN, KEVORK",,
76141013,REQUEST_FAILED,,,,,
76596883,deadAbandoned,CYGENE LABORATORIES,"Aug. 29, 2011","CyGene, Inc.",,
76596890,deadAbandoned,CYGENE LABORATORIES,"Aug. 29, 2011","CyGene, Inc.",,
76546304,REQUEST_FAILED,,,,,
76610392,deadAbandoned,HI DIGITAL,"Sep. 12, 2011","Power Digital Card Co., Ltd.",,tipa.com@msa.hinet.net
76576918,REQUEST_FAILED,,,,,
76644412,deadAbandoned,WHERE THE BEAUTIFUL PEOPLE COME TO GET UGLY,"Nov. 14, 2011","The Dream Team, LLC",,
76612122,REQUEST_FAILED,,,,,
76658142,deadAbandoned,KIDS GO MOM!,"Feb. 07, 2011",Molly Gold,,
76658140,deadAbandoned,GO KIDS!,"Jan. 10, 2011",Molly Gold,,
76668666,deadAbandoned,EQUILIBRIA,"Sep. 12, 2011","Lipkin, Nicole",,
76663895,REQUEST_FAILED,,,,,
76664591,REQUEST_FAILED,,,,,
76667003,REQUEST_FAILED,,,,,
76676927,deadAbandoned,FLY MOON STUNT CREEK VINEYARD,"Aug. 08, 2011",Myong-Hi Moon Siemen,,HRHSIM@AOL.COM
76678548,REQUEST_FAILED,,,,,
76680580,deadAbandoned,HARD HITTER,"Aug. 29, 2011","Imani, Mushtaq H.",,imani786@yahoo.com
76679553,REQUEST_FAILED,,,,,
76686186,deadAbandoned,TISZA RIVER,"Mar. 14, 2011","TISZA WINE CO., INC.",,
76683590,REQUEST_FAILED,,,,,
76689119,deadAbandoned,VERSAFILM,"Jun. 06, 2011",nRadiance LLC,,
76689609,deadAbandoned,FRESHMAN'S SYNDICATION AND OPM JOURNAL,"Feb. 14, 2011","FRESHMAN, SAMUEL K.",,
76690856,deadAbandoned,THE SAINT WITHIN,"Aug. 12, 2011","HINDS, FRANK M.A.",,IMNERVOUSNABOUT2BREAKDOWN@YAHOO.COM
76689103,REQUEST_FAILED,,,,,
76692500,deadAbandoned,DAME LA PISTA,"Nov. 21, 2011","FremantleMedia Operations, B.V.",,isabelle.brender@fremantlemedia.com
76691992,deadAbandoned,SKY|WI TELECOMMUNICATIONS CORPORATION,"Mar. 16, 2011","Sky|Wi Telecommunications Holdings, LLC",,NADINE@SKYWITELECOMM.COM
76692052,REQUEST_FAILED,,,,,
76692080,REQUEST_FAILED,,,,,
76694326,REQUEST_FAILED,,,,,
76696182,deadAbandoned,HEALTHY ALTERNATIVES,"Jul. 25, 2011",MIRAMA ENTERPRISES INC.,,amamao@aromaco.com
76695652,REQUEST_FAILED,,,,,
76696135,REQUEST_FAILED,,,,,
76696336,REQUEST_FAILED,,,,,
76696482,REQUEST_FAILED,,,,,
76697335,REQUEST_FAILED,,,,,
76698089,deadAbandoned,HONSEI,"Jun. 13, 2011",Allied Food Trading LLC,,
76698032,REQUEST_FAILED,,,,,
76698545,deadAbandoned,TEA CEREMONY,"Nov. 28, 2011",Mirama Enterprises Inc.,,amamao@aromaco.com
76698451,REQUEST_FAILED,,,,,
76698831,REQUEST_FAILED,,,,,
76698978,REQUEST_FAILED,,,,,
76698979,REQUEST_FAILED,,,,,
76699426,REQUEST_FAILED,,,,,
76699714,REQUEST_FAILED,,,,,
76700326,deadAbandoned,DRAGOBOBS,"Jul. 15, 2011","DRAGO'S SHISH-KA-BOB, LLC",,
76700558,deadAbandoned,MAYBACH MELON,"Aug. 19, 2011",Akrum Alrahib,,
76700182,REQUEST_FAILED,,,,,
76700702,deadAbandoned,BECOME 1 WITH THE BIRD,"Jan. 31, 2011","JONES, JAMES GORDON",,gordon@wondrousfoods.com
76700418,REQUEST_FAILED,,,,,
76700525,REQUEST_FAILED,,,,,
76700728,deadAbandoned,MEXICOPOLY,"Aug. 01, 2011","GAMES & INVENTIONS, INC.",,
76700742,REQUEST_FAILED,,,,,
76700751,REQUEST_FAILED,,,,,
76701332,deadAbandoned,LIGHTSAVERS,"Jun. 22, 2011",TORONTO ATMOSPHERIC FUND,,
76701112,REQUEST_FAILED,,,,,
76701274,REQUEST_FAILED,,,,,
76701648,deadAbandoned,TITAN ATLAS MANUFACTURING,"Feb. 08, 2011",YUN CAPITAL LLC,,
76701638,deadAbandoned,NO WASTE MORE TASTE,"Apr. 04, 2011","BOONE BREWING COMPANY, LLC",,
76701473,REQUEST_FAILED,,,,,
76701624,REQUEST_FAILED,,,,,
76702013,deadAbandoned,BAYBOY,"Jul. 11, 2011",James Peoples,,nicolejames2004@comcast.net
76701921,deadAbandoned,TAKING QUALITY CHILD CARE TO THE NEXT LEVEL,"Oct. 24, 2011","Robinson, Tonya, F.",,IBU2001@Aol.cm
76701709,REQUEST_FAILED,,,,,
76701968,deadAbandoned,AMERICAN HONOR,"Oct. 03, 2011","BOONE BREWING COMPANY, LLC",,
76702047,REQUEST_FAILED,,,,,
76702297,deadAbandoned,VANDALS,"Jan. 18, 2011","AMEDURI, THOMAS",,
76702309,REQUEST_FAILED,,,,,
76702455,REQUEST_FAILED,,,,,
76702470,REQUEST_FAILED,,,,,
76702627,deadAbandoned,D.M.V. DREAM MY VISION,"Feb. 07, 2011",A&R INC.,,
76702559,deadAbandoned,PEOPLE PASSION,"Jan. 30, 2011",Skiva International Inc.,,
76702572,deadAbandoned,COVER GIRLS FOR CHANGE,"Feb. 10, 2011",Maria McDonald,,
76702643,deadAbandoned,GALCOM INTERNATIONAL,"Dec. 19, 2011",Galcom International,,
76702743,deadAbandoned,QUICK FIRE DECK CLIP,"Feb. 20, 2011","Wadsworth, Sr., Kevin R.",,KEVIN@THEDECKCLIP.com
76702567,REQUEST_FAILED,,,,,
76702653,REQUEST_FAILED,,,,,
76702693,REQUEST_FAILED,,,,,
76702780,REQUEST_FAILED,,,,,
76702938,deadAbandoned,LEMONADE,"Mar. 03, 2011",Akrum Alrahib,,
76702937,deadAbandoned,THE NAME THAT WILL CHANGE THE GAME,"Sep. 12, 2011","Alrahib, Akrum",,
76702858,REQUEST_FAILED,,,,,
76702940,deadAbandoned,SPLIFFSTAR,"Mar. 03, 2011",Akrum Alrahib,,
76703001,deadAbandoned,SAMMY'S SEASONINGS,"Mar. 02, 2011","SLG International, Inc.,",,
76703040,deadAbandoned,IT'S A WRAP,"Aug. 19, 2011","Alrahib, Akrum",,
76702979,REQUEST_FAILED,,,,,
76703039,REQUEST_FAILED,,,,,
76703078,REQUEST_FAILED,,,,,
76703141,deadAbandoned,PURPLE K,"Aug. 19, 2011","Alrahib, Akrum",,
76703125,REQUEST_FAILED,,,,,
76703309,deadAbandoned,AIRPORT PLAZAS,"Mar. 25, 2011","Airport Plaza Holdings, LLC",,
76703302,REQUEST_FAILED,,,,,
76703392,deadAbandoned,PHACELIFT,"Mar. 25, 2011","COSMETIQUE DERMATOLOGY, LASER & PLASTIC SURGERY, LLP",,
76703390,REQUEST_FAILED,,,,,
76703552,REQUEST_FAILED,,,,,
76703563,REQUEST_FAILED,,,,,
76703783,REQUEST_FAILED,,,,,
76703864,deadAbandoned,SCOOPABLES,"May 13, 2011","Newmark, Edward",,
76703889,deadAbandoned,CRUSH THAT TEST,"May 12, 2011","Crush That Test, LLC.",,
76704061,deadAbandoned,THE SERVANTS OF JESUS OF THE DIVINE MERCY THE DIVINE MERCY CENTER,"May 27, 2011","Lanni, Catherine M.",,
76703994,REQUEST_FAILED,,,,,
76704000,REQUEST_FAILED,,,,,
76704106,deadAbandoned,PAPA'S POPCORN,"Dec. 26, 2011","MORRISON, ROBERT E",,RMORRISON2@COMCAST.NET
76704152,deadAbandoned,UNDISCOVERED MODEL,"Jun. 10, 2011","Campbell, Leo",,campbellmails@yahoo.com
76704021,REQUEST_FAILED,,,,,
76704206,REQUEST_FAILED,,,,,
76704250,REQUEST_FAILED,,,,,
76704330,REQUEST_FAILED,,,,,
76704446,REQUEST_FAILED,,,,,
76704644,deadAbandoned,JAP,"Jul. 11, 2011",WALTER C. JAPNGIE,,
76704661,deadAbandoned,PENTALPHA,"Nov. 02, 2011","PENTALPHA GROUP, LLC",,patty_traina@pentalphaglobal.com
76704662,deadAbandoned,PENTALPHA,"Nov. 02, 2011","PENTALPHA FUNDING, LLC",,patty_traina@pentalphaglobal.com
76704620,REQUEST_FAILED,,,,,
76704642,REQUEST_FAILED,,,,,
76704663,deadAbandoned,PENTALPHA GLOBAL ADVISORS,"Nov. 02, 2011","PENTALPHA GROUP, LLC",,patty_traina@pentalphaglobal.com
76704660,deadAbandoned,PENTALPHA,"Nov. 02, 2011","PENTALPHA CAPITAL, LLC",,patty_traina@pentalphaglobal.com
76704665,deadAbandoned,PENTALPHA GLOBAL ADVISORS,"Nov. 02, 2011","PENTALPHA FUNDING, LLC",,patty_traina@pentalphaglobal.com
76704670,deadAbandoned,PENTALPHA,"Nov. 09, 2011","PENTALPHA FUNDING, LLC",,patty_traina@pentalphaglobal.com
76704727,deadAbandoned,NJ BID,"Jul. 27, 2011",NJ BID L.L.C.,,
76704667,deadAbandoned,PENTALPHA,"Nov. 02, 2011","PENTALPHA CAPITAL, LLC",,patty_traina@pentalphaglobal.com
76704762,deadAbandoned,"""A BIRTH MOTHER'S BEST FRIEND""","Jul. 14, 2011",BIRTHBUDDIES INC.,,
76704664,REQUEST_FAILED,,,,,
76704669,REQUEST_FAILED,,,,,
76704818,deadAbandoned,JEANS R US,"Feb. 22, 2011","Gill, George Jr.",,www.georgegill13@yahoo.com
76704839,REQUEST_FAILED,,,,,
76704969,deadAbandoned,JUICY JEANS,"Aug. 08, 2011","Wade, Kenneth E. II",,sherrywade10@yahoo.com
76704916,REQUEST_FAILED,,,,,
76704940,REQUEST_FAILED,,,,,
76705066,deadAbandoned,I CAN,"Aug. 05, 2011","MUASHER, GHADA",,grmown@gmail.com
76704976,REQUEST_FAILED,,,,,
76705157,REQUEST_FAILED,,,,,
76705435,deadAbandoned,LUCKY BASTARD CLOTHING COMPANY,"Nov. 17, 2011","Ruhge, Sandra K.",,
76705178,REQUEST_FAILED,,,,,
76705523,deadAbandoned,TLC NATURE'S YOGURT,"Sep. 09, 2011",Nature's Yogurt Inc.,,
76705604,deadAbandoned,SMARTBCD,"Sep. 17, 2011",Vanguard International Semiconductor Corporation,,wcwangd@vis.com.tw
76705594,REQUEST_FAILED,,,,,
76705647,REQUEST_FAILED,,,,,
76705664,REQUEST_FAILED,,,,,
76705704,REQUEST_FAILED,,,,,
76705872,REQUEST_FAILED,,,,,
76705875,REQUEST_FAILED,,,,,
76706073,deadAbandoned,BREAST PROTECT,"Sep. 19, 2011","MD MATRIX HEALTH, INC",,
76705992,REQUEST_FAILED,,,,,
76706028,REQUEST_FAILED,,,,,
76706072,REQUEST_FAILED,,,,,
76706236,deadAbandoned,GO-TELL,"Nov. 04, 2011",Galcom International,,
76706170,REQUEST_FAILED,,,,,
76706303,REQUEST_FAILED,,,,,
76706514,deadAbandoned,D DE LONG,"Dec. 04, 2011",De Long USA Corp.,,edward.zhang7@gmail.com
76706323,REQUEST_FAILED,,,,,
76706448,REQUEST_FAILED,,,,,
76706760,REQUEST_FAILED,,,,,
76706792,REQUEST_FAILED,,,,,
76706868,REQUEST_FAILED,,,,,
76707102,deadAbandoned,WINSHIRE,"Aug. 03, 2011","TREND PACIFIC INVESTORS, INC.",,JUSTIN.HETSLER@TRENDPACIFIC.COM
76979051,deadAbandoned,THOUGHTWARE PEOPLE,"Jan. 17, 2011",Constraints Management Group LLC,,
76706966,REQUEST_FAILED,,,,,
76706968,REQUEST_FAILED,,,,,
76709586,REQUEST_FAILED,,,,,
77005941,deadAbandoned,FILOPHONE,"Feb. 21, 2011",Filophone Electronics AS,,olav@filophone.com
77016293,deadAbandoned,PLANET EARTH FOUNDATION,"Feb. 21, 2011",Planet Earth Foundation,,
77015422,REQUEST_FAILED,,,,,
77016292,REQUEST_FAILED,,,,,
77021358,deadAbandoned,GOOD NATURED,"Aug. 01, 2011","Hacker, Norman",,normhacker@earthlink.net
77027353,deadAbandoned,MOUVE,"Feb. 28, 2011","Shim, Jung Hoon",,
77025559,deadAbandoned,REGGAE INFLUENCE,"Apr. 09, 2011","Sinclair, Ian C.",,Janie3@optonline.net
77019566,REQUEST_FAILED,,,,,
77031065,deadAbandoned,TRUPLAY,"Feb. 28, 2011",Ubisoft Inc.,,
77032809,deadAbandoned,BODY SUTRA,"Jul. 18, 2011","Dhara Elements, Inc.",,marisa.paolillo@gmail.com
77023649,REQUEST_FAILED,,,,,
77037281,deadAbandoned,SOLARIS NEWTECH,"Nov. 10, 2011","Solaris-Newtech, Inc.",,rcheng@solaris-newtech.com
77032743,REQUEST_FAILED,,,,,
77033115,REQUEST_FAILED,,,,,
77039290,deadAbandoned,ASK ELIZABETH,"Apr. 25, 2011","Lauren, Elizabeth",,
77042563,deadAbandoned,GOOD SPOTS,"Mar. 21, 2011","Good Spots, LLC",,peter@alki.com
77042624,deadAbandoned,GOOD SPOTS,"Apr. 25, 2011","Good Spots, LLC",,peter@alki.com
77042604,deadAbandoned,GOOD SPOTS,"Mar. 21, 2011","Good Spots, LLC",,peter@alki.com
77041368,deadAbandoned,SUPERSPIKE,"Jan. 14, 2011","Hopkinson, Mark",,mark@hopkinson.ca
77042641,deadAbandoned,GOOD SPOTS,"Mar. 21, 2011","Good Spots, LLC",,peter@alki.com
77046621,deadAbandoned,MY MUSIC NETWORK,"Jul. 11, 2011",SONY MUSIC ENTERTAINMENT,,
77042551,REQUEST_FAILED,,,,,
77049623,deadAbandoned,WORLDS OF MIGHT AND MAGIC,"Jan. 10, 2011",Ubisoft Holdings Inc.,,
77050730,deadAbandoned,MONGREL,"Mar. 15, 2011","Johnson, Ron W. M.",,ron@circuitmagazine.com
77044410,REQUEST_FAILED,,,,,
77056327,deadAbandoned,CHOCOLATE SPOTZ,"Jan. 06, 2011",Nothin' Nutty LLC,,
77047684,REQUEST_FAILED,,,,,
77047718,REQUEST_FAILED,,,,,
77056998,deadAbandoned,SPIN CARD,"Mar. 14, 2011",Leveraged Gaming Corp.,,
77060050,deadAbandoned,CASINOCATS,"Mar. 14, 2011",Leveraged Gaming Corp.,,
77061693,deadAbandoned,MENTAL MASH,"Mar. 28, 2011",MENTAL IMAGES GMBH,,
77060899,deadAbandoned,ENVIRONMENT MOBILE,"Apr. 18, 2011",Environment Mobile,,environmentmobile@att.net
77066314,deadAbandoned,WYDEA,"Mar. 28, 2011","Anderson, Wiley L",,contact@wydea.com
77063608,REQUEST_FAILED,,,,,
77070891,deadAbandoned,LOS POTRILLOS LA LEY EN BOTAS,"Jan. 03, 2011","BOTAS LOS POTRILLOS, S.A. DE C.V.",,smarcas@prodigy.net.mx
77074425,deadAbandoned,REALITY ISLAND,"Mar. 28, 2011",MENTAL IMAGES GMBH,,
77077813,deadAbandoned,ONE CLICK RENDERING,"Mar. 28, 2011",MENTAL IMAGES GMBH,,
77076276,deadAbandoned,CIPRIANI OCEAN RESORT AND CLUB RESIDENCES,"Sep. 26, 2011",Cipriani Group Inc.,,
77068004,REQUEST_FAILED,,,,,
77073678,REQUEST_FAILED,,,,,
77075821,REQUEST_FAILED,,,,,
77082581,deadAbandoned,PATENTVC,"Mar. 14, 2011","Thieberger, Gil",,gil@patentVC.com
77082558,deadAbandoned,NEW ERA SELLING,"Jan. 17, 2011","Valtin, Patrick V.",,patrickvaltin@hotmail.com
77089199,deadAbandoned,REAL ESTATE MATTERS,"Oct. 31, 2011",Grant Freer,,
77082586,REQUEST_FAILED,,,,,
77082513,REQUEST_FAILED,,,,,
77092267,deadAbandoned,THE FOUR DIRECTIONS TO AN AWAKENED MIND,"Feb. 23, 2011","Stultz, J. Anthony",,
77090554,deadAbandoned,AQUABEADS,"Feb. 11, 2011",Moose Enterprise Pty Ltd,,stephen.oneill@moosetoys.com
77097477,REQUEST_FAILED,,,,,
77100497,REQUEST_FAILED,,,,,
77112074,deadAbandoned,CHARISMA BABY,"May 30, 2011",Official Pillowtex LLC,,atarshis@iconixbrand.com
77108953,REQUEST_FAILED,,,,,
77109192,REQUEST_FAILED,,,,,
77112380,deadAbandoned,LIVE BETTER,"Aug. 10, 2011","Overstock.com, Inc.",,
77115793,deadAbandoned,MENTAL RABBIT,"Jun. 27, 2011",MENTAL IMAGES GMBH,,
77112801,REQUEST_FAILED,,,,,
77114028,REQUEST_FAILED,,,,,
77121110,deadAbandoned,TEAM SMART ASS,"Dec. 19, 2011","Team Smart Ass Designs, Inc.",,
77116758,REQUEST_FAILED,,,,,
77121446,REQUEST_FAILED,,,,,
77121897,REQUEST_FAILED,,,,,
77126564,deadAbandoned,GECKO,"Jun. 20, 2011",GeckoLogic GmbH,,christian.koelsch@geckologic.com
77121151,REQUEST_FAILED,,,,,
77127644,deadAbandoned,PET DYNAMICS,"Oct. 11, 2011","Patti, Anthony G.",,anthonygpatti@aim.com
77136959,REQUEST_FAILED,,,,,
77133625,deadAbandoned,MARVELOUS PICTURES,"Apr. 20, 2011",John Peter Lira Maravelis,,marvelouspictures@hotmail.com
77135256,deadAbandoned,BUZZPROPS,"Jan. 10, 2011","Buzzprops, Inc.",,wesley@buzzprops.com
77140688,deadAbandoned,HELLER'S CAFE,"Jan. 24, 2011","Heller's Cafe, Inc.",,
77140924,deadAbandoned,SLEDGE,"Feb. 14, 2011","Sledge-Mellon, Brandon",,bs607columbia@yahoo.com
77144474,deadAbandoned,EMPIRE,"Jan. 24, 2011","Osez Vous? International Spirits, LLC",,rcooper@jacquins.com
77144596,deadAbandoned,RENEGADEDGE,"Nov. 28, 2011",RMI Inc.,,
77138376,REQUEST_FAILED,,,,,
77146533,REQUEST_FAILED,,,,,
77159760,deadAbandoned,GREENSCAPES,"Jan. 24, 2011",AMCOL International Corporation,,
77159913,REQUEST_FAILED,,,,,
77161647,deadAbandoned,H.I.G.O.,"Feb. 07, 2011","Jackson, Donald D.",,
77163904,deadAbandoned,AVID,"Oct. 10, 2011","Avid Technology, Inc.",,
77162408,REQUEST_FAILED,,,,,
77165479,deadAbandoned,UOODLE,"Sep. 05, 2011","Uoodle.com, Inc.",,
77165841,deadAbandoned,STILETTO,"Feb. 14, 2011",MILWAUKEE ELECTRIC TOOL CORPORATION,,
77165848,deadAbandoned,STILETTO,"Jan. 31, 2011",MILWAUKEE ELECTRIC TOOL CORPORATION,,
77169570,REQUEST_FAILED,,,,,
77174069,deadAbandoned,CELLULARWEB,"Feb. 21, 2011","ICI Enterprises, LLC",,
77173474,deadAbandoned,VUSTIK,"Mar. 21, 2011","VUSTIK, INC.",,
77174067,REQUEST_FAILED,,,,,
77178372,deadAbandoned,RIO GRANDE,"Feb. 21, 2011",Ainsworth Game Technology Limited,,jason.meyer@ainsworth.com.au
77177802,REQUEST_FAILED,,,,,
77178267,REQUEST_FAILED,,,,,
77175683,REQUEST_FAILED,,,,,
77178522,REQUEST_FAILED,,,,,
77184082,deadAbandoned,CHILDREN OF ABRAHAM AMEN,"Sep. 05, 2011","Ghebre, Azieb",,
77185131,REQUEST_FAILED,,,,,
77182194,REQUEST_FAILED,,,,,
77189972,deadAbandoned,HYDROSPONGE,"May 23, 2011",AMCOL International Corporation,,
77186325,deadAbandoned,BIOLUTEIN,"Feb. 21, 2011",Sabinsa Corporation,,
77186292,REQUEST_FAILED,,,,,
77191369,deadAbandoned,EUSKAL8,"Sep. 24, 2011","MUGARIKEZ, INC.",,jerome.lesparre@gmail.com
77192588,deadAbandoned,TODAY IS THE DAY,"Jun. 20, 2011","Corn, Laura",,
77192590,deadAbandoned,TODAY IS THE DAY,"Jun. 20, 2011","Corn, Laura",,
77195896,deadAbandoned,ENCHANT,"Dec. 12, 2011","Gloth, David",,dgloth@earthlink.net
77194541,REQUEST_FAILED,,,,,
77196502,REQUEST_FAILED,,,,,
77196107,REQUEST_FAILED,,,,,
77198722,deadAbandoned,VMOBILE,"Feb. 07, 2011",Reed Elsevier Properties Inc.,,jacqueline.gregorski@lexisnexis.com
77197884,REQUEST_FAILED,,,,,
77199477,REQUEST_FAILED,,,,,
77199560,REQUEST_FAILED,,,,,
77199893,deadAbandoned,SCIENCE FICTION COMPUTER SCI-FI PC,"Sep. 19, 2011",Trigon Holdings Pty Ltd,,trigonholdings@iinet.net.au
77202139,deadAbandoned,FAROUK,"Apr. 18, 2011","Farouk Systems, Inc.",,
77205475,REQUEST_FAILED,,,,,
77207535,deadAbandoned,CFAM,"Mar. 03, 2011","American Institute of Finance and Administration, Inc.",,morrilljohn@hotmail.com
77206275,deadAbandoned,DAZZIT!,"Aug. 15, 2011",Dazzit! Corp,,dazzit@dazzit.com
77212376,deadAbandoned,WALKING WITH PRESIDENTS,"Apr. 16, 2011","Plateau Group, LLC",,
77213599,deadAbandoned,None,"Oct. 24, 2011","CHEWING BRANDS, LLC",,
77213962,deadAbandoned,INTELLIBEAR WEAR,"Jan. 10, 2011",Yusuf Jones,,yj936@yahoo.com
77211154,REQUEST_FAILED,,,,,
77215733,deadAbandoned,FREE EXPRESSION,"Mar. 28, 2011","Gossi, Ltd.",,
77216952,REQUEST_FAILED,,,,,
77221406,deadAbandoned,BD SOLUVIA,"Apr. 18, 2011","Becton, Dickinson and Company",,
77222151,deadAbandoned,IMAGEANYWHERE,"Oct. 09, 2011",Life Record Inc.,,mike@liferecord.com
77221329,deadAbandoned,CFAP,"Mar. 03, 2011","American Institute of Finance and Administration, Inc.",,morrilljohn@hotmail.com
77221450,deadAbandoned,PURR,"Mar. 28, 2011","Young, Laura",,
77225475,deadAbandoned,JESSICA,"Aug. 22, 2011","Smith, Duane P",,duane@mediaconnections.biz
77226693,deadAbandoned,UFLYAIRWAYS,"Apr. 23, 2011","Falcon Air Express, Inc.",,
77226065,deadAbandoned,CFAS,"Mar. 03, 2011","American Institute of Finance and Administration, Inc.",,morrilljohn@hotmail.com
77228957,deadAbandoned,L'ADOUR RESTAURANT FRANCAIS,"Aug. 12, 2011","L'Adour, Inc.",,
77230862,deadAbandoned,IQBIO,"Jun. 02, 2011",INTELLIGENT BIOMETRIC SOLUTIONS LTD.,,
77230265,REQUEST_FAILED,,,,,
77233849,deadAbandoned,CC COVIDIEN,"Jul. 11, 2011",Covidien AG,,
77233862,deadAbandoned,C C COVIDIEN,"Oct. 31, 2011",Covidien AG,,
77229848,REQUEST_FAILED,,,,,
77233963,deadAbandoned,FIRST STRIKE,"Oct. 19, 2011",D'Andrea Brothers LLC,,christian@hooah.com
77237052,deadAbandoned,SHORE TO STORE,"May 17, 2011",North Coast Sea-Foods Corp.,,
77237553,deadAbandoned,FORTUNE GIRLS,"Apr. 11, 2011","Puppyfish Too, LLC",,
77237538,deadAbandoned,FORTUNE GIRLS,"Apr. 11, 2011","Puppyfish Too, LLC",,
77237856,deadAbandoned,THE PAW PRINT,"May 09, 2011","Bolken, Kelly",,kellybolken@cox.net
77236635,REQUEST_FAILED,,,,,
77239004,deadAbandoned,DUNIA ENGINE,"Feb. 14, 2011","Ubisoft, Inc.",,
77237560,deadAbandoned,FORTUNE GIRLS,"Apr. 11, 2011","Puppyfish Too, LLC",,
77238955,REQUEST_FAILED,,,,,
77241573,REQUEST_FAILED,,,,,
77241603,REQUEST_FAILED,,,,,
77242668,REQUEST_FAILED,,,,,
77247475,deadAbandoned,CIRCLE CYCLE,"May 30, 2011","Lockshaw, James",,
77248586,deadAbandoned,GO SOLAR GO GECKO,"Jun. 20, 2011",GeckoLogic GmbH,,christian.koelsch@geckologic.com
77247361,REQUEST_FAILED,,,,,
77247479,REQUEST_FAILED,,,,,
77253525,deadAbandoned,VITALITY BITES,"Nov. 14, 2011",Del Monte Corporation,,
77249179,REQUEST_FAILED,,,,,
77249189,REQUEST_FAILED,,,,,
77253190,REQUEST_FAILED,,,,,
77254342,REQUEST_FAILED,,,,,
77256095,deadAbandoned,ONYX LACROSSE,"Feb. 01, 2011","Shamrock Lacrosse, Inc.",,
77258890,deadAbandoned,SOCIAL RESPONSIBILITY CHANNEL,"Nov. 28, 2011","LOWSON, LINDA M.",,lmlowson@optonline.net
77258649,REQUEST_FAILED,,,,,
77263808,deadAbandoned,ANNIE SUE,"Jul. 18, 2011","FASHION AVENUE SWEATER KNITS, LLC",,
77260402,REQUEST_FAILED,,,,,
77261798,REQUEST_FAILED,,,,,
77262245,REQUEST_FAILED,,,,,
77263413,REQUEST_FAILED,,,,,
77268121,deadAbandoned,BETTA CARRANO,"Jun. 28, 2011","BETTA CARRANO, LTD.",,
77267870,deadAbandoned,HANDSPRING,"Oct. 24, 2011",EXIM Brands LLC,,druder@eximbrands.com
77267574,deadAbandoned,INVENTOR,"Jun. 13, 2011","Ocean Tomo, LLC",,jlutzker@oceantomo.com
77268700,deadAbandoned,T,"Jun. 27, 2011","Terralliance Technologies, Inc.",,
77270292,deadAbandoned,AUDITORIO TELMEX,"Apr. 01, 2011","Estrada, Andrés Gutiérrez",,metal_icaruz@yahoo.com
77268521,REQUEST_FAILED,,,,,
77268836,REQUEST_FAILED,,,,,
77269714,REQUEST_FAILED,,,,,
77272141,deadAbandoned,E,"May 02, 2011","Empress Media Asset Management, LLC",,DMILLER@EMPRESSINTEL.COM
77270301,REQUEST_FAILED,,,,,
77274507,deadAbandoned,SUPER 2 O,"Aug. 08, 2011","Super Bakery, Incorporated",,Cinpa2@aol.com
77273380,REQUEST_FAILED,,,,,
77274529,REQUEST_FAILED,,,,,
77278270,deadAbandoned,HELL BLOCK,"Jun. 27, 2011","One For All, LLC",,
77275992,REQUEST_FAILED,,,,,
77277863,deadAbandoned,LAS LLAVES DE PAPA,"Nov. 14, 2011","Dominguez, Sergio",,sergiodominguezg@hotmail.com
77277878,REQUEST_FAILED,,,,,
77278497,REQUEST_FAILED,,,,,
77284876,deadAbandoned,YAKATAC,"Apr. 25, 2011","Robinson, Larry C",,
77286501,deadAbandoned,RED ORCHID,"Dec. 12, 2011","Noble Two, LLC",,kimlaplante@yahoo.com
77280965,REQUEST_FAILED,,,,,
77286679,deadAbandoned,QR PUZZLES,"Nov. 18, 2011",Imagination Holdings Pty Ltd,,hostmaster@imagination.com.au
77286681,deadAbandoned,QR GAMES,"Nov. 18, 2011",Imagination Holdings Pty Ltd,,hostmaster@imagination.com.au
77286291,REQUEST_FAILED,,,,,
77286589,REQUEST_FAILED,,,,,
77286638,REQUEST_FAILED,,,,,
77287584,REQUEST_FAILED,,,,,
77293098,REQUEST_FAILED,,,,,
77293162,REQUEST_FAILED,,,,,
77294195,REQUEST_FAILED,,,,,
77295018,deadAbandoned,CONCEALED,"Jun. 06, 2011","Ubisoft, Inc.",,
77294206,REQUEST_FAILED,,,,,
77294775,deadAbandoned,FALL-BEHIND,"Nov. 29, 2011","Drake, Richard J.",,richard-drake-artist@comcast.net
77294620,REQUEST_FAILED,,,,,
77295697,REQUEST_FAILED,,,,,
77296249,REQUEST_FAILED,,,,,
77296234,REQUEST_FAILED,,,,,
77299049,deadAbandoned,LEARN&PLAY,"May 16, 2011","Ubisoft, Inc.",,
77301690,deadAbandoned,CHEEK A BOO,"Jul. 05, 2011",SOAP & GLORY LIMITED,,juditht@brandhandling.com
77303303,deadAbandoned,RIKI,"Jan. 31, 2011","Kimura, Kris H.",,
77299964,REQUEST_FAILED,,,,,
77302387,REQUEST_FAILED,,,,,
77307161,deadAbandoned,BEING DANDY,"Sep. 26, 2011",Powerstrike AG,,strickland-docket@fzlz.com
77305261,REQUEST_FAILED,,,,,
77307159,deadAbandoned,BEING DANDY,"Jul. 18, 2011",Powerstrike AG,,strickland-docket@fzlz.com
77307165,deadAbandoned,BEING DANDY,"Jul. 18, 2011",Powerstrike AG,,strickland-docket@fzlz.com
77307338,deadAbandoned,C-4,"Mar. 14, 2011","Shan O'Shay Neutraceuticals, LLC",,
77306217,REQUEST_FAILED,,,,,
77307163,REQUEST_FAILED,,,,,
77308289,REQUEST_FAILED,,,,,
77309204,REQUEST_FAILED,,,,,
77312370,deadAbandoned,BETTER HOMES AND GARDENS,"Apr. 25, 2011",Meredith Corporation,,mlerner@ssbb.com
77311561,REQUEST_FAILED,,,,,
77311566,REQUEST_FAILED,,,,,
77314592,deadAbandoned,BLOODLUST,"Aug. 01, 2011",Ubisoft Inc,,
77313459,REQUEST_FAILED,,,,,
77313497,REQUEST_FAILED,,,,,
77314680,deadAbandoned,GLOOM,"Aug. 01, 2011",Ubisoft Inc,,
77315032,deadAbandoned,CHECKEMUP,"Aug. 22, 2011","Humongous Infinity, LLC",,
77315477,deadAbandoned,SPICE4LIFE,"Jan. 17, 2011",Alexander International (USA) Inc,,austintrevett@yahoo.com
77314630,REQUEST_FAILED,,,,,
77315098,REQUEST_FAILED,,,,,
77316455,deadAbandoned,BUYHOLLYWOOD,"Jan. 31, 2011","ITV Entertainment, LLC",,tnburnham@earthlink.net
77315975,REQUEST_FAILED,,,,,
77316471,REQUEST_FAILED,,,,,
77316825,REQUEST_FAILED,,,,,
77320088,deadAbandoned,"DREAM, INC.","Oct. 21, 2011","Persistent Marketing, Inc.",,
77320275,REQUEST_FAILED,,,,,
77323115,REQUEST_FAILED,,,,,
77325201,deadAbandoned,MPOWER INTERACTIVE,"Nov. 21, 2011","MPOWER Ventures, LP",,
77326025,deadAbandoned,KARMALIZE,"Feb. 10, 2011","Gaylon, Alexander F.",,gaylon@wisc.edu
77323555,REQUEST_FAILED,,,,,
77324048,REQUEST_FAILED,,,,,
77326271,deadAbandoned,FLIGHTFORWARD,"Oct. 10, 2011","CodeForward Software, LLC",,
77326274,deadAbandoned,CODEFORWARD,"Aug. 15, 2011","CodeForward Software, LLC",,
77326729,deadAbandoned,FERGY'S FRIENDS,"Jan. 31, 2011","Anderson, Sanda",,
77326128,REQUEST_FAILED,,,,,
77326075,REQUEST_FAILED,,,,,
77328779,deadAbandoned,COMMERCIAL FINANCE SPECIALIST,"Jul. 06, 2011","Blue Screen Marketing, LLC",,
77328783,deadAbandoned,COMMERCIAL FINANCE SPECIALIST,"Jul. 06, 2011","Blue Screen Marketing, LLC",,
77329804,deadAbandoned,CORAZÓN,"Feb. 21, 2011",MILWAUKEE ELECTRIC TOOL CORPORATION,,
77332323,deadAbandoned,MINDPICTURE,"Sep. 19, 2011","LU, SHIGANG",,
77332567,deadAbandoned,OUT OF THE BLUE,"Aug. 22, 2011",Ainsworth Game Technology Limited,,jason.meyer@ainsworth.com.au
77332611,deadAbandoned,REDEFINED,"Jul. 11, 2011",AnazaoHealth Corporation,,lblue@anazaohealth.com
77330771,REQUEST_FAILED,,,,,
77332569,deadAbandoned,HEARTS ON FIRE,"Aug. 22, 2011",Ainsworth Game Technology Limited,,jason.meyer@ainsworth.com.au
77333816,deadAbandoned,MINDPICTURE,"Jul. 18, 2011",SHIGANG LU,,
77331875,deadAbandoned,VAPORSHIELD,"Aug. 15, 2011",AMCOL International Corporation,,
77333801,deadAbandoned,MINDPICTURE,"Nov. 14, 2011",SHIGANG LU,,
77334012,REQUEST_FAILED,,,,,
77335241,REQUEST_FAILED,,,,,
77338009,deadAbandoned,ELLEVÊTE,"Mar. 07, 2011","Chen, Jane",,jane16@gmail.com
77336325,REQUEST_FAILED,,,,,
77341002,deadAbandoned,BUYPHRASE,"Dec. 05, 2011","AMAZON TECHNOLOGIES, INC.",,docket@amazon.com
77341015,deadAbandoned,BUYPHRASE,"Jul. 11, 2011","AMAZON TECHNOLOGIES, INC.",,docket@amazon.com
77342064,deadAbandoned,LEAPS & BOUNDS,"Aug. 15, 2011",Ainsworth Game Technology Limited,,jason.meyer@ainsworth.com.au
77341996,deadAbandoned,FRX,"Feb. 21, 2011",Ferapeutics LLC,,firoozehapatel@yahoo.com
77340802,REQUEST_FAILED,,,,,
77341482,deadAbandoned,ORIGINAL CHAMELEON CASUAL WEAR,"Mar. 21, 2011",Midoceandbrands,,
77342063,deadAbandoned,JACKPOT JUMBLE,"Aug. 22, 2011",Ainsworth Game Technology Limited,,jason.meyer@ainsworth.com.au
77341362,REQUEST_FAILED,,,,,
77343408,deadAbandoned,LIPOINT,"Jul. 05, 2011",LiPoint Inc.,,
77343637,deadAbandoned,IMPROVING LIVES THROUGH THE SCIENCE OF HEAT,"Aug. 29, 2011",ZENO CORPORATION,,
77342069,deadAbandoned,ALL THE STARS,"Aug. 22, 2011",Ainsworth Game Technology Limited,,jason.meyer@ainsworth.com.au
77343870,REQUEST_FAILED,,,,,
77343880,REQUEST_FAILED,,,,,
77346923,deadAbandoned,BIOCATE,"Jul. 18, 2011","Bernard Group Technologies, LLC",,
77346738,deadAbandoned,NOTO-ARE,"Aug. 29, 2011","Urmanov, Aleksey M",,au72b@sbcglobal.net
77346957,deadAbandoned,PURESHOT,"Jan. 17, 2011",Pureshot LLC,,
77344124,REQUEST_FAILED,,,,,
77347003,deadAbandoned,GELMICIDE,"Jul. 18, 2011","Bernard Group Technologies, LLC",,
77347659,deadAbandoned,RAINBOW SIX,"Sep. 12, 2011","Red Storm Entertainment, Inc",,
77345450,REQUEST_FAILED,,,,,
77346969,deadAbandoned,PÜRSHOT,"Jan. 17, 2011",Pureshot LLC,,
77346279,REQUEST_FAILED,,,,,
77350720,deadAbandoned,LOGGERHEAD,"Jul. 30, 2011",LOGGERHEAD BREWING COMPANY,,OROURKEHOME@COMCAST.NET
77349052,REQUEST_FAILED,,,,,
77352094,REQUEST_FAILED,,,,,
77356641,deadAbandoned,RENDERING IMAGINATION VISIBLE,"Sep. 26, 2011",MENTAL IMAGES GMBH,,
77357375,deadAbandoned,ECO TOOLS,"Sep. 06, 2011",BARBAR ARTIST INC.,,
77354339,REQUEST_FAILED,,,,,
77357639,deadAbandoned,VERDANT GREEN,"Sep. 05, 2011",Marjorie Siegal,,
77355613,REQUEST_FAILED,,,,,
77357697,deadAbandoned,BAUHAUS,"Aug. 10, 2011","Osez Vous? International Spirits, LLC.",,rcooper@jacquins.com
77356728,REQUEST_FAILED,,,,,
77358129,REQUEST_FAILED,,,,,
77358495,REQUEST_FAILED,,,,,
77360149,deadAbandoned,ESP,"Feb. 13, 2011",Natural Marketing Institute,,nancy.white@NMIsolutions.com
77360674,deadAbandoned,BERIQUE,"Sep. 05, 2011",LEO Pharma A/S,,
77361403,deadAbandoned,SPOON YOUR WAY TO HEALTH,"Jun. 08, 2011","Mahjobi, Jamie",,
77361609,deadAbandoned,AUDACIA,"Apr. 04, 2011",IG Enterprise,,igenterprise@optonline.net
77362869,deadAbandoned,U UFORIC,"Sep. 26, 2011","UFORIC, INC.",,
77360554,REQUEST_FAILED,,,,,
77360565,REQUEST_FAILED,,,,,
77363204,deadAbandoned,PARTNERONLINE,"Sep. 12, 2011","appliedE, Inc.",,appliede@gmail.com
77363429,deadAbandoned,CREATIVE CONSCIENCE AWARD,"Dec. 12, 2011",Reed Elsevier Properties Inc.,,renee.simonton@reipmsi.com
77363775,deadAbandoned,ROMI HAAN,"Oct. 03, 2011",Haan Corporation,,rhaan@haan.com
77363200,deadAbandoned,WHAT YOU SEE IS WHAT YOU SAVE,"Sep. 12, 2011","appliedE, Inc.",,appliede@gmail.com
77362885,REQUEST_FAILED,,,,,
77364307,deadAbandoned,PIRATE QUEST,"Aug. 15, 2011","Bolin, Lauren K.",,lkb@bolins.com
77364164,REQUEST_FAILED,,,,,
77364773,REQUEST_FAILED,,,,,
77364657,REQUEST_FAILED,,,,,
77366135,deadAbandoned,CLIMATE PROTECTION WORLD CUP,"Oct. 24, 2011",Miroslav Polzer,,
77366136,deadAbandoned,CLIMATE PROTECTION WORLD CUP,"Oct. 10, 2011",Miroslav Polzer,,
77367136,deadAbandoned,PRIMEPAKN2 PROPELLED WITH NITROGEN,"Mar. 21, 2011",PRIMEPAK MANUFACTURING PTY LTD,,john.evers@primepakn2.com.au
77367139,deadAbandoned,PRIMEPAKN2 INSIDE,"Mar. 21, 2011",PRIMEPAK MANUFACTURING PTY LTD,,john.evers@primepakn2.com.au
77367214,deadAbandoned,RIGHT ANGLE GEMS,"Sep. 19, 2011","Herman, Steven M.",,
77366016,REQUEST_FAILED,,,,,
77367521,deadAbandoned,HOG ISLAND,"Aug. 29, 2011","Osez Vous? International Spirits, LLC.",,rcooper@jacquins.com
77367183,deadAbandoned,COMBIMASK,"Sep. 12, 2011","Fortuna, Anibal de Oliveira",,anibal.fortuna@uol.com.br
77367760,deadAbandoned,COUCH POTATO SACK,"Feb. 21, 2011",David Anthony Keena,,dave@keenas.com
77367197,REQUEST_FAILED,,,,,
77368210,REQUEST_FAILED,,,,,
77368239,deadAbandoned,BETTER HOMES AND GARDENS,"Feb. 21, 2011",Meredith Corporation,,mlerner@ssbb.com
77369508,deadAbandoned,PENN LEADER,"Aug. 29, 2011","Osez Vous? International Spirits, LLC.",,rcooper@jacquins.com
77369059,REQUEST_FAILED,,,,,
77371866,deadAbandoned,PURE:SHOT,"Jan. 24, 2011",Pureshot LLC,,
77371611,deadAbandoned,THIS AIN'T NO PICNIC,"Nov. 28, 2011","TB Acquisitions, LLC",,clegrand@legrandllc.com
77370061,REQUEST_FAILED,,,,,
77371666,deadAbandoned,BAGUS SURYAMAS,"Jul. 25, 2011","Soelystio, Abdul Alek",,ksoelystio@gmail.com
77370777,REQUEST_FAILED,,,,,
77373447,deadAbandoned,MENOPAUSE MAYHEM,"Jan. 03, 2011","Hewitt, Julie C.",,julescota@aol.com
77373073,REQUEST_FAILED,,,,,
77375673,deadAbandoned,EVAN JELIC,"Jan. 10, 2011","Curalli, John, D.",,jcuralli@q.com
77373854,REQUEST_FAILED,,,,,
77373892,REQUEST_FAILED,,,,,
77377120,deadAbandoned,HUCK,"Jan. 12, 2011",NSM Resources Corporation,,zane@huckdoll.com
77374744,REQUEST_FAILED,,,,,
77377609,deadAbandoned,CHAMPION COOLING SYSTEMS,"Jun. 20, 2011","Champion Motosports, Inc",,cidmartin@cox.net
77375700,REQUEST_FAILED,,,,,
77378139,deadAbandoned,INDIAN KING,"Oct. 03, 2011","Osez Vous? International Spirits, LLC.",,rcooper@jacquins.com
77379673,deadAbandoned,CCX FUTURES,"Jan. 03, 2011","Chicago Climate Exchange, Inc.",,
77380412,deadAbandoned,WASHBOARDS,"Oct. 03, 2011","Murphy, Michael",,
77378336,REQUEST_FAILED,,,,,
77378504,REQUEST_FAILED,,,,,
77380527,deadAbandoned,SECOND SON,"Jun. 14, 2011","Exton, Rufus",,rufus@lokiclothing.co.uk
77379555,REQUEST_FAILED,,,,,
77381466,deadAbandoned,WOMOMMY,"Feb. 11, 2011","Brainard, Cassandra Marie",,cassandra@womommy.com
77380131,REQUEST_FAILED,,,,,
77381972,deadAbandoned,SMARTDROP,"Aug. 29, 2011",AMVAC Chemical Corporation,,irener@amvac-chemical.com
77381867,REQUEST_FAILED,,,,,
77383307,deadAbandoned,KANINE KINGDOM,"Oct. 03, 2011",Judy Radoccia,,jradoccia@yahoo.com
77382292,REQUEST_FAILED,,,,,
77383205,REQUEST_FAILED,,,,,
77384386,deadAbandoned,MENTAL LABS,"Oct. 24, 2011",MENTAL IMAGES GMBH,,
77385892,deadAbandoned,AR-BEST BRAND DOG FOOD,"May 02, 2011","ARKAT ANIMAL NUTRITION, LLC",,
77384937,REQUEST_FAILED,,,,,
77385147,REQUEST_FAILED,,,,,
77385784,REQUEST_FAILED,,,,,
77387687,deadAbandoned,MENTAL LIGHT,"Oct. 17, 2011",MENTAL IMAGES GMBH,,
77387694,deadAbandoned,MENTAL SHADE,"Oct. 17, 2011",MENTAL IMAGES GMBH,,
77386833,REQUEST_FAILED,,,,,
77387699,deadAbandoned,MENTAL LIGHT AND SHADE,"Oct. 17, 2011",MENTAL IMAGES GMBH,,
77387346,REQUEST_FAILED,,,,,
77387542,REQUEST_FAILED,,,,,
77388359,deadAbandoned,TENSOSTAT,"Oct. 31, 2011","SunTen Phytotech Co., Ltd.",,tbtzeng@stpt.com.tw
77387927,REQUEST_FAILED,,,,,
77389274,REQUEST_FAILED,,,,,
77390328,deadAbandoned,ZEXIO,"Dec. 19, 2011",NOVARTIS AG,,tm.services@alconlabs.com
77390033,REQUEST_FAILED,,,,,
77392255,REQUEST_FAILED,,,,,
77392290,REQUEST_FAILED,,,,,
77393311,deadAbandoned,CHARTERZOO,"May 02, 2011","Anaclerio, Cheri A.",,cheri.anaclerio@gmail.com
77392624,REQUEST_FAILED,,,,,
77393756,deadAbandoned,BARON BREWING GERMAN STYLE SINCE 2003,"May 13, 2011",Baron Brewing,,mikeb@baronbrewing.com
77394756,deadAbandoned,SERENI,"Aug. 01, 2011",Serenity Living LLC,,lois.smith@serenti-tea.com
77393116,REQUEST_FAILED,,,,,
77393336,REQUEST_FAILED,,,,,
77395131,deadAbandoned,WE GAMES,"Jul. 06, 2011",IMAGINATION HOLDINGS PTY LTD,,hostmaster@imagination.com.au
77395098,deadAbandoned,WE LOVE GAMES,"Feb. 01, 2011",IMAGINATION HOLDINGS PTY LTD,,hostmaster@imagination.com.au
77394164,REQUEST_FAILED,,,,,
77395072,REQUEST_FAILED,,,,,
77395476,REQUEST_FAILED,,,,,
77399257,deadAbandoned,VUPLEX.COM.AU VUPLEX,"Jul. 18, 2011","Hames, Rodger L",,rdenterprises@internode.on.net
77399838,deadAbandoned,WIZBRUSH,"May 02, 2011","Jo, Heekyoung",,info@jhkenterprises.com
77396576,REQUEST_FAILED,,,,,
77397688,REQUEST_FAILED,,,,,
77399897,REQUEST_FAILED,,,,,
77401044,deadAbandoned,TALIAC,"Sep. 05, 2011",LEO Pharma A/S,,
77400146,REQUEST_FAILED,,,,,
77402195,deadAbandoned,STABILITRAX,"Mar. 14, 2011","Monster Medic, Inc.",,
77401455,REQUEST_FAILED,,,,,
77401700,REQUEST_FAILED,,,,,
77402359,deadAbandoned,MCS,"May 02, 2011","Microtech Small Arms Research, Inc.",,
77403599,deadAbandoned,SAFEGUARD FINANCIAL SOLUTIONS,"Feb. 24, 2011","Jaeger, Ronald, E",,safeguardfinancial@mac.com
77403498,deadAbandoned,REALITY,"Oct. 17, 2011",MENTAL IMAGES GMBH,,
77402387,REQUEST_FAILED,,,,,
77403766,REQUEST_FAILED,,,,,
77404100,REQUEST_FAILED,,,,,
77408251,deadAbandoned,VOX BROKER,"Feb. 07, 2011","Doane, Robin E.",,voxbrokerbiz@mac.com
77409006,deadAbandoned,UROFISH,"Nov. 28, 2011","Bostwick Laboratories, Inc.",,
77407366,REQUEST_FAILED,,,,,
77407994,REQUEST_FAILED,,,,,
77410780,deadAbandoned,EASY BEING GREEN,"Dec. 23, 2011","Voit, Nancy",,nancy@voit.org
77410387,deadAbandoned,DYNAST AMIR,"Apr. 11, 2011",Dynast Amir,,dynastamir@gmail.com
77411494,deadAbandoned,BOOTBOOTIE,"Nov. 14, 2011",Barbara Giacoppo,,bg@materialvision.com
77409741,REQUEST_FAILED,,,,,
77409988,REQUEST_FAILED,,,,,
77409802,REQUEST_FAILED,,,,,
77411136,REQUEST_FAILED,,,,,
77412986,deadAbandoned,NRAY,"Oct. 17, 2011",MENTAL IMAGES GMBH,,
77412995,deadAbandoned,MRAY,"Oct. 03, 2011",MENTAL IMAGES GMBH,,
77412978,deadAbandoned,MRAY,"Oct. 17, 2011",MENTAL IMAGES GMBH,,
77412993,deadAbandoned,LRAY,"Oct. 10, 2011",MENTAL IMAGES GMBH,,
77411839,REQUEST_FAILED,,,,,
77412998,deadAbandoned,NRAY,"Oct. 03, 2011",MENTAL IMAGES GMBH,,
77412972,REQUEST_FAILED,,,,,
77414727,REQUEST_FAILED,,,,,
77417297,deadAbandoned,H.A.W.X,"Jun. 09, 2011",Ubisoft Entertainment,,
77415012,REQUEST_FAILED,,,,,
77415780,REQUEST_FAILED,,,,,
77417161,deadAbandoned,STONER BOARDS,"Jun. 27, 2011","Stoner, Theodore",,ladinc123@aol.com
77420246,deadAbandoned,VITAMIN EEZ,"Nov. 21, 2011","Cutting Edge Beverages, LLC",,
77418388,REQUEST_FAILED,,,,,
77420122,deadAbandoned,ENERGY SCIENCE,"Nov. 21, 2011","Cutting Edge Beverages, LLC",,
77419982,REQUEST_FAILED,,,,,
77420484,REQUEST_FAILED,,,,,
77421066,deadAbandoned,VA 2003.05.02,"Apr. 20, 2011",Howard L. Alston,,alstonandco@hotmail.com
77420979,REQUEST_FAILED,,,,,
77422470,deadAbandoned,SHBOOTIE,"Nov. 07, 2011",Barbara Giacoppo,,bg@materialvision.com
77421662,REQUEST_FAILED,,,,,
77421855,REQUEST_FAILED,,,,,
77422240,REQUEST_FAILED,,,,,
77423385,REQUEST_FAILED,,,,,
77424185,deadAbandoned,E-CLAY,"Aug. 09, 2011",Envirotreat Limited,,neil.mcleod@envirotreat.com
77424918,REQUEST_FAILED,,,,,
77425284,REQUEST_FAILED,,,,,
77425757,REQUEST_FAILED,,,,,
77426832,deadAbandoned,NEUROBOTIC SURGERY,"Oct. 25, 2011",Madison Surgical Designs LLC,,bbadie@madsurg.com
77427524,REQUEST_FAILED,,,,,
77427533,REQUEST_FAILED,,,,,
77429800,deadAbandoned,A RUSH,"Jan. 17, 2011",Apple Rush Company Inc.,,rjcorr@gmail.com
77429937,deadAbandoned,PRIMO CUCINA,"Sep. 26, 2011","Primo hospitality Group, Inc.",,
77431998,deadAbandoned,A WIRE RUNS THROUGH IT,"May 30, 2011",Untamed Spirit,,
77429585,REQUEST_FAILED,,,,,
77432014,deadAbandoned,ALL STRUNG UP,"May 30, 2011",Untamed Spirit,,
77432008,deadAbandoned,WIRED & INSPIRED,"May 30, 2011",Untamed Spirit,,
77431004,REQUEST_FAILED,,,,,
77431604,REQUEST_FAILED,,,,,
77431966,REQUEST_FAILED,,,,,
77432532,REQUEST_FAILED,,,,,
77433071,REQUEST_FAILED,,,,,
77433122,REQUEST_FAILED,,,,,
77435585,deadAbandoned,HANS KLINE,"Apr. 18, 2011","Kline, Hans",,
77434687,REQUEST_FAILED,,,,,
77435196,REQUEST_FAILED,,,,,
77435597,REQUEST_FAILED,,,,,
77439119,REQUEST_FAILED,,,,,
77439704,REQUEST_FAILED,,,,,
77440251,REQUEST_FAILED,,,,,
77442096,deadAbandoned,CHI USA,"Nov. 21, 2011","Farouk Systems, Inc.",,
77443885,deadAbandoned,SUNN CLASSIC COLA,"Jan. 31, 2011","Sunn Classic Pictures, Inc.",,
77443011,REQUEST_FAILED,,,,,
77443277,REQUEST_FAILED,,,,,
77446249,deadAbandoned,STONEY'S COFFEE,"Jun. 24, 2011","Starr, Michael",,mstarr@toostars.com
77445653,REQUEST_FAILED,,,,,
77446664,deadAbandoned,GREENART WORKS,"Jul. 11, 2011","Saltman, Nina",,
77445937,REQUEST_FAILED,,,,,
77448043,deadAbandoned,HAMDOG,"Jul. 05, 2011","Murray, Mark A",,mark@markmurray.com.au
77447980,REQUEST_FAILED,,,,,
77440970,REQUEST_FAILED,,,,,
77449440,deadAbandoned,V CAP,"Mar. 21, 2011","Vacare Technologies, LLC",,
77448786,deadAbandoned,CELEBRITY CHEF NETWORK,"Mar. 24, 2011","Premier Management Group, LLC",,
77450216,deadAbandoned,PDOOP,"Jan. 03, 2011","ICI Enterprises, LLC",,
77450220,deadAbandoned,MOBIDIRECTORY,"Jan. 10, 2011","ICI Enterprises, LLC",,
77450214,deadAbandoned,ECARD,"Jan. 10, 2011","ICI Enterprises, LLC",,
77450380,deadAbandoned,I AM ALIVE,"Jan. 10, 2011",Ubisoft Entertainment,,
77450189,deadAbandoned,POWERED BY ICARD,"Jan. 10, 2011","ICI Enterprises, LLC",,
77449871,REQUEST_FAILED,,,,,
77450381,deadAbandoned,I AM ALIVE,"Jan. 10, 2011",Ubisoft Entertainment,,
77450379,deadAbandoned,I AM ALIVE,"Jan. 10, 2011",Ubisoft Entertainment,,
77451864,deadAbandoned,POLITICO,"Jul. 12, 2011",Glyn Mason Ottofy,,GlynOttofy@comcast.net
77451586,REQUEST_FAILED,,,,,
77452606,REQUEST_FAILED,,,,,
77455366,deadAbandoned,SMARTPORES,"Jan. 11, 2011",Mpathy Medical Devices Limited,,enquiries@mpathymedical.com
77454381,REQUEST_FAILED,,,,,
77454696,REQUEST_FAILED,,,,,
77458970,deadAbandoned,CORVOLTTE,"Feb. 23, 2011","Sweeney, Jim M.",,jimmsweeney@bellsouth.net
77456152,REQUEST_FAILED,,,,,
77456287,REQUEST_FAILED,,,,,
77457815,REQUEST_FAILED,,,,,
77459905,deadAbandoned,ARTISAN SPIRITS,"Jan. 15, 2011",Artisan Spirits LLC,,shane@localdistillery.com
77459447,REQUEST_FAILED,,,,,
77462256,deadAbandoned,THE ART OF THE JUMP RING,"May 30, 2011",Untamed Spirit,,
77459032,REQUEST_FAILED,,,,,
77460850,REQUEST_FAILED,,,,,
77463996,deadAbandoned,BIKE CITY,"Aug. 29, 2011",Bicycle City LLC,,mmellett@wmgmt.com
77462717,REQUEST_FAILED,,,,,
77462725,REQUEST_FAILED,,,,,
77463842,REQUEST_FAILED,,,,,
77464648,REQUEST_FAILED,,,,,
77466246,REQUEST_FAILED,,,,,
77468372,deadAbandoned,VIRTULARIUM,"Jan. 31, 2011",Jon A. Stolzberg,,jon9@proudmountain.com
77467664,REQUEST_FAILED,,,,,
77469367,deadAbandoned,VACARE,"Jan. 31, 2011","Vacare Technologies, LLC",,
77469089,REQUEST_FAILED,,,,,
77472681,deadAbandoned,TIMBERWOLF,"Sep. 02, 2011","Wolfking, Inc.",,
77471104,REQUEST_FAILED,,,,,
77473766,deadAbandoned,GRAND DRAGON,"Nov. 21, 2011",Ainsworth Game Technology Limited,,jason.meyer@ainsworth.com.au
77472616,REQUEST_FAILED,,,,,
77472643,REQUEST_FAILED,,,,,
77474486,deadAbandoned,GARAGE SALE CITY,"Jan. 10, 2011","Moore, Grant M.",,gmoore@dry-b-lo.com
77474945,deadAbandoned,None,"Jun. 16, 2011","Rich Investments, Inc.",,KFRichInv@aol.com
77471225,REQUEST_FAILED,,,,,
77473777,REQUEST_FAILED,,,,,
77477287,deadAbandoned,SAVING THE PLANET ONE BAG AT A TIME,"May 05, 2011",Anthony J Walizer,,tonywlzr@aol.com
77475694,REQUEST_FAILED,,,,,
77477482,REQUEST_FAILED,,,,,
77479213,deadAbandoned,QUICKEES,"Jun. 06, 2011","Osez Vous? International Spirits, LLC.",,rcooper@jacquins.com
77478104,REQUEST_FAILED,,,,,
77479795,deadAbandoned,ATHLETE'S OWN,"Mar. 07, 2011","Triadi, Inc.",,admin@triadi.com
77479854,deadAbandoned,EDUBOOK 2.0,"Nov. 28, 2011","LU, SHIGANG",,
77479942,deadAbandoned,EDUBOOK 2.0,"Jul. 25, 2011","LU, SHIGANG",,
77478650,REQUEST_FAILED,,,,,
77479523,REQUEST_FAILED,,,,,
77481892,deadAbandoned,MESHUGANOTES,"Jan. 10, 2011","Easton West, LLC",,vicki@eastonwestgreetings.com
77480098,REQUEST_FAILED,,,,,
77483303,deadAbandoned,FÖNN,"Feb. 28, 2011",jon steinsson,,js@steinsson.com
77481360,REQUEST_FAILED,,,,,
77483301,deadAbandoned,YO!,"Aug. 01, 2011",jon steinsson,,js@steinsson.com
77484589,deadAbandoned,VITA,"Oct. 08, 2011",jon steinsson,,js@steinsson.com
77483620,deadAbandoned,EDUBOOK 2.0,"Jul. 25, 2011","LU, Shigang",,
77484412,REQUEST_FAILED,,,,,
77486858,deadAbandoned,HYPER-CLOUD,"Apr. 29, 2011","Ibrahim, Abdul Hafiz",,abdul@hyper-cloud.com
77485761,REQUEST_FAILED,,,,,
77486127,REQUEST_FAILED,,,,,
77486472,REQUEST_FAILED,,,,,
77488111,deadAbandoned,BOOTY TRAP,"Feb. 21, 2011","Pedraza, Alison, M.",,alisonpedraza@hotmail.com
77488360,REQUEST_FAILED,,,,,
77490739,deadAbandoned,LAUNCHPAD,"Jan. 04, 2011",HostGator.com LLC,,td@voipo.com
77490173,REQUEST_FAILED,,,,,
77491992,deadAbandoned,GROVENTURES,"Aug. 22, 2011","Jensen, Dean",,
77490919,REQUEST_FAILED,,,,,
77492247,deadAbandoned,LITTLE STEVEN'S UNDERGROUND GARAGE,"Jun. 13, 2011","Renegade Nation Holdings, Inc.",,
77494655,deadAbandoned,PEEL-N-SEAL,"Oct. 19, 2011",BBC Technologies LLC.,,geoff@bbctechnologies.com
77492781,REQUEST_FAILED,,,,,
77495185,deadAbandoned,V,"Aug. 15, 2011","Mulac, Matthew A",,
77493482,REQUEST_FAILED,,,,,
77494272,REQUEST_FAILED,,,,,
77497108,deadAbandoned,BABYGUARD,"Mar. 01, 2011","Guard Master, Inc.",,
77496541,REQUEST_FAILED,,,,,
77498235,REQUEST_FAILED,,,,,
77501506,deadAbandoned,MENTAL CLOUD,"Jul. 05, 2011",MENTAL IMAGES GMBH,,
77503308,deadAbandoned,ARTHOUSE CORPORATION,"Apr. 04, 2011",Arthousecorp LLC,,
77503534,deadAbandoned,MARRIED TO THE MOB,"Mar. 07, 2011",LCM PRODUCTIONS INC.,,
77502651,REQUEST_FAILED,,,,,
77503051,REQUEST_FAILED,,,,,
77505930,deadAbandoned,MOONJEENS,"Jul. 11, 2011","Kristeller, Joanne",,e-mail@frankkristeller.us
77505983,deadAbandoned,M MSQKRDE CLOTHING COMPANY MCMXCIX,"Jan. 11, 2011","BYRD,TREMAYNE",,EYECONAPPAREL@YAHOO.COM
77504900,REQUEST_FAILED,,,,,
77505988,deadAbandoned,COOL BALL,"Jan. 03, 2011","Cool Ball, LLC",,
77505404,REQUEST_FAILED,,,,,
77507109,REQUEST_FAILED,,,,,
77507522,REQUEST_FAILED,,,,,
77508380,REQUEST_FAILED,,,,,
77508396,REQUEST_FAILED,,,,,
77510379,deadAbandoned,MYLIFECOMPASS,"Feb. 28, 2011","Compass Life and Business Designs, Inc.",,
77511953,deadAbandoned,13CURVES,"Jan. 24, 2011",13 Curves,,benmauro@sbcglobal.net
77511502,REQUEST_FAILED,,,,,
77511663,REQUEST_FAILED,,,,,
77513116,REQUEST_FAILED,,,,,
77515654,deadAbandoned,TV1 YOU CHOOSE THE BEST WEB VIDEOS,"Nov. 23, 2011","TV1.com Holdings, LLC.",,bh@progressivesource.com
77514924,deadAbandoned,ZUTOPIA,"Sep. 19, 2011",CGactive LLC,,ben@benpoon.com
77517086,deadAbandoned,EZ-STAK,"Dec. 26, 2011",Good Deal Production Enterprise,,tmregistered@gmail.com
77516745,REQUEST_FAILED,,,,,
77516712,REQUEST_FAILED,,,,,
77516792,REQUEST_FAILED,,,,,
77518509,deadAbandoned,ROLL AND ROCKTIME,"Mar. 28, 2011","Fusco, Simona",,
77517015,REQUEST_FAILED,,,,,
77520267,deadAbandoned,SUPER PITA,"Apr. 04, 2011","Super Bakery, Incorporated",,Cinpa2@aol.com
77519708,REQUEST_FAILED,,,,,
77520278,deadAbandoned,SUPER SCONE,"Apr. 04, 2011","Super Bakery, Incorporated",,Cinpa2@aol.com
77521630,deadAbandoned,C.O. BIGELOW FACE,"Aug. 29, 2011","Bigelow Merchandising, LLC",,
77519959,REQUEST_FAILED,,,,,
77520947,REQUEST_FAILED,,,,,
77523103,deadAbandoned,GLACI,"Feb. 28, 2011",jon steinsson,,js@steinsson.com
77521439,REQUEST_FAILED,,,,,
77522335,REQUEST_FAILED,,,,,
77525404,deadAbandoned,SOLID PEOPLE,"Apr. 04, 2011","Solid People, LLC",,bschildt1@gmail.com
77525448,deadAbandoned,GRAN SOL,"Aug. 01, 2011","Complejo Industrial RM, S.A. de C.V.",,miguelcadena22@hotmail.com
77522951,REQUEST_FAILED,,,,,
77524122,REQUEST_FAILED,,,,,
77525359,deadAbandoned,None,"Jul. 25, 2011","LU, SHIGANG",,
77525808,deadAbandoned,None,"Jul. 25, 2011","LU, SHIGANG",,
77525766,deadAbandoned,None,"Jul. 25, 2011","LU, SHIGANG",,
77525406,REQUEST_FAILED,,,,,
77526844,deadAbandoned,BMW CS,"Feb. 07, 2011",Bayerische Motoren Werke AG,,tm-d@bmw.de
77526680,deadAbandoned,AQUARELLE,"Oct. 03, 2011","N.M.B. Medical Applications, Ltd",,info@nmb-med.com
77527114,deadAbandoned,PAYS2SHARE,"Apr. 18, 2011",Pays2Share LLC,,cglo@eim.ae
77526724,deadAbandoned,CSR INDEPENDENT LENS,"Feb. 17, 2011","Lowson, Linda M.",,lmlowson@optonline.net
77526282,REQUEST_FAILED,,,,,
77526575,REQUEST_FAILED,,,,,
77527451,deadAbandoned,PHARMASCANNER,"Apr. 04, 2011","BECTON, DICKINSON AND COMPANY",,
77527810,deadAbandoned,TERRANOVA CELLARS,"Jan. 17, 2011","Terranova Cellars, L.L.C.",,terranovacellars@gmail.com
77527084,REQUEST_FAILED,,,,,
77530517,deadAbandoned,AMERIMINTS,"Oct. 10, 2011","Devlin, David",,Service@LincolnPennyTin.com
77527639,deadAbandoned,ECO-DOG,"Apr. 04, 2011",The San Francisco Society for the Prevention of Cruelty to Animals,,
77527214,REQUEST_FAILED,,,,,
77527778,REQUEST_FAILED,,,,,
77533452,REQUEST_FAILED,,,,,
77535657,deadAbandoned,FARMACIAS RX REMEDIOS,"Jan. 17, 2011","Farmacias Remedios, Inc.",,
77533610,REQUEST_FAILED,,,,,
77534265,deadAbandoned,AURAMIX,"Jul. 25, 2011","Auramix, LLC",,ysalen@comcast.net
77533668,REQUEST_FAILED,,,,,
77537675,deadAbandoned,GUITAR RISING,"Jan. 24, 2011","GameTank, Inc.",,dana@gametank.com
77536806,deadAbandoned,MICROMILESTONES,"Apr. 18, 2011",MicroMilestones LLC,,mk@micromilestones.com
77537874,deadAbandoned,INVESTCHANNEL,"Sep. 24, 2011","Faier, José Márcio",,investchannel@gmail.com
77535953,REQUEST_FAILED,,,,,
77537147,REQUEST_FAILED,,,,,
77538506,deadAbandoned,HYDRATON,"Apr. 22, 2011",Hector Manuel Rivera Salazar,,
77537516,REQUEST_FAILED,,,,,
77538188,REQUEST_FAILED,,,,,
77538417,REQUEST_FAILED,,,,,
77538781,deadAbandoned,VARSITYQUAD,"Dec. 12, 2011",VarsityQuad.Com,,
77539789,deadAbandoned,None,"Sep. 16, 2011",NeonSeon LLC,,seon@neonseon.com
77539706,REQUEST_FAILED,,,,,
77541215,deadAbandoned,EL PRIMO FOODS,"Jan. 24, 2011","El Primo Foods, Inc.",,
77541512,deadAbandoned,EXPOCITY,"Mar. 28, 2011","Blue Diamond Venture, LLC",,
77540695,REQUEST_FAILED,,,,,
77541540,deadAbandoned,EXPOCITY,"Mar. 28, 2011","Blue Diamond Venture, LLC",,
77541579,deadAbandoned,EXPOCITY,"Apr. 18, 2011","Blue Diamond Venture, LLC",,
77541636,deadAbandoned,EXPOCITY,"Mar. 21, 2011","Blue Diamond Venture, LLC",,
77541660,deadAbandoned,EXPOCITY.COM,"Mar. 21, 2011","Blue Diamond Venture, LLC",,
77541677,deadAbandoned,EXPOCITY.COM,"Mar. 21, 2011","Blue Diamond Venture, LLC",,
77541029,REQUEST_FAILED,,,,,
77541601,deadAbandoned,EXPOCITY,"Apr. 18, 2011","Blue Diamond Venture, LLC",,
77541738,deadAbandoned,EXPOCITY.COM,"Mar. 21, 2011","Blue Diamond Venture, LLC",,
77541697,deadAbandoned,EXPOCITY.COM,"Apr. 18, 2011","Blue Diamond Venture, LLC",,
77541621,REQUEST_FAILED,,,,,
77541725,REQUEST_FAILED,,,,,
77541755,REQUEST_FAILED,,,,,
77542819,deadAbandoned,B3,"Apr. 25, 2011",Richard Ehrenreich,,
77541800,REQUEST_FAILED,,,,,
77543164,deadAbandoned,HEROINE ADDICT,"Jul. 05, 2011","LINDROTH, HOLLY",,hollylindroth@gmail.com
77543120,REQUEST_FAILED,,,,,
77544209,deadAbandoned,NU COMPANIE,"May 09, 2011","Wolfson, Adam",,
77543946,REQUEST_FAILED,,,,,
77544009,REQUEST_FAILED,,,,,
77545929,REQUEST_FAILED,,,,,
77546889,REQUEST_FAILED,,,,,
77548725,deadAbandoned,I.M.A.CHIK,"Apr. 05, 2011","Stokeman, LLC",,tony@stokeman.com
77548532,REQUEST_FAILED,,,,,
77548977,deadAbandoned,MISSYOU,"May 02, 2011",Denega Peter A,,peter@denega.com
77548724,REQUEST_FAILED,,,,,
77550054,deadAbandoned,OPENIVO,"Dec. 05, 2011","Feldman, Marc Allan",,mfeldmanmd@yahoo.com
77550015,deadAbandoned,POK-IT APPAREL,"Nov. 28, 2011","Pok-it Apparel, LLC",,Iris1runner@aol.com
77549332,REQUEST_FAILED,,,,,
77550180,deadAbandoned,FCE 888,"Mar. 14, 2011","Green Star Group, Ltd.",,dfisher@ggltd.net
77551644,deadAbandoned,HOLICOM,"Apr. 29, 2011",Dormina UK Ltd,,ian@socketsafe.co.uk
77553016,deadAbandoned,THE BODYHUNTER,"Aug. 16, 2011",Paul Wookey,,pnwookey@yahoo.co.uk
77554051,deadAbandoned,TYRA,"Jul. 15, 2011","Tyra International, Inc.",,akogak@sbcglobal.net
77553206,REQUEST_FAILED,,,,,
77554319,deadAbandoned,SOCOMSPACE,"Jan. 17, 2011","Tucker, Gregory N",,gtucker@duo-county.com
77554689,REQUEST_FAILED,,,,,
77554713,REQUEST_FAILED,,,,,
77555837,deadAbandoned,SALUTE,"May 09, 2011","MARRONE BIO INNOVATIONS, INC.",,pmarrone@marroneorganics.com
77556460,deadAbandoned,LENSPRO,"May 02, 2011","Haggitt, Peter N",,peter.haggitt@lenspro.com.au
77555493,REQUEST_FAILED,,,,,
77555843,REQUEST_FAILED,,,,,
77557571,deadAbandoned,YOBERRY,"Feb. 13, 2011",YOBERRY CORP.,,
77558883,deadAbandoned,META CORE,"Aug. 22, 2011",MENTAL IMAGES G.M.B.H.,,
77558637,REQUEST_FAILED,,,,,
77558877,deadAbandoned,WEEBUGG,"Feb. 21, 2011","Mahon, Joseph M.",,jmfmahon@sbcglobal.net
77558846,REQUEST_FAILED,,,,,
77559651,deadAbandoned,SMK TECHNOLOGIES,"Feb. 23, 2011","SMK Technologies, LLC",,
77559684,REQUEST_FAILED,,,,,
77561514,deadAbandoned,CHEETAH GYM,"Dec. 09, 2011","CHEETAH GYMS, INC.",,
77563122,deadAbandoned,FAIRY GODMOTHER ACADEMY,"Dec. 12, 2011","FGA Media, Inc.",,jan@ananya.biz
77560230,REQUEST_FAILED,,,,,
77561860,REQUEST_FAILED,,,,,
77563474,deadAbandoned,EXPO CITY,"Mar. 28, 2011","Blue Diamond Venture, LLC",,
77563439,deadAbandoned,EXPO CITY,"Mar. 28, 2011","Blue Diamond Venture, LLC",,
77562342,REQUEST_FAILED,,,,,
77563510,deadAbandoned,EXPO CITY,"Apr. 18, 2011","Blue Diamond Venture, LLC",,
77563540,deadAbandoned,EXPO CITY,"Mar. 28, 2011","Blue Diamond Venture, LLC",,
77563550,REQUEST_FAILED,,,,,
77564552,deadAbandoned,AVANTEQ,"Aug. 08, 2011",AVANTEQ GmbH,,m.lauterbach@avanteq.de
77563561,REQUEST_FAILED,,,,,
77564846,deadAbandoned,VOYAGER TELEPSYCHIATRY,"May 09, 2011",Voyager Telepsychiatry LLC,,
77563865,REQUEST_FAILED,,,,,
77567216,REQUEST_FAILED,,,,,
77569553,deadAbandoned,INDIGO GRINDS AUSTRALIA,"Jul. 26, 2011",Indigo Grinds International Pty Ltd,,jcullen@indigogrinds.com
77570767,deadAbandoned,MOSAIC CLOTHING,"Mar. 24, 2011",Revest Thomas Omer,,thomasrevest@gmail.com
77570433,deadAbandoned,MIRACLE SCARF,"Feb. 02, 2011",Yes! SuperBaby Limited,,info@yessuperbaby.com
77569926,REQUEST_FAILED,,,,,
77571724,deadAbandoned,POWER NODE,"May 09, 2011","de Kuijper, Mia",,
77571731,deadAbandoned,3-DIMENSIONAL COMPETITION,"May 09, 2011","de Kuijper, Mia",,
77571735,REQUEST_FAILED,,,,,
77571734,REQUEST_FAILED,,,,,
77573164,deadAbandoned,ADDICTIONARY,"Sep. 05, 2011","SPECTRUMDNA, INC., A DELAWARE CORPORATION",,
77573241,deadAbandoned,MUSIC UNLEASHED,"Oct. 10, 2011","HOT TOPIC MERCHANDISING, INC.",,tmdoctc@fr.com
77572237,REQUEST_FAILED,,,,,
77573123,REQUEST_FAILED,,,,,
77573873,REQUEST_FAILED,,,,,
77574945,deadAbandoned,ECOMETER,"Nov. 21, 2011","Lacar, LLC",,
77574225,REQUEST_FAILED,,,,,
77575266,deadAbandoned,BOHEMIAN CATS,"Mar. 21, 2011",Mahony SRO,,karen@magic-realist.com
77574930,REQUEST_FAILED,,,,,
77574948,REQUEST_FAILED,,,,,
77575806,deadAbandoned,URBAN FARMER,"Aug. 11, 2011",Urban Farmer,,urban-farmer@hotmail.com
77576018,deadAbandoned,TENEO,"Feb. 06, 2011",Kangaroo Athletics,,hmunoz@kangarootrackclub.org
77576085,deadAbandoned,THE WEEK THAT CAPITALISM DIED,"Jun. 06, 2011","Heimlich, Alan",,alanheimlich@kdnga.com
77576073,deadAbandoned,POSTMASTER,"Jun. 27, 2011","Discus Dental, LLC",,
77575723,REQUEST_FAILED,,,,,
77577690,deadAbandoned,FOXY NATION,"May 23, 2011","Watson, Tony",,mrtdubb@gmail.com
77577255,REQUEST_FAILED,,,,,
77577285,REQUEST_FAILED,,,,,
77578352,deadAbandoned,SATAN-O-VISION,"Dec. 12, 2011","FOFONOFF, NICHOLAS, D.",,ndfofonoff@gmail.com
77578613,deadAbandoned,SAN JOSE,"Aug. 24, 2011",FABRICA DE AGUARDIENTES DE AGAVE LA MEXICANA S.A. DE C.V.,,contacto@promarkmexico.com
77578014,REQUEST_FAILED,,,,,
77579938,deadAbandoned,PUR VODKA,"Nov. 11, 2011",Nicolas Duvernois,,
77579474,REQUEST_FAILED,,,,,
77579520,REQUEST_FAILED,,,,,
77579592,REQUEST_FAILED,,,,,
77580587,deadAbandoned,None,"Jan. 10, 2011",Triple R Manufacturing Inc.,,triplermfg@yahoo.com
77581386,deadAbandoned,LIVE WIRE,"Jul. 21, 2011","CLOCKWORK IP, LLC",,docketing@pelaw.net
77582959,deadAbandoned,PROVENCE ARTISANALE,"Jul. 21, 2011","750 ML, LLC",,jcooper@domainedecanton.com
77581464,REQUEST_FAILED,,,,,
77582923,deadAbandoned,KATHERINE NEW YORK,"Mar. 15, 2011",Palitex Incorporated,,Kathy@palitexny.com
77582981,REQUEST_FAILED,,,,,
77585585,deadAbandoned,THE READY METHOD,"Nov. 21, 2011",YellowHouse L.L.C.,,
77585658,deadAbandoned,FITFORGOLF.COM,"May 05, 2011","Team America Health & Fitness, Inc.",,jwarren@exergenie.com
77583836,REQUEST_FAILED,,,,,
77584423,REQUEST_FAILED,,,,,
77585589,deadAbandoned,THE READY METHOD,"Nov. 21, 2011",YellowHouse L.L.C.,,
77585606,deadAbandoned,EPIGENESIS PHARMACEUTICALS EE,"Jun. 20, 2011","Epigenesis Pharmaceuticals, LLC",,
77586924,deadAbandoned,KIDS THINK BIG,"Jan. 20, 2011","Mitchell, Chris",,
77585749,REQUEST_FAILED,,,,,
77587230,deadAbandoned,THIS GREAT DAY,"Jan. 17, 2011",Valliere Enterprises LLC,,rovalliere@mac.com
77586007,REQUEST_FAILED,,,,,
77589529,deadAbandoned,LOVE.YOUR.SHOES.,"Dec. 26, 2011","Giacoppo, Barbara",,bg@materialvision.com
77588016,REQUEST_FAILED,,,,,
77588139,REQUEST_FAILED,,,,,
77588697,REQUEST_FAILED,,,,,
77589828,deadAbandoned,SHBOOTIE LOVE.YOUR.SHOES.,"Dec. 26, 2011","Giacoppo, Barbara",,bg@materialvision.com
77589824,REQUEST_FAILED,,,,,
77590391,REQUEST_FAILED,,,,,
77591724,deadAbandoned,MEDICTRAX360,"Mar. 14, 2011","Monster Medic, Inc.",,
77591932,REQUEST_FAILED,,,,,
77593475,REQUEST_FAILED,,,,,
77593597,REQUEST_FAILED,,,,,
77594277,deadAbandoned,DOGS TRUST,"May 02, 2011",Denega Peter A,,peter@denega.com
77595519,deadAbandoned,TOTAL TOURNAMENTS,"Jan. 24, 2011","TR-BIZ, L.L.C.",,
77594710,REQUEST_FAILED,,,,,
77595775,REQUEST_FAILED,,,,,
77596970,deadAbandoned,RIVERBANK ENERGY CENTER,"Jan. 17, 2011",Riverbank Power Corp.,,
77596583,deadAbandoned,IKS TECHNOLOGIES,"Feb. 22, 2011","IKS Technologies, Inc.",,drustad@ikskiosks.com
77596461,REQUEST_FAILED,,,,,
77597773,REQUEST_FAILED,,,,,
77597850,REQUEST_FAILED,,,,,
77600250,deadAbandoned,UNLIMITED,"Jan. 31, 2011","Yakira, LLC",,atarshis@iconixbrand.com
77599826,REQUEST_FAILED,,,,,
77600597,REQUEST_FAILED,,,,,
77601687,deadAbandoned,SAN FRANSICCO,"Sep. 20, 2011","Piveronas, Chris",,cpiveronas@yahoo.com
77600954,REQUEST_FAILED,,,,,
77602405,deadAbandoned,GREEN EYES BY PROJECT EYEWEAR,"Jul. 18, 2011",TBAC Investment Trust,,bellaipguru@yahoo.com
77601674,REQUEST_FAILED,,,,,
77602041,deadAbandoned,DIET FATIGUE SYNDROME,"Aug. 05, 2011",InovoBiologic Inc.,,rzhang@inovobiologic.com
77603400,deadAbandoned,BEEHIVE MORTGAGE,"Jan. 10, 2011",Beehive Credit Union,,
77603467,deadAbandoned,MTTM,"Jul. 11, 2011",LCM PRODUCTIONS INC.,,
77602934,REQUEST_FAILED,,,,,
77603426,REQUEST_FAILED,,,,,
77605038,deadAbandoned,ISOREDI,"Jul. 25, 2011","Infection Control Specialties, LLC",,
77603621,deadAbandoned,DOWN 2 EARTH,"Jan. 06, 2011","Castelluccio, Colleen M",,cmurraycastelluccio@hotmail.com
77605049,REQUEST_FAILED,,,,,
77605951,deadAbandoned,MUST HAVES BY PROJECT EYEWEAR,"Jul. 11, 2011","TANDY BRANDS ACCESSORIES, INC.",,bellaipguru@yahoo.com
77605537,REQUEST_FAILED,,,,,
77606008,deadAbandoned,ASKFITNESS,"Jan. 24, 2011","jamison,derek",,askfitness@gmail.com
77607358,deadAbandoned,WORLDPRODUCTS,"Mar. 01, 2011",963202 ONTARIO LIMITED,,
77607790,deadAbandoned,MOST OFFICIAL BABY,"Jul. 05, 2011",LCM PRODUCTIONS INC.,,
77607571,REQUEST_FAILED,,,,,
77608476,deadAbandoned,MY CHARADER,"Mar. 07, 2011",IMAGINATION HOLDINGS PTY LTD,,hostmaster@imagination.com.au
77607542,REQUEST_FAILED,,,,,
77608464,REQUEST_FAILED,,,,,
77608968,REQUEST_FAILED,,,,,
77609132,REQUEST_FAILED,,,,,
77610333,deadAbandoned,NEWEALTH,"Jun. 06, 2011","Larry, Detrick",,onewealth74@yahoo.com
77610611,deadAbandoned,CUMMINS CIDER,"May 20, 2011","Cummins, Matthew J.",,cumminsmj@yahoo.com
77610660,deadAbandoned,HAVE A HAPPY CHRISTMAS-IF APPLICABLE!,"Mar. 10, 2011","Zirak , Kaiser Simab",,kzirak@yahoo.com
77610310,REQUEST_FAILED,,,,,
77610587,deadAbandoned,DOMINOES PUSSY,"Jan. 03, 2011","Dipalma, Thomas A Jr.",,njtd345@aol.com
77612290,deadAbandoned,MY AUTOBIOGRAPHY NOVELLA,"Jan. 17, 2011","Ehlert, Deborah L.",,d_ehlert@yahoo.com
77612077,REQUEST_FAILED,,,,,
77614256,deadAbandoned,ME SOLAR,"Jan. 31, 2011",TRINA SOLAR LIMITED,,info.info168@gmail.com
77614264,deadAbandoned,ME SOLAR,"Jan. 31, 2011",TRINA SOLAR LIMITED,,info.info168@gmail.com
77614269,deadAbandoned,ME SOLAR,"Jan. 31, 2011",TRINA SOLAR LIMITED,,info.info168@gmail.com
77614259,deadAbandoned,ME SOLAR,"Jan. 31, 2011",TRINA SOLAR LIMITED,,info.info168@gmail.com
77613671,REQUEST_FAILED,,,,,
77614727,deadAbandoned,REALITY BRIDGE,"Aug. 15, 2011","Realitybridge, Inc.",,
77614427,REQUEST_FAILED,,,,,
77615451,deadAbandoned,THE PARKING CLUB,"Jun. 27, 2011","Guzzone, Nicholas",,
77614789,REQUEST_FAILED,,,,,
77615255,REQUEST_FAILED,,,,,
77615758,REQUEST_FAILED,,,,,
77616196,REQUEST_FAILED,,,,,
77618147,deadAbandoned,HOMESCHOOLING GOD'S WAY WITHOUT APOLOGY OR REGRET,"Aug. 22, 2011","Showell, La-Trease Danielle",,showell88@comcast.net
77617164,REQUEST_FAILED,,,,,
77618681,deadAbandoned,THE WEIGHT BACK,"Feb. 14, 2011","Capps, Brent D.",,
77618199,REQUEST_FAILED,,,,,
77618408,REQUEST_FAILED,,,,,
77619234,deadAbandoned,EGA,"Jan. 14, 2011",AMEGA GLOBAL LLC,,la03@netvigator.com
77619450,REQUEST_FAILED,,,,,
77619528,REQUEST_FAILED,,,,,
77620704,deadAbandoned,THE INTERNATIONAL WILDLIFE CONSERVATION & RESEARCH ORGANIZATION (IWCRO),"Sep. 12, 2011","Buckley-Beason, Valerie A",,valeriebeason@yahoo.com
77619889,REQUEST_FAILED,,,,,
77622177,deadAbandoned,WOWOYO,"Oct. 03, 2011","Fischer, Heinz",,fischerhp@bluewin.ch
77620502,REQUEST_FAILED,,,,,
77623014,deadAbandoned,SCALESERVERS,"Jan. 31, 2011","Walker, Chris D",,chrisw@enumgroup.com
77621520,REQUEST_FAILED,,,,,
77622320,REQUEST_FAILED,,,,,
77625133,deadAbandoned,DESTINED 2 PRAIZE,"Feb. 18, 2011",Destined 2 Praize,,info@destined2praize.com
77624316,deadAbandoned,YOGI-BUILT,"Mar. 08, 2011",YOGAEARTH GROUP LLC,,
77625170,deadAbandoned,EPOSTULO,"Jun. 03, 2011","POSTULO, Inc.",,
77625034,REQUEST_FAILED,,,,,
77625721,REQUEST_FAILED,,,,,
77625923,REQUEST_FAILED,,,,,
77626329,REQUEST_FAILED,,,,,
77626924,deadAbandoned,CURBSIDE,"Feb. 07, 2011","Sportworks Northwest, Inc.",,miker@sportworks.com
77626620,REQUEST_FAILED,,,,,
77628114,deadAbandoned,PRIORITIZE!,"Jul. 11, 2011","CALHOON ENTERPRISES, INC.",,
77627256,REQUEST_FAILED,,,,,
77628600,deadAbandoned,GREEN LIBERATION BRAND,"Mar. 16, 2011","Chastain, Anne",,Anne_Chastain@msn.com
77628120,REQUEST_FAILED,,,,,
77629075,REQUEST_FAILED,,,,,
77630815,deadAbandoned,NAKED BEAUTY SECRETS,"Apr. 25, 2011","Tiedemann, Carlene A.",,nbsecrets@aol.com
77630463,REQUEST_FAILED,,,,,
77630594,REQUEST_FAILED,,,,,
77631946,deadAbandoned,WABESABÉ,"Feb. 07, 2011",WASABE BEVERAGES INC,,jim@wasabeworld.com
77632411,deadAbandoned,SUNCATCHER,"Dec. 19, 2011","Stirling Energy Systems, Inc.",,
77632528,deadAbandoned,CRUSH!,"Oct. 12, 2011","DISCOVERY BAY GAMES, INC",,
77632224,REQUEST_FAILED,,,,,
77634466,deadAbandoned,THANKS FOR THE MONEY DUMMY,"Jul. 19, 2011","Riling, Cyndi L.",,munchieriling@sbcglobal.net
77633075,REQUEST_FAILED,,,,,
77633883,REQUEST_FAILED,,,,,
77635001,deadAbandoned,AMERICA VOICE,"Mar. 03, 2011","America Voice, LLC",,diana@americavoice.com
77635631,deadAbandoned,HOME&DRY,"Jul. 05, 2011","RECASENS PARES, JAIME",,
77634564,REQUEST_FAILED,,,,,
77635422,REQUEST_FAILED,,,,,
77636782,deadAbandoned,FIDEX,"Jan. 31, 2011","Even Holdings, Inc.",,
77635803,REQUEST_FAILED,,,,,
77637498,deadAbandoned,PLANSTORE,"Feb. 23, 2011",FITANGO INCORPORATED,,jonlutzky@gmail.com
77637026,REQUEST_FAILED,,,,,
77637502,REQUEST_FAILED,,,,,
77637576,REQUEST_FAILED,,,,,
77639021,deadAbandoned,APM,"Nov. 18, 2011",MADGAL GLIL-YAM,,
77639835,deadAbandoned,LIVECLIQ,"Mar. 23, 2011",LiveCLIQ Inc.,,
77639517,REQUEST_FAILED,,,,,
77640662,deadAbandoned,OSMOS,"Oct. 31, 2011","Organic Smoke, Inc.",,jalexanderwarren@gmail.com
77641047,deadAbandoned,THE KITCHEN ECONOMIST,"Jan. 03, 2011","FITZGERALD WILLIAMS, CARLA",,
77640302,REQUEST_FAILED,,,,,
77642320,deadAbandoned,EUREKANOMICS,"Apr. 13, 2011","Schulz, Evan K.",,evanschulz@eurekanomics.com
77642428,deadAbandoned,IPICO,"Mar. 28, 2011",MailVision Ltd.,,
77641045,REQUEST_FAILED,,,,,
77641824,deadAbandoned,FAIRCOLLABORATION,"Mar. 14, 2011",EBIZSERVE TECHNOLOGY LIMITED,,info.info168@gmail.com
77643061,deadAbandoned,EPOSTULO,"Jun. 03, 2011","POSTULO, Inc.",,
77642125,REQUEST_FAILED,,,,,
77643922,deadAbandoned,"GOD IS LIFE, LIFE IS GOOD","Jan. 10, 2011","Escobar, Jorge",,jorgeescobar7@gmail.com
77644510,deadAbandoned,ANERGY,"Apr. 04, 2011","ANERGY INTERNATIONAL CO., LTD.",,ycipo2@yc-patent.com
77642927,REQUEST_FAILED,,,,,
77643201,REQUEST_FAILED,,,,,
77645436,deadAbandoned,USSR,"Feb. 21, 2011","Trukhachev, Dmitry",,
77646225,deadAbandoned,DERMARINE,"Feb. 11, 2011","Kavanagh, Stephen",,info@fishoutofwater.ie
77646023,REQUEST_FAILED,,,,,
77646444,deadAbandoned,A LITTLE SEED,"Nov. 21, 2011","Cullinan, Michael J",,mike_cullinan@mentalpixel.com
77646053,REQUEST_FAILED,,,,,
77646813,REQUEST_FAILED,,,,,
77646903,REQUEST_FAILED,,,,,
77647360,deadAbandoned,FEDERAL RESERVE,"Feb. 21, 2011","Smith, Robert, A",,bsmith@victorybrands.us
77647891,deadAbandoned,RIDE TO HELL,"Mar. 07, 2011",KOCH Media GmbH,,s.baer@kochmedia.com
77648730,deadAbandoned,HYPERSHELTER,"Nov. 10, 2011","Regan, Michael P",,staroid@olypen.com
77647443,REQUEST_FAILED,,,,,
77647451,REQUEST_FAILED,,,,,
77649243,deadAbandoned,MANNASTREAM,"Feb. 28, 2011","MannaStream, LLC",,mannastream@gmail.com
77648853,REQUEST_FAILED,,,,,
77649011,REQUEST_FAILED,,,,,
77649882,deadAbandoned,CLIQZ,"Jul. 25, 2011",10betterpages GmbH,,jps@10betterpages.com
77649308,REQUEST_FAILED,,,,,
77649877,deadAbandoned,TIBETAN ROCKDOG,"Sep. 12, 2011","jun, zheng",,xiaohong.li@zypartners.com
77650150,deadAbandoned,R M.E.,"Jan. 17, 2011",IP HOLDINGS UNLTD LLC,,atarshis@iconixbrand.com
77650089,REQUEST_FAILED,,,,,
77650138,REQUEST_FAILED,,,,,
77650145,REQUEST_FAILED,,,,,
77651678,deadAbandoned,H.HUMBLE H,"Jul. 01, 2011","DomPierre, Luckner",,jdonpierre@yahoo.com
77651085,REQUEST_FAILED,,,,,
77651815,deadAbandoned,FRESH SAMANTHA,"May 16, 2011",RETRIEVER BRANDS LLC,,RETRIEVERBRANDS@COMCAST.NET
77651808,REQUEST_FAILED,,,,,
77652347,deadAbandoned,TIBETAN ROCKDOG,"Sep. 12, 2011","jun, zheng",,xiaohong.li@zypartners.com
77652517,deadAbandoned,EMOBILITY,"Mar. 23, 2011","Mobility Innovation, Inc.",,j.wober@mobility-stores.com
77652711,deadAbandoned,WRANGLER,"Aug. 29, 2011",Wrangler Apparel Corp.,,Helen_Winslow@vfc.com
77652312,REQUEST_FAILED,,,,,
77652418,REQUEST_FAILED,,,,,
77653169,deadAbandoned,HTC MAGIC,"Oct. 31, 2011",HTC CORPORATION,,kathy.callahan@bracewell.com
77652614,REQUEST_FAILED,,,,,
77652758,REQUEST_FAILED,,,,,
77654027,REQUEST_FAILED,,,,,
77655505,deadAbandoned,BODY FROM HEAVEN,"Feb. 15, 2011","Guarino, Marc",,marcguarino1@yahoo.com
77655459,deadAbandoned,BLACK IS GREEN,"Mar. 07, 2011",Endeavor Chemical Corp.,,gustavo.hernandez@endeavorchemical.com
77654848,REQUEST_FAILED,,,,,
77655808,deadAbandoned,YOUR PORTAL TO THE WORLD,"Apr. 13, 2011","Travel Document Systems, Inc.",,maureen@traveldocs.com
77655211,REQUEST_FAILED,,,,,
77655777,deadAbandoned,BETTER LIFE,"Jul. 05, 2011",Better Life Brands International Inc.,,
77655877,REQUEST_FAILED,,,,,
77657665,deadAbandoned,ZIPCODEMEDS,"May 31, 2011",BinghamShore Corp,,publicrelations@binghamshore.com
77656469,REQUEST_FAILED,,,,,
77657423,REQUEST_FAILED,,,,,
77657667,REQUEST_FAILED,,,,,
77658680,deadAbandoned,REBOOT ECONOMY,"Jan. 10, 2011","541 Enterprises, Inc",,JEFF@KLAMATH.NET
77658668,deadAbandoned,MY PERSONAL ACADEMIC PLAN,"Feb. 21, 2011",SHW Enterprises LLC,,
77657903,deadAbandoned,PAPA POLLO,"Mar. 07, 2011","EL CHILE, INC.",,cramirez@uribeyasociados.com
77659191,deadAbandoned,DON'T STRESS...GET NUMB.,"Aug. 29, 2011","MALAVA Beverages, LLC",,ray@malavabeverages.com
77658231,REQUEST_FAILED,,,,,
77658517,REQUEST_FAILED,,,,,
77658996,REQUEST_FAILED,,,,,
77659633,REQUEST_FAILED,,,,,
77660152,deadAbandoned,FIREWATER SORE THROAT RELIEF,"Dec. 12, 2011","Inguanzo, Xavier",,Firewater@radioxla.com
77660183,deadAbandoned,FIGHT FIRE WITH FIRE,"Sep. 19, 2011","Inguanzo, Xavier",,Firewater@radioxla.com
77659852,REQUEST_FAILED,,,,,
77660464,REQUEST_FAILED,,,,,
77660763,REQUEST_FAILED,,,,,
77660768,REQUEST_FAILED,,,,,
77661797,deadAbandoned,SCRUB-A-DUB DOG,"Oct. 31, 2011",Joan Morell Enterprises,,joanmorell1@gmail.com
77661684,REQUEST_FAILED,,,,,
77662947,deadAbandoned,CROSS CURRENT,"Mar. 21, 2011",Rachelle Miller,,rachelle@visionproductions.net
77663302,deadAbandoned,LUVDOG,"Apr. 16, 2011",Cheryl Lynn Ingberg,,ingbergcl@aol.com
77662832,deadAbandoned,DELO-MONOPOX,"Feb. 22, 2011",DELO Industrial Adhesives LLC,,Stephan.Tremmel@DELO.us
77662822,REQUEST_FAILED,,,,,
77662862,REQUEST_FAILED,,,,,
77663618,REQUEST_FAILED,,,,,
77665005,deadAbandoned,MALIBU PORTABLE POOLS,"Mar. 23, 2011",Quick Pools 4 Less,,info@legacypoolsusa.com
77665166,REQUEST_FAILED,,,,,
77665773,REQUEST_FAILED,,,,,
77667020,deadAbandoned,DIVASOLO,"Apr. 04, 2011","Front Porch Digital, Inc.",,
77667025,deadAbandoned,DIVANALYZE,"Mar. 21, 2011","Front Porch Digital, Inc.",,
77666570,REQUEST_FAILED,,,,,
77667121,REQUEST_FAILED,,,,,
77668674,deadAbandoned,M MILENIUM GRUPO HOTELERO MEXICANO,"Feb. 07, 2011","INVERSIONES Y VALORES MILENIUM, S.A. DE C.V.",,david.martinez@hotelesmilenium.com
77668635,REQUEST_FAILED,,,,,
77668720,REQUEST_FAILED,,,,,
77669001,deadAbandoned,SMASHCUT,"Apr. 04, 2011","SmashCut, Inc.",,
77668963,REQUEST_FAILED,,,,,
77670852,deadAbandoned,OLIVE NUTRIENT THERAPY,"Oct. 24, 2011","Farouk Systems, Inc.",,
77670879,deadAbandoned,INFRATECH BY CHI IT,"Nov. 14, 2011","Farouk Systems, Inc.",,
77669911,REQUEST_FAILED,,,,,
77670042,REQUEST_FAILED,,,,,
77671554,deadAbandoned,FREEHAND,"Apr. 04, 2011","Moore, Anthony Louis",,craig@marlboroughvintners.co.nz
77670925,REQUEST_FAILED,,,,,
77671217,deadAbandoned,C&L RECORDS,"May 17, 2011","STEWART, LAILA JOHNSON",,laila@cfl.rr.com
77671181,REQUEST_FAILED,,,,,
77672538,deadAbandoned,CLOUDCLINIC,"Apr. 11, 2011",Oxford Diagnostics Ltd,,michael.oneill@btinternet.com
77671584,REQUEST_FAILED,,,,,
77673084,deadAbandoned,FREEHAND,"Jul. 28, 2011","FREEHANDMUSIC.COM, INC.",,
77672809,REQUEST_FAILED,,,,,
77673370,REQUEST_FAILED,,,,,
77674354,deadAbandoned,D-EASEUS,"Mar. 28, 2011","CHENGDU YIWO Tech Development Co., Ltd",,szcindy2000@yahoo.com.cn
77674904,REQUEST_FAILED,,,,,
77676577,deadAbandoned,BRYTUN,"Apr. 18, 2011","Shanghai Rainbow jade illuminant Technology Co., Ltd.",,edwardpan@hotmail.com
77675440,REQUEST_FAILED,,,,,
77676154,REQUEST_FAILED,,,,,
77676670,REQUEST_FAILED,,,,,
77676849,REQUEST_FAILED,,,,,
77676809,REQUEST_FAILED,,,,,
77676922,REQUEST_FAILED,,,,,
77676947,REQUEST_FAILED,,,,,
77676996,REQUEST_FAILED,,,,,
77677061,REQUEST_FAILED,,,,,
77677285,REQUEST_FAILED,,,,,
77677177,REQUEST_FAILED,,,,,
77677356,REQUEST_FAILED,,,,,
77677448,REQUEST_FAILED,,,,,
77677624,REQUEST_FAILED,,,,,
77678348,REQUEST_FAILED,,,,,
77679447,deadAbandoned,FAITH AND LACE,"Nov. 23, 2011","Caffey, Judy",,webmaster@thecomputerfriend.net
77678916,deadAbandoned,CLASSY LADIES S.C. CALIFORNIA,"Dec. 29, 2011",Classy Ladies SC,,cjgwalton@gmail.com
77680796,deadAbandoned,"SOUND SPARK PRODUCTIONS, LLC MERGING ARTISTRY AND TECHNOLOGY FOR EXCEPTIONAL AUDIO SUPPORT","Jan. 10, 2011",Sound Spark Productions,,mjones@soundsparkproductions.com
77680967,deadAbandoned,HIJINX,"Jun. 20, 2011","Allan, Jonathan A.",,jonathan.allan@me.com
77680713,REQUEST_FAILED,,,,,
77681255,deadAbandoned,MY ARTISTIC FREEDOM ARTIST MANAGEMENT,"Jan. 03, 2011","Madera, Madeline",,inactivedncte@gmail.com
77681426,deadAbandoned,TOASTAMESH,"Apr. 25, 2011",Planit Products Limited,,mgv@onepercentstudio.com
77681467,REQUEST_FAILED,,,,,
77681450,REQUEST_FAILED,,,,,
77681481,REQUEST_FAILED,,,,,
77682564,deadAbandoned,SANDI GLOW,"Feb. 17, 2011","Stolmeier, Patrick J",,Patrick@Stolmeierlaw.com
77682768,deadAbandoned,SENDIT,"Aug. 15, 2011",SENDIT,,
77681892,REQUEST_FAILED,,,,,
77682246,REQUEST_FAILED,,,,,
77683334,deadAbandoned,ANDRON,"Apr. 25, 2011",CGE Enterprises LLC,,jhastings@vermontcountrystore.com
77683865,REQUEST_FAILED,,,,,
77685044,deadAbandoned,OFFICIAL COINED PHRASE,"Oct. 03, 2011",Home Run Consultants,,hit401@yahoo.com
77685484,deadAbandoned,RC,"Sep. 06, 2011",AIRSOFT AMERICA INC,,
77686034,deadAbandoned,TAKTIKAL MEDIA,"Aug. 12, 2011","McMickle, Ryan M",,McMoneyLLC@gmail.com
77685597,REQUEST_FAILED,,,,,
77686031,REQUEST_FAILED,,,,,
77686418,deadAbandoned,U TURN AROUND U,"Jun. 27, 2011",SISU CONSULTING GROUP,,mikem@sisucg.com
77686792,deadAbandoned,MRCI MAGIC RELIABLE COACHING INSTITUTE S.C.,"Sep. 06, 2011",CECILIA PEREZ CANO,,masmarcas@masmarcas.com
77686138,REQUEST_FAILED,,,,,
77686325,REQUEST_FAILED,,,,,
77686808,deadAbandoned,ROCKBUS,"Feb. 03, 2011",Rockbus LLC,,willm@rockbus.net
77687341,deadAbandoned,WHIZFLIX,"Aug. 08, 2011","WhizFlix, LLC",,mdredmond@gmail.com
77686938,REQUEST_FAILED,,,,,
77687751,deadAbandoned,KNOCKOUT ZONE,"Mar. 16, 2011",Knockout Zone Inc,,Diegodevera@hotmail.com
77687163,REQUEST_FAILED,,,,,
77687169,REQUEST_FAILED,,,,,
77688179,deadAbandoned,EARTHVIEW,"Nov. 07, 2011","Green Living For Me, LLC",,
77688159,REQUEST_FAILED,,,,,
77689039,REQUEST_FAILED,,,,,
77688928,REQUEST_FAILED,,,,,
77689247,REQUEST_FAILED,,,,,
77689449,REQUEST_FAILED,,,,,
77689540,REQUEST_FAILED,,,,,
77690132,REQUEST_FAILED,,,,,
77691117,REQUEST_FAILED,,,,,
77691259,REQUEST_FAILED,,,,,
77691351,REQUEST_FAILED,,,,,
77692364,deadAbandoned,None,"Feb. 23, 2011","SHANGHAI GIANT NETWORK TECHNOLOGY CO., LTD.",,info.info168@gmail.com
77692360,deadAbandoned,None,"Feb. 23, 2011","SHANGHAI GIANT NETWORK TECHNOLOGY CO., LTD.",,info.info168@gmail.com
77692060,REQUEST_FAILED,,,,,
77692370,deadAbandoned,None,"Feb. 23, 2011","SHANGHAI GIANT NETWORK TECHNOLOGY CO., LTD.",,info.info168@gmail.com
77692292,REQUEST_FAILED,,,,,
77692313,REQUEST_FAILED,,,,,
77693328,deadAbandoned,SCALE MAIL,"May 16, 2011","Walker, Chris D",,cwalker@scaleservers.com
77693334,deadAbandoned,SCALE SITE,"May 16, 2011","Walker, Chris D",,cwalker@scaleservers.com
77693337,deadAbandoned,SCALE FILES,"May 16, 2011","Walker, Chris D",,cwalker@scaleservers.com
77692971,REQUEST_FAILED,,,,,
77693276,REQUEST_FAILED,,,,,
77693834,deadAbandoned,LOOK & SEA,"Jan. 31, 2011","Dray, Antoine",,antoinedray@free.fr
77693986,deadAbandoned,COOL MICER,"Jun. 20, 2011","Gee, Ade J",,snkrfrk3r@aol.com
77693893,deadAbandoned,MENTAL WORLD,"Sep. 05, 2011",MENTAL IMAGES GMBH,,
77693995,deadAbandoned,RELEAF CADDY,"Feb. 28, 2011","Essential Innovations, LLC",,toso14@gmail.com
77693439,REQUEST_FAILED,,,,,
77694405,deadAbandoned,CHARON SOFTWARE,"May 16, 2011","Walker, Chris D",,cwalker@charonsoftware.com
77693855,REQUEST_FAILED,,,,,
77694636,deadAbandoned,BLIND CAT BREWERY,"Nov. 14, 2011","Blind Cat Brewery, LLC",,jalpaca@blindcatbrewery.com
77694691,deadAbandoned,QUBE,"Feb. 18, 2011",PUBCOMPANY s.r.l.,,BWPTOTM@bannerwitcoff.com
77694703,REQUEST_FAILED,,,,,
77694997,REQUEST_FAILED,,,,,
77695595,deadAbandoned,ADVENT JUDAISM,"Jun. 27, 2011","Montgomery, Steven Lee",,smontgom@hotmail.com
77695850,REQUEST_FAILED,,,,,
77695932,REQUEST_FAILED,,,,,
77696489,deadAbandoned,M MINDFUL STONE,"Mar. 21, 2011","Mindful Stone, LLC",,jasonli7@gmail.com
77696836,deadAbandoned,FOR THE BEST YOU,"Jan. 24, 2011","Lucas, Eric",,nstewart@tradename.com
77696693,REQUEST_FAILED,,,,,
77697163,REQUEST_FAILED,,,,,
77697686,deadAbandoned,HEAD START ALLIANCE,"Jan. 11, 2011",Region IV Head Start Association,,mingram@RIVHSA.org
77697626,deadAbandoned,DIVINGDOG HOTDOGS,"Jul. 20, 2011","Rafter, John",,oliasrafter@gmail.com
77697870,deadAbandoned,NOR NY,"Jan. 03, 2011","Cassisi, Michael M.",,michaelmcassisi@gmail.com
77697630,REQUEST_FAILED,,,,,
77698575,deadAbandoned,DRUNK STAR,"Apr. 28, 2011","Private Enterprise ""INVOGUE""",,dportna@gmail.com
77699196,deadAbandoned,NX,"May 23, 2011","FTEN, Inc.",,
77699149,deadAbandoned,GATEWAYXPRESS,"May 23, 2011","FTEN, Inc.",,
77699266,deadAbandoned,COLOR PRODIGY,"Jan. 03, 2011",WHITE SANDS HAIR CARE INC.,,
77698473,REQUEST_FAILED,,,,,
77698580,REQUEST_FAILED,,,,,
77699333,deadAbandoned,MOVIDILO,"Oct. 17, 2011","YDILO ADVANCED VOICE SOLUTIONS, S.A.",,ip@agladial.com
77699202,deadAbandoned,NAKEDXPRESS,"May 23, 2011","FTEN, Inc.",,
77699173,REQUEST_FAILED,,,,,
77699359,deadAbandoned,NAKEDXCHANGE,"May 23, 2011","FTEN, Inc.",,
77699339,deadAbandoned,NAKED RISK,"May 23, 2011","FTEN, Inc.",,
77700262,deadAbandoned,LIFE IONIZERS EMPOWERED WATER PUT THE LIFE BACK IN YOUR WATER!,"Jan. 13, 2011","Cabados, Rick H.",,
77700271,deadAbandoned,NAKED ACCESS,"May 23, 2011","FTEN, Inc.",,
77699750,REQUEST_FAILED,,,,,
77699649,REQUEST_FAILED,,,,,
77700952,deadAbandoned,None,"Nov. 07, 2011","201 W. Longhorn, LLC",,lashby@glo-crazy.com
77699780,REQUEST_FAILED,,,,,
77701461,deadAbandoned,CARGO SPORT GLOVES,"Jun. 06, 2011","JanSan Enterprises, LLC",,
77701771,deadAbandoned,LINETUNER,"Mar. 18, 2011","Intel Automation, LLC",,gvillalobos@me.com
77702444,deadAbandoned,KEITH KEITH,"Dec. 01, 2011","Keith Designs, LLC",,keith@keithclothing.com
77701559,REQUEST_FAILED,,,,,
77702314,deadAbandoned,LOGIC,"Dec. 19, 2011","LogicWireless.com, LLC",,
77702713,deadAbandoned,BOCTAGON,"Oct. 24, 2011","Spitz, David",,spitz_david@yahoo.com
77702343,REQUEST_FAILED,,,,,
77702697,REQUEST_FAILED,,,,,
77703046,REQUEST_FAILED,,,,,
77703621,deadAbandoned,HOLLANDER & LEXER,"Apr. 13, 2011","358 Atlantic Avenue, LLC",,
77703950,deadAbandoned,HOLLANDER & LEXER,"Apr. 13, 2011","358 Atlantic Avenue, LLC",,
77703535,REQUEST_FAILED,,,,,
77703605,REQUEST_FAILED,,,,,
77703941,REQUEST_FAILED,,,,,
77705124,deadAbandoned,FORTUNE COOKIE (UK) LIMITED,"May 17, 2011",Fortune Cookie (UK) Limited,,reception@fortunecookie.co.uk
77706154,deadAbandoned,SHINY SUCKERS,"May 30, 2011","Robinson, Shana",,tropicroots@gmail.com
77705864,deadAbandoned,IRRESISTIBLE HANDBAGS,"Jan. 25, 2011","Thorpe, Wendie M",,wthorpe@charter.net
77705744,deadAbandoned,"HEALER BRAND JEANS, REVIVE YOUR LOWER HALF","Feb. 08, 2011","Stokes, Jason L",,jason.stokes@healerbrandjeans.com
77706231,REQUEST_FAILED,,,,,
77706745,deadAbandoned,IT'S TEA TIME,"Jun. 27, 2011",Serenity Living LLC,,
77706761,deadAbandoned,WORKING CAMPUS,"Jan. 10, 2011","Working Campus, Inc.",,
77706380,REQUEST_FAILED,,,,,
77706972,deadAbandoned,CHI CENTRIC,"Nov. 28, 2011","Farouk Systems, Inc.",,
77706974,deadAbandoned,CHI CENTRIC,"Nov. 28, 2011","Farouk Systems, Inc.",,
77706877,REQUEST_FAILED,,,,,
77706890,REQUEST_FAILED,,,,,
77707503,deadAbandoned,INOVOBIO,"Jul. 01, 2011",InovoBiologic Inc.,,rzhang@inovobiologic.com
77707517,REQUEST_FAILED,,,,,
77708359,deadAbandoned,GREEN LIBERATION MEDIA,"May 18, 2011","Chastain, Anne",,Anne_Chastain@msn.com
77708080,REQUEST_FAILED,,,,,
77708468,REQUEST_FAILED,,,,,
77709302,deadAbandoned,APRICOT,"May 09, 2011",Apricot Computers Ltd,,j.clairet@apricotcomputers.com
77710083,deadAbandoned,NTRX,"Feb. 21, 2011","FTEN, Inc,",,
77710078,deadAbandoned,PEPTIDOSOME,"Aug. 09, 2011","Bhatnagar, Mary E.",,bethbh@comcast.net
77709699,REQUEST_FAILED,,,,,
77709821,REQUEST_FAILED,,,,,
77709955,deadAbandoned,BELLE MARIE COSMETICS,"May 23, 2011","Marin, Shirley",,sabrightstar02@prodigy.net
77710092,deadAbandoned,NTRM,"May 23, 2011","FTEN, Inc.",,
77709831,REQUEST_FAILED,,,,,
77710099,deadAbandoned,NTRC,"May 23, 2011","FTEN, Inc.",,
77710225,deadAbandoned,GELOOF,"Jun. 20, 2011",Geloof,,geloofgroup@gmail.com
77711175,deadAbandoned,None,"Nov. 07, 2011","201 W. Longhorn, LLC",,mwallace@pitplaw.com
77710480,deadAbandoned,SAPI,"Jan. 11, 2011",DAVIDYAN SHARET,,aschwartz@schwartzip.com
77711182,deadAbandoned,None,"Nov. 07, 2011","201 W. Longhorn, LLC",,lashby@glo-crazy.com
77711227,REQUEST_FAILED,,,,,
77711415,REQUEST_FAILED,,,,,
77711978,deadAbandoned,EBUBBLE,"Aug. 02, 2011",Jan Ostermann,,jan.ostermann@gmail.com
77713311,deadAbandoned,INSURITY,"May 16, 2011",LexisNexis Risk Solutions Inc.,,jacqueline.gregorski@lexisnexis.com
77712300,REQUEST_FAILED,,,,,
77712679,REQUEST_FAILED,,,,,
77713883,deadAbandoned,TESSERA SOLAR,"Dec. 05, 2011","Tessera Solar North America, Inc.",,
77713889,deadAbandoned,POWER FROM STIRLING ENERGY SYSTEMS,"Jun. 13, 2011","Tessera Solar North America, Inc.",,
77713908,deadAbandoned,None,"Jun. 13, 2011","Tessera Solar North America, Inc.",,
77713166,REQUEST_FAILED,,,,,
77713446,REQUEST_FAILED,,,,,
77714321,REQUEST_FAILED,,,,,
77715288,deadAbandoned,SAUCE MELTS,"Dec. 19, 2011","Dockside Foods, LLC",,troys@bagelmania.com
77715366,REQUEST_FAILED,,,,,
77715434,REQUEST_FAILED,,,,,
77715785,REQUEST_FAILED,,,,,
77716193,REQUEST_FAILED,,,,,
77717456,deadAbandoned,SOYMEXICO,"Jul. 25, 2011","FUNDACION SOY MEXICO, A.C.",,cthomae@jcva.com.mx
77716974,REQUEST_FAILED,,,,,
77717002,REQUEST_FAILED,,,,,
77718122,deadAbandoned,21ST CENTURY APPRAISAL & VALUATION SERVICES,"Jan. 24, 2011",21st Century Appraisal & Valuation Services,,orders@21cavs.com
77718154,deadAbandoned,HEALTHY FOUR LIFE,"Mar. 15, 2011","Moyad, Thomas F.",,dayomt@yahoo.com
77718686,deadAbandoned,C FOR A,"May 16, 2011","The Concerts for America Foundation, Inc.",,
77718703,deadAbandoned,CONCERTS FOR AMERICA,"May 23, 2011","The Concerts for America Foundation, Inc.",,
77718668,deadAbandoned,C4A,"May 16, 2011","The Concerts for America Foundation, Inc.",,
77718159,REQUEST_FAILED,,,,,
77718704,REQUEST_FAILED,,,,,
77719573,deadAbandoned,SNUGGABUNCH,"Dec. 26, 2011",Michael Fink,,mick2120a@aol.com
77719160,REQUEST_FAILED,,,,,
77719943,deadAbandoned,RED CILANTRO C FINE MEXICAN FOOD,"Apr. 07, 2011",Red Cilantro,,enrrique3@hotmail.com
77719719,REQUEST_FAILED,,,,,
77720231,deadAbandoned,SMI,"Jun. 20, 2011",Starch Medical Inc.,,jane@starchmedical.com
77720082,REQUEST_FAILED,,,,,
77721265,deadAbandoned,FLASH SAFETY,"Dec. 12, 2011","Clearview Patient Safety Technologies, LLC",,
77720702,REQUEST_FAILED,,,,,
77721125,REQUEST_FAILED,,,,,
77720636,REQUEST_FAILED,,,,,
77721984,deadAbandoned,"PROMOTING LOVE, HONESTY AND INTEGRITY TO THE WORLD!","Jul. 18, 2011","Humongous Infinity, LLC",,
77722203,deadAbandoned,FEEL FREE,"May 10, 2011",Sauber Amerikan Corp.,,
77722439,deadAbandoned,AMERICA DRY,"Nov. 21, 2011","Orihuela, Cristian",,
77722359,REQUEST_FAILED,,,,,
77722980,REQUEST_FAILED,,,,,
77723279,REQUEST_FAILED,,,,,
77723462,REQUEST_FAILED,,,,,
77723511,REQUEST_FAILED,,,,,
77724275,REQUEST_FAILED,,,,,
77724573,REQUEST_FAILED,,,,,
77725472,deadAbandoned,JIM WELL MUSIC,"Oct. 24, 2011","Caldwell, James L.",,JimWellMusic@gmail.com
77725079,deadAbandoned,DELLEC,"Oct. 10, 2011","Aspen MLT, Inc.",,
77724708,REQUEST_FAILED,,,,,
77725640,deadAbandoned,BELLYBUTTON TOYS,"Feb. 14, 2011",BBTIP PTY LTD,,michelle@bigdreamsgroup.com
77724945,REQUEST_FAILED,,,,,
77725718,deadAbandoned,PARACOL,"Jan. 03, 2011",The Paracol Company,,hazoury@gmail.com
77725648,deadAbandoned,TASTY THAI,"Mar. 25, 2011",Tasty Thai International Ltd,,gunnar.sjobeck@tastythai.com
77725177,REQUEST_FAILED,,,,,
77725942,deadAbandoned,SHOOT. EDIT. SCORE.,"Jan. 03, 2011","RCD Media, Inc.",,rick@rcdmedia.com
77725652,REQUEST_FAILED,,,,,
77725943,deadAbandoned,OPENSEED,"Feb. 14, 2011","Dong, Yifei",,yifei.dong@gmail.com
77725886,REQUEST_FAILED,,,,,
77725846,REQUEST_FAILED,,,,,
77726266,deadAbandoned,ILUMII,"Aug. 24, 2011",Clickbox Software Inc.,,lecours@lecourslessard.com
77726396,deadAbandoned,None,"Jan. 17, 2011","Electric Visual Evolution, LLC",,
77726003,REQUEST_FAILED,,,,,
77726020,REQUEST_FAILED,,,,,
77726057,REQUEST_FAILED,,,,,
77726655,deadAbandoned,THE ELECTRIC FEELGOOD,"Jul. 05, 2011","LaenSalocin, LLC",,laensalocinllc@gmail.com
77726661,REQUEST_FAILED,,,,,
77727384,REQUEST_FAILED,,,,,
77728287,deadAbandoned,EXECUTIVE ASSISTANT,"May 09, 2011","Aspen MLT, Inc.",,
77728316,deadAbandoned,VERTIGO,"Apr. 11, 2011",VERTIGO DIGITAL DISPLAYS INC.,,
77728366,deadAbandoned,VERTIGO,"Apr. 11, 2011",VERTIGO DIGITAL DISPLAYS INC.,,
77728093,REQUEST_FAILED,,,,,
77728210,REQUEST_FAILED,,,,,
77728314,REQUEST_FAILED,,,,,
77728847,deadAbandoned,PIADA,"Mar. 22, 2011",Piada Beachwear LLC,,jill@wearpiada.com
77728802,REQUEST_FAILED,,,,,
77729160,REQUEST_FAILED,,,,,
77729949,deadAbandoned,SON OF SAM ENTERTAINMENT,"May 05, 2011","O'NEAL, SAMUEL L.",,samoneal@verizon.net
77729340,REQUEST_FAILED,,,,,
77729962,deadAbandoned,SNEEZEX,"Jul. 25, 2011","Marx, Gustav David",,dmarx@centralmachinery.ca
77729436,REQUEST_FAILED,,,,,
77729482,REQUEST_FAILED,,,,,
77730569,deadAbandoned,MOVE PEOPLE,"Oct. 03, 2011","Mind Authority, Inc.",,jefortin@gmail.com
77731114,deadAbandoned,LIFE SAFE PRODUCTS,"Jan. 17, 2011",Charles J. Haugh,,charleshaugh@aol.com
77731307,deadAbandoned,VX INSITE,"May 23, 2011","FTEN, Inc.",,
77731317,deadAbandoned,VX INSIGHT,"May 23, 2011","FTEN, Inc.",,
77731329,deadAbandoned,ICONOCLASTTT,"Jan. 10, 2011","Petro, Anthony M.",,tony.petro@pobox.com
77731758,deadAbandoned,P3 FUSION,"Dec. 26, 2011","Provia Door, Inc.",,
77731427,deadAbandoned,CIR KIS,"Jan. 17, 2011",Winning Moves Inc.,,pecci@winning-moves.com
77731371,deadAbandoned,FAST & LOOSE,"Jan. 10, 2011","Samson, Ben S",,bensamson@earthlink.net
77731392,REQUEST_FAILED,,,,,
77732112,deadAbandoned,CHEESES CRUST,"Jan. 10, 2011",David Webster,,thacaptain@hotmail.com
77732679,deadAbandoned,MINDFUL SOLUTIONS,"Apr. 25, 2011","Engberg, J. Erik",,erik.engberg@yahoo.com
77732232,REQUEST_FAILED,,,,,
77732392,REQUEST_FAILED,,,,,
77732592,REQUEST_FAILED,,,,,
77732879,REQUEST_FAILED,,,,,
77733022,deadAbandoned,KOGI,"Jul. 19, 2011","BF PROPERTIES, LLC",,
77733017,deadAbandoned,CALBI,"Aug. 22, 2011","FRESH ENTERPRISES, INC.",,
77733362,deadAbandoned,ITE,"Jun. 30, 2011","Li, XiaoYan",,kanho_99@yahoo.com
77733141,REQUEST_FAILED,,,,,
77733361,REQUEST_FAILED,,,,,
77733390,deadAbandoned,DOGGIEJAMA,"Feb. 12, 2011",Rendek Eva,,caninecomfort@optusnet.com.au
77733566,REQUEST_FAILED,,,,,
77733758,deadAbandoned,PHARMACOEPISYSTEMS,"Apr. 22, 2011",Pharmacoepisystems Co.,,
77733726,deadAbandoned,TXTRACING,"Nov. 28, 2011",T2T LLC,,Michael_Estes@comcast.net
77733657,REQUEST_FAILED,,,,,
77734102,deadAbandoned,QUERYXPRESS,"May 23, 2011","FTEN, Inc.",,
77733674,deadAbandoned,EZ ENGINEERING ZONE,"Jan. 03, 2011",Reed Elsevier Properties Inc.,,jacqueline.gregorski@lexisnexis.com
77733848,deadAbandoned,STROKE SHIELD TECHNOLOGIES,"Jul. 11, 2011","Thomas, Jeffrey E",,office@jeffreythomasmd.com
77734422,deadAbandoned,RXSAFESCAN,"Apr. 22, 2011",Pharmacoepisystems Co.,,
77733909,REQUEST_FAILED,,,,,
77734473,deadAbandoned,BODY OF FIRE,"Feb. 14, 2011","Waterbury, Chad",,cw@chadwaterbury.com
77734111,REQUEST_FAILED,,,,,
77734431,REQUEST_FAILED,,,,,
77734468,REQUEST_FAILED,,,,,
77734492,REQUEST_FAILED,,,,,
77734850,REQUEST_FAILED,,,,,
77734931,REQUEST_FAILED,,,,,
77735083,REQUEST_FAILED,,,,,
77735059,REQUEST_FAILED,,,,,
77735368,deadAbandoned,I DON'T NEED DRUGS,"Jan. 17, 2011",Gyt Ltd,,tomi.tiihonen@gmail.com
77735346,deadAbandoned,STAY TUNED,"Mar. 28, 2011","Gofigure Media, LLC",,devon.rolf@gofigure.com
77735563,deadAbandoned,AIVELÖ,"Jan. 17, 2011",Olevia Asia Ltd.,,
77735235,REQUEST_FAILED,,,,,
77735928,deadAbandoned,VIEWCAVE,"Nov. 14, 2011","VIEWCAVE INTERNATIONAL, INC.",,ip@viewcave.com
77735438,REQUEST_FAILED,,,,,
77735959,deadAbandoned,TXT2TYPE,"Nov. 28, 2011",T2T LLC,,Michael_Estes@comcast.net
77735770,REQUEST_FAILED,,,,,
77736544,deadAbandoned,THE SIMPLE SANDWICH,"Jan. 10, 2011","The Simple Sandwich, LLC.",,jay@thesimplesandwich.com
77736572,deadAbandoned,None,"Jan. 08, 2011",Oy Focusin Ab,,tomi.pajarinen@gmail.com
77736125,REQUEST_FAILED,,,,,
77736558,REQUEST_FAILED,,,,,
77737712,deadAbandoned,WINELIFE A WINE LIFESTYLE,"Mar. 28, 2011",386 Vanduzer Wine Corp,,skysdalimit1@mac.com
77737031,REQUEST_FAILED,,,,,
77738131,deadAbandoned,UNIVERSAL SOULPRINT,"Jul. 25, 2011","VARON, STEVEN J.",,solaromm@aol.com
77738113,REQUEST_FAILED,,,,,
77739848,REQUEST_FAILED,,,,,
77740087,REQUEST_FAILED,,,,,
77740754,deadAbandoned,KING RANCH MEXICO,"Jan. 11, 2011",vinos Y Licores Azteca. S.A. de C.V.,,tequilarazazteca@hotmail.com
77741232,deadAbandoned,BLACK & PARTNERS,"Dec. 01, 2011",Sven Engert,,s.engert@blackandpartners.com
77741654,REQUEST_FAILED,,,,,
77742784,deadAbandoned,CB LED INDUSTRIES,"Jul. 18, 2011","CB LED INDUSTRIES, LLC",,
77742791,REQUEST_FAILED,,,,,
77742888,REQUEST_FAILED,,,,,
77743628,deadAbandoned,2020 VISION FOR AMERICA,"Jan. 17, 2011","Carver, Brian L.",,thebriancarver@gmail.com
77743531,REQUEST_FAILED,,,,,
77743820,deadAbandoned,SOLARWINDSUSA,"Nov. 28, 2011",DeKing Gregg T,,aschwartz@schwartzip.com
77744090,deadAbandoned,SWAMP GATOR,"Jan. 31, 2011","P.F. Harris Manufacturing Company, LLC",,dave@pfharris.com
77744109,deadAbandoned,OH! H2O!,"Aug. 22, 2011",Harbour Arts L.L.C.,,harbourarts@gmail.com
77743713,REQUEST_FAILED,,,,,
77744748,REQUEST_FAILED,,,,,
77744819,REQUEST_FAILED,,,,,
77745408,REQUEST_FAILED,,,,,
77745428,REQUEST_FAILED,,,,,
77745755,REQUEST_FAILED,,,,,
77746773,deadAbandoned,BABYROK,"Aug. 01, 2011","IceRok, LLC",,craigbinks@gmail.com
77746815,deadAbandoned,SOMETIMES LIFE'S TOUGH,"Mar. 17, 2011","Dix, Deana",,sometimeslifestough@live.com
77746813,REQUEST_FAILED,,,,,
77747041,REQUEST_FAILED,,,,,
77747388,deadAbandoned,BOOKS MAKE ME HAPPY CDB,"Feb. 24, 2011",PELIKAN INC.,,dberlin@corporatebureau.com
77747189,REQUEST_FAILED,,,,,
77747200,REQUEST_FAILED,,,,,
77747714,deadAbandoned,ECONTROLLER,"May 31, 2011","Enalasys, Inc.",,docketing@pelaw.net
77747684,deadAbandoned,None,"Mar. 23, 2011",GEORGE VERANO USA LLC,,mikequ02@hotmail.com
77747463,REQUEST_FAILED,,,,,
77748278,deadAbandoned,BASIS,"Jun. 27, 2011",Basis Holdings LLC,,bion@basisfoods.com
77747722,deadAbandoned,EPULSE,"Aug. 23, 2011","Enalasys, Inc.",,docketing@pelaw.net
77747855,REQUEST_FAILED,,,,,
77748377,deadAbandoned,ILL WILL,"Jan. 17, 2011","akey, daniel k",,danakey@cox.net
77748295,REQUEST_FAILED,,,,,
77748528,REQUEST_FAILED,,,,,
77748936,REQUEST_FAILED,,,,,
77749089,REQUEST_FAILED,,,,,
77749253,deadAbandoned,SWISS GRILL SWISS GOURMET FOOD,"Jan. 24, 2011","Swiss Food, Inc.",,
77749120,REQUEST_FAILED,,,,,
77749776,REQUEST_FAILED,,,,,
77750576,REQUEST_FAILED,,,,,
77750599,deadAbandoned,LIKE A GIRL,"Jan. 24, 2011",Jeff Freedman,,jfreedman9@gmail.com
77751116,deadAbandoned,SOVIET,"Feb. 07, 2011","Trukhachev, Dmitry",,
77750737,REQUEST_FAILED,,,,,
77751448,deadAbandoned,KARMA APO-TSANG,"Jan. 03, 2011","KARMA WINE GROUP, S.A.",,gparker@winesellar.com
77751177,REQUEST_FAILED,,,,,
77751085,REQUEST_FAILED,,,,,
77751662,deadAbandoned,4TTUDE,"Feb. 21, 2011","White Crown Enterprises, LLC",,whitecrownenterprises@gmail.com
77751424,REQUEST_FAILED,,,,,
77752081,deadAbandoned,B4 YOUR FLIGHT,"Feb. 21, 2011",Occupied LLC,,
77751968,REQUEST_FAILED,,,,,
77751988,REQUEST_FAILED,,,,,
77752310,REQUEST_FAILED,,,,,
77752787,deadAbandoned,SIDE DISH DELIGHTS,"Jan. 24, 2011","Ward, Scott William",,sward@triumphpackaging.com
77752503,REQUEST_FAILED,,,,,
77752933,deadAbandoned,MEXICO AZUL ANTIGUO,"Feb. 25, 2011",BUSINESS BOX S.A. DE C.V.,,connygw@yahoo.com.mx
77752722,deadAbandoned,HERO,"May 02, 2011",Intellectual Property Development Corporation Pty Ltd,,chris.round@middletons.com
77753846,deadAbandoned,OMBELLA,"Jan. 03, 2011","LaBruce, Natasha H",,elev8u@gmail.com
77752957,REQUEST_FAILED,,,,,
77753775,deadAbandoned,SIMPLY BETTER CYBER SECURITY,"Sep. 05, 2011",Truesigna Systems Inc.,,Girish.Chiruvolu@Truesigna.com
77754059,deadAbandoned,CONDUIT OPEN,"Mar. 28, 2011",Conduit Ltd. CORPORATION ISRAEL,,
77753856,REQUEST_FAILED,,,,,
77754380,deadAbandoned,FRESH-A-PEEL,"Aug. 15, 2011","Franklin, David",,
77754361,REQUEST_FAILED,,,,,
77754736,deadAbandoned,HIGHWAY HOTTIES,"Jan. 24, 2011","Temple, Dorian David",,
77754569,REQUEST_FAILED,,,,,
77755302,deadAbandoned,MENTAL MAP,"Sep. 19, 2011",MENTAL IMAGES GMBH,,
77754859,REQUEST_FAILED,,,,,
77755343,deadAbandoned,CHARON,"Jan. 17, 2011",Charon Software LLC,,cwalker@charonsoftware.com
77756039,deadAbandoned,KANSASANITY,"Feb. 18, 2011","Milbourn, Chris",,
77755468,REQUEST_FAILED,,,,,
77755706,REQUEST_FAILED,,,,,
77755520,REQUEST_FAILED,,,,,
77756345,deadAbandoned,OTOSCREENER,"Feb. 21, 2011","OTOTRONIX, LLC",,info@tympany.net
77755851,REQUEST_FAILED,,,,,
77756554,deadAbandoned,FITTING DOCTOR,"Feb. 21, 2011","OTOTRONIX, LLC",,info@tympany.net
77756553,REQUEST_FAILED,,,,,
77757119,REQUEST_FAILED,,,,,
77757165,REQUEST_FAILED,,,,,
77757929,deadAbandoned,YIPIN,"Jan. 17, 2011","Gu, Angela Win",,angela.w.gu@gmail.com
77758207,deadAbandoned,SCOOP,"Jun. 06, 2011",Brother Max Limited,,mail@cgpike.co.uk
77757885,REQUEST_FAILED,,,,,
77757926,REQUEST_FAILED,,,,,
77758563,deadAbandoned,GLOW LIKE A GIRL,"Jan. 31, 2011",Jeff Freedman,,jfreedman9@gmail.com
77758567,deadAbandoned,GLITTER LIKE A GIRL,"Jan. 31, 2011",Jeff Freedman,,jfreedman9@gmail.com
77758588,deadAbandoned,GLAM LIKE A GIRL,"Jan. 31, 2011",Jeff Freedman,,jfreedman9@gmail.com
77758230,REQUEST_FAILED,,,,,
77758385,REQUEST_FAILED,,,,,
77758598,REQUEST_FAILED,,,,,
77759040,deadAbandoned,DERIVITAS,"Mar. 14, 2011","Stuart, Goodwin",,derivitas@stupey.com
77758963,REQUEST_FAILED,,,,,
77759068,REQUEST_FAILED,,,,,
77759574,deadAbandoned,HDI,"Feb. 28, 2011","David, Alkiviades Andrew",,
77759874,deadAbandoned,TURBO PYRO,"Sep. 02, 2011",Henry E. Gilliam III,,lwilkinson@skylighter.com
77760552,deadAbandoned,ILUVMYDOC.COM,"Sep. 26, 2011",Vinod T. Gidwani,,
77760340,deadAbandoned,HYGIENE PLUS,"Jan. 17, 2011",Intellectual Property Development Corporation Pty Ltd,,chris.round@middletons.com
77760206,REQUEST_FAILED,,,,,
77760628,deadAbandoned,DESIGNER STRESS,"Jan. 17, 2011",Theren Womack,,theren.womack@gmail.com
77760383,REQUEST_FAILED,,,,,
77760929,deadAbandoned,OC NUTRITION,"Jan. 20, 2011","DECUNA, ARTHUR",,
77761326,deadAbandoned,HIPPO BLOCK,"Dec. 05, 2011","Funcik, Thomas J.",,
77760723,REQUEST_FAILED,,,,,
77761048,REQUEST_FAILED,,,,,
77761442,deadAbandoned,WANNADO,"Jan. 31, 2011",Directives Enterprises Pty. Ltd. as trustee for Directives Trust,,glennb@directives.com.au
77762265,deadAbandoned,REWACO,"May 05, 2011",REWACO PTY. LTD.,,shane.subloo@rewaco.com.au
77761789,REQUEST_FAILED,,,,,
77761861,REQUEST_FAILED,,,,,
77762597,deadAbandoned,WINRUN,"Oct. 28, 2011","KINFOREST TYRE CO.,LTD.",,zhanghonglu@inipa.com
77762633,deadAbandoned,NEBABE,"Feb. 28, 2011","NANTONG XIONGFENG INTERNATIONAL ECONOMIC AND TRADE CO., LTD",,la03@netvigator.com
77762696,deadAbandoned,ALLIED FARMS,"Jul. 18, 2011","Grocery Exports, Inc.",,tnc@bi-corp.com
77762312,REQUEST_FAILED,,,,,
77762635,deadAbandoned,COSENG,"Nov. 21, 2011",COSENG AUTOMOTIVE EQUIPMENT LTD,,la03@netvigator.com
77762347,REQUEST_FAILED,,,,,
77762581,REQUEST_FAILED,,,,,
77763425,REQUEST_FAILED,,,,,
77763591,deadAbandoned,CIVENCE,"Jan. 11, 2011","Jaynes, Kiel E.",,
77763644,deadAbandoned,ROOMCONCIERGE YOUR ON ROOM BOOKING SYSTEM,"Apr. 25, 2011",eConcierge UK Limited,,
77763585,REQUEST_FAILED,,,,,
77763822,REQUEST_FAILED,,,,,
77763959,REQUEST_FAILED,,,,,
77763941,REQUEST_FAILED,,,,,
77763977,REQUEST_FAILED,,,,,
77764239,REQUEST_FAILED,,,,,
77764785,deadAbandoned,ECO MOVING CONTAINERS EMC,"Dec. 22, 2011","McGowen Jr, Robert E",,robert@roadrunner-moving.com
77764896,deadAbandoned,HEYWHATSGOOD,"Jan. 13, 2011","MOORE, ERIN",,mygenerationsplace@gmail.com
77764600,REQUEST_FAILED,,,,,
77764601,REQUEST_FAILED,,,,,
77765068,REQUEST_FAILED,,,,,
77765217,REQUEST_FAILED,,,,,
77765722,deadAbandoned,YANGDEN,"Aug. 25, 2011",Yangden Solar Holding Limited,,leon@xintian.com.hk
77765607,REQUEST_FAILED,,,,,
77766091,deadAbandoned,HAIRY TALES,"Mar. 07, 2011",FAIRY TALES HAIR CARE,,risa@fairytaleshaircare.com
77766166,deadAbandoned,VITAROK,"Oct. 11, 2011","IceRok, LLC",,craigbinks@gmail.com
77765707,REQUEST_FAILED,,,,,
77766015,REQUEST_FAILED,,,,,
77766444,REQUEST_FAILED,,,,,
77766687,deadAbandoned,MASEP INFINI,"Sep. 19, 2011",MASEP MEDICAL SCIENCE & TECHNOLOGY INC.,,info.info168@gmail.com
77766718,deadAbandoned,PRETTYFUL,"Sep. 12, 2011","Tran, Mai Xuan",,maixtran75@gmail.com
77766556,REQUEST_FAILED,,,,,
77766645,REQUEST_FAILED,,,,,
77767661,deadAbandoned,BEERIJUANA,"Jul. 16, 2011","Phillips, Alexander",,phillipsfamilia@yahoo.com
77766794,REQUEST_FAILED,,,,,
77767504,REQUEST_FAILED,,,,,
77768038,REQUEST_FAILED,,,,,
77768224,REQUEST_FAILED,,,,,
77768774,REQUEST_FAILED,,,,,
77768953,REQUEST_FAILED,,,,,
77769531,deadAbandoned,HTC TATTOO,"Apr. 05, 2011",HTC Corporation,,kathy.callahan@bracewell.com
77769739,deadAbandoned,E-FLIGHT-EXPO,"Nov. 10, 2011",Flying Pages GmbH,,willi@flying-pages.com
77769775,deadAbandoned,NAKED TWISTER,"May 03, 2011","Rimer, Andrew",,abr_music@yahoo.com
77769692,REQUEST_FAILED,,,,,
77769779,REQUEST_FAILED,,,,,
77770387,deadAbandoned,GINGER O,"Mar. 31, 2011","Duvall, Luciana",,
77770057,REQUEST_FAILED,,,,,
77770671,deadAbandoned,DIGITALEYE,"Feb. 14, 2011",Mobile Video Systems LLC,,mikew@mobilevideosystems.net
77770823,deadAbandoned,DR. VALUE,"Mar. 14, 2011",MDT MICRO DIAMOND TECHNOLOGIES LTD,,jamier@mdtdental.com
77770183,REQUEST_FAILED,,,,,
77770543,REQUEST_FAILED,,,,,
77771553,deadAbandoned,PINEMARK CERTIFICATION,"Feb. 07, 2011","PINEMARK, INC.",,laurendls@yahoo.com
77771314,REQUEST_FAILED,,,,,
77771807,deadAbandoned,END2END VIRTUALIZATION,"Feb. 04, 2011","HUB TECHNICAL SERVICES, LLC.",,
77771900,deadAbandoned,None,"Jan. 03, 2011","Shu, Jianchao",,
77771683,REQUEST_FAILED,,,,,
77771805,REQUEST_FAILED,,,,,
77771923,deadAbandoned,SVIZERA,"Aug. 03, 2011",MANEESH PHARMACEUTICALS LTD.,,gauri@maneeshpharma.com
77771872,REQUEST_FAILED,,,,,
77772831,deadAbandoned,JOBEMPOWER,"Aug. 01, 2011","Kojic, Goran",,gkojic@yahoo.com
77771920,REQUEST_FAILED,,,,,
77772862,deadAbandoned,CHECK THE BACKSEAT. DON'T FORGET THE BABY.,"Mar. 02, 2011","Perez, Denise H.",,dandgperez04@att.net
77772295,REQUEST_FAILED,,,,,
77773037,REQUEST_FAILED,,,,,
77773125,REQUEST_FAILED,,,,,
77773999,deadAbandoned,IMAGINE TOWN,"Dec. 19, 2011",Ubisoft Entertainment,,
77773714,REQUEST_FAILED,,,,,
77774336,deadAbandoned,FUNKY FISH,"Apr. 11, 2011",Funky Fish LLC,,karenacasey@mchsi.com
77773976,deadAbandoned,I TRI,"Apr. 26, 2011","RAJE Outdoors, LLC",,robbie@rajeoutdoors.com
77774350,deadAbandoned,ESSENTIAL BABY,"Dec. 07, 2011","Guerra, Jon",,jguerra88@gmail.com
77774180,REQUEST_FAILED,,,,,
77774376,deadAbandoned,OTTODYN,"Apr. 20, 2011","Ottodyn, LLC",,ca_galaxie@yahoo.com
77774160,REQUEST_FAILED,,,,,
77774725,deadAbandoned,THE COMPUTERIZED TEPOE GUITAR,"Feb. 19, 2011",Michael Tepoe Nash,,Michael@ComputerizedGuitar.com
77774421,REQUEST_FAILED,,,,,
77774535,REQUEST_FAILED,,,,,
77774831,REQUEST_FAILED,,,,,
77775174,REQUEST_FAILED,,,,,
77775726,deadAbandoned,A ACTION TRANSPORT EXPRESS,"May 09, 2011",Aaron Custino,,aaron@actiontransportexpress.com
77775499,REQUEST_FAILED,,,,,
77775484,REQUEST_FAILED,,,,,
77775985,deadAbandoned,GD,"Jan. 31, 2011","Jiangsu Guangda Medical Material Co., Ltd.",,kedong@gmail.com
77776088,deadAbandoned,RICHMAN CLASSIC COLLECTION,"Jan. 31, 2011","Richman, Duke D.R.S.",,dukerichman@gmail.com
77776169,deadAbandoned,VIOCELL,"Jul. 11, 2011","Buckman, Kevin",,kevinbuckman@gmail.com
77775790,REQUEST_FAILED,,,,,
77776451,deadAbandoned,FYNDES FY,"Apr. 05, 2011",LITTLE CASTLE INC,,INFO@FYNDES.COM
77776216,REQUEST_FAILED,,,,,
77776776,deadAbandoned,FABRICE,"May 10, 2011",I APPAREL GROUP LLC,,XCESSORY@HOTMAIL.COM
77776605,REQUEST_FAILED,,,,,
77776534,REQUEST_FAILED,,,,,
77776817,REQUEST_FAILED,,,,,
77777062,REQUEST_FAILED,,,,,
77776960,REQUEST_FAILED,,,,,
77777277,REQUEST_FAILED,,,,,
77777877,deadAbandoned,ETERNAL PETS,"Mar. 28, 2011","Your Business Solution, Inc.",,leeson01@gmail.com
77778077,deadAbandoned,MONKMEDIA,"Mar. 21, 2011","Monk Media, LLC",,andrewpineda@gmail.com
77777886,deadAbandoned,WEJJË LLC,"Mar. 28, 2011",Wejje L.L.C.,,marcs@soloway-designs.com
77778100,REQUEST_FAILED,,,,,
77778110,REQUEST_FAILED,,,,,
77778165,REQUEST_FAILED,,,,,
77778861,deadAbandoned,ATRC AGAINST THE REST CLOTHING,"Jun. 08, 2011","Arnold, David",,
77778682,deadAbandoned,None,"Aug. 29, 2011",ZONE CHAMP LTD.,,
77778593,REQUEST_FAILED,,,,,
77778661,REQUEST_FAILED,,,,,
77779363,deadAbandoned,D'GAFF,"Nov. 17, 2011","LEGRO, GEORGE",,
77779508,deadAbandoned,WORLD E-DATA,"Jun. 13, 2011",World e-Data,,wangole@worldedata.com
77779400,REQUEST_FAILED,,,,,
77779448,REQUEST_FAILED,,,,,
77779487,REQUEST_FAILED,,,,,
77779988,deadAbandoned,RETHINK,"Oct. 03, 2011","FTEN, Inc.",,
77779995,deadAbandoned,HIGH CONSISTENCY,"Apr. 04, 2011","FTEN, Inc.",,
77780052,deadAbandoned,AFRICANIAM,"Apr. 25, 2011","Wilson-Max, Audra K",,audra@brandafricaproject.com
77779871,REQUEST_FAILED,,,,,
77779920,REQUEST_FAILED,,,,,
77780178,deadAbandoned,YIPPEE CAYENNE,"May 16, 2011",Harvest Treasure LLC,,jmelnick@yippeecayenne.com
77779969,REQUEST_FAILED,,,,,
77780497,deadAbandoned,MYSTRATEX.COM,"Jan. 05, 2011",EMETHODUS INFORMÁTICA LDA,,alucenafaria@methodus.com
77780103,REQUEST_FAILED,,,,,
77780657,deadAbandoned,TRADER MARC'S,"Aug. 15, 2011","Trader Marc's Wholesalers, LLC",,
77780199,REQUEST_FAILED,,,,,
77780154,REQUEST_FAILED,,,,,
77781218,deadAbandoned,CHATTER FORUMS,"Aug. 22, 2011",Charon Software LLC,,cwalker@charonsoftware.com
77781219,deadAbandoned,CHATTER COMMUNITY,"Aug. 22, 2011",Charon Software LLC,,cwalker@charonsoftware.com
77781220,deadAbandoned,CHATTER,"Aug. 22, 2011",Charon Software LLC,,cwalker@charonsoftware.com
77780740,REQUEST_FAILED,,,,,
77781268,deadAbandoned,LEFT HAND ALLEY,"Apr. 04, 2011","Weinhouse, Marc R",,marc.weinhouse@gmail.com
77781248,REQUEST_FAILED,,,,,
77781609,deadAbandoned,PURPLE REVOLUTION,"Jan. 24, 2011","SON, KYUNG H",,kyunghson@yahoo.com
77781393,REQUEST_FAILED,,,,,
77781480,REQUEST_FAILED,,,,,
77781495,REQUEST_FAILED,,,,,
77781645,REQUEST_FAILED,,,,,
77782185,deadAbandoned,7 SCOUTS,"Mar. 15, 2011",Sterling Patrick (Long) Colbo,,Sterling@7scouts.com
77782133,deadAbandoned,LORD OF THE ABS,"Mar. 30, 2011",Gilad Productions Ltd.,,tom@tcr3.com
77782579,deadAbandoned,AMISH QUILTSHOP.NET,"Oct. 31, 2011",AmishQuiltShop,,MichaelBenjaminBell@gmail.com
77782208,REQUEST_FAILED,,,,,
77782259,deadAbandoned,WTBA WORLD BOWLING TOUR,"Mar. 21, 2011",World Tenpin Bowling Association,,
77782550,REQUEST_FAILED,,,,,
77783104,REQUEST_FAILED,,,,,
77783318,deadAbandoned,PAWS-N-KLEEN,"May 16, 2011","HB & R Products, Inc.",,
77783924,deadAbandoned,EE,"Oct. 03, 2011","Epigenesis Pharmaceuticals, LLC",,
77783266,REQUEST_FAILED,,,,,
77784233,deadAbandoned,ENOUGHMESS,"Mar. 14, 2011","ViewDate, Inc.",,portrait@gmail.com
77783724,deadAbandoned,CARDSTYLE.COM,"Aug. 29, 2011","PaperStyle.com, Inc.",,scottw@paperstyle.com
77784325,deadAbandoned,GUNPAL,"Sep. 23, 2011","THE CANNON GROUP OF COMPANIES, INC.",,ben@GeoVario.com
77784249,REQUEST_FAILED,,,,,
77784304,REQUEST_FAILED,,,,,
77784308,deadAbandoned,THERMOTECC,"Jun. 13, 2011","Poly Gel, LLC",,
77784430,deadAbandoned,TEMPESTINI,"Apr. 11, 2011","Bonfigli, Barbara",,bbonfigli@earthlink.net
77784508,deadAbandoned,STRATHMORE CAPITAL,"Nov. 30, 2011",Strathmore Capital LLP,,jfunk@strathmorecapital.com
77784517,REQUEST_FAILED,,,,,
77784530,REQUEST_FAILED,,,,,
77785283,deadAbandoned,THE WORLD'S OYSTER THE ADDRESS BOOK THAT UPDATES ITSELF,"Jan. 17, 2011","The World's Oyster, LLC",,thebigkahuna@theworldsoyster.com
77785112,REQUEST_FAILED,,,,,
77785424,deadAbandoned,FORM,"Jun. 02, 2011",PLASTOFORM INDUSTRIES LIMITED,,
77785384,deadAbandoned,HANDS OF TWILIGHT,"Jan. 26, 2011",Kimbra L. Hickey,,kimbranyc@hotmail.com
77785212,REQUEST_FAILED,,,,,
77785758,deadAbandoned,MY THREADING STUDIO,"Apr. 11, 2011","MTS, LLC",,
77785734,deadAbandoned,MY THREADING STUDIO,"Apr. 11, 2011","MTS, LLC",,
77786144,deadAbandoned,HEXAGON,"Apr. 08, 2011",Zeta Networks Inc.,,gary@hexagon.cc
77786350,deadAbandoned,VITALPATH,"Aug. 22, 2011",Ageiro Pharmaceuticals Inc.,,
77786122,deadAbandoned,CONSERVATIVE SPACE,"Oct. 03, 2011","Ruotolo, Michael",,hexummr@gmail.com
77785944,REQUEST_FAILED,,,,,
77785949,REQUEST_FAILED,,,,,
77786008,REQUEST_FAILED,,,,,
77786420,deadAbandoned,RODEO RICHES,"Oct. 18, 2011",Ainsworth Game Technology Limited,,tom.davidson@ainsworth.com.au
77786186,REQUEST_FAILED,,,,,
77786526,deadAbandoned,GENUFLEXION,"Feb. 28, 2011","AlSooz, Dhafer Habib",,aschwartz@schwartzip.com
77786563,deadAbandoned,FLIRTATIOUSNATURE,"Oct. 10, 2011","Koch, Thomas",,tommi500@web.de
77786424,REQUEST_FAILED,,,,,
77786581,REQUEST_FAILED,,,,,
77786582,REQUEST_FAILED,,,,,
77786849,REQUEST_FAILED,,,,,
77786923,REQUEST_FAILED,,,,,
77787601,deadAbandoned,None,"Jun. 03, 2011",HONG KONG 36524 INTERNATIONAL FAMOUS TRADING HOLDINGS GROUP LIMITED,,sndre@sina.com
77787560,REQUEST_FAILED,,,,,
77788272,deadAbandoned,MYCARECONNECT,"Jan. 11, 2011","mycareconnect, llc",,pam.henry@mycareconnect.com
77788539,deadAbandoned,THIS GREAT DAY,"Mar. 14, 2011",Valliere Enterprises LLC,,rovalliere@mac.com
77788009,REQUEST_FAILED,,,,,
77788611,deadAbandoned,FOOT JUNK,"Feb. 28, 2011","Reif, Dietmar C",,alisa072898@yahoo.com
77788413,REQUEST_FAILED,,,,,
77788325,REQUEST_FAILED,,,,,
77789211,deadAbandoned,P TRAIN'S CALIFORNIA BBQ,"Mar. 14, 2011","P Train's Barbecue, LLC",,pattersontrain@hotmail.com
77789296,deadAbandoned,RUNNING RABBIT,"Feb. 17, 2011","Screen Industry Art, Inc.",,
77789653,deadAbandoned,FEAR THE BEARD,"Jun. 20, 2011","Kamin, Stuart R",,skamin@gmail.com
77789621,deadAbandoned,PRE-PURCHASE PACKAGE FOR REAL ESTATE PROFESSIONALS,"Sep. 06, 2011","Pre-Listing Package, LLC",,rtsentertainment@live.com
77789118,REQUEST_FAILED,,,,,
77789701,deadAbandoned,RE-ENGINEERING YOUR LIFE,"Apr. 25, 2011","Turner, Nanette",,nanira@optimum.net
77790230,deadAbandoned,INOCTUM,"Jun. 13, 2011","Tyler, Tonya C.",,
77789735,REQUEST_FAILED,,,,,
77789752,deadAbandoned,SPIRIT GREETINGS,"Jul. 25, 2011","Hall, Angel",,angel.hall@sbcglobal.net
77790187,REQUEST_FAILED,,,,,
77790212,REQUEST_FAILED,,,,,
77790233,REQUEST_FAILED,,,,,
77790791,deadAbandoned,LAMOUR -SALES.COM,"Mar. 21, 2011",Glamour Sales Holding Limited,,
77790407,REQUEST_FAILED,,,,,
77791090,deadAbandoned,QUBA,"Apr. 18, 2011",Winning Moves Inc.,,pecci@winning-moves.com
77790832,REQUEST_FAILED,,,,,
77791372,deadAbandoned,THE ANALYTICS FACTORY,"Apr. 25, 2011",Henry Fleming & Co.,,jcshaw@henryfleming.com
77791451,deadAbandoned,CRAB WIZARD,"Mar. 21, 2011","WIZARD SEAFOODS, INC.",,florence@crabwizard.com
77791007,REQUEST_FAILED,,,,,
77791484,deadAbandoned,CRAB WIZARD,"Mar. 21, 2011","WIZARD SEAFOODS, INC.",,florence@crabwizard.com
77791798,REQUEST_FAILED,,,,,
77791781,REQUEST_FAILED,,,,,
77791883,REQUEST_FAILED,,,,,
77792083,REQUEST_FAILED,,,,,
77792170,REQUEST_FAILED,,,,,
77792386,deadAbandoned,NATÍONAL Z SCALE CONVENTÍON,"Mar. 01, 2011",Micro-Trains Line Co.,,www.hack@micro-trains.com
77792532,REQUEST_FAILED,,,,,
77792894,deadAbandoned,GSD,"Jun. 23, 2011","Shenzhen WSD Aesthetic Consultation Co., Ltd.",,zhanghonglu@inipa.com
77792776,REQUEST_FAILED,,,,,
77792638,REQUEST_FAILED,,,,,
77792878,REQUEST_FAILED,,,,,
77793223,deadAbandoned,ROI LINGERIE,"Apr. 11, 2011",Marvin Segel,,
77793075,REQUEST_FAILED,,,,,
77793156,REQUEST_FAILED,,,,,
77793931,deadAbandoned,REMARQUEBLE,"Oct. 03, 2011",Remarqueble Pty Ltd,,mail@remarqueble.com
77793843,REQUEST_FAILED,,,,,
77794027,deadAbandoned,SKINI MINTS,"Jun. 13, 2011","Diat Concepts, LTD.",,abowers@diatconcepts.com
77794024,REQUEST_FAILED,,,,,
77794625,deadAbandoned,DEAN KOSAGE,"Jul. 11, 2011",Dean Kosage,,Dean@staralerts.com
77794691,REQUEST_FAILED,,,,,
77794974,deadAbandoned,ELIZABETH SKY,"Oct. 18, 2011",ICONSKY HOLDINGS,,
77795005,deadAbandoned,EKIDNOMICS,"Sep. 12, 2011","Reed, Jaime C",,JREED8@WI.RR.COM
77794952,REQUEST_FAILED,,,,,
77795118,deadAbandoned,RED CARPET THEATERS,"Feb. 14, 2011",Red Carpet Theaters LLC,,djseeley@seeleyhome.com
77794979,REQUEST_FAILED,,,,,
77795163,deadAbandoned,KINKIKI,"Mar. 29, 2011",andrea gaudiano,,andreagwww@yahoo.com
77795122,REQUEST_FAILED,,,,,
77795227,REQUEST_FAILED,,,,,
77795361,REQUEST_FAILED,,,,,
77796092,deadAbandoned,"SLIGHTLY BOUGIE [BOO-GEE] ""LIFE WITHOUT FASHION IS DEAD""","Mar. 14, 2011","Archie, Tamika Terrell",,ifnluvfashion@gmail.com
77795563,REQUEST_FAILED,,,,,
77796103,deadAbandoned,WEDDING OLALA FAVOR FOR YOUR SPECIAL DAY...,"Jul. 12, 2011",ORBITEL INTERNATIONAL LLC,,chen8779@hotmail.com
77796426,deadAbandoned,BUMBLEBEENA,"Oct. 24, 2011","FLORES, KIMBERLY",,
77796497,REQUEST_FAILED,,,,,
77796569,REQUEST_FAILED,,,,,
77797063,REQUEST_FAILED,,,,,
77798155,deadAbandoned,ISTUDIO,"Dec. 19, 2011","Bigfoot Global Solutions, Inc.",,petra@bigfootcorp.com
77797787,REQUEST_FAILED,,,,,
77798529,deadAbandoned,THE MARMARA,"May 02, 2011",MAJESTIC ENTERPRISES LLC,,erdinc@karabulutandco.com
77798781,REQUEST_FAILED,,,,,
77799090,REQUEST_FAILED,,,,,
77799539,deadAbandoned,NERDLES,"Oct. 31, 2011","Monroe, Reginald M.",,regmonroe@aol.com
77799231,REQUEST_FAILED,,,,,
77799656,REQUEST_FAILED,,,,,
77799957,REQUEST_FAILED,,,,,
77800066,REQUEST_FAILED,,,,,
77800040,REQUEST_FAILED,,,,,
77800247,deadAbandoned,PUBGATOR,"Apr. 25, 2011","AnnaRuth Holdings, LLC",,bjones1831@gmail.com
77800312,deadAbandoned,BOULEVARD,"Oct. 03, 2011","Crandell, Brian",,streamlinedynamics@gmail.com
77800132,REQUEST_FAILED,,,,,
77800291,deadAbandoned,SPIRITSEALS,"Apr. 11, 2011",Jordan Products Company,,ajordan@jordan-products.com
77800410,deadAbandoned,ENERGYMINUS,"Aug. 16, 2011",Martin J. Lee,,EnergyMinus@gmail.com
77800414,REQUEST_FAILED,,,,,
77800893,deadAbandoned,GIRLS ROCK,"Mar. 11, 2011",Brett Hine,,brett@girlsrock.com
77800620,REQUEST_FAILED,,,,,
77801333,deadAbandoned,JOLT JERKY,"Nov. 07, 2011","Levin, Brian E.",,
77801359,deadAbandoned,WORMGUTS,"Dec. 07, 2011","Tobin, Elijah",,ELIJAH.TOBIN@WORMGUTS.NET
77801096,deadAbandoned,ZAP.ME,"Oct. 31, 2011","Zap.Me, Inc.",,
77801599,deadAbandoned,BEYOND ALL STETHOSCOPES,"Jun. 27, 2011","Carter, Vandette",,PARACEMD@aol.com
77801652,deadAbandoned,911CHART.COM,"Nov. 14, 2011","Carter, Vandette",,PARACEMD@aol.com
77801434,REQUEST_FAILED,,,,,
77802748,REQUEST_FAILED,,,,,
77802803,REQUEST_FAILED,,,,,
77802818,REQUEST_FAILED,,,,,
77802844,REQUEST_FAILED,,,,,
77803220,REQUEST_FAILED,,,,,
77803314,REQUEST_FAILED,,,,,
77803558,deadAbandoned,OXFORD DIAGNOSTICS,"Nov. 05, 2011",Oxford Diagnostics Ltd.,,michael.oneill@btinternet.com
77803454,deadAbandoned,THE IDEA MODEL,"Oct. 25, 2011","Nevid, Jeffrey",,jnevid@hotmail.com
77803928,deadAbandoned,TCI BIZ CAP,"Jan. 24, 2011","TCI BUSINESS CAPITAL, INC.",,KAADLAND@TCIBIZCAP.COM
77803526,REQUEST_FAILED,,,,,
77804115,deadAbandoned,STUG,"May 16, 2011",Ryan Huffman,,
77803796,REQUEST_FAILED,,,,,
77803801,REQUEST_FAILED,,,,,
77804513,deadAbandoned,RAPID APP ADDICTION,"Jun. 06, 2011",Rapid App Addiction,,nvjaters@cox.net
77804480,deadAbandoned,THE FAMILY BUSINESS DOCTORS,"Jan. 03, 2011",Faminomics LLC,,aschwartz@schwartzip.com
77804531,deadAbandoned,CONIZZA,"Sep. 19, 2011","Milardo, Gianluca",,milardo@gmail.com
77804445,REQUEST_FAILED,,,,,
77804338,REQUEST_FAILED,,,,,
77804567,REQUEST_FAILED,,,,,
77804827,deadAbandoned,ONYX,"Jul. 21, 2011",Solution and System Incorporated,,bkson@snsincorporated.com
77804821,deadAbandoned,GREEN LIBERATION DOTECO,"Nov. 14, 2011","Green Goddess Salons, LLC",,Anne_Chastain@msn.com
77804782,deadAbandoned,AIPL,"May 09, 2011","Bostwick Laboratories, Inc.",,
77805337,deadAbandoned,LUNGEXPRESS DX,"Nov. 07, 2011",Med BioGene Inc.,,smapara@medbiogene.com
77804790,deadAbandoned,AIPL,"May 09, 2011","Bostwick Laboratories, Inc.",,
77805309,REQUEST_FAILED,,,,,
77805423,REQUEST_FAILED,,,,,
77805723,deadAbandoned,POTTY JOTTY,"Jan. 17, 2011","Watuzzi, LLC",,emily.herbold@watuzzi.com
77805588,deadAbandoned,TERRA45,"Jun. 20, 2011","Burnett, Cory M",,cmb@terra45.com
77805993,deadAbandoned,"H HAWKE ROOFING MATERIALS CINCINNATI, OHIO","May 02, 2011","Hawke Roofing Materials, Inc.",,hwm155@yahoo.com
77806145,deadAbandoned,THE EXTRA TEN YARDS THE EXTRA TWENTY YARDS THE EXTRA THIRTY YARDS,"Jan. 10, 2011","Alexander, Graeme",,graeme_alexander@intenseco.com
77805687,REQUEST_FAILED,,,,,
77806255,deadAbandoned,None,"Aug. 22, 2011","Burnett, Cory M",,cmb@terra45.com
77805850,REQUEST_FAILED,,,,,
77805932,REQUEST_FAILED,,,,,
77806666,deadAbandoned,MIRACLE WHEY,"Sep. 26, 2011",Joseph Mercola,,tonyg@mercola.com
77806121,REQUEST_FAILED,,,,,
77807055,deadAbandoned,ENVIRONMENTAL ENERGY,"Jan. 10, 2011",Environmental Energy Inc.,,jay@logocare.com
77807082,deadAbandoned,PIPE MASTERS,"May 16, 2011","Vans, Inc.",,
77807601,deadAbandoned,BRCASCOOP,"Oct. 10, 2011","Evinome, LLC",,matt@evinome.com
77807194,REQUEST_FAILED,,,,,
77807572,REQUEST_FAILED,,,,,
77807899,deadAbandoned,FUNKY FRENCH,"Feb. 28, 2011","Banegas, Mimi Yvette",,tnc@bi-corp.com
77807923,deadAbandoned,TEMPHO,"Feb. 23, 2011","Worthy, Chase",,crworthy@gmail.com
77808054,deadAbandoned,None,"Jan. 11, 2011","Esper Jr., Zachary W.",,zach.esper@babson.edu
77807935,deadAbandoned,ONLY4U,"Apr. 11, 2011",ORIGINALES LEPE'S S.A. DE C.V.,,connygw@yahoo.com.mx
77808149,deadAbandoned,GRAPEVINE THE ART OF CONVERSATION,"Jan. 31, 2011",Open Air Innovation,,ceo@openairinnovation.com
77808291,deadAbandoned,SERAC,"May 16, 2011","Glacia Nova, LLC",,admin@glacianova.com
77807954,REQUEST_FAILED,,,,,
77808251,REQUEST_FAILED,,,,,
77808819,deadAbandoned,KILIM FURNITURE,"Nov. 22, 2011",KILIM FURNITURE INTERNATIONAL LLC,,erdinc@karabulutandco.com
77808858,deadAbandoned,DVMMY,"Jun. 27, 2011",China Software Venture Limited,,mgmt@csvhk.com
77808652,REQUEST_FAILED,,,,,
77808935,deadAbandoned,WHAT WILL YOU SHARE?,"Jan. 24, 2011","Brunetti Associates, Inc.",,jay@logocare.com
77808657,REQUEST_FAILED,,,,,
77808892,deadAbandoned,TRAKLOK CORPORATION WORLDWIDE TRACKING · WORLD CLASS SECURITY,"May 23, 2011",TrakLok Corporation,,jay@logocare.com
77808865,REQUEST_FAILED,,,,,
77808947,deadAbandoned,6 COLOR PRINT,"Jan. 05, 2011","Zatz, Steven G.",,jay@logocare.com
77809391,deadAbandoned,NETTO,"May 09, 2011",2 FAB 2 DESIGN,,clio.malek@smartipr.com
77809675,deadAbandoned,FOOD FOR YOUR SOIL,"May 16, 2011",MALIBU COMPOST LLC,,colum@malibucompost.com
77809672,deadAbandoned,BU'S BLEND,"May 16, 2011",MALIBU COMPOST LLC,,colum@malibucompost.com
77809188,REQUEST_FAILED,,,,,
77809679,deadAbandoned,GO BEYOND ORGANIC,"May 16, 2011",MALIBU COMPOST LLC,,colum@malibucompost.com
77809760,deadAbandoned,TWIN STAR,"Feb. 21, 2011","Twin Star Airways, Inc.",,
77809764,deadAbandoned,TWIN STAR AIRWAYS,"Feb. 21, 2011","Twin Star Airways, Inc.",,
77809729,deadAbandoned,THE CONTRACTOR'S KORNER,"Mar. 14, 2011","farnin, brad",,bfarnin@comcast.net
77809668,REQUEST_FAILED,,,,,
77809776,REQUEST_FAILED,,,,,
77810420,deadAbandoned,SOLARSTREAM,"Jan. 20, 2011",Upward Innovations Inc.,,stalcup@datagarrison.com
77810364,deadAbandoned,"SGM PROPERTIES, LLC","Apr. 15, 2011","SGM Properties, LLC",,scott@sgmpropertiesllc.com
77810240,REQUEST_FAILED,,,,,
77810294,REQUEST_FAILED,,,,,
77810632,deadAbandoned,ORIGIN 4 DESIGN,"May 16, 2011","Origin 4 Design, LLC",,rebecca.mizikar@gmail.com
77810516,REQUEST_FAILED,,,,,
77810863,deadAbandoned,HRBYHR,"Jun. 06, 2011",Aperture Labs Hybrid Trust ATF Aperture Labs Pty Ltd.,,gvisontay@gmail.com
77810827,deadAbandoned,JACQUELINE MACKENZIE ONE-EYED FAIRY,"Nov. 11, 2011","BECKER, KIMBERLY J.",,kbi01@aol.com
77810878,REQUEST_FAILED,,,,,
77811232,deadAbandoned,SKINS NEVER GO IN WITHOUT A SKIN,"Aug. 22, 2011","Bowles, Jane Margaret",,jane@creativeconceptions.co.uk
77811063,REQUEST_FAILED,,,,,
77811384,deadAbandoned,TURBO PRODUCTS,"Jan. 14, 2011",Sebastian Fischer,,
77811448,REQUEST_FAILED,,,,,
77811510,REQUEST_FAILED,,,,,
77811701,deadAbandoned,EL LEÕN ENTERTAINMENT,"Sep. 12, 2011",El Leon Entertainment,,tk@elleonent.com
77811582,REQUEST_FAILED,,,,,
77812156,deadAbandoned,YOUR IMAGINATION AT PLAY,"Feb. 15, 2011","Eyrewood Studios, LLC",,ingrid@eyrewood.com
77811777,REQUEST_FAILED,,,,,
77811965,REQUEST_FAILED,,,,,
77812100,deadAbandoned,HEALTH TO HAPPINESS,"Aug. 01, 2011",One Week Health Inc.,,dennis@oneweek.com
77811742,REQUEST_FAILED,,,,,
77812595,deadAbandoned,SPORTS SPECTACULAR,"May 17, 2011","Hawkins, Shawn S.",,office@esportsspectacular.com
77812696,deadAbandoned,PRO BALANCE KIDS,"Apr. 18, 2011",PRO BALANCE LIMITED,,info.info168@gmail.com
77812687,deadAbandoned,PRO BALANCE KIDS,"Apr. 11, 2011",PRO BALANCE LIMITED,,info.info168@gmail.com
77812673,REQUEST_FAILED,,,,,
77812829,deadAbandoned,CHAUMONT,"Jan. 03, 2011",DAUCOURT Jean Marc,,jmd@daucourt.com
77813183,deadAbandoned,OFFICIAL SOUL RECORDINGS,"May 10, 2011","Official Soul Recordings, LLC.",,webmaster@officialsoul.com
77813597,deadAbandoned,OFFICIALLY CERTIFIED PINEMARK,"Mar. 12, 2011","PineMark, Inc.",,lauren@pinemark.com
77812892,REQUEST_FAILED,,,,,
77813696,REQUEST_FAILED,,,,,
77814043,deadAbandoned,PO JO,"Dec. 11, 2011",Melissa M. Farrell,,melissafarrell68@gmail.com
77814097,deadAbandoned,AIP LABORATORIES,"Mar. 21, 2011","Bostwick Laboratories, Inc.",,
77813841,REQUEST_FAILED,,,,,
77814191,deadAbandoned,LAGOM,"May 17, 2011","MOPO, INC.",,ray.cjkuo@gmail.com
77813941,REQUEST_FAILED,,,,,
77813998,REQUEST_FAILED,,,,,
77814022,REQUEST_FAILED,,,,,
77814447,deadAbandoned,AIP LABORATORIES,"Mar. 21, 2011","Bostwick Laboratories, Inc.",,
77814664,REQUEST_FAILED,,,,,
77815076,REQUEST_FAILED,,,,,
77815248,REQUEST_FAILED,,,,,
77815913,deadAbandoned,LOS ANGELES' DIRTY SECRET,"Jun. 20, 2011","Robinson, Marc, A.",,kirsteneasthope@msn.com
77815562,REQUEST_FAILED,,,,,
77815699,REQUEST_FAILED,,,,,
77816130,deadAbandoned,GREEN FOOTPRINT MAGAZINE,"Aug. 22, 2011","Enalasys, Inc.",,docketing@pelaw.net
77816338,deadAbandoned,AUTO PARTS OUTPOST,"Feb. 28, 2011","Automotive Climate Controls, L.L.C.",,AutomotiveClimateControls@gmail.com
77815933,REQUEST_FAILED,,,,,
77816270,deadAbandoned,UMBRELLA GIRLS FASHION,"Sep. 19, 2011","Ask Moon, Inc",,johnmoon@askmoon.com
77816282,deadAbandoned,SHOPCRAWL,"May 02, 2011","GRG Mobile Solutions, Inc.",,gary@grgmobile.com
77816205,deadAbandoned,HIP-HOP FLIP-FLOPP,"Apr. 25, 2011","Leonard, Lloyd J., Jr.",,
77816526,deadAbandoned,VISTA AUTOMOTIVE,"Mar. 28, 2011","VISTA-PRO AUTOMOTIVE, LLC",,docketing@pelaw.net
77816392,REQUEST_FAILED,,,,,
77816860,deadAbandoned,CRUNCH TIME,"Mar. 28, 2011","Top Line Screen Printing and Embroidery, Inc.",,mnelson@toplineshirts.com
77817065,deadAbandoned,SL SHONGLI,"Jan. 19, 2011","JIANGMEN SHONGLI REARVIEW MIRROR INDUSTRIAL CO., LTD.",,info.info168@gmail.com
77817268,deadAbandoned,CORPORATION.COM,"May 19, 2011","My Corporation Business Services, Inc.",,dsweeney@mycorporation.com
77817387,deadAbandoned,AGILE CERTIFIED PRODUCT MANAGER (ACPM),"May 10, 2011",Association Of International Product Marketing & Management,,therese@aipmm.com
77816870,REQUEST_FAILED,,,,,
77817624,deadAbandoned,PAPA WALT PAPA WALT,"Jan. 10, 2011","Real Estate Advisors, Inc.",,jay@logocare.com
77817676,deadAbandoned,VROOM AUTO PARTS,"Feb. 28, 2011","Automotive Climate Controls, L.L.C.",,AutomotiveClimateControls@gmail.com
77817021,REQUEST_FAILED,,,,,
77817657,REQUEST_FAILED,,,,,
77817584,REQUEST_FAILED,,,,,
77818051,deadAbandoned,RAILROAD BARONS,"Jan. 02, 2011",Games on the Brain LLC,,gamesonthebrain@gmail.com
77818070,deadAbandoned,TRANSPARA,"Nov. 28, 2011",Matakina Technology Limited,,ralph.highnam@matakina.com
77817929,REQUEST_FAILED,,,,,
77818060,deadAbandoned,None,"Dec. 01, 2011",TekMirage Inc.,,cryptpunk@yahoo.com
77817960,REQUEST_FAILED,,,,,
77817993,deadAbandoned,OCEAN COUTURE,"May 23, 2011",Thomas Edward Morrissey,,heavensenttom@yahoo.com
77818073,deadAbandoned,TEMPARA,"Nov. 28, 2011",Matakina Technology Limited,,ralph.highnam@matakina.com
77818053,REQUEST_FAILED,,,,,
77818472,deadAbandoned,PIZZA FORNO,"Feb. 15, 2011",Middle East Coaches Inc.,,rami.aljbour@gmail.com
77818371,deadAbandoned,CHEF Z'S CLEANGRIL,"Apr. 18, 2011","ZUCARO, ANDREW",,
77818208,REQUEST_FAILED,,,,,
77818840,deadAbandoned,GEOWISE,"May 30, 2011",ENERGYWISE GROUP LLC,,d.ferrante@energywisefoam.com
77818643,deadAbandoned,None,"Jan. 28, 2011","Blue Dog Produtions, LLC",,bluedogproducts@aol.com
77818693,deadAbandoned,PRIMITIVE EARTH,"Jan. 03, 2011","SANCHEZ, JEHU, D",,ILLESTUNO@HOTMAIL.COM
77819150,deadAbandoned,WINDOWISE,"May 30, 2011",ENERGYWISE GROUP LLC,,d.ferrante@energywisefoam.com
77819162,deadAbandoned,V LINE,"Apr. 04, 2011","Stamper, Marian",,tnc@bi-corp.com
77819481,deadAbandoned,WINDWISE,"May 30, 2011",ENERGYWISE GROUP LLC,,d.ferrante@energywisefoam.com
77819147,REQUEST_FAILED,,,,,
77819490,deadAbandoned,SOLARWISE,"May 30, 2011",ENERGYWISE GROUP LLC,,d.ferrante@gspfoam.com
77819522,deadAbandoned,SP,"Oct. 10, 2011","Westlake Products, Inc.",,
77820110,deadAbandoned,POWER GEAR,"Apr. 25, 2011",William T. Wilkinson,,willpatent1000@aol.com
77819804,REQUEST_FAILED,,,,,
77820115,REQUEST_FAILED,,,,,
77820173,REQUEST_FAILED,,,,,
77820068,REQUEST_FAILED,,,,,
77820727,deadAbandoned,MUV,"May 30, 2011","Aleman, Juan P.",,juan.aleman.reyes@gmail.com
77820808,deadAbandoned,BOLLYWOOD BOOTCAMP,"Oct. 24, 2011",Bollywood Abs Inc,,achaldua@gmail.com
77820401,REQUEST_FAILED,,,,,
77820818,REQUEST_FAILED,,,,,
77821067,deadAbandoned,FLIP2FIT,"Apr. 23, 2011","Bragg, Monique S",,Monique@flip2fitdiapers.com
77821190,deadAbandoned,CHICK CHARM,"Jan. 07, 2011","OLIVER, PAMELA, R",,PAM@TREASUREDTRINKETTS.COM
77821194,deadAbandoned,CENTRAL COAST WINE COUNTRY OLIVES,"Mar. 29, 2011","Harley, Jennifer L.",,jen@wineolives.com
77821165,REQUEST_FAILED,,,,,
77821337,deadAbandoned,PLAY IT 4 HEALTH,"Aug. 22, 2011","Jordan, Brian O",,
77821206,REQUEST_FAILED,,,,,
77821176,REQUEST_FAILED,,,,,
77821361,deadAbandoned,SOAPY HOPEY,"Feb. 08, 2011",Kristin Hope Thames,,soapyhopey@gmail.com
77821831,deadAbandoned,TK6000 NETTALK WWW.NETTALK.COM,"Jan. 10, 2011","NETTALK.COM, INC.",,nick@nettalk.com
77821505,REQUEST_FAILED,,,,,
77822035,deadAbandoned,GLASS ANIMALS,"Jan. 03, 2011","Kaufman, Nicole",,nicolekaufman@comcast.net
77822243,deadAbandoned,THE CARRIER,"Jan. 23, 2011",StopWatch Media,,info@stopwatchmedia.com
77822357,deadAbandoned,WATERPOD,"Jul. 13, 2011","Colliver, Taumas",,taumas@waterpod.net
77822476,REQUEST_FAILED,,,,,
77822501,REQUEST_FAILED,,,,,
77822558,REQUEST_FAILED,,,,,
77822643,REQUEST_FAILED,,,,,
77822691,REQUEST_FAILED,,,,,
77823651,deadAbandoned,BLUE FUEL,"Oct. 21, 2011",Blue Fuel Energy Corporation,,
77823482,deadAbandoned,WOOFY PIES,"Sep. 26, 2011","Cupcake Couture Sweet Boutique, Inc.",,kegor@cupcakecouturesweetboutique.com
77823662,deadAbandoned,BLUE FUEL,"Oct. 21, 2011",Blue Fuel Energy Corporation,,
77823852,deadAbandoned,LAPTOP LIFESTYLE,"Jul. 25, 2011","Hartman, Stefanie",,info@stefaniehartman.com
77824126,deadAbandoned,CHOOSE,"Oct. 31, 2011",Nelson M Adams,,
77823926,REQUEST_FAILED,,,,,
77824326,deadAbandoned,HAGOOLE,"May 20, 2011","Malaczynski, Peter",,3d@engineer.com
77824248,REQUEST_FAILED,,,,,
77824265,REQUEST_FAILED,,,,,
77824691,deadAbandoned,ZEN DOG,"May 02, 2011",ZenDog LLC,,info@ZenDogCafe.com
77825268,REQUEST_FAILED,,,,,
77825287,REQUEST_FAILED,,,,,
77825617,REQUEST_FAILED,,,,,
77825700,REQUEST_FAILED,,,,,
77826259,deadAbandoned,TROLLIM CODE.BATTLE.PREVAIL,"May 23, 2011",Trollim.com,,arik@trollim.com
77826139,REQUEST_FAILED,,,,,
77826619,deadAbandoned,"CHANGE YOUR BODY CHALLENGE CHANGE YOUR BODY, TRANSFORM YOUR LIFE","Jul. 19, 2011","Change Your Body Challenge, LLC",,admin@changeyourbodychallenge.com
77826643,deadAbandoned,GC GRAND CRÚ ORGANIC VODKA,"Sep. 02, 2011",DAUCOURT Jean Marc,,Jmd@daucourt.com
77826806,deadAbandoned,RAY BRUSH,"Nov. 21, 2011",MENTAL IMAGES GMBH,,
77826359,REQUEST_FAILED,,,,,
77826580,REQUEST_FAILED,,,,,
77827173,deadAbandoned,REMOVE YOUR CAPE,"Feb. 21, 2011","CM Publishing, LLC",,
77827181,deadAbandoned,THE DAY I TOOK OFF MY CAPE,"Jun. 06, 2011","CM Publishing, LLC",,
77827330,deadAbandoned,EL ROMERAL,"Mar. 28, 2011",PLECUS,,aromero@alimentias.com
77827315,deadAbandoned,OLD SOLES,"Apr. 25, 2011",Full Range Clothing Company Pty Ltd,,fullrange@bigpond.com
77827229,REQUEST_FAILED,,,,,
77827329,deadAbandoned,LA MARQUESA,"Jul. 26, 2011",PLECUS,,aromero@alimentias.com
77827250,REQUEST_FAILED,,,,,
77827726,deadAbandoned,MASTER BAIT & LIQUOR,"Jan. 05, 2011","Lambert, Brian G",,masterbaitandliquor@hotmail.com
77827354,REQUEST_FAILED,,,,,
77827836,deadAbandoned,WISIMAGERY,"Mar. 28, 2011","Inspiration is the Secret, Inc.",,
77827620,REQUEST_FAILED,,,,,
77828125,REQUEST_FAILED,,,,,
77828131,REQUEST_FAILED,,,,,
77828266,REQUEST_FAILED,,,,,
77828623,REQUEST_FAILED,,,,,
77828641,REQUEST_FAILED,,,,,
77828743,REQUEST_FAILED,,,,,
77829334,deadAbandoned,NANOFIBER WIPE-OUT,"Jan. 20, 2011","Perez, Ralph",,
77829021,REQUEST_FAILED,,,,,
77829359,deadAbandoned,LEVINCHYBRIDE,"Feb. 24, 2011","Xiang, Xuefeng",,ebizservice2000@hotmail.com
77829091,REQUEST_FAILED,,,,,
77829167,REQUEST_FAILED,,,,,
77829716,deadAbandoned,DRACO HEALTHCARE,"Feb. 07, 2011","Zhao, Xiaoxia",,xiaoxiazhaoca@yahoo.com
77830126,deadAbandoned,NLS NANO LIVING SYSTEM,"Oct. 24, 2011","Strehler, Gabriela",,youniquemail@yahoo.com
77829996,REQUEST_FAILED,,,,,
77830235,deadAbandoned,CHUB RUB,"Sep. 26, 2011","Bay Breeze Holdings, LLC",,
77830242,REQUEST_FAILED,,,,,
77830310,REQUEST_FAILED,,,,,
77830612,deadAbandoned,BEACH DIVER,"Jun. 17, 2011","BrynnBella, LLC",,ashihmd@sbcglobal.net
77830536,REQUEST_FAILED,,,,,
77830794,deadAbandoned,THE CENTRAL BAND OF CHEROKEE,"Aug. 23, 2011",The Central Band of Cherokee,,docketing@pelaw.net
77830605,REQUEST_FAILED,,,,,
77830808,deadAbandoned,RECIPROCAL EXCHANGE DEPOSIT PROGRAM,"Jan. 17, 2011",Anova Financial Corporation,,tnc@bi-corp.com
77831018,deadAbandoned,HOOKED ON MAGNETS,"Apr. 20, 2011",Eric A Sullivan,,eric@hookedonmagnets.com
77830782,REQUEST_FAILED,,,,,
77830856,deadAbandoned,PROLIFIC RECORDS,"May 09, 2011","Hernandez, Eric",,prolificrec@gmail.com
77831134,deadAbandoned,ADARA PARIS,"Mar. 03, 2011","VAZQUEZ CORNEJO, IGNACIA",,connygw@yahoo.com.mx
77831246,deadAbandoned,"ILIKEYOU, ILY","May 08, 2011",OXOEO Inc,,chris@oxoeo.com
77831163,REQUEST_FAILED,,,,,
77831607,deadAbandoned,LAUNDROMATE,"Jun. 13, 2011","Tamir, Anat",,anat333@hotmail.com
77831603,REQUEST_FAILED,,,,,
77831522,REQUEST_FAILED,,,,,
77832070,deadAbandoned,UDEVELOP,"May 03, 2011","Cerner Innovation, Inc.",,
77832067,deadAbandoned,ENTERPRISE POSITIONING SOLUTION,"May 02, 2011","Cerner Innovation, Inc.",,
77831841,REQUEST_FAILED,,,,,
77832622,deadAbandoned,GW,"Aug. 18, 2011",Michael Sivan,,michael@sivan.hk
77832670,deadAbandoned,SCUBA CHAIR,"Jan. 03, 2011","BrynnBella, LLC",,ashihmd@sbcglobal.net
77832662,deadAbandoned,EMPOWER,"Feb. 16, 2011","KWG Partners, LLC",,
77832140,REQUEST_FAILED,,,,,
77832713,deadAbandoned,AUTOMATED CHEMOSTAT TREATMENT,"Jan. 27, 2011","Biological Petroluem Cleaning, Ltd",,yael@biopetroclean.com
77832621,REQUEST_FAILED,,,,,
77832674,deadAbandoned,WEBITATION,"Jun. 02, 2011","Knight, Samuel John",,samknightnz@yahoo.com.au
77832893,REQUEST_FAILED,,,,,
77833689,deadAbandoned,HAWK ESHOW,"Aug. 10, 2011","Changzhou Hawk Display Appliance Manufacture Co., Ltd.",,zhanghonglu@inipa.com
77834474,deadAbandoned,FINDABILITY FORMULA,"Oct. 14, 2011","Lutze, Heather F",,
77833584,REQUEST_FAILED,,,,,
77833876,REQUEST_FAILED,,,,,
77834518,deadAbandoned,ZANTRATE,"Mar. 28, 2011",Lavoris Holdings Inc.,,
77834517,REQUEST_FAILED,,,,,
77834563,REQUEST_FAILED,,,,,
77834605,REQUEST_FAILED,,,,,
77835652,deadAbandoned,W WIIZGEAR,"Jan. 03, 2011",Moonlight Visions LLC,,phongtran.com@gmail.com
77835041,REQUEST_FAILED,,,,,
77835774,deadAbandoned,WHAT'S NEW!,"Jan. 20, 2011","La Touraine, Inc",,kkachman@pointlomalaw.com
77835947,deadAbandoned,TOOLWORKS,"Apr. 05, 2011",Custom Leathercraft manufacturing Inc.,,mattnclc@gmail.com
77835990,deadAbandoned,BYO RADIO,"Jul. 05, 2011","Main Gate Media, Inc.",,ahedg72@gmail.com
77836096,REQUEST_FAILED,,,,,
77836161,REQUEST_FAILED,,,,,
77836133,REQUEST_FAILED,,,,,
77836215,deadAbandoned,10ROOF ENTERTAINMENT,"Sep. 26, 2011","Rouse, Marion",,teamplayr4@yahoo.com
77836474,deadAbandoned,I AM CIVILIZED CIVILIZED NATION EST 2008 I AM CIVILIZED,"Jul. 05, 2011","Gracia, Alex",,drgeraldgracia@gmail.com
77836214,REQUEST_FAILED,,,,,
77836328,REQUEST_FAILED,,,,,
77837002,deadAbandoned,PREMIER BY DEAD SEA PREMIER,"Apr. 27, 2011",Luis Gerardo Bermea Menchaca,,alvarogutie@gmail.com
77836756,REQUEST_FAILED,,,,,
77836938,REQUEST_FAILED,,,,,
77837447,deadAbandoned,PILATESNOW,"Dec. 26, 2011",Off The Field Enterprises LLC,,moffie@mac.com
77837318,REQUEST_FAILED,,,,,
77837389,REQUEST_FAILED,,,,,
77837826,deadAbandoned,MIND BODY AND SOUL TONIC,"Jan. 03, 2011",Daniel Benhuri,,dbenhuri@gmail.com
77837487,REQUEST_FAILED,,,,,
77837546,REQUEST_FAILED,,,,,
77838003,deadAbandoned,CAPTAIN HAIR,"Apr. 11, 2011","Twigg, Stuart",,sales@captainhair.com
77837759,REQUEST_FAILED,,,,,
77838118,deadAbandoned,BD PHOSFLOW,"May 16, 2011","Becton, Dickinson and Company",,
77838025,REQUEST_FAILED,,,,,
77838221,REQUEST_FAILED,,,,,
77838324,deadAbandoned,INSPIRING THE GREATNESS WITHIN YOU.,"Aug. 18, 2011",PlanetAdmin LLC,,connect@PlanetAdmin.net
77838734,deadAbandoned,ECCA CARBOXY,"Jan. 17, 2011","Medina-Esquer, Luis Roman",,jramirez@innovakglobal.com
77838593,REQUEST_FAILED,,,,,
77838742,REQUEST_FAILED,,,,,
77838782,REQUEST_FAILED,,,,,
77838920,REQUEST_FAILED,,,,,
77839038,REQUEST_FAILED,,,,,
77839740,deadAbandoned,YOSPONSORS,"Jun. 27, 2011","Shaffaat, Saghar",,jdstudies@yahoo.com
77839681,deadAbandoned,PLANETADMIN,"Jan. 27, 2011",PlanetAdmin LLC,,connect@PlanetAdmin.net
77839527,REQUEST_FAILED,,,,,
77839903,deadAbandoned,PADUS,"Oct. 10, 2011",Kim Williamson,,planetkim@yahoo.com
77839889,deadAbandoned,GASTRILIM,"Apr. 11, 2011",BARCENAS LOREDO NARDA LETICIA,,barcenasloredo@hotmail.com
77840171,deadAbandoned,MYSTIC FALLS,"Jul. 11, 2011","Bourgoyne, Chad R",,chad@chadrocky.com
77840037,REQUEST_FAILED,,,,,
77840275,deadAbandoned,"""MID MONTH MIXER ATLANTA""","Mar. 24, 2011","Pettis, Jermain L",,jermain@atlantamidmonth.com
77840318,deadAbandoned,DIABEGOLD,"Jan. 03, 2011",BARCENAS LOREDO NARDA LETICIA,,barcenasloredo@hotmail.com
77840129,REQUEST_FAILED,,,,,
77840434,deadAbandoned,SPIRITDANCE FILM FESTIVAL,"Jan. 03, 2011",Dwayne Tarver,,detarver@live.com
77840455,deadAbandoned,FANTATOR,"Oct. 03, 2011","Nwankwo,Peter",,PNRM@HOTMAIL.CO.UK
77840233,REQUEST_FAILED,,,,,
77840378,REQUEST_FAILED,,,,,
77840501,REQUEST_FAILED,,,,,
77840998,deadAbandoned,EXCLUSIVE TRAVELERS,"Jan. 25, 2011",Christopher Jay Fonseca,,cjfonseca76@socal.rr.com
77840912,REQUEST_FAILED,,,,,
77841007,deadAbandoned,LD WATCH,"Apr. 14, 2011",SOLAR TIME LIMITED,,info.info168@gmail.com
77840997,REQUEST_FAILED,,,,,
77841294,deadAbandoned,YANKBEGONE,"Jan. 03, 2011",Siesta Enterprises,,m.gedney@verizon.net
77841002,REQUEST_FAILED,,,,,
77841818,deadAbandoned,INSURACCOUNT,"May 29, 2011","Pierre, Wendell",,wendellpierre@hotmail.com
77841356,REQUEST_FAILED,,,,,
77841509,REQUEST_FAILED,,,,,
77841954,deadAbandoned,MURDERBALL,"Jan. 02, 2011",John Ershek,,johnershek@comcast.net
77841870,REQUEST_FAILED,,,,,
77841934,REQUEST_FAILED,,,,,
77841976,REQUEST_FAILED,,,,,
77842182,deadAbandoned,WASP WIRELESS AUDIO SUPPORT PRODUCTS,"Aug. 22, 2011","Tschirpke, David C",,Audio.DaveT@Gmail.com
77842010,REQUEST_FAILED,,,,,
77842203,deadAbandoned,BUTLER MRI CLEANING,"Aug. 05, 2011","Butler Cleaning Services, Inc.",,markhart@butlercleaningservices.com
77842415,deadAbandoned,BRICKS AND BLENDS,"Aug. 12, 2011","AnchorBayTile.com, Inc.",,steve@anchorbaytile.com
77842377,deadAbandoned,PLURAL,"Jan. 03, 2011","Hanson, Craig E.",,craig.hanson@mac.com
77842247,REQUEST_FAILED,,,,,
77842299,REQUEST_FAILED,,,,,
77842276,REQUEST_FAILED,,,,,
77842587,deadAbandoned,GREENERFEST,"Jun. 16, 2011","AGOSTINELLI, SCOTT THOMAS",,gilraen1@aol.com
77843124,deadAbandoned,FEM-IMMUNE,"Jul. 05, 2011",American Maternity Products Inc.,,ematernity@aol.com
77842990,REQUEST_FAILED,,,,,
77843173,deadAbandoned,ANGELLIFT,"Oct. 03, 2011","Medical Matrix, LLC",,aaron@angellift.com
77843224,deadAbandoned,DAPTOWN,"Jan. 03, 2011","DAPTOWN, LLC",,gjax1@aol.com
77843114,REQUEST_FAILED,,,,,
77843319,deadAbandoned,BIMSCAPES,"Jan. 03, 2011",InPro Corporation,,kswanson@inprocorp.com
77843227,REQUEST_FAILED,,,,,
77843370,deadAbandoned,GURUHONEY,"Dec. 19, 2011",GuruHoney LLC,,SMTeten@yahoo.com
77843358,deadAbandoned,WEB CUBED,"Jul. 11, 2011",MENTAL IMAGES GMBH,,
77843277,REQUEST_FAILED,,,,,
77843246,REQUEST_FAILED,,,,,
77843534,deadAbandoned,PISSONMY,"Jan. 03, 2011",Erin Moore,,ekmoore01@gmail.com
77843598,deadAbandoned,LA BRIZE N.Y.C,"Feb. 09, 2011",Souksamlane Stephane,,stephsouk@gmail.com
77843911,deadAbandoned,TRIBAN,"Jan. 03, 2011","McWood, Arthur B",,amcwood@comcast.net
77843715,REQUEST_FAILED,,,,,
77843947,deadAbandoned,I GIG 247,"Feb. 17, 2011","POWELL, MARSHA L",,mpowell006@ca.rr.com
77843971,deadAbandoned,PNEUMERATOR,"Jan. 03, 2011","Divergent Energy Works, LLC",,info@divenworks.com
77843898,REQUEST_FAILED,,,,,
77844021,deadAbandoned,O'KUT SAFE · SERIOUS · SCISSORS,"Jul. 23, 2011",HTL Limited,,debbiel@sewgroup.com
77843956,REQUEST_FAILED,,,,,
77844023,REQUEST_FAILED,,,,,
77844040,REQUEST_FAILED,,,,,
77844305,deadAbandoned,DAPTOWN,"Jan. 03, 2011","DAPTOWN, LLC",,gjax1@aol.com
77844180,REQUEST_FAILED,,,,,
77844843,deadAbandoned,GLORIA'S ANGELS LIFTING BURDENS BUILDING COMMUNITIES CARING FOR LOVED ONES,"Feb. 01, 2011",Gloria's Angels Foundation,,contact@gloriasangels.org
77844526,REQUEST_FAILED,,,,,
77844790,REQUEST_FAILED,,,,,
77845055,deadAbandoned,ZINC,"Jan. 03, 2011",American Express Marketing & Development Corp.,,
77844891,REQUEST_FAILED,,,,,
77845166,deadAbandoned,FIRECREEK MUSIC,"Aug. 12, 2011","David VanCronkhite, Sr.",,davidvc@me.com
77845058,deadAbandoned,ZINC CARD,"Jan. 03, 2011",American Express Marketing & Development Corp.,,
77845061,REQUEST_FAILED,,,,,
77845274,deadAbandoned,MIND BODY & SOUL TONIC,"Jan. 03, 2011","Benhuri, Daniel",,dbenhuri@gmail.com
77845197,REQUEST_FAILED,,,,,
77845267,REQUEST_FAILED,,,,,
77845390,deadAbandoned,SAFE KID CLUB,"May 11, 2011",No More Stolen Childhoods,,shagelin@nomorestolenchildhoods.com
77845328,deadAbandoned,SPEEDI-COLLAR,"Jan. 14, 2011",Applied Applications International Inc.,,apilger@appappint.com
77845459,REQUEST_FAILED,,,,,
77845471,REQUEST_FAILED,,,,,
77846025,deadAbandoned,GYM CHAT,"Feb. 01, 2011","Ehsanipour, Roxanna",,admin@gymchat.com
77845572,REQUEST_FAILED,,,,,
77846065,deadAbandoned,100 THINGS TO EXPECT WHEN,"May 30, 2011","Sachar, Vikas",,aschwartz@schwartzip.com
77845995,REQUEST_FAILED,,,,,
77846450,deadAbandoned,ZÜS ENERGY,"Jun. 27, 2011","MONOGY HOLDINGS, LLC",,
77846220,deadAbandoned,WHEN GPS IS LOST,"Apr. 18, 2011",Locata Corporation Pty Ltd,,patents@locatacorp.com
77846608,deadAbandoned,QUICK PAK,"May 30, 2011","Daniels, Terry L.",,patentlawinc@hotmail.com
77846218,REQUEST_FAILED,,,,,
77846531,deadAbandoned,A EMPORIO COLLEZIONE,"Aug. 01, 2011",Marina Peyrard,,jforero@perfecttaxsolutions.com
77846452,REQUEST_FAILED,,,,,
77846459,REQUEST_FAILED,,,,,
77846778,REQUEST_FAILED,,,,,
77846872,REQUEST_FAILED,,,,,
77847021,REQUEST_FAILED,,,,,
77847227,deadAbandoned,UNLOCKING YOUR GREEN POTENTIAL,"Jun. 27, 2011","Enalasys, Inc.",,docketing@pelaw.net
77847330,REQUEST_FAILED,,,,,
77847627,REQUEST_FAILED,,,,,
77847710,REQUEST_FAILED,,,,,
77847764,REQUEST_FAILED,,,,,
77848074,deadAbandoned,POM POM AND FRIENDS,"Dec. 12, 2011",Gangwon Information & Multimedia Corporation,,twyocum@me.com
77847994,REQUEST_FAILED,,,,,
77848021,REQUEST_FAILED,,,,,
77848424,deadAbandoned,REMIX,"Jun. 20, 2011",Amsoft Systems Private Limited,,harpreet@jotwani.com
77848080,REQUEST_FAILED,,,,,
77848541,deadAbandoned,WORK N TONE,"Dec. 19, 2011",ACI International,,aliau@aciint.com
77848450,REQUEST_FAILED,,,,,
77848549,deadAbandoned,CHECKMATE RECORDS,"Jan. 10, 2011",Checkmate Records Inc.,,icemoney4@yahoo.com
77848890,deadAbandoned,PAT MAC,"Mar. 10, 2011","McLemore, Patrick A.",,pmclemor@utk.edu
77848754,deadAbandoned,WING GIRL,"May 30, 2011",HAX Pheroceuticals Inc.,,brad@wingmanedge.com
77849004,REQUEST_FAILED,,,,,
77849024,REQUEST_FAILED,,,,,
77849255,deadAbandoned,FLIPDOG,"Nov. 28, 2011",William Edmund Cooke,,
77849050,REQUEST_FAILED,,,,,
77849052,REQUEST_FAILED,,,,,
77849439,deadAbandoned,BDL,"Jan. 27, 2011","BDL, Big Daddy Leather",,
77849345,REQUEST_FAILED,,,,,
77849643,REQUEST_FAILED,,,,,
77849665,REQUEST_FAILED,,,,,
77850060,deadAbandoned,HEALTH ESCAPE,"Feb. 01, 2011","Regnier, Gerard S. II",,brendaregnier@yahoo.com
77849782,REQUEST_FAILED,,,,,
77850094,deadAbandoned,SAVE MY SMILE,"Jul. 05, 2011","Royal, Amber",,ARoyal@savemysmile.com
77849960,REQUEST_FAILED,,,,,
77850368,deadAbandoned,ROCKSALT,"Dec. 12, 2011","Rocksalt, LLC",,
77850465,deadAbandoned,GROVEHOUSE LLC,"Jul. 26, 2011","Grovehouse Media, LLC",,steve@grovehousellc.com
77850459,REQUEST_FAILED,,,,,
77850724,deadAbandoned,SWING SPEED APP,"Jan. 03, 2011",AR Motion,,r.li@armotion.com
77851040,deadAbandoned,EGGSHELL THIN CASE,"Jan. 31, 2011","Onda, Hideki Francis",,hidechan@mac.com
77850772,REQUEST_FAILED,,,,,
77851155,deadAbandoned,KALUNITE,"Jun. 27, 2011",Verdan Francis,,verdan@verdan.net
77851099,deadAbandoned,MINERALPROTECT,"Jun. 27, 2011","Verdan, Francis",,verdan@verdan.net
77851215,deadAbandoned,MANSCAPE,"Sep. 05, 2011",Candace Chen,,candacechen@cox.net
77851193,deadAbandoned,GOT RECORDS?,"Jun. 20, 2011",Keli Price LLC,,priceart@aol.com
77851258,deadAbandoned,POTTY PRINCESS,"Jan. 24, 2011","Hornsby, Shanna A",,shannahornsby@gmail.com
77851262,deadAbandoned,POTTY PIRATE,"Jan. 24, 2011","Hornsby, Shanna A",,shannahornsby@gmail.com
77851154,REQUEST_FAILED,,,,,
77851188,REQUEST_FAILED,,,,,
77851336,deadAbandoned,GUTTER-VAC,"Jan. 16, 2011",Gutter-Vac Holdings Australia Pty Ltd,,gillian@guttervac.com.au
77851608,deadAbandoned,LIVE IN YOUR SKIN,"Jun. 27, 2011",William Francis Rowe Foundation for Melanoma Awareness,,
77851396,REQUEST_FAILED,,,,,
77851502,REQUEST_FAILED,,,,,
77852165,deadAbandoned,PACIFIC COAST PUBLISHING,"Jun. 13, 2011",Pacific Coast Publishing LLC,,
77851717,REQUEST_FAILED,,,,,
77852026,REQUEST_FAILED,,,,,
77852370,deadAbandoned,WUIT,"Oct. 19, 2011","Wu, Fred",,canglan@gmail.com
77852735,deadAbandoned,FOISON,"Mar. 21, 2011",Vintech Sysrem Inc.,,Mun@vintechnology.com
77852639,REQUEST_FAILED,,,,,
77852827,REQUEST_FAILED,,,,,
77852892,REQUEST_FAILED,,,,,
77852909,REQUEST_FAILED,,,,,
77853019,REQUEST_FAILED,,,,,
77853195,REQUEST_FAILED,,,,,
77853428,deadAbandoned,IDENTI5,"Oct. 24, 2011","Tran, Howard",,htran82@gmail.com
77853619,deadAbandoned,ASSETTRACK-IT,"Feb. 22, 2011","Ward/Kraft, Inc.",,
77853685,deadAbandoned,None,"Mar. 02, 2011","TreeHouse, L.P.",,
77853396,deadAbandoned,HANDLE THE ROCK,"Jun. 06, 2011","Gayden, Leigh A",,leighgayden@yahoo.com
77853725,REQUEST_FAILED,,,,,
77853972,REQUEST_FAILED,,,,,
77854061,REQUEST_FAILED,,,,,
77854437,deadAbandoned,THE QUEEN KILLING KINGS,"Jun. 27, 2011","The Queen Killing Kings, LLC",,
77854438,deadAbandoned,THE QUEEN KILLING KINGS,"Jan. 03, 2011","The Queen Killing Kings, LLC",,
77854225,REQUEST_FAILED,,,,,
77854454,deadAbandoned,GIVING GOLD,"Feb. 07, 2011","ARCH STANTON, LLC",,
77854453,REQUEST_FAILED,,,,,
77854653,deadAbandoned,THE LUXURY OF A SUITE IN YOUR SEAT,"Jul. 05, 2011","FanGo Software Systems, LLC",,info@thefango.com
77855314,deadAbandoned,BYOB,"Feb. 17, 2011","Chynna Dolls, LLC",,store@chynnadolls.com
77854797,REQUEST_FAILED,,,,,
77855391,deadAbandoned,MOBICHARGE EMPOWERING THE MOBILE WORLD,"Jun. 24, 2011","Arushi, Inc.",,mobicharge@gmail.com
77855162,REQUEST_FAILED,,,,,
77855441,deadAbandoned,MYPREVAIL,"Jul. 18, 2011",Prevail Health Solutions LLC,,JSAKEVICH@PREVAILHS.COM
77855534,deadAbandoned,KING ROYALES,"Mar. 14, 2011",KING ROYALES LLC,,kingroyales@yahoo.com
77855592,deadAbandoned,FRAGNSTEIN,"Jun. 07, 2011",Bannco Corp.,,jgning@gmail.com
77855576,deadAbandoned,"PORT UNITED, INC.","Mar. 04, 2011","Port United, Incoporated",,mbdougan@gmail.com
77855617,deadAbandoned,CITY + SEA,"Jan. 03, 2011",City and Sea LLC,,andreaushijima@gmail.com
77855557,REQUEST_FAILED,,,,,
77855676,deadAbandoned,VISUOWL,"Feb. 04, 2011",DUHAMEL OLIVIER,,duhamelolivier@hotmail.com
77855471,deadAbandoned,HOW DO YOU PREVAIL?,"Jan. 17, 2011",Prevail Health Solutions LLC,,JSAKEVICH@PREVAILHS.COM
77855787,deadAbandoned,R,"Jul. 18, 2011",ROCK IT LIMITED,,alixyaleristas@gmail.com
77856036,deadAbandoned,SSPL,"Dec. 19, 2011","Topanga Technologies, Inc.",,rosalinda@rtogawa.com
77856191,deadAbandoned,SHRUGGED,"Oct. 17, 2011","Aspen MLT, Inc.",,
77856182,deadAbandoned,SHRUGGED,"Oct. 17, 2011","Aspen MLT, Inc.",,
77855959,REQUEST_FAILED,,,,,
77856075,REQUEST_FAILED,,,,,
77856198,deadAbandoned,MINDFIELD,"Oct. 17, 2011","Aspen MLT, Inc.",,
77856475,deadAbandoned,PHARMAGRAN,"Jan. 03, 2011","Credo-Salerno Holdings, LLC.",,steunissen@nutrigran.com
77856409,REQUEST_FAILED,,,,,
77856685,deadAbandoned,BIESEL,"Feb. 28, 2011",RAFT GROUP,,mikergold@gmail.com
77856672,deadAbandoned,None,"Jun. 27, 2011","Stegmann, Adam L",,adamstegmann@gmail.com
77856645,REQUEST_FAILED,,,,,
77856691,REQUEST_FAILED,,,,,
77856730,REQUEST_FAILED,,,,,
77856853,deadAbandoned,None,"Jan. 03, 2011","Miemis, Venessa M",,venessamiemis@gmail.com
77856881,REQUEST_FAILED,,,,,
77857136,REQUEST_FAILED,,,,,
77857239,deadAbandoned,NEEDCUBE,"May 02, 2011",Nagy Gergely,,geri.nagy@gmail.com
77857210,REQUEST_FAILED,,,,,
77857619,deadAbandoned,YESFOREX.COM,"Jan. 03, 2011",YESFOREX LLC,,trade@yesforex.com
77857777,deadAbandoned,RED-E TOGO NOURISHED BY NATURE,"Feb. 23, 2011","COSAMI, LTD",,
77857579,REQUEST_FAILED,,,,,
77857483,REQUEST_FAILED,,,,,
77857630,REQUEST_FAILED,,,,,
77857925,deadAbandoned,REEL HEALTHY SEAFOOD,"Dec. 05, 2011","Safcol USA, Inc.",,tmregistered@gmail.com
77857849,REQUEST_FAILED,,,,,
77857935,deadAbandoned,D MARSECCO,"Jul. 11, 2011","Wegener, Bernd",,info@castle-of-dracula.com
77857992,deadAbandoned,STANDBY,"Feb. 11, 2011",Design Studio & Barcelona sl,,oliveri@dsb-design.com
77857921,REQUEST_FAILED,,,,,
77858152,REQUEST_FAILED,,,,,
77858231,deadAbandoned,SMILEY FACE,"Aug. 02, 2011",Harvey Ball Smile Limited,,jassinter.inc-jp@dream.com
77858301,REQUEST_FAILED,,,,,
77858566,deadAbandoned,JR. MUSIC EXECUTIVE,"Mar. 17, 2011",Jr. Music Executive,,
77858384,REQUEST_FAILED,,,,,
77858693,deadAbandoned,FIX RECOVERY,"Jan. 03, 2011","Enlyten, L.L.C.",,
77858726,deadAbandoned,UNISYN,"Jan. 03, 2011","UNISYN MEDICAL TECHNOLOGIES, INC.",,
77858733,deadAbandoned,UNISYN,"Jan. 03, 2011","UNISYN MEDICAL TECHNOLOGIES, INC.",,
77858684,REQUEST_FAILED,,,,,
77858887,deadAbandoned,RAZOR SAVOR,"Jan. 10, 2011",Mainland China Direct Limited,,sean@mainlandchinadirect.com
77858933,deadAbandoned,DEEP MEMORY PROCESS DMP,"May 24, 2011","Woolger, Roger J.",,rogerwoolger@earthlink.net
77858943,REQUEST_FAILED,,,,,
77858983,REQUEST_FAILED,,,,,
77859097,REQUEST_FAILED,,,,,
77859221,REQUEST_FAILED,,,,,
77859410,deadAbandoned,GREENROOF AT GROUND LEVEL,"Jan. 03, 2011",Americast,,csmith@filterra.com
77859538,deadAbandoned,SWIRQLE,"Dec. 19, 2011",James Colmenares,,KindredSpirits2020@gmail.com
77859341,REQUEST_FAILED,,,,,
77859791,deadAbandoned,DEVON,"Nov. 10, 2011","Devon Motorworks, LLC",,
77859483,REQUEST_FAILED,,,,,
77859617,REQUEST_FAILED,,,,,
77859689,REQUEST_FAILED,,,,,
77859979,deadAbandoned,CHICHI MAMA,"Jan. 17, 2011","Estes, Sherry Ann",,gal72700@aol.com
77859825,REQUEST_FAILED,,,,,
77860104,deadAbandoned,ZYNCTANK,"Feb. 07, 2011",American Express Marketing & Development Corp.,,
77859950,REQUEST_FAILED,,,,,
77860103,REQUEST_FAILED,,,,,
77859990,REQUEST_FAILED,,,,,
77860274,REQUEST_FAILED,,,,,
77860241,REQUEST_FAILED,,,,,
77860628,deadAbandoned,THIRD SECTOR CONNECTOR,"Mar. 15, 2011","Clear Target, LLC",,lgdeaton@ix.netcom.com
77860454,REQUEST_FAILED,,,,,
77860562,REQUEST_FAILED,,,,,
77860984,deadAbandoned,IMIR,"Jan. 03, 2011","IMIR, LLC",,COURTNEY@WHITEDEERPRESERVE.COM
77860999,deadAbandoned,VAIL VALLEY COSMETIC SURGERY,"Feb. 18, 2011",PARK MEADOWS COSMETIC SURGERY CORPORATION,,
77861001,deadAbandoned,CHIPSEARCH,"Jan. 03, 2011","IMIR, LLC",,COURTNEY@WHITEDEERPRESERVE.COM
77860997,REQUEST_FAILED,,,,,
77861017,REQUEST_FAILED,,,,,
77861506,deadAbandoned,ACTRA,"Jan. 03, 2011","Foot Locker Retail, Inc.",,tbombata@footlocker.com
77861396,REQUEST_FAILED,,,,,
77861406,REQUEST_FAILED,,,,,
77861896,deadAbandoned,FLUSHAID,"Nov. 14, 2011",FLUSHAID INC.,,lhsanchez@mastercim.com.mx
77861750,REQUEST_FAILED,,,,,
77861879,REQUEST_FAILED,,,,,
77861981,deadAbandoned,FRIENDLY PRICE,"Jan. 03, 2011","Tradepal, Inc.",,karim.guessous@tradepal.com
77861968,deadAbandoned,VLABS PROACTIVE DEFENSE,"Jan. 03, 2011","Al Zubaidi, Zuhair",,
77861983,deadAbandoned,SENEGAZELLE,"Jul. 05, 2011","Seck, Ndeye",,senegazellefashions@gmail.com
77861930,REQUEST_FAILED,,,,,
77862039,deadAbandoned,COOLNESS,"Dec. 14, 2011",Feld S.r.l.,,info@feld.it
77861974,REQUEST_FAILED,,,,,
77862109,deadAbandoned,"LW, LEMON WATER","Jan. 24, 2011",Adam Leja,,lejaadam@Hotmail.com
77862136,deadAbandoned,GF JOY,"Jan. 24, 2011","Fields, Colleen Joy",,gfjoy@yahoo.com
77862090,REQUEST_FAILED,,,,,
77862126,REQUEST_FAILED,,,,,
77862131,REQUEST_FAILED,,,,,
77862147,deadAbandoned,YAOWA!,"Sep. 06, 2011",Lush Life Studios,,mike@slaughterhouseweb.com
77862516,deadAbandoned,KLINKOV,"Jul. 11, 2011","Zakrite Akcionerne Tovaristvol ""Alef-Vinal""",,
77862519,deadAbandoned,JAN-JAK,"Jul. 11, 2011","Zakrite Akcionerne Tovaristvol ""Alef-Vinal""",,
77862745,deadAbandoned,V VICTORY ON GREEN,"Oct. 31, 2011","Rim, Chol Kwi",,patentlawinc@hotmail.com
77862639,REQUEST_FAILED,,,,,
77862655,REQUEST_FAILED,,,,,
77862775,deadAbandoned,VOG,"Oct. 31, 2011","Rim, Chol Kwi",,patentlawinc@hotmail.com
77862657,REQUEST_FAILED,,,,,
77862683,REQUEST_FAILED,,,,,
77862880,deadAbandoned,TABLE GO ROUND,"Jan. 10, 2011",Telebrands Corp.,,pdmurray@cooperdunham.com
77862866,REQUEST_FAILED,,,,,
77862916,REQUEST_FAILED,,,,,
77863074,REQUEST_FAILED,,,,,
77863079,REQUEST_FAILED,,,,,
77863349,REQUEST_FAILED,,,,,
77863718,deadAbandoned,MARISCO LIQUEUR,"Sep. 06, 2011",Dwight Daniel,,dwight.daniel@mariscoliqueur.com
77863409,REQUEST_FAILED,,,,,
77863608,REQUEST_FAILED,,,,,
77863816,deadAbandoned,MEDITHRIVE MEDICAL MARIJUANA PROVIDER,"Nov. 18, 2011","Med Thrive Cooperative, Inc.",,
77863735,REQUEST_FAILED,,,,,
77863820,REQUEST_FAILED,,,,,
77863969,REQUEST_FAILED,,,,,
77864039,REQUEST_FAILED,,,,,
77864124,REQUEST_FAILED,,,,,
77864446,deadAbandoned,EVERYTHING YOU NEED TO KNOW,"Jan. 10, 2011",OCC GmbH i.G.,,frank.diestelhorst@web.de
77864392,deadAbandoned,GLOBAL DIGITAL PRESS,"Sep. 04, 2011","Global Technologies Central, LLC",,administrator@ThermalFluidsCentral.org
77864310,REQUEST_FAILED,,,,,
77864398,deadAbandoned,SUAVE,"Jan. 03, 2011","Rivera, Antonio R.",,antonioriveradds@gmail.com
77864478,deadAbandoned,PASION GAUCHA,"Jan. 10, 2011",Santino SRL,,hernanb@connectionsar.com
77864625,REQUEST_FAILED,,,,,
77864786,deadAbandoned,SEEMORE BEAR,"Jan. 25, 2011",Jim Wheeler,,bigwheelprod@aol.com
77864806,deadAbandoned,RED CARPET TREATMENT,"Jul. 14, 2011","G5 Outdoors, LLC",,mattgrace@graceeng.com
77864692,REQUEST_FAILED,,,,,
77864737,REQUEST_FAILED,,,,,
77864827,deadAbandoned,VILLAGE PET OUTFITTERS,"Feb. 19, 2011","Village Pet Outfitters, LLC",,contact@villagepetoutfitters.com
77864817,REQUEST_FAILED,,,,,
77864910,REQUEST_FAILED,,,,,
77865459,deadAbandoned,DESIGN WITH A CONSCIENCE,"Jan. 31, 2011","Glass2, Inc.",,sternwong@gmail.com
77865478,deadAbandoned,GLUCOGUIDE,"Jan. 10, 2011",AUTOMEDICS MEDICAL SYSTEMS,,cbiagioli@automedicsrx.com
77865476,deadAbandoned,HEPGUIDE,"Jan. 10, 2011",AUTOMEDICS MEDICAL SYSTEMS,,cbiagioli@automedicsrx.com
77865432,REQUEST_FAILED,,,,,
77865453,REQUEST_FAILED,,,,,
77865486,deadAbandoned,IWINEMAKER,"Mar. 07, 2011","Kirilov, Petar I",,ptrkirilov@gmail.com
77865464,REQUEST_FAILED,,,,,
77865680,deadAbandoned,SAYHIRED,"Jan. 10, 2011","Vestopia, Inc",,guy@ultimatehire.com
77865586,REQUEST_FAILED,,,,,
77865790,deadAbandoned,STRAIT JACKET INSANE ENERGY,"Jan. 03, 2011","Priest, Jonathan",,jonprst@yahoo.com
77865940,deadAbandoned,FREEDOM FRENZY,"Jan. 10, 2011",mazur walter,,dfic888@comcast.net
77865971,deadAbandoned,THE BUSH WICK,"Jan. 14, 2011","Osez Vous? International Spirits, LLC",,rcooper@cooperspirits.com
77866003,REQUEST_FAILED,,,,,
77866037,REQUEST_FAILED,,,,,
77866119,REQUEST_FAILED,,,,,
77866358,deadAbandoned,AVIDICO,"Jan. 10, 2011","AVI Holdings, Inc.",,
77866334,REQUEST_FAILED,,,,,
77866315,REQUEST_FAILED,,,,,
77866391,REQUEST_FAILED,,,,,
77866505,deadAbandoned,THOSE NUTS,"Jul. 11, 2011","Grant, Peter L.",,thosenutstm@yahoo.com
77866481,deadAbandoned,NIIICE,"Jan. 10, 2011",Niiice Gear LLC,,INFO@NIIICEGEAR.COM
77866452,REQUEST_FAILED,,,,,
77866479,REQUEST_FAILED,,,,,
77866593,deadAbandoned,CHUPARINDO,"Feb. 14, 2011",CERVANTES RODRIGUEZ JUAN PABLO,,itp_98@yahoo.com
77866629,deadAbandoned,PURA VERDE,"Apr. 04, 2011",CR Imperial Marketing LLC,,wayneb77@gmail.com
77866518,REQUEST_FAILED,,,,,
77866551,REQUEST_FAILED,,,,,
77866586,REQUEST_FAILED,,,,,
77866942,deadAbandoned,COMFORT PULSE,"Jul. 11, 2011","Enalasys, Inc.",,docketing@pelaw.net
77866915,REQUEST_FAILED,,,,,
77867189,deadAbandoned,THE ITALIANS ARE COMING,"Jun. 27, 2011",g4 Productions,,bitmore@att.net
77867226,REQUEST_FAILED,,,,,
77867399,REQUEST_FAILED,,,,,
77867535,deadAbandoned,MINI MEDICAL SCHOOL - MINI BOOK,"Aug. 29, 2011",Personal Physician Network (Ppn),,aschwartz@schwartzip.com
77867605,deadAbandoned,TRIPLE ADVANTAGE,"Jan. 10, 2011",Purarize LLC,,
77867612,deadAbandoned,"TRUE COMEDY ""GETTING GIGGLES FOR GOD""","Dec. 20, 2011","Smith, Kristy D.",,mcsnfamily@hotmail.com
77867553,REQUEST_FAILED,,,,,
77867559,REQUEST_FAILED,,,,,
77867604,REQUEST_FAILED,,,,,
77867615,REQUEST_FAILED,,,,,
77867792,deadAbandoned,FORMER CONSTRUCTION GUYS,"Jan. 10, 2011",Southern 180 llc,,tjt305@gmail.com
77867812,deadAbandoned,AUTOHEP,"Jan. 10, 2011",AUTOMEDICS MEDICAL SYSTEMS,,cbiagioli@automedicsrx.com
77867763,REQUEST_FAILED,,,,,
77867775,REQUEST_FAILED,,,,,
77867857,deadAbandoned,DIAMOND HANDICAP,"Jan. 24, 2011","Hoffman, Ryan J",,hoffman1081@gmail.com
77867814,REQUEST_FAILED,,,,,
77867818,REQUEST_FAILED,,,,,
77867901,deadAbandoned,HEXAM CAPITAL,"Feb. 09, 2011","Collings, Bryan Alexander Coppin",,bryan.collings@hotmail.co.uk
77868053,deadAbandoned,LITTLE JAMMERS,"Jan. 31, 2011",Jeffrey Richter,,bdoowah@gmail.com
77867878,REQUEST_FAILED,,,,,
77868036,REQUEST_FAILED,,,,,
77868285,deadAbandoned,SWEETWOOD CATTLE CO.,"Jan. 17, 2011","WOOD, RYAN S.",,ryan@elkrivercorp.com
77868282,REQUEST_FAILED,,,,,
77868661,deadAbandoned,ACTIVE RESISTANCE BAND EXERCISER,"Mar. 15, 2011","NeckRx, Inc.",,
77868676,deadAbandoned,ACTIVE RESISTANCE BAND TRAINER,"Mar. 15, 2011","NeckRx, Inc.",,
77868669,deadAbandoned,ACTIVE RESISTANCE BAND THERAPY,"Mar. 15, 2011","NeckRx, Inc.",,
77868512,REQUEST_FAILED,,,,,
77868513,REQUEST_FAILED,,,,,
77868680,deadAbandoned,ACTIVE RESISTANCE BAND,"Mar. 15, 2011","NeckRx, Inc.",,
77868673,deadAbandoned,AT TRADE,"Jun. 27, 2011","FTEN, Inc.",,
77868637,deadAbandoned,PITCHQUEEN,"Jul. 18, 2011",Midtown Marketing Group Inc.,,
77868689,REQUEST_FAILED,,,,,
77868735,REQUEST_FAILED,,,,,
77868808,REQUEST_FAILED,,,,,
77868963,deadAbandoned,PROFIT. NOW.,"Jul. 21, 2011","Ambess Enterprises, Inc.",,accounting@ambess.com
77868915,deadAbandoned,ESPECTACULAR,"Jan. 04, 2011",Vinos Y Licores Azteca. S.A. de C.V.,,tequilarazazteca@hotmail.com
77869049,REQUEST_FAILED,,,,,
77869697,deadAbandoned,GRAZIA,"Oct. 04, 2011",Kimberly Scott,,kimrscott@yahoo.com
77869437,REQUEST_FAILED,,,,,
77869707,REQUEST_FAILED,,,,,
77869835,deadAbandoned,DANK,"Jan. 10, 2011",Dank,,rj.brown@hotmail.com
77869834,deadAbandoned,EL PADRINO,"Mar. 31, 2011",Juan Contreras,,
77869836,deadAbandoned,LUXON,"Jan. 03, 2011","Orbeon Technologies, LLC",,m.shaxted@orbeontechnologies.com
77869845,deadAbandoned,WOOMNN,"Jan. 04, 2011",REN HANJUN,,
77870238,deadAbandoned,HARDROCK CRAZY JAKE'S FISH BOMB,"Jan. 10, 2011","Bracken, Lisa",,colobroker1@earthlink.net
77870086,REQUEST_FAILED,,,,,
77870198,REQUEST_FAILED,,,,,
77870262,REQUEST_FAILED,,,,,
77870717,deadAbandoned,LUMEE,"Jan. 10, 2011",Paul Ramsden,,pramsden@surdec.com
77870572,REQUEST_FAILED,,,,,
77870781,deadAbandoned,WOODTOUCH,"Mar. 14, 2011","Cherry Man Industries, Inc.",,edwardk@cherrymanindustries.com
77870750,REQUEST_FAILED,,,,,
77870758,REQUEST_FAILED,,,,,
77870787,REQUEST_FAILED,,,,,
77870824,deadAbandoned,YOBAR,"Jan. 17, 2011","Wong, Hui S",,nataliewong1980@gmail.com
77870801,REQUEST_FAILED,,,,,
77870848,REQUEST_FAILED,,,,,
77871139,deadAbandoned,LAWYERS LIFE NETWORK,"Jun. 27, 2011","ElderLawNet, Inc.",,mark@elderlawanswers.com
77871084,REQUEST_FAILED,,,,,
77871101,REQUEST_FAILED,,,,,
77871120,deadAbandoned,MEASURE EVERYTHING,"Aug. 03, 2011","WattMetrics, LLC.",,zac.morris@wattmetrics.com
77871092,REQUEST_FAILED,,,,,
77871265,deadAbandoned,SIP PRINT,"Feb. 28, 2011","Palmer, Donald",,dcpalmer@sipprint.com
77871212,deadAbandoned,SONSHINECARDS WITH LOVE,"May 31, 2011","Smith,Cynthia,A",,CynthiaSmithGallery@gmail.com
77871159,REQUEST_FAILED,,,,,
77871170,REQUEST_FAILED,,,,,
77871436,REQUEST_FAILED,,,,,
77871575,deadAbandoned,SITECUBE.COM,"Jan. 17, 2011",M/s Trendyworks Technologies Private Limited,,ceo@rightsandmarks.org
77871523,REQUEST_FAILED,,,,,
77871576,REQUEST_FAILED,,,,,
77871733,deadAbandoned,I'M THE NEW DEFINITION OF (H)AVE(A)MBITION(T)O(E)XCEL,"Jan. 17, 2011","Garrett, George A",,ggarrett72@yahoo.com
77871672,REQUEST_FAILED,,,,,
77871753,deadAbandoned,STEPFIT,"Jun. 20, 2011",ACI International,,aliau@aciint.com
77871798,deadAbandoned,SCOPE USA,"Jul. 25, 2011","Liu, Jun",,liujun@scope.com.cn
77871821,deadAbandoned,SANTA WISH REGISTRY,"Mar. 28, 2011","KRS PRODUCTIONS, L.L.C.",,csprysenski@salfi.com
77871796,REQUEST_FAILED,,,,,
77871797,REQUEST_FAILED,,,,,
77871844,deadAbandoned,ALTER NEGO,"Mar. 08, 2011","Perez Nuckel, Ricardo A",,pereznuckel@gmail.com
77871890,deadAbandoned,IT'S SOSIMPLE,"Jan. 17, 2011","Inman, Jay",,inmania@cox.net
77871895,deadAbandoned,ENCYCLOPEDIC DICTIONARY OF NEGOTIATION AND MEDIATION,"Mar. 08, 2011","Perez Nuckel, Ricardo A",,pereznuckel@gmail.com
77872065,REQUEST_FAILED,,,,,
77872105,REQUEST_FAILED,,,,,
77872233,REQUEST_FAILED,,,,,
77872311,REQUEST_FAILED,,,,,
77872332,REQUEST_FAILED,,,,,
77872635,deadAbandoned,FLOAT ENTERPRISES,"Sep. 13, 2011",Dowork Inc.,,kyle@floatenterprises.com
77872604,REQUEST_FAILED,,,,,
77872615,REQUEST_FAILED,,,,,
77872632,REQUEST_FAILED,,,,,
77872722,deadAbandoned,CHI YOGA,"Mar. 14, 2011",Donnelly Martin Thomas,,martydonnelly@gawab.com
77872745,deadAbandoned,MOONWATER,"May 23, 2011",CW Services LLC,,benjaminkern@yahoo.com
77872704,REQUEST_FAILED,,,,,
77872744,deadAbandoned,MOONWATER,"Apr. 08, 2011",CW Services LLC,,benjaminkern@yahoo.com
77872705,REQUEST_FAILED,,,,,
77872779,deadAbandoned,"NEW YORK DINER COFFEE ""COFFEE WITH ATTITUDE""","Oct. 18, 2011",New York Diner Coffee Corp.,,
77872713,REQUEST_FAILED,,,,,
77872760,deadAbandoned,AUTO VITAMINS,"Jul. 25, 2011","Stalwart Strategies Group, LLC",,mbuzzard@stalwartsg.com
77872767,REQUEST_FAILED,,,,,
77872800,REQUEST_FAILED,,,,,
77872833,REQUEST_FAILED,,,,,
77872988,deadAbandoned,ACCUCAP,"Jan. 17, 2011","INVENTiMED, LLC",,jamesboden4@yahoo.com
77873293,deadAbandoned,UNISYN MEDICAL TECHNOLOGIES,"Feb. 28, 2011","UNISYN MEDICAL TECHNOLOGIES, INC.",,
77872984,REQUEST_FAILED,,,,,
77873202,REQUEST_FAILED,,,,,
77873348,REQUEST_FAILED,,,,,
77873432,REQUEST_FAILED,,,,,
77873834,deadAbandoned,BAKITWHY,"Jul. 12, 2011","Kasama Media, LLC",,kaywan@kasamamedia.com
77873845,REQUEST_FAILED,,,,,
77873877,REQUEST_FAILED,,,,,
77873885,REQUEST_FAILED,,,,,
77874086,deadAbandoned,SILENT ROAR,"Jul. 18, 2011",Silent Roar Exhaust Inc.,,
77873933,REQUEST_FAILED,,,,,
77874163,REQUEST_FAILED,,,,,
77874247,REQUEST_FAILED,,,,,
77874400,deadAbandoned,SKULLBOY,"Feb. 17, 2011","Young, Christopher",,gwy1101@aol.com
77874633,deadAbandoned,None,"Jan. 03, 2011","Kirkman, Constance",,thepinkowl@ymail.com
77874497,REQUEST_FAILED,,,,,
77874734,deadAbandoned,WHAT'S ENERGY WITHOUT FOCUS?,"Jan. 17, 2011","TOMIC, INC.",,joseph@drinktomic.com
77874797,REQUEST_FAILED,,,,,
77874951,deadAbandoned,FEISTY MAMA,"Jul. 11, 2011","Feisty Mama Salsa, LLC",,feistymamasalsa@hotmail.com
77874892,REQUEST_FAILED,,,,,
77874898,REQUEST_FAILED,,,,,
77874979,deadAbandoned,PASSIVSECURITY,"Jul. 25, 2011",PassivSystems Limited,,colin.calder@passivsystems.com
77874959,deadAbandoned,VINNIN VN,"Jan. 17, 2011","Robertson, Kyle M.",,kylemkr@live.com
77874971,deadAbandoned,PASSIVCARE,"Jul. 25, 2011",PassivSystems Limited,,colin.calder@passivsystems.com
77874981,deadAbandoned,PASSIVPROTECT,"Jul. 25, 2011",PassivSystems Limited,,colin.calder@passivsystems.com
77874970,REQUEST_FAILED,,,,,
77875272,deadAbandoned,MY LOVE,"Jan. 24, 2011","VISION PHONE CARD DISTRIBUTORS, INC.",,
77875242,deadAbandoned,"ICARE ACADEMIC, LLC","May 31, 2011","iCare Academic, LLC",,icare.tami@gmail.com
77875192,REQUEST_FAILED,,,,,
77875201,REQUEST_FAILED,,,,,
77875446,deadAbandoned,SHAKE UP THE BLUES,"Jan. 10, 2011",T.W.O. TSANG,,twotsang@att.net
77875326,REQUEST_FAILED,,,,,
77875588,REQUEST_FAILED,,,,,
77875967,deadAbandoned,ECOTIQUE,"Jan. 03, 2011","Onda, Hideki Francis",,hidechan@mac.com
77875936,REQUEST_FAILED,,,,,
77875965,REQUEST_FAILED,,,,,
77875972,REQUEST_FAILED,,,,,
77875997,REQUEST_FAILED,,,,,
77876012,REQUEST_FAILED,,,,,
77876294,deadAbandoned,COZY COTTAGE,"Jun. 20, 2011",ACI International,,aliau@aciint.com
77876211,REQUEST_FAILED,,,,,
77876223,REQUEST_FAILED,,,,,
77876367,deadAbandoned,VOILÁ,"Aug. 01, 2011","Discus Dental, LLC",,
77876576,deadAbandoned,IGOTSHTICK,"Apr. 04, 2011",JSG Visionary Corporation,,
77876424,REQUEST_FAILED,,,,,
77876555,deadAbandoned,THE POWER INSIDE,"Oct. 10, 2011","Ototronix, LLC",,kcroghan@ototronix.com
77876604,deadAbandoned,THE POWER TO HEAR,"Oct. 10, 2011","Ototronix, LLC",,kcroghan@ototronix.com
77876435,REQUEST_FAILED,,,,,
77876709,deadAbandoned,BEFORE COCHLEAR IMPLANTS,"Oct. 10, 2011","Ototronix, LLC",,kcroghan@ototronix.com
77876688,deadAbandoned,BEYOND HEARING AIDS,"Oct. 10, 2011","Ototronix, LLC",,kcroghan@ototronix.com
77876674,REQUEST_FAILED,,,,,
77876742,REQUEST_FAILED,,,,,
77876938,REQUEST_FAILED,,,,,
77877055,deadAbandoned,PITA BELLA EAT HEALTHY,"Feb. 09, 2011",Pizza Forno Inc.,,rami.aljbour@gmail.com
77876969,deadAbandoned,PREMIER,"Mar. 04, 2011","LTT Card Services, Inc.",,
77876991,REQUEST_FAILED,,,,,
77877006,REQUEST_FAILED,,,,,
77877060,REQUEST_FAILED,,,,,
77877354,deadAbandoned,BEAUTIFUL POISON,"Jun. 10, 2011","Franklin, Dylan W.",,
77877208,REQUEST_FAILED,,,,,
77877202,REQUEST_FAILED,,,,,
77877290,REQUEST_FAILED,,,,,
77877642,deadAbandoned,SH SANA HASHMAT COUTURE ALL YOU WANT FROM A.M. TO P.M.,"Jul. 25, 2011","Hashmat, Sana",,sanahashmatcouture@yahoo.com
77877562,REQUEST_FAILED,,,,,
77877592,REQUEST_FAILED,,,,,
77877656,REQUEST_FAILED,,,,,
77877878,REQUEST_FAILED,,,,,
77878018,deadAbandoned,SUTURE FIGHT GEAR - IF YOU'RE NOT BLEEDING YOU'RE NOT TRYING,"Dec. 05, 2011","Estreicher, William R",,reid@suturefightgear.com
77877972,REQUEST_FAILED,,,,,
77878059,REQUEST_FAILED,,,,,
77878069,REQUEST_FAILED,,,,,
77878231,deadAbandoned,GRUML,"Aug. 29, 2011","Schwelling, Andreas",,info@grumlapp.com
77878200,REQUEST_FAILED,,,,,
77878302,deadAbandoned,POWERED BY JESUS TO SEE LIFE DIFFERENTLY,"Apr. 08, 2011",Detra F. Cornish,,dfcornish@nlctechnologies.com
77878214,REQUEST_FAILED,,,,,
77878233,deadAbandoned,PNP PRINCE 'N' PRINCESS,"Jan. 17, 2011",Svetco Inc.,,robertlin@svetco.com
77878274,REQUEST_FAILED,,,,,
77878417,deadAbandoned,INFINITE,"Nov. 01, 2011","Li, HaoXiang",,haoxli@yahoo.com
77878377,REQUEST_FAILED,,,,,
77878555,deadAbandoned,ACTIV DOCTORS CONSULT,"Sep. 06, 2011",ACTIV DOCTORS CONSULT,,fmonssoh@mcm-consulting.com
77878485,deadAbandoned,TOOLBOX3C,"Aug. 09, 2011","Honervogt, Ulrich M.",,ulrichhonervogt@hct-hannover.com
77878427,REQUEST_FAILED,,,,,
77878663,deadAbandoned,FOREVER GREEN,"Jul. 25, 2011","Beasley, Bart",,agribart@aol.com
77878589,REQUEST_FAILED,,,,,
77878756,deadAbandoned,IDEALLEADS,"Jul. 25, 2011",Idealleads,,thestudentmaster@gmail.com
77878783,deadAbandoned,WE LIVE IN EXPONENTIAL TIMES,"Jan. 24, 2011",InfoFinder Search Technologies,,vicky@infofindersearch.com
77878696,REQUEST_FAILED,,,,,
77878760,REQUEST_FAILED,,,,,
77879116,deadAbandoned,VERSA-POD XX,"Sep. 12, 2011",VERSA-POD XX,,getfastt@aol.com
77878787,REQUEST_FAILED,,,,,
77879143,deadAbandoned,MERIDIAN VEHICLE SERVICE CONTRACT,"Apr. 27, 2011","Tier One Warranty, LLC",,floras@tieronewarranty.com
77879098,REQUEST_FAILED,,,,,
77879209,deadAbandoned,MENTAL MOBILE,"Jul. 25, 2011",MENTAL IMAGES GMBH,,
77879235,REQUEST_FAILED,,,,,
77879238,REQUEST_FAILED,,,,,
77879243,REQUEST_FAILED,,,,,
77879319,deadAbandoned,ANCHA POLO LABEUR ET COURAGE,"Jan. 19, 2011","Levesque, Charles-Henri",,aschwartz@schwartzip.com
77879316,REQUEST_FAILED,,,,,
77879397,deadAbandoned,GOT LAND?,"Jan. 24, 2011","Prismatic Estates, Inc.",,
77879326,REQUEST_FAILED,,,,,
77879390,deadAbandoned,PRISMATIC ESTATES,"Apr. 04, 2011","Prismatic Estates, Inc.",,
77879363,REQUEST_FAILED,,,,,
77879591,deadAbandoned,52 FOR 2010,"Jan. 17, 2011","Czards, Inc.",,mswmsmd@aol.com
77879423,REQUEST_FAILED,,,,,
77879518,REQUEST_FAILED,,,,,
77879643,REQUEST_FAILED,,,,,
77879712,REQUEST_FAILED,,,,,
77879776,REQUEST_FAILED,,,,,
77879971,deadAbandoned,THE LOOP,"Jul. 25, 2011",Barker's Marque Wine Limited,,ejbarker@verizon.net
77879900,REQUEST_FAILED,,,,,
77880349,deadAbandoned,NOBLE RENTS,"Jan. 24, 2011",Zynik Capital Corporation,,nabilk@zynik.com
77880248,REQUEST_FAILED,,,,,
77880438,deadAbandoned,HOWELL,"Mar. 02, 2011","ZHEJIANG HOWELL ILLUMINATING TECHNOLOGY CO., LTD.",,
77880381,REQUEST_FAILED,,,,,
77880481,deadAbandoned,SUPPORTT ARTHRITIS,"Mar. 21, 2011",Vibrant Life,,ed@oralchelation.com
77880543,deadAbandoned,DO BY DOING,"Aug. 22, 2011","LÓPEZ CAMACHO, Manuel",,
77880408,REQUEST_FAILED,,,,,
77880919,deadAbandoned,BAND ON THE RUN,"Nov. 14, 2011","Shane, Michel",,aschwartz@schwartzip.com
77880956,deadAbandoned,ENVIRO-TEMP,"Apr. 23, 2011","TURBOTEC PRODUCTS, INC.",,holder@turbotecproductsinc.com
77880928,deadAbandoned,LIVE YOUR LOVE,"Jan. 24, 2011","Prutzman, William C.",,willcprutzman@gmail.com
77880675,REQUEST_FAILED,,,,,
77881020,deadAbandoned,SHELF PUZZLE,"Jan. 24, 2011","Grossner, Sam",,shelf@interlync.com
77880967,REQUEST_FAILED,,,,,
77881321,deadAbandoned,L 5 SURROUND,"Jul. 05, 2011","ComVox Audio Co., LTD.",,tipa@tipa.com.tw
77881236,REQUEST_FAILED,,,,,
77881270,REQUEST_FAILED,,,,,
77881305,REQUEST_FAILED,,,,,
77881447,deadAbandoned,SKIP A TRIP,"Jan. 24, 2011",CGE Enterprises LLC,,jhastings@merchantscounsel.com
77881523,deadAbandoned,1960S,"Jan. 24, 2011","Stratford, Frederick R",,frederick_roussel@yahoo.co.uk
77881416,REQUEST_FAILED,,,,,
77881438,REQUEST_FAILED,,,,,
77881489,REQUEST_FAILED,,,,,
77881661,deadAbandoned,FILIPINO BASKETBALL LEAGUE OF ORLANDO FBL,"Dec. 12, 2011","Filipino Basketball League of Orlando, LLC",,jordanaandc@gmail.com
77881539,REQUEST_FAILED,,,,,
77881577,REQUEST_FAILED,,,,,
77881722,deadAbandoned,COYOTE OATIES GOURMET OATMEAL COOKIES,"Mar. 29, 2011","TerHorst, Annette L",,mail4annette@yahoo.com
77881806,deadAbandoned,LOCLITE,"Apr. 18, 2011",Locata Corporation Pty Ltd,,simon.ma@locatacorp.com
77881698,REQUEST_FAILED,,,,,
77881842,deadAbandoned,WIKID,"Dec. 05, 2011","Carrasco-Munoz, Jordi",,jordi.carrascomunoz@mac.com
77881980,deadAbandoned,PONY,"May 30, 2011",FB Acquisition LLC,,jrdenman@bellsouth.net
77881861,deadAbandoned,ALLURE MASSAGE STUDIO,"Jun. 21, 2011","Flores, Anthony",,tonecapone3@aol.com
77881852,REQUEST_FAILED,,,,,
77882020,REQUEST_FAILED,,,,,
77882175,REQUEST_FAILED,,,,,
77882573,deadAbandoned,MARCHING MUTTS,"Feb. 21, 2011",Kaley Anne Hopwood,,khopwood89@gmail.com
77882381,REQUEST_FAILED,,,,,
77882779,deadAbandoned,INDIE HOPS,"Jan. 17, 2011","Indie Hops, LLC",,
77882777,deadAbandoned,IN HOP PURSUIT,"Jan. 17, 2011","Indie Hops, LLC",,
77882740,REQUEST_FAILED,,,,,
77882841,deadAbandoned,ATHELITE,"Jan. 24, 2011","Mirza, Mohammad Ali",,ALI@HEALTHCARELLC.COM
77882838,REQUEST_FAILED,,,,,
77883010,deadAbandoned,METRIC MONITOR,"Jan. 31, 2011","Freischmidt, Benjamin",,benfrei@hotmail.com
77882902,deadAbandoned,TWADEMARKS,"Jan. 31, 2011","Wilson, Reid M.",,reid_wilson@abercrombie.com
77883053,REQUEST_FAILED,,,,,
77883160,REQUEST_FAILED,,,,,
77883230,REQUEST_FAILED,,,,,
77883678,REQUEST_FAILED,,,,,
77883860,REQUEST_FAILED,,,,,
77883982,deadAbandoned,GOLDEN AMPHORA,"Feb. 11, 2011","Zakrite Akcionerne Tovaristvol ""Alef-Vinal""",,
77883918,deadAbandoned,INETIZER,"Jan. 31, 2011",Anturis Inc.,,mr@anturis.com
77884159,deadAbandoned,SWAP A COSTUME,"Jan. 24, 2011","Ehmer, Eric",,ehm1633@optonline.net
77884189,deadAbandoned,WWW. SWAPACOSTUME .COM,"Jan. 31, 2011","Ehmer, Eric",,ehm1633@optonline.net
77883889,REQUEST_FAILED,,,,,
77884104,REQUEST_FAILED,,,,,
77884120,REQUEST_FAILED,,,,,
77884123,REQUEST_FAILED,,,,,
77884203,REQUEST_FAILED,,,,,
77884228,REQUEST_FAILED,,,,,
77884415,deadAbandoned,"BY SURROUNDING THE TRADE, THERE ARE NO SURPRISES","Jul. 25, 2011","FTEN, Inc.",,
77884457,deadAbandoned,P-O-T,"Jul. 25, 2011","FTEN, Inc.",,
77884302,REQUEST_FAILED,,,,,
77884370,REQUEST_FAILED,,,,,
77884437,REQUEST_FAILED,,,,,
77884439,REQUEST_FAILED,,,,,
77884542,REQUEST_FAILED,,,,,
77884743,deadAbandoned,H2,"Mar. 15, 2011","McBride, Carolyn S",,carolyn@mcbrideselect.com
77884946,deadAbandoned,FASHION NOMAD,"Apr. 18, 2011","Winter, Debra",,
77884854,REQUEST_FAILED,,,,,
77884866,REQUEST_FAILED,,,,,
77884869,deadAbandoned,COMFORT FIRST OVERLAY CORP. C F O C,"Feb. 28, 2011","Eltzroth, Ruda, R",,eeltzroth@yahoo.com
77884969,deadAbandoned,EXQUISE,"Jan. 24, 2011",patrice touboulie,,ptouboulie@gmail.com
77884983,deadAbandoned,IENGLISH,"Aug. 01, 2011",Grace H. Wang,,ghwang97@gmail.com
77884964,deadAbandoned,SPEED LUB,"Aug. 01, 2011","Moreno, Ulysses",,speedlub.us@live.com
77885067,deadAbandoned,EUROPROFIT,"Mar. 09, 2011",Euro Pro Fitness Inc.,,europrofitness09@gmail.com
77885162,REQUEST_FAILED,,,,,
77885113,REQUEST_FAILED,,,,,
77885345,deadAbandoned,ELECTRIC WARRIORS,"Jul. 25, 2011","Emmer, Bob",,bemmer@shoutfactory.com
77885303,REQUEST_FAILED,,,,,
77885510,REQUEST_FAILED,,,,,
77885533,REQUEST_FAILED,,,,,
77885553,REQUEST_FAILED,,,,,
77885569,REQUEST_FAILED,,,,,
77885799,deadAbandoned,GOTRAILING.COM,"Jan. 31, 2011","Lanpheer Enterprises, Inc.",,john@sdss-us.com
77885732,REQUEST_FAILED,,,,,
77885776,REQUEST_FAILED,,,,,
77885928,deadAbandoned,"CARBON E-POD, MANAGE YOUR CO2","Oct. 21, 2011","MISHRA, KAILASH",,sajal@itagbs.com
77885837,REQUEST_FAILED,,,,,
77885880,REQUEST_FAILED,,,,,
77885946,REQUEST_FAILED,,,,,
77886090,REQUEST_FAILED,,,,,
77886500,deadAbandoned,ANTHROPOTENTIALS,"Jan. 31, 2011","Anthropotentials, Inc.",,tjmcellig@gmail.com
77886162,REQUEST_FAILED,,,,,
77886591,deadAbandoned,HEALING FUSION,"May 09, 2011","Cadence Enterprises, LLC",,Shelley@cadencehealing.com
77886230,REQUEST_FAILED,,,,,
77886535,deadAbandoned,FIRELIGHT CHAI,"Oct. 31, 2011",Royal Gypsy Tea Company,,zhena@gypsytea.com
77886343,REQUEST_FAILED,,,,,
77886572,deadAbandoned,DIETER'S GUIDE TO,"Mar. 08, 2011",Constantine Photopoulos,,constantine999@yahoo.com
77886890,deadAbandoned,THE SOLUTION - FAT BURNER,"Mar. 17, 2011","Cochise, llc",,cs@feelgreathealth.com
77886863,REQUEST_FAILED,,,,,
77886869,REQUEST_FAILED,,,,,
77886929,deadAbandoned,CRUISER,"Apr. 04, 2011",Scott Cowen,,cruiserclothing@gmail.com
77886972,deadAbandoned,BOOMBOTTLE,"Jan. 24, 2011","JMS Trading, LLC",,paulseydewitz@yahoo.com
77886901,REQUEST_FAILED,,,,,
77886981,deadAbandoned,CIAKAD,"Jan. 24, 2011",CIAKAD LLC,,ciakad@me.com
77886990,REQUEST_FAILED,,,,,
77887026,REQUEST_FAILED,,,,,
77887036,REQUEST_FAILED,,,,,
77887135,deadAbandoned,RAYCER BAY,"Mar. 03, 2011",Shoua T. Yang,,styang_mxf@yahoo.com
77887057,REQUEST_FAILED,,,,,
77887128,REQUEST_FAILED,,,,,
77887227,deadAbandoned,DUELLING BANJOS,"Feb. 07, 2011",STRANGER & STRANGER LTD,,morgan@strangerandstranger.com
77887228,deadAbandoned,BANJO,"Feb. 07, 2011",STRANGER & STRANGER LTD,,morgan@strangerandstranger.com
77887179,REQUEST_FAILED,,,,,
77887180,REQUEST_FAILED,,,,,
77887367,deadAbandoned,BA,"Jan. 31, 2011",Bokemeyer Art LLC,,rbokemeyer@comcast.net
77887202,REQUEST_FAILED,,,,,
77887388,deadAbandoned,EAT YOUR VEGETABLES! PASTA SAUCE,"Jan. 31, 2011","Cincotta, Jennifer Joslin",,jjc9@cox.net
77887551,deadAbandoned,GO PRETTY,"Aug. 01, 2011",GO PRETTY LLC,,
77887416,REQUEST_FAILED,,,,,
77887404,REQUEST_FAILED,,,,,
77887581,REQUEST_FAILED,,,,,
77887731,REQUEST_FAILED,,,,,
77887941,REQUEST_FAILED,,,,,
77888143,REQUEST_FAILED,,,,,
77888533,deadAbandoned,"SWINGTECH CONSULTING, BUSINESS - TECHNOLOGY - PROSPER","Aug. 05, 2011","Tingle, Suzanna C",,custserv@swingtechconsulting.com
77888301,REQUEST_FAILED,,,,,
77888309,REQUEST_FAILED,,,,,
77888636,REQUEST_FAILED,,,,,
77888721,REQUEST_FAILED,,,,,
77888818,REQUEST_FAILED,,,,,
77889042,deadAbandoned,PROTODROL,"Jan. 31, 2011",Tribravus Enterprises,,david@iforcenutrition.com
77888887,REQUEST_FAILED,,,,,
77889112,deadAbandoned,@ THE HUB,"Apr. 11, 2011","Soulmatehub, inc.",,rwilson@soulmatehub.com
77889091,REQUEST_FAILED,,,,,
77889095,REQUEST_FAILED,,,,,
77889165,deadAbandoned,OUTBACK,"Jan. 31, 2011",Trojan Marketing Ltd,,julie.channer@outbackuk.com
77889356,deadAbandoned,ONE HUB NO BORDERS.,"Apr. 04, 2011","Soulmatehub, inc.",,rwilson@soulmatehub.com
77889156,deadAbandoned,ROTARY-WORKS RW,"Jan. 31, 2011",Skyquest Inc.,,kevin@skyquestusa.com
77889588,deadAbandoned,I AM HUMAN,"Sep. 19, 2011","I Am Human, LLC",,iamhumanshirts@gmail.com
77889313,REQUEST_FAILED,,,,,
77889612,deadAbandoned,SOULMATE HUB,"Apr. 11, 2011","Soulmatehub, inc.",,rwilson@soulmatehub.com
77889517,deadAbandoned,KIDSKINS,"Mar. 29, 2011","Prexis, LLC",,stephen_dwyer@hotmail.com
77889376,REQUEST_FAILED,,,,,
77889878,deadAbandoned,DVNC,"Jan. 31, 2011",Scott Shelingoski,,boneyardindustries@gmail.com
77889823,REQUEST_FAILED,,,,,
77889986,deadAbandoned,THATCHER BY ALISSE THATCHER,"Jan. 31, 2011","Thatcher By Alisse Thatcher, LLC",,
77890013,REQUEST_FAILED,,,,,
77890079,deadAbandoned,SMARTSAFE,"Apr. 29, 2011",Xitel Pty. Limited,,barried@xitel.com
77890029,REQUEST_FAILED,,,,,
77890069,deadAbandoned,THE SOLUTION - ALTERNATIVE HEALTH SHOPPING NETWORK,"Mar. 17, 2011","Cochise, llc",,cs@feelgreathealth.com
77890351,deadAbandoned,ENEWWORLDJOBS,"Jan. 31, 2011",ENEWWORLDJOBS.COM LLC,,bfanslow@enewworldjobs.com
77890117,REQUEST_FAILED,,,,,
77890148,REQUEST_FAILED,,,,,
77890461,REQUEST_FAILED,,,,,
77890584,REQUEST_FAILED,,,,,
77890604,REQUEST_FAILED,,,,,
77891015,deadAbandoned,CULINX,"Jan. 31, 2011",EMAX Enterprises Limited,,rdvernon@emax.hk
77890815,REQUEST_FAILED,,,,,
77891073,deadAbandoned,CANGLETS,"Jan. 31, 2011","Cangles, LLC",,canglesllc@att.net
77891200,deadAbandoned,GO VISIONARY,"Jul. 25, 2011","gofigure, llc",,devon.rolf@gofigure.com
77891085,deadAbandoned,SHARISM,"Jan. 31, 2011",Sharism at Work Ltd.,,wolfgang@sharism.cc
77891162,deadAbandoned,IN VISIBLE INNOVATION,"Jul. 25, 2011","gofigure, llc",,devon.rolf@gofigure.com
77891354,REQUEST_FAILED,,,,,
77891546,deadAbandoned,AMERICAN TOP TRADER AMERICA'S TOP TRADER,"May 04, 2011",Canada's Top Trader Inc.,,Kareem.Bikhit@canadastoptrader.com
77891454,REQUEST_FAILED,,,,,
77891864,REQUEST_FAILED,,,,,
77892031,deadAbandoned,DRAFTUS IT'S YOUR TURN,"Jan. 31, 2011",Draftus.com LLC,,richrover@juno.com
77891992,REQUEST_FAILED,,,,,
77891995,REQUEST_FAILED,,,,,
77892100,deadAbandoned,SUFFERHEAD,"Jan. 31, 2011","Sturges, Benjamin",,bensturges@gmail.com
77892006,REQUEST_FAILED,,,,,
77892158,deadAbandoned,WRHS,"May 12, 2011","Diemel, Jonathan A",,jonathan@wrhssnow.com
77892162,deadAbandoned,SCHEDEZ,"Oct. 01, 2011",SchedEz Inc,,f_memon01@yahoo.com
77892147,REQUEST_FAILED,,,,,
77892336,deadAbandoned,PERFECT PEEL,"Sep. 06, 2011",Samadani Ayaz M,,ayaz@samadani.com
77892252,REQUEST_FAILED,,,,,
77892661,deadAbandoned,PARTY EYES,"Feb. 07, 2011",EF2,,arthur.marquez@hoffcobrands.com
77892383,REQUEST_FAILED,,,,,
77892384,REQUEST_FAILED,,,,,
77892480,REQUEST_FAILED,,,,,
77892677,deadAbandoned,BLACK ONYX,"Dec. 19, 2011",Black Onyx Capital LLC,,
77892884,REQUEST_FAILED,,,,,
77893014,REQUEST_FAILED,,,,,
77893054,REQUEST_FAILED,,,,,
77893193,deadAbandoned,I DONATE WORLDWIDE 500 20 20 10 EURO 10 500 0 EURO 100 10 EURO 10 500 20 20 EURO 100 100 10 500 5 00 100 100 100 100 100 STATES ERICA 100 100 1 0 UNI ES 1 100 THE UNITED STATES OF AMERICA 100 100 UNIT OF 08645874368 100 100 0864574308 B2 THE UNITED STATES OF AMERICA 0864574308 100 100 ONE HUNDRED DOLLARS 100 100 100 100 THE UNITED STATES OF AMERICA ONE HUNDRED DOLLARS 100 EURO 100 100 00 100 EURO 100 N27067231648 100 W27067257848 100 100,"May 03, 2011","Kinann, Robert",,Kinann@mac.com
77893085,REQUEST_FAILED,,,,,
77893181,REQUEST_FAILED,,,,,
77893171,REQUEST_FAILED,,,,,
77893223,deadAbandoned,WOZNEW,"Sep. 15, 2011",Peter Marbach,,peter_marbach@yahoo.com
77893274,REQUEST_FAILED,,,,,
77893345,deadAbandoned,"NEW NORMAL, INC.","Jan. 31, 2011",Thinker Inc,,thinker.inc@gmail.com
77893494,deadAbandoned,THE ORIGINAL BULLS BAY BED SWING,"Apr. 07, 2011","The Bulls Bay Bed Co., LLC",,
77893338,REQUEST_FAILED,,,,,
77893544,deadAbandoned,OBELISCO,"Feb. 08, 2011",UNISER S.A.,,idc@demarcas.com
77893348,REQUEST_FAILED,,,,,
77893559,deadAbandoned,BUY MARK JACOBS,"Feb. 04, 2011",Mark Jacobs,,jacobs012@hotmail.com
77893627,deadAbandoned,HEATMISER,"Feb. 07, 2011",CCR LLC,,solson@ccrinsulation.com
77893562,REQUEST_FAILED,,,,,
77893646,REQUEST_FAILED,,,,,
77893698,REQUEST_FAILED,,,,,
77894088,deadAbandoned,ADROIT PHOTO RECOVERY,"Sep. 15, 2011",Digital Assembly LLC,,yuhong@digital-assembly.com
77893853,REQUEST_FAILED,,,,,
77894050,REQUEST_FAILED,,,,,
77894214,deadAbandoned,ADROIT PHOTO FORENSICS,"Aug. 15, 2011",Digital Assembly LLC,,yuhong@digital-assembly.com
77894320,deadAbandoned,"EXECUTIVES CLUB EXCLUSIVELY FOR GOLF FACILITY OWNERS/EMPLOYERS, GENERAL MANAGERS AND HEAD PROFESSIONALS","Nov. 07, 2011",Reed Elsevier Properties Inc.,,jacqueline.gregorski@lexisnexis.com
77894432,deadAbandoned,APPLAB,"Aug. 15, 2011",MENTAL IMAGES GMBH,,
77895200,deadAbandoned,MOUNTAIN BULLDOGGE,"Feb. 08, 2011",Elkhorn Cabinet Company,,dale@bullrunbulldogs.com
77894779,REQUEST_FAILED,,,,,
77894924,REQUEST_FAILED,,,,,
77895292,deadAbandoned,PAPERGRAPHY,"Feb. 07, 2011","Papergraphy, LLC",,davidreynon@gmail.com
77895328,deadAbandoned,CASESAVE,"Apr. 23, 2011",Case Metrix LLC,,alan.pershing@case-metrix.com
77895325,REQUEST_FAILED,,,,,
77895330,REQUEST_FAILED,,,,,
77895439,deadAbandoned,SURETORK,"Feb. 07, 2011","Shu, Jianchao",,
77895766,deadAbandoned,THE MONEY POEMS - A POEM A DAY BRINGS MONEY MY WAY!,"Feb. 14, 2011","Felton, Mark Allen",,themoneypoems@gmail.com
77895674,REQUEST_FAILED,,,,,
77895679,REQUEST_FAILED,,,,,
77895922,deadAbandoned,REPUVE,"Apr. 11, 2011",SOCOM S.A. DE C.V.,,fmalesa@socom.com.mx
77895845,REQUEST_FAILED,,,,,
77896153,deadAbandoned,GPAL,"Sep. 23, 2011","THE CANNON GROUP OF COMPANIES, INC.",,ben@GeoVario.com
77896003,REQUEST_FAILED,,,,,
77896342,deadAbandoned,VIEWBOTS VIEWBOTZ,"Feb. 07, 2011","Marlotte, Matthew",,mmarlotte@yahoo.com
77896366,deadAbandoned,ESPIRIS,"Apr. 13, 2011",Espiris Group LLC,,info@espiris.com
77896253,REQUEST_FAILED,,,,,
77896360,deadAbandoned,None,"Apr. 13, 2011",Jonah McPhaul,,jonah.mcphaul@loudmouthwireless.com
77896267,REQUEST_FAILED,,,,,
77896345,REQUEST_FAILED,,,,,
77896691,deadAbandoned,SOLDEVID,"Apr. 04, 2011",ALIMENTIAS EMC,,aromero@alimentias.com
77897270,REQUEST_FAILED,,,,,
77897446,REQUEST_FAILED,,,,,
77897575,deadAbandoned,None,"May 31, 2011",Joel P Tefft,,raynanjel@hotmail.com
77897626,deadAbandoned,FEISTY MAMA,"Mar. 21, 2011","Feisty Mama Salsa, LLC",,feistymamasalsa@hotmail.com
77897571,REQUEST_FAILED,,,,,
77897698,deadAbandoned,WORTHLESS BUMS,"Feb. 07, 2011","Seow, Yik-Sian J",,apsyse@gmail.com
77897764,deadAbandoned,JAS & CO X,"Apr. 04, 2011",Leung Kin Ho,,monicawoous@gmail.com
77897792,deadAbandoned,BITBOX,"Jun. 20, 2011",OR Interactive Ltd,,ori.rejwan@gmail.com
77897744,deadAbandoned,POPCAST,"Jan. 07, 2011",Abdulbasier Aziz,,basier@alum.mit.edu
77897623,REQUEST_FAILED,,,,,
77897844,deadAbandoned,GAME TENDER,"Oct. 12, 2011","Camden Outdoors, LLC",,tamar.knochenmus@ralconutrition.com
77897685,REQUEST_FAILED,,,,,
77897939,REQUEST_FAILED,,,,,
77897983,REQUEST_FAILED,,,,,
77898211,REQUEST_FAILED,,,,,
77898234,REQUEST_FAILED,,,,,
77898274,REQUEST_FAILED,,,,,
77898619,deadAbandoned,DRAGON FISH,"Oct. 17, 2011",Ainsworth Game Technology Limited,,tom.davidson@ainsworth.com.au
77898657,deadAbandoned,GRAVI-TEA,"Jul. 05, 2011",Ingle Candela Company LLC,,
77898640,deadAbandoned,BUILD YOUR BOW-TIQUE,"Jan. 28, 2011",Jennifer Parker,,
77898686,deadAbandoned,READY THE BODY,"Aug. 15, 2011",Kona Connection Corp.,,
77898688,deadAbandoned,PREPARE THE MIND,"Aug. 15, 2011",Kona Connection Corp.,,
77898759,deadAbandoned,HIP HOP FABLES,"Oct. 10, 2011",Ken Creative Studio Private Limited,,
77898680,REQUEST_FAILED,,,,,
77898891,deadAbandoned,YOUR LIFE IS OUR BUSINESS,"Feb. 14, 2011","Aenon, Inc.",,nmjworkman@gmail.com
77898975,REQUEST_FAILED,,,,,
77899217,deadAbandoned,HYDRO SUSTAINABLE,"Aug. 15, 2011","Oviedo-Medina, Eduardo Jorge",,info@lexintel.org
77899085,REQUEST_FAILED,,,,,
77899689,deadAbandoned,40 & BEYOND,"Dec. 26, 2011","40 & Beyond, LLC",,
77899571,REQUEST_FAILED,,,,,
77899682,REQUEST_FAILED,,,,,
77899780,deadAbandoned,DUNGEON BANDITS,"Feb. 14, 2011",CYANIDE,,jryan@cyanide-studio.com
77899737,REQUEST_FAILED,,,,,
77899948,REQUEST_FAILED,,,,,
77900171,deadAbandoned,WISEARTH ORGANICS,"Apr. 13, 2011","Stet Acquisition, Inc.",,
77899998,REQUEST_FAILED,,,,,
77899980,REQUEST_FAILED,,,,,
77900506,deadAbandoned,SMALLCALL,"Feb. 14, 2011","Gajanovic, Borislav",,b.gajanovic@googlemail.com
77900165,REQUEST_FAILED,,,,,
77900237,REQUEST_FAILED,,,,,
77900414,REQUEST_FAILED,,,,,
77900639,REQUEST_FAILED,,,,,
77900633,REQUEST_FAILED,,,,,
77900765,REQUEST_FAILED,,,,,
77900973,deadAbandoned,SCH@VON,"Jul. 18, 2011",Chen Jian,,zhanghonglu@inipa.com
77900902,REQUEST_FAILED,,,,,
77900965,REQUEST_FAILED,,,,,
77901173,deadAbandoned,SOLOMED,"Feb. 14, 2011","Stem Cell Products, LLC",,dave@stem120.com
77900967,REQUEST_FAILED,,,,,
77901197,deadAbandoned,SERENTE,"Feb. 14, 2011","O'Hara, Lauren Michelle",,lauren_ohara_aus@hotmail.com
77901190,deadAbandoned,SMARTESTQUOTE,"Feb. 14, 2011",Brian S. Dempsey,,dempsins@msn.com
77901194,deadAbandoned,HAIKU MICROBREW,"Mar. 21, 2011","Ramirez, Daniel A",,ramirezd@issaquah.wednet.edu
77901225,REQUEST_FAILED,,,,,
77901335,REQUEST_FAILED,,,,,
77901377,REQUEST_FAILED,,,,,
77901482,REQUEST_FAILED,,,,,
77901733,REQUEST_FAILED,,,,,
77901840,deadAbandoned,RACK ASSASSIN,"Aug. 22, 2011","Hutton, Shad",,shutton3@yahoo.com
77901962,deadAbandoned,WOW! LIFE MATTERS,"Feb. 14, 2011","Connors, Tom",,jay@logocare.com
77901842,REQUEST_FAILED,,,,,
77901986,REQUEST_FAILED,,,,,
77902132,deadAbandoned,MASTER'S SOCIETY CONIUNCTIS VIRIBUS CUPIDITAS ACTIO MISERICORDIA,"Mar. 21, 2011","The Master's Society, LLC",,president@masterssociety.com
77902041,REQUEST_FAILED,,,,,
77902154,deadAbandoned,ZOOM MD,"Feb. 21, 2011",Metasolutions Inc,,jay@logocare.com
77902078,REQUEST_FAILED,,,,,
77902129,REQUEST_FAILED,,,,,
77902412,deadAbandoned,U-ADJUST-IT,"Jan. 31, 2011","Blok, Hendrik",,michelle@racelandus.com
77902462,deadAbandoned,DSD,"Feb. 14, 2011",Evans Tyler P,,Tevans152@aol.com
77902426,REQUEST_FAILED,,,,,
77902473,REQUEST_FAILED,,,,,
77902715,deadAbandoned,INFOBESITY,"Feb. 14, 2011","Pearrow, Mark J.",,mpearrow@gmail.com
77902817,deadAbandoned,ROASTMASTER,"Feb. 14, 2011","Minden Grill Company, Inc.",,grills@mindengrill.com
77902706,REQUEST_FAILED,,,,,
77903062,deadAbandoned,LIVING LEGENDS OF TECHNOLOGY,"Nov. 28, 2011","Schultz, Robert",,rbschultz@comcast.net
77903184,deadAbandoned,ROCK 'N LUCK,"Apr. 14, 2011",FASHION UNITED LLC,,
77902937,REQUEST_FAILED,,,,,
77903019,REQUEST_FAILED,,,,,
77903198,deadAbandoned,HOG N' JOHNS,"Feb. 14, 2011","John R. Nygard, III",,johnnygard@mac.com
77903239,deadAbandoned,SOFIA'S SELECTION,"Feb. 08, 2011","SOFIA FOODS, LLC",,SOFIAFOODS@COMCAST.NET
77903242,deadAbandoned,CONVERGENT HEALTHCARE,"May 25, 2011","Convergent Healthcare International, Inc.",,burkwa@yahoo.com
77903275,deadAbandoned,MOISTURE CRAVE,"Jan. 10, 2011",Purarize LLC,,vholmes2@verizon.net
77903229,REQUEST_FAILED,,,,,
77903445,deadAbandoned,CREATIVE MOM PUBLISHING LLC,"Feb. 14, 2011","CM Publishing, LLC",,
77903579,deadAbandoned,OFFICE SAVER.COM,"Feb. 28, 2011","eBeverage Wholesale, LLC",,pgalleher@boxwoodpartnersllc.com
77903422,REQUEST_FAILED,,,,,
77903622,deadAbandoned,COYOTE,"Feb. 14, 2011",Wave Optiks,,Amy@waveoptiks.com
77903555,deadAbandoned,IN THE CLOUD CONCEPTS INTELLIGENT SYSTEMS INTEGRATION,"Feb. 21, 2011","In The Cloud Concepts, Inc.",,hpatrick@inthecloudconcepts.com
77903655,deadAbandoned,SIZE DOES MATTER! COVERT SCOUTING CAMERAS,"Mar. 25, 2011","Duck Lick Creek Trading Co, LLC",,joey@dlccovert.com
77903540,REQUEST_FAILED,,,,,
77903755,deadAbandoned,Z SALAD,"Aug. 01, 2011","TABIBIAN, PAYAM",,
77903799,deadAbandoned,WHINY VAGINY,"May 04, 2011",Anne T. Hammond,,shammond@ceinow.com
77903757,REQUEST_FAILED,,,,,
77903796,REQUEST_FAILED,,,,,
77903832,deadAbandoned,PURRX,"Feb. 21, 2011","Caracciolo, Sabino Joseph",,bbanner82@yahoo.com
77903857,deadAbandoned,MACRO,"May 10, 2011",Macrolevel Inc.,,macrolevel.inc@gmail.com
77903756,REQUEST_FAILED,,,,,
77903855,deadAbandoned,SLICK CHICKS,"Feb. 21, 2011","Ashley, Alicia V",,boxalicia@gmail.com
77903887,deadAbandoned,SNOOPERMARKET,"Feb. 14, 2011","PARACE, LLC",,PARACECORP@aol.com
77903895,deadAbandoned,C CELTUS,"Feb. 21, 2011",Celtus Global Managemnt Ltd,,corporate@celtus.org
77903889,deadAbandoned,VYZIN,"May 05, 2011",Rajendra Sadhu,,raj@vyzin.com
77903867,REQUEST_FAILED,,,,,
77903864,REQUEST_FAILED,,,,,
77903986,deadAbandoned,PLEYDEY,"Feb. 21, 2011","Pastore, Lindsay M.",,larendt1n031@yahoo.com
77903930,REQUEST_FAILED,,,,,
77904034,deadAbandoned,THE GUARANTEED MORTGAGE QUOTE,"Jul. 29, 2011","Bercovitz, Alan B",,alan@rimortgagestore.com
77903947,REQUEST_FAILED,,,,,
77904005,REQUEST_FAILED,,,,,
77903995,REQUEST_FAILED,,,,,
77904106,REQUEST_FAILED,,,,,
77904231,REQUEST_FAILED,,,,,
77904451,deadAbandoned,IMMUNEA,"Feb. 14, 2011","BioCrown, Inc.",,bob@BioCrownSupplements.com
77904260,REQUEST_FAILED,,,,,
77904487,deadAbandoned,IMMUNITIC,"Feb. 14, 2011","BioCrown, Inc.",,bob@BioCrownSupplements.com
77904319,REQUEST_FAILED,,,,,
77904483,REQUEST_FAILED,,,,,
77904492,REQUEST_FAILED,,,,,
77904799,deadAbandoned,"FAMILY, INC.","Jun. 27, 2011",Faminomics LLC,,aschwartz@schwartzip.com
77904848,deadAbandoned,OMAKE GADGET,"Sep. 02, 2011","Brown, Sachiko",,genkistep1@yahoo.com
77905031,deadAbandoned,AIR HEADSET,"Jun. 15, 2011",wax Omer Arye,,omerwax@gmail.com
77904804,REQUEST_FAILED,,,,,
77904824,REQUEST_FAILED,,,,,
77904856,REQUEST_FAILED,,,,,
77905072,deadAbandoned,NEW YORK BRIDAL HAIR,"Mar. 11, 2011","Kenny, Hiromi",,mikiandmiki@earthlink.net
77905118,deadAbandoned,BUILD UPON A STAR,"Jul. 11, 2011","Enalasys, Inc.",,docketing@pelaw.net
77905097,deadAbandoned,GMETER,"Jul. 25, 2011","Enalasys, Inc.",,docketing@pelaw.net
77905122,deadAbandoned,SHOME,"Feb. 21, 2011",Ellen G. Kawata,,elle88@me.com
77905090,deadAbandoned,"IF OUR TRUCK IS SLOW, YOU PAY NO DOUGH","Jul. 25, 2011","Clockwork IP, LLC",,docketing@pelaw.net
77905126,deadAbandoned,KA GING,"Jul. 11, 2011","Enalasys, Inc.",,docketing@pelaw.net
77905071,REQUEST_FAILED,,,,,
77905134,deadAbandoned,SHOUSE,"Feb. 21, 2011",Ellen G. Kawata,,elle88@me.com
77905135,REQUEST_FAILED,,,,,
77905206,REQUEST_FAILED,,,,,
77905470,deadAbandoned,EONE,"Jul. 11, 2011","Enalasys, Inc.",,docketing@pelaw.net
77905474,deadAbandoned,CHARGERITE,"Jul. 11, 2011","Enalasys, Inc.",,docketing@pelaw.net
77905460,REQUEST_FAILED,,,,,
77905548,REQUEST_FAILED,,,,,
77905556,REQUEST_FAILED,,,,,
77905685,deadAbandoned,THE TUR,"Oct. 18, 2011","World Endeavor, LLC",,udle2003@gmail.com
77905624,REQUEST_FAILED,,,,,
77905741,REQUEST_FAILED,,,,,
77906078,REQUEST_FAILED,,,,,
77906562,deadAbandoned,CENTERLINE ANGUS ASSOCIATION,"Sep. 05, 2011",4-G Land Partnership LP,,
77906588,deadAbandoned,SCUBACHAIR,"Dec. 07, 2011","BrynnBella, LLC",,ashihmd@sbcglobal.net
77906502,REQUEST_FAILED,,,,,
77906620,deadAbandoned,EVERYDAY APPAREL,"Nov. 23, 2011",Michael Dylan Croft,,mikec_video1@yahoo.com
77906578,REQUEST_FAILED,,,,,
77906598,deadAbandoned,CLOUD BREAD,"Oct. 31, 2011",Gangwon Information and Multimedia corporation,,twyocum@me.com
77906605,deadAbandoned,FLANNELMOUTH,"Aug. 22, 2011",Virtanen Ari,,juho.lonnblad@gmail.com
77906730,REQUEST_FAILED,,,,,
77906736,REQUEST_FAILED,,,,,
77906856,REQUEST_FAILED,,,,,
77907104,deadAbandoned,DESIGNAIR,"Jan. 24, 2011","Air Quality Engineering, Inc.",,igolden@air-quality-eng.com
77907234,deadAbandoned,DUMPSTERDOT,"Feb. 21, 2011",Highford Solutions Limited,,john.openshaw@highford.com
77907327,deadAbandoned,SYLTBAR,"Feb. 21, 2011","Blohm, Regina",,regina.blohm@gmx.de
77907108,REQUEST_FAILED,,,,,
77907258,REQUEST_FAILED,,,,,
77907299,REQUEST_FAILED,,,,,
77907339,REQUEST_FAILED,,,,,
77907372,REQUEST_FAILED,,,,,
77907394,REQUEST_FAILED,,,,,
77907467,deadAbandoned,ALPHA AND BET,"Aug. 29, 2011","Wertman, Mark H.",,mark@rhythmtoread.com
77907497,deadAbandoned,T-WALLET,"Feb. 21, 2011",Alex Kwai Ching Leung,,alexleung888@hotmail.com
77907432,REQUEST_FAILED,,,,,
77907529,deadAbandoned,RAINFOREST MINERAL WATER,"Jan. 16, 2011",CHUAN SIN SDN BHD,,aschwartz@schwartzip.com
77907494,deadAbandoned,ROYAL COLLEGE OF ALTERNATIVE MEDICINE,"Mar. 09, 2011","Obi , Joseph Chikelue (Professor)",,ProfessorObi@aim.com
77907507,REQUEST_FAILED,,,,,
77907657,deadAbandoned,YOOLINK,"Feb. 22, 2011",YOOLINK,,marketing@yoolink.fr
77907725,deadAbandoned,CMS,"Feb. 21, 2011",Corbel And Mantel Super Store LLC,,bwilson@conninc.com
77907785,deadAbandoned,EARTH FIRST,"Feb. 21, 2011",General Trade Corporation,,steamaticwi@sbcglobal.net
77907573,REQUEST_FAILED,,,,,
77907731,REQUEST_FAILED,,,,,
77907739,REQUEST_FAILED,,,,,
77908161,deadAbandoned,TICKETRINGER,"Mar. 28, 2011","Foxwood Sports, Group, Inc.",,srenfro@foxwoodgroup.com
77907845,REQUEST_FAILED,,,,,
77907849,REQUEST_FAILED,,,,,
77908232,deadAbandoned,FENG SHUI VODKA,"Feb. 21, 2011","Spirit Brands, LLC",,mattrich4453@hotmail.com
77908093,REQUEST_FAILED,,,,,
77908185,REQUEST_FAILED,,,,,
77908316,deadAbandoned,DUMMY CLOUD,"Mar. 01, 2011","Diogo, Nuno, H",,nuno@dummycloud.com
77908277,REQUEST_FAILED,,,,,
77908420,deadAbandoned,KE OBJECTIVES YOUR KEY TO SUCCESS,"Aug. 22, 2011",KE Objectives LLC,,remerick@kendrickllc.com
77908333,REQUEST_FAILED,,,,,
77908514,deadAbandoned,YAYZEE,"Feb. 21, 2011","YayZee, Inc.",,margaret@yayzee.com
77908560,deadAbandoned,LINGUAMEMORY,"Aug. 15, 2011",One Time Software,,dei@onetimesoftware.com
77908480,REQUEST_FAILED,,,,,
77908511,REQUEST_FAILED,,,,,
77908541,REQUEST_FAILED,,,,,
77908641,deadAbandoned,TEAM BUDDHA,"May 30, 2011",Sheehan Michael,,mike@teampeace.net
77908620,deadAbandoned,UNLEASHED CUSTOMER SUPPORT SOFTWARE,"Mar. 28, 2011",Invotec Pty Ltd,,mfisher@invotec.com.au
77908552,REQUEST_FAILED,,,,,
77908757,deadAbandoned,AA ACCESS CORPORATION GET YOUR OWN CAR DEALERS LICENSE,"Mar. 07, 2011",AA Access Corporation,,bbrown@auto-auction-access.com
77908853,deadAbandoned,WALK TO SHUL,"Feb. 21, 2011","Jewgle, Inc.",,michael@luach.com
77908895,deadAbandoned,MICHAEL CHERRY,"Feb. 21, 2011",Dynasty Visionaries,,MAGICMALIKYE@GMAIL.COM
77908835,REQUEST_FAILED,,,,,
77908840,REQUEST_FAILED,,,,,
77908984,deadAbandoned,GADGET GRRL,"Mar. 21, 2011",LEFT COAST MEDIA INC,,INFO@GADGETGRRL.COM
77909351,REQUEST_FAILED,,,,,
77909611,deadAbandoned,STALT,"Feb. 21, 2011","Pierce, Sean",,sean@fbcdist.com
77909619,deadAbandoned,IJOT,"May 03, 2011","Lilybean, LLC",,lisa@ijot.com
77909539,REQUEST_FAILED,,,,,
77909535,REQUEST_FAILED,,,,,
77909624,deadAbandoned,EXACORE,"Feb. 21, 2011",E2VE LLC,,chriswebb@e2ve.com
77909600,REQUEST_FAILED,,,,,
77909613,REQUEST_FAILED,,,,,
77909793,REQUEST_FAILED,,,,,
77910001,deadAbandoned,"HOME SWEET HOME, AGAIN","Oct. 01, 2011","Professional Restoration Services, Inc",,josh@prsva.com
77910084,REQUEST_FAILED,,,,,
77910116,REQUEST_FAILED,,,,,
77910164,REQUEST_FAILED,,,,,
77910283,REQUEST_FAILED,,,,,
77910419,REQUEST_FAILED,,,,,
77910441,REQUEST_FAILED,,,,,
77910527,deadAbandoned,GENKISTEP,"Sep. 02, 2011",Sachiko Brown,,genkistep1@yahoo.com
77910511,REQUEST_FAILED,,,,,
77910486,REQUEST_FAILED,,,,,
77910574,deadAbandoned,TILEJET,"Oct. 31, 2011",DIP TECH LTD,,amit@patentim.com
77910783,deadAbandoned,SKIP,"Feb. 22, 2011",doplicity inc.,,jlarrabee@doplicity.com
77910576,REQUEST_FAILED,,,,,
77910649,REQUEST_FAILED,,,,,
77910879,deadAbandoned,EXPEDIENTE.COM,"Oct. 03, 2011","EXPEDIENTE, S.A. DE C.V.",,jorge.chabert@cotamsa.com
77910948,deadAbandoned,TOSTADON,"Feb. 21, 2011","HANDALL CONDE, HERMAN RODRIGO",,rhandall@gmail.com
77910853,REQUEST_FAILED,,,,,
77911039,deadAbandoned,None,"Feb. 21, 2011","Chaney, Rick",,
77911115,deadAbandoned,10-4 ON THAT!!,"Nov. 21, 2011","Rivera, James",,osiffa@yahoo.com
77910952,REQUEST_FAILED,,,,,
77911378,deadAbandoned,ZIP-ROCK,"Aug. 29, 2011",HH Innovative Technologies LLC,,henryh1624@optonline.net
77911517,deadAbandoned,SMASHD,"Feb. 21, 2011","Pierce, Sean",,sean@fbcdist.com
77911294,REQUEST_FAILED,,,,,
77911353,REQUEST_FAILED,,,,,
77911544,deadAbandoned,BENZIN,"Mar. 07, 2011","Kingston Noir, LLC",,kingstonnoir@gmail.com
77911579,deadAbandoned,None,"Mar. 21, 2011",Nicevend Ltd,,udi@nicevend.com
77911627,REQUEST_FAILED,,,,,
77911830,deadAbandoned,HEARTONE,"Feb. 03, 2011","Northwest Natural Products, Inc.",,
77911744,REQUEST_FAILED,,,,,
77911912,deadAbandoned,GRADUNATION,"Mar. 21, 2011","gradUnation, Inc.",,
77911870,REQUEST_FAILED,,,,,
77911887,deadAbandoned,MODELBODY EDGE,"Apr. 27, 2011",Atelier Collective LLC,,andrei@ateliercollective.com
77911931,deadAbandoned,BODY MASS INDEX,"Feb. 28, 2011","SANTO DOMINGO SGPS, LDA",,LUCIA.DNE@HOTMAIL.COM
77912112,deadAbandoned,UNLIMITED PCS,"Nov. 20, 2011",Unlimited PCS Georgia LLC,,
77911901,REQUEST_FAILED,,,,,
77911927,REQUEST_FAILED,,,,,
77912288,deadAbandoned,THE ECO CAPITALIST,"Oct. 03, 2011","Green Marketing Services, Ltd.",,
77912017,REQUEST_FAILED,,,,,
77912059,REQUEST_FAILED,,,,,
77912330,REQUEST_FAILED,,,,,
77912344,REQUEST_FAILED,,,,,
77912680,deadAbandoned,F2F,"Jun. 17, 2011",FAN2FAN LLC,,sramuno@yahoo.com
77912435,deadAbandoned,GREAT IN 8,"Dec. 12, 2011","CNi - Creative Nations International, Ltd.",,joy@creativenations.com
77912529,REQUEST_FAILED,,,,,
77912704,REQUEST_FAILED,,,,,
77912874,REQUEST_FAILED,,,,,
77912920,REQUEST_FAILED,,,,,
77912924,REQUEST_FAILED,,,,,
77913189,REQUEST_FAILED,,,,,
77913256,REQUEST_FAILED,,,,,
77913308,REQUEST_FAILED,,,,,
77913344,REQUEST_FAILED,,,,,
77913391,REQUEST_FAILED,,,,,
77913364,REQUEST_FAILED,,,,,
77913534,deadAbandoned,FAMOUS TEE,"Mar. 30, 2011",Famous Tee L.L.C.,,magevonna@gmail.com
77913603,deadAbandoned,SHLAMAA,"Feb. 28, 2011",Cholay Didier,,didier.cholay@safetrap.com
77913553,REQUEST_FAILED,,,,,
77913562,REQUEST_FAILED,,,,,
77913609,deadAbandoned,None,"Feb. 28, 2011",Cholay Didier,,didier.cholay@safetrap.com
77913588,REQUEST_FAILED,,,,,
77913617,deadAbandoned,10KM,"Mar. 07, 2011","Vengroff, Brett Garrett",,vengroff5@yahoo.com
77913633,REQUEST_FAILED,,,,,
77913667,deadAbandoned,PIANO4SOUL,"May 17, 2011","Nelson, Natallia",,natallianelson@gmail.com
77913655,REQUEST_FAILED,,,,,
77913657,REQUEST_FAILED,,,,,
77913710,deadAbandoned,TIANBOOLUN,"Mar. 29, 2011",THE TIANBOOLUN (US) LLC.,,zhanghonglu@inipa.com
77913749,deadAbandoned,ITWIN,"Jan. 06, 2011",ICUTE TECH. CORP.,,overseas_sales@casepower.com.tw
77913762,deadAbandoned,OXYPROLANE,"Oct. 03, 2011",Nahmani Robert,,nahmani.robert@wanadoo.fr
77913692,REQUEST_FAILED,,,,,
77913799,deadAbandoned,TLOG,"Apr. 18, 2011",BayCloud Systems Ltd.,,michael.oneill@btinternet.com
77913914,REQUEST_FAILED,,,,,
77914208,deadAbandoned,KIMEY,"Apr. 18, 2011",Meyra Cordova,,kimeymusic@hotmail.com
77914084,REQUEST_FAILED,,,,,
77914154,REQUEST_FAILED,,,,,
77914244,deadAbandoned,LOVE PEACE,"Apr. 29, 2011",Harvey Ball Smile Limited,,jassinter.inc-jp@dream.com
77914283,deadAbandoned,INFLUENCE THE INFLUENCERS,"Apr. 21, 2011","Com.Motion, Inc",,
77914242,REQUEST_FAILED,,,,,
77914294,deadAbandoned,HOOKAH STICKS,"Apr. 11, 2011",tanthin llc,,jwedow@tanthin.com
77914288,REQUEST_FAILED,,,,,
77914319,deadAbandoned,TRIPTEASE,"Feb. 28, 2011",Mogelli Ltd.,,travischoma@mogelli.com
77914298,REQUEST_FAILED,,,,,
77914293,REQUEST_FAILED,,,,,
77914534,REQUEST_FAILED,,,,,
77914597,REQUEST_FAILED,,,,,
77914580,REQUEST_FAILED,,,,,
77914768,deadAbandoned,LITTLE SPAIN,"Feb. 21, 2011","Little Spain, LLC",,alexpages@gmail.com
77914673,REQUEST_FAILED,,,,,
77914819,deadAbandoned,LITTLE SPAIN,"Feb. 21, 2011","Little Spain, LLC",,alexpages@gmail.com
77914698,REQUEST_FAILED,,,,,
77914716,REQUEST_FAILED,,,,,
77914989,REQUEST_FAILED,,,,,
77915166,REQUEST_FAILED,,,,,
77915200,REQUEST_FAILED,,,,,
77915501,deadAbandoned,WHITETAIL REALITY,"Aug. 29, 2011",Chad Yates,,tnc@bi-corp.com
77915424,deadAbandoned,YOUR PRODUCTS. DELIVERED.,"Mar. 14, 2011","Bluehorse Transportation Services, LLC.",,zbindra@hotmail.com
77915468,deadAbandoned,Q8,"Jul. 07, 2011",ExSilent,,shuizenga@exsilent.com
77915344,REQUEST_FAILED,,,,,
77915621,REQUEST_FAILED,,,,,
77915587,REQUEST_FAILED,,,,,
77915632,REQUEST_FAILED,,,,,
77915745,deadAbandoned,BID TO THE MAX,"Apr. 18, 2011","Bid to the Max, Corp.",,matt@nowgowin.com
77915801,deadAbandoned,LYT,"Feb. 07, 2011",CHOI SEUNG JAE,,danny@pressapparel.net
77915769,REQUEST_FAILED,,,,,
77915803,REQUEST_FAILED,,,,,
77916086,deadAbandoned,ODIN ADVISORS,"Oct. 14, 2011","Fay, Ian H.",,ian.fay@odinadvisors.com
77916214,deadAbandoned,SCRAPDOG,"Mar. 07, 2011",Rapmesinjah Inc,,contact@rapmesinjah.com
77916318,REQUEST_FAILED,,,,,
77916441,deadAbandoned,NOTTIBLÙ,"Mar. 07, 2011",I-Bedding s.r.l.,,b-zvicenza@barzano-zanardo.com
77916454,deadAbandoned,US PATHFINDER,"Aug. 26, 2011","Online Consulting Group, Inc.",,calin_a_popa@yahoo.com
77916374,REQUEST_FAILED,,,,,
77916487,REQUEST_FAILED,,,,,
77916654,REQUEST_FAILED,,,,,
77916759,REQUEST_FAILED,,,,,
77916839,REQUEST_FAILED,,,,,
77916872,REQUEST_FAILED,,,,,
77917389,deadAbandoned,CANPAGNE,"Feb. 28, 2011","ARUSHA CAPITAL VENTURES, LLC",,srudey@arushacapital.com
77917484,deadAbandoned,None,"Jul. 05, 2011",Nancy Yih,,tmregistered@gmail.com
77917493,deadAbandoned,"AAG, CONSTRUCTION MANAGEMENT, GENERAL CONTRACTING","Dec. 05, 2011",Cotelo Manuel,,
77917409,REQUEST_FAILED,,,,,
77917440,REQUEST_FAILED,,,,,
77917489,REQUEST_FAILED,,,,,
77917498,REQUEST_FAILED,,,,,
77917536,deadAbandoned,ID BY ME,"Mar. 03, 2011",Ocreativ Ltd,,gabrielle@ocreativ.com
77917778,deadAbandoned,BIGGAMESTAY.COM,"Mar. 07, 2011",Bryan Fries,,
77917787,REQUEST_FAILED,,,,,
77917798,REQUEST_FAILED,,,,,
77917804,REQUEST_FAILED,,,,,
77918105,REQUEST_FAILED,,,,,
77918136,REQUEST_FAILED,,,,,
77918544,REQUEST_FAILED,,,,,
77918693,deadAbandoned,MENICINE,"Mar. 07, 2011","HAYNES, MARTIN D",,martin_haynes@btinternet.com
77918604,REQUEST_FAILED,,,,,
77918533,REQUEST_FAILED,,,,,
77918682,REQUEST_FAILED,,,,,
77918926,deadAbandoned,AUSSIE ROCKET,"Sep. 05, 2011",Thomas William Lindsay,,tom@simplesimon.com.au
77918824,REQUEST_FAILED,,,,,
77918901,REQUEST_FAILED,,,,,
77918943,REQUEST_FAILED,,,,,
77919190,REQUEST_FAILED,,,,,
77919186,REQUEST_FAILED,,,,,
77919629,deadAbandoned,NEUROLIX,"May 23, 2011","Seven Consulting, LLC",,sugermail@yahoo.com
77919779,deadAbandoned,APC,"Aug. 24, 2011","Alpine Investment Management, LLC",,ntompras@alpine-invest.com
77919317,REQUEST_FAILED,,,,,
77919543,deadAbandoned,PIXPOETRY,"Aug. 22, 2011",Pixfusion LLC,,
77919800,REQUEST_FAILED,,,,,
77919804,REQUEST_FAILED,,,,,
77919847,REQUEST_FAILED,,,,,
77919922,deadAbandoned,CHICANO BAY,"May 30, 2011","Jimenez, Arturo Leon",,rawnervsf@gmail.com
77919887,REQUEST_FAILED,,,,,
77919935,deadAbandoned,HOOF DAT.,"Mar. 07, 2011","Kennedy, Jeremy Wayne",,catchkennedy@yahoo.com
77919921,deadAbandoned,"MAN HANDS COMPANIES, INC","Mar. 09, 2011",Adam Weston Curran,,info@manhandslotions.com
77920045,deadAbandoned,BUILDING TOOLS THAT BUILD BUSINESS,"Mar. 23, 2011","Proventus Technologies, Inc.",,info@proventustechnologies.com
77920153,deadAbandoned,KNOW YOUR CLIENT IN REAL TIME,"Jan. 31, 2011","FTEN, Inc.",,
77920012,deadAbandoned,DCVGXPERT,"Feb. 04, 2011",Spectrum Pipeline Services Inc.,,anderson@spectrumpipeline.com
77919931,REQUEST_FAILED,,,,,
77920198,deadAbandoned,KNOW YOUR CLIENT - KNOW THEIR TRADES - IN REAL TIME,"Jan. 31, 2011","FTEN, Inc.",,
77920173,deadAbandoned,KYC IN REAL TIME,"Nov. 03, 2011","FTEN, Inc.",,
77920207,REQUEST_FAILED,,,,,
77920280,REQUEST_FAILED,,,,,
77920823,deadAbandoned,PINK RIOT,"Sep. 05, 2011","Pink Riot, LLc",,ekelly@pinkriotstores.com
77920878,REQUEST_FAILED,,,,,
77920992,REQUEST_FAILED,,,,,
77921325,deadAbandoned,IKE BEHAR,"Oct. 10, 2011",Behar Licensing Corp.,,
77921249,REQUEST_FAILED,,,,,
77921771,deadAbandoned,SWEETBURGER,"Mar. 14, 2011","Wood, Ryan S.",,ryan@elkrivercorp.com
77921578,REQUEST_FAILED,,,,,
77921664,REQUEST_FAILED,,,,,
77921821,deadAbandoned,IN*DA,"Sep. 12, 2011","Pena, Kevin D",,k_pena@bellsouth.net
77921789,REQUEST_FAILED,,,,,
77921918,deadAbandoned,FOREVER FIT(S),"May 22, 2011","Erickson, June S",,june.erickson@gmail.com
77921840,REQUEST_FAILED,,,,,
77921933,deadAbandoned,Z CUPCAKES,"Aug. 01, 2011","TABIBIAN, PAYAM",,
77922003,deadAbandoned,I-CONTROL,"Jul. 22, 2011",InterMedia Solutions GmbH,,cg@intermedia-solutions.de
77921998,deadAbandoned,FOOTERELLA,"Mar. 14, 2011","Michelle, Duffy",,mchamplin@dubaipodiatry.com
77921952,REQUEST_FAILED,,,,,
77922216,deadAbandoned,TAKE YOUR WORKOUT TO GO,"Mar. 14, 2011",ACI International,,aliau@aciint.com
77921957,REQUEST_FAILED,,,,,
77922169,REQUEST_FAILED,,,,,
77922371,REQUEST_FAILED,,,,,
77922663,deadAbandoned,LA MALICIA TIPIKA,"Sep. 19, 2011",Emmanuel Paula,,manny2124@yahoo.com
77922949,deadAbandoned,PRIMARY SCHOOL,"Sep. 12, 2011",Shipman Associates Inc.,,marissa@thebalm.com
77922609,REQUEST_FAILED,,,,,
77922721,REQUEST_FAILED,,,,,
77922917,REQUEST_FAILED,,,,,
77922975,REQUEST_FAILED,,,,,
77923201,deadAbandoned,BABILLA,"Mar. 14, 2011",Torres Tomas,,tomastam@hotmail.com
77923044,REQUEST_FAILED,,,,,
77923353,deadAbandoned,VELOCITER,"May 05, 2011",Touch Diagnostics,,brent@gutekunst.com
77923397,deadAbandoned,SRSLY,"Feb. 28, 2011",BayCloud Systems Ltd.,,michael.oneill@btinternet.com
77923247,REQUEST_FAILED,,,,,
77923268,REQUEST_FAILED,,,,,
77923415,REQUEST_FAILED,,,,,
77923859,deadAbandoned,NELSON ADAMS,"Feb. 17, 2011","Mega-Met, Inc.",,rafaelrange1126@gmail.com
77923531,REQUEST_FAILED,,,,,
77924019,REQUEST_FAILED,,,,,
77924141,deadAbandoned,FRAY'D,"May 12, 2011","Roland, Carolyn Dawn",,cdr72@comcast.net
77924060,REQUEST_FAILED,,,,,
77924167,deadAbandoned,SWEDELICIOUS,"Mar. 14, 2011","Collins, Karin",,karincollins@hotmail.com
77924188,deadAbandoned,"GOING GREEN MEANS BEING SMARTER, LIKE RECYCLING AND CONSERVING WATER.","Mar. 14, 2011","KS Publications, Inc.",,info@kspublicationsinc.com
77924129,REQUEST_FAILED,,,,,
77924171,REQUEST_FAILED,,,,,
77924335,REQUEST_FAILED,,,,,
77924463,deadAbandoned,STEMXCELL,"Apr. 19, 2011",Oradix Inc.,,info@oradix.com
77924468,deadAbandoned,I T,"Mar. 21, 2011","Rodriguez, Jose Antonio",,tony.rodz5@gmail.com
77924499,deadAbandoned,ARAME,"Oct. 10, 2011",MAP,,trade@map.am
77924551,deadAbandoned,ED HARDY DANGEROUS,"Jun. 20, 2011",Hardy Way LLC,,atarshis@iconixbrand.com
77924494,REQUEST_FAILED,,,,,
77924512,REQUEST_FAILED,,,,,
77924631,deadAbandoned,GAME WALLET,"Mar. 14, 2011","Game Wallet, LLC",,info@vipmedia.com
77924716,deadAbandoned,ST. ROIDS,"Sep. 26, 2011","Gruenberg, Myron",,mkgmkg@sbcglobal.net
77924625,REQUEST_FAILED,,,,,
77924885,deadAbandoned,BOOST CATTLE DRENCH,"May 20, 2011",R & D LifeSciences,,sinhakp@vets-plus.com
77924742,REQUEST_FAILED,,,,,
77924951,deadAbandoned,MBOMBATA,"Apr. 18, 2011",Dimitar I Milanov,,Dimitar.Milanov@Yahoo.com
77924813,REQUEST_FAILED,,,,,
77924839,REQUEST_FAILED,,,,,
77925153,deadAbandoned,WHERE IT'S AT,"Mar. 14, 2011","Bare Escentuals Beauty, Inc.",,tmdocket@bareescentuals.com
77925160,deadAbandoned,GUDERNOOBS,"Mar. 14, 2011","WooHoo Foods, Inc.",,holly.murphy@woohoofoods.com
77925323,REQUEST_FAILED,,,,,
77925372,REQUEST_FAILED,,,,,
77925426,REQUEST_FAILED,,,,,
77925545,REQUEST_FAILED,,,,,
77925673,REQUEST_FAILED,,,,,
77925693,REQUEST_FAILED,,,,,
77925711,REQUEST_FAILED,,,,,
77925787,deadAbandoned,PLANET TOTE,"Dec. 09, 2011",METROPAK Inc.,,
77925798,deadAbandoned,EXCELSIOR CONSUMER DATA,"May 31, 2011","Mailers Haven, LLC",,mailmogul@aol.com
77925763,REQUEST_FAILED,,,,,
77925790,REQUEST_FAILED,,,,,
77926004,deadAbandoned,INTELLIMELD,"Mar. 14, 2011",Colvin Consulting LLC,,Don.Colvin@colvinconsulting.net
77925862,REQUEST_FAILED,,,,,
77925982,REQUEST_FAILED,,,,,
77926116,deadAbandoned,JW PR TOOLKIT,"Mar. 21, 2011",JW Public Relations LLC,,
77926212,deadAbandoned,BUZZLEBEE,"Aug. 18, 2011","Selby-Gonzalez, Kristin",,kimjackson@enzymedica.com
77926156,REQUEST_FAILED,,,,,
77926358,REQUEST_FAILED,,,,,
77926388,REQUEST_FAILED,,,,,
77926428,deadAbandoned,SELECTEX,"Mar. 21, 2011",Varidian LLC,,donna@varidian.net
77926482,deadAbandoned,OCULERA,"Mar. 14, 2011","Royal Tropics Asia, Limited",,
77926440,REQUEST_FAILED,,,,,
77926526,deadAbandoned,ABOVO,"Oct. 17, 2011","Geozalian, Hripsime",,
77926450,REQUEST_FAILED,,,,,
77926646,deadAbandoned,FROM THE WEB TO THE WORLD,"Mar. 14, 2011",LiveVibes LLC,,wwillis@visualive.tv
77926681,deadAbandoned,ODOCARE,"Mar. 21, 2011",DOMMERHOLT JOHAN,,jos@garland.nl
77926589,deadAbandoned,AMABILE,"Mar. 21, 2011","G&G International Trading Co., Inc.",,tnc@bi-corp.com
77926730,deadAbandoned,LADY CHAMP,"Mar. 21, 2011",DOMMERHOLT JOHAN,,jos@garland.nl
77926638,REQUEST_FAILED,,,,,
77927141,deadAbandoned,FAMILY FASHION,"Sep. 12, 2011",American Express Marketing & Development Corp.,,
77927176,deadAbandoned,TORNADO NASAL STRIPS,"Mar. 21, 2011","VEEDER, MATTHEW P.",,matthewveeder@hotmail.com
77926951,REQUEST_FAILED,,,,,
77927324,deadAbandoned,MARC ECKO,"Mar. 25, 2011",IP Holdings Unltd LLC,,atarshis@iconixbrand.com
77927262,REQUEST_FAILED,,,,,
77927317,REQUEST_FAILED,,,,,
77927350,REQUEST_FAILED,,,,,
77927481,deadAbandoned,BREW CITY DJ'S,"Mar. 23, 2011",Zajdel Jake P,,brewcitydjs@yahoo.com
77927356,REQUEST_FAILED,,,,,
77927584,REQUEST_FAILED,,,,,
77927598,REQUEST_FAILED,,,,,
77927610,REQUEST_FAILED,,,,,
77927618,REQUEST_FAILED,,,,,
77927656,deadAbandoned,THE GREEN POWER PEOPLE,"Oct. 17, 2011","Hartman, Brian",,
77927846,deadAbandoned,RED,"May 09, 2011",IP Holdings Unltd LLC,,atarshis@iconixbrand.com
77927649,REQUEST_FAILED,,,,,
77927897,deadAbandoned,RED,"May 09, 2011",IP Holdings Unltd LLC,,atarshis@iconixbrand.com
77927907,deadAbandoned,RED,"Nov. 21, 2011",IP Holdings Unltd LLC,,atarshis@iconixbrand.com
77927939,deadAbandoned,UNLTD.,"May 09, 2011",IP Holdings Unltd LLC,,atarshis@iconixbrand.com
77927952,deadAbandoned,None,"Feb. 21, 2011","HERRERA, MAURICIO CAMARENA",,cramirez@uribeyasociados.com
77927875,REQUEST_FAILED,,,,,
77927885,REQUEST_FAILED,,,,,
77927964,REQUEST_FAILED,,,,,
77928023,REQUEST_FAILED,,,,,
77928077,REQUEST_FAILED,,,,,
77928078,REQUEST_FAILED,,,,,
77928459,deadAbandoned,NO QUIT IN ME,"Aug. 24, 2011","Chadwick Jr., David F.",,djrchad21@aol.com
77928275,REQUEST_FAILED,,,,,
77928457,REQUEST_FAILED,,,,,
77928577,REQUEST_FAILED,,,,,
77928610,REQUEST_FAILED,,,,,
77928666,deadAbandoned,ELITECOM,"Mar. 21, 2011","House, Aaron J",,aaron.house@usmc.mil
77928713,deadAbandoned,ECOTILITIES,"Mar. 14, 2011","Taniguchi, Ryland",,ryland007@yahoo.com
77928696,deadAbandoned,TIME ENGINES,"Oct. 31, 2011","Devon Motorworks, LLC",,
77928860,deadAbandoned,SOLARIAT,"Mar. 21, 2011","Solariat, Inc",,
77928777,REQUEST_FAILED,,,,,
77928874,REQUEST_FAILED,,,,,
77928909,deadAbandoned,ADLIB,"May 02, 2011","Solariat, Inc",,
77928895,REQUEST_FAILED,,,,,
77928944,REQUEST_FAILED,,,,,
77928986,REQUEST_FAILED,,,,,
77928995,REQUEST_FAILED,,,,,
77929502,deadAbandoned,5THOUGHT,"Mar. 21, 2011",5Thought Solutions Inc.,,jdibianca@5thought.com
77929507,deadAbandoned,ANGEL HALO VISOR,"Apr. 18, 2011","Karcie, Donald",,donnykarcie@yahoo.com
77929364,REQUEST_FAILED,,,,,
77929567,deadAbandoned,FLASH UV SEAL,"Jan. 25, 2011",AAA Hardwood Floors Inc. & Ampersand Solution,,ken@AAAHardwood.com
77929632,deadAbandoned,TECHNICARE,"Apr. 11, 2011","Robinson, Sharon C.",,srobinson@techni-care.com
77929577,REQUEST_FAILED,,,,,
77929626,REQUEST_FAILED,,,,,
77929642,deadAbandoned,AIDEX,"May 30, 2011",Aidex GmbH,,info@aidex-gmbh.de
77929681,deadAbandoned,F2N,"Mar. 21, 2011",cozybit Inc.,,javier@cozybit.com
77929650,REQUEST_FAILED,,,,,
77929715,deadAbandoned,OCTAVE4PLUS,"Feb. 15, 2011","Goodman, Garry",,split_secondmusic@yahoo.com
77929735,deadAbandoned,KREEPY BOXX,"Oct. 12, 2011",RYON XAVIER SMITH,,kreepyboxx@yahoo.com
77929783,REQUEST_FAILED,,,,,
77929876,deadAbandoned,RIGHTSTRADE,"Mar. 21, 2011","RightsCube, Inc.",,jmsolomon@gmail.com
77929805,REQUEST_FAILED,,,,,
77929900,deadAbandoned,HEALTHY FAMILIES,"Jun. 07, 2011","Hagan, Patrick",,patrick@healthyfamilies.com
77929888,deadAbandoned,ROAM TRIBE,"Dec. 16, 2011",MobileCommz LLC,,ajay.tejwani@mobilecommz.com
77929871,REQUEST_FAILED,,,,,
77929905,REQUEST_FAILED,,,,,
77929997,deadAbandoned,SHI SHI PUTTER,"Oct. 10, 2011",Starlight Creations LLC,,
77930054,deadAbandoned,ASLANDY,"Feb. 19, 2011",ZHANG KONGSEN,,usasndre@gmail.com
77929971,REQUEST_FAILED,,,,,
77930066,deadAbandoned,DONKEY MAN,"Nov. 14, 2011","Lanier, Kenneth",,
77930010,REQUEST_FAILED,,,,,
77930016,REQUEST_FAILED,,,,,
77930172,deadAbandoned,HOT DOG STOP,"Dec. 06, 2011","DECK, THOMAS GUNTER",,deck@prodigy.net.mx
77930411,deadAbandoned,ZANES,"Aug. 01, 2011",Zane Hubbard,,zanehubbard@hotmail.com
77930174,REQUEST_FAILED,,,,,
77930349,deadAbandoned,535= CLUELESS,"Mar. 28, 2011",David R Dorsey,,drdorsey3@gmail.com
77930386,REQUEST_FAILED,,,,,
77930538,deadAbandoned,None,"Mar. 21, 2011","Stewart, Brandon C",,brandon@westechassociates.com
77930483,REQUEST_FAILED,,,,,
77930720,deadAbandoned,FLYING CROWN FOUNDATION,"Mar. 21, 2011",Flying Crown Foundation,,
77930622,deadAbandoned,INCENTADVENTURE,"Sep. 26, 2011","Solomon, Joe",,joesolomon@yahoo.com
77930924,deadAbandoned,NHNF HELPING THE PLAYER TO CHANGE THE GAME,"Aug. 08, 2011","Smith-Gray, Sybil",,pioytl@hotmail.com
77930797,REQUEST_FAILED,,,,,
77930833,REQUEST_FAILED,,,,,
77930894,REQUEST_FAILED,,,,,
77931060,deadAbandoned,CLUB LOVE,"Oct. 24, 2011",Sutton Mark,,
77930992,REQUEST_FAILED,,,,,
77931027,REQUEST_FAILED,,,,,
77931037,REQUEST_FAILED,,,,,
77931097,deadAbandoned,THE ULTIMATE IN PROTECTION & PERFORMANCE,"Oct. 10, 2011","Switch2lpg, Limited",,
77931093,REQUEST_FAILED,,,,,
77931095,REQUEST_FAILED,,,,,
77931347,deadAbandoned,POWERHOUSE,"Mar. 17, 2011",Robert P. Felton,,porterfelton@mac.com
77931559,deadAbandoned,YT,"Jun. 21, 2011","Gomez, Alfonso S.",,jefabecerra@hotmail.com
77931460,REQUEST_FAILED,,,,,
77931751,deadAbandoned,INDEXHIBIT,"May 16, 2011",Jeffery Vaska,,vaska01@gmail.com
77931634,REQUEST_FAILED,,,,,
77931989,deadAbandoned,SILVERPOINT MEDIA GROUP,"Sep. 26, 2011",SILVERPOINT MEDIA GROUP LLC,,
77931628,REQUEST_FAILED,,,,,
77932044,REQUEST_FAILED,,,,,
77932046,REQUEST_FAILED,,,,,
77932075,REQUEST_FAILED,,,,,
77932226,deadAbandoned,YOUR PERSONAL STIMULUS PACKAGE,"May 09, 2011",Fun Sponge Inc.,,service@funspongeinc.com
77932314,deadAbandoned,EZIPLINE,"Apr. 18, 2011","Katz, Sharyn I",,skphiladelphia@gmail.com
77932318,deadAbandoned,YEOMAN,"Mar. 21, 2011",Terry Foods LTD,,nik@terryfoods.com
77932359,deadAbandoned,FREE YOUR CARD,"Apr. 11, 2011","GiftCards.com, LLC",,jason@wolfe.com
77932468,deadAbandoned,TENNIS PROSHOP.COM,"May 16, 2011","Boxwood RSF, LLC",,pgalleher@boxwoodpartnersllc.com
77932393,deadAbandoned,RE-DAT,"Mar. 28, 2011","Mozingo, Anthony A.",,tonymozingo@yahoo.com
77932473,deadAbandoned,GREEN LEAF,"Jun. 27, 2011",Orliv,,klein45@gmail.com
77932689,deadAbandoned,I DONT GIVE TWO SHITS,"Jun. 30, 2011","Price, Grant Z",,grantzprice@gmail.com
77932534,REQUEST_FAILED,,,,,
77932643,deadAbandoned,ECOSEPTIC,"Jul. 25, 2011",Ryland Taniguchi,,ryland007@yahoo.com
77932781,deadAbandoned,VFORCE,"Mar. 21, 2011","Callfinity, Inc.",,jeff.valentine@callfinity.com
77932724,REQUEST_FAILED,,,,,
77932743,REQUEST_FAILED,,,,,
77932852,REQUEST_FAILED,,,,,
77933013,REQUEST_FAILED,,,,,
77933093,deadAbandoned,GRIDSIM,"Oct. 04, 2011","Ho, Wai Yan",,waiyan@gridsimtech.com
77933171,deadAbandoned,BARKER INTERACTIVE GROUP,"Oct. 17, 2011","Morton, Pete",,
77933101,REQUEST_FAILED,,,,,
77933183,deadAbandoned,"CAREER DECISIONS MADE EASY, CAREER DECISIONS MADE RIGHT","Oct. 17, 2011","CaerusPoint, LLC",,
77933182,deadAbandoned,CAERUSPOINT,"Dec. 26, 2011","CaerusPoint, LLC",,
77933265,deadAbandoned,S.T.A.R.,"Oct. 31, 2011","Enalasys, Inc",,docketing@pelaw.net
77933269,deadAbandoned,S.T.A.R. LOAN,"Jun. 10, 2011","Enalasys, Inc.",,docketing@pelaw.net
77933154,REQUEST_FAILED,,,,,
77933173,REQUEST_FAILED,,,,,
77933242,REQUEST_FAILED,,,,,
77933410,deadAbandoned,KAYPÈPLA,"Mar. 28, 2011","Ceres Environmental Services, Inc.",,Gail.Hanscom@ceresenvironmental.com
77933457,deadAbandoned,TOP DIAMOND USA,"Feb. 11, 2011","TRAN, HUNG KHANH",,my@alexanderjewelry.com
77933277,deadAbandoned,PROTECT SAVINGS TARGETED ASSESSED RECOMMENDATIONS,"Oct. 31, 2011","Enalasys, Inc.",,docketing@pelaw.net
77933338,REQUEST_FAILED,,,,,
77933538,deadAbandoned,"ODBC NEWPORT, RI","Apr. 04, 2011",Kyle Kilcoyne,,kyle@kkandassociates.com
77933456,deadAbandoned,THREE LITTLE PIGS,"Feb. 07, 2011",Winning Moves Inc.,,pecci@winning-moves.com
77933465,REQUEST_FAILED,,,,,
77933482,REQUEST_FAILED,,,,,
77933606,deadAbandoned,CARATER,"Feb. 11, 2011","TRAN, HUNG KHANH",,my@alexanderjewelry.com
77933792,deadAbandoned,PRESSELITE,"Aug. 15, 2011",Thomas Geley Services,,thomas.geley@gmail.com
77933546,REQUEST_FAILED,,,,,
77933747,deadAbandoned,BINGO R US,"Jun. 02, 2011","Luis, Vale",,luispinavale@yahoo.com
77933849,REQUEST_FAILED,,,,,
77933365,deadAbandoned,RESTAURANT CITY,"Oct. 17, 2011",Warehouse Store Fixture Company,,roys@restaurantsupplystore.com
77933977,REQUEST_FAILED,,,,,
77934142,deadAbandoned,ESOTERIC ENGINEERING,"May 31, 2011","Esoteric Engineering, Inc",,EsotericEngineering@zoho.com
77934184,deadAbandoned,FRYING SAUCER,"Oct. 24, 2011","Dobert, Marvin",,
77934082,REQUEST_FAILED,,,,,
77934294,deadAbandoned,QLUSTAR,"May 31, 2011",Q-Leap Networks GmbH,,rf@q-leap.de
77934187,REQUEST_FAILED,,,,,
77934207,deadAbandoned,THE YELLOW LIGHT,"Oct. 17, 2011","Hakim, Thomas",,
77934303,deadAbandoned,SUPER VARO SV,"Apr. 25, 2011",LUIS HECTOR RUBALCAVA ROMO,,sgomez@maspatentes.com
77934737,deadAbandoned,DAILY GOOD,"Sep. 12, 2011",American Express Marketing & Development Corp.,,
77934753,deadAbandoned,GOOD FOR THE HEART AND SOUL,"Mar. 28, 2011","Project Turning Point, Inc.",,gjswmd@aol.com
77934691,REQUEST_FAILED,,,,,
77934837,deadAbandoned,THE HARD ROAD TO NASHVILLE,"Oct. 10, 2011",Jeff Lethert,,
77934978,deadAbandoned,None,"Mar. 21, 2011","Appiah-Kumi, George",,george_appiah@hotmail.com
77934812,REQUEST_FAILED,,,,,
77934997,REQUEST_FAILED,,,,,
77935199,deadAbandoned,SLIX,"Jul. 05, 2011",The Trustees of the H&D Teys Pty Ltd ATF Teys Jade Dragon Trust,,sales@slixaustralia.com.au
77935195,deadAbandoned,UH UNDERHOOK,"Apr. 11, 2011",Underhook,,mac@underhook.com
77935202,deadAbandoned,CUDDLYSOFT,"Mar. 28, 2011","Whitmore, Kenneth Wayne",,kwhitmore43@gmail.com
77935167,REQUEST_FAILED,,,,,
77935181,REQUEST_FAILED,,,,,
77935189,REQUEST_FAILED,,,,,
77935211,REQUEST_FAILED,,,,,
77935328,deadAbandoned,BABY GRAMOPHONE,"May 16, 2011","Lopareva, Natalia",,bg@babygramophone.com
77935457,deadAbandoned,BEFORE AND AFTER I LEFT IT BEHIND ME!,"Apr. 23, 2011","Bruton, Maurice",,noelasticwaist@live.com
77935286,REQUEST_FAILED,,,,,
77935351,deadAbandoned,PARADAGAY,"Mar. 28, 2011","alberto, zappia",,zappia@ig.com.br
77935505,deadAbandoned,FORMULA FUN,"Oct. 17, 2011",Leeroy Productions Pty Ltd,,stevet@madcowpictures.com
77935491,REQUEST_FAILED,,,,,
77935539,REQUEST_FAILED,,,,,
77935556,deadAbandoned,PROSPERITYPLAN,"Nov. 14, 2011","McDaniel, Terry",,
77935835,deadAbandoned,COMMERCIAL KITCHEN PARTS SUPPLY CKPS KEEP AMERICA COOKIN',"Nov. 07, 2011","ckps.com, LLC",,bwc@ckps.com
77935836,deadAbandoned,CARTOMAP,"Aug. 17, 2011","ANEBA Geoinformática, S.L.",,curt@intuitlaw.com
77935676,deadAbandoned,BOHEMIOS DE BRYNDIS,"Apr. 04, 2011",J. GUADALUPE GUEVARA CEBALLOS,,etorresmt@gmail.com
77935686,REQUEST_FAILED,,,,,
77935759,REQUEST_FAILED,,,,,
77936063,deadAbandoned,INLAYZ,"Dec. 19, 2011",Notifeye Pty Ltd,,vp@inlayz.net
77935864,REQUEST_FAILED,,,,,
77936156,deadAbandoned,GIGGLEBALLS,"Oct. 24, 2011","Frank,Linda",,
77936066,REQUEST_FAILED,,,,,
77936096,REQUEST_FAILED,,,,,
77936141,REQUEST_FAILED,,,,,
77936183,deadAbandoned,HYPNOEARS,"Oct. 03, 2011","Thompson, Olivia B",,HYPNOEARS@GMAIL.COM
77936323,REQUEST_FAILED,,,,,
77936456,REQUEST_FAILED,,,,,
77936481,REQUEST_FAILED,,,,,
77936577,deadAbandoned,DETROIT TWENTY FIVE,"Jan. 27, 2011","Detroit Premiere Artists, Inc.",,hagi@detroitpremiereartists.com
77936707,deadAbandoned,SHED THREADS AND TREADS,"Apr. 11, 2011","Curtis, Thomas B.",,curtis9045@aol.com
77936669,deadAbandoned,BLACKNECK,"Apr. 11, 2011",Viña Fundacion de Mendoza S.A.,,andrea.malerba@fundaciondemendoza.com.ar
77936865,deadAbandoned,HANDSPRING,"Apr. 04, 2011",EXIM Brands LLC,,druder@eximbrands.com
77936701,REQUEST_FAILED,,,,,
77936801,REQUEST_FAILED,,,,,
77936844,REQUEST_FAILED,,,,,
77937060,REQUEST_FAILED,,,,,
77937052,REQUEST_FAILED,,,,,
77937364,deadAbandoned,GEOSENSE,"May 02, 2011",ZePeer O.Y LTD.,,oded@zepeer.com
77937276,deadAbandoned,CYBER SANTA,"Dec. 19, 2011",Stephen Bottomley,,wss@ameriprop.net
77937245,REQUEST_FAILED,,,,,
77937454,REQUEST_FAILED,,,,,
77937455,REQUEST_FAILED,,,,,
77937571,REQUEST_FAILED,,,,,
77937925,deadAbandoned,SYNERG SYSTÈMES AV SYSTEMS,"Aug. 24, 2011","Rayes, Philippe",,prayes@sherpa-group.net
77937915,REQUEST_FAILED,,,,,
77938121,REQUEST_FAILED,,,,,
77938182,deadAbandoned,PROVITIVE NUTRITION YOU CAN TRUST,"Aug. 15, 2011","HSB, LLC",,jhall@yourifteam.com
77938170,REQUEST_FAILED,,,,,
77938366,deadAbandoned,CYBOE,"Aug. 02, 2011",Cyboe LLC,,bobakrazi@yahoo.com
77938429,deadAbandoned,KEYWORD METHOD,"Mar. 17, 2011",Munshi Moniruzzaman,,drmoniruzzaman@yahoo.co.uk
77938367,REQUEST_FAILED,,,,,
77938375,REQUEST_FAILED,,,,,
77938590,deadAbandoned,KNOWLEDGEOLOGY,"May 02, 2011","Imaginology, LLC",,nathang@imaginology.com
77938646,deadAbandoned,THE STICKEY,"Mar. 07, 2011","Bortz, Bradley J",,bortz98@gmail.com
77938619,REQUEST_FAILED,,,,,
77938742,REQUEST_FAILED,,,,,
77938964,deadAbandoned,DIRTY BARMAID,"Apr. 11, 2011",Bella Fresca Incorporated,,ReachCF@aol.com
77938842,REQUEST_FAILED,,,,,
77938954,REQUEST_FAILED,,,,,
77939024,REQUEST_FAILED,,,,,
77939167,REQUEST_FAILED,,,,,
77939296,deadAbandoned,LOSSLESS PARTITIONING,"Oct. 07, 2011","Ho, Wai Yan",,waiyan@gridsimtech.com
77939222,REQUEST_FAILED,,,,,
77939277,REQUEST_FAILED,,,,,
77939338,REQUEST_FAILED,,,,,
77939366,REQUEST_FAILED,,,,,
77939516,deadAbandoned,HARD HEAD MUSIC,"Oct. 17, 2011",Zeigler Jamaal,,
77939477,REQUEST_FAILED,,,,,
77939578,deadAbandoned,NAUGHTY N NICE CREAM,"Oct. 10, 2011","Doty, Kelly R.",,kelly2009@kellydoty.com
77939500,REQUEST_FAILED,,,,,
77939535,deadAbandoned,CP,"Oct. 31, 2011",CaerusPoint LLC,,
77939501,REQUEST_FAILED,,,,,
77939971,deadAbandoned,COTTON CANDY FACTORY,"Oct. 17, 2011","OPORTUMEX, S.A. DE C.V.",,etorresmt@gmail.com
77939628,REQUEST_FAILED,,,,,
77939856,REQUEST_FAILED,,,,,
77940195,deadAbandoned,ME*YO,"Apr. 18, 2011","Peggy Brown Creative Consulting, LLC",,
77940131,REQUEST_FAILED,,,,,
77940100,REQUEST_FAILED,,,,,
77940161,REQUEST_FAILED,,,,,
77940281,REQUEST_FAILED,,,,,
77940366,REQUEST_FAILED,,,,,
77940486,REQUEST_FAILED,,,,,
77940673,deadAbandoned,40NORTH,"Mar. 28, 2011","Solomon, Joe",,joesolomon@yahoo.com
77940558,REQUEST_FAILED,,,,,
77940688,REQUEST_FAILED,,,,,
77940700,REQUEST_FAILED,,,,,
77940875,deadAbandoned,AN 8-YEAR OLD CAN BEAT MOM AND DAD GAME,"Oct. 10, 2011","Comperda, Scott Michael",,thinkunique2000@yahoo.com
77940775,REQUEST_FAILED,,,,,
77940936,deadAbandoned,MAMALAW,"Apr. 18, 2011",Mamalaw Media Group,,contactus@blogaliciousweekend.com
77940972,deadAbandoned,SPICY PIZZA,"Jun. 16, 2011",SPICY PIZZA CO.,,spicypizzaent@yahoo.com
77940829,REQUEST_FAILED,,,,,
77940991,deadAbandoned,MENTALLICA,"Dec. 12, 2011","BCInet, Inc.",,
77941005,deadAbandoned,ACCESS GAYLE,"Oct. 24, 2011","LaTorre, Wendy",,
77940995,deadAbandoned,GREEN MONSTER,"Mar. 24, 2011","Chung, Howard",,hhchung@gmail.com
77941006,deadAbandoned,PINK ELEPHANTS,"Oct. 24, 2011","Tewes, Linda",,
77941010,deadAbandoned,NEWSMERCIAL,"Oct. 24, 2011","LaTorre, Wendy",,
77941024,deadAbandoned,IT'S A GOOD DAY.,"Nov. 07, 2011","Sikora, Cynthia",,
77941000,REQUEST_FAILED,,,,,
77941027,REQUEST_FAILED,,,,,
77941169,deadAbandoned,SOLERA,"Jan. 02, 2011",Aphos Lighting LLC,,dhammel@aphoslighting.com
77941189,deadAbandoned,AGILE4R,"Jun. 27, 2011",NETFECTIVE TECHNOLOGY,,aparquet@netfective.com
77941331,REQUEST_FAILED,,,,,
77941375,deadAbandoned,HOT DOG EXPERIENCE,"Mar. 28, 2011","Deck, Thomas Gunter",,deck@prodigy.net.mx
77941521,REQUEST_FAILED,,,,,
77941657,REQUEST_FAILED,,,,,
77941677,REQUEST_FAILED,,,,,
77941987,deadAbandoned,TA2 TA2,"Apr. 11, 2011",moodform,,Jmensing@moodform.com
77942023,deadAbandoned,TOP SNAP THE PROPERTY PHOTOGRAPHY PROFESSIONALS,"Oct. 17, 2011",Top Snap Marketing PTY LTD,,rob.watkin@topsnap.com
77941948,REQUEST_FAILED,,,,,
77942031,deadAbandoned,EL MARAUDER,"Jun. 02, 2011","Hernandez, Jeremiah",,jgh1985@gmail.com
77941967,REQUEST_FAILED,,,,,
77942045,deadAbandoned,LONE STAR DEPUTY,"Oct. 24, 2011",Story Orville,,
77942258,deadAbandoned,REGISTERED EX OFFENDER,"Apr. 18, 2011","Frustaci, Vincent",,dianak33@yahoo.com
77942164,REQUEST_FAILED,,,,,
77942239,REQUEST_FAILED,,,,,
77942376,deadAbandoned,CERAMIKA,"Nov. 14, 2011","Kapow Beauty, LLC",,mail@ipatlaw.com
77942419,deadAbandoned,CERAMIKAPRO,"Oct. 17, 2011","Kapow Beauty, LLC",,mail@ipatlaw.com
77942418,deadAbandoned,IF YOU'RE SCARED SAY YOU'RE SCARED,"Apr. 11, 2011","Ruff & Tuff Electric Vehicles, Inc.",,katie@ruffandtuff.net
77942402,REQUEST_FAILED,,,,,
77942596,deadAbandoned,QUANTUM,"Oct. 24, 2011","RyMed Technologies, Inc.",,
77942516,REQUEST_FAILED,,,,,
77942650,deadAbandoned,CHE,"Nov. 14, 2011","Farouk Systems, Inc.",,
77942876,REQUEST_FAILED,,,,,
77943085,REQUEST_FAILED,,,,,
77943099,REQUEST_FAILED,,,,,
77943207,deadAbandoned,STONE AGE,"Sep. 03, 2011","Schuman, Karen",,DncingKrow@aol.com
77943198,deadAbandoned,NAME4SALE,"Apr. 18, 2011",aybit LLC,,info@aybit.com
77943262,deadAbandoned,TURBO DUNKERS,"Apr. 18, 2011",Big Brain Ventures LLC,,craig@craigpetersen.com
77943182,REQUEST_FAILED,,,,,
77943204,deadAbandoned,IMAGE CANDY,"Nov. 14, 2011","Buser, Kenneth",,
77943203,REQUEST_FAILED,,,,,
77943382,deadAbandoned,CHILL VENICE STYLE YOUR LIFE,"Apr. 25, 2011","McKenzie, Candi",,
77943209,REQUEST_FAILED,,,,,
77943286,REQUEST_FAILED,,,,,
77943384,REQUEST_FAILED,,,,,
77943517,REQUEST_FAILED,,,,,
77943898,deadAbandoned,CHUGGYPIG,"Apr. 18, 2011",Thomas Casey,,tomiris@gmail.com
77943786,REQUEST_FAILED,,,,,
77944246,deadAbandoned,BOMBARINDA,"Apr. 18, 2011","LOPEZ, ERIBERTO CANDELARIO",,cramirez@uribeyasociados.com
77944330,deadAbandoned,HANGOVER H2O,"Jan. 15, 2011",Julie James Fenton,,julieajames@mac.com
77944376,deadAbandoned,SHLIPPER,"Oct. 31, 2011","Hitomi, Benedetti",,
77944310,REQUEST_FAILED,,,,,
77944311,REQUEST_FAILED,,,,,
77944351,REQUEST_FAILED,,,,,
77944515,deadAbandoned,FLIP-LOC,"Jan. 03, 2011","Pawlik, Jorg",,jorgpawlik@whyditot.com
77944401,REQUEST_FAILED,,,,,
77944389,REQUEST_FAILED,,,,,
77944478,REQUEST_FAILED,,,,,
77944605,deadAbandoned,CUDDLE TUNES,"Apr. 18, 2011","Everhear Partners, Inc",,mike.robinson@everhearpartners.com
77944658,deadAbandoned,ITABLE,"Apr. 18, 2011",PQ Labs Inc,,flu@pqlabs.com
77944587,REQUEST_FAILED,,,,,
77944701,REQUEST_FAILED,,,,,
77944816,deadAbandoned,HATERADE,"Dec. 06, 2011",BLAYNE SIEGEL,,SBLAYNE@HOTMAIL.COM
77944736,REQUEST_FAILED,,,,,
77944829,deadAbandoned,ZEBOO'S,"Nov. 28, 2011",M.H.H. Entertainment Group L.L.C.,,dan@eatzeboos.com
77944962,deadAbandoned,WORDSNAKE,"Apr. 25, 2011","GOLD BROTHERS ENTERTAINMENT, LLC",,docketing@pelaw.net
77944953,deadAbandoned,VOCAB U,"Jul. 28, 2011","Gold Brothers Entertainment, LLC",,docketing@pelaw.net
77944780,REQUEST_FAILED,,,,,
77945121,deadAbandoned,AL-WAHA GOLD,"Jun. 20, 2011",UR United for Investment LTD,,info@tariq-abusetta.com
77944968,REQUEST_FAILED,,,,,
77945426,deadAbandoned,PEACE&EATZ,"Apr. 18, 2011","REDD,DAMETRUS,A",,dredd72@live.com
77945349,REQUEST_FAILED,,,,,
77945531,REQUEST_FAILED,,,,,
77945850,deadAbandoned,CATS CANADIAN ACCOUNT TRACKING SYSTEM,"Apr. 15, 2011",Federated Payment Systems LLC,,gslote@fpsemail.com
77945825,deadAbandoned,UMATAX,"Oct. 28, 2011",Val N Chtchevelev,,admin@umatax.com
77945704,REQUEST_FAILED,,,,,
77946024,REQUEST_FAILED,,,,,
77946205,deadAbandoned,BITE ME,"Oct. 17, 2011",Susanne Lang Fragrance Inc.,,doug@sulabeauty.com
77946232,deadAbandoned,POTTY MOUTH,"Oct. 17, 2011",Susanne Lang Fragrance Inc.,,doug@sulabeauty.com
77946159,REQUEST_FAILED,,,,,
77946200,REQUEST_FAILED,,,,,
77946297,REQUEST_FAILED,,,,,
77946487,deadAbandoned,CHAT.ME,"Apr. 02, 2011","Tena Sánchez, Roberto Arturo",,arturotena2.mx@gmail.com
77946449,REQUEST_FAILED,,,,,
77946479,REQUEST_FAILED,,,,,
77946563,deadAbandoned,THE FIGHT DOCTOR,"May 30, 2011","James David Chlovechok, M.D.",,thefightdoctor@hotmail.com
77946600,deadAbandoned,FERLY & TAYAO,"Apr. 18, 2011",Matthew Joshua Tayao,,ferlyprado@yahoo.com
77946522,REQUEST_FAILED,,,,,
77946639,deadAbandoned,NOCOCA,"Apr. 18, 2011","Harrah, Jeffrey W.",,nococa@gmail.com
77946564,REQUEST_FAILED,,,,,
77946718,deadAbandoned,WINDROID,"Jun. 24, 2011","Doeswijk, Gerard",,administrator@windroid.com
77946666,REQUEST_FAILED,,,,,
77946739,REQUEST_FAILED,,,,,
77946811,REQUEST_FAILED,,,,,
77946821,REQUEST_FAILED,,,,,
77946897,deadAbandoned,PROMOTE YOUR TEAM,"Jul. 05, 2011","Promote Your Team, LLC",,matt@promoteyourteam.com
77946839,REQUEST_FAILED,,,,,
77946905,deadAbandoned,ALIEN VOODOO,"Nov. 07, 2011","Bush, Billy Ray",,
77946890,REQUEST_FAILED,,,,,
77946908,REQUEST_FAILED,,,,,
77946920,REQUEST_FAILED,,,,,
77946959,REQUEST_FAILED,,,,,
77947018,REQUEST_FAILED,,,,,
77947237,deadAbandoned,FISHHEAD,"Jul. 08, 2011",Nervous Water Apps,,johngsherman@me.com
77947221,deadAbandoned,MIX MONITOR,"Jun. 17, 2011","Day,David",,david@daysequerra.com
77947169,REQUEST_FAILED,,,,,
77947473,deadAbandoned,PE PRESIDENTIAL ENTERTAINMENT,"Jul. 06, 2011","Saunders, Ricardo",,
77947550,deadAbandoned,SILVERSPORT,"Jan. 31, 2011",Eco Product Group LLC,,Cinpa2@aol.com
77947549,deadAbandoned,EVERYBODY.COM,"Aug. 01, 2011",The Everybody Network,,ivorytulip3k@yahoo.com.au
77947654,deadAbandoned,COSMETIC FITNESS,"Jun. 22, 2011","Thurmond, Michael",,
77947310,REQUEST_FAILED,,,,,
77947494,deadAbandoned,PLEASUREDOME,"Apr. 25, 2011","Rideaux, Ziri",,ZiriPat@aol.com
77947531,REQUEST_FAILED,,,,,
77947838,deadAbandoned,EPIC PLANKS,"Apr. 18, 2011",Epic Planks Ski Co. LLC,,bill@epicplanks.com
77947813,REQUEST_FAILED,,,,,
77947821,REQUEST_FAILED,,,,,
77947900,deadAbandoned,REVELATION RIDERS,"Nov. 07, 2011",Lewis Richard,,
77947916,deadAbandoned,FENNINELLE,"Oct. 24, 2011",Alfredo Hernandez Gutierrez,,
77948021,deadAbandoned,ADNALYSIS,"Mar. 14, 2011",American Express Marketing & Development Corp.,,
77947897,REQUEST_FAILED,,,,,
77947996,deadAbandoned,DITCH PLAINS,"Oct. 21, 2011",Seena International Inc.,,
77948146,deadAbandoned,COWABUNGA COVE,"Apr. 19, 2011",Cowabunga Cove LLC,,dylan@cowabungacove.com
77947998,REQUEST_FAILED,,,,,
77948116,REQUEST_FAILED,,,,,
77948401,deadAbandoned,MITCH MORGAN'S,"Jul. 05, 2011","Bent, Seth",,
77948375,deadAbandoned,INTERLUXE,"Jan. 27, 2011","Interluxe, Inc.",,nathan.gildersleeve@gmail.com
77948263,REQUEST_FAILED,,,,,
77948304,REQUEST_FAILED,,,,,
77948679,deadAbandoned,THE ILHAM,"Jan. 24, 2011","Hijazi, Omar",,
77948566,deadAbandoned,KOLORTUFF,"May 17, 2011","Insulated Glass of America, Inc.",,msmith@igamerica.com
77948398,REQUEST_FAILED,,,,,
77948556,REQUEST_FAILED,,,,,
77948966,deadAbandoned,ONE FOR ALL,"Apr. 25, 2011",FremantleMedia North America Inc,,isabelle.brender@fremantlemedia.com
77948838,REQUEST_FAILED,,,,,
77948977,deadAbandoned,EMW,"Nov. 07, 2011","Walsh, Brandon",,
77948964,deadAbandoned,GROW UP,"Dec. 12, 2011",FremantleMedia North America Inc,,isabelle.brender@fremantlemedia.com
77948952,REQUEST_FAILED,,,,,
77949204,deadAbandoned,BANPAIA VAMPIRE PETS,"May 02, 2011","Kona, Mayura Reddy",,mayurakona@gmail.com
77949071,deadAbandoned,HOME PERFORMANCE |MATTERS,"Jun. 14, 2011",Home Performance Matters LLC,,dmoncayo@homeperformancematters.com
77949158,REQUEST_FAILED,,,,,
77949212,deadAbandoned,GOD'S ANGELS,"Apr. 25, 2011","Wiggins-Edwards, Linda",,godsangels.kidsclub@yahoo.com
77949252,REQUEST_FAILED,,,,,
77949274,REQUEST_FAILED,,,,,
77949324,REQUEST_FAILED,,,,,
77949329,REQUEST_FAILED,,,,,
77949463,deadAbandoned,SPACE CASE,"Jun. 14, 2011","1 Source Productions, Inc",,Shahin@1sourceprod.com
77949424,REQUEST_FAILED,,,,,
77949684,deadAbandoned,BLACK COFFEE GALLERY ART AND COFFEE MADE BY ARTISTS,"Oct. 19, 2011","CAFE NEGRO GALLERIA, S. DE R.L. DE C.V.",,contacto@promarkmexico.com
77949473,REQUEST_FAILED,,,,,
77949481,REQUEST_FAILED,,,,,
77949800,deadAbandoned,KNOWTILUS,"Apr. 25, 2011",Kairoos Solutions S.L.,,fmartin@kairoos.com
77949875,REQUEST_FAILED,,,,,
77949885,REQUEST_FAILED,,,,,
77950033,REQUEST_FAILED,,,,,
77950071,REQUEST_FAILED,,,,,
77950130,REQUEST_FAILED,,,,,
77950159,deadAbandoned,NECKBREAKER FABRICATION,"Oct. 17, 2011",Maciel Luis,,
77950205,deadAbandoned,D M,"May 30, 2011",THE DIAMOND MAJESTE,,LATASHA300@YAHOO.COM
77950164,deadAbandoned,VIRELESS,"May 02, 2011",Vireless Inc.,,vidurbhargava@gmail.com
77950259,deadAbandoned,DANCE ON BROADWAY,"Jul. 26, 2011",Ubisoft Entertainment,,
77950158,REQUEST_FAILED,,,,,
77950435,deadAbandoned,TASTE PROFILE,"Mar. 21, 2011","The Noble Vine, LLC",,justin@thenoblevine.com
77950462,deadAbandoned,THE CLEAR CHOICE,"Apr. 25, 2011",VenMill Industries Inc,,Tahira.Jayasuriya@venmill.com
77950455,deadAbandoned,LINCOLN,"Jan. 11, 2011","Hezze,Federico Fuad",,info@lincolntenis.com
77950312,REQUEST_FAILED,,,,,
77950873,deadAbandoned,HOPHYSIO,"Apr. 25, 2011",Ho Hoi Ming Michael,,drtvasia@hotmail.com
77950514,REQUEST_FAILED,,,,,
77951084,deadAbandoned,3D PERSPECTIVE,"Jun. 23, 2011",Voti Inc.,,fortiman@aei.ca
77951165,deadAbandoned,"TURNING ""FRIENDS"" INTO FRIENDS","Apr. 25, 2011",Ego Boxes LLC,,admin@mixpool.com
77950973,REQUEST_FAILED,,,,,
77951025,REQUEST_FAILED,,,,,
77951254,deadAbandoned,MOSKITOTE,"Nov. 28, 2011","Rogers, Margaret",,
77951175,REQUEST_FAILED,,,,,
77951185,REQUEST_FAILED,,,,,
77951267,deadAbandoned,SORRY FOR PARTYIN',"Nov. 23, 2011","Gulledge, Stephen",,
77951209,REQUEST_FAILED,,,,,
77951351,deadAbandoned,FAMOUS CREPE HEALTHY & DELICIOUS,"Apr. 25, 2011",Attila Fabian,,bify1@yahoo.com
77951213,REQUEST_FAILED,,,,,
77951273,deadAbandoned,GATO LA VIDA,"Nov. 07, 2011","Chapman, Carl",,
77951377,REQUEST_FAILED,,,,,
77951424,REQUEST_FAILED,,,,,
77951513,REQUEST_FAILED,,,,,
77951668,REQUEST_FAILED,,,,,
77951709,REQUEST_FAILED,,,,,
77951883,deadAbandoned,KIRSTIE ALLEY'S GREEN SOUP,"Jul. 15, 2011",Organic Liaison LLC,,pcrawford2@gmail.com
77951936,REQUEST_FAILED,,,,,
77951952,REQUEST_FAILED,,,,,
77952076,REQUEST_FAILED,,,,,
77952261,deadAbandoned,YEMANE & COMPANY,"Jul. 07, 2011","YEMANE & COMPANY, INC.",,INFO@YEMANE.COM
77952266,REQUEST_FAILED,,,,,
77952295,REQUEST_FAILED,,,,,
77952372,deadAbandoned,RATSAFARI,"May 23, 2011","Magallon, Esteban",,emagallon89@gmail.com
77952364,deadAbandoned,SMOOTHIE53,"Dec. 05, 2011","Nutrition53, Inc",,
77952363,deadAbandoned,FAMOUSE,"Aug. 15, 2011",Brendon Miskell,,bjmiskell@yahoo.com.au
77952376,deadAbandoned,SCHOLARSHIPCONNECT,"Nov. 28, 2011","ScholarshipConnect, Inc.",,
77952435,deadAbandoned,INSTAVAPE,"Oct. 17, 2011","SKY 1 TECHNOLOGIES, INC.",,matt@sky1inc.com
77952441,deadAbandoned,MICHAEL'S GRILL & TAQUERIA,"Jan. 10, 2011",Michael H Butson,,mikebutson@mac.com
77952360,REQUEST_FAILED,,,,,
77952349,REQUEST_FAILED,,,,,
77952449,REQUEST_FAILED,,,,,
77952501,REQUEST_FAILED,,,,,
77952522,REQUEST_FAILED,,,,,
77952568,REQUEST_FAILED,,,,,
77952698,deadAbandoned,K · LA,"Nov. 07, 2011","K-LA, LLC",,
77952576,REQUEST_FAILED,,,,,
77952753,deadAbandoned,TAG THIS!,"Apr. 25, 2011","Medina, Maria",,mv_medina@yahoo.com
77952707,REQUEST_FAILED,,,,,
77952712,REQUEST_FAILED,,,,,
77952973,deadAbandoned,PICK SPORK,"Aug. 02, 2011",MYTYM Co.,,jacksoncrispbusiness@hotmail.com
77952809,REQUEST_FAILED,,,,,
77952971,REQUEST_FAILED,,,,,
77953007,REQUEST_FAILED,,,,,
77953223,REQUEST_FAILED,,,,,
77953488,deadAbandoned,FORRMAT FIBER OPTIC RAPID RESPONSE MAT,"Jun. 03, 2011",Cleveland Electric Laboratories,,rs@cel-atg.com
77953371,REQUEST_FAILED,,,,,
77953390,REQUEST_FAILED,,,,,
77953471,REQUEST_FAILED,,,,,
77953496,REQUEST_FAILED,,,,,
77953516,REQUEST_FAILED,,,,,
77953551,REQUEST_FAILED,,,,,
77953774,deadAbandoned,"""THE"" DINER","Jan. 20, 2011","TABIBIAN, PAYAM",,
77953573,REQUEST_FAILED,,,,,
77953585,REQUEST_FAILED,,,,,
77953807,deadAbandoned,TOPSIN,"Jan. 10, 2011","tsang, elaine",,elaine@licogarment.com
77953822,deadAbandoned,SHOLIZ!,"Nov. 14, 2011",Allen Tammi,,
77953832,deadAbandoned,THIS WAY FORWARD,"Jul. 06, 2011",Traffic Inc.,,ddavis@trafficdriven.com
77953812,REQUEST_FAILED,,,,,
77953780,REQUEST_FAILED,,,,,
77953817,REQUEST_FAILED,,,,,
77954048,deadAbandoned,PHYSIO VR,"Aug. 29, 2011","Liu, Justin C.",,justinliumd@gmail.com
77954127,deadAbandoned,SKIN NUTRISSE,"Jan. 03, 2011","Tiedemann, Carlene A.",,SkinNutrisse@aol.com
77954211,deadAbandoned,SIMPLICITY BY HAYDEN HOMES,"Jul. 01, 2011","SIMPLICITY HOMES, LLC",,meriglade@gmail.com
77954084,REQUEST_FAILED,,,,,
77954451,deadAbandoned,ONE NIGHT STAND MAKE-UP,"Jun. 06, 2011","One Night Stand, Inc.",,onenightstandenterprises@gmail.com
77954843,deadAbandoned,C.A.T.,"May 02, 2011",Ara Safety (US) Inc.,,bjenabi@arasafety.com
77954844,deadAbandoned,DXLAB,"Jan. 25, 2011",NextGen Management LLC,,
77954935,deadAbandoned,COLLABORATE IN CONTEXT,"Jul. 21, 2011",Eurofield Information Solutions LLC,,acpapallo@eis-usa.com
77954632,REQUEST_FAILED,,,,,
77955014,deadAbandoned,MAGCOOLER,"Jul. 05, 2011",Forte Autosports,,forteautosports@yahoo.com
77955012,deadAbandoned,TALK TO THE HANDS,"Nov. 07, 2011","Global Fashion Works, LLC",,
77955018,deadAbandoned,ENVIRO ENERGY PARTNERS,"Aug. 03, 2011","Enviro Energy Partners, LLC",,randy@enviroep.com
77954964,REQUEST_FAILED,,,,,
77954988,REQUEST_FAILED,,,,,
77955045,deadAbandoned,GET ADJUSTED,"Nov. 28, 2011","Smart Buy Chriopractic Supply, LLC",,
77955051,deadAbandoned,SINFULISH,"May 02, 2011","Mujica, Alfonso A",,axmujica@gmail.com
77955029,REQUEST_FAILED,,,,,
77955116,deadAbandoned,ANNACECILIA,"Jun. 06, 2011","Thunstedt, Anna C.",,info@svan.se
77955052,REQUEST_FAILED,,,,,
77955444,deadAbandoned,PRODUCT PARTY,"May 09, 2011",James Evans,,
77955319,REQUEST_FAILED,,,,,
77955303,REQUEST_FAILED,,,,,
77955645,deadAbandoned,BE SEEN. BE HEARD.,"Aug. 17, 2011",Minot State University,,linda.cresap@minotstateu.edu
77955623,REQUEST_FAILED,,,,,
77955646,REQUEST_FAILED,,,,,
77955898,deadAbandoned,XTEE,"May 02, 2011",Guy Attal,,Lisa@fabrizio-gianni.com
77955709,REQUEST_FAILED,,,,,
77955908,REQUEST_FAILED,,,,,
77955980,REQUEST_FAILED,,,,,
77956181,deadAbandoned,LEDZWORLD,"Sep. 06, 2011",Aurora Limited,,jo.olney@aurora.eu.com
77956154,deadAbandoned,SMALL TIMETENNA,"Jul. 25, 2011","Gambale, Nunzio Alexander",,nunzio.gambale@locatacorp.com
77956160,deadAbandoned,ANNACECILIA,"Jun. 06, 2011","Thunstedt, Anna C.",,info@svan.se
77956054,REQUEST_FAILED,,,,,
77956233,deadAbandoned,TRASFORMER,"May 02, 2011","CUIULI, VINCENZO",,b-zvicenza@barzano-zanardo.com
77956208,REQUEST_FAILED,,,,,
77956520,deadAbandoned,MUSLIM STUDENTS ASSOCIATION,"May 30, 2011",The Muslim Students' Association Of The US And Canada,,exofficio@msanational.org
77956383,REQUEST_FAILED,,,,,
77956381,REQUEST_FAILED,,,,,
77956561,deadAbandoned,SCATTERWORKS,"May 16, 2011",Nirmal Sakthi,,yennes@gmail.com
77956523,REQUEST_FAILED,,,,,
77956784,deadAbandoned,TÖNE,"Oct. 31, 2011","The Baban Group, LLC",,bbaban@thebabangroup.com
77956753,REQUEST_FAILED,,,,,
77956918,REQUEST_FAILED,,,,,
77956902,REQUEST_FAILED,,,,,
77957176,REQUEST_FAILED,,,,,
77957557,deadAbandoned,WILD WILD WEST,"Jul. 11, 2011","Shin, John",,johnshin4@gmail.com
77957593,deadAbandoned,None,"May 09, 2011","Hargrave, Angela M.",,ahargrave@unisourcesupply.net
77957767,deadAbandoned,POSITIVELY CHOCOLATE,"May 02, 2011","ORC Industries, Inc.",,
77957787,deadAbandoned,SEARCH4,"Mar. 21, 2011",American Express Marketing & Development Corp.,,
77957667,REQUEST_FAILED,,,,,
77957792,deadAbandoned,SEARCHEDFOR,"May 09, 2011",American Express Marketing & Development Corp.,,
77957801,deadAbandoned,FORSEARCH,"May 09, 2011",American Express Marketing & Development Corp.,,
77957795,REQUEST_FAILED,,,,,
77957954,deadAbandoned,REO LISTER,"Aug. 26, 2011","Reo Quickstart,LLC",,sharrison@reolister.com
77957849,REQUEST_FAILED,,,,,
77957857,REQUEST_FAILED,,,,,
77958017,REQUEST_FAILED,,,,,
77958138,REQUEST_FAILED,,,,,
77958184,REQUEST_FAILED,,,,,
77958309,deadAbandoned,None,"Mar. 03, 2011","Frontier Fashion, Inc.",,frontierfashioneyewear@gmail.com
77958307,deadAbandoned,None,"Mar. 03, 2011","Frontier Fashion, Inc.",,frontierfashioneyewear@gmail.com
77958311,deadAbandoned,None,"Mar. 03, 2011","Frontier Fashion, Inc.",,frontierfashioneyewear@gmail.com
77958335,REQUEST_FAILED,,,,,
77958394,deadAbandoned,JOBLESSPUNK DESIGNS,"May 16, 2011","Magoolaghan, Timothy Paul",,withoutnotice@gmail.com
77958358,REQUEST_FAILED,,,,,
77958327,REQUEST_FAILED,,,,,
77958365,REQUEST_FAILED,,,,,
77958454,deadAbandoned,BENN,"Jul. 25, 2011",Benn Pty Ltd,,liam@bennclothing.com.au
77958478,deadAbandoned,COZOFT,"May 02, 2011","Accent Mark, Inc.",,xentmark@gmail.com
77958416,REQUEST_FAILED,,,,,
77958420,REQUEST_FAILED,,,,,
77958517,REQUEST_FAILED,,,,,
77958519,REQUEST_FAILED,,,,,
77958617,deadAbandoned,RE:,"Nov. 07, 2011",RE:BAR Ltd,,info@israelip.com
77958610,REQUEST_FAILED,,,,,
77958716,deadAbandoned,SLA PARIS,"Sep. 23, 2011",Serge Louis Alvarez,,
77958789,deadAbandoned,BATTLE OF THE CHIEFTAINS,"May 02, 2011",Whitteridge Edward,,Johnnywhitteridge@gmail.com
77958839,REQUEST_FAILED,,,,,
77959317,deadAbandoned,CYBER ANGEL,"May 30, 2011",Light Technology LLC,,dickyz@aol.com
77959332,deadAbandoned,SEE WHERE I AM,"May 30, 2011",Light Technology LLC,,dickyz@aol.com
77959110,REQUEST_FAILED,,,,,
77959352,REQUEST_FAILED,,,,,
77959492,deadAbandoned,ELMORE OIL - FOR NATURALLY GOOD PAIN RELIEF,"Feb. 04, 2011",Elmore Oil Company Pty Ltd,,mark@elmoreoil.com.au
77959373,REQUEST_FAILED,,,,,
77959484,REQUEST_FAILED,,,,,
77959515,REQUEST_FAILED,,,,,
77959539,REQUEST_FAILED,,,,,
77959719,deadAbandoned,NCOURAGEU,"May 09, 2011","MJN Vision, LLC",,mjn@necosecurity.com
77959783,deadAbandoned,SCROLLECTURE,"May 02, 2011",AppSessions llc,,appsessions@gmail.com
77959843,deadAbandoned,ECLIPSE,"Jul. 14, 2011","Boston Applied Technologies, Incorporated",,kzou@bostonati.com
77959772,deadAbandoned,SCROLLCAST,"May 02, 2011",AppSessions llc,,appsessions@gmail.com
77959689,REQUEST_FAILED,,,,,
77960151,deadAbandoned,RESVERATROL PLUS,"May 09, 2011","Heathrow Natural Food & Beverage, Inc.",,msp@cfl.rr.com
77960161,deadAbandoned,EPIDRYL,"Jun. 22, 2011","Kaplan, Brian K",,cyberERdoc@aol.com
77959974,REQUEST_FAILED,,,,,
77960102,REQUEST_FAILED,,,,,
77960361,deadAbandoned,WESTBROOK BREWING COMPANY,"Jun. 13, 2011",Westbrook Brewing Company LLC,,edward@westbrookbrewing.com
77960333,REQUEST_FAILED,,,,,
77960469,REQUEST_FAILED,,,,,
77960379,REQUEST_FAILED,,,,,
77960543,deadAbandoned,BORRACHO CANTINA,"Dec. 19, 2011","PRIMO HOSPITALITY GROUP, INC",,
77960646,deadAbandoned,ABSOLUTE BLACK,"Sep. 05, 2011",Northern Sun Inc,,sales@mostinc.com
77960676,REQUEST_FAILED,,,,,
77960686,REQUEST_FAILED,,,,,
77960751,deadAbandoned,TGT,"Mar. 01, 2011",TGT Oil And Gas Services FZC,,cfo@tgtoil.com
77960798,deadAbandoned,TGT OIL AND GAS SERVICES,"Mar. 01, 2011",TGT Oil And Gas Services FZC,,cfo@tgtoil.com
77960743,deadAbandoned,ESTABLISHMENT,"Nov. 28, 2011","Caponigro, Christopher",,
77960704,REQUEST_FAILED,,,,,
77960848,deadAbandoned,25 STEPS THE BOARD GAME OF LEARNING,"Aug. 29, 2011",Windermere Game Factory,,Brosenbloom@CFL.RR.COM
77960838,deadAbandoned,ADEA EVERYDAY LUXURY,"Mar. 26, 2011",J.C.D. Inc,,christina@myadea.com
77960759,REQUEST_FAILED,,,,,
77960808,REQUEST_FAILED,,,,,
77961149,deadAbandoned,ZHENA'S HAIR AND NAIL RESCUE,"Feb. 09, 2011",Royal Gypsy Tea Company,,zhena@gypsytea.com
77961083,deadAbandoned,ZHENA'S MOOD RESCUE,"Feb. 09, 2011",Royal Gypsy Tea Company,,zhena@gypsytea.com
77961242,deadAbandoned,GREAT COMPANIES DESERVE GREAT BOARDS,"May 09, 2011","Board Advisor, LLC",,
77961233,deadAbandoned,GANJA FARMER,"May 02, 2011","Stack, Brett R.",,stackfamily@gmail.com
77961245,deadAbandoned,PUPARAZZI INDUSTRIES OF AMERICA,"Oct. 20, 2011","Puparazzi Industries of America, LLC",,jwmckinnon@nis4u.com
77961104,REQUEST_FAILED,,,,,
77961093,REQUEST_FAILED,,,,,
77961180,deadAbandoned,ZHENA'S WEIGHT RESCUE,"Feb. 09, 2011",Royal Gypsy Tea Company,,zhena@gypsytea.com
77961270,deadAbandoned,ZHENA'S YOUTH RESCUE,"Feb. 09, 2011",Royal Gypsy Tea Company,,zhena@gypsytea.com
77961163,deadAbandoned,ZHENA'S SKIN RESCUE,"Feb. 09, 2011",Royal Gypsy Tea Company,,zhena@gypsytea.com
77961260,deadAbandoned,ZHENA'S WRINKLE RESCUE,"Feb. 09, 2011",Royal Gypsy Tea Company,,zhena@gypsytea.com
77961281,REQUEST_FAILED,,,,,
77961519,deadAbandoned,WWW.MYCITYEXPLORER.COM,"Aug. 04, 2011",Mycity Inc.,,ilmtoday@gmail.com
77961668,deadAbandoned,GURU,"Oct. 12, 2011",GURU FOOD PRODUCTS LTD.,,info@gurusauces.com
77961488,REQUEST_FAILED,,,,,
77961652,REQUEST_FAILED,,,,,
77961815,deadAbandoned,KUDZAMI,"Sep. 07, 2011","Kudzami, LLC",,gkane@kudzami.com
77961784,REQUEST_FAILED,,,,,
77961794,REQUEST_FAILED,,,,,
77961798,REQUEST_FAILED,,,,,
77961805,REQUEST_FAILED,,,,,
77962057,deadAbandoned,YUMMY DEPOT,"May 09, 2011","Claypoole, Janet Lou",,clay2025@yahoo.com
77962112,deadAbandoned,VIVID BLISS,"Aug. 18, 2011","Vivid Holdings, LLC",,
77962270,deadAbandoned,OVATION IMAGES,"Jun. 21, 2011",Nationwide Studios,,info@ovationonline.com
77961986,REQUEST_FAILED,,,,,
77962344,deadAbandoned,VITAL ESSENCE,"Jan. 02, 2011",Vital Essence,,ahishamarinakis@live.com
77962298,REQUEST_FAILED,,,,,
77962481,REQUEST_FAILED,,,,,
77962480,REQUEST_FAILED,,,,,
77962509,REQUEST_FAILED,,,,,
77962580,deadAbandoned,GREEN MUSEUM ASSOCIATION,"Jul. 21, 2011",Green Museum Association,,bill@greenmuseumassociation.org
77962637,REQUEST_FAILED,,,,,
77962736,REQUEST_FAILED,,,,,
77962781,REQUEST_FAILED,,,,,
77962894,deadAbandoned,BE COOL WITHOUT THE FUEL,"May 09, 2011","Gevargis, Yul",,lindagevargis@roadrunner.com
77962869,deadAbandoned,LIFE WORTH LIVING,"May 09, 2011","Systematic Holdings, Inc.",,
77962915,deadAbandoned,ASSET FLOW ANALYSIS,"Apr. 07, 2011",Virtual Forge GmbH,,tim.kraenzke@virtualforge.de
77962988,deadAbandoned,CRYO-AFM,"May 09, 2011",NanoScan AG,,a.scheidemann@nanoscan.ch
77962921,REQUEST_FAILED,,,,,
77963032,deadAbandoned,ALCACHOLINE,"May 09, 2011","LETICIA, BARCENAS LOREDO NARDA",,barcenasloredo@hotmail.com
77962965,REQUEST_FAILED,,,,,
77963214,deadAbandoned,DESANGE.MEDIA,"May 30, 2011",White-Kone Catherine,,Ckone.Industries@gmail.com
77963049,REQUEST_FAILED,,,,,
77963356,deadAbandoned,GETA,"Nov. 28, 2011","Georgis, Anton T.",,anton.georgis@gmail.com
77963290,REQUEST_FAILED,,,,,
77963246,REQUEST_FAILED,,,,,
77963476,deadAbandoned,LEAK SQUAD,"Aug. 19, 2011",HomeWorks Central Inc.,,karenbhwc@hotmail.com
77963705,deadAbandoned,SOUL SITTERS,"Jun. 14, 2011","Team Visual, Inc.",,
77963750,deadAbandoned,THE BUZZING FROG,"May 30, 2011","FURNISS-ROE, TINA MARGARET",,tinafurniss_roe@hotmail.com
77963920,deadAbandoned,VITASTICKS,"May 09, 2011","Northwest Natural Products, Inc.",,
77963900,REQUEST_FAILED,,,,,
77963976,REQUEST_FAILED,,,,,
77963997,REQUEST_FAILED,,,,,
77964082,deadAbandoned,MAKINGMETIRED,"May 09, 2011","Dyer, Keith",,keith@keithdyer.net
77964081,deadAbandoned,POPPERS,"Jan. 10, 2011","Castle, Kevin S",,kevincastle@hotmail.com
77964163,deadAbandoned,MI9,"May 09, 2011","Caldwell, Kyle W",,kc05cj@yahoo.com
77964107,REQUEST_FAILED,,,,,
77964115,REQUEST_FAILED,,,,,
77964218,REQUEST_FAILED,,,,,
77964308,deadAbandoned,LIVE STRONGER * BE HEALTHY * PLAY LONGER,"Jan. 11, 2011","Silver Mountain Sports Club & Spa, LLC",,stanton@parkcity.tv
77964333,deadAbandoned,LUMAPOD,"Nov. 07, 2011","Lumapod, LLC",,
77964329,deadAbandoned,INVESTING LIKE A UNIVERSITY,"Dec. 30, 2011",Belray Asset Managmenet LLC,,greg.skidmore@belrayam.com
77964303,REQUEST_FAILED,,,,,
77964371,deadAbandoned,TNT ALL STARS,"Dec. 22, 2011","Sabrina Bryan, Inc.",,allstardancetnt@gmail.com
77964420,deadAbandoned,NUTRAFILES.COM,"Aug. 02, 2011",NUTRAFILES LTD,,adm@bio2com.com
77964430,deadAbandoned,SOFT SIDE OF SUCCESS,"Nov. 14, 2011",Purpur Patty,,
77964496,deadAbandoned,ILLUMINOSITY,"Aug. 22, 2011","Pytlik, George",,
77964532,deadAbandoned,SWEETWOOD,"Mar. 07, 2011","Wood, Ryan S.",,ryan@elkrivercorp.com
77964412,REQUEST_FAILED,,,,,
77964636,deadAbandoned,ECG-TOUCH,"May 09, 2011",Capillary Data Solutions,,laurent.erner@zenkko.com
77964708,deadAbandoned,VITAL-TOUCH,"May 09, 2011",Capillary Data Solutions,,laurent.erner@zenkko.com
77964684,REQUEST_FAILED,,,,,
77964765,REQUEST_FAILED,,,,,
77965059,deadAbandoned,JOG N TONE,"Sep. 19, 2011",ACI International,,aliau@aciint.com
77965011,REQUEST_FAILED,,,,,
77965198,deadAbandoned,SHOPSUEY,"Dec. 12, 2011",ShopSuey LLC,,
77965096,REQUEST_FAILED,,,,,
77965204,deadAbandoned,WEIGHT WALKING,"Apr. 11, 2011",ACI International,,aliau@aciint.com
77965153,REQUEST_FAILED,,,,,
77965295,REQUEST_FAILED,,,,,
77965487,deadAbandoned,JUST SWEET,"Jan. 28, 2011","BTWZ Enterprise, LLC",,btwz.enterprise@gmail.com
77965471,deadAbandoned,CORE ET' BARRE,"Feb. 01, 2011",Core et Barre LLC,,mblancarte@sitereach.com
77965356,REQUEST_FAILED,,,,,
77965512,deadAbandoned,CHICKEN FOOT,"Mar. 15, 2011",TEQUILAS DEL SEÑOR S.A. DE C.V.,,alvarogutie@gmail.com
77965529,deadAbandoned,None,"May 09, 2011",Pearl's Food Products LLC,,info@pearlsfood.com
77965416,REQUEST_FAILED,,,,,
77965420,REQUEST_FAILED,,,,,
77965534,deadAbandoned,MY-LIFEBELT,"May 09, 2011",Capillary Data Solutions,,laurent.erner@zenkko.com
77965553,deadAbandoned,SIGWELL,"Jan. 13, 2011",Anwija Services Pty Ltd as trustee for the Technology Directions Trust,,andrew@sigwell.com
77965657,deadAbandoned,NEURAPEX,"May 09, 2011","Graham, Gordon PH",,Gordon.Graham@ireland.com
77965535,REQUEST_FAILED,,,,,
77965569,deadAbandoned,THE ORIGINAL JOE COOL,"Oct. 11, 2011","Willms,Kevin",,
77965612,REQUEST_FAILED,,,,,
77965684,deadAbandoned,THE HAYMANS,"Jan. 13, 2011",Evgeniy Zhuravlev,,evgeniyhayman@gmail.com
77965853,deadAbandoned,MOUTHY,"Apr. 25, 2011",Susanne Lang Fragrance Inc.,,doug@sulabeauty.com
77965742,REQUEST_FAILED,,,,,
77965698,REQUEST_FAILED,,,,,
77965890,deadAbandoned,BIDIP,"Jan. 04, 2011",Yu Pan,,pan_yu@hotmail.com
77965783,REQUEST_FAILED,,,,,
77965940,deadAbandoned,BIDIQ,"Mar. 04, 2011","Pan, Yu",,pan_yu@hotmail.com
77965861,deadAbandoned,TONGUE & CHEEK,"Apr. 25, 2011",Susanne Lang Fragrance Inc.,,doug@sulabeauty.com
77966082,deadAbandoned,HANDSOME CLOTHING CO.,"Jul. 12, 2011",Christian Rice,,christian.r.rice@gmail.com
77966285,deadAbandoned,ICEBOOTS,"Jan. 18, 2011","Keuka Footwear, Inc.",,mobrien@keukafootwear.com
77966123,REQUEST_FAILED,,,,,
77966111,REQUEST_FAILED,,,,,
77966286,REQUEST_FAILED,,,,,
77966522,deadAbandoned,SHOPPING MALL ONLINE,"Jun. 14, 2011",Excalibur Advertising Agency,,
77966484,REQUEST_FAILED,,,,,
77966628,deadAbandoned,BROADBAND FOR THE ARCTIC,"Oct. 31, 2011","Arctic Cable Company, LLC",,
77966538,REQUEST_FAILED,,,,,
77966629,REQUEST_FAILED,,,,,
77966681,deadAbandoned,MYDREAMDOGS.COM,"May 09, 2011","BENMARadio, Inc",,benmaradio@aol.com
77966751,deadAbandoned,"PUREDERMA, ORGANIC. NATURAL. BEAUTY","May 23, 2011","Genesis Naturals, Inc.",,lasarang1@yahoo.com
77966801,deadAbandoned,CRIBLOCK,"Aug. 03, 2011","Muros Ecologicos Criblock, SA de CV",,
77966744,REQUEST_FAILED,,,,,
77966802,deadAbandoned,CARTHAGE GOLD OF TUNISIA,"Oct. 21, 2011",Mediterranean Olive Oil GIE,,monicawoous@gmail.com
77966852,REQUEST_FAILED,,,,,
77967011,deadAbandoned,TAKE CHARGE OF EVERY MOMENT,"May 02, 2011",American Express Marketing & Development Corp.,,
77966886,REQUEST_FAILED,,,,,
77967002,REQUEST_FAILED,,,,,
77967066,deadAbandoned,A,"May 16, 2011",Christian Men Organization Inc,,eblack8@yahoo.com
77967015,REQUEST_FAILED,,,,,
77967067,REQUEST_FAILED,,,,,
77967296,REQUEST_FAILED,,,,,
77967454,deadAbandoned,KISS EX RX,"Jun. 27, 2011","Lindle, Rosemary",,rlindle@aol.com
77967507,REQUEST_FAILED,,,,,
77967608,REQUEST_FAILED,,,,,
77967652,REQUEST_FAILED,,,,,
77967790,REQUEST_FAILED,,,,,
77967903,REQUEST_FAILED,,,,,
77967916,REQUEST_FAILED,,,,,
77968019,deadAbandoned,DIAMONDS IN THE RUFF,"Dec. 26, 2011",Denecker Susan,,
77968007,deadAbandoned,SWIRL,"Mar. 17, 2011",Application Craft UK Ltd,,fmay@applicationcraft.com
77968030,deadAbandoned,DAVID ALLAN COE,"Jul. 26, 2011","A2Z Graphic, Inc",,
77967984,REQUEST_FAILED,,,,,
77968016,deadAbandoned,XAM,"Nov. 28, 2011","Tsai, Max",,
77968167,deadAbandoned,AUTOLUX,"Jan. 04, 2011",Ali R. Siahpush,,info@autoluxpuzzles.com
77968026,REQUEST_FAILED,,,,,
77968375,deadAbandoned,REVERSE LOBBY,"Aug. 22, 2011",Joel Craig,,
77968262,REQUEST_FAILED,,,,,
77968494,deadAbandoned,SNS HEALTHY NATURAL NAILS SIGNATURE NAIL SYSTEMS,"Jun. 03, 2011","Signature Nail Systems, LLC",,vtt77083@yahoo.com
77968348,REQUEST_FAILED,,,,,
77968424,REQUEST_FAILED,,,,,
77968574,deadAbandoned,SUSTAINABLE EXERCISE,"Jan. 04, 2011","Podolny, Richard S",,podolnyr@hawaiiantel.net
77968715,REQUEST_FAILED,,,,,
77968776,REQUEST_FAILED,,,,,
77968909,deadAbandoned,EPIC BOWL PURE EARTH ENERGY,"Nov. 21, 2011",Reunited Partners Inc.,,airrioncopeland@gmail.com
77968803,REQUEST_FAILED,,,,,
77968889,REQUEST_FAILED,,,,,
77969021,deadAbandoned,TOMATOFLAMES,"May 16, 2011","August Reign, Inc.",,tmorley@augustreign.com
77969029,deadAbandoned,CELLURASER,"May 16, 2011",Nature's Universe,,naturesuniverse@gmail.com
77968968,REQUEST_FAILED,,,,,
77969077,deadAbandoned,ENCAPSOL,"Nov. 28, 2011",Carter Jimmy,,
77969045,REQUEST_FAILED,,,,,
77969047,REQUEST_FAILED,,,,,
77969059,REQUEST_FAILED,,,,,
77969082,REQUEST_FAILED,,,,,
77969282,deadAbandoned,SEARCHEDGE,"May 02, 2011",American Express Marketing & Development Corp.,,
77969115,REQUEST_FAILED,,,,,
77969392,deadAbandoned,CELLMATE MINI LIGHTER HOLDER,"Mar. 01, 2011",CMC Products,,cellmate@cmcproducts.biz
77969375,deadAbandoned,ALPHA ECOLOGICAL CARPET CLEANING,"May 16, 2011",Alpha Pest Control Incorporated,,KAROLE.CONVERY@ALPHAECOLOGICAL.COM
77969408,deadAbandoned,BLUE SKY BOLD,"May 02, 2011",American Express Marketing & Development Corp.,,
77969401,deadAbandoned,BLUE CASH BOLD,"May 09, 2011",American Express Marketing & Development Corp.,,
77969296,REQUEST_FAILED,,,,,
77969387,REQUEST_FAILED,,,,,
77969389,REQUEST_FAILED,,,,,
77969463,REQUEST_FAILED,,,,,
77969984,deadAbandoned,DJ DOUBLEKILL,"May 23, 2011",Aaron P Payne,,djdoublekill@gmail.com
77969739,REQUEST_FAILED,,,,,
77969862,REQUEST_FAILED,,,,,
77970160,deadAbandoned,EXTINCT NATION,"Jul. 06, 2011","Kersey, Clark W.",,sckersey@yahoo.com
77970199,deadAbandoned,ROADBOARD,"Dec. 05, 2011","Powerhouse Roadboards, LLC",,gracelfranco@gmail.com
77970164,REQUEST_FAILED,,,,,
77979962,deadAbandoned,SWISSWAVE TECHNOLOGY,"Feb. 04, 2011","Valmed, S.A.",,comagnell@gmail.com
77979858,REQUEST_FAILED,,,,,
78010758,deadAbandoned,THE FRUIT OF THE SPIRIT,"Aug. 08, 2011","Booker, Annie M.",,
77982016,deadAbandoned,FLUSHAID,"Dec. 23, 2011",FLUSHAID INC.,,lhsanchez@mastercim.com.mx
77980283,REQUEST_FAILED,,,,,
78016149,deadAbandoned,BANDA LIMONENSE DE JALISCO,"Mar. 07, 2011","LOPEZ, EFREN",,
78012774,deadAbandoned,EZWEBFON,"Feb. 24, 2011",Craig Thorner,,
78083744,deadAbandoned,TIGER GOLF,"Dec. 28, 2011","WUTZKE, GARRY",,
78083750,deadAbandoned,TIGER IRONS,"Jul. 06, 2011","WUTZKE, GARRY",,
78014203,deadAbandoned,WEBCOURT.COM,"Mar. 14, 2011","Stricklin, William A.",,
78267435,deadAbandoned,TERRA BELLA,"Jul. 26, 2011",Capital Trend Corporation,,
78102666,REQUEST_FAILED,,,,,
78183414,REQUEST_FAILED,,,,,
78267940,REQUEST_FAILED,,,,,
78412305,deadAbandoned,SNIPER,"Mar. 15, 2011","Hunter's View, Ltd.",,
78351331,REQUEST_FAILED,,,,,
78407697,REQUEST_FAILED,,,,,
78423030,REQUEST_FAILED,,,,,
78498110,deadAbandoned,LOTSA BITES,"Oct. 21, 2011",Give and Go Prepared Foods Corp.,,
78462247,REQUEST_FAILED,,,,,
78537582,REQUEST_FAILED,,,,,
78554713,REQUEST_FAILED,,,,,
78567209,REQUEST_FAILED,,,,,
78579732,REQUEST_FAILED,,,,,
78625463,deadAbandoned,L L,"Jun. 17, 2011","Unique Product Designs, Inc.",,idopromos@aol.com
78607374,REQUEST_FAILED,,,,,
78630424,deadAbandoned,EXPERIENCE THE WEALTH OF YOUR HEALTH.,"Feb. 21, 2011","Rapp Trademark, LLC",,
78653817,deadAbandoned,None,"Oct. 24, 2011",meredith elder,,amitreitan@yahoo.com
78617652,REQUEST_FAILED,,,,,
78630519,REQUEST_FAILED,,,,,
78646846,deadAbandoned,GHETTO FABULOUS MAKEOVER SHOW,"Aug. 29, 2011","Flystyle Productions, Inc.",,
78691480,REQUEST_FAILED,,,,,
78692035,REQUEST_FAILED,,,,,
78713213,deadAbandoned,Z'BABY,"Mar. 01, 2011","Z Baby Company, Inc.",,
78698994,REQUEST_FAILED,,,,,
78705211,REQUEST_FAILED,,,,,
78718719,REQUEST_FAILED,,,,,
78735685,REQUEST_FAILED,,,,,
78748698,deadAbandoned,THE CUTTING EDGE OF VALUE,"Aug. 01, 2011","Briggs & Stratton Power Products Group, LLC",,
78752740,deadAbandoned,LANDEROS,"Mar. 21, 2011","Vinos y Licores de Jalisco, S.A. de C.V.",,tequilalanderos@hotmail.com
78769004,deadAbandoned,YOGA BREAD,"Nov. 18, 2011","Adams, Nicole",,
78767917,deadAbandoned,ZOOLIFE,"Apr. 18, 2011","ZOOLIFE, INC.",,
78780277,deadAbandoned,LATE-BREAKING AMAZING STORIES,"Jan. 22, 2011",Altitude Publishing Canada Ltd.,,
78773379,deadAbandoned,GEEK,"Jul. 11, 2011","GATSBY PUBLISHING, INC.",,
78781843,deadAbandoned,THE BOOBYTRAP COLLECTION,"Sep. 19, 2011",RLILLYTUCKERWEAR INC.,,
78771396,REQUEST_FAILED,,,,,
78782842,deadAbandoned,INVESTOR'S LOUNGE,"Jun. 13, 2011",Raymond Foo,,fay.obrien@obrientm.com
78772007,REQUEST_FAILED,,,,,
78793569,deadAbandoned,LIVING AUDIO,"Mar. 04, 2011","Contemporary Entertainment, Inc.",,
78793594,deadAbandoned,LIVING VIDEO,"Mar. 04, 2011","Contemporary Entertainment, Inc.",,
78806203,deadAbandoned,TEXAS RANGERS POLO CLUB,"Mar. 10, 2011","Dallas Founders At Trinity Crossing, Ltd.",,
78797886,REQUEST_FAILED,,,,,
78799478,REQUEST_FAILED,,,,,
78809850,deadAbandoned,FLIRTEE GIRL,"Mar. 28, 2011","Davis, Laphilia N.",,laphilia_davis@hotmail.com
78817784,deadAbandoned,PIMP,"Jul. 18, 2011","Supre, Inc.",,
78811277,REQUEST_FAILED,,,,,
78826420,deadAbandoned,VISUALDESTINY,"Feb. 21, 2011","Gayle, Newton, W. Jr.",,newton_gayle@yahoo.com
78817267,deadAbandoned,FLASHBOY,"Aug. 19, 2011","Adar, Golad",,monique@goliathgames.nl
78832915,deadAbandoned,MOLYNEUX,"Nov. 22, 2011",DATA ACCESS,,julien@aristide.fr
78834495,deadAbandoned,KICK START MULTI-VITAMIN & ANTIOXIDANT FORMULA FOR CHILDREN AGES 5-17 DIETARY SUPLEMENT 40 CHEWABLE TABLETS,"Nov. 03, 2011","Superfits Enterprises, Inc.",,
78827980,REQUEST_FAILED,,,,,
78842488,REQUEST_FAILED,,,,,
78839484,REQUEST_FAILED,,,,,
78853038,deadAbandoned,MAXTEEL,"May 02, 2011","SERI-XIANGYING METAL PRODUCTS CO., LTD",,info.info168@gmail.com
78846213,REQUEST_FAILED,,,,,
78872928,deadAbandoned,WII,"Oct. 08, 2011","EVORY TECHNOLOGIES, INC.",,cliu@evorytech.com
78870243,REQUEST_FAILED,,,,,
78858328,REQUEST_FAILED,,,,,
78883508,REQUEST_FAILED,,,,,
78890981,deadAbandoned,PIZZALAB,"Apr. 04, 2011","PizzaLab, Inc.",,pizzalabinc@aol.com
78886149,REQUEST_FAILED,,,,,
78904599,deadAbandoned,EL FLOW DE REGGAETON,"Mar. 21, 2011","GUERRA INDUSTRIES, LLC",,jary@bostelmedia.com
78906724,deadAbandoned,VERALITY,"Mar. 25, 2011","Verality, Inc.",,andy@replarmfg.com
78911864,deadAbandoned,YASH,"Jan. 17, 2011",YUAN CHUANFEI,,la03@netvigator.com
78897573,REQUEST_FAILED,,,,,
78906407,deadAbandoned,SHELLFTP,"May 02, 2011","Silverman, Jonathan Samuel",,jsilverman@sunlit-software.com
78904283,REQUEST_FAILED,,,,,
78919192,deadAbandoned,DATAPIMP,"Apr. 11, 2011","World Connoisseur, Inc.",,
78917892,REQUEST_FAILED,,,,,
78919818,REQUEST_FAILED,,,,,
78925059,deadAbandoned,BENSONI,"Apr. 04, 2011","Clyburn, Benjamin",,lisa.l.mou@gmail.com
78923291,REQUEST_FAILED,,,,,
78936624,deadAbandoned,DIGITAL CLEAR VOICE,"Sep. 12, 2011","American Telecom Services, Inc.",,
78927283,REQUEST_FAILED,,,,,
78942722,deadAbandoned,F1RST,"Aug. 16, 2011",3G Global Management LLC,,
78947806,deadAbandoned,PINK MONKEY,"Apr. 20, 2011",Kathryn M. Rhodes,,
78940506,REQUEST_FAILED,,,,,
78943586,REQUEST_FAILED,,,,,
78947819,deadAbandoned,PINK MONKEY,"Apr. 20, 2011",Kathryn M. Rhodes,,
78949982,deadAbandoned,BELGO SUPREMO BELGO BEKAERT ARAMES,"Feb. 28, 2011",BELGO BEKAERT ARAMES LTDA,,adm@lcmagalhaes.com.br
78956158,deadAbandoned,BLOOMING,"Oct. 26, 2011",SHUN HING COMPANY,,skymark@netvigator.com
78955170,REQUEST_FAILED,,,,,
78953939,REQUEST_FAILED,,,,,
78964875,deadAbandoned,V3,"Oct. 27, 2011",GAVIN H JONES,,gavin_az@tpg.com.au
78961900,REQUEST_FAILED,,,,,
78971351,deadAbandoned,KLYQUE,"Mar. 10, 2011",AMARI L.L.C.,,felit828@aol.com
79007847,deadAbandoned,SEVEN HILL,"Dec. 03, 2011",BES YILDIZ TEKSTIL VE KONFEKSIYON SANAYI TICARET ANONIM SIRKETI,,
78969952,REQUEST_FAILED,,,,,
79016929,deadAbandoned,VISCOOL,"Dec. 19, 2011",Wolford Aktiengesellschaft,,
79019831,deadAbandoned,ALOUETTE,"Nov. 16, 2011",POTHITOS STASINOPOULOS,,nyustmp@ladas.com
79023912,deadAbandoned,MR. BRIGHT,"Dec. 15, 2011",AYDIN TEKSTIL; SANAYI VE TICARET LIMITED SIRKETI,,
79011524,deadAbandoned,MORERA,"Oct. 25, 2011",ATATEKS TEKSTIL ISLETMELERI SANAYI VE TICARET ANONIM SIRKETI,,
79008061,deadAbandoned,WEAR MOI,"Nov. 24, 2011",Monsieur RIDET Christophe,,
79039811,deadAbandoned,LADURÉE,"Feb. 02, 2011",LADUREE INTERNATIONAL,,
79038941,deadAbandoned,NICE & LOVELY,"May 04, 2011",L'OREAL,,
79016398,REQUEST_FAILED,,,,,
79040413,deadAbandoned,LA NOSTALGIE,"Sep. 06, 2011",FROMI GmbH,,kgarber@bccz.com
79053305,deadAbandoned,KOBRA,"Dec. 23, 2011",Klöckner Pentaplast GmbH & Co. KG,,
79044892,deadAbandoned,EDUTAIN,"Dec. 08, 2011",Leif E. Holterud,,
79063375,deadAbandoned,BIOLOGIC,"Jun. 10, 2011","KOSTADINOVA, Tanya Hristova",,mail@bulinvent.com
79064173,deadAbandoned,TRUSTDEX,"Apr. 05, 2011",Totemo AG,,
79067179,deadAbandoned,ORGANIC GINGER DRINK,"Feb. 18, 2011",WORT ORGANIC (HOLDINGS) LTD,,
79040208,REQUEST_FAILED,,,,,
79069451,deadAbandoned,MR. BRIGHT,"Dec. 15, 2011",AYDIN TEKSTIL; SANAYI VE TICARET LIMITEDSIRKETI,,
79061697,deadAbandoned,BELLONA,"Nov. 11, 2011",Lidl Stiftung & Co. KG,,
79051224,REQUEST_FAILED,,,,,
79067409,deadAbandoned,CRISPY CEREAL,"Oct. 17, 2011",August Storck KG,,
79069355,deadAbandoned,CITROMA,"Feb. 14, 2011",Jungbunzlauer Ladenburg GmbH,,
79073987,deadAbandoned,MAXYMO,"Oct. 24, 2011",Kistler Holding AG,,
79067872,REQUEST_FAILED,,,,,
79076814,deadAbandoned,TECKNOWMETRIX,"Sep. 27, 2011",TecKnowMetrix SAS,,
79078032,deadAbandoned,SHR RECONVILIER,"Oct. 21, 2011",Société Horlogère Reconvilier AG,,
79076153,deadAbandoned,QIS,"Feb. 17, 2011",SoluDyne AS,,
79075407,deadAbandoned,PANEL PUR A2,"Feb. 15, 2011",KLEIBERIT SE & Co. KG,,asikich@dunnerlaw.com
79078174,deadAbandoned,BOUQUET COLLECTION,"Mar. 11, 2011",Dümmen Group B.V.,,
79071534,REQUEST_FAILED,,,,,
79074581,REQUEST_FAILED,,,,,
79079842,deadAbandoned,EFFICIENT INDEX,"Jan. 17, 2011",EDHEC Business School,,
79079045,deadAbandoned,FERAMOR,"Jul. 04, 2011",The Secretary of State for Defence,,
79080381,deadAbandoned,DAVID MAYER NAMAN,"Aug. 26, 2011",Fin Brand S.A.,,mail@browdyneimark.com
79080384,deadAbandoned,None,"Jun. 02, 2011",Knog Pty Ltd,,
79080305,deadAbandoned,MANE,"Apr. 20, 2011",Mane (UK) Limited,,alixyaleristas@gmail.com
79080880,deadAbandoned,SMARTMIKE,"Nov. 14, 2011",SAFRAN AEROSYSTEMS,,
79079843,REQUEST_FAILED,,,,,
79080165,REQUEST_FAILED,,,,,
79082387,deadAbandoned,LIGHT BOARD,"Jan. 04, 2011",ERCO GmbH,,
79082576,deadAbandoned,AIR SPRING TECHNOLOGIE,"Jan. 04, 2011",KKT GmbH,,
79082636,deadAbandoned,SERBOT SWISS INNOVATIONS,"Jan. 11, 2011",Serbot AG,,
79082666,deadAbandoned,PRESTEL,"Feb. 04, 2011",Verlagsgruppe Random House GmbH,,
79081876,deadAbandoned,RHUM DAMOISEAU VIRGIN CANE RUM,"Apr. 19, 2011",RHUM DAMOISEAU SAS,,
79082705,deadAbandoned,GMT SHIPPING GROUP,"Jul. 15, 2011",GMT SHIPPING & LOGISTICS COMPANY LIMITED,,mailroom@bskb.com
79082855,deadAbandoned,GREEN,"Jan. 30, 2011",Aktiebolaget Electrolux,,
79083040,deadAbandoned,EDUCATEME...,"Jan. 10, 2011",Brainstorm Solutions Pty Ltd,,
79083015,deadAbandoned,MOSAIC,"Feb. 10, 2011",McWilliam's Wines Group Ltd,,
79083219,deadAbandoned,VITALUCE,"Oct. 20, 2011",KSK-electro Ltd.,,
79082413,deadAbandoned,None,"Jan. 03, 2011",BEKO Technologies GmbH,,
79082303,REQUEST_FAILED,,,,,
79083783,deadAbandoned,SCHAGERL,"Jan. 31, 2011",SCHAGERL Music GmbH,,
79083497,deadAbandoned,ZAR MACARON,"Feb. 04, 2011",Zar Macaron Industrial Group Co.(p.j.s),,
79083161,deadAbandoned,ANTI 2012,"Jan. 07, 2011",Zakradze Teona,,
79082744,REQUEST_FAILED,,,,,
79083417,deadAbandoned,IRS,"Jan. 28, 2011",PK Securities & Investments Pty Ltd,,
79083890,deadAbandoned,GET THE WORLD MOVING,"Apr. 20, 2011",Global Corporate Challenge Pty Ltd,,
79083412,deadAbandoned,ALTEREX,"Dec. 09, 2011",Wella GmbH,,
79084133,deadAbandoned,UNDOSTRIAL,"Feb. 10, 2011",Undostrial,,
79084022,deadAbandoned,TORMARESCA,"Jan. 27, 2011",Tormaresca Società Agricola a r.l.,,
79084693,deadAbandoned,KNOWLEDGE SOLUTIONS FOR LIFE SCIENCES,"Feb. 17, 2011","Next Level, s.r.o.",,
79084283,deadAbandoned,KIENZLE,"Sep. 20, 2011",Premier Trademarks AG,,
79084332,deadAbandoned,VTB,"Feb. 14, 2011",VTB Bank (public joint-stock company),,
79084404,deadAbandoned,GOLDEN SMARAGD,"Apr. 20, 2011",Kordes Jungpflanzen Handels GmbH,,
79085251,deadAbandoned,MEDI COMPRESSION MADE IN GERMANY SINCE 1951,"Sep. 12, 2011",medi GmbH & Co. KG,,
79084922,deadAbandoned,AM · PM,"Mar. 22, 2011",AM.PM AG,,
79084895,deadAbandoned,PIANISSIMO,"Jul. 06, 2011",Big Bang B.V.,,
79085125,deadAbandoned,DERM-ALLY,"Mar. 18, 2011",VIRBAC,,
79085048,deadAbandoned,MUSIX,"Mar. 08, 2011",MusiX AG,,
79085353,deadAbandoned,WITRACK,"Mar. 18, 2011",Fraunhofer-Gesellschaft zur Förderung der angewandten Forschung e.V.,,
79085415,deadAbandoned,APIVAR,"Feb. 28, 2011",VETO-PHARMA,,
79085466,deadAbandoned,PRO-BREATHE,"Mar. 08, 2011",Proact Medical Limited,,
79085541,deadAbandoned,ERGOBAG,"Apr. 04, 2011",FOND OF GmbH,,
79084946,REQUEST_FAILED,,,,,
79085925,deadAbandoned,STARBURST,"Feb. 09, 2011",Andrew King,,
79085305,REQUEST_FAILED,,,,,
79086118,deadAbandoned,EE ELLUCE,"Apr. 05, 2011",Hannam university Institute for Industry-Academia Cooperation,,
79085834,deadAbandoned,DROSSA PHARM,"Mar. 29, 2011",Drossapharm AG,,
79085957,deadAbandoned,CANTELLI,"Jan. 06, 2011",J.E. Hammer & Söhne GmbH,,
79086019,deadAbandoned,SOFT SECRETS,"Dec. 13, 2011",Discover Publisher B.V.,,
79086539,deadAbandoned,SUI SUI,"Apr. 28, 2011",NANO COSMETECH INC.,,
79085865,REQUEST_FAILED,,,,,
79086503,deadAbandoned,FORLLE/D BIOCLINICAL,"Apr. 28, 2011",NANO COSMETECH INC.,,
79086043,deadAbandoned,TRAX PAY,"Oct. 07, 2011",TRAXPAY GmbH,,
79086543,deadAbandoned,FORLLE/D BIO SCIENCE,"Apr. 28, 2011",NANO COSMETECH INC.,,
79086549,deadAbandoned,MITTEL,"May 05, 2011",MITTEL S.R.L.,,
79086849,deadAbandoned,VISION,"Apr. 14, 2011","MITSUBISHI HEAVY INDUSTRIES, LTD.",,
79086183,REQUEST_FAILED,,,,,
79087000,deadAbandoned,CASANOVA,"Apr. 27, 2011",Joh. Wilh. von Eicken GmbH,,
79087031,deadAbandoned,H2 COCO PURE COCONUT WATER,"Jun. 23, 2011",H2Coco Pty Limited,,
79086540,REQUEST_FAILED,,,,,
79087143,deadAbandoned,LAMBERTS ECOGLASS,"May 31, 2011",Glasfabrik Lamberts GmbH & Co.KG,,
79086862,deadAbandoned,ALTADONNA,"Feb. 09, 2011",STEFANO CHIOCCIOLI SRL,,
79086542,REQUEST_FAILED,,,,,
79087303,deadAbandoned,BRADFORD,"Oct. 18, 2011",YG MARKETING PTE. LTD.,,
79087297,deadAbandoned,LEADING RESORTS INTERNATIONAL WELLNESS BEAUTY SPA FOR WELLNESS SPA BEAUY,"Aug. 10, 2011",Dieter STROITZ,,info@leadingsparesort.com
79087319,deadAbandoned,C-FIX,"Apr. 26, 2011",Aesculap Aktiengesellschaft,,
79087593,deadAbandoned,THERMOTOSCOPE,"Jun. 20, 2011",TÜRKIYE CUMHURIYETI KOCAELI ÜNIVERSITESIREKTÖRLÜGÜ,,
79086852,REQUEST_FAILED,,,,,
79087729,deadAbandoned,HOLIDAY GYM,"Apr. 30, 2011",HOLIDAY FITNESS & FRANCHISING S.L.U.,,
79087822,deadAbandoned,E.PASOLINK,"May 12, 2011",NIPPON DENKI KABUSHIKI KAISYA (NEC Corporation),,
79087420,deadAbandoned,BT2M,"May 02, 2011",Evonik Operations GmbH,,
79087975,deadAbandoned,ROSTERSTAR,"Jun. 07, 2011",INFORM Institut für Operations Research und Management GmbH,,
79087991,deadAbandoned,BABY BED BLOCKS,"May 12, 2011",Spacebabies AB,,
79087557,deadAbandoned,ALMAZZA DX,"Jun. 17, 2011",Cristal Asfour International,,
79087885,deadAbandoned,E3,"Apr. 20, 2011",Bayerische Motoren Werke Aktiengesellschaft,,
79088170,deadAbandoned,ROSTERPLUS,"Jun. 07, 2011",INFORM Institut für Operations Research und Management GmbH,,
79088076,deadAbandoned,TOUCH AND TYPE,"Jun. 14, 2011",Microsoft Mobile OY,,
79087518,REQUEST_FAILED,,,,,
79087791,deadAbandoned,HOFSETH BIOCARE,"Jun. 16, 2011",Hofseth Biocare AS,,
79088253,deadAbandoned,SOBIESKI,"Nov. 17, 2011",MARIE BRIZARD WINE & SPIRITS,,
79088415,deadAbandoned,BABETTE'S SPICE & BOOKS FOR COOKS,"May 18, 2011","Babette's - ""Spice and Books for Cooks"" Pernstich KG",,
79088331,deadAbandoned,BILLIONAIRE TOYS,"May 11, 2011",Billionaire Toys Pty Ltd,,
79088361,deadAbandoned,ROLL ON T E,"Jul. 05, 2011",Guala Closures S.p.A.,,
79088047,REQUEST_FAILED,,,,,
79088424,deadAbandoned,ADVTYLZ,"Jun. 15, 2011",Advertiles Corporation Pty Ltd,,
79088465,deadAbandoned,LOST SOULS,"Jun. 17, 2011",Lloyd Shoe Company Limited,,
79088602,deadAbandoned,EVVOLUTION,"Apr. 20, 2011",Novalung GmbH,,
79088506,deadAbandoned,ENDONOXONE,"Apr. 07, 2011",Avelion GmbH,,
79088218,REQUEST_FAILED,,,,,
79088180,REQUEST_FAILED,,,,,
79088557,deadAbandoned,GUDRUN,"Jul. 20, 2011",GUDRUN COMMERCIAL,,
79088657,deadAbandoned,FLOWMAPPER,"Feb. 16, 2011",ProstaLund Operations AB,,
79088689,deadAbandoned,EDO$H,"Jul. 07, 2011",EDOSH PTY LTD,,
79088742,deadAbandoned,GREEN BEE,"May 31, 2011",Bee Motion GmbH,,
79088780,deadAbandoned,ESCALION,"May 17, 2011",Escalion S.àr.l.,,
79089342,deadAbandoned,SKINOLOGICA,"Aug. 23, 2011",Gerhard Klapp Cosmetics e.K.,,
79088951,deadAbandoned,FOCUS TIG,"Jul. 11, 2011",EWM Hightec Welding GmbH,,
79089258,deadAbandoned,ALEPH,"Jul. 20, 2011",Aleph Capital Partners Limited,,
79089115,REQUEST_FAILED,,,,,
79088946,REQUEST_FAILED,,,,,
79089309,REQUEST_FAILED,,,,,
79089628,deadAbandoned,THE NORTH LONDON COLLEGIATE SCHOOL,"Jun. 28, 2011",The North London Collegiate School,,
79089707,deadAbandoned,DOMINICO,"Aug. 03, 2011",Villiger Söhne GmbH,,
79089649,deadAbandoned,MI CORAZÓN,"Jul. 29, 2011",Madeleine Sydh Ahlbäck,,
79090004,deadAbandoned,LABWAY-LIMS,"Aug. 02, 2011","AMBIDATA, EQUIPAMENTOS E PRODUTOS PARA O AMBIENTE, LDA.",,
79089502,deadAbandoned,BIOCARE,"Jun. 16, 2011",Hofseth Biocare AS,,
79089792,deadAbandoned,SWISS BEAUTY WORKSHOPS TAKING THE CONFUSION OUT OF SKIN CARE,"Jun. 21, 2011",Team Global IP Pty Ltd,,
79090108,deadAbandoned,BEHR S3,"Apr. 20, 2011",Behr GmbH & Co. KG,,
79089919,deadAbandoned,ECOTAN,"Aug. 05, 2011",Dynasty Australia International Pty Ltd,,
79090098,deadAbandoned,LIPTEC,"Feb. 16, 2011",Julius Glatz GmbH,,
79090236,deadAbandoned,BEST SAVOR BEST OF BAKERY,"Jul. 19, 2011",BACK SHOP Tiefkühl GmbH,,
79090105,deadAbandoned,INPRO,"Jun. 24, 2011",INPRO TEKSTIL SANAYI VE IHRACAT LIMITED SIRKETI,,
79090240,deadAbandoned,BOSKIN,"Aug. 03, 2011",GABRIEL HEALTH FARMAKEFTIKI ETERIA PERIORISMENIS EFTHINIS,,
79089794,REQUEST_FAILED,,,,,
79090307,deadAbandoned,SINORM,"Aug. 01, 2011",Octapharma AG,,
79090471,deadAbandoned,VIVA VERDI,"Sep. 06, 2011",Mobile Productions GmbH,,
79090410,deadAbandoned,VISTAMARE,"Jul. 20, 2011",CA' MARCANDA Società Agricola per Azioni,,
79090723,deadAbandoned,VALVEX,"Jul. 06, 2011",VALVEX S.A.,,
79090375,deadAbandoned,STUDENT UNI TRAVEL,"Jul. 12, 2011",Honeylamb Pty Ltd,,
79090499,deadAbandoned,ELIXXIA BIOCEUTICALS,"Dec. 16, 2011",Phosphagenics Limited,,
79090683,deadAbandoned,LEADERLIGHT,"Aug. 10, 2011","Society with limited liability ""DiS PLUS""",,
79091041,deadAbandoned,FIREBRAND TALENT SEARCH,"Sep. 19, 2011",Firebrand Talent Search Pty Limited,,
79091095,deadAbandoned,CIRO,"Jul. 21, 2011",CIRO GmbH,,
79090613,deadAbandoned,KANGMAO,"Jul. 12, 2011","Zhumadian City Kang Mao Arts & Crafts Co., Ltd.",,
79091168,deadAbandoned,BRANDY L.A.,"Jul. 24, 2011",Yvan Marsan,,
79091105,deadAbandoned,KW KAREN WALKER,"Sep. 13, 2011",DOGAN OPTIK SANAYI VE TICARET LIMITED SIRKETI,,
79090515,REQUEST_FAILED,,,,,
79091301,deadAbandoned,VIVO,"Jul. 26, 2011",Vivo International Corporation Pty Ltd,,
79091437,deadAbandoned,EXPRESSKOLLEKTION,"May 11, 2011",HRANIPEX a.s.,,
79091491,deadAbandoned,ROYAL EAGLE,"Mar. 19, 2011",RICHEMONT INTERNATIONAL S.A.,,
79090724,REQUEST_FAILED,,,,,
79091013,REQUEST_FAILED,,,,,
79091463,deadAbandoned,S GOLD EURO,"Aug. 30, 2011","Sunil Construction Co., Ltd.",,
79091730,deadAbandoned,HI-CORE,"Aug. 05, 2011",INJECTION ALLOYS LTD,,
79091774,deadAbandoned,BOSKKE,"Aug. 10, 2011",Morris Brothers and Company Holdings Limited,,
79091984,deadAbandoned,ÖZKURSAN,"Oct. 14, 2011",ÖZKURSAN OTOMOTIV VE METAL MAKINA PAZARLAMA SANAYI TICARET LIMITED SIRKETI,,
79091809,deadAbandoned,BIRGER.1962,"Apr. 29, 2011",Gorrissen Federspiel,,
79091866,deadAbandoned,JUSTICE FINDER,"Aug. 10, 2011",HUMMING HEADS KABUSHIKI KAISHA,,
