serial,lead_type,mark,date,correspondent,phone,email
85322102,REQUEST_FAILED,,,,,
85322135,REQUEST_FAILED,,,,,
85322226,deadAbandoned,HYDROGUARD,"Mar. 07, 2012",Aquatic Scientific Co. Ltd.,,gerryzelaya@gmail.com
85322209,deadAbandoned,MECTRONICS,"Jul. 09, 2012","Thompson, Tiki",,mthompson784@GMAIL.COM
85322196,REQUEST_FAILED,,,,,
85322286,deadAbandoned,PAPERCLIX,"Dec. 24, 2012","Boucard, John",,
85322397,deadAbandoned,SCENTCURITY,"Mar. 02, 2012","Kush Kapital Holdings, LLC",,paulschloss@yahoo.com
85322316,REQUEST_FAILED,,,,,
85322405,deadAbandoned,SCENT RELIEF,"Mar. 07, 2012","Kush Holdings, LLC",,paulschloss@yahoo.com
85322315,REQUEST_FAILED,,,,,
85322461,deadAbandoned,BUG SPLAT,"Jul. 23, 2012","Johnston, James",,
85322448,deadAbandoned,OPENPBX,"Mar. 12, 2012",Voicetronix Pty Ltd,,john@voicetronix.com
85322467,deadAbandoned,3-30-3 CHALLENGE,"Aug. 06, 2012","Leavins, Nina",,nleavins@gmail.com
85322400,REQUEST_FAILED,,,,,
85322466,deadAbandoned,MANMOSA,"Mar. 12, 2012","McDonald, Brendan",,katesmcdonald@hotmail.com
85322500,REQUEST_FAILED,,,,,
85322690,deadAbandoned,INDIGO RIVET,"Mar. 14, 2012","Syish, Inc.",,
85322621,REQUEST_FAILED,,,,,
85322697,REQUEST_FAILED,,,,,
85322715,REQUEST_FAILED,,,,,
85322760,REQUEST_FAILED,,,,,
85322892,deadAbandoned,THREATSIM,"Mar. 10, 2012","Stratum Security, LLC",,justin.morehouse@stratumsecurity.com
85322858,deadAbandoned,UKUS,"Oct. 02, 2012","Blyth, Alison",,
85322874,deadAbandoned,UKUS,"Oct. 02, 2012","Blyth, Alison",,
85322952,deadAbandoned,CLOUDCENTER,"Sep. 08, 2012","Wilson, Daren",,
85322877,REQUEST_FAILED,,,,,
85323190,deadAbandoned,FREE EXPRESSION,"Jul. 09, 2012","Gossi, Ltd",,gossi@roadrunner.com
85323044,REQUEST_FAILED,,,,,
85323122,REQUEST_FAILED,,,,,
85323154,REQUEST_FAILED,,,,,
85323223,REQUEST_FAILED,,,,,
85323238,REQUEST_FAILED,,,,,
85323262,REQUEST_FAILED,,,,,
85323282,REQUEST_FAILED,,,,,
85323366,deadAbandoned,KOPCAM,"Mar. 02, 2012","Bugoni, Piero A",,bocacomputercenter@yahoo.com
85323295,REQUEST_FAILED,,,,,
85323359,REQUEST_FAILED,,,,,
85323446,deadAbandoned,LINCLOUD,"Dec. 24, 2012","Cheung, Aaron",,ac@lincloud.com
85323458,REQUEST_FAILED,,,,,
85323494,deadAbandoned,420 HEALTH SCIENCES,"Aug. 10, 2012",420 HEALTH SCIENCES,,
85323485,REQUEST_FAILED,,,,,
85323535,deadAbandoned,MICRODIGIT,"Mar. 08, 2012",ASHTEL SPARES L.L.C,,savio@ashtelgroup.com
85323493,REQUEST_FAILED,,,,,
85323589,REQUEST_FAILED,,,,,
85323650,REQUEST_FAILED,,,,,
85323651,REQUEST_FAILED,,,,,
85323712,REQUEST_FAILED,,,,,
85323778,REQUEST_FAILED,,,,,
85323790,REQUEST_FAILED,,,,,
85323833,REQUEST_FAILED,,,,,
85323823,REQUEST_FAILED,,,,,
85323836,REQUEST_FAILED,,,,,
85323902,REQUEST_FAILED,,,,,
85324011,REQUEST_FAILED,,,,,
85324054,REQUEST_FAILED,,,,,
85324222,deadAbandoned,SUPER 8 BOTANICAL ANTIOXIDANT,"Mar. 08, 2012","Vitonomy, LLC",,
85324111,REQUEST_FAILED,,,,,
85324248,deadAbandoned,MOM'S BONE FORMULA,"Mar. 06, 2012","Vitonomy, LLC",,
85324177,REQUEST_FAILED,,,,,
85324231,REQUEST_FAILED,,,,,
85324241,REQUEST_FAILED,,,,,
85324323,deadAbandoned,VEEBOW,"Jul. 09, 2012","Veebow.com, LLC",,
85324321,deadAbandoned,GURU'S,"Mar. 12, 2012","Charity and Prudence, LLC",,alexgrow@gmail.com
85324471,deadAbandoned,247,"Jul. 09, 2012","Needham, Mark J",,plumbing247@hotmail.com
85324468,deadAbandoned,TERMWIKI,"May 22, 2012",CSOFT INTERNATIONAL LTD.,,cyao@csoftintl.com
85324497,deadAbandoned,BUMMATE,"Jul. 09, 2012",Elma Products LLC,,yping@rocketmail.com
85324507,deadAbandoned,AZARIA MEDIA GROUP,"Aug. 20, 2012","Coleman, Titus",,
85324506,REQUEST_FAILED,,,,,
85324514,REQUEST_FAILED,,,,,
85324574,REQUEST_FAILED,,,,,
85324601,deadAbandoned,SOCIAL SIGNATURE,"Mar. 15, 2012",Vibraslim Inc.,,info@sigwich.com
85324615,deadAbandoned,WARRIORS OF THE WORLD,"Mar. 16, 2012","Beling, Joel L",,joelbeling@hotmail.com
85324677,REQUEST_FAILED,,,,,
85324679,REQUEST_FAILED,,,,,
85324721,REQUEST_FAILED,,,,,
85324766,REQUEST_FAILED,,,,,
85324819,REQUEST_FAILED,,,,,
85324941,deadAbandoned,CLUB E FIT,"Jan. 05, 2012","Heckert, Natalie",,fatnat@wisper-wireless.com
85324923,REQUEST_FAILED,,,,,
85325023,deadAbandoned,GUTTERPULT,"Jul. 09, 2012","FO4, LLC",,
85324964,REQUEST_FAILED,,,,,
85325066,deadAbandoned,GUTTERPULT,"Jul. 23, 2012","FO4, LLC",,
85325098,deadAbandoned,AIR CURE SYSTEM,"Mar. 14, 2012","Poshe Products, LLC",,lynn@bestnailtreatments.com
85325028,REQUEST_FAILED,,,,,
85325069,deadAbandoned,P POWERTECH,"Mar. 09, 2012",POWERTECH ELECTRONICS INC.,,
85325132,deadAbandoned,BEST NAIL TREATMENTS,"Mar. 14, 2012","Poshe Products, LLC",,lynn@bestnailtreatments.com
85325118,deadAbandoned,SLING DUCK,"Jun. 25, 2012",Telebrands Corp.,,pdmurray@cooperdunham.com
85325059,REQUEST_FAILED,,,,,
85325152,deadAbandoned,PAYWALL,"Oct. 05, 2012","Blvd Media Group, LLC",,
85325087,REQUEST_FAILED,,,,,
85325220,deadAbandoned,ELECTRONICA,"Sep. 15, 2012","Filosa, Matthew",,mtf0027@gmail.com
85325144,REQUEST_FAILED,,,,,
85325188,REQUEST_FAILED,,,,,
85325294,REQUEST_FAILED,,,,,
85325334,REQUEST_FAILED,,,,,
85325346,REQUEST_FAILED,,,,,
85325449,deadAbandoned,ENERGY MEN,"Nov. 05, 2012","Beling, Joel L",,joelbeling@hotmail.com
85325448,REQUEST_FAILED,,,,,
85325566,deadAbandoned,D·DENI,"Mar. 13, 2012",DDENI GROUP (AMERICA) LIMITED,,la03@netvigator.com
85325550,REQUEST_FAILED,,,,,
85325532,REQUEST_FAILED,,,,,
85325554,REQUEST_FAILED,,,,,
85325594,REQUEST_FAILED,,,,,
85325602,REQUEST_FAILED,,,,,
85325605,REQUEST_FAILED,,,,,
85325611,REQUEST_FAILED,,,,,
85325726,deadAbandoned,GREEN GANG,"Oct. 08, 2012","Beling, Joel L",,joelbeling@hotmail.com
85325628,REQUEST_FAILED,,,,,
85325769,deadAbandoned,DREAM WORLD,"Nov. 13, 2012","Ren, William",,wren@playmage.com
85325649,REQUEST_FAILED,,,,,
85325690,REQUEST_FAILED,,,,,
85325839,REQUEST_FAILED,,,,,
85325924,deadAbandoned,CAPITAL BRANDS LLC,"Mar. 12, 2012",Capital Brands LLC,,rsteelman@capitalbrandsinc.com
85325868,REQUEST_FAILED,,,,,
85325953,deadAbandoned,ECCA CARBOXY,"Aug. 13, 2012","Cemport, Inc.",,gquintana@innovakglobal.com
85325895,REQUEST_FAILED,,,,,
85325905,REQUEST_FAILED,,,,,
85326068,deadAbandoned,CREATINERT,"May 04, 2012",Athletic Edge Nutrition Inc,,sbalcombe@aenutrition.com
85325968,REQUEST_FAILED,,,,,
85326153,deadAbandoned,GUARANTEED TO MEET OR EXCEED,"Apr. 11, 2012",Concorde Specialty Gases,,rlaverne@concordegas.com
85326100,REQUEST_FAILED,,,,,
85326110,REQUEST_FAILED,,,,,
85326143,REQUEST_FAILED,,,,,
85326161,deadAbandoned,NIGHTFALL BY SUSAN MCCRAY,"Mar. 10, 2012","McCray, Susan",,mccray6169@roadrunner.com
85326245,deadAbandoned,LA ALTEÑA,"Jun. 07, 2012","BARAJAS, JUAN CARLOS",,mygabogados@infosel.net.mx
85326276,deadAbandoned,LA ALTEÑA,"May 29, 2012","BARAJAS, JUAN CARLOS",,mygabogados@infosel.net.mx
85326205,REQUEST_FAILED,,,,,
85326404,deadAbandoned,TECH PLATE,"Nov. 04, 2012","Wood, Brandon",,
85326411,deadAbandoned,STOP TREATING YOUR GARDEN LIKE DIRT,"Jul. 02, 2012","Syburg, James",,
85326322,REQUEST_FAILED,,,,,
85326489,deadAbandoned,EGRAPH,"Mar. 15, 2012","Evans Tuning, LLC",,sales@evans-tuning.com
85326513,deadAbandoned,AH,"Oct. 04, 2012",ALL HEART APPAREL,,bmcoyle@hotmail.com
85326474,REQUEST_FAILED,,,,,
85326479,REQUEST_FAILED,,,,,
85326537,deadAbandoned,KITCHEN STYLE,"Aug. 06, 2012",Danica Imports Ltd,,jenniferc@danicaimports.com
85326566,deadAbandoned,SMARTFACETS,"Jul. 09, 2012",Bionica Human Computing LLC,,chris@bionicahc.com
85326592,deadAbandoned,RIDE,"Jul. 09, 2012",Fears Family Trust A,,
85326541,REQUEST_FAILED,,,,,
85326633,deadAbandoned,EXERGY,"Mar. 15, 2012","Telos Brand & Mark, LLC",,
85326639,deadAbandoned,EXERGY INNOVATIVE THINKING. INTEGRATED ENERGY.,"Mar. 15, 2012","Telos Brand & Mark, LLC",,
85326646,deadAbandoned,"ANVIL NETWORK SOLUTIONS, INC.","Mar. 15, 2012","Anvil Network Solutions, Inc.",,info@anvilnetworksolutions.net
85326637,deadAbandoned,EXERGY INNOVATIVE THINKING. INTEGRATED ENERGY.,"Mar. 15, 2012","Telos Brand & Mark, LLC",,
85326677,deadAbandoned,TRIB.ES,"Mar. 15, 2012",Szymanski Michal W,,Michal.Szymanski@trib.es
85326630,REQUEST_FAILED,,,,,
85326657,deadAbandoned,ENERGY BUSINESS WATCH,"Oct. 02, 2012","Weissman, Andrew",,
85326679,REQUEST_FAILED,,,,,
85326687,REQUEST_FAILED,,,,,
85326690,REQUEST_FAILED,,,,,
85326714,REQUEST_FAILED,,,,,
85326734,REQUEST_FAILED,,,,,
85326772,REQUEST_FAILED,,,,,
85326781,REQUEST_FAILED,,,,,
85326784,REQUEST_FAILED,,,,,
85326805,deadAbandoned,TEXTPOTMESSENGER,"Jul. 02, 2012",BPR Marketing L.L.C.,,admin@textpotmessenger.com
85326803,REQUEST_FAILED,,,,,
85326812,REQUEST_FAILED,,,,,
85326871,deadAbandoned,MONTHLY COMMITMENT,"Mar. 09, 2012","GoalSpring Financial, Inc.",,chris.kelly@debtgoal.com
85326836,REQUEST_FAILED,,,,,
85326880,deadAbandoned,BALLCAM,"Sep. 15, 2012","Bugoni, Piero A",,bocacomputercenter@yahoo.com
85326894,REQUEST_FAILED,,,,,
85326930,deadAbandoned,MUTA MARIN UNITED TAXPAYERS ASSOCIATION,"Mar. 15, 2012","Easton-Brown, Alex",,peter@crane-law.com
85326923,REQUEST_FAILED,,,,,
85326928,REQUEST_FAILED,,,,,
85326978,deadAbandoned,REMOVE THE BACKGROUND,"Mar. 14, 2012",Remove The Background ApS,,thomas@removethebackground.com
85327021,REQUEST_FAILED,,,,,
85327015,REQUEST_FAILED,,,,,
85327100,REQUEST_FAILED,,,,,
85327172,REQUEST_FAILED,,,,,
85327188,REQUEST_FAILED,,,,,
85327194,REQUEST_FAILED,,,,,
85327264,REQUEST_FAILED,,,,,
85327279,REQUEST_FAILED,,,,,
85327310,REQUEST_FAILED,,,,,
85327461,deadAbandoned,GENESIS CEILING,"Oct. 05, 2012","New Ceiling Tiles, LLC",,jeff@jefflouis.com
85327408,deadAbandoned,None,"Jul. 30, 2012","Ten Pao Electronics (Huizou) Co., Ltd.",,cvym@hotmail.com
85327319,REQUEST_FAILED,,,,,
85327482,REQUEST_FAILED,,,,,
85327576,REQUEST_FAILED,,,,,
85327754,deadAbandoned,ADZOID,"Oct. 16, 2012","Linnked, LLc.",,
85327712,REQUEST_FAILED,,,,,
85327760,deadAbandoned,III,"Jul. 16, 2012","Smith, Dwight",,
85327744,deadAbandoned,WITHOUTTHEMUSIC,"Oct. 09, 2012",Johnson Keith R,,withoutthemusic@gmail.com
85327757,deadAbandoned,None,"Mar. 19, 2012",X-One B.V.,,strickland-docket@fzlz.com
85327743,REQUEST_FAILED,,,,,
85327772,REQUEST_FAILED,,,,,
85327872,REQUEST_FAILED,,,,,
85327919,deadAbandoned,WORLDWIDE MIXED MARTIAL ARTS SPORTS,"Sep. 27, 2012","Worldwide Mixed Martial Arts Sports, Inc.",,
85327886,REQUEST_FAILED,,,,,
85327902,deadAbandoned,CUSTOMERS-MATTER,"Jul. 30, 2012","Core Marketing Associates, LLC",,evan.juro@coremarketingassociates.com
85327888,REQUEST_FAILED,,,,,
85327970,deadAbandoned,KEEP IT CLEAN,"Feb. 24, 2012",The Hoffman Group LLC,,jake.johnston@thehoffmangroup.com
85327990,REQUEST_FAILED,,,,,
85327992,REQUEST_FAILED,,,,,
85328172,deadAbandoned,HAIR POUSS PLUS,"Oct. 11, 2012","JEDOUANE, ISMAIL",,
85328175,deadAbandoned,USERCLOUD,"Oct. 05, 2012","UserCloud, Inc.",,
85328189,deadAbandoned,SHOP.SAVE.ENJOY.,"May 21, 2012","The Worlds Biggest Buying Club, Inc.",,
85328089,REQUEST_FAILED,,,,,
85328152,deadAbandoned,BOOTY TRAP,"Jul. 23, 2012","PEDRAZA, ALISON",,alisonpedraza@hotmail.com
85328191,deadAbandoned,GOOEY GOODIES,"Jul. 23, 2012","Covington Jr, Larry P",,
85328195,deadAbandoned,BILLNYX PHOTOGRAPHY,"Aug. 06, 2012","Sensenig, William",,
85328127,REQUEST_FAILED,,,,,
85328190,REQUEST_FAILED,,,,,
85328215,REQUEST_FAILED,,,,,
85328357,REQUEST_FAILED,,,,,
85328374,REQUEST_FAILED,,,,,
85328413,REQUEST_FAILED,,,,,
85328419,REQUEST_FAILED,,,,,
85328470,REQUEST_FAILED,,,,,
85328517,REQUEST_FAILED,,,,,
85328524,REQUEST_FAILED,,,,,
85328582,deadAbandoned,SUICIDAL DECISIONS,"Jul. 30, 2012","Scott, Richard",,
85328605,REQUEST_FAILED,,,,,
85328615,REQUEST_FAILED,,,,,
85328786,deadAbandoned,HOW THE BEST PREPARE FOR THE WORST.,"Mar. 12, 2012",CLIFTON C CASTLEMAN,,CCASTLEMAN@WILDSAFE.ORG
85328683,REQUEST_FAILED,,,,,
85328839,REQUEST_FAILED,,,,,
85328975,REQUEST_FAILED,,,,,
85329022,REQUEST_FAILED,,,,,
85329093,REQUEST_FAILED,,,,,
85329324,REQUEST_FAILED,,,,,
85329350,REQUEST_FAILED,,,,,
85329449,deadAbandoned,CITYLAND,"Jul. 16, 2012","CyberagentAmerica, Inc.",,
85329451,deadAbandoned,E-INVESTIGATIONS,"Nov. 09, 2012","Weiss, Daniel",,
85329444,deadAbandoned,SPIRIT LED,"Jul. 23, 2012","Hopkins, Christopher",,
85329384,REQUEST_FAILED,,,,,
85329463,deadAbandoned,"NET INCEPTIONS, INC.","Oct. 18, 2012","Net Inceptions, Inc.",,
85329537,deadAbandoned,[GEN·IUS] EYEWEAR,"Jun. 01, 2012",Eye Q Eyewear,,wlevesque@eyeqeyewear.com
85329493,deadAbandoned,SAFARI LIFE,"Jul. 05, 2012",Plus Bus Express,,cheryl@safarilifeworld.com
85329468,REQUEST_FAILED,,,,,
85329535,REQUEST_FAILED,,,,,
85329732,deadAbandoned,HRMHUB,"Jul. 16, 2012",EMCOMPS,,Khalid@emcomps.com
85329616,REQUEST_FAILED,,,,,
85329739,deadAbandoned,HCRMHUB,"Jul. 16, 2012",EMCOMPS,,khalid@emcomps.com
85329877,deadAbandoned,IFOUNDATION,"Mar. 20, 2012","Smigel, Austin E",,austin@ifoundation.net
85329867,REQUEST_FAILED,,,,,
85329863,REQUEST_FAILED,,,,,
85329974,deadAbandoned,WAVIANI,"Nov. 26, 2012",ACW Works LLC,,christybueso@aol.com
85329904,REQUEST_FAILED,,,,,
85330024,deadAbandoned,CHANGING PASTURES,"Jul. 16, 2012",Changing Pastures LLC,,countrycot@aol.com
85330040,deadAbandoned,AMERICAN VILLAGE,"Aug. 20, 2012",Changing Pastures LLC,,countrycot@aol.com
85330000,REQUEST_FAILED,,,,,
85330163,deadAbandoned,MM MARILYN,"Mar. 07, 2012",Marilyn Monroe International LLC,,carolina.santiago@MuseumMasters.com
85330160,REQUEST_FAILED,,,,,
85330350,REQUEST_FAILED,,,,,
85330362,REQUEST_FAILED,,,,,
85330381,REQUEST_FAILED,,,,,
85330546,deadAbandoned,PEARL RIVER,"Mar. 17, 2012",Ainsworth Game Technology Limited,,Matthew.Loon@ainsworth.com.au
85330426,REQUEST_FAILED,,,,,
85330549,deadAbandoned,FREIGHT4LESS,"Mar. 16, 2012",Magellan Logistics Group,,JHAZEY@AOL.COM
85330545,deadAbandoned,MULTI WIN,"Mar. 16, 2012",Ainsworth Game Technology Limited,,Matthew.Loon@ainsworth.com.au
85330556,deadAbandoned,ROMOZDA,"Mar. 16, 2012","Mishaev, Roland",,
85330571,deadAbandoned,ADRENALINE FITNESS 247,"Oct. 17, 2012","McLendon, Jacob",,
85330551,deadAbandoned,WORDS BENEATH WINGS,"Mar. 20, 2012","Frahn, Lauren",,Lfrahn46@aol.com
85330561,deadAbandoned,ART WITHOUT BORDERS,"Oct. 17, 2012","McClure, David",,
85330581,deadAbandoned,BOURBON BARREL BEEF & ALE,"Nov. 05, 2012",Bourbon Barrel Beef & Ale llc,,
85330583,deadAbandoned,SPONSTER,"Dec. 31, 2012","YouData, Inc.",,
85330491,REQUEST_FAILED,,,,,
85330509,REQUEST_FAILED,,,,,
85330591,deadAbandoned,MOBILE WEB MASTERS,"Mar. 19, 2012",Mobile Web Masters,,webmaster@mobilewebmasters.com.au
85330560,REQUEST_FAILED,,,,,
85330646,deadAbandoned,SEARCH RING MANAGEMENT,"Mar. 05, 2012","Ring Revenue, Inc.",,andrea@ringrevenue.com
85330629,deadAbandoned,SEARCH RING OPTIMIZATION,"Mar. 05, 2012","Ring Revenue, Inc.",,andrea@ringrevenue.com
85330574,REQUEST_FAILED,,,,,
85330725,REQUEST_FAILED,,,,,
85330808,REQUEST_FAILED,,,,,
85330840,REQUEST_FAILED,,,,,
85330882,REQUEST_FAILED,,,,,
85330916,REQUEST_FAILED,,,,,
85330926,REQUEST_FAILED,,,,,
85330922,REQUEST_FAILED,,,,,
85331034,deadAbandoned,WMSMART,"Mar. 14, 2012",JOSÉ LUIS FERREYRO MAÑA,,etorresmt@gmail.com
85330988,REQUEST_FAILED,,,,,
85330995,REQUEST_FAILED,,,,,
85331028,REQUEST_FAILED,,,,,
85331301,deadAbandoned,EVERYDAY IS SUNDAE AT SEBASTIAN'S,"Apr. 17, 2012",Thomas C. Jefferson,,JJEFFERSON28@GMAIL.COM
85331160,REQUEST_FAILED,,,,,
85331139,REQUEST_FAILED,,,,,
85331278,REQUEST_FAILED,,,,,
85331401,deadAbandoned,CUCINA ALFRESCO,"Oct. 17, 2012","Strait, James",,
85331334,REQUEST_FAILED,,,,,
85331385,REQUEST_FAILED,,,,,
85331417,deadAbandoned,THE CORPS GROUP LEADERS IN EXECUTION,"Nov. 27, 2012","Corps Training Group, Inc.",,CLohrenz@TheCorpsGroup.com
85331441,deadAbandoned,PINK PASHMINA,"Jul. 16, 2012","Perroots, Shauna",,
85331579,REQUEST_FAILED,,,,,
85331648,REQUEST_FAILED,,,,,
85331800,deadAbandoned,CLOUDTHINK,"Jul. 30, 2012","Laakes, Lars",,
85331757,REQUEST_FAILED,,,,,
85331833,deadAbandoned,NATURADE,"Oct. 23, 2012","SANROMAN, RICARDO",,
85331846,deadAbandoned,SEARCH CALL MANAGEMENT,"Mar. 05, 2012","Ring Revenue, Inc.",,andrea@ringrevenue.com
85331844,deadAbandoned,SOUND VISION ENTERTAINMENT INC,"Sep. 28, 2012","Thomas, Thomas",,
85331814,REQUEST_FAILED,,,,,
85331823,REQUEST_FAILED,,,,,
85331839,REQUEST_FAILED,,,,,
85331866,REQUEST_FAILED,,,,,
85331960,deadAbandoned,ALAN THE VOICE,"May 03, 2012","Roberts, Alan",,acroberts25@yahoo.com
85332005,deadAbandoned,ATTORNEY DEPOT,"Mar. 20, 2012",Platinum Peak LLC,,sales@platinumpeak.com
85331885,REQUEST_FAILED,,,,,
85332081,deadAbandoned,VOXSCOPE,"Jul. 23, 2012","Home Entertainment Distributors, Inc.",,devon.decarlo@insurersworld.com
85331939,REQUEST_FAILED,,,,,
85332089,deadAbandoned,VOXSCOPE,"Jul. 23, 2012","Home Entertainment Distributors, Inc.",,devon.decarlo@insurersworld.com
85332136,deadAbandoned,TEE TO GREEN TRAVEL,"Mar. 16, 2012",Nicholas J Lombardi,,nick.lombardi@verizon.net
85332115,deadAbandoned,"GLAM SHOP, GLAMSHOPONLINE, GLAM SHOP ONLINE, THE GLAM SHOP, THE GLAM SHOP ONLINE","Mar. 26, 2012","LAMONS, APRIL C",,GLAMOROUSENTERTAINMENT@GMAIL.COM
85332099,deadAbandoned,WHERE ATHLETES ARE,"Nov. 19, 2012","Eastbay, Inc.",,tbombata@footlocker.com
85332143,REQUEST_FAILED,,,,,
85332298,deadAbandoned,'NANA-BERRY SLICER,"Jul. 30, 2012",EVRIHOLDER PRODUCTS LLC,,garysevri@gmail.com
85332211,REQUEST_FAILED,,,,,
85332255,REQUEST_FAILED,,,,,
85332330,deadAbandoned,WORDMAN,"Jul. 23, 2012","Su, William Wei-Lien",,weiliensu@gmail.com
85332422,deadAbandoned,TEMPERATURE ON YOUR HOME SCREEN,"Aug. 14, 2012","KUBICA, NED",,nedkubica@me.com
85332563,deadAbandoned,MEDICSPREMIER,"Mar. 15, 2012",Advanced Data Systems Corporation,,marc.klar@adsc.com
85332662,deadAbandoned,GINSATIN,"Jul. 23, 2012","Strait, James",,
85332815,REQUEST_FAILED,,,,,
85332908,deadAbandoned,WEB ARCHER,"Oct. 13, 2012","Clocktower Media, Inc",,
85332833,REQUEST_FAILED,,,,,
85332929,deadAbandoned,DIRTCANDY,"Jul. 16, 2012","Davignon, Blake",,
85332854,REQUEST_FAILED,,,,,
85332964,REQUEST_FAILED,,,,,
85332975,REQUEST_FAILED,,,,,
85333021,deadAbandoned,RANDOLPH PUBLISHING,"Oct. 11, 2012","Stuart, Thomas Casey",,
85333022,deadAbandoned,DA DRIFT ASYLUM,"Oct. 29, 2012","Hurtado, Scott",,
85333012,REQUEST_FAILED,,,,,
85333015,REQUEST_FAILED,,,,,
85333075,deadAbandoned,PURE BUSINESS RESULTS PROVIDING PURE SOLUTIONS AT PRACTICAL PRICES,"Oct. 29, 2012",Pure Business Results LLC,,tonia.lonie@gmail.com
85333061,REQUEST_FAILED,,,,,
85333068,REQUEST_FAILED,,,,,
85333176,deadAbandoned,OPERA,"Mar. 19, 2012",Chris Joannou,,cj@jdconsortium.com
85333186,deadAbandoned,GO VAN RENTAL,"Mar. 19, 2012",go van rentals,,
85333153,REQUEST_FAILED,,,,,
85333196,deadAbandoned,COMMUNITYCATE,"Sep. 24, 2012",Mekif Internet Services Ltd,,marketing@mekif.co.il
85333185,REQUEST_FAILED,,,,,
85333244,deadAbandoned,HOWLER,"Mar. 19, 2012","Gatesmith, Jordan J",,jjgatesmith@aol.com
85333219,REQUEST_FAILED,,,,,
85333247,REQUEST_FAILED,,,,,
85333279,deadAbandoned,BIG TICKET,"Mar. 17, 2012",Ainsworth Game Technology Limited,,Matthew.Loon@ainsworth.com.au
85333280,deadAbandoned,BIG TICKET WINNER,"Mar. 17, 2012",Ainsworth Game Technology Limited,,Matthew.Loon@ainsworth.com.au
85333282,deadAbandoned,BIG TICKET BONUS,"Mar. 17, 2012",Ainsworth Game Technology Limited,,Matthew.Loon@ainsworth.com.au
85333278,REQUEST_FAILED,,,,,
85333281,REQUEST_FAILED,,,,,
85333337,REQUEST_FAILED,,,,,
85333372,REQUEST_FAILED,,,,,
85333395,deadAbandoned,SERVANTS EQUIPPING NEW DISCIPLES (S.E.N.D.),"Mar. 07, 2012",Church Growth and Analysis Center,,traceeswank@churchdoctor.org
85333389,REQUEST_FAILED,,,,,
85333542,deadAbandoned,CHOCANDNUT,"Jul. 23, 2012",NOISERAIE PRODUCTIONS,,noiseraie.productions@wanadoo.fr
85333478,REQUEST_FAILED,,,,,
85333611,REQUEST_FAILED,,,,,
85333715,REQUEST_FAILED,,,,,
85333727,REQUEST_FAILED,,,,,
85333918,deadAbandoned,ATTYR.COM,"May 30, 2012",Christer Holloman,,christer@holloman.info
85333797,REQUEST_FAILED,,,,,
85333978,deadAbandoned,THE GOLDEN YEARS,"Mar. 21, 2012","Remon, Gabriel Marcos",,designsolutionnow@yahoo.com
85333940,deadAbandoned,KALAPAKI JOE'S,"Mar. 17, 2012","Valente Holdings, LLC",,erika.c.valente@gmail.com
85333867,REQUEST_FAILED,,,,,
85334064,deadAbandoned,SKYLYFE MUSIC,"Oct. 08, 2012","Vines-Derrick, LaToya D.",,
85334159,deadAbandoned,4 THOSE WHO FULLY UNDERSTAND !!! HOUSE 331/3 DANCE PARTY DJ EDDIE.S THE DANCING DJ,"Oct. 12, 2012","STEVENS JR, EDDIE",,
85334041,REQUEST_FAILED,,,,,
85334213,deadAbandoned,ORLY WORLD,"Apr. 03, 2012",AAAA World Inc.,,
85334230,deadAbandoned,SAMARIT,"Mar. 06, 2012","Chenette, Benoit",,benoit@BenoitChenette.com
85334260,deadAbandoned,LEAN 80/20,"Mar. 06, 2012","Chenette, Benoit",,benoit@BenoitChenette.com
85334132,REQUEST_FAILED,,,,,
85334183,REQUEST_FAILED,,,,,
85334344,REQUEST_FAILED,,,,,
85334418,REQUEST_FAILED,,,,,
85334404,REQUEST_FAILED,,,,,
85334453,REQUEST_FAILED,,,,,
85334647,deadAbandoned,EASY CLOCKING,"Sep. 10, 2012","SHANGHAI ANVIZ BIOMETRIC TECH. CO., LTD.",,info.info168@gmail.com
85334518,REQUEST_FAILED,,,,,
85334648,deadAbandoned,M JMMOTOR,"Mar. 27, 2012","Fuan Yuandong American China Electric Co.,LTD",,zhaoying@zmtl.com
85334567,REQUEST_FAILED,,,,,
85334674,deadAbandoned,ORIGINAL - PROPERTIES,"Oct. 05, 2012",original properties llc,,davidlipsker@gmail.com
85334611,REQUEST_FAILED,,,,,
85334684,deadAbandoned,MERGER CONTROL PILOT,"Oct. 22, 2012","Beninca, Juergen",,jbeninca@morganlewis.com
85334668,deadAbandoned,JM MOTOR,"Mar. 27, 2012","Fuan Yuandong American China Electric Co.,LTD",,zhaoying@zmtl.com
85334695,deadAbandoned,MILLENNIAL,"Mar. 21, 2012",Green Griffin International,,mwellman@greengriffinwines.com
85334687,deadAbandoned,TIERRA SANTA,"Jul. 30, 2012","A.Turrent Cigars, Inc.",,
85334694,deadAbandoned,G.G.I. GREEN GRIFFIN INTERNATIONAL,"Mar. 27, 2012",Green Griffin International,,mwellman@greengriffinwines.com
85334655,REQUEST_FAILED,,,,,
85334829,deadAbandoned,TREETOP QUEST,"Jun. 20, 2012",ALTIPLANO,,info@treetopquest.com
85334891,REQUEST_FAILED,,,,,
85334914,REQUEST_FAILED,,,,,
85335014,deadAbandoned,I,"Mar. 19, 2012","Lauren, Richard",,richardlauren@me.com
85335006,REQUEST_FAILED,,,,,
85335224,REQUEST_FAILED,,,,,
85335232,REQUEST_FAILED,,,,,
85335352,deadAbandoned,COUNTY LINE,"Mar. 21, 2012","DCI Cheese Company, Inc.",,
85335357,deadAbandoned,COUNTY LINE,"Mar. 21, 2012","DCI Cheese Company, Inc.",,
85335289,REQUEST_FAILED,,,,,
85335339,REQUEST_FAILED,,,,,
85335474,deadAbandoned,IHC,"Jul. 23, 2012","Hagest, Ron",,
85335374,REQUEST_FAILED,,,,,
85335459,REQUEST_FAILED,,,,,
85335520,REQUEST_FAILED,,,,,
85335584,REQUEST_FAILED,,,,,
85335592,REQUEST_FAILED,,,,,
85335631,deadAbandoned,BABY BOOP,"Feb. 23, 2012","Guagliardo, Thomas",,tguagliardo@me.com
85335696,deadAbandoned,NORDLANDER,"Aug. 13, 2012",WOPR Systems LLC,,
85335761,deadAbandoned,HAIR OF THE DOG,"Mar. 20, 2012","Mutt and Jeff's Grooming, LLC",,muttandjeffs@earthlink.net
85335771,deadAbandoned,TATMAN,"Nov. 15, 2012","Roberts, Ryan",,wayne@signallaw.com
85335772,deadAbandoned,TINY BUBBLES,"Mar. 22, 2012","Mutt and Jeffs's Grooming, LLC",,muttandjeffs@earthlink.net
85335655,REQUEST_FAILED,,,,,
85335753,deadAbandoned,FURRY TAILS,"Mar. 19, 2012",Mutt and Jeff's Grooming LLC,,muttandjeffs@earthlink.net
85335694,REQUEST_FAILED,,,,,
85335760,REQUEST_FAILED,,,,,
85335781,deadAbandoned,TOILET WATER,"Mar. 20, 2012","Mutt and Jeff's Grooming, LLC",,muttandjeffs@earthlink.net
85335885,deadAbandoned,CHIRATECH,"Jul. 23, 2012","Chiratech Co,LTD",,
85335870,deadAbandoned,VIDEOPERSONNEL,"Jun. 26, 2012","Hlistal, Julia",,
85335794,REQUEST_FAILED,,,,,
85335895,deadAbandoned,THOMAS V. DIAMOND MUSIC PRODUCTIONS,"Aug. 14, 2012","Diamond, Thomas",,thomasvdiamond@hotmail.com
85335857,REQUEST_FAILED,,,,,
85335893,deadAbandoned,LEVEL X X,"Oct. 10, 2012",Level x Indistries,,
85336027,deadAbandoned,STAGECOACH WELLNESS COACHING SOFTWARE BY WELLNESS COACHES USA,"Aug. 06, 2012",Wellness Coaches USA,,marks@sagefrog.com
85336012,deadAbandoned,MOBILESYNC PRO,"Mar. 21, 2012","Retina-X Studios, LLC",,jjohns@retinax.com
85335968,REQUEST_FAILED,,,,,
85335972,REQUEST_FAILED,,,,,
85336017,REQUEST_FAILED,,,,,
85336067,deadAbandoned,PUREPLAY,"Mar. 21, 2012","Ecore Technology (Hubei) Co., Ltd.",,mike@senario.com
85336111,REQUEST_FAILED,,,,,
85336110,REQUEST_FAILED,,,,,
85336368,deadAbandoned,THE SPIRIT INDUSTRY,"Aug. 06, 2012","Gosnell, Garrin",,
85336188,REQUEST_FAILED,,,,,
85336339,REQUEST_FAILED,,,,,
85336399,REQUEST_FAILED,,,,,
85336431,REQUEST_FAILED,,,,,
85336664,deadAbandoned,APPEALING APPS,"Mar. 19, 2012","Majstorovic, Sebastian",,office@appealingapps.de
85336483,REQUEST_FAILED,,,,,
85336658,deadAbandoned,RESERVA YUMURI,"Oct. 13, 2012","Ginzo, Mark",,
85336616,REQUEST_FAILED,,,,,
85336760,deadAbandoned,SUGAR MAMA,"Mar. 09, 2012",THE WINE GROUP LLC,,DIJANA.KRISTO@THEWINEGROUP.COM
85336704,REQUEST_FAILED,,,,,
85336750,REQUEST_FAILED,,,,,
85336817,deadAbandoned,BUCKABOONE,"Apr. 02, 2012","Buckaboone, Inc.",,
85336786,REQUEST_FAILED,,,,,
85336876,deadAbandoned,AIRCRETE AMERICA COMPANY,"Mar. 20, 2012",Aircrete America Company,,ttulk@aircreteamerica.com
85336836,REQUEST_FAILED,,,,,
85336838,REQUEST_FAILED,,,,,
85336892,REQUEST_FAILED,,,,,
85336918,REQUEST_FAILED,,,,,
85337033,deadAbandoned,WICKED SMART CENTRAL,"Jul. 23, 2012","Craney, Joe",,
85337036,deadAbandoned,BLACK FREEZER,"Jul. 06, 2012","BITSPOWER INTERNATIONAL CO., LTD.",,gtptf@ms43.hinet.net
85336953,REQUEST_FAILED,,,,,
85337056,deadAbandoned,HANG,"Jul. 23, 2012",DRW Fitzgerald Real Property LLC,,
85337031,deadAbandoned,GALAXY FREEZER,"Jul. 06, 2012","BITSPOWER INTERNATIONAL CO., LTD.",,gtptf@ms43.hinet.net
85337004,REQUEST_FAILED,,,,,
85337052,deadAbandoned,FRESCO,"Nov. 05, 2012",Distrubuidora Limena Inc.,,
85336989,REQUEST_FAILED,,,,,
85337051,deadAbandoned,"YOU CAN'T FIX STUPID, BUT YOU CAN FIX STUPID'S PETS","Oct. 24, 2012","Lattanzio, Lynea",,
85337068,REQUEST_FAILED,,,,,
85337191,REQUEST_FAILED,,,,,
85337207,REQUEST_FAILED,,,,,
85337208,REQUEST_FAILED,,,,,
85337472,deadAbandoned,"RENT-TO-OWN REAL ESTATE ""A BETTER WAY TO BUY AND SELL YOUR HOME""","Jun. 19, 2012",RENT-TO-OWN Real Estate Incorporated,,tbsgroup@earthlink.net
85337433,deadAbandoned,GYMS ON WHEELS - WE COME TO YOU,"Mar. 21, 2012","STEINBERG, ALLEGRA",,ron@gymsonwheels.com
85337394,REQUEST_FAILED,,,,,
85337447,deadAbandoned,ESPRESSO VITES,"Mar. 06, 2012","NORTHWEST NATURAL PRODUCTS, INC.",,
85337481,deadAbandoned,BANKING IS BORING,"Jul. 23, 2012","Funds Transfer Alliance, LLC",,awilliams@the-fta.org
85337708,deadAbandoned,MOJO RAGE,"Mar. 26, 2012","Mojo Beverage International, LLC",,derek@mojoboost.com
85337541,deadAbandoned,MIMOS,"Mar. 21, 2012",Nose About LLC,,schmidroger@mac.com
85337762,deadAbandoned,DOING IT DOGGIE STYLE,"Mar. 21, 2012","Mutt and Jeff's Grooming, LLC",,muttandjeffs@earthlink.net
85337754,deadAbandoned,DO YOU KNOW A DIRTY DOG?,"Mar. 20, 2012","Mutt and Jeff's Grooming, LLC",,muttandjeffs@earthlink.net
85337747,REQUEST_FAILED,,,,,
85337766,deadAbandoned,BROTHERS IN ARMS FURIOUS 4,"Mar. 23, 2012",UBISOFT ENTERTAINMENT,,
85337804,deadAbandoned,KILLER FREAKS,"Mar. 13, 2012",UBISOFT ENTERTAINMENT,,
85337805,deadAbandoned,KILLER FREAKS,"Aug. 06, 2012",UBISOFT ENTERTAINMENT,,
85337775,REQUEST_FAILED,,,,,
85337783,REQUEST_FAILED,,,,,
85337974,deadAbandoned,MOJO FOCUS,"Mar. 26, 2012","Mojo Beverage International, LLC",,derek@mojoboost.com
85337873,REQUEST_FAILED,,,,,
85337931,REQUEST_FAILED,,,,,
85337956,REQUEST_FAILED,,,,,
85337970,REQUEST_FAILED,,,,,
85337982,REQUEST_FAILED,,,,,
85338002,REQUEST_FAILED,,,,,
85338046,REQUEST_FAILED,,,,,
85338100,deadAbandoned,YOU JUST GOTTA WANT IT,"Nov. 16, 2012","Carroll, Jebediah",,
85338108,deadAbandoned,MIDAS TOUCH,"Jul. 23, 2012","NEOGI, SUNEETA",,
85338124,deadAbandoned,EMAIL AGENCY,"Mar. 29, 2012",Email Agency Inc.,,stefany@emailagency.com
85338074,deadAbandoned,GALLO COLORS,"Mar. 20, 2012",CARLOS MOISES SILVA LUNA,,carlossilvaluna@gmail.com
85338068,REQUEST_FAILED,,,,,
85338119,REQUEST_FAILED,,,,,
85338154,REQUEST_FAILED,,,,,
85338185,deadAbandoned,SEXUAL FITNESS,"Mar. 28, 2012",JJ Flizanes,,service@buyingtimellc.com
85338170,REQUEST_FAILED,,,,,
85338199,REQUEST_FAILED,,,,,
85338206,REQUEST_FAILED,,,,,
85338226,REQUEST_FAILED,,,,,
85338227,REQUEST_FAILED,,,,,
85338231,REQUEST_FAILED,,,,,
85338248,REQUEST_FAILED,,,,,
85338278,REQUEST_FAILED,,,,,
85338291,REQUEST_FAILED,,,,,
85338321,deadAbandoned,THA OUTFIT,"Oct. 10, 2012","Gunnaz, LLC",,
85338308,REQUEST_FAILED,,,,,
85338399,deadAbandoned,FLYCAM NANO,"Mar. 27, 2012","Chawla, Anuj",,anuuj23@gmail.com
85338436,deadAbandoned,BROTHERS IN ARMS FURIOUS 4,"Mar. 23, 2012",UBISOFT ENTERTAINMENT,,
85338364,REQUEST_FAILED,,,,,
85338494,deadAbandoned,MIMIOTO,"Mar. 22, 2012",IGS Corporation Ltd,,lisa@impactint.co.uk
85338405,REQUEST_FAILED,,,,,
85338526,deadAbandoned,100% LIFESTYLE PROOF,"Mar. 22, 2012",IGS Corporation Ltd,,lisa@impactint.co.uk
85338606,deadAbandoned,YOUCLOUD,"Jul. 23, 2012",MARC ANGELL,,MDANGELL@GMAIL.COM
85338542,deadAbandoned,CLOUDNUX,"Dec. 31, 2012","Cheung, Aaron",,ac@cloudnux.com
85338519,REQUEST_FAILED,,,,,
85338611,REQUEST_FAILED,,,,,
85338832,deadAbandoned,HORIZON BRAZIL,"Oct. 31, 2012",HORIZON BRAZIL CONSULTORIA E ASSESSORIA LTDA,,jlgfc@hotmail.com
85338790,deadAbandoned,COCO NUTZ,"Mar. 26, 2012","Hernandez, Juan F",,juanher20@hotmail.com
85338651,REQUEST_FAILED,,,,,
85338886,deadAbandoned,"THERE IS NO ""I"" IN TEAM, BUT THERE IS AN ""I"" IN LIFE","Sep. 10, 2012",Darcy Taylor,,darcyclare@gmail.com
85338856,REQUEST_FAILED,,,,,
85338868,REQUEST_FAILED,,,,,
85338936,REQUEST_FAILED,,,,,
85338932,REQUEST_FAILED,,,,,
85338918,REQUEST_FAILED,,,,,
85338959,REQUEST_FAILED,,,,,
85339063,deadAbandoned,ANGLER SHIELD,"Mar. 21, 2012","Outdoor Specialty Products, LLC",,jillb@bassmedics.com
85339021,REQUEST_FAILED,,,,,
85339177,deadAbandoned,EIGHT BALLZ BATH SALTS,"Dec. 03, 2012",Consortium Distribution LLC,,
85339189,deadAbandoned,ABLELYNK,"Oct. 10, 2012",Tankchair,,
85339140,deadAbandoned,RELAXATION EDIBLES,"Mar. 21, 2012","Riley, Joshua M.",,josh@supplyboys.com
85339155,REQUEST_FAILED,,,,,
85339214,REQUEST_FAILED,,,,,
85339253,REQUEST_FAILED,,,,,
85339332,deadAbandoned,BONA FIDE BEAUTY,"Jul. 30, 2012","Thomas, Sarai",,
85339304,REQUEST_FAILED,,,,,
85339319,REQUEST_FAILED,,,,,
85339334,REQUEST_FAILED,,,,,
85339425,deadAbandoned,None,"Oct. 09, 2012",CONCORD INTERNATIONAL TRADING P/L,,INFO@CONCORDHEALTH.COM.AU
85339432,deadAbandoned,None,"Oct. 09, 2012",CONCORD INTERNATIONAL TRADING P/L,,INFO@CONCORDHEALTH.COM.AU
85339386,REQUEST_FAILED,,,,,
85339457,deadAbandoned,DIRT DAWGS,"May 18, 2012","Quetico Holdings, Inc.",,
85339416,REQUEST_FAILED,,,,,
85339471,deadAbandoned,A CARE PLAN,"Mar. 22, 2012",Scarab Inc.,,
85339480,deadAbandoned,RYM,"Mar. 27, 2012",Shretah Rime,,rimeshretah@gmail.com
85339510,deadAbandoned,THE WE ARE ONE WORLD CHAIN,"Mar. 27, 2012",Shretah Rime,,rimeshretah@gmail.com
85339459,deadAbandoned,BABELVOX,"Oct. 17, 2012","Maxham, Kymberly",,
85339461,REQUEST_FAILED,,,,,
85339470,REQUEST_FAILED,,,,,
85339647,deadAbandoned,THE ENERGY HOUSE,"May 11, 2012",Energy House Denver Corporation,,
85339463,REQUEST_FAILED,,,,,
85339539,REQUEST_FAILED,,,,,
85339891,deadAbandoned,INPHORMATION,"Oct. 22, 2012","Hinds, Mark",,
85339813,deadAbandoned,FROZEN NATURE FRUIT BARS,"Oct. 22, 2012",JOSE CARLOS CURI MARINA,,masmarcas@masmarcas.com
85339724,REQUEST_FAILED,,,,,
85339780,REQUEST_FAILED,,,,,
85339895,REQUEST_FAILED,,,,,
85340020,deadAbandoned,K O K,"Jul. 23, 2012","Ford, Taboris",,
85339917,REQUEST_FAILED,,,,,
85340159,deadAbandoned,FITNESSSUPPLY.NET,"Mar. 24, 2012","Binford, Brett K",,binford.brett@gmail.com
85340031,REQUEST_FAILED,,,,,
85340054,REQUEST_FAILED,,,,,
85340224,deadAbandoned,COMMUTER DIRECT REAL ESTATE,"Oct. 08, 2012",Get Sales Going LLc,,
85340164,REQUEST_FAILED,,,,,
85340231,REQUEST_FAILED,,,,,
85340278,REQUEST_FAILED,,,,,
85340397,deadAbandoned,MOTIVHAITAN,"Nov. 06, 2012","Elizee, Bernard J",,
85340552,deadAbandoned,KR MUSICK,"Nov. 20, 2012",killarican musick inc,,malanoche12@yahoo.com
85340396,REQUEST_FAILED,,,,,
85340423,deadAbandoned,PRICEDROPPER,"Mar. 22, 2012",Digital MainStreet LLC,,admin@digitalmainstreet.com
85340585,deadAbandoned,'TIS BETTER TO HAVE LOVED AND WON,"Jul. 30, 2012","UHL, STEVE B",,STEVEUHL95@HOTMAIL.COM
85340528,REQUEST_FAILED,,,,,
85340549,REQUEST_FAILED,,,,,
85340598,deadAbandoned,REOIQ INC,"Mar. 17, 2012","REOIQ, Inc",,raquel.pasala@viewpointreo.com
85340590,deadAbandoned,SOCIAL CUSTOMER EXPERIENCE,"Oct. 18, 2012",newBrandAnalytics.Inc,,
85340574,deadAbandoned,TENDER LOVE,"Jul. 30, 2012",PARFUMS PARFAITS LLC,,M.ALASSAAD@YAHOO.COM
85340604,deadAbandoned,SWAMP TALK,"Oct. 02, 2012",Tertl Studos LLC,,
85340622,deadAbandoned,DANZW8VE FITNESS,"Aug. 20, 2012","Valde, Marty",,
85340595,deadAbandoned,CM&A,"Oct. 12, 2012","Institute of Mergers, Acquisitions and Alliances",,info@imaa-institute.org
85340617,deadAbandoned,TURNING POINT FINANCIAL PARTNERS,"Oct. 11, 2012","Day, Robbie",,
85340587,REQUEST_FAILED,,,,,
85340608,deadAbandoned,SOCIAL CUSTOMER SATISFACTION,"Oct. 12, 2012",NewBrandAnalytics,,
85340611,deadAbandoned,SOCIAL CREDIBILITY INDEX,"Oct. 15, 2012",NewBrandAnalytics,,
85340626,deadAbandoned,BODO,"Nov. 07, 2012","Binder, Jeffrey",,
85340636,deadAbandoned,WESTCOAST OPS,"Aug. 13, 2012","Carr, Jeramy",,
85340644,deadAbandoned,GOLDEN STATE BONE AND JOINT CLINIC,"Mar. 27, 2012","Enna, Matthew",,
85340652,REQUEST_FAILED,,,,,
85340841,REQUEST_FAILED,,,,,
85340909,deadAbandoned,HOMEBATE,"Jun. 05, 2012","Patrick Alexander, Inc.",,hale@reofca.com
85340865,REQUEST_FAILED,,,,,
85340950,REQUEST_FAILED,,,,,
85340977,REQUEST_FAILED,,,,,
85341028,deadAbandoned,THE STANFIELD GROUP,"Nov. 06, 2012","Stanfield, Cordis",,
85341060,deadAbandoned,TOTALLY BAMBOO BASICS SUSTAINABLE BY NATURE,"Mar. 23, 2012","Sullivan, Tom",,
85341027,deadAbandoned,ONO,"Nov. 08, 2012","Binder, Jeffrey",,
85341140,REQUEST_FAILED,,,,,
85341227,deadAbandoned,PACIFIC LIVING OUTDOOR LIVING PRODUCTS,"Oct. 17, 2012",Pacific Living Inc.,,rick@pacificlivinginc.com
85341237,deadAbandoned,METDAQ,"Mar. 15, 2012","METDAQ, LLC",,
85341222,REQUEST_FAILED,,,,,
85341224,REQUEST_FAILED,,,,,
85341256,REQUEST_FAILED,,,,,
85341349,deadAbandoned,MONAD,"Mar. 22, 2012",Monad Corporation,,jun@monad.co
85341295,REQUEST_FAILED,,,,,
85341323,REQUEST_FAILED,,,,,
85341369,REQUEST_FAILED,,,,,
85341640,deadAbandoned,BUILDING BACK AMERICA,"Jul. 30, 2012",Home Effeciency Association,,
85341631,REQUEST_FAILED,,,,,
85341677,deadAbandoned,IPRINCESS,"Jul. 23, 2012",Delany Kou,,jwong333@yahoo.com
85341738,deadAbandoned,PRICESELLER,"Oct. 24, 2012",PriceSeller Inc.,,
85341652,REQUEST_FAILED,,,,,
85341757,deadAbandoned,WB WAMPUMBAY,"Jun. 29, 2012","Nguyen, Darin",,
85341717,REQUEST_FAILED,,,,,
85341743,REQUEST_FAILED,,,,,
85341906,deadAbandoned,NEXTE JEWELRY,"Sep. 25, 2012",XERA JCO LLC,,sidzerah@yahoo.com
85341850,deadAbandoned,I.C.E. PACK,"Jul. 30, 2012","Risk Management Systems, Inc.",,Steve@Damage911.com
85341790,REQUEST_FAILED,,,,,
85341873,REQUEST_FAILED,,,,,
85341920,REQUEST_FAILED,,,,,
85342074,deadAbandoned,NETPSYCHDOCTOR,"Mar. 30, 2012","Zimmerman, Dona",,
85342096,deadAbandoned,YEP YEP YOUNG EMPOWERED PEOPLE,"Mar. 29, 2012","Palmer, Kimberly D",,kikid44@yahoo.com
85342011,REQUEST_FAILED,,,,,
85342048,REQUEST_FAILED,,,,,
85342140,deadAbandoned,YUMKITCHENS,"Jul. 30, 2012","Passas, Michael",,
85342094,REQUEST_FAILED,,,,,
85342289,REQUEST_FAILED,,,,,
85342438,deadAbandoned,FOAM+COAT,"Sep. 28, 2012","Sayago, Jorge E",,jorge_sayago1@hotmail.com
85342368,REQUEST_FAILED,,,,,
85342510,deadAbandoned,THE NEW GENERATION JAM,"Aug. 13, 2012",Positive Vibrations Foundation,,
85342467,REQUEST_FAILED,,,,,
85342502,REQUEST_FAILED,,,,,
85342548,REQUEST_FAILED,,,,,
85342581,REQUEST_FAILED,,,,,
85342664,deadAbandoned,GRUMPER,"Sep. 14, 2012","Yaari, Amir J",,amir.yaari@gmail.com
85342630,REQUEST_FAILED,,,,,
85342635,REQUEST_FAILED,,,,,
85342806,deadAbandoned,WARRIOR FITNESS 365,"Aug. 27, 2012","Edwards, Harry",,
85342834,deadAbandoned,VEGAS RX,"Mar. 25, 2012",Vegas RX LLC,,Tysnbeck@yahoo.com
85342800,deadAbandoned,MILLION DOLLAR TOMBOI,"Jul. 30, 2012","Barnes, Keitha",,
85342830,deadAbandoned,None,"Aug. 20, 2012","Piotte Enterprises, Inc.",,
85342835,deadAbandoned,DOGSCENT,"Mar. 30, 2012",Orange Shore Inc,,support@dogscent.com
85342875,REQUEST_FAILED,,,,,
85342991,deadAbandoned,TEAM CENA,"Oct. 18, 2012",Matt Cena,,emailpremiere@yahoo.com
85343066,deadAbandoned,SOUTHERN COUTURE,"Mar. 27, 2012","Tucker, Donna",,justbelievin@att.net
85343014,REQUEST_FAILED,,,,,
85343054,REQUEST_FAILED,,,,,
85343078,REQUEST_FAILED,,,,,
85343113,REQUEST_FAILED,,,,,
85343162,REQUEST_FAILED,,,,,
85343235,REQUEST_FAILED,,,,,
85343314,REQUEST_FAILED,,,,,
85343378,REQUEST_FAILED,,,,,
85343610,deadAbandoned,J'PENNELOPE,"Jul. 30, 2012","Penn, James",,eminor1228@gmail.com
85343517,REQUEST_FAILED,,,,,
85343555,REQUEST_FAILED,,,,,
85343623,REQUEST_FAILED,,,,,
85343658,REQUEST_FAILED,,,,,
85343672,REQUEST_FAILED,,,,,
85343721,deadAbandoned,HTC FRIENDZ,"May 14, 2012",HTC Corporation,,kathy.callahan@bracewell.com
85343746,deadAbandoned,HTC CUL8R,"May 14, 2012",HTC Corporation,,kathy.callahan@bracewell.com
85343727,deadAbandoned,HTC CHATTER,"May 14, 2012",HTC Corporation,,kathy.callahan@bracewell.com
85343733,deadAbandoned,HTC APPRISE,"Nov. 12, 2012",HTC Corporation,,kathy.callahan@bracewell.com
85343742,deadAbandoned,HTC REWARD,"May 14, 2012",HTC Corporation,,kathy.callahan@bracewell.com
85343716,REQUEST_FAILED,,,,,
85343798,deadAbandoned,H420APPAREL,"Dec. 17, 2012","Ickom, Dennis",,
85343824,deadAbandoned,LAP BOX,"Oct. 15, 2012","Bennett, John David",,johnbennett20@hotmail.com
85343738,REQUEST_FAILED,,,,,
85343748,deadAbandoned,HTC FRENZY,"May 14, 2012",HTC Corporation,,kathy.callahan@bracewell.com
85343825,deadAbandoned,CHICAGO STREET STYLE,"Mar. 30, 2012",Amy Creyer,,amy@chicagostreetstyle.com
85343841,deadAbandoned,None,"Apr. 04, 2012","Yoyi Interactive (Beijing) Advertising Co., Ltd.",,zhanghonglu@inipa.com
85343788,REQUEST_FAILED,,,,,
85343847,deadAbandoned,GENIALIS,"Oct. 01, 2012","Ingeniat, LLC",,ricardo.delagarza@ingeniat.com
85343855,deadAbandoned,WOBBLEPOWER,"Mar. 28, 2012",SCHNEIDER KLAUS THOMAS ERICH,,techweb@gmx.net
85343831,REQUEST_FAILED,,,,,
85343888,REQUEST_FAILED,,,,,
85343899,REQUEST_FAILED,,,,,
85343900,REQUEST_FAILED,,,,,
85343978,deadAbandoned,PRETTY GIRL HAIR CARE SOMMER OF CHICAGO,"Dec. 20, 2012","SOMMER, MS.",,info@prettygirlhaircare.com
85343980,deadAbandoned,JOEKAT,"Apr. 13, 2012","CHUN, KATIE Y",,kyk1226@yahoo.com
85344012,deadAbandoned,PANDA PICNIC,"Jul. 30, 2012","Fuzzycube Software, LLC",,support@fuzzycubesoftware.com
85343984,REQUEST_FAILED,,,,,
85343988,REQUEST_FAILED,,,,,
85344029,REQUEST_FAILED,,,,,
85344061,REQUEST_FAILED,,,,,
85344166,deadAbandoned,MY MAT MY YOGA,"Mar. 26, 2012",Woschnak Heidi,,karen@karenmcmahon.com
85344159,deadAbandoned,MONAD,"Jul. 23, 2012",Monad Corporation,,jun@monad.co
85344078,REQUEST_FAILED,,,,,
85344171,deadAbandoned,STEALTH GROW,"Oct. 17, 2012","Pytel, Don",,
85344169,deadAbandoned,AUTHENTIC DENIM,"Apr. 10, 2012",Rüdiger Franke,,franke@style-textil.de
85344170,deadAbandoned,AUTHENTIC USA DENIM,"Apr. 10, 2012",Rüdiger Franke,,franke@style-textil.de
85344100,REQUEST_FAILED,,,,,
85344131,REQUEST_FAILED,,,,,
85344381,REQUEST_FAILED,,,,,
85344412,REQUEST_FAILED,,,,,
85344664,deadAbandoned,REDVERA,"Jul. 30, 2012",Genex Labs Inc. NEVADA CORPORATION,,mengwang2004@yahoo.com
85344665,deadAbandoned,MR. AGENTE,"Nov. 27, 2012","Nuño Hernandez, Monica",,contacto@promarkmexico.com
85344505,REQUEST_FAILED,,,,,
85344599,REQUEST_FAILED,,,,,
85344611,REQUEST_FAILED,,,,,
85344730,deadAbandoned,CARDIOHT,"Jul. 30, 2012",Genex Labs Inc.,,mengwang2004@yahoo.com
85344879,deadAbandoned,SOCIAL DEALS,"Mar. 31, 2012",Shopaneer Inc.,,scott@shopaneer.com
85344727,REQUEST_FAILED,,,,,
85344973,deadAbandoned,RIVERINE,"Apr. 02, 2012",Kalgomex Venture Holdings Kalu Ugwuomo,,kalu@kalgomex.com
85344821,REQUEST_FAILED,,,,,
85344961,REQUEST_FAILED,,,,,
85344999,REQUEST_FAILED,,,,,
85345026,REQUEST_FAILED,,,,,
85345120,deadAbandoned,HOT FLUX,"Apr. 09, 2012","Lee, Pei-Min",,Christine.Du@corum.com.tw
85345088,REQUEST_FAILED,,,,,
85345110,REQUEST_FAILED,,,,,
85345125,REQUEST_FAILED,,,,,
85345184,deadAbandoned,1-888-JUNK-VAN,"Mar. 29, 2012",JUNK MANAGEMENT CORP,,JUNKMANAGEMENTCORP@GMAIL.COM
85345193,deadAbandoned,BAIXAR,"Nov. 13, 2012",Diretiva Internet Ltda,,wylyanl@hotmail.com
85345196,deadAbandoned,CIRCUS MAXIMOS,"Jul. 30, 2012","Al Kulaib, Mohalhel",,
85345198,deadAbandoned,None,"Jul. 30, 2012","Al Kulaib, Mohalhel",,
85345166,REQUEST_FAILED,,,,,
85345181,REQUEST_FAILED,,,,,
85345222,deadAbandoned,ASSETSBAY,"Jul. 06, 2012",AssetsBay Inc.,,info@assetsbay.net
85345232,deadAbandoned,INFINITY PRO,"Mar. 28, 2012",Mr Robert Lloyd Savage,,support@infinitypro.com
85345207,deadAbandoned,LA JEUNESSE,"Oct. 18, 2012",L.C. Mina Incorporated,,
85345237,deadAbandoned,MASUM,"Mar. 27, 2012","Pathan, Abdul Khaleque",,akpathan@keya-bd.com
85345219,deadAbandoned,GROW STEALTH,"Oct. 16, 2012","Pytel, Don",,
85345233,deadAbandoned,SUNERGY AMERICA,"Nov. 16, 2012","D'Uva, Nick",,
85345242,deadAbandoned,TRIANGLE DJ CONTRACTORS,"Oct. 30, 2012",TriangleDJContractors LLC,,
85345234,deadAbandoned,THE WALL,"Oct. 29, 2012",Stateless Media Pty Ltd,,guy@statelesssystems.com
85345224,REQUEST_FAILED,,,,,
85345467,deadAbandoned,KINTI,"Apr. 05, 2012",Sebastien Hue,,canovqp@gmail.com
85345489,deadAbandoned,CELLUPRO,"May 17, 2012",Woodbolt Distribution,,kgriste@woodbolt.com
85345452,REQUEST_FAILED,,,,,
85345479,REQUEST_FAILED,,,,,
85345543,deadAbandoned,T.T.TRUNKS PARIS,"Mar. 27, 2012","Finot, Damien",,damien.finot@wanadoo.fr
85345515,REQUEST_FAILED,,,,,
85345631,deadAbandoned,HACIENDA DE LOS GIL 1859,"Aug. 27, 2012",Tequilera Hacienda de los Gil,,
85345589,REQUEST_FAILED,,,,,
85345832,deadAbandoned,WHAT'S COOKING IN YOUR WORLD?,"Jul. 30, 2012","Commerford, Sarah",,sarah.commerford@verizon.net
85345712,REQUEST_FAILED,,,,,
85345842,REQUEST_FAILED,,,,,
85345997,REQUEST_FAILED,,,,,
85346131,deadAbandoned,BLACK DIRT BAKERY,"Sep. 03, 2012","Rogowski, Alyson",,
85346053,REQUEST_FAILED,,,,,
85346065,REQUEST_FAILED,,,,,
85346105,REQUEST_FAILED,,,,,
85346147,deadAbandoned,"BEYOND BUSINESS GROUP, ENTERTAINMENT","Mar. 28, 2012","Johnson, Randolph",,Randy20johnson@aol.com
85346329,deadAbandoned,THE GREEN APPLE HOTEL,"Nov. 05, 2012","TDBS Limited, LLC",,
85346330,deadAbandoned,GREEN LIGHTHOUSE,"Jul. 30, 2012","TDBS Limited, LLC",,
85346343,deadAbandoned,FACEBOX,"Jul. 30, 2012","TDBS Limited, LLC",,
85346335,deadAbandoned,CITY OF TROY,"Oct. 29, 2012","TDBS Limited, LLC",,
85346304,REQUEST_FAILED,,,,,
85346308,REQUEST_FAILED,,,,,
85346338,deadAbandoned,HELEN OF TROY,"Mar. 28, 2012","TDBS Limited, LLC",,
85346333,REQUEST_FAILED,,,,,
85346374,deadAbandoned,LIONHEART,"Mar. 16, 2012",Ainsworth Game Technology Limited,,Matthew.Loon@ainsworth.com.au
85346350,REQUEST_FAILED,,,,,
85346403,deadAbandoned,WEBHOSTING.INFO,"Mar. 27, 2012",Direct Information FZC,,mugdha.h@directi.com
85346402,deadAbandoned,OBOOK,"Apr. 03, 2012",OBOOK Inc.,,ckwang@obook.com
85346401,deadAbandoned,BIG ROCK,"Mar. 27, 2012",Direct Information FZC,,mugdha.h@directi.com
85346420,deadAbandoned,SPINCRETE,"Oct. 24, 2012",Spincrete LLC,,
85346407,deadAbandoned,CODECHEF BETA,"Mar. 27, 2012",Direct Information FZC,,mugdha.h@directi.com
85346423,deadAbandoned,BOOKT,"Jun. 13, 2012",Bookt LLC,,
85346377,REQUEST_FAILED,,,,,
85346434,deadAbandoned,KINETIC ENERGY VAULT,"Sep. 25, 2012",Track Systems LLC,,sskiff@wattfree.com
85346406,REQUEST_FAILED,,,,,
85346442,deadAbandoned,"MY TOWN, MY TEAM!","Sep. 03, 2012",Lehigh Valley Discounts N More,,amehta624@gmail.com
85346417,deadAbandoned,LOGICBOXES REGISTRY & REGISTRAR SOLUTIONS,"Mar. 28, 2012",Direct Information FZC,,mugdha.h@directi.com
85346530,deadAbandoned,WORK COLLABORATION COMPLEXITY SIMPLIFIED.,"Mar. 29, 2012",WORK COLLABORATION SYSTEM LLC,,info@workcollaboration.com
85346571,deadAbandoned,NOFEESALVAGE.COM,"Mar. 27, 2012","Kuvitella, Inc",,gino@nofeesalvage.com
85346555,REQUEST_FAILED,,,,,
85346551,REQUEST_FAILED,,,,,
85346603,REQUEST_FAILED,,,,,
85346621,REQUEST_FAILED,,,,,
85346618,REQUEST_FAILED,,,,,
85346675,REQUEST_FAILED,,,,,
85346707,REQUEST_FAILED,,,,,
85346920,deadAbandoned,AIR-AGFOODS,"Apr. 03, 2012","Gittings, Richard",,greenlight2@att.net
85346903,REQUEST_FAILED,,,,,
85346928,REQUEST_FAILED,,,,,
85346967,deadAbandoned,DIAMA-CLEAN,"Mar. 28, 2012",Superabrasive Inc.,,monika@superabrasive.us
85346973,REQUEST_FAILED,,,,,
85347191,deadAbandoned,ARIZONA TERRITORY BREWING COMPANY,"Aug. 20, 2012","Bischoff, Eric",,
85347294,deadAbandoned,NITE KITE,"Dec. 14, 2012","Saffern, Richard",,rsaffern@msn.com
85347246,deadAbandoned,MONTANA TERRITORY BREWING COMPANY,"Aug. 20, 2012","Bischoff, Eric",,
85347188,REQUEST_FAILED,,,,,
85347240,REQUEST_FAILED,,,,,
85347423,deadAbandoned,THE MOST AMERICAN MAN IN THE WORLD,"Jul. 30, 2012","Naldoza, Aaron",,
85347390,deadAbandoned,MOBILE CONTENT MANAGEMENT,"Nov. 20, 2012",Evolution Busines Group Inc.,,
85347300,REQUEST_FAILED,,,,,
85347471,deadAbandoned,ON.AIR,"Jan. 29, 2012",Future Master International Limited,,yli@katamobile.com
85347412,REQUEST_FAILED,,,,,
85347469,REQUEST_FAILED,,,,,
85347470,REQUEST_FAILED,,,,,
85347530,deadAbandoned,POLO GIRLS SOCIETY P G,"Jun. 20, 2012","Scripps, Elizabeth",,
85347534,deadAbandoned,CARD STORIES,"Oct. 15, 2012",DX Games,,d.blanchard21@gmail.com
85347523,deadAbandoned,"HEAVENLY BODIES, STAR SIGN SUPERSTARS AND ZONE OF THE ZODIAC: CAPRICO THE GOAT, AQUARIO THE WATER-BEARER, PISCO THE FISH, ARO THE RAM, TAURO THE BULL, GEMINO TWINS, CANCO THE CRAB, LEV AND LEO THE LION, V-GIRL AND VIRGO THE VIRGIN, LIBRO THE BALANCER, STINGO AND SCORPIO THE SCORPION, SAGITTARIO THE ARCHER. WHAT'S YOUR STAR SIGN?","Nov. 19, 2012","Beling, Joel L",,joelbeling@hotmail.com
85347539,deadAbandoned,FIRST REPUBLIC REAL ESTATE,"Dec. 27, 2012",First Republic Real Estate,,
85347529,deadAbandoned,IT'S THE AMERICAN WAY. IT'S IN OUR DNA!,"Jul. 30, 2012","Renoult, Brad",,
85347501,REQUEST_FAILED,,,,,
85347517,REQUEST_FAILED,,,,,
85347543,deadAbandoned,BE SAFE WITH NO PASSWORDS,"Jul. 30, 2012",Truesigna Systems Inc.,,Girish.Chiruvolu@Truesigna.com
85347669,REQUEST_FAILED,,,,,
85347798,deadAbandoned,SPK695,"Jul. 30, 2012",International Veterinary Supplies Holdings (Pte) Ltd,,karthik.raghavan@gmail.com
85347785,REQUEST_FAILED,,,,,
85347864,REQUEST_FAILED,,,,,
85347883,REQUEST_FAILED,,,,,
85347897,REQUEST_FAILED,,,,,
85347949,deadAbandoned,TOASTY TATAS,"Aug. 15, 2012","Holliday, Tiffany",,
85347920,REQUEST_FAILED,,,,,
85347924,REQUEST_FAILED,,,,,
85348075,deadAbandoned,I HUNG OUT WITH THE WRONG CROWD,"Jul. 30, 2012","Benvenisti, Tomer",,
85348068,deadAbandoned,MISS ADDIE'S,"Oct. 22, 2012","Miss Addie's, Inc.",,
85348183,deadAbandoned,AFRICAPITALISM,"Jul. 30, 2012",Heirs Holdings Limited,,
85348148,REQUEST_FAILED,,,,,
85348169,REQUEST_FAILED,,,,,
85348288,deadAbandoned,MAGS UP,"Jul. 30, 2012","Magnelli, Anthony",,
85348248,REQUEST_FAILED,,,,,
85348274,deadAbandoned,HARD KNOCK BILLIARDS,"Sep. 03, 2012","Torres, Nancy",,
85348398,deadAbandoned,TAP GIRL,"Aug. 06, 2012",Funzio Inc.,,
85348343,REQUEST_FAILED,,,,,
85348384,REQUEST_FAILED,,,,,
85348442,REQUEST_FAILED,,,,,
85348515,deadAbandoned,MYBROKERTOOLBOX.COM,"Feb. 17, 2012","National Benefit Builders, Inc.",,mattardo@nbbicard.com
85348512,deadAbandoned,TEACHER POOL,"Mar. 30, 2012","Teacher Pool, Inc.",,c@cmcausland.com
85348474,REQUEST_FAILED,,,,,
85348598,deadAbandoned,SVCP STRUCTURED VENTURE CAPITAL PROGRAM,"Mar. 30, 2012","Stanchion Assurance Corporation, Inc.",,ross@crlstanchion.com
85348483,REQUEST_FAILED,,,,,
85348627,deadAbandoned,FEULUX,"Oct. 08, 2012","Asia Vital Components Co., Ltd.",,wu@toapatent.com
85348635,deadAbandoned,GENERALLIGHTING,"Sep. 11, 2012","Asia Vital Components Co., Ltd.",,wu@toapatent.com
85348663,deadAbandoned,GC GRAND CRU VODKA,"Apr. 10, 2012",Jean Marc Daucourt,,jmd@daucourt.com
85348665,deadAbandoned,BEST LIL PORKHOUSE,"Apr. 03, 2012","Flach, Ken",,
85348611,REQUEST_FAILED,,,,,
85348679,deadAbandoned,PHYSICA TECHNOLOGIES,"Oct. 19, 2012","Leonesio, Michael",,
85348637,REQUEST_FAILED,,,,,
85348672,deadAbandoned,S SHWINKERS,"Aug. 06, 2012","Clifton, Patrick",,
85348666,deadAbandoned,FASHION IN A SNAP,"Sep. 03, 2012","KNODEL, TIM",,
85348682,deadAbandoned,HOWIE'S SKINNY SEÑORITA,"Dec. 06, 2012","Howie's HOT SHOT Beverage, LLC",,
85348680,REQUEST_FAILED,,,,,
85348699,REQUEST_FAILED,,,,,
85348795,deadAbandoned,WORX BOTTOM LINE IT WORX,"Dec. 06, 2012",Heico Distribution Group LLC,,jgallivan@heicodg.com
85348732,REQUEST_FAILED,,,,,
85348751,REQUEST_FAILED,,,,,
85349110,deadAbandoned,LOW COUNTRY BOIL IN A BUCKET,"Oct. 03, 2012","Henry, Brian",,
85348989,REQUEST_FAILED,,,,,
85348915,REQUEST_FAILED,,,,,
85349237,deadAbandoned,CHILDRENS MULTI-V FACTOR,"Apr. 06, 2012",Armando Villanueva,,mybalancefactor@mailovo.com
85349264,deadAbandoned,WOMANS MULTI-V FACTOR,"Apr. 06, 2012",Armando Villanueva,,mybalancefactor@mailovo.com
85349257,REQUEST_FAILED,,,,,
85349286,REQUEST_FAILED,,,,,
85349281,REQUEST_FAILED,,,,,
85349388,deadAbandoned,SU CASA FOODS,"Oct. 31, 2012","Lara, Elizabeth",,
85349327,REQUEST_FAILED,,,,,
85349457,deadAbandoned,RY0 SMOKE SAVE,"Sep. 10, 2012",RYO SMOKE SAVE LLC,,
85349356,REQUEST_FAILED,,,,,
85349458,deadAbandoned,SOUNDBITES PRO,"Aug. 06, 2012","Hearing Health Science, Inc.",,
85349427,REQUEST_FAILED,,,,,
85349677,REQUEST_FAILED,,,,,
85349708,REQUEST_FAILED,,,,,
85349753,REQUEST_FAILED,,,,,
85349762,deadAbandoned,'PONG BALLZ,"Mar. 20, 2012",EVRIHOLDER PRODUCTS LLC,,garysevri@gmail.com
85349805,deadAbandoned,T.R.A.S.K.,"Nov. 12, 2012","Trask River Group,LLC",,charley@nehalemtel.net
85349826,deadAbandoned,BETCHA!,"Mar. 30, 2012","J B Consulting, Inc.",,baypac@pacbell.net
85349809,deadAbandoned,LIVING ON THE EDGE,"Apr. 04, 2012","Living on the Edge with Chip Ingram, Inc.",,andrew@lote.org
85349801,REQUEST_FAILED,,,,,
85349912,deadAbandoned,GINGER + LIZ COLOUR COLLECTION,"Mar. 29, 2012",GINGER + LIZ COLOUR COLLECTION,,GINGER@GINGERANDLIZ.COM
85349828,REQUEST_FAILED,,,,,
85349865,REQUEST_FAILED,,,,,
85349886,REQUEST_FAILED,,,,,
85349874,REQUEST_FAILED,,,,,
85349959,REQUEST_FAILED,,,,,
85349975,REQUEST_FAILED,,,,,
85350065,deadAbandoned,REMPOD,"Mar. 30, 2012",SENSARIS,,michael.setton@sensaris.com
85350058,deadAbandoned,H3LT,"Oct. 15, 2012","Hair, Beatrice",,
85350037,REQUEST_FAILED,,,,,
85350077,deadAbandoned,GUITAR INFLUENCE,"Aug. 06, 2012","Aknine, Michael",,guitareinfluence@gmail.com
85350161,REQUEST_FAILED,,,,,
85350256,REQUEST_FAILED,,,,,
85350308,REQUEST_FAILED,,,,,
85350372,deadAbandoned,B.O. STINKS,"Jan. 12, 2012",The BO Revocable Trust,,stopbo2012@gmail.com
85350335,REQUEST_FAILED,,,,,
85350432,deadAbandoned,B.O. STINKS,"Jan. 12, 2012",The BO Revocable Trust,,stopbo2012@gmail.com
85350391,deadAbandoned,B.O. STINKS,"Jan. 12, 2012",The BO Revocable Trust,,stopbo2012@gmail.com
85350482,deadAbandoned,MR RETRIEVER,"Apr. 12, 2012","Sightsource, LLC",,info@sightsource.net
85350488,deadAbandoned,JERK TRUCK,"Oct. 22, 2012","Jones, Adrian",,
85350386,REQUEST_FAILED,,,,,
85350511,deadAbandoned,GOING FOR LOCAL,"Mar. 30, 2012","Wathen, Bradley Martin",,bradwathen@yahoo.com
85350461,REQUEST_FAILED,,,,,
85350571,deadAbandoned,MAGNES,"Mar. 30, 2012","Reserva de Los Reyes, S. de R. L. de C. V.",,obejar@hotmail.com
85350592,deadAbandoned,MEXICO JEWELRY CODE,"Sep. 03, 2012",Harlequin Publishing Corporation,,l.martin.123@hotmail.com
85350485,REQUEST_FAILED,,,,,
85350540,REQUEST_FAILED,,,,,
85350544,REQUEST_FAILED,,,,,
85350582,REQUEST_FAILED,,,,,
85350657,REQUEST_FAILED,,,,,
85350779,deadAbandoned,NO FEE SALVAGE,"Mar. 27, 2012","Kuvitella, Inc",,gino@nofeesalvage.com
85350674,REQUEST_FAILED,,,,,
85350789,REQUEST_FAILED,,,,,
85350820,REQUEST_FAILED,,,,,
85350919,REQUEST_FAILED,,,,,
85350935,REQUEST_FAILED,,,,,
85351052,deadAbandoned,ADAPTIVE STRATEGIES,"Mar. 15, 2012",William T. Hepburn,,Will@HepburnCapital.com
85350989,REQUEST_FAILED,,,,,
85351037,deadAbandoned,BLUEWATER GRILL,"Mar. 29, 2012","Blue Water Newport Beach, Inc.",,info@bluewatergrill.com
85351088,deadAbandoned,CALIFORNIA PACE,"Apr. 02, 2012","Chapin, Michael A",,cchapin@pfs-engineering.com
85351141,deadAbandoned,KANSAS CITY HOME DESIGN & REMODELING EXPO,"Apr. 06, 2012",Sand Dollar Events LLC,,audra@sanddollarevents.com
85351200,deadAbandoned,LOLLIPOPKIDZ STUDIOS,"Sep. 03, 2012","Guilliod, Arlette",,
85351201,deadAbandoned,YOGURT BUILDERS,"Sep. 10, 2012","Petruzzi, Brian",,
85351164,REQUEST_FAILED,,,,,
85351214,deadAbandoned,OCALONE,"Apr. 12, 2012","ZHENGZHOU OCALONE FURNITURE SQUARE CO., LTD.",,info.info168@gmail.com
85351205,deadAbandoned,POPTAIL,"Nov. 09, 2012","Vahid, Kamran Abbas",,
85351219,deadAbandoned,OCALONE,"Apr. 12, 2012","ZHENGZHOU OCALONE FURNITURE SQUARE CO., LTD.",,info.info168@gmail.com
85351203,REQUEST_FAILED,,,,,
85351236,deadAbandoned,DIRTY LICKINZ FIGHT GEAR,"Sep. 10, 2012","Braun, Michael",,
85351228,deadAbandoned,HOTEL MANAGEMENT SOLUTIONS,"Nov. 09, 2012","Giattino, John",,
85351211,REQUEST_FAILED,,,,,
85351212,REQUEST_FAILED,,,,,
85351268,deadAbandoned,BARIN VODKA RUSSIAN VODKA SINCE 1997 WITH NATURAL INGREDIENTS,"Nov. 06, 2012","Topal, Igor",,a.chaban@vepol.ua
85351259,deadAbandoned,MIA MURANO ITALIAN ART,"Apr. 04, 2012",Yellow Italia - AJ Group srl,,david@yellow-srl.com
85351229,REQUEST_FAILED,,,,,
85351240,REQUEST_FAILED,,,,,
85351443,deadAbandoned,NEUROSTRENGTH,"Aug. 06, 2012",Neurotopia,,bhixson@neurotopia.com
85351351,REQUEST_FAILED,,,,,
85351448,REQUEST_FAILED,,,,,
85351473,REQUEST_FAILED,,,,,
85351501,REQUEST_FAILED,,,,,
85351630,REQUEST_FAILED,,,,,
85351698,deadAbandoned,CONSUMER RELEVANCY,"Apr. 09, 2012",CENTRAL PLANNING ORGANIZATION LLC,,robv@consumerrelevancy.com
85351701,REQUEST_FAILED,,,,,
85351708,REQUEST_FAILED,,,,,
85351750,REQUEST_FAILED,,,,,
85351754,REQUEST_FAILED,,,,,
85352004,deadAbandoned,BKSG BACKSTAGE,"Apr. 04, 2012",FABIANDY COUTURE DENIM S.A.C.,,hernan.castro@intpatents.cl
85351826,REQUEST_FAILED,,,,,
85352152,deadAbandoned,BODY BREW BEAUTIFULLY PERKY SKIN,"May 29, 2012","Syed, Yasmine",,syed.yasmine@gmail.com
85352102,REQUEST_FAILED,,,,,
85352150,REQUEST_FAILED,,,,,
85352226,deadAbandoned,YOBI,"Aug. 13, 2012","KALAORA, JOSEF",,
85352202,REQUEST_FAILED,,,,,
85352248,deadAbandoned,SENIOR MOVE MANAGER,"Apr. 11, 2012",National Association of Senior Move Managers,,marykay@nasmm.org
85352259,REQUEST_FAILED,,,,,
85352263,REQUEST_FAILED,,,,,
85352406,deadAbandoned,ASSOCIATE BLOGGER,"Apr. 10, 2012","Associate Bloggers, LLC",,accounts@associatebloggers.com
85352413,deadAbandoned,EASICOST,"Aug. 13, 2012","GUANGDONG YATU CHEMICAL CO., LTD",,info.info168@gmail.com
85352358,REQUEST_FAILED,,,,,
85352430,deadAbandoned,GOLDWAY,"Apr. 05, 2012","SHANDONG YONGTAI CHEMICAL GROUP CO., LTD.",,info.info168@gmail.com
85352460,deadAbandoned,MANE FOR A YEAR - MFAY,"Nov. 08, 2012",CyberMane,,
85352459,deadAbandoned,X-PAND ME - THE KAABERBOL STRETCHING SYSTEM,"Apr. 11, 2012","Kristensen, Peter Kaaberbol",,peter@x-pandme.com
85352481,REQUEST_FAILED,,,,,
85352656,REQUEST_FAILED,,,,,
85352674,REQUEST_FAILED,,,,,
85352766,deadAbandoned,TROJAN HORSE ENTERTAINMENT,"Nov. 05, 2012","TDBS Limited, LLC",,
85352742,REQUEST_FAILED,,,,,
85352944,REQUEST_FAILED,,,,,
85352986,deadAbandoned,I LUV MY BABY,"Apr. 06, 2012",Pace International Marketing Inc.,,customerservice@iluvmybaby.com
85352950,REQUEST_FAILED,,,,,
85353051,deadAbandoned,SWAMI MOMMY,"Oct. 08, 2012","Haynes, Katherine W.",,wpthrow@gmail.com
85353077,deadAbandoned,MUSICSHOWDOWN,"Aug. 06, 2012",Nettye Stamper,,bonomarilena@gmail.com
85353260,deadAbandoned,WIN LOSE,"Aug. 06, 2012","Thompson, Donald",,
85353101,REQUEST_FAILED,,,,,
85353288,deadAbandoned,KEY2KHOLORZ,"Aug. 06, 2012","Guy, Ovanus",,
85353325,deadAbandoned,ELEMINO,"Oct. 15, 2012","Sun, Lei",,
85353291,REQUEST_FAILED,,,,,
85353347,REQUEST_FAILED,,,,,
85353415,REQUEST_FAILED,,,,,
85353488,deadAbandoned,DEALFORCE,"Apr. 06, 2012","Nextag, Inc.",,
85353452,REQUEST_FAILED,,,,,
85353496,REQUEST_FAILED,,,,,
85353587,REQUEST_FAILED,,,,,
85353632,deadAbandoned,ATONCE GET STUFF DONE,"Apr. 12, 2012",atOnce Limited,,darren@atonce.com
85353609,REQUEST_FAILED,,,,,
85353680,deadAbandoned,GREENHOME,"Oct. 23, 2012",GreenHome Technologies LLC,,
85353681,deadAbandoned,VISION BOARD,"Oct. 23, 2012","Ashlaya, Hed Sharon",,
85353701,deadAbandoned,RED SAPPHIRE CONSULTING,"Apr. 09, 2012","Andrew, Lisa",,
85353633,REQUEST_FAILED,,,,,
85353658,REQUEST_FAILED,,,,,
85353864,deadAbandoned,VEGAN WITH JOY,"Apr. 09, 2012","B'resheet Ascension, LLC",,jdj77@earthlink.net
85353787,REQUEST_FAILED,,,,,
85354011,deadAbandoned,MR. KNOW IT ALL,"Apr. 16, 2012",Dave Chappell,,
85354026,deadAbandoned,YOUCHAT MEDIA,"Apr. 13, 2012","Monaco, Michael A",,youchatmedia@gmail.com
85354051,deadAbandoned,INFINISERV,"Aug. 06, 2012",Connexions4London Ltd,,matt.watts@c4l.co.uk
85353784,REQUEST_FAILED,,,,,
85353970,REQUEST_FAILED,,,,,
85354153,deadAbandoned,VIEWMAX,"Dec. 03, 2012","Zhou, Cheng",,zhoucheng2008@gmail.com
85354147,REQUEST_FAILED,,,,,
85354316,deadAbandoned,HOUSE OF CAVIAR AND FINE FOODS,"Apr. 16, 2012",Bemka,,sales@BEMKA.COM
85354221,REQUEST_FAILED,,,,,
85354232,REQUEST_FAILED,,,,,
85354347,REQUEST_FAILED,,,,,
85354527,deadAbandoned,AVID FOR PROS AND FINAL CUT FOR JOES,"Aug. 06, 2012","Main, Ryan",,
85354455,REQUEST_FAILED,,,,,
85354539,REQUEST_FAILED,,,,,
85354546,deadAbandoned,"""WE WORK FOR YOU!""","Apr. 10, 2012",Benchmark Federal Credit Union,,mcphillipsr@benchmarkfcu.net
85354656,REQUEST_FAILED,,,,,
85354687,REQUEST_FAILED,,,,,
85354836,deadAbandoned,SKATING IS FREEDOM,"Aug. 06, 2012","Carroll, Diana L.",,carrollcre8@gmail.com
85354778,REQUEST_FAILED,,,,,
85354914,REQUEST_FAILED,,,,,
85354960,deadAbandoned,BABYBUNTING,"Apr. 12, 2012",What Are You Doing LLC,,curtandtonia@hotmail.com
85354966,deadAbandoned,CALCAPPS,"Apr. 12, 2012",CalcApps Limited,,tgiles@calcapps.com
85354972,deadAbandoned,GREENHOME TECHNOLOGIES,"Oct. 23, 2012",GreenHome Technologies LLC,,
85354934,REQUEST_FAILED,,,,,
85354983,deadAbandoned,JETWASH,"Oct. 29, 2012",Wingman Products Limited,,neil.muttock@kingofshaves.com
85354941,REQUEST_FAILED,,,,,
85354948,REQUEST_FAILED,,,,,
85354979,deadAbandoned,JETWIPE,"Oct. 29, 2012",Wingman Products Limited,,neil.muttock@kingofshaves.com
85354984,deadAbandoned,YOUNITE,"Aug. 13, 2012","Mills, James",,
85354985,deadAbandoned,HIM BIG,"Aug. 13, 2012","PETERSON, TIMOTHY",,
85354965,REQUEST_FAILED,,,,,
85355081,deadAbandoned,GEL LUXURY,"Sep. 10, 2012",Poly-Gel LLC,,
85354980,REQUEST_FAILED,,,,,
85355025,REQUEST_FAILED,,,,,
85355074,REQUEST_FAILED,,,,,
85355132,REQUEST_FAILED,,,,,
85355192,deadAbandoned,WIKICALCS,"Apr. 12, 2012",CalcApps Limited,,tgiles@calcapps.com
85355174,REQUEST_FAILED,,,,,
85355236,REQUEST_FAILED,,,,,
85355403,deadAbandoned,VILLABIKINI BOOTCAMP,"Aug. 13, 2012","PaySureCo FL, LLC",,
85355366,REQUEST_FAILED,,,,,
85355596,deadAbandoned,UPPER HAND,"Aug. 06, 2012","Flannery, Nick",,
85355418,REQUEST_FAILED,,,,,
85355627,deadAbandoned,PLATINUM DAD,"Aug. 13, 2012",Platinum Dad Inc.,,
85355619,REQUEST_FAILED,,,,,
85355698,deadAbandoned,EZWAY MOVING,"Apr. 10, 2012","EZway Moving, LLC",,mauro@datasysus.com
85355684,REQUEST_FAILED,,,,,
85355708,REQUEST_FAILED,,,,,
85355715,REQUEST_FAILED,,,,,
85355767,deadAbandoned,VERTEX,"Oct. 25, 2012","Whelen Engineering Company, Inc.",,
85355751,REQUEST_FAILED,,,,,
85355762,REQUEST_FAILED,,,,,
85355925,deadAbandoned,TROUBLE BOIZ,"Sep. 25, 2012",Kendrick Demond Foster,,troubleboiz@gmail.com
85355818,REQUEST_FAILED,,,,,
85355905,deadAbandoned,SOMEONE.,"Aug. 27, 2012","Druszkowski, Jeffrey, Garrett",,jeffdruszkowski@gmail.com
85355990,REQUEST_FAILED,,,,,
85355991,REQUEST_FAILED,,,,,
85356029,deadAbandoned,OLYMPUS CAFFÈ,"Apr. 10, 2012",JORGE DANIEL GOCOBACHI PIRI,,etorresmt@gmail.com
85356032,deadAbandoned,HOOP FIT USA WHERE FITNESS AND FUN COME FULL CIRCLE,"Apr. 12, 2012","Urias, Jodie",,jodie@hoopfitusa.com
85356058,REQUEST_FAILED,,,,,
85356068,REQUEST_FAILED,,,,,
85356116,REQUEST_FAILED,,,,,
85356159,deadAbandoned,"SKY GODS AND SKY GODDESSES, WEATHER GODS AND WEATHER GODDESSES, AND WEATHER WIZARDS","Aug. 27, 2012","Beling, Joel L",,joelbeling@hotmail.com
85356154,REQUEST_FAILED,,,,,
85356191,deadAbandoned,SWAPY,"Apr. 11, 2012","Solomon, Shay",,swapynetwork@gmail.com
85356164,deadAbandoned,"SKY GODS AND SKY GODDESSES, WEATHER GODS AND WEATHER GODDESSES, AND WEATHER WIZARDS","Jul. 16, 2012","Beling, Joel L",,joelbeling@hotmail.com
85356144,REQUEST_FAILED,,,,,
85356196,deadAbandoned,CALL MD PLUS,"Oct. 12, 2012","Call MD Plus, Inc",,
85356184,REQUEST_FAILED,,,,,
85356213,deadAbandoned,SIMPLE QUOTE,"Apr. 20, 2012","Designs In Life Insurance Marketing, LLC",,
85356206,deadAbandoned,SOOTHING SUDS BK,"Jan. 30, 2012","Klein, Bethany",,bklein07@knights.ucf.edu
85356220,deadAbandoned,PITBULL,"Apr. 16, 2012","Ross, Calvin",,ishmail229@aol.com
85356234,deadAbandoned,ELEMEO,"Oct. 15, 2012","Sun, Lei",,
85356201,REQUEST_FAILED,,,,,
85356229,deadAbandoned,DIELLE PRODUCTIONS,"Nov. 06, 2012","Shoals, Angela",,
85356230,deadAbandoned,S75,"Sep. 10, 2012","Brujerdi, Tabassom",,
85356288,deadAbandoned,MY NY CITY WALL,"Sep. 10, 2012",SAYAG ALBAN,,alban.sayag@gmail.com
85356282,REQUEST_FAILED,,,,,
85356285,REQUEST_FAILED,,,,,
85356302,REQUEST_FAILED,,,,,
85356338,REQUEST_FAILED,,,,,
85356424,deadAbandoned,WORLD VETS INTERNATIONAL AID FOR ANIMALS,"Apr. 19, 2012",World Vets,,drcathy@worldvets.org
85356405,REQUEST_FAILED,,,,,
85356440,REQUEST_FAILED,,,,,
85356483,deadAbandoned,FARMHANDS,"Apr. 15, 2012",Red Steer Glove Company,,martha.ling@gowatershed.com
85356456,REQUEST_FAILED,,,,,
85356517,deadAbandoned,CHARTLAND,"Apr. 13, 2012",MikeMaloney.com LLC,,sgaston@goldsilver.com
85356495,REQUEST_FAILED,,,,,
85356560,deadAbandoned,.TOM,"Nov. 06, 2012",USM CHINA/HONG KONG LTD.,,usmchk@gmail.com
85356574,deadAbandoned,.HUB,"Nov. 06, 2012",USM CHINA/HONG KONG LTD.,,usmchk@gmail.com
85356568,deadAbandoned,KOM,"Nov. 16, 2012",USM CHINA/HONG KONG LTD.,,usmchk@gmail.com
85356505,REQUEST_FAILED,,,,,
85356509,REQUEST_FAILED,,,,,
85356628,deadAbandoned,.KOM,"Nov. 06, 2012",USM CHINA/HONG KONG LTD.,,usmchk@gmail.com
85356590,REQUEST_FAILED,,,,,
85356598,REQUEST_FAILED,,,,,
85356617,REQUEST_FAILED,,,,,
85356732,REQUEST_FAILED,,,,,
85356740,REQUEST_FAILED,,,,,
85356777,REQUEST_FAILED,,,,,
85356803,REQUEST_FAILED,,,,,
85356842,REQUEST_FAILED,,,,,
85356924,REQUEST_FAILED,,,,,
85356996,deadAbandoned,WEIGHT LOSS GUMMIES,"Apr. 16, 2012","SIX DIMENSIONS, INC.",,vicki@triana-institute.com
85356950,REQUEST_FAILED,,,,,
85357069,REQUEST_FAILED,,,,,
85357257,deadAbandoned,ASPIRE MEDICAL MANAGEMENT,"Nov. 12, 2012","Bailey, Angela",,
85357178,REQUEST_FAILED,,,,,
85357305,deadAbandoned,2K DIFFUSER BEADS WITH KASHING KAP,"Jun. 26, 2012","Perfect Life, LLC",,laura@aperfectpeace.com
85357336,deadAbandoned,KASHING KAP,"Oct. 15, 2012","Perfect Life, LLC",,laura@aperfectpeace.com
85357274,REQUEST_FAILED,,,,,
85357362,REQUEST_FAILED,,,,,
85357436,REQUEST_FAILED,,,,,
85357512,deadAbandoned,ENERGY HELP,"Mar. 30, 2012","Chapin, Michael A",,cchapin@pfs-engineering.com
85357463,REQUEST_FAILED,,,,,
85357527,deadAbandoned,HOME EFFICIENCY LOAN PROGRAM,"Apr. 02, 2012","Chapin, Michael A",,cchapin@pfs-engineering.com
85357531,deadAbandoned,9021GO,"Apr. 24, 2012","FilmOn.com, Inc.",,alex@filmon.com
85357528,deadAbandoned,MY COMBAT CHANNEL,"Apr. 19, 2012","FilmOn.com, Inc.",,alex@filmon.com
85357521,REQUEST_FAILED,,,,,
85357553,deadAbandoned,RAZR,"Apr. 18, 2012",Red Steer Glove Company,,martha.ling@gowatershed.com
85357640,deadAbandoned,C9 NO.,"Apr. 20, 2012",Condit Michael,,mcondit1@gmail.com
85357650,deadAbandoned,KNOCK EM NAKED TV,"Aug. 27, 2012","Morehead, Ginger",,
85357653,deadAbandoned,SMARTSOLE,"Nov. 15, 2012","Schieffelin, David",,
85357611,REQUEST_FAILED,,,,,
85357669,deadAbandoned,JOSOVE,"Jul. 05, 2012","Guangzhou JiuYuan Trading Co., Ltd.",,zhanghonglu@inipa.com
85357622,REQUEST_FAILED,,,,,
85357670,deadAbandoned,UNI-VERSE FAN CONTROLS,"Apr. 24, 2012",UNI-VERSE FAN CONTROLS,,byrne459@gmail.com
85357689,deadAbandoned,GAMESMADEME,"Sep. 17, 2012",GamesMadeMe Ltd.,,
85357657,deadAbandoned,SMARTSTRIDE,"Sep. 10, 2012","Schieffelin, David",,
85357647,REQUEST_FAILED,,,,,
85357696,deadAbandoned,MONEYPOLIS,"Sep. 17, 2012",GamesMadeMe Ltd.,,
85357757,deadAbandoned,BANKREC,"Apr. 20, 2012",Treasury Software Corp.,,gfromer@treasurysoftware.com
85357730,REQUEST_FAILED,,,,,
85357876,deadAbandoned,TRI-DEP-TRIX,"Nov. 05, 2012","Perfect World Marketing, Inc",,lisa@thepwm.com
85357846,REQUEST_FAILED,,,,,
85357895,REQUEST_FAILED,,,,,
85357899,REQUEST_FAILED,,,,,
85357915,REQUEST_FAILED,,,,,
85358017,deadAbandoned,CAR CARE GURU,"Apr. 27, 2012","TradeMotion Collision, LLC",,support@carcareguru.com
85357954,deadAbandoned,PHYTO MODULATORS,"Dec. 31, 2012","Metagenics, Inc.",,jenniferpence@metagenics.com
85358022,deadAbandoned,X-TREME POWER CHAINSAW CARVING ART COMPETITION,"May 08, 2012",JENNIFER LYNN WATSON,,jen@chainsaw.net
85358066,deadAbandoned,CAN DO NOW,"Apr. 23, 2012","Kim, Dr Tae Yun",,
85358116,deadAbandoned,GREEN STREAK,"Nov. 13, 2012",GreenWorth Group,,
85358085,REQUEST_FAILED,,,,,
85358127,REQUEST_FAILED,,,,,
85358281,deadAbandoned,CARA MIA,"Apr. 18, 2012",Argento SC by Sicura Inc,,steven@argentosc.com
85358252,deadAbandoned,CARA MIA,"Apr. 18, 2012",Argento SC by Sicura Inc,,steven@argentosc.com
85358237,REQUEST_FAILED,,,,,
85358321,REQUEST_FAILED,,,,,
85358454,deadAbandoned,M 1,"Nov. 20, 2012","Phillips, Bryce",,bryceaphillips@gmail.com
85358447,REQUEST_FAILED,,,,,
85358481,REQUEST_FAILED,,,,,
85358676,deadAbandoned,LIFE CALL,"Sep. 11, 2012","Baker, Patrick",,drpatrickbaker@gmail.com
85358606,deadAbandoned,BOOMER HUMOR,"Oct. 01, 2012","Collins, Anna",,
85358649,REQUEST_FAILED,,,,,
85358735,deadAbandoned,STREET COMICS,"Apr. 16, 2012","Serrano, Alberto",,
85358723,REQUEST_FAILED,,,,,
85358883,deadAbandoned,ROADSCRIBE,"Aug. 20, 2012","Zhou, Desmond Yi",,contact@desmondzhou.com
85358773,REQUEST_FAILED,,,,,
85358894,deadAbandoned,BARTHREADZ,"Aug. 20, 2012",BARTHREADZ LLC,,bmaciver5000@yahoo.com
85358847,REQUEST_FAILED,,,,,
85358941,deadAbandoned,STRETCHEEZ,"Apr. 20, 2012",SMART CHRISTMAS SOLUTIONS LIMITED,,RakeshD@SChristmas.com
85358895,REQUEST_FAILED,,,,,
85358907,REQUEST_FAILED,,,,,
85358954,deadAbandoned,4SENSES NLP,"Apr. 19, 2012","DING, SHU KIE THOMAS",,thomas@thomasding.com
85358961,deadAbandoned,ECO CARPET CLEANING,"Apr. 23, 2012","Cohen, Joel",,
85358973,deadAbandoned,AGRI MAX,"Apr. 24, 2012",Balkrishna Industries Limited,,shraddha.sawant@bkt-tires.com
85358977,deadAbandoned,AGRI MAX TERIS,"Apr. 24, 2012",Balkrishna Industries Limited,,shraddha.sawant@bkt-tires.com
85358972,deadAbandoned,MISS SHOWGIRL INTERNATIONAL,"Sep. 10, 2012",Gold Club Inc,,
85358978,deadAbandoned,AGRI MAXFORCE,"Apr. 24, 2012",Balkrishna Industries Limited,,shraddha.sawant@bkt-tires.com
85358975,deadAbandoned,AGRI MAX FORTIS,"Apr. 24, 2012",Balkrishna Industries Limited,,shraddha.sawant@bkt-tires.com
85358958,REQUEST_FAILED,,,,,
85358981,deadAbandoned,KARTOOCH,"Jun. 11, 2012","Kanhan, Franck",,
85358970,REQUEST_FAILED,,,,,
85359033,deadAbandoned,SEXY DEMON,"Aug. 27, 2012","Montes, Meliton",,demontequila@yahoo.com
85358995,REQUEST_FAILED,,,,,
85359078,REQUEST_FAILED,,,,,
85359234,REQUEST_FAILED,,,,,
85359225,REQUEST_FAILED,,,,,
85359327,deadAbandoned,ZNAK IT!,"Sep. 02, 2012","Golebiewski, Gregory",,gwgolebiewski@gmail.com
85359304,deadAbandoned,MULTI MAX,"Apr. 24, 2012",Balkrishna Industries Limited,,shraddha.sawant@bkt-tires.com
85359389,deadAbandoned,FRONT STAGE PASS,"Oct. 31, 2012","Martinez, Rogelio",,
85359257,REQUEST_FAILED,,,,,
85359403,deadAbandoned,ITRADE,"Aug. 27, 2012","Red Cubit, LLC",,
85359300,deadAbandoned,ASHLEIGH'S ANGELS,"Apr. 18, 2012",Ashleigh's Angels,,esmith@ashleighsangels.com
85359420,deadAbandoned,POWERSOLE,"Nov. 05, 2012","schiefflin, David",,
85359537,deadAbandoned,SWEET PLEASURES,"Aug. 27, 2012",THE WINE GROUP LLC,,DIJANA.KRISTO@THEWINEGROUP.COM
85359495,REQUEST_FAILED,,,,,
85359593,REQUEST_FAILED,,,,,
85359594,REQUEST_FAILED,,,,,
85359669,REQUEST_FAILED,,,,,
85359873,deadAbandoned,CATFISH ALLEY - LAS VEGAS ONE BITE AND YOU'RE HOOKED,"Mar. 15, 2012",Restaurant Investments USA. LLC,,restaurantinvestmentusa@cox.net
85359680,REQUEST_FAILED,,,,,
85359939,deadAbandoned,MINIATURE BULL RIDERS INTERNATIONAL FINALS,"Apr. 20, 2012","Leal, Melissa",,lealminibulls@yahoo.com
85359882,REQUEST_FAILED,,,,,
85359896,REQUEST_FAILED,,,,,
85359988,deadAbandoned,JUMPIN' WITH FLAVOR!,"Aug. 20, 2012","Restaurant Investments USA, LLC",,
85360076,deadAbandoned,THE PARTY GARDEN,"Apr. 21, 2012",VOKYO ENTERTAINMENT P/L,,willo@vokyo.tv
85360105,deadAbandoned,FUNNELCLOUD,"Apr. 19, 2012","FunnelCloud Technologies, LLC",,kmgerb@gmail.com
85360032,REQUEST_FAILED,,,,,
85360178,deadAbandoned,REPCALI,"Aug. 27, 2012","Ortiz, Gilbert J",,
85360157,deadAbandoned,THE GRAVITY + SUIT,"Nov. 05, 2012","Foster, James",,
85360135,REQUEST_FAILED,,,,,
85360213,REQUEST_FAILED,,,,,
85360360,deadAbandoned,SUPER BUY FURNITURE,"Apr. 27, 2012",OLD PARIS,,oldparis@sbcglobal.net
85360450,deadAbandoned,TERMINATION KIT,"Apr. 20, 2012","HR 360, Inc.",,tom@hr360.com
85360412,deadAbandoned,NEW HIRE KIT,"Apr. 20, 2012","HR 360, Inc.",,tom@hr360.com
85360392,REQUEST_FAILED,,,,,
85360493,REQUEST_FAILED,,,,,
85360501,REQUEST_FAILED,,,,,
85360573,REQUEST_FAILED,,,,,
85360723,deadAbandoned,ONLINE DATING BLUEPRINT,"Apr. 26, 2012","Ward, Neil",,neilward2@hotmail.co.uk
85360758,deadAbandoned,TWIGZ,"Apr. 19, 2012","Jones, Suzanne Irene",,suzanne@twigzcreations.com
85360731,REQUEST_FAILED,,,,,
85360747,REQUEST_FAILED,,,,,
85360749,REQUEST_FAILED,,,,,
85360823,REQUEST_FAILED,,,,,
85360918,REQUEST_FAILED,,,,,
85361009,REQUEST_FAILED,,,,,
85361257,deadAbandoned,SLIZA,"Apr. 19, 2012",OrozcoSanchez Raphael,,info@calormatic.com
85361230,REQUEST_FAILED,,,,,
85361251,REQUEST_FAILED,,,,,
85361295,REQUEST_FAILED,,,,,
85361365,deadAbandoned,ASTABLEND,"Apr. 28, 2012","Watts, Brad",,brad.watts@gmail.com
85361322,REQUEST_FAILED,,,,,
85361324,REQUEST_FAILED,,,,,
85361375,deadAbandoned,GROOVY KEYS,"Apr. 27, 2012",groovy keys llc,,
85361519,REQUEST_FAILED,,,,,
85361528,REQUEST_FAILED,,,,,
85361648,REQUEST_FAILED,,,,,
85361746,deadAbandoned,FIGHTLIFE,"Aug. 27, 2012",Western Star Management,,
85361775,deadAbandoned,BA TRACKER,"May 23, 2012",Accreditation Helper LLC,,jack@compliancehelper.com
85361708,REQUEST_FAILED,,,,,
85361871,deadAbandoned,DEALFORCE,"Apr. 06, 2012","Nextag, Inc.",,
85361865,deadAbandoned,LASH HD,"Sep. 17, 2012","Choy, Oojin",,
85361896,deadAbandoned,IMTRUSTWORTHY,"Sep. 17, 2012",Higher Level Strategies,,Melinda@HigherLevelStrategies.com
85361800,REQUEST_FAILED,,,,,
85361856,REQUEST_FAILED,,,,,
85361967,deadAbandoned,AMBALA CASH AND CARRY,"Nov. 16, 2012","Makkar, Munish",,
85361901,REQUEST_FAILED,,,,,
85361903,REQUEST_FAILED,,,,,
85362093,deadAbandoned,FROZEN YOGURT VINEYARDS,"Aug. 27, 2012",THE WINE GROUP LLC,,DIJANA.KRISTO@THEWINEGROUP.COM
85362064,deadAbandoned,WONDER HIP,"Apr. 26, 2012","Chung, James",,michael@jamesjeans.us
85361987,deadAbandoned,LIVEON!,"Aug. 27, 2012","Vaccaro, Sanford",,
85362094,deadAbandoned,SWEET YOGURT VINEYARDS,"Aug. 27, 2012",THE WINE GROUP LLC,,DIJANA.KRISTO@THEWINEGROUP.COM
85362095,deadAbandoned,YOGURT VINEYARDS,"Aug. 27, 2012",THE WINE GROUP LLC,,DIJANA.KRISTO@THEWINEGROUP.COM
85362098,deadAbandoned,TORNADO WATCH,"Aug. 27, 2012",THE WINE GROUP LLC,,DIJANA.KRISTO@THEWINEGROUP.COM
85362096,deadAbandoned,YOJAM VINEYARDS,"Aug. 27, 2012",THE WINE GROUP LLC,,DIJANA.KRISTO@THEWINEGROUP.COM
85362038,REQUEST_FAILED,,,,,
85362103,deadAbandoned,CREME BRULEE,"Jul. 17, 2012",THE WINE GROUP LLC,,DIJANA.KRISTO@THEWINEGROUP.COM
85362097,REQUEST_FAILED,,,,,
85362164,REQUEST_FAILED,,,,,
85362193,REQUEST_FAILED,,,,,
85362278,deadAbandoned,None,"Apr. 24, 2012","The Omega Center, L.L.C.",,lujos@msn.com
85362254,REQUEST_FAILED,,,,,
85362298,REQUEST_FAILED,,,,,
85362333,deadAbandoned,KNOCKOUT KARTING,"Apr. 26, 2012","Andrews, Mark C",,mark4mm@yahoo.com
85362340,deadAbandoned,KRYPTO,"Jul. 09, 2012","Andrade, Carolyn",,
85362347,deadAbandoned,AVATAR WEAPONS,"Nov. 12, 2012","Olive, Kay",,
85362349,deadAbandoned,RETRO RADIO,"Nov. 20, 2012","K&C Harrison, Inc.",,
85362334,REQUEST_FAILED,,,,,
85362336,REQUEST_FAILED,,,,,
85362376,REQUEST_FAILED,,,,,
85362435,REQUEST_FAILED,,,,,
85362485,REQUEST_FAILED,,,,,
85362522,REQUEST_FAILED,,,,,
85362599,deadAbandoned,WINSONGWISER,"Oct. 23, 2012",SHANGHAI QIWEI FASHION LIMITED,,usasndre@gmail.com
85362604,deadAbandoned,ASCENT MATH,"Apr. 24, 2012",AU TM Pty Ltd,,
85362573,deadAbandoned,NEAT FEAT,"Dec. 31, 2012",Neat Feat Products Limited,,mail@ajpietras.com
85362591,deadAbandoned,MUNDAKA,"Dec. 31, 2012",SKRIPNIKOFF DIDIER,,didier@mundakaoptic.com
85362618,deadAbandoned,DIGITAL DOUGHNUT,"Apr. 30, 2012",E2 Publishing Ltd,,john@greenadvertizing.com
85362683,deadAbandoned,TEA PARTY WIKI,"Jan. 29, 2012","Top Technologies, LLC",,Kevin@TeaPartyMedia.com
85362686,deadAbandoned,TEA PARTY MEDIA,"Jan. 29, 2012","Top Technologies, LLC",,Kevin@TeaPartyMedia.com
85362690,deadAbandoned,BIOCOLOR,"Apr. 23, 2012",South Pole Biogroup,,fdutilh@spbiogroup.com
85362739,deadAbandoned,7 DAYS TO GO,"Sep. 24, 2012",Nick Lewis,,nl1963@gmail.com
85362639,REQUEST_FAILED,,,,,
85362652,REQUEST_FAILED,,,,,
85362740,deadAbandoned,CHYNEEMA,"Mar. 13, 2012","Zhejiang Kanglongda Gloves Co., Ltd.",,zhanghonglu@inipa.com
85362749,deadAbandoned,SELECTION PROCESS MANAGEMENT,"May 28, 2012",MSH International,,oz.rashid@mshgroup.net
85362800,deadAbandoned,HAVANA ROCKS!,"Aug. 27, 2012",Suntaste International LLC,,adamb776@yahoo.com
85362775,REQUEST_FAILED,,,,,
85362799,REQUEST_FAILED,,,,,
85362903,deadAbandoned,GRUMPY PUPPY,"Apr. 24, 2012","Nila, Tony",,grumpypuppytraining@yahoo.com
85362975,deadAbandoned,SAN CLO DIO,"Apr. 24, 2012","PRODUCCIONES AMODIÑO, S.L.",,delvalle@delvalle-assoc.com
85362917,REQUEST_FAILED,,,,,
85362935,REQUEST_FAILED,,,,,
85362981,REQUEST_FAILED,,,,,
85363078,deadAbandoned,AMIS,"May 07, 2012",Jeff Gadd,,
85363063,REQUEST_FAILED,,,,,
85363151,deadAbandoned,NANOCARD,"Apr. 27, 2012",Bradford Brown,,bfbrown@mac.com
85363165,deadAbandoned,DATATRAY,"Apr. 27, 2012",Bradford Brown,,bfbrown@mac.com
85363126,REQUEST_FAILED,,,,,
85363149,REQUEST_FAILED,,,,,
85363160,REQUEST_FAILED,,,,,
85363334,deadAbandoned,WILDMAN AIR YOUR INSTINCTS ARE WAITING FOR YOU.,"Apr. 25, 2012",Evangelina Ceballos Quintero,,evangelina_ceballos@hotmail.com
85363380,deadAbandoned,BUY SERVICE DEALS,"Apr. 25, 2012",Buy Service Deals LLC,,
85363386,REQUEST_FAILED,,,,,
85363439,REQUEST_FAILED,,,,,
85363447,REQUEST_FAILED,,,,,
85363459,REQUEST_FAILED,,,,,
85363521,deadAbandoned,SENSEAFALL,"Nov. 15, 2012","Schieffelin, David",,
85363510,REQUEST_FAILED,,,,,
85363738,deadAbandoned,GMESSYS,"Sep. 03, 2012",GMESSYS SMART SYSTEMS PVT. LTD.,,
85363755,deadAbandoned,"KEY PROPERTY OPTIONS, LLC","Sep. 24, 2012",Real Deal Estate Investments & Management,,rbeal440@charter.net
85363758,deadAbandoned,IKNOW ENTERTAINMENT,"Sep. 24, 2012","Barnum, Leslie D.",,
85363713,deadAbandoned,SYNERGENICS,"Apr. 26, 2012",Ross Cornell,,ross.cornell@me.com
85363756,deadAbandoned,WET SWIMWEAR BY.KARA ROTH,"Apr. 26, 2012","Roth, Kara",,karakroth@gmail.com
85363772,deadAbandoned,MSL RPT MUST STUDY & LEARN REPROCESS OF THINKING,"Jul. 09, 2012","Lee, Michael S.",,mslnetwork@chol.com
85363777,deadAbandoned,MSL ETA,"Jul. 09, 2012","Lee, Michael S.",,mslnetwork@chol.com
85363619,deadAbandoned,BIONUTRITION,"Mar. 29, 2012",South Pole Biogroup Inc,,fdutilh@spbiogroup.com
85363718,REQUEST_FAILED,,,,,
85363779,deadAbandoned,MSL MOUNTAIN SEA LAND,"Jul. 09, 2012","Lee, Michael S.",,mslnetwork@chol.com
85363833,deadAbandoned,DEAL,"May 01, 2012","Lada, Inc.",,
85363776,deadAbandoned,XCHANGE CELL.COM SAVING THE PLANET ONE DEVICE AT A TIME,"Aug. 27, 2012","Jivani, Sohil",,
85363778,deadAbandoned,MSL EEPA,"Jul. 09, 2012","Lee, Michael S.",,mslnetwork@chol.com
85363902,deadAbandoned,QRCARD,"May 01, 2012",Joseph Michael Anthony,,pvkeycard@aol.com
85363851,REQUEST_FAILED,,,,,
85364009,deadAbandoned,MIND FUEL,"Jul. 25, 2012",MONARCH BRANDS LLC,,pcolon@p2050.com
85363945,REQUEST_FAILED,,,,,
85364012,REQUEST_FAILED,,,,,
85364026,REQUEST_FAILED,,,,,
85364083,REQUEST_FAILED,,,,,
85364108,REQUEST_FAILED,,,,,
85364200,deadAbandoned,HUMP THE PORCUPINE,"Aug. 27, 2012","Rhone, Rodney",,
85364094,REQUEST_FAILED,,,,,
85364177,REQUEST_FAILED,,,,,
85364241,deadAbandoned,HOOLYGAN,"Nov. 19, 2012","Veerman, Michael",,
85364325,REQUEST_FAILED,,,,,
85364543,deadAbandoned,CRYSTAL SHINE COSMETICS,"Nov. 17, 2012",CRYSTALSHINE COSMETICS INC,,
85364540,deadAbandoned,BULK BEEF JERKY,"Apr. 25, 2012",Bulk Beef Jerky,,pete@bulkbeefjerky.com
85364421,REQUEST_FAILED,,,,,
85364524,REQUEST_FAILED,,,,,
85364571,REQUEST_FAILED,,,,,
85364606,REQUEST_FAILED,,,,,
85364640,REQUEST_FAILED,,,,,
85364666,REQUEST_FAILED,,,,,
85364808,deadAbandoned,CHEMISTRY,"Apr. 27, 2012","PENFLI INDUSTRIES, INC.",,joef@penfliusa.com
85364804,deadAbandoned,WE ARE INDEPENDENT FILM,"Apr. 25, 2012",Dana Renee Wasdin,,drenee@weareif.com
85364811,deadAbandoned,WILDFIRE,"Apr. 24, 2012",W H Blakeley Industrial Knives Pty Ltd,,jenny@blakeley.com.au
85364833,deadAbandoned,TROVOGUE REVIVAL,"Sep. 03, 2012",Trovogue Inc.,,
85364841,deadAbandoned,ROUTEPRO,"Oct. 30, 2012","All Business Consulting, Inc.",,
85364782,REQUEST_FAILED,,,,,
85364859,deadAbandoned,"KISS ME,I'M CHOCOLATE!","Sep. 03, 2012","Nunn, James",,
85364816,REQUEST_FAILED,,,,,
85364866,deadAbandoned,INVOICE 2GO BUSINESS FRIENDLY SOFTWARE,"Nov. 20, 2012",Cimrid Pty Ltd,,
85364861,deadAbandoned,TROVOGUE EXCHANGE,"Sep. 03, 2012",Trovogue Inc.,,
85364857,deadAbandoned,CLEANDRIVEN EXPRESS CAR WASH,"Oct. 01, 2012","Utman, Thomas.",,
85364928,deadAbandoned,FINANCIAL LITERACY SERIES PROVIDED BY MCGRAW HILL FEDERAL CREDIT UNION FINANCIAL SOLUTIONS FOR A LIFETIME SCHOOL EDUCATION GROUP E3 = EDUCATE.ENRICH.EMPOWER.,"Dec. 13, 2012",McGraw-Hill Federal Credit Union,,amacdonald@mcgrawhillfcu.org
85364873,deadAbandoned,AQUA TELEVISION NETWORK,"Oct. 08, 2012","Wernli, Jeffrey",,
85364849,REQUEST_FAILED,,,,,
85364930,REQUEST_FAILED,,,,,
85365033,REQUEST_FAILED,,,,,
85365058,REQUEST_FAILED,,,,,
85365068,REQUEST_FAILED,,,,,
85365262,deadAbandoned,SKYVE,"May 01, 2012",Chiper Technology USA Corp.,,
85365350,deadAbandoned,SKYCODE,"Apr. 27, 2012",Chiper Technology USA Corp.,,
85365297,REQUEST_FAILED,,,,,
85365392,REQUEST_FAILED,,,,,
85365524,deadAbandoned,ONE2ONE,"Sep. 03, 2012","Nu Gentech, LLC",,
85365434,REQUEST_FAILED,,,,,
85365577,deadAbandoned,SALUD VITAL,"Apr. 26, 2012","Whole World Botanicals, Inc.",,raj@wwbinc.net
85365711,deadAbandoned,FIESTA,"Aug. 01, 2012","ALVAREZ, JUAN",,mygabogados@infosel.net.mx
85365627,REQUEST_FAILED,,,,,
85365646,REQUEST_FAILED,,,,,
85365772,deadAbandoned,MAMMAY DOE,"Apr. 26, 2012","Charles, Troy P",,butchkickit@hotmail.com
85365779,REQUEST_FAILED,,,,,
85365874,deadAbandoned,WUZZYS,"Dec. 06, 2012","Herman, Lloyd",,
85365800,REQUEST_FAILED,,,,,
85365958,deadAbandoned,CREATIVE THEOREM,"Oct. 01, 2012","Padilla, Natanael",,
85365942,REQUEST_FAILED,,,,,
85365966,deadAbandoned,SWINGBLING,"May 03, 2012","Buras, Kenneth",,ken@kenburas.com
85365950,REQUEST_FAILED,,,,,
85365959,REQUEST_FAILED,,,,,
85365981,deadAbandoned,SWINGBLING,"May 03, 2012","Buras, Kenneth",,ken@kenburas.com
85366021,deadAbandoned,COFFEEBUCHA,"Apr. 26, 2012","Linesch, James A.",,jim@linesch.com
85366020,deadAbandoned,SOMETIMES IT'S NOT THE HOUSE THAT'S HAUNTED,"Apr. 26, 2012",Ronald Barkoczy,,info@empirefilms.com
85365996,deadAbandoned,WWW.EXPRESSVIDEO.COM,"Sep. 03, 2012",Kiosk Solutions,,
85366047,deadAbandoned,BUTT ELF,"Apr. 26, 2012","Frew, Christopher M",,me@buttelf.com
85366029,REQUEST_FAILED,,,,,
85366057,REQUEST_FAILED,,,,,
85366107,deadAbandoned,DRINK INC. SODA.POP.BOUTIQUE,"Sep. 24, 2012","Chancellor, John",,
85366117,deadAbandoned,BOUJGI BEAST,"Sep. 03, 2012","Reed, Karl",,
85366132,deadAbandoned,TAIL WHIP,"Jul. 03, 2012",Bruce Roberts,,bruce.roberts@vodabb.com
85366119,deadAbandoned,PINNACLE ENERGY,"Sep. 24, 2012","Erb, Bryan",,
85366148,deadAbandoned,PAPA BEAR,"Apr. 30, 2012","Comunale, Daniel",,dan.comunale@gmail.com
85366092,REQUEST_FAILED,,,,,
85366097,REQUEST_FAILED,,,,,
85366183,REQUEST_FAILED,,,,,
85366419,deadAbandoned,THEVAULTSNEAKERS.COM,"Jun. 05, 2012","THE VAULT SNEAKERS, INC.",,len@bplanning.com
85366392,REQUEST_FAILED,,,,,
85366405,REQUEST_FAILED,,,,,
85366460,REQUEST_FAILED,,,,,
85366533,REQUEST_FAILED,,,,,
85366595,REQUEST_FAILED,,,,,
85366936,REQUEST_FAILED,,,,,
85366942,REQUEST_FAILED,,,,,
85366997,REQUEST_FAILED,,,,,
85367098,deadAbandoned,QUINTA DE GÓMEZ,"Dec. 04, 2012","QUINTA DE GOMEZ, S.R.L. DE C.V.",,INFO@QUINTADEGOMEZ.COM
85367178,deadAbandoned,SHARK BAIT,"Sep. 03, 2012","Valadez, Jay",,
85367112,REQUEST_FAILED,,,,,
85367146,REQUEST_FAILED,,,,,
85367135,REQUEST_FAILED,,,,,
85367186,REQUEST_FAILED,,,,,
85367201,REQUEST_FAILED,,,,,
85367214,REQUEST_FAILED,,,,,
85367212,REQUEST_FAILED,,,,,
85367215,REQUEST_FAILED,,,,,
85367304,deadAbandoned,PARTY AT HOME,"May 08, 2012","Allin, M Lisa",,lallin@sbcglobal.net
85367318,REQUEST_FAILED,,,,,
85367330,REQUEST_FAILED,,,,,
85367367,REQUEST_FAILED,,,,,
85367395,REQUEST_FAILED,,,,,
85367397,REQUEST_FAILED,,,,,
85367426,REQUEST_FAILED,,,,,
85367434,REQUEST_FAILED,,,,,
85367452,REQUEST_FAILED,,,,,
85367448,REQUEST_FAILED,,,,,
85367509,deadAbandoned,None,"May 02, 2012","Devon Works, LLC",,
85367471,REQUEST_FAILED,,,,,
85367502,REQUEST_FAILED,,,,,
85367539,deadAbandoned,COG,"Sep. 03, 2012","Nabila, H0",,
85367531,REQUEST_FAILED,,,,,
85367545,deadAbandoned,FIFTY FIVE CLOTHING CO.,"May 09, 2012",Fifty Five Productions,,zyoung735@gmail.com
85367664,REQUEST_FAILED,,,,,
85367791,deadAbandoned,PROGRESSIVE LAW,"May 08, 2012","Jablonski, Frank J.",,frankj@progressivelaw.com
85368069,deadAbandoned,TEVANATURE,"Mar. 06, 2012",MAR-E COHEN,,
85368105,deadAbandoned,None,"May 22, 2012","Hatch, Inc.",,
85367996,REQUEST_FAILED,,,,,
85368154,deadAbandoned,PINNACLE ENERGY SERVICES,"Sep. 24, 2012","Erb, Bryan",,
85368118,deadAbandoned,TIFFIN FOODS,"Nov. 17, 2012","Tiffin Foods, Inc.",,
85368136,REQUEST_FAILED,,,,,
85368358,deadAbandoned,AR,"May 01, 2012","Anthony Robles Enterprises, LLC",,Anthony@AnthonyRobles.com
85368199,REQUEST_FAILED,,,,,
85368257,REQUEST_FAILED,,,,,
85368394,deadAbandoned,DIRT ROAD PICTURES,"Nov. 27, 2012",Dirt Road Pictures LLC.,,
85368357,REQUEST_FAILED,,,,,
85368383,REQUEST_FAILED,,,,,
85368396,REQUEST_FAILED,,,,,
85368453,REQUEST_FAILED,,,,,
85368505,deadAbandoned,RIGEDY RUF BLVD.,"May 08, 2012","WHITE JR., JERONE LORENZA",,rigedyrufblvd@gmail.com
85368468,REQUEST_FAILED,,,,,
85368618,deadAbandoned,"TALK TO MY ASS, MY HEAD HURTS","Sep. 03, 2012","Hansen, Dale",,dalehan@yahoo.com
85368591,deadAbandoned,"GREENHOME TECHNOLOGIES, SMARTHOMES MADE SIMPLE","Nov. 29, 2012",GreenHome Technologies LLC,,
85368621,deadAbandoned,SQUISHBALL,"Sep. 03, 2012","Banken, Steve",,
85368601,deadAbandoned,THE FAT LOSS PILL,"May 04, 2012","Grimes, Robert",,
85368562,REQUEST_FAILED,,,,,
85368625,deadAbandoned,I SHOULD BE ON TV!,"Sep. 10, 2012","Webb, Delbert",,
85368609,deadAbandoned,MY TRUSTED ADVISOR,"May 28, 2012","My Trusted Advisor, LLC",,
85368629,deadAbandoned,SHOPPINGDOMAIN,"Oct. 10, 2012",Shopping Domain Networks Pty Ltd,,paulgilham1@bigpond.com
85368611,REQUEST_FAILED,,,,,
85368627,deadAbandoned,BALD HEAD ISLAND CLUB,"Mar. 26, 2012",Bald Head Island Club,,bburger@bhiclub.net
85368747,deadAbandoned,SAS GLOBAL,"May 04, 2012",SAS Global Inc,,cececurrie@aol.com
85368782,deadAbandoned,SIGMA,"Mar. 29, 2012",Plano Research Corporation,,schopra@petrotel.com
85368729,REQUEST_FAILED,,,,,
85368752,REQUEST_FAILED,,,,,
85368814,REQUEST_FAILED,,,,,
85368824,REQUEST_FAILED,,,,,
85368847,REQUEST_FAILED,,,,,
85368931,REQUEST_FAILED,,,,,
85368978,REQUEST_FAILED,,,,,
85369007,REQUEST_FAILED,,,,,
85369048,deadAbandoned,BUNDU KHAN RESTAURANT,"May 09, 2012",Bundu Khan Restaurant Ltd,,abdul@kingswood.co
85369186,REQUEST_FAILED,,,,,
85369191,REQUEST_FAILED,,,,,
85369214,REQUEST_FAILED,,,,,
85369427,deadAbandoned,GLOVEABLES THE GLOVE WITH THE BOW!,"May 08, 2012","Gloveables, Inc.",,
85369293,REQUEST_FAILED,,,,,
85369578,deadAbandoned,BOOMERANG,"Oct. 08, 2012","McGowan, Harry W.",,hankmcgowan@hotmail.com
85369357,REQUEST_FAILED,,,,,
85369574,REQUEST_FAILED,,,,,
85369650,REQUEST_FAILED,,,,,
85369686,REQUEST_FAILED,,,,,
85369743,deadAbandoned,EZ MODELS,"Sep. 03, 2012","Ramos, Edwin",,
85369776,deadAbandoned,UDDER-MATE. THE DAIRY FARMERS NATURAL HELPER.,"May 08, 2012",Robert Neely,,info@weight-lifter.com
85369785,deadAbandoned,OLYMPIC COMMUNICATIONS,"May 08, 2012",0731385 B.C. LTD.,,alex@mateesco.com
85369736,REQUEST_FAILED,,,,,
85369816,deadAbandoned,TEMOROID EZ,"Feb. 24, 2012",SAHAJANAND LIFE SCIENCES PVT. LTD.,,drmanagoli@sahlife.com
85369805,REQUEST_FAILED,,,,,
85369807,REQUEST_FAILED,,,,,
85369842,deadAbandoned,"NOURISH YOUR BODY, NOURISH YOUR LIFE","Sep. 03, 2012","Nu Gentech, LLC",,
85369833,deadAbandoned,SOCIAL ENTREPRENEURSHIP,"Sep. 03, 2012","Nu Gentech, LLC",,
85369887,deadAbandoned,VALOR ENTERTAINMENT,"May 07, 2012",Valor Entertainment LLC,,
85369819,REQUEST_FAILED,,,,,
85369845,deadAbandoned,MARSHAL,"Sep. 03, 2012","Varela, Jose",,
85369826,REQUEST_FAILED,,,,,
85369831,REQUEST_FAILED,,,,,
85369889,deadAbandoned,SAFECLEANERS ECO WASH,"May 09, 2012","Safe Cleaners, LLC",,bob@envirosafeipm.com
85369860,REQUEST_FAILED,,,,,
85369907,REQUEST_FAILED,,,,,
85370030,deadAbandoned,SYNERGENICS SPIRAL,"May 10, 2012","Cornell, Ross",,ross.cornell@me.com
85370013,REQUEST_FAILED,,,,,
85370072,deadAbandoned,CALMMAX,"May 08, 2012","Broshi, Oded, M.",,obroshi@usa.net
85370032,REQUEST_FAILED,,,,,
85370067,REQUEST_FAILED,,,,,
85370230,deadAbandoned,BRAIN BLOCKS,"Jul. 23, 2012",Winning Moves Inc.,,pecci@winning-moves.com
85370155,REQUEST_FAILED,,,,,
85370332,deadAbandoned,RUFFIAN,"Sep. 03, 2012","Thoroughbred Legends, LLC",,
85370177,REQUEST_FAILED,,,,,
85370335,deadAbandoned,NEXT LAWGROUP,"Dec. 24, 2012","Griffin, David",,
85370324,deadAbandoned,RUFFIAN,"May 03, 2012","Thoroughbred Legends, LLC",,
85370320,REQUEST_FAILED,,,,,
85370345,deadAbandoned,MAN O' WAR,"Sep. 03, 2012","Thoroughbred Legends, LLC",,
85370360,deadAbandoned,BOLD RULER,"Sep. 03, 2012","Thoroughbred Legends, LLC",,
85370382,deadAbandoned,NATIVE DANCER,"May 04, 2012","Thoroughbred Legends, LLC",,
85370351,REQUEST_FAILED,,,,,
85370390,REQUEST_FAILED,,,,,
85370451,deadAbandoned,TOKENCARD,"Dec. 06, 2012","Transaction Processing Partners of Texas, Inc.",,
85370394,REQUEST_FAILED,,,,,
85370419,REQUEST_FAILED,,,,,
85370651,deadAbandoned,A NATURAL PHENOMENON,"Apr. 19, 2012","Synergy O2, Inc.",,rosedelao@yahoo.com
85370566,REQUEST_FAILED,,,,,
85370596,REQUEST_FAILED,,,,,
85370683,deadAbandoned,APEX ASSURANCE GROUP,"May 04, 2012","Apex Assurance Group, LLC",,info@apexassurance.com
85370753,deadAbandoned,SAS,"Nov. 10, 2012","Amenero, Luis",,info.ca777@gmail.com
85370811,deadAbandoned,ERLY,"Sep. 10, 2012","ERLY, INC.",,
85370677,REQUEST_FAILED,,,,,
85370816,REQUEST_FAILED,,,,,
85370896,REQUEST_FAILED,,,,,
85370909,REQUEST_FAILED,,,,,
85370921,REQUEST_FAILED,,,,,
85370949,deadAbandoned,"10,000 HOURS","Sep. 10, 2012","Martinez, Tyrone Roman",,tyroneroman2001@yahoo.com
85370954,deadAbandoned,CITY V.I.P.,"Sep. 10, 2012",City VIP Concierge LLC,,
85370969,deadAbandoned,LAYA,"May 08, 2012",XIE CHENGHONG,,usasndre@gmail.com
85370977,deadAbandoned,LAYA,"May 08, 2012",XIE CHENGHONG,,usasndre@gmail.com
85370961,deadAbandoned,WE HELP PEOPLE,"Sep. 10, 2012","Drake, Thomas",,
85370939,REQUEST_FAILED,,,,,
85370980,deadAbandoned,LAYA,"May 08, 2012",XIE CHENGHONG,,usasndre@gmail.com
85371100,deadAbandoned,PIZZARELLO,"May 11, 2012",DAVID SINCLAIR HALL,,popism01@gmail.com
85370975,deadAbandoned,LAYA,"May 08, 2012",XIE CHENGHONG,,usasndre@gmail.com
85371018,REQUEST_FAILED,,,,,
85371111,REQUEST_FAILED,,,,,
85371277,deadAbandoned,WARRIOR BEEF JERKY,"Oct. 01, 2012","Wood, Ryan S.",,ryan@sweetwoodcc.com
85371291,REQUEST_FAILED,,,,,
85371380,deadAbandoned,DERMASUTRA,"Nov. 15, 2012","Ganger, Anand C",,anand@ganger.net
85371328,deadAbandoned,MACULAR EYEWEAR,"May 07, 2012","BABU, THOMAS",,TBABU2020@GMAIL.COM
85371310,REQUEST_FAILED,,,,,
85371396,REQUEST_FAILED,,,,,
85371479,REQUEST_FAILED,,,,,
85371789,deadAbandoned,STEED & POOCH,"May 04, 2012","Fassett, Juliette M",,juliette.fassett@gmail.com
85371765,REQUEST_FAILED,,,,,
85371814,REQUEST_FAILED,,,,,
85371957,deadAbandoned,FRESH LIFE,"Dec. 05, 2012","Rowell, Larry",,
85371892,REQUEST_FAILED,,,,,
85371908,REQUEST_FAILED,,,,,
85371920,deadAbandoned,DOG ISLAND,"Nov. 30, 2012","DiClemente, Danielle",,
85371995,REQUEST_FAILED,,,,,
85372052,deadAbandoned,D-TACC,"Sep. 10, 2012","Breland, James",,
85372029,deadAbandoned,ALLERBANDS,"Nov. 12, 2012","Schubert, Kurt David",,kurt@ronin.com.au
85372055,deadAbandoned,BENBUSINESS,"Dec. 05, 2012","Bond, Terry",,
85372061,deadAbandoned,UNTIREDWARRIOR,"Sep. 17, 2012","FUJIAN HAIAN RUBBER CO., LTD.",,info.info168@gmail.com
85372057,deadAbandoned,DIAMONDPARTNER,"Sep. 17, 2012","FUJIAN HAIAN RUBBER CO., LTD.",,info.info168@gmail.com
85372067,deadAbandoned,ADL,"Sep. 10, 2012","Quach, Judie",,
85372070,deadAbandoned,ADL,"Sep. 10, 2012","Quach, Judie",,
85372080,deadAbandoned,TURTLE CRAFT BOATS LLC,"Dec. 31, 2012","LEONARD, FAUSNIGHT",,
85372050,REQUEST_FAILED,,,,,
85372072,deadAbandoned,DOJOLY,"Sep. 10, 2012","Michael, Henderson",,M.Henderson@dojoly.com
85372141,deadAbandoned,C-800,"Sep. 10, 2012",Trelleborg Wheel Systems Italia SpA,,heather.boden-carr@trelleborg.com
85372065,deadAbandoned,PIPELINE PIXIES,"Nov. 26, 2012","Burd, Halley Zephyr",,halley.burd@gmail.com
85372076,REQUEST_FAILED,,,,,
85372156,REQUEST_FAILED,,,,,
85372226,deadAbandoned,DON'T DIE DUMB,"May 08, 2012",Deborah Lenihan,,rmorehead@spencerfane.com
85372291,deadAbandoned,THE MONEY HANDLING STORE,"Jul. 16, 2012",Block and Company,,cswearingen@blockinc.com
85372221,REQUEST_FAILED,,,,,
85372480,deadAbandoned,Sº,"Sep. 10, 2012","Signature Comfort Systems, LLC",,keyingling@gmail.com
85372375,REQUEST_FAILED,,,,,
85372506,REQUEST_FAILED,,,,,
85372565,deadAbandoned,SIGNATURE COMFORT SYSTEMS,"May 07, 2012",Nancy P Yingling,,keyingling@gmail.com
85372540,REQUEST_FAILED,,,,,
85372769,deadAbandoned,ASSURE - ANALYZING SOFTWARE SECURITY UTILIZING RISK EVALUATION,"Dec. 04, 2012","Assure Technologies, LLC.",,
85372723,deadAbandoned,HS HOLLYWOOD SOCIETY,"Jun. 18, 2012",Hollywood Society Inc.,,db@hollywoodsocietyent.com
85372759,deadAbandoned,HS HOLLYWOOD SOCIETY,"Jun. 18, 2012",Hollywood Society Inc.,,db@hollywoodsocietyent.com
85372800,deadAbandoned,IDRATHERBEBLOWN4CHEAPER GOT E-CIGS? IDRATHERBEBLOWN BY U! GOT E-CIGS? A HEALTHIER ALTERNATIVE TO HELP QUIT SMOKING! IDRATHERBEBLOWN AND E-CIGS,"Jun. 11, 2012","Mckenzie, Jonathan R.",,
85372791,REQUEST_FAILED,,,,,
85372822,REQUEST_FAILED,,,,,
85372912,REQUEST_FAILED,,,,,
85372919,REQUEST_FAILED,,,,,
85372934,REQUEST_FAILED,,,,,
85372950,REQUEST_FAILED,,,,,
85372979,REQUEST_FAILED,,,,,
85373064,deadAbandoned,TOUGH SCALES,"Sep. 10, 2012","VCS Distribution, LLC.",,
85373058,deadAbandoned,KARNU,"Sep. 10, 2012",Karnu Meat Distributors LLP,,
85373086,deadAbandoned,EXERCISE IN DISGUISE,"Sep. 10, 2012","Body Beats Fitness, LLC.",,
85373048,REQUEST_FAILED,,,,,
85373071,deadAbandoned,AMIR'S,"Dec. 14, 2012",Home Made Hummus Corp.,,
85373078,deadAbandoned,TONESTARS,"Sep. 10, 2012","Wilson, Kevin",,
85373087,REQUEST_FAILED,,,,,
85373192,deadAbandoned,REAL TRIAL LITIGATORS,"May 10, 2012","Real Trial Litigators, LLC",,webmaster@realtriallitigators.com
85373195,deadAbandoned,HEALTHY HAIR BY RACHEAL,"May 10, 2012","Healthy Hair by Racheal ""I Am HEALTHY""",,hairbyracheal@yahoo.com
85373123,REQUEST_FAILED,,,,,
85373199,deadAbandoned,I DRAW CARS SKETCHBOOK & REFERENCE GUIDE,"May 10, 2012","Marrocco, Matthew, C",,mcmarrocco@gmail.com
85373193,REQUEST_FAILED,,,,,
85373232,REQUEST_FAILED,,,,,
85373257,REQUEST_FAILED,,,,,
85373305,deadAbandoned,GOIN' HARD,"Apr. 29, 2012","Garrett, Edward Dwayne",,dwayne3dg@yahoo.com
85373276,REQUEST_FAILED,,,,,
85373338,deadAbandoned,CAR WASH TO GO!,"Aug. 06, 2012",Marc S Greene,,marcsgreene@gmail.com
85373331,REQUEST_FAILED,,,,,
85373341,REQUEST_FAILED,,,,,
85373352,REQUEST_FAILED,,,,,
85373377,REQUEST_FAILED,,,,,
85373497,deadAbandoned,RADISH,"Sep. 10, 2012","THOUGHTBOT, INC.",,
85373458,REQUEST_FAILED,,,,,
85373568,REQUEST_FAILED,,,,,
85373592,REQUEST_FAILED,,,,,
85373896,deadAbandoned,[IONU],"Oct. 08, 2012","Dubach, John M",,jmdubach@hotmail.com
85373874,deadAbandoned,"""WE'RE EVEN GREENER NOW""","Sep. 10, 2012","Bates, Craig A.",,cabates_consultant@msn.com
85373700,REQUEST_FAILED,,,,,
85373947,deadAbandoned,CG BICYCLES,"May 16, 2012","Goldsmid, Clay",,clay@hyperbicycles.com
85373862,REQUEST_FAILED,,,,,
85374143,deadAbandoned,OIL3D,"Mar. 29, 2012",Plano Research Corporation,,schopra@petrotel.com
85374001,REQUEST_FAILED,,,,,
85374125,deadAbandoned,CALL TRUNK,"May 15, 2012",Consumerage US Inc,,michael@calltrunk.com
85374223,REQUEST_FAILED,,,,,
85374303,deadAbandoned,DENTAL SPA,"May 15, 2012","Rook Consulting, Inc",,info@rookconsulting.com
85374323,REQUEST_FAILED,,,,,
85374363,deadAbandoned,GEAR UP GET DOWN,"Sep. 17, 2012","Vincens, Thomas H",,thvincens@yahoo.com
85374337,REQUEST_FAILED,,,,,
85374385,deadAbandoned,HTC AMUSE,"Jul. 23, 2012",HTC Corporation,,kathy.callahan@bracewell.com
85374372,REQUEST_FAILED,,,,,
85374374,REQUEST_FAILED,,,,,
85374415,deadAbandoned,MAFIA CITY,"May 16, 2012","Funzio, Inc.",,
85374465,deadAbandoned,O.SA,"May 08, 2012","Shenzhen O.SA Clothing Co., Ltd.",,zhanghonglu@inipa.com
85374471,deadAbandoned,I'D CHECK RAISE MY GRANDMA,"Sep. 24, 2012",Melendez John M J,,LilyMessina@msn.com
85374388,REQUEST_FAILED,,,,,
85374484,deadAbandoned,TEMOROID,"Feb. 24, 2012",SAHAJANAND LIFE SCIENCES PVT. LTD.,,drmanagoli@sahlife.com
85374492,deadAbandoned,SAN O,"May 17, 2012",Eric J. Harrington,,eric@sanopaddlesurf.com
85374507,deadAbandoned,PHUNK IN YA TRUNK RECORDS,"Nov. 30, 2012","Miller, Imari",,
85374508,deadAbandoned,STRIP CLUB WEEKLY,"Dec. 03, 2012","Wood, Peter",,
85374459,REQUEST_FAILED,,,,,
85374518,deadAbandoned,ENGCASTLE,"Nov. 19, 2012","Abdelaziz, Attalla Ehab",,ehab.attalla@gmail.com
85374514,deadAbandoned,TROPIC WHISPERS,"Sep. 17, 2012","Horinek, Steven",,
85374526,deadAbandoned,DEFEND THE TURF,"Sep. 10, 2012","Sperau, David",,
85374531,deadAbandoned,MANNA FROM HEAVEN,"Sep. 10, 2012",Children's Fund,,
85374520,deadAbandoned,HOUSTONIGHTLIFE.COM,"Dec. 03, 2012","Wood, Peter",,
85374533,deadAbandoned,KINGSPEI,"Sep. 10, 2012","Purcell, Kingslee",,
85374529,REQUEST_FAILED,,,,,
85374568,REQUEST_FAILED,,,,,
85374707,deadAbandoned,ALLIANCE LANGUAGE SERVICES,"May 14, 2012","Areyto Language Services, Inc.",,areytolanguageservices@gmail.com
85374604,REQUEST_FAILED,,,,,
85374685,REQUEST_FAILED,,,,,
85374733,deadAbandoned,PITCHMYSTUFF FAST FORWARD YOUR MUSIC CAREER,"Dec. 03, 2012",PitchMyStuff Limited (UK registered company),,INFO@PITCHMYSTUFF.CO.UK
85374716,REQUEST_FAILED,,,,,
85374721,REQUEST_FAILED,,,,,
85374819,REQUEST_FAILED,,,,,
85374848,REQUEST_FAILED,,,,,
85375009,REQUEST_FAILED,,,,,
85375023,REQUEST_FAILED,,,,,
85375086,deadAbandoned,THESWINGERCRUISE.COM,"May 11, 2012","Olivari, Lynn",,lynn@theswingercruise.com
85375100,deadAbandoned,TAMPSTERDAM,"Sep. 17, 2012","Hoyt, Stephanie",,
85375103,deadAbandoned,SOCIALMAIL,"May 15, 2012",Socialmail LLC,,james@socialmail.com
85375080,REQUEST_FAILED,,,,,
85375129,deadAbandoned,OLYA,"Aug. 03, 2012","KAOS Enterprises, Inc.",,
85375133,deadAbandoned,EBUSINESSAPPRAISALS.COM,"May 11, 2012","ACA Partners, LLC",,ebusinessappraisals@gmail.com
85375163,deadAbandoned,FAEMINO,"Nov. 26, 2012","Sellem, LLC",,
85375101,REQUEST_FAILED,,,,,
85375108,REQUEST_FAILED,,,,,
85375217,deadAbandoned,JEFA,"Oct. 08, 2012",JElena Group,,
85375143,REQUEST_FAILED,,,,,
85375266,deadAbandoned,CHEWS WISELY,"May 10, 2012",Earthwise LLC,,jgcolorado@gmail.com
85375225,deadAbandoned,CODE RED RESTORATION,"May 09, 2012","Code Red Restoration, LLC",,Frank@CodeRedRestorationServices.com
85375235,REQUEST_FAILED,,,,,
85375336,deadAbandoned,QUAD DOSE,"May 10, 2012",Earthwise LLC,,jgcolorado@gmail.com
85375324,REQUEST_FAILED,,,,,
85375451,deadAbandoned,FIESTAPOCALYPSE,"Sep. 10, 2012","Darrah, Philip",,nikfitt@yahoo.com
85375471,deadAbandoned,None,"Nov. 26, 2012","Jenssen, Scott",,jamericanflagman@directv.net
85375569,deadAbandoned,QUANTUM GLIDING TECHNOLOGIES,"May 30, 2012",Ron Baron Salica,,ronbaron@baroncrest.com
85375464,REQUEST_FAILED,,,,,
85375476,REQUEST_FAILED,,,,,
85375565,REQUEST_FAILED,,,,,
85375612,REQUEST_FAILED,,,,,
85375694,deadAbandoned,CORJET BALLOON,"Oct. 22, 2012","By-Pass, Inc.",,info@carbo-fix.com
85375816,deadAbandoned,SCANDY,"May 11, 2012",Sebastian Sibler,,sebastian.sibler@gmail.com
85375839,REQUEST_FAILED,,,,,
85375868,deadAbandoned,ANGELICO,"May 11, 2012",Media 8 Limited,,robellyeung@hotmail.com
85375845,REQUEST_FAILED,,,,,
85375874,REQUEST_FAILED,,,,,
85375906,REQUEST_FAILED,,,,,
85375912,REQUEST_FAILED,,,,,
85375964,REQUEST_FAILED,,,,,
85376113,REQUEST_FAILED,,,,,
85376153,REQUEST_FAILED,,,,,
85376328,deadAbandoned,HONEY HOUSE PROJECTS,"Oct. 22, 2012","Vockel, Kim",,
85376260,REQUEST_FAILED,,,,,
85376304,REQUEST_FAILED,,,,,
85376299,REQUEST_FAILED,,,,,
85376550,deadAbandoned,N-FUZED,"May 15, 2012",Harmonic Innerprizes,,bsaiter@harmonicinnerprizes.com
85376644,deadAbandoned,COUNTER CULTURE MUSIC,"Nov. 22, 2012","Luke, Kashawn",,
85376656,deadAbandoned,WHITE TRUFFLE FOUNDATION,"Mar. 14, 2012","Farouk Systems, Inc.",,
85376566,REQUEST_FAILED,,,,,
85376675,deadAbandoned,FROM GRANDMA'S CABIN,"Sep. 10, 2012","Fortune, Claudia",,
85376639,REQUEST_FAILED,,,,,
85376652,REQUEST_FAILED,,,,,
85376648,REQUEST_FAILED,,,,,
85376704,REQUEST_FAILED,,,,,
85376843,deadAbandoned,DAY AND NIGHT PLUMBING,"Oct. 15, 2012","Akins, Ricky",,
85376804,REQUEST_FAILED,,,,,
85376810,REQUEST_FAILED,,,,,
85376885,deadAbandoned,KALYPSO'S SPORTS TAVERN,"Dec. 05, 2012",Americal Restaurant & Lounge Concepts Inc.,,
85376846,deadAbandoned,WORLD LUXURY ASSOCIATION,"May 21, 2012",World Luxury Association,,vliang168@gmail.com
85376848,REQUEST_FAILED,,,,,
85376897,deadAbandoned,RENEWCOLORADO WINDOWS AND DOORS,"Feb. 11, 2012","Orf, Lawrence",,renewcoloradowindowsanddoors@gmail.com
85376891,deadAbandoned,KALYPSO'S SPORTS TAVERN,"Dec. 05, 2012",Americal Restaurant & Lounge Concepts Inc.,,
85376883,REQUEST_FAILED,,,,,
85376998,REQUEST_FAILED,,,,,
85377002,REQUEST_FAILED,,,,,
85377047,REQUEST_FAILED,,,,,
85377052,REQUEST_FAILED,,,,,
85377150,deadAbandoned,BIG BANK MUZIK ENTERTAINMENT,"Oct. 22, 2012","Northern,Marcus",,bbe.supastar@gmail.com
85377190,deadAbandoned,NANO HOUSE,"Aug. 09, 2012","Strehler, Gabriela",,youniquemail@yahoo.com
85377102,REQUEST_FAILED,,,,,
85377274,deadAbandoned,REDZ,"May 12, 2012",Redz Search,,john.stewart@redz.com
85377242,REQUEST_FAILED,,,,,
85377280,REQUEST_FAILED,,,,,
85377380,REQUEST_FAILED,,,,,
85377612,deadAbandoned,"R3 SF6 RECOVER, RECYCLE, AND RETURN","Aug. 20, 2012",Concorde Specialty Gases,,rlaverne@concordegas.com
85377422,REQUEST_FAILED,,,,,
85377483,REQUEST_FAILED,,,,,
85377709,REQUEST_FAILED,,,,,
85377718,REQUEST_FAILED,,,,,
85377830,deadAbandoned,PALLADORO,"Sep. 17, 2012","Werynski, Marek",,
85377746,REQUEST_FAILED,,,,,
85377897,deadAbandoned,TRANSFERX,"May 15, 2012","Epharmacy Holdings, LLC",,
85377921,deadAbandoned,IMACH,"May 21, 2012",Imach Innovations,,imach.innovations@gmail.com
85377932,deadAbandoned,TOFUFRUITY,"Sep. 17, 2012","Gomez, Damaris",,
85377888,REQUEST_FAILED,,,,,
85377900,REQUEST_FAILED,,,,,
85378019,deadAbandoned,LAZY MAN'S BUFFET,"Nov. 20, 2012","Nortier, Stephen",,
85377937,REQUEST_FAILED,,,,,
85378052,deadAbandoned,CLOUDCALL,"May 15, 2012",Synety Ltd,,mark.seemann@synety.com
85378007,REQUEST_FAILED,,,,,
85378178,deadAbandoned,BAIL BOND NATIONAL INFORMATION & CONSOLIDATION,"May 18, 2012","MECKLAM Holdings, LLC",,mecklam@gmail.com
85378048,REQUEST_FAILED,,,,,
85378201,deadAbandoned,EAGLE,"May 15, 2012","FEA Industries, Inc.",,otherbill@feaind.com
85378146,REQUEST_FAILED,,,,,
85378266,REQUEST_FAILED,,,,,
85378395,deadAbandoned,STEVIALIFE,"May 22, 2012",Stevialife Sweeteners Limited,,dbanks@stevialife.com
85378323,REQUEST_FAILED,,,,,
85378631,REQUEST_FAILED,,,,,
85378654,REQUEST_FAILED,,,,,
85378671,REQUEST_FAILED,,,,,
85378923,REQUEST_FAILED,,,,,
85378962,deadAbandoned,MAMTEK U.S.,"May 18, 2012","Mamtek US Holdings, Inc.",,
85378983,deadAbandoned,PROTÉGÉ BLT,"May 24, 2012","BLT ENTERTAINMENT, LLC",,mbannach@gmail.com
85379050,deadAbandoned,NAPLES TOWN SQUARE,"Dec. 12, 2012","Imagine Home Concepts, LLC",,
85378939,REQUEST_FAILED,,,,,
85378945,REQUEST_FAILED,,,,,
85378941,REQUEST_FAILED,,,,,
85379092,deadAbandoned,HI-TEC TWISTER,"Oct. 08, 2012","Szemerei, Antal",,
85379152,deadAbandoned,DEALS 4 COURAGE,"May 15, 2012",Challenger 5,,info@deals4courage.com
85379078,REQUEST_FAILED,,,,,
85379130,REQUEST_FAILED,,,,,
85379168,REQUEST_FAILED,,,,,
85379330,REQUEST_FAILED,,,,,
85379345,deadAbandoned,GREEN TECH SYSTEMS,"May 23, 2012","Green Tech Systems, INC",,pmajersky@green-tech-systems.com
85379412,deadAbandoned,NATURES FINEST EVERHARD EST 09 YOU'LL KNOCK EM OUT,"May 30, 2012",Edward Mesa,,EverhardInfo@Yahoo.com
85379402,REQUEST_FAILED,,,,,
85379441,deadAbandoned,SMOKIN' SCATTERS,"Apr. 30, 2012",Ainsworth Game Technology Limited,,Matthew.Loon@ainsworth.com.au
85379452,deadAbandoned,EMERALD EYES,"May 17, 2012",Ainsworth Game Technology Limited,,Matthew.Loon@ainsworth.com.au
85379423,REQUEST_FAILED,,,,,
85379460,deadAbandoned,DOUBLE DRAGONS,"May 17, 2012",Ainsworth Game Technology Limited,,Matthew.Loon@ainsworth.com.au
85379466,deadAbandoned,BUFFALO THUNDER,"May 18, 2012",Ainsworth Game Technology Limited,,Matthew.Loon@ainsworth.com.au
85379453,deadAbandoned,DREAM MACHINE,"May 18, 2012",Ainsworth Game Technology Limited,,Matthew.Loon@ainsworth.com.au
85379464,deadAbandoned,PINK GALAH,"May 17, 2012",Ainsworth Game Technology Limited,,Matthew.Loon@ainsworth.com.au
85379462,REQUEST_FAILED,,,,,
85379508,deadAbandoned,MIGHTY RESULTS BUILDING LASTING RESULTS,"Oct. 08, 2012","Sanek, Aaron",,
85379465,REQUEST_FAILED,,,,,
85379483,REQUEST_FAILED,,,,,
85379534,REQUEST_FAILED,,,,,
85379716,deadAbandoned,P POCKET PRODUCTIONS LLC,"May 22, 2012",Pocket Productions,,ac171@comcast.net
85379767,deadAbandoned,GO GOLDEN OPPORTUNITIES,"Oct. 09, 2012",Golden Opportunities,,
85379682,REQUEST_FAILED,,,,,
85379770,REQUEST_FAILED,,,,,
85379929,deadAbandoned,STEAMBOATING,"Dec. 03, 2012","Krida, Jeff",,
85379933,REQUEST_FAILED,,,,,
85379956,REQUEST_FAILED,,,,,
85380071,REQUEST_FAILED,,,,,
85380251,deadAbandoned,SPORT O2,"Apr. 19, 2012","Synergy O2, Inc.",,rose@so2inc.com
85380086,REQUEST_FAILED,,,,,
85380261,REQUEST_FAILED,,,,,
85380340,REQUEST_FAILED,,,,,
85380371,REQUEST_FAILED,,,,,
85380347,REQUEST_FAILED,,,,,
85380391,REQUEST_FAILED,,,,,
85380512,deadAbandoned,MAGGIE TALES,"Dec. 11, 2012",JaMarl Publishing LLC,,honeysong7@aol.com
85380495,REQUEST_FAILED,,,,,
85380510,REQUEST_FAILED,,,,,
85380587,deadAbandoned,TOP TECH HEATING AND AIR CONDITIONING,"Dec. 11, 2012",REGENCY SERVICES LLC,,
85380519,REQUEST_FAILED,,,,,
85380602,deadAbandoned,SHAVER SAVER,"Sep. 24, 2012","Gelina, Jamey",,
85380584,deadAbandoned,HUB,"May 18, 2012",BOXX Corp,,ericvm@boxxcorp.com
85380554,REQUEST_FAILED,,,,,
85380564,REQUEST_FAILED,,,,,
85380588,REQUEST_FAILED,,,,,
85380749,deadAbandoned,AMERICA CAN YOU SHOOT POOL,"May 28, 2012",Jeff Johnson,,
85380680,deadAbandoned,AEM ADVANCED ENERGY MANAGEMENT,"Sep. 13, 2012","Advanced Energy Management, Inc.",,ken@goaem.com
85380701,deadAbandoned,DEALNET,"Oct. 31, 2012",Amazecell Ltd.,,
85380761,REQUEST_FAILED,,,,,
85380762,REQUEST_FAILED,,,,,
85380891,deadAbandoned,IDENTIFY AND RESOLVE THE ROOT CAUSE.,"May 22, 2012","I.P. Home, LLC",,cnixon@biohealthnow.com
85380811,REQUEST_FAILED,,,,,
85380823,REQUEST_FAILED,,,,,
85380842,REQUEST_FAILED,,,,,
85380929,deadAbandoned,BIOMATRIX SPORT SUPPORT,"May 22, 2012","I.P. Home, LLC",,cnixon@biohealthnow.com
85380921,deadAbandoned,BIOHELP,"Sep. 24, 2012","I.P. Home, LLC",,cnixon@biohealthnow.com
85381081,deadAbandoned,SENTRY TV MONITORING HOW MUCH YOUR KIDS WATCH!,"Dec. 10, 2012","Moran, Uri",,
85380957,REQUEST_FAILED,,,,,
85381080,REQUEST_FAILED,,,,,
85381088,deadAbandoned,FREEV,"May 16, 2012","Igner, Jonathan M.",,gofreev@gmail.com
85381190,deadAbandoned,ALL AGAINST IT,"Sep. 24, 2012","Klipper, Alana Brynn",,Alanab1218@aol.com
85381089,REQUEST_FAILED,,,,,
85381210,deadAbandoned,PEOPLE'S 101 ENTERPRISE,"Oct. 15, 2012","Kim, Dong Wook",,
85381208,deadAbandoned,COLDBASE,"May 25, 2012","MaxQ Technology, LLC",,memo@maxqtechnology.com
85381153,REQUEST_FAILED,,,,,
85381281,deadAbandoned,CASA FORJA METAL DESIGN STUDIO,"Sep. 25, 2012","House of Forgings, LLC.",,jpalazzo@hofllc.com
85381195,REQUEST_FAILED,,,,,
85381250,deadAbandoned,SOMEBIZLIFE,"Nov. 09, 2012",Carl L Hall Jr,,chuck@yourmarketingexec.com
85381323,deadAbandoned,WHAT HAPPENS IN JACKSON STAYS IN THE HOLE,"Mar. 12, 2012","Choi, John",,
85381248,REQUEST_FAILED,,,,,
85381287,REQUEST_FAILED,,,,,
85381341,REQUEST_FAILED,,,,,
85381556,deadAbandoned,FEARLESS FUNDRAISING INSTITUTE,"Oct. 15, 2012","Dixon, Terry",,
85381371,REQUEST_FAILED,,,,,
85381572,deadAbandoned,"PROTECTING YOUR TECHNOLOGY FROM THE ELEMENTS, WHILE HELPING OUR ENVIRONMENT","Sep. 10, 2012","VCS Distribution, LLC.",,
85381545,REQUEST_FAILED,,,,,
85381549,REQUEST_FAILED,,,,,
85381596,deadAbandoned,HOMEPRO PLUMBING,"May 16, 2012","Suscavage, David",,dsuscavage@comcast.net
85381621,deadAbandoned,C 3,"May 17, 2012","Combat and Conditioning Concepts, LLC",,info@dccombatlabs.com
85381631,deadAbandoned,AMERICAN THUNDER,"May 22, 2012","Source Interlink Magazines, LLC",,
85381578,REQUEST_FAILED,,,,,
85381662,deadAbandoned,D C COMBAT LABS,"May 17, 2012","Combat and Conditioning Concepts, LLC",,info@dccombatlabs.com
85381582,REQUEST_FAILED,,,,,
85381573,REQUEST_FAILED,,,,,
85381691,deadAbandoned,RULE YOUR KINGDOM,"Sep. 24, 2012","Rule Your Kingdom, LP",,csiegel@lionheartusa.com
85381671,REQUEST_FAILED,,,,,
85381689,REQUEST_FAILED,,,,,
85381742,deadAbandoned,YOU REAP WHAT YOU SPREAD,"Mar. 22, 2012",Monad Corporation,,jun@monad.co
85381794,deadAbandoned,THINGS AND HUMANS NETWORK,"Apr. 30, 2012","TRIPLE H INTELLIGENT CONTROL (BEIJING) SYSTEM INTEGRATION CO., LTD.",,info.info168@gmail.com
85381759,REQUEST_FAILED,,,,,
85381770,REQUEST_FAILED,,,,,
85381781,REQUEST_FAILED,,,,,
85381805,REQUEST_FAILED,,,,,
85381871,deadAbandoned,PLEASANT CAR CARE,"Dec. 17, 2012","Zlatkos, Kyriakos",,
85381879,deadAbandoned,THE SECURE MONEY GUY,"May 17, 2012","Senior Care Insurance Agency, Inc.",,
85381867,deadAbandoned,GET YOUR HEART-ON,"Oct. 08, 2012","Berndt, John",,
85381889,deadAbandoned,TUNECARD,"May 24, 2012",PIRATEC PTY LTD,,warren@piratec.com.au
85381885,deadAbandoned,TUNECHIP,"May 21, 2012",PIRATEC PTY LTD,,warren@piratec.com.au
85381865,deadAbandoned,X X,"Dec. 06, 2012","Villeda, Jose",,
85381877,REQUEST_FAILED,,,,,
85381882,REQUEST_FAILED,,,,,
85381892,REQUEST_FAILED,,,,,
85382043,deadAbandoned,MAXBODY,"May 24, 2012",Maxbody,,joe@maxbody.com
85382155,REQUEST_FAILED,,,,,
85382124,REQUEST_FAILED,,,,,
85382163,REQUEST_FAILED,,,,,
85382206,deadAbandoned,MYSNICE.COM,"May 28, 2012",SAS 770 Unlimited,,contact@mysnice.com
85382204,REQUEST_FAILED,,,,,
85382227,REQUEST_FAILED,,,,,
85382245,REQUEST_FAILED,,,,,
85382316,deadAbandoned,PLEASE DO NOT FEED THE ELEPHANTS,"Oct. 15, 2012","Gottlieb, Ted",,grassroot.visions@gmail.com
85382396,deadAbandoned,REDD HONIE,"May 18, 2012",Brown Nicole Sharee,,reddhonie@gmail.com
85382292,REQUEST_FAILED,,,,,
85382346,REQUEST_FAILED,,,,,
85382398,REQUEST_FAILED,,,,,
85382463,REQUEST_FAILED,,,,,
85382552,REQUEST_FAILED,,,,,
85382610,deadAbandoned,MEDICHECK,"May 24, 2012",MD Doctors Direct GmbH,,eddie@mdbiosciences.com
85382628,deadAbandoned,MDCHECK,"May 24, 2012",MD Doctors Direct GmbH,,eddie@mdbiosciences.com
85382677,deadAbandoned,PRINT MEETS DIGITAL,"Oct. 15, 2012","Banner Retail Marketing Group, LLC",,
85382697,deadAbandoned,COUPLET CLOTHING COMPANY,"May 29, 2012","STEPHENSON, Nicholas S.",,
85382734,deadAbandoned,C3,"May 29, 2012","STEPHENSON, Nicholas S.",,
85382680,REQUEST_FAILED,,,,,
85382780,deadAbandoned,METRO LEASH,"Sep. 24, 2012","Barnes, Meegan",,
85382765,REQUEST_FAILED,,,,,
85382838,deadAbandoned,THETRUCKERSFRIEND.COM,"May 21, 2012","Bourk, Brad",,B.bourk@ncs700.com
85382853,deadAbandoned,GLOBAL HEALTH TRAINING,"Nov. 18, 2012","Asia, Mohammad",,
85382795,REQUEST_FAILED,,,,,
85382858,deadAbandoned,COMPLETE PROTECTION,"May 19, 2012",Inovatex LLC,,info@inovatex.com
85382859,deadAbandoned,FAMILY VISION,"Jun. 20, 2012","Davis, Hilda",,
85382871,REQUEST_FAILED,,,,,
85382864,REQUEST_FAILED,,,,,
85382919,deadAbandoned,NUDE SKATE CO,"Dec. 31, 2012","Kaeding, Timothy",,
85382904,REQUEST_FAILED,,,,,
85382907,REQUEST_FAILED,,,,,
85382946,REQUEST_FAILED,,,,,
85383012,deadAbandoned,HAIR.,"May 29, 2012","FAILLA, GEOFFREY",,allaugust2011tm@hotmail.com
85382967,REQUEST_FAILED,,,,,
85383034,deadAbandoned,THEFARMCLOTHING,"May 25, 2012","Barnes, Gary",,
85382973,REQUEST_FAILED,,,,,
85383049,deadAbandoned,STAMP,"Jul. 29, 2012",STAMPZZ MEDIA S.A.,,info@stampzzmedia.com
85383051,deadAbandoned,RESTAMP,"Jul. 29, 2012",STAMPZZ MEDIA S.A.,,info@stampzzmedia.com
85383033,REQUEST_FAILED,,,,,
85383027,deadAbandoned,SECURITY DATA WAREHOUSE,"May 22, 2012",Zettaset,,
85383053,REQUEST_FAILED,,,,,
85383058,REQUEST_FAILED,,,,,
85383111,deadAbandoned,B-LINEXPRESS,"May 29, 2012",B-LineXpress,,chris@aspenvaillimo.com
85383274,deadAbandoned,ROYAL,"May 29, 2012","ROYAL FLAVOR, LLC",,etorresmt@gmail.com
85383237,deadAbandoned,HOOLIGANSKIDS,"May 29, 2012",Hooligans Kids Clothing,,adri@hooliganskids.com
85383212,REQUEST_FAILED,,,,,
85383284,REQUEST_FAILED,,,,,
85383333,deadAbandoned,MOKU,"May 08, 2012","Todate, Masayuki",,gandula@gmail.com
85383294,REQUEST_FAILED,,,,,
85383323,REQUEST_FAILED,,,,,
85383344,REQUEST_FAILED,,,,,
85383442,REQUEST_FAILED,,,,,
85383476,REQUEST_FAILED,,,,,
85383693,deadAbandoned,RAVE BANDZ,"Oct. 08, 2012","FRESH APPAREL, LLC",,
85383629,REQUEST_FAILED,,,,,
85383665,REQUEST_FAILED,,,,,
85383759,deadAbandoned,FRIENDS THAT RAVE TOGETHER STAY TOGETHER,"Sep. 24, 2012","FRESH APPAREL, LLC",,
85383696,REQUEST_FAILED,,,,,
85383697,REQUEST_FAILED,,,,,
85383756,deadAbandoned,UFREEZE,"Sep. 24, 2012",Hansamed Inc.,,o.kroeger@hansamed.net
85383849,REQUEST_FAILED,,,,,
85383917,REQUEST_FAILED,,,,,
85383983,deadAbandoned,BE SAFE BE BEAUTIFUL BUY AMERICAN,"Mar. 14, 2012","Farouk Systems, Inc.",,
85384046,deadAbandoned,DREAMS INSCENTS,"Sep. 24, 2012","Scott, Corey",,
85383986,REQUEST_FAILED,,,,,
85384044,deadAbandoned,URBAN GREENIE,"May 22, 2012",Kristen Barry,,kris@fourthpillarconsulting.com.au
85384064,deadAbandoned,BIOFLOC,"Nov. 26, 2012","Taylor, Donald",,
85384059,REQUEST_FAILED,,,,,
85384076,REQUEST_FAILED,,,,,
85384186,deadAbandoned,ES,"May 30, 2012","Kangping Technology (Suzhou) Co., Ltd.",,zhanghonglu@inipa.com
85384133,REQUEST_FAILED,,,,,
85384183,deadAbandoned,ANZEEL,"May 24, 2012",ANZEEL LTD.,,mail@chinaelites.com
85384194,deadAbandoned,SOUTH GULF WEAR,"Dec. 12, 2012","Gulf Wear, L.L.C.",,
85384182,deadAbandoned,AVIATORS GANG,"Sep. 24, 2012","Arrington, Kerry",,
85384153,REQUEST_FAILED,,,,,
85384199,deadAbandoned,HERO,"May 23, 2012","NINGBO BAOLI UNITED IMP. & EXP. CO., LTD.",,info.info168@gmail.com
85384189,REQUEST_FAILED,,,,,
85384278,REQUEST_FAILED,,,,,
85384370,deadAbandoned,DEMIQUARTZ DOUBLET,"Dec. 22, 2012","Silvex International, Inc.",,silvexinternational@gmail.com
85384294,REQUEST_FAILED,,,,,
85384409,deadAbandoned,GREEN IS LIFE,"May 23, 2012","EBED HOLDINGS, INC.",,
85384336,REQUEST_FAILED,,,,,
85384491,deadAbandoned,SMART COOKIE,"Aug. 27, 2012",THE WINE GROUP LLC,,DIJANA.KRISTO@THEWINEGROUP.COM
85384398,REQUEST_FAILED,,,,,
85384579,deadAbandoned,WADESMART,"Sep. 24, 2012",The Guideline Corporation,,donnmcafee@gmail.com
85384518,REQUEST_FAILED,,,,,
85384523,REQUEST_FAILED,,,,,
85384685,deadAbandoned,GUARANTEED PROTECTION,"May 19, 2012",Inovatex LLC,,info@inovatex.com
85384535,REQUEST_FAILED,,,,,
85384670,REQUEST_FAILED,,,,,
85384733,REQUEST_FAILED,,,,,
85384737,REQUEST_FAILED,,,,,
85384789,REQUEST_FAILED,,,,,
85384990,deadAbandoned,MRS. TRADEMARK,"Aug. 22, 2012","Virtual Varner, LLC",,
85385080,deadAbandoned,INSTANT MORTAR MATCH,"Jul. 05, 2012","Bingham, Erin C",,EColeproducts@Gmail.com
85384878,REQUEST_FAILED,,,,,
85385079,REQUEST_FAILED,,,,,
85385187,deadAbandoned,INTELLECTUAL CAPITAL,"May 28, 2012",steve chapple,,intellectualcapitalchapple@gmail.com
85385087,REQUEST_FAILED,,,,,
85385262,deadAbandoned,PROVINCIA,"May 31, 2012",PENICHE ARTURO ADOLFO,,artpensol@gmail.com
85385294,deadAbandoned,EBEL,"May 23, 2012","Mamani Flores, Martin Nazario",,martinmamani@yahoo.com
85385302,deadAbandoned,None,"Nov. 05, 2012","Gulf Wear, L.L.C.",,
85385176,REQUEST_FAILED,,,,,
85385293,REQUEST_FAILED,,,,,
85385328,deadAbandoned,HEALTH-PLUS,"Dec. 13, 2012",SILVER LAIN S.L.,,javier@agulleiro.com
85385340,deadAbandoned,OATEIN,"May 22, 2012","Oatein, LLC",,cs@getoatein.com
85385342,deadAbandoned,FAVOR FINDER,"May 29, 2012","Swing Industries, Inc.",,
85385325,REQUEST_FAILED,,,,,
85385326,REQUEST_FAILED,,,,,
85385391,deadAbandoned,TEN/10THS,"Oct. 01, 2012","Vinalor, LLC",,
85385334,REQUEST_FAILED,,,,,
85385338,REQUEST_FAILED,,,,,
85385360,REQUEST_FAILED,,,,,
85385422,REQUEST_FAILED,,,,,
85385459,REQUEST_FAILED,,,,,
85385553,REQUEST_FAILED,,,,,
85385643,deadAbandoned,DINGLI,"May 30, 2012","ZHEJIANG DINGLI MACHINERY CO., LTD.",,info.info168@gmail.com
85385673,deadAbandoned,TRAVERSE CITY BASS A LIGHT TACKLE & FLY FISHING GUIDE SERVICE KEVIN R. BRANT,"May 30, 2012","North Shore Adventures, LLC",,benwolfe@me.com
85385650,deadAbandoned,TRAVERSE CITY BASS KEVIN R. BRANT,"May 30, 2012","North Shore Adventures, LLC",,benwolfe@me.com
85385645,REQUEST_FAILED,,,,,
85385649,REQUEST_FAILED,,,,,
85385693,REQUEST_FAILED,,,,,
85385807,deadAbandoned,CREATORS OF THE VEHICLE PERFORMANCE PLATFORM,"May 30, 2012",Rocket City Rods,,tom@roketcityrods.com
85385740,REQUEST_FAILED,,,,,
85385843,deadAbandoned,URBAN GENTLEMAN MAGAZINE,"May 30, 2012","Sawyer, Stacy Ellen",,editor@urbangentlemanmagazine.com
85385794,REQUEST_FAILED,,,,,
85385865,REQUEST_FAILED,,,,,
85385910,deadAbandoned,LIFE-BOOK.COM,"May 28, 2012",THE SKY IS NO LIMIT LTD.,,tm.us1597cl@gmail.com
85386014,deadAbandoned,WAKE THE BITE!,"May 23, 2012","North Shore Adventures, LLC",,benwolfe@me.com
85385956,REQUEST_FAILED,,,,,
85386032,REQUEST_FAILED,,,,,
85386236,REQUEST_FAILED,,,,,
85386345,REQUEST_FAILED,,,,,
85386659,deadAbandoned,SOL,"Sep. 16, 2012","Mendez, Kenneth",,kenlinconst@aol.com
85386432,REQUEST_FAILED,,,,,
85386647,REQUEST_FAILED,,,,,
85386718,deadAbandoned,EBUSINESSAPPRAISALS.COM,"May 11, 2012","ACA Partners, LLC",,ebusinessappraisals@gmail.com
85386685,REQUEST_FAILED,,,,,
85386688,REQUEST_FAILED,,,,,
85386822,deadAbandoned,MARBLE SCORE,"May 25, 2012","Grass Fed Direct, LLC",,tklenke@gmail.com
85386782,REQUEST_FAILED,,,,,
85386787,REQUEST_FAILED,,,,,
85386797,REQUEST_FAILED,,,,,
85386897,deadAbandoned,None,"Oct. 01, 2012","Nine Thirty of America, LLC",,
85386922,deadAbandoned,CLOSECONNECT,"Sep. 24, 2012",HTC Corporation,,kathy.callahan@bracewell.com
85386936,deadAbandoned,CHRIS ALLURE,"Nov. 27, 2012","Batista, Christian",,
85386862,REQUEST_FAILED,,,,,
85387008,deadAbandoned,NU NUSONIX,"Dec. 03, 2012","DeVilliers, Jerry, Jr.",,operations@nusonix.com
85386888,REQUEST_FAILED,,,,,
85387039,deadAbandoned,CONNECTIVE INTELLIGENCE,"Oct. 08, 2012","ThingWorx, Inc.",,
85387113,deadAbandoned,WHOSUNDERYOURHOOD,"Oct. 01, 2012","Mareira, Rick",,
85387150,deadAbandoned,WHOISUNDERYOURHOOD,"Oct. 01, 2012","Mareira, Rick",,
85387060,REQUEST_FAILED,,,,,
85387094,REQUEST_FAILED,,,,,
85387157,REQUEST_FAILED,,,,,
85387281,deadAbandoned,WHEN PIGS FLY,"Oct. 01, 2012",Societe des Produits Nestle S.A.,,TMOffice@purina.nestle.com
85387226,REQUEST_FAILED,,,,,
85387303,REQUEST_FAILED,,,,,
85387393,REQUEST_FAILED,,,,,
85387509,REQUEST_FAILED,,,,,
85387555,deadAbandoned,CARING REALTY WHERE HEART MEETS SOLD,"May 22, 2012",Caring Realty,,mmiddien@gmail.com
85387598,REQUEST_FAILED,,,,,
85387633,REQUEST_FAILED,,,,,
85387638,REQUEST_FAILED,,,,,
85387776,deadAbandoned,SUPER GAME,"May 30, 2012",Ainsworth Game Technology Limited,,Matthew.Loon@ainsworth.com.au
85387727,REQUEST_FAILED,,,,,
85387728,REQUEST_FAILED,,,,,
85387793,deadAbandoned,JOYBITS,"Oct. 01, 2012","Rybakov, Anton",,
85387781,deadAbandoned,WICKED WALTZ,"Oct. 29, 2012","Nicholson, Micah",,
85387759,REQUEST_FAILED,,,,,
85387760,REQUEST_FAILED,,,,,
85387810,deadAbandoned,HUMANITY FALLS,"Oct. 01, 2012","Bednarek, Ed",,
85387842,REQUEST_FAILED,,,,,
85387905,REQUEST_FAILED,,,,,
85387959,REQUEST_FAILED,,,,,
85388127,deadAbandoned,TOPLINK,"May 30, 2012","JacobsParts, Inc.",,
85387996,REQUEST_FAILED,,,,,
85388133,REQUEST_FAILED,,,,,
85388181,REQUEST_FAILED,,,,,
85388413,REQUEST_FAILED,,,,,
85388424,REQUEST_FAILED,,,,,
85388515,REQUEST_FAILED,,,,,
85388573,REQUEST_FAILED,,,,,
85388677,REQUEST_FAILED,,,,,
85388679,REQUEST_FAILED,,,,,
85388727,REQUEST_FAILED,,,,,
85388766,REQUEST_FAILED,,,,,
85388819,deadAbandoned,2,"May 30, 2012","Red Lion Software, LLC",,lauren@lvpsolutions.com
85388915,REQUEST_FAILED,,,,,
85388943,REQUEST_FAILED,,,,,
85389029,deadAbandoned,ECOECOS,"Dec. 10, 2012","EcoEcos, LLC",,juliezhou67@hotmail.com
85389100,deadAbandoned,ANAHUAC,"Dec. 31, 2012","Plantas Medicinales Anahuac, S.A de C.V",,
85389007,REQUEST_FAILED,,,,,
85389039,REQUEST_FAILED,,,,,
85389164,deadAbandoned,OLGASAUCE,"Jul. 30, 2012","Becker Yogurt, LLC",,allen@frostyproducgts.com
85389075,REQUEST_FAILED,,,,,
85389200,REQUEST_FAILED,,,,,
85389268,REQUEST_FAILED,,,,,
85389378,REQUEST_FAILED,,,,,
85389410,REQUEST_FAILED,,,,,
85389417,REQUEST_FAILED,,,,,
85389431,REQUEST_FAILED,,,,,
85389729,deadAbandoned,VINEYARD,"Jun. 04, 2012","Crumpacker, John W.",,bivy@gorge.net
85389779,deadAbandoned,KLASSIC,"Oct. 22, 2012",Kessa Moore,,kessa12@yahoo.com
85389637,REQUEST_FAILED,,,,,
85389702,REQUEST_FAILED,,,,,
85389767,REQUEST_FAILED,,,,,
85389782,REQUEST_FAILED,,,,,
85389914,deadAbandoned,AGCELERATOR,"Oct. 01, 2012","Cohn, Neil",,
85389865,REQUEST_FAILED,,,,,
85389962,REQUEST_FAILED,,,,,
85390050,deadAbandoned,TAXI AROUND THE ART,"Oct. 01, 2012","OROZCO ESPINOZA, IGNACIO",,ccamara@anki.com.mx
85390013,REQUEST_FAILED,,,,,
85390068,REQUEST_FAILED,,,,,
85390077,REQUEST_FAILED,,,,,
85390149,deadAbandoned,"YEP, BUT WHAT A YA GONNA DO","Oct. 29, 2012","Scharff, Jeff",,
85390116,deadAbandoned,DIRTY ROTTEN SCOUNDRELS,"Oct. 01, 2012",Expansion Inc.,,
85390165,deadAbandoned,PLAYALIVE,"Oct. 22, 2012","Meyers, Mark",,
85390155,deadAbandoned,APPLING'S,"May 30, 2012","Meyers, Mark",,
85390140,REQUEST_FAILED,,,,,
85390136,REQUEST_FAILED,,,,,
85390231,deadAbandoned,FTBCI,"Jul. 20, 2012","FENGTAI (XIAMEN) GROUP CO., LTD",,tonytune2012@gmail.com
85390210,REQUEST_FAILED,,,,,
85390289,deadAbandoned,SUPERAMA,"Oct. 01, 2012","Saguaro Overland Investments, l.l.c.",,
85390294,deadAbandoned,SILVER SKYE'S,"Oct. 01, 2012","Bunthol, Sreyleak",,
85390217,REQUEST_FAILED,,,,,
85390299,deadAbandoned,SULLIVAN AND HENRY,"Oct. 01, 2012","Highman, Howard",,
85390277,REQUEST_FAILED,,,,,
85390302,deadAbandoned,COVEEZ,"Oct. 01, 2012","Hamilton, Lori",,
85390369,REQUEST_FAILED,,,,,
85390532,REQUEST_FAILED,,,,,
85390562,REQUEST_FAILED,,,,,
85390730,deadAbandoned,PX+ SCORE,"Jun. 08, 2012","AUREON, INC.",,
85390766,deadAbandoned,PX SCORE,"Jul. 25, 2012","AUREON, INC.",,
85390696,REQUEST_FAILED,,,,,
85390722,REQUEST_FAILED,,,,,
85390759,REQUEST_FAILED,,,,,
85390985,deadAbandoned,SWARM,"Jun. 05, 2012",Swarm Events LLC,,justin@olympiamediagroup.com
85390879,REQUEST_FAILED,,,,,
85390892,REQUEST_FAILED,,,,,
85391025,deadAbandoned,1000 HOUR SILKYFOOT,"Feb. 15, 2012",CHEMCORP PTY LTD.,,
85391132,deadAbandoned,BERNARDS EYE CARE,"Oct. 22, 2012","Dente, Christopher",,
85391037,REQUEST_FAILED,,,,,
85391048,REQUEST_FAILED,,,,,
85391168,deadAbandoned,ZUBIDAY ENTERPRISES,"Sep. 21, 2012","Holliday, Melinda S.",,
85391167,deadAbandoned,RENT.RELAX.RETURN.,"Oct. 22, 2012","Golet, Tanya",,
85391236,deadAbandoned,HARMONY IN THE CITY,"Oct. 01, 2012","Eagleson, Melissa A.",,eagleson@alumni.usc.edu
85391175,REQUEST_FAILED,,,,,
85391254,deadAbandoned,CHALKTALK,"Dec. 31, 2012","Hattoum, Alexander",,
85391238,REQUEST_FAILED,,,,,
85391239,REQUEST_FAILED,,,,,
85391247,REQUEST_FAILED,,,,,
85391258,REQUEST_FAILED,,,,,
85391288,deadAbandoned,GIOSK,"Oct. 08, 2012",Jamie Ryder,,lauren@lvpsolutions.com
85391313,REQUEST_FAILED,,,,,
85391318,REQUEST_FAILED,,,,,
85391358,deadAbandoned,BELFORTGLASS,"Nov. 05, 2012","DiCampli, Roberto",,
85391324,REQUEST_FAILED,,,,,
85391375,deadAbandoned,MVD MOST VALUABLE DRIVER,"Nov. 12, 2012","Osbourn, Paul",,
85391373,deadAbandoned,GUTE CAMP RX,"Oct. 08, 2012","Gutierres, Jason",,
85391364,REQUEST_FAILED,,,,,
85391369,REQUEST_FAILED,,,,,
85391422,deadAbandoned,KASANOVA KITTENZ CLUB,"Jun. 04, 2012","KASANOVA Enterprises, Inc",,b@kasanovaonline.com
85391396,REQUEST_FAILED,,,,,
85391426,REQUEST_FAILED,,,,,
85391480,REQUEST_FAILED,,,,,
85391487,REQUEST_FAILED,,,,,
85391476,REQUEST_FAILED,,,,,
85391520,REQUEST_FAILED,,,,,
85391562,REQUEST_FAILED,,,,,
85391564,REQUEST_FAILED,,,,,
85391586,deadAbandoned,CURIOSITY CAPITAL,"Jun. 03, 2012","Krings-Ernst, Dennis",,dennis@krings-ernst.de
85391734,deadAbandoned,HUAYU,"Jun. 05, 2012","TIANCHANG HUAYU ELECTRONICS CO., LTD.",,info.info168@gmail.com
85391733,deadAbandoned,GETTY WATER,"Sep. 10, 2012",Getty Water LLC,,
85391679,REQUEST_FAILED,,,,,
85391693,REQUEST_FAILED,,,,,
85391732,deadAbandoned,REVOLT. REBEL.,"Jun. 05, 2012","Lubczanska, Joanna",,liquidalpha@hotmail.com
85391837,REQUEST_FAILED,,,,,
85391865,REQUEST_FAILED,,,,,
85392011,REQUEST_FAILED,,,,,
85392014,REQUEST_FAILED,,,,,
85392077,REQUEST_FAILED,,,,,
85392169,deadAbandoned,BETTERCHOICES,"Jun. 03, 2012",Better Choices,,maleka@betterchoices.co
85392135,REQUEST_FAILED,,,,,
85392225,REQUEST_FAILED,,,,,
85392296,REQUEST_FAILED,,,,,
85392361,REQUEST_FAILED,,,,,
85392390,REQUEST_FAILED,,,,,
85392527,REQUEST_FAILED,,,,,
85392564,REQUEST_FAILED,,,,,
85392599,deadAbandoned,VIDEO COACH,"May 31, 2012",Stridepoint,,mnerland@rocketready.com
85392613,deadAbandoned,NTRO,"Oct. 01, 2012","nProgress, Inc.",,
85392668,deadAbandoned,MIVOSA,"Oct. 29, 2012","Dolce Touch, LLC",,Matthew@dolcetouch.com
85392652,REQUEST_FAILED,,,,,
85392645,REQUEST_FAILED,,,,,
85392670,REQUEST_FAILED,,,,,
85392694,REQUEST_FAILED,,,,,
85392758,deadAbandoned,COAST,"Oct. 01, 2012",Carlon Holdings,,alhen69157@aol.com
85392760,deadAbandoned,G.E.T.,"Oct. 01, 2012",Carlon Holdings,,alhen69157@aol.com
85392771,deadAbandoned,3 DAY,"Jun. 04, 2012",Carlon Holdings,,alhen69157@aol.com
85392779,deadAbandoned,MOMENT,"Oct. 01, 2012",Carlon Holdings,,alhen69157@aol.com
85392822,deadAbandoned,CHOCHU H,"Jun. 01, 2012","GUANGZHOU CANUDILO FASHION & ACCESSORIES CO., LTD.",,info.info168@gmail.com
85392756,REQUEST_FAILED,,,,,
85392836,deadAbandoned,None,"Jul. 12, 2012",GREEN ISLAND INTERNATIONAL TCM GROUP LIMITED,,hkgreenisland@gmail.com
85392765,REQUEST_FAILED,,,,,
85392842,deadAbandoned,LOVE SMART,"Oct. 15, 2012","Browne, Brielle",,
85392816,deadAbandoned,CHOCHU H,"Jun. 01, 2012","GUANGZHOU CANUDILO FASHION & ACCESSORIES CO., LTD.",,info.info168@gmail.com
85392825,deadAbandoned,ZOMBIE KILLERZ,"Dec. 26, 2012","Zombie Killerz, LLC",,
85392927,REQUEST_FAILED,,,,,
85392928,REQUEST_FAILED,,,,,
85392942,REQUEST_FAILED,,,,,
85393008,deadAbandoned,REPUTATION MANAGERS,"Jun. 04, 2012",Reputation Managers LLC,,teevan@reputationmanagers.com
85392955,REQUEST_FAILED,,,,,
85392960,REQUEST_FAILED,,,,,
85393013,deadAbandoned,PICKD,"Jun. 11, 2012",Pickd Incorporated,,
85393071,deadAbandoned,GTLDA GTLD ADVISERS,"Apr. 19, 2012","Hansen, Nathaniel",,nat.hansen@yahoo.com
85393165,deadAbandoned,PLATE FRAMES ONLINE .COM,"Jun. 04, 2012","Kushworks Studios, LLC",,info@kushworks.com
85393079,REQUEST_FAILED,,,,,
85393209,deadAbandoned,WHY NOT ME,"Jun. 07, 2012","Kim, Dr. Tae Yun",,
85393131,REQUEST_FAILED,,,,,
85393135,REQUEST_FAILED,,,,,
85393295,deadAbandoned,ECO-GREEN,"Dec. 17, 2012","Golden Mills, LLC",,marty@goldenmills.com
85393317,deadAbandoned,ARKANSAS EMS EXPO,"Jun. 04, 2012","Kelley, Ken",,Kkelley@ipa.net
85393292,REQUEST_FAILED,,,,,
85393380,REQUEST_FAILED,,,,,
85393520,REQUEST_FAILED,,,,,
85393526,REQUEST_FAILED,,,,,
85393611,deadAbandoned,KEG LUBE,"Jun. 06, 2012",Haynes Manufacturing,,stacy@haynesmfg.com
85393633,REQUEST_FAILED,,,,,
85393725,REQUEST_FAILED,,,,,
85393779,REQUEST_FAILED,,,,,
85393786,REQUEST_FAILED,,,,,
85393841,REQUEST_FAILED,,,,,
85393842,REQUEST_FAILED,,,,,
85393869,deadAbandoned,WINNING.TV,"Mar. 02, 2012","FilmOn.com, Inc.",,alex@filmon.com
85393905,deadAbandoned,OMFG,"Aug. 08, 2012","Belcore & Associates, Inc.",,belcore_n@hotmail.com
85393920,deadAbandoned,RH,"Jun. 06, 2012","RENHE PHOTOVOLTAIC TECHNOLOGY CO., LTD.",,info.info168@gmail.com
85393943,deadAbandoned,"FITOUR CULTURAL, FERA INTERNACIONAL DE TURISMO CULTURAL","Apr. 12, 2012",ramon alvarez,,ramon.alvarez@gsamark.com
85393891,REQUEST_FAILED,,,,,
85393901,REQUEST_FAILED,,,,,
85393992,deadAbandoned,IPAY,"Jun. 15, 2012","Fang, Kuo-Chun",,eyeaim@gmail.com
85393974,REQUEST_FAILED,,,,,
85394097,deadAbandoned,IG8,"Jun. 15, 2012","Fang, Kuo-Chun",,eyeaim@gmail.com
85394150,deadAbandoned,HORSE RACE CARD,"Jun. 09, 2012",RICKY AHLUWALIA,,andersonip7@gmail.com
85394033,REQUEST_FAILED,,,,,
85394166,REQUEST_FAILED,,,,,
85394181,REQUEST_FAILED,,,,,
85394294,deadAbandoned,WORLD SPORTS HUB,"Jun. 07, 2012","World Sports Hub, LLC",,
85394345,deadAbandoned,SKYTERRA,"Dec. 19, 2012",Skyterra,,pj@equitrendcapital.com
85394290,deadAbandoned,RITZ MARKETING,"Dec. 28, 2012","Ritz, Kathleen",,
85394449,deadAbandoned,OLD GRINGO,"May 30, 2012",THE WINE GROUP LLC,,DIJANA.KRISTO@THEWINEGROUP.COM
85394329,REQUEST_FAILED,,,,,
85394360,REQUEST_FAILED,,,,,
85394408,REQUEST_FAILED,,,,,
85394484,REQUEST_FAILED,,,,,
85394523,REQUEST_FAILED,,,,,
85394686,deadAbandoned,TIC TAC PROS,"Jun. 25, 2012",TIC TAC PRO LLC,,greardon@playtictacpro.com
85394543,REQUEST_FAILED,,,,,
85394574,deadAbandoned,DRAGON FIRE FCE 888,"Dec. 31, 2012",Green Star Group,,admin@greenstargroup.net
85394783,REQUEST_FAILED,,,,,
85394808,REQUEST_FAILED,,,,,
85394844,REQUEST_FAILED,,,,,
85394946,deadAbandoned,TALL MAN,"Jul. 27, 2012","Langton, Robin",,
85394977,deadAbandoned,OPALS ARE FOR LOVE,"Dec. 10, 2012",goodson dick,,dickgoodson15@gmail.com
85394926,deadAbandoned,HYDROPONICS HOUSE,"Jun. 06, 2012",Hydroponics House LC,,martin.karo@verizon.net
85395009,deadAbandoned,None,"Oct. 15, 2012",GREENMASTER INDUSTRIAL CORP.,,exsior1993@xuite.net
85395011,deadAbandoned,LOS GALLOS,"May 12, 2012","MOLINO LA FAMA, INC.",,etorresmt@gmail.com
85394990,REQUEST_FAILED,,,,,
85395013,deadAbandoned,VINRAC,"Jun. 10, 2012",Vinrac Wine Racks Inc.,,ian@vinrac.com
85395053,deadAbandoned,FACEGOOD,"Jun. 06, 2012","Nicolas Lajarin , Juan Manuel",,juanma77@gmail.com
85395144,deadAbandoned,PIRAÑA JOE,"Oct. 29, 2012","WILD ENTERPRICES, S.A. DE C.V.",,etorresmt@gmail.com
85395030,REQUEST_FAILED,,,,,
85395111,REQUEST_FAILED,,,,,
85395133,REQUEST_FAILED,,,,,
85395250,REQUEST_FAILED,,,,,
85395354,REQUEST_FAILED,,,,,
85395516,deadAbandoned,NUTRITION PEACE,"Nov. 05, 2012","Nutrition Peace, LLC",,
85395564,deadAbandoned,FOODSERVICE MARKETPLACE,"Jun. 06, 2012","Karp, Darrell",,dkarp@lroa.com
85395502,REQUEST_FAILED,,,,,
85395562,REQUEST_FAILED,,,,,
85395563,REQUEST_FAILED,,,,,
85395654,REQUEST_FAILED,,,,,
85395816,deadAbandoned,BROKEN WING FOUNDATION,"Dec. 03, 2012","Foley, John",,
85395745,REQUEST_FAILED,,,,,
85396044,deadAbandoned,RAINBOW CHESS,"Jun. 05, 2012","Whitted, Christian",,christian@nycandg.com
85396008,REQUEST_FAILED,,,,,
85396011,REQUEST_FAILED,,,,,
85396095,deadAbandoned,IG8,"Jun. 15, 2012","Fang, Kuo-Chun",,eyeaim@gmail.com
85396140,deadAbandoned,"O. A. CARGO CHICAGO, INC.","Dec. 25, 2012","O. A. Cargo Chicago, Inc.",,
85396134,deadAbandoned,GLUTEN FREE GLUTTONS,"Nov. 05, 2012","LeClair, Katherine",,
85396153,deadAbandoned,URBANACTIVE UNDERWEAR COMPANY,"Dec. 06, 2012",Urban Trade Ltd,,
85396122,REQUEST_FAILED,,,,,
85396128,REQUEST_FAILED,,,,,
85396260,deadAbandoned,MOSTER,"Jun. 13, 2012","WANG,NAN-HSIN",,support@masterairtool.com
85396161,REQUEST_FAILED,,,,,
85396263,REQUEST_FAILED,,,,,
85396269,REQUEST_FAILED,,,,,
85396289,REQUEST_FAILED,,,,,
85396499,deadAbandoned,QUINCE STREET,"Jun. 12, 2012","LeRoy, Curtis W",,CWLeRoy@gmail.com
85396510,deadAbandoned,M&P SURVIVAL WATER,"Jun. 05, 2012","Davis, Neville N",,Neville611@gmail.com
85396730,deadAbandoned,SMARTPOINTS,"Jun. 12, 2012",Alliance Credit Union,,marketing@alliancecreditunion.org
85396605,REQUEST_FAILED,,,,,
85396721,REQUEST_FAILED,,,,,
85397029,deadAbandoned,OPTOFLU,"Dec. 03, 2012",Novartis AG,,
85396755,REQUEST_FAILED,,,,,
85397015,deadAbandoned,OPTUFLU,"Dec. 03, 2012",Novartis AG,,
85396848,deadAbandoned,ACQUA DI UVA,"Jun. 06, 2012","Crumpacker, John W.",,bivy@gorge.net
85397051,deadAbandoned,OPTEFLU,"Dec. 03, 2012",Novartis AG,,
85396925,deadAbandoned,VINEYARD TABLE WATER,"Jun. 04, 2012","Crumpacker, John W.",,bivy@gorge.net
85397061,REQUEST_FAILED,,,,,
85397175,deadAbandoned,LIQUIDARMY,"Oct. 08, 2012",ColorRite Distributing West Inc.,,
85397179,REQUEST_FAILED,,,,,
85397229,REQUEST_FAILED,,,,,
85397296,deadAbandoned,VACATION IN A BOX,"Oct. 15, 2012",Canyon Flight Trading Company,,
85397268,REQUEST_FAILED,,,,,
85397290,REQUEST_FAILED,,,,,
85397304,REQUEST_FAILED,,,,,
85397364,REQUEST_FAILED,,,,,
85397375,REQUEST_FAILED,,,,,
85397382,REQUEST_FAILED,,,,,
85397471,deadAbandoned,MAN,"Jun. 12, 2012",associated distributers inc,,
85397448,REQUEST_FAILED,,,,,
85397480,REQUEST_FAILED,,,,,
85397530,deadAbandoned,UNIVERSAL FOOD OVEN,"Jun. 08, 2012",G & W Imports LTD,,gw.imports@yahoo.co.nz
85397588,deadAbandoned,G-LINK,"Jun. 13, 2012",CHENG CHAN MAN CHI,,la03@netvigator.com
85397573,REQUEST_FAILED,,,,,
85397575,REQUEST_FAILED,,,,,
85397708,deadAbandoned,BIOCORE SUPPORT,"May 22, 2012","I.P. Home, LLC",,cnixon@biohealthnow.com
85397667,REQUEST_FAILED,,,,,
85397740,REQUEST_FAILED,,,,,
85397830,deadAbandoned,THUNDER TOYS,"Dec. 04, 2012","Dror, Elad",,beamaker@gmail.com
85397803,REQUEST_FAILED,,,,,
85397876,deadAbandoned,ZÖETIC ELEMENTAL SKINCARE,"Jun. 08, 2012","Varner, Sharon Downey",,downeyvarner@bellsouth.net
85397839,REQUEST_FAILED,,,,,
85397844,REQUEST_FAILED,,,,,
85398056,deadAbandoned,68° BY FOOT LOCKER,"Sep. 24, 2012","Foot Locker Retail, Inc.",,tbombata@footlocker.com
85398054,deadAbandoned,AUTOFINANCIAMIENTO TOTAL,"Jun. 12, 2012",AUTOFINANCIAMIENTO TOTAL SA DE CV,,mygabogados@infosel.net.mx
85398097,deadAbandoned,PEOPLES LAW GROUP,"Jun. 08, 2012","Velissaropoulos, Alexia",,alexia@peopleslg.com
85397952,REQUEST_FAILED,,,,,
85398028,REQUEST_FAILED,,,,,
85398184,REQUEST_FAILED,,,,,
85398246,REQUEST_FAILED,,,,,
85398342,REQUEST_FAILED,,,,,
85398388,deadAbandoned,WELLTRAK,"Oct. 15, 2012",Lenore T. Coleman,,drcoleman@healingourvillage.com
85398369,REQUEST_FAILED,,,,,
85398405,REQUEST_FAILED,,,,,
85398611,deadAbandoned,INDAPACK,"Dec. 28, 2012","BGM Group, LLC",,
85398603,deadAbandoned,GIGGLEBOX PHOTO & VIDEO BOOTH RENTAL,"Jun. 06, 2012","Hutton, Holly",,huttonholly21@yahoo.com
85398616,deadAbandoned,PERSONAL SPACE ITS THE LAW,"Oct. 15, 2012","Milton, Francine",,
85398599,deadAbandoned,SELFWELL VITAMINS,"Dec. 11, 2012","Mckoy, Y",,
85398622,deadAbandoned,MBIM MY BRAND IS ME,"Nov. 05, 2012",Marjalles LLC,,
85398528,REQUEST_FAILED,,,,,
85398648,deadAbandoned,Z,"Dec. 03, 2012",Sellem,,
85398632,deadAbandoned,MUSICMATE,"Oct. 15, 2012",Hab Industries,,
85398700,REQUEST_FAILED,,,,,
85398701,REQUEST_FAILED,,,,,
85398756,REQUEST_FAILED,,,,,
85398814,REQUEST_FAILED,,,,,
85398856,REQUEST_FAILED,,,,,
85398933,deadAbandoned,FRONTLINE FITNESS EXCUSES ENDED YESTERDAY,"Jun. 14, 2012","Griffith, Jonathan M.",,jgriffith1486@msn.com
85399007,deadAbandoned,ALTERNATIVE PRIVATE EQUITY,"Jun. 08, 2012",Mantra Gestion SAS,,ct@mantrainvest.com
85398953,REQUEST_FAILED,,,,,
85399074,REQUEST_FAILED,,,,,
85399274,deadAbandoned,GRANVITA,"Oct. 13, 2012",GOMEZ-FAJARDO / FELIPE,,mygabogados@infosel.net.mx
85399214,REQUEST_FAILED,,,,,
85399264,REQUEST_FAILED,,,,,
85399563,REQUEST_FAILED,,,,,
85399653,REQUEST_FAILED,,,,,
85399721,deadAbandoned,BABY CATE,"Dec. 24, 2012",Baby Cate LLC,,rclancey@asu.edu
85399688,REQUEST_FAILED,,,,,
85399735,deadAbandoned,G GENTEC SOLUTIONS FOR LIFE,"Jun. 15, 2012",GENTEC (SHANGHAI) CORPORATION,,info.info168@gmail.com
85399731,deadAbandoned,EDS,"Jun. 13, 2012","WORLD MODEL CO., LTD.",,info.info168@gmail.com
85399745,deadAbandoned,VOLT,"Jun. 08, 2012","Volt Optical, LLC",,ty@voltoptical.com
85399752,deadAbandoned,G GENTEC SOLUTIONS FOR LIFE,"Jun. 15, 2012",GENTEC (SHANGHAI) CORPORATION,,info.info168@gmail.com
85399757,deadAbandoned,G GENTEC SOLUTIONS FOR LIFE,"Jun. 15, 2012",GENTEC (SHANGHAI) CORPORATION,,info.info168@gmail.com
85399710,REQUEST_FAILED,,,,,
85399772,deadAbandoned,FOCUS REVOLUTION,"Oct. 29, 2012","Egan, Nicholas",,
85399776,deadAbandoned,INDIAN SECRET THE FOUNTAIN OF YOUTH,"Nov. 26, 2012","Henry, Jim",,
85399782,deadAbandoned,"WAXING AT TIFFANY'S, AND SPA SERVICES","Nov. 05, 2012","Jost, Tiffany",,
85399788,deadAbandoned,ARIZONA CLEANPROS,"Dec. 22, 2012","Armour, Steven",,
85399756,REQUEST_FAILED,,,,,
85399857,deadAbandoned,CU2CU,"Jun. 11, 2012",San Antonio Federal Credit Union,,lsachanowicz@sacu.com
85399904,deadAbandoned,EARTH,"Jun. 19, 2012",DINASTIA TEQUILERA SA DE CV,,mygabogados@infosel.net.mx
85399842,REQUEST_FAILED,,,,,
85399953,deadAbandoned,INCLOUD ROBOTICS,"Jun. 09, 2012",InCloud Ltd.,,eric@incloud.com
85399933,REQUEST_FAILED,,,,,
85399921,REQUEST_FAILED,,,,,
85399971,REQUEST_FAILED,,,,,
85399992,REQUEST_FAILED,,,,,
85400108,deadAbandoned,RETROOGAMES,"Jun. 18, 2012","Fearless Arcade, LLC",,
85400012,REQUEST_FAILED,,,,,
85400192,deadAbandoned,XPRESS YOSELF APPAREL,"Nov. 20, 2012",Swing Tyme Enterprise's,,
85400204,deadAbandoned,ANGRY NERDS,"Dec. 14, 2012","DIMENSIONU, INC.",,
85400051,REQUEST_FAILED,,,,,
85400233,deadAbandoned,WWW.MYREALESTATEAPP.COM,"May 30, 2012","Red Lion Software, LLC",,lauren@lvpsolutions.com
85400080,REQUEST_FAILED,,,,,
85400291,deadAbandoned,BUILT TORNADO TOUGH,"Jun. 12, 2012","FoneBill, LLC",,matt@satworx.com
85400127,REQUEST_FAILED,,,,,
85400334,deadAbandoned,IMMORTAL WINES,"Mar. 21, 2012",Green Griffin International,,mwellman@greengriffinwines.com
85400373,deadAbandoned,MS. COFFEE,"Jun. 19, 2012",Russell John W,,john.russell07@yahoo.com
85400203,REQUEST_FAILED,,,,,
85400455,deadAbandoned,AUTOMOTIVETOUCHUP,"Jun. 17, 2012",Microfinish LLC,,jeremy@automotivetouchup.com
85400512,deadAbandoned,GYPSY BLUE,"Nov. 05, 2012","Zane, Pamela",,Pameluve1@yahoo.com
85400540,deadAbandoned,CHAI MOUNTAIN,"Jun. 07, 2012",Chai Mountain,,chaimountain@gmail.com
85400388,REQUEST_FAILED,,,,,
85400516,REQUEST_FAILED,,,,,
85400520,REQUEST_FAILED,,,,,
85400628,deadAbandoned,COOL PAVEMENT,"Dec. 31, 2012",Emerald Cities USA Ltd.,,
85400682,deadAbandoned,DEVILS ADDICTION,"Oct. 15, 2012",D.A. Trade,,
85400725,deadAbandoned,EVERYTHING $15 OR LESS,"Jun. 15, 2012","Heavenly Couture, Inc.",,justinha81@yahoo.com
85400773,deadAbandoned,GSC,"Aug. 06, 2012","Bernard, Ben",,bz06er@yahoo.com
85400742,REQUEST_FAILED,,,,,
85400775,deadAbandoned,ITIC PROTOCOL ANALYZERS,"Jun. 16, 2012",International Test Instruments Corporation,,info@InternationalTestinstruments.com
85400766,REQUEST_FAILED,,,,,
85400815,deadAbandoned,GEMINI LIGHTS,"Jun. 13, 2012",Christopher Lai,,chris.lai@gemini-lights.com
85400836,deadAbandoned,THE FUNTUB,"Mar. 16, 2012","Orlando, Ron",,
85400783,REQUEST_FAILED,,,,,
85400817,REQUEST_FAILED,,,,,
85400821,REQUEST_FAILED,,,,,
85400834,REQUEST_FAILED,,,,,
85400915,deadAbandoned,VITALITY,"Sep. 04, 2012","Flax, Gary",,info@gaflaxcorp.com
85400841,REQUEST_FAILED,,,,,
85400923,REQUEST_FAILED,,,,,
85401047,REQUEST_FAILED,,,,,
85401069,REQUEST_FAILED,,,,,
85401095,REQUEST_FAILED,,,,,
85401269,REQUEST_FAILED,,,,,
85401332,deadAbandoned,AMISTADES,"Jun. 04, 2012",THE WINE GROUP LLC,,DIJANA.KRISTO@THEWINEGROUP.COM
85401336,deadAbandoned,DOS CULTURAS,"Jun. 13, 2012",THE WINE GROUP LLC,,DIJANA.KRISTO@THEWINEGROUP.COM
85401338,deadAbandoned,DOS ENOLOGOS,"Oct. 15, 2012",THE WINE GROUP LLC,,DIJANA.KRISTO@THEWINEGROUP.COM
85401334,deadAbandoned,DOS RAICES,"Jun. 13, 2012",THE WINE GROUP LLC,,DIJANA.KRISTO@THEWINEGROUP.COM
85401324,REQUEST_FAILED,,,,,
85401329,REQUEST_FAILED,,,,,
85401340,REQUEST_FAILED,,,,,
85401452,deadAbandoned,None,"May 22, 2012","Hatch, Inc.",,
85401426,REQUEST_FAILED,,,,,
85401456,REQUEST_FAILED,,,,,
85401526,deadAbandoned,DIRTY MALLARD GAME CALLS,"Jul. 30, 2012","Watson, Ryan",,
85401490,REQUEST_FAILED,,,,,
85401514,REQUEST_FAILED,,,,,
85401580,deadAbandoned,COMPETABLES,"Jun. 15, 2012","Wyrick, Delise",,
85401529,REQUEST_FAILED,,,,,
85401600,deadAbandoned,DUO POP,"Nov. 12, 2012","Discovery Bay Games, Inc.",,
85401530,REQUEST_FAILED,,,,,
85401616,deadAbandoned,COMPETABLES,"Jun. 15, 2012","Wyrick, Delise",,
85401555,REQUEST_FAILED,,,,,
85401677,deadAbandoned,PUREBOLD,"Oct. 15, 2012","Belleggie, Michael A",,mbelleggie@gmail.com
85401585,REQUEST_FAILED,,,,,
85401682,REQUEST_FAILED,,,,,
85401752,REQUEST_FAILED,,,,,
85401946,deadAbandoned,FOR THE LOVE OF DOGS,"Oct. 15, 2012","Ingela S. Levett Foundation, Inc",,
85401957,deadAbandoned,POSITIVE IMPACT,"Oct. 15, 2012",Greater Good Inc,,
85401834,REQUEST_FAILED,,,,,
85401966,deadAbandoned,SOLARZUM,"Oct. 29, 2012",Solarzum Systems Inc.,,
85401892,REQUEST_FAILED,,,,,
85401986,deadAbandoned,TRADER-FOREX,"Dec. 03, 2012",Boustany Wissam,,wboustany@live.com
85401958,deadAbandoned,NEBABE,"Oct. 29, 2012","NANTONG XIONGFENG INTERNATIONAL ECONOMIC AND TRADE CO., LTD",,la03@netvigator.com
85401933,REQUEST_FAILED,,,,,
85402042,REQUEST_FAILED,,,,,
85402027,REQUEST_FAILED,,,,,
85402170,deadAbandoned,MUSIC OF YOUR LIFE,"Aug. 17, 2012",JACQUIE CARTER,,musicofyourlife@gmail.com
85402163,REQUEST_FAILED,,,,,
85402173,REQUEST_FAILED,,,,,
85402317,REQUEST_FAILED,,,,,
85402429,REQUEST_FAILED,,,,,
85402456,REQUEST_FAILED,,,,,
85402478,REQUEST_FAILED,,,,,
85402567,REQUEST_FAILED,,,,,
85402601,REQUEST_FAILED,,,,,
85402688,REQUEST_FAILED,,,,,
85402806,REQUEST_FAILED,,,,,
85402832,REQUEST_FAILED,,,,,
85402946,deadAbandoned,ZBELL,"Nov. 05, 2012","Morris, Stan",,stanm64@yahoo.com
85402925,REQUEST_FAILED,,,,,
85402952,REQUEST_FAILED,,,,,
85402979,REQUEST_FAILED,,,,,
85403047,deadAbandoned,MOLLY FITZGERALD,"Nov. 05, 2012","Wickham, Alice, Fitzgerald",,mollyfitzgerald99@yahoo.com
85403006,REQUEST_FAILED,,,,,
85403013,REQUEST_FAILED,,,,,
85403072,deadAbandoned,SEXTOYS.XXX,"Jun. 18, 2012",Geneeve New York Inc,,office6753@yahoo.com
85403075,REQUEST_FAILED,,,,,
85403084,REQUEST_FAILED,,,,,
85403086,REQUEST_FAILED,,,,,
85403130,REQUEST_FAILED,,,,,
85403245,deadAbandoned,HAWAIIANAMBITION.COM,"Nov. 05, 2012","Timberlake III, Marion Alvin",,
85403135,REQUEST_FAILED,,,,,
85403347,REQUEST_FAILED,,,,,
85403377,REQUEST_FAILED,,,,,
85403448,REQUEST_FAILED,,,,,
85403557,deadAbandoned,MEITEK A BRAND OF MEILIGAO,"Nov. 12, 2012","Meitek, Inc.",,canbe.xing@meitrack.com
85403499,REQUEST_FAILED,,,,,
85403530,REQUEST_FAILED,,,,,
85403533,REQUEST_FAILED,,,,,
85403600,REQUEST_FAILED,,,,,
85403707,REQUEST_FAILED,,,,,
85403755,REQUEST_FAILED,,,,,
85403854,deadAbandoned,TOUGH SCALES,"Sep. 10, 2012",VCS Distribution LLC,,
85403788,deadAbandoned,THE NAUGHTY TEDDY,"Jun. 13, 2012","Gutman, Jack",,Laserdoctors@gmail.com
85403861,deadAbandoned,MY GOD IS GOD,"Oct. 15, 2012","Boyce, Barry",,
85403794,REQUEST_FAILED,,,,,
85403968,REQUEST_FAILED,,,,,
85403974,REQUEST_FAILED,,,,,
85404055,deadAbandoned,WINNING TV,"Mar. 15, 2012","FilmOn.com, Inc.",,alex@filmon.com
85404153,REQUEST_FAILED,,,,,
85404264,deadAbandoned,CAMPFIRE · VITTLES ·,"Jun. 13, 2012",Campfire Vittles Corporation,,fsitrevor@aol.com
85404225,REQUEST_FAILED,,,,,
85404231,REQUEST_FAILED,,,,,
85404296,deadAbandoned,SCAN SMILE BITE,"Nov. 05, 2012",QRious Enterprises LLC,,
85404302,deadAbandoned,THE RICHMOND TROLLEY COMPANY,"Dec. 30, 2012","The Richmond Trolley Company, LLC",,
85404293,REQUEST_FAILED,,,,,
85404333,deadAbandoned,PLUCKBRITE,"Nov. 05, 2012",Reaction Retail LLC,,
85404308,REQUEST_FAILED,,,,,
85404328,REQUEST_FAILED,,,,,
85404335,REQUEST_FAILED,,,,,
85404362,REQUEST_FAILED,,,,,
85404418,REQUEST_FAILED,,,,,
85404462,deadAbandoned,SAFETYTRAC,"Dec. 03, 2012",Sevarus LLC,,jstapleton@sevarus.com
85404442,REQUEST_FAILED,,,,,
85404569,deadAbandoned,BLUSTEAM,"Jun. 17, 2012",Amerivap Systems,,ddiercks@frontier.com
85404454,REQUEST_FAILED,,,,,
85404586,REQUEST_FAILED,,,,,
85404609,REQUEST_FAILED,,,,,
85404784,deadAbandoned,SIMPLESITES,"Nov. 05, 2012",Christopher Vivion,,
85404913,deadAbandoned,XANGO CHELCOE,"Jun. 13, 2012",Blink Tank I LLC,,libby.hill@xango.com
85404783,REQUEST_FAILED,,,,,
85404924,deadAbandoned,XANGO CORDICEPT 60,"Jun. 13, 2012",Blink Tank I LLC,,libby.hill@xango.com
85404803,REQUEST_FAILED,,,,,
85404830,REQUEST_FAILED,,,,,
85404934,deadAbandoned,XANGO OANQUI,"Jun. 13, 2012",Blink Tank I LLC,,libby.hill@xango.com
85405000,REQUEST_FAILED,,,,,
85405100,REQUEST_FAILED,,,,,
85405054,REQUEST_FAILED,,,,,
85405353,deadAbandoned,JOLLY BEANS,"Nov. 05, 2012",Inna Effress,,ieffress@yahoo.com
85405294,REQUEST_FAILED,,,,,
85405442,deadAbandoned,NUT BUSTER,"Nov. 05, 2012","Hartofelis, Michael X.",,
85405479,deadAbandoned,LEAN PEP,"Jun. 21, 2012",Nutritional Science Solutions Ltd,,admin@business-service-direct.com
85405460,deadAbandoned,AZTHETIKS PRODUCT LAUNCHER,"Jun. 15, 2012",Azthetik L.LC,,
85405491,deadAbandoned,DIET PEP,"Jun. 28, 2012",Nutritional Science Solutions Ltd,,admin@business-service-direct.com
85405454,deadAbandoned,MOLLY GIBSON,"Nov. 26, 2012","Gaikwad, Rupali",,
85405431,REQUEST_FAILED,,,,,
85405532,REQUEST_FAILED,,,,,
85405609,deadAbandoned,DETOX D.I.V.A. (DIVINELY INSPIRED VISIONARY AND ATHLETE),"Jun. 15, 2012",Koya's IP,,Koyawebb@gmai.com
85405534,REQUEST_FAILED,,,,,
85405624,deadAbandoned,LIFESTYLE REVELATIONS,"Nov. 05, 2012",Koya's IP,,koyawebb@gmail.com
85405647,deadAbandoned,YOUR HEALTHY LIFESTYLE COACH,"Jun. 15, 2012",Koya's IP,,koyawebb@gmail.com
85405632,REQUEST_FAILED,,,,,
85405641,REQUEST_FAILED,,,,,
85405718,REQUEST_FAILED,,,,,
85405738,REQUEST_FAILED,,,,,
85405763,REQUEST_FAILED,,,,,
85405824,REQUEST_FAILED,,,,,
85406070,deadAbandoned,CRAIG SAUNDERS,"Dec. 14, 2012","Saunders, Craig",,
85406045,REQUEST_FAILED,,,,,
85406078,REQUEST_FAILED,,,,,
85406083,REQUEST_FAILED,,,,,
85406254,deadAbandoned,MUTT AND JEFF'S DOGGIE STYLES,"May 29, 2012",Mutt and Jeff's Grooming LLC,,muttandjeffs@earthlink.net
85406163,REQUEST_FAILED,,,,,
85406196,REQUEST_FAILED,,,,,
85406322,deadAbandoned,AUTOMATIC MOBILE ANTENNA TRACKING SYSTEM (AMATS),"Jun. 14, 2012","Broadband Antenna Tracking Systems, Inc.",,rpeterson@batswireless.com
85406302,REQUEST_FAILED,,,,,
85406323,REQUEST_FAILED,,,,,
85406325,REQUEST_FAILED,,,,,
85406455,REQUEST_FAILED,,,,,
85406569,deadAbandoned,MY BIGGEST FEAR IS I GET TOO DRUNK AND CHEAT ON MY BOYFRIEND YOU COULD BE THAT MISTAKE ;),"Nov. 05, 2012","Mirabella,Paul",,pjmirabella@gmail.com
85406567,REQUEST_FAILED,,,,,
85406568,REQUEST_FAILED,,,,,
85406632,deadAbandoned,MILLYOU,"Jun. 15, 2012","Millyou, Inc.",,thompson@millyou.com
85406667,deadAbandoned,TEKTRO ORION,"Oct. 30, 2012",Tektro Technology Corporation,,u40122003@yahoo.com.tw
85406688,deadAbandoned,CHAKRAFOOD,"Jun. 21, 2012","Yoo, Daniel L",,dannymentor@gmail.com
85406663,REQUEST_FAILED,,,,,
85406653,REQUEST_FAILED,,,,,
85406666,REQUEST_FAILED,,,,,
85406721,deadAbandoned,JOLLY BALES,"Dec. 17, 2012","Engberg, Silke",,
85406712,deadAbandoned,EPONA,"Jun. 19, 2012","CAGENT (SHANGHAI) SPORTS GOODS CO., LTD.",,info.info168@gmail.com
85406695,deadAbandoned,CAJUN LINKS,"Dec. 28, 2012","DesCorp Management, LLC",,
85406710,deadAbandoned,COWGIRL KEY LIME BEST DARN DESSERTS WEST OF KEY WEST,"Oct. 22, 2012","Partin, Lindsay",,
85406748,deadAbandoned,KIDS DESIGNING FOR KIDS,"Nov. 05, 2012","Brobston, William",,
85406804,deadAbandoned,PLACEMATCH,"Oct. 21, 2012",sammiadesign pty ltd,,sammia@sammiadesign.com
85406711,REQUEST_FAILED,,,,,
85406822,deadAbandoned,MYKETCH,"Jun. 17, 2012",Naji Farhat,,
85406792,REQUEST_FAILED,,,,,
85406862,REQUEST_FAILED,,,,,
85406877,REQUEST_FAILED,,,,,
85406956,REQUEST_FAILED,,,,,
85406981,REQUEST_FAILED,,,,,
85407076,deadAbandoned,GEL-WEL,"Oct. 29, 2012",WILLIAM NGUYEN,,WILLIAM@SPATRIX.COM
85407012,REQUEST_FAILED,,,,,
85407233,deadAbandoned,CHIPCORDER,"Dec. 17, 2012","Quarklabs, LLC",,
85407098,REQUEST_FAILED,,,,,
85407324,deadAbandoned,K FUSIONE,"Nov. 05, 2012","Marlow, Karen",,karenmarlow@yahoo.com
85407180,REQUEST_FAILED,,,,,
85407268,deadAbandoned,CITIZENS FOR THE COMMON GOOD,"Jun. 16, 2012","Citizens for the Common Good, Inc.",,
85407238,REQUEST_FAILED,,,,,
85407401,deadAbandoned,WELLNESS IS SOCIAL,"Nov. 05, 2012","LaBerge, Dan",,
85407356,REQUEST_FAILED,,,,,
85407383,REQUEST_FAILED,,,,,
85407407,REQUEST_FAILED,,,,,
85407431,REQUEST_FAILED,,,,,
85407569,REQUEST_FAILED,,,,,
85407643,REQUEST_FAILED,,,,,
85407656,REQUEST_FAILED,,,,,
85407683,REQUEST_FAILED,,,,,
85407697,REQUEST_FAILED,,,,,
85407766,deadAbandoned,FLOAT A BOAT,"Aug. 17, 2012","Levitan, Leslie",,
85407706,REQUEST_FAILED,,,,,
85407853,deadAbandoned,MAKING FIT FUN,"Nov. 05, 2012","Kugler, Alexis",,alexiskugler@yahoo.com
85407792,REQUEST_FAILED,,,,,
85407842,deadAbandoned,LEXINGTON STEELE,"Dec. 17, 2012","Britt, Jr., Clifton T.",,
85407852,REQUEST_FAILED,,,,,
85407887,REQUEST_FAILED,,,,,
85407932,deadAbandoned,SKYSPACE,"Nov. 12, 2012","Seeney, Justin",,
85407918,deadAbandoned,PROVISTA TECHNOLOGY,"Dec. 28, 2012",Provista Technology Limited,,
85407905,REQUEST_FAILED,,,,,
85407949,deadAbandoned,LIGHTTIMER,"Jun. 19, 2012",THE NCC NY LLC,,
85407941,deadAbandoned,RUM AND WHISKY,"Nov. 12, 2012","Pierre, Brandon",,
85407955,deadAbandoned,JINMAICAMEL,"Jun. 19, 2012",LIN TINGTING,,info.info168@gmail.com
85407957,deadAbandoned,UGHMERICA,"Nov. 19, 2012","Rader, Jonathan Salkin",,
85407916,REQUEST_FAILED,,,,,
85407920,REQUEST_FAILED,,,,,
85407953,deadAbandoned,TRAVELON R.V.,"Nov. 19, 2012","Daniel, Cara",,
85407956,REQUEST_FAILED,,,,,
85407979,REQUEST_FAILED,,,,,
85408010,REQUEST_FAILED,,,,,
85408058,REQUEST_FAILED,,,,,
85408283,REQUEST_FAILED,,,,,
85408282,REQUEST_FAILED,,,,,
85408367,REQUEST_FAILED,,,,,
85408425,deadAbandoned,NEW YORK NEW YORK SUZANNE WERSON,"Nov. 05, 2012",Suzanne Renee Werson,,lauren@lvpsolutions.com
85408588,deadAbandoned,LOC8,"Jun. 18, 2012","Fang, Kuo-Chun",,eyeaim@gmail.com
85408504,REQUEST_FAILED,,,,,
85408591,REQUEST_FAILED,,,,,
85408592,REQUEST_FAILED,,,,,
85408633,REQUEST_FAILED,,,,,
85408647,REQUEST_FAILED,,,,,
85408717,deadAbandoned,CALIFORNIA TEA,"Jun. 22, 2012",California Beverages LLC,,Adam@CaliforniaBeverages.com
85408695,REQUEST_FAILED,,,,,
85408750,deadAbandoned,GATEWAY COMICS,"Nov. 12, 2012","Potts, Bradley",,
85408723,REQUEST_FAILED,,,,,
85408732,REQUEST_FAILED,,,,,
85408775,deadAbandoned,BODY BY PASTA,"Nov. 12, 2012","Gilmore, Wayne",,
85408809,deadAbandoned,SNAKE BAIT,"Nov. 05, 2012","Hartofelis, Michael X.",,
85408873,deadAbandoned,EMBODY POLE FITNESS,"Nov. 12, 2012","Boyle, Diane",,
85408788,REQUEST_FAILED,,,,,
85408804,REQUEST_FAILED,,,,,
85408880,deadAbandoned,TURNING LEAF WE HELP YOU GET STARTED,"Nov. 12, 2012","Turning Leaf, LLC",,
85408845,REQUEST_FAILED,,,,,
85408878,deadAbandoned,EMBODY POLE FITNESS,"Nov. 12, 2012","Boyle, Diane",,
85408901,REQUEST_FAILED,,,,,
85408967,REQUEST_FAILED,,,,,
85408969,REQUEST_FAILED,,,,,
85408974,REQUEST_FAILED,,,,,
85408977,REQUEST_FAILED,,,,,
85409016,REQUEST_FAILED,,,,,
85409017,REQUEST_FAILED,,,,,
85409090,REQUEST_FAILED,,,,,
85409141,REQUEST_FAILED,,,,,
85409151,REQUEST_FAILED,,,,,
85409191,REQUEST_FAILED,,,,,
85409198,REQUEST_FAILED,,,,,
85409222,REQUEST_FAILED,,,,,
85409325,deadAbandoned,BY NATE LOS ANGELES,"Nov. 26, 2012","Gibson, Nina",,ninagbsn@gmail.com
85409259,REQUEST_FAILED,,,,,
85409360,REQUEST_FAILED,,,,,
85409369,REQUEST_FAILED,,,,,
85409391,REQUEST_FAILED,,,,,
85409426,REQUEST_FAILED,,,,,
85409502,deadAbandoned,EL RINCON,"Dec. 04, 2012",PRODUCTOS REGIONALES DE ATOTONILCO SA DE CV,,mygabogados@infosel.net.mx
85409677,deadAbandoned,AUNT ZELDA'S NATURAL EDIBLES,"Jun. 21, 2012",Aunt Zelda Natural Edibles,,dthompson@ts-lawfirm.com
85409549,REQUEST_FAILED,,,,,
85409678,deadAbandoned,ZL,"Nov. 12, 2012","Nealy, Derrick M.",,dmnealy@gmail.com
85409576,REQUEST_FAILED,,,,,
85409647,REQUEST_FAILED,,,,,
85409759,REQUEST_FAILED,,,,,
85409777,REQUEST_FAILED,,,,,
85409956,deadAbandoned,PHO REEL,"Jun. 18, 2012","Pho Reel, Inc.",,dhtran@dhtlaw.com
85409829,REQUEST_FAILED,,,,,
85409979,deadAbandoned,GET LIQUIFIED,"Nov. 12, 2012","Kim, Lawrence",,
85409852,REQUEST_FAILED,,,,,
85409965,REQUEST_FAILED,,,,,
85410021,REQUEST_FAILED,,,,,
85410052,REQUEST_FAILED,,,,,
85410087,REQUEST_FAILED,,,,,
85410149,deadAbandoned,CELL D-FENCE MOLECULAR HEALTH SCIENCE,"Nov. 19, 2012",Orthopedica,,
85410145,deadAbandoned,TECHTOHIRE,"Nov. 12, 2012","Wissa, Mike",,
85410169,deadAbandoned,RELIEVER.COM,"Nov. 26, 2012","Hainline, Stephen",,
85410159,deadAbandoned,BABYBOOPBABYCLOTHES,"Feb. 23, 2012","Guagliardo, Thomas",,tguagliardo@me.com
85410199,deadAbandoned,CALLO 'BOT,"Nov. 05, 2012","Kistenev, Alexey",,ceo@match.net
85410193,deadAbandoned,IT'S THE BANKERS STUPID!,"Nov. 12, 2012","Garrett, Brent",,
85410146,REQUEST_FAILED,,,,,
85410157,REQUEST_FAILED,,,,,
85410224,REQUEST_FAILED,,,,,
85410269,REQUEST_FAILED,,,,,
85410327,REQUEST_FAILED,,,,,
85410573,deadAbandoned,MYFACE SUPPLEMENTS,"Jun. 18, 2012",Mychelle Dermaceuticals LLC,,paul@mychelle.com
85410548,REQUEST_FAILED,,,,,
85410558,REQUEST_FAILED,,,,,
85410574,REQUEST_FAILED,,,,,
85410841,deadAbandoned,"VIRTUAL IT BY DESIGN, LLC ENABLING NEW TECHNOLOGIES WITH OLD FASHIONED QUALITY & SERVICE","Jun. 20, 2012","Virual IT By Design, LLC",,johnj@virtualitbydesign.com
85410764,REQUEST_FAILED,,,,,
85410994,deadAbandoned,FLYPUCK,"Jun. 21, 2012","OneHockey, LLC",,sebastien@onehockey.com
85411068,deadAbandoned,WARRANTYREFUND.COM,"Jun. 19, 2012","Kang, Joon",,joonk@warrantyrefund.com
85410890,REQUEST_FAILED,,,,,
85411108,deadAbandoned,C 1 COMMUNITY 1ST CREDIT UNION,"Jul. 03, 2012",Community 1St Credit Union,,monicag@myc1cu.com
85411050,REQUEST_FAILED,,,,,
85411080,REQUEST_FAILED,,,,,
85411151,deadAbandoned,12TH MAN,"Sep. 10, 2012","Made Holdings, LLC",,
85411094,REQUEST_FAILED,,,,,
85411162,deadAbandoned,COUTURE,"Nov. 12, 2012","Bitar, Danny",,
85411261,deadAbandoned,NANOSERVER,"Jul. 03, 2012",VISCOUNT SYSTEMS INC.,,jeffrey@viscount.com
85411270,deadAbandoned,PROSTEROID,"Jul. 10, 2012","FCLIP, LLC",,jps@schillecilaw.com
85411321,deadAbandoned,NOT ANOTHER F**#!%G COUPON,"Jun. 21, 2012",Not Another Coupon Pty Ltd,,mark@indigitalmedia.com
85411255,REQUEST_FAILED,,,,,
85411288,REQUEST_FAILED,,,,,
85411333,deadAbandoned,INTREPID,"Jun. 21, 2012",LI CHENG,,info.info168@gmail.com
85411364,REQUEST_FAILED,,,,,
85411481,deadAbandoned,MYDERMA,"Sep. 21, 2012",Mychelle Dermaceuticals LLC,,paul@mychelle.com
85411494,deadAbandoned,NUTROPICS,"Jun. 18, 2012",Mychelle Dermaceuticals LLC,,paul@mychelle.com
85411427,REQUEST_FAILED,,,,,
85411476,deadAbandoned,SEDUCE SMART,"Nov. 12, 2012","Wintzer, Jennifer",,jenniferilie7@gmail.com
85411496,REQUEST_FAILED,,,,,
85411562,deadAbandoned,THE ORIJINOL COLLECTIVE,"Jun. 20, 2012","McHugh, Harry",,harry@orijinol.com
85411523,REQUEST_FAILED,,,,,
85411646,REQUEST_FAILED,,,,,
85411669,REQUEST_FAILED,,,,,
85411795,deadAbandoned,MINXY,"Jun. 21, 2012",Minxy LLC,,Hannah.wagner@villanova.edu
85411893,deadAbandoned,KINETIC FLOW,"Jun. 25, 2012","Kapila, Kanan",,kanankapila@comcast.net
85411796,deadAbandoned,BITONIGHT,"Nov. 12, 2012","Lifestyle Entertainment, Inc.",,nonztak@yahoo.com
85411912,REQUEST_FAILED,,,,,
85411921,REQUEST_FAILED,,,,,
85412137,REQUEST_FAILED,,,,,
85412327,deadAbandoned,TOPCOMFORT,"Jun. 19, 2012","Seth Outdoor, Inc.",,sandy@sethoutdoor.com
85412291,deadAbandoned,GRASSANO,"Aug. 14, 2012","Grassano Sepulveda, Jose Federico",,usmarca-grassano@yahoo.com
85412329,deadAbandoned,BUEN OJO,"Nov. 12, 2012","Gonzalez de Haro, Pamela",,usmarca-buenojo@yahoo.com
85412316,REQUEST_FAILED,,,,,
85412395,REQUEST_FAILED,,,,,
85412467,REQUEST_FAILED,,,,,
85412529,REQUEST_FAILED,,,,,
85412573,deadAbandoned,HUNTERS RUN,"Nov. 19, 2012",Gmconstruction Inc,,
85412575,deadAbandoned,SIPCONNECT,"Oct. 30, 2012","Widmar, Ralph L.",,
85412574,deadAbandoned,E-CIGS,"Jun. 25, 2012","Mckenzie, Jonathan R",,
85412609,deadAbandoned,SNUKO REDEFINING MOBILE SECURITY,"Jun. 21, 2012",Snuko UK Limited,,gs@snuko.com
85412577,deadAbandoned,PHARMD,"Jun. 22, 2012","Chon, Jason",,
85412558,REQUEST_FAILED,,,,,
85412624,deadAbandoned,BALIK EKMEK,"Jun. 22, 2012",Aliyev Fuad Huseyn,,f.aliyev.vhv@gmail.com
85412769,deadAbandoned,A PAYROLL SERVICE JUST FOR CONSTRUCTION,"Jun. 21, 2012",Foundation Construction Payroll Service,,mrw@foundationsoft.com
85412720,REQUEST_FAILED,,,,,
85412752,REQUEST_FAILED,,,,,
85412924,deadAbandoned,CAPTURE,"Jun. 22, 2012",Hollywood Made 90028 Inc.,,leninzeledon@hotmail.com
85412896,deadAbandoned,THE OREGON VITAMIN COMPANY,"Jun. 22, 2012","Highland Laboratories, Inc.",,candy@highlandvitamins.com
85412846,REQUEST_FAILED,,,,,
85413124,REQUEST_FAILED,,,,,
85413236,REQUEST_FAILED,,,,,
85413360,deadAbandoned,BLACK BELT RECORDER,"Jun. 29, 2012",IJAM Music Pty Ltd,,drew@ijam.com.au
85413366,deadAbandoned,CRISANI,"Oct. 22, 2012","COMERCIALIZADOR DE BERRIES DE OCCIDENTE, S.A. DE C.V.",,lic.lfrodriguez@gmail.com
85413555,deadAbandoned,TARZANA BAND,"Jun. 26, 2012","Marin, William R.",,billmar333@aol.com
85413385,REQUEST_FAILED,,,,,
85413405,REQUEST_FAILED,,,,,
85413485,REQUEST_FAILED,,,,,
85413592,REQUEST_FAILED,,,,,
85413705,deadAbandoned,SUMMON MOBILE,"Nov. 19, 2012",Summon Mobile Pty Limited,,
85413723,deadAbandoned,INSTASITE,"Jun. 22, 2012",Richard Lauren,,richardlauren@me.com
85413653,REQUEST_FAILED,,,,,
85413701,deadAbandoned,KICK AND WIN,"Nov. 12, 2012",LYUBACHEV; Mikhail,,info@idlect.com
85413678,REQUEST_FAILED,,,,,
85413795,REQUEST_FAILED,,,,,
85413832,REQUEST_FAILED,,,,,
85413864,REQUEST_FAILED,,,,,
85413921,REQUEST_FAILED,,,,,
85413946,REQUEST_FAILED,,,,,
85413965,REQUEST_FAILED,,,,,
85414285,deadAbandoned,SWAPAHOLIC,"Nov. 12, 2012","Walsh, Jennifer",,
85414244,REQUEST_FAILED,,,,,
85414291,REQUEST_FAILED,,,,,
85414300,REQUEST_FAILED,,,,,
85414310,REQUEST_FAILED,,,,,
85414341,REQUEST_FAILED,,,,,
85414438,deadAbandoned,IT'S SO GOOD NOT TO BE . . .,"Nov. 12, 2012","Bennett, Kathryn",,
85414458,deadAbandoned,CLEARBOND,"Dec. 03, 2012","McEntee, Darren",,
85414376,REQUEST_FAILED,,,,,
85414386,REQUEST_FAILED,,,,,
85414464,deadAbandoned,ENVIROLEATHER,"Nov. 30, 2012","Kramer, Dennis",,
85414478,deadAbandoned,THE GRUNTLED FOUNDATION,"Nov. 12, 2012","Mertens, Michael",,
85414643,deadAbandoned,LLELL,"Oct. 29, 2012",LLEL Incorporated,,tianzhi.yang@gmail.com
85414453,REQUEST_FAILED,,,,,
85414471,REQUEST_FAILED,,,,,
85414520,REQUEST_FAILED,,,,,
85414704,deadAbandoned,MARIN MAX,"Aug. 16, 2012","Haesung Enterprise Co., Ltd.",,john@wethepeoplekt.com
85414691,REQUEST_FAILED,,,,,
85414742,REQUEST_FAILED,,,,,
85414763,deadAbandoned,FOODSERVICE MARKET SOLUTIONS,"Jun. 06, 2012","Karp, Darrell",,dkarp@lroa.com
85414756,deadAbandoned,MUDLICIOUSCOUTURE.COM,"Oct. 29, 2012","Guthrie, Patti",,
85414805,REQUEST_FAILED,,,,,
85414903,deadAbandoned,XTREMETEES,"Oct. 29, 2012","WILSON, IAN C",,ian.wilson315@gmail.com
85414834,REQUEST_FAILED,,,,,
85414852,REQUEST_FAILED,,,,,
85414880,REQUEST_FAILED,,,,,
85414908,REQUEST_FAILED,,,,,
85414956,deadAbandoned,SCIENCE EXCHANGE,"Jun. 22, 2012",theBench Inc.,,dan@scienceexchange.com
85414919,REQUEST_FAILED,,,,,
85414963,deadAbandoned,ZARFO,"Jun. 23, 2012",Zarfo Pty Ltd,,andrew@zarfo.com
85414984,deadAbandoned,PLANESWING,"Jun. 27, 2012","Clark, Anthony John",,tony@clarkmanagementgroup.com
85414945,REQUEST_FAILED,,,,,
85414952,REQUEST_FAILED,,,,,
85415011,REQUEST_FAILED,,,,,
85415054,REQUEST_FAILED,,,,,
85415060,REQUEST_FAILED,,,,,
85415062,REQUEST_FAILED,,,,,
85415145,deadAbandoned,REAR NAKED FIGHT GEAR,"Jul. 02, 2012",Octagon Cards Pty Ltd,,cormac@thatproducer.com
85415094,REQUEST_FAILED,,,,,
85415149,deadAbandoned,ESCAPE THE APE,"May 10, 2012",Com2us Corporation,,
85415134,REQUEST_FAILED,,,,,
85415155,deadAbandoned,SY TOOLS,"Jul. 06, 2012","SHENG YANG METAL CO., LTD.",,gtptf@ms43.hinet.net
85415244,deadAbandoned,GRANDGEMSTONES,"Dec. 10, 2012","Thippart, Amnart",,
85415166,REQUEST_FAILED,,,,,
85415250,REQUEST_FAILED,,,,,
85415477,deadAbandoned,NEURO-CIRCULATORY RESTORATIVE THERAPY,"Jun. 25, 2012","Misfit Productions, LLC",,
85415324,REQUEST_FAILED,,,,,
85415343,REQUEST_FAILED,,,,,
85415576,deadAbandoned,LOVE IS STRONGER THAN CANCER,"Nov. 19, 2012","Humberd, Brian W.",,brianhumberd@gmail.com
85415390,REQUEST_FAILED,,,,,
85415555,REQUEST_FAILED,,,,,
85415615,REQUEST_FAILED,,,,,
85415662,REQUEST_FAILED,,,,,
85415753,REQUEST_FAILED,,,,,
85415902,deadAbandoned,SHERINGO,"Nov. 19, 2012","McDonald, Naomi",,
85415927,deadAbandoned,G,"Jun. 25, 2012",Persian Grouh,,
85415864,REQUEST_FAILED,,,,,
85415920,REQUEST_FAILED,,,,,
85416070,REQUEST_FAILED,,,,,
85416058,REQUEST_FAILED,,,,,
85416111,REQUEST_FAILED,,,,,
85416132,REQUEST_FAILED,,,,,
85416141,REQUEST_FAILED,,,,,
85416156,deadAbandoned,COMMERCE KITCHEN,"Jun. 29, 2012","Commerce Kitchen, Inc",,tynan@commercekitchen.com
85416214,deadAbandoned,ANTECY,"Jun. 26, 2012",ANTECY BV,,sasa.marinic@antecy.com
85416162,REQUEST_FAILED,,,,,
85416278,deadAbandoned,MEGA MUFFINS,"Nov. 19, 2012","McGee, Jamie S",,jamie.mcgee@yahoo.com
85416230,REQUEST_FAILED,,,,,
85416323,deadAbandoned,NSPEK,"Jul. 06, 2012","Corbin, Michel",,michel.corbin@neosynergix.com
85416279,REQUEST_FAILED,,,,,
85416304,REQUEST_FAILED,,,,,
85416315,REQUEST_FAILED,,,,,
85416403,deadAbandoned,LAMSA,"Jun. 28, 2012","Ali Al-Dhufri, Mahmood",,
85416373,REQUEST_FAILED,,,,,
85416374,REQUEST_FAILED,,,,,
85416417,REQUEST_FAILED,,,,,
85416443,REQUEST_FAILED,,,,,
85416653,REQUEST_FAILED,,,,,
85416708,REQUEST_FAILED,,,,,
85416716,REQUEST_FAILED,,,,,
85416766,REQUEST_FAILED,,,,,
85417010,deadAbandoned,MACK BLACK LABEL,"Aug. 14, 2012","Patrick & Sterling, LLC.",,
85417022,deadAbandoned,WARRANTYREFUND.COM,"Dec. 10, 2012","Kang, Joon",,joonk@warrantyrefund.com
85416829,REQUEST_FAILED,,,,,
85416835,REQUEST_FAILED,,,,,
85417026,deadAbandoned,REVENUE RECOGNITION AUTOMATION,"Jun. 26, 2012","Leeyo Software, Inc.",,drskeen@leeyotech.com
85417094,deadAbandoned,SYNCMATE,"Nov. 19, 2012",Creative Frog Media Limited,,
85417069,REQUEST_FAILED,,,,,
85417072,REQUEST_FAILED,,,,,
85417138,REQUEST_FAILED,,,,,
85417190,deadAbandoned,SEVILLE DOORS,"Jun. 29, 2012","Garcia, Mario",,
85417169,REQUEST_FAILED,,,,,
85417185,REQUEST_FAILED,,,,,
85417293,deadAbandoned,ITSSOGOODNOTTOBE.COM,"Nov. 12, 2012","Bennett, Kathryn",,
85417231,REQUEST_FAILED,,,,,
85417281,REQUEST_FAILED,,,,,
85417291,deadAbandoned,SPLITAB,"Jun. 27, 2012","Zandian, Alborz",,alborz@splitab.com
85417383,deadAbandoned,RESUMETEMPLATES.COM WRITE A RESUME IN MINUTES,"Jul. 11, 2012",CV Template Limited,,support@cvtemplate.co.uk
85417378,REQUEST_FAILED,,,,,
85417350,REQUEST_FAILED,,,,,
85417389,REQUEST_FAILED,,,,,
85417443,REQUEST_FAILED,,,,,
85417562,deadAbandoned,ECO ALARM,"Jul. 05, 2012","ECO Alarm, LLC",,licensing@ecoalarmusa.com
85417565,deadAbandoned,"ACCM U U AMERICAN COUNCIL ON COLLABORATIVE MEDICINE, INC.","Jun. 27, 2012","American Council on Collaborative Medicine, Inc.",,accm1996@gmail.com
85417667,deadAbandoned,TAKE A TRIP ON ROUTE 66,"Jul. 02, 2012",Jessie McEntyre,,tnc@bi-corp.com
85417560,REQUEST_FAILED,,,,,
85417655,REQUEST_FAILED,,,,,
85417684,REQUEST_FAILED,,,,,
85417796,REQUEST_FAILED,,,,,
85417803,REQUEST_FAILED,,,,,
85417821,REQUEST_FAILED,,,,,
85417879,deadAbandoned,AMPLIDEX,"Aug. 27, 2012","Asuragen, Inc.",,alagrone@asuragen.com
85417926,deadAbandoned,GEICOMOVING,"Jun. 27, 2012","LeadVision, LLC",,david@geicomoving.com
85417911,deadAbandoned,Q-CHILL,"May 24, 2012","MaxQ Technology, LLC",,memo@maxqtechnology.com
85417874,REQUEST_FAILED,,,,,
85417969,deadAbandoned,BLUFFIN MUFFIN,"Nov. 19, 2012","Hosseinzadeh, Hotan",,
85418114,deadAbandoned,SHOBIZNESS,"Jul. 10, 2012","MMI INNOVATIONS, INC.",,admin@mmiinnovations.com
85417951,REQUEST_FAILED,,,,,
85418075,deadAbandoned,ACES & FACES,"Jun. 28, 2012",Game Development Group Inc.,,ptortora@gdg-games.com
85418127,REQUEST_FAILED,,,,,
85418175,REQUEST_FAILED,,,,,
85418221,deadAbandoned,TXTIFS A FESTIVAL OF FILMS,"Jun. 28, 2012",Patricia A. Zapata & Mary L. Zapata,,patriciann7777@gmail.com
85418207,deadAbandoned,TXTIF FILMS,"Jun. 27, 2012",Patricia A. Zapata & Mary L. Zapata,,patriciann7777@gmail.com
85418178,REQUEST_FAILED,,,,,
85418235,REQUEST_FAILED,,,,,
85418268,deadAbandoned,SAND-WISHES,"Jun. 26, 2012","STG HOLDINGS, LC",,STGHOLDINGSLC@AOL.COM
85418329,deadAbandoned,DISPLACED,"Nov. 19, 2012","Mauro, John",,
85418324,deadAbandoned,PURRFECTFITNESS.COM,"Jun. 30, 2012","Burnett, Katrina",,
85418303,REQUEST_FAILED,,,,,
85418319,REQUEST_FAILED,,,,,
85418345,deadAbandoned,MOTOFORCE,"Nov. 19, 2012","Moralez, Mario",,
85418343,deadAbandoned,TRUE SCRUBS,"Oct. 15, 2012","Hill, William",,
85418357,REQUEST_FAILED,,,,,
85418424,REQUEST_FAILED,,,,,
85418452,REQUEST_FAILED,,,,,
85418504,deadAbandoned,XYZYX,"Jun. 28, 2012",John Baumgaertner,,booking@xyzyxtheband.com
85418515,REQUEST_FAILED,,,,,
85418732,deadAbandoned,None,"Nov. 19, 2012","Roy, Daniel",,danroy@enviroorange.com
85418762,deadAbandoned,DINOSAURS A 2 Z,"Nov. 19, 2012","AUSTIN, DIANE",,
85418939,deadAbandoned,LA TOCUMBITA ES...NATURAL.,"Jun. 29, 2012","ANDRADE, ALEJANDRO",,mygabogados@infosel.net.mx
85418772,REQUEST_FAILED,,,,,
85418845,REQUEST_FAILED,,,,,
85418847,REQUEST_FAILED,,,,,
85418991,REQUEST_FAILED,,,,,
85419243,deadAbandoned,COBOLPRO,"Jul. 05, 2012","E-JCL Software, Inc.",,rxross@e-jcl.com
85419239,deadAbandoned,MODRO,"Jun. 23, 2012",SMOKE SOLUTIONS LLC,,
85419160,REQUEST_FAILED,,,,,
85419272,deadAbandoned,POTALA,"Nov. 19, 2012","Bleick, Jason",,
85419393,deadAbandoned,PLAY IS MEDICINE,"Jun. 28, 2012","ROSS, SUSAN L",,transformationintegration@gmail.com
85419476,deadAbandoned,POWER ELIXIR,"Oct. 22, 2012",Michael F. Ball,,
85419384,REQUEST_FAILED,,,,,
85419506,deadAbandoned,SOULSALSA,"Nov. 19, 2012",Sumit Gaur,,sugaur@gmail.com
85419434,REQUEST_FAILED,,,,,
85419523,deadAbandoned,APPSBANK,"Jun. 29, 2012","Cheung, Aaron",,ac@appsbank.com
85419480,REQUEST_FAILED,,,,,
85419548,deadAbandoned,SURE-RESPONSE WE HEAR YOU!,"Jul. 02, 2012",SURE-RESPONSE,,CMCKAY@SURE-RESPONSE.COM
85419544,deadAbandoned,"GET THE COLLEGE EDGE, THE COLLEGE EDGE","Jul. 05, 2012",Condon Susanne/ Gilbertson Wendy/,,Drwendyg@gmail.com
85419521,REQUEST_FAILED,,,,,
85419529,REQUEST_FAILED,,,,,
85419551,REQUEST_FAILED,,,,,
85419626,deadAbandoned,SIMONSAYS,"Nov. 19, 2012","Cochran, Rebecca",,
85419631,deadAbandoned,SO MUCH MORE THAN JUST A MOM,"Nov. 19, 2012","Leto, Kimberly",,
85419597,REQUEST_FAILED,,,,,
85419609,REQUEST_FAILED,,,,,
85419632,REQUEST_FAILED,,,,,
85419690,deadAbandoned,None,"Nov. 19, 2012","GUANGZHOU WANBAO GROUP CO., LTD.",,songmengli@yahoo.com
85419647,REQUEST_FAILED,,,,,
85419701,deadAbandoned,None,"Nov. 19, 2012","GUANGZHOU WANBAO GROUP CO., LTD.",,songmengli@yahoo.com
85419705,REQUEST_FAILED,,,,,
85419692,REQUEST_FAILED,,,,,
85419728,REQUEST_FAILED,,,,,
85419784,deadAbandoned,LONDON - TAILOR,"Jul. 06, 2012",the right place in fashions ltd ( israelii co. ),,davidlipsker@gmail.com
85419768,deadAbandoned,HY-CHLO,"Jun. 29, 2012","Patrin Pharma, Inc.",,IP@Patrinpharma.com
85419737,REQUEST_FAILED,,,,,
85419787,deadAbandoned,LONDON - TAILOR,"Jul. 06, 2012",the right place in fashions ltd ( israelii co. ),,davidlipsker@gmail.com
85419814,deadAbandoned,WAVECREST AVENUE,"Nov. 19, 2012",Samir Chaudry,,samir@chaudryfashion.com
85419815,deadAbandoned,ZATOON,"Oct. 05, 2012","Yousef, Ramiz",,Ramseynasir@comcast.net
85419831,deadAbandoned,DAFEN,"Nov. 26, 2012",SHENZHEN DAFEN OIL PAINTING INDUSTRIAL LIMITED LIABILITY COMPANY,,info.info168@gmail.com
85419830,deadAbandoned,DAFEN,"Nov. 26, 2012",SHENZHEN DAFEN OIL PAINTING INDUSTRIAL LIMITED LIABILITY COMPANY,,info.info168@gmail.com
85419832,deadAbandoned,DAFEN,"Nov. 26, 2012",SHENZHEN DAFEN OIL PAINTING INDUSTRIAL LIMITED LIABILITY COMPANY,,info.info168@gmail.com
85419826,deadAbandoned,KANON,"Jul. 04, 2012",PENG JINHUI,,info.info168@gmail.com
85419821,REQUEST_FAILED,,,,,
85419889,deadAbandoned,JOB.COM,"Jul. 02, 2012","Job.com, Inc.",,kreed@job.com
85419903,REQUEST_FAILED,,,,,
85419922,REQUEST_FAILED,,,,,
85419942,REQUEST_FAILED,,,,,
85419998,REQUEST_FAILED,,,,,
85419995,REQUEST_FAILED,,,,,
85420187,deadAbandoned,"PUBLIUS ""PUB"" DOG DESIGNS","Nov. 26, 2012",Publius Pub Dog Designs LLC,,ppubdog@yahoo.com
85420161,REQUEST_FAILED,,,,,
85420290,deadAbandoned,HOOK LOGISTICS,"Nov. 19, 2012","Sanchez, Edward",,
85420537,deadAbandoned,GIRL GONE WIRED,"Nov. 19, 2012","Martin, Victoria",,
85420513,REQUEST_FAILED,,,,,
85420458,REQUEST_FAILED,,,,,
85420659,REQUEST_FAILED,,,,,
85420754,REQUEST_FAILED,,,,,
85420832,REQUEST_FAILED,,,,,
85420868,REQUEST_FAILED,,,,,
85420966,deadAbandoned,VOICIN,"Nov. 19, 2012","Lagares Garcia, Javier Salvador",,javier.lagares@gmail.com
85420909,REQUEST_FAILED,,,,,
85420954,deadAbandoned,MOOD'S,"Jul. 06, 2012",Ginkgo Consult sarl,,shenriot@me.com
85421001,deadAbandoned,CATERING CONCEPTS,"Jul. 05, 2012","DCI Cheese Company, Inc.",,
85420932,REQUEST_FAILED,,,,,
85420935,REQUEST_FAILED,,,,,
85421026,REQUEST_FAILED,,,,,
85421193,deadAbandoned,3 R S V P,"Jul. 02, 2012",3rsvp.com LLC,,anthony@3rsvp.com
85421102,REQUEST_FAILED,,,,,
85421149,REQUEST_FAILED,,,,,
85421157,REQUEST_FAILED,,,,,
85421349,deadAbandoned,ICHIVES,"Nov. 19, 2012",Mark Guthrie,,l4tmarkg@gmail.com
85421317,deadAbandoned,HANDS-FREE QUILTING,"Jul. 03, 2012","GraceWood Management, Inc",,chris@graceframe.com
85421392,deadAbandoned,IRONGUNZ FITNESS,"Nov. 19, 2012","Stepanek, Cammeron",,
85421260,REQUEST_FAILED,,,,,
85421289,REQUEST_FAILED,,,,,
85421627,deadAbandoned,PATTERN EXTENSION TECHNOLOGY,"Jul. 03, 2012","GraceWood Management, Inc",,chris@graceframe.com
85421486,REQUEST_FAILED,,,,,
85421553,REQUEST_FAILED,,,,,
85421614,REQUEST_FAILED,,,,,
85421711,REQUEST_FAILED,,,,,
85421715,REQUEST_FAILED,,,,,
85421906,deadAbandoned,FLUFFNUT,"Mar. 15, 2012",Phinizy & Phebe Handmade LLC,,crista@phinandphebes.com
85421918,deadAbandoned,BEE ZOO,"Nov. 19, 2012","Nourse, Matthew",,
85421871,REQUEST_FAILED,,,,,
85421895,REQUEST_FAILED,,,,,
85421902,REQUEST_FAILED,,,,,
85421937,deadAbandoned,BANK READY PACKAGE BRP,"Jul. 06, 2012","Document Preparation Services, LLC",,michael@docprep.net
85421915,REQUEST_FAILED,,,,,
85421947,REQUEST_FAILED,,,,,
85421986,deadAbandoned,THE DRIVE FOR FIVE,"Jul. 09, 2012","Kirsh, Edward",,edkirsh@yahoo.com
85422007,deadAbandoned,CELLACOM,"Jul. 03, 2012","SHENZHEN TELACOM SCIENCE & TECHNOLOGY CO.,LTD",,
85422037,deadAbandoned,TYPE 0 HYPERVISOR,"Jul. 06, 2012",ZVT Inc.,,alex@nslaw.co.il
85421993,REQUEST_FAILED,,,,,
85421997,REQUEST_FAILED,,,,,
85422303,deadAbandoned,BIOMATRIX SUPPORT GLUCOSE,"Mar. 26, 2012","I.P. Home, LLC",,cnixon@biohealthnow.com
85422083,REQUEST_FAILED,,,,,
85422545,deadAbandoned,GRADE EXPECTATIONS,"Jul. 01, 2012","Grade Expectations, Inc.",,talia@grade-expectations.com
85422241,REQUEST_FAILED,,,,,
85422296,REQUEST_FAILED,,,,,
85422486,deadAbandoned,CASHWEDDINGGIFT,"Jul. 03, 2012","CashWeddingGift, LLC",,service@cashweddinggift.com
85422626,deadAbandoned,CHARAY'S,"Nov. 19, 2012","Rayfield, Miriam",,
85422496,REQUEST_FAILED,,,,,
85422876,deadAbandoned,MESOMILLIONS,"Sep. 10, 2012","WOOD, PETER",,
85422699,REQUEST_FAILED,,,,,
85422705,REQUEST_FAILED,,,,,
85422757,REQUEST_FAILED,,,,,
85422960,deadAbandoned,REVIDEV INDUSTRIES,"Jul. 03, 2012","Far Out Devices, LLC",,
85422938,REQUEST_FAILED,,,,,
85422941,REQUEST_FAILED,,,,,
85423002,deadAbandoned,GTMAX,"Jul. 11, 2012",Maxwave Holding Limited,,turtlelow@hotmail.com
85423020,REQUEST_FAILED,,,,,
85423025,REQUEST_FAILED,,,,,
85423086,deadAbandoned,KIDS MONEY PUBLISHING,"Jul. 09, 2012",Imagination Holdings Pty Ltd,,hostmaster@imagination.com.au
85423090,deadAbandoned,KIDS BUSINESS,"Jul. 09, 2012",Imagination Holdings Pty Ltd,,hostmaster@imagination.com.au
85423120,deadAbandoned,TROVOGUE FABULOUS,"Sep. 03, 2012",Trovogue Inc,,
85423062,REQUEST_FAILED,,,,,
85423128,deadAbandoned,ROJROVER,"Jul. 02, 2012",ROJROVER FASHION (SHEN ZHEN) LTD.,,info.info168@gmail.com
85423137,deadAbandoned,"1 IT, WAY IT SHOULD BE","Nov. 19, 2012",Globalone Technologies Pvt Ltd,,
85423111,REQUEST_FAILED,,,,,
85423165,deadAbandoned,TRUEACTIVE,"Dec. 03, 2012",Alvarion Ltd,,ADI@COMPUTER-LAW.CO.IL
85423208,REQUEST_FAILED,,,,,
85423231,REQUEST_FAILED,,,,,
85423270,deadAbandoned,DC DECCAN,"Aug. 10, 2012",Xiaolian Zhuang,,yuanzhuo@vip.sina.com
85423255,REQUEST_FAILED,,,,,
85423455,deadAbandoned,MY DOG IS AN AWESOME DOG,"Jul. 03, 2012",Awesome Dog,,wadeus@gmail.com
85423286,REQUEST_FAILED,,,,,
85423336,REQUEST_FAILED,,,,,
85423549,deadAbandoned,OREGON'S ONLY ORGANICS,"Feb. 14, 2012",Oregon's Only Organics,,info@oregonsonlyorganics.net
85423485,REQUEST_FAILED,,,,,
85423502,REQUEST_FAILED,,,,,
85423552,REQUEST_FAILED,,,,,
85423589,REQUEST_FAILED,,,,,
85423925,deadAbandoned,PLATINUM BLONDE ALE,"Sep. 07, 2012","Wood, Peter",,
85423791,REQUEST_FAILED,,,,,
85424051,deadAbandoned,MEMORIES ARE EMBEDDED IN THE SOUL,"Nov. 19, 2012",George & Dimitra Vlahos Foundation,,
85423920,REQUEST_FAILED,,,,,
85424096,deadAbandoned,D YARN,"Nov. 15, 2012",Alok International Inc.,,
85424024,REQUEST_FAILED,,,,,
85424066,REQUEST_FAILED,,,,,
85424107,REQUEST_FAILED,,,,,
85424154,deadAbandoned,SWORDS AND SORCERY,"Jul. 03, 2012","Clerc, Charles",,charles@2-0.biz
85424259,deadAbandoned,WELTECWELDINGALLOYS,"Jul. 05, 2012","Hamelin, Ronald",,
85424276,deadAbandoned,"YES, I'M ON YOUR FLIGHT","Nov. 19, 2012","Morishita, Dina",,
85424284,deadAbandoned,BLACK DAWN,"Sep. 10, 2012",FremantleMedia Limited,,isabelle.brender@fremantlemedia.com
85424294,deadAbandoned,BLUE SHARK INNOVATIONS,"Jul. 12, 2012",Blue Shark Innovations,,sales@bluesharkinnovations.com
85424273,deadAbandoned,USA ATHLETE,"Oct. 31, 2012",A.J. Facts,,
85424168,REQUEST_FAILED,,,,,
85424310,REQUEST_FAILED,,,,,
85424383,deadAbandoned,CHARTERBENEFITS.COM,"Jul. 12, 2012",Regional Employee Benefits Council,,juliet@charterbenefits.com
85424381,REQUEST_FAILED,,,,,
85424397,REQUEST_FAILED,,,,,
85424406,REQUEST_FAILED,,,,,
85424622,deadAbandoned,ROHS,"Jan. 05, 2012","Onanon, Inc",,dennis@onanon.com
85424572,REQUEST_FAILED,,,,,
85424877,deadAbandoned,PWW MINI-16,"Nov. 19, 2012","Schlafly, Patrick",,
85424838,REQUEST_FAILED,,,,,
85425001,deadAbandoned,None,"Jun. 30, 2012","Shirts of the World, LLC",,
85424888,REQUEST_FAILED,,,,,
85425126,deadAbandoned,CARDIOVASCULAR INTELLIGENT DIAGNOSTICS,"Jul. 03, 2012","Nashef, Aws",,
85425031,REQUEST_FAILED,,,,,
85425215,deadAbandoned,GUNLOCKER,"Jul. 06, 2012","Gunup, Inc.",,INFO@GUNUP.NET
85425135,REQUEST_FAILED,,,,,
85425192,REQUEST_FAILED,,,,,
85425286,deadAbandoned,HUMONGOOSE,"Nov. 19, 2012",Dayshine Development Ltd,,dayshineco@gmail.com
85425244,REQUEST_FAILED,,,,,
85425302,deadAbandoned,BOOGER KIDS,"Apr. 09, 2012","Ngo, Michael",,
85425260,REQUEST_FAILED,,,,,
85425304,REQUEST_FAILED,,,,,
85425316,REQUEST_FAILED,,,,,
85425353,deadAbandoned,WAISTED REBEL,"Oct. 29, 2012","Lubczanska, Joanna",,liquidalpha@hotmail.com
85425325,REQUEST_FAILED,,,,,
85425343,REQUEST_FAILED,,,,,
85425365,deadAbandoned,CRAZEEE-STRAWZ,"Jul. 06, 2012",EVRIHOLDER PRODUCTS LLC,,garysevri@gmail.com
85425371,deadAbandoned,IRON GRILL,"Jul. 11, 2012","IRON GRILL, LLC",,INFO@IRONGRILLCA.COM
85425364,REQUEST_FAILED,,,,,
85425410,deadAbandoned,KRATOS,"Jul. 10, 2012","Mirza, Mohammad Ali",,ALI@HEALTHCARELLC.COM
85425377,REQUEST_FAILED,,,,,
85425420,deadAbandoned,"SWEAT, WORK AND GRIND APPAREL","Dec. 03, 2012","Work, Sweat, and Grind Apparel, LLC",,reesie7@hotmail.com
85425427,deadAbandoned,"A GREATER YOU, A GREATER WORD.","Jul. 12, 2012",The Artivist Network,,bettinawolff@artivists.org
85425408,REQUEST_FAILED,,,,,
85425426,REQUEST_FAILED,,,,,
85425668,deadAbandoned,OMEGA SMART,"Jul. 06, 2012",Viva Labs Inc.,,bipin@everestnutrition.com
85425523,REQUEST_FAILED,,,,,
85425526,REQUEST_FAILED,,,,,
85425586,REQUEST_FAILED,,,,,
85425716,REQUEST_FAILED,,,,,
85425794,REQUEST_FAILED,,,,,
85425797,REQUEST_FAILED,,,,,
85425837,REQUEST_FAILED,,,,,
85425956,deadAbandoned,XCITE SMART STIMULATION RESTORATIVE THERAPIES,"Oct. 31, 2012","Restorative Therapies, Inc",,abarriskill@restorative-therapies.com
85425995,deadAbandoned,BLACK SCLERA,"Jul. 06, 2012",JA Taylor Group Inc.,,admin@hauntedeyes.com
85425975,REQUEST_FAILED,,,,,
85426035,deadAbandoned,PASTURE LAND,"Jul. 13, 2012","X-Seed, Inc.",,cfagin@xseedinc.com
85425993,REQUEST_FAILED,,,,,
85426197,deadAbandoned,UNSTUCK CT,"Jul. 06, 2012","Nomad Energy, Inc.",,dan.morrison@nomadenergy.com
85426268,deadAbandoned,UNSTUCK TEAM,"Jul. 06, 2012","Nomad Energy, Inc.",,dan.morrison@nomadenergy.com
85426172,deadAbandoned,UNSTUCK,"Jul. 06, 2012","Nomad Energy, Inc.",,dan.morrison@nomadenergy.com
85426179,deadAbandoned,NAKED TRUTHS,"Nov. 26, 2012",Origen Inc,,
85426225,deadAbandoned,None,"Jul. 18, 2012",Hongwei Shan,,
85426131,REQUEST_FAILED,,,,,
85426455,deadAbandoned,SMART HYGIENE,"Nov. 26, 2012","Muenchau, Daryl D",,dmuenchau@gmail.com
85426400,deadAbandoned,SECRET SOCIETY OF WOMEN,"Jul. 17, 2012",Kimlingco LLC,,
85426327,REQUEST_FAILED,,,,,
85426512,deadAbandoned,MIXITUP,"Nov. 26, 2012","NotchRoad, Inc.",,david@adleman.net
85426379,REQUEST_FAILED,,,,,
85426498,REQUEST_FAILED,,,,,
85426505,REQUEST_FAILED,,,,,
85426579,deadAbandoned,ARPAXX,"Jul. 11, 2012",Dr. D. Mueller GmbH,,info@mueller-ahlhorn.com
85426612,deadAbandoned,US SPECGRADE LED,"Jul. 14, 2012",Lighting Solutions Group LLC,,
85426631,deadAbandoned,"AGILE K6, DATA MART MANAGEMENT, DATA CLEANSING & INTEGRATION, REPORTING & ANALYSIS, INSIGHTS DISSEMINATION, INFORMATION LEVERAGE, SOURCING/MINING OF INTERNAL & EXTERNAL DATA","Jul. 10, 2012",EVALUESERVE LIMITED,,
85426626,deadAbandoned,EVALUESERVE YOUR GLOBAL KNOWLEDGE PARTNER,"Jul. 10, 2012",EVALUESERVE LIMITED,,
85426543,REQUEST_FAILED,,,,,
85426635,deadAbandoned,FITESELEKTOR,"Jul. 10, 2012",FiteSelektor,,cm@newboard.eu
85426587,REQUEST_FAILED,,,,,
85426664,deadAbandoned,SIGREE,"Nov. 26, 2012",Speciality Restaurants Private Limited,,
85426622,REQUEST_FAILED,,,,,
85426652,REQUEST_FAILED,,,,,
85426742,REQUEST_FAILED,,,,,
85426749,REQUEST_FAILED,,,,,
85426779,REQUEST_FAILED,,,,,
85426804,REQUEST_FAILED,,,,,
85426881,REQUEST_FAILED,,,,,
85426976,REQUEST_FAILED,,,,,
85426993,REQUEST_FAILED,,,,,
85427105,deadAbandoned,CTE LOGISTICS,"Jul. 12, 2012",CTE Warehousing Inc,,kerichantler@ymail.com
85427267,deadAbandoned,WHERE DISPUTES END AND RESULTS HAPPEN,"Nov. 26, 2012","Adams, Kym",,
85427187,deadAbandoned,GRENADE GEAR,"Jun. 24, 2012","Wanek, Jan C.",,ambrotos@gmx.com
85427119,REQUEST_FAILED,,,,,
85427311,deadAbandoned,MEMPHIS CITY GLUTEN FREE BAR B Q SPICY GARLIC COMPANY ALL - NATURAL FINGER - LICKIN' GOOD,"Jul. 13, 2012","GOOD EATS FOODS, LLC",,JASONKIRSCH1@GMAIL.COM
85427249,REQUEST_FAILED,,,,,
85427323,deadAbandoned,None,"Dec. 05, 2012","Maglione, Thomas C.",,tom@castlediamond.com
85427271,REQUEST_FAILED,,,,,
85427456,REQUEST_FAILED,,,,,
85427465,REQUEST_FAILED,,,,,
85427470,REQUEST_FAILED,,,,,
85427484,REQUEST_FAILED,,,,,
85427544,REQUEST_FAILED,,,,,
85427604,REQUEST_FAILED,,,,,
85427699,deadAbandoned,TRIVIA BOX,"Jul. 02, 2012",Imagination Holdings Pty Ltd,,hostmaster@imagination.com.au
85427678,REQUEST_FAILED,,,,,
85427752,deadAbandoned,AGILE D3 DIAGNOSTICS DESIGN DELIVERY,"Jul. 10, 2012",EVALUESERVE LIMITED,,
85427715,REQUEST_FAILED,,,,,
85427764,deadAbandoned,SYFLY,"Nov. 26, 2012","Witherspoon, Marlon",,
85427743,deadAbandoned,COOKIE THINS,"Jul. 18, 2012","FUSION GOURMET, INC.",,anniechu@fusiongourmet.com
85427720,REQUEST_FAILED,,,,,
85427786,deadAbandoned,CLEANPLAY,"Nov. 26, 2012","Brewer, Blake Garner",,bg.brewer@hotmail.com
85427802,deadAbandoned,APHIDS OFF,"Jun. 06, 2012",ASAP Products LLC,,info@ecoorganics.com
85427761,REQUEST_FAILED,,,,,
85427783,deadAbandoned,FUTURESHAPE,"Jul. 12, 2012",SmithMeyersLaboratories Pte. Ltd.,,
85427787,deadAbandoned,WHEN WOMEN WINE,"Nov. 26, 2012","Bassi, Susan",,
85427869,deadAbandoned,THE GREEN WAVE PROJECT,"Jul. 10, 2012",Christopher LaLime,,chris.lalime@gmail.com
85427819,REQUEST_FAILED,,,,,
85427894,REQUEST_FAILED,,,,,
85428076,REQUEST_FAILED,,,,,
85428227,deadAbandoned,BED SHIRT,"Dec. 24, 2012","Barson, Phyllis",,
85428071,REQUEST_FAILED,,,,,
85428311,deadAbandoned,CAPTURE,"Jul. 12, 2012",Neopost USA Inc.,,
85428176,REQUEST_FAILED,,,,,
85428236,REQUEST_FAILED,,,,,
85428283,REQUEST_FAILED,,,,,
85428363,REQUEST_FAILED,,,,,
85428375,REQUEST_FAILED,,,,,
85428594,deadAbandoned,ROOTS?... I DON'T THINK SO!,"Nov. 26, 2012","Rosellen, Valerie",,
85428460,REQUEST_FAILED,,,,,
85428743,deadAbandoned,ZULTGEMS,"Jul. 18, 2012",SASH FOUNDATION,,zultgems@gmail.com
85428739,REQUEST_FAILED,,,,,
85428832,deadAbandoned,"LIVINGSTONE,LIVINGSTONE,LIVING STONE","Jul. 12, 2012",WENBING LI,,BILL@KNIGHTYRES.COM
85428848,deadAbandoned,LAZEY,"Nov. 26, 2012","Stanarevic, Mark Mr",,markmelb@gmail.com
85428889,deadAbandoned,LA REVUE DU CHAMPAGNE IN ENGLISH,"Jan. 16, 2012","COINTREAU, EDOUARD",,ip@agladial.com
85428779,REQUEST_FAILED,,,,,
85428862,deadAbandoned,PEARMAIN,"Jul. 12, 2012","ZHEJIANG PEARMAIN ELECTRONICS CO., LTD.",,overseas@zjpe.net
85428880,REQUEST_FAILED,,,,,
85428906,REQUEST_FAILED,,,,,
85429009,REQUEST_FAILED,,,,,
85429081,REQUEST_FAILED,,,,,
85429117,REQUEST_FAILED,,,,,
85429194,deadAbandoned,BRITEFX PROFESSIONAL TEETH WHITENING SYSTEMS,"Dec. 03, 2012","Whitaker, Coleman",,
85429234,deadAbandoned,PILOT LIFE,"Nov. 26, 2012",Scott's Aviation LLC,,
85429188,REQUEST_FAILED,,,,,
85429331,deadAbandoned,ADROIT SOFTWARE,"Jul. 12, 2012",TRX Software Development Incorporated,,davidajones@trxsoftware.com
85429230,REQUEST_FAILED,,,,,
85429312,REQUEST_FAILED,,,,,
85429420,deadAbandoned,TANTALIZING TASTIES,"Nov. 26, 2012","Smith, Tanya",,
85429363,REQUEST_FAILED,,,,,
85429392,REQUEST_FAILED,,,,,
85429550,deadAbandoned,BEDSHIRT.ORG,"Nov. 26, 2012","Barson, Phyllis",,
85429520,REQUEST_FAILED,,,,,
85429578,REQUEST_FAILED,,,,,
85429580,REQUEST_FAILED,,,,,
85429799,deadAbandoned,NORTH BAY,"Jul. 18, 2012",Housewares International,,manny@housewaresintl.com
85429666,REQUEST_FAILED,,,,,
85429787,deadAbandoned,LOTTA DJOSSOU,"Jul. 11, 2012",Lotta Djossou Design AB,,
85429724,REQUEST_FAILED,,,,,
85429900,deadAbandoned,BREAK THAT SINGLE,"Nov. 26, 2012",XRadio Media Corp,,
85429865,REQUEST_FAILED,,,,,
85429897,REQUEST_FAILED,,,,,
85429909,REQUEST_FAILED,,,,,
85430053,deadAbandoned,FORMRETURN,"Jul. 18, 2012",EB Strada Holdings Pty Ltd,,rquast@ebstrada.com.au
85430000,REQUEST_FAILED,,,,,
85430012,REQUEST_FAILED,,,,,
85430010,REQUEST_FAILED,,,,,
85430160,deadAbandoned,None,"Jul. 18, 2012","LashBack, INC",,dhughes@lashBack.com
85430040,REQUEST_FAILED,,,,,
85430365,deadAbandoned,CHE RUM,"Jul. 13, 2012","Payne, William",,thusly7@aol.com
85430121,REQUEST_FAILED,,,,,
85430450,deadAbandoned,MARISA KENSON,"Jul. 16, 2012","Kenson, Marisa",,
85430425,deadAbandoned,SELFCLOUD,"Jul. 12, 2012","Shenyang GoldenPack Technic Developoment Co., Ltd.",,info@goldenpack.com
85430422,REQUEST_FAILED,,,,,
85430514,REQUEST_FAILED,,,,,
85430545,REQUEST_FAILED,,,,,
85430768,deadAbandoned,LOCAL SEO SITES SUCCESSFUL INTERNET MARKETING SOLUTIONS,"Aug. 14, 2012",Foundation Lead Group,,cbendos@localseosites.com
85430628,REQUEST_FAILED,,,,,
85430784,REQUEST_FAILED,,,,,
85430781,REQUEST_FAILED,,,,,
85430861,REQUEST_FAILED,,,,,
85430827,REQUEST_FAILED,,,,,
85431096,deadAbandoned,BANCROFT,"Mar. 14, 2012","Heaney, Hunter",,
85431017,REQUEST_FAILED,,,,,
85431042,REQUEST_FAILED,,,,,
85431124,deadAbandoned,PARTY LIKE THERE'S NO JESUS,"Nov. 26, 2012",Schilaty Mae,,
85431148,deadAbandoned,WYANDOTTE COUNTY CORK HOUSE,"Dec. 03, 2012","Lampson, Roger",,
85431102,REQUEST_FAILED,,,,,
85431155,REQUEST_FAILED,,,,,
85431168,REQUEST_FAILED,,,,,
85431174,REQUEST_FAILED,,,,,
85431247,deadAbandoned,ROCK CITY BIRDS,"Jul. 16, 2012",Iquicktools,,
85431224,REQUEST_FAILED,,,,,
85431259,deadAbandoned,JANBREEZE,"Dec. 03, 2012",RWK Services,,tom.lesiczka@rwkservices.com
85431245,REQUEST_FAILED,,,,,
85431279,REQUEST_FAILED,,,,,
85431283,REQUEST_FAILED,,,,,
85431337,deadAbandoned,DEBONAIRE THE SOPHISTICATED GENTLEMAN,"Jul. 17, 2012","Russell, Donald E.",,RussellDonald78@yahoo.com
85431353,deadAbandoned,THYROID-S.COM,"Oct. 02, 2012","Guagliano, Peter Adam",,peter@zwebmedia.com
85431352,REQUEST_FAILED,,,,,
85431361,REQUEST_FAILED,,,,,
85431466,deadAbandoned,TURDLE CLUB,"Jul. 17, 2012","Hurdle, Eddie",,turdleclub@gmail.com
85431478,deadAbandoned,OFF POST,"Dec. 03, 2012","Mccarty, Jeffery",,
85431479,deadAbandoned,BELLEROSE,"Jul. 14, 2012",IBB EURL,,jl.butez@ibb.fr
85431461,deadAbandoned,MINIBOOK,"Sep. 11, 2012",Future Master International Limited,,yli@katamobile.com
85431480,deadAbandoned,CLOUDFILL,"Dec. 03, 2012","Shinkle, Tim",,
85431483,deadAbandoned,VIVAT,"Jul. 24, 2012",SAS BRASSERIE ARTISANALE DU CATEAU CAMBRESIS,,jl.butez@ibb.fr
85431446,REQUEST_FAILED,,,,,
85431459,REQUEST_FAILED,,,,,
85431485,deadAbandoned,SCANMILES,"Jul. 16, 2012",IFCeurope GmbH,,
85431536,REQUEST_FAILED,,,,,
85431679,REQUEST_FAILED,,,,,
85431687,REQUEST_FAILED,,,,,
85431751,deadAbandoned,COLORRITE SCRATCHMAGIC,"Dec. 09, 2012",ColorRite Distributing West Inc.,,
85431719,REQUEST_FAILED,,,,,
85431792,deadAbandoned,BSTART.COM,"Dec. 03, 2012","Zavliaris, Filippos",,
85431783,deadAbandoned,DUCTBREEZE,"Dec. 03, 2012","RWK Services, Inc.",,tom.lesiczka@rwkservices.com
85431748,REQUEST_FAILED,,,,,
85431817,REQUEST_FAILED,,,,,
85431929,REQUEST_FAILED,,,,,
85431930,REQUEST_FAILED,,,,,
85432061,REQUEST_FAILED,,,,,
85432171,deadAbandoned,WORLD AMATEUR MIXED MARTIAL ARTS FEDERATION,"Jul. 19, 2012",Detrimental Holdings LLC,,detrimentalfights@gmail.com
85432199,deadAbandoned,TINY CITIZEN,"Dec. 03, 2012",Purple Orange,,
85432152,deadAbandoned,NATIONAL AMATEUR MIXED MARTIAL ARTS FEDERATION,"Jul. 19, 2012",Detrimental Holdings LLC,,detrimentalfights@gmail.com
85432161,REQUEST_FAILED,,,,,
85432294,deadAbandoned,ORTHOUSA,"Dec. 03, 2012",Invictus LLC,,
85432334,deadAbandoned,TRIPLE XTREME,"Dec. 03, 2012",Level X Indistries,,
85432249,REQUEST_FAILED,,,,,
85432360,deadAbandoned,HOTEL SUPREME,"Sep. 04, 2012","Inovatex, LLC",,info@inovatex.com
85432333,REQUEST_FAILED,,,,,
85432370,REQUEST_FAILED,,,,,
85432414,deadAbandoned,BOOMERS ROCK N ROLL,"Jul. 19, 2012","Knudten, Gregg",,
85432388,REQUEST_FAILED,,,,,
85432410,REQUEST_FAILED,,,,,
85432442,deadAbandoned,LOLA VARGAS,"Jul. 13, 2012","TEQUILERA LOS ABUELOS, S.A. DE C.V.",,victor@avah.com.mx
85432452,deadAbandoned,TRAKKR,"Jul. 13, 2012",illipsis Pty Limited,,anthony.coelho@illipsis.com
85432424,REQUEST_FAILED,,,,,
85432508,deadAbandoned,EE,"Nov. 09, 2012",Kachina LLC,,info@kachinallc.com
85432511,deadAbandoned,DDTWHK,"Dec. 03, 2012",DDTW International Development Limited,,
85432488,REQUEST_FAILED,,,,,
85432499,REQUEST_FAILED,,,,,
85432523,REQUEST_FAILED,,,,,
85432532,REQUEST_FAILED,,,,,
85432579,REQUEST_FAILED,,,,,
85432641,REQUEST_FAILED,,,,,
85432669,REQUEST_FAILED,,,,,
85432670,REQUEST_FAILED,,,,,
85432913,deadAbandoned,GOPAK,"Jul. 27, 2012","Hall, Cara A.",,ericjhallemail@gmail.com
85432776,REQUEST_FAILED,,,,,
85433022,deadAbandoned,POLITICAL CORRECTISM (CORRECT-ISM),"Jul. 20, 2012","Atlantic Marketing Solutions, LLC",,atlanticmktgsoln@aol.com
85432953,REQUEST_FAILED,,,,,
85432972,REQUEST_FAILED,,,,,
85433081,deadAbandoned,THANK EVERY / EACH AMERICAN SOLDIER T (RED) E (WHITE) A (BLUE) (FOR TEA PARTY),"Apr. 13, 2012","Atlantic Marketing Solutions, LLC",,atlanticmktgsoln@aol.com
85432997,REQUEST_FAILED,,,,,
85433048,REQUEST_FAILED,,,,,
85433089,REQUEST_FAILED,,,,,
85433145,REQUEST_FAILED,,,,,
85433298,deadAbandoned,BELLABERRY,"Dec. 10, 2012",Frozen 4 LLC,,geteuphoric@gmail.com
85433245,REQUEST_FAILED,,,,,
85433355,REQUEST_FAILED,,,,,
85433477,deadAbandoned,TIE-HIGHS SNAP.WRAP.TIE.GO.,"Jul. 25, 2012","Kinnel, Nicole R",,laura.tiehighs@yahoo.com
85433525,deadAbandoned,POLITICAL CORRECTNESS,"Jul. 20, 2012","Atlantic Marketing Solutions, LLC",,atlanticmktgsoln@aol.com
85433497,REQUEST_FAILED,,,,,
85433545,deadAbandoned,BURGER STAND,"Jul. 19, 2012","Miller, Martin",,mmiller339@gmail.com
85433607,deadAbandoned,HIMALAYAN BEANZ COFFEE,"Nov. 02, 2012","KHADKA CHHETRI, SUDIP",,sudip.khadka@himalayanbeanz.com
85433547,REQUEST_FAILED,,,,,
85433623,deadAbandoned,MIX IN THE TROPICS,"Dec. 03, 2012","Cannon, DeWitt",,
85433653,deadAbandoned,PLAYTEK,"Dec. 03, 2012",Creative Impact Inc.,,ANNA@ZURU.COM
85433713,deadAbandoned,RESTORATIVE THERAPIES THE LEADER IN FESPOWERED SYSTEMS,"Aug. 31, 2012","Restorative Therapies, Inc",,abarriskill@restorative-therapies.com
85433732,REQUEST_FAILED,,,,,
85433605,deadAbandoned,VOBILE VCLOUD,"Nov. 30, 2012","Vobile, Inc",,yangbin.wang@vobileinc.com
85433590,REQUEST_FAILED,,,,,
85433621,REQUEST_FAILED,,,,,
85434031,REQUEST_FAILED,,,,,
85434276,REQUEST_FAILED,,,,,
85434463,REQUEST_FAILED,,,,,
85434635,deadAbandoned,ICCE,"Jul. 19, 2012",Snowstorm,,m.campisi@glacialstargroup.com
85434685,deadAbandoned,TOGETHERNESS HELPS US GROW,"Dec. 10, 2012","Portis, Terrance",,tportis11@gmail.com
85434600,REQUEST_FAILED,,,,,
85434658,REQUEST_FAILED,,,,,
85434682,REQUEST_FAILED,,,,,
85434796,deadAbandoned,FANSM,"Dec. 10, 2012","Lucas, Jesse",,
85434792,deadAbandoned,FANASM,"Dec. 10, 2012","Lucas, Jesse",,
85434778,REQUEST_FAILED,,,,,
85434893,deadAbandoned,HEALTHSLINGER LASER HOLDSTER,"Dec. 10, 2012","Gordon Palm, Janet",,
85434909,deadAbandoned,A APPLIFIED GET YOUR BUSINESS APPLIFIED,"Jul. 27, 2012",Applified BV,,lex.beijer@applified.nl
85434889,deadAbandoned,YIRZ,"Jul. 20, 2012",Brain Science Labs,,info@brainsciencelabs.com
85434811,REQUEST_FAILED,,,,,
85434939,REQUEST_FAILED,,,,,
85435077,deadAbandoned,BREAKROOM ESSENTIALS,"Jul. 26, 2012","Smith, Jack",,jchairs@aol.com
85435075,REQUEST_FAILED,,,,,
85435107,REQUEST_FAILED,,,,,
85435197,deadAbandoned,SECUREGUARD REACT,"Jul. 26, 2012","Singer, Aaron",,asinger@microformat.net
85435184,REQUEST_FAILED,,,,,
85435352,deadAbandoned,INTEROPERABILITY ENGINE,"Sep. 08, 2012","CriticalKey, LLC",,mgaeta@criticalkey.com
85435331,REQUEST_FAILED,,,,,
85435335,REQUEST_FAILED,,,,,
85435577,deadAbandoned,LOCZ,"Mar. 12, 2012",Moda Collection,,help@modasunglass.com
85435721,deadAbandoned,BRUNN,"May 09, 2012",F.L.NAVARRO LTD,,info@theartisancollection.us
85435559,REQUEST_FAILED,,,,,
85435726,deadAbandoned,NEUROGENESIS BRAIN BOOST,"Jul. 19, 2012",ANGIOGENESIS LABS LLC,,PATRICK@GENESISMEDICAL.US
85435687,deadAbandoned,XERO,"Jul. 26, 2012",Moda Collection,,help@modasunglass.com
85435799,REQUEST_FAILED,,,,,
85435800,REQUEST_FAILED,,,,,
85435864,deadAbandoned,BLOCKBUSTER BRANDING,"Dec. 17, 2012","Faith, Unknown (per Social Security, legally no middle/last name)",,blockbusterbranding@yahoo.com
85435871,deadAbandoned,SB,"Sep. 08, 2012",SaLTBOX Services LLC,,
85435821,REQUEST_FAILED,,,,,
85435918,deadAbandoned,BEST IN CLASS,"Jul. 31, 2012","Gahagan, Kevin E",,kegahagan@liberty.edu
85435885,REQUEST_FAILED,,,,,
85435887,REQUEST_FAILED,,,,,
85435973,deadAbandoned,BAR ..BEE (INSECT),"Nov. 26, 2012","Salazar, Edalia T",,
85436015,deadAbandoned,SAN JOSE DE LA PAZ,"Jul. 26, 2012","Fabrica de Aguardientes de Agave La Mexicana, S.A. de C.V.",,contacto@promarkmexico.com
85435945,REQUEST_FAILED,,,,,
85435972,REQUEST_FAILED,,,,,
85435979,REQUEST_FAILED,,,,,
85436125,deadAbandoned,NETCONNECT,"Aug. 03, 2012","SentryNet, Inc.",,prossmoine@sentrynet.com
85436255,REQUEST_FAILED,,,,,
85436515,deadAbandoned,EREBUS BICYCLES,"Jul. 20, 2012","Boardman, Dan",,
85436299,REQUEST_FAILED,,,,,
85436473,REQUEST_FAILED,,,,,
85436492,REQUEST_FAILED,,,,,
85436528,deadAbandoned,FATG,"Oct. 17, 2012","Niemiec, Timothy",,
85436776,REQUEST_FAILED,,,,,
85436851,deadAbandoned,CHAMPIONSHIP ATHLETIC FUNDRAISING,"Jul. 20, 2012",Championship Athletic Fundraising,,steve@championshipfundraising.com
85436848,deadAbandoned,JU'COL,"Sep. 25, 2012","Ripton, Geneva Ju'col",,gjripton@gmail.com
85436837,REQUEST_FAILED,,,,,
85436909,REQUEST_FAILED,,,,,
85437014,deadAbandoned,GOTRADE,"Jul. 27, 2012",Jeffrey D Moyer,,jeffm@gocare.com
85437044,deadAbandoned,CALYNDAR,"Jul. 24, 2012","Varsity Software, Inc.",,jweaver@iemic.com
85437078,deadAbandoned,BLADDER MANAGEMENT SYSTEM,"Jul. 27, 2012",Dr. David E. Flinchbaugh,,doctorflinchbaugh@yahoo.com
85437037,REQUEST_FAILED,,,,,
85437099,deadAbandoned,ANONYBOOK,"Nov. 13, 2012",Anonybook.com,,
85437057,REQUEST_FAILED,,,,,
85437110,deadAbandoned,M.O.M. FIT,"Jul. 23, 2012","OBrien, Elizabeth L",,thefitgroup11@googlemail.com
85437105,REQUEST_FAILED,,,,,
85437121,REQUEST_FAILED,,,,,
85437113,REQUEST_FAILED,,,,,
85437112,deadAbandoned,KAPTIVA,"Jul. 20, 2012","Nevatia, Kapil Shishir",,kapil@sunjewels.com
85437133,deadAbandoned,LIMITED NOT LIMITLESS,"Dec. 10, 2012","Publius Pub Dog Designs, LLC",,ppubdog@yahoo.com
85437135,deadAbandoned,EQUAL NOT ELITE,"Dec. 10, 2012","Publius Pub Dog Designs, LLC",,ppubdog@yahoo.com
85437167,deadAbandoned,STEM CELL NEWS,"Jul. 17, 2012",rampitupzone.com,,info@rampitupzone.com
85437182,deadAbandoned,ARTIFICIAL PANCREAS SYSTEM,"Jul. 26, 2012",Gregory Ford Gilbert,,
85437192,deadAbandoned,ARTIFICIAL PANCREAS TREATMENT,"Jul. 26, 2012",Gregory Ford Gilbert,,
85437153,REQUEST_FAILED,,,,,
85437163,REQUEST_FAILED,,,,,
85437198,REQUEST_FAILED,,,,,
85437267,deadAbandoned,CONSTRUX,"Jul. 24, 2012","Levy, Richard C",,toysrme@gmail.com
85437246,deadAbandoned,L V TWENTY THREE,"Sep. 10, 2012","Revolus, Sasha",,mskippish@gmail.com
85437373,deadAbandoned,FIESTA RADIO,"Dec. 17, 2012","Maldonado, Tobias",,
85437289,REQUEST_FAILED,,,,,
85437371,deadAbandoned,SOLOMON'S BRIGADE,"Dec. 17, 2012","Hodge, Eddie",,
85437385,deadAbandoned,INFAMOUS INSOMNIAC,"Jul. 25, 2012","Kearney, Briana",,
85437495,deadAbandoned,GUSH,"Dec. 10, 2012",SchoolFeed. Inc.,,
85437377,REQUEST_FAILED,,,,,
85437433,REQUEST_FAILED,,,,,
85437494,deadAbandoned,SAFE&SECURE,"Jul. 26, 2012",UltraConcurrent,,carlhewitt@alum.mit.edu
85437511,REQUEST_FAILED,,,,,
85437621,REQUEST_FAILED,,,,,
85437710,REQUEST_FAILED,,,,,
85437686,REQUEST_FAILED,,,,,
85438122,deadAbandoned,WISHRUNNER,"Dec. 10, 2012","InBetween, Inc.",,
85438113,REQUEST_FAILED,,,,,
85438142,deadAbandoned,WARRIOR LIFE,"Jul. 26, 2012","Mikula, Tyler W",,tmikula@prodigy.net
85438125,REQUEST_FAILED,,,,,
85438208,deadAbandoned,CAVEMAN DECATHLON,"Jul. 22, 2012","McCollum, Nick",,nick@cavedeca.com
85438187,REQUEST_FAILED,,,,,
85438240,deadAbandoned,DIVINE DESIGN,"Dec. 10, 2012","Lehrer, Douglas",,
85438205,REQUEST_FAILED,,,,,
85438321,deadAbandoned,FIRST CHOICE,"Jul. 25, 2012","Maxmart, Inc.",,binglin@ameritech.net
85438233,REQUEST_FAILED,,,,,
85438225,REQUEST_FAILED,,,,,
85438317,REQUEST_FAILED,,,,,
85438320,REQUEST_FAILED,,,,,
85438386,deadAbandoned,NYPPEX,"Nov. 19, 2012","NYPPEX, LLC",,
85438332,REQUEST_FAILED,,,,,
85438357,REQUEST_FAILED,,,,,
85438417,REQUEST_FAILED,,,,,
85438439,REQUEST_FAILED,,,,,
85438427,REQUEST_FAILED,,,,,
85438452,REQUEST_FAILED,,,,,
85438430,REQUEST_FAILED,,,,,
85438447,REQUEST_FAILED,,,,,
85438459,REQUEST_FAILED,,,,,
85438653,deadAbandoned,YN,"Jul. 24, 2012","Ghica, Stefan",,stefan@ynbarnyc.com
85438766,deadAbandoned,PUZZLE TALES,"Jul. 30, 2012","Rivet Games, Inc.",,
85438759,deadAbandoned,DUQUOR,"Dec. 10, 2012","Kanhan, Franck",,
85438778,deadAbandoned,CSDP,"Nov. 13, 2012",G&C Natural Nutrition Inc.,,
85438822,deadAbandoned,CLOUDWRANGLER,"Oct. 22, 2012","Verecloud, Inc.",,dirk.vanslyke@verecloud.com
85438887,deadAbandoned,MY TIMELINE,"May 15, 2012","Bullion Technologies, LLC",,
85438870,deadAbandoned,BULLETMAN BODY ARMOR,"Jul. 24, 2012","William, Kipp",,
85438978,REQUEST_FAILED,,,,,
85439212,deadAbandoned,XBRI,"Jul. 24, 2012",SUNSET S.A.C.I.S.,,samer@sunset.com.py
85439099,REQUEST_FAILED,,,,,
85439145,deadAbandoned,NEWSONG PHOTOGRAPHY,"Dec. 17, 2012","Reynolds, Denise",,
85439273,deadAbandoned,FLS,"Jul. 24, 2012","Resort Equities, LLC",,FLS@resortequities.com
85439221,deadAbandoned,FRACTIONAL LISTING SERVICE,"Jul. 24, 2012","Resort Equities, LLC",,FLS@resortequities.com
85439292,deadAbandoned,FRACTIONAL MLS,"Jul. 24, 2012","Resort Equities, LLC",,FLS@resortequities.com
85439202,deadAbandoned,CORNERSTONE ENDODONTICS,"Jul. 31, 2012",Daniel John Boehne,,danboehne@aol.com
85439339,deadAbandoned,KING HIT FIGHT WEAR,"Jul. 31, 2012",Rata Piripi Bateman,,ratabateman@hotmail.com
85439350,deadAbandoned,BUYAHOLIC,"Jul. 26, 2012","Forder, David",,david@cloudmasters.net
85439362,deadAbandoned,ANGEL SANCHEZ,"Jul. 26, 2012","Angel Sanchez USA, Inc.",,sam@crglicensing.com
85439311,deadAbandoned,FRACTIONAL LISTING SERVICE,"Jul. 24, 2012","Resort Equities, LLC",,FLS@resortequities.com
85439315,REQUEST_FAILED,,,,,
85439449,deadAbandoned,WORLD SERIES OF CORNHOLE,"Aug. 20, 2012","American Cornhole, LLC",,mgray@americancornhole.com
85439415,REQUEST_FAILED,,,,,
85439429,REQUEST_FAILED,,,,,
85439590,REQUEST_FAILED,,,,,
85439717,deadAbandoned,WHAT ON EARTH?,"Nov. 12, 2012","Discovery Bay Games, Inc.",,
85439885,deadAbandoned,LGOP,"Dec. 10, 2012","Blanchard, Thomas",,
85439708,REQUEST_FAILED,,,,,
85439661,REQUEST_FAILED,,,,,
85440007,deadAbandoned,ECODIGESTER,"Jul. 25, 2012","Jireh America, LLC",,jireh.america@gmail.com
85439955,REQUEST_FAILED,,,,,
85440061,REQUEST_FAILED,,,,,
85440094,REQUEST_FAILED,,,,,
85440159,REQUEST_FAILED,,,,,
85440191,REQUEST_FAILED,,,,,
85440236,REQUEST_FAILED,,,,,
85440240,REQUEST_FAILED,,,,,
85440271,REQUEST_FAILED,,,,,
85440278,REQUEST_FAILED,,,,,
85440378,deadAbandoned,ISPEAK,"Dec. 10, 2012","CARTER, JACQUELINE",,MDANGELL@GMAIL.COM
85440288,REQUEST_FAILED,,,,,
85440382,deadAbandoned,SKURF CASTER SKATES,"Aug. 04, 2012","ZB Enterprises, LLC",,john@rideskurf.com
85440588,deadAbandoned,FOR GRASS AND VEGETATION CUTTING ATTACHMENT FOR A POWER-OPERATED TRIMMER,"Jul. 26, 2012",POWERHEAD,,info@powerhead.com
85440398,REQUEST_FAILED,,,,,
85440543,REQUEST_FAILED,,,,,
85440682,REQUEST_FAILED,,,,,
85440742,deadAbandoned,VIRTUAL SOMMELIER,"Jul. 12, 2012",VELVET PALATE LTD,,msm2567@gmail.com
85440748,REQUEST_FAILED,,,,,
85440762,REQUEST_FAILED,,,,,
85440764,REQUEST_FAILED,,,,,
85440844,deadAbandoned,TECHNOPANTS,"Dec. 10, 2012",S. Graf Ltd.,,
85440930,REQUEST_FAILED,,,,,
85441092,REQUEST_FAILED,,,,,
85440968,REQUEST_FAILED,,,,,
85441119,REQUEST_FAILED,,,,,
85441171,REQUEST_FAILED,,,,,
85441269,deadAbandoned,UNA DOLCE ESPERIENZA,"Oct. 15, 2012",THE WINE GROUP LLC,,DIJANA.KRISTO@THEWINEGROUP.COM
85441310,REQUEST_FAILED,,,,,
85441412,deadAbandoned,LIZZARD FASHION,"Oct. 23, 2012","Lizzard Fashion, LLC",,odayel@gmail.com
85441423,deadAbandoned,"LIZZARD, MAKES SCIENCE FASHIONABLE","Oct. 31, 2012","Lizzard Fashion, LLC",,odayel@gmail.com
85441359,REQUEST_FAILED,,,,,
85441428,REQUEST_FAILED,,,,,
85441439,REQUEST_FAILED,,,,,
85441445,REQUEST_FAILED,,,,,
85441565,REQUEST_FAILED,,,,,
85441568,REQUEST_FAILED,,,,,
85441851,REQUEST_FAILED,,,,,
85441900,REQUEST_FAILED,,,,,
85442081,deadAbandoned,KROME CLASS,"Dec. 10, 2012",RC International LLc,,BIRTH2ETRN@AOL.COM
85442153,deadAbandoned,PAMPER MY PARTY,"Jul. 27, 2012","Pamper My Party, LLC",,a2theb33@yahoo.com
85441919,REQUEST_FAILED,,,,,
85441932,REQUEST_FAILED,,,,,
85442311,deadAbandoned,TRIMTINI,"Dec. 17, 2012","Fitzgerald, Daniel",,
85442224,REQUEST_FAILED,,,,,
85442244,REQUEST_FAILED,,,,,
85442655,deadAbandoned,OA,"Jul. 27, 2012","Schulz, Jarrod",,jarrod.schulz@cox.net
85442581,REQUEST_FAILED,,,,,
85442612,REQUEST_FAILED,,,,,
85442650,REQUEST_FAILED,,,,,
85442695,REQUEST_FAILED,,,,,
85442714,REQUEST_FAILED,,,,,
85442804,deadAbandoned,KEN WA KAN,"Aug. 01, 2012",Society for Martial Arts Instruction,,
85442746,REQUEST_FAILED,,,,,
85442840,REQUEST_FAILED,,,,,
85442897,deadAbandoned,None,"Aug. 03, 2012","NI, ZHENMING",,pbai123@yahoo.com
85442875,REQUEST_FAILED,,,,,
85442987,deadAbandoned,STIXSUE,"Jun. 11, 2012","NAPABE, LLC",,napabellc@gmail.com
85442946,REQUEST_FAILED,,,,,
85442992,REQUEST_FAILED,,,,,
85443042,REQUEST_FAILED,,,,,
85443183,REQUEST_FAILED,,,,,
85443216,REQUEST_FAILED,,,,,
85443361,deadAbandoned,LOVE DELICIOUSLY,"Oct. 15, 2012",THE WINE GROUP LLC,,DIJANA.KRISTO@THEWINEGROUP.COM
85443246,REQUEST_FAILED,,,,,
85443379,REQUEST_FAILED,,,,,
85443434,REQUEST_FAILED,,,,,
85443658,deadAbandoned,SMART SPLINE,"Dec. 17, 2012","Timeless Enterprises, inc.",,
85443469,REQUEST_FAILED,,,,,
85443548,REQUEST_FAILED,,,,,
85443595,REQUEST_FAILED,,,,,
85443784,deadAbandoned,PERUVIAN BEAUTY,"Aug. 01, 2012","Whole World Botanicals, Inc.",,raj@wwbinc.net
85443753,REQUEST_FAILED,,,,,
85443764,REQUEST_FAILED,,,,,
85443790,REQUEST_FAILED,,,,,
85443887,deadAbandoned,BURNING MAN ENERGY,"Nov. 01, 2012",brad carruth,,bradcarruth@yahoo.com
85443917,deadAbandoned,HEROES BARBERSHOP,"Dec. 24, 2012","Heroes Barbershops, LLC",,
85443903,deadAbandoned,JETUNES,"Dec. 17, 2012",Dobbs Stanford Corp,,
85443923,deadAbandoned,DEALINGBOX,"Aug. 08, 2012",Rimaud Cedric,,cedric.rimaud@dealingbox.com
85443934,deadAbandoned,PLOW TOWN,"Dec. 17, 2012","Lee, Alexander",,
85444003,deadAbandoned,FITWEAR,"Jul. 31, 2012",Name Drop SARL,,juditht@brandhandling.com
85443921,REQUEST_FAILED,,,,,
85443927,REQUEST_FAILED,,,,,
85443989,REQUEST_FAILED,,,,,
85444119,deadAbandoned,SNOW MOUNTAIN,"Jul. 31, 2012",JAMES MCKENZIE,,avalonwines@icon.co.za
85444078,REQUEST_FAILED,,,,,
85444220,REQUEST_FAILED,,,,,
85444264,REQUEST_FAILED,,,,,
85444265,REQUEST_FAILED,,,,,
85444365,deadAbandoned,KELLEY NICOLE,"Dec. 17, 2012","Whilden, Kelley Nicole",,kelleynicole20@yahoo.com
85444647,deadAbandoned,OPEN YOUR DOOR,"Jul. 31, 2012","Triangle Closers, LLC",,patricia@triangleclosers.com
85444416,REQUEST_FAILED,,,,,
85444430,REQUEST_FAILED,,,,,
85444650,REQUEST_FAILED,,,,,
85444724,deadAbandoned,WOOZLE.COM,"Jul. 31, 2012",Woozol.Com LLC,,Wayne@riggscompanies.com
85444723,REQUEST_FAILED,,,,,
85444735,REQUEST_FAILED,,,,,
85444805,deadAbandoned,FAITH AND TALK,"Aug. 03, 2012","Orel, Melanie",,
85444749,REQUEST_FAILED,,,,,
85444788,REQUEST_FAILED,,,,,
85444925,deadAbandoned,MAN-N-IT,"Dec. 17, 2012","Storoschuck, Jason",,
85444846,REQUEST_FAILED,,,,,
85444930,deadAbandoned,DECOY WASH,"Dec. 03, 2012","Hollis, Richard",,
85444934,deadAbandoned,AIRMEET,"Jul. 03, 2012",Zhang Shuguang,,frank@longanlaw.com
85444875,REQUEST_FAILED,,,,,
85444941,deadAbandoned,AIRMEET,"Nov. 26, 2012",Zhang Shuguang,,frank@longanlaw.com
85444879,REQUEST_FAILED,,,,,
85444958,deadAbandoned,AIRMEET,"Nov. 26, 2012",Zhang Shuguang,,frank@longanlaw.com
85444968,deadAbandoned,TAKI MAI,"Aug. 02, 2012","Yoshida, Zane M E*",,zane.yoshida@gmail.com
85445040,deadAbandoned,.INC,"Jul. 31, 2012","Marijnen, Tacco Merlijn",,tmarijnen@tvision.nl
85445151,REQUEST_FAILED,,,,,
85445168,REQUEST_FAILED,,,,,
85445218,deadAbandoned,AMERICAN ACADEMY OF BIOREGULATORY MEDICINE,"Feb. 17, 2012",Academy for Bioregulatory Medicine,,inquiry@biomedic.co.uk
85445184,REQUEST_FAILED,,,,,
85445197,REQUEST_FAILED,,,,,
85445347,deadAbandoned,ECO GREEN CONCENTRATED AGRICULTURAL SOLUTION,"Aug. 03, 2012","Pediatric Supplier, Inc.",,customerservice@pediatricsupplier.com
85445279,REQUEST_FAILED,,,,,
85445294,REQUEST_FAILED,,,,,
85445408,deadAbandoned,STREET PROOF ENERGY DRINKS,"Jun. 20, 2012",Jacked Up LLC,,info@jackedupenergy.com
85445360,REQUEST_FAILED,,,,,
85445407,REQUEST_FAILED,,,,,
85445438,REQUEST_FAILED,,,,,
85445584,REQUEST_FAILED,,,,,
85445660,REQUEST_FAILED,,,,,
85445775,deadAbandoned,M MOHAWK,"Jul. 31, 2012",SPECIALTY CUTTING TOOLS LTD,,dwhyte@speccut.com
85445839,deadAbandoned,*THE EFFINGHAMS*,"Dec. 17, 2012","Frazer, Thomas",,
85445842,REQUEST_FAILED,,,,,
85445859,REQUEST_FAILED,,,,,
85445865,REQUEST_FAILED,,,,,
85446007,deadAbandoned,FRY COOK FRENZY,"Nov. 12, 2012","Discovery Bay Games, Inc.",,
85446010,REQUEST_FAILED,,,,,
85446054,REQUEST_FAILED,,,,,
85446135,deadAbandoned,XIANGTEA,"Aug. 09, 2012",Hunan Tea Company Limited,,zhanghonglu@inipa.com
85446219,deadAbandoned,CAIN IS ABLE,"Aug. 02, 2012","Wellborn, Marshall; Swift, Parker",,neworleansliquidators@gmail.com
85446116,REQUEST_FAILED,,,,,
85446144,REQUEST_FAILED,,,,,
85446201,REQUEST_FAILED,,,,,
85446264,REQUEST_FAILED,,,,,
85446323,REQUEST_FAILED,,,,,
85446538,deadAbandoned,ESLIP,"Sep. 07, 2012",Jeregle,,info@jeregle.com
85446346,REQUEST_FAILED,,,,,
85446524,REQUEST_FAILED,,,,,
85446680,deadAbandoned,ACUMENICA,"Aug. 02, 2012","DoX Systems, LLC",,
85446597,REQUEST_FAILED,,,,,
85446679,REQUEST_FAILED,,,,,
85446684,REQUEST_FAILED,,,,,
85446805,REQUEST_FAILED,,,,,
85446806,REQUEST_FAILED,,,,,
85446824,REQUEST_FAILED,,,,,
85446977,REQUEST_FAILED,,,,,
85447167,deadAbandoned,ALERTVIEW,"Dec. 24, 2012","Grain, Michael",,
85447051,REQUEST_FAILED,,,,,
85447081,REQUEST_FAILED,,,,,
85447121,REQUEST_FAILED,,,,,
85447267,deadAbandoned,FIT MADE EASY,"Aug. 03, 2012",BARRA MASSIMO,,bqinquiries@gmail.com
85447181,REQUEST_FAILED,,,,,
85447340,deadAbandoned,GETTY BEVERAGE COMPANY,"Dec. 24, 2012",Getty Water LLC,,
85447343,deadAbandoned,SKINNY SOCKS,"Aug. 10, 2012","Baer, Justin",,jmbaer@gmail.com
85447281,REQUEST_FAILED,,,,,
85447346,deadAbandoned,S.O.S-SLAYER,"Dec. 24, 2012","Sportsmen's Outdoor Strategies, LLC",,
85447352,deadAbandoned,WALKER'S SPORTMEN'S OUTDOOR STRATEGIES INNOVATIVE PRODUCTS,"Dec. 24, 2012","Sportsmen's Outdoor Strategies, LLC",,
85447302,REQUEST_FAILED,,,,,
85447429,deadAbandoned,TWIN TOWERS,"Jun. 11, 2012","Napabe, LLC",,napabeLLC@gmail.com
85447507,deadAbandoned,CAN YOU SPOT THE ANTENNA? NEITHER CAN YOUR NEIGHBORS!,"Aug. 03, 2012",The Ventenna Company,,john@ventenna.com
85447371,REQUEST_FAILED,,,,,
85447527,deadAbandoned,DUAL-STRONG,"May 02, 2012",Lloyds IP Holdings LLC,,
85447515,REQUEST_FAILED,,,,,
85447585,deadAbandoned,SEVENPOINT2 ALKALIZE & ENERGIZE 4 LIFE,"Dec. 24, 2012",Sevenoint2,,SEVENPOINT2@GMAIL.COM
85447532,REQUEST_FAILED,,,,,
85447530,REQUEST_FAILED,,,,,
85447624,deadAbandoned,STICKY & SWEET,"Oct. 15, 2012",THE WINE GROUP LLC,,DIJANA.KRISTO@THEWINEGROUP.COM
85447570,REQUEST_FAILED,,,,,
85447807,deadAbandoned,VELVET CLUB,"Dec. 24, 2012",VELVET PALATE,,msm2567@gmail.com
85447608,REQUEST_FAILED,,,,,
85447758,REQUEST_FAILED,,,,,
85447762,REQUEST_FAILED,,,,,
85447961,REQUEST_FAILED,,,,,
85448031,REQUEST_FAILED,,,,,
85448049,REQUEST_FAILED,,,,,
85448214,deadAbandoned,LOCAL 1,"Dec. 24, 2012","Jeffries, John",,
85448218,deadAbandoned,BAD MOON INCORPORATED,"Aug. 02, 2012",Ascenterprise,,Emekaachime@gmail.com
85448217,deadAbandoned,ANAHUAC,"Dec. 31, 2012","Plantas Medicinales Anahuac, S.A de C.V",,
85448231,deadAbandoned,FASHION BEYOND TODAY,"Aug. 03, 2012",Phung Linh Tran,,lindatran@gmx.net
85448171,REQUEST_FAILED,,,,,
85448196,REQUEST_FAILED,,,,,
85448261,deadAbandoned,SUPER HD 3D,"Aug. 09, 2012",Spooky Cool Labs LLC,,dan@spookycool.com
85448282,deadAbandoned,CHARBON ROUGE,"Dec. 24, 2012","Periche, Fernando",,
85448305,deadAbandoned,BONE ISLAND BREWERY,"Aug. 10, 2012","Hobgood, Jared M",,jmh0013@gmail.com
85448307,deadAbandoned,JOBELYN BLOOD BUILDER,"Aug. 06, 2012",HEALTH FOREVER PRODUCT LTD,,OOKUBENA@YAHOO.COM
85448344,deadAbandoned,DEUCE 800 ENT. LLC,"Dec. 31, 2012","Williams, Calvin",,shemecka28@aol.com
85448333,REQUEST_FAILED,,,,,
85448387,deadAbandoned,SWAN,"Jun. 11, 2012","Napabe, LLC",,napabeLLC@gmail.com
85448353,REQUEST_FAILED,,,,,
85448380,deadAbandoned,LIGHTWATCH,"Aug. 08, 2012",Packetlight Networks Ltd.,,sam@packetlight.com
85448373,deadAbandoned,GAMESPARK,"Aug. 16, 2012",GAMES PARK WORLDWIDE LTD.,,info@gamespark.co
85448402,REQUEST_FAILED,,,,,
85448405,REQUEST_FAILED,,,,,
85448428,REQUEST_FAILED,,,,,
85448489,REQUEST_FAILED,,,,,
85448610,REQUEST_FAILED,,,,,
85448611,REQUEST_FAILED,,,,,
85448620,REQUEST_FAILED,,,,,
85448639,deadAbandoned,WE DO IT BETTER,"Dec. 24, 2012",SECURESIGHT INTERNATIONAL LTD,,SIMON@SECURESIGHT.COM
85448653,REQUEST_FAILED,,,,,
85448726,REQUEST_FAILED,,,,,
85448896,REQUEST_FAILED,,,,,
85449038,deadAbandoned,PARK AVENUE SMART LIPO,"Aug. 08, 2012","ROBERT A. GUIDA, M.D., P.C.",,
85449088,REQUEST_FAILED,,,,,
85449159,REQUEST_FAILED,,,,,
85449307,deadAbandoned,SELF MOTIVATED CLOTHING,"Dec. 24, 2012","Cruz, Walter",,
85449360,deadAbandoned,VALUATOR,"Aug. 07, 2012",Haxton Ltd. Co.,,scott@haxtoncompany.com
85449281,REQUEST_FAILED,,,,,
85449362,deadAbandoned,FIVE STAR FESCUE,"Jul. 06, 2012","X-Seed, Inc.",,cfagin@xseedinc.com
85449329,REQUEST_FAILED,,,,,
85449396,REQUEST_FAILED,,,,,
85449414,REQUEST_FAILED,,,,,
85449423,REQUEST_FAILED,,,,,
85449456,REQUEST_FAILED,,,,,
85449462,REQUEST_FAILED,,,,,
85449545,REQUEST_FAILED,,,,,
85449533,REQUEST_FAILED,,,,,
85449646,REQUEST_FAILED,,,,,
85449861,deadAbandoned,GIVE GOOD,"Dec. 24, 2012","Hoffman, Jeff",,
85449678,REQUEST_FAILED,,,,,
85449780,REQUEST_FAILED,,,,,
85449926,REQUEST_FAILED,,,,,
85450053,deadAbandoned,EMERGYNCARE,"Dec. 24, 2012","Shearer, Robert",,
85450042,deadAbandoned,REAL INDIAN,"Dec. 03, 2012",Speciality Restaurants Private Limited,,
85449940,REQUEST_FAILED,,,,,
85450004,REQUEST_FAILED,,,,,
85450079,REQUEST_FAILED,,,,,
85450095,REQUEST_FAILED,,,,,
85450275,REQUEST_FAILED,,,,,
85450289,REQUEST_FAILED,,,,,
85450431,deadAbandoned,JGMB,"Nov. 12, 2012","Webb, Scott M",,scott.mwebb4@yahoo.com
85450341,REQUEST_FAILED,,,,,
85450398,REQUEST_FAILED,,,,,
85450469,REQUEST_FAILED,,,,,
85450529,deadAbandoned,THE IMAGIST,"Dec. 31, 2012",Michael Williams Productions Inc,,
85450527,deadAbandoned,A LINK,"Aug. 09, 2012",Chun Hing Business Development Company Limited,,info@CHBDgroup.com
85450540,deadAbandoned,THE IMAGINISTA,"Dec. 31, 2012",Michael Williams Productions Inc,,
85450537,REQUEST_FAILED,,,,,
85450549,REQUEST_FAILED,,,,,
85450628,REQUEST_FAILED,,,,,
85450722,REQUEST_FAILED,,,,,
85450744,REQUEST_FAILED,,,,,
85450935,REQUEST_FAILED,,,,,
85451025,REQUEST_FAILED,,,,,
85451055,REQUEST_FAILED,,,,,
85451061,REQUEST_FAILED,,,,,
85451334,REQUEST_FAILED,,,,,
85451340,REQUEST_FAILED,,,,,
85451625,deadAbandoned,NOWISM,"Aug. 10, 2012","Dawes, Katherine L",,kat@nowism.tv
85451538,REQUEST_FAILED,,,,,
85451641,deadAbandoned,BULLHORNS,"Dec. 31, 2012","TDBBS, Inc.",,
85451733,deadAbandoned,FRIES SEASONING,"Aug. 16, 2012",Chef's Fun Foods LLC,,jonathan@chefsfunfoods.com
85451614,REQUEST_FAILED,,,,,
85451643,REQUEST_FAILED,,,,,
85451785,deadAbandoned,SHAKE IT ON!,"Aug. 16, 2012",Chef's Fun Foods LLC,,jonathan@chefsfunfoods.com
85451779,REQUEST_FAILED,,,,,
85451782,REQUEST_FAILED,,,,,
85451926,deadAbandoned,REUSABLE TAMPER EVIDENT BAGS,"Aug. 09, 2012",Block and Company,,cswearingen@blockinc.com
85451828,REQUEST_FAILED,,,,,
85451859,REQUEST_FAILED,,,,,
85451915,REQUEST_FAILED,,,,,
85451975,REQUEST_FAILED,,,,,
85452173,deadAbandoned,GETR,"Aug. 14, 2012","deCharms, Christopher",,anonymous.forward@gmail.com
85452155,deadAbandoned,YOU SHOULD ...,"Dec. 31, 2012","Rouleau, Rene M",,Renster@comcast.net
85452094,REQUEST_FAILED,,,,,
85452142,REQUEST_FAILED,,,,,
85452208,REQUEST_FAILED,,,,,
85452359,deadAbandoned,BEEHIVE INDUSTRIES,"Aug. 15, 2012","Mammoth Growth, LLC",,bsheldon@beehere.net
85452348,REQUEST_FAILED,,,,,
85452380,REQUEST_FAILED,,,,,
85452426,REQUEST_FAILED,,,,,
85452451,REQUEST_FAILED,,,,,
85452542,REQUEST_FAILED,,,,,
85452640,deadAbandoned,THE MMA PROJECT,"Dec. 31, 2012","Granguillhome, Dwayne",,
85452571,REQUEST_FAILED,,,,,
85452575,REQUEST_FAILED,,,,,
85452596,REQUEST_FAILED,,,,,
85452741,deadAbandoned,FOOZLES,"Jan. 20, 2012",Kukouri Mobile Entertainment,,kukouri@kukouri.com
85452736,deadAbandoned,EXPERIENTIAL MEDIA,"Aug. 10, 2012","Holmes, Scott",,
85452657,REQUEST_FAILED,,,,,
85452704,deadAbandoned,BODITECTURE,"Sep. 11, 2012","Wen Studio, Inc.",,wen@boditecture.com
85452745,REQUEST_FAILED,,,,,
85452803,REQUEST_FAILED,,,,,
85452842,REQUEST_FAILED,,,,,
85452850,REQUEST_FAILED,,,,,
85452873,REQUEST_FAILED,,,,,
85453078,deadAbandoned,QUELL,"Nov. 12, 2012","ILONA, INC.",,rmakari@ilona.com
85453016,REQUEST_FAILED,,,,,
85453164,REQUEST_FAILED,,,,,
85453299,deadAbandoned,PROTEINCO,"Dec. 12, 2012",Marketing Media,,info@marketingmedia.ca
85453197,REQUEST_FAILED,,,,,
85453277,REQUEST_FAILED,,,,,
85453308,REQUEST_FAILED,,,,,
85453552,deadAbandoned,ZUCORA,"Dec. 31, 2012",Magi Seal Corporation,,
85453515,REQUEST_FAILED,,,,,
85453584,REQUEST_FAILED,,,,,
85453626,REQUEST_FAILED,,,,,
85453664,deadAbandoned,7 BILLION PEOPLE. 7 BILLION STORIES.,"Dec. 31, 2012","Moulene, Kate",,
85453755,deadAbandoned,BACK 2 BACK PACK,"Aug. 10, 2012","GordingField, LLC",,GordingField@HOTMAIL.COM
85453804,deadAbandoned,SCOREGON,"Dec. 31, 2012","Bailey, Charles",,
85453679,REQUEST_FAILED,,,,,
85453786,deadAbandoned,PCH LIVING,"Dec. 31, 2012","Johnson, Derek Martin",,derekmjohnson84@yahoo.com
85453805,deadAbandoned,AFRITUDE,"Dec. 31, 2012","Handley, Malcolm",,
85453745,REQUEST_FAILED,,,,,
85453838,REQUEST_FAILED,,,,,
85453915,deadAbandoned,CAFETEOTL,"Dec. 31, 2012","Lopez, Amalia Celeste",,cafeteotl@gmail.com
85453973,deadAbandoned,UPLAY,"Aug. 13, 2012",John Adoms,,sammy.roberts@rocketmail.com
85454035,deadAbandoned,UPSACK,"Nov. 12, 2012","Cremieux, Stephane",,
85453994,REQUEST_FAILED,,,,,
85453995,REQUEST_FAILED,,,,,
85454039,deadAbandoned,GEOENABLE,"Aug. 21, 2012","Eglinton, Steven",,steven@geoenable.com
85454205,REQUEST_FAILED,,,,,
85454386,deadAbandoned,FITTED CAPS & FRAMES,"Dec. 31, 2012","Smith, Kimberly",,ubrinasmith@yahoo.com
85454225,REQUEST_FAILED,,,,,
85454432,REQUEST_FAILED,,,,,
85454725,deadAbandoned,P3 OPTIMAL HEALTH FORMULA PROSTATE,"Aug. 20, 2012","DRS Health, Inc.",,eangell@drshealthinc.com
85454497,REQUEST_FAILED,,,,,
85454817,REQUEST_FAILED,,,,,
85454836,REQUEST_FAILED,,,,,
85455081,deadAbandoned,FREE BIRD FOOTWEAR,"Aug. 13, 2012","Jones, Chelsea",,chelseajones2002@hotmail.com
85455213,deadAbandoned,G3 OPTIMAL HEALTH FORMULA DOCTOR'S DIET,"Aug. 20, 2012","DRS Health, Inc.",,jarmayor@drshealthinc.com
85455269,deadAbandoned,EDU WEAR,"Aug. 11, 2012","Chartwell Studio, Inc.",,jan@chartwellstudio.com
85455071,deadAbandoned,USHOPS,"Aug. 21, 2012","Mezuman, Mordechai",,Bruce@Lilling.co.il
85455322,REQUEST_FAILED,,,,,
85455350,REQUEST_FAILED,,,,,
85455392,deadAbandoned,MONTE SEIS REIS,"Aug. 23, 2012","SOCIEDADE AGRÍCOLA MONTE SEIS REIS, VINHOS, LDA.",,ricardorpires@gmail.com
85455390,REQUEST_FAILED,,,,,
85455608,deadAbandoned,LOCKER WEAR,"Aug. 11, 2012","Chartwell Studio, Inc.",,jan@chartwellstudio.com
85455535,REQUEST_FAILED,,,,,
85455590,REQUEST_FAILED,,,,,
85455714,REQUEST_FAILED,,,,,
85455876,deadAbandoned,WALKABOUT RED,"Dec. 24, 2012",THE WINE GROUP LLC,,DIJANA.KRISTO@THEWINEGROUP.COM
85455730,REQUEST_FAILED,,,,,
85455913,REQUEST_FAILED,,,,,
85456021,deadAbandoned,2SEXY2BEME,"Dec. 31, 2012","Hodges, Maletia",,
85455978,REQUEST_FAILED,,,,,
85456011,REQUEST_FAILED,,,,,
85456165,deadAbandoned,UNITED STATES MILITARY EDUCATORS ASSOCIATION ONLINE,"Aug. 22, 2012","Ramlogan, Michael",,MRAMLOGAN@USMEAONLINE.ORG
85456199,deadAbandoned,REESE'S GOURMET MANA,"Jun. 25, 2012",Jones International Inc.,,
85456191,REQUEST_FAILED,,,,,
85456241,REQUEST_FAILED,,,,,
85456311,REQUEST_FAILED,,,,,
85456263,REQUEST_FAILED,,,,,
85456401,deadAbandoned,TODDLER TUNES,"Aug. 15, 2012",Jeanette Keyser,,dave@harmonyroadmusic.com
85456340,REQUEST_FAILED,,,,,
85456356,REQUEST_FAILED,,,,,
85456510,deadAbandoned,CRU GRANDE MARQUE,"Aug. 22, 2012",Daucourt Jean-Marc,,jmd@daucourt.com
85456626,deadAbandoned,THEPOCKETBOOK WHERE MAKING FRIENDS IS YOUR JOB,"Dec. 31, 2012","Sewell, Luciano",,ls.hyperdrivemedia@gmail.com
85456507,deadAbandoned,DONA TERESA,"Dec. 24, 2012",THE WINE GROUP LLC,,DIJANA.KRISTO@THEWINEGROUP.COM
85456794,REQUEST_FAILED,,,,,
85456967,REQUEST_FAILED,,,,,
85457260,deadAbandoned,HOTEL D,"Aug. 14, 2012",Nancy Dennis,,nancy.dennis@rogers.com
85457193,REQUEST_FAILED,,,,,
85457195,REQUEST_FAILED,,,,,
85457387,deadAbandoned,KR808D,"Aug. 23, 2012",Electronic Cigarettes Inc.,,johnburns@electroniccigarettesinc.com
85457377,REQUEST_FAILED,,,,,
85457282,REQUEST_FAILED,,,,,
85457514,deadAbandoned,EXPEDITION RV COVERS,"Aug. 16, 2012",Eevelle,,skipm@eevelle.com
85457531,REQUEST_FAILED,,,,,
85457527,REQUEST_FAILED,,,,,
85457672,deadAbandoned,WE LOVE SUSHI,"Aug. 16, 2012",We Love Sushi LLC,,welovesushi88@gmail.com
85457643,REQUEST_FAILED,,,,,
85457934,deadAbandoned,CRM PROS,"Aug. 23, 2012","Scott, Robert T.",,info@crm-pros.com
85457994,REQUEST_FAILED,,,,,
85458068,REQUEST_FAILED,,,,,
85458172,REQUEST_FAILED,,,,,
85458250,deadAbandoned,COURT FILING SERVICES,"Aug. 15, 2012",Mary Harrison Inc,,dalton@cocardmd.com
85458265,REQUEST_FAILED,,,,,
85458308,REQUEST_FAILED,,,,,
85458512,deadAbandoned,NAGA,"Aug. 16, 2012","NAGA ENTERPRISE CO. , LTD",,rich.ness@msa.hinet.net
85458378,REQUEST_FAILED,,,,,
85458409,REQUEST_FAILED,,,,,
85458486,REQUEST_FAILED,,,,,
85458528,REQUEST_FAILED,,,,,
85458559,deadAbandoned,DRIVEONSTREET,"Aug. 17, 2012",DOS Informatica e Elettronica Sagl,,info@driveonstreet.com
85458547,deadAbandoned,NO APPOINTMENT NECESSARY,"Nov. 09, 2012","DR.RAYMOND LABORATORIES,INC",,
85458570,deadAbandoned,TINYZ,"Aug. 23, 2012",Kukouri Mobile Entertainment,,kukouri@kukouri.com
85458615,deadAbandoned,ESPADA ENTERTAINMENT,"Aug. 18, 2012","Espada Entertainment, Inc.",,sdiaz@espadaentertainment.com
85458571,deadAbandoned,GREENPLANT,"Aug. 24, 2012","Broberg, Orrin",,obroberg@gmail.com
85458545,REQUEST_FAILED,,,,,
85458635,deadAbandoned,I AM THE 53 PERCENT,"Oct. 02, 2012",ATKINSON BRIAN P,,brian@atkinson.bz
85458567,REQUEST_FAILED,,,,,
85458726,deadAbandoned,53 PERCENT,"Oct. 02, 2012",ATKINSON BRIAN P,,brian@atkinson.bz
85458801,deadAbandoned,IDEATION LAB,"Jun. 05, 2012",SPECIALCHEM,,marie.percevault@specialchem.com
85458842,deadAbandoned,SILVER WHISPERS,"Aug. 21, 2012",Monrovia Nursery Company Inc,,ldixson@monrovia.com
85458852,deadAbandoned,YUCCONUT,"Aug. 20, 2012","noronha, sandra",,info@onesweetlife.org
85458751,REQUEST_FAILED,,,,,
85458965,REQUEST_FAILED,,,,,
85458996,REQUEST_FAILED,,,,,
85459049,REQUEST_FAILED,,,,,
85459253,deadAbandoned,TAÍNO ENT,"Aug. 23, 2012","Díaz, Matthew",,mdiazonabuc@hotmail.com
85459285,deadAbandoned,THE OFFICIAL VODKA OF HOUSE MUSIC,"Dec. 17, 2012",Marvin Louis Burns,,mtvate@gmail.com
85459328,deadAbandoned,GOOSEPUMPS,"Aug. 17, 2012","CZRJ, LLC",,ranjan.jayanathan@comcast.net
85459261,REQUEST_FAILED,,,,,
85459322,deadAbandoned,COSTCOHOLIC,"Aug. 23, 2012","CZRJ, LLC",,ranjan.jayanathan@comcast.net
85459296,REQUEST_FAILED,,,,,
85459425,REQUEST_FAILED,,,,,
85459437,REQUEST_FAILED,,,,,
85459468,REQUEST_FAILED,,,,,
85459645,deadAbandoned,REEL,"Aug. 20, 2012",Rocket Garden Labs Ltd,,paul@paulfreeman.com
85459632,deadAbandoned,THINK DIFFERENT. INNOVATE . . .,"Nov. 05, 2012","Ardus Medical, Inc.",,lbrown@ardusmedical.com
85459575,REQUEST_FAILED,,,,,
85459595,REQUEST_FAILED,,,,,
85459653,REQUEST_FAILED,,,,,
85459720,deadAbandoned,SPRAY NEUTRALIZER,"Aug. 18, 2012",McKal's Inc,,info@biaacademy.com
85459704,REQUEST_FAILED,,,,,
85459739,REQUEST_FAILED,,,,,
85459830,REQUEST_FAILED,,,,,
85459916,deadAbandoned,HERACLES,"Aug. 24, 2012","BROMAKE (SUZHOU) POWER TOOLS CO., LTD.",,info.info168@gmail.com
85459837,REQUEST_FAILED,,,,,
85459904,REQUEST_FAILED,,,,,
85459902,REQUEST_FAILED,,,,,
85459981,REQUEST_FAILED,,,,,
85460089,REQUEST_FAILED,,,,,
85460237,deadAbandoned,WESPROUT,"Jun. 04, 2012",WeSprout Inc.,,corp@wesprout.org
85460134,REQUEST_FAILED,,,,,
85460184,REQUEST_FAILED,,,,,
85460346,REQUEST_FAILED,,,,,
85460336,REQUEST_FAILED,,,,,
85460410,REQUEST_FAILED,,,,,
85460513,REQUEST_FAILED,,,,,
85460560,REQUEST_FAILED,,,,,
85460665,deadAbandoned,THE CHICKEN ON THE ROOF GRILL,"Dec. 24, 2012",Mother Cluckers Grill LLC,,
85460749,deadAbandoned,THE CHICKEN ON THE ROOF GRILL,"Dec. 24, 2012",Mother Cluckers Grill LLC,,
85460719,REQUEST_FAILED,,,,,
85460727,REQUEST_FAILED,,,,,
85460738,REQUEST_FAILED,,,,,
85460841,deadAbandoned,FAKE IT 2 MAKE IT THE REAL SECRETS TO SUCCESS!,"Aug. 22, 2012","FakeIt2MakeIt, LLC",,barrettespinola@gmail.com
85460908,REQUEST_FAILED,,,,,
85461023,deadAbandoned,TRADERS LANDING,"Aug. 17, 2012","Arnwine, Joel",,jarnwine@gmail.com
85461056,deadAbandoned,LIGHT HEART,"Aug. 23, 2012",Carneiro Iracema Trevisan,,iratrevisan@gmail.com
85460956,REQUEST_FAILED,,,,,
85461120,deadAbandoned,FLAUNT YOUR FANHOOD,"Sep. 18, 2012",Wildman Business Group Inc.,,adanko@wildmanbg.com
85461033,REQUEST_FAILED,,,,,
85461057,REQUEST_FAILED,,,,,
85461364,deadAbandoned,RUSHIES,"Aug. 28, 2012",Todd R Hoffman,,toddrhoffman@gmail.com
85461072,REQUEST_FAILED,,,,,
85461300,REQUEST_FAILED,,,,,
85461436,deadAbandoned,VITA-ENERGY,"Aug. 23, 2012","UNITED USA GROUP, LLC",,uniherbusa@yahoo.com
85461564,deadAbandoned,CARING FOR YOUR EVERY MOVE,"Jul. 16, 2012","Nordstrom, Lora",,
85461365,REQUEST_FAILED,,,,,
85461594,REQUEST_FAILED,,,,,
85461802,deadAbandoned,DINOPRINTS,"Aug. 22, 2012",Colossal Holdings LLC,,steve@dinoprints.com
85461704,REQUEST_FAILED,,,,,
85461858,deadAbandoned,DONATIONPAY,"Aug. 22, 2012",DonationPay Inc,,noah@donationpay.org
85461899,deadAbandoned,ETHERNET,"Aug. 27, 2012",HIGH-SPEED SOLUTIONS. LLC,,jackkurz@highspeedsolutions.com
85461959,deadAbandoned,STILLMAN STREET,"Aug. 28, 2012",Madrona Property Company,,fritz@stuhlmullervineyards.com
85461849,REQUEST_FAILED,,,,,
85461875,REQUEST_FAILED,,,,,
85462060,deadAbandoned,PROBATION SUCCESS,"Aug. 30, 2012","Miner, Arly",,
85462057,REQUEST_FAILED,,,,,
85462205,REQUEST_FAILED,,,,,
85462476,deadAbandoned,AMERICAN ASSOCIATION OF BIOREGULATORY MEDICINE,"Feb. 16, 2012","Shakambet, Damir",,inquiry@biomedic.co.uk
85462405,REQUEST_FAILED,,,,,
85462385,REQUEST_FAILED,,,,,
85462488,REQUEST_FAILED,,,,,
85462624,deadAbandoned,CAMPO VERDE,"Aug. 29, 2012","IBARRA AGUILAR, ALBERTO ARATH",,connygw@yahoo.com.mx
85462540,REQUEST_FAILED,,,,,
85462890,deadAbandoned,CABO FRESH,"Aug. 28, 2012","Yucatan Foods, LP",,Danielle@avocado.com
85462813,REQUEST_FAILED,,,,,
85463028,deadAbandoned,NAVITAS,"Aug. 17, 2012","Navitasgrass, LLC",,talos@navitasgrass.com
85462963,REQUEST_FAILED,,,,,
85462943,REQUEST_FAILED,,,,,
85463047,REQUEST_FAILED,,,,,
85463136,deadAbandoned,PLANTECO,"Sep. 04, 2012",PLANTECO HOLDINGS LIMITED,,charlotte@rglcompanies.com
85463121,deadAbandoned,POMODORINO PRONTO,"Aug. 24, 2012","Family First Dining, LLC",,
85463174,deadAbandoned,QORUNA,"Dec. 06, 2012","OLIVAR, DANTE R.",,danteolivar@yahoo.com
85463110,REQUEST_FAILED,,,,,
85463134,deadAbandoned,DOLLAR CHOW,"Aug. 24, 2012",Powersource Investments Ltd,,charlotte@rglcompanies.com
85463139,REQUEST_FAILED,,,,,
85463212,REQUEST_FAILED,,,,,
85463276,REQUEST_FAILED,,,,,
85463678,deadAbandoned,CONNECTING AMERICA Q LINK WIRELSSS CONNECTING AMERICA,"Aug. 27, 2012",Q Link Wireless LLC,,
85463386,REQUEST_FAILED,,,,,
85463486,REQUEST_FAILED,,,,,
85463695,REQUEST_FAILED,,,,,
85463770,REQUEST_FAILED,,,,,
85463895,REQUEST_FAILED,,,,,
85464049,REQUEST_FAILED,,,,,
85464110,REQUEST_FAILED,,,,,
85464253,REQUEST_FAILED,,,,,
85464383,REQUEST_FAILED,,,,,
85464619,deadAbandoned,AHA! MARKETLAB,"Sep. 03, 2012",Janice John Roper-Graham,,BusDev@opp-llc.com
85464460,REQUEST_FAILED,,,,,
85464669,REQUEST_FAILED,,,,,
85464965,deadAbandoned,TEDDY BEAR PORTRAITS TEDDY BEAR PORTRAITS,"Sep. 04, 2012",Nationwide Studios,,marketing@nationwidestudios.com
85464963,deadAbandoned,STEALTH SHIELDZ,"Nov. 13, 2012",INTELLECTUAL PROPERTY HOLDING,,
85464948,REQUEST_FAILED,,,,,
85465063,deadAbandoned,THE SPACED OUT GROUP,"Aug. 23, 2012","Grant, Ulysses Singleton",,tsog@thespacedoutgroup.com
85464986,REQUEST_FAILED,,,,,
85465047,REQUEST_FAILED,,,,,
85465066,REQUEST_FAILED,,,,,
85465160,REQUEST_FAILED,,,,,
85465333,deadAbandoned,CCK COOKIE CLUB KIDS,"Aug. 27, 2012","Madison,Angelina",,amadison98@gmail.com
85465231,REQUEST_FAILED,,,,,
85465341,deadAbandoned,SOLARVEND,"Aug. 24, 2012",John J. Burns,,johnburns@electroniccigarettesinc.com
85465245,REQUEST_FAILED,,,,,
85465312,REQUEST_FAILED,,,,,
85465343,REQUEST_FAILED,,,,,
85465386,deadAbandoned,FARFALLA,"Aug. 30, 2012",Tamika Reid-Parker,,
85465539,deadAbandoned,SWAP-O-BAMA,"Jun. 02, 2012","Kelliher, Brendan W",,bwkinc02@yahoo.com
85465441,REQUEST_FAILED,,,,,
85465432,REQUEST_FAILED,,,,,
85465443,REQUEST_FAILED,,,,,
85465559,deadAbandoned,MULTIPANDA,"Aug. 24, 2012","Niyazov, Sakhib",,sahib.niyazov@gmail.com
85465617,deadAbandoned,HEROQUEST,"Aug. 28, 2012",IGG SINGAPORE PTE. LTD.,,carolli138@gmail.com
85465535,REQUEST_FAILED,,,,,
85465600,deadAbandoned,HERO QUEST,"Aug. 28, 2012",IGG SINGAPORE PTE. LTD.,,carolli138@gmail.com
85465622,deadAbandoned,HEROES SOCIAL,"Aug. 28, 2012",IGG SINGAPORE PTE. LTD.,,carolli138@gmail.com
85465691,deadAbandoned,YAH! YAH!,"Sep. 03, 2012",Solo Imports Pty Ltd,,perry@arber.com.au
85465574,REQUEST_FAILED,,,,,
85465762,deadAbandoned,FEARDERSHIP,"Aug. 27, 2012",The Fourth Man In The Fire Consulting Group LLC.,,joshs@thefourthmanfcg.com
85465624,REQUEST_FAILED,,,,,
85465759,REQUEST_FAILED,,,,,
85465981,REQUEST_FAILED,,,,,
85465999,deadAbandoned,NATURETH,"Aug. 06, 2012","Huang, Sean",,
85466102,REQUEST_FAILED,,,,,
85466158,REQUEST_FAILED,,,,,
85466415,REQUEST_FAILED,,,,,
85466430,REQUEST_FAILED,,,,,
85466638,deadAbandoned,TACOREA,"Aug. 27, 2012","CHOI, PAUL",,yeon322@gmail.com
85466568,REQUEST_FAILED,,,,,
85466595,REQUEST_FAILED,,,,,
85466675,deadAbandoned,MANO STICK,"Sep. 04, 2012",HilaInvest,,mano@manostick.com
85466773,deadAbandoned,LEVEL,"Aug. 29, 2012",GlucoBrands LLC,,ethan@glucobrands.com
85466797,deadAbandoned,SPEEDTRADER,"Aug. 29, 2012","Stock USA Execution Services, Inc.",,info@stockusa.com
85466778,REQUEST_FAILED,,,,,
85466775,REQUEST_FAILED,,,,,
85466874,REQUEST_FAILED,,,,,
85466888,REQUEST_FAILED,,,,,
85467055,REQUEST_FAILED,,,,,
85467278,deadAbandoned,EQUIPMENT DAILY,"Sep. 04, 2012",Equipment Daily LLC,,jduran@equipmentdaily.com
85467061,REQUEST_FAILED,,,,,
85467376,deadAbandoned,TRUCKS DAILY,"Sep. 02, 2012",National Vehicle Marketing LLC,,jduran@nationalvehicle.com
85467081,REQUEST_FAILED,,,,,
85467417,REQUEST_FAILED,,,,,
85467412,REQUEST_FAILED,,,,,
85467555,deadAbandoned,VNEXPORT,"Aug. 27, 2012","Trinh, Thai Q",,thai.trinh@ymail.com
85467609,deadAbandoned,MY MOBI,"Sep. 06, 2012","Quinn, Linda",,
85467644,deadAbandoned,ROCHE DE BELLENE,"Aug. 27, 2012",Nicolas Potel,,kirk.wille@drloosen.com
85467519,REQUEST_FAILED,,,,,
85467542,REQUEST_FAILED,,,,,
85467820,deadAbandoned,PLUSTABLE,"Aug. 28, 2012","TASCHEREAU, GHISLAIN",,1646.TM@GMAIL.COM
85467778,REQUEST_FAILED,,,,,
85467939,deadAbandoned,LANCE FISHER,"Aug. 29, 2012",FOUNDATION SASH,,lance.fisher@aol.com
85468181,REQUEST_FAILED,,,,,
85468311,REQUEST_FAILED,,,,,
85468471,deadAbandoned,LANCE FISCHER,"Aug. 29, 2012",FOUNDATION SASH,,lance.fisher@aol.com
85468366,REQUEST_FAILED,,,,,
85468628,deadAbandoned,ICONIC FITS,"Nov. 06, 2012",Brook R. Beierle,,info@iconicfits.com
85468702,deadAbandoned,HOME INSPECTOR PRO,"Aug. 30, 2012","Home Inspector Pro, Inc.",,Dominic@HomeInspectorPro.com
85468739,deadAbandoned,PRIMO PERFORMANCE,"Aug. 29, 2012",Hansan International Corporation,,
85468705,REQUEST_FAILED,,,,,
85468844,deadAbandoned,PRIMO PERFORMANCE,"Aug. 29, 2012",Hansan International Corporation,,
85468778,REQUEST_FAILED,,,,,
85468930,deadAbandoned,GOMOBILE MEDIA,"Aug. 29, 2012",GoMobile Media Pty Ltd,,spm@pnc.com.au
85468836,REQUEST_FAILED,,,,,
85468976,deadAbandoned,ZIPPYBIRD,"Aug. 28, 2012","Lilgeberg, Christopher, P",,lilgeberg@gmail.com
85469006,deadAbandoned,IBEEM,"Aug. 15, 2012",ASIA PROMOTIOM OPTICAL INC.,,foxclimber@gmail.com
85468972,REQUEST_FAILED,,,,,
85468975,REQUEST_FAILED,,,,,
85469383,deadAbandoned,MICRO-MATRYOSHKA!,"Aug. 29, 2012",MATRYOSHKA MADNESS! LLC,,Sales@MatryoshkaMadness.com
85469258,REQUEST_FAILED,,,,,
85469655,deadAbandoned,BOUND LOTUS,"Aug. 30, 2012",Mahan Kirn Khalsa,,mahboundlotus@gmail.com
85469460,REQUEST_FAILED,,,,,
85469533,deadAbandoned,THE PRATHER PROTOCOL,"Aug. 30, 2012","Prather, Mark S.",,
85469790,deadAbandoned,TRUE KUNDALINI,"Aug. 30, 2012",Mahan Kirn Khalsa,,mahboundlotus@gmail.com
85469889,REQUEST_FAILED,,,,,
85469883,REQUEST_FAILED,,,,,
85470065,deadAbandoned,SOCIALRAINBOW,"Dec. 28, 2012","Social Commerce & Media Group, Inc.",,info@scmg.co
85469973,deadAbandoned,I MUSIC ANGEL,"Aug. 28, 2012",DI LI,,AUSTINNYCUS@HOTMAIL.COM
85470145,REQUEST_FAILED,,,,,
85470192,deadAbandoned,SENSEUS,"Sep. 04, 2012",LIU QIU YAN (TWAIN),,LIUQY8@GMAIL.COM
85470330,REQUEST_FAILED,,,,,
85470348,REQUEST_FAILED,,,,,
85470395,REQUEST_FAILED,,,,,
85470637,deadAbandoned,KOCO'S KOREAN TAQUERIA,"Aug. 29, 2012","CHOI, PAUL",,yeon322@gmail.com
85470613,REQUEST_FAILED,,,,,
85470689,REQUEST_FAILED,,,,,
85470876,REQUEST_FAILED,,,,,
85471025,deadAbandoned,LES MILES & MORE YARDS,"Aug. 29, 2012",Conerly Lawrence,,enter2now@yahoo.com
85471092,REQUEST_FAILED,,,,,
85471090,REQUEST_FAILED,,,,,
85471094,REQUEST_FAILED,,,,,
85471130,deadAbandoned,FOOD SERVICE EQUIPMENT FINDERS,"Aug. 30, 2012","Westmoreland, Ellen Lynn",,westmoreland.ellen@gmail.com
85471143,deadAbandoned,SPEROSOFT,"Aug. 30, 2012","Sperosoft, Inc.",,djw@sperosoft.com
85471167,REQUEST_FAILED,,,,,
85471172,REQUEST_FAILED,,,,,
85471285,deadAbandoned,BULL DOG,"Aug. 30, 2012",Mecam Corporation,,joe@mecamcorp.com
85471369,deadAbandoned,BARKLES,"Jun. 25, 2012",Vimbra Group Pty Ltd,,barkles.biz@gmail.com
85471315,deadAbandoned,KIDMAN,"Sep. 04, 2012",Pear Tree Fibres Pty Ltd,,msd@icm.com.au
85471367,deadAbandoned,PERFECT STORM MEDIA INVESTORS OF PAY-PER-SALE SEARCH ENGINE MARKETING,"Sep. 06, 2012",Perfect Storm Media,,tom@perfectstormmedia.com
85471359,REQUEST_FAILED,,,,,
85471505,REQUEST_FAILED,,,,,
85471546,REQUEST_FAILED,,,,,
85471616,REQUEST_FAILED,,,,,
85471624,REQUEST_FAILED,,,,,
85471865,REQUEST_FAILED,,,,,
85471724,REQUEST_FAILED,,,,,
85472186,deadAbandoned,HHERE CCERDI 6 6,"Nov. 08, 2012",Charlton C Lee,,cygnuspath@hotmail.com
85472121,deadAbandoned,HAVING A PERRY MOMENT,"Jun. 04, 2012","Harris, David",,
85472472,deadAbandoned,"""GOING INTO BUSINESS SALE""","Sep. 04, 2012","Bowen, William",,
85472488,deadAbandoned,.APP,"Jul. 31, 2012","Taylor, Christa",,christa@stinkingmail.com
85472499,deadAbandoned,USEAL,"Sep. 13, 2012",Orderbid International Group Ltd,,usasndre@gmail.com
85472492,deadAbandoned,SNAKE BITE,"Sep. 13, 2012",LIANG JIAN WEI,,zhanghonglu@inipa.com
85472484,REQUEST_FAILED,,,,,
85472740,deadAbandoned,SMART BAR,"Sep. 03, 2012",Ravenco Software,,kevin@raven.io
85472741,deadAbandoned,INTERNATIONAL MAPPING,"Sep. 10, 2012","International Mapping Associates, Inc.",,wss@ameriprop.net
85472588,REQUEST_FAILED,,,,,
85472618,REQUEST_FAILED,,,,,
85472776,deadAbandoned,INTERNATIONAL MAPPING,"Nov. 16, 2012","International Mapping Associates, Inc.",,wss@ameriprop.net
85472695,REQUEST_FAILED,,,,,
85472754,REQUEST_FAILED,,,,,
85472756,REQUEST_FAILED,,,,,
85472787,REQUEST_FAILED,,,,,
85472808,REQUEST_FAILED,,,,,
85472898,deadAbandoned,TAMPERBLOCK,"Dec. 31, 2012",Block and Company,,cswearingen@blockinc.com
85472921,deadAbandoned,PERFECT PACK,"Aug. 10, 2012","GordingField, LLC",,GordingField@HOTMAIL.COM
85472879,REQUEST_FAILED,,,,,
85472937,deadAbandoned,PACKFECTION,"Aug. 10, 2012","GordingField, LLC",,GordingField@HOTMAIL.COM
85472947,REQUEST_FAILED,,,,,
85473113,deadAbandoned,TAMPER-EVIDENT SEALS,"Aug. 09, 2012",Block and Company,,cswearingen@sbcglobal.net
85472957,REQUEST_FAILED,,,,,
85473127,deadAbandoned,REUSABLE TAMPER-EVIDENT SECURITY,"Aug. 09, 2012",Block and Company,,cswearingen@blockinc.com
85473000,REQUEST_FAILED,,,,,
85473109,deadAbandoned,DB DONNA BELLA MILAN,"Sep. 07, 2012","Donna Bella Milan, Inc.",,kelsielparker@gmail.com
85473123,REQUEST_FAILED,,,,,
85473293,REQUEST_FAILED,,,,,
85473355,REQUEST_FAILED,,,,,
85473420,REQUEST_FAILED,,,,,
85473428,REQUEST_FAILED,,,,,
85473478,REQUEST_FAILED,,,,,
85473490,REQUEST_FAILED,,,,,
85473544,REQUEST_FAILED,,,,,
85473651,deadAbandoned,HONEY OIL,"Oct. 10, 2012","Appelman, Maxx",,
85473677,deadAbandoned,CORDURA,"Sep. 07, 2012","Guangzhou Deco Composite Technology Co., Ltd.",,kwip66@gmail.com
85473660,deadAbandoned,UGLY ANIMALS,"Sep. 13, 2012",cerasus.media GmbH,,sj@cerasus.de
85473597,REQUEST_FAILED,,,,,
85473744,REQUEST_FAILED,,,,,
85473882,deadAbandoned,ELITARIAN,"Sep. 06, 2012",Jankowski Jaroslaw Jan,,elitarian@gmail.com
85473945,deadAbandoned,SOUTHERN SHORT SALE QUEEN,"Sep. 05, 2012","Watson, Leah",,lbjwatson@comcast.net
85473818,REQUEST_FAILED,,,,,
85473830,REQUEST_FAILED,,,,,
85474154,deadAbandoned,TELLY,"Sep. 14, 2012","TWITVID, INC.",,ipprosecution@orrick.com
85474062,REQUEST_FAILED,,,,,
85474094,REQUEST_FAILED,,,,,
85474282,deadAbandoned,INDEFREE,"Sep. 10, 2012",Indefree Capital Corp,,admin@indefree.com
85474190,REQUEST_FAILED,,,,,
85474356,REQUEST_FAILED,,,,,
85474497,REQUEST_FAILED,,,,,
85474686,deadAbandoned,NYLOXIN CHRONIC PAIN RELIEF,"Sep. 15, 2012",Nutra Pharma Corp.,,
85474646,REQUEST_FAILED,,,,,
85474774,REQUEST_FAILED,,,,,
85474836,deadAbandoned,MOBILE MASSAGE ON-DEMAND,"Sep. 07, 2012",Massage2U LLC.,,
85474787,REQUEST_FAILED,,,,,
85474938,deadAbandoned,MIRACLE FINGER HOE,"Sep. 14, 2012","Perdrizet Jr., Robert",,info@miraclefingerhoe.com
85475058,deadAbandoned,INDUSTRIAL REPAIR SERVICE,"Sep. 07, 2012","Doyle, James",,chris@boardrepairs.net
85474994,REQUEST_FAILED,,,,,
85475009,REQUEST_FAILED,,,,,
85475333,deadAbandoned,DAMASK,"Sep. 11, 2012",Damask LLC,,jbdamask@sbcglobal.net
85475336,deadAbandoned,NUMB THAI DELIGHT,"Sep. 10, 2012",Tasty Cocktails LLC,,mstarr@toostas.com
85475236,REQUEST_FAILED,,,,,
85475380,deadAbandoned,IGNITION,"Sep. 07, 2012",1St Phorm LLC,,cklein@1stphorm.com
85475398,REQUEST_FAILED,,,,,
85475617,deadAbandoned,ONLINE INDUSTRIAL METAL SUPPLY,"Sep. 07, 2012","Dodson, Charles",,
85475460,REQUEST_FAILED,,,,,
85475636,deadAbandoned,HEALTHY GIRLS ROCK,"Sep. 14, 2012","Cottman, Trista",,
85475642,REQUEST_FAILED,,,,,
85475645,REQUEST_FAILED,,,,,
85475840,REQUEST_FAILED,,,,,
85475997,deadAbandoned,EMPRESS CLOTHING CO.,"Sep. 07, 2012","R.W. Holdings, LLC.",,rwholdings@yahoo.com
85475943,REQUEST_FAILED,,,,,
85475957,REQUEST_FAILED,,,,,
85476062,deadAbandoned,SLIDER LOCK,"Sep. 08, 2012",Ajani Infotech Private Limited,,
85476104,REQUEST_FAILED,,,,,
85476175,REQUEST_FAILED,,,,,
85476192,REQUEST_FAILED,,,,,
85476221,REQUEST_FAILED,,,,,
85476319,REQUEST_FAILED,,,,,
85476362,REQUEST_FAILED,,,,,
85476385,REQUEST_FAILED,,,,,
85476488,REQUEST_FAILED,,,,,
85476846,deadAbandoned,SHARK BITE,"Mar. 05, 2012","Harris Inventions, LLC",,sharrisemail-buy@yahoo.com
85476877,deadAbandoned,HEMOSURE,"Sep. 07, 2012","Hemosure, Inc.",,tmregistered@gmail.com
85476845,REQUEST_FAILED,,,,,
85476786,REQUEST_FAILED,,,,,
85476942,deadAbandoned,KAOTIC SPARKLES,"Sep. 07, 2012","Williams, Amelia",,
85477066,deadAbandoned,BEAT OBAMA,"Jun. 06, 2012","Benninghoff III, Charles, Franklyn",,charles.benninghoff@gmail.com
85477075,deadAbandoned,BEST OF THE POCONOS,"Sep. 15, 2012","Golden Interests, Inc",,rgolden@goldencityguides.com
85476984,REQUEST_FAILED,,,,,
85477005,REQUEST_FAILED,,,,,
85477094,deadAbandoned,"DIET ACCESSORY, HOW DO YOU USE YOUR THINSHOT?","Nov. 12, 2012",Dana Wilkey LLC,,
85477054,REQUEST_FAILED,,,,,
85477212,deadAbandoned,THE REAL DUDES,"Dec. 10, 2012",Marc Angell,,mdangell@gmail.com
85477100,REQUEST_FAILED,,,,,
85477214,REQUEST_FAILED,,,,,
85477240,REQUEST_FAILED,,,,,
85477376,REQUEST_FAILED,,,,,
85477396,deadAbandoned,READCLOUD,"Sep. 09, 2012",ReadCloud Pty Ltd,,jeremy@lebard.net
85477488,deadAbandoned,CSI: CONTENTS SCOPING INSPECTOR,"Sep. 11, 2012","Home Entertainment Distributors, Inc.",,devon.decarlo@insurersworld.com
85477454,REQUEST_FAILED,,,,,
85477481,REQUEST_FAILED,,,,,
85477495,REQUEST_FAILED,,,,,
85477758,deadAbandoned,GREENETWORK,"Sep. 15, 2012",GREENspot DROPoff,,operations@greenspotdropoff.org
85477731,REQUEST_FAILED,,,,,
85477878,REQUEST_FAILED,,,,,
85477939,REQUEST_FAILED,,,,,
85478054,deadAbandoned,LUX BUILDERS & REMODELING INC.,"Oct. 25, 2012",Lux Builders & Remodeling Inc.,,info@luxbuilders.com
85478264,REQUEST_FAILED,,,,,
85478268,REQUEST_FAILED,,,,,
85478320,REQUEST_FAILED,,,,,
85478419,deadAbandoned,SEASONAL MOTIFS,"Sep. 10, 2012",XCESSORY INTERNATIONAL LLC,,
85478359,REQUEST_FAILED,,,,,
85478432,deadAbandoned,SNUGFIT,"Jul. 18, 2012",JLJ HOME FURNISHINGS LLC,,JLJHOMEFURNISH@hotmail.com
85478456,deadAbandoned,PUPARAZZI MOBILE PET SPAW,"Sep. 16, 2012","PUPARAZZI INDUSTRIES OF AMERICA, LLC",,JOHN@GROOMALL.COM
85478454,REQUEST_FAILED,,,,,
85478463,REQUEST_FAILED,,,,,
85478563,deadAbandoned,OCCUPY LOS ANGELES,"Aug. 07, 2012",Jeffrey Pierce Henderson,,
85478662,REQUEST_FAILED,,,,,
85478767,deadAbandoned,SOULMATE,"Sep. 14, 2012","Zucher, Jennifer",,jenn@projectsoulmate.com
85478944,deadAbandoned,INICIUM,"Sep. 09, 2012","Weldons, LLC",,timcapestrani@seetonturf.com
85478759,REQUEST_FAILED,,,,,
85478943,REQUEST_FAILED,,,,,
85478963,REQUEST_FAILED,,,,,
85479005,REQUEST_FAILED,,,,,
85479015,REQUEST_FAILED,,,,,
85479020,REQUEST_FAILED,,,,,
85479150,deadAbandoned,ASTERI,"Sep. 13, 2012","Donzis, Graciela",,gdonzis@gmail.com
85479366,REQUEST_FAILED,,,,,
85479373,REQUEST_FAILED,,,,,
85479415,REQUEST_FAILED,,,,,
85479685,deadAbandoned,WORLD'S LEADING WINES,"Sep. 11, 2012",Commerce Interact Ltd,,p.catchpole@btconnect.com
85479619,deadAbandoned,HEALING FOODS,"Aug. 22, 2012","Healing Foods Company, LLC",,mike@healingfoodscompany.com
85479482,REQUEST_FAILED,,,,,
85479715,deadAbandoned,XENOSIS,"Sep. 19, 2012",Xenosis,,darkpony33@gmail.com
85479736,deadAbandoned,CANINE CONCOCTIONS,"Aug. 15, 2012","Bosl, Rebecca J.",,clubjenga@sbcglobal.net
85479762,deadAbandoned,COMMERCE INTERACT,"Sep. 11, 2012",Commerce Interact Ltd,,p.catchpole@btconnect.com
85479692,REQUEST_FAILED,,,,,
85480142,deadAbandoned,CHOCOLATE MILK. THE ORIGINAL SPORTS DRINK.,"Sep. 18, 2012",Sunland Dairy LLC,,Michael-b8i4muolosu@checkout.google.com
85479887,REQUEST_FAILED,,,,,
85480398,REQUEST_FAILED,,,,,
85480694,deadAbandoned,XCIG,"Sep. 11, 2012","Xcig, LLC",,greg@xcig.com
85480569,REQUEST_FAILED,,,,,
85480650,deadAbandoned,GLOBAL LEADERSHIP NETWORK,"Sep. 11, 2012","Otazo, Karen",,
85480584,REQUEST_FAILED,,,,,
85480721,deadAbandoned,HEUER M.D.,"Sep. 10, 2012",HCG International,,kcheng@hcgicorp.com
85480767,deadAbandoned,LEVI CYCLES,"Sep. 14, 2012",Do Good Factory,,riekelt@dogoodfactory.com
85480726,REQUEST_FAILED,,,,,
85480775,deadAbandoned,FMS YOGA,"Sep. 09, 2012",Modern Shamanism LTD,,tatianacalvolenz@gmail.com
85480824,deadAbandoned,THE SUMMIT,"Sep. 13, 2012","Get Motivated Seminars, Inc.",,
85480799,REQUEST_FAILED,,,,,
85480984,deadAbandoned,MY BUSINESS IS A WRECK,"Sep. 11, 2012","Young, James Franklin",,beachmuzak@yahoo.com
85480994,REQUEST_FAILED,,,,,
85481026,REQUEST_FAILED,,,,,
85481049,REQUEST_FAILED,,,,,
85481085,REQUEST_FAILED,,,,,
85481158,REQUEST_FAILED,,,,,
85481232,REQUEST_FAILED,,,,,
85481444,REQUEST_FAILED,,,,,
85481989,deadAbandoned,SOCIAL ENTERPRISE,"Nov. 28, 2012",Sitara Group LLC,,
85481804,REQUEST_FAILED,,,,,
85481812,REQUEST_FAILED,,,,,
85481816,REQUEST_FAILED,,,,,
85482155,deadAbandoned,ALTITUDE TRAINING,"Sep. 14, 2012",Clark Robert I,,robertclarkcpa@gmail.com
85482189,deadAbandoned,NEAT 'N CLEAN,"Nov. 12, 2012","Kjartansdottir, Margret",,
85482295,REQUEST_FAILED,,,,,
85482449,deadAbandoned,PROSECCO FRIULANO BACCHUS,"Sep. 13, 2012","Gallo, Carlo",,
85482543,deadAbandoned,ORI-PRINCESS,"Sep. 13, 2012",M & C Toy Centre Limited,,
85482322,REQUEST_FAILED,,,,,
85482453,deadAbandoned,CELT,"Dec. 06, 2012",Thomas Newman,,tom@celtexperience.com
85482527,REQUEST_FAILED,,,,,
85482587,deadAbandoned,NEXGEN PAYROLL AND BUSINESS SOLUTIONS,"Sep. 14, 2012","Nex Gen Payroll, LLC",,
85482648,deadAbandoned,NEXGEN PAYROLL AND BUSINESS SOLUTIONS,"Sep. 14, 2012","Nex Gen Payroll, LLC",,
85482832,deadAbandoned,ILLA RECON RECORDS,"Sep. 11, 2012",ILLA RECON RECORDS,,ILLARECON@YAHOO.COM
85482699,deadAbandoned,SHOPPATUBE,"Sep. 13, 2012",Winged Media Pty Ltd,,troy.rushton@wingedmedia.com
85482752,REQUEST_FAILED,,,,,
85483302,deadAbandoned,MOUNT ROCK,"Sep. 21, 2012",muhammad nawid,,
85483557,REQUEST_FAILED,,,,,
85483555,REQUEST_FAILED,,,,,
85483587,REQUEST_FAILED,,,,,
85483724,deadAbandoned,TRU NÁTURA,"Sep. 14, 2012","C H Lange, D.C. Naturals LLC",,
85483987,REQUEST_FAILED,,,,,
85484220,REQUEST_FAILED,,,,,
85484254,REQUEST_FAILED,,,,,
85484392,deadAbandoned,KING NATURAL MINERAL WATER,"Sep. 14, 2012",SK USA LLC,,paulom702@yahoo.com
85484484,REQUEST_FAILED,,,,,
85484580,REQUEST_FAILED,,,,,
85484719,REQUEST_FAILED,,,,,
85484770,deadAbandoned,FOUR FOR ALL,"Oct. 09, 2012",Mauro Marincola,,
85485445,deadAbandoned,TANZANIA T,"Dec. 14, 2012","Nuñez Romero, Mario",,cocomex@gmail.com
85485226,REQUEST_FAILED,,,,,
85485482,deadAbandoned,MAGIC ALLIANCE,"Sep. 21, 2012",Mingjie Guan,,technicalsupport@palmlink.com.cn
85485502,deadAbandoned,INSIGHTWARE,"Sep. 16, 2012",Duda Dmitry,,dmitry.duda@gmail.com
85485327,REQUEST_FAILED,,,,,
85485444,REQUEST_FAILED,,,,,
85485506,deadAbandoned,MYBRIEFCASE,"Oct. 08, 2012",UC vCloud Ltd,,management@mybriefcase.co
85485486,REQUEST_FAILED,,,,,
85485700,deadAbandoned,SHHH... COSMETICS,"Sep. 14, 2012","Vega, Nosha",,
85485841,deadAbandoned,I-SPY,"Sep. 24, 2012",Sheila Watts,,
85485538,REQUEST_FAILED,,,,,
85486005,deadAbandoned,3N,"Sep. 25, 2012","Spallino, Jim",,
85485822,REQUEST_FAILED,,,,,
85486596,deadAbandoned,SAFERPASS,"Sep. 24, 2012",FST21 Ltd.,,sb@fst21.com
85486814,deadAbandoned,ELEVATE,"Sep. 13, 2012","Get Motivated Seminars, Inc.",,
85486740,deadAbandoned,MAGIGLOW,"Jul. 25, 2012",Swordfish Toys Pty Ltd,,simon@swordfishtoys.com
85486675,REQUEST_FAILED,,,,,
85487125,deadAbandoned,W,"Sep. 10, 2012",HAX Pheroceuticals Inc,,brad@haxinc.com
85486822,REQUEST_FAILED,,,,,
85486480,REQUEST_FAILED,,,,,
85487159,deadAbandoned,CRYSTAL HEELS,"Nov. 24, 2012",Crystal Heels LLC,,
85487724,deadAbandoned,MITCHELL AMPLIFIERS,"Sep. 23, 2012","Mitchell, Chris",,
85487663,deadAbandoned,M2C,"Sep. 24, 2012","Moore, Candace M.",,candacemmoore@gmail.com
85488245,deadAbandoned,FANCY FROG DESIGNS,"Sep. 25, 2012",Laura Bates Yorburg,,laurayorburg@gmail.com
85487853,REQUEST_FAILED,,,,,
85488172,REQUEST_FAILED,,,,,
85488338,REQUEST_FAILED,,,,,
85488476,REQUEST_FAILED,,,,,
85488997,deadAbandoned,SAWMILL,"Mar. 27, 2012",legendary journey inc ( a fla corp ),,
85489009,deadAbandoned,LEGENDARY JOURNEYS,"Dec. 06, 2012",legendary journeys inc ( a fla corp ),,
85488763,REQUEST_FAILED,,,,,
85489128,REQUEST_FAILED,,,,,
85489282,REQUEST_FAILED,,,,,
85489458,REQUEST_FAILED,,,,,
85489481,deadAbandoned,FUZZYBUTTON,"Sep. 21, 2012","Huff, Agnes",,
85489511,REQUEST_FAILED,,,,,
85489576,deadAbandoned,PABATA,"Sep. 21, 2012","Chan, Man Hin",,simonchan@gmail.com
85489882,deadAbandoned,PM ERASER,"Jan. 10, 2012",ASAP Products LLC,,info@ecoorganics.com
85489860,REQUEST_FAILED,,,,,
85489861,REQUEST_FAILED,,,,,
85489945,REQUEST_FAILED,,,,,
85489976,REQUEST_FAILED,,,,,
85490145,deadAbandoned,SEÓRA,"Sep. 21, 2012","Logothetis, Anthony",,anthony_logothetis@hotmail.com
85490052,REQUEST_FAILED,,,,,
85490060,REQUEST_FAILED,,,,,
85490064,REQUEST_FAILED,,,,,
85490401,deadAbandoned,SHATTERED MOON PHOTOGRAPHY,"Sep. 22, 2012","Bass, Michael",,naparu2000@gmail.com
85490292,REQUEST_FAILED,,,,,
85490369,REQUEST_FAILED,,,,,
85490918,deadAbandoned,AQUA COTTON,"Mar. 30, 2012",Alok International Inc.,,marilyn.hale@alok.co
85490717,REQUEST_FAILED,,,,,
85490925,REQUEST_FAILED,,,,,
85491010,REQUEST_FAILED,,,,,
85491197,deadAbandoned,SNOW PRO,"Sep. 25, 2012","CHONGQING DAJIANG POWER EQUIPMENT CO., LTD.",,tmefiling@gmail.com
85491083,REQUEST_FAILED,,,,,
85491214,deadAbandoned,REGI ON GURU,"Sep. 24, 2012",Reiko Energy Inc,,msvetina75@gmail.com
85491174,deadAbandoned,TIFFANY HAYDEN,"Sep. 24, 2012","Coulter, Tiffany",,
85491158,REQUEST_FAILED,,,,,
85491180,REQUEST_FAILED,,,,,
85491355,REQUEST_FAILED,,,,,
85491438,REQUEST_FAILED,,,,,
85491599,deadAbandoned,SUPREME POLYPEPTIDE CREAM,"Sep. 21, 2012",Mychelle Dermaceuticals LLC,,paul@mychelle.com
85491471,REQUEST_FAILED,,,,,
85491525,REQUEST_FAILED,,,,,
85491561,REQUEST_FAILED,,,,,
85491709,deadAbandoned,SHATTERED MOON PHOTOGRAPHY,"Sep. 22, 2012","Bass, Michael",,naparu2000@gmail.com
85491794,deadAbandoned,MAGNOLIA CAFE' & BAKERY,"Oct. 11, 2012","MHK III, LLC",,andy@smallwoodlaw.com
85491749,REQUEST_FAILED,,,,,
85491791,REQUEST_FAILED,,,,,
85491776,REQUEST_FAILED,,,,,
85492048,deadAbandoned,YOUR LINK TO YOUR GOVERNMENT,"Sep. 26, 2012",Electedface LLC,,
85492185,deadAbandoned,PARALLEL INDEX,"Sep. 28, 2012",Itchigoo,,harold.chatenet@free.fr
85492180,deadAbandoned,BLUE DIAMOND JEWELRY CLEANER,"Oct. 02, 2012",Theta Creations LLC,,
85492176,REQUEST_FAILED,,,,,
85492188,REQUEST_FAILED,,,,,
85492243,deadAbandoned,SAV WATT,"Sep. 25, 2012","Savwatt USA, Inc",,fkristan@savwatt.com
85492202,REQUEST_FAILED,,,,,
85492249,deadAbandoned,RAVEN ALEXIS,"Sep. 24, 2012","Wright, Isabella",,raven@ravenalexis.com
85492239,REQUEST_FAILED,,,,,
85492242,REQUEST_FAILED,,,,,
85492262,REQUEST_FAILED,,,,,
85492357,deadAbandoned,SPOTMARK,"Sep. 28, 2012",Wool Labs LLC,,avincent@woollabs.com
85492385,deadAbandoned,BRA-ORGANIZER,"Sep. 22, 2012",Software Profiler B.V.,,k.singh@itca.com
85492353,REQUEST_FAILED,,,,,
85492375,deadAbandoned,ALANDCHUCK,"Sep. 25, 2012",Legendary Journeys Inc.,,
85492461,deadAbandoned,APPCONTROL,"Sep. 27, 2012",Xitel Pty. Limited,,barried@xitel.com
85492397,REQUEST_FAILED,,,,,
85492481,deadAbandoned,GREENWOOL,"Dec. 28, 2012","Poirier, Jeffrey Jude",,jeffreypoirier@comcast.net
85492450,REQUEST_FAILED,,,,,
85492477,REQUEST_FAILED,,,,,
85492539,REQUEST_FAILED,,,,,
85492696,deadAbandoned,MEDALLION,"Sep. 28, 2012","Ziptip, Inc.",,lhamblet@hotmail.com
85492649,REQUEST_FAILED,,,,,
85492658,REQUEST_FAILED,,,,,
85492817,deadAbandoned,FEARFIGHTERS,"Sep. 22, 2012",FBW Films LLC,,benwglobal@gmail.com
85492828,deadAbandoned,FIGHT THE FEAR,"Sep. 22, 2012",FBWFilms LLC,,benwglobal@gmail.com
85492714,REQUEST_FAILED,,,,,
85492864,REQUEST_FAILED,,,,,
85493237,deadAbandoned,LAUNCHPAD,"Sep. 25, 2012","Wiklof, Christopher A.",,chris@launchpadip.com
85493153,REQUEST_FAILED,,,,,
85493225,REQUEST_FAILED,,,,,
85493424,REQUEST_FAILED,,,,,
85493463,REQUEST_FAILED,,,,,
85493487,REQUEST_FAILED,,,,,
85493526,REQUEST_FAILED,,,,,
85493829,deadAbandoned,ALICE,"Oct. 01, 2012","Wintech, LLC",,
85493610,REQUEST_FAILED,,,,,
85493707,REQUEST_FAILED,,,,,
85493889,deadAbandoned,OCCUPY EVERY-WEAR,"Sep. 10, 2012","Zanini, Art",,bestgolfcartsinc@gmail.com
85493846,deadAbandoned,FILLMORE,"Sep. 30, 2012",Troy S Bush,,troy@nationmade.us
85493850,REQUEST_FAILED,,,,,
85493839,REQUEST_FAILED,,,,,
85494050,deadAbandoned,LIFE MAKEOVER,"May 14, 2012","Compass Life and Business Designs, Inc.",,colleen_richardson@mylifecompass.com
85494253,deadAbandoned,"STARDUST NETWORK, INC.","Nov. 09, 2012","Benchick, Cynthia",,
85494133,REQUEST_FAILED,,,,,
85494263,REQUEST_FAILED,,,,,
85494438,deadAbandoned,VIDEO TRAINING LIBRARY,"Sep. 27, 2012",video2brain GmbH,,
85494365,deadAbandoned,THERE IS NO I IN TEBOW,"Oct. 17, 2012",Jonathan Krick,,jkrick53@yahoo.com
85494459,deadAbandoned,ZUCKERBURG,"Sep. 25, 2012",Zuckerburg LLC,,zuckerburg@hotmail.com
85494425,deadAbandoned,RUNNING AND CYCLING ENTERPRISES,"Oct. 05, 2012","Rudy Project North America, LP",,barryf@cevision.com
85494479,REQUEST_FAILED,,,,,
85494597,deadAbandoned,BIG HIT JACKPOT,"Jul. 12, 2012",Ainsworth Game Technology Limited,,matthew.loon@ainsworth.com.au
85494655,deadAbandoned,"BEST WEB BRANDING, INC","Oct. 02, 2012",American Home Funding,,
85494651,deadAbandoned,AVIAT AIRCRAFT,"Sep. 28, 2012","Raburn, Susan",,
85494762,REQUEST_FAILED,,,,,
85494873,REQUEST_FAILED,,,,,
85495496,deadAbandoned,AMATITAN,"Sep. 25, 2012","PARTIDA-ZUNIGA, DAVID",,mygabogados@infosel.net.mx
85495455,deadAbandoned,INBALANCE,"Sep. 24, 2012","Chemspec1, LLC",,jspence@chemspec1.com
85495683,deadAbandoned,PUZZLE CLOTHING,"Sep. 25, 2012","Puzzle Clothing, LLC",,becnel007@aol.com
85495694,deadAbandoned,MAGIC ALLIANCE,"Sep. 21, 2012",Mingjie Guan,,technicalsupport@palmlink.com.cn
85495626,REQUEST_FAILED,,,,,
85495713,deadAbandoned,HERCUL,"Sep. 28, 2012","BEIJING LIMEIJIAN SPORTS TECHNOLOGY DEVELOPMENT CO., LTD.",,tmefiling@gmail.com
85495749,deadAbandoned,STARVING ARTIST,"Sep. 28, 2012","Lewis, Americk D",,amronic@gmail.com
85495724,deadAbandoned,B&K,"Sep. 27, 2012","Ping Gao/ Shenzhen B&K Rechargeable Battery, Inc",,gaoping@bkbattery.com
85495706,REQUEST_FAILED,,,,,
85496052,deadAbandoned,ALTERED ICE,"Nov. 29, 2012","TDBS Limited, LLC",,
85496036,deadAbandoned,WAIR,"Oct. 02, 2012","TDBS Limited, LLC",,
85496062,deadAbandoned,VINTAGE ICE,"Oct. 04, 2012","TDBS Limited, LLC",,
85496084,deadAbandoned,SPHENOCATH,"Sep. 25, 2012",Dolor Technologies LLC,,william.pipkin@gmail.com
85496183,deadAbandoned,SPHENOCATH,"Sep. 25, 2012",Dolor Technologies LLC,,william.pipkin@gmail.com
85496199,deadAbandoned,ISTAR,"Sep. 27, 2012","Biolase Technology, Inc.",,
85496207,deadAbandoned,IENJOY,"Sep. 25, 2012","iEnjoy Technologies, LLC",,tonnych@me.com
85496215,deadAbandoned,ISTARLASER,"Sep. 27, 2012","Biolase Technology, Inc.",,
85496218,deadAbandoned,IENJOY TECHNOLOGIES,"Sep. 25, 2012","iEnjoy Technologies, LLC",,tony@myienjoy.com
85496198,REQUEST_FAILED,,,,,
85496315,deadAbandoned,IENJOY,"Sep. 25, 2012","iEnjoy Technologies, LLC",,tonnych@me.com
85496329,deadAbandoned,IENJOY TECHNOLOGIES A HEALTH AND WELLNESS COMPANY,"Sep. 25, 2012","iEnjoy Technologies, LLC",,tony@myienjoy.com
85496208,REQUEST_FAILED,,,,,
85496260,deadAbandoned,IENJOY,"Sep. 25, 2012","iEnjoy Technologies, LLC",,tonnych@me.com
85496564,deadAbandoned,SIPCLIPS,"Oct. 31, 2012",SIPCLIPS INC.,,1666.ustm@gmail.com
85496732,deadAbandoned,HERE FOR YOU 24/7,"Sep. 27, 2012",Access OEM,,robert@zuummedia.com
85496601,REQUEST_FAILED,,,,,
85496777,deadAbandoned,GLOBAL TRADEMARK AND SERVICEMARK CATALOGUE,"Oct. 05, 2012","Global Business Option, Inc.",,
85496728,REQUEST_FAILED,,,,,
85496886,deadAbandoned,SOUTHERN CROSS,"Sep. 25, 2012","Liberty Trade Ventures, LLC",,andrewmartz@gmail.com
85496794,REQUEST_FAILED,,,,,
85496846,REQUEST_FAILED,,,,,
85496849,REQUEST_FAILED,,,,,
85496881,REQUEST_FAILED,,,,,
85496962,deadAbandoned,SEEMYGF,"Nov. 15, 2012",WALLTEN Ltd,,
85496934,deadAbandoned,THE FIRST COMPREHENSIVE MOBILE SURGICAL SERVICES FOR DENTAL OFFICES IN THE UNITED STATES,"Oct. 02, 2012",Implant Outreach,,charles.zahedi@gmail.com
85497248,deadAbandoned,HEIR BLOOM,"Sep. 08, 2012",THE WINE GROUP LLC,,JOHN.SUTTON@THEWINEGROUP.COM
85497168,REQUEST_FAILED,,,,,
85497270,REQUEST_FAILED,,,,,
85497310,deadAbandoned,MY FRIEND JESUS,"Oct. 02, 2012",7673655 Canada Inc.,,
85497483,deadAbandoned,SPORTSMANONLINE.COM,"Oct. 02, 2012",Sportsman Online LLC,,info@sportsmanonline.com
85497390,REQUEST_FAILED,,,,,
85497653,deadAbandoned,DUCHENNE NATION,"Sep. 25, 2012","Cameron, Melinda",,mindyhuber@roadrunner.com
85497684,REQUEST_FAILED,,,,,
85497811,REQUEST_FAILED,,,,,
85497843,REQUEST_FAILED,,,,,
85498039,deadAbandoned,TAY JEWELLERY,"Sep. 28, 2012",TAY JEWELLERY LIMITED,,jaysdave@yahoo.co.uk
85497973,REQUEST_FAILED,,,,,
85498210,REQUEST_FAILED,,,,,
85498244,REQUEST_FAILED,,,,,
85498328,deadAbandoned,PANICKER PARTNERS,"Dec. 07, 2012",Kavitha Sugathan Panicker,,info@aceconsulta.com
85498326,deadAbandoned,"BIRTH IS A MIRACLE, LIFE IS A GIFT, DEATH IS A FACT. REALIZE THE MIRACLE, CELEBRATE THE GIFT, FACE THE FACT.","Dec. 03, 2012","Raby, Alison",,
85498352,deadAbandoned,E3 OPTIMAL HEALTH FORMULA GESUNDHEIT!,"Aug. 17, 2012","DRS Health, Inc.",,eangell@drshealthinc.com
85498335,deadAbandoned,SOCCER SUPPORTERS,"Sep. 28, 2012","Soccer Supporters International, LLC",,t.stebbins@soccersupporters.com
85498395,REQUEST_FAILED,,,,,
85498682,deadAbandoned,ATMA H E A L T H C A R E,"Sep. 27, 2012","Birling, Jennifer",,chris@atma.tv
85498705,deadAbandoned,IACCESS SENIOR LIVING JOBS,"Sep. 27, 2012","Haris, Lee, David",,lharis@hariscompany.com
85498660,REQUEST_FAILED,,,,,
85498750,deadAbandoned,IACCESS SENIOR LIVING COUPONS,"Sep. 27, 2012","Haris, Lee David",,lharis@hariscompany.com
85498726,deadAbandoned,MW MORAVIAN WINE,"Oct. 02, 2012","Dockal, Vit",,
85498767,REQUEST_FAILED,,,,,
85498871,REQUEST_FAILED,,,,,
85499169,deadAbandoned,VID,"Oct. 02, 2012",Voitus Corporation,,
85499178,REQUEST_FAILED,,,,,
85499198,REQUEST_FAILED,,,,,
85499472,deadAbandoned,YO ME LLAMO,"Sep. 21, 2012",FremantleMedia Limited,,isabelle.brender@fremantlemedia.com
85499308,REQUEST_FAILED,,,,,
85499529,deadAbandoned,FILTER TIPPED CLEOPATRA KING SIZE,"Oct. 02, 2012",MAIA TOBACCO CORP,,awnord@gmail.com
85500019,deadAbandoned,ROMANTICA,"Oct. 02, 2012",Steve Padis Jewelry,,
85499931,REQUEST_FAILED,,,,,
85500149,deadAbandoned,RAW BY ASTER,"Oct. 01, 2012","Elliott, Aster",,aster@rawbyaster.com
85500083,deadAbandoned,FF,"Oct. 01, 2012",Hayden Cox Pty Ltd,,haydencox@me.com
85500372,REQUEST_FAILED,,,,,
85500512,deadAbandoned,INDUSTRY STANDARD FOG FLUID,"Oct. 11, 2012",StarLight.com LLC,,info@starlight.com
85500489,deadAbandoned,THE LEARNING IN MOTION ACADEMY,"Oct. 06, 2012","Grady, Christine",,jgrady@studybyapp.com
85500509,deadAbandoned,IQC,"Sep. 29, 2012",DUONG YVES,,iqc@iqc.com.hk
85500834,REQUEST_FAILED,,,,,
85501271,deadAbandoned,GASTRAILER,"Oct. 30, 2012",Keith K Kittoe,,keith@gastrailer.com
85501420,REQUEST_FAILED,,,,,
85501458,REQUEST_FAILED,,,,,
85501775,REQUEST_FAILED,,,,,
85501991,deadAbandoned,NUANCE HEALTH,"Dec. 27, 2012","Nuance Health, LLC",,kentnew@nuancehealth.com
85502078,deadAbandoned,THE TECH TEAM,"Oct. 08, 2012",smplsolutions,,support@smplsolutions.com
85501938,REQUEST_FAILED,,,,,
85502012,REQUEST_FAILED,,,,,
85502097,deadAbandoned,CATCH,"Oct. 09, 2012","R2P Group, Inc",,sales@r2ppet.com
85502300,REQUEST_FAILED,,,,,
85502412,REQUEST_FAILED,,,,,
85502548,REQUEST_FAILED,,,,,
85502667,deadAbandoned,CE SCORE,"Oct. 01, 2012","CE Analytics, Inc.",,edeshields@communityempower.com
85502660,deadAbandoned,SYNOFA SYNDICATE OF FINANCIAL ADVISORS,"Oct. 02, 2012",J W Korth & Company,,jwkorth@jwkorth.com
85502609,REQUEST_FAILED,,,,,
85502652,REQUEST_FAILED,,,,,
85502808,deadAbandoned,FOR THE FEW,"Sep. 27, 2012","Garnett, Robert",,
85502783,deadAbandoned,THE CANDY BARON,"Sep. 30, 2012","Williams, Elyssa",,
85502679,REQUEST_FAILED,,,,,
85502837,REQUEST_FAILED,,,,,
85502939,REQUEST_FAILED,,,,,
85502994,REQUEST_FAILED,,,,,
85503121,REQUEST_FAILED,,,,,
85503424,REQUEST_FAILED,,,,,
85503631,deadAbandoned,PET HUGGERS,"Oct. 06, 2012","Chang, Yoheng H",,hanson.chang@gmail.com
85503593,REQUEST_FAILED,,,,,
85503601,REQUEST_FAILED,,,,,
85503610,REQUEST_FAILED,,,,,
85503671,deadAbandoned,MULU,"Oct. 09, 2012",SUN XIAOKAI,,usasndre@gmail.com
85503662,deadAbandoned,CYBERARM,"Oct. 12, 2012",CyberARM ltd,,shay.zandani@gmail.com
85503753,deadAbandoned,SIMUNOMICS,"Oct. 13, 2012","Marszalowicz, Alex John",,amarsir@simunomics.com
85503771,deadAbandoned,LAMA THE LLAMA,"Jan. 18, 2012","Black, Donald",,
85503656,REQUEST_FAILED,,,,,
85503802,deadAbandoned,RENTALGUARDIAN.COM,"Jul. 25, 2012",RentalGuardian LLC,,dgore@rentalguardian.com
85503786,REQUEST_FAILED,,,,,
85503729,deadAbandoned,HEART SMART,"Oct. 17, 2012",S'Better Farms,,bill@sbetterfarms.com
85503836,REQUEST_FAILED,,,,,
85504030,deadAbandoned,OCCUPY LOVE: LA,"Nov. 07, 2012","Wyatt, Korey",,wyatt.works@yahoo.com
85503978,REQUEST_FAILED,,,,,
85504020,REQUEST_FAILED,,,,,
85503997,REQUEST_FAILED,,,,,
85504153,REQUEST_FAILED,,,,,
85504207,REQUEST_FAILED,,,,,
85504339,REQUEST_FAILED,,,,,
85504562,deadAbandoned,NCAPTURE,"Oct. 05, 2012",QSR International Pty Ltd,,johno@qsr.com.au
85504604,deadAbandoned,"JAKOODY.COM ""EXPRESS YOURSELF"" JK","Oct. 09, 2012","Jakoody, LLC",,dmusa@asu.edu
85504568,deadAbandoned,LOB ANGELES CLIPPERS,"Oct. 02, 2012","San Jose, Delfino Rafael",,lobcityclippers@gmail.com
85504570,deadAbandoned,LOB CITY CLIPPERS,"Oct. 02, 2012","San Jose, Delfino Rafael",,lobcityclippers@gmail.com
85504547,REQUEST_FAILED,,,,,
85504540,REQUEST_FAILED,,,,,
85504735,deadAbandoned,PRINCESS PADS,"Nov. 13, 2012",Puppy Trail Inc.,,puppytrailinc@yahoo.com
85504628,REQUEST_FAILED,,,,,
85504673,REQUEST_FAILED,,,,,
85504894,deadAbandoned,MODIFICATION FINE CONTROL,"Oct. 10, 2012",Protein Metrics Inc.,,bern@proteinmetrics.com
85504965,deadAbandoned,CLINICAL FOCUSING,"Oct. 05, 2012",Richard Wolf Medical Instruments Corporation,,RBallantine@richardwolfusa.com
85504969,deadAbandoned,ACOUSTIC COMPRESSION THERAPY (ACT),"Oct. 05, 2012",Richard Wolf Medical Instruments Corporation,,RBallantine@richardwolfusa.com
85504948,REQUEST_FAILED,,,,,
85505177,deadAbandoned,PATIENT GUIDED THERAPY,"Oct. 05, 2012",Richard Wolf Medical Instruments Corporation,,RBallantine@richardwolfusa.com
85505192,deadAbandoned,ECOPLANK FLOORS,"Oct. 05, 2012",Eco Plank Floors,,
85505143,REQUEST_FAILED,,,,,
85505179,REQUEST_FAILED,,,,,
85505297,deadAbandoned,ANDY J,"Oct. 26, 2012","WENZHOU RE-START IMPORT AND EXPORT CO.,LTD",,sales@capstonebrands.net
85505288,REQUEST_FAILED,,,,,
85505312,REQUEST_FAILED,,,,,
85505669,deadAbandoned,PAPITAS,"Oct. 02, 2012",Beverage World Inc.,,iampietro@shlaw.ca
85505887,deadAbandoned,TRIPLE ACTION,"Aug. 21, 2012","Northwest Natural Products, Inc.",,
85506040,REQUEST_FAILED,,,,,
85506119,deadAbandoned,VASSER APPAREL,"Oct. 05, 2012","Jauregui, Taylor",,
85506067,REQUEST_FAILED,,,,,
85506207,deadAbandoned,FUSE,"Oct. 05, 2012","Fuse 360, LLC",,info@fusepilates.com
85506171,REQUEST_FAILED,,,,,
85506246,REQUEST_FAILED,,,,,
85506491,REQUEST_FAILED,,,,,
85506729,deadAbandoned,BEARD BALM,"Oct. 09, 2012","Hamilton, Melissa",,sales@beardking.com
85506635,REQUEST_FAILED,,,,,
85506746,deadAbandoned,ALTITUDE TRAINING,"Sep. 14, 2012","Clark, Robert I",,robertclarkcpa@gmail.com
85506695,REQUEST_FAILED,,,,,
85506701,REQUEST_FAILED,,,,,
85506585,deadAbandoned,LIFE ALKAWATER,"Oct. 10, 2012","Cabados, Rick",,
85506987,REQUEST_FAILED,,,,,
85506978,REQUEST_FAILED,,,,,
85507087,deadAbandoned,WORD NINJA,"Oct. 13, 2012","Wei, Linda J.",,
85507081,REQUEST_FAILED,,,,,
85507184,deadAbandoned,POUCH PROTECTOR,"Oct. 18, 2012","Celetti, Jason",,
85507086,REQUEST_FAILED,,,,,
85507195,deadAbandoned,SMART MONEY NEWS,"Oct. 15, 2012",Nigam Arora,,nigam@thearorareport.com
85507189,deadAbandoned,ISHINE DESIGNS,"Oct. 10, 2012","Ward, Scott",,
85507303,deadAbandoned,PICK 'N POP,"Oct. 11, 2012","D 'N A Marketing Services, LLC",,dcs@dnamarketingsvc.com
85507304,deadAbandoned,WORMHOLE,"Oct. 06, 2012","Mesaros, Denis Mars",,5fireflies@gmail.com
85507211,REQUEST_FAILED,,,,,
85507295,REQUEST_FAILED,,,,,
85507305,REQUEST_FAILED,,,,,
85507462,deadAbandoned,AZUL,"Oct. 14, 2012","Romar Universal, Inc.",,romario40@gmail.com
85507403,REQUEST_FAILED,,,,,
85507407,REQUEST_FAILED,,,,,
85507562,deadAbandoned,PATENT & TRADEMARK AGENCY,"Oct. 15, 2012",MP Capital Inc,,ptagency9@gmail.com
85507837,deadAbandoned,DISTRICT DISTILLING COMPANY,"Oct. 09, 2012",Darren Myers,,darren.myers@hotmail.com
85507445,REQUEST_FAILED,,,,,
85507588,REQUEST_FAILED,,,,,
85507838,REQUEST_FAILED,,,,,
85507948,deadAbandoned,COTTONSOFT,"Oct. 15, 2012",k c h corp,,davidlipsker@gmail.com
85507916,REQUEST_FAILED,,,,,
85508292,deadAbandoned,PRETTY PENNY,"Oct. 10, 2012",Wild Eye Designs Inc,,warren@wildeyedesigns.com
85508257,deadAbandoned,NH NAPPIEHEADZ,"Oct. 10, 2012","Jones, Fletcher E",,Fjones70@msn.com
85508173,REQUEST_FAILED,,,,,
85508281,REQUEST_FAILED,,,,,
85508314,REQUEST_FAILED,,,,,
85508775,deadAbandoned,XSOVT,"Oct. 10, 2012",onetwothreefour inc,,
85508665,REQUEST_FAILED,,,,,
85508752,deadAbandoned,POWERTRONICS CONNECTIONS,"Oct. 11, 2012","Eastern Time Designs, Inc.",,larry.stacy@powertronics.com
85508800,REQUEST_FAILED,,,,,
85508878,deadAbandoned,DESADRINE,"Dec. 03, 2012","Kneller, Bruce, W",,bwkneller@gmail.com
85508813,REQUEST_FAILED,,,,,
85508811,REQUEST_FAILED,,,,,
85508960,deadAbandoned,DERMASOME,"Oct. 09, 2012","Restoration Softwear, LTD",,aaron@angellift.com
85508978,deadAbandoned,None,"Dec. 31, 2012","Kirkpatrick, Chuck",,
85508886,REQUEST_FAILED,,,,,
85509007,deadAbandoned,QUAALUDE,"Oct. 19, 2012",Bruce W. Kneller,,bwkneller@gmail.com
85509082,deadAbandoned,JUST STRINGZ,"Oct. 15, 2012",Boeau Belle Ltd,,admin@juststringz.com
85509020,REQUEST_FAILED,,,,,
85509050,REQUEST_FAILED,,,,,
85509227,REQUEST_FAILED,,,,,
85509336,REQUEST_FAILED,,,,,
85509603,REQUEST_FAILED,,,,,
85509999,deadAbandoned,TAX RETURN MAXIMIZATION PROFILE,"Oct. 18, 2012",Giuseppe Lorenzo DeAngelis,,jdeangel@sbcglobal.net
85509829,deadAbandoned,IMG MARKETING GROUP,"Oct. 11, 2012","IMG Marketing Group, Inc.",,xavier@indieboom.com
85509828,REQUEST_FAILED,,,,,
85509830,REQUEST_FAILED,,,,,
85509878,REQUEST_FAILED,,,,,
85510016,REQUEST_FAILED,,,,,
85510075,REQUEST_FAILED,,,,,
85510361,deadAbandoned,SCOPE)CAM ADAPTER,"Oct. 22, 2012","Parsons, Reggie",,rkp_4@hotmail.com
85510318,deadAbandoned,HUDNUT,"Aug. 02, 2012",DATA ACCESS,,data.excess@gmail.com
85510423,REQUEST_FAILED,,,,,
85510530,REQUEST_FAILED,,,,,
85510665,deadAbandoned,POWERCHART TOUCH,"Sep. 11, 2012","Cerner Innovation, Inc.",,
85510576,REQUEST_FAILED,,,,,
85510625,REQUEST_FAILED,,,,,
85510660,REQUEST_FAILED,,,,,
85510904,deadAbandoned,TWO DUCKS AND A GOOSE,"May 21, 2012","Schamburg, Gaye",,
85510806,REQUEST_FAILED,,,,,
85510925,REQUEST_FAILED,,,,,
85511192,deadAbandoned,MOJO BIKE,"Oct. 15, 2012",Mojo Property Pty Ltd,,mpoynton@mojomotorcycles.com.au
85511226,REQUEST_FAILED,,,,,
85511225,REQUEST_FAILED,,,,,
85511257,REQUEST_FAILED,,,,,
85511441,deadAbandoned,THERMOLOSS GUM,"Oct. 17, 2012",Setty food addition for athelets LTD,,info@israelip.com
85511327,REQUEST_FAILED,,,,,
85511374,REQUEST_FAILED,,,,,
85511446,REQUEST_FAILED,,,,,
85511553,REQUEST_FAILED,,,,,
85511907,REQUEST_FAILED,,,,,
85512142,REQUEST_FAILED,,,,,
85512182,deadAbandoned,CATERPILLARS OFF,"Sep. 24, 2012",Pamela McKenzie,,info@ecoorganics.com
85512224,deadAbandoned,ALFA,"Oct. 19, 2012",COMUNICACIONES SAN MILLAN S.A. DE C.V.,,pacoplexus@yahoo.com
85512170,REQUEST_FAILED,,,,,
85512173,REQUEST_FAILED,,,,,
85512246,REQUEST_FAILED,,,,,
85512344,deadAbandoned,POMP,"Oct. 16, 2012",Sharon Case Inc,,customerservice@sharoncasejewelry.com
85512272,REQUEST_FAILED,,,,,
85512283,REQUEST_FAILED,,,,,
85512355,deadAbandoned,MOVCAM,"Oct. 23, 2012","MOVCAM TECH. CO., LTD.",,ipdocketing@gmail.com
85512364,REQUEST_FAILED,,,,,
85512730,deadAbandoned,TEBOWMANIA,"Oct. 17, 2012","Lifenatural, Inc.",,marc25@epix.net
85512889,REQUEST_FAILED,,,,,
85512935,REQUEST_FAILED,,,,,
85513078,REQUEST_FAILED,,,,,
85513373,deadAbandoned,C CHRISTAL HAIR PRODUCTS,"Dec. 28, 2012","Bennett, Christine",,chrissy@christalhairproducts.net
85513411,deadAbandoned,PHIL,"Oct. 18, 2012",Michael Herbert Rausher,,mikerausher@yahoo.com
85513535,deadAbandoned,PHOLIANEGRA,"Oct. 23, 2012",SylvaChem Life Sciences Ltda,,luna@sylvachem.com.br
85513499,deadAbandoned,PAS - YISROEL,"Nov. 30, 2012",pas yisroel inc.,,davidipsker@gmail.com
85513369,REQUEST_FAILED,,,,,
85513392,REQUEST_FAILED,,,,,
85513602,REQUEST_FAILED,,,,,
85513625,REQUEST_FAILED,,,,,
85513832,deadAbandoned,FXPEDAL.COM,"Oct. 19, 2012","THOMAS, LOU",,
85513926,deadAbandoned,MEGATECH INC.,"Oct. 20, 2012",MegaTech Inc,,
85513943,REQUEST_FAILED,,,,,
85514259,deadAbandoned,CUSTOMERS ENGAGED,"Oct. 19, 2012",Avid Ratings Co.,,paulcnrs@hotmail.com
85514113,REQUEST_FAILED,,,,,
85514427,deadAbandoned,SMARTPHONE WALLET,"Oct. 26, 2012","Logan, Martin, Leslie",,marty@megascanz.com
85514559,deadAbandoned,GOSPEL GOES TO HOLLYWOOD AWARDS LUNCHEON DURING OSCAR WEEK,"Oct. 23, 2012","Holyfield, Tomeka",,info@theHELPPPPagency.com
85514556,deadAbandoned,G.R.E.A.T,"Oct. 24, 2012",GLOZAL Inc.,,tk@glozal.com
85514509,REQUEST_FAILED,,,,,
85514479,REQUEST_FAILED,,,,,
85514584,deadAbandoned,SACRED COWS,"Nov. 10, 2012","Van Der Velden, Karl",,
85514953,deadAbandoned,UNITED STATES MARTIAL ARTS ASSOCIATION,"Oct. 21, 2012","Mc Coy, James",,
85515085,deadAbandoned,GTR SIMULATOR,"Dec. 26, 2012",Abtivan Corporation,,tentsai@gmail.com
85514720,deadAbandoned,ANY BUSINESS SOLUTIONS,"Oct. 26, 2012","Any Business Solutions, LLC",,msmith@anybizsolutions.com
85515261,REQUEST_FAILED,,,,,
85515322,deadAbandoned,BIOLASE EPIC,"Sep. 27, 2012","Biolase Technology, Inc.",,
85515363,deadAbandoned,EPIC DIODE LASER,"Sep. 27, 2012","Biolase Technology, Inc.",,
85515340,deadAbandoned,STROKE LAB,"Oct. 26, 2012",FINIS Inc.,,mstephens@finisinc.com
85515377,deadAbandoned,EPIC DIODE,"Sep. 27, 2012","Biolase Technology, Inc.",,
85515430,deadAbandoned,A SLIM ME,"Oct. 23, 2012","A Slim Me, LLC",,kuzara@gmail.com
85515406,REQUEST_FAILED,,,,,
85515565,REQUEST_FAILED,,,,,
85515865,REQUEST_FAILED,,,,,
85516034,deadAbandoned,SLIM VARSITY,"Oct. 26, 2012","Varsity Sports Apparel, Inc.",,kristin@vsacustom.com
85515967,deadAbandoned,EUREKA,"Oct. 26, 2012",Eureka Sausage Inc.,,littleangelssch@gmail.com
85515945,deadAbandoned,EUREKA,"Oct. 26, 2012",Eureka Sausage Inc.,,littleangelssch@gmail.com
85515872,REQUEST_FAILED,,,,,
85516093,REQUEST_FAILED,,,,,
85516121,REQUEST_FAILED,,,,,
85516435,deadAbandoned,365,"Oct. 25, 2012","Lapp, Jeanne",,jlchiro@aol.com
85516418,deadAbandoned,BREW PONG BREW PONG BREW PONG,"Oct. 26, 2012","AARC Venture, LP",,brettawbrey@gmail.com
85516436,deadAbandoned,LANKALOTUS.COM,"Oct. 28, 2012","Candappa, Sonali",,sonaliamrita@att.net
85516206,REQUEST_FAILED,,,,,
85516461,deadAbandoned,SOPURE,"Oct. 23, 2012",Zhucheng Haotian Pharma LTD,,
85516270,REQUEST_FAILED,,,,,
85516576,REQUEST_FAILED,,,,,
85516677,deadAbandoned,CIELO,"Oct. 20, 2012",Cielo Ilc,,postolache@hotmail.com
85516704,deadAbandoned,G6 REVOLUTION,"Oct. 31, 2012","Arjun, Dhayal",,
85516712,deadAbandoned,MINICRAZY,"Oct. 31, 2012",YANNAN SUN,,
85516738,deadAbandoned,THREESOME,"Oct. 25, 2012",Carlon Holdings LLC,,alhen69157@aol.com
85516725,REQUEST_FAILED,,,,,
85516787,deadAbandoned,LANDLOCKED,"Oct. 30, 2012","Ecklund, James H",,jimecklund2006@yahoo.com
85516839,deadAbandoned,HB HARDBODY,"Oct. 24, 2012",Hardbody Unlimited Inc.,,nwokedi@hardbodyunlimited.com
85516818,REQUEST_FAILED,,,,,
85516845,REQUEST_FAILED,,,,,
85516858,REQUEST_FAILED,,,,,
85516859,REQUEST_FAILED,,,,,
85516876,REQUEST_FAILED,,,,,
85516955,REQUEST_FAILED,,,,,
85516953,REQUEST_FAILED,,,,,
85516967,deadAbandoned,THISOUTFIT,"Oct. 26, 2012","Best, Brittany",,rawntarrant3@yahoo.com
85517167,deadAbandoned,REVEAL NOTHING,"Oct. 24, 2012","InvisiCorp, Inc.",,
85517016,REQUEST_FAILED,,,,,
85517074,REQUEST_FAILED,,,,,
85517230,REQUEST_FAILED,,,,,
85517295,deadAbandoned,INVISIPAY,"Oct. 24, 2012","InvisiCorp, Inc.",,
85517424,deadAbandoned,DOMTY,"Oct. 29, 2012","Tadrous, Alfouns",,alfouns@gamil.com
85517412,deadAbandoned,DIAMOND SERIES LED,"Oct. 24, 2012",Market Smart Inc.,,joni@marketsmartcorporation.com
85517471,deadAbandoned,EXTREME FLOWER LED,"Oct. 24, 2012",Market Smart Inc.,,joni@marketsmartcorporation.com
85517296,REQUEST_FAILED,,,,,
85517452,deadAbandoned,SWEET & SAVORY BAKERY.,"Oct. 31, 2012","Adamson, Karen",,
85517449,REQUEST_FAILED,,,,,
85517481,REQUEST_FAILED,,,,,
85517638,deadAbandoned,THE AVENUES,"May 10, 2012",AL-Rai Real Estate Company (WLL),,monicawoous@gmail.com
85517671,deadAbandoned,CAREED,"Oct. 26, 2012","Hewitt, Carl",,carlhewitt@alum.mit.edu
85517634,REQUEST_FAILED,,,,,
85517758,REQUEST_FAILED,,,,,
85517800,REQUEST_FAILED,,,,,
85517898,REQUEST_FAILED,,,,,
85517936,deadAbandoned,BLOW IT UP BODIFYING SPRAY,"Aug. 14, 2012","Rubin,. Gregory, A.",,michele@garcoa.com
85518119,deadAbandoned,COTTON REPUBLIC WEAR FOR PROFESSIONALS,"Oct. 25, 2012","CONFECCIONES GRECO, S.A. DE C.V.",,sacosta@avah.com.mx
85518135,REQUEST_FAILED,,,,,
85518226,REQUEST_FAILED,,,,,
85518250,REQUEST_FAILED,,,,,
85518468,REQUEST_FAILED,,,,,
85518526,deadAbandoned,SHE BEAUTY & ENERGY DRINK,"Oct. 30, 2012",Property Investments sp. z o.o.,,info@bilsamaviation.com
85518588,REQUEST_FAILED,,,,,
85518718,deadAbandoned,VIRGO BOTANICALS,"Oct. 26, 2012","Hickey, Pamela",,
85518662,REQUEST_FAILED,,,,,
85518736,deadAbandoned,APK,"Oct. 26, 2012",AMERICAN ELECTRIC POWER EQUIPMENT CORP.,,la03@netvigator.com
85518712,deadAbandoned,TEQUILA MOCKINGBIRD,"Feb. 14, 2012","Punch Media, Inc.",,
85518733,deadAbandoned,A ACCPA EST. 2000,"Oct. 26, 2012",TAI WAH HANDBAG FACTORY LIMITED,,la03@netvigator.com
85518791,deadAbandoned,FAT-OFF,"Oct. 29, 2012","Olalde, Jose",,corpgov2004@yahoo.com
85518778,deadAbandoned,AMCOOLONG,"Dec. 12, 2012",Long Mass Building Material Limited,,longmass@126.com
85518824,REQUEST_FAILED,,,,,
85518956,REQUEST_FAILED,,,,,
85519077,REQUEST_FAILED,,,,,
85519234,deadAbandoned,PASTA-IN-A-BOX,"Nov. 05, 2012","Belgacem, Amokrane",,abelgacem63@yahoo.com
85519106,REQUEST_FAILED,,,,,
85519484,deadAbandoned,TUTORIAL VIDEO LIBRARY,"Oct. 30, 2012","Kittell II, James",,james.kittell@aslmedia.com
85519548,deadAbandoned,SOFTWARE DOWNLOAD CARD,"Oct. 31, 2012",AVANQUEST NORTH AMERICA INC.,,kkuehl@avanquestusa.com
85519597,deadAbandoned,VIDEO GAMING EXPRESS,"Oct. 18, 2012","Belo, Joao",,joaoluisbelo@gmail.com
85519524,REQUEST_FAILED,,,,,
85519668,deadAbandoned,8 COUNT MUSIC,"Oct. 31, 2012",American Cheer Extreme,,info@8countmusic.com
85519779,deadAbandoned,BEAR NECESSITIES,"Nov. 06, 2012",Kid Kreations Limited,,joshua@kidkreations.co.uk
85519711,REQUEST_FAILED,,,,,
85519755,REQUEST_FAILED,,,,,
85520037,deadAbandoned,ALTAMAR,"Oct. 26, 2012",LICASA GROUP INC,,masmarcas@masmarcas.com
85519968,REQUEST_FAILED,,,,,
85520068,deadAbandoned,POSEIDON,"Oct. 20, 2012",LICASA GROUP INC,,soporte@masmarcas.com
85520143,REQUEST_FAILED,,,,,
85520186,REQUEST_FAILED,,,,,
85520260,REQUEST_FAILED,,,,,
85520513,deadAbandoned,KISS AND MAKEUP,"Dec. 29, 2012","Lisa Di Caprio, LLC",,
85520525,deadAbandoned,KISS AND MAKEUP,"Dec. 29, 2012","Lisa Di Caprio, LLC",,
85520518,REQUEST_FAILED,,,,,
85520712,deadAbandoned,MEDICAL BODY COMPOSITION ANALYZER,"Sep. 10, 2012",seca GmbH,,jeff.mayes@seca.com
85520659,REQUEST_FAILED,,,,,
85520707,REQUEST_FAILED,,,,,
85520744,deadAbandoned,SOUTH SHORE RUGBY CLUB,"Oct. 31, 2012","Fioresi, Robert",,coach@eastisliprugby.com
85520826,deadAbandoned,None,"Oct. 26, 2012",Palmlink Technologies Beijing Corporation Limited,,technicalsupport@palmlink.com.cn
85520812,deadAbandoned,AUTO TECH,"Oct. 31, 2012",GRAND DIRECT INTERNATIONAL LIMITED,,
85520838,REQUEST_FAILED,,,,,
85520902,REQUEST_FAILED,,,,,
85520932,REQUEST_FAILED,,,,,
85520934,deadAbandoned,SMART AUTONOMOUS VEHICLES,"Oct. 31, 2012","Globe Tracker International, ApS",,michael.reveal@globetracker.com
85520937,deadAbandoned,SMART AUTONOMOUS CONTAINERS,"Oct. 31, 2012","Globe Tracker International, ApS",,jim.davis@globetracker.com
85521100,deadAbandoned,HEALTH & WELLNESS TRACKER,"Nov. 02, 2012","Pharma Supply, Inc.",,admin@healthandwellnesstracker.com
85521024,REQUEST_FAILED,,,,,
85521167,REQUEST_FAILED,,,,,
85521421,REQUEST_FAILED,,,,,
85521530,REQUEST_FAILED,,,,,
85521791,deadAbandoned,GET IT WETT,"Oct. 29, 2012","Wett Fettish Apparel Company, LLC",,
85521682,REQUEST_FAILED,,,,,
85521771,deadAbandoned,ASCENTSION INNOVATE. EVOLVE. EXCEL.,"Nov. 04, 2012",Ascentsion,,austin@ascentsion.com
85521824,deadAbandoned,"""THE HOSE PROTECTION EXPERTS""","Nov. 05, 2012","Hose Pro Textiles, Inc.",,americanaccounting@hotmail.com
85521823,REQUEST_FAILED,,,,,
85521981,deadAbandoned,QUORUM,"Dec. 06, 2012",THE ARTISAN COLLECTION,,info@theartisancollection.us
85522155,REQUEST_FAILED,,,,,
85522221,deadAbandoned,COURSECLOUD,"Oct. 31, 2012","Cimino, Christopher Maloney",,cloudchris1@gmail.com
85522242,REQUEST_FAILED,,,,,
85522295,REQUEST_FAILED,,,,,
85522542,REQUEST_FAILED,,,,,
85522633,REQUEST_FAILED,,,,,
85522802,REQUEST_FAILED,,,,,
85523082,deadAbandoned,ETCHINGX,"Oct. 31, 2012","MHM Glass Etching, Inc.",,eric@etchingexpressions.com
85523145,REQUEST_FAILED,,,,,
85523354,deadAbandoned,TREATURES,"Oct. 29, 2012",Aces + Stix LLC,,treatures@yahoo.com
85523445,deadAbandoned,ROY BOSS,"Nov. 09, 2012",Blue Africa Trading cc,,c.rudman@absamail.co.za
85523420,REQUEST_FAILED,,,,,
85523516,REQUEST_FAILED,,,,,
85523646,deadAbandoned,PLAYFUL INDIFFERENCE,"Nov. 04, 2012","Economou, Alexander",,email@alexandereconomou.com
85523684,REQUEST_FAILED,,,,,
85523742,REQUEST_FAILED,,,,,
85524186,deadAbandoned,SHOO FETISH,"Nov. 13, 2012","IPO Trust, LLC",,Jeff@IPOtrust.com
85524097,deadAbandoned,BUSHNELL,"Nov. 05, 2012","Cilurzo, Vinnie",,
85524069,REQUEST_FAILED,,,,,
85524304,REQUEST_FAILED,,,,,
85524449,deadAbandoned,TANTANIUM,"Nov. 03, 2012",Henry H. Tanner Jr.,,vatanner5@yahoo.com
85524475,deadAbandoned,COTTONAX,"Nov. 05, 2012",Paplasco LLC,,info@exmaindustries.com
85524634,REQUEST_FAILED,,,,,
85524848,REQUEST_FAILED,,,,,
85524900,REQUEST_FAILED,,,,,
85525048,deadAbandoned,BABY MOVE PRUNE CONCENTRATE WITH PREBIOTICS,"Aug. 14, 2012",Wellements LLC,,rscarano@wellements.com
85525430,deadAbandoned,DIKHED,"Nov. 13, 2012","Carter, David J.",,dikhds@gmail.com
85525517,deadAbandoned,SIP N BULL,"Nov. 06, 2012","Blackwell, Vivian",,vivian.blackwell@ymail.com
85525562,deadAbandoned,STEPHANE VERDINO,"Nov. 06, 2012",fashion boulevard limited,,fabricefigaret@gmail.com
85525403,REQUEST_FAILED,,,,,
85526044,REQUEST_FAILED,,,,,
85526440,REQUEST_FAILED,,,,,
85526493,REQUEST_FAILED,,,,,
85525791,REQUEST_FAILED,,,,,
85526631,deadAbandoned,SCAN SHOW SELL,"Nov. 09, 2012","Query Response, Inc.",,steve@scanshowsell.com
85526627,REQUEST_FAILED,,,,,
85526801,REQUEST_FAILED,,,,,
85527244,deadAbandoned,FERRERA,"Aug. 06, 2012",Sunny Merchandise Corp.,,sunnysunglasses@gmail.com
85527032,REQUEST_FAILED,,,,,
85527516,deadAbandoned,MUTT & JEFF'S PREMIUM PET PRODUCTS,"Nov. 06, 2012",Mutt & Jeff's Grooming LLC,,muttandjeffs@earthlink.net
85527586,deadAbandoned,PATIENT ENGAGEMENT PORTAL,"Nov. 10, 2012","Navigating Cancer, Inc.",,brendon@navigatingcancer.com
85527588,deadAbandoned,GLOBAL HEALTHCARE NOW,"Nov. 11, 2012","Medical Tourism Connection, LLC",,neil@medicaltourismconnection.com
85527548,deadAbandoned,MUTT & JEFF'S PREMIUM PET GROOMING PRODUCTS,"Nov. 06, 2012",Mutt & Jeff's Grooming LLC,,muttandjeffs@earthlink.net
85527645,deadAbandoned,AIR DUCT CLEAN,"Nov. 21, 2012",AIR DUCT CLEAN,,agiuschris@yahoo.com
85527523,REQUEST_FAILED,,,,,
85527627,REQUEST_FAILED,,,,,
85527694,REQUEST_FAILED,,,,,
85527817,deadAbandoned,PRODUCTGRAVEYARD.COM,"Nov. 09, 2012","Sharp, Kimberly j",,kndsharp@sbcglobal.net
85527787,REQUEST_FAILED,,,,,
85527924,deadAbandoned,THE ROCKET ESCAPE,"Nov. 13, 2012","Davidson, Raymond James",,ray007@comcen.com.au
85527882,REQUEST_FAILED,,,,,
85528041,REQUEST_FAILED,,,,,
85528108,REQUEST_FAILED,,,,,
85528133,REQUEST_FAILED,,,,,
85528131,REQUEST_FAILED,,,,,
85528406,REQUEST_FAILED,,,,,
85528420,REQUEST_FAILED,,,,,
85528709,deadAbandoned,DRYWICK,"Nov. 20, 2012","Pepper Medical, Inc.",,andrew@peppermedical.com
85528501,REQUEST_FAILED,,,,,
85528473,REQUEST_FAILED,,,,,
85528733,deadAbandoned,PRIMO,"Nov. 13, 2012",Bioplanet Corp.,,info@bioplanetcorp.com
85528781,deadAbandoned,X-RATEDOPOLY,"Nov. 09, 2012","Swirley Games, LLC",,mmeyers333@gmail.com
85528870,REQUEST_FAILED,,,,,
85529007,REQUEST_FAILED,,,,,
85529033,REQUEST_FAILED,,,,,
85529226,deadAbandoned,MY DIVORCE,"Nov. 13, 2012","Maiorino, Carl",,redzonegirls@gmail.com
85529228,REQUEST_FAILED,,,,,
85529478,deadAbandoned,MY CE PROVIDER,"Nov. 11, 2012","My CE Provider, Inc.",,brandi@mycenational.com
85529444,REQUEST_FAILED,,,,,
85529628,deadAbandoned,"DOOR2DOOR, LLC","Nov. 19, 2012","Door2Door, LLC",,
85529563,deadAbandoned,COCKOLATE POPS,"Nov. 23, 2012",Cockolate Pops LLC,,cockolatepops@gmail.com
85529607,REQUEST_FAILED,,,,,
85529650,REQUEST_FAILED,,,,,
85529858,REQUEST_FAILED,,,,,
85530049,deadAbandoned,CORK WINE PUB,"Nov. 09, 2012","Crutchfield, Inc",,NancyCrutchfield@aol.com
85530060,deadAbandoned,YOGA SPORTS SCIENCE,"Nov. 19, 2012",Yoga Sports Science Limited,,peter@yogasportscience.com
85530082,REQUEST_FAILED,,,,,
85530195,REQUEST_FAILED,,,,,
85530344,deadAbandoned,LUXE TRAVEL,"Nov. 16, 2012","Luxe Travel Deals, LLC",,jacque@luxetravel.com
85530402,deadAbandoned,WAXTROLOGY,"Nov. 12, 2012","McNally, Chelsea",,waxtrology@gmail.com
85530317,REQUEST_FAILED,,,,,
85530437,deadAbandoned,STETHOSCRUB,"Nov. 15, 2012","Kaplan, Brian K.",,cyberERdoc@aol.com
85530458,deadAbandoned,PARTY GAME NIGHT,"Sep. 24, 2012",Imagination Holdings Pty Ltd,,hostmaster@imagination.com.au
85530424,REQUEST_FAILED,,,,,
85530481,REQUEST_FAILED,,,,,
85530525,REQUEST_FAILED,,,,,
85530778,REQUEST_FAILED,,,,,
85531028,deadAbandoned,MOISSANITE FOREVER,"Nov. 22, 2012",Moissanite Jewel,,jacques@moissanite-jewel.com
85530840,REQUEST_FAILED,,,,,
85531172,deadAbandoned,None,"Nov. 15, 2012",Christopher Maloney Cimino,,ccimino2@gmail.com
85530861,REQUEST_FAILED,,,,,
85531244,deadAbandoned,STRATUS,"Nov. 19, 2012","Agile Risk Management, LLC",,mjdecker@f-response.com
85531441,deadAbandoned,QUICKSTRIKE,"Nov. 19, 2012","Agile Risk Management, LLC",,mjdecker@f-response.com
85531323,REQUEST_FAILED,,,,,
85531300,REQUEST_FAILED,,,,,
85531499,deadAbandoned,ED PETTERSEN,"Nov. 13, 2012","Pettersen, Edwin",,ed.pettersen@yahoo.com
85531554,REQUEST_FAILED,,,,,
85531518,REQUEST_FAILED,,,,,
85531653,deadAbandoned,(0),"Nov. 22, 2012","Goldstein, Ramana G",,ram.g.gold@gmail.com
85531657,deadAbandoned,KAHUNA CASH,"Oct. 08, 2012",Ainsworth Game Technology Limited,,matthew.loon@ainsworth.com.au
85531663,deadAbandoned,ROUTE U.S. 66 OUTFITTERS,"Nov. 22, 2012",Firecolors Ltd.,,louis.wu@firecolors.net
85531656,deadAbandoned,XYNERGY SCIENCE,"Nov. 05, 2012","Roth, John H.",,greg@reyneke.org
85531645,REQUEST_FAILED,,,,,
85531731,deadAbandoned,DATA LADDER,"Nov. 16, 2012",Pricing Excellence LLC,,SEmmitt@DataLadder.com
85531694,deadAbandoned,WHITE TEETH GLOBAL,"Nov. 15, 2012",MPM International Enterprises,,info@whiteteethglobal.com
85531677,REQUEST_FAILED,,,,,
85531706,REQUEST_FAILED,,,,,
85531904,REQUEST_FAILED,,,,,
85531940,REQUEST_FAILED,,,,,
85532000,REQUEST_FAILED,,,,,
85532402,deadAbandoned,SEÑOR TAMAL,"Nov. 14, 2012",MIO FOODS INC.,,
85532417,deadAbandoned,DUNEDIN ANIMAL HOSPITAL,"Nov. 23, 2012","1546 Main, LLC",,H.DR@VERIZON.NET
85532188,REQUEST_FAILED,,,,,
85532253,REQUEST_FAILED,,,,,
85532617,REQUEST_FAILED,,,,,
85532684,REQUEST_FAILED,,,,,
85532706,REQUEST_FAILED,,,,,
85532737,REQUEST_FAILED,,,,,
85532744,REQUEST_FAILED,,,,,
85532843,deadAbandoned,SMILES BY SPECIALISTS,"Nov. 19, 2012",Jonathan Alexander-Abt,,jaa@stevenageorthodontics.com
85532923,REQUEST_FAILED,,,,,
85532956,REQUEST_FAILED,,,,,
85533152,deadAbandoned,CHROMATONE,"Nov. 26, 2012","Cerny, Philipp",,philipp_cerny24@hotmail.com
85533380,deadAbandoned,KAMOKA,"Nov. 16, 2012","Personne, Camille",,
85533052,REQUEST_FAILED,,,,,
85533731,deadAbandoned,WEEKLY PAIN,"Nov. 16, 2012",Optionpain LLC,,support@optionpain.com
85533685,REQUEST_FAILED,,,,,
85533699,REQUEST_FAILED,,,,,
85533706,REQUEST_FAILED,,,,,
85533791,deadAbandoned,OPTION BARRIER,"Nov. 20, 2012",Optionpain LLC,,support@optionpain.com
85533823,REQUEST_FAILED,,,,,
85533843,REQUEST_FAILED,,,,,
85533995,deadAbandoned,BEST BCAA,"Nov. 11, 2012","Kneller, Bruce W.",,bwkneller@gmail.com
85533923,REQUEST_FAILED,,,,,
85534013,deadAbandoned,FISHFLOPZ,"Nov. 17, 2012",Alan Whittaker,,alan@fishflopz.com
85534015,deadAbandoned,MARSHMAN KING,"Nov. 26, 2012",Marshman King,,lee.thomas@marshmanking.com
85533999,deadAbandoned,CLENBUTAMIDE,"Nov. 16, 2012","KNELLER, BRUCE W.",,BWKNELLER@GMAIL.COM
85533991,REQUEST_FAILED,,,,,
85534098,deadAbandoned,JAN WINS,"Oct. 16, 2012","Winstead, Jannis B.",,winjabee@aol.com
85534204,deadAbandoned,MMMUNCHERS,"Nov. 23, 2012","Dogmatic Products, Inc.",,rmoulton@dogmaticproducts.com
85534155,REQUEST_FAILED,,,,,
85534164,REQUEST_FAILED,,,,,
85534250,deadAbandoned,KLEAN SCREEN,"Nov. 23, 2012","EVRIHOLDER PRODUCTS, LLC",,garysevri@gmail.com
85534353,deadAbandoned,LA,"Nov. 18, 2012",AMERICAN TONGGAI INTERNATIONAL GROUP LIMITED,,efg.chkip@gmail.com
85534309,REQUEST_FAILED,,,,,
85534414,REQUEST_FAILED,,,,,
85534553,REQUEST_FAILED,,,,,
85534831,deadAbandoned,INTELLICAPS,"Nov. 13, 2012","Global Quality Health, Inc.",,jeremy@globalqualityhealth.com
85534833,deadAbandoned,BIOREMEDI,"Nov. 27, 2012",BioRemedi LLC,,pschmidt@synergy3corp.com
85534692,REQUEST_FAILED,,,,,
85534872,deadAbandoned,CORE FORMULA TECHNOLOGY,"Nov. 15, 2012","Global Quality Health, Inc.",,jeremy@globalqualityhealth.com
85534907,deadAbandoned,VITASSENTIALS,"Nov. 15, 2012","Global Quality Health, Inc.",,jeremy@globalqualityhealth.com
85534910,deadAbandoned,LITE ARMOR,"Nov. 08, 2012","KOOL BRANDS, LLC.",,koolbrandsllc@gmail.com
85534908,REQUEST_FAILED,,,,,
85534968,REQUEST_FAILED,,,,,
85535306,REQUEST_FAILED,,,,,
85535674,deadAbandoned,FREESURF,"Dec. 04, 2012",Best Intentions Investments Limited,,cindy_cheng@siscosports.com.tw
85535586,deadAbandoned,DJ PANTERA,"Nov. 19, 2012","Mora, Migui",,charles.tineo@gmail.com
85535887,deadAbandoned,SS,"Jul. 12, 2012","Fearless Inventory, Inc.",,amiramir@gmail.com
85535695,REQUEST_FAILED,,,,,
85536005,deadAbandoned,ROCKET,"Nov. 27, 2012","PAULO, MARK SAMUEL",,LTSYSTEMS@YAHOO.COM
85535895,REQUEST_FAILED,,,,,
85535906,REQUEST_FAILED,,,,,
85536094,REQUEST_FAILED,,,,,
85536274,REQUEST_FAILED,,,,,
85536362,REQUEST_FAILED,,,,,
85536568,deadAbandoned,BAK UPZ,"Nov. 30, 2012",Orange Ahmed R,,ahmedorange@gmail.com
85536444,REQUEST_FAILED,,,,,
85536573,deadAbandoned,BAK UPZ,"Nov. 30, 2012",Orange Ahmed R,,ahmedorange@gmail.com
85536717,REQUEST_FAILED,,,,,
85536790,REQUEST_FAILED,,,,,
85536922,REQUEST_FAILED,,,,,
85536940,REQUEST_FAILED,,,,,
85537232,deadAbandoned,HEALTECH ELECTRONICS,"Nov. 30, 2012","Blue Monkey Motorsports, Inc.",,cybernicus@earthlink.net
85537418,REQUEST_FAILED,,,,,
85537466,REQUEST_FAILED,,,,,
85537439,REQUEST_FAILED,,,,,
85537544,REQUEST_FAILED,,,,,
85537556,REQUEST_FAILED,,,,,
85537587,REQUEST_FAILED,,,,,
85537694,deadAbandoned,TIE REVOLUTION,"Nov. 16, 2012","McWilliams, Donna L.",,donna@vavabling.com
85537639,REQUEST_FAILED,,,,,
85537645,REQUEST_FAILED,,,,,
85537762,deadAbandoned,CYANIDE CODE SERVICES,"Nov. 30, 2012","Cyanide Code Services, Inc.",,niemann@cyanidecodeservices.com
85537696,deadAbandoned,SD-GOLD,"Dec. 03, 2012","SHANDONG GOLD GROUP CO., LTD.",,tmefiling@gmail.com
85537781,deadAbandoned,EZ FIRE,"Nov. 26, 2012","Lombard III, Louis",,micclub@hotmail.com
85537687,REQUEST_FAILED,,,,,
85537791,deadAbandoned,BATTERY-ON-BOARD,"Dec. 02, 2012","Rajeswaran, Lakshman",,
85537803,deadAbandoned,IPOWERCASE,"Nov. 29, 2012","BESTWAY (HONG KONG) ELECTRONICS CO.,LIMITED",,usasndre@gmail.com
85537776,deadAbandoned,EZ LITE,"Nov. 26, 2012","Lombard III, Louis",,miclub@hotmail.com
85537810,deadAbandoned,ACT,"Nov. 22, 2012","Applied Cleantech, Inc.",,refael@actsrs.com
85537924,deadAbandoned,REGGAETON-TASTE THE MUSIC,"Nov. 30, 2012","Bryant, Rayshawn A",,thecelebrityauction@yahoo.com
85537786,REQUEST_FAILED,,,,,
85537794,REQUEST_FAILED,,,,,
85538329,deadAbandoned,SWEET LAXER,"Nov. 30, 2012",PreppyHead,,info@sweetlaxer.com
85538092,REQUEST_FAILED,,,,,
85538201,REQUEST_FAILED,,,,,
85538227,REQUEST_FAILED,,,,,
85538504,deadAbandoned,TIMETEC,"Nov. 24, 2012",Wang C,,simonw54@yahoo.com
85538588,deadAbandoned,IMPRINTS,"Nov. 22, 2012",IMPRINTS BRANDING SOLUTIONS,,leok@franvest.com
85538416,REQUEST_FAILED,,,,,
85538543,REQUEST_FAILED,,,,,
85538894,REQUEST_FAILED,,,,,
85538976,deadAbandoned,CHINATIREX,"Nov. 26, 2012",BOB JANE GLOBAL TYRE CORPORATION ( HONG KONG) LIMITED,,bobjane@bobjaneglobal.com
85539003,deadAbandoned,EZEFLEET,"Nov. 30, 2012",Winton Jared,,jared@easytouse.com.au
85539011,REQUEST_FAILED,,,,,
85539133,REQUEST_FAILED,,,,,
85539151,REQUEST_FAILED,,,,,
85539180,REQUEST_FAILED,,,,,
85539290,REQUEST_FAILED,,,,,
85539311,REQUEST_FAILED,,,,,
85539404,REQUEST_FAILED,,,,,
85539813,deadAbandoned,YAMY YOGURT,"Nov. 14, 2012",MIO FOODS INC.,,
85539725,REQUEST_FAILED,,,,,
85540140,deadAbandoned,DO GOOD STRATEGIES,"Nov. 26, 2012","Murshed, Deanna",,dmurshed@yahoo.com
85539983,REQUEST_FAILED,,,,,
85540181,deadAbandoned,BEAM LITE,"Nov. 23, 2012","Chawla, Anuj",,anuuj23@gmail.com
85540189,deadAbandoned,LIN-CREDIBLE,"Nov. 22, 2012",Alan Hock,,nym3@aol.com
85540194,deadAbandoned,SKYPABILITIES,"Nov. 27, 2012","Mendez Pichardo, Ramon Emilio",,montkarl@yahoo.com
85540179,REQUEST_FAILED,,,,,
85540187,REQUEST_FAILED,,,,,
85540203,deadAbandoned,RAGE QUIT,"Nov. 24, 2012",Upscale Wireless LLC,,contact@ragequitgear.com
85540263,REQUEST_FAILED,,,,,
85540322,REQUEST_FAILED,,,,,
85540383,deadAbandoned,DEER CROSSING ARCHERY,"Nov. 30, 2012",Gale A. Dotterer,,deercrossingarchery@gmail.com
85540358,deadAbandoned,DEAR ME,"Nov. 30, 2012",Dear Me Limited,,mark@dearme.org
85540410,deadAbandoned,DETHRONE BASECAMP,"Oct. 08, 2012",Dethrone Royalty Inc,,rachel@dethrone.com
85540369,REQUEST_FAILED,,,,,
85540384,REQUEST_FAILED,,,,,
85540421,REQUEST_FAILED,,,,,
85540480,REQUEST_FAILED,,,,,
85540482,REQUEST_FAILED,,,,,
85540510,REQUEST_FAILED,,,,,
85540688,deadAbandoned,OZZY WATER,"Nov. 27, 2012",Barnes Wray Limited,,versevelduk@aol.com
85540543,REQUEST_FAILED,,,,,
85540776,deadAbandoned,SABBATH WATER,"Nov. 27, 2012",Barnes Wray Limited,,nicki@elementemarketing.co.uk
85540780,deadAbandoned,SHOPMYTUBE,"Dec. 03, 2012",ALOT Media L.L.C,,tsykanov@yahoo.com
85540769,REQUEST_FAILED,,,,,
85540995,deadAbandoned,OZZY DRINKS,"Nov. 27, 2012",Barnes Wray Limited,,nicki@elementemarketing.co.uk
85540863,REQUEST_FAILED,,,,,
85541041,deadAbandoned,SABBATH DRINKS,"Nov. 27, 2012",Barnes Wray Limited,,versevelduk@aol.com
85541030,deadAbandoned,USA STAY,"Dec. 03, 2012",Rental Payment Application Inc.,,Julashka91@hotmail.com
85541111,deadAbandoned,PRESCHOOL OF THE ARTS,"Nov. 26, 2012",Rotenstreich Naftali,,ksolid1@gmail.com
85541294,deadAbandoned,None,"Dec. 01, 2012",TEQUILA RUBIO SA DE CV,,mygabogados@infosel.net.mx
85541105,deadAbandoned,BODYSHIELD,"Nov. 26, 2012","Learc Properties, Inc.",,ken.moorhead@gmail.com
85541176,deadAbandoned,AZTEC FORTUNE QUEST,"Jun. 22, 2012",Synergy Information Solutions,,gwashington@synergyis.us
85541356,deadAbandoned,TEE FOR TWO,"Nov. 27, 2012",TOMI OTEE LLC,,tom@tomiotee.com
85541129,REQUEST_FAILED,,,,,
85541226,REQUEST_FAILED,,,,,
85541492,deadAbandoned,FCBH RADIO,"Nov. 29, 2012","Faith Cometh By Hearing, Inc.",,email@teachingfaith.com
85541403,REQUEST_FAILED,,,,,
85541490,REQUEST_FAILED,,,,,
85541609,deadAbandoned,TIERRA BLANCA MAFIA WARS,"Nov. 26, 2012",Mary & Patricia Zapata,,patriciann7777@gmail.com
85541688,deadAbandoned,LIFE ALKAWATER,"Oct. 10, 2012","Cabados, Rick",,
85541652,REQUEST_FAILED,,,,,
85541722,deadAbandoned,PODIUM PRO,"Nov. 27, 2012","Evangelista, Sean",,businesstime7@gmail.com
85541737,deadAbandoned,HORSES AND HEROES,"Oct. 27, 2012","Heavenly Hoofs, Inc.",,
85541726,REQUEST_FAILED,,,,,
85541946,deadAbandoned,HEPATOSYL,"Dec. 03, 2012","Smith, Sarah J",,accounts@christian-co.co.uk
85542006,REQUEST_FAILED,,,,,
85542099,REQUEST_FAILED,,,,,
85542119,REQUEST_FAILED,,,,,
85542453,REQUEST_FAILED,,,,,
85542625,deadAbandoned,MOBIDIRECTORY,"Nov. 27, 2012","ICI Enterprises, LLC",,
85542671,deadAbandoned,NUTROLOGY UNIVERSITY U,"Dec. 01, 2012",Tripleimpact Nutrition,,tripleimpactnutrition@gmail.com
85542686,REQUEST_FAILED,,,,,
85542691,REQUEST_FAILED,,,,,
85542890,deadAbandoned,I'M A LINNER,"Mar. 16, 2012","DSHAF HOLDINGS, LLC",,accounting@usaginc.com
85542892,deadAbandoned,WE LIN,"Mar. 16, 2012","DSHAF HOLDINGS, LLC",,accounting@usaginc.com
85542888,deadAbandoned,LINNING IS THE ONLY THING,"Mar. 16, 2012","DSHAF HOLDINGS, LLC",,accounting@usaginc.com
85542881,deadAbandoned,BE A LINNER,"Mar. 16, 2012","DSHAF HOLDINGS, LLC",,ACCOUNTING@USAGINC.COM
85542934,deadAbandoned,REVOLUTIONFIT,"Dec. 04, 2012","Rogers, Emily",,eisett84@gmail.com
85542942,deadAbandoned,OPEN ASSEMBLY,"Dec. 06, 2012","Enders, Domitilla",,1@gmail.com
85542932,deadAbandoned,BABANGA,"Dec. 04, 2012",D'Anna Imports LLC,,
85542927,REQUEST_FAILED,,,,,
85543019,REQUEST_FAILED,,,,,
85543033,REQUEST_FAILED,,,,,
85543319,deadAbandoned,MBR,"Dec. 04, 2012","Leal, Melissa",,
85543296,REQUEST_FAILED,,,,,
85543532,deadAbandoned,SCAN SHOW SELL . COM,"Nov. 09, 2012","Query Response, Inc.",,dee@scanshowsell.com
85543651,deadAbandoned,ROSHAMBO WORLD,"Nov. 27, 2012","Saddle, LLC",,nick.barbato@saddlellc.com
85543523,REQUEST_FAILED,,,,,
85543725,deadAbandoned,REMOTEKVM,"Nov. 30, 2012",Rsupport Inc.,,mchoy@rsupport.com
85543645,REQUEST_FAILED,,,,,
85543867,REQUEST_FAILED,,,,,
85543873,REQUEST_FAILED,,,,,
85543883,REQUEST_FAILED,,,,,
85543984,REQUEST_FAILED,,,,,
85544071,REQUEST_FAILED,,,,,
85544328,deadAbandoned,356 ELEANOR STREET SE SCAN FOR MOBILE FRIENDLY WEBSITE WWW. SCANSHOWSELL.COM,"May 06, 2012","Query Response, Inc.",,steve@scanshowsell.com
85544132,REQUEST_FAILED,,,,,
85544167,REQUEST_FAILED,,,,,
85544364,deadAbandoned,BE MOBILE OR BE IRRELEVANT.,"Nov. 09, 2012","Query Response, Inc.",,steve@scanshowsell.com
85544400,deadAbandoned,GIFTCHARITY,"Dec. 04, 2012","Crescendo Interactive, Inc.",,chrisj@cresmail.com
85544333,REQUEST_FAILED,,,,,
85544484,deadAbandoned,CRAMBLOCK,"Dec. 06, 2012",Cramblock L.C.,,patrick@cramblock.com
85544474,REQUEST_FAILED,,,,,
85544646,deadAbandoned,ICE NINE PUREWEAR,"Dec. 06, 2012",heilani zack,,ALEPPOICE@HOTMAIL.COM
85544650,deadAbandoned,OZZY TEA,"Nov. 27, 2012",Barnes Wray Limited,,nicki@elementemarketing.co.uk
85544748,deadAbandoned,THE PRINCE OF STILL,"Nov. 27, 2012",Barnes Wray Limited,,versevelduk@aol.com
85544575,REQUEST_FAILED,,,,,
85544681,REQUEST_FAILED,,,,,
85544828,REQUEST_FAILED,,,,,
85544971,REQUEST_FAILED,,,,,
85545098,REQUEST_FAILED,,,,,
85545246,REQUEST_FAILED,,,,,
85545276,REQUEST_FAILED,,,,,
85545344,REQUEST_FAILED,,,,,
85545368,REQUEST_FAILED,,,,,
85545659,deadAbandoned,KIAFIED,"Dec. 07, 2012",David Melton,,dm@kiachattanooga.com
85545593,REQUEST_FAILED,,,,,
85545700,deadAbandoned,WPTOX,"Nov. 22, 2012",Psyche Systems Corporation,,lj@psychesystems.com
85545929,deadAbandoned,BALANCE WATER,"Dec. 03, 2012","Cabados, Rick H",,
85545807,REQUEST_FAILED,,,,,
85545926,deadAbandoned,UNLOCK THE MYSTERY,"Sep. 07, 2012","Autism Key, LLC",,info@autismkey.com
85546253,deadAbandoned,ENHALE,"Dec. 10, 2012","Lombard, Louis",,micclub@hotmail.com
85545981,REQUEST_FAILED,,,,,
85546074,REQUEST_FAILED,,,,,
85546339,deadAbandoned,EAST CAPE LOS CABOS,"Dec. 02, 2012","DIAZ-DE-LEON, FRANCISCO",,mygabogados@infosel.net.mx
85546229,REQUEST_FAILED,,,,,
85546472,deadAbandoned,SAVOR+,"Dec. 03, 2012","HARVEST 2000 INTERNATIONAL, INC.",,
85546605,deadAbandoned,HOMEBOX,"Dec. 03, 2012",TRADE VENTURE LIMITED,,VIKAS@TVLHK.COM
85546501,REQUEST_FAILED,,,,,
85546562,REQUEST_FAILED,,,,,
85546655,deadAbandoned,INTERNATIONAL CAREER INSTITUTE,"Dec. 08, 2012",Iconic Systems L.L.C.,,mail@remarqueble.com
85546639,REQUEST_FAILED,,,,,
85546767,deadAbandoned,TREADSTONE 71,"Dec. 10, 2012",Treadstone 71 LLC,,jbardin@treadstone71.com
85546770,REQUEST_FAILED,,,,,
85546769,REQUEST_FAILED,,,,,
85546887,deadAbandoned,LINSANITY,"Dec. 03, 2012",Empioneer Corp,,creasy@goldenshadeusa.com
85546848,REQUEST_FAILED,,,,,
85546908,deadAbandoned,SIGNAL,"Dec. 07, 2012","Conwell IV, Thomas Patrick",,info@enteur.com
85546892,REQUEST_FAILED,,,,,
85546897,REQUEST_FAILED,,,,,
85546994,deadAbandoned,EASICOAT,"Dec. 11, 2012","GUANGDONG YATU CHEMICAL CO., LTD",,info.info168@gmail.com
85546948,REQUEST_FAILED,,,,,
85546949,REQUEST_FAILED,,,,,
85547096,REQUEST_FAILED,,,,,
85547235,REQUEST_FAILED,,,,,
85547367,REQUEST_FAILED,,,,,
85547495,REQUEST_FAILED,,,,,
85547564,REQUEST_FAILED,,,,,
85547587,REQUEST_FAILED,,,,,
85547706,REQUEST_FAILED,,,,,
85547886,deadAbandoned,GG G R I T G E A R,"Dec. 10, 2012","Triple Element, Limited",,darbyransom@yahoo.com
85547797,REQUEST_FAILED,,,,,
85547953,REQUEST_FAILED,,,,,
85548234,deadAbandoned,RESTO COUPONS,"Dec. 07, 2012",Jason Dolce,,tony@restocoupons.com
85548595,deadAbandoned,NEW YORK PASTA AUTHORITY,"Dec. 06, 2012",pasta authority inc ( a ny corp ),,
85548622,deadAbandoned,OFF THE BEATEN PATH SUPERVISED VACATIONS INC,"Dec. 01, 2012",Off The Beaten Path Inc.,,girl10500@yahoo.com
85548720,deadAbandoned,GAGA FOR GLUTEN-FREE,"Dec. 06, 2012",The Shortbread Bakery Ltd.,,gagaforglutenfree@gmail.com
85548527,REQUEST_FAILED,,,,,
85548675,REQUEST_FAILED,,,,,
85549041,REQUEST_FAILED,,,,,
85549199,deadAbandoned,NETWORKING,"Dec. 28, 2012",Networking Tease LLC,,jenfisher06@gmail.com
85549400,deadAbandoned,SOCIALCARE,"Oct. 26, 2012","Hewitt, Carl",,carlhewitt@alum.mit.edu
85549692,deadAbandoned,DEFINITELY DIFFERENT BUT ALL THE SAME,"Dec. 12, 2012","Garnett Holdings, LLC",,lauren@lvpsolutions.com
85549665,REQUEST_FAILED,,,,,
85549684,deadAbandoned,BAD ASS BOOKS,"Dec. 10, 2012","Lean Training and Consulting, INC",,tom@leantac.com
85549965,deadAbandoned,ALAM'S EXECUTIVE SEDAN,"Oct. 27, 2012","Alam, Khurshed",,alamsexecutivesedan@gmail.com
85549782,REQUEST_FAILED,,,,,
85550072,deadAbandoned,PATAGONIA UNIVERSITY,"Nov. 27, 2012","Patagonia, Inc.",,
85550116,deadAbandoned,SAXX MOBILE,"Dec. 03, 2012",Negri Electronics Inc.,,ryan@negrielectronics.com
85550445,deadAbandoned,LUSHHAIR,"Sep. 25, 2012",LUSHHAIR LLC,,ROYLEONGCK@GMAIL.COM
85550324,REQUEST_FAILED,,,,,
85550341,deadAbandoned,WIFAST,"Dec. 11, 2012","WiFast, Inc.",,jack@wifast.com
85550788,deadAbandoned,CLO INSIGHT,"Dec. 12, 2012","Clarity Solutions Group, LLC",,keigo.yamaguchi@claritysolutionsgroup.com
85550810,REQUEST_FAILED,,,,,
85550848,REQUEST_FAILED,,,,,
85551348,deadAbandoned,CONNECTION CLOUD,"Dec. 07, 2012","Elastic Intelligence, Inc.",,murray.dunn@elasticintelligence.com
85551009,REQUEST_FAILED,,,,,
85551190,REQUEST_FAILED,,,,,
85551461,deadAbandoned,SEVENTWENTYEIGHT OUTDOOR,"Dec. 10, 2012",Nicholas A Kintzley,,nkintzley@hotmail.com
85551480,deadAbandoned,APPLYFORCE,"Dec. 07, 2012",Match Link Partners LLC,,mmorrison12@hotmail.com
85551419,REQUEST_FAILED,,,,,
85551485,deadAbandoned,APPLYFORCE.COM,"Dec. 07, 2012",Match Link Partners LLC,,mmorrison12@hotmail.com
85551459,REQUEST_FAILED,,,,,
85551567,deadAbandoned,DON'T BELIEVE THE HEIGHT,"Dec. 10, 2012","Phillips, Milyna M",,milynap@gmail.com
85551530,deadAbandoned,APPLYFORCE,"Dec. 07, 2012",Match Link Partners LLC,,mmorrison12@hotmail.com
85551510,REQUEST_FAILED,,,,,
85551592,deadAbandoned,EASYWALKER,"Dec. 11, 2012",Bastiaan Bolt,,
85551533,REQUEST_FAILED,,,,,
85551568,REQUEST_FAILED,,,,,
85551809,deadAbandoned,I-PAINT,"Dec. 14, 2012",i-Paint S.r.l.,,ipaint.store@gmail.com
85551637,REQUEST_FAILED,,,,,
85551920,deadAbandoned,"CHILD1ST PUBLICATIONS, LLC","Dec. 09, 2012",Child1st Publications LLC,,
85551995,REQUEST_FAILED,,,,,
85552044,REQUEST_FAILED,,,,,
85552324,deadAbandoned,DELICIOSSO,"Dec. 05, 2012","RUBIO-DUENAS, LOURDES",,mygabogados@infosel.net.mx
85552224,REQUEST_FAILED,,,,,
85552441,deadAbandoned,SMART SOLAR,"Dec. 11, 2012",Smart Solar International Inc.,,sagawa@smart-solar-inc.com
85552475,REQUEST_FAILED,,,,,
85552595,REQUEST_FAILED,,,,,
85552724,deadAbandoned,MAN ON FIRE,"Dec. 06, 2012",Dan Pelic,,danpelic@hotmail.com
85552756,deadAbandoned,THE ORIGINAL OAK ROASTED CHICKEN CLUCKERS,"Dec. 07, 2012","Mitchell, Brit",,
85552637,REQUEST_FAILED,,,,,
85552681,REQUEST_FAILED,,,,,
85552794,deadAbandoned,X-RAY PROFUMO,"Dec. 07, 2012","RB3 Consultants, LLC",,rburns@rb3consultants.co
85552752,REQUEST_FAILED,,,,,
85552828,REQUEST_FAILED,,,,,
85552907,deadAbandoned,LIN17,"Dec. 10, 2012","HOLM, GORDON",,gordonholm@aol.com
85552884,REQUEST_FAILED,,,,,
85552966,deadAbandoned,ITAB GOBLUE,"Dec. 25, 2012","Heystek, Anna Stavroula",,anna.heystek@gmail.com
85552963,deadAbandoned,BORN TO BE BRAVE,"Dec. 12, 2012",barron stephen andrew,,STEVEBARRON@GMAIL.COM
85552978,deadAbandoned,SMART BUSINESS SYSTEM,"Dec. 13, 2012",Rob Cain,,Robertccain@msn.com
85552956,REQUEST_FAILED,,,,,
85553041,deadAbandoned,ALERTIA,"Dec. 06, 2012","Altura networks, S.L.",,lazarovicedo@gmail.com
85553052,deadAbandoned,VOLCANIC BUZZ,"Dec. 07, 2012","Jaber, Ghaleb",,info@ghalebs.com
85553067,deadAbandoned,VICTORIA GODSON,"Dec. 07, 2012",Jessica Alvarado,,divineintervention@inbox.com
85553060,deadAbandoned,ANIKA GODSON,"Dec. 10, 2012",Anika Monique Rodriquez,,divineintervention@inbox.com
85553283,deadAbandoned,KNEE GLIDER,"Dec. 17, 2012","Jernigan IV, Harry W.",,jay@medicalforyou.com
85553258,deadAbandoned,MEALS FOR BABIES,"Nov. 27, 2012","BLACKHIVE CORP, INC.",,
85553377,REQUEST_FAILED,,,,,
85553474,deadAbandoned,WHITETAIL OBSESSION,"Dec. 13, 2012",Whitetail Obsession,,
85553386,REQUEST_FAILED,,,,,
85553436,REQUEST_FAILED,,,,,
85553404,REQUEST_FAILED,,,,,
85553516,REQUEST_FAILED,,,,,
85553856,deadAbandoned,CIRRUS MEDICAL STAFFING,"Dec. 13, 2012","Cirrus Medical Staffing, Inc.",,mgoldberg@cirrusmedicalstaffing.com
85553662,REQUEST_FAILED,,,,,
85553843,REQUEST_FAILED,,,,,
85553917,REQUEST_FAILED,,,,,
85554002,deadAbandoned,LIN LAI FENG,"Dec. 10, 2012",Cao dao cheng,,jjrocks57@yahoo.com
85553915,REQUEST_FAILED,,,,,
85554208,deadAbandoned,HIGH LINE,"Nov. 16, 2012",Ainsworth Game Technology Limited,,matthew.loon@ainsworth.com.au
85554112,REQUEST_FAILED,,,,,
85554296,deadAbandoned,AUS & NEW,"Nov. 30, 2012",Hui Zhou Fook Woo Paper Company Limited,,admin@fookwoo.com
85554324,deadAbandoned,ZIAGRA,"Dec. 15, 2012",SVP INTERNATIONAL LTD,,sam8125@yahoo.com
85554239,REQUEST_FAILED,,,,,
85554509,deadAbandoned,SECCON,"Dec. 11, 2012",Security & Continuity Services,,
85554273,REQUEST_FAILED,,,,,
85554755,deadAbandoned,FUEL-GEN,"Dec. 05, 2012",Powertrain Electronics LLC,,
85554783,deadAbandoned,CONCEPT DIVISION,"Dec. 09, 2012","Ellison, Jamale R.",,jamale.ellison@hotmail.com
85554966,deadAbandoned,GLOBAL TRADING DISBATCH,"Dec. 12, 2012",Conifer Group LLC,,madhedgefundtrader@yahoo.com
85555192,deadAbandoned,BED BUG FORMULA,"Dec. 17, 2012",Remedies By Rose,,jarred@poolsurgeon.com
85554960,REQUEST_FAILED,,,,,
85555310,deadAbandoned,THE WORLD'S ULTIMATE SPOKESMODEL,"Dec. 13, 2012",Worku Ventures LLC,,aworku@workuventures.com
85555058,REQUEST_FAILED,,,,,
85555478,deadAbandoned,ARHAT YOGA,"Dec. 16, 2012",Charlotte Anderson,,fabuloussuccess@me.com
85555429,REQUEST_FAILED,,,,,
85555262,REQUEST_FAILED,,,,,
85555484,REQUEST_FAILED,,,,,
85555614,deadAbandoned,None,"Dec. 10, 2012","LunarG, Inc.",,alan@lunarg.com
85555735,deadAbandoned,FUSPORTDESIGNS,"Dec. 12, 2012",Fu sport designs llc,,yedisho@aol.com
85555753,deadAbandoned,HIGH PR NETWORK,"Dec. 11, 2012",MDK Equities LLC,,
85555746,REQUEST_FAILED,,,,,
85555751,REQUEST_FAILED,,,,,
85555879,REQUEST_FAILED,,,,,
85555929,REQUEST_FAILED,,,,,
85556213,deadAbandoned,SOCIAL MEDIA FOR DIRECT SELLING,"Dec. 13, 2012","SBDP, LLC",,jgilliam@momofactor.com
85556473,deadAbandoned,2VIEW SCREENS,"Dec. 16, 2012","Solis, Esteban",,solisfamilysb@gmail.com
85556640,REQUEST_FAILED,,,,,
85556576,REQUEST_FAILED,,,,,
85556925,deadAbandoned,CONNECTION CLOUD,"Dec. 07, 2012","Elastic Intelligence, Inc.",,murray.dunn@elasticintelligence.com
85556938,deadAbandoned,THE SQL-BASED REAL-TIME DATA CONNECTION SERVICE,"Dec. 11, 2012","Elastic Intelligence, Inc.",,murray.dunn@elasticintelligence.com
85556941,deadAbandoned,HYDRO TRACKER,"Oct. 25, 2012",FINIS Inc.,,mstephens@finisinc.com
85556798,REQUEST_FAILED,,,,,
85557045,deadAbandoned,LIN SHU HAO,"Dec. 12, 2012",Cao daocheng,,jjrocks57@yahoo.com
85556982,deadAbandoned,FOREMOST,"Dec. 12, 2012",Philippe Naouri,,philippenaouri@aol.com
85557026,deadAbandoned,SYNERGIA ENHANCED ALKALINE WATER,"Oct. 02, 2012","Cabados, Rick",,
85557001,REQUEST_FAILED,,,,,
85557046,REQUEST_FAILED,,,,,
85557399,deadAbandoned,NATHAN ASH,"Dec. 13, 2012",NDB HOLDINGS LLC,,
85557388,REQUEST_FAILED,,,,,
85557414,REQUEST_FAILED,,,,,
85558094,deadAbandoned,PRIMESTAR,"Sep. 22, 2012","EGRANDBUY, INC",,letsgo1688@yahoo.com
85558075,deadAbandoned,PAK-N-HEAT,"Dec. 13, 2012",Marvin Randolph,,marvin_randolph81@hotmail.com
85557986,REQUEST_FAILED,,,,,
85558036,REQUEST_FAILED,,,,,
85558240,deadAbandoned,NATITUDE!,"Mar. 12, 2012",aleco bravo,,
85558265,deadAbandoned,PURE CRISTAL UGNI BLANC,"Dec. 17, 2012",Catherine Tercinier,,caroline.fitzgerald@orange.fr
85558180,REQUEST_FAILED,,,,,
85558346,REQUEST_FAILED,,,,,
85558523,deadAbandoned,TRUESELF CLOTHING TSC TRUE REALITY EXISTS WITHIN YOURSELF,"Dec. 13, 2012",Jonathan Ash,,smoothflow25@yahoo.com
85559384,deadAbandoned,KICKASSACHUSETTS,"Dec. 14, 2012","Urban Japan, Inc",,support@urbanjapan.com
85559280,deadAbandoned,HD BRANDING,"Oct. 31, 2012",Laura DiGirolamo,,laura@eurekacreative.com
85558952,REQUEST_FAILED,,,,,
85559428,REQUEST_FAILED,,,,,
85559837,REQUEST_FAILED,,,,,
85560408,deadAbandoned,MICHAEL CHERRY M M C C,"Dec. 14, 2012",JMC Brands LLC,,Magicmalikye@gmail.com
85560361,deadAbandoned,MAXCOLD,"Dec. 07, 2012","Collado, Jose",,
85560467,REQUEST_FAILED,,,,,
85560718,REQUEST_FAILED,,,,,
85560801,deadAbandoned,FANFUNDING,"Dec. 12, 2012","NuTunes, LLC",,nutunes2012@gmail.com
85561019,deadAbandoned,ABSTRACT,"Dec. 14, 2012",Narbonne Philippe,,stonrose@loxinfo.co.th
85560986,REQUEST_FAILED,,,,,
85561060,REQUEST_FAILED,,,,,
85561393,deadAbandoned,VITALE WATER,"Oct. 10, 2012","Cabados, Rick",,
85561248,REQUEST_FAILED,,,,,
85561377,deadAbandoned,GOLDEN FLOW,"Dec. 24, 2012",upstate dairy farms inc,,
85561485,REQUEST_FAILED,,,,,
85561522,REQUEST_FAILED,,,,,
85561604,REQUEST_FAILED,,,,,
85561842,REQUEST_FAILED,,,,,
85561967,REQUEST_FAILED,,,,,
85562192,deadAbandoned,TOPVALUES,"Dec. 24, 2012","LeRoy, Curtis W.",,CWLeRoy@gmail.com
85562228,deadAbandoned,OPI,"Dec. 24, 2012",CSS Holdings Inc.,,Liad@LivePOS.com
85562224,deadAbandoned,NATURE WINDOW FILM,"Dec. 25, 2012",Erickson International LLC,,alex@aswf.us
85562256,REQUEST_FAILED,,,,,
85562476,deadAbandoned,BANKMOBILE,"Dec. 26, 2012",MATTHEW FRIEDMAN,,
85562349,deadAbandoned,EORAM,"Aug. 01, 2012","Wie, Yonu",,unioey@gmail.com
85562471,REQUEST_FAILED,,,,,
85562646,deadAbandoned,COCONUT COSPLAY,"Dec. 21, 2012",Coconut Cosplay LLC,,coconutcosplay@gmail.com
85562587,REQUEST_FAILED,,,,,
85562658,REQUEST_FAILED,,,,,
85563072,deadAbandoned,JUST SHAPE IT,"Nov. 20, 2012",Trendsformers,,david@trendsformers.com
85562925,REQUEST_FAILED,,,,,
85563143,REQUEST_FAILED,,,,,
85563559,deadAbandoned,YELLOW DRAGON,"Dec. 10, 2012",Ainsworth Game Technology Limited,,matthew.loon@ainsworth.com.au
85563564,deadAbandoned,BYAKKO,"Dec. 13, 2012",Ainsworth Game Technology Limited,,matthew.loon@ainsworth.com.au
85563558,deadAbandoned,BLUE DRAGON,"Dec. 10, 2012",Ainsworth Game Technology Limited,,matthew.loon@ainsworth.com.au
85563584,deadAbandoned,BETWEEN LOVE AND HATE,"Dec. 23, 2012","Libby, Richard Aaron",,rlibby404@yahoo.com
85563806,REQUEST_FAILED,,,,,
85564064,deadAbandoned,DETHRONE,"Oct. 08, 2012",Dethrone Royalty Inc,,dan@dethrone.com
85564094,deadAbandoned,LIVE PSYCHIC VISIONS .COM,"Dec. 29, 2012",Live Psychic Visions LLC,,
85564133,deadAbandoned,KING AND TAYLOR,"Sep. 04, 2012","Sarina II, LLC",,jcooper@domainedecanton.com
85564009,REQUEST_FAILED,,,,,
85564018,REQUEST_FAILED,,,,,
85564205,deadAbandoned,#TEAM G.P.A.,"Dec. 25, 2012","Livingston, Marc",,
85564206,deadAbandoned,10010010100011,"Dec. 25, 2012","J.C. Pole & Associates, Inc.",,apole@jcpa.com
85564510,deadAbandoned,BRAINY PALS,"Dec. 27, 2012","Morrison, Brandi",,brandi@mycenational.com
85564072,REQUEST_FAILED,,,,,
85564532,REQUEST_FAILED,,,,,
85564663,REQUEST_FAILED,,,,,
85564784,deadAbandoned,VISINI,"Dec. 17, 2012",Cambrige Overseas Development Inc.,,babby.chao@tofasco.com
85564781,REQUEST_FAILED,,,,,
85564993,REQUEST_FAILED,,,,,
85565654,deadAbandoned,CRAZY GIRLS CAFE,"Nov. 02, 2012",Norbert Aleman,,mrahilly112@aol.com
85565968,deadAbandoned,1NFA,"Dec. 19, 2012","Asuero, Jan Michael",,jmasuero@fabteknics.com
85566174,deadAbandoned,MIRAH,"Dec. 27, 2012",Anak Agung Ayu Ariani,,mirah.zriya@gmail.com
85566185,deadAbandoned,MIRAH ZRIYA,"Dec. 27, 2012",Anak Agung Ayu Ariani,,mirah.zriya@gmail.com
85565913,REQUEST_FAILED,,,,,
85565809,REQUEST_FAILED,,,,,
85566190,deadAbandoned,BATIK BY MIRAH,"Dec. 27, 2012",Anak Agung Ayu Ariani,,mirah.zriya@gmail.com
85566173,REQUEST_FAILED,,,,,
85566214,REQUEST_FAILED,,,,,
85566369,deadAbandoned,AF ELEGANCE,"Dec. 24, 2012",AF Elegance Company Limited,,kevin.cheung@fortunefashion.com.hk
85566384,deadAbandoned,ZRIYA,"Dec. 27, 2012",Anak Agung Ayu Ariani,,mirah.zriya@gmail.com
85566306,REQUEST_FAILED,,,,,
85566326,REQUEST_FAILED,,,,,
85566526,deadAbandoned,EQUIPMENT FOR WATERMEN,"Dec. 27, 2012",Genuine Products Group Inc.,,sycarlsbad@yahoo.com
85566473,REQUEST_FAILED,,,,,
85567065,deadAbandoned,LEOCHE,"Dec. 12, 2012","Spaulding, Kevin",,
85566799,REQUEST_FAILED,,,,,
85567045,REQUEST_FAILED,,,,,
85567100,REQUEST_FAILED,,,,,
85567430,deadAbandoned,GOLF COURSE OF THE STARS,"Dec. 26, 2012","Desert Star Holdings, Ltd.",,keane@desertstar.na
85567420,REQUEST_FAILED,,,,,
85567704,deadAbandoned,NOSE&HAND,"Dec. 25, 2012","Napabe, LLC",,Napabellc@gmail.com
85567447,REQUEST_FAILED,,,,,
85567633,REQUEST_FAILED,,,,,
85567727,deadAbandoned,MINOTAUR,"Dec. 27, 2012",Neural Technologies International Limited,,jenny.kettlewell@neuralt.com
85567649,REQUEST_FAILED,,,,,
85568384,REQUEST_FAILED,,,,,
85568735,deadAbandoned,COLLABORATIVE DATA SYSTEM,"Dec. 28, 2012",Global Practice Network,,mary@familyofficenetwork.com
85568698,deadAbandoned,TRES SKIN,"Dec. 27, 2012",Tres Holdings LLC,,tresholdingsllc@gmail.com
85568829,deadAbandoned,BIKERCAM,"Dec. 22, 2012",TACHYON INC,,zhanghonglu@inipa.com
85569030,deadAbandoned,ANONYMOUS MESSENGER,"Dec. 26, 2012",Sammia Design Pty Ltd,,sammia@sammiadesign.com
85569019,REQUEST_FAILED,,,,,
85569142,REQUEST_FAILED,,,,,
85569047,REQUEST_FAILED,,,,,
85569720,REQUEST_FAILED,,,,,
85569924,deadAbandoned,LABNOTES,"Dec. 24, 2012","Antonio, Erwin F.",,efantonio@gmail.com
85569887,REQUEST_FAILED,,,,,
85570187,REQUEST_FAILED,,,,,
85570296,deadAbandoned,SMART PHONE CARD,"Dec. 26, 2012",NAZMY WHOLESALE INC,,MOHAMEDSTI@YAHOO.COM
85570147,REQUEST_FAILED,,,,,
85570558,deadAbandoned,THE SHARP SOLUTION,"Nov. 07, 2012","Hanna, Heidi L",,heidi@synergyprograms.com
85570660,REQUEST_FAILED,,,,,
85570753,REQUEST_FAILED,,,,,
85570892,deadAbandoned,CHASIN' TAIL APPAREL,"Dec. 31, 2012",Ashley Elisabeth Crouch,,ashley@chasintailapparel.com
85570986,deadAbandoned,BLACK RIVER BAND,"Dec. 25, 2012","Paulsen, Robert",,
85570991,deadAbandoned,ANTLER FREAKS,"Dec. 20, 2012","Harrison, David",,
85571015,deadAbandoned,SMART WRISTBAND,"Dec. 24, 2012","Jones, Yusuf",,yj936@yahoo.com
85571011,REQUEST_FAILED,,,,,
85571077,deadAbandoned,SUPER SMARTBAND,"Dec. 24, 2012","Jones, Yusuf",,yj936@yahoo.com
85571004,REQUEST_FAILED,,,,,
85571012,REQUEST_FAILED,,,,,
85571157,deadAbandoned,NATURAL EARTH,"Dec. 27, 2012",\natural earth products inc ( a ny corp ).,,
85571191,deadAbandoned,SPOONIN',"Dec. 26, 2012","Prince, Michael",,Mwprince@sbcglobal.net
85571198,deadAbandoned,THE ORIGINAL OAK ROASTED CHICKEN HURLEY'S,"Dec. 07, 2012","Mitchell, Brit",,
85571122,REQUEST_FAILED,,,,,
85571172,REQUEST_FAILED,,,,,
85571414,REQUEST_FAILED,,,,,
85571563,REQUEST_FAILED,,,,,
85571907,deadAbandoned,ACCELFUSE,"Dec. 25, 2012","ASO Group, LLC",,admin@accelshield.com
85571790,REQUEST_FAILED,,,,,
85571728,REQUEST_FAILED,,,,,
85571865,deadAbandoned,ACCELSHIELD,"Dec. 25, 2012","ASO Group, LLC",,admin@accelspine.com
85571923,REQUEST_FAILED,,,,,
85572216,deadAbandoned,ACTIVE FOR LIFE,"Dec. 25, 2012","ASO Group, LLC",,apad@accelspine.com
85572329,deadAbandoned,D,"Dec. 26, 2012","Dreve, Diana C.",,dianadreve@yahoo.com
85572274,deadAbandoned,RN,"Dec. 24, 2012",Stacey Dawn Tatroe,,jstat2@comcast.net
85572086,REQUEST_FAILED,,,,,
85572407,deadAbandoned,INKFEST,"Dec. 24, 2012",Seamar Entertainment,,info@seamarent.com
85572336,REQUEST_FAILED,,,,,
85572361,REQUEST_FAILED,,,,,
85572412,REQUEST_FAILED,,,,,
85572491,REQUEST_FAILED,,,,,
85572563,deadAbandoned,317,"Oct. 02, 2012",IKE GOURDINE,,madflydesigns@yahoo.com
85572544,REQUEST_FAILED,,,,,
85572602,deadAbandoned,REWARDIQ,"Dec. 27, 2012",Neighbor Marketing Inc,,info@neighboroil.com
85572630,deadAbandoned,EPORTFOLIO,"Dec. 25, 2012","Dabbas, Firas A.",,firas@ePortfolio.com
85572609,deadAbandoned,SHAMIR DIPPING,"Nov. 16, 2012",one two three four inc,,
85572587,REQUEST_FAILED,,,,,
85572601,REQUEST_FAILED,,,,,
85572666,deadAbandoned,REMOVE THE BACKGROUND,"Dec. 25, 2012",Addmask ApS,,thomas@removethebackground.com
85572761,deadAbandoned,EXPRESSIONS MADE WITH SWAROVSKI ZIRCONIA,"Dec. 28, 2012",Intercontinental Jewellery Manufacturing Public Company Limited,,accounts@ijss.com.au
85572673,REQUEST_FAILED,,,,,
85572890,deadAbandoned,ACCELGRAFT,"Dec. 25, 2012","ASO Group, LLC",,admin@accelspine.com
85572711,REQUEST_FAILED,,,,,
85572766,deadAbandoned,NORTHERN LIGHTS,"Dec. 26, 2012",Intercontinental Jewellery Manufacturing Public Company Limited,,accounts@ijss.com.au
85572994,deadAbandoned,THE FLORAL POS,"Dec. 28, 2012","The Floral POS, LLC",,tbell@thefloralpos.com
85572999,deadAbandoned,SPIRIT LED MINISTRIES,"Dec. 30, 2012",Spirit Led Ministries,,jonarcovio@aol.com
85572977,REQUEST_FAILED,,,,,
85572992,REQUEST_FAILED,,,,,
85573142,REQUEST_FAILED,,,,,
85573151,REQUEST_FAILED,,,,,
85573187,REQUEST_FAILED,,,,,
85573739,deadAbandoned,ATLAS GONDOLA MOVING SYSTEM,"Dec. 26, 2012",Distribution de Produits Innovants SL,,m.conde@disprodin.com
85573678,REQUEST_FAILED,,,,,
85573797,REQUEST_FAILED,,,,,
85574846,deadAbandoned,BISCOTTEENIES,"Dec. 28, 2012",Mom's Best Gourmet Foods Canada Inc.,,betty@momsbest.ca
85574877,deadAbandoned,BISCOTTINIES,"Dec. 28, 2012",Mom's Best Gourmet Foods Canada Inc.,,betty@momsbest.ca
85574783,deadAbandoned,THE DIABETIC SHOPPE FITS YOU LIFE.,"Dec. 27, 2012",Robert Salmon,,ekline@diabetic-shoppe.com
85574643,REQUEST_FAILED,,,,,
85574964,REQUEST_FAILED,,,,,
85575200,deadAbandoned,STATE POLO INTERNATIONAL,"May 10, 2012","LEE, AMY Y.",,o0.amylee.0o@gmail.com
85574936,REQUEST_FAILED,,,,,
85575279,deadAbandoned,AGE MY FACE,"Dec. 31, 2012","PurplePenguin.com, Inc.",,john@purplepenguin.com
85574989,REQUEST_FAILED,,,,,
85575493,deadAbandoned,ADILI,"Dec. 28, 2012",Nova Genisis Ltda,,manuel@genisisltda.com
85575139,REQUEST_FAILED,,,,,
85575515,REQUEST_FAILED,,,,,
85575649,deadAbandoned,VOXTECH,"Dec. 31, 2012","Shenzhen Voxtech Co., LTD.",,vincent@voxtech.com
85575721,REQUEST_FAILED,,,,,
85575840,REQUEST_FAILED,,,,,
85576383,REQUEST_FAILED,,,,,
85576519,REQUEST_FAILED,,,,,
85576716,REQUEST_FAILED,,,,,
85577272,deadAbandoned,TIMSANITY,"Dec. 30, 2012","Lifenatural, Inc.",,marc@lifenatural.com
85577464,deadAbandoned,LIME-ARITA,"Dec. 20, 2012",THE WINE GROUP LLC,,JOHN.SUTTON@THEWINEGROUP.COM
85577008,REQUEST_FAILED,,,,,
85577625,deadAbandoned,ALL INCLUSIVE ADULTS ONLY,"Dec. 28, 2012","Houlihan, Sean",,seanhouli@gmail.com
85577036,REQUEST_FAILED,,,,,
85578057,deadAbandoned,MOBILE CONTAINER SALES,"Dec. 31, 2012",MI-BOX Holding Company,,bcborn@getmibox.com
85577633,REQUEST_FAILED,,,,,
85578253,REQUEST_FAILED,,,,,
85578644,deadAbandoned,CERTIFIED PRACTICE HIPAA PROFESSIONAL,"Dec. 20, 2012",AAPOL,,info@myaapol.com
85578713,deadAbandoned,SKIN TRADES,"Dec. 31, 2012","Neblett, Seth",,imageworxinc@aol.com
85578590,REQUEST_FAILED,,,,,
85578898,deadAbandoned,TAPOUT BEER,"Oct. 27, 2012","Lee, Alfred",,plee1204@gmail.com
85578694,REQUEST_FAILED,,,,,
85579117,deadAbandoned,CRUST CUTT'R,"Nov. 23, 2012","EVRIHOLDER PRODUCTS, LLC",,garysevri@gmail.com
85578777,REQUEST_FAILED,,,,,
85578839,REQUEST_FAILED,,,,,
85578949,REQUEST_FAILED,,,,,
85579134,deadAbandoned,FREEZ'R PACK,"Nov. 23, 2012","EVRIHOLDER PRODUCTS, LLC",,garysevri@gmail.com
85579122,REQUEST_FAILED,,,,,
85579228,REQUEST_FAILED,,,,,
85579276,REQUEST_FAILED,,,,,
85579275,REQUEST_FAILED,,,,,
85580073,deadAbandoned,THE FIRST GAY RAPPER,"Dec. 14, 2012","Wright, Ranier",,sissyrichstreetteam@gmail.com
85579338,REQUEST_FAILED,,,,,
85580472,deadAbandoned,IDML,"Nov. 26, 2012",ZTE CORPORATION,,tmefiling@gmail.com
85580523,deadAbandoned,SATYA PRECIOUS CHANDAN,"Aug. 03, 2012",NAGRAJ S. SETTY AND BALKRISHNA S. SETTY,,info@nagchampa.co.in
85580535,deadAbandoned,SATYA PRECIOUS GULAB,"Aug. 03, 2012",NAGRAJ S. SETTY AND BALKRISHNA S. SETTY,,info@nagchampa.co.in
85579656,REQUEST_FAILED,,,,,
85580663,deadAbandoned,CONDOR,"Dec. 31, 2012",ECUABEVERAGE CORP.,,
85581732,deadAbandoned,INTERNATIONAL CAREER INSTITUTE · EXSISTO PROSPERITAS · INTERNATIONAL CAREER INSTITUTE,"Dec. 08, 2012",Iconic Systems L.L.C.,,mail@remarqueble.com
85580782,deadAbandoned,CONDOR ECUADOR,"Dec. 31, 2012",ECUABEVERAGE CORP.,,
85582958,deadAbandoned,EPORTFOLIO ADVISORS,"Dec. 25, 2012","Dabbas, Firas A.",,firas@ePortfolio.com
85582955,REQUEST_FAILED,,,,,
85583963,REQUEST_FAILED,,,,,
85586479,deadAbandoned,DIABETIC SHOPPE,"Dec. 27, 2012",Robert Salmon,,ekline@hmesalespro.com
85586664,deadAbandoned,REPUMATIC.COM FREE AUTOMATED ORM,"Oct. 15, 2012",Reputation Hawk LLC,,nagaraja_bs@iplexglobal.in
85586024,REQUEST_FAILED,,,,,
85589474,deadAbandoned,OLYMPIC GOLD BRANDS,"Aug. 08, 2012","Paxos, Bill",,
85589636,deadAbandoned,TENDERELL,"Nov. 05, 2012",Paplasco LLC,,kirsh@exmaindustries.com
85589651,deadAbandoned,LIFE IS YOUR RUNWAY. WALK IT IN STYLE.,"Nov. 12, 2012","La Bella A Consignment Boutique Company, LLC",,
85589576,REQUEST_FAILED,,,,,
85590353,deadAbandoned,AUTOBID,"Dec. 05, 2012",Jordan Furniss,,jordanrfurniss@gmail.com
85590456,REQUEST_FAILED,,,,,
85591683,deadAbandoned,VENICE BEACH BEER CO.V,"Oct. 26, 2012",Venice Beach Brewing Company LLC,,timbenedick@vbbc.us
85591820,deadAbandoned,TISSUES INSIDE,"Dec. 24, 2012","NAPABE, LLC",,Napabellc@gmail.com
85591560,REQUEST_FAILED,,,,,
85592813,deadAbandoned,BISCOTTI CHIPS,"Dec. 27, 2012",Mom's Best Gourmet Foods Canada Inc.,,info@momsbest.ca
85593394,deadAbandoned,FRUIT OF THE VINE,"Dec. 12, 2012","Karmazyn, George",,charlycomp@AOL.COM
85594150,deadAbandoned,AP XCEL,"Nov. 13, 2012",Pismo Labs Technology Ltd,,fionc@peplink.com
85594987,REQUEST_FAILED,,,,,
85595348,REQUEST_FAILED,,,,,
85595369,REQUEST_FAILED,,,,,
85598042,deadAbandoned,PHOTOCLOUD,"Dec. 21, 2012",BizHill Inc,,
85598377,deadAbandoned,TORCH,"Dec. 27, 2012","Wood, Ryan S.",,ryan@sweetwoodcc.com
85597918,REQUEST_FAILED,,,,,
85599357,deadAbandoned,PROSTEROID,"Jun. 12, 2012","FCLIP, LLC",,jps@schillecilaw.com
85598158,REQUEST_FAILED,,,,,
85600822,REQUEST_FAILED,,,,,
85600809,REQUEST_FAILED,,,,,
85601845,deadAbandoned,SAYIT-CIRCLE-BOOK,"Dec. 03, 2012","Solorzano, Jose",,
85601015,REQUEST_FAILED,,,,,
85601126,REQUEST_FAILED,,,,,
85602350,REQUEST_FAILED,,,,,
85603922,REQUEST_FAILED,,,,,
85603712,REQUEST_FAILED,,,,,
85604731,deadAbandoned,PHARMACY R US,"Aug. 06, 2012","PHARMACY R US, LLC",,
85604783,REQUEST_FAILED,,,,,
85604846,deadAbandoned,ALABAMA MANUFACTURERS SHOOTOUT,"Nov. 23, 2012","Watson, David",,
85607311,REQUEST_FAILED,,,,,
85610036,deadAbandoned,PHYSICIAN COMMUNICATION : ESSENTIALS FOR PATIENT-CENTERED CARE,"Oct. 11, 2012",Leebov Golde & Associates LLC,,jkole@koleslaw.com
85610025,deadAbandoned,SOUNDKNITZ,"Dec. 25, 2012",Catherine Strassman,,k8@knitztape.com
85609030,deadAbandoned,DEMI XPRESS,"Jul. 11, 2012",New Horizon Cuisine,,dhensley@newhorizoncuisine.com
85610015,deadAbandoned,DIGIKNITZ,"Dec. 25, 2012",Catherine Strassman,,k8@knitztape.com
85610042,REQUEST_FAILED,,,,,
85612784,deadAbandoned,A2Z BUS SALES,"Dec. 07, 2012","A-Z Bus Sales, Inc.",,
85613994,deadAbandoned,FLK FALLS LAKE NC,"Oct. 02, 2012","Trott, Trista",,tristatrott@yahoo.com
85613995,deadAbandoned,"F L K FALLS LAKE, NC","Oct. 02, 2012","Trott, Trista",,tristatrott@yahoo.com
85615247,deadAbandoned,QUILT MY PHONE,"Nov. 28, 2012","Quilt My Phone, LLC",,
85615249,deadAbandoned,POWER HOUSE FITNESS,"Oct. 26, 2012","Romo, Denise",,denise.romo@ymail.com
85615240,REQUEST_FAILED,,,,,
85615484,REQUEST_FAILED,,,,,
85618045,deadAbandoned,SFR,"Nov. 14, 2012",Puzzolante Michele,,michele@mpd-designs.com
85616490,REQUEST_FAILED,,,,,
85618208,REQUEST_FAILED,,,,,
85620674,deadAbandoned,SELECT MEDICAL CARE,"Oct. 19, 2012","Johnson, James",,jcjohnsondo@gmail.com
85620227,deadAbandoned,TOUGHCOR,"Dec. 14, 2012",Cambrige Overseas Development Inc.,,babby.chao@cambrige.hk
85620208,deadAbandoned,LEGEND OF OZ,"Sep. 05, 2012",Ainsworth Game Technology Limited,,matthew.loon@ainsworth.com.au
85625068,deadAbandoned,VENUS ON FIRE MARS ON ICE,"Dec. 24, 2012",InovoBiologic Inc.,,rzhang@inovobiologic.com
85623970,deadAbandoned,TOSS THE PIG,"Dec. 15, 2012",Adar Golad,,dondersk@goliathgames.nl
85620627,REQUEST_FAILED,,,,,
85621126,REQUEST_FAILED,,,,,
85626057,deadAbandoned,THE POWER TO NAME YOUR OWN PRICE,"Jul. 25, 2012","Printbuyerusa, Inc.",,mvos@printbuyerusa.com
85625423,REQUEST_FAILED,,,,,
85626583,REQUEST_FAILED,,,,,
85628862,deadAbandoned,LIMITED EDITION SOUTH BEACH MIAMI,"Nov. 10, 2012",Serge Dive,,serge.dive@beyondluxury.com
85627595,REQUEST_FAILED,,,,,
85628459,REQUEST_FAILED,,,,,
85629390,REQUEST_FAILED,,,,,
85633776,deadAbandoned,PRODIGY,"Jun. 03, 2012",Prodigy Inc.,,pr@prodigyskincare.com
85631046,REQUEST_FAILED,,,,,
85636499,deadAbandoned,GOOD-WILL GRANNY,"Dec. 04, 2012","MindFox Productions, LLC",,DrFox@mindfoxproductions.com
85637927,deadAbandoned,TOILET TRAY,"Nov. 06, 2012","Healthcare Solutions & Education, Inc",,
85638528,deadAbandoned,TRUE VAPING,"Nov. 19, 2012",Rivosig International,,rivosig@rivosig.com
85637867,REQUEST_FAILED,,,,,
85641584,deadAbandoned,SALTCOMM,"Nov. 01, 2012","Goldman, Marshall",,
85640539,deadAbandoned,LIMITED EDITION MIAMI BEACH,"Nov. 10, 2012",Serge Dive,,SERGE.DIVE@BEYONDLUXURY.COM
85642340,deadAbandoned,ZOMBIU,"Oct. 25, 2012",UBISOFT ENTERTAINMENT,,
85642354,deadAbandoned,ZOMBI U,"Oct. 25, 2012",UBISOFT ENTERTAINMENT,,
85642344,deadAbandoned,ZOMBIU,"Oct. 25, 2012",UBISOFT ENTERTAINMENT,,
85642334,deadAbandoned,ZOMBIU,"Oct. 25, 2012",UBISOFT ENTERTAINMENT,,
85644299,deadAbandoned,EINSTEIN YOUR CANINE,"Nov. 28, 2012","Cote, Jean-Francois",,admin@ameriprop.net
85645911,deadAbandoned,SUSSOMOS,"Sep. 27, 2012",Code RED,,nicole@crstudios.com
85646123,REQUEST_FAILED,,,,,
85648388,deadAbandoned,TAKUMI,"Nov. 14, 2012","Pacific International Liquor, Inc.",,
85648372,deadAbandoned,TAKUMI,"Nov. 13, 2012","Pacific International Liquor, Inc.",,
85648618,deadAbandoned,CANSWERS,"Oct. 07, 2012","EnlightenMed, LLC",,steven@enlightenmed.com
85650946,deadAbandoned,CANSURVIVE,"Sep. 23, 2012","EnlightenMed, LLC",,steven@enlightenmed.com
85651486,REQUEST_FAILED,,,,,
85655099,deadAbandoned,BB BRABUNNY,"Dec. 27, 2012",Brabunny Ltd,,thecardshop@aol.com
85654833,REQUEST_FAILED,,,,,
85655500,REQUEST_FAILED,,,,,
85656255,deadAbandoned,XHALE FITNESS AND WELLNESS SPA,"Sep. 13, 2012","Kadzielewski, David",,david@xhalefitspa.com
85657488,REQUEST_FAILED,,,,,
85659276,REQUEST_FAILED,,,,,
85666110,deadAbandoned,THE MIXED EXPERIENCE,"Sep. 20, 2012",Heidi W. Durrow,,heididurrow@hotmail.com
85667050,deadAbandoned,SURGRIP,"Jul. 05, 2012",Gearench Division of Orbix Corporation,,heather.fox@bracewell.com
85665127,REQUEST_FAILED,,,,,
85666614,deadAbandoned,PREZI SCHOOL,"Dec. 17, 2012","Olsson, Charlotte",,charlotte_olsson@me.com
85673230,deadAbandoned,BERGAMOT STATION,"Jul. 19, 2012","Majich, Thomas",,
85669585,REQUEST_FAILED,,,,,
85682965,deadAbandoned,I RADIO,"Aug. 15, 2012",MARC ANGELL,,MDANGELL@GMAIL.COM
85680702,REQUEST_FAILED,,,,,
85680304,REQUEST_FAILED,,,,,
85695420,REQUEST_FAILED,,,,,
85695392,REQUEST_FAILED,,,,,
85707264,REQUEST_FAILED,,,,,
85709338,REQUEST_FAILED,,,,,
85713496,deadAbandoned,JANE BOURBON WHISKEY,"Sep. 09, 2012","Burch, Ralph",,burchart@pacbell.net
85722993,deadAbandoned,HAIR BOSS,"Nov. 01, 2012","Glynn Jackson Productions, LLC",,glynnjackson@gmail.com
85715837,REQUEST_FAILED,,,,,
85716884,REQUEST_FAILED,,,,,
85724948,REQUEST_FAILED,,,,,
85726543,REQUEST_FAILED,,,,,
85737245,deadAbandoned,SUPERHERO SMOOTHIE,"Oct. 10, 2012","Superhero Smoothie, LLC",,czero288@gmail.com
85728879,REQUEST_FAILED,,,,,
85745805,deadAbandoned,BROOKLYN FOXX SUGAR BABIES,"Oct. 13, 2012","BIG BOSS BRANDS, LLC",,bigbossbrands@gmail.com
85742006,REQUEST_FAILED,,,,,
85762815,deadAbandoned,CANCIONERO,"Nov. 23, 2012",Sam Horse Corporation,,
85745958,REQUEST_FAILED,,,,,
85757786,REQUEST_FAILED,,,,,
