serial,lead_type,mark,date,correspondent,phone,email
75540139,deadAbandoned,MILLENNIUM 2000,"May 07, 2010","Gaffney, William J.",,
75321193,deadAbandoned,MAMA GALLINA,"Dec. 13, 2010","AVIBEL DE MEXICO, S.A. DE C.V.",,
75546323,deadAbandoned,CASTLE OF FRANKENSTEIN,"Aug. 25, 2010","Dennis Druktenis Publishing & Mail Order, Inc.",,
75487398,deadAbandoned,PERSONAL POST OFFICE,"Jan. 11, 2010",MicroPost LLC,,
75542917,deadAbandoned,TRIPLE CROWN,"Apr. 16, 2010","W.J. Bartus, Inc.",,
75542015,deadAbandoned,COURAGE,"Jun. 01, 2010","SUCCESS WARE, INC.",,
75712248,deadAbandoned,GLOBAL ONE,"Oct. 11, 2010","Gaul, Jeffrey",,
74712605,REQUEST_FAILED,,,,,
75614695,REQUEST_FAILED,,,,,
75773251,deadAbandoned,MM MASTERMINDS ENTERTAINMENT,"Feb. 09, 2010","Wilson, Raymond",,rwilson@financialbenefits.biz
75845490,deadAbandoned,NEXIUM.COM,"Jul. 27, 2010","Nexium, Inc.",,
75798351,deadAbandoned,ETIX,"Jun. 23, 2010",Deutsche Lufthansa Aktiengesellschafi,,
75685183,REQUEST_FAILED,,,,,
76007819,deadAbandoned,ADVENTURETV.COM WWW.ADVENTURETV.COM THENATURAL WORLD OF ADVENTURE,"May 19, 2010",EcoVentures.com,,
76131488,deadAbandoned,BISON,"Sep. 21, 2010",Przedsiebiorstwo POLMOS BIALYSTOK S.A.,,
75824056,REQUEST_FAILED,,,,,
76176901,deadAbandoned,AT.TV,"Jun. 10, 2010","AmericaAt.com, LLC",,
75982484,deadAbandoned,COURAGE,"Jun. 01, 2010","SUCCESS WARE, INC.",,
76275474,deadAbandoned,ECHO ADVISORY,"Jul. 06, 2010","Echo Advisory Services, LLC",,
76220148,deadAbandoned,JEWELS ENTERTAINMENT,"Mar. 30, 2010",JEWELS ENTERTAINMENT LLC,,
75924227,REQUEST_FAILED,,,,,
76214968,deadAbandoned,SOHMER,"Mar. 12, 2010","PERSIS INTERNATIONAL, INC.",,edwardrichards@juno.com
76440276,deadAbandoned,BILL THOMAS CHEETAH,"Sep. 20, 2010","THOMAS, WILLIAM P.",,
76588692,deadAbandoned,FUNKY MONKEY,"Sep. 21, 2010","GREENMAN, STANLEY",,
76480486,REQUEST_FAILED,,,,,
76579951,deadAbandoned,"THE ""WOW!...THAT""S A SUB!!"" BOYZ SUBS & STEAKS","Oct. 11, 2010","Halbro, LLC",,
76589395,deadAbandoned,LIFE STYLE,"Oct. 13, 2010",ABC Telecom Inc.,,
76523580,REQUEST_FAILED,,,,,
76591170,deadAbandoned,ICONTACT,"Aug. 13, 2010","Bergin, James P.",,jbergin@econotek.net
76633327,deadAbandoned,GEMINI,"Sep. 01, 2010","Consumer Savings Direct, Inc.",,
76631059,deadAbandoned,VIRGINITY VODKA,"Jun. 23, 2010","NAKAMURA, MICHAEL T.",,
76588871,REQUEST_FAILED,,,,,
76638282,deadAbandoned,FIND FIRST IN NEW DESIGN,"Sep. 27, 2010","Uttermost Co., The",,cbrown@uttermost.com
76609115,REQUEST_FAILED,,,,,
76646304,deadAbandoned,SOUND POPS,"May 19, 2010",Home Focus Development Ltd.,,
76654897,deadAbandoned,MASINDO,"Apr. 09, 2010",MASINDO USA,,director@masindotape.com
76652740,deadAbandoned,FORCEZONE,"Jul. 26, 2010","Iloi, Mihai",,
76655841,deadAbandoned,HANDFLEX,"Jul. 12, 2010","Ilioi, Mihai",,
76654798,REQUEST_FAILED,,,,,
76660353,deadAbandoned,ALHAMBRA CASE,"Jul. 01, 2010",JAH Innovations Inc.,,
76650737,REQUEST_FAILED,,,,,
76660391,deadAbandoned,PERCHERON PLASTICS,"May 03, 2010",JAH Innovations Inc.,,
76658410,deadAbandoned,ERGAMI,"Mar. 08, 2010","ERGAMI, LLC",,
76660738,deadAbandoned,ORIGINAL RUSH,"Jun. 09, 2010","AGRON GLOBAL, L.L.C.",,
76658769,deadAbandoned,FEATHERSHADE,"Apr. 12, 2010",Innotec Corporation,,carolyn.vanwieren@innotecgroup.com
76661069,deadAbandoned,LEN'S GARDEN,"May 10, 2010",Hummert International,,
76655586,REQUEST_FAILED,,,,,
76661147,deadAbandoned,SHARKMAN,"Jan. 15, 2010","DUCHESNE, RALPH",,
76663357,deadAbandoned,A ART REPUBLIC,"Dec. 27, 2010","Chang, Yao-Yuan",,
76665601,deadAbandoned,"NATIVE DESIGNS, INC./NATIVE DESIGNS (ARCHITECTURE & LAND PLANNING), INC.","Oct. 18, 2010","Native Designs (Architecture & Land Planning), Inc.",,
76665732,deadAbandoned,FIREICE,"Mar. 01, 2010","PIEL, RITA",,sporp407@yahoo.com
76661480,REQUEST_FAILED,,,,,
76661861,REQUEST_FAILED,,,,,
76671970,deadAbandoned,KNOWWONDER ENTERTAINMENT,"May 17, 2010","KNOWWONDER ENTERTAINMENT, LLC",,
76667328,REQUEST_FAILED,,,,,
76669805,REQUEST_FAILED,,,,,
76668909,REQUEST_FAILED,,,,,
76672929,REQUEST_FAILED,,,,,
76676156,deadAbandoned,GETAWAY,"Sep. 20, 2010",TBAC Investment Trust,,bellaipguru@yahoo.com
76674633,REQUEST_FAILED,,,,,
76675423,REQUEST_FAILED,,,,,
76678257,deadAbandoned,MINGERING MIKE,"Apr. 21, 2010","STEVENSON, GREGORY",,
76678271,deadAbandoned,ISABELA,"Jan. 14, 2010","GUZMAN, ALFONSO MEZA",,alfonso@isabelaenlinea.com
76679535,deadAbandoned,MI PUEBLO MP,"Jun. 03, 2010","Mi Pueblo San Jose, Inc.",,
76677311,REQUEST_FAILED,,,,,
76680924,deadAbandoned,CUBANOPOLY,"Dec. 27, 2010","GAMES & INVENTIONS, INC.",,
76680617,deadAbandoned,NO CHILD LEFT INSIDE,"Dec. 24, 2010","Miceli, Jerry",,
76679259,REQUEST_FAILED,,,,,
76681065,REQUEST_FAILED,,,,,
76682808,REQUEST_FAILED,,,,,
76683818,REQUEST_FAILED,,,,,
76683954,REQUEST_FAILED,,,,,
76684126,REQUEST_FAILED,,,,,
76686086,deadAbandoned,CYCLESOUND,"Oct. 06, 2010","Rusher, Del",,
76685644,REQUEST_FAILED,,,,,
76687790,deadAbandoned,LA CHILINDRINA,"Jul. 19, 2010","RODRIGUEZ, MARIA ANTONIETA GOMEZ",,tony@lachilindrina.com
76687531,REQUEST_FAILED,,,,,
76687590,REQUEST_FAILED,,,,,
76687974,REQUEST_FAILED,,,,,
76688499,REQUEST_FAILED,,,,,
76689419,deadAbandoned,DANNY RICH,"Apr. 23, 2010","WRIGHT-JONES, HOLLY",,1hollywright@comcast.net
76689197,REQUEST_FAILED,,,,,
76689552,REQUEST_FAILED,,,,,
76689729,REQUEST_FAILED,,,,,
76689912,REQUEST_FAILED,,,,,
76689931,REQUEST_FAILED,,,,,
76690490,REQUEST_FAILED,,,,,
76691525,deadAbandoned,"DICK ANTHONY HELLER, THE 2ND AMENDMENT MAN","Mar. 01, 2010","Heller, Dick Anthony",,
76690974,REQUEST_FAILED,,,,,
76691628,deadAbandoned,"EB'S FLIP THE SCRIPT PRODUCTIONS, LLC.","May 24, 2010","SPEECE, EUNICE",,
76691446,REQUEST_FAILED,,,,,
76691545,REQUEST_FAILED,,,,,
76691629,deadAbandoned,"CHOSEN TO CHANGE CHOSEN TO CHANGE ENTERPRISES, INC.","May 24, 2010","SPEECE, EUNICE",,
76691551,REQUEST_FAILED,,,,,
76692436,deadAbandoned,HOABOOKS.COM,"Feb. 25, 2010","HOA BOOKS, INC.",,
76691908,REQUEST_FAILED,,,,,
76692590,deadAbandoned,IPRO ONE INFLUENCING THE INFLUENTIAL,"Jan. 19, 2010","iPro One, Inc.",,
76692591,deadAbandoned,IPRO ONE INFLUENCING THE INFLUENTIAL,"Jan. 19, 2010","iPro One, Inc.",,
76692112,REQUEST_FAILED,,,,,
76692464,REQUEST_FAILED,,,,,
76692466,REQUEST_FAILED,,,,,
76692589,REQUEST_FAILED,,,,,
76692928,REQUEST_FAILED,,,,,
76693254,REQUEST_FAILED,,,,,
76693924,deadAbandoned,CD CHILDREN OF THE DIRT,"Dec. 13, 2010","GUGLIELMO, JR., PETE",,
76693531,REQUEST_FAILED,,,,,
76693986,deadAbandoned,DRIVER,"Dec. 07, 2010","Johnson, Nancy",,
76693713,REQUEST_FAILED,,,,,
76694014,REQUEST_FAILED,,,,,
76694192,REQUEST_FAILED,,,,,
76694414,REQUEST_FAILED,,,,,
76694475,REQUEST_FAILED,,,,,
76695110,deadAbandoned,TRINOVA KNIFE,"Jul. 26, 2010","Huddleston, Herbert D.",,
76694996,deadAbandoned,POLITICAL CASTAWAY,"Mar. 05, 2010","EAGLES NEST GROUP, LLC",,
76694836,REQUEST_FAILED,,,,,
76694837,REQUEST_FAILED,,,,,
76695109,deadAbandoned,BINOVA KNIFE,"Jul. 26, 2010","Huddleston, Herbert D.",,
76695367,deadAbandoned,CARNY TRASH,"Mar. 01, 2010","Jaye, Aye",,
76695147,REQUEST_FAILED,,,,,
76695315,REQUEST_FAILED,,,,,
76695371,REQUEST_FAILED,,,,,
76695770,deadAbandoned,ALEXANDR'U A,"Mar. 09, 2010","Baghdasaryan, Artak",,artbaghdasaryan@yahoo.com
76696007,deadAbandoned,CAJUN KITCHEN CAFE,"Jun. 03, 2010","CAJUN KITCHEN CAFE, INC.",,
76695651,REQUEST_FAILED,,,,,
76695761,REQUEST_FAILED,,,,,
76695928,REQUEST_FAILED,,,,,
76695976,REQUEST_FAILED,,,,,
76696176,deadAbandoned,LIL WAYNE,"Feb. 01, 2010","DOZIER-CARTER, ANGELA",,ngdozier351@gmail.com
76696114,deadAbandoned,BENOIT'S TROPHY TRACKERS CLUB,"May 24, 2010",Benoit Brothers Ltd.,,
76696107,REQUEST_FAILED,,,,,
76696196,REQUEST_FAILED,,,,,
76696184,REQUEST_FAILED,,,,,
76696201,REQUEST_FAILED,,,,,
76696250,REQUEST_FAILED,,,,,
76696492,REQUEST_FAILED,,,,,
76696560,REQUEST_FAILED,,,,,
76696769,REQUEST_FAILED,,,,,
76696807,REQUEST_FAILED,,,,,
76697025,deadAbandoned,ENERLIPS,"Jun. 29, 2010","GARCOA, Inc.",,
76696882,REQUEST_FAILED,,,,,
76697026,deadAbandoned,TRIM LIPS,"Jun. 23, 2010","GARCOA, Inc.",,
76696966,REQUEST_FAILED,,,,,
76696989,REQUEST_FAILED,,,,,
76697060,REQUEST_FAILED,,,,,
76697081,REQUEST_FAILED,,,,,
76697163,REQUEST_FAILED,,,,,
76697164,REQUEST_FAILED,,,,,
76697230,REQUEST_FAILED,,,,,
76697268,REQUEST_FAILED,,,,,
76697364,REQUEST_FAILED,,,,,
76697377,REQUEST_FAILED,,,,,
76697438,REQUEST_FAILED,,,,,
76697452,REQUEST_FAILED,,,,,
76697566,REQUEST_FAILED,,,,,
76697624,deadAbandoned,VERTISEL,"Mar. 02, 2010","VertiSEL, Inc.",,sean@vertissel.com
76697576,REQUEST_FAILED,,,,,
76697598,REQUEST_FAILED,,,,,
76697606,REQUEST_FAILED,,,,,
76697705,REQUEST_FAILED,,,,,
76697723,REQUEST_FAILED,,,,,
76697797,REQUEST_FAILED,,,,,
76697828,REQUEST_FAILED,,,,,
76697911,REQUEST_FAILED,,,,,
76698008,REQUEST_FAILED,,,,,
76698029,REQUEST_FAILED,,,,,
76698111,REQUEST_FAILED,,,,,
76698311,REQUEST_FAILED,,,,,
76698356,REQUEST_FAILED,,,,,
76698371,REQUEST_FAILED,,,,,
76698570,REQUEST_FAILED,,,,,
76698837,deadAbandoned,KRENGEL,"May 21, 2010",Krengel Technology Inc,,
76698845,deadAbandoned,RPG-XML SUITE,"May 21, 2010","Aptegris, Inc.",,
76698738,REQUEST_FAILED,,,,,
76698776,REQUEST_FAILED,,,,,
76698916,deadAbandoned,CHARITY CHICKS,"May 17, 2010","KANE, RACHEL ELIZABETH",,CHARITYCHICK@LIVE.COM
76698846,REQUEST_FAILED,,,,,
76698876,REQUEST_FAILED,,,,,
76699016,REQUEST_FAILED,,,,,
76699037,REQUEST_FAILED,,,,,
76699265,deadAbandoned,VIBRANT HAIR,"Jun. 24, 2010","GARCOA, Inc.",,
76699121,REQUEST_FAILED,,,,,
76699236,REQUEST_FAILED,,,,,
76699319,REQUEST_FAILED,,,,,
76699517,deadAbandoned,SELF EMPOWERMENT: SEE IT. CLAIM IT. ACHIEVE IT. = COLUMBIA URBAN LEAGUE EMPOWERING COMMUNITIES CHANGING LIVES,"Jun. 29, 2010","Columbia Urban League, Inc.",,
76699424,REQUEST_FAILED,,,,,
76699458,REQUEST_FAILED,,,,,
76699457,REQUEST_FAILED,,,,,
76699523,REQUEST_FAILED,,,,,
76699618,REQUEST_FAILED,,,,,
76699653,REQUEST_FAILED,,,,,
76699781,deadAbandoned,MUSIC FREIGHT,"Jul. 12, 2010","ISASI MUSIC FREIGHT INC,",,
76699782,deadAbandoned,MUSIC FREIGHT,"Jul. 14, 2010",ISASI MUSIC FREIGHT INC,,
76699723,REQUEST_FAILED,,,,,
76699756,REQUEST_FAILED,,,,,
76699921,deadAbandoned,BOOMERANG YOUR ENERGY ALWAYS COMES BACK,"Jul. 30, 2010",Boomerang Drinks LLC,,
76699833,REQUEST_FAILED,,,,,
76699892,REQUEST_FAILED,,,,,
76700042,deadAbandoned,REVELL,"Aug. 03, 2010","ECOLOGICAL FIBERS, INC",,
76699922,REQUEST_FAILED,,,,,
76700063,deadAbandoned,EXTREME,"Aug. 03, 2010","ECOLOGICAL FIBERS, INC",,
76700127,deadAbandoned,XTREMESAVER,"Aug. 13, 2010","XTREME RECOVERY, LLC",,
76700059,REQUEST_FAILED,,,,,
76700223,deadAbandoned,MEI MEI ANTHCOLE WHERE EAST MEETS WEST,"Oct. 07, 2010","JACKSON, CASSANDRA",,
76700107,REQUEST_FAILED,,,,,
76700140,deadAbandoned,NATUREAL FOR KIDS,"Oct. 16, 2010","GARCOA, Inc",,
76700141,deadAbandoned,NATURES BODY,"Dec. 31, 2010","GARCOA, Inc",,
76700275,deadAbandoned,AMINO 19,"Dec. 31, 2010","GARCOA, Inc",,
76700158,REQUEST_FAILED,,,,,
76700367,deadAbandoned,LDP LIQUID DIAMONDZ PRODUCTIONZ,"Nov. 22, 2010",Michelle Jackson AKA Testimone,,TESTIMONE@LIQUIDDIAMONDZPRODUCTIONZ.COM
76700342,deadAbandoned,DRAGO'S,"Sep. 02, 2010","DRAGO'S SHISH-KA-BOB, LLC",,
76700372,deadAbandoned,BOOMERS RETREAT,"Sep. 03, 2010",BOOMERS RETREAT,,ELAINE-WILCOX@HOTMAIL.COM
76700366,deadAbandoned,BOUT IT OUT,"Sep. 04, 2010","JOHNSON, ANTHONY",,
76700478,deadAbandoned,PAPER TEE,"Sep. 13, 2010","Global Sourcing Enterprises, Inc.",,
76700514,deadAbandoned,AR APPLERIND SPORTS FOUNDATION,"Dec. 02, 2010","SHIN, CHANG YUN",,
76700398,REQUEST_FAILED,,,,,
76700557,deadAbandoned,PURPLEKUSH,"Aug. 17, 2010",Akrum Alrahib,,
76700538,deadAbandoned,WOVEN LINK,"Sep. 05, 2010",WOVEN LINK INC.,,
76700701,deadAbandoned,WILD BOB'S WORLD FAMOUS TURKEY RUB,"Sep. 17, 2010",JAMES GORDON JONES JAMES GORDON JONES,,
76700813,deadAbandoned,G5WINE,"Sep. 07, 2010",Akrum Alrahib,,
76700611,REQUEST_FAILED,,,,,
76700686,REQUEST_FAILED,,,,,
76700849,deadAbandoned,ROCK RESPONSIBLY,"Sep. 27, 2010",STAR CITY RECORDING COMPANY,,leo@starcityrecording.com
76700716,REQUEST_FAILED,,,,,
76700884,REQUEST_FAILED,,,,,
76701138,deadAbandoned,GET ONLINE. GET FOUND.,"Oct. 13, 2010","Welsh, Neil",,
76701027,REQUEST_FAILED,,,,,
76701517,deadAbandoned,PRETTY PLEASE,"Sep. 28, 2010",Sandy B. Rahib,,
76701336,REQUEST_FAILED,,,,,
76701469,REQUEST_FAILED,,,,,
76701565,REQUEST_FAILED,,,,,
76701634,REQUEST_FAILED,,,,,
76701951,deadAbandoned,WEIGHTLOSS WARDROBE,"Dec. 15, 2010",WEIGHTLOSS WARDROBE LLC.,,
76701934,REQUEST_FAILED,,,,,
76701962,REQUEST_FAILED,,,,,
76701966,REQUEST_FAILED,,,,,
76976835,deadAbandoned,MAILERMAILER.COM,"Nov. 08, 2010","MailerMailer, LLC",,raj@mailermailer.com
77003116,deadAbandoned,DIVERSATIVE,"Nov. 22, 2010","GROZ, MARC M",,marcmgroz@cs.com
76702208,REQUEST_FAILED,,,,,
77004539,deadAbandoned,FUEGO,"May 18, 2010","ND Rights, LLC",,
77000248,REQUEST_FAILED,,,,,
77003090,REQUEST_FAILED,,,,,
77004593,deadAbandoned,FUEGO EXPERIENCE,"May 18, 2010","ND Rights, LLC",,
77005423,deadAbandoned,CACX,"Dec. 06, 2010","Chicago Climate Exchange, Inc.",,
77003753,REQUEST_FAILED,,,,,
77004553,deadAbandoned,FUEGO EXPERIENCE,"May 18, 2010","ND Rights, LLC",,
77004577,REQUEST_FAILED,,,,,
77007439,deadAbandoned,DALLAS DHU,"Apr. 15, 2010","Maslyukov, Pavel",,maslyukov@yahoo.co.uk
77010263,deadAbandoned,None,"Jan. 11, 2010","Love & Pride, LLC",,
77010322,deadAbandoned,LOVEANDPRIDE,"Jan. 11, 2010","Love & Pride, LLC",,
77007371,REQUEST_FAILED,,,,,
77009298,deadAbandoned,SOS,"Mar. 22, 2010",Fifel-Graph Innovative Technologies Inc.,,j.fifelski@automotivewireless.com
77011681,deadAbandoned,MY TRIMLIFE,"Sep. 21, 2010","TL Sciences, LLC",,
77010273,deadAbandoned,None,"Jan. 11, 2010","Love & Pride, LLC",,
77010491,REQUEST_FAILED,,,,,
77017293,deadAbandoned,I BET U,"Jan. 11, 2010",Imagination Holdings Pty Ltd,,hostmaster@imagination.com.au
77011727,REQUEST_FAILED,,,,,
77017287,deadAbandoned,LIE DETECTOR,"Dec. 20, 2010",Imagination Holdings Pty Ltd,,sarah.wishart@imagination.com.au
77014910,REQUEST_FAILED,,,,,
77018817,REQUEST_FAILED,,,,,
77019470,REQUEST_FAILED,,,,,
77020877,REQUEST_FAILED,,,,,
77021529,REQUEST_FAILED,,,,,
77021219,REQUEST_FAILED,,,,,
77021745,REQUEST_FAILED,,,,,
77023266,REQUEST_FAILED,,,,,
77027530,REQUEST_FAILED,,,,,
77027781,REQUEST_FAILED,,,,,
77027855,REQUEST_FAILED,,,,,
77029246,deadAbandoned,MY TRIMLIFE,"Sep. 21, 2010","TL Sciences, LLC",,
77030524,deadAbandoned,REAL STREET KIDZ,"Oct. 04, 2010",Holmes Investments & Holdings Inc.,,quentinholmes@hotmail.com
77031579,deadAbandoned,COOL HUNTING,"Jan. 11, 2010",Imagination Holdings Pty Ltd,,hostmaster@imagination.com.au
77031580,deadAbandoned,COOL HUNTER,"Jan. 11, 2010",Imagination Holdings Pty Ltd,,hostmaster@imagination.com.au
77029369,REQUEST_FAILED,,,,,
77031642,deadAbandoned,COCAINE,"Jan. 30, 2010",Screw You. Jebaraj.Gnanadurai.Kenneth,,jeb@screwyou.me.uk
77029771,REQUEST_FAILED,,,,,
77031984,deadAbandoned,REALWEAR,"May 24, 2010","SeaReal Productions, LLC",,
77033392,deadAbandoned,TERRANIAN CHRONICLES,"Apr. 05, 2010","The Last Dragon, LLC",,
77032371,deadAbandoned,ICELANDICA,"Feb. 08, 2010",Jon Steinsson,,js@steinsson.com
77033402,deadAbandoned,THE LAST DRAGON,"Sep. 27, 2010","The Last Dragon, LLC",,
77033399,deadAbandoned,DRACARIAN CHRONICLES,"Sep. 27, 2010","The Last Dragon, LLC",,
77032643,REQUEST_FAILED,,,,,
77032652,REQUEST_FAILED,,,,,
77035775,deadAbandoned,COACH BILL,"Aug. 16, 2010","Coach Bill, LLC",,
77032716,REQUEST_FAILED,,,,,
77035201,deadAbandoned,STRESS KILLER,"Jun. 28, 2010",D'Andrea Brothers LLC,,christian@hooah.com
77037203,REQUEST_FAILED,,,,,
77039162,REQUEST_FAILED,,,,,
77041526,REQUEST_FAILED,,,,,
77041857,REQUEST_FAILED,,,,,
77042579,deadAbandoned,GOOD SPOTS,"Sep. 20, 2010","Good Spots, LLC",,peter@alki.com
77045426,deadAbandoned,ICARDME,"Oct. 18, 2010","ICI Enterprises, LLC",,
77042587,REQUEST_FAILED,,,,,
77044041,REQUEST_FAILED,,,,,
77044068,REQUEST_FAILED,,,,,
77047008,deadAbandoned,WALLTOP,"Sep. 06, 2010",Originatic LLC,,rsmith@originatic.com
77046856,deadAbandoned,NECTAR,"Jul. 26, 2010","SPATALITY US BRANDS, LLC",,
77045661,REQUEST_FAILED,,,,,
77047046,REQUEST_FAILED,,,,,
77047782,deadAbandoned,KREME' DELA KREME',"Mar. 01, 2010","Barrow, Khasim",,KremeDeLaKrementm@gmail.com
77051757,deadAbandoned,RES VIN A TROL,"Feb. 03, 2010","WINDMILL HEALTH PRODUCTS, LLC.",,syagoda@vitaquest.com
77051761,deadAbandoned,IBOOST,"Jul. 19, 2010",Soler & Palau USA,,ssorkki@solerpalau-usa.com
77052186,deadAbandoned,SENSTAND,"Mar. 15, 2010",GLOBAL CONCEPTS S.A,,fabianmarcovich@gmail.com
77050082,deadAbandoned,HORNY HUNTER,"May 21, 2010","Tyre, James D., Jr.",,dannytyre@bellsouth.net
77052311,deadAbandoned,FOREST ELDER,"Apr. 12, 2010","Jones, Roy R.",,
77049824,REQUEST_FAILED,,,,,
77053202,deadAbandoned,BD PHYSIOJECT,"Aug. 16, 2010","Becton, Dickinson and Company",,
77054951,deadAbandoned,THE USUAL SUDSPECTS,"Aug. 23, 2010",SOAP & GLORY LIMITED,,juditht@brandhandling.com
77051864,REQUEST_FAILED,,,,,
77056067,deadAbandoned,MEDIA SPOTLIGHT,"Apr. 30, 2010",CyberLink Corporation,,kate_liao@gocyberlink.com
77056071,deadAbandoned,VIASENSI,"Jul. 05, 2010","Weber, Wolfgang F.",,w.weber@print-management-consulting.de
77055730,REQUEST_FAILED,,,,,
77056569,REQUEST_FAILED,,,,,
77058129,REQUEST_FAILED,,,,,
77060690,deadAbandoned,MODERN TACTICS,"Jan. 15, 2010",Modern Tactics Corporation,,maurice.thompson@moderntactics.com
77058337,REQUEST_FAILED,,,,,
77059466,REQUEST_FAILED,,,,,
77060644,REQUEST_FAILED,,,,,
77062304,deadAbandoned,ONCOGENEX,"Oct. 25, 2010",OncoGenex Technologies Inc.,,stees@oncogenex.ca
77062397,deadAbandoned,BIOINSURANCE,"Jun. 14, 2010",BioBancUSA,,
77061821,REQUEST_FAILED,,,,,
77064668,deadAbandoned,CLEARPOINT,"Nov. 08, 2010",ZENO CORPORATION,,
77064100,deadAbandoned,LANAVA ORIGINAL TERROIR WINE,"May 03, 2010","ANTA NATURA, S.L.",,
77063811,REQUEST_FAILED,,,,,
77063163,REQUEST_FAILED,,,,,
77066690,REQUEST_FAILED,,,,,
77068226,REQUEST_FAILED,,,,,
77068339,REQUEST_FAILED,,,,,
77071558,deadAbandoned,COSMOCAM,"Aug. 23, 2010","Murphy, Scott D",,sdmurphy11@verizon.net
77070709,deadAbandoned,THE LOW BID ZONE,"Jan. 15, 2010",Alan N. Boinus,,abcp@earthlink.net
77072326,REQUEST_FAILED,,,,,
77074778,deadAbandoned,SOFT BABY LOVE,"Jan. 04, 2010",K.S. Toys Ltd.,,
77074998,deadAbandoned,BIG BALLS,"May 17, 2010",LAURENCE COMBES,,laurencecombes@wanadoo.fr
77073775,REQUEST_FAILED,,,,,
77073886,REQUEST_FAILED,,,,,
77074153,REQUEST_FAILED,,,,,
77075817,REQUEST_FAILED,,,,,
77076044,REQUEST_FAILED,,,,,
77078862,deadAbandoned,PLASTIC FANGS,"Feb. 26, 2010",Mint Co. Pty. Ltd.,,
77077103,REQUEST_FAILED,,,,,
77077782,REQUEST_FAILED,,,,,
77080933,deadAbandoned,CEE LO GREEN,"May 10, 2010","Callaway, Thomas",,
77080418,deadAbandoned,C CUBA LIBRE DELIGHTFUL WEAR,"Aug. 11, 2010",DEL BOSQUE ARAUJO MANUEL MARTIN,,manuel@delbosquearaujo.com.mx
77080322,REQUEST_FAILED,,,,,
77081084,REQUEST_FAILED,,,,,
77081208,REQUEST_FAILED,,,,,
77086207,deadAbandoned,BUILTINBREAKINGPOINT,"Jan. 18, 2010","Eichinger, Stefan",,ste.eichinger@googlemail.com
77083898,REQUEST_FAILED,,,,,
77087181,deadAbandoned,CHARITY RESOURCE MANAGEMENT,"Jan. 04, 2010","Lowson, Linda M.",,llowson@optonline.net
77088227,deadAbandoned,LEADS,"May 10, 2010",AMERICAN PERSONAL HEALTH & FITNESS FOUNDATION,,
77088867,REQUEST_FAILED,,,,,
77090385,REQUEST_FAILED,,,,,
77093070,deadAbandoned,TECH TRAINER,"Sep. 06, 2010","Kantor, Morton",,mortk1@mindspring.com
77094070,REQUEST_FAILED,,,,,
77094267,REQUEST_FAILED,,,,,
77095929,deadAbandoned,VIRGIN IP,"Feb. 23, 2010","Virgin Intellectual Property, LLC",,
77095667,REQUEST_FAILED,,,,,
77097007,deadAbandoned,ZUDE,"Dec. 03, 2010","Fifth Generation Systems, Inc.",,
77095903,REQUEST_FAILED,,,,,
77097355,deadAbandoned,NKETEWA,"Jun. 14, 2010","Gamble, Wilbert",,gamblew@science.oregonstate.edu
77097041,deadAbandoned,ZUDE,"Dec. 03, 2010","Fifth Generation Systems, Inc.",,
77097003,REQUEST_FAILED,,,,,
77097015,REQUEST_FAILED,,,,,
77098736,deadAbandoned,TRIPUP,"Aug. 23, 2010","SIDESTEP, INC.",,
77098463,REQUEST_FAILED,,,,,
77100282,deadAbandoned,SAFE-FLAME,"Apr. 08, 2010",Contoure Int. Inc.,,KPOTTER@CONTOURE.COM
77100171,REQUEST_FAILED,,,,,
77101830,REQUEST_FAILED,,,,,
77103793,deadAbandoned,ARTIZANS,"Oct. 04, 2010",Artizans Entertainment Inc.,,
77102145,REQUEST_FAILED,,,,,
77103258,REQUEST_FAILED,,,,,
77106892,deadAbandoned,THE NEW ENERGY IN COAL,"Feb. 01, 2010",Waratah Coal Inc.,,plynch@waratahcoal.com
77104840,REQUEST_FAILED,,,,,
77108316,deadAbandoned,BANZAI,"Jan. 14, 2010","Entrees, Inc.",,hmar@banzai-sushi.com
77106893,REQUEST_FAILED,,,,,
77107422,REQUEST_FAILED,,,,,
77110401,deadAbandoned,IT GIRL,"Jun. 09, 2010","HOLT, Deidre",,lfips@bigpond.com
77108687,REQUEST_FAILED,,,,,
77110790,deadAbandoned,VENTUREMIND,"Mar. 08, 2010","Stadum, Edward M.",,ed@stadum.com
77109450,REQUEST_FAILED,,,,,
77112341,deadAbandoned,CLEANSEAL,"Apr. 26, 2010","Formax, Inc.",,
77110443,REQUEST_FAILED,,,,,
77111972,REQUEST_FAILED,,,,,
77112123,REQUEST_FAILED,,,,,
77115283,deadAbandoned,EYE LINGERIE,"Jun. 28, 2010","Brill, Dianne",,
77115291,deadAbandoned,FACE LINGERIE,"Jun. 28, 2010","Brill, Dianne",,
77113608,REQUEST_FAILED,,,,,
77115239,REQUEST_FAILED,,,,,
77117211,deadAbandoned,KILLING DAY,"Dec. 13, 2010",Ubisoft Inc.,,
77118664,deadAbandoned,GALYN BY GALINA TODD,"Aug. 02, 2010","Gato, LLC",,
77119808,deadAbandoned,ROLLING IN THE DOUGH,"Jun. 24, 2010",ADRENALIN GAMING,,scott@adrenalingaming.com
77117672,REQUEST_FAILED,,,,,
77120455,deadAbandoned,J,"Nov. 22, 2010","HARBIN FURNITURE CO., LTD.",,
77120601,deadAbandoned,ABRACADABRA,"Jul. 19, 2010","20-20 Consulting, Inc",,rshulvat@yahoo.com
77119332,REQUEST_FAILED,,,,,
77122106,deadAbandoned,X-ANALYTICS,"Mar. 02, 2010",X-ANALYTICS SA / SWITZERLAND,,info@united-units.com
77121057,REQUEST_FAILED,,,,,
77121452,deadAbandoned,UNCHAINED RECORDS,"Jun. 28, 2010","Unchained Records, Inc.",,
77120903,REQUEST_FAILED,,,,,
77122153,REQUEST_FAILED,,,,,
77124703,deadAbandoned,PERELLA WEINBERG AGILITY FUND,"Jul. 26, 2010",Perella Weinberg Partners LLC,,
77125554,deadAbandoned,LOOPED LOGIC WWW.LOOPEDLOGIC.COM,"Mar. 31, 2010",Looped Logic,,
77124956,REQUEST_FAILED,,,,,
77126722,deadAbandoned,AMERICAN CLIMATE EXCHANGE,"Dec. 20, 2010","Chicago Climate Exchange, Inc.",,
77128911,deadAbandoned,POST AND PLAY,"Mar. 08, 2010",Imagination Holdings Pty Ltd,,hostmaster@imagination.com.au
77128695,deadAbandoned,LIFE WARE CARD,"Feb. 08, 2010",Exceptional Innovation,,
77130671,deadAbandoned,GAME ON,"Sep. 13, 2010",Daniel Daley,,dan@freedomdesign.biz
77130833,deadAbandoned,INSIGNIA ENERGY POWERING OUR FUTURE,"Feb. 15, 2010",Insignia Energy,,wcotis@insigniaenergy.net
77131135,deadAbandoned,CABO BIKINI HEALTH AND FITNESS,"Jan. 25, 2010","Mini, Lisa",,
77128917,REQUEST_FAILED,,,,,
77132969,deadAbandoned,PROVODKATIVE,"Dec. 06, 2010","California Custom Fruits and Flavors, Inc.",,
77132602,deadAbandoned,EXPERIENCE THIS! WE DARE YOU,"Feb. 15, 2010","California Custom Fruits and Flavors, Inc.",,
77132257,REQUEST_FAILED,,,,,
77133000,deadAbandoned,PROVODKATIVE FUEL YOUR PASSION,"Dec. 06, 2010","California Custom Fruits and Flavors, Inc.",,
77132587,REQUEST_FAILED,,,,,
77132593,REQUEST_FAILED,,,,,
77134314,deadAbandoned,MYSTORE,"Jan. 28, 2010","YourStore, LLC",,corp@mystore.com
77136407,deadAbandoned,METAL MULISHA,"Oct. 18, 2010","METAL MULISHA, LLC",,
77133763,REQUEST_FAILED,,,,,
77134375,REQUEST_FAILED,,,,,
77136232,deadAbandoned,STICK EM UP,"Jan. 11, 2010",SOAP & GLORY LIMITED,,juditht@brandhandling.com
77137263,REQUEST_FAILED,,,,,
77138601,deadAbandoned,WHAT HAPPENS IN VEGAS NEVER HAPPENED.,"Jan. 05, 2010",Michael DeAngelis,,cantbebawt@aol.com
77140074,deadAbandoned,STATE OF THE ARTERY,"Dec. 06, 2010","Foundation For Aneurysm Rupture Research, Inc.",,email@ffarr.org
77138920,REQUEST_FAILED,,,,,
77141428,deadAbandoned,RELA-TOX RX,"May 28, 2010",Mederi Clinicals,,info@medericlinicals.com
77141806,deadAbandoned,DREAM.BID.EXPERIENCE.,"Jun. 28, 2010",SONY MUSIC ENTERTAINMENT,,
77139643,REQUEST_FAILED,,,,,
77141992,deadAbandoned,PROFESSOR CARDWORTHY,"Jan. 18, 2010",CardTrak LLC,,
77142018,deadAbandoned,CARDWORTHY,"Feb. 01, 2010",CardTrak LLC,,
77141517,REQUEST_FAILED,,,,,
77141645,REQUEST_FAILED,,,,,
77142819,REQUEST_FAILED,,,,,
77144435,deadAbandoned,"DON'T WAIT TO BUY REAL ESTATE, BUY REAL ESTATE AND WAIT","Feb. 15, 2010","Wojtas Jr., Theodore",,
77145774,deadAbandoned,OUT IS IN.,"Aug. 16, 2010","Christy, Margaret",,mbuck35@aol.com
77144392,REQUEST_FAILED,,,,,
77144637,REQUEST_FAILED,,,,,
77145382,REQUEST_FAILED,,,,,
77147907,deadAbandoned,THE ORIGINAL RELAXATION GUM,"Aug. 09, 2010","SleepCo, Inc.",,
77147916,deadAbandoned,THE ORIGINAL RELAXATION BAR,"Aug. 09, 2010","SleepCo, Inc.",,
77147932,deadAbandoned,THE ORIGINAL RELAXATION SNACKS,"Aug. 09, 2010","SleepCo, Inc.",,
77147251,REQUEST_FAILED,,,,,
77148436,REQUEST_FAILED,,,,,
77150829,deadAbandoned,ICONIC RECORDS,"Jan. 18, 2010","Iconic Records, LLC",,
77150972,deadAbandoned,ROSETTAPHONE,"Jun. 28, 2010",RosettaPhone LLC,,
77151671,deadAbandoned,GRIND TIME,"Sep. 03, 2010","Johnson, James C.",,hagapparel@gmail.com
77150385,REQUEST_FAILED,,,,,
77152674,deadAbandoned,BELIEVE,"Jul. 05, 2010","Meade, Wesley C.",,
77152312,REQUEST_FAILED,,,,,
77154655,REQUEST_FAILED,,,,,
77157891,deadAbandoned,RATIOWRITER,"Feb. 22, 2010",CTM Associates LLC,,whayford@ctmassociatesllc.com
77154799,REQUEST_FAILED,,,,,
77157904,deadAbandoned,RATIOWRITER,"Feb. 22, 2010",CTM Associates LLC,,whayford@ctmassociatesllc.com
77160819,deadAbandoned,CLIP&WRAP,"Aug. 23, 2010","Moore, Elizabeth A.",,mooreelizabeth@comcast.net
77158858,REQUEST_FAILED,,,,,
77161267,deadAbandoned,BEAUTY BUYBLE,"Apr. 20, 2010",Paula Conway,,Paula@paulaconway.com
77160213,REQUEST_FAILED,,,,,
77161147,deadAbandoned,BRING YOUR IDEAS TO FRUITION,"Dec. 20, 2010","California Custom Fruits and Flavors, Inc.",,
77163833,deadAbandoned,TEENAGE MILLIONAIRE,"Mar. 04, 2010","Williams, Douglas",,joe@builtentertainment.com
77161905,REQUEST_FAILED,,,,,
77164387,REQUEST_FAILED,,,,,
77165145,REQUEST_FAILED,,,,,
77165084,REQUEST_FAILED,,,,,
77167129,deadAbandoned,TAIN'D,"Sep. 21, 2010","Wong, Maynor",,DWongWay@gmail.com
77168495,deadAbandoned,MENTALLY ILL,"May 10, 2010","Po, Jill L.",,jillleannpo@aol.com
77167910,deadAbandoned,PRODUCE PETE'S FRESH HARVEST,"Sep. 06, 2010","Produce Pete's Fresh Harvest, Inc.",,
77168572,deadAbandoned,RAINBOWTCP,"Sep. 27, 2010",Appex Networks LLC.,,wang_yd@yahoo.com
77169396,deadAbandoned,SEAL SHIELD,"Jul. 06, 2010",Seal Shield Corporation,,
77167222,REQUEST_FAILED,,,,,
77169770,deadAbandoned,JIVE,"Feb. 15, 2010",Starworks Production Co. Ltd.,,
77169460,deadAbandoned,SEAL FLEX,"Jul. 06, 2010",Seal Shield Corporation,,
77169768,deadAbandoned,VIBE,"Jul. 29, 2010",Starworks Production Co. Ltd.,,
77171594,deadAbandoned,FAMILY'S BEST,"Mar. 22, 2010","Safcol USA, Inc.",,tmregistered@gmail.com
77170511,REQUEST_FAILED,,,,,
77172664,deadAbandoned,THE WORLDS FIRST SPARKLING VODKA. THE SECRET IS IN THE BUBBLES.,"Apr. 16, 2010",Maitland-Kraft philip,,ieduk@yahoo.com
77173773,deadAbandoned,EDGEXPRESS,"Jul. 19, 2010","FTEN, Inc.",,
77173776,deadAbandoned,EX,"Jul. 19, 2010","FTEN, Inc.",,
77172358,REQUEST_FAILED,,,,,
77174285,deadAbandoned,IONU,"Jan. 25, 2010","Pernesiglio, Jason",,
77172784,REQUEST_FAILED,,,,,
77174066,deadAbandoned,MOBIESTORY,"Aug. 23, 2010","ICI Enterprises, LLC",,
77172791,REQUEST_FAILED,,,,,
77173662,REQUEST_FAILED,,,,,
77178392,deadAbandoned,PROFY,"Jan. 11, 2010",Korsun Alexander,,
77179130,deadAbandoned,HEALTH@NYWHERE,"Feb. 22, 2010",IgeaCare Systems Inc.,,
77176030,REQUEST_FAILED,,,,,
77176056,REQUEST_FAILED,,,,,
77176761,REQUEST_FAILED,,,,,
77178351,REQUEST_FAILED,,,,,
77180031,deadAbandoned,METAL MULISHA,"Oct. 18, 2010","METAL MULISHA, LLC",,
77179532,REQUEST_FAILED,,,,,
77181217,deadAbandoned,INCORE FITNESS,"Feb. 08, 2010","InCore Fitness, LLC",,
77180872,deadAbandoned,DAVENPORT CELLARS LLC,"Jan. 22, 2010",Davenport Cellars LLC,,jjirka@qwest.net
77180187,REQUEST_FAILED,,,,,
77181339,REQUEST_FAILED,,,,,
77181902,REQUEST_FAILED,,,,,
77185399,deadAbandoned,NUARCH,"Feb. 22, 2010",Nature's Foot and Spine,,ta44pto@earthlink.net
77183421,deadAbandoned,NOONMARK,"Jul. 07, 2010",NoonMark Advisors LLC,,
77186296,deadAbandoned,PUSHBUTTONMUSIC PLAYER,"Nov. 08, 2010","PushButtonMusic.com, LLC",,
77186298,deadAbandoned,PUSHBUTTONMUSIC PLAYER,"Jun. 17, 2010","PushButtonMusic.com, LLC",,
77186284,deadAbandoned,PUSHBUTTONMUSIC,"Oct. 04, 2010","PushButtonMusic.com, LLC",,
77187391,deadAbandoned,PUSHBUTTONMUSIC PLAYER,"Jun. 29, 2010","PushButtonMusic.com, LLC",,
77186379,REQUEST_FAILED,,,,,
77186504,REQUEST_FAILED,,,,,
77191558,deadAbandoned,TRUTH OR LIES,"Mar. 15, 2010",Imagination Holdings Pty Ltd,,sarah.wishart@imagination.com.au
77191512,deadAbandoned,WILD FARMS,"Jun. 02, 2010",Sidney P Mitchell,,sid.mitchell@gmail.com
77189343,REQUEST_FAILED,,,,,
77191509,REQUEST_FAILED,,,,,
77191875,REQUEST_FAILED,,,,,
77192449,REQUEST_FAILED,,,,,
77195213,deadAbandoned,ECONSCIOUS MARKET,"Mar. 15, 2010","ECONSCIOUS MARKET, INC.",,
77195306,deadAbandoned,MANISH ARORA,"Mar. 08, 2010",Three Clothing Private Limited,,
77194128,REQUEST_FAILED,,,,,
77195024,REQUEST_FAILED,,,,,
77196622,REQUEST_FAILED,,,,,
77198606,deadAbandoned,INTENZZA PAPAYA,"Feb. 25, 2010","ESPECIALISTAS EN PAPAYAS, S.A. DE C.V.",,etorresmt@gmail.com
77198372,deadAbandoned,VIDEO BY RADIO,"May 10, 2010","NextShow Entertainment, Inc.",,
77197698,REQUEST_FAILED,,,,,
77199618,deadAbandoned,TABS PROFITMASTER,"Jan. 07, 2010","TABS Group, Inc.",,dustin@jjoynergroup.com
77198212,deadAbandoned,HALO,"Apr. 13, 2010",Halo Labs LLC,,jfrumin1@aol.com
77202609,deadAbandoned,RED'S,"Jan. 25, 2010","Feldman, Marvin R.",,marvinfeldman@att.net.mx
77200857,REQUEST_FAILED,,,,,
77202327,deadAbandoned,RAPIDERM,"Oct. 04, 2010","ZAZZA TECHNOLOGIES, LLC",,
77202090,REQUEST_FAILED,,,,,
77204302,deadAbandoned,SOIGNEE,"Oct. 29, 2010","Gregory, Clarita",,cwginternational@yahoo.com
77204246,deadAbandoned,INTELLIBEAR,"Nov. 22, 2010","Jones, Yusuf",,yj936@yahoo.com
77204348,REQUEST_FAILED,,,,,
77204683,REQUEST_FAILED,,,,,
77205102,REQUEST_FAILED,,,,,
77207308,deadAbandoned,SOURPUSS,"Mar. 15, 2010","Circle City Marketing & Distributing, Inc.",,
77208093,deadAbandoned,ICELANDIA,"Feb. 08, 2010","Shockley, Jeremy",,jasteinsson@gmail.com
77209112,deadAbandoned,HOLLYGOOD,"Mar. 15, 2010",Imagination Holdings Pty Ltd,,hostmaster@imagination.com.au
77210677,deadAbandoned,NIGHTLYTE,"Mar. 22, 2010","LCM Pharmaceutical, Inc.",,lcmpharma@cox.net
77210928,deadAbandoned,WAGZ,"Aug. 16, 2010","WAGZ OF COLORADO, LLC",,
77210671,deadAbandoned,DAYLYTE,"Sep. 20, 2010","LCM Pharmaceutical, Inc.",,lcmpharma@cox.net
77209133,REQUEST_FAILED,,,,,
77211215,deadAbandoned,None,"Aug. 23, 2010","C3 Medical Technologies, Inc.",,
77209436,REQUEST_FAILED,,,,,
77211282,deadAbandoned,INNOVATING PATHWAYS TO BIPHASE PHOTONIC STIMULATION,"Mar. 08, 2010","C3 Medical Technologies, Inc.",,
77210183,REQUEST_FAILED,,,,,
77211305,REQUEST_FAILED,,,,,
77211515,REQUEST_FAILED,,,,,
77211708,REQUEST_FAILED,,,,,
77213299,deadAbandoned,DOUGH MAKER,"Sep. 20, 2010","ADRENALIN GAMING, LLC.",,scott@adrenalingaming.com
77213990,REQUEST_FAILED,,,,,
77215042,REQUEST_FAILED,,,,,
77215213,REQUEST_FAILED,,,,,
77221292,deadAbandoned,AMERICAN LEGACY PRODUCTS,"Jul. 13, 2010",American Legacy Products,,
77219627,REQUEST_FAILED,,,,,
77219795,REQUEST_FAILED,,,,,
77222141,deadAbandoned,SCRIBE,"Nov. 02, 2010",U.S.A. SCRIBE GROUP INC.,,evergreen1103@gmail.com
77222165,deadAbandoned,ESTRING BAGS DON'T COST THE EARTH,"May 07, 2010",Palmina Corporation Pty Ltd,,
77221638,REQUEST_FAILED,,,,,
77224678,deadAbandoned,FAITH FACTOR,"Mar. 29, 2010","Liberty Counsel, Inc.",,astaver@LC.org
77225493,deadAbandoned,ZIPPY JOE,"Apr. 05, 2010","Mergeon Ventures, LLC",,n_macris@yahoo.com
77222388,REQUEST_FAILED,,,,,
77223446,REQUEST_FAILED,,,,,
77227373,deadAbandoned,COSHOPERATE,"Mar. 23, 2010",Benjamin J Fieri,,coshoperate@gmail.com
77223607,REQUEST_FAILED,,,,,
77228441,deadAbandoned,GO GREEN ELECTRIC,"Aug. 10, 2010","Meade, Jonathan Bradley",,JonathanBMeade@yahoo.com
77226103,REQUEST_FAILED,,,,,
77229287,deadAbandoned,P.S. BLU,"Mar. 29, 2010",Stacy Dalgleish,,sdalgleish@aol.com
77228568,deadAbandoned,REFLECTIONS EXFOLIATING CLEANSER,"Dec. 13, 2010","Gossi, Ltd.",,
77228233,REQUEST_FAILED,,,,,
77229147,REQUEST_FAILED,,,,,
77230493,REQUEST_FAILED,,,,,
77232208,deadAbandoned,TRUPITCH,"Nov. 08, 2010",Ubisoft Entertainment S.A.,,
77232719,deadAbandoned,MINEQ,"May 06, 2010",YSB World Corp.,,INJUNHWANG89@YAHOO.COM
77231809,REQUEST_FAILED,,,,,
77232881,deadAbandoned,PRO PLAYER,"Nov. 29, 2010","PEI LICENSING, INC.",,
77233472,deadAbandoned,BOB WILLS' TEXAS PLAYBOYS,"Jun. 07, 2010","The Estate of Bob Wills, Inc.",,tfranch@aol.com
77232767,REQUEST_FAILED,,,,,
77233451,REQUEST_FAILED,,,,,
77233756,REQUEST_FAILED,,,,,
77235497,deadAbandoned,RAYSTA,"Jan. 22, 2010",RAYSTA INC.,,allan@raysta.com
77234188,REQUEST_FAILED,,,,,
77236759,deadAbandoned,THE HAPPY HANDBOOK OF ONE-PAGE WONDERS,"Jan. 04, 2010","HARCUM, MARY, J",,maryharcum@hotmail.com
77234606,REQUEST_FAILED,,,,,
77236776,deadAbandoned,FOXHALL FARM,"Apr. 26, 2010","WHM Foxhall SPE, LLC",,
77237529,deadAbandoned,FORTUNE GIRLS,"Oct. 18, 2010","Puppyfish Too, LLC",,
77235805,REQUEST_FAILED,,,,,
77236348,REQUEST_FAILED,,,,,
77237517,deadAbandoned,FORTUNE GIRLS,"Oct. 18, 2010","Puppyfish Too, LLC",,
77236771,REQUEST_FAILED,,,,,
77236830,REQUEST_FAILED,,,,,
77237609,REQUEST_FAILED,,,,,
77239926,deadAbandoned,I-H20,"Jun. 28, 2010",Actis Global Ventures,,
77240688,REQUEST_FAILED,,,,,
77240075,REQUEST_FAILED,,,,,
77242869,deadAbandoned,ONE EARTH BANK,"Apr. 26, 2010","One Earth Bank Holdings, Inc.",,
77244865,deadAbandoned,TCE,"Mar. 04, 2010","NeuroFocus, Inc.",,
77244962,deadAbandoned,PROPHUZION NEW YORK PARIS LONDON SYDNEY,"Apr. 19, 2010",Prophuzion Laboratories,,sales@prophuzion.com
77245665,deadAbandoned,FASTATTACH SAFETY SYSTEM,"Sep. 27, 2010","Homer TLC, Inc.",,trade_marks@homedepot.com
77244322,REQUEST_FAILED,,,,,
77245343,REQUEST_FAILED,,,,,
77246013,REQUEST_FAILED,,,,,
77247192,REQUEST_FAILED,,,,,
77247296,REQUEST_FAILED,,,,,
77248664,REQUEST_FAILED,,,,,
77248420,REQUEST_FAILED,,,,,
77250612,deadAbandoned,HOME READER,"Apr. 27, 2010","Tom & Jerry, Inc.",,RWANG@CITYWIDEMEDIA.NET
77250457,REQUEST_FAILED,,,,,
77251145,deadAbandoned,COUNTERSPY,"Nov. 08, 2010","Ubisoft, Inc.",,
77251149,deadAbandoned,COUNTERSPY,"Nov. 08, 2010","Ubisoft, Inc.",,
77250459,REQUEST_FAILED,,,,,
77250837,deadAbandoned,NEW YORK LITTLE JOE BY GAIL ELLIOTT,"Mar. 16, 2010",ANTRIM MANSIONS LTD.,,
77250840,REQUEST_FAILED,,,,,
77251206,REQUEST_FAILED,,,,,
77251837,REQUEST_FAILED,,,,,
77253024,REQUEST_FAILED,,,,,
77254974,deadAbandoned,HOUSEFINDERONLINE.NET,"Apr. 28, 2010","Tom & Jerry, Inc.",,RWANG@CITYWIDEMEDIA.NET
77254302,REQUEST_FAILED,,,,,
77256467,deadAbandoned,KID-FIT,"Aug. 03, 2010","Aerobic Fitness Consultants, Inc.",,michele@kid-fit.com
77254477,REQUEST_FAILED,,,,,
77258386,deadAbandoned,FATTOC,"Oct. 11, 2010","Financial Asset Trading & Technology of California, LLC",,
77258185,deadAbandoned,THAT'S WHAT GIRLS DO...SHOP!,"May 31, 2010","Braime, Yvonne",,
77257312,REQUEST_FAILED,,,,,
77257789,REQUEST_FAILED,,,,,
77258665,REQUEST_FAILED,,,,,
77258698,REQUEST_FAILED,,,,,
77258703,REQUEST_FAILED,,,,,
77260146,deadAbandoned,REPUBLIC MFG,"Jul. 28, 2010",Republic Inc.,,republicinc@roadrunner.com
77259482,deadAbandoned,DEWIT SCRAPBOOKING,"Jul. 16, 2010",Dave Walters,,
77262333,deadAbandoned,THE THINKHER,"May 24, 2010",The ThinkHer LLC,,dawn@thethinkher.com
77260777,REQUEST_FAILED,,,,,
77261091,REQUEST_FAILED,,,,,
77262625,deadAbandoned,NEURORATING,"Mar. 04, 2010","NeuroFocus, Inc.",,
77262720,deadAbandoned,ROCIO,"Nov. 26, 2010","Homer TLC, Inc.",,trade_marks@homedepot.com
77262332,REQUEST_FAILED,,,,,
77264065,deadAbandoned,NEXTSHOW ENTERTAINMENT,"Jun. 14, 2010","NextShow Entertainment, Inc.",,
77263841,deadAbandoned,COSMOGATEWAY,"Jan. 19, 2010",Cosmogateway Inc,,info@mig21scientific.com
77264080,deadAbandoned,NEXT SHOW ENTERTAINMENT,"Jun. 14, 2010","NextShow Entertainment, Inc.",,
77264083,deadAbandoned,MUSTANG RECORDS,"Jun. 14, 2010","NextShow Entertainment, Inc.",,
77264050,REQUEST_FAILED,,,,,
77264073,REQUEST_FAILED,,,,,
77264326,REQUEST_FAILED,,,,,
77265074,REQUEST_FAILED,,,,,
77265670,REQUEST_FAILED,,,,,
77266204,REQUEST_FAILED,,,,,
77268929,deadAbandoned,CLANA,"Jul. 07, 2010","Lee, Kwang Heui",,its_fresh@hotmail.com
77267716,REQUEST_FAILED,,,,,
77269598,deadAbandoned,BODYMECHANICS,"May 25, 2010","bodyMechanics Massage Therapy, LLC",,admin@bodymechanicsweb.com
77269742,deadAbandoned,EAT THIS,"Jul. 12, 2010",Christina Brooks DiGiacomo,,
77268457,REQUEST_FAILED,,,,,
77270340,deadAbandoned,NEXUS GOVERNMENT SYSTEMS,"Jan. 04, 2010","ProActivIT, LLC",,mlindsay@proactiv-i-t.com
77269224,REQUEST_FAILED,,,,,
77269232,REQUEST_FAILED,,,,,
77270391,REQUEST_FAILED,,,,,
77272061,deadAbandoned,ONE TOUCH BIONIC BLADE,"May 17, 2010","STALEX HOLDINGS, LLC",,
77270454,REQUEST_FAILED,,,,,
77271489,REQUEST_FAILED,,,,,
77273070,deadAbandoned,SHENIQUE,"Jun. 28, 2010","WILLIAMS, Sheikera",,
77273426,deadAbandoned,None,"Jun. 21, 2010","Baba Quan Holdings, LLC",,
77274286,deadAbandoned,REALTY WINDOW,"Apr. 28, 2010","Tom & Jerry, Inc.",,RWANG@CITYWIDEMEDIA.NET
77273355,REQUEST_FAILED,,,,,
77273661,REQUEST_FAILED,,,,,
77274538,REQUEST_FAILED,,,,,
77274971,deadAbandoned,"RYDE 907 '' I DONT GET AIR, I TAKE IT ''","Mar. 24, 2010",Ramirez Martin,,justpattyr@hotmail.com
77274829,REQUEST_FAILED,,,,,
77275969,deadAbandoned,HBG,"May 31, 2010","Wright, Kenneth W.",,mwright@hbgfoods.com
77276085,deadAbandoned,GOTECH,"Feb. 04, 2010","Conwide Electric Appliance Co., LTD",,nick@conwide.cn
77275202,REQUEST_FAILED,,,,,
77275779,REQUEST_FAILED,,,,,
77275982,REQUEST_FAILED,,,,,
77277676,deadAbandoned,DOWNLOAD FOR THE ROAD,"Apr. 05, 2010","Gandolfo, Gary F",,garygandolfo@hotmail.com
77277259,deadAbandoned,SMACK,"Mar. 02, 2010",3WAY Enterprises,,cmuotoh@hotmail.com
77279085,deadAbandoned,CURBCARE,"Jun. 28, 2010",CURBCARE LLC,,
77277736,REQUEST_FAILED,,,,,
77277806,REQUEST_FAILED,,,,,
77279992,deadAbandoned,BOB WILLS,"Oct. 18, 2010","The Estate of Bob Wills, Inc.",,tfranch@aol.com
77279535,REQUEST_FAILED,,,,,
77280405,REQUEST_FAILED,,,,,
77280424,REQUEST_FAILED,,,,,
77282337,deadAbandoned,PUFF PUFF,"Jul. 05, 2010","Abandon Mobile, LLC",,
77283639,deadAbandoned,OPTIMOTION,"Aug. 30, 2010","Zimmerman, Jeffrey",,
77284999,REQUEST_FAILED,,,,,
77286394,REQUEST_FAILED,,,,,
77286678,deadAbandoned,QR TRIVIA,"Apr. 19, 2010",Imagination Holdings Pty Ltd,,hostmaster@imagination.com.au
77286526,REQUEST_FAILED,,,,,
77288942,deadAbandoned,BEGURPARDON?! EST. 2007,"Dec. 27, 2010","Stephens, Christopher",,uniquevisionz@hotmail.com
77289757,deadAbandoned,ROYALE FELT,"Jan. 11, 2010","SBL Ventures, Inc.",,
77288908,REQUEST_FAILED,,,,,
77289013,REQUEST_FAILED,,,,,
77289400,REQUEST_FAILED,,,,,
77291438,deadAbandoned,LEAN DYNAMICS,"Apr. 12, 2010","Ruffa, Stephen A.",,sruffa@verizon.net
77291219,deadAbandoned,IDEA SUPERHIGHWAY,"Jul. 26, 2010","Lindsey, Charles C.",,
77290997,REQUEST_FAILED,,,,,
77292427,deadAbandoned,ICELAND,"Feb. 25, 2010","Steinsson, Jon",,js@steinsson.com
77292344,deadAbandoned,SM,"May 10, 2010","Howland, Susan M.",,howlandsusan@hotmail.com
77292436,deadAbandoned,GREEN ICE,"May 31, 2010","Steinsson, Jon",,js@steinsson.com
77292026,REQUEST_FAILED,,,,,
77292418,REQUEST_FAILED,,,,,
77295021,deadAbandoned,CONCEALED,"Aug. 09, 2010","Ubisoft, Inc",,
77292741,REQUEST_FAILED,,,,,
77295582,REQUEST_FAILED,,,,,
77295640,REQUEST_FAILED,,,,,
77295659,REQUEST_FAILED,,,,,
77295801,deadAbandoned,ALKALINE WATER,"Dec. 13, 2010","LEWIS, LOUIS M.",,
77296211,deadAbandoned,BEACH BUNNY BAGS 'FROM BASKET LINER TO HANDBAG',"Jun. 07, 2010",Kimberly Westover-Dorand,,kimberly@beachbunnybags.com
77296200,deadAbandoned,HOLLYWOOD ROYALTY,"Jan. 11, 2010","3 Bar H Productions, LLC",,
77296918,deadAbandoned,COMPUTER INTELLIGENCE INC,"Feb. 15, 2010","Computer Intelligence, Inc.",,
77296867,deadAbandoned,COMPUTER INTELLIGENCE,"Feb. 15, 2010","Computer Intelligence, Inc.",,
77296470,REQUEST_FAILED,,,,,
77298164,deadAbandoned,JUNGLEBERRY,"Jul. 19, 2010",Baixo Acre Producao de Sucos de Frutas Importacao e Exportacao Ltda.,,richcain@yahoo.com
77297697,REQUEST_FAILED,,,,,
77299616,REQUEST_FAILED,,,,,
77300902,REQUEST_FAILED,,,,,
77303442,deadAbandoned,LOWERCASE,"Dec. 15, 2010","Beck, Charles G",,harleshell@hotmail.com
77302408,REQUEST_FAILED,,,,,
77303544,deadAbandoned,PUMA,"May 10, 2010","UNITED BRANDS INTERNATIONAL,INC.",,cyrusafifi2@yahoo.com
77302757,REQUEST_FAILED,,,,,
77303526,deadAbandoned,MANGO,"Oct. 22, 2010","UNITED BRANDS INTERNATIONAL,INC.",,cyrusafifi2@yahoo.com
77303447,REQUEST_FAILED,,,,,
77303449,REQUEST_FAILED,,,,,
77303519,REQUEST_FAILED,,,,,
77305482,deadAbandoned,PULMOBIND,"Jul. 26, 2010",PulmoScience Inc.,,fortiman@aei.ca
77303632,REQUEST_FAILED,,,,,
77305798,deadAbandoned,WHAT DO YOU DO?,"Jan. 11, 2010","Creaven, James Anthony",,tomcreaven@onetel.com
77305934,deadAbandoned,THE GREEN OPINION,"Sep. 13, 2010","The Green Opinion, LLC",,
77304891,REQUEST_FAILED,,,,,
77306177,deadAbandoned,EXPRESSIONZZ,"Apr. 12, 2010","Greenberg, Shai",,
77305409,REQUEST_FAILED,,,,,
77305992,REQUEST_FAILED,,,,,
77307040,REQUEST_FAILED,,,,,
77307182,REQUEST_FAILED,,,,,
77308162,REQUEST_FAILED,,,,,
77309371,deadAbandoned,CLIMATUS,"Feb. 15, 2010","Asante, Kwabena O.",,asante@climatus.com
77309085,deadAbandoned,DON'T TOUCH,"Feb. 01, 2010","Krikorian, John M.",,
77309706,deadAbandoned,EVO TRACK,"Jan. 04, 2010","RJM Software, Inc",,dmitchell@rjmsoftware.com
77309137,deadAbandoned,YARSYS,"Jan. 24, 2010",Yarsys Inc.,,corporate@yarsys.com
77310084,deadAbandoned,WIGHT TACK & GYBE RESPONSIBLY,"Feb. 23, 2010",50 Degrees North Ltd,,Ritu@50degreesnorth.co.uk
77309904,REQUEST_FAILED,,,,,
77310220,REQUEST_FAILED,,,,,
77310316,REQUEST_FAILED,,,,,
77310977,deadAbandoned,PARADISE EARTH,"Jul. 12, 2010","Calvin Enterprises, Inc.",,
77311694,deadAbandoned,THE ELEMENT OF CLEAN,"Aug. 02, 2010","Monster Medic, Inc.",,
77311199,deadAbandoned,CRANBERRIES FRESH FOODS MARKET,"Aug. 30, 2010","Calvin Enterprises, Inc.",,
77311689,deadAbandoned,NANO47,"Aug. 02, 2010","Monster Medic, Inc.",,
77311462,deadAbandoned,ND'S HAVANA NIGHT SHOW,"Sep. 13, 2010","ND Rights, LLC",,
77311661,REQUEST_FAILED,,,,,
77311916,REQUEST_FAILED,,,,,
77312347,REQUEST_FAILED,,,,,
77312876,REQUEST_FAILED,,,,,
77314655,deadAbandoned,BLOODLUST,"Aug. 02, 2010",Ubisoft Inc,,
77314689,deadAbandoned,GLOOM,"Aug. 02, 2010",Ubisoft Inc,,
77313955,REQUEST_FAILED,,,,,
77314190,REQUEST_FAILED,,,,,
77316656,deadAbandoned,FLASH-LYTES,"Aug. 09, 2010","LCM Pharmaceutical, Inc.",,lcmpharma@cox.net
77316663,deadAbandoned,L'EKTROLYTE,"Sep. 20, 2010","LCM Pharmaceutical, Inc.",,lcmpharma@cox.net
77315218,REQUEST_FAILED,,,,,
77315815,REQUEST_FAILED,,,,,
77317531,deadAbandoned,KRILIX,"May 19, 2010",Krilix,,scourcoux@hotmail.com
77316765,REQUEST_FAILED,,,,,
77317581,REQUEST_FAILED,,,,,
77318625,deadAbandoned,J&O'S PAKNGO,"Jul. 26, 2010","Pak N Go Shipping Centers, Inc.",,
77318638,deadAbandoned,J&O'S PAKNGO,"Jul. 19, 2010","Pak N Go Shipping Centers, Inc.",,
77318522,deadAbandoned,J&O'S PAKNGO,"Jul. 19, 2010","Pak N Go Shipping Centers, Inc.",,
77318631,deadAbandoned,J&O'S PAKNGO,"Jul. 26, 2010","Pak N Go Shipping Centers, Inc.",,
77318287,REQUEST_FAILED,,,,,
77318646,deadAbandoned,J&O'S PAKNGO,"Jul. 05, 2010","Pak N Go Shipping Centers, Inc.",,
77319147,deadAbandoned,None,"Jul. 07, 2010",Meredith Corporation,,mlerner@ssbb.com
77318641,deadAbandoned,J&O'S PAKNGO,"Jul. 05, 2010","Pak N Go Shipping Centers, Inc.",,
77318640,deadAbandoned,J&O'S PAKNGO,"Jul. 05, 2010","Pak N Go Shipping Centers, Inc.",,
77319609,deadAbandoned,None,"Feb. 04, 2010","SHANGHAI GIANT NETWORK TECHNOLOGY CO., LTD.",,
77319614,deadAbandoned,None,"Feb. 04, 2010","SHANGHAI GIANT NETWORK TECHNOLOGY CO., LTD.",,
77318536,REQUEST_FAILED,,,,,
77319615,deadAbandoned,None,"Feb. 04, 2010","SHANGHAI GIANT NETWORK TECHNOLOGY CO., LTD.",,
77320488,deadAbandoned,ORFANATO MUSIC GROUP,"Jan. 04, 2010",William Landron,,rivera105@att.blackberry.net
77320692,deadAbandoned,JOINTWELL,"Mar. 27, 2010","Qingdao Huifeng Caps Co.,Ltd.",,wangjiarui123@yahoo.com.cn
77321636,deadAbandoned,WESTERN AIRLINES,"Apr. 19, 2010","Lee, Michael J",,mlee@thorappliances.com
77320671,deadAbandoned,E ELEVATION PHOTOS,"Feb. 01, 2010",Elevation Photos,,info@elevationphotos.com
77320178,REQUEST_FAILED,,,,,
77320639,REQUEST_FAILED,,,,,
77321752,REQUEST_FAILED,,,,,
77323060,deadAbandoned,HAWAII BUZZ,"Mar. 08, 2010",BABI International Corp.,,
77322318,deadAbandoned,PRC PROSPERCITY- THE STRONGER YOUR STRUGGLE THE GREATER YOUR STORY,"Jan. 14, 2010","Allen, Davone",,ETAMADEVELOPMENT@HOTMAIL.COM
77322400,REQUEST_FAILED,,,,,
77324255,deadAbandoned,SMOKIN',"Jun. 21, 2010","Wong, Ching Him Bennie",,
77323045,REQUEST_FAILED,,,,,
77323514,REQUEST_FAILED,,,,,
77323727,REQUEST_FAILED,,,,,
77325407,REQUEST_FAILED,,,,,
77326357,REQUEST_FAILED,,,,,
77327666,deadAbandoned,DON'T LET UP ATHLETICS/DLU ATHLETICS,"Jan. 01, 2010","Alexander, Stephen C.",,steviealexander@hotmail.com
77326655,REQUEST_FAILED,,,,,
77328744,deadAbandoned,FRESH2DEATH,"Mar. 01, 2010",Fresh2death,,jpeterso01@gmail.com
77328843,deadAbandoned,SNOOZE EXPRESS,"Mar. 15, 2010",680934 BC INC,,liz.s@shaw.ca
77328638,REQUEST_FAILED,,,,,
77329052,REQUEST_FAILED,,,,,
77329251,REQUEST_FAILED,,,,,
77329662,REQUEST_FAILED,,,,,
77330080,deadAbandoned,STATBEAST STATBEAST 1 3 4,"Feb. 08, 2010","MyZaca, LLC",,jmowbra@gmail.com
77330015,deadAbandoned,None,"Mar. 09, 2010","Cheung, Wai Kee",,
77330093,deadAbandoned,STATBEAST,"Feb. 08, 2010","MyZaca, LLC",,jmowbra@gmail.com
77330016,deadAbandoned,SUPPLEMENTS COMPARED,"Aug. 16, 2010",Supplements Compared Limited,,nkcrawford@aol.com
77329845,REQUEST_FAILED,,,,,
77330008,REQUEST_FAILED,,,,,
77331370,deadAbandoned,GO GREEN OMAN,"Feb. 22, 2010","Seachris, Rachel",,Simark1@aol.com
77330465,REQUEST_FAILED,,,,,
77330455,REQUEST_FAILED,,,,,
77332283,deadAbandoned,OVERTONE ACCESSORIES,"Jan. 25, 2010","BRIDGES, BRADY",,
77331560,deadAbandoned,SACK PACK,"Feb. 07, 2010","Ready Two Go, LLC",,
77332510,deadAbandoned,ECOEARTH,"Aug. 30, 2010","Fletcher-Hunt, Michael Joseph",,fletcherhunt@tiscali.co.uk
77331964,REQUEST_FAILED,,,,,
77332579,deadAbandoned,NEBUL.US,"Aug. 02, 2010","Huf, Alexander P.",,alexhuf@gmail.com
77332963,deadAbandoned,ATTITUDE,"Mar. 16, 2010",Zazen (culture) ltd,,alberto@zazenculture.com
77332431,REQUEST_FAILED,,,,,
77332606,REQUEST_FAILED,,,,,
77335515,deadAbandoned,VILLAIN,"Jun. 23, 2010",Jonathan Holbert,,
77335706,deadAbandoned,IMAGINE ME,"Jan. 25, 2010",TransGlobal Communications Group Inc.,,
77335753,deadAbandoned,MIDCAL,"May 05, 2010",Rich Ulrick III,,midcalclothing@gmail.com
77336183,deadAbandoned,MATRIX SAILS,"May 11, 2010",China Sail Factory Limited,,john-brodie@china-sail-factory.com
77335439,REQUEST_FAILED,,,,,
77336871,deadAbandoned,THE INSPIRED YOU,"Jul. 08, 2010","Braveheart Productions, Inc.",,
77336244,REQUEST_FAILED,,,,,
77335984,REQUEST_FAILED,,,,,
77337229,deadAbandoned,SCORCHER,"Oct. 08, 2010",Greenspeed Pty Ltd,,jerome@greenspeed.com.au
77336976,REQUEST_FAILED,,,,,
77337320,REQUEST_FAILED,,,,,
77338564,REQUEST_FAILED,,,,,
77340371,deadAbandoned,DASHBOARD STUDIO,"Jan. 25, 2010",Kwantum s.c.,,piotr.motyka@kwantum.pl
77339736,deadAbandoned,ALL OHIO PRIME TIME SPORTING GOODS,"Dec. 27, 2010","Prime Time Sporting Goods, LLC",,
77339575,REQUEST_FAILED,,,,,
77340157,REQUEST_FAILED,,,,,
77341466,deadAbandoned,GOLDEN ELEMENTS,"Feb. 22, 2010","A-1 Textiles & Hospitality Products, Inc.",,mark@a1textiles.com
77341823,deadAbandoned,NATIONAL HEART FAILURE TRAINING PROGRAM N-HEFT,"Mar. 22, 2010","Pina, Ileana L.",,dgrillo@grilloip.com
77341969,deadAbandoned,BABY GIANT,"Jan. 05, 2010","Pezzullo, Antonio C",,babyGIANTone@aol.com
77341034,REQUEST_FAILED,,,,,
77342777,deadAbandoned,AUTO SHOP AROUND,"May 02, 2010","Bray, Kyle K.",,Auto.Shop.Around@gmail.com
77341842,REQUEST_FAILED,,,,,
77343075,deadAbandoned,AMBASSADOR 560,"Apr. 12, 2010",Ainsworth Game Technology Limited,,jason.meyer@ainsworth.com.au
77343145,deadAbandoned,THENETBIG,"Aug. 30, 2010","Edwards, Reuben C",,reuben@m-ventions.com
77342372,REQUEST_FAILED,,,,,
77343369,REQUEST_FAILED,,,,,
77343694,deadAbandoned,QUEENS ONLY,"Feb. 19, 2010","Cunningham, LaToya R.",,latoyacunningham@gmail.com
77345096,deadAbandoned,LTC PROTECT,"Jan. 25, 2010","CCP Communications, Inc",,
77344371,REQUEST_FAILED,,,,,
77345373,deadAbandoned,THE TOY STORE FOR BIG KIDS,"Aug. 16, 2010","HOMER TLC, INC.",,trade_marks@homedepot.com
77344400,REQUEST_FAILED,,,,,
77346612,deadAbandoned,EASTPHILLY,"Feb. 22, 2010","Osez Vous? International Spirits, LLC.",,phayes@jacquins.com
77345130,REQUEST_FAILED,,,,,
77347425,deadAbandoned,SUNRIDER,"Jan. 06, 2010",Koorosh Orandi,,kkorandi@gmail.com
77345563,REQUEST_FAILED,,,,,
77347621,deadAbandoned,GORGEOUS HAIR,"Oct. 14, 2010","Gogna, Dhiraj",,daniel@gorgeoushair.co.nz
77347400,REQUEST_FAILED,,,,,
77347394,REQUEST_FAILED,,,,,
77348174,REQUEST_FAILED,,,,,
77349715,deadAbandoned,COPPERHEAD,"Feb. 01, 2010","Homer TLC, Inc.",,trade_marks@homedepot.com
77348841,REQUEST_FAILED,,,,,
77349686,deadAbandoned,ISYS,"May 30, 2010","Cruzada, Nazareno",,nazcruzada@hotmail.com
77350275,deadAbandoned,ACCUBREEZE,"Aug. 02, 2010","Homer TLC, Inc.",,trade_marks@homedepot.com
77349170,REQUEST_FAILED,,,,,
77349442,REQUEST_FAILED,,,,,
77350529,REQUEST_FAILED,,,,,
77350757,REQUEST_FAILED,,,,,
77350775,REQUEST_FAILED,,,,,
77352230,deadAbandoned,HAVANA HOTEL & CASINO,"Aug. 30, 2010","ND Rights, LLC",,
77352238,deadAbandoned,HAVANA RESORT & CASINO,"Sep. 27, 2010","ND Rights, LLC",,
77352056,deadAbandoned,FAMU,"Dec. 07, 2010",Ayo Inc.,,
77351899,REQUEST_FAILED,,,,,
77351908,REQUEST_FAILED,,,,,
77352247,deadAbandoned,HAVANA RESORT & CASINO,"Sep. 27, 2010","ND Rights, LLC",,
77351993,REQUEST_FAILED,,,,,
77352195,REQUEST_FAILED,,,,,
77352334,REQUEST_FAILED,,,,,
77353379,deadAbandoned,RHYTHM RHYMES,"Mar. 08, 2010","Polashek, Timothy D.",,tim@tdpmusic.com
77353938,deadAbandoned,SYMPTOSCAN,"Mar. 08, 2010",Diabetes Sentry Products Inc,,info@diabetessentry.com
77353779,deadAbandoned,THE WORLD'S GREATEST FIGHTERS,"Jun. 21, 2010","Top Team International Holdings, LLC",,
77353022,REQUEST_FAILED,,,,,
77353169,REQUEST_FAILED,,,,,
77355231,deadAbandoned,THE TONE JUNKIES,"Oct. 19, 2010",Dave DuPre',,
77354625,deadAbandoned,ISM INSTITUTE OF IT SERVICE MANAGEMENT,"May 13, 2010",IT Service Management Forum (itSMF) Limited,,
77355393,deadAbandoned,DAILY CORE,"Apr. 12, 2010","InCore Fitness, LLC",,
77355087,REQUEST_FAILED,,,,,
77357158,deadAbandoned,GREEN WARRIOR,"Jan. 18, 2010",Valiant LLC,,eric@destroyentertainment.com
77357574,deadAbandoned,HERBALADE,"Nov. 18, 2010",Allswell Trading Pte Ltd,,
77355602,REQUEST_FAILED,,,,,
77355626,REQUEST_FAILED,,,,,
77356356,REQUEST_FAILED,,,,,
77357573,deadAbandoned,HERBALAIDE,"Nov. 18, 2010",Allswell Trading Pte Ltd,,
77358124,deadAbandoned,ONE RACE HUMAN,"May 24, 2010","Gonzalez, Patria",,
77357631,REQUEST_FAILED,,,,,
77357731,REQUEST_FAILED,,,,,
77358088,REQUEST_FAILED,,,,,
77358501,REQUEST_FAILED,,,,,
77360196,deadAbandoned,BLOG YOUR IDEAS.COM,"Feb. 09, 2010",Integral Health Plan,,David@ManningLilenfeld.com
77359738,REQUEST_FAILED,,,,,
77360669,deadAbandoned,CEO INTERN,"Sep. 06, 2010","Paulin, Prescott N",,prescottp@gmail.com
77360226,REQUEST_FAILED,,,,,
77360436,REQUEST_FAILED,,,,,
77361416,deadAbandoned,M MATHIAS WOODCRAFT,"Mar. 01, 2010","Mathias, Randall S.",,mathiaswoodcraft@bresnan.net
77360539,REQUEST_FAILED,,,,,
77361531,deadAbandoned,EMBRIGHTEN,"Feb. 15, 2010","Breitbach, David R",,clientservices@embrighten.com
77361670,deadAbandoned,MAYOR,"Nov. 08, 2010",Ubisoft Inc,,
77361249,REQUEST_FAILED,,,,,
77361669,deadAbandoned,HEAL,"Oct. 18, 2010",Ubisoft Inc,,
77361672,deadAbandoned,FIRST KISS,"Oct. 18, 2010",Ubisoft Inc,,
77361673,deadAbandoned,MY YACHT,"Oct. 04, 2010",Ubisoft Inc,,
77361746,deadAbandoned,NEO FUZION,"Apr. 12, 2010","Blackheart Holdings, Inc.",,blackheartholdings@gmail.com
77361558,REQUEST_FAILED,,,,,
77362151,deadAbandoned,TARTINI,"Feb. 01, 2010","Nix5, LLC",,
77361712,REQUEST_FAILED,,,,,
77362178,deadAbandoned,M,"Aug. 30, 2010","Wright, Mickey",,
77362141,REQUEST_FAILED,,,,,
77362879,deadAbandoned,RANITEFF,"Sep. 06, 2010",Leverage Pharma,,
77362174,REQUEST_FAILED,,,,,
77363276,deadAbandoned,ERT,"Aug. 09, 2010","LCM Pharmaceutical, Inc.",,lcmpharma@cox.net
77364548,deadAbandoned,COURBAY,"Mar. 08, 2010","Hurley, Christopher M.",,christopher.hurley@yahoo.com
77364612,deadAbandoned,C,"Mar. 15, 2010","Hurley, Christopher M.",,christopher.hurley@yahoo.com
77363938,REQUEST_FAILED,,,,,
77364118,REQUEST_FAILED,,,,,
77364252,REQUEST_FAILED,,,,,
77365076,deadAbandoned,EK ECOKOTE A REVOLUTION IN MARINE PAINT,"Aug. 02, 2010",Jason Naglich,,jnaglich@ecokote.com
77365115,REQUEST_FAILED,,,,,
77365360,REQUEST_FAILED,,,,,
77365879,REQUEST_FAILED,,,,,
77367244,deadAbandoned,HOME SCENTUALS,"Jun. 07, 2010","Sammons, Lynne A",,lynnesammons@gmail.com
77368324,deadAbandoned,PHÖNIX SOLAR THERMAL ENERGY,"Dec. 17, 2010",Phönix SonnenWärme AG,,sascha.schanz@sonnenwaermeag.de
77367694,REQUEST_FAILED,,,,,
77368019,REQUEST_FAILED,,,,,
77368099,REQUEST_FAILED,,,,,
77368197,REQUEST_FAILED,,,,,
77369142,deadAbandoned,TEXVENT,"Sep. 27, 2010",Xiangshan Hengyu Plastic Co Ltd,,webmaster@china-ventilation.com
77370172,deadAbandoned,THE OTHERWORLD,"Mar. 29, 2010",JONES Clare Robin,,clare25@optusnet.com.au
77369476,REQUEST_FAILED,,,,,
77370151,deadAbandoned,THE CARNYVORES,"Sep. 20, 2010",Margaret Serpica,,magieserpica@gmail.com
77369922,REQUEST_FAILED,,,,,
77369935,REQUEST_FAILED,,,,,
77371764,deadAbandoned,AGE OF AQUARIUS,"Oct. 18, 2010","Your Energy Systems, llc",,info@readisorb.com
77371172,deadAbandoned,MW,"Jul. 18, 2010","Wells, Lamont J. Jr",,monty@montywellsmusic.com
77370450,REQUEST_FAILED,,,,,
77371883,deadAbandoned,NEXSHOW,"Oct. 25, 2010","NextShow Entertainment, Inc.",,
77371865,deadAbandoned,NEXSHOW,"Sep. 20, 2010","NextShow Entertainment, Inc.",,
77371907,deadAbandoned,NEXSHOW,"Oct. 25, 2010","NextShow Entertainment, Inc.",,
77370913,REQUEST_FAILED,,,,,
77372109,deadAbandoned,SKIN REHAB,"Jun. 05, 2010","Kakita, Grant N",,grantkakita@hotmail.com
77371894,deadAbandoned,NEXSHOW,"Sep. 20, 2010","NextShow Entertainment, Inc.",,
77371601,REQUEST_FAILED,,,,,
77372477,deadAbandoned,KISS THE FROG,"Aug. 16, 2010","3 Bar H Productions, LLC",,
77372730,deadAbandoned,UTUNES,"Jun. 15, 2010","Kaplan, Jeffrey",,eggcream@earthlink.net
77372211,REQUEST_FAILED,,,,,
77372580,REQUEST_FAILED,,,,,
77373781,deadAbandoned,GAME LOCKER,"Feb. 15, 2010",igolping inc,,dan.wray@igolping.com
77373815,deadAbandoned,WHAT HAPPENS HERE NEVER HAPPENED,"Sep. 15, 2010","DiBello, Brad",,bradleydibello@hotmail.com
77373832,deadAbandoned,CHEWKIES,"Mar. 12, 2010",Masoud Hadi Ibrahim,,chewkies@gmail.com
77374168,deadAbandoned,NEXSHOW,"Oct. 25, 2010","NextShow Entertainment, Inc.",,
77373524,REQUEST_FAILED,,,,,
77373636,REQUEST_FAILED,,,,,
77374201,deadAbandoned,NEXSHOW,"Sep. 27, 2010","NextShow Entertainment, Inc.",,
77374315,deadAbandoned,CHOOSE YOUR U,"Mar. 09, 2010","COLLEGIATE LICENSING COMPANY, LLC",,mbridges@clc.com
77374212,deadAbandoned,NEXSHOW,"Oct. 25, 2010","NextShow Entertainment, Inc.",,
77374153,deadAbandoned,NEXSHOW,"Sep. 27, 2010","NextShow Entertainment, Inc.",,
77374791,deadAbandoned,PET SOLUTIONS CORPORATION,"Mar. 23, 2010","Smith, Brenda",,brendasmithb4@yahoo.com
77373785,REQUEST_FAILED,,,,,
77374218,deadAbandoned,NEXSHOW,"Sep. 27, 2010","NextShow Entertainment, Inc.",,
77374907,deadAbandoned,THE WEBCEMETERY,"Mar. 29, 2010","JONES, Clare Robin",,clare25@optusnet.com.au
77374750,REQUEST_FAILED,,,,,
77375729,deadAbandoned,PUMP UP YOUR PURCHASE,"Aug. 30, 2010","Homer TLC, Inc.",,trade_marks@homedepot.com
77374970,REQUEST_FAILED,,,,,
77374980,REQUEST_FAILED,,,,,
77375940,deadAbandoned,TWO BROTHERS' WINES,"Apr. 12, 2010","Gutmann, Henry J",,Hgutmann@wi.rr.com
77375456,REQUEST_FAILED,,,,,
77375828,REQUEST_FAILED,,,,,
77376382,deadAbandoned,GREENWAY SUPPLY CO.,"Feb. 22, 2010",Greenway Supply Co.,,generalmelba@yahoo.com
77376113,REQUEST_FAILED,,,,,
77376363,REQUEST_FAILED,,,,,
77378050,deadAbandoned,SIP & SWIRL,"Apr. 05, 2010","Young, Karen",,karen@tligames.com
77378060,deadAbandoned,IRISHSMOKE BARBECUE GOO MADE WITH IRISH WHISKEY,"Feb. 01, 2010",Irish Turf Smoke Limited,,info@irishsmoke.ie
77378055,deadAbandoned,FALAFEL,"Sep. 10, 2010",Falafel TV Corporation,,jgilinsky@gmail.com
77377503,REQUEST_FAILED,,,,,
77378964,deadAbandoned,TIPJOY,"Mar. 02, 2010",Tipjoy Inc,,founders@tipjoy.com
77378003,REQUEST_FAILED,,,,,
77379145,deadAbandoned,DUSTIN HOGARD,"Nov. 17, 2010","Hogard, Dustin",,dustinhogard@gmail.com
77379219,deadAbandoned,ONE EARTH ONE PEOPLE,"May 14, 2010","Greenberg, Shai",,
77379647,deadAbandoned,F.A.C.E.S. CHANGE FORMULA,"Jan. 22, 2010","Faw, Robert William",,bobfaw@aol.com
77378824,REQUEST_FAILED,,,,,
77380530,deadAbandoned,S.H.A.P.E RECORDS,"May 31, 2010","Garcia, Laura Consuelo",,usmarca-shape@yahoo.com
77379790,REQUEST_FAILED,,,,,
77379978,REQUEST_FAILED,,,,,
77381306,deadAbandoned,TIERRA BRAVA,"Apr. 05, 2010",Pierdant de la Mora Pedro,,pedro.pierdant@grupo-pdm.com
77381315,deadAbandoned,GYPSEAGIRL,"Nov. 22, 2010","Byers, Sierra",,anton@ideaspace.us
77381774,deadAbandoned,LOTUSMONKEY.COM,"Oct. 04, 2010","McELROY, Faith Anne",,lotusmonkey@live.com
77381362,deadAbandoned,X-FIGHT,"Dec. 23, 2010","Turner, Michael G",,info@x-fight.tv
77381393,REQUEST_FAILED,,,,,
77381848,REQUEST_FAILED,,,,,
77382457,REQUEST_FAILED,,,,,
77382503,REQUEST_FAILED,,,,,
77383548,deadAbandoned,SWISSWAVE TECHNOLOGY,"Oct. 18, 2010","Valmed, S.A.",,comagnell@gmail.com
77383945,deadAbandoned,GRANI-TEK GRANITEK SHEET VINYL,"Jul. 28, 2010",Shannon Sales Inc.,,kevins@shannonsales.com
77383011,REQUEST_FAILED,,,,,
77384002,REQUEST_FAILED,,,,,
77386016,deadAbandoned,NURSETV,"Mar. 16, 2010","Access Nurses, Inc.",,
77385971,deadAbandoned,METAL MULISHA,"Apr. 19, 2010","Metal Mulisha, LLC",,
77384904,REQUEST_FAILED,,,,,
77385902,deadAbandoned,IQ INTELLIGENT NUTRITION BRAND DOG FOOD,"Jan. 24, 2010","Arkat Nutrition, Inc.",,
77385965,REQUEST_FAILED,,,,,
77386983,deadAbandoned,NATRANOMICS,"Apr. 12, 2010","H and H Group, LLC",,
77387219,deadAbandoned,HATEFIRING,"Jan. 11, 2010","StrategyHead Consulting, LLC",,dm@spotzero.com
77386265,REQUEST_FAILED,,,,,
77387395,deadAbandoned,UNDEFINABLE,"Oct. 25, 2010","Undefinable, LLC",,undefinable.clothing@gmail.com
77386819,REQUEST_FAILED,,,,,
77387347,REQUEST_FAILED,,,,,
77387677,REQUEST_FAILED,,,,,
77388729,deadAbandoned,INSONO,"Jan. 31, 2010",INSONO Consulting GmbH,,a.ursu@insono.de
77387762,REQUEST_FAILED,,,,,
77388232,REQUEST_FAILED,,,,,
77388420,REQUEST_FAILED,,,,,
77389012,REQUEST_FAILED,,,,,
77389327,REQUEST_FAILED,,,,,
77390615,deadAbandoned,EKOVENTURE,"May 03, 2010","EKOVENTURE, INC.",,
77390627,deadAbandoned,YOUR PLANET AWAITS,"May 03, 2010","EKOVENTURE, INC.",,
77389886,REQUEST_FAILED,,,,,
77390622,REQUEST_FAILED,,,,,
77391267,REQUEST_FAILED,,,,,
77392637,deadAbandoned,DE BOTANICA,"Oct. 04, 2010",IOWA STATE BANK AND TRUST COMPANY,,
77391989,REQUEST_FAILED,,,,,
77392454,REQUEST_FAILED,,,,,
77393254,deadAbandoned,ICED AUDIO SOFTWARE,"Jan. 07, 2010","DiBiase, Dawn",,software@icedaudio.com
77393152,REQUEST_FAILED,,,,,
77393206,REQUEST_FAILED,,,,,
77393846,deadAbandoned,FINGERLETTES DU JOUR,"Mar. 09, 2010","Second Sight Enterprises, Inc.",,barb@asktheinventors.com
77393569,REQUEST_FAILED,,,,,
77394373,REQUEST_FAILED,,,,,
77395776,deadAbandoned,REAL MEN COMMUNICATE,"Oct. 11, 2010","LeFlore, Larry",,
77395733,deadAbandoned,S,"Jan. 11, 2010","Smosh Dot Com, Inc.",,
77395312,REQUEST_FAILED,,,,,
77395894,REQUEST_FAILED,,,,,
77397786,deadAbandoned,ALMATRICHI,"Nov. 01, 2010",ALMATRICHI S.L.,,ip@agladial.com
77396616,REQUEST_FAILED,,,,,
77397074,REQUEST_FAILED,,,,,
77398429,deadAbandoned,KUNGUR,"Jan. 28, 2010",OJSC Kungur,,
77398414,deadAbandoned,MED LOG,"Jun. 18, 2010","RJB, Inc.",,
77398101,REQUEST_FAILED,,,,,
77398914,deadAbandoned,CRICKET MAIDAN,"Jul. 19, 2010",CORDIANT TECHNOLOGIES INC.,,
77398873,REQUEST_FAILED,,,,,
77399228,deadAbandoned,UPLIFTMINT,"Nov. 29, 2010","Alon, Edward",,edwardalon@gmail.com
77398952,deadAbandoned,PF! PAGEFAV MY FAVS ON ONE PAGE!,"Feb. 08, 2010","Johnson, Mishael A.",,pagefav@inbox.com
77398949,REQUEST_FAILED,,,,,
77399822,deadAbandoned,PLAY ALONG RADIO,"Apr. 19, 2010",IMAGINATION HOLDINGS PTY LTD,,hostmaster@imagination.com.au
77398954,REQUEST_FAILED,,,,,
77399037,REQUEST_FAILED,,,,,
77399361,REQUEST_FAILED,,,,,
77401364,deadAbandoned,LIP HARMONY,"Oct. 25, 2010","DGL Consumer Products, Inc.",,thomas@dglproducts.com
77400534,REQUEST_FAILED,,,,,
77400911,REQUEST_FAILED,,,,,
77402016,deadAbandoned,UNCHAINED UR RECORDS,"Oct. 18, 2010","Unchained Records, Inc.",,
77402188,deadAbandoned,INNOVATION IN ACTION,"Oct. 04, 2010","Monster Medic, Inc.",,
77402347,deadAbandoned,JAGDKOMMANDO,"Nov. 01, 2010","Microtech Small Arms Research, Inc.",,
77401454,REQUEST_FAILED,,,,,
77402193,deadAbandoned,LIGHTLIFT,"Sep. 13, 2010","Monster Medic, Inc.",,
77402552,deadAbandoned,NEVER LAY UP,"Mar. 17, 2010","WATSON, JAMES H., JR.",,jw@jwcapitalcorp.com
77402437,REQUEST_FAILED,,,,,
77403053,REQUEST_FAILED,,,,,
77403825,deadAbandoned,RIGHTPATH LIMITED DEVELOPMENT GROUP,"Jan. 19, 2010","Rightpath Limited, a Nevada Corporation",,
77403260,REQUEST_FAILED,,,,,
77404123,deadAbandoned,UNII,"Aug. 09, 2010","Ha, Minna C",,minnaha@alum.mit.edu
77404098,deadAbandoned,RIGHTPATH LIMITED ACQUISITION DEVELOPMENT INVESTMENT MANAGEMENT,"Jan. 19, 2010","Rightpath Limited, a Nevada Corporation",,
77404338,deadAbandoned,HEARIUM,"Apr. 05, 2010","Personics Holdings, Inc.",,sgoldstein@personicslabs.com
77404224,REQUEST_FAILED,,,,,
77404219,REQUEST_FAILED,,,,,
77404436,REQUEST_FAILED,,,,,
77404545,REQUEST_FAILED,,,,,
77404599,REQUEST_FAILED,,,,,
77405408,REQUEST_FAILED,,,,,
77406159,deadAbandoned,RIGHTPATH LIMITED,"Jan. 19, 2010","Rightpath Limited, a Nevada Corporation",,
77406874,deadAbandoned,ROB WILSON'S ORCHARD,"Jan. 15, 2010","Wilson, Robert P.",,croger1049@qwest.net
77406022,REQUEST_FAILED,,,,,
77406854,deadAbandoned,GREENLANDIA,"Jan. 18, 2010","halldorsson, birgir vidar",,jasteinsson@gmail.com
77406342,REQUEST_FAILED,,,,,
77408158,deadAbandoned,LIFE'S A BITCH,"May 10, 2010",Creative Influence Corporation,,ac2@creativeinfluence.com
77406978,REQUEST_FAILED,,,,,
77408127,REQUEST_FAILED,,,,,
77409038,deadAbandoned,HUMANITY ONLINE,"May 10, 2010","Humanity Online, LLC",,
77409452,deadAbandoned,LEGRAND COUTURE,"May 10, 2010","Legrand Concepts, LLC",,
77408576,REQUEST_FAILED,,,,,
77409202,deadAbandoned,INSULSEAM,"Feb. 01, 2010",Alumet Mfg. Inc.,,
77410782,deadAbandoned,APPLE KRATES,"Sep. 20, 2010","Rowsey, Romal J.",,midn8t_oil@yahoo.com
77409143,REQUEST_FAILED,,,,,
77410792,REQUEST_FAILED,,,,,
77411895,deadAbandoned,STOP DROP,"Sep. 13, 2010","Monster Medic, Inc.",,
77410966,REQUEST_FAILED,,,,,
77411188,REQUEST_FAILED,,,,,
77412050,REQUEST_FAILED,,,,,
77413147,deadAbandoned,GIVN'R,"May 24, 2010",GIVN'R Promotions Group Inc.,,zoller@givnr.com
77412364,REQUEST_FAILED,,,,,
77414068,deadAbandoned,BORED,"May 31, 2010","J.W. Media, Inc.",,
77413154,REQUEST_FAILED,,,,,
77413532,REQUEST_FAILED,,,,,
77414381,REQUEST_FAILED,,,,,
77414646,REQUEST_FAILED,,,,,
77414738,REQUEST_FAILED,,,,,
77414970,REQUEST_FAILED,,,,,
77415457,REQUEST_FAILED,,,,,
77415660,REQUEST_FAILED,,,,,
77416473,deadAbandoned,PLEASANT VALLEY BERRY FARM,"Oct. 18, 2010","McKee, Michelle A.",,bobmckee@asme.org
77416354,REQUEST_FAILED,,,,,
77417156,deadAbandoned,FANDOOZY,"Jan. 04, 2010","Fandoozy, Inc",,adamjordan7@gmail.com
77416757,REQUEST_FAILED,,,,,
77416852,REQUEST_FAILED,,,,,
77417171,deadAbandoned,PLUG IT,"Jan. 29, 2010",GSM-traders ltd,,Sebastian@plugit.hk
77417699,deadAbandoned,BD AQUEO PREMIUM,"Oct. 18, 2010","Becton, Dickinson and Company",,
77417304,REQUEST_FAILED,,,,,
77417481,REQUEST_FAILED,,,,,
77417923,REQUEST_FAILED,,,,,
77418587,deadAbandoned,OCTAMAX ULTRA,"Nov. 22, 2010",INTERNATIONAL PAPER COMPANY,,stephanie.haupt@ipaper.com
77418612,deadAbandoned,OCTAMAX PLUS,"Nov. 22, 2010",INTERNATIONAL PAPER COMPANY,,stephanie.haupt@ipaper.com
77418654,deadAbandoned,KNIGHTS OF THE ROUND TABLE,"Nov. 22, 2010",Winning Moves Inc.,,pecci@winning-moves.com
77418617,deadAbandoned,OCTAMAX,"Nov. 22, 2010",INTERNATIONAL PAPER COMPANY,,stephanie.haupt@ipaper.com
77418117,REQUEST_FAILED,,,,,
77419465,deadAbandoned,TOUJI,"Feb. 01, 2010",Ho Ming Lam,,tmregistered@gmail.com
77418935,REQUEST_FAILED,,,,,
77420780,deadAbandoned,MARQUARDT & COMPANY,"Aug. 02, 2010",International Paper Company,,stephanie.haupt@ipaper.com
77419669,REQUEST_FAILED,,,,,
77420797,deadAbandoned,MCALIECE IMAGING PRODUCTS,"Aug. 02, 2010",International Paper Company,,stephanie.haupt@ipaper.com
77419767,REQUEST_FAILED,,,,,
77420587,REQUEST_FAILED,,,,,
77420803,REQUEST_FAILED,,,,,
77422776,deadAbandoned,"MADISON AVENUE MUTTS, INC.","Mar. 25, 2010","Madison Avenue Mutts, Inc.",,streamreed@yahoo.com
77422547,REQUEST_FAILED,,,,,
77423121,deadAbandoned,THE SQUEEZLE,"Jun. 14, 2010",Squeezle LLC,,service@thesqueezle.com
77423019,REQUEST_FAILED,,,,,
77423328,deadAbandoned,ENPRESCO,"Jan. 20, 2010","Galmacci, Andrea",,andrea@awd.it
77423307,REQUEST_FAILED,,,,,
77424251,deadAbandoned,SILLY RANDOM THINGS,"May 24, 2010",IMAGINATION HOLDINGS PTY LTD,,hostmaster@imagination.com.au
77424419,deadAbandoned,POLITE SOCIETY INCORPORATED,"Aug. 02, 2010",Polite Society Inc,,js407501@gmail.com
77425078,deadAbandoned,ROLA DEUX,"May 17, 2010","Sanchez, Alfred",,
77425396,deadAbandoned,VETBOOK,"May 21, 2010","PETSVETSPACE, LLC",,berger.sheri@yahoo.com
77424545,REQUEST_FAILED,,,,,
77425182,deadAbandoned,MASTER DICE POKER,"May 17, 2010",Alfred Sanchez,,
77425832,deadAbandoned,RECEIVE THE GIFT THE GREATEST PRESENCE OF ALL,"Dec. 13, 2010",Receive the Gift,,receivethegift@sbcglobal.net
77425773,deadAbandoned,PAINEWEBBER,"Jun. 15, 2010",Tanglewood Holdings LLC,,james@tanglewoodholdings.com
77425487,REQUEST_FAILED,,,,,
77425679,deadAbandoned,RABBIDS,"Dec. 06, 2010",Ubisoft Entertainment,,
77425929,REQUEST_FAILED,,,,,
77426001,REQUEST_FAILED,,,,,
77426565,deadAbandoned,DUBAILAND,"May 03, 2010",Tatweer Dubai LLC,,
77426702,deadAbandoned,EXECUTIVE OUTCOMES,"Jan. 22, 2010",Executive Outcomes,,wesley.keene@executiveoutcomes.ws
77426662,deadAbandoned,DUBAILAND,"Feb. 01, 2010",Tatweer Dubai LLC,,
77426059,REQUEST_FAILED,,,,,
77426765,deadAbandoned,EJIDOS BRANDS,"May 24, 2010",CA West LLC,,
77426774,deadAbandoned,AUTORETRAX,"May 24, 2010","Monster Medic, Inc.",,
77426426,REQUEST_FAILED,,,,,
77426682,REQUEST_FAILED,,,,,
77428182,deadAbandoned,STEEK,"Feb. 01, 2010",Agematis S.A.,,
77428228,deadAbandoned,DOLLARS4GOLD,"Jul. 26, 2010","A&A Capital Holdings, LLC",,hakank@leadcreations.com
77427445,deadAbandoned,AMZAAR,"Apr. 23, 2010",Renuvia Pharmaceuticals LLC,,renuvia.pharma@gmail.com
77428496,REQUEST_FAILED,,,,,
77428545,REQUEST_FAILED,,,,,
77429185,deadAbandoned,POLITE SOCIETY INCORPORATED,"Aug. 30, 2010",Polite Society Inc,,js407501@gmail.com
77429046,deadAbandoned,WHAT COULD BE BETTER?,"Dec. 10, 2010","Benedick, Matthew Francis",,mattb3@vt.edu
77429069,REQUEST_FAILED,,,,,
77429067,REQUEST_FAILED,,,,,
77429536,deadAbandoned,SEALSAFE,"Feb. 22, 2010","ANDWIN CORPORATION, THE",,davecohen@mac.com
77429612,deadAbandoned,BUDDYTIPS,"Jan. 07, 2010",BuddyTips Ltd,,hakon@buddymotion.com
77429726,REQUEST_FAILED,,,,,
77429745,REQUEST_FAILED,,,,,
77429867,REQUEST_FAILED,,,,,
77430154,REQUEST_FAILED,,,,,
77430174,REQUEST_FAILED,,,,,
77430670,deadAbandoned,MATCHPOINT,"Dec. 20, 2010",Sekutech LLC,,
77431712,deadAbandoned,OMNISERVICE,"May 31, 2010",OmniCards LLC,,jason@giftcards.com
77431354,deadAbandoned,USE THE NET TO PROTECT YOUR PETS!,"Jan. 18, 2010",Constance U. Weiss,,
77431124,REQUEST_FAILED,,,,,
77431710,REQUEST_FAILED,,,,,
77431705,REQUEST_FAILED,,,,,
77431883,REQUEST_FAILED,,,,,
77431979,REQUEST_FAILED,,,,,
77432637,REQUEST_FAILED,,,,,
77433202,REQUEST_FAILED,,,,,
77433721,REQUEST_FAILED,,,,,
77433760,REQUEST_FAILED,,,,,
77434803,deadAbandoned,SILVERLINX,"Jun. 11, 2010",SILVERLINX CORPORATION,,jinym@yahoo.com
77434708,deadAbandoned,C-VO,"May 31, 2010",Anesthetic Gas Reclamation,,jberry20@comcast.net
77435013,deadAbandoned,BREATH BIOTICS,"Feb. 01, 2010","Healthy Biotics, Inc.",,rs@reliefmart.com
77434920,deadAbandoned,MODERN FEED,"Feb. 08, 2010","MODERN FEED & SUPPLY, INC.",,
77434853,REQUEST_FAILED,,,,,
77435074,REQUEST_FAILED,,,,,
77436342,deadAbandoned,"READ, WRITE, UNDERSTAND THE CODE OF LIFE","Aug. 09, 2010",febit holding gmbh,,
77435274,REQUEST_FAILED,,,,,
77436633,deadAbandoned,WAVEBAKE,"Dec. 06, 2010","NU-TECH FOODS, INC.",,
77436411,deadAbandoned,ISTUDIO,"Jan. 05, 2010",C Four Ltd,,adlaw1@hotmail.com
77436403,deadAbandoned,VAN GOGH'S PALATE,"Jan. 04, 2010","WEISZ, JORDAN",,
77436624,REQUEST_FAILED,,,,,
77436644,REQUEST_FAILED,,,,,
77436838,deadAbandoned,KATIE BENNETT,"May 24, 2010","Precious Moments, Inc.",,cynthia.kinderman@preciousmoments.com
77436754,REQUEST_FAILED,,,,,
77437221,deadAbandoned,None,"Jul. 05, 2010","Girl Ambition, Inc.",,
77437197,deadAbandoned,GIRL AMBITION,"Feb. 11, 2010","Girl Ambition, Inc.",,
77437226,REQUEST_FAILED,,,,,
77437837,deadAbandoned,ELSEWHERE,"Jan. 04, 2010","Tsay, Angela Mon-Shyun",,angelatsay@gmail.com
77437745,REQUEST_FAILED,,,,,
77438497,deadAbandoned,SHICK BRITHOUSE,"Mar. 22, 2010","Peters, Gregory F.",,cathexis60@hotmail.com
77438312,REQUEST_FAILED,,,,,
77438805,deadAbandoned,NETSCHOLAR,"Feb. 22, 2010",NetScholar LC,,netscholar@yahoo.com
77438426,REQUEST_FAILED,,,,,
77439441,deadAbandoned,GET YOUR ESS IN SHAPE,"Dec. 13, 2010","LCFE, LLC",,
77438690,REQUEST_FAILED,,,,,
77438997,REQUEST_FAILED,,,,,
77439439,REQUEST_FAILED,,,,,
77439443,REQUEST_FAILED,,,,,
77440432,deadAbandoned,HANALEI,"Jan. 04, 2010","Turchyn, Robert",,guy1197@aol.com
77440401,deadAbandoned,NEWSWORDS,"Dec. 20, 2010",CharlesBernd AG,,karl.gosejacob@charlesbernd.com
77441256,deadAbandoned,E-VENT,"Dec. 20, 2010",Madina,,relgall50@hotmail.com
77440852,REQUEST_FAILED,,,,,
77441487,deadAbandoned,POLLO ITALIANO ROMANO RESTAURANT,"Jul. 12, 2010","SARDELLI, ANDREA",,
77441031,REQUEST_FAILED,,,,,
77442171,deadAbandoned,SKY L. HEALH & BEAUTY,"Jul. 12, 2010",Sky L Health & Beauty Int'l Inc.,,tmregistered@gmail.com
77441170,REQUEST_FAILED,,,,,
77442206,deadAbandoned,MOBILE WORKFORCE ENGAGEMENT,"Aug. 20, 2010","LiquidTalk, Inc.",,
77442660,deadAbandoned,I.T.S. AUTOMATIC,"Feb. 12, 2010","Money Group, Inc.",,
77441780,REQUEST_FAILED,,,,,
77442533,REQUEST_FAILED,,,,,
77443477,deadAbandoned,PURE FUTBOL,"Dec. 06, 2010",Ubisoft Entertainment,,
77443479,deadAbandoned,PURE FUTBOL,"Nov. 08, 2010",Ubisoft Entertainment,,
77443068,REQUEST_FAILED,,,,,
77443478,deadAbandoned,PURE FUTBOL,"Nov. 15, 2010",Ubisoft Entertainment,,
77443385,REQUEST_FAILED,,,,,
77443388,REQUEST_FAILED,,,,,
77444355,deadAbandoned,PURAFLORA,"Mar. 17, 2010","Barton, Richard E.",,richbarla@yahoo.com
77443618,REQUEST_FAILED,,,,,
77444303,REQUEST_FAILED,,,,,
77444497,deadAbandoned,KAINOS MAGAZINE,"Mar. 09, 2010",Trenten Media Group,,vjefferson@kainosmagazine.com
77444396,REQUEST_FAILED,,,,,
77444651,deadAbandoned,ROYAL THRONES,"Aug. 16, 2010","EVANS, SCOTT",,ugnox@yahoo.com
77444426,REQUEST_FAILED,,,,,
77445248,deadAbandoned,AMERITECH,"Feb. 02, 2010",Communication Evolution,,markcochenour@hotmail.com
77445372,REQUEST_FAILED,,,,,
77446572,deadAbandoned,JOURNAL OF INTERNATIONAL FINANCE STUDIES (JIFS),"Mar. 16, 2010","Khade, Ravasaheb B.",,Admin@iabe.org
77445465,REQUEST_FAILED,,,,,
77446812,deadAbandoned,GLUCOZINE,"Feb. 17, 2010","Moulton, Philip D",,pmoulton@frontiernet.net
77446568,REQUEST_FAILED,,,,,
77446611,REQUEST_FAILED,,,,,
77446591,REQUEST_FAILED,,,,,
77446849,deadAbandoned,PEEPIN' TOM,"Jul. 13, 2010","Grove, Jeffrey Brian",,grvmaggie@aol.com
77446814,REQUEST_FAILED,,,,,
77447162,deadAbandoned,SKEEZO,"Jan. 04, 2010","Mergeon Ventures, LLC",,nmacris@mergeon.com
77447020,REQUEST_FAILED,,,,,
77447081,REQUEST_FAILED,,,,,
77447113,REQUEST_FAILED,,,,,
77447244,REQUEST_FAILED,,,,,
77447846,deadAbandoned,REMAILABLES,"Dec. 27, 2010","Innovative Services International, LLC",,brad.salminen@gmail.com
77447842,REQUEST_FAILED,,,,,
77448757,deadAbandoned,SAFARI ADVENTURE,"Jul. 19, 2010","Eclipse Gaming Systems, LLC",,nsg24@cornell.edu
77447890,REQUEST_FAILED,,,,,
77449199,deadAbandoned,PEACE RIVER BEES,"May 08, 2010","Peace River Products, Inc.",,info@peaceriverbees.com
77448957,deadAbandoned,ICE PRINTS,"Jun. 28, 2010","Art Crystal II Enterprises, Inc.",,
77449525,deadAbandoned,BRATY DIET,"Aug. 04, 2010",B.R.A.T. Diet LLC,,toef39@hotmail.com
77449010,REQUEST_FAILED,,,,,
77449377,REQUEST_FAILED,,,,,
77449906,deadAbandoned,X AMPMOBILEMARKETING,"Jul. 05, 2010","J's Mobile Interactions, LLC",,info@ampmobilemarketing.com
77450045,REQUEST_FAILED,,,,,
77450354,deadAbandoned,MY MAGICAL WORLD,"Apr. 28, 2010",Clear Gate Productions LLC,,us@cleargateproductions.com
77450245,REQUEST_FAILED,,,,,
77450149,REQUEST_FAILED,,,,,
77450332,REQUEST_FAILED,,,,,
77450745,deadAbandoned,RADICALIZER,"Jul. 05, 2010","Earnest, Avery",,averysassociates@yahoo.com
77450568,REQUEST_FAILED,,,,,
77450749,REQUEST_FAILED,,,,,
77450756,REQUEST_FAILED,,,,,
77450961,REQUEST_FAILED,,,,,
77451378,REQUEST_FAILED,,,,,
77451992,REQUEST_FAILED,,,,,
77452386,deadAbandoned,EXCELERATOR,"Apr. 19, 2010","Absolute Drilling Solutions, LLC.",,gtoups@absolutedrilling.com
77452335,REQUEST_FAILED,,,,,
77452493,REQUEST_FAILED,,,,,
77452739,deadAbandoned,IWANNAGETPAID,"Jan. 11, 2010","Janus, Martin A",,contact@iwannagetpaid.com
77452770,deadAbandoned,EXP,"Jan. 25, 2010","Expansion Magazine, LLC",,griffieth_j@yahoo.com
77452568,REQUEST_FAILED,,,,,
77452906,deadAbandoned,PROPOSAL PRODUCER,"Jan. 04, 2010","Goble, Holly E.",,holly.goble@gmail.com
77453059,deadAbandoned,BLIZZ,"Jan. 21, 2010","Beaumont, Agust Smari",,gusti@spamarrest.com
77452786,REQUEST_FAILED,,,,,
77452868,REQUEST_FAILED,,,,,
77452986,REQUEST_FAILED,,,,,
77453392,deadAbandoned,TIBURONIA,"May 25, 2010","Norell, Todd C",,todd@verticonbuilders.com
77453374,REQUEST_FAILED,,,,,
77453484,REQUEST_FAILED,,,,,
77453498,REQUEST_FAILED,,,,,
77454025,REQUEST_FAILED,,,,,
77454424,REQUEST_FAILED,,,,,
77455301,deadAbandoned,FELIZ DE LA VIDA,"Nov. 29, 2010","Salazar, Fernando, D.",,
77455367,deadAbandoned,PELVIX,"Apr. 26, 2010",Mpathy Medical Devices Limited,,enquiries@mpathymedical.com
77455343,deadAbandoned,EMPRESS AND WARRIOR,"Nov. 29, 2010",Ainsworth Game Technology Limited,,jason.meyer@ainsworth.com.au
77455369,deadAbandoned,VARITAPE,"Feb. 08, 2010",Mpathy Medical Devices Limited,,enquiries@mpathymedical.com
77456095,deadAbandoned,ELYSIAN FIELDS,"Jul. 27, 2010",Aussie Imports,,jay@joshuatreeimports.com
77455355,REQUEST_FAILED,,,,,
77456474,deadAbandoned,TOTAL LISTING SYSTEM,"May 31, 2010","First Home Tour, LLC",,jgoodale@firsthometour.com
77456286,deadAbandoned,ND'S DANCE VOL. I RAW TALENT,"Jan. 04, 2010","ND Rights, LLC",,
77456165,REQUEST_FAILED,,,,,
77456513,REQUEST_FAILED,,,,,
77457663,deadAbandoned,WIRELESS-FIBER,"Mar. 22, 2010",Yasuhiro Tsunemitsu,,tsunemitsu.yasuhiro@jrc.co.jp
77457744,deadAbandoned,INSIDE & OUT,"Feb. 12, 2010",International Paper Company,,stephanie.haupt@ipaper.com
77457473,REQUEST_FAILED,,,,,
77457689,deadAbandoned,SAFERETRAX,"May 24, 2010","Monster Medic, Inc.",,
77457802,deadAbandoned,EXCLAMATION,"May 24, 2010","Veritas Ventures, LLC",,eduenow@aol.com
77457627,REQUEST_FAILED,,,,,
77457974,deadAbandoned,FANPASTICO,"Sep. 27, 2010",S. Laeuchli Consulting GmbH,,sl@sl-consulting.ch
77457679,REQUEST_FAILED,,,,,
77458285,REQUEST_FAILED,,,,,
77458291,REQUEST_FAILED,,,,,
77459071,deadAbandoned,SUSTAINABILITY CHANNEL,"Jun. 15, 2010","Lowson, Linda M.",,lmlowson@optonline.net
77459107,deadAbandoned,SAMEGOAL,"Sep. 30, 2010",Andrew Hochhaus,,andy@hochhaus.us
77458792,REQUEST_FAILED,,,,,
77458769,REQUEST_FAILED,,,,,
77459027,REQUEST_FAILED,,,,,
77459649,deadAbandoned,BRYO,"Jan. 18, 2010","Hall III, Stewart",,
77459946,deadAbandoned,LIVELOOP,"Feb. 08, 2010","In Touch Technologies, Inc.",,
77459572,REQUEST_FAILED,,,,,
77461117,deadAbandoned,UNTOUCHABLE SKY,"Feb. 15, 2010","Bevacqua, Jonas G.",,jonas@l-r-g.com
77461141,deadAbandoned,MAKE IT ORGANIC WOULD YA!,"Apr. 12, 2010","Greene, Zachary A.",,
77460579,REQUEST_FAILED,,,,,
77461854,deadAbandoned,SOLAGRA,"Mar. 01, 2010",ITEK Technologie SA,,rsavaria@solag.net
77461491,REQUEST_FAILED,,,,,
77461763,REQUEST_FAILED,,,,,
77462993,deadAbandoned,IT STARTS WITH ME,"Mar. 08, 2010","Franklin Covey, Co.",,adrienne.triplett@franklincovey.com
77462537,REQUEST_FAILED,,,,,
77463321,deadAbandoned,OMNI5 DISTRIBUTION,"Dec. 27, 2010",Jonathan S. Kim,,jkjl102001@hotmail.com
77462620,REQUEST_FAILED,,,,,
77463444,deadAbandoned,OMNI5 MANUFACTURING,"Dec. 27, 2010",Jonathan S. Kim,,jkjl102001@hotmail.com
77463717,deadAbandoned,CRYSTAL-FUSION,"Mar. 03, 2010","Diamon Fusion International, Inc.",,tgentry@diamonfusion.com
77463526,REQUEST_FAILED,,,,,
77463530,REQUEST_FAILED,,,,,
77463871,deadAbandoned,PUPUS,"Jul. 26, 2010",Craynine LLC,,craynine@gmail.com
77463798,REQUEST_FAILED,,,,,
77463877,deadAbandoned,PUPUS,"Jul. 26, 2010",Craynine LLC,,craynine@gmail.com
77464343,REQUEST_FAILED,,,,,
77464412,REQUEST_FAILED,,,,,
77465063,deadAbandoned,LONE LAMA,"Aug. 10, 2010","Lone Lama Group, The",,motherlodeinrock@gmail.com
77464800,REQUEST_FAILED,,,,,
77465030,deadAbandoned,BEERLIFE,"Jan. 25, 2010","Farrell, Wesley J",,wf159@aol.com
77464951,deadAbandoned,I AM THE AMERICAN DREAM,"Aug. 09, 2010",IP HOLDINGS UNLTD LLC,,atarshis@iconixbrand.com
77464923,REQUEST_FAILED,,,,,
77464937,REQUEST_FAILED,,,,,
77465447,deadAbandoned,LEMON BLUEBERRY MERENGUE,"Jan. 11, 2010","Nutorious, LLC",,carrie@nutoriousnuts.com
77466391,deadAbandoned,TENQA,"May 10, 2010",PITTS PACIFIC LLC,,DUSTIN@PITTSPACIFIC.COM
77465436,deadAbandoned,CHERRY VANILLA VA-VOOM,"Jan. 11, 2010","Nutorious, LLC",,carrie@nutoriousnuts.com
77465679,REQUEST_FAILED,,,,,
77465984,REQUEST_FAILED,,,,,
77466891,deadAbandoned,DOG BATH & BEYOND,"Feb. 08, 2010","Guerra, Mariana P",,marianapguerra@gmail.com
77466602,REQUEST_FAILED,,,,,
77467288,deadAbandoned,ADVENTURE RESORTS,"Nov. 23, 2010","Sturm, Dieter",,dsturmfx@aol.com
77466685,REQUEST_FAILED,,,,,
77467427,deadAbandoned,PHARMSPOT,"Feb. 01, 2010","BIOLAB SERVICES, LLC",,tokcrb@gmail.com
77466825,REQUEST_FAILED,,,,,
77467840,deadAbandoned,SHOCK TV,"Feb. 01, 2010","Hot Topic, Inc.",,tmdoctc@fr.com
77467859,deadAbandoned,STRATEGIC POWER PATH,"Jan. 15, 2010","EDB Media, Inc.",,edbmedia@gmail.com
77467203,REQUEST_FAILED,,,,,
77467245,REQUEST_FAILED,,,,,
77468663,deadAbandoned,ITRIPTV,"Apr. 19, 2010","ITRIPTV, INC.",,
77468709,deadAbandoned,TABERART,"Jun. 02, 2010","Oregon Wildlife Carvings, Inc.",,oregonwildlife@integraonline.com
77468123,REQUEST_FAILED,,,,,
77468528,REQUEST_FAILED,,,,,
77469036,deadAbandoned,DAFFODILLY DESIGNS,"May 03, 2010","Knott, Deborah Thurman",,david_j_knott@yahoo.com
77469046,deadAbandoned,SERIOUSLY SILLY,"May 17, 2010",Deborah Thurman Knott,,david_j_knott@yahoo.com
77469316,deadAbandoned,VACARE,"Dec. 27, 2010","Vacare Technologies, LLC",,
77469136,deadAbandoned,VACARE,"Aug. 16, 2010","Vacare Technologies, LLC",,
77468965,REQUEST_FAILED,,,,,
77469195,deadAbandoned,WOULD YOU RATHER...?,"Feb. 01, 2010",Falls Media LLC,,leonie.thomson@imagination.com.au
77469555,deadAbandoned,Q FROYO,"Jan. 11, 2010",Quickly Corporation,,raymond@quicklyusa.com
77469550,REQUEST_FAILED,,,,,
77469435,REQUEST_FAILED,,,,,
77471214,deadAbandoned,ADVENTIER,"Feb. 08, 2010","Kang, Eric Q",,eqkang@gmail.com
77470858,REQUEST_FAILED,,,,,
77471388,deadAbandoned,RIVER FARM,"Nov. 01, 2010",Ben Morven Hills Vineyards Ltd,,dwrdew@dewco.co.nz
77471666,deadAbandoned,WHOA UP,"Feb. 08, 2010","Gilchrist, Jimmy Don",,jdg@doorcontrolservices.com
77471314,REQUEST_FAILED,,,,,
77472341,deadAbandoned,VEGAMIN,"Jul. 26, 2010","MAHJOBI, JAMIE",,info@elasticin.com
77471343,REQUEST_FAILED,,,,,
77471695,deadAbandoned,STAY WITH IT,"Feb. 08, 2010","Gilchrist, Jimmy Don",,jdg@doorcontrolservices.com
77471793,deadAbandoned,SA TRINCHA,"Aug. 09, 2010","Trautsch, Thomas Constantin",,tomtrautsch@trautsch.com
77472349,REQUEST_FAILED,,,,,
77472439,REQUEST_FAILED,,,,,
77472895,REQUEST_FAILED,,,,,
77474061,deadAbandoned,ARTFUL DODGER AD X,"Aug. 16, 2010",Artful Holdings LLC,,atarshis@iconixbrand.com
77474022,deadAbandoned,ARTFUL DODGER AD X,"Aug. 16, 2010",Artful Holdings LLC,,atarshis@iconixbrand.com
77474165,deadAbandoned,ARTFUL DODGER AD X,"Aug. 16, 2010",Artful Holdings LLC,,atarshis@iconixbrand.com
77474150,deadAbandoned,ARTFUL DODGER AD X,"Aug. 16, 2010",Artful Holdings LLC,,atarshis@iconixbrand.com
77473724,REQUEST_FAILED,,,,,
77474285,deadAbandoned,CORN HEADS,"Jun. 14, 2010",CA West LLC,,
77474113,REQUEST_FAILED,,,,,
77474132,REQUEST_FAILED,,,,,
77474676,deadAbandoned,EATERNAL,"Jan. 25, 2010",Eaternal Health & Organic Foods,,danesh@eaternal.com
77474179,REQUEST_FAILED,,,,,
77474874,deadAbandoned,MAIZE LOCO,"May 31, 2010",CA West LLC,,
77475031,deadAbandoned,None,"Oct. 11, 2010","Rich Investments, Inc.",,KFRichInv@aol.com
77474824,REQUEST_FAILED,,,,,
77475337,REQUEST_FAILED,,,,,
77475674,REQUEST_FAILED,,,,,
77475760,REQUEST_FAILED,,,,,
77476072,REQUEST_FAILED,,,,,
77477237,deadAbandoned,SONARSHARK,"Oct. 25, 2010",HELLO2MORROW,,info@hello2morrow.com
77476958,REQUEST_FAILED,,,,,
77477527,deadAbandoned,ALIAS FIGHT WEAR,"Mar. 09, 2010",Pure Breed Fighter,,pbfighter@gmail.com
77477250,REQUEST_FAILED,,,,,
77477431,REQUEST_FAILED,,,,,
77478348,deadAbandoned,WARGAMES FACTORY,"Mar. 01, 2010",Wargames Factory LLC,,tony@wargamesfactory.com
77477821,REQUEST_FAILED,,,,,
77477877,REQUEST_FAILED,,,,,
77478739,deadAbandoned,POKER FOKUS,"Aug. 16, 2010",Poker Fokus LLC,,
77478091,REQUEST_FAILED,,,,,
77478802,deadAbandoned,ADORA,"Aug. 16, 2010",Global Vision IT (Pty) Ltd,,info@gloviz.com
77478741,deadAbandoned,POKER FOKUS,"Aug. 16, 2010",Poker Fokus LLC,,
77479108,REQUEST_FAILED,,,,,
77479130,REQUEST_FAILED,,,,,
77479150,REQUEST_FAILED,,,,,
77479290,REQUEST_FAILED,,,,,
77480856,deadAbandoned,TEMPLE OF THE THREEFOLD FLAME,"Aug. 09, 2010","Williams, Thomas Curtis",,
77480891,deadAbandoned,CARDENAL CIGARS,"Sep. 06, 2010","Cardenal Cigars, LLC",,
77479982,REQUEST_FAILED,,,,,
77480329,REQUEST_FAILED,,,,,
77480659,REQUEST_FAILED,,,,,
77480704,REQUEST_FAILED,,,,,
77481022,deadAbandoned,COCKTAIL ON ME,"Sep. 20, 2010","Velozo, James A.",,jim@housingcheck.com
77480903,REQUEST_FAILED,,,,,
77481132,REQUEST_FAILED,,,,,
77481217,REQUEST_FAILED,,,,,
77481654,REQUEST_FAILED,,,,,
77481939,deadAbandoned,SPECT8TOR,"May 07, 2010",SPECT8TOR LTD,,dappx@aol.com
77481690,REQUEST_FAILED,,,,,
77481704,REQUEST_FAILED,,,,,
77482349,deadAbandoned,FEDBOUND,"Mar. 01, 2010","Saunders, John W. lll",,saundersjohn111@yahoo.com
77482299,deadAbandoned,DRY-STOR,"Apr. 08, 2010",Carolina Mobile Storage LLC,,b.williams@captran.com
77481825,REQUEST_FAILED,,,,,
77482496,deadAbandoned,ULTIMATE FANTASY FOOTBALL,"Jun. 07, 2010",LAUGHING LOON LLC,,tim@boysofspring.com
77483074,deadAbandoned,PURPLE FROG,"Jun. 28, 2010","Hahn, Nancy B.",,nancybhahn@yahoo.com
77482782,REQUEST_FAILED,,,,,
77483063,deadAbandoned,UTENSELECT,"Mar. 29, 2010",H&P Industrial Ltd,,paul@handpna.com
77482912,REQUEST_FAILED,,,,,
77483081,REQUEST_FAILED,,,,,
77483305,deadAbandoned,H2ENERGY,"Aug. 16, 2010",birgir vidar halldorsson,,jasteinsson@gmail.com
77483134,REQUEST_FAILED,,,,,
77483586,deadAbandoned,TIMESCROLLS,"Feb. 15, 2010",Timescrolls Inc.,,MikeB@AccessHomes.on.ca
77483464,REQUEST_FAILED,,,,,
77483616,deadAbandoned,FROM BEGINNING TO WIND,"Jul. 14, 2010","Wind Energy Consultants & Contractors, Inc.",,smith@wind-consulting.com
77483472,REQUEST_FAILED,,,,,
77483575,REQUEST_FAILED,,,,,
77483971,deadAbandoned,CORE CAFE,"Aug. 23, 2010","InCore Fitness, LLC",,
77483864,REQUEST_FAILED,,,,,
77484350,deadAbandoned,MORE THAN JUST A DEAL,"Feb. 15, 2010","Big Automotive Group, LLC dba Big Mitsubishi",,
77484582,deadAbandoned,BIODIVERSITEA,"Feb. 08, 2010",BIODIVERSITY PRODUCTS,,
77484632,deadAbandoned,KINKY CURLY CUTIE,"Nov. 30, 2010","G. Harvest Group, LLC",,gharvestgroup@hotmail.com
77484531,REQUEST_FAILED,,,,,
77484761,deadAbandoned,SAMEGOAL SIS,"Jul. 05, 2010","Hochhaus, Andrew M",,andy@hochhaus.us
77484662,REQUEST_FAILED,,,,,
77484770,deadAbandoned,SAMEGOAL GRADES,"Jul. 05, 2010","Hochhaus, Andrew M",,andy@hochhaus.us
77484751,REQUEST_FAILED,,,,,
77484948,REQUEST_FAILED,,,,,
77485290,REQUEST_FAILED,,,,,
77485976,deadAbandoned,TATWEER,"Mar. 01, 2010",Tatweer Dubai LLC,,
77485942,deadAbandoned,EYERIS,"Jun. 28, 2010",Steve Tague,,steve@stevetague.com
77485652,REQUEST_FAILED,,,,,
77485775,REQUEST_FAILED,,,,,
77486036,deadAbandoned,TATWEER,"Mar. 01, 2010",Tatweer Dubai LLC,,
77486121,deadAbandoned,TATWEER,"Mar. 01, 2010",Tatweer Dubai LLC,,
77486558,deadAbandoned,MCEX MARCHE CLIMATIQUE DE MONTREAL PARTENAIRE,"Nov. 29, 2010","Chicago Climate Exchange, Inc.",,
77486533,deadAbandoned,MCEX MONTREAL CLIMATE EXCHANGE PARTNER,"Nov. 15, 2010","Chicago Climate Exchange, Inc.",,
77486547,deadAbandoned,MCEX MONTREAL CLIMATE EXCHANGE PARTNER,"Nov. 29, 2010","Chicago Climate Exchange, Inc.",,
77486566,deadAbandoned,MCEX MARCHÉ CLIMATIQUE DE MONTREAL PARTENAIRE,"Nov. 15, 2010","Chicago Climate Exchange, Inc.",,
77486019,REQUEST_FAILED,,,,,
77486627,deadAbandoned,EYERIS,"Jun. 28, 2010",Steve Tague,,steve@stevetague.com
77486835,deadAbandoned,OPEN FACE,"Jan. 25, 2010","App Tsunami, Inc.",,schan@apptsunami.com
77486948,deadAbandoned,ENROUTE,"Aug. 23, 2010",Apex Technology Corporation,,
77486860,deadAbandoned,800 TREES,"Sep. 20, 2010",800 TREES SAS,,eric@800trees.com
77486802,REQUEST_FAILED,,,,,
77486809,REQUEST_FAILED,,,,,
77487342,deadAbandoned,BARCELONA SOL,"Mar. 10, 2010","Vincent, Mary",,marybvincent@gmail.com
77487043,REQUEST_FAILED,,,,,
77487116,REQUEST_FAILED,,,,,
77487867,deadAbandoned,ORGANIC SPROUT,"May 18, 2010",organic ltd.,,tim@organicsprout.com
77487190,REQUEST_FAILED,,,,,
77487955,deadAbandoned,"PAJAMARAMA, PAJAMARAMA, PAJAMA-RAMA, PAJAMA-RAMA","Feb. 08, 2010","Lovely, Melvin",,Melvin.Lovely@att.net
77487980,deadAbandoned,TOE SHORTENING,"Nov. 08, 2010",NYC FOOTCARE LLC,,
77487984,deadAbandoned,BIG TOE SHORTENING,"Nov. 08, 2010",NYC FOOTCARE LLC,,
77487988,deadAbandoned,FOOT NARROWING,"Dec. 03, 2010",NYC FOOTCARE LLC,,
77487966,deadAbandoned,AUDIO SAFE,"Jan. 04, 2010",AUDIO TECHNOLOGY OF NEW YORK INC.,,
77487572,REQUEST_FAILED,,,,,
77487989,deadAbandoned,HIGH HEEL FEET,"Nov. 08, 2010",NYC FOOTCARE LLC,,
77487732,REQUEST_FAILED,,,,,
77487990,deadAbandoned,PINKY TOE TUCK,"Nov. 08, 2010",NYC FOOTCARE LLC,,
77487993,deadAbandoned,TOE TUCK,"Nov. 08, 2010",NYC FOOTCARE LLC,,
77487987,REQUEST_FAILED,,,,,
77487999,deadAbandoned,ONE TOUCH KEYLESS HOME,"Jul. 19, 2010","STALEX HOLDINGS, LLC LTD",,
77487996,REQUEST_FAILED,,,,,
77488066,REQUEST_FAILED,,,,,
77488042,REQUEST_FAILED,,,,,
77488207,deadAbandoned,SMOOTH,"Apr. 18, 2010",InfoPower Corporation,,leili.chen@infopower.com.tw
77488249,deadAbandoned,REDD FUND,"Feb. 18, 2010",Michael Casey,,mrc@sterncapital.net
77488251,deadAbandoned,MOBILEBOOSTER,"Feb. 10, 2010","Artificial Life, Inc.",,i.setzepfandt@artificial-life.com
77488141,deadAbandoned,CS CHANNEL,"Feb. 08, 2010",Linda M. Lowson,,lmlowson@optonline.net
77488438,deadAbandoned,ANZA THERAPEUTICS,"May 17, 2010","Anza Therapeutics, Inc.",,
77488748,deadAbandoned,NUTRELLE,"Jan. 20, 2010","Fresh Healthy Stuff, LLC",,freshhealthystuff@gmail.com
77488320,REQUEST_FAILED,,,,,
77488339,REQUEST_FAILED,,,,,
77488356,REQUEST_FAILED,,,,,
77488872,deadAbandoned,TATWEER,"Mar. 01, 2010",Tatweer Dubai LLC,,
77489180,deadAbandoned,QUBE,"Apr. 02, 2010",jon steinsson,,js@steinsson.com
77489416,deadAbandoned,IT PAYS TO WATCH,"Mar. 01, 2010","ReelCash Entertainment, Inc.",,
77489215,REQUEST_FAILED,,,,,
77489585,deadAbandoned,GYM X,"Aug. 23, 2010",US Tumblers,,bigmike@ustumblers.com
77489389,REQUEST_FAILED,,,,,
77489417,REQUEST_FAILED,,,,,
77489664,REQUEST_FAILED,,,,,
77490407,deadAbandoned,PEDIGIRLS,"Feb. 22, 2010","Shoba Beauty, Inc.",,shoba_beauty@yahoo.com
77490396,deadAbandoned,K2OSTEX,"Nov. 01, 2010",Nutra Specialities Private Limited,,
77490768,deadAbandoned,PROMOTION IN MOTION NEOCUTIS,"May 03, 2010",Neocutis SA,,cathy.termolle@neocutis.com
77491168,deadAbandoned,WARRIOR SAINTS,"Jun. 28, 2010",Atiqullah Ebady,,sayyidatiq@aol.com
77490337,REQUEST_FAILED,,,,,
77491244,deadAbandoned,TANALUS,"Feb. 15, 2010","Tanalus, Inc.",,info@tanalus.com
77490419,REQUEST_FAILED,,,,,
77491192,deadAbandoned,CONSUMERDNS,"Feb. 15, 2010","Tanalus, Inc.",,info@tanalus.com
77491294,REQUEST_FAILED,,,,,
77491391,REQUEST_FAILED,,,,,
77491643,REQUEST_FAILED,,,,,
77492141,deadAbandoned,DRI-WORKS,"Jan. 08, 2010","Danner, Jennifer L",,jennifer.danner@att.net
77492003,REQUEST_FAILED,,,,,
77492841,deadAbandoned,TECBOND,"Mar. 08, 2010","Sidor, Ricardo",,oci@ociamericas.com
77492429,REQUEST_FAILED,,,,,
77493176,deadAbandoned,VITAHYDRATE,"Jan. 19, 2010","Fresh Healthy Stuff, LLC",,
77492853,REQUEST_FAILED,,,,,
77493207,REQUEST_FAILED,,,,,
77493264,REQUEST_FAILED,,,,,
77493285,REQUEST_FAILED,,,,,
77493609,deadAbandoned,HEARTS IN DIAMOND,"Mar. 01, 2010",FAPERLA CORP.,,fay@faperla.com
77493838,deadAbandoned,NEWSMENTION,"Dec. 20, 2010",CharlesBernd AG,,karl.gosejacob@charlesbernd.com
77493614,REQUEST_FAILED,,,,,
77493678,REQUEST_FAILED,,,,,
77493767,REQUEST_FAILED,,,,,
77494087,deadAbandoned,DIAMONDITE,"Mar. 01, 2010",Max Windsor Floors,,tmregistered@gmail.com
77494020,REQUEST_FAILED,,,,,
77494637,deadAbandoned,MAKE EARTH GREENER,"Jan. 25, 2010",INDIGO SYSTEMS INC,,IBIJOY@HOTMAIL.COM
77494642,deadAbandoned,S ERECTUS,"Sep. 14, 2010",LUIS CUETO,,JVILLA@CORREDURIA-NOTARIA.COM
77494820,deadAbandoned,COLLABORATIVE ZONE,"Mar. 01, 2010",EBIZSERVE TECHNOLOGY LIMITED,,
77494781,deadAbandoned,GRANDE CELLAR SELECTS,"Mar. 01, 2010",CAROUSEL INCORPORATED,,admin@sftdui.com
77494534,REQUEST_FAILED,,,,,
77494622,REQUEST_FAILED,,,,,
77495597,deadAbandoned,UP COMMUNICATIONS,"Aug. 16, 2010","Brightpath, LLC",,
77494734,REQUEST_FAILED,,,,,
77495252,REQUEST_FAILED,,,,,
77495616,deadAbandoned,UP COMMUNICATIONS,"Aug. 16, 2010","Brightpath, LLC",,
77495523,REQUEST_FAILED,,,,,
77495870,REQUEST_FAILED,,,,,
77496113,deadAbandoned,THE ART OF GOLF,"Feb. 22, 2010","Long Drive Designs, LLC",,
77496068,REQUEST_FAILED,,,,,
77497002,deadAbandoned,BATHYSCAPHE,"Mar. 01, 2010","Marei, Rick",,rick.marei@synchronwatches.com
77496788,REQUEST_FAILED,,,,,
77497909,deadAbandoned,ORBIT,"May 13, 2010","Moman Architects, Inc.",,tmoman@momanarch.com
77496899,REQUEST_FAILED,,,,,
77497139,REQUEST_FAILED,,,,,
77498491,deadAbandoned,PHONICS 4 FUN,"Feb. 16, 2010",Roxanne Duke,,rdukeart@yahoo.com
77498558,deadAbandoned,CLEVER CABLES,"Aug. 30, 2010",Clever Cables Inc.,,tricoukes@hotmail.com
77498236,REQUEST_FAILED,,,,,
77498195,REQUEST_FAILED,,,,,
77498583,deadAbandoned,CC,"Aug. 30, 2010",Clever Cables Inc.,,tricoukes@hotmail.com
77498641,deadAbandoned,FUNNEL,"Oct. 04, 2010","Glanville, Don",,
77498670,deadAbandoned,FUNNEL SYSTEM,"Oct. 04, 2010","Glanville, Don",,
77498665,deadAbandoned,MINISTRY OF CULTURE,"Mar. 29, 2010",Valiant LLC,,contact@destroyentertainment.com
77498271,REQUEST_FAILED,,,,,
77498730,deadAbandoned,X POS,"Mar. 01, 2010","Via One Technologies, Inc.",,
77498781,deadAbandoned,ONE WORLD. CONNECTED.,"Apr. 05, 2010",Via One Corporation,,
77498741,deadAbandoned,M POS,"Mar. 01, 2010","Via One Technologies, Inc.",,
77498651,REQUEST_FAILED,,,,,
77498722,deadAbandoned,V POS,"Mar. 01, 2010","Via One Technologies, Inc.",,
77498662,REQUEST_FAILED,,,,,
77499110,REQUEST_FAILED,,,,,
77499179,REQUEST_FAILED,,,,,
77499207,REQUEST_FAILED,,,,,
77499342,deadAbandoned,KOZYARMZ,"Mar. 08, 2010","Lindsey, LaChundra T",,dltbusiness@hotmail.com
77499216,REQUEST_FAILED,,,,,
77499471,deadAbandoned,BELLY SPRING,"Jun. 02, 2010","Ford, Laura June",,paljf@hotmail.com
77499304,REQUEST_FAILED,,,,,
77499321,REQUEST_FAILED,,,,,
77499515,REQUEST_FAILED,,,,,
77499710,deadAbandoned,100 DEGREES,"Feb. 22, 2010",Winning Moves Inc.,,pecci@winning-moves.com
77500355,deadAbandoned,PRODUCTS THAT SPEAK,"Jan. 25, 2010","Swanson, Kimberly M.",,kswanson@theenspiregroup.com
77500202,REQUEST_FAILED,,,,,
77500262,REQUEST_FAILED,,,,,
77500762,deadAbandoned,QUICKLOG,"May 03, 2010","Truescope Technologies, Inc",,jean-marc.debaud@truescope-tech.com
77500962,deadAbandoned,OMNIUS,"Nov. 09, 2010","IdealLabs, LLC",,haidut@gmail.com
77500546,REQUEST_FAILED,,,,,
77501274,deadAbandoned,CALIFORNIA CUSTOM CREATIONS,"Sep. 13, 2010","California Custom Fruits & Flavors, Inc.",,
77501265,deadAbandoned,CALIFORNIA CUSTOM CREATIONS,"Sep. 13, 2010","California Custom Fruits & Flavors, Inc.",,
77501158,REQUEST_FAILED,,,,,
77501622,REQUEST_FAILED,,,,,
77501752,REQUEST_FAILED,,,,,
77501905,REQUEST_FAILED,,,,,
77502401,REQUEST_FAILED,,,,,
77503227,deadAbandoned,BORN SECRET,"Mar. 08, 2010","Williams,Lloyd,L",,lloydwilliams@ihug.co.nz
77503401,deadAbandoned,ISHOE,"Mar. 08, 2010","iShoe, Inc",,katey@ishoeinsole.com
77503357,deadAbandoned,SPIRITUAL CINEMA COLLECTION SC2,"Mar. 22, 2010",Arthousecorp LLC,,
77502818,REQUEST_FAILED,,,,,
77503506,deadAbandoned,WAXPLOITATION,"Mar. 08, 2010",Jeff Antebi,,
77503207,REQUEST_FAILED,,,,,
77503660,deadAbandoned,SPORTSMATE,"Feb. 22, 2010",Jon Steinsson,,js@steinsson.com
77503497,deadAbandoned,THE PAWTOGRAPHER,"Jan. 25, 2010","Semrow, Robert",,rsemrow@hotmail.com
77503683,deadAbandoned,WHITE ICE,"Sep. 06, 2010",jon steinsson,,js@steinsson.com
77503498,REQUEST_FAILED,,,,,
77503767,deadAbandoned,FRIED AND GONE TO HEAVEN,"Mar. 08, 2010",Jeremy Ziman,,jziman@comcast.net
77503662,REQUEST_FAILED,,,,,
77503972,deadAbandoned,CATHIE,"Jan. 18, 2010",Old Dominion University Research Foundation,,
77504242,deadAbandoned,INTELLICELLAR WOW FACTOR,"Apr. 05, 2010",SafShop LLC,,george@intellicellar.com
77504784,deadAbandoned,MAGGIE B'S,"Mar. 15, 2010","Stinnett, Angela J",,wmsj777@yahoo.com
77504540,REQUEST_FAILED,,,,,
77504643,REQUEST_FAILED,,,,,
77504681,REQUEST_FAILED,,,,,
77504684,REQUEST_FAILED,,,,,
77504966,deadAbandoned,ICE ROCK FIRE,"Apr. 19, 2010","GLACIAL THERAPEUTICS, LLC",,garyleib@aol.com
77504871,REQUEST_FAILED,,,,,
77505137,deadAbandoned,THE UNITY BLANKET,"Apr. 19, 2010","Patchan, Brandi J.",,kneadngrlf@aol.com
77504930,REQUEST_FAILED,,,,,
77504956,REQUEST_FAILED,,,,,
77504988,REQUEST_FAILED,,,,,
77505068,REQUEST_FAILED,,,,,
77505702,deadAbandoned,RAINBOW DENTAL CARE,"Jan. 04, 2010","Gregory Po Dentistry, A Professional Corporation",,gpdent2@aol.com
77505602,deadAbandoned,MONTERO EXCLUSIVE BAM-BOO DESIGNS. INC,"Mar. 08, 2010",Montero Exclusive Bam-Boo Designs Inc.,,
77505984,deadAbandoned,ESEF APPAREL,"Aug. 02, 2010",Jordan Inglebright,,esefapparel@gmail.com
77505531,REQUEST_FAILED,,,,,
77505986,deadAbandoned,REPOLARIZE YOUR BODY,"Jan. 07, 2010","HEALTH SCIENCE SOLUTION, S.A. DE C.V.",,
77506136,deadAbandoned,SAFETYTOTE,"Sep. 20, 2010","Innovative Design Solutions, Inc.",,jim@idesignsolutions.com
77505863,REQUEST_FAILED,,,,,
77506349,deadAbandoned,REPOLARÍZATE,"Jan. 07, 2010","HEALTH SCIENCE SOLUTION, S.A. DE C.V.",,
77505999,deadAbandoned,REPOLARIZE YOUR SENSES,"Jan. 07, 2010","HEALTH SCIENCE SOLUTION, S.A. DE C.V.",,
77505904,REQUEST_FAILED,,,,,
77506395,deadAbandoned,FLOCK TALK,"Sep. 24, 2010","Womach Brother Productions, Inc.",,jl@jamieleigh.biz
77506400,deadAbandoned,CALIFORNIA CENTERFOLD,"Jul. 05, 2010","Irving, Imani",,Imani27@hotmail.com
77506316,deadAbandoned,BROOKLYN BOMBSHELL,"Jul. 05, 2010","Irving, Imani",,Imani27@hotmail.com
77506419,deadAbandoned,REPOLARIZE YOURSELF,"Jan. 07, 2010","HEALTH SCIENCE SOLUTION, S.A. DE C.V.",,
77506418,REQUEST_FAILED,,,,,
77506432,REQUEST_FAILED,,,,,
77506464,REQUEST_FAILED,,,,,
77506726,deadAbandoned,YOU WEAR IT WELL,"Jun. 02, 2010",Mark J. Stephens,,nysuitexchange@bellsouth.net
77506677,REQUEST_FAILED,,,,,
77507074,deadAbandoned,CHICK BY NICKY HILTON,"Feb. 15, 2010",Nicky Hilton Worldwide LLC,,
77507096,deadAbandoned,NICHOLAI,"Feb. 15, 2010",Nicky Hilton Worldwide LLC,,
77506982,REQUEST_FAILED,,,,,
77507294,deadAbandoned,BELLAGANICS,"Jun. 21, 2010",Vlaskamp Inc,,Bellaganics@gmail.com
77507678,deadAbandoned,MILLIONAIRE 53,"Apr. 19, 2010",PINZON LUIS E,,luepinzon@hotmail.com
77507594,deadAbandoned,CLAYTIME AUSTRALIA,"Aug. 16, 2010",Cosmetic Innovations Australia Pty Ltd,,
77507332,REQUEST_FAILED,,,,,
77507376,REQUEST_FAILED,,,,,
77508426,deadAbandoned,LESA WALLACE,"Dec. 20, 2010","TETA, INC.",,
77508539,deadAbandoned,CHERISH YOUR LIFE,"Jan. 25, 2010","Swanson, Kimberly M.",,kswanson@theenspiregroup.com
77508434,deadAbandoned,WGH WORLD GROUP HOLDINGS,"Nov. 01, 2010","Hutchinson, Walter George",,walter.hutchinson@gmail.com
77507848,REQUEST_FAILED,,,,,
77508742,deadAbandoned,WOOD & PANEL WORLD,"Aug. 25, 2010",KESHAN INFOTECH PVT. LTD.,,info@timberhunt.com
77508558,REQUEST_FAILED,,,,,
77509234,deadAbandoned,None,"Nov. 22, 2010",Platrium LLC,,
77509250,deadAbandoned,None,"Mar. 22, 2010",Platrium LLC,,
77509287,deadAbandoned,None,"Mar. 22, 2010",Platrium LLC,,
77509514,deadAbandoned,SEARCH ENGINE OPTIMIZATION,"Apr. 30, 2010",Modern Consulting Solutions,,jasong@modernconsultingsolutions.com
77509202,REQUEST_FAILED,,,,,
77509703,deadAbandoned,HOLLYWOOD DREAMS,"May 28, 2010","Xi, Zhang",,xizhang_53@hotmail.com
77509253,REQUEST_FAILED,,,,,
77509680,deadAbandoned,PAULAPENNY ART L.L.C.,"Mar. 22, 2010",PaulaPenny Art L.L.C.,,pbrdesigns@aol.com
77509767,deadAbandoned,ALTRUIK,"Sep. 13, 2010","Altruik, Inc.",,
77510130,deadAbandoned,DOLLAR PET,"Apr. 19, 2010",Wolverton Pet Supply Co.,,
77509947,deadAbandoned,CAPE COLD,"Mar. 15, 2010","FOGEL DE CENTROAMERICA, S.A.",,rebecca.atanacio@yahoo.com
77509825,REQUEST_FAILED,,,,,
77509876,REQUEST_FAILED,,,,,
77510157,REQUEST_FAILED,,,,,
77510738,deadAbandoned,SPIROTECHNIQUE,"Jun. 23, 2010",RICK MAREI,,rickmarei@ifactory.at
77510548,REQUEST_FAILED,,,,,
77510604,REQUEST_FAILED,,,,,
77511229,deadAbandoned,TABLE EXPRESS,"Feb. 01, 2010","Spizzirri, Kathleen, R",,kspizz@gmail.com
77510670,REQUEST_FAILED,,,,,
77511185,deadAbandoned,FOX,"Jan. 07, 2010","Becton, Dickinson and Company",,
77511230,REQUEST_FAILED,,,,,
77511948,deadAbandoned,LDT,"Jun. 23, 2010",RF Industries Pty Ltd,,nigel.healey@rfi.com.au
77511842,REQUEST_FAILED,,,,,
77512234,deadAbandoned,ECO-SYSTEM FUND,"Feb. 18, 2010",Michael Casey,,mrc@sternacapital.net
77511884,REQUEST_FAILED,,,,,
77511946,REQUEST_FAILED,,,,,
77512244,REQUEST_FAILED,,,,,
77512374,REQUEST_FAILED,,,,,
77513134,deadAbandoned,THEINHARDT,"Feb. 01, 2010","Optimo, Gavillet & Rust",,david@optimo.ch
77513030,REQUEST_FAILED,,,,,
77513658,deadAbandoned,REOLYNX,"Sep. 13, 2010","Portfolio Matrix Partners, LLC",,
77513244,REQUEST_FAILED,,,,,
77513350,REQUEST_FAILED,,,,,
77514031,deadAbandoned,THE FLIP FLOP STOP,"May 25, 2010","Butler, John F.",,flipflop@frontiernet.net
77514187,deadAbandoned,CSR,"Sep. 06, 2010",CHINA SOUTH LOCOMOTIVE & ROLLING STOCK CORPORATION LIMITED,,
77514020,REQUEST_FAILED,,,,,
77514205,REQUEST_FAILED,,,,,
77514459,REQUEST_FAILED,,,,,
77514472,REQUEST_FAILED,,,,,
77515079,deadAbandoned,A.L.P.H.A. NYC,"Feb. 22, 2010","Lamy, Kristopher",,krisaskt21@hotmail.com
77514849,REQUEST_FAILED,,,,,
77515429,deadAbandoned,BOOSTWATER,"Sep. 20, 2010","LY, DJIBY",,djibyly@hotmail.com
77514999,REQUEST_FAILED,,,,,
77515066,REQUEST_FAILED,,,,,
77515958,deadAbandoned,THINK TOP DOWN,"Aug. 12, 2010","Huda, Adam, R",,hudatech@gmail.com
77515360,REQUEST_FAILED,,,,,
77516173,deadAbandoned,FUN PARK,"Jun. 09, 2010",UBISOFT ENTERTAINMENT,,
77516236,deadAbandoned,DELPHIX,"Mar. 31, 2010",DELPHIX CORP.,,hilary@delphix.com
77515680,REQUEST_FAILED,,,,,
77516037,REQUEST_FAILED,,,,,
77516373,deadAbandoned,LIIGHT,"Jan. 25, 2010",Studio Walljump,,nicholas@studiowalljump.com
77516108,REQUEST_FAILED,,,,,
77516369,deadAbandoned,REPOLAR WATER,"Jan. 07, 2010","HEALTH SCIENCE SOLUTION, S.A. DE C.V.",,
77516383,deadAbandoned,NEIGHBORHOOD EXPLORER,"Apr. 12, 2010","P3 New Media Group, LLC",,
77516644,deadAbandoned,GULF STREET,"Oct. 18, 2010","Moorhead, William S.",,wsmoorhead@aol.com
77516370,REQUEST_FAILED,,,,,
77516418,REQUEST_FAILED,,,,,
77516901,deadAbandoned,"SYSTEMS WORK, PEOPLE FAIL...IT'S THAT SIMPLE!","Sep. 20, 2010","Glanville, Don",,
77517019,deadAbandoned,DYC WORLD WIDE,"Apr. 20, 2010","Ricardo Cucalon, Jr.",,tmregistered@gmail.com
77516976,deadAbandoned,"SYSTEMS WORK, PEOPLE FAIL","Sep. 20, 2010","Glanville, Don",,
77516770,REQUEST_FAILED,,,,,
77516895,REQUEST_FAILED,,,,,
77516926,REQUEST_FAILED,,,,,
77517576,deadAbandoned,COURSECAST,"Feb. 17, 2010","Panopto, Inc.",,bbellon@panopto.com
77517200,REQUEST_FAILED,,,,,
77517199,REQUEST_FAILED,,,,,
77517566,deadAbandoned,GETROYS,"Jan. 13, 2010","Lambs & Jams, Inc.",,kleinmuntz@prodigy.net
77517968,REQUEST_FAILED,,,,,
77519516,deadAbandoned,MIRSSAGE,"Mar. 30, 2010","Pro Healing, LLC",,
77518609,REQUEST_FAILED,,,,,
77518814,REQUEST_FAILED,,,,,
77519495,REQUEST_FAILED,,,,,
77519657,deadAbandoned,PYLEO,"Sep. 27, 2010","Pyleo, Inc.",,eric.pyett@runbox.com
77519555,REQUEST_FAILED,,,,,
77520535,deadAbandoned,HANG JONES,"Aug. 30, 2010","Grillos, Stephen John",,hangjones@gmail.com
77520185,deadAbandoned,DM DON MOEN,"Mar. 15, 2010",Don Moen LLC,,
77520810,deadAbandoned,LIFE IS CRAP,"Sep. 13, 2010",OFFSIDE LLC LTD LIAB CO,,
77520124,REQUEST_FAILED,,,,,
77520855,deadAbandoned,A GOOD DOG ACADEMY,"Jan. 11, 2010",A Good Dog Academy Company,,scjking2@comcast.net
77521218,deadAbandoned,THE PERFECT STORY,"Mar. 16, 2010",REVELLUX LLC,,kidd2@airmail.net
77520812,REQUEST_FAILED,,,,,
77520941,REQUEST_FAILED,,,,,
77521660,deadAbandoned,GINGER MENTHA,"Mar. 31, 2010","Bigelow Merchandising, LLC",,
77521641,deadAbandoned,MENTHA HAIR,"Mar. 31, 2010","Bigelow Merchandising, LLC",,
77521240,REQUEST_FAILED,,,,,
77521304,REQUEST_FAILED,,,,,
77521830,deadAbandoned,None,"Mar. 08, 2010",Regal and Rebel,,
77521789,REQUEST_FAILED,,,,,
77521828,REQUEST_FAILED,,,,,
77521977,REQUEST_FAILED,,,,,
77522080,REQUEST_FAILED,,,,,
77523421,deadAbandoned,YOUR TRUSTED TRADE PARTNER,"Apr. 14, 2010",Trade Group International,,wtawbi@comcast.net
77522999,REQUEST_FAILED,,,,,
77524135,deadAbandoned,TATTS,"May 03, 2010",Robinson Paul C,,paul@paulrobinson.com
77523304,REQUEST_FAILED,,,,,
77523859,deadAbandoned,TWINVERSE,"Mar. 15, 2010","Twinverse, Inc.",,
77523739,REQUEST_FAILED,,,,,
77524189,REQUEST_FAILED,,,,,
77524268,REQUEST_FAILED,,,,,
77524629,deadAbandoned,DELTA RAID,"May 17, 2010","Delta Raid, Inc.",,
77525442,deadAbandoned,BLUE WORLD POOLS,"Feb. 12, 2010","Blue World Pools, Inc.",,swarren@blueworldpools.com
77525217,REQUEST_FAILED,,,,,
77525378,deadAbandoned,S E C STATUS SIGNATURE,"Jan. 18, 2010","Comi, Todd Joseph",,toddcomi@statuscapitalplanning.com
77525300,REQUEST_FAILED,,,,,
77525678,deadAbandoned,AF2,"Apr. 26, 2010","Becton, Dickinson and Company",,
77525680,REQUEST_FAILED,,,,,
77526410,deadAbandoned,FATTOC TIMES,"May 10, 2010","Financial Asset Trading & Technology of California, LLC",,
77525829,REQUEST_FAILED,,,,,
77526505,deadAbandoned,TUTORS2LEARN,"Jul. 05, 2010","Creating For You Great Results, LLC",,etoennies@wideopenwest.com
77525953,REQUEST_FAILED,,,,,
77526691,deadAbandoned,ACTIVEANGELZ,"Apr. 05, 2010",Andi Neugarten,,aneugarten@aol.com
77526652,deadAbandoned,GREEN VILLAGE POWER,"Apr. 19, 2010",Green Village Power Company,,brian.spector@gmail.com
77526703,deadAbandoned,FIVI,"Dec. 10, 2010","Aidoud, Nabil",,nabil.aidoud@gmail.com
77526576,deadAbandoned,JOE YOGA,"Apr. 05, 2010",Joe Yoga Inc.,,pheffernan@earthlink.net
77526757,deadAbandoned,TIME 2 RUN,"Feb. 08, 2010","Williams, Edward A",,edwilliams1@comcast.net
77526538,REQUEST_FAILED,,,,,
77526607,REQUEST_FAILED,,,,,
77526796,deadAbandoned,BATTLEBRAIN,"Aug. 25, 2010",DVide Arts Incorporated,,webmaster@dvidearts.com
77526790,REQUEST_FAILED,,,,,
77527007,REQUEST_FAILED,,,,,
77527597,deadAbandoned,SESSION MAX,"Feb. 22, 2010","Unite Eurotherapy, Inc.",,
77527748,deadAbandoned,FRAZZAPAN,"Apr. 05, 2010","Massie, Francis A.",,frnkmassie@yahoo.com
77527236,REQUEST_FAILED,,,,,
77527708,deadAbandoned,FRAZZAPAN,"Apr. 05, 2010","Massie, Francis A.",,frnkmassie@yahoo.com
77527522,REQUEST_FAILED,,,,,
77527759,REQUEST_FAILED,,,,,
77528084,deadAbandoned,CIPHERSIGN,"Mar. 16, 2010",SILVERLINX CORPORATION,,yumei.jin@silverlinx.com
77528088,REQUEST_FAILED,,,,,
77528176,REQUEST_FAILED,,,,,
77528752,deadAbandoned,FATTALK TIMES,"May 10, 2010","Financial Asset Trading & Technology of California, LLC",,
77528894,deadAbandoned,BLUEBEAT,"Jan. 11, 2010","Anzalone, Jon Kevin",,kanzalone@cox.net
77528696,REQUEST_FAILED,,,,,
77528798,deadAbandoned,BE ONE WITH THE HORSE,"May 10, 2010","Kamph Enterprises, Inc.",,
77529571,deadAbandoned,ONLY ONE,"Jun. 14, 2010",Only One Apparel Company,,marshall@onlyonecorp.com
77528862,REQUEST_FAILED,,,,,
77529361,REQUEST_FAILED,,,,,
77529428,REQUEST_FAILED,,,,,
77529935,REQUEST_FAILED,,,,,
77529975,REQUEST_FAILED,,,,,
77530087,deadAbandoned,QUANTOS PERFECT DOSING,"Sep. 27, 2010",Mettler-Toledo AG,,juerg.burri@mt.com
77530035,REQUEST_FAILED,,,,,
77530053,REQUEST_FAILED,,,,,
77530338,deadAbandoned,DRILL HERE DRILL NOW PAY LESS,"Apr. 19, 2010","Thompson, Thomas",,rails@canby.com
77530146,REQUEST_FAILED,,,,,
77530626,REQUEST_FAILED,,,,,
77531454,deadAbandoned,OTOGRAM,"Jun. 23, 2010","Tympany, LLC",,info@tympany.net
77530887,REQUEST_FAILED,,,,,
77531206,REQUEST_FAILED,,,,,
77531987,deadAbandoned,HERPES BOY,"Nov. 08, 2010","Gast, Byron R.",,ByronLane323@yahoo.com
77531782,REQUEST_FAILED,,,,,
77531674,REQUEST_FAILED,,,,,
77532071,deadAbandoned,CLIENT CRITIC.COM,"Mar. 02, 2010","SMITH, DAVID YALANTIS",,DSMITH@CLIENTCRITIC.COM
77531929,REQUEST_FAILED,,,,,
77532161,deadAbandoned,SPEAKERLIGHT,"Apr. 12, 2010","Haase, Edward",,playten@aol.com
77532078,REQUEST_FAILED,,,,,
77532300,deadAbandoned,SOLERA SALON,"Apr. 26, 2010","Solera Salon, Inc.",,
77532275,REQUEST_FAILED,,,,,
77532571,deadAbandoned,TWO BROADS ABROAD,"Apr. 12, 2010","Serra, Deborah",,serra6225@yahoo.com
77532609,deadAbandoned,PRITOP,"Oct. 18, 2010",Axis International Trade LLC,,
77532321,REQUEST_FAILED,,,,,
77532474,REQUEST_FAILED,,,,,
77532627,REQUEST_FAILED,,,,,
77532753,REQUEST_FAILED,,,,,
77533165,deadAbandoned,FANG AND FEATHER,"Sep. 24, 2010","Spencer, Sabina",,sasuni@aol.com
77532980,REQUEST_FAILED,,,,,
77533241,REQUEST_FAILED,,,,,
77533311,REQUEST_FAILED,,,,,
77534042,deadAbandoned,CHI3 POWERED BY GOCHI,"Feb. 01, 2010","FreeLife International Holdings, LLC",,
77533759,REQUEST_FAILED,,,,,
77534119,deadAbandoned,GOLDEN PROTECTION,"Jul. 23, 2010","Golden Mills, LLC",,marty@a1textiles.com
77534096,deadAbandoned,GOLDEN BIO PROTECTION,"Jul. 23, 2010","Golden Mills, LLC",,marty@a1textiles.com
77534281,REQUEST_FAILED,,,,,
77534796,deadAbandoned,MAN CAN COOK,"Apr. 12, 2010","Zaiter, Samir",,zaiter5210@gmail.com
77534620,REQUEST_FAILED,,,,,
77534643,REQUEST_FAILED,,,,,
77535376,deadAbandoned,"HEAD DRAMA -GET RID OF THE FEAR, FIND YOUR HAPPINESS","May 03, 2010","McGuire, Troy",,troy_mcguire@hotmail.com
77535107,REQUEST_FAILED,,,,,
77535819,deadAbandoned,EXPHEDRINE HCL,"Apr. 05, 2010","FPL Wholesalers, LLC",,justinfpl@yahoo.com
77535903,deadAbandoned,CHART OF LIFE,"Jan. 25, 2010","Bedecs, Michael",,mbedecs@gmail.com
77535578,deadAbandoned,CARB KARMA,"Apr. 19, 2010",George Zeppos,,gzep1@yahoo.com
77535516,REQUEST_FAILED,,,,,
77535859,REQUEST_FAILED,,,,,
77536011,REQUEST_FAILED,,,,,
77536620,deadAbandoned,RUNE KEEPERS,"Feb. 15, 2010",3D WARP ENTERTAINMENT INC,,david@3dwarp.com
77537235,deadAbandoned,WELCOME NEIGHBOR.COM,"May 10, 2010",McManus Company,,
77536421,REQUEST_FAILED,,,,,
77537133,REQUEST_FAILED,,,,,
77537525,REQUEST_FAILED,,,,,
77537592,REQUEST_FAILED,,,,,
77537689,REQUEST_FAILED,,,,,
77538199,deadAbandoned,URSPONSORED,"May 17, 2010",Cervantes Omar,,eraynal@slc-law.net
77537800,REQUEST_FAILED,,,,,
77537830,REQUEST_FAILED,,,,,
77538357,deadAbandoned,RTT MOBILE INTERPRETATION,"Jan. 16, 2010","Real Time Translation, Inc.",,mikem@rttmobile.com
77538765,REQUEST_FAILED,,,,,
77538887,deadAbandoned,ICABTV,"Apr. 29, 2010",UzoneMedia Inc,,eric@uzonemedia.com
77539237,deadAbandoned,BIO-FILTERS,"Jul. 08, 2010","TRINITY MOUNTAIN, LLC",,spitfireglobal@rogers.com
77538877,REQUEST_FAILED,,,,,
77539089,REQUEST_FAILED,,,,,
77539521,REQUEST_FAILED,,,,,
77539988,deadAbandoned,EMORY JONES,"Apr. 19, 2010","JONES, EMORY C.",,FreeEmoryJones@aol.com
77540208,deadAbandoned,INNOVATE WITH US,"May 24, 2010",Microfluidics Corporation,,
77539970,REQUEST_FAILED,,,,,
77540252,REQUEST_FAILED,,,,,
77540332,REQUEST_FAILED,,,,,
77540386,REQUEST_FAILED,,,,,
77540851,deadAbandoned,D-COL,"Sep. 02, 2010","D-COL, INC.",,Patrick@stolmeierlaw.com
77540900,deadAbandoned,SNOW GRASS,"Apr. 19, 2010",Anthony Louis Moore,,ben@marlboroughvintners.co.nz
77540894,deadAbandoned,BUSTED ASS,"Apr. 19, 2010",Anthony Louis Moore,,ben@marlboroughvintners.co.nz
77541064,deadAbandoned,BIG BLONDE VODKA,"Jan. 29, 2010",Big Blonde Spirits,,david@opportunityinliving.com
77540761,REQUEST_FAILED,,,,,
77540880,REQUEST_FAILED,,,,,
77540866,REQUEST_FAILED,,,,,
77541102,deadAbandoned,COMPUBODIES,"Mar. 07, 2010","Krans, Leo",,info2@leokrans.nl
77541087,REQUEST_FAILED,,,,,
77541237,REQUEST_FAILED,,,,,
77541259,REQUEST_FAILED,,,,,
77541841,deadAbandoned,CELLENCOR,"May 31, 2010",Cellencor Inc.,,
77542044,deadAbandoned,LIGHT HEALTHY,"Apr. 26, 2010","One Green World, Inc.",,tgentry@diamonfusion.com
77541701,REQUEST_FAILED,,,,,
77542234,deadAbandoned,AIM,"Apr. 19, 2010","Tympany, LLC",,info@tympany.net
77541972,REQUEST_FAILED,,,,,
77542497,deadAbandoned,REAL GREEN SYSTEMS,"Jul. 06, 2010","Hawaiian Village Computer, Inc.",,vwalker@realgreen.com
77542484,deadAbandoned,ARTE DOLCE,"Oct. 25, 2010","Arte Gelato, LLC",,omazzei@gmail.com
77542124,REQUEST_FAILED,,,,,
77542127,REQUEST_FAILED,,,,,
77542994,deadAbandoned,SABBACTISUN,"Sep. 13, 2010",Fish Health Pro,,info@fishhealthpro.com
77542666,REQUEST_FAILED,,,,,
77542797,REQUEST_FAILED,,,,,
77543114,deadAbandoned,TSAR IVAN THE TERRIBLE,"Dec. 06, 2010",The New Muscovy Company Ltd,,info@newmuscovy.co.uk
77543231,deadAbandoned,VISITEUROPE,"Jan. 12, 2010","Vindheim, Martin",,martin@vindheim.com
77543229,deadAbandoned,VISITNORWAY,"Apr. 16, 2010","Vindheim, Martin",,martin@vindheim.com
77543065,REQUEST_FAILED,,,,,
77543156,deadAbandoned,B TO ZINC,"May 28, 2010","Ciavarella, Oliver, and Pianarosa",,aprillec@btozinc.com
77543146,deadAbandoned,SUPER SUDS,"Sep. 14, 2010",XCESSORY INTERNATIONAL LLC,,
77543265,deadAbandoned,MY LIFE AND CF,"Oct. 11, 2010","Gilead Sciences, Inc.",,
77543266,deadAbandoned,CF PASSPORT,"Oct. 11, 2010","Gilead Sciences, Inc.",,
77543158,REQUEST_FAILED,,,,,
77543346,REQUEST_FAILED,,,,,
77543901,REQUEST_FAILED,,,,,
77544213,deadAbandoned,REMIT2GUYANA.COM,"Jun. 28, 2010","Warde, Jermaine I.",,jermainewarde@yahoo.com
77544108,REQUEST_FAILED,,,,,
77544575,deadAbandoned,POINT OF DONATION,"Oct. 25, 2010","Sologub, Sergei",,
77544481,deadAbandoned,PIXY CUBES,"Apr. 19, 2010","Thierry, Denoual",,thierrydenoual@orange.fr
77544826,deadAbandoned,VALRIE MCMAHAN,"Jun. 26, 2010","Dodson, Rebecca Farley",,bayntiques@comcast.net
77544726,deadAbandoned,PSMA,"Apr. 05, 2010",Terrace Communications Corporation,,nhays@terracecorp.com
77544363,REQUEST_FAILED,,,,,
77545082,deadAbandoned,FOUNDRY DENIM CO,"Jan. 04, 2010","Anzalone, Jon K",,anzadesign@cox.net
77545115,deadAbandoned,SNAKE RACING,"Jan. 22, 2010",Don Prudhomme,,
77544767,REQUEST_FAILED,,,,,
77544861,REQUEST_FAILED,,,,,
77545501,deadAbandoned,THULE,"Sep. 06, 2010",Jon Steinsson,,js@steinsson.com
77545535,deadAbandoned,BAGGER,"Nov. 27, 2010",BAG WORLD INTERNATIONAL LIMITED,,info.info168@gmail.com
77545153,REQUEST_FAILED,,,,,
77545539,deadAbandoned,BAGGER WORLD,"Nov. 27, 2010",BAG WORLD INTERNATIONAL LIMITED,,info.info168@gmail.com
77545564,deadAbandoned,SEE ME BE,"May 03, 2010","Kaplan, Barrie B",,SeeMeCosmetics@aol.com
77545557,deadAbandoned,HAPPY PILLS,"Jun. 07, 2010","Chaikin Capital Advisors, Inc.",,
77545489,REQUEST_FAILED,,,,,
77545502,REQUEST_FAILED,,,,,
77545816,REQUEST_FAILED,,,,,
77546065,REQUEST_FAILED,,,,,
77546571,deadAbandoned,EARTHPURE,"Mar. 18, 2010","Earthpure Organics, LLC",,
77546586,deadAbandoned,EARTHPURE,"Mar. 18, 2010","Earthpure Organics, LLC",,
77546466,REQUEST_FAILED,,,,,
77546589,deadAbandoned,EARTHPURE,"Mar. 18, 2010","Earthpure Organics, LLC",,
77546501,REQUEST_FAILED,,,,,
77546520,REQUEST_FAILED,,,,,
77546582,deadAbandoned,EARTHPURE,"Mar. 18, 2010","Earthpure Organics, LLC",,
77546660,deadAbandoned,VALRIE MCMAHAN,"Feb. 01, 2010","Dodson, Rebecca Farley",,bayntiques@comcast.net
77546629,REQUEST_FAILED,,,,,
77546670,REQUEST_FAILED,,,,,
77546701,REQUEST_FAILED,,,,,
77546799,deadAbandoned,ARTFUL DODGER,"Nov. 01, 2010",Artful Holdings LLC,,atarshis@iconixbrand.com
77547213,deadAbandoned,PRODUCTION-BASED,"Jan. 17, 2010",ICON INTERNATIONAL IMAGES INC.,,
77547463,deadAbandoned,IDON.COM,"May 03, 2010","Landron, William",,
77547526,deadAbandoned,Y9,"Apr. 08, 2010",Y9 Inc.,,jonathan@groovetickets.com
77547237,REQUEST_FAILED,,,,,
77547256,REQUEST_FAILED,,,,,
77547912,deadAbandoned,ZEPHORAH,"May 24, 2010","Howard, D.M.",,zephorah.nure@gmail.com
77547703,REQUEST_FAILED,,,,,
77547709,REQUEST_FAILED,,,,,
77547996,deadAbandoned,DJ ESKIMO,"Jul. 19, 2010","Mitchell, Michael",,djeskimo1@gmail.com
77547808,REQUEST_FAILED,,,,,
77548094,REQUEST_FAILED,,,,,
77548052,REQUEST_FAILED,,,,,
77548247,REQUEST_FAILED,,,,,
77548389,deadAbandoned,F FOURIER IDEA INC,"Mar. 04, 2010",Fourier Idea Inc.,,
77548518,REQUEST_FAILED,,,,,
77548913,deadAbandoned,EN-V,"Apr. 05, 2010","Poise, LLC",,tmregistered@gmail.com
77548707,REQUEST_FAILED,,,,,
77548772,REQUEST_FAILED,,,,,
77549038,deadAbandoned,CELLENCOR,"May 31, 2010",Cellencor Inc.,,
77548917,REQUEST_FAILED,,,,,
77549171,deadAbandoned,ECLIPSE GAMING,"Feb. 01, 2010","Eclipse Gaming Systems, LLC",,nsg24@cornell.edu
77548987,REQUEST_FAILED,,,,,
77549728,deadAbandoned,I-95,"Jul. 19, 2010",Central Tobacco LLC,,centraltobacco100@hotmail.com
77549311,REQUEST_FAILED,,,,,
77549387,REQUEST_FAILED,,,,,
77550193,REQUEST_FAILED,,,,,
77550444,REQUEST_FAILED,,,,,
77550786,REQUEST_FAILED,,,,,
77551096,deadAbandoned,SUPER REGULAR,"May 17, 2010",A & B Designs LLC,,regularme@gmail.com
77551103,deadAbandoned,SR,"May 17, 2010",A & B Designs LLC,,regularme@gmail.com
77551030,REQUEST_FAILED,,,,,
77551130,REQUEST_FAILED,,,,,
77551329,REQUEST_FAILED,,,,,
77551737,deadAbandoned,WHITEBRUSH,"Nov. 01, 2010","Link,John M",,
77552142,deadAbandoned,U.PM,"Dec. 22, 2010",InfoPower Corporation,,leili.chen@infopower.com.tw
77552239,deadAbandoned,CA3D,"Oct. 20, 2010","ThinkDimensions, Inc.",,velchuri@thinkdimensions.com
77551850,REQUEST_FAILED,,,,,
77552137,REQUEST_FAILED,,,,,
77552620,deadAbandoned,LONG LOST BRANDS,"Oct. 18, 2010",Long Lost Brands LLC,,jhastings@vermontcountrystore.com
77552834,deadAbandoned,I LIKE BOOKS,"Nov. 08, 2010","Deatrick, Ben S.",,bendeat@yahoo.com
77552263,REQUEST_FAILED,,,,,
77552786,REQUEST_FAILED,,,,,
77553432,deadAbandoned,UV ULTRAVIOLETBURLESQUE.COM,"Feb. 17, 2010",Ultra Violet Burlesque.Com,,empressuv@gmail.com
77553818,deadAbandoned,FRUIT FIGHTERS,"Nov. 08, 2010","Simkins, Hilary M",,hmp333@aol.com
77553841,deadAbandoned,WORDRUGS,"Dec. 12, 2010","Richard Agemo, LLC",,agemo1@verizon.net
77553225,REQUEST_FAILED,,,,,
77553285,REQUEST_FAILED,,,,,
77553840,REQUEST_FAILED,,,,,
77554010,REQUEST_FAILED,,,,,
77554371,deadAbandoned,ERECTION BEVERAGE COMPANY,"Jul. 20, 2010",Restifo Philip,,cigars555@cs.com
77554333,REQUEST_FAILED,,,,,
77554351,REQUEST_FAILED,,,,,
77554718,deadAbandoned,OMNITAPE,"Jan. 25, 2010",Mpathy Medical Devices Limited,,enquiries@mpathymedical.com
77554756,deadAbandoned,PENNIES FOR PRETTY TOES,"Feb. 03, 2010","Yukevich, Penny F.",,pen4work@sbcglobal.net
77554382,REQUEST_FAILED,,,,,
77554550,REQUEST_FAILED,,,,,
77554787,REQUEST_FAILED,,,,,
77555361,deadAbandoned,MASSO,"May 17, 2010","Papa's T, Inc.",,
77555374,REQUEST_FAILED,,,,,
77555446,REQUEST_FAILED,,,,,
77556148,deadAbandoned,NETWORKING DNA,"Sep. 13, 2010","Upwardly Mobile, Inc",,promise@upmo.com
77555567,REQUEST_FAILED,,,,,
77556389,deadAbandoned,SALSA PERFECTO,"Dec. 06, 2010",Salsa Perfecto,,recho3@gmail.com
77556043,REQUEST_FAILED,,,,,
77556195,deadAbandoned,IIMPACT,"Jan. 03, 2010",First Hand Foundation,,
77556168,REQUEST_FAILED,,,,,
77556897,deadAbandoned,SOCIAL CLUB,"May 10, 2010","Ferreira Jr., Ivo",,
77557185,deadAbandoned,GREEN GO ORGANIC JUICE,"Nov. 22, 2010",Green Go Inc.,,MaryseThomas@aol.com
77556771,REQUEST_FAILED,,,,,
77557362,deadAbandoned,MICROHITS,"Jan. 05, 2010","Microhits, Inc.",,
77557193,REQUEST_FAILED,,,,,
77557397,REQUEST_FAILED,,,,,
77557633,REQUEST_FAILED,,,,,
77557804,REQUEST_FAILED,,,,,
77557822,REQUEST_FAILED,,,,,
77557850,REQUEST_FAILED,,,,,
77558329,deadAbandoned,QUIVER GIRL,"Dec. 20, 2010",Christopher Hart Dougherty,,
77558356,deadAbandoned,B@1,"Jul. 12, 2010","Mills, Heather A.",,info@heathermills.org
77558185,deadAbandoned,ESTRELLA,"Jan. 04, 2010",Interactive Distributing Inc.,,
77558585,deadAbandoned,ALPHAGLADIATOR,"Nov. 15, 2010","Pearson, Mark E.",,mpearson@annexventures.com
77558558,deadAbandoned,PRIZE MOBILE,"Jan. 11, 2010",PRIZE MOBILE GROUP PLC,,georgina.richards@inflecttech.com
77558786,deadAbandoned,GREEN GIRL LOS ANGELES,"Jun. 07, 2010","Green Girl, Inc.",,
77558559,REQUEST_FAILED,,,,,
77559186,deadAbandoned,ORGANIC SPROUT,"May 18, 2010",organic ltd.,,tim@organicsprout.com
77558798,REQUEST_FAILED,,,,,
77558901,REQUEST_FAILED,,,,,
77558971,REQUEST_FAILED,,,,,
77559526,deadAbandoned,CO DENT,"Feb. 01, 2010",SpringSun Dental Technology Consulting Inc.,,springsun04@hotmail.com
77559458,REQUEST_FAILED,,,,,
77559477,REQUEST_FAILED,,,,,
77559511,deadAbandoned,ATLAS PERFORMANCE,"Jan. 14, 2010","Fischofer III, Arthur C.",,fischofer@yahoo.com
77559494,REQUEST_FAILED,,,,,
77559660,deadAbandoned,"EAT DRINK & PLAY COME EAT, HAVE A DRINK, STAY & PLAY","Nov. 16, 2010","Tolen, Christian D.",,www.eatdrinkandplay@gmail.com
77559598,REQUEST_FAILED,,,,,
77559599,REQUEST_FAILED,,,,,
77559657,REQUEST_FAILED,,,,,
77559921,deadAbandoned,QUITTER,"May 17, 2010","Long, Ramese",,
77559893,deadAbandoned,None,"May 31, 2010",Jean-Marc Daucourt,,jmd@daucourt.com
77559834,REQUEST_FAILED,,,,,
77559846,REQUEST_FAILED,,,,,
77560107,REQUEST_FAILED,,,,,
77560161,REQUEST_FAILED,,,,,
77560139,REQUEST_FAILED,,,,,
77560434,REQUEST_FAILED,,,,,
77560947,REQUEST_FAILED,,,,,
77561218,REQUEST_FAILED,,,,,
77561605,deadAbandoned,CHRISTARS NET,"May 24, 2010","Benneche, John C.",,kbb2007@gmail.com
77561414,REQUEST_FAILED,,,,,
77561412,REQUEST_FAILED,,,,,
77561842,deadAbandoned,NICE AND SPICY,"Mar. 30, 2010",AMAQ FOOD GROUP LLC,,Alexander.Akpojaro@amaqgroup.com
77561493,REQUEST_FAILED,,,,,
77561682,deadAbandoned,PEDRO INFANTE SPECIAL,"Jan. 06, 2010",Hernandez Campirano Alejandro Ernesto,,miguelcadena22@hotmail.com
77561812,REQUEST_FAILED,,,,,
77562154,deadAbandoned,VISI SYSTEM,"Jan. 05, 2010","Triage Wireless, Inc.",,matt.banet@triagewireless.com
77562004,REQUEST_FAILED,,,,,
77562556,deadAbandoned,DIRTHEAD.COM STICK IT.,"May 17, 2010",NEW VISION GRAPHICS,,kirk@newvisiongraphics.cc
77563070,deadAbandoned,CONGELADA,"Feb. 15, 2010","PRODUCTORA INTERNACIONAL DE BEBIDAS, S.A. DE C.V.",,
77562344,REQUEST_FAILED,,,,,
77563131,deadAbandoned,BOLIS CIMARRÓN,"Sep. 09, 2010","PRODUCTORA INTERNACIONAL DE BEBIDAS, S.A. DE C.V.",,etorresmt@gmail.com
77563123,deadAbandoned,MISSION IMPACT,"Feb. 11, 2010","Straight Path Management, Inc.",,matt@straightpathmanagement.com
77562404,REQUEST_FAILED,,,,,
77563174,REQUEST_FAILED,,,,,
77563269,REQUEST_FAILED,,,,,
77563631,deadAbandoned,"MEESHA MEDIA GROUP, LLC","Jan. 25, 2010","Meesha Media Group, LLC",,mhanderhan@meesha.net
77563358,REQUEST_FAILED,,,,,
77563864,deadAbandoned,TAYLOR DENIM,"Jul. 05, 2010","Weidner, Erika",,erikalweidner@yahoo.com
77563861,REQUEST_FAILED,,,,,
77564004,REQUEST_FAILED,,,,,
77564196,deadAbandoned,FRONT PAGE SPORTS,"May 24, 2010",CYANIDE,,jryan@cyanide-studio.com
77564029,REQUEST_FAILED,,,,,
77564035,REQUEST_FAILED,,,,,
77564312,deadAbandoned,LA Z,"Jun. 07, 2010",COMUNICACIONES SAN MILLAN S.A. DE C.V.,,patentesymarcasdemexico@prodigy.net.mx
77564206,deadAbandoned,EDIE'S RED ONION VINAIGRETTE SWEETENED WITH SUGAR,"Feb. 11, 2010",EDIE MATHEWS-CORREIA,,kbkllc@yahoo.com
77564136,REQUEST_FAILED,,,,,
77564354,REQUEST_FAILED,,,,,
77564597,deadAbandoned,ESTEREO JOYA,"May 24, 2010",COMUNICACIONES SAN MILLAN S.A. DE C.V.,,patentesymarcasdemexico@prodigy.net.mx
77564654,deadAbandoned,ANNELIESE VAN DER POL,"Jun. 21, 2010",Lieske Productions,,joshgreene@me.com
77564524,REQUEST_FAILED,,,,,
77564610,deadAbandoned,TRIALSAFE,"May 24, 2010",TrialSafe Inc.,,
77564659,deadAbandoned,RIO,"May 24, 2010",COMUNICACIONES SAN MILLAN S.A. DE C.V.,,patentesymarcasdemexico@prodigy.net.mx
77564622,REQUEST_FAILED,,,,,
77564870,REQUEST_FAILED,,,,,
77564855,REQUEST_FAILED,,,,,
77565040,REQUEST_FAILED,,,,,
77565532,deadAbandoned,ITREQUE,"Aug. 09, 2010","Gandy, Queenie Beckwith",,tgandy@mac.com
77565236,REQUEST_FAILED,,,,,
77565255,REQUEST_FAILED,,,,,
77565952,deadAbandoned,NEVER STOP,"Dec. 17, 2010",STUDIO IP HOLDINGS LLC,,atarshis@iconixbrand.com
77565570,REQUEST_FAILED,,,,,
77565922,REQUEST_FAILED,,,,,
77566196,deadAbandoned,IBH INCOME BASED HOUSING,"Apr. 19, 2010",Palais Inc.,,eurolaura04@hotmail.com
77566135,REQUEST_FAILED,,,,,
77566607,deadAbandoned,MAMA SIRIMARCO'S,"May 24, 2010","Pak N Go Shipping Centers, Inc.",,
77566631,deadAbandoned,MAMA SIRIMARCO'S PIZZA,"May 24, 2010","Pak N Go Shipping Centers, Inc.",,
77566403,REQUEST_FAILED,,,,,
77567255,deadAbandoned,CALA OSSIDIANA,"Nov. 08, 2010","Pachan, Anne Elisabeth",,anne.pachan@gmail.com
77566691,REQUEST_FAILED,,,,,
77566919,REQUEST_FAILED,,,,,
77567749,deadAbandoned,BECAUSE THE STAKES COULDN'T BE HIGHER,"May 24, 2010",Microfluidics Corporation,,
77567349,REQUEST_FAILED,,,,,
77567629,REQUEST_FAILED,,,,,
77568205,deadAbandoned,HYBRID SELECT,"May 24, 2010",Hybrid Select Systems,,beh_tom@yahoo.com
77567973,deadAbandoned,FLAVORS ON THE GO,"Dec. 13, 2010","VENDAIRE CAPITAL INTERNATIONAL, INC.",,
77568353,deadAbandoned,ABSOLUTE ZERO,"May 31, 2010","conner, steve",,steveconner1@mac.com
77568172,REQUEST_FAILED,,,,,
77568258,REQUEST_FAILED,,,,,
77568264,REQUEST_FAILED,,,,,
77569293,deadAbandoned,GO LIGHTLY,"Jun. 14, 2010","Go Lightly Fashion, LLC",,golightlyfashion@gmail.com
77568931,deadAbandoned,GOLDEN BIOCARE,"Jun. 24, 2010","Golden Mills, LLC",,marty@a1textiles.com
77568689,REQUEST_FAILED,,,,,
77569270,deadAbandoned,BIOPSY STAR SYSTEM,"Mar. 03, 2010","Convergent Medical Solutions, Inc",,raymondchenmd@msn.com
77569313,deadAbandoned,OTTO OSSO,"Feb. 23, 2010","Murphy, Maureen T.",,maureenm@anthmdesign.com
77569400,deadAbandoned,LET IT WAVE,"Dec. 09, 2010","Melophonics Music Publishing, Inc.",,j72lewis@yahoo.com
77569377,deadAbandoned,SAINTS & SCISSORS SALON,"Jan. 20, 2010",7 Salon LLC,,phillip.gross@mac.com
77569380,deadAbandoned,None,"Jan. 20, 2010",7 Salon LLC,,phillip.gross@mac.com
77569432,deadAbandoned,RHYTHM AND BLUES LEGENDS,"Apr. 12, 2010","WARD, LONNIE JR.",,innovative.healthcare@yahoo.com
77569436,deadAbandoned,I-VEG,"Mar. 24, 2010",NuGENoZ Pty Ltd,,vic@cherikoff.net
77569479,deadAbandoned,BURGUNDIVA,"Jun. 07, 2010","Mitchell, Erica",,gypsy1783@yahoo.com
77569429,REQUEST_FAILED,,,,,
77569664,deadAbandoned,CHISPA CRAB,"Nov. 15, 2010","Vargas, Edgar",,
77569765,deadAbandoned,BUMUNÜ,"Jul. 05, 2010",Bronwyn Savary,,bronwynesq@yahoo.com
77569911,deadAbandoned,JUNIOR DELI,"Mar. 22, 2010","Arelle De Peeters, Vanessa",,vanessa@mummydeli.com
77569586,REQUEST_FAILED,,,,,
77569908,deadAbandoned,DADDY DELI,"Mar. 22, 2010","Arelle De Peeters, Vanessa",,vanessa@mummydeli.com
77569901,REQUEST_FAILED,,,,,
77569971,REQUEST_FAILED,,,,,
77570306,deadAbandoned,CLINICAL CHOICE,"Mar. 29, 2010",MedFilters,,jdowd@medfilters.com
77569976,REQUEST_FAILED,,,,,
77570420,REQUEST_FAILED,,,,,
77570438,REQUEST_FAILED,,,,,
77570479,REQUEST_FAILED,,,,,
77570508,REQUEST_FAILED,,,,,
77571011,REQUEST_FAILED,,,,,
77571206,deadAbandoned,DPHON DPHON DPHON DFON DFON DFON DPHON DPHON DPHON DFON DFON,"Mar. 16, 2010",Thomas S. Kim,,urbantom79@yahoo.com
77571269,REQUEST_FAILED,,,,,
77571634,deadAbandoned,PAPURA,"Nov. 29, 2010","Xue, Shell Yu",,bingyanmd@yahoo.com
77571535,REQUEST_FAILED,,,,,
77571884,REQUEST_FAILED,,,,,
77571976,REQUEST_FAILED,,,,,
77572092,deadAbandoned,POWERVAX,"Jun. 07, 2010","Monster Medic, Inc.",,
77572021,REQUEST_FAILED,,,,,
77572133,REQUEST_FAILED,,,,,
77572693,deadAbandoned,AMPHA AMERICAN MUSTANG PERFORMANCE HORSE ASSOCIATION,"May 31, 2010",AMPHA,,
77572753,deadAbandoned,LIPOWRAP,"Apr. 02, 2010","AIMEE, KYLE",,enquire@lipowrap.com.au
77572899,REQUEST_FAILED,,,,,
77573063,deadAbandoned,THE DO-GOODERS,"Jan. 18, 2010",State Corporation Development Ltd.,,nicole@scdl.com.hk
77573113,REQUEST_FAILED,,,,,
77573504,deadAbandoned,AXICAD,"Jan. 25, 2010","NanoAxis, LLC",,thomas.sass@nanoaxisllc.com
77573663,deadAbandoned,BLUE BASIL,"Jun. 07, 2010","Tuscan Sun, Inc",,npwachob@hotmail.com
77573402,REQUEST_FAILED,,,,,
77573410,REQUEST_FAILED,,,,,
77573533,REQUEST_FAILED,,,,,
77573609,REQUEST_FAILED,,,,,
77574085,REQUEST_FAILED,,,,,
77574133,REQUEST_FAILED,,,,,
77574947,deadAbandoned,PICALE AL ECOMETRO,"Jun. 21, 2010","Lacar, LLC",,
77574946,deadAbandoned,ECOMETRO,"Jun. 21, 2010","Lacar, LLC",,
77574595,REQUEST_FAILED,,,,,
77574870,REQUEST_FAILED,,,,,
77574905,REQUEST_FAILED,,,,,
77575124,deadAbandoned,FENCE CADDY,"Jan. 23, 2010","Lawyer, Jerry D",,jerrydlawyer@yahoo.com
77575073,REQUEST_FAILED,,,,,
77575172,deadAbandoned,TECHCAREER COMPASS,"Aug. 09, 2010","The Computing Technology Industry Association, Inc.",,ipdocket@comptia.org
77575094,REQUEST_FAILED,,,,,
77575384,deadAbandoned,THE AMERICAN DREAM HAS BECOME THE AMERICAN NIGHTMARE,"Feb. 01, 2010","RMH GROUP, INC.",,
77575117,REQUEST_FAILED,,,,,
77575250,deadAbandoned,BTAMPON,"Feb. 05, 2010","CHAFFRINGEON, Bernard",,bcswitzerland@msn.com
77575602,deadAbandoned,R,"Mar. 11, 2010",IP Systems International LLC,,nicole.powell@ipsysi.com
77575451,REQUEST_FAILED,,,,,
77575587,REQUEST_FAILED,,,,,
77576079,REQUEST_FAILED,,,,,
77576741,deadAbandoned,PRISMA,"Jan. 29, 2010","Digital Keystone, Inc.",,paolo@dkeystone.com
77576994,deadAbandoned,ORGANIZATIONAL IMMUNE SYSTEM,"Feb. 17, 2010","Smith, Geoffrey A",,geoff@skywards.ca
77576485,REQUEST_FAILED,,,,,
77576774,REQUEST_FAILED,,,,,
77577087,REQUEST_FAILED,,,,,
77577212,REQUEST_FAILED,,,,,
77577564,deadAbandoned,IC,"Jan. 21, 2010","FOGEL DE CENTROAMERICA, S.A.",,rebecca.atanacio@yahoo.com
77578246,deadAbandoned,ORGANIC PHARM,"Jan. 11, 2010","Fermanian, Josephine",,jfermani2@aol.com
77578203,deadAbandoned,BRONZED & GORGEOUS,"Feb. 08, 2010","Bare Escentuals Beauty, Inc.",,tmdocket@bareescentuals.com
77578216,REQUEST_FAILED,,,,,
77578265,REQUEST_FAILED,,,,,
77578584,deadAbandoned,PAPER JADE,"Feb. 04, 2010",Paper Jade LLC,,adam@studionebula.com
77578635,REQUEST_FAILED,,,,,
77578664,REQUEST_FAILED,,,,,
77579153,REQUEST_FAILED,,,,,
77579236,REQUEST_FAILED,,,,,
77579425,deadAbandoned,BAYTEK LIGHTING SOLUTIONS,"Jul. 05, 2010","BAYTEK INTERNATIONAL TECHNOLOGY CO., LTD",,mag20000726@bit.com.tw
77579460,REQUEST_FAILED,,,,,
77579465,REQUEST_FAILED,,,,,
77579841,deadAbandoned,DO GOOD. GET IT DONE.,"Oct. 18, 2010",BlueAvocado,,paige@blueavocado.com
77579470,REQUEST_FAILED,,,,,
77579692,deadAbandoned,LATINO ICE,"Feb. 04, 2010","MAURICIO, CAMARENA",,cramirez@uribeyasociados.com
77579900,REQUEST_FAILED,,,,,
77580486,deadAbandoned,THE CLOUD-COMMUNITY,"Jun. 14, 2010",RealWat Inc,,davinedc@gmail.com
77580361,REQUEST_FAILED,,,,,
77580432,REQUEST_FAILED,,,,,
77580732,deadAbandoned,SPEAKING VIRTUALLY ONSITE AT THE SPEED OF LIGHT...,"Jul. 30, 2010",B&C Coaching LLC,,awbm@optonline.net
77580507,REQUEST_FAILED,,,,,
77580731,REQUEST_FAILED,,,,,
77580773,REQUEST_FAILED,,,,,
77580791,REQUEST_FAILED,,,,,
77580869,deadAbandoned,APPROVALZOOM.COM,"Jul. 26, 2010","ENDYMION BLUE, LLC",,
77580840,REQUEST_FAILED,,,,,
77580844,REQUEST_FAILED,,,,,
77581408,REQUEST_FAILED,,,,,
77581794,deadAbandoned,TUDO LIBRE,"Dec. 13, 2010","Bossa International, Inc.",,clgomes@bossainternational.com
77581739,REQUEST_FAILED,,,,,
77581743,REQUEST_FAILED,,,,,
77581880,deadAbandoned,LEVITY TEAS,"Mar. 29, 2010",Levity Teas Inc.,,EdwinZoe@AspexPOS.com
77581965,REQUEST_FAILED,,,,,
77582054,REQUEST_FAILED,,,,,
77582108,REQUEST_FAILED,,,,,
77582165,REQUEST_FAILED,,,,,
77582708,deadAbandoned,EE ELIO,"Jan. 25, 2010",McPOLO USA CORP,,mcpolousa@yahoo.com
77582179,REQUEST_FAILED,,,,,
77582578,REQUEST_FAILED,,,,,
77582801,deadAbandoned,ENER-G,"Dec. 31, 2010",Ubisoft Entertainment,,
77582759,deadAbandoned,HEALER BRAND JEANS,"Apr. 19, 2010","Stokes, Jason L.",,jason.stokes@healerbrandjeans.com
77582633,REQUEST_FAILED,,,,,
77582738,REQUEST_FAILED,,,,,
77582969,REQUEST_FAILED,,,,,
77583068,REQUEST_FAILED,,,,,
77583639,deadAbandoned,FRESHEA,"Jan. 04, 2010","brown, tyshawn",,jontell180@yahoo.com
77583356,REQUEST_FAILED,,,,,
77583377,REQUEST_FAILED,,,,,
77583704,deadAbandoned,DL,"Sep. 14, 2010",Abbeycrest (Hong Kong) Limited,,sec@hk-abbeycrest.com
77584154,deadAbandoned,SOLVOTEX,"Jul. 19, 2010",Seidenweberei PONGS GmbH,,haravardla@aol.com
77583822,REQUEST_FAILED,,,,,
77584010,REQUEST_FAILED,,,,,
77584018,REQUEST_FAILED,,,,,
77584747,deadAbandoned,MUXTAPE,"Nov. 22, 2010","MUXTAPE, LLC",,
77584445,REQUEST_FAILED,,,,,
77584622,REQUEST_FAILED,,,,,
77584654,REQUEST_FAILED,,,,,
77584774,deadAbandoned,SKATERADE,"Aug. 17, 2010",XTC Limited Company,,curt.majors@gmail.com
77584987,deadAbandoned,OPERATION HONEYMOON,"Jan. 18, 2010","D'Andrea, Christian",,christian@hooah.com
77584752,REQUEST_FAILED,,,,,
77585081,deadAbandoned,EFF YOO SEE KAY,"Mar. 09, 2010",Nicholas Chatfield-Taylor,,
77585441,deadAbandoned,SOUL SMACK,"Oct. 04, 2010","Liquid Sunshine, Inc.",,
77585462,deadAbandoned,SOUL SMACK,"Jul. 06, 2010","Liquid Sunshine, Inc.",,
77585566,deadAbandoned,SAN MARCOS RESTAURANT,"Feb. 08, 2010","SIBAJA, INC.",,oscar@taxnfinancial.biz
77585453,deadAbandoned,SOUL SMACK,"Oct. 04, 2010","Liquid Sunshine, Inc.",,
77585278,REQUEST_FAILED,,,,,
77585433,REQUEST_FAILED,,,,,
77585677,deadAbandoned,DEAD AIM APPAREL,"Mar. 10, 2010","Beach, Paulette C.",,ettebeach@msn.com
77585664,REQUEST_FAILED,,,,,
77585838,deadAbandoned,DOWNTOWN URGENT CARE,"Jun. 28, 2010",UCSL LLC,,sonny@downtownurgentcare-stl.com
77585735,REQUEST_FAILED,,,,,
77585851,deadAbandoned,IDJ,"Apr. 12, 2010",Endgame Studios Pty. Ltd.,,grant.davies@endgamestudios.com
77585804,REQUEST_FAILED,,,,,
77585867,deadAbandoned,SI,"Apr. 17, 2010","Shenzhen SI Semiconductors Co., Ltd.",,tmregistered@gmail.com
77585821,REQUEST_FAILED,,,,,
77585925,deadAbandoned,T TOUCHING URNS,"May 19, 2010",Werner Steuer,,w.steuer@west-communication.com
77586115,deadAbandoned,P:S,"Dec. 20, 2010",Pureshot LLC,,
77585898,deadAbandoned,TOUCHING URNS,"May 26, 2010","Steuer, Werner",,w.steuer@west-communication.com
77585858,REQUEST_FAILED,,,,,
77585879,REQUEST_FAILED,,,,,
77586194,REQUEST_FAILED,,,,,
77586814,deadAbandoned,FAT CAT SCOOTER,"Oct. 11, 2010","Fat Cat Scooter, LLC",,glen@fatcatscooter.com
77586655,REQUEST_FAILED,,,,,
77586855,deadAbandoned,TRADESCREEN,"Jan. 28, 2010",Rapaport Martin,,ip@diamonds.net
77586803,REQUEST_FAILED,,,,,
77587037,deadAbandoned,EL MOMENTO DE GUANAJUATO,"Jan. 04, 2010",JOSÉ LUIS TERRAZAS RODRÍGUEZ,,etorresmt@gmail.com
77586850,REQUEST_FAILED,,,,,
77586890,REQUEST_FAILED,,,,,
77587084,deadAbandoned,APEIRON INTERNATIONAL,"Feb. 15, 2010",Apeiron International LLC,,mk@apeironinc.com
77587091,deadAbandoned,VPS,"Jun. 30, 2010",Vidabode Group Inc.,,
77587583,deadAbandoned,VIDABODE PRODUCTION SYSTEM,"Jun. 30, 2010",Vidabode Group Inc.,,
77587268,REQUEST_FAILED,,,,,
77587237,REQUEST_FAILED,,,,,
77587854,deadAbandoned,ADEST,"Jun. 28, 2010",DFB TÉCNICA PARA SOLDAGEM DE MATAIS LTDA.,,
77587886,deadAbandoned,TOP END,"Dec. 06, 2010",Ainsworth Game Technology Limited,,tom.davidson@ainsworth.com.au
77587856,deadAbandoned,G GRINNELL STEAKHOUSE RESTAURANT · BAR & GRILL,"Feb. 01, 2010",Grinnell Steakhouse,,amir_s@socalgraph.com
77587757,REQUEST_FAILED,,,,,
77587797,REQUEST_FAILED,,,,,
77587999,deadAbandoned,RAWKHEAD REKORDS,"Jan. 18, 2010",Rawkhead Rekords LLC,,
77588135,deadAbandoned,.GAY THE DOT GAY EXTENSION,"Feb. 16, 2010","costanzo, sergio, longo, vito",,bellissimo@gmail.com
77588200,deadAbandoned,SIXTEEN HOURS 16 HRS. JARKING TECHNOLOGY ...DON'T FORGET TO REMOVE THE SHOES AT BED TIME!,"May 17, 2010","JARKING Y COMPAÑÍA, S.A. DE C.V.",,dianabal@prodigy.net.mx
77587975,REQUEST_FAILED,,,,,
77588274,deadAbandoned,WHERESTHEBOTTOM.COM DEEPLY DISCOUNTED PROPERTIES YOUR ONE-STOP SEARCH FOR MOTIVATED HOME BUYERS AND SELLERS!,"Feb. 01, 2010",wheresthebottom LLC,,wheresthebottom@gmail.com
77588619,deadAbandoned,SMELLITERACY,"Jun. 28, 2010","Consumer Fragrance Education, LLC",,laura@lauradonna.com
77588384,REQUEST_FAILED,,,,,
77588405,REQUEST_FAILED,,,,,
77588717,REQUEST_FAILED,,,,,
77588900,REQUEST_FAILED,,,,,
77588937,REQUEST_FAILED,,,,,
77588997,REQUEST_FAILED,,,,,
77589103,REQUEST_FAILED,,,,,
77589394,REQUEST_FAILED,,,,,
77589599,REQUEST_FAILED,,,,,
77589961,deadAbandoned,SHIGOTO,"Jun. 16, 2010",Shigoto Fashion Ltd.,,jaspermomma@shigotofashion.com
77589873,REQUEST_FAILED,,,,,
77589885,REQUEST_FAILED,,,,,
77590375,deadAbandoned,None,"Feb. 04, 2010","ABOGEAR, LLC",,julian@abogear.com
77590579,deadAbandoned,MAHALAKSHMI NATURALLY DIVINE,"Mar. 09, 2010",Dravina Ltd.,,jan@dravina.com
77590546,deadAbandoned,RESTORATION & CLEANING SERVICES,"Jan. 28, 2010",Anthony D Rubeo,,tony@renewservices.com
77590139,REQUEST_FAILED,,,,,
77590419,deadAbandoned,BRAVE BEAUTY,"Feb. 08, 2010","Bare Escentuals Beauty, Inc.",,tmdocket@bareescentuals.com
77590642,deadAbandoned,THE CONVERSATIONAL CONCIERGE,"Jun. 28, 2010",Trans X Concepts,,jsampson67@gmail.com
77590859,deadAbandoned,G DOT,"Jan. 04, 2010",Jonathon McFarlin,,jon@realviews360.com
77590483,REQUEST_FAILED,,,,,
77590974,deadAbandoned,UMMAH UNIVERSITY,"May 03, 2010","Rashid, Rashid",,admin1@ummahuniversity.org
77591000,deadAbandoned,RUKSAC FOR DAILY USE,"Apr. 28, 2010","jackson,khia t",,khiarika@yahoo.com
77590898,REQUEST_FAILED,,,,,
77590902,REQUEST_FAILED,,,,,
77590904,REQUEST_FAILED,,,,,
77590968,REQUEST_FAILED,,,,,
77591077,deadAbandoned,BABY BOX,"Feb. 22, 2010","LIU, SHENG",,
77591079,deadAbandoned,OVERSEAS DRAGON,"Sep. 06, 2010","CHIAN HSIEN CO., LTD.",,
77591049,REQUEST_FAILED,,,,,
77591291,deadAbandoned,EXTRAORDINARY GARDENING MADE EASY,"Jul. 12, 2010",Monrovia Nursery,,ldixson@monrovia.com
77591078,REQUEST_FAILED,,,,,
77591116,REQUEST_FAILED,,,,,
77591383,deadAbandoned,EXTRAORDINARY MADE EASY,"Feb. 23, 2010",Monrovia Nursery,,ldixson@monrovia.com
77591204,REQUEST_FAILED,,,,,
77591236,REQUEST_FAILED,,,,,
77591290,REQUEST_FAILED,,,,,
77591515,deadAbandoned,K&M FLORAL DESIGNS,"Dec. 20, 2010","Kazi, Mohaimen B",,MohaimenK@verizon.net
77591392,REQUEST_FAILED,,,,,
77591667,deadAbandoned,POINT$4CA$H,"Jan. 25, 2010",FIDELISOFT INC.,,
77591862,deadAbandoned,GEO-PALS,"Feb. 19, 2010","KYCE ENTERPRISE (H.K.) CO., 'TD.",,mail@kyce.com.hk
77591671,REQUEST_FAILED,,,,,
77591737,REQUEST_FAILED,,,,,
77591890,deadAbandoned,K,"Sep. 20, 2010","KYCE ENTERPRISE (H.K.) CO., LTD.",,mail@kyce.com.hk
77591914,deadAbandoned,ZESTPROD,"Jan. 04, 2010","Villa, Cédric",,cedric.villa@free.fr
77591867,REQUEST_FAILED,,,,,
77592406,deadAbandoned,WORK FORCE WEAR WFW WORK FORCE WEAR,"Feb. 08, 2010","Work Force Wear, LLC",,
77592108,REQUEST_FAILED,,,,,
77592122,REQUEST_FAILED,,,,,
77592251,REQUEST_FAILED,,,,,
77592763,deadAbandoned,LOVIN HER RIDE,"Aug. 10, 2010",Lovin Her Ride,,terrie.rogers@tx.rr.com
77592367,REQUEST_FAILED,,,,,
77592827,deadAbandoned,WORK FORCE WEAR WFW WORK FORCE WEAR,"Feb. 08, 2010","Work Force Wear, LLC",,
77592829,deadAbandoned,COMBAT COMMAND,"Jul. 05, 2010",Unimax Toys Limited,,emma@unimax.com.hk
77592801,deadAbandoned,CITY HIGH,"Jan. 04, 2010","AMERICAN FASHION GROUP, INC.",,
77592587,REQUEST_FAILED,,,,,
77592804,REQUEST_FAILED,,,,,
77593238,deadAbandoned,"NO, HE DID NOT JUST SAY THAT!!","Jan. 04, 2010","Koutrakos, Kristina Pauline",,nohedidnotjustsaythat@gmail.com
77593492,deadAbandoned,SIN SINWEAR,"May 06, 2010","James, Peter E",,sinwear@yahoo.com
77593377,REQUEST_FAILED,,,,,
77593680,deadAbandoned,HOLY BIBLE TRIVIA,"Jan. 22, 2010","Jody, Panzica J",,holybibletrivia@gmail.com
77593615,deadAbandoned,None,"Jul. 05, 2010",Lovin Her Ride,,terrie.rogers@tx.rr.com
77593728,deadAbandoned,SURFSCOPE,"Jan. 25, 2010","Cremer,Henri",,cremersa@yahoo.com
77593654,REQUEST_FAILED,,,,,
77593708,REQUEST_FAILED,,,,,
77593776,REQUEST_FAILED,,,,,
77594009,deadAbandoned,ZOOMUNGUS,"Jan. 04, 2010",Zoomungus World Foundation,,rshepherd@hoffmanvideo.com
77593892,REQUEST_FAILED,,,,,
77593991,REQUEST_FAILED,,,,,
77594013,REQUEST_FAILED,,,,,
77594030,REQUEST_FAILED,,,,,
77594314,deadAbandoned,DRAGON FILTERS,"Jul. 19, 2010","MICRO HYDROPONICS, INC.",,
77594284,deadAbandoned,HYPERDEEP,"Jan. 04, 2010",Gregory Jay Myers,,gregmyers68@yahoo.com
77594270,deadAbandoned,DRAGON FILTERS,"Jul. 19, 2010","MICRO HYDROPONICS, INC.",,
77594671,deadAbandoned,IT GETS BETTER,"Jan. 04, 2010","Burt-Godwin, Mary M",,mbgodwin@gmail.com
77594462,REQUEST_FAILED,,,,,
77594565,REQUEST_FAILED,,,,,
77594598,REQUEST_FAILED,,,,,
77594729,deadAbandoned,HIGH HEAT,"Nov. 08, 2010",Ubisoft Entertainment,,
77594679,REQUEST_FAILED,,,,,
77594938,deadAbandoned,LOCO RABBIT,"Apr. 22, 2010",Conexions IC,,rhuber@prepaidworx.com
77594816,REQUEST_FAILED,,,,,
77595403,deadAbandoned,RESTING RIGHT,"Oct. 11, 2010",High Desert Sleep LLC,,
77595420,REQUEST_FAILED,,,,,
77595452,REQUEST_FAILED,,,,,
77595594,deadAbandoned,MBL,"Jan. 11, 2010","Motion Blue Lens, LLC",,smg001@me.com
77595651,deadAbandoned,AMERICAN TIRE CORPORATION,"Mar. 05, 2010",American Tire Corporation,,info@CoTire.com
77595547,REQUEST_FAILED,,,,,
77595652,REQUEST_FAILED,,,,,
77595718,REQUEST_FAILED,,,,,
77595733,REQUEST_FAILED,,,,,
77595799,REQUEST_FAILED,,,,,
77595941,REQUEST_FAILED,,,,,
77595946,REQUEST_FAILED,,,,,
77596064,deadAbandoned,I CALIFORNIA WINE,"Jan. 18, 2010",I Heart California Wine,,dana_pete2008@yahoo.com
77596237,deadAbandoned,YOU'VE GOT TALENT. NOW GAIN EXPOSURE.,"Jan. 18, 2010","Aniquite, LLC",,
77596242,REQUEST_FAILED,,,,,
77596216,REQUEST_FAILED,,,,,
77596428,deadAbandoned,NUPTUALE,"Jan. 04, 2010","Fagan, P, Damian",,damian@snakeandrobot.com
77596404,REQUEST_FAILED,,,,,
77596623,deadAbandoned,CREATIVE HORIZONS,"Jan. 04, 2010","Borah, Jonathon M.",,jmborah@gmail.com
77596588,deadAbandoned,WELL ROUNDED FIGHTWEAR,"Jan. 25, 2010",Well Rounded Fightwear,,toddlacewell@yahoo.com
77596645,deadAbandoned,PETZ MUTTZ,"Jan. 11, 2010",Ubisoft Entertainment,,
77596560,REQUEST_FAILED,,,,,
77596822,deadAbandoned,CLICK N EASY CLICK AND EASY CLICK-N-EASY,"Jan. 11, 2010",US Lender Network,,jason@uslendernetwork.com
77596603,REQUEST_FAILED,,,,,
77596816,deadAbandoned,MARLEY & RO,"Mar. 16, 2010",Cynthia Wong,,erte8@aol.com
77596898,deadAbandoned,MINISTERS AGAINST DOMESTIC ABUSE MADA,"Jun. 07, 2010","Brooks, Kimberly Parrott",,speakeroflife@sc.rr.com
77596900,REQUEST_FAILED,,,,,
77596975,REQUEST_FAILED,,,,,
77597405,deadAbandoned,BIENVA,"Jan. 11, 2010","LeMahieu, Edward Walter",,edlemahieu@yahoo.com
77597274,REQUEST_FAILED,,,,,
77597548,deadAbandoned,EUCALIN,"Apr. 26, 2010","SALUD NATURAL MEXICANA, S.A. DE C.V.",,rene.zenon@mercer.com
77597522,REQUEST_FAILED,,,,,
77597562,deadAbandoned,CAN YOU FIND ME KIT,"Jan. 11, 2010","Chaney Med Group, Inc.",,frontwheel@hotmail.com
77597568,REQUEST_FAILED,,,,,
77597620,REQUEST_FAILED,,,,,
77597783,REQUEST_FAILED,,,,,
77597816,REQUEST_FAILED,,,,,
77598048,deadAbandoned,HD LIVE CONCERTS,"Feb. 22, 2010",HD Live Concerts LLC,,ctitus@ix.netcom.com
77598129,REQUEST_FAILED,,,,,
77598138,REQUEST_FAILED,,,,,
77598228,REQUEST_FAILED,,,,,
77598350,REQUEST_FAILED,,,,,
77598356,REQUEST_FAILED,,,,,
77598355,REQUEST_FAILED,,,,,
77598491,deadAbandoned,ROYAL KUSH,"Jan. 04, 2010","BRUN, RICK",,
77598494,deadAbandoned,QUADRA HOSTING,"Jan. 18, 2010",Quadra Hosting Corp.,,mupperoni@gmail.com
77598572,deadAbandoned,DEFCON,"Feb. 15, 2010",Defcon Music Festival,,info@neeculture.com
77598488,REQUEST_FAILED,,,,,
77598542,REQUEST_FAILED,,,,,
77598819,deadAbandoned,STUFFINS,"Feb. 09, 2010","Go Green Sustainable Industries, LLC",,
77598606,REQUEST_FAILED,,,,,
77598629,REQUEST_FAILED,,,,,
77598932,deadAbandoned,SANI-GREEN,"Jul. 12, 2010",Risk Prevention Systems LLC,,cstephens@riskpreventionsystems.com
77598698,REQUEST_FAILED,,,,,
77598947,REQUEST_FAILED,,,,,
77598959,REQUEST_FAILED,,,,,
77599405,deadAbandoned,SNAPPI,"Sep. 02, 2010",Robanda International Inc,,ROBANDA@GAWAB.COM
77599186,REQUEST_FAILED,,,,,
77599297,REQUEST_FAILED,,,,,
77599413,deadAbandoned,NAMES 'N TRADE,"Jan. 11, 2010","LeMahieu, Edward Walter",,edlemahieu@yahoo.com
77599534,deadAbandoned,PAVER PLANET,"Jan. 04, 2010","Paver Search, Inc.",,info@paversearch.com
77599643,deadAbandoned,VR-WEAR,"Jan. 25, 2010",MOBITRENDS EURL,,alex@ksso.net
77599693,deadAbandoned,MEN ARE TOOLS... WOMEN ARE PROJECTS.,"Jan. 11, 2010","GILFEATHER, ANNA K.",,Featherfilms@gmail.com
77599526,REQUEST_FAILED,,,,,
77599580,REQUEST_FAILED,,,,,
77599853,deadAbandoned,LA OCCIDENTAL GUAYABITA DEL PINAR,"Mar. 02, 2010","Ferlura Importaciones, S.L.",,ferlura@guayabita.com
77599645,REQUEST_FAILED,,,,,
77599977,deadAbandoned,ADAPTIK,"May 31, 2010",Adaptik Corporation,,mersoy@adaptik.com
77600033,deadAbandoned,AHAND2 LIVE!,"Jan. 11, 2010","LeMahieu, Edward Walter",,edlemahieu@yahoo.com
77599934,REQUEST_FAILED,,,,,
77599999,REQUEST_FAILED,,,,,
77600284,REQUEST_FAILED,,,,,
77600370,REQUEST_FAILED,,,,,
77600535,deadAbandoned,PETCOOL,"Jul. 12, 2010","PetCoolUSA, LLC",,
77600455,REQUEST_FAILED,,,,,
77600461,REQUEST_FAILED,,,,,
77600579,deadAbandoned,UPTOWN SASSY,"Jan. 11, 2010","Salari,Vicki",,vikki@uptown-sassy.com
77600571,deadAbandoned,SYMIVA SOLUTIONS,"Jan. 11, 2010","LeMahieu, Edward Walter",,edlemahieu@yahoo.com
77600620,REQUEST_FAILED,,,,,
77600729,deadAbandoned,VC VOCCÉ COUTURE,"Jul. 19, 2010","Allen, Norma, L.; Nguyen, Thuy, P.",,voccecouture@yahoo.com
77600683,REQUEST_FAILED,,,,,
77600774,REQUEST_FAILED,,,,,
77601051,deadAbandoned,KONTIKI,"Jan. 11, 2010","Munteanu, Christina",,christina@munteanu.net
77600912,REQUEST_FAILED,,,,,
77601025,REQUEST_FAILED,,,,,
77601342,deadAbandoned,GO GO MAMA,"Jan. 11, 2010","Waters, Jennifer",,emir@uwindsor.ca
77601126,REQUEST_FAILED,,,,,
77601367,deadAbandoned,MEMORYSTON,"Jan. 11, 2010",Memoryston Memorial Products,,versapak@att.net
77601262,REQUEST_FAILED,,,,,
77601450,deadAbandoned,M&A TECHNOLOGY COMPANION TOUCH,"Jan. 18, 2010",M&A Technology,,jjubran@macomp.com
77601364,REQUEST_FAILED,,,,,
77601631,deadAbandoned,EXTRA WATER,"Mar. 08, 2010",Dillon Beverage LLC,,foxybhrealtor@yahoo.com
77601673,deadAbandoned,BLACK SITE 66,"Jan. 18, 2010","Black Site 66, Sarl",,alainmiran@hotmail.com
77601676,deadAbandoned,EMO H2O BE THE WATER,"Oct. 04, 2010","Merola, Jodi",,jmerola@nytsupply.com
77601545,REQUEST_FAILED,,,,,
77601708,deadAbandoned,!,"Jan. 24, 2010",Yarsys Inc.,,corporate@yarsys.com
77601705,deadAbandoned,WWW.ARTOKOK.COM WAN ARTOKOK,"Apr. 26, 2010",WORLD ART NET GROUP LIMITED,,
77601709,deadAbandoned,WWW.ARTOKOK.COM WAN ARTOKOK,"Apr. 26, 2010",WORLD ART NET GROUP LIMITED,,
77601664,REQUEST_FAILED,,,,,
77601713,deadAbandoned,WWW.ARTOKOK.COM WAN ARTOKOK,"May 03, 2010",WORLD ART NET GROUP LIMITED,,
77601720,deadAbandoned,WWW.ARTOKOK.COM WAN ARTOKOK,"May 03, 2010",WORLD ART NET GROUP LIMITED,,
77601716,deadAbandoned,WWW.ARTOKOK.COM WAN ARTOKOK,"May 03, 2010",WORLD ART NET GROUP LIMITED,,
77601682,REQUEST_FAILED,,,,,
77602064,REQUEST_FAILED,,,,,
77602087,REQUEST_FAILED,,,,,
77602587,deadAbandoned,PICKLES TO PENGUINS,"Feb. 01, 2010",Imagination Holdings Pty Ltd,,hostmaster@imagination.com.au
77602571,deadAbandoned,INSTITUTE FOR SLEEP MEDICINE SLEEP WELL. LIVE BETTER.,"Feb. 22, 2010",The Institute For Sleep Medicine,,rich@healthcapwest.com
77602493,deadAbandoned,DTHSTR INDUSTRIES,"Jul. 26, 2010","Levis, Christian P",,christian.levis@gmail.com
77602180,REQUEST_FAILED,,,,,
77602216,REQUEST_FAILED,,,,,
77602625,deadAbandoned,FAMOUS RAP-STAR ENERGY DRINK,"Jan. 21, 2010",JaCorp Beverage Company,,sales@bmbdistributors.com
77602630,deadAbandoned,FUNZONE FUNZONE,"Mar. 10, 2010","ZHEJIANG LOVER HEALTH SCIENCE AND TECHNOLOGY DEVELOPMENT CO., LTD.",,info.info168@gmail.com
77602632,deadAbandoned,FUNZONE FUNZONE,"Mar. 10, 2010","ZHEJIANG LOVER HEALTH SCIENCE AND TECHNOLOGY DEVELOPMENT CO., LTD.",,info.info168@gmail.com
77602595,REQUEST_FAILED,,,,,
77602636,deadAbandoned,FUNZONE FUNZONE,"Mar. 10, 2010","ZHEJIANG LOVER HEALTH SCIENCE AND TECHNOLOGY DEVELOPMENT CO., LTD.",,info.info168@gmail.com
77602945,REQUEST_FAILED,,,,,
77602969,REQUEST_FAILED,,,,,
77603096,REQUEST_FAILED,,,,,
77603395,deadAbandoned,FRED,"Jul. 12, 2010",FEE Entertainment LLC,,jamie@sonestaentertainment.com
77603104,REQUEST_FAILED,,,,,
77603222,REQUEST_FAILED,,,,,
77603233,REQUEST_FAILED,,,,,
77603505,REQUEST_FAILED,,,,,
77603623,deadAbandoned,KNOWLEDGEMORPH,"Mar. 11, 2010","McKee, Karla S",,ksmckee@earthlink.net
77603556,REQUEST_FAILED,,,,,
77603528,REQUEST_FAILED,,,,,
77603612,REQUEST_FAILED,,,,,
77603617,REQUEST_FAILED,,,,,
77603626,REQUEST_FAILED,,,,,
77603936,deadAbandoned,LAUGHING OLIVE,"May 03, 2010","Laughing Olive, Inc.",,salsaguy@dslextreme.com
77603911,deadAbandoned,CLOTDR,"Jan. 18, 2010","ByzMed, LLC",,Greg.Dockter@ByzMed.com
77603865,REQUEST_FAILED,,,,,
77603897,REQUEST_FAILED,,,,,
77604100,deadAbandoned,ONEOFFICE,"Nov. 15, 2010",One IP Limited,,ravi@oneoffice.com
77604109,deadAbandoned,GALAMONT,"Jan. 11, 2010",HOMESTEAD STRUCTURES LLC,,ATCACCOUNTING@COMCAST.NET
77604293,deadAbandoned,LIMO TRADER,"Mar. 18, 2010","Limo Trader, LLC",,
77603975,REQUEST_FAILED,,,,,
77604014,REQUEST_FAILED,,,,,
77604533,deadAbandoned,LOVEMADE,"Jan. 11, 2010","Nguyen, Linda",,linda@love-made.com
77604683,deadAbandoned,MONEYTRACKER,"Jun. 09, 2010",Jwaala,,kelly@jwaala.com
77604709,deadAbandoned,None,"Jan. 18, 2010","Maddux, Brandon",,tric.clothing@gmail.com
77604633,REQUEST_FAILED,,,,,
77604686,REQUEST_FAILED,,,,,
77604708,REQUEST_FAILED,,,,,
77604919,REQUEST_FAILED,,,,,
77604920,REQUEST_FAILED,,,,,
77604945,REQUEST_FAILED,,,,,
77605039,REQUEST_FAILED,,,,,
77605054,REQUEST_FAILED,,,,,
77605284,deadAbandoned,AMORE,"Feb. 05, 2010","Fractional Villas, Inc.",,
77605373,deadAbandoned,LIPO XTREME,"Jan. 11, 2010",MONSTER MUSCLE INC.,,info@monstersfood.com
77605274,deadAbandoned,BRANDED,"Jul. 19, 2010","Branded, LLC",,info@thebrandedcollection.com
77605203,REQUEST_FAILED,,,,,
77605356,REQUEST_FAILED,,,,,
77605513,deadAbandoned,GADZEUS,"Jan. 11, 2010",GadZeus! LLC,,
77605547,deadAbandoned,"CLEAN BODY FUEL ""CLEAN FUEL FOR A LEAN BODY""","Jan. 11, 2010","Judd, Ian K",,kjudd@cleanbodyfuel.com
77605487,deadAbandoned,NODENS,"Jul. 12, 2010","Nodens, Inc",,changcj@comcast.net
77605560,deadAbandoned,REX RACER,"May 31, 2010","Cowabunga International, LLC",,CowabungaInternational@Yahoo.Com
77605478,REQUEST_FAILED,,,,,
77605587,deadAbandoned,GRACE 22 DESIGNS,"Nov. 15, 2010",Patricia A. Hoover,,blueskylane@yahoo.com
77605589,deadAbandoned,LITTLE BLUE HEART,"Nov. 15, 2010",Patricia A. Hoover,,blueskylane@yahoo.com
77605549,REQUEST_FAILED,,,,,
77605644,deadAbandoned,FACEBOOK,"Aug. 26, 2010",Simeray,,jsimeray@jm-concepts.com
77605581,deadAbandoned,KOMODO ECONOMICS THE SYSTEMATIC DESTRUCTION OF THE GLOBAL ECONOMY,"Jan. 18, 2010","Fuchs, Norman, P.",,nfuchs@athcapital.com
77605655,deadAbandoned,EMPARENTING,"Dec. 27, 2010","Sacks, Elli",,elli.sacks@gmail.com
77605565,REQUEST_FAILED,,,,,
77605716,deadAbandoned,LEAD IT!,"Jan. 11, 2010",LEAD it!,,cascherak@aol.com
77605648,REQUEST_FAILED,,,,,
77605708,REQUEST_FAILED,,,,,
77605779,deadAbandoned,SIMULTRAVEL,"Jan. 18, 2010",Simultravel Inc.,,support@simultravel.com
77605742,REQUEST_FAILED,,,,,
77605767,REQUEST_FAILED,,,,,
77605941,REQUEST_FAILED,,,,,
77606396,deadAbandoned,ANJOU SPA & SALON,"Feb. 01, 2010","Egusa Walden, Jennifer S",,jewalden@gmail.com
77606344,REQUEST_FAILED,,,,,
77606469,deadAbandoned,EARTH RESCUE,"Feb. 08, 2010",Intellectual Property Development Corporation Pty Ltd,,chris.round@middletons.com
77606370,REQUEST_FAILED,,,,,
77606517,deadAbandoned,UPTIX,"Aug. 23, 2010",Givex Corporation,,
77606473,deadAbandoned,PIXXOR,"Jan. 18, 2010","Arsirakarn, Adisorn (Mr.)",,pyong.pak@gmail.com
77606609,deadAbandoned,STOKED NATION INDUSTRIES,"Feb. 01, 2010","McQuitty, Steven",,
77606603,REQUEST_FAILED,,,,,
77606788,deadAbandoned,FULL MOON GUITAR,"Jan. 18, 2010","Gustafson, Frederick Paul",,fredg@mac.com
77606815,deadAbandoned,TOLERATE MY INTOLERANCE,"Jan. 18, 2010",Denise Perrin,,toleratemyintolerance@softhome.net
77606667,REQUEST_FAILED,,,,,
77606740,deadAbandoned,TRAIN LIKE A PRO,"Jul. 26, 2010","Austin, Darrin",,info@antalmedia.com
77606984,REQUEST_FAILED,,,,,
77607009,REQUEST_FAILED,,,,,
77607014,REQUEST_FAILED,,,,,
77607239,deadAbandoned,LUX AIR GOODYEAR,"Jul. 19, 2010","Glendale Jet Center, LLC",,
77607208,deadAbandoned,HARDCORE BRAWLER,"Mar. 30, 2010","Whiting, Angela, Y.",,hardcorebrawlermma@gmail.com
77607286,deadAbandoned,2NICE!,"Apr. 26, 2010","Elyaszadeh, Shahram",,
77607224,REQUEST_FAILED,,,,,
77607245,REQUEST_FAILED,,,,,
77607312,deadAbandoned,BLACK SAND ENTERTAINMENT,"Jan. 25, 2010","Batraville, Pierre A",,benwa@blacksand-entertainment.com
77607253,REQUEST_FAILED,,,,,
77607416,deadAbandoned,ONE COMPANY ONE CALL,"Feb. 25, 2010","HUB TECHNICAL SERVICES, LLC.",,
77607331,REQUEST_FAILED,,,,,
77607410,deadAbandoned,TWO TRUTHS AND A LIE,"Apr. 05, 2010",IMAGINATION HOLDINGS PTY LTD,,hostmaster@imagination.com.au
77607429,deadAbandoned,FESFIT,"Sep. 20, 2010",FESfit Ltd,,helen@fesfit.com
77607422,deadAbandoned,O'KESTRA,"Jan. 18, 2010",Largus Inc.,,nasim@largusinc.com
77607426,REQUEST_FAILED,,,,,
77607432,REQUEST_FAILED,,,,,
77607564,REQUEST_FAILED,,,,,
77607569,REQUEST_FAILED,,,,,
77607734,deadAbandoned,SIREN OF THE SEA,"Jul. 05, 2010","Bare Escentuals Beauty, Inc.",,tmdocket@bareescentuals.com
77607978,deadAbandoned,DUNK & DIPPERS,"Jul. 19, 2010",Image Brands,,lisa@imagebrandsinc.com
77607735,REQUEST_FAILED,,,,,
77607842,deadAbandoned,ROYAL BLUE,"Mar. 03, 2010","Gerson, Garrett Li",,contacto@promarkmexico.com
77607889,REQUEST_FAILED,,,,,
77608209,REQUEST_FAILED,,,,,
77608330,REQUEST_FAILED,,,,,
77608436,deadAbandoned,VCONFERENCEONLINE,"Oct. 08, 2010","BITS ON THE WIRE, INC.",,
77608353,REQUEST_FAILED,,,,,
77608402,REQUEST_FAILED,,,,,
77608448,deadAbandoned,SECURITY PLUS KEYLESS HOME,"May 03, 2010","STALEX HOLDINGS, LLC",,
77608434,REQUEST_FAILED,,,,,
77608471,deadAbandoned,AD NAUSEUM,"Feb. 01, 2010",IMAGINATION HOLDINGS PTY LTD,,hostmaster@imagination.com.au
77608465,deadAbandoned,HEY HEY IT'S SATURDAY,"Jan. 18, 2010",IMAGINATION HOLDINGS PTY LTD,,hostmaster@imagination.com.au
77608474,deadAbandoned,MAGIC WORD,"Feb. 08, 2010",IMAGINATION HOLDINGS PTY LTD,,hostmaster@imagination.com.au
77608477,deadAbandoned,FACT OR ...?,"Feb. 01, 2010",IMAGINATION HOLDINGS PTY LTD,,hostmaster@imagination.com.au
77608478,deadAbandoned,WHO WOULD YOU RATHER BE...?,"May 31, 2010",IMAGINATION HOLDINGS PTY LTD,,leonie.thomson@imagination.com.au
77608469,deadAbandoned,PLUCKA DUCK,"Feb. 01, 2010",IMAGINATION HOLDINGS PTY LTD,,hostmaster@imagination.com.au
77608473,deadAbandoned,MASTERSLIME,"Feb. 01, 2010",IMAGINATION HOLDINGS PTY LTD,,hostmaster@imagination.com.au
77608468,REQUEST_FAILED,,,,,
77608475,REQUEST_FAILED,,,,,
77608707,REQUEST_FAILED,,,,,
77608873,deadAbandoned,LUCKY PAWS,"Jan. 18, 2010","Kirk, Melinda",,melinda2kirk@yahoo.com
77608855,REQUEST_FAILED,,,,,
77609168,deadAbandoned,DINOTRUX,"Jul. 19, 2010",Chris Gall LLC,,
77609230,deadAbandoned,DINOTRUX,"Jul. 19, 2010",Chris Gall LLC,,
77609223,deadAbandoned,DINOTRUX,"Jul. 19, 2010",Chris Gall LLC,,
77608991,REQUEST_FAILED,,,,,
77609185,REQUEST_FAILED,,,,,
77609422,REQUEST_FAILED,,,,,
77609470,REQUEST_FAILED,,,,,
77609475,REQUEST_FAILED,,,,,
77609536,REQUEST_FAILED,,,,,
77609748,deadAbandoned,ASKTHEPARALEGAL.COM ATP?,"Mar. 15, 2010","Pendleton, Lorelei",,lora@lorapendleton.com
77609735,REQUEST_FAILED,,,,,
77609742,REQUEST_FAILED,,,,,
77609932,deadAbandoned,BAMBOO COSMETICS,"Mar. 02, 2010","Niche IP, LLC",,john@bamboocosmetics.net
77609858,REQUEST_FAILED,,,,,
77609863,REQUEST_FAILED,,,,,
77609953,REQUEST_FAILED,,,,,
77610005,REQUEST_FAILED,,,,,
77610061,deadAbandoned,CONTAINAIR,"Jun. 14, 2010",International Paper Company,,stephanie.haupt@ipaper.com
77610173,REQUEST_FAILED,,,,,
77610435,deadAbandoned,ROOF ARMOR,"May 18, 2010","Walter, Thomas William",,mewb@cox.net
77610196,REQUEST_FAILED,,,,,
77610460,deadAbandoned,None,"Jun. 22, 2010","Spendler, Jonny",,jon@nacur.com
77610491,deadAbandoned,GAME SALUTES,"Aug. 02, 2010","Montgomery, Justin J.",,
77610471,REQUEST_FAILED,,,,,
77610727,deadAbandoned,SERVE 'N CLEAR,"Jan. 18, 2010","Shapiro, Lee",,shapiromus@aol.com
77610607,REQUEST_FAILED,,,,,
77610616,REQUEST_FAILED,,,,,
77610745,deadAbandoned,PULSE TECHNOLOGIES,"Jul. 30, 2010","UNISYN MEDICAL TECHNOLOGIES, INC.",,
77610672,REQUEST_FAILED,,,,,
77610859,deadAbandoned,GOT GEOINT?,"Jul. 26, 2010",United States Geospatial Intelligence Foundation,,
77610907,REQUEST_FAILED,,,,,
77610920,REQUEST_FAILED,,,,,
77610908,REQUEST_FAILED,,,,,
77610933,REQUEST_FAILED,,,,,
77611044,REQUEST_FAILED,,,,,
77611202,REQUEST_FAILED,,,,,
77611222,REQUEST_FAILED,,,,,
77611547,deadAbandoned,ONE TOUCH SMART THAW,"Jan. 25, 2010","STALEX HOLDINGS, LLC",,
77611640,deadAbandoned,SOSIMPLE,"Jul. 26, 2010","Zaah Technologies, Inc.",,
77611472,REQUEST_FAILED,,,,,
77611815,REQUEST_FAILED,,,,,
77611758,REQUEST_FAILED,,,,,
77611910,REQUEST_FAILED,,,,,
77612063,deadAbandoned,PUTTER SLIT,"Feb. 02, 2010",Wear It Incorporated,,patrick@playerstowel.com
77612113,REQUEST_FAILED,,,,,
77612211,REQUEST_FAILED,,,,,
77612391,deadAbandoned,SAUBERAMERIKAN,"Aug. 09, 2010",Sauber Amerikan Corp.,,
77612240,REQUEST_FAILED,,,,,
77612439,deadAbandoned,ZIVA,"Jan. 25, 2010",GOLD STAR JEWELLERY LIMITED,,sweetpujik@yahoo.com
77612421,REQUEST_FAILED,,,,,
77612419,REQUEST_FAILED,,,,,
77612691,deadAbandoned,REI LEADS PRO,"Apr. 15, 2010","Cawley, Charrissa",,jeffreycawley@gmail.com
77612940,deadAbandoned,I'M AGAINST IT,"Jan. 25, 2010","Cogan, James A",,james@coganclan.com
77612778,REQUEST_FAILED,,,,,
77612928,REQUEST_FAILED,,,,,
77613158,deadAbandoned,GREENEMETER,"Nov. 22, 2010","Lacar, LLC",,
77613250,REQUEST_FAILED,,,,,
77613238,REQUEST_FAILED,,,,,
77613301,REQUEST_FAILED,,,,,
77613411,REQUEST_FAILED,,,,,
77613820,deadAbandoned,ICBM INC. INTELLIGENT CANINE BEHAVIOR MODIFICATION EVIDENCE-BASED MARKER-REWARD TRAINING,"May 10, 2010","Theule, Danielle G.",,gumsrus@cox.net
77613472,REQUEST_FAILED,,,,,
77613491,REQUEST_FAILED,,,,,
77613945,deadAbandoned,NFORCEGREEN,"Aug. 30, 2010","Enalasys, Inc.",,docketing@pelaw.net
77614105,REQUEST_FAILED,,,,,
77614132,REQUEST_FAILED,,,,,
77614139,REQUEST_FAILED,,,,,
77614185,REQUEST_FAILED,,,,,
77614240,REQUEST_FAILED,,,,,
77614314,deadAbandoned,TICKETSTAR,"Feb. 16, 2010",Ticketstar Australia Pty Ltd,,brett.fairbank@ticketstar.com.au
77614265,REQUEST_FAILED,,,,,
77614400,REQUEST_FAILED,,,,,
77614561,deadAbandoned,BABELWAY,"Mar. 30, 2010",Babelgom,,
77614535,REQUEST_FAILED,,,,,
77614775,deadAbandoned,CA,"Jan. 25, 2010","JanSan Enterprises, LLC",,
77614858,REQUEST_FAILED,,,,,
77615039,REQUEST_FAILED,,,,,
77615201,deadAbandoned,LAWQUEST INTERNATIONAL,"Mar. 11, 2010","Chothani, Poorvi Rohit",,poorvi@lawquestinternational.com
77615147,REQUEST_FAILED,,,,,
77615267,deadAbandoned,TOP GUN,"Jan. 25, 2010","Lutin, Matthew R",,matthew.lutin@gmail.com
77615295,deadAbandoned,CPV,"Feb. 01, 2010","Perera, Madura",,madura@cpvs.pro
77615193,REQUEST_FAILED,,,,,
77615377,deadAbandoned,HETRO,"Feb. 17, 2010","G DOT, LLC",,jon@realviews360.com
77615274,REQUEST_FAILED,,,,,
77615405,deadAbandoned,G2C,"Jan. 25, 2010","Murray, Keith James Stuart",,james@kentonbikes.com
77615341,REQUEST_FAILED,,,,,
77615380,REQUEST_FAILED,,,,,
77615609,deadAbandoned,MAN MEALS,"Jul. 26, 2010",N. Ali Early,,
77615646,REQUEST_FAILED,,,,,
77615714,REQUEST_FAILED,,,,,
77615987,deadAbandoned,FTF,"Jan. 12, 2010","Galan, Adriana Y.",,mhennick@comcast.net
77615762,REQUEST_FAILED,,,,,
77615871,deadAbandoned,WEBODS,"Feb. 12, 2010","International Environmental Associates, Inc.",,fivoska@ieainc.com
77616073,REQUEST_FAILED,,,,,
77615998,REQUEST_FAILED,,,,,
77616161,REQUEST_FAILED,,,,,
77616229,deadAbandoned,LITKITS,"Dec. 27, 2010","Matthews, Ashlee A.",,ashleematthews@gmail.com
77616225,REQUEST_FAILED,,,,,
77616258,REQUEST_FAILED,,,,,
77616518,deadAbandoned,AMFEDRINE,"Jul. 28, 2010","Body Dynamics, Inc.",,
77616406,REQUEST_FAILED,,,,,
77616461,REQUEST_FAILED,,,,,
77616868,deadAbandoned,B BUYHOLLYWOOD YOUR FASHINATION DESTINATION.,"Jul. 26, 2010","ITV Entertainment, LLC",,tnburnham@earthlink.net
77616882,deadAbandoned,DESIGN BUYHOLLYWOOD,"Jul. 26, 2010","ITV Entertainment, LLC",,tnburnham@earthlink.net
77616892,deadAbandoned,PAMELA THOMAS,"Feb. 26, 2010","Pamela Thomas, LLC",,tnburnham@earthlink.net
77616568,REQUEST_FAILED,,,,,
77616628,REQUEST_FAILED,,,,,
77616997,deadAbandoned,BREAD CRUMBS,"Mar. 15, 2010","Paul Kiesche Design, LLC.",,paul@paulkiesche.com
77617006,deadAbandoned,BREAD CRUMB MARKETING,"Mar. 15, 2010","Paul Kiesche Design, LLC.",,paul@paulkiesche.com
77617012,deadAbandoned,JUSTIN & DAVE'S ORIGINAL WOULD YOU RATHER GAME,"Jun. 28, 2010",IMAGINATION HOLDINGS PTY LTD,,leonie.thomson@imagination.com.au
77616988,REQUEST_FAILED,,,,,
77616987,REQUEST_FAILED,,,,,
77617097,deadAbandoned,K7 SHOCKS SYMBOL OF STRENGTH,"Jan. 25, 2010","Campos, Melinda",,michelle@racelandus.com
77617065,REQUEST_FAILED,,,,,
77617015,REQUEST_FAILED,,,,,
77617136,deadAbandoned,CHAMELLEON BY CJN,"Jul. 26, 2010",Chad Nguyen,,casaccino@gmail.com
77617142,deadAbandoned,NU MODELS,"Apr. 26, 2010","BERNARD, GERALD MANUEL",,GCODE808@GMAIL.COM
77617074,REQUEST_FAILED,,,,,
77617093,REQUEST_FAILED,,,,,
77617175,deadAbandoned,I LEARNED MY LESSON,"Jan. 18, 2010","McGlover, Tracey",,TMFSH333@gmail.com
77617181,deadAbandoned,FREEHEEL,"Feb. 15, 2010",FitFlop Limited,,juditht@brandhandling.com
77617133,REQUEST_FAILED,,,,,
77617166,REQUEST_FAILED,,,,,
77617227,REQUEST_FAILED,,,,,
77617403,deadAbandoned,DON'T YUK MY YUM!,"May 16, 2010","Orlando, Carlo",,dontyukmyyum@live.com
77617349,REQUEST_FAILED,,,,,
77617385,REQUEST_FAILED,,,,,
77617535,deadAbandoned,A COMMUNITY OF CAREERS,"Jan. 25, 2010","Mindopia Holdings, LLC",,mdavis@mindopia.com
77617445,REQUEST_FAILED,,,,,
77617449,REQUEST_FAILED,,,,,
77617455,REQUEST_FAILED,,,,,
77617684,deadAbandoned,EXCHANGE CONNECTION.,"Sep. 06, 2010","Odhiambo, Gevin I.",,gev1st@gmail.com
77617640,deadAbandoned,ORGANOZ,"Jan. 25, 2010",Worldwide Nutraceuticals,,terry@tropicaloasis.com
77617737,deadAbandoned,PETSOPHY,"Feb. 23, 2010",Next BDG SA,,abarresi@nextbdg.com
77617550,REQUEST_FAILED,,,,,
77617884,deadAbandoned,RAINBOW COUNTRY,"Feb. 01, 2010","Gottlieb, Hayley B",,hayleyjanetees@aol.com
77617724,REQUEST_FAILED,,,,,
77617727,REQUEST_FAILED,,,,,
77617779,REQUEST_FAILED,,,,,
77618135,deadAbandoned,CALIBER CLIENT,"Jan. 28, 2010","Umassor, Diane",,caliberclient@aol.com
77618058,REQUEST_FAILED,,,,,
77618134,REQUEST_FAILED,,,,,
77618187,deadAbandoned,AMEGA,"Jul. 20, 2010",AMEGA GLOBAL LLC,,la03@netvigator.com
77618235,REQUEST_FAILED,,,,,
77618472,deadAbandoned,OZZIE ANDRE,"Jan. 25, 2010","Bagadirov, Ozzie",,ozzy.bagadirov@gmail.com
77618289,REQUEST_FAILED,,,,,
77618550,REQUEST_FAILED,,,,,
77618642,REQUEST_FAILED,,,,,
77618849,deadAbandoned,FUCOCO2,"Oct. 18, 2010",True Gemini Group LLC,,kevintofts@yahoo.com
77618899,deadAbandoned,BUZZLES,"Sep. 18, 2010",Smart Kids Ltd,,sales@smartkids.co.nz
77618748,REQUEST_FAILED,,,,,
77618863,REQUEST_FAILED,,,,,
77619062,deadAbandoned,G GEOTHERMIC SOLUTION LLC,"Jul. 15, 2010",Geothermic Solution LLC,,mary_forrest@yahoo.com
77619013,REQUEST_FAILED,,,,,
77619108,deadAbandoned,EVERYONEFORHIRE.COM,"Feb. 01, 2010",Dagny Enterprises LLC,,greg@everyoneforhire.com
77619046,REQUEST_FAILED,,,,,
77619101,REQUEST_FAILED,,,,,
77619131,REQUEST_FAILED,,,,,
77619160,REQUEST_FAILED,,,,,
77619319,REQUEST_FAILED,,,,,
77619465,REQUEST_FAILED,,,,,
77619575,REQUEST_FAILED,,,,,
77619747,deadAbandoned,MOSES,"Jan. 25, 2010","Precious Moments, Inc.",,barbara.stroka@preciousmoments.com
77619604,REQUEST_FAILED,,,,,
77619733,deadAbandoned,BECCA GOODWIN,"Jan. 25, 2010","Precious Moments, Inc.",,barbara.stroka@preciousmoments.com
77619754,deadAbandoned,RUFFLES,"Jan. 25, 2010","Precious Moments, Inc.",,barbara.stroka@preciousmoments.com
77619774,deadAbandoned,MOSES,"Jan. 25, 2010","Precious Moments, Inc.",,Barbara.Stroka@preciousmoments.com
77619669,REQUEST_FAILED,,,,,
77619681,REQUEST_FAILED,,,,,
77619778,deadAbandoned,RUFFLES,"Jan. 25, 2010","Precious Moments, Inc.",,barbara.stroka@preciousmoments.com
77619726,REQUEST_FAILED,,,,,
77619772,deadAbandoned,BECCA GOODWIN,"Jan. 25, 2010","Precious Moments, Inc.",,barbara.stroka@preciousmoments.com
77619935,deadAbandoned,BEARHUGGER,"Feb. 01, 2010","Blue Sapphire Solutions, Inc",,LarryS@ucla.edu
77619940,REQUEST_FAILED,,,,,
77620027,REQUEST_FAILED,,,,,
77620054,REQUEST_FAILED,,,,,
77620050,REQUEST_FAILED,,,,,
77620195,REQUEST_FAILED,,,,,
77620237,deadAbandoned,MI PRIMER TUTOR,"Aug. 16, 2010","Quach, Dan Chan",,tmregistered@gmail.com
77620201,REQUEST_FAILED,,,,,
77620211,REQUEST_FAILED,,,,,
77620303,deadAbandoned,PHOTOHYDRA,"Aug. 16, 2010","Zaah Technologies, Inc.",,
77620246,REQUEST_FAILED,,,,,
77620294,deadAbandoned,None,"Feb. 01, 2010","Doctorsync, LLC",,jcpamplin@msn.com
77620306,deadAbandoned,VITROCOL,"Feb. 01, 2010","Advanced BioMatrix, Inc.",,support@advancedbiomatrix.com
77620469,deadAbandoned,SUBWAY BOWL,"Feb. 01, 2010","Caren, Mark S.",,erisaman@verizon.net
77620538,deadAbandoned,U,"Feb. 01, 2010","Undefinable, LLC",,undefinable.clothing@gmail.com
77620402,deadAbandoned,SEO&GO,"Feb. 01, 2010",Exactfactor Ltd.,,ran@exactfactor.com
77620307,REQUEST_FAILED,,,,,
77620350,deadAbandoned,AGEMS THE FIRST WELLNESS JEWELLERY,"Nov. 05, 2010",AMEGA GLOBAL LLC,,la03@netvigator.com
77620939,deadAbandoned,CURATED ART TRAVEL,"Jan. 29, 2010","Stasi, Anna Di",,anna@pinacotecanyc.com
77620591,REQUEST_FAILED,,,,,
77620910,REQUEST_FAILED,,,,,
77620909,REQUEST_FAILED,,,,,
77621014,REQUEST_FAILED,,,,,
77621119,REQUEST_FAILED,,,,,
77621149,REQUEST_FAILED,,,,,
77621221,REQUEST_FAILED,,,,,
77621225,REQUEST_FAILED,,,,,
77621382,REQUEST_FAILED,,,,,
77621662,deadAbandoned,SUB LOVE,"Feb. 08, 2010","Sub Love, LLC",,brianleardon@yahoo.com
77621540,deadAbandoned,AUGUSTALEE,"Feb. 01, 2010","Cornelius Bromont, LLC",,
77621682,deadAbandoned,SWAPVILLE,"Feb. 15, 2010","Joachim, Amy T.",,AJOACHIM@ME.COM
77621525,REQUEST_FAILED,,,,,
77621761,REQUEST_FAILED,,,,,
77621796,REQUEST_FAILED,,,,,
77621827,REQUEST_FAILED,,,,,
77622159,deadAbandoned,VISTA,"Apr. 07, 2010","VISTA-PRO AUTOMOTIVE, LLC",,docketing@pelaw.net
77622066,deadAbandoned,IWINDOWS,"Jan. 14, 2010",LOCKLINK CORPORATION,,LOCKLINK@GMAIL.COM
77622112,REQUEST_FAILED,,,,,
77622189,REQUEST_FAILED,,,,,
77622506,deadAbandoned,CLUBHOUSE CRUNCH,"Feb. 01, 2010",SCNS Sports Foods,,bill@golfenergybar.com
77622215,REQUEST_FAILED,,,,,
77622512,deadAbandoned,MOSSIMO,"Feb. 01, 2010","Mossimo Holdings, LLC",,atarshis@iconixbrand.com
77622293,deadAbandoned,NOTHING WINS,"Feb. 08, 2010","Davis, Robert A.",,prauto@intnet.net
77622518,REQUEST_FAILED,,,,,
77622527,REQUEST_FAILED,,,,,
77622548,REQUEST_FAILED,,,,,
77622975,deadAbandoned,COOPAINT,"Jan. 08, 2010",Wu-Nan Technology Limited Company,,syang@imareader.com
77622641,REQUEST_FAILED,,,,,
77622992,deadAbandoned,VERSALINK FIXATION SYSTEM,"Dec. 13, 2010",Impliant Ltd,,adi@computer-law.co.il
77622809,REQUEST_FAILED,,,,,
77623009,deadAbandoned,EL GRITO,"Mar. 02, 2010","PRODUCTOS SELECTOS DE AGAVE, S.P.R. DE R.L. DE C.V.",,vila@gorm.com.mx
77622981,REQUEST_FAILED,,,,,
77623011,deadAbandoned,CEDAR FEVER,"Aug. 02, 2010",Beryl Ranch LLC,,thelarsonal@sbcglobal.net
77623050,REQUEST_FAILED,,,,,
77623075,REQUEST_FAILED,,,,,
77623268,deadAbandoned,O I,"Feb. 01, 2010",ORiGiN LLC,,kkimbrough@theoriginalapparel.com
77623144,REQUEST_FAILED,,,,,
77623280,deadAbandoned,ATRIUM,"Feb. 01, 2010",Modern Foundry Inc,,sehrope.sarkuni@modernfoundry.com
77623275,REQUEST_FAILED,,,,,
77623294,REQUEST_FAILED,,,,,
77623298,REQUEST_FAILED,,,,,
77623520,REQUEST_FAILED,,,,,
77623643,REQUEST_FAILED,,,,,
77624014,deadAbandoned,TIMELATRON,"Feb. 01, 2010","Ford, James R",,j.fordly@yahoo.com
77623721,REQUEST_FAILED,,,,,
77623871,deadAbandoned,FIRIE,"Jun. 18, 2010",Young Tree Nursery,,reggaearchive@yahoo.com
77623824,REQUEST_FAILED,,,,,
77624174,deadAbandoned,TOMMY VETEZ,"Feb. 08, 2010","DAWSON, THOMAS V.",,dwsthm@aol.com
77624193,deadAbandoned,INK,"Feb. 01, 2010","Teodorescu, Leonard N",,djleoteo@yahoo.com
77623921,REQUEST_FAILED,,,,,
77624179,deadAbandoned,INK'D,"Feb. 01, 2010","Teodorescu, Leonard N",,djleoteo@yahoo.com
77624258,deadAbandoned,EARTH RESCUE,"Mar. 08, 2010",Intellectual Property Development Corporation Pty Ltd,,chris.round@middletons.com
77624075,REQUEST_FAILED,,,,,
77624448,deadAbandoned,NUEFLOR,"Apr. 15, 2010","Nueflor Holding, LLC",,dave@nueflor.com
77624243,REQUEST_FAILED,,,,,
77624293,REQUEST_FAILED,,,,,
77624301,REQUEST_FAILED,,,,,
77624530,deadAbandoned,H2GO BARROWBAG,"Feb. 22, 2010",Planit Products Limited,,malcolmvictory@tiscali.co.uk
77624423,REQUEST_FAILED,,,,,
77624631,deadAbandoned,BE@ONE,"Aug. 09, 2010","Mills, Heather A.",,info@heathermills.org
77624801,deadAbandoned,"CHANGE YOU CAN BELIEVE IN, CHANGE YOU NEED","Feb. 08, 2010",Group One Limited,,contact@groupone.org.uk
77624728,REQUEST_FAILED,,,,,
77624872,deadAbandoned,SLOTZ,"Mar. 17, 2010",Freeverse Corporation,,mdowner@mkramerlaw.com
77625049,deadAbandoned,IBOARD MEDIA,"Sep. 08, 2010","IBoard, LLC",,azalaya@iboardmedia.com
77624776,REQUEST_FAILED,,,,,
77625075,deadAbandoned,WMSMART,"Mar. 24, 2010","MAÑA, JOSÉ LUIS FERREYRO",,elsatl@intercable.net
77625149,deadAbandoned,STANDPLIFIER,"Feb. 01, 2010","DelPriore, Andrew",,andydell@hotmail.com
77625151,REQUEST_FAILED,,,,,
77625279,REQUEST_FAILED,,,,,
77625334,deadAbandoned,GAME DAY GAMES,"Dec. 15, 2010","FLG Holdings, LLC",,nstewart@tradename.com
77625377,REQUEST_FAILED,,,,,
77625412,REQUEST_FAILED,,,,,
77625420,REQUEST_FAILED,,,,,
77625575,REQUEST_FAILED,,,,,
77625879,deadAbandoned,VERTICAL,"Aug. 23, 2010","Gourmet Purveyors International, Inc.",,
77625616,REQUEST_FAILED,,,,,
77625765,REQUEST_FAILED,,,,,
77625887,REQUEST_FAILED,,,,,
77625978,REQUEST_FAILED,,,,,
77626031,REQUEST_FAILED,,,,,
77626100,deadAbandoned,PETER HOWLAND'S SUITCASE,"Dec. 30, 2010","Howland, Peter R",,peter@peterhowlandwines.com
77626104,deadAbandoned,THALOVEMOVEMENT D. LOVE SPREAD LOVE A PHILANTHROPIC & AWARENESS ORGANIZATION,"Feb. 08, 2010","Robinson, LaKisha",,LKRobinson25@gmail.com
77626111,deadAbandoned,ESTYLO MAX,"Feb. 08, 2010",De Roblin Inc.,,tmregistered@gmail.com
77626310,deadAbandoned,SNEAKY FOX,"Aug. 09, 2010",Sai Fan Shair,,pamela@sneakyfoxfireworks.com
77626233,REQUEST_FAILED,,,,,
77626486,deadAbandoned,UEVOLI,"Feb. 08, 2010","Arabatzis, Dimitri",,thimitri@gmail.com
77626507,deadAbandoned,SHORT CIRCUITS,"Feb. 08, 2010","Circle City Marketing & Distributing, Inc.",,
77626611,deadAbandoned,FUN-DUCATIONAL,"Aug. 23, 2010","Palzis, Chris",,
77626761,deadAbandoned,ROCKNROLL DATING,"Jul. 12, 2010","House, Daniel",,
77626402,REQUEST_FAILED,,,,,
77626500,REQUEST_FAILED,,,,,
77626839,REQUEST_FAILED,,,,,
77626846,REQUEST_FAILED,,,,,
77626958,deadAbandoned,MC MYCATALYTICS.COM,"Feb. 15, 2010",National Core LLC,,info@mycatalytics.com
77627034,deadAbandoned,"PIN UP BALMS WWW.PINUPBALM.COM WWW.PINUPBALM.COM ""ALL NATURAL LIP CARE WITH GLAMOROUS RETRO FLAIR"" LIP BALM HAS NEVER BEEN SO SEXY!!","May 05, 2010","Burbank, Henriette",,info@pinupbalm.com
77627036,deadAbandoned,NEWAY,"Apr. 20, 2010",Neway LLC,,info@5kotravel.com
77626981,REQUEST_FAILED,,,,,
77627044,REQUEST_FAILED,,,,,
77627192,REQUEST_FAILED,,,,,
77627348,REQUEST_FAILED,,,,,
77627639,REQUEST_FAILED,,,,,
77627700,REQUEST_FAILED,,,,,
77627955,REQUEST_FAILED,,,,,
77627974,REQUEST_FAILED,,,,,
77628111,deadAbandoned,HIIVE SYSTEMS,"Oct. 12, 2010",EHIIVE HOLDINGS PTY LTD,,geoff.mcqueen@hiivesystems.com
77628012,REQUEST_FAILED,,,,,
77628037,REQUEST_FAILED,,,,,
77628389,deadAbandoned,BIRDIE G MEDIA,"Nov. 15, 2010",BIRDIE G MEDIA,,sdehek@comcast.net
77628219,REQUEST_FAILED,,,,,
77628452,deadAbandoned,G,"Feb. 15, 2010",BIRDIE G MEDIA,,damon@birdieg.com
77628510,deadAbandoned,G CALIFORNIA MAGAZINE,"Nov. 15, 2010",BIRDIE G MEDIA,,sdehek@comcast.net
77628453,REQUEST_FAILED,,,,,
77628486,deadAbandoned,BIRDIE G,"Jun. 09, 2010",BIRDIE G MEDIA,,sdehek@comcast.net
77628494,deadAbandoned,THE ROOT ENVIRONMENT EXPERTS!,"Sep. 03, 2010",Berger Peat Moss Ltd.,,memond@bergerpeatmoss.com
77628543,deadAbandoned,G HAWAII MAGAZINE,"Nov. 15, 2010",BIRDIE G MEDIA,,sdehek@comcast.net
77628584,REQUEST_FAILED,,,,,
77629039,deadAbandoned,CHIC & DELIGHT,"Feb. 22, 2010","Chic & Delight, LLC",,jaymc3@gmail.com
77629068,deadAbandoned,TK´S GOD,"Feb. 15, 2010","Carlos, Arteaga Juan",,jc@expopublicitas.com
77628990,REQUEST_FAILED,,,,,
77629187,deadAbandoned,NDIMS,"Dec. 27, 2010","Disaster Operations and Training, Inc.",,cindigrady@yahoo.com
77629043,REQUEST_FAILED,,,,,
77629324,deadAbandoned,RESCUE,"Dec. 27, 2010","Disaster Operations and Training, Inc.",,cindigrady@yahoo.com
77629079,REQUEST_FAILED,,,,,
77629092,REQUEST_FAILED,,,,,
77629408,deadAbandoned,G TEXAS MAGAZINE,"Nov. 15, 2010",BIRDIE G MEDIA,,sdehek@comcast.net
77629400,deadAbandoned,G ARIZONA MAGAZINE,"Nov. 15, 2010",BIRDIE G MEDIA,,sdehek@comcast.net
77629363,deadAbandoned,OUT AND RUNNIN',"Sep. 06, 2010","Mason, David, Jr.",,outandrunninmusic@yahoo.com
77629391,deadAbandoned,GLOSKIN,"May 20, 2010","Central Coast Nutraceuticals, Inc.",,
77629416,REQUEST_FAILED,,,,,
77629421,REQUEST_FAILED,,,,,
77629868,deadAbandoned,CARBON NEUTRAL,"Jan. 23, 2010",JERBOA BRANDS LLC,,
77629873,deadAbandoned,ARE YOU OFFSET,"Apr. 12, 2010",JERBOA BRANDS LLC,,
77629771,REQUEST_FAILED,,,,,
77629878,deadAbandoned,BE 6 C NEUTRAL,"Apr. 12, 2010",JERBOA BRANDS LLC,,
77629909,deadAbandoned,BUUUZ,"Jan. 25, 2010",Guillaumond Bertrand,,bguillaumond@zenessa.com
77629834,REQUEST_FAILED,,,,,
77629870,REQUEST_FAILED,,,,,
77630006,deadAbandoned,AVERTHOR,"Feb. 08, 2010","Ensystex, Inc.",,ray@ensystex.com
77629876,deadAbandoned,BE C 6 NEUTRAL,"Apr. 12, 2010",JERBOA BRANDS LLC,,
77629896,REQUEST_FAILED,,,,,
77630052,REQUEST_FAILED,,,,,
77630149,REQUEST_FAILED,,,,,
77630419,REQUEST_FAILED,,,,,
77630534,deadAbandoned,RASTA,"Mar. 25, 2010",Neng Feng Wang,,tmregistered@gmail.com
77630462,REQUEST_FAILED,,,,,
77630813,deadAbandoned,HERBAIDE,"Aug. 13, 2010",ALLSWELL TRADING PTE LTD CORPORATION,,
77630680,REQUEST_FAILED,,,,,
77630920,deadAbandoned,CALCIO CHICAGO S.A.,"Mar. 22, 2010",Calcio Chicago Sports Association,,ai10s@yahoo.com
77630760,REQUEST_FAILED,,,,,
77631083,deadAbandoned,ISCROLL,"Aug. 11, 2010",AppSessions LLC,,shawnyshawn@gmail.com
77631120,deadAbandoned,LEROAR THE LION,"Feb. 15, 2010","Funk II, David T.",,senseidave@verizon.net
77631055,REQUEST_FAILED,,,,,
77631060,REQUEST_FAILED,,,,,
77631315,deadAbandoned,ALA AMERICAN LACROSSE ASSOCIATION,"Feb. 15, 2010","Arena Works Entertainment, Inc.",,
77631361,deadAbandoned,MECHANICS MIX,"Feb. 08, 2010",Lake Irving Group LLC,,farmhouse1902@verizon.net
77631333,REQUEST_FAILED,,,,,
77631378,REQUEST_FAILED,,,,,
77631627,deadAbandoned,DEAN AND MARILYN,"Mar. 08, 2010",DREW ANTHONY CARRANO,,Drew@DrewAnthony.com
77631693,REQUEST_FAILED,,,,,
77632138,deadAbandoned,GREEN ZEBRA SOLUTIONS,"Apr. 26, 2010",Green Zebra Solutions Ltd,,jamie@greenzebra-solutions.com
77631939,REQUEST_FAILED,,,,,
77631965,REQUEST_FAILED,,,,,
77632018,REQUEST_FAILED,,,,,
77632261,deadAbandoned,C G,"May 17, 2010",Victor Pichardo,,thecabaretegroove@gmail.com
77632174,REQUEST_FAILED,,,,,
77632522,deadAbandoned,DRAGON'S GOLD,"Feb. 08, 2010","DISCOVERY BAY GAMES, INC",,
77632290,REQUEST_FAILED,,,,,
77632526,deadAbandoned,TWO BRIDGES,"Feb. 08, 2010","DISCOVERY BAY GAMES, INC",,
77632524,REQUEST_FAILED,,,,,
77632584,deadAbandoned,MYNATURALMARKET,"Apr. 12, 2010",My Natural Market LLC,,cs@mynaturalmarket.com
77632700,REQUEST_FAILED,,,,,
77632887,deadAbandoned,G,"Jun. 09, 2010",BIRDIE G MEDIA,,sdehek@comcast.net
77632736,REQUEST_FAILED,,,,,
77632897,deadAbandoned,G,"Jun. 09, 2010",BIRDIE G MEDIA,,sdehek@comcast.net
77632804,REQUEST_FAILED,,,,,
77632857,REQUEST_FAILED,,,,,
77632994,REQUEST_FAILED,,,,,
77633024,REQUEST_FAILED,,,,,
77633063,REQUEST_FAILED,,,,,
77633072,REQUEST_FAILED,,,,,
77633477,REQUEST_FAILED,,,,,
77633435,REQUEST_FAILED,,,,,
77633575,REQUEST_FAILED,,,,,
77633696,deadAbandoned,BONEYARD,"Oct. 30, 2010","Louderback, Edward A.",,boneyard.clothing@gmail.com
77633658,REQUEST_FAILED,,,,,
77633906,deadAbandoned,EDUPAY,"Oct. 11, 2010","Plunkett & Company, LLC",,
77633683,REQUEST_FAILED,,,,,
77633918,REQUEST_FAILED,,,,,
77634095,deadAbandoned,NICKY HILTON,"Mar. 15, 2010",Nicky Hilton Worldwide LLC,,
77634164,deadAbandoned,BAILEY WALTERS,"Feb. 08, 2010","Precious Moments, Inc.",,barbara.stroka@preciousmoments.com
77634157,deadAbandoned,AUNT ELLA,"Feb. 08, 2010","Precious Moments, Inc.",,barbara.stroka@preciousmoments.com
77634059,REQUEST_FAILED,,,,,
77634082,REQUEST_FAILED,,,,,
77634180,deadAbandoned,COASTSIDE,"Mar. 09, 2010","Piveronas, Chris",,cpiveronas@yahoo.com
77634102,REQUEST_FAILED,,,,,
77634209,deadAbandoned,ANNA BENNETT,"Feb. 08, 2010","Precious Moments, Inc.",,barbara.stroka@preciousmoments.com
77634270,deadAbandoned,SERVE,"Feb. 15, 2010","Powell, Tim L.",,Timpowell.nyc@gmail.com
77634433,deadAbandoned,"STOP THINKIN' WITH YOUR WEINER, THE GRASS ISN'T ANY GREENER","Feb. 15, 2010","Riling, Cyndi L.",,munchieriling@sbcglobal.net
77634220,deadAbandoned,NICOLA RODRIGUEZ,"Feb. 08, 2010","Precious Moments, Inc.",,barbara.stroka@preciousmoments.com
77634196,REQUEST_FAILED,,,,,
77634621,REQUEST_FAILED,,,,,
77634751,REQUEST_FAILED,,,,,
77634850,REQUEST_FAILED,,,,,
77635052,REQUEST_FAILED,,,,,
77635266,REQUEST_FAILED,,,,,
77635482,REQUEST_FAILED,,,,,
77635549,deadAbandoned,REDZILLA,"Aug. 16, 2010",Anthony J Randle,,lesley@mediaartslawyers.com
77635860,deadAbandoned,CITYDATING.COM,"Feb. 26, 2010",Skevington Jolanta,,Jolanta@citydating.co.uk
77636020,deadAbandoned,PUREFOAM,"Mar. 01, 2010","Shield Industries, Inc",,hmoore@shieldindustries.com
77635970,REQUEST_FAILED,,,,,
77635992,REQUEST_FAILED,,,,,
77636021,REQUEST_FAILED,,,,,
77636288,deadAbandoned,BUZZ,"Sep. 27, 2010","Bare Escentuals Beauty, Inc.",,tmdocket@bareescentuals.com
77636381,deadAbandoned,IDME,"Mar. 01, 2010","Kaminska, Bozena",,kaminska@sfu.ca
77636178,REQUEST_FAILED,,,,,
77636290,REQUEST_FAILED,,,,,
77636793,deadAbandoned,FURIA CAFÉ LA CATEDRAL GRUPERA,"May 17, 2010",MARIO RODRÍGUEZ SÁEZ,,elsatl@intercable.net
77636525,REQUEST_FAILED,,,,,
77636829,deadAbandoned,BRIDALIZE,"Mar. 15, 2010",Bridalize,,
77636700,REQUEST_FAILED,,,,,
77637283,deadAbandoned,RAZOR RASP,"May 11, 2010",Daniel J Massaro,,djmassaro124@yahoo.com
77637018,REQUEST_FAILED,,,,,
77637216,REQUEST_FAILED,,,,,
77637321,deadAbandoned,WOODSTOCK WIRE,"Aug. 23, 2010","Woodstock, John T.",,woody@woodstockwire.com
77637276,REQUEST_FAILED,,,,,
77637447,deadAbandoned,GT GLOCONTRADE,"Aug. 03, 2010","Glocontrade, LLC",,reiner@glocontrade.com
77637384,REQUEST_FAILED,,,,,
77637401,REQUEST_FAILED,,,,,
77637555,REQUEST_FAILED,,,,,
77638196,deadAbandoned,ASCENT,"Feb. 15, 2010","Larsson, Bo T",,sales@ascentclothing.com
77638286,deadAbandoned,UMA,"Mar. 17, 2010","Universal Micro Applications, Inc.",,
77637869,REQUEST_FAILED,,,,,
77638017,REQUEST_FAILED,,,,,
77638305,REQUEST_FAILED,,,,,
77638663,deadAbandoned,RICH LIPS,"Aug. 16, 2010","Rich Girls, LLC",,richgirlsllc@gmail.com
77638513,deadAbandoned,CA WWW.CRYSTALARTISTS.COM,"Feb. 22, 2010",Rodrigues Memorial Urns Inc,,rodriguesurns@gmail.com
77638443,REQUEST_FAILED,,,,,
77638469,REQUEST_FAILED,,,,,
77638832,REQUEST_FAILED,,,,,
77639119,deadAbandoned,EUCASOL,"Feb. 22, 2010","COMERCIALIZADORA MGO DE MEXICO, S.A. DE C.V.",,marisol.beytia@marcaria.com
77638975,REQUEST_FAILED,,,,,
77639522,deadAbandoned,ANIMAL HERDERS,"Aug. 16, 2010","Martin, Eric Robert",,Scifiintel@gmail.com
77639554,deadAbandoned,EXTRATTITUDE,"May 20, 2010","Paolo, Pellizzari",,paolo@pellizzari.net
77639490,REQUEST_FAILED,,,,,
77639904,deadAbandoned,HOLD THE CARBON,"Aug. 11, 2010","Hold The Carbon, Inc.",,jasonhaber@gmail.com
77639779,REQUEST_FAILED,,,,,
77640154,deadAbandoned,GARDENGEEK,"Feb. 15, 2010","Kallin, Craig R.",,craigrk@yahoo.com
77639993,REQUEST_FAILED,,,,,
77640187,deadAbandoned,DISSELDOO,"Sep. 01, 2010","Huser, Ann M.",,huserdaddy@gmail.com
77640047,REQUEST_FAILED,,,,,
77640091,REQUEST_FAILED,,,,,
77640195,REQUEST_FAILED,,,,,
77640246,REQUEST_FAILED,,,,,
77640359,deadAbandoned,OSHKAY,"Mar. 31, 2010",OshKay LLC,,santhosh@oshkay.com
77640360,deadAbandoned,SPORTSHATE,"Feb. 15, 2010","Integral Communications, LLC",,brahimbookhart@yahoo.com
77640320,REQUEST_FAILED,,,,,
77640484,deadAbandoned,BEEFMASTOR,"Feb. 15, 2010","Allegood, Richard",,richard@acirris.com
77640519,deadAbandoned,JS JERSEY SHORE INVESTMENTS,"Oct. 11, 2010","Jersey Shore Portfolio Management, LLC",,jerseyshoreinvest@gmail.com
77640349,REQUEST_FAILED,,,,,
77640533,REQUEST_FAILED,,,,,
77640645,deadAbandoned,BID ON A STAR,"Aug. 23, 2010","Laflamme, Martin, D.",,martin@marketbridge.com
77640550,REQUEST_FAILED,,,,,
77640928,deadAbandoned,MOZART BRAIN,"Aug. 23, 2010","Concertizer Enterprises, Inc.",,shenyeh@concertizerenterprises.com
77640891,REQUEST_FAILED,,,,,
77640993,REQUEST_FAILED,,,,,
77641048,REQUEST_FAILED,,,,,
77641455,deadAbandoned,A LEARNING COMMUNITY OF NETWORK PROFESSIONALS,"Oct. 11, 2010",Packet Solutions Inc.,,
77641243,REQUEST_FAILED,,,,,
77641470,REQUEST_FAILED,,,,,
77641613,REQUEST_FAILED,,,,,
77641794,deadAbandoned,X-LASER,"Feb. 15, 2010",X-Laser LLC,,dan@x-laser.com
77641910,deadAbandoned,GUNFIGHTERS MC,"Jun. 16, 2010","Gunfighters Motorcycle Club, Inc.",,
77641770,REQUEST_FAILED,,,,,
77641989,deadAbandoned,SILPLANT,"Mar. 15, 2010","Orentreich, David S.",,
77642010,REQUEST_FAILED,,,,,
77642028,REQUEST_FAILED,,,,,
77642137,deadAbandoned,KEEP THEIR EYE ON THE BALM.,"Feb. 15, 2010","DGL Consumer Products, Inc.",,tsmith@dglproducts.com
77642434,deadAbandoned,CLIMATE WEEK,"Jan. 29, 2010",Climate Week Ltd,,kevin@climateweek.com
77642122,REQUEST_FAILED,,,,,
77642198,REQUEST_FAILED,,,,,
77642437,deadAbandoned,BIRDIEG.COM,"Jun. 09, 2010","Birdie G Media, Inc.",,dg_schmidt@hotmail.com
77642308,REQUEST_FAILED,,,,,
77642495,REQUEST_FAILED,,,,,
77642560,REQUEST_FAILED,,,,,
77642701,deadAbandoned,GERMAN CAR ZONE,"Mar. 01, 2010","QuantumFlex Media, LLC",,admin@quantumflex.com
77642593,REQUEST_FAILED,,,,,
77642659,REQUEST_FAILED,,,,,
77642736,deadAbandoned,JOBTRIO.COM,"Mar. 01, 2010","Jobtrio.com, LLC",,joshgroves@jobtrio.com
77642720,REQUEST_FAILED,,,,,
77642824,deadAbandoned,GET YOUR SACK BACK,"Feb. 22, 2010","Farabee, Tonya",,afarabee@sbcglobal.net
77642825,deadAbandoned,SHOWER CANDY,"Jul. 08, 2010","3d Fusion, LLC",,manager@mindbodyandspa.com
77642906,deadAbandoned,VOYEUR WATCHES,"Apr. 26, 2010","Brobander, Erin L.",,erinb_10@yahoo.com
77642827,REQUEST_FAILED,,,,,
77642900,REQUEST_FAILED,,,,,
77643037,deadAbandoned,SALUER,"Feb. 22, 2010","Aarts, Antoine",,a.aarts@offshoresolutions.nl
77643018,deadAbandoned,STAR INTELLIGENCE PLATFORM,"Apr. 05, 2010",Richard Gardner,,sales@starworkforce.com
77643101,REQUEST_FAILED,,,,,
77643036,REQUEST_FAILED,,,,,
77643256,deadAbandoned,KING OF NATIONS FOOD COMPANY,"Oct. 04, 2010",King of Nations Food Company,,samlee910@yahoo.com
77643504,deadAbandoned,ESCAPE,"Feb. 22, 2010",SUMMERFIELD TOBACCO L.L.C.,,regaldf@bellsouth.net
77643407,REQUEST_FAILED,,,,,
77643640,deadAbandoned,HONU HOE,"Mar. 01, 2010","Lozano, Kimberly Pauahi",,Pauahi808@aol.com
77643532,REQUEST_FAILED,,,,,
77643721,deadAbandoned,GAME THEOREM,"May 04, 2010",GAME THEOREM LIMITED,,biz@gametheorem.com
77643674,REQUEST_FAILED,,,,,
77643898,deadAbandoned,KA TAN CHIC BORN TO BE ORGANIC BORN TO BE ORGANIC BORN TO BE ORGANIC BORN TO BE ORGANIC,"Jun. 16, 2010",Sharon Mandelberg Einav,,ilanit@patentim.com
77643849,deadAbandoned,TO BE LIST,"Feb. 22, 2010","Wisdomology, LLC",,
77643717,REQUEST_FAILED,,,,,
77643869,REQUEST_FAILED,,,,,
77643870,REQUEST_FAILED,,,,,
77643916,REQUEST_FAILED,,,,,
77644237,deadAbandoned,NILPAIN SR,"Feb. 08, 2010","Majeed, Muhammed",,lprakash@sabinsa.com
77644317,deadAbandoned,"""FEEL IT...SAY IT...WEAR IT!""","Jan. 08, 2010",Tiffany Westrich,,tiffany@jewelrymessages.com
77644068,REQUEST_FAILED,,,,,
77644369,deadAbandoned,TFG,"Feb. 22, 2010","Oceguera, Iram David Contreras",,
77644282,REQUEST_FAILED,,,,,
77644379,deadAbandoned,BHO,"Feb. 22, 2010","Pederson, Lee Michael",,LeeMPete@aol.com
77644429,deadAbandoned,PRIVATE ISLAND BEAUTY,"Feb. 22, 2010","Nolley, Terry L.",,leenova@privateislandbeauty.com
77644406,REQUEST_FAILED,,,,,
77644517,deadAbandoned,EZII DRYER,"Apr. 06, 2010","ANERGY INTERNATIONAL CO., LTD.",,ycipo2@yc-patent.com
77644466,deadAbandoned,TREASURE KAI,"Feb. 23, 2010","Robertson, Karen Guinn",,karen@treasureboundbooks.com
77644482,REQUEST_FAILED,,,,,
77644500,REQUEST_FAILED,,,,,
77644663,deadAbandoned,THE DEVILS TRIBE,"Feb. 22, 2010","Farabee, Tonya",,afarabee@sbcglobal.net
77644598,REQUEST_FAILED,,,,,
77644609,REQUEST_FAILED,,,,,
77644871,deadAbandoned,URIFLOW,"Jan. 25, 2010",Global Quality Health Inc.,,contact@globalqualityhealth.com
77644688,REQUEST_FAILED,,,,,
77644771,REQUEST_FAILED,,,,,
77645125,deadAbandoned,GROUP THERAPY SERVICES OF NEW YORK (GTS-NY),"Mar. 01, 2010","Younger P.C., David B",,dbyounger@gmail.com
77645184,deadAbandoned,SCUDDLEBUT,"Jul. 22, 2010","Dennis, Terry D.",,terrydennis22@yahoo.com
77644907,REQUEST_FAILED,,,,,
77644993,REQUEST_FAILED,,,,,
77645170,REQUEST_FAILED,,,,,
77645215,REQUEST_FAILED,,,,,
77645349,deadAbandoned,RINGZERO,"Mar. 08, 2010","RingZero Networks (Thailand) Co., Ltd.",,franck.b@rznet.com
77645340,REQUEST_FAILED,,,,,
77645317,REQUEST_FAILED,,,,,
77645551,REQUEST_FAILED,,,,,
77645650,REQUEST_FAILED,,,,,
77645971,deadAbandoned,GIRLGASMIC,"Aug. 23, 2010",SHOW ME Ventures,,m.gregg@showmeventures.com
77645752,REQUEST_FAILED,,,,,
77645994,REQUEST_FAILED,,,,,
77646079,deadAbandoned,THE LITTLE SPROUT,"Feb. 22, 2010","VanMeter, Pansy",,info@masterfulspaces.com
77646124,deadAbandoned,SHETRADES,"Feb. 23, 2010",Kristine M. Harwood,,prelaunch@shetrades.com
77646100,REQUEST_FAILED,,,,,
77646206,deadAbandoned,LOS ANGELES BUDDHIST ACADEMY,"Feb. 22, 2010",Los Angeles Buddhist Academy,,tmregistered@gmail.com
77646216,deadAbandoned,PEOPLEQUICK,"Feb. 22, 2010","Oroszlan, George S.",,oroz99@msn.com
77646135,REQUEST_FAILED,,,,,
77646224,deadAbandoned,COUNTRY RISK SOLUTIONS,"May 26, 2010","wagner, daniel",,politicalrisks@hotmail.com
77646416,deadAbandoned,WHAT YOUR SKIN NEEDS NOW,"Mar. 09, 2010","Bare Escentuals Beauty, Inc.",,tmdocket@bareescentuals.com
77646219,REQUEST_FAILED,,,,,
77646553,deadAbandoned,REFRESHINGLY PURE,"Mar. 01, 2010","Remington, Inc.",,bruce@remingtonwater.com
77646482,deadAbandoned,OUTDOOR RELIGION,"Mar. 08, 2010","Davis II, France A",,nstewart@tradename.com
77646317,REQUEST_FAILED,,,,,
77646505,REQUEST_FAILED,,,,,
77646675,REQUEST_FAILED,,,,,
77646651,REQUEST_FAILED,,,,,
77646833,REQUEST_FAILED,,,,,
77647046,deadAbandoned,TO DO NOW,"Mar. 01, 2010","Fekech, Joseph Robert",,joe696@comcast.net
77647098,deadAbandoned,LOVE IN BLOOM MATERNITY,"Mar. 01, 2010",Love in Bloom Maternity LLC,,ele_wells@yahoo.com
77647032,REQUEST_FAILED,,,,,
77647141,deadAbandoned,YAUBA,"Mar. 21, 2010",Yauba New Media Pvt Limited,,admin@yauba.com
77647156,deadAbandoned,GLACI,"Mar. 01, 2010",Hreinn O. Jonsson,,jasteinsson@gmail.com
77647095,REQUEST_FAILED,,,,,
77647089,REQUEST_FAILED,,,,,
77647207,deadAbandoned,SUNBREAX,"Mar. 03, 2010",RICCO,,riccoinfo@yahoo.com.hk
77647216,deadAbandoned,PLANET BULB,"Apr. 19, 2010","Planet Bulb, LLC",,bulbs@planetbulb.com
77647152,deadAbandoned,UNCLE JOE'S KITCHEN,"Oct. 04, 2010",King of Nations Food Company,,samlee910@yahoo.com
77647144,REQUEST_FAILED,,,,,
77647225,deadAbandoned,GINO,"Mar. 01, 2010",INNOVATION PLUS HOLDINGS CORPORATION,,
77647319,deadAbandoned,KAVAYAH,"Jul. 26, 2010","Montgomery, Steven Lee",,smontgom@hotmail.com
77647277,REQUEST_FAILED,,,,,
77647508,deadAbandoned,SYPER'S S,"Mar. 01, 2010","Czyzewski, Richard",,rsuperski@aol.com
77647491,REQUEST_FAILED,,,,,
77647620,deadAbandoned,CHEM-FLEX AQUA-LAB,"Apr. 06, 2010",HYDRA-FLEX INC.,,jwalerak@hydraflexinc.com
77647506,REQUEST_FAILED,,,,,
77647614,REQUEST_FAILED,,,,,
77647616,REQUEST_FAILED,,,,,
77647634,REQUEST_FAILED,,,,,
77647792,deadAbandoned,BIOFOAM,"Feb. 17, 2010","Menzel, Charles H.",,chuck@wssurf.com
77647865,deadAbandoned,MODERN DAD MAGAZINE,"Mar. 11, 2010",Brandon J. Acosta,,brandon@moderndadmag.com
77647830,REQUEST_FAILED,,,,,
77647870,REQUEST_FAILED,,,,,
77647984,deadAbandoned,EASY GROW LIGHTITE REFLECTIVE FOILS,"May 24, 2010",Mariner Packaging Co Ltd,,simon@easy-grow.co.uk
77647980,deadAbandoned,R-KAIDE,"Feb. 22, 2010","Hoffman, Frederic E.",,fred@fredhoffman.com
77647906,deadAbandoned,APPCHIEVEMENT,"Mar. 25, 2010","Nathan, Lindsay P.",,lpnathan@gmail.com
77647943,deadAbandoned,OLIVCON,"May 03, 2010",Olivares Enterprises Inc.,,rolivares@olivcon.com
77647909,REQUEST_FAILED,,,,,
77647994,REQUEST_FAILED,,,,,
77648101,REQUEST_FAILED,,,,,
77648282,REQUEST_FAILED,,,,,
77648382,REQUEST_FAILED,,,,,
77648782,deadAbandoned,MIINE,"Apr. 20, 2010",MOXA INC.,,
77648703,REQUEST_FAILED,,,,,
77648751,REQUEST_FAILED,,,,,
77648859,deadAbandoned,SENSI.,"May 07, 2010","CRUZ, JOAQUIN A",,mysensi@gmail.com
77648815,REQUEST_FAILED,,,,,
77648889,deadAbandoned,SCABS 'N' GUTS,"Feb. 01, 2010",Imagination Holdings Pty Ltd,,leonie.thomson@imagination.com.au
77648835,REQUEST_FAILED,,,,,
77648864,deadAbandoned,THE EARTH BOTTLE,"Aug. 30, 2010","Chicarielli, Peter G.",,john@delarosa.com
77649008,deadAbandoned,ADVISE,"Jul. 07, 2010",Triumvirate Environmental,,mgianelli@triumvirate.com
77648996,REQUEST_FAILED,,,,,
77649115,deadAbandoned,None,"Mar. 22, 2010","Arenas, Edwina M.",,jettallc@yahoo.com
77649171,deadAbandoned,SIMPLICITY PERFECTED,"Feb. 22, 2010","Magnussen, Pætur",,pmagnussen@mac.com
77649085,REQUEST_FAILED,,,,,
77649132,REQUEST_FAILED,,,,,
77649272,deadAbandoned,DIAMOND,"Apr. 20, 2010",International Paper Company,,stephanie.haupt@ipaper.com
77649260,deadAbandoned,DIAMOND,"Apr. 20, 2010",International Paper Company,,stephanie.haupt@ipaper.com
77649441,deadAbandoned,PROSPERCARE,"Mar. 01, 2010","Metagenics, Inc.",,jenniferh@metagenics.com
77649345,REQUEST_FAILED,,,,,
77649571,deadAbandoned,"THE SALVOSFUND, LP","Sep. 03, 2010","HHJ Capital Partners GP, LLC",,
77649473,REQUEST_FAILED,,,,,
77649687,deadAbandoned,LIBISUTRA,"Mar. 01, 2010",AL HBAIU,,alhbaiu@yahoo.com
77649523,REQUEST_FAILED,,,,,
77649713,deadAbandoned,SHOP GURU,"Mar. 30, 2010","Kotyza, Pavel",,pavel@kotyza.com
77649881,deadAbandoned,MOLLY POP,"Mar. 22, 2010","Saleen, Molly-Anne K",,msaleen@gmail.com
77649759,REQUEST_FAILED,,,,,
77649765,REQUEST_FAILED,,,,,
77649832,REQUEST_FAILED,,,,,
77649864,REQUEST_FAILED,,,,,
77650174,deadAbandoned,WWW.MONOGAMOUSLOVE.COM,"Mar. 01, 2010",Struoc Standard LLC,,StruocStandard@Yahoo.com
77649969,REQUEST_FAILED,,,,,
77650223,deadAbandoned,ENGINEERING SIMPLIFIED,"Mar. 01, 2010","CADD Edge, Inc.",,blakis@caddedge.com
77650142,REQUEST_FAILED,,,,,
77650163,REQUEST_FAILED,,,,,
77650216,REQUEST_FAILED,,,,,
77650498,deadAbandoned,CURTAIN CALL,"Mar. 02, 2010","Gotlucky, Clare Keenan",,partingplanners@gmail.com
77650507,deadAbandoned,TOXIC GIRL,"May 25, 2010","Habash, Henry E.",,hhabash@sbcglobal.net
77650590,deadAbandoned,LR LIZIER,"May 20, 2010","ANCONA, CHUC LIZBETH ANGELICA",,masmarcas@masmarcas.com
77650658,deadAbandoned,MOLASIS,"Mar. 22, 2010","Linton, Rachel N",,ladyrae18809@hotmail.co.uk
77650475,REQUEST_FAILED,,,,,
77650566,REQUEST_FAILED,,,,,
77650611,REQUEST_FAILED,,,,,
77650777,deadAbandoned,DANCE OF LIBERATION,"May 17, 2010","Ben-Haim, Sigalit",,parashaktisrael@yahoo.com
77650695,REQUEST_FAILED,,,,,
77650729,REQUEST_FAILED,,,,,
77651033,deadAbandoned,SMART NATIONAL BANK,"May 31, 2010","Radlovic, Michael M",,
77650977,REQUEST_FAILED,,,,,
77651095,deadAbandoned,HITWEEK THE ITALIAN WAY OF LIFE,"Apr. 05, 2010","Del Maro, Francesco",,fradelma@gmail.com
77651064,REQUEST_FAILED,,,,,
77651369,deadAbandoned,BEST IDEA TOOLS,"Apr. 26, 2010",Best Idea Corporation,,demingwen12@yahoo.com
77651068,REQUEST_FAILED,,,,,
77651462,deadAbandoned,"STRAIGHT/HONEST/MALE/WHITE ""TRY GOING THROUGH LIFE LIKE THAT!""","Mar. 01, 2010",John Joseph Stricker Jr,,bikerboy252@yahoo.com
77651490,deadAbandoned,VERSO,"Oct. 11, 2010","Hennessy, Sean L.",,seanhennessy@email.com
77651559,deadAbandoned,KÜR,"Aug. 30, 2010","Organic Food Bar, Inc.",,
77651181,REQUEST_FAILED,,,,,
77651449,REQUEST_FAILED,,,,,
77651578,REQUEST_FAILED,,,,,
77651588,REQUEST_FAILED,,,,,
77651752,deadAbandoned,BIO-HAZARD INDUSTRIES WWW.BIO-HAZARD.CX USA-CANADA: 877-OVRKILL FAX: 800-310-4738,"Jan. 16, 2010","McLaughlin, Matt 'Latency'",,latency@bio-hazard.cx
77651716,REQUEST_FAILED,,,,,
77651795,deadAbandoned,SAFETY SLICE,"Mar. 22, 2010",EVRIHOLDER PRODUCTS LLC,,garysevri@gmail.com
77651792,REQUEST_FAILED,,,,,
77651871,deadAbandoned,PUPA,"Mar. 08, 2010","Cherian, Avarachan V",,avarachanvc@gmail.com
77651882,deadAbandoned,BLACKBOX,"Jan. 08, 2010","Gurieff, Dimitry",,ktoznayet@gmail.com
77651864,REQUEST_FAILED,,,,,
77651897,REQUEST_FAILED,,,,,
77651973,REQUEST_FAILED,,,,,
77652340,deadAbandoned,EMBEDDED PANEL,"Mar. 09, 2010","Promate Electronic Co., Ltd.",,amy_chen@promate.com
77652508,deadAbandoned,RAISE YOUR VALUE IQ,"Jul. 28, 2010","Cherry Man Industries, Inc.",,edwardk@cherrymanindustries.com
77652199,REQUEST_FAILED,,,,,
77652505,REQUEST_FAILED,,,,,
77652518,REQUEST_FAILED,,,,,
77652575,REQUEST_FAILED,,,,,
77652814,deadAbandoned,ETERNALUX PRODUCTIONS,"Mar. 08, 2010","sorensen,mark",,mark@eternaluxproctions.com
77652659,REQUEST_FAILED,,,,,
77653043,deadAbandoned,POINT OF DISCOVERY,"Aug. 30, 2010","Geodelic Systems, Inc.",,brad@geodelic.com
77653052,deadAbandoned,NATHANIELS CHEESE STUNG CHICKEN,"Mar. 01, 2010","White, Nathaniel",,curtis.f.white@us.army.mil
77653114,deadAbandoned,RINGZERO GAME STUDIO,"Mar. 08, 2010",Ringzero Game Studio,,franck.b@rznet.com
77653048,REQUEST_FAILED,,,,,
77653098,REQUEST_FAILED,,,,,
77653391,REQUEST_FAILED,,,,,
77653392,REQUEST_FAILED,,,,,
77653447,REQUEST_FAILED,,,,,
77653685,deadAbandoned,DEEP BLUE YACHT SUPPLY,"May 03, 2010","Deep Blue Yacht Supply, Inc.",,sales@deepblueyachtsupply.com
77653554,REQUEST_FAILED,,,,,
77653903,deadAbandoned,ONSHORE RADIOLOGY,"Jun. 07, 2010",Onshore Radiology LLC,,
77653960,deadAbandoned,MOUNTS REPUBLIC,"Apr. 05, 2010",Fujidigital USA Corp.,,tmregistered@gmail.com
77653734,REQUEST_FAILED,,,,,
77653985,deadAbandoned,None,"Apr. 28, 2010","Pinard, William Grahan",,wm@thechurchattroutdale.com
77654045,deadAbandoned,UPLAYUWIN,"Mar. 03, 2010","Wong, Melvin Hwang Chee",,melvinwonghc@gmail.com
77653904,deadAbandoned,KING KONG,"May 03, 2010",Fujidigital USA Corp.,,tmregistered@gmail.com
77654076,deadAbandoned,NANOPAIN,"Mar. 08, 2010",NanoPass Technologies LTD,,yotam@nanopass.com
77654044,REQUEST_FAILED,,,,,
77654078,REQUEST_FAILED,,,,,
77654408,deadAbandoned,INNER CIRCLE,"Dec. 15, 2010",HTC Corporation,,kathy.callahan@bracewell.com
77654305,REQUEST_FAILED,,,,,
77654411,REQUEST_FAILED,,,,,
77654467,REQUEST_FAILED,,,,,
77654581,REQUEST_FAILED,,,,,
77654612,REQUEST_FAILED,,,,,
77655040,deadAbandoned,FOODROUND,"Mar. 08, 2010","Barrett, Christopher",,ipo@scoop7.com
77655043,REQUEST_FAILED,,,,,
77655098,REQUEST_FAILED,,,,,
77655191,deadAbandoned,SR SOCIETY REIGNS,"Apr. 26, 2010","Wood International Design Group, LLC",,Aviance1226@gmail.com
77655212,deadAbandoned,CITY ON A HILL DESIGN,"Mar. 24, 2010","Brown, Mary Elizabeth",,meb@cityonahilldesign.us.com
77655189,REQUEST_FAILED,,,,,
77655537,deadAbandoned,CLASSIC PHOTO BOOTH,"Aug. 23, 2010",Photo Illusion LLC,,sverdl68@gmail.com
77655526,deadAbandoned,BLACK IS THE NEW GREEN,"Mar. 15, 2010",Endeavor Chemical Corp.,,gustavo.hernandez@endeavorchemical.com
77655535,REQUEST_FAILED,,,,,
77655791,deadAbandoned,AWAYO,"Mar. 08, 2010","Tanenbaum, Stephen",,stephen@bunkpal.com
77655690,REQUEST_FAILED,,,,,
77655615,REQUEST_FAILED,,,,,
77655852,deadAbandoned,YOGA. ANYWHERE.,"Sep. 27, 2010","Turner, Kelly Ann",,kturner59@hotmail.com
77655881,deadAbandoned,GROCERY CHEF,"Apr. 28, 2010",Moss Tropes Limited,,mosstropes@mac.com
77655921,REQUEST_FAILED,,,,,
77655962,deadAbandoned,NIEUW HAARLEM,"Jun. 16, 2010","Fathelbab, Fathelbab Sery Sery",,fatheljob@yahoo.com
77655941,REQUEST_FAILED,,,,,
77656003,REQUEST_FAILED,,,,,
77655704,REQUEST_FAILED,,,,,
77656243,deadAbandoned,A. O.,"Mar. 08, 2010","Scott, Gordon",,avalonbuilds@verizon.net
77656306,deadAbandoned,COMMUTER BOARD,"Feb. 18, 2010","Varoom Ads, Inc.",,Kellie@varoomads.com
77656381,deadAbandoned,CYBRDI HUMAN-DERIVED BIOLOGICAL PRODUCTS OR BIOMATERIALS PROVIDER,"Feb. 12, 2010","Liu, Lei",,leiliu@hotmail.com
77656217,REQUEST_FAILED,,,,,
77656350,deadAbandoned,FOR-PURPOSE,"Mar. 08, 2010","Epstein, Daniel A",,epstein.dan@gmail.com
77656420,REQUEST_FAILED,,,,,
77656471,REQUEST_FAILED,,,,,
77656493,deadAbandoned,HYDRASYN,"Aug. 18, 2010","Links Medical Products, Inc.",,mhiggins@linksmed.com
77656782,deadAbandoned,PILLOW PUFF,"Jul. 19, 2010","Bare Escentuals Beauty, Inc.",,tmdocket@bareescentuals.com
77656791,deadAbandoned,RED BABY BOOK,"Jan. 11, 2010",Carta Mea Limited,,paul.goldsmith@cartamea.com
77656864,deadAbandoned,SMEDULE.COM SCHEDULE. SMARTER,"Sep. 03, 2010",Smedule LLC,,sarahbown@gmail.com
77656610,REQUEST_FAILED,,,,,
77656962,deadAbandoned,PIXIE PASTE,"Jan. 26, 2010","Phelps, Audrey, Magdalena",,AudreyPhelps@sbcglobal.net
77656936,deadAbandoned,WATZÓN,"Mar. 08, 2010","Martinez, Gregory",,malaluz@hotmail.com
77656941,REQUEST_FAILED,,,,,
77656968,REQUEST_FAILED,,,,,
77657058,deadAbandoned,TALK2HAND,"Mar. 15, 2010","fish, peter alan",,peterfishos@hotmail.com
77657087,deadAbandoned,DIDGIT,"Mar. 15, 2010","fish, peter alan",,peterfishos@hotmail.com
77657098,deadAbandoned,TALK TO DIGIT,"Mar. 08, 2010","fish, peter a",,peterfishos@hotmail.com
77657048,REQUEST_FAILED,,,,,
77657089,REQUEST_FAILED,,,,,
77657129,REQUEST_FAILED,,,,,
77657444,deadAbandoned,STARFACE,"Jun. 18, 2010","Lewis, Elsie",,Starface@ElsieLaw.com
77657537,deadAbandoned,GELATO BUONO,"Mar. 15, 2010","Gelato Buono, LLC",,GSmith8484@aol.com
77657356,REQUEST_FAILED,,,,,
77657619,REQUEST_FAILED,,,,,
77657827,REQUEST_FAILED,,,,,
77657825,REQUEST_FAILED,,,,,
77658037,REQUEST_FAILED,,,,,
77657999,REQUEST_FAILED,,,,,
77658195,deadAbandoned,STRONG PLACE,"Mar. 15, 2010","Lederman, Jeff",,jeff.lederman@mac.com
77658046,REQUEST_FAILED,,,,,
77658243,REQUEST_FAILED,,,,,
77658260,REQUEST_FAILED,,,,,
77658470,deadAbandoned,ADJETMOBILE,"Mar. 15, 2010","AdJetMobile, LLC",,rschneider@research-laboratories.com
77658407,REQUEST_FAILED,,,,,
77658528,deadAbandoned,POLICY REWARDS,"Sep. 13, 2010",ReMark USA,,tony.hughes@remarkgroup.com
77658693,deadAbandoned,RADARNOSE,"Mar. 22, 2010","Zadeh, Faran",,f_mzade@hotmail.com
77658685,deadAbandoned,UNTACO RACING,"Apr. 28, 2010","Baldwin, Nick",,nickbaldwin@cox.net
77658815,deadAbandoned,BOS,"Apr. 12, 2010",Commercial Credit Reports,,pam@commercialcreditreports.com
77658783,deadAbandoned,RUSSIAN CLUB,"Apr. 12, 2010",Galina Zakharchuk,,admin@russian-club.net
77658662,REQUEST_FAILED,,,,,
77658843,deadAbandoned,VECTOR MOTION,"Jun. 23, 2010",The Novita Group Pty Ltd,,lou@novita.com.au
77658886,deadAbandoned,ROCK HOUSE MUSIC,"Aug. 17, 2010",Rock House Investments,,rockhousemusic@gmail.com
77658769,REQUEST_FAILED,,,,,
77658791,REQUEST_FAILED,,,,,
77658952,REQUEST_FAILED,,,,,
77659170,deadAbandoned,WATER WALKING WOMEN,"Mar. 22, 2010","Harrell, Shyreka R.",,shyreka@flywithshy.com
77659083,REQUEST_FAILED,,,,,
77659116,REQUEST_FAILED,,,,,
77659175,REQUEST_FAILED,,,,,
77659258,REQUEST_FAILED,,,,,
77659431,REQUEST_FAILED,,,,,
77659480,REQUEST_FAILED,,,,,
77659685,REQUEST_FAILED,,,,,
77659965,deadAbandoned,FRANKENCHILD,"Apr. 05, 2010","Foust Jr., Harold Bradley",,childwhisperers@gmail.com
77659775,deadAbandoned,ZAPATA,"May 12, 2010","DE ALBA MACIAS, JOSE ROBERTO",,vila@gorm.com.mx
77659886,REQUEST_FAILED,,,,,
77659982,deadAbandoned,CHIA SMART,"Sep. 20, 2010","PIPPIN, MARVIN LINWOOD",,
77660175,deadAbandoned,PROBAC,"Apr. 09, 2010",MicroSpring International,,georgejjpearson@microspringintl.com
77660020,REQUEST_FAILED,,,,,
77660134,REQUEST_FAILED,,,,,
77660138,REQUEST_FAILED,,,,,
77660365,deadAbandoned,REACH NYC,"Nov. 08, 2010",MAF Omnimedia LLC,,mrfermin02@gmail.com
77660250,REQUEST_FAILED,,,,,
77660696,deadAbandoned,None,"Sep. 20, 2010",Earshow Productions,,shawnsvacha@earshow.com
77660679,deadAbandoned,EARSHOW,"Sep. 20, 2010",Earshow Productions,,shawnsvacha@earshow.com
77660744,deadAbandoned,MWARI,"Mar. 22, 2010","Peterson, Macia Payton",,mppeterson87@yahoo.com
77660828,deadAbandoned,GALE GREEN ALTERNATIVE LASTING ENERGY,"Mar. 29, 2010",Tangarie Alternative Power LLC,,jbesold@tangarie.com
77660741,REQUEST_FAILED,,,,,
77660831,deadAbandoned,GALE,"Mar. 22, 2010",Tangarie Alternative Power LLC,,dbesold@tangarie.com
77660839,deadAbandoned,POUNSE,"Apr. 12, 2010","Pounse, LLC",,
77660836,deadAbandoned,SCOOBOBELL,"Oct. 04, 2010","Paolo, Nana",,paolonana@yahoo.com
77660793,REQUEST_FAILED,,,,,
77660917,deadAbandoned,NATIVE,"Mar. 22, 2010","Kollin, Todd A.",,tk@electricmotorsport.com
77660929,deadAbandoned,HOUSE OF CUFFLINKS PARIS,"Jun. 21, 2010",DMC Mode et Accessoires,,renaud.martel@boutondemanchette.fr
77660837,REQUEST_FAILED,,,,,
77660938,deadAbandoned,DOWNWORDS,"Feb. 01, 2010",Imagination Holdings Pty Ltd,,hostmaster@imagination.com.au
77660941,deadAbandoned,EARTH EMBASSY,"Mar. 22, 2010","Reiner, Jacob",,jreiner@earthembassy.org
77660915,REQUEST_FAILED,,,,,
77660965,REQUEST_FAILED,,,,,
77661008,REQUEST_FAILED,,,,,
77661385,deadAbandoned,ZUREX,"Sep. 20, 2010",ISMAEEL JOMAN AL-JOMAN TRADING EST.,,penelope.perez@marcaria.com
77661272,deadAbandoned,PHAZZER,"Jan. 06, 2010","Phazzer Technologies, Inc.",,phazzertechnologies@yahoo.com
77661452,deadAbandoned,BLACK JEANS,"Oct. 04, 2010",ARJES CONFECCOES IMPORTACAO E EXPORTACAO DE ROUPAS LTDA.,,
77661258,REQUEST_FAILED,,,,,
77661395,REQUEST_FAILED,,,,,
77661711,deadAbandoned,CONTENT DELIVERY CERTIFICATION,"Oct. 14, 2010","HaveProof, Inc.",,ehaveproof@safe-mail.net
77661810,deadAbandoned,MADRE MADEIRA HEALING REMEDIES,"Jul. 19, 2010","DR. KAT HALLORAN, ND",,SPIRITKATT@YAHOO.COM
77661670,REQUEST_FAILED,,,,,
77661688,REQUEST_FAILED,,,,,
77661826,deadAbandoned,BRIEF ROOM,"Mar. 22, 2010",Around the Corner Tech Inc.,,dennis@cornertech.biz
77661901,deadAbandoned,ELBRUS,"May 21, 2010","LAGUENA EMPORIUM, LLC",,info@laguenaemporium.com
77661811,REQUEST_FAILED,,,,,
77661862,REQUEST_FAILED,,,,,
77662012,deadAbandoned,SCRAPABILITIES,"Mar. 22, 2010","US Kingking,LLC",,adrish@kingkingusa.com
77661923,REQUEST_FAILED,,,,,
77661995,REQUEST_FAILED,,,,,
77662254,deadAbandoned,ADDISON HILL,"Mar. 22, 2010","US Kingking, LLC",,angiedrish@gmail.com
77662062,REQUEST_FAILED,,,,,
77662298,deadAbandoned,ADDISON HILL,"Mar. 22, 2010","US Kingking, LLC",,adrish@kingkingusa.com
77662086,REQUEST_FAILED,,,,,
77662304,REQUEST_FAILED,,,,,
77662555,REQUEST_FAILED,,,,,
77662586,REQUEST_FAILED,,,,,
77662821,deadAbandoned,MICROSITEGURU,"Apr. 30, 2010",EIKON LEXIS LLC,,andi@eikonlexis.com
77662802,deadAbandoned,KIMKIKI,"Mar. 22, 2010","gaudiano, andrea",,andreagwww@yahoo.com
77662829,deadAbandoned,BERGNER,"Jun. 10, 2010",ROYALTON OVERSEAS LIMITED,,info.info168@gmail.com
77662778,REQUEST_FAILED,,,,,
77662819,REQUEST_FAILED,,,,,
77662828,REQUEST_FAILED,,,,,
77662957,REQUEST_FAILED,,,,,
77662997,deadAbandoned,FOREVER FREE FROM CHRONIC PAIN,"Mar. 31, 2010","Rothbart, Brian",,rothbartsfoot@yahoo.com
77663217,deadAbandoned,LUMINAS.ORG,"Dec. 27, 2010",Luminas.org LLC,,
77663025,REQUEST_FAILED,,,,,
77663442,REQUEST_FAILED,,,,,
77663514,REQUEST_FAILED,,,,,
77663560,REQUEST_FAILED,,,,,
77663645,deadAbandoned,DELGADOANDDECARIACOLLECTIONS,"Mar. 22, 2010","Liberto, Michael",,dlgdcr@aol.com
77663573,REQUEST_FAILED,,,,,
77663717,deadAbandoned,CULTURE SPEAK,"Mar. 08, 2010","Colon, Felipe",,pcolon@p2050.com
77663695,deadAbandoned,OUS,"Sep. 20, 2010","Ous Technology Co., Ltd.",,ouwenshow@hotmail.com
77663662,REQUEST_FAILED,,,,,
77663665,REQUEST_FAILED,,,,,
77664002,deadAbandoned,E-RYDE,"Jun. 28, 2010","InCore Fitness, LLC",,
77664064,deadAbandoned,THE PROTEAN MODEL,"Nov. 15, 2010","Caldwell, Laura Leigh",,laura@acmeprocessgroup.com
77663970,REQUEST_FAILED,,,,,
77663990,REQUEST_FAILED,,,,,
77663962,REQUEST_FAILED,,,,,
77664049,REQUEST_FAILED,,,,,
77664350,REQUEST_FAILED,,,,,
77664377,REQUEST_FAILED,,,,,
77664443,REQUEST_FAILED,,,,,
77664729,deadAbandoned,FULLDEPTH,"Apr. 05, 2010","Telerelief, SAS",,d.debons@telerelief.com
77664605,REQUEST_FAILED,,,,,
77664755,REQUEST_FAILED,,,,,
77664980,deadAbandoned,CONJAC,"May 11, 2010","Comercializadora Tres Tesoros, S.R.L. de C.V.",,contacto@promarkmexico.com
77664898,REQUEST_FAILED,,,,,
77664955,deadAbandoned,TRULIGHT SOLAR,"Mar. 29, 2010","Trulight Solar, LLC",,info@trulightsolar.com
77665462,REQUEST_FAILED,,,,,
77665582,deadAbandoned,DREADHQ,"Mar. 29, 2010",Dynamic Spectral Output,,sloankiser@gmail.com
77665564,REQUEST_FAILED,,,,,
77665591,REQUEST_FAILED,,,,,
77665652,deadAbandoned,PUEBLO LAMANITA,"Oct. 04, 2010","Valdovinos, Mireya",,valdovinos.mireya@gmail.com
77665624,REQUEST_FAILED,,,,,
77665647,REQUEST_FAILED,,,,,
77665655,REQUEST_FAILED,,,,,
77665826,deadAbandoned,TRAK BAR,"May 07, 2010",Trak Fitness Corp.,,dkristiansen@optonline.net
77665748,REQUEST_FAILED,,,,,
77665793,REQUEST_FAILED,,,,,
77665931,deadAbandoned,PARIS BY APPOINTMENT ONLY,"Dec. 27, 2010",Zeva Bellel,,zeva.bellel@gmail.com
77665955,deadAbandoned,PLAYFUL PEPPERMINT,"Apr. 05, 2010",MIXAROMA INC.,,jr@emxinc.com
77665933,deadAbandoned,BY APPOINTMENT ONLY,"Mar. 02, 2010","Bellel, Zeva",,zeva.bellel@gmail.com
77665854,REQUEST_FAILED,,,,,
77666139,deadAbandoned,COCOA-ADDICT,"Sep. 13, 2010",MIXAROMA INC.,,jr@emxinc.com
77666035,REQUEST_FAILED,,,,,
77666182,deadAbandoned,DICKERWICK CANDLES,"Apr. 05, 2010","West, Michael David",,
77666181,deadAbandoned,NAPKLIPS NAPCLIPS,"Oct. 04, 2010","Van Doren, Nancy Nichols",,nancyvandoren@gmail.com
77666124,REQUEST_FAILED,,,,,
77666168,REQUEST_FAILED,,,,,
77666229,REQUEST_FAILED,,,,,
77666271,REQUEST_FAILED,,,,,
77666360,REQUEST_FAILED,,,,,
77666486,REQUEST_FAILED,,,,,
77666835,deadAbandoned,ECOVIV,"Apr. 05, 2010","ECOVIV, Inc.",,jc@ecoviv.com
77666724,REQUEST_FAILED,,,,,
77666847,deadAbandoned,BETTAMIN,"Apr. 16, 2010","Mazzuca Jr., Anthony R.",,
77666866,deadAbandoned,OCCURRO!,"Nov. 15, 2010","Duke, Bryan D.",,bryan@acceleroto.com
77666846,REQUEST_FAILED,,,,,
77667196,deadAbandoned,COCOOZY,"Apr. 05, 2010","Amexport, Inc.",,elena@cocoozy.com
77667228,deadAbandoned,JAXSON,"Oct. 25, 2010","Timi & Leslie, Inc.",,
77667242,deadAbandoned,CTRAUM,"Mar. 29, 2010",Voxelogix Corporation,,mark@voxelogix.com
77667094,REQUEST_FAILED,,,,,
77667269,REQUEST_FAILED,,,,,
77667300,REQUEST_FAILED,,,,,
77667436,REQUEST_FAILED,,,,,
77667546,deadAbandoned,SHOW IT OFF!,"Apr. 12, 2010",JYBideas,,jybideas@yahoo.com
77667517,REQUEST_FAILED,,,,,
77667732,deadAbandoned,GREENDAQ,"Apr. 15, 2010","McLean, Andrew",,andrew@theecocapitalist.com
77667693,deadAbandoned,VOICEBOX,"Nov. 08, 2010","Cole, Earl P.",,
77667729,deadAbandoned,BUSINESS BLUEPRINTING,"Jun. 21, 2010",Model Advisors LLC,,rmeffen@modeladvisors.com
77667698,REQUEST_FAILED,,,,,
77667911,deadAbandoned,PURE.FRESH.LIFE.,"Apr. 05, 2010",Alen Corporation,,pmann@alencorp.com
77667804,REQUEST_FAILED,,,,,
77667821,REQUEST_FAILED,,,,,
77667847,REQUEST_FAILED,,,,,
77668055,REQUEST_FAILED,,,,,
77668062,REQUEST_FAILED,,,,,
77668076,REQUEST_FAILED,,,,,
77668113,REQUEST_FAILED,,,,,
77668355,deadAbandoned,SMART BUSINESS BANK,"May 10, 2010","Radlovic, Michael M.",,
77668234,deadAbandoned,ECLIPSE TAX SERVICE PROFESSIONALISM MATTERS. . .,"Sep. 20, 2010","ECLIPSE CAR SERVICES, INC.",,eclipsetaxservices@yahoo.com
77668176,REQUEST_FAILED,,,,,
77668432,deadAbandoned,INGRID HASS,"Apr. 05, 2010","Hass, Ingrid E",,ingridhass@mac.com
77668753,deadAbandoned,"NOSEY LITTLE FUCKER, AREN'T YOU?","Jan. 25, 2010","Spielman, Laura",,lagraffx@gmail.com
77668442,REQUEST_FAILED,,,,,
77668573,REQUEST_FAILED,,,,,
77668751,deadAbandoned,FLASHSTORIES,"Apr. 05, 2010","Emma & Company, LLC",,emma@livekindly.org
77668865,deadAbandoned,BIONIZER,"Apr. 05, 2010","Jones, Ian P.",,ian@bioniser.com
77668684,REQUEST_FAILED,,,,,
77668924,deadAbandoned,ALLSTAR AUTO GLASS,"Mar. 02, 2010",Allstar Auto Glass Inc.,,dass4@aol.com
77668888,REQUEST_FAILED,,,,,
77669043,REQUEST_FAILED,,,,,
77669121,REQUEST_FAILED,,,,,
77669134,REQUEST_FAILED,,,,,
77669345,deadAbandoned,CITY SNACKS,"Apr. 05, 2010",C.D.S. Brokers Inc.,,
77669353,deadAbandoned,1-877-TAKAWAY,"May 20, 2010","MITCHELL III, HAROLD",,hmitchell@takaway.com
77669214,REQUEST_FAILED,,,,,
77669321,REQUEST_FAILED,,,,,
77669334,REQUEST_FAILED,,,,,
77669472,deadAbandoned,CHARGEMASTER,"Oct. 15, 2010","COATES, KEVIN",,KEVIN@DESERVIO.COM
77669542,deadAbandoned,PET FURTTIE,"Jun. 07, 2010","HEILIAN (H.K.) CO., LTD.",,tmregistered@gmail.com
77669402,REQUEST_FAILED,,,,,
77669392,REQUEST_FAILED,,,,,
77669813,deadAbandoned,GHOST TRADER,"May 04, 2010",ESE Software Ltd,,bursah77@hotmail.com
77669775,REQUEST_FAILED,,,,,
77669955,deadAbandoned,BREEZEPLAY.COM A GREEN TECHNOLOGY COMPANY,"Aug. 23, 2010","Breezeplay, LLC",,
77669796,REQUEST_FAILED,,,,,
77669787,REQUEST_FAILED,,,,,
77669977,deadAbandoned,BREEZEPLAY,"Oct. 11, 2010","Breezeplay, LLC",,
77669985,deadAbandoned,BREEZEPLAY,"Jul. 26, 2010","Breezeplay, LLC",,
77669964,REQUEST_FAILED,,,,,
77670099,deadAbandoned,BRAND RABBIT,"Oct. 11, 2010","Mantel, Wendy L.",,wlmantel@gmail.com
77670056,REQUEST_FAILED,,,,,
77670087,REQUEST_FAILED,,,,,
77670206,deadAbandoned,FREEDOM FIGHTERS UNITED STATES OF AMERICA FF,"Aug. 02, 2010","Lynhart, Allysa",,
77670283,deadAbandoned,EMACHECKS,"Jun. 02, 2010","FIELDPRINT, INC.",,
77670137,REQUEST_FAILED,,,,,
77670264,REQUEST_FAILED,,,,,
77670359,deadAbandoned,EMACIIS,"Jun. 02, 2010","FIELDPRINT, INC.",,
77670365,REQUEST_FAILED,,,,,
77670477,REQUEST_FAILED,,,,,
77670643,REQUEST_FAILED,,,,,
77670755,deadAbandoned,M UNITED STATES OF AMERICA RING TENNIS FEDERATION,"Feb. 16, 2010","ABIODUN, MICHAEL O.",,info@mabiodun.com
77670683,REQUEST_FAILED,,,,,
77670736,REQUEST_FAILED,,,,,
77670865,deadAbandoned,RPM,"Apr. 28, 2010","Peng, Wei Hang",,bxt328@163.com
77670776,REQUEST_FAILED,,,,,
77670799,REQUEST_FAILED,,,,,
77670822,deadAbandoned,UB3RACHIEVER,"Apr. 05, 2010","Davenport, Robert D",,ub3rachiever@gmail.com
77670883,deadAbandoned,RACHEL CHAN,"Apr. 05, 2010","Chan, Rachel S",,rachel_shu@hotmail.co.uk
77670873,deadAbandoned,I-FI INTELLIGENT FIDELITY,"Apr. 28, 2010","Peng, Wei Hang",,bxt328@163.com
77670898,deadAbandoned,REPAIRSUPERMART.COM,"Jun. 15, 2010",Srinivas Peddapalli,,srini.peddapalli@repairsupermart.com
77670869,REQUEST_FAILED,,,,,
77670902,deadAbandoned,REPAIRSUPERMART,"Apr. 12, 2010",Srinivas Peddapalli,,srini.peddapalli@repairsupermart.com
77670900,deadAbandoned,THE LITEROCITY PROJECT,"Nov. 15, 2010","Fleming, Thomas W.",,thomasfleming@literocity.org
77670905,REQUEST_FAILED,,,,,
77670956,deadAbandoned,IMETA EDUCATIONAL FOUNDATION,"Sep. 13, 2010",Kashmiri Hutcherson,,miri.rose@gmail.com
77670973,deadAbandoned,WORDZILLA,"Apr. 12, 2010","Turner, Mark",,mdwturner@hotmail.com
77670950,REQUEST_FAILED,,,,,
77671031,REQUEST_FAILED,,,,,
77671050,REQUEST_FAILED,,,,,
77671193,deadAbandoned,ZENUS,"Jul. 13, 2010",SAHAJANAND LIFE SCIENCES PVT. LTD.,,selvi@sahbio.com
77671361,deadAbandoned,WOPIK,"Apr. 05, 2010","WOPIK, INC.",,info@ecmetrics.com
77671153,REQUEST_FAILED,,,,,
77671430,deadAbandoned,GOT WIND?,"Apr. 12, 2010",Energy Buys LLC,,tim@energybuys.com
77671485,deadAbandoned,"""THE TWISTED MIND OF"" SOFIA","Oct. 20, 2010",Osorio Jaime Nicolas,,jaime@hamacastudios.com
77671377,REQUEST_FAILED,,,,,
77671550,deadAbandoned,DT,"Apr. 19, 2010",Lance R. White,,
77671590,deadAbandoned,MV2 MOUNT VEEDER MAGIC VINEYARDS,"Apr. 28, 2010","Crouse, Gregor",,karen-crouse@comcast.net
77671452,REQUEST_FAILED,,,,,
77671772,deadAbandoned,FILMDADDY,"Apr. 05, 2010","Luminair Film Productions, Inc.",,beth@luminair.com
77671575,REQUEST_FAILED,,,,,
77671734,deadAbandoned,CULTUREARTH,"Apr. 12, 2010","Gilcreest, Joshua Lee",,jgilcreest@aol.com
77671773,deadAbandoned,SCHOOL BUS RULZ #2 ALWAYS WAVE TO YOUR FELLOW DRIVERS,"Jun. 14, 2010",Honoring Heroes LLC,,tomreitz@verizon.net
77671771,REQUEST_FAILED,,,,,
77671822,REQUEST_FAILED,,,,,
77671827,REQUEST_FAILED,,,,,
77671903,REQUEST_FAILED,,,,,
77672124,deadAbandoned,NETHERNET,"Apr. 05, 2010",GameLayers Inc.,,
77672196,deadAbandoned,A*K*A SPORT,"Jun. 02, 2010","TopZip International, Inc.",,jon@akabags.com
77672173,deadAbandoned,MIDAS BLENDED SPICES,"Nov. 19, 2010","IFEMEMBI, ONYX",,lateralmind@yahoo.com
77672052,REQUEST_FAILED,,,,,
77672344,deadAbandoned,GTFM,"May 10, 2010",GTFM GROUP LLC,,shnetinka@aol.com
77672233,REQUEST_FAILED,,,,,
77672308,REQUEST_FAILED,,,,,
77672357,REQUEST_FAILED,,,,,
77672350,REQUEST_FAILED,,,,,
77672590,deadAbandoned,None,"May 17, 2010","Vboutique, LLC",,anastasia@thesullivanproject.com
77672731,deadAbandoned,SLIMSTART,"Oct. 11, 2010","FreeLife International Holdings, LLC",,
77672593,deadAbandoned,OMNICARD,"Jun. 07, 2010","Omni Prepaid, LLC",,jason.wolfe@omniprepaid.com
77672815,REQUEST_FAILED,,,,,
77672854,REQUEST_FAILED,,,,,
77672945,REQUEST_FAILED,,,,,
77673018,REQUEST_FAILED,,,,,
77673341,deadAbandoned,THE JEWELRY BOX FOR WOMEN,"Sep. 27, 2010",Liz Shelton,,thejewelryboxinodessa@yahoo.com
77673254,REQUEST_FAILED,,,,,
77673260,REQUEST_FAILED,,,,,
77673383,deadAbandoned,AESTHETIC CULTURE,"Apr. 12, 2010","Ung, Julee",,juleeu@hotmail.com
77673315,REQUEST_FAILED,,,,,
77673353,REQUEST_FAILED,,,,,
77673410,REQUEST_FAILED,,,,,
77673757,deadAbandoned,ENVIROSCAPE BY BREEZEPLAY,"Oct. 11, 2010","Breezeplay, LLC",,
77673772,deadAbandoned,ENVIROSCAPE,"Oct. 11, 2010","Breezeplay, LLC",,
77673592,REQUEST_FAILED,,,,,
77673956,deadAbandoned,JAITAL,"Oct. 04, 2010",Gregory Plunkett,,gp@jaital.com
77674193,deadAbandoned,THE DO2SE,"Jul. 12, 2010","Lucas, Eric G.",,eric@theoxygenplan.com
77674248,REQUEST_FAILED,,,,,
77674421,deadAbandoned,FRAME,"Apr. 12, 2010",Matilda Capital Pty Ltd,,alex@matildacapital.com
77674303,REQUEST_FAILED,,,,,
77674426,REQUEST_FAILED,,,,,
77674608,deadAbandoned,THOSE F**KERS,"Jun. 21, 2010",Steven H Deutsch,,
77674729,deadAbandoned,SCREEN STORIES,"Jun. 17, 2010","Clark Carroll Productions, LLC",,daveclark64@gmail.com
77674637,deadAbandoned,DRINK YOUR CARBS,"Jun. 21, 2010",Steven H Deutsch,,
77674578,REQUEST_FAILED,,,,,
77674582,REQUEST_FAILED,,,,,
77674860,deadAbandoned,PIRO,"Apr. 12, 2010",Piro LLC,,
77674979,REQUEST_FAILED,,,,,
77675066,REQUEST_FAILED,,,,,
77675162,REQUEST_FAILED,,,,,
77675306,deadAbandoned,IMZON,"Jul. 13, 2010",SAHAJANAND LIFE SCIENCES PVT. LTD.,,selvi@sahbio.com
77675335,deadAbandoned,MELO,"Dec. 18, 2010","Colon, Felipe",,pcolon@p2050.com
77675305,deadAbandoned,IMROX,"Jul. 13, 2010",SAHAJANAND LIFE SCIENCES PVT. LTD.,,selvi@sahbio.com
77675279,deadAbandoned,DEATH BY COUTURE,"Oct. 11, 2010",Lorie Ann Rojas,,michael@irongrip.com
77675231,REQUEST_FAILED,,,,,
77675293,REQUEST_FAILED,,,,,
77675427,deadAbandoned,VERISOLE,"Apr. 12, 2010","kantro, scott",,skantro@mac.com
77675365,REQUEST_FAILED,,,,,
77675469,deadAbandoned,LOFA MMA,"May 24, 2010","Page, Kandy",,kandykayp@comcast.net
77675507,deadAbandoned,SYSTIENCE,"Oct. 18, 2010","Armer, Fredrick R.",,farmer@austin.rr.com
77675419,REQUEST_FAILED,,,,,
77675525,REQUEST_FAILED,,,,,
77675526,REQUEST_FAILED,,,,,
77675611,deadAbandoned,CARTWHEEL STORY ARTISTS,"May 05, 2010","Anioce, Gino",,dallas@gocartwheel.com
77675543,REQUEST_FAILED,,,,,
77675638,REQUEST_FAILED,,,,,
77675751,REQUEST_FAILED,,,,,
77675811,REQUEST_FAILED,,,,,
77675855,REQUEST_FAILED,,,,,
77675859,REQUEST_FAILED,,,,,
77676199,deadAbandoned,MEGABURN,"Jun. 04, 2010",Megaburn International LLC,,chrismahieu@megaburn.biz
77676448,deadAbandoned,"THE LOAN PLACE ""RESTORING THE AMERICAN DREAM""","Apr. 29, 2010","Elizabeth Cortez, Inc.",,lizz@the-loanplace.com
77676224,REQUEST_FAILED,,,,,
77676514,deadAbandoned,PURPLE MONKEY DISHWASHER,"May 10, 2010",Imagination Holdings Pty Ltd,,leonie.thomson@imagination.com.au
77676491,REQUEST_FAILED,,,,,
77676634,deadAbandoned,SMART BEAUTÉ,"Dec. 30, 2010","Christi Harris Companies, Inc.",,graceeveritt@yahoo.com
77676509,REQUEST_FAILED,,,,,
77676765,deadAbandoned,SABRE,"Apr. 19, 2010",Advanced Biological Marketing,,info@branditonline.com
77676569,REQUEST_FAILED,,,,,
77676796,deadAbandoned,EXCELLORATE,"Apr. 19, 2010",Advanced Biological Marketing,,info@branditonline.com
77676903,deadAbandoned,A PRAYER A DAY KEEPS THE DEVIL AWAY,"Apr. 19, 2010","Duque, Lina",,DUQUEGLINA@YAHOO.COM
77676825,REQUEST_FAILED,,,,,
77676833,REQUEST_FAILED,,,,,
77676932,REQUEST_FAILED,,,,,
77676995,REQUEST_FAILED,,,,,
77677050,REQUEST_FAILED,,,,,
77677142,REQUEST_FAILED,,,,,
77677446,deadAbandoned,ALL STAR,"Apr. 19, 2010","TrailStar, LLC",,chang.grace@sbcglobal.net
77677359,REQUEST_FAILED,,,,,
77677538,REQUEST_FAILED,,,,,
77677678,deadAbandoned,STEELTANIUM,"Oct. 18, 2010","Kibler, John",,urelax3@aol.com
77677692,deadAbandoned,PRONEXIN,"Feb. 04, 2010","Experimental Nutrition Research, LLC",,yoon316@yahoo.com
77677591,REQUEST_FAILED,,,,,
77677593,REQUEST_FAILED,,,,,
77677702,deadAbandoned,MURDER ON THE SET,"Mar. 29, 2010",Ubisoft Entertainment,,
77677695,deadAbandoned,LIPOFUZE,"Jan. 28, 2010","Experimental Nutrition Research, LLC",,yoon316@yahoo.com
77677696,deadAbandoned,CLINICALLIX,"Apr. 19, 2010",Devmin Research and Development,,yoon316@yahoo.com
77677646,REQUEST_FAILED,,,,,
77677901,deadAbandoned,ALPHA ORTHOTICS,"Aug. 05, 2010",Hallufix AG,,
77677708,REQUEST_FAILED,,,,,
77677912,REQUEST_FAILED,,,,,
77677950,REQUEST_FAILED,,,,,
77678043,deadAbandoned,RAPPLESAUCE,"Apr. 19, 2010","Stein, Jeff",,jstein@advancewireforming.com
77677926,REQUEST_FAILED,,,,,
77678071,deadAbandoned,VANITY IS NO LONGER A SIN,"Apr. 19, 2010",Daniel Benchetrit,,
77677961,REQUEST_FAILED,,,,,
77678117,deadAbandoned,JOELLE,"Apr. 19, 2010","Osez Vous? International Spirits, LLC",,rcooper@cooperspirits.com
77678204,deadAbandoned,BREW N 2,"Oct. 18, 2010","STALEX HOLDINGS, LLC.",,
77678041,REQUEST_FAILED,,,,,
77678228,deadAbandoned,SMART THAW,"Apr. 26, 2010","STALEX HOLDINGS, LLC.",,
77678327,deadAbandoned,URBAN OUTINGS,"Apr. 17, 2010","Urban Outings, LLC",,joselasa@gmail.com
77678401,deadAbandoned,THE ULTIMATE MARKSMAN,"Apr. 19, 2010","Eyepoint Technologies, LLC",,technologist@neweraip.com
77678250,REQUEST_FAILED,,,,,
77678537,deadAbandoned,SLATE,"Apr. 19, 2010",Matilda Capital Pty. Ltd.,,alex@matildacapital.com
77678436,REQUEST_FAILED,,,,,
77678534,REQUEST_FAILED,,,,,
77678545,REQUEST_FAILED,,,,,
77678589,REQUEST_FAILED,,,,,
77678731,REQUEST_FAILED,,,,,
77678969,deadAbandoned,SABINE HILL,"May 10, 2010","Glasener, Lyndsey E.",,lmuehlmeier@gmail.com
77678764,REQUEST_FAILED,,,,,
77679011,deadAbandoned,FALCON FUEL,"Apr. 29, 2010","Neff, Rebekah",,rebekahneff@gmail.com
77678908,REQUEST_FAILED,,,,,
77679047,REQUEST_FAILED,,,,,
77679029,REQUEST_FAILED,,,,,
77679199,REQUEST_FAILED,,,,,
77679491,REQUEST_FAILED,,,,,
77679502,REQUEST_FAILED,,,,,
77679624,deadAbandoned,SYNCHROBIOTICS,"Oct. 25, 2010",ORACEUTICAL LLC,,rem@oraceutical.com
77679749,deadAbandoned,SHOW BUSINESS,"Apr. 26, 2010","Weiss, David B.",,dbwnyc@yahoo.com
77679549,REQUEST_FAILED,,,,,
77679564,REQUEST_FAILED,,,,,
77679757,deadAbandoned,DR SMITH COLA,"May 10, 2010",IQ Times Inc,,tadeusz.filipowicz@westcap.pl
77679711,REQUEST_FAILED,,,,,
77679914,deadAbandoned,PAWSTRY,"Apr. 26, 2010","Chan, Benjamin",,benjamin.chan@live.com
77680019,deadAbandoned,HOT ROD UNLTD.,"Feb. 18, 2010","Rausch Jr., Richard",,ricksture@aol.com
77680022,deadAbandoned,None,"Apr. 26, 2010",Evento Bt.,,info@eventonetwork.com
77680061,deadAbandoned,SLUGGER ZONE,"Sep. 27, 2010",Scott Michael A,,michael@sluggerzone.com
77679861,REQUEST_FAILED,,,,,
77680091,deadAbandoned,KABOOM,"Jun. 03, 2010","Brand X, LLC LTD LIAB CO DELAWARE",,vince@kaboominfinite.com
77680039,REQUEST_FAILED,,,,,
77680535,deadAbandoned,LOVE GUN,"Apr. 19, 2010","Anzalone, Jon K",,kanzalone@cox.net
77680158,REQUEST_FAILED,,,,,
77680384,REQUEST_FAILED,,,,,
77680630,deadAbandoned,HALLELUJAHS UNLIMITED,"Apr. 26, 2010","Westmoreland, Terry",,kevindrewry@mallardmanor.com
77680698,deadAbandoned,POCKETPETZ,"Mar. 03, 2010","Tiedemann, Carlene A.",,ThePocketPetz@aol.com
77680583,REQUEST_FAILED,,,,,
77680652,REQUEST_FAILED,,,,,
77680669,REQUEST_FAILED,,,,,
77680764,REQUEST_FAILED,,,,,
77680824,REQUEST_FAILED,,,,,
77680895,deadAbandoned,WHY DID I GET DIVORCED?,"Apr. 26, 2010",Malaryland Entertainment Group,,bizdevelopment@malarylandent.com
77680881,REQUEST_FAILED,,,,,
77680975,REQUEST_FAILED,,,,,
77680981,REQUEST_FAILED,,,,,
77680997,deadAbandoned,MY SWEET LOAD,"Apr. 26, 2010","Gagliardi, Fred",,fredgagliardi@live.com
77681039,REQUEST_FAILED,,,,,
77681069,REQUEST_FAILED,,,,,
77681104,REQUEST_FAILED,,,,,
77681444,deadAbandoned,ORGANICA NAIL BY TAMMY TAYLOR,"Jun. 14, 2010",TAMMY TAYLOR,,
77681375,REQUEST_FAILED,,,,,
77681313,REQUEST_FAILED,,,,,
77681682,deadAbandoned,FEDERAL DEBT SUPPORT,"Jan. 15, 2010","STALEX HOLDINGS, LLC",,FOLLOWUP@MR-TM.COM
77681561,REQUEST_FAILED,,,,,
77681670,REQUEST_FAILED,,,,,
77681846,deadAbandoned,ENVIRO FRIENDLY LLC,"May 10, 2010","Enviro Friendly, LLC",,lisa.mccann@cox.net
77681828,deadAbandoned,BOOSTER,"Apr. 20, 2010",EuroTech Machinery Ltd,,helmut@eurotech.co.nz
77681860,deadAbandoned,ALGA: MARINA,"Jun. 21, 2010",Nord Sovik,,
77681837,REQUEST_FAILED,,,,,
77681923,REQUEST_FAILED,,,,,
77682056,deadAbandoned,FINE LINE SETTINGS,"May 24, 2010",Global Imports USA Inc.,,
77682044,REQUEST_FAILED,,,,,
77682037,REQUEST_FAILED,,,,,
77682077,deadAbandoned,SAVVISERVE,"May 24, 2010",Global Imports USA Inc.,,
77682099,REQUEST_FAILED,,,,,
77682472,deadAbandoned,DWB DRIVING WHILE BLACK,"Apr. 26, 2010",Timothy Buckley,,
77682537,deadAbandoned,DWM DRIVING WHILE MEXICAN,"Dec. 13, 2010",Timothy Buckley,,
77682470,REQUEST_FAILED,,,,,
77682601,REQUEST_FAILED,,,,,
77682840,deadAbandoned,HOODWINKED,"Feb. 17, 2010",Imagination Holdings Pty Ltd,,hostmaster@imagination.com.au
77682846,deadAbandoned,3D MORPHO SCAN,"Mar. 22, 2010",Ubisoft Entertainment,,
77682878,deadAbandoned,TIREWISE TIRE AND AUTO SERVICE,"Jul. 07, 2010","Tires Only, Inc.",,
77682810,REQUEST_FAILED,,,,,
77682828,REQUEST_FAILED,,,,,
77683026,REQUEST_FAILED,,,,,
77683057,REQUEST_FAILED,,,,,
77683148,deadAbandoned,SOUTH CRY,"Feb. 23, 2010","Thompson, Jeremiah M",,adam@recr.com
77683174,REQUEST_FAILED,,,,,
77683235,REQUEST_FAILED,,,,,
77683408,deadAbandoned,TEMPTING TREATS,"Apr. 26, 2010","Bare Escentuals Beauty, Inc.",,tmdocket@bareescentuals.com
77683280,REQUEST_FAILED,,,,,
77683623,deadAbandoned,LIFE & SPECIALTY VENTURES,"Mar. 03, 2010","Nolan, Donald J.",,djnolan1@comcast.net
77683477,deadAbandoned,PERFECT TRAVELER,"Apr. 26, 2010","Bare Escentuals Beauty, Inc.",,tmdocket@bareescentuals.com
77683447,REQUEST_FAILED,,,,,
77683786,deadAbandoned,EVCO,"May 03, 2010",ELECTRIC VEHICLE CHARGING OPTIMIZATION LLC,,melanie@rapidhomecharge.com
77683626,REQUEST_FAILED,,,,,
77683674,REQUEST_FAILED,,,,,
77683818,REQUEST_FAILED,,,,,
77684076,deadAbandoned,THE SURPRISE,"Apr. 26, 2010","Bare Escentuals Beauty, Inc.",,tmdocket@bareescentuals.com
77684339,deadAbandoned,USASBE,"Jul. 07, 2010",United States Association for Small Business and Entrepreneurship,,ralderma@fau.edu
77684320,REQUEST_FAILED,,,,,
77684379,REQUEST_FAILED,,,,,
77684542,REQUEST_FAILED,,,,,
77684749,deadAbandoned,LISTEN...TO ANSWER,"Aug. 16, 2010","Anton E. Martinson, Jr.",,tbmartinson@aol.com
77684679,REQUEST_FAILED,,,,,
77684701,REQUEST_FAILED,,,,,
77684900,deadAbandoned,DOC BOTTOMS,"May 10, 2010",Aspray Corp.,,adamblue@optonline.net
77684896,deadAbandoned,ACRYSTAL,"May 03, 2010",Aspray Corp.,,adamblue@optonline.net
77684920,deadAbandoned,RIPCHORD,"May 03, 2010",Neuratron Ltd,,mdawe@neuratron.com
77684834,REQUEST_FAILED,,,,,
77684838,REQUEST_FAILED,,,,,
77685067,REQUEST_FAILED,,,,,
77685109,REQUEST_FAILED,,,,,
77685171,REQUEST_FAILED,,,,,
77685627,deadAbandoned,PLYON,"Dec. 13, 2010","Plymouth Yongle Tape (Shanghai) Co., Ltd.",,
77685602,deadAbandoned,PLYON,"Dec. 13, 2010","Plymouth Yongle Tape (Shanghai) Co., Ltd.",,
77685439,REQUEST_FAILED,,,,,
77685593,REQUEST_FAILED,,,,,
77685640,REQUEST_FAILED,,,,,
77685648,REQUEST_FAILED,,,,,
77685689,REQUEST_FAILED,,,,,
77685934,deadAbandoned,CO-INNOVATE,"May 03, 2010","Deo, Keshav",,keshav.deo@gmail.com
77685974,deadAbandoned,ILOAN,"Jul. 25, 2010",iLoan Inc.,,valmir7@yahoo.com
77686023,deadAbandoned,IQ-BASED TAXATION,"Nov. 14, 2010","Moss, Robert C",,bobdimoss@msn.com
77685880,REQUEST_FAILED,,,,,
77686015,deadAbandoned,DEAD RELIC,"May 03, 2010","Roman Casabianca, Jose Benjamin",,overdriven.ben@gmail.com
77686008,REQUEST_FAILED,,,,,
77686116,deadAbandoned,VILIFT,"Jan. 22, 2010",NATHANS NATURAL,,anthony.durazo@gmail.com
77686054,REQUEST_FAILED,,,,,
77686073,REQUEST_FAILED,,,,,
77686091,REQUEST_FAILED,,,,,
77686152,deadAbandoned,BACK TO CAMP,"Nov. 01, 2010","Dickson, Dawn",,dawnwd79@yahoo.com
77686150,deadAbandoned,PLATTER PLEASERS,"May 03, 2010",Global Imports,,ddechelfin@vcorpservices.com
77686271,REQUEST_FAILED,,,,,
77686286,REQUEST_FAILED,,,,,
77686425,deadAbandoned,APPRAISER AMBUSH,"Nov. 22, 2010","Maureen Sweeney Real Estate Appraiser, Ltd.",,
77686296,REQUEST_FAILED,,,,,
77686510,deadAbandoned,DR SLEEP,"May 10, 2010",Joshua Q Chen,,nbjoshua@gmail.com
77686506,deadAbandoned,UPSTATER,"Jun. 21, 2010","Cassisi, Michael M.",,michaelmcassisi@gmail.com
77686694,deadAbandoned,ALAR,"Mar. 02, 2010",DAWAN TUCKER,,alarcollection@hotmail.com
77686590,REQUEST_FAILED,,,,,
77686764,deadAbandoned,SEMPER CAPITAL,"May 03, 2010",Lawrence Wei Cheng,,larryjunk@gmail.com
77686766,deadAbandoned,SAVE THE CHILD SAVE THE WORLD,"Feb. 02, 2010",Taneeka Bourgeois da Silva,,cad@needablank.com
77686797,deadAbandoned,SPUBA,"Oct. 11, 2010","Seymour, John Ashley",,jaseymour@optusnet.com.au
77686753,REQUEST_FAILED,,,,,
77686961,deadAbandoned,FORA CARE,"May 03, 2010",TAIDOC TECHNOLOGY CORPORATION,,janice@taidoc.com.tw
77686947,deadAbandoned,TASTE OF CARNIVAL,"Jun. 14, 2010",K & W Development LLC,,kwdevelopment_llc@yahoo.com
77686960,deadAbandoned,FORA CARE,"May 03, 2010",TAIDOC TECHNOLOGY CORPORATION,,janice@taidoc.com.tw
77687016,REQUEST_FAILED,,,,,
77687020,REQUEST_FAILED,,,,,
77687031,REQUEST_FAILED,,,,,
77687232,deadAbandoned,MOSAIC,"Nov. 08, 2010","MNC Software, Incorporated",,dallen@mncsoftware.com
77687318,deadAbandoned,EASYLIFT,"Jan. 22, 2010",Dr. Roger Bassin,,
77687077,REQUEST_FAILED,,,,,
77687123,REQUEST_FAILED,,,,,
77687403,deadAbandoned,SCHWEDDER,"May 10, 2010","Pet Projects, LLC",,theschwedder@gmail.com
77687333,REQUEST_FAILED,,,,,
77687637,deadAbandoned,MASS ASCENSION,"May 03, 2010","DGL CONSUMER PRODUCTS, INC.",,TSMITH@DGLPRODUCTS.COM
77687525,REQUEST_FAILED,,,,,
77687594,deadAbandoned,HOODFLIPPIN,"May 03, 2010","Lisa P. Maxwell, Incorporated",,
77687528,REQUEST_FAILED,,,,,
77687655,deadAbandoned,RIGHT AS RAIN,"May 03, 2010","DGL CONSUMER PRODUCTS, INC.",,tsmith@dglproducts.com
77687581,REQUEST_FAILED,,,,,
77687804,deadAbandoned,USDM,"May 10, 2010","Son, Anthony",,1320drift@gmail.com
77687786,REQUEST_FAILED,,,,,
77687810,REQUEST_FAILED,,,,,
77687848,REQUEST_FAILED,,,,,
77687905,REQUEST_FAILED,,,,,
77687981,REQUEST_FAILED,,,,,
77688033,REQUEST_FAILED,,,,,
77688195,REQUEST_FAILED,,,,,
77688202,REQUEST_FAILED,,,,,
77688247,REQUEST_FAILED,,,,,
77688746,deadAbandoned,SMARTNOTES,"May 03, 2010","Rhondi Enterprises, INC.",,contactus@series7quiz.com
77688354,REQUEST_FAILED,,,,,
77688733,deadAbandoned,THE CONSCIOUS INVESTMENT,"Feb. 19, 2010",So Act Network,,act@soact.net
77688819,deadAbandoned,B,"May 03, 2010",BlackOut Entertainment LLC,,blackout.entertainment@hotmail.com
77688712,REQUEST_FAILED,,,,,
77688715,REQUEST_FAILED,,,,,
77688787,deadAbandoned,CELLUDOC,"May 10, 2010","MATLOCK, DAVID L",,RICHARD@DRMATLOCK.COM
77688951,deadAbandoned,FLIK GRIPTAPE,"Nov. 15, 2010","Yen, Winston",,mark@sdsskateboards.com
77689062,deadAbandoned,THE LEARNING CONNECTION WHERE ACHIEVEMENT MEETS POTENTIAL,"Mar. 02, 2010","Cohen, Nechama Dena",,ndcohen@sbcglobal.net
77688902,REQUEST_FAILED,,,,,
77688944,REQUEST_FAILED,,,,,
77689079,deadAbandoned,INTIMAY,"May 17, 2010",Vitashop CC,,donvem@gmail.com
77689070,deadAbandoned,A SIMPLE BEVERAGE FOR A COMPLICATED WORLD,"Nov. 08, 2010",Kona Connection Corp.,,
77689031,REQUEST_FAILED,,,,,
77689065,REQUEST_FAILED,,,,,
77689231,deadAbandoned,PREEMINENT PRESENCE,"May 17, 2010","When Women Walk, LLC",,jenn@whenwomenwalk.com
77689133,REQUEST_FAILED,,,,,
77689171,REQUEST_FAILED,,,,,
77689334,deadAbandoned,GREEN SOFTWARE UNCONFERENCE,"Mar. 30, 2010","Vincent, Mary B",,marybvincent@gmail.com
77689293,REQUEST_FAILED,,,,,
77689411,REQUEST_FAILED,,,,,
77689427,REQUEST_FAILED,,,,,
77689444,REQUEST_FAILED,,,,,
77689794,deadAbandoned,BODY SILUETTE BY CANNON,"Jul. 27, 2010","INDUSTRIAS CANNON, S.A. DE C.V.",,
77689828,deadAbandoned,SHOWER SAGE,"Mar. 30, 2010",Mary Vincent,,marybvincent@gmail.com
77689627,REQUEST_FAILED,,,,,
77689553,REQUEST_FAILED,,,,,
77689712,REQUEST_FAILED,,,,,
77689864,REQUEST_FAILED,,,,,
77689962,REQUEST_FAILED,,,,,
77690143,deadAbandoned,RODEO CLOTHING COMPANY,"Jul. 07, 2010","Alliage, Inc.",,tmregistered@gmail.com
77690026,REQUEST_FAILED,,,,,
77690139,deadAbandoned,LA TOURISTE,"Nov. 08, 2010",Stranger & Stranger Ltd,,morgan@strangerandstranger.com
77690052,REQUEST_FAILED,,,,,
77690098,REQUEST_FAILED,,,,,
77690308,deadAbandoned,SHOOGER-FREE HAVE A SUGAR-FREE DAY,"May 17, 2010",Patrice S. Wooten,,pswooten@aol.com
77690359,deadAbandoned,YUJU,"Nov. 08, 2010",Stranger & Stranger Ltd,,morgan@strangerandstranger.com
77690320,REQUEST_FAILED,,,,,
77690344,REQUEST_FAILED,,,,,
77690321,REQUEST_FAILED,,,,,
77690364,deadAbandoned,SIGNATORIO,"Nov. 08, 2010",Stranger & Stranger Ltd,,morgan@strangerandstranger.com
77690358,REQUEST_FAILED,,,,,
77690413,REQUEST_FAILED,,,,,
77690448,REQUEST_FAILED,,,,,
77690479,REQUEST_FAILED,,,,,
77690899,deadAbandoned,RXIPES,"May 10, 2010","Lefkowitz, Patricia Smith",,
77690839,REQUEST_FAILED,,,,,
77690930,REQUEST_FAILED,,,,,
77690966,REQUEST_FAILED,,,,,
77691118,deadAbandoned,DYNA NIP,"May 17, 2010","Swag Company, Inc.",,
77691129,deadAbandoned,RAUW ENERGY,"Nov. 01, 2010",Rauw Energy LLC,,kwarshaw@rauwenergy.com
77691041,REQUEST_FAILED,,,,,
77691057,REQUEST_FAILED,,,,,
77691107,REQUEST_FAILED,,,,,
77691222,deadAbandoned,RENT-A-TIME,"Nov. 22, 2010","OWUSU-AMO, BENISTA",,OWUSUAMO@MSN.COM
77691145,REQUEST_FAILED,,,,,
77691250,deadAbandoned,INTERSTAR ODYSSEY,"Nov. 23, 2010","Interzotic, Inc.",,trudeau2@gmail.com
77691190,REQUEST_FAILED,,,,,
77691260,REQUEST_FAILED,,,,,
77691326,deadAbandoned,ICOACH,"Apr. 26, 2010",Sports Display Systems,,alw@sportsdisplaysystems.com
77691282,REQUEST_FAILED,,,,,
77691356,deadAbandoned,PENNSY PINKIE,"May 17, 2010","Seideman, Jeffrey S.",,jeff@imagetechpr.com
77691300,REQUEST_FAILED,,,,,
77691360,REQUEST_FAILED,,,,,
77691370,REQUEST_FAILED,,,,,
77691391,deadAbandoned,STOCHASTIC CUBE,"May 10, 2010",Advus Corporation,,
77691439,REQUEST_FAILED,,,,,
77691626,REQUEST_FAILED,,,,,
77691741,deadAbandoned,HFD REPORTS,"Jul. 05, 2010","Health Fitness Dynamics, Inc.",,
77691765,deadAbandoned,HFD REPORTS HFD SPA REPORT PERFORMANCE PROFITABILITY BENCHMARKING,"Jul. 05, 2010","Health Fitness Dynamics, Inc.",,
77691689,REQUEST_FAILED,,,,,
77691709,REQUEST_FAILED,,,,,
77691901,deadAbandoned,GIFTCARDS.COM,"Mar. 23, 2010",GiftCards.com LLC,,jason.wolfe@omniprepaid.com
77691721,REQUEST_FAILED,,,,,
77691865,deadAbandoned,TEMPLETOUCH,"Mar. 02, 2010","Medisim, Ltd",,john.wilson@medisim-usa.com
77691803,REQUEST_FAILED,,,,,
77692095,deadAbandoned,GOLD PIPELINE,"May 31, 2010","Saed, Mehrdad",,
77691892,REQUEST_FAILED,,,,,
77691946,REQUEST_FAILED,,,,,
77692230,deadAbandoned,CREMATION MONUMENT,"May 26, 2010",Crescent Sales,,bbuse@crescentsales.com
77692125,REQUEST_FAILED,,,,,
77692221,REQUEST_FAILED,,,,,
77692378,deadAbandoned,TRAVEL TOOBA,"May 10, 2010","Unruh, Thomas",,tlume@yahoo.com
77692390,REQUEST_FAILED,,,,,
77692407,REQUEST_FAILED,,,,,
77692665,deadAbandoned,TITAN,"Jun. 03, 2010",Mitek Corporation,,ric.joranlien@mitekusa.com
77692580,REQUEST_FAILED,,,,,
77692785,deadAbandoned,GREEN-CROP-BOOSTER,"Mar. 03, 2010","Green Ag Farming Products, LLC",,raypattonyvp@yahoo.com
77692822,deadAbandoned,RATSTAR,"May 17, 2010","Tarrant, Peter M.",,ptarran1@ithaca.edu
77692661,REQUEST_FAILED,,,,,
77692706,REQUEST_FAILED,,,,,
77692756,REQUEST_FAILED,,,,,
77693133,REQUEST_FAILED,,,,,
77693183,REQUEST_FAILED,,,,,
77693336,deadAbandoned,SCALEWEB,"May 17, 2010","Walker, Chris D",,cwalker@scaleservers.com
77693216,REQUEST_FAILED,,,,,
77693377,REQUEST_FAILED,,,,,
77693525,REQUEST_FAILED,,,,,
77693592,REQUEST_FAILED,,,,,
77693934,REQUEST_FAILED,,,,,
77694246,deadAbandoned,XTREME LVN,"Jun. 23, 2010",Nu-Church Development LLC,,SKStultz@aol.com
77694007,REQUEST_FAILED,,,,,
77694277,deadAbandoned,RUWA PRODUCTIONS,"May 14, 2010",Nu-Church Development LLC,,SKStultz@aol.com
77694283,deadAbandoned,None,"Jun. 29, 2010","201 W. Longhorn, LLC",,lashby@glo-crazy.com
77694282,REQUEST_FAILED,,,,,
77694311,REQUEST_FAILED,,,,,
77694394,deadAbandoned,ROYAL DIAMONDS DELUXE,"Nov. 18, 2010",Ainsworth Game Technology Limited,,tom.davidson@ainsworth.com.au
77694364,REQUEST_FAILED,,,,,
77694375,REQUEST_FAILED,,,,,
77694376,REQUEST_FAILED,,,,,
77694472,deadAbandoned,101 EXCUSES,"Nov. 22, 2010","Feldstein, Paul Scott",,paul@thefeldsteinagency.co.uk
77694704,deadAbandoned,BLACKY,"Dec. 06, 2010",vinos Y Licores Azteca. S.A. de C.V.,,cjaworski@executive-grape.com
77694452,REQUEST_FAILED,,,,,
77694453,REQUEST_FAILED,,,,,
77694761,deadAbandoned,CAGE CULTURE,"Oct. 29, 2010",Cage Culture LLC,,bret@cageculture.com
77694927,deadAbandoned,SPICE ISLAND,"Nov. 08, 2010",Spice Island (pvt) Ltd,,penelope.perez@marcaria.com
77694730,REQUEST_FAILED,,,,,
77695196,REQUEST_FAILED,,,,,
77695294,deadAbandoned,TR TONY ROSA,"May 17, 2010","Rosa, Antonio",,tony_rosa1980@hotmail.com
77695236,REQUEST_FAILED,,,,,
77695260,REQUEST_FAILED,,,,,
77695427,REQUEST_FAILED,,,,,
77695467,REQUEST_FAILED,,,,,
77695775,deadAbandoned,FRONTIER DEBT RELIEF,"Jun. 14, 2010","STALEX HOLDINGS, LLC",,
77695889,deadAbandoned,THE FUTURE OF CAMPING,"May 24, 2010","BRUNTON OUTDOOR, INC.",,
77695821,REQUEST_FAILED,,,,,
77695947,REQUEST_FAILED,,,,,
77695981,deadAbandoned,FUN SCHOOL SERVICES,"May 17, 2010","Salm, Casey",,hit401@yahoo.com
77695995,REQUEST_FAILED,,,,,
77696026,REQUEST_FAILED,,,,,
77696032,REQUEST_FAILED,,,,,
77696172,deadAbandoned,BADBEETZ THE SOCIAL SITE FOR THE EMPLOYMENT CHALLENGED,"May 24, 2010","MetaDolce Technologies, Inc.",,mmeppen@metadolce.com
77696159,REQUEST_FAILED,,,,,
77696199,REQUEST_FAILED,,,,,
77696284,deadAbandoned,STAMPOS,"May 17, 2010","Levy, Richard C.",,toysrme@gmail.com
77696316,deadAbandoned,SPA TRIX,"Sep. 25, 2010","NGUYEN, PHONG",,
77696272,REQUEST_FAILED,,,,,
77696346,deadAbandoned,None,"Sep. 27, 2010","Pullen, Anthony W",,tony@pedalnorthwest.com
77696298,REQUEST_FAILED,,,,,
77696329,REQUEST_FAILED,,,,,
77696504,deadAbandoned,URBAN RENEWAL,"May 17, 2010",Royal Gypsy Tea Company,,zhena@gypsytea.com
77696365,REQUEST_FAILED,,,,,
77696377,REQUEST_FAILED,,,,,
77696614,deadAbandoned,THE NO BIGGIE BUNCH,"Nov. 22, 2010","Parent Perks, Inc.",,parentperks@yahoo.com
77696539,deadAbandoned,CELLULAND,"Jul. 09, 2010",Celluland International Inc.,,info@celluland.com
77696493,REQUEST_FAILED,,,,,
77696520,REQUEST_FAILED,,,,,
77696746,deadAbandoned,UTICA GREENS,"Jul. 08, 2010",Scarola Utica Inc.,,
77696689,REQUEST_FAILED,,,,,
77696739,REQUEST_FAILED,,,,,
77696788,REQUEST_FAILED,,,,,
77697188,REQUEST_FAILED,,,,,
77697217,REQUEST_FAILED,,,,,
77697296,REQUEST_FAILED,,,,,
77697295,REQUEST_FAILED,,,,,
77697309,REQUEST_FAILED,,,,,
77697395,deadAbandoned,MEALSTORK,"Jun. 21, 2010","MealStork, Inc.",,meena.consulting@gmail.com
77697534,deadAbandoned,GROWTH RIVER,"Sep. 07, 2010","Growth River, LLC",,robert.heinzman@growthriver.com
77697470,deadAbandoned,ARM,"Feb. 11, 2010",Atlanta Rod & Mfg.,,jcwhite28@windstream.net
77697434,REQUEST_FAILED,,,,,
77697592,deadAbandoned,PAZZI,"May 24, 2010","Cluebucket Consulting, LLC",,tom@cluebucket.com
77697727,REQUEST_FAILED,,,,,
77697872,deadAbandoned,SCALE STORAGE,"May 17, 2010","Walker, Chris D",,cwalker@scaleservers.com
77697730,REQUEST_FAILED,,,,,
77697963,deadAbandoned,REVERSE-BACKUP,"May 17, 2010",Anup Tirumala,,anupst@gmail.com
77698018,deadAbandoned,GO GREEN SAVE GREEN,"Sep. 08, 2010","NATIONAL WHOLESALE SUPPLY, INC.",,m.beardmore@nationalhotwater.com
77698173,REQUEST_FAILED,,,,,
77698191,REQUEST_FAILED,,,,,
77698308,REQUEST_FAILED,,,,,
77698338,deadAbandoned,URBAN OATH,"Nov. 15, 2010","Jackson, Cheri A",,cheri.francois@gmail.com
77698323,REQUEST_FAILED,,,,,
77698462,deadAbandoned,ZERO-PRESSURE-ZONE,"Jul. 21, 2010","Pyramid Industries, LLC",,jbritton@pyramidindllc.com
77698564,deadAbandoned,THE ART OF BRAS,"May 17, 2010","Richardson, Margaret A.",,mrichardson1310@aol.com
77698526,REQUEST_FAILED,,,,,
77698581,REQUEST_FAILED,,,,,
77698773,deadAbandoned,CAMPSICK,"Nov. 22, 2010",Campsick LLC,,
77698864,deadAbandoned,RADFORD,"Jul. 06, 2010","CHRISTENSEN, Ole Lund",,olelundchristensen@yahoo.dk
77698769,REQUEST_FAILED,,,,,
77698822,REQUEST_FAILED,,,,,
77698842,REQUEST_FAILED,,,,,
77699095,deadAbandoned,EXODETECT,"Dec. 27, 2010",Exobox Technologies Corp.,,
77699108,deadAbandoned,EXOSYSTEM,"Dec. 27, 2010",Exobox Technologies Corp.,,
77699263,deadAbandoned,COLOR INTELLIGENT,"Jul. 12, 2010",WHITE SANDS HAIR CARE INC.,,
77698980,REQUEST_FAILED,,,,,
77699302,deadAbandoned,MATCHLINGS,"Nov. 22, 2010",VILLAIN LLC,,danebaker@gmail.com
77699144,REQUEST_FAILED,,,,,
77699370,deadAbandoned,PEGASUS,"Jul. 01, 2010",PEGASUS ELECTRONIC TECHNOLOGY INC.,,dbao@pegasusus.com
77699337,REQUEST_FAILED,,,,,
77699364,REQUEST_FAILED,,,,,
77699422,deadAbandoned,HEROES OF TELARA,"May 17, 2010","TRION WORLDS (ABC), LLC",,
77699487,deadAbandoned,GREENUP,"May 24, 2010","Reardon Restaurants, Inc.",,johncreardon@yahoo.com
77699429,deadAbandoned,HEROES OF TELARA,"May 17, 2010","TRION WORLDS (ABC), LLC",,
77699434,REQUEST_FAILED,,,,,
77699484,REQUEST_FAILED,,,,,
77699505,REQUEST_FAILED,,,,,
77699721,REQUEST_FAILED,,,,,
77699751,REQUEST_FAILED,,,,,
77699822,deadAbandoned,"THE GORDON JAMES COMPANY, LLC","Jun. 17, 2010","The Gordon James Company, LLC",,thegordonjamescompany@yahoo.com
77699851,REQUEST_FAILED,,,,,
77699984,REQUEST_FAILED,,,,,
77700188,REQUEST_FAILED,,,,,
77700246,deadAbandoned,PSORX,"Apr. 05, 2010","Majeed, Muhammed",,
77700337,REQUEST_FAILED,,,,,
77700528,deadAbandoned,THE METAMINUTE YOUR WORLDS. YOUR VOICE. YOUR NEWS.,"Sep. 28, 2010","AnnaRuth Holdings, LLC",,newsroom@metaminute.com
77700555,deadAbandoned,ND RUBBERNECKERS,"May 24, 2010","Kneebusch, Jeffrey",,
77700473,REQUEST_FAILED,,,,,
77700684,deadAbandoned,ADORABLE DIAPERS,"Jun. 11, 2010","Mandell, Sabain M",,info@AdorableDiapers.com
77700748,deadAbandoned,NUTRI-WORKS,"Nov. 15, 2010","WINDMILL HEALTH PRODUCTS, LLC.",,
77700598,REQUEST_FAILED,,,,,
77700625,REQUEST_FAILED,,,,,
77700758,deadAbandoned,PEACE-FIGHTS,"Nov. 15, 2010",Aaron Braunstein,,
77700732,REQUEST_FAILED,,,,,
77700733,REQUEST_FAILED,,,,,
77700780,REQUEST_FAILED,,,,,
77700822,REQUEST_FAILED,,,,,
77701161,deadAbandoned,STITCH 'N STITCH,"May 24, 2010","Stoller, Deborah S",,debbie@bust.com
77701124,deadAbandoned,SOUTHERN NEW HAMPSHIRE UNIVERSITY,"Sep. 09, 2010",Southern New Hampshire University,,g.mazzola@snhu.edu
77700891,REQUEST_FAILED,,,,,
77701168,deadAbandoned,YOU CAN BREAK-FREE FAST,"May 24, 2010","Westmore, Caryl",,cwestmore@yahoo.com
77701368,deadAbandoned,REFUSE TO PUKE,"May 24, 2010","Freiberg, Gary",,gfreiberg@sbcglobal.net
77701195,REQUEST_FAILED,,,,,
77701375,deadAbandoned,SEASTAINABLE,"May 31, 2010","Alofs, James",,
77701275,REQUEST_FAILED,,,,,
77701521,deadAbandoned,SCALESERVERS,"May 17, 2010","Walker, Chris D",,cwalker@scaleservers.com
77701439,REQUEST_FAILED,,,,,
77701518,REQUEST_FAILED,,,,,
77701524,REQUEST_FAILED,,,,,
77701539,REQUEST_FAILED,,,,,
77701586,REQUEST_FAILED,,,,,
77701601,REQUEST_FAILED,,,,,
77701673,deadAbandoned,FAIRY GRANTMOTHER,"May 24, 2010","Sanchez, Nitana",,nitanasanchez@hotmail.com
77701717,deadAbandoned,THE GLOBETRAKKERS,"Jan. 08, 2010",Globetrakkers Music Group,,Globetrakkersbank@yahoo.com
77701668,REQUEST_FAILED,,,,,
77701680,REQUEST_FAILED,,,,,
77701774,deadAbandoned,FLOWH2O,"May 24, 2010","Four Winds International, LLC",,mark@fourwindsintl.com
77701777,REQUEST_FAILED,,,,,
77701868,REQUEST_FAILED,,,,,
77701964,deadAbandoned,GOFIGURE = MOBILE + MONEY,"Jun. 07, 2010","GoFigure Payments, LLC",,devon.rolf@gofigurewireless.com
77701874,REQUEST_FAILED,,,,,
77702041,REQUEST_FAILED,,,,,
77702270,deadAbandoned,MYJOBTRAK OPTIMIZING YOUR CAREER TRANSITION,"May 24, 2010",James E. McClafferty,,jim@myjobtrak.com
77702050,REQUEST_FAILED,,,,,
77702398,REQUEST_FAILED,,,,,
77702491,REQUEST_FAILED,,,,,
77702509,REQUEST_FAILED,,,,,
77702606,REQUEST_FAILED,,,,,
77702740,deadAbandoned,SEASONS SOUTH AND NORTH,"Jul. 29, 2010",Anne Morddel,,a.morddel@yahoo.com
77702694,deadAbandoned,NANO-ORGANICS,"Jul. 05, 2010","Christal, Dean V.",,dean@thechristals.com
77702654,REQUEST_FAILED,,,,,
77702796,REQUEST_FAILED,,,,,
77702850,REQUEST_FAILED,,,,,
77702876,REQUEST_FAILED,,,,,
77702982,REQUEST_FAILED,,,,,
77703040,REQUEST_FAILED,,,,,
77703122,REQUEST_FAILED,,,,,
77703422,deadAbandoned,ICE X,"May 31, 2010","Time Factory, Inc.",,bob@timefactoryinc.com
77703670,deadAbandoned,PRIMITIVE EARTH,"Jun. 14, 2010","SANCHEZ, JEHU",,ILLESTUNO@HOTMAIL.COM
77703617,deadAbandoned,S STEVENS,"Jul. 23, 2010",Lonnie S. Rencher,,mw3c@optonline.net
77703686,deadAbandoned,VERSANCHEZ,"May 31, 2010","Hernandez, Jose",,netmioextreme@yahoo.com
77703519,REQUEST_FAILED,,,,,
77703545,REQUEST_FAILED,,,,,
77703701,REQUEST_FAILED,,,,,
77703778,deadAbandoned,TGI FI DAY,"Nov. 22, 2010","George, Robert E.",,re.george@comcast.net
77703762,deadAbandoned,FINANCIAL INDEPENDENCE DAY,"Nov. 29, 2010","George, Robert E.",,re.george@comcast.net
77703795,deadAbandoned,GOODY 2 SHOEZ,"Feb. 08, 2010",Hitch Enterprises Pty Ltd,,natasha.barber@bigpond.com
77703773,REQUEST_FAILED,,,,,
77703820,deadAbandoned,SECURITY SCORE,"May 20, 2010","RepuTrust, LLC",,
77703776,REQUEST_FAILED,,,,,
77703868,deadAbandoned,PEACE ROCKET,"Nov. 29, 2010","Ali-Salaam, Saladin",,salisalaam@gmail.com
77703870,deadAbandoned,AYERS BATH CORPORATION,"Nov. 15, 2010","TANGSHAN HUIDA CERAMIC GROUP CO., LTD.",,info.info168@gmail.com
77703977,deadAbandoned,RED,"Apr. 12, 2010","Vboutique, LLC",,anastasia.olowin@gmail.com
77703832,REQUEST_FAILED,,,,,
77703944,REQUEST_FAILED,,,,,
77704105,REQUEST_FAILED,,,,,
77704139,REQUEST_FAILED,,,,,
77704169,REQUEST_FAILED,,,,,
77704440,deadAbandoned,COOL GUYS,"May 24, 2010","Nicholson, Daniel, R",,daniel.r.nicholson@gmail.com
77704201,REQUEST_FAILED,,,,,
77704454,REQUEST_FAILED,,,,,
77704781,deadAbandoned,PACELINE,"May 31, 2010",Creoss,,
77704572,REQUEST_FAILED,,,,,
77704614,REQUEST_FAILED,,,,,
77704837,REQUEST_FAILED,,,,,
77704894,deadAbandoned,BLUEBLOOD,"Jul. 22, 2010",BLUEBLOOD Partners,,tina@bluebloodpups.com
77704852,REQUEST_FAILED,,,,,
77704861,REQUEST_FAILED,,,,,
77705035,deadAbandoned,THURSTON MAGIC,"Nov. 15, 2010",S.S. Adams L.L.C.,,dhaversat@snet.net
77704915,deadAbandoned,MDT WITH SLANTED GLOBE ON TOP AND BOTTOM,"Mar. 24, 2010",MDT MICRO DIAMOND TECHNOLOGIES LTD,,jamier@mdtdental.com
77704921,deadAbandoned,T-REX,"May 31, 2010",MDT MICRO DIAMOND TECHNOLOGIES LTD,,jamier@mdtdental.com
77705076,deadAbandoned,BODY CONTROL,"Sep. 09, 2010",PUBCOMPANY s.r.l.,,
77704903,REQUEST_FAILED,,,,,
77704917,REQUEST_FAILED,,,,,
77705115,REQUEST_FAILED,,,,,
77705152,REQUEST_FAILED,,,,,
77705461,deadAbandoned,OUT OF THE BOX,"May 31, 2010","COCKERELL WINE CONSULTING, LLC",,
77705468,deadAbandoned,SUPPORT OUR TRUCKERS,"May 31, 2010","Fox, Michael C",,supportourtruckers@gmail.com
77705308,deadAbandoned,WIPER SENTRY,"Jan. 25, 2010",J F Schneider,,jfs@ce3000.com
77705390,REQUEST_FAILED,,,,,
77705498,deadAbandoned,LOVES ME,"May 31, 2010","COCKERELL WINE CONSULTING, LLC",,
77705445,REQUEST_FAILED,,,,,
77705522,REQUEST_FAILED,,,,,
77705750,deadAbandoned,UTOPIA,"May 31, 2010",Guillermo Flores Kanchi,,gflores@carismaadvertising.com
77705771,deadAbandoned,BERRY TWISTED,"May 31, 2010",ROCHELLE A TOLL,,kirsteneasthope@msn.com
77705751,REQUEST_FAILED,,,,,
77705848,deadAbandoned,AZRAEL,"May 31, 2010",Flores Aveledo Jorge Manuel,,gflores@carismaadvertising.com
77705845,deadAbandoned,CHIHUAHUITA,"Aug. 11, 2010",ORONOZ SEIJAS LUIS,,luis@chihuahuita.com.mx
77705792,REQUEST_FAILED,,,,,
77705816,REQUEST_FAILED,,,,,
77706102,deadAbandoned,YARDSPACE,"Aug. 23, 2010",YardSpace LLC,,contact@webzonemedia.com
77706148,deadAbandoned,"'SPRING' LOADED ""LOOK OUT - IT'S LOADED!"" ENHANCED BOTTLED SPRING WATER- FEEL BETTER ABOUT WHAT YOU'RE DRINKING!","Jun. 07, 2010","Fulton, Gordon",,gfulton@triad.rr.com
77706046,REQUEST_FAILED,,,,,
77706083,REQUEST_FAILED,,,,,
77706103,REQUEST_FAILED,,,,,
77706171,REQUEST_FAILED,,,,,
77706448,deadAbandoned,RHINOGARD,"May 24, 2010","OMG, INC.",,
77706593,REQUEST_FAILED,,,,,
77706607,REQUEST_FAILED,,,,,
77706705,REQUEST_FAILED,,,,,
77706826,deadAbandoned,MY TOY IS CLEAN.,"May 31, 2010",Action Computer Supplies Llc.,,terrymctigue@actioncomputersupplies.biz
77706882,deadAbandoned,CHRISTWORD PUZZLES,"Jun. 07, 2010","FLEMING, DONNA L",,Heartis24K@aol.com
77706803,REQUEST_FAILED,,,,,
77706889,deadAbandoned,GLOBAL MANNERS KIDS,"Jun. 21, 2010","FITTER-SLOANE, SUSAN",,
77706888,deadAbandoned,GLOBAL MANNERS DINING,"Jun. 21, 2010","FITTER-SLOANE, SUSAN",,
77706959,deadAbandoned,SCALEMAIL,"Jan. 25, 2010",ScaleServers LLC,,cwalker@scaleservers.com
77706885,REQUEST_FAILED,,,,,
77707005,deadAbandoned,5000LB,"May 31, 2010","5000LB, LLC",,INFO@5000LB.COM
77707012,deadAbandoned,MASQME,"Nov. 22, 2010","Martinez, Daniel",,daniel@teclynk.com
77706908,REQUEST_FAILED,,,,,
77707021,REQUEST_FAILED,,,,,
77707052,REQUEST_FAILED,,,,,
77707073,REQUEST_FAILED,,,,,
77707190,deadAbandoned,ZIKZANA,"Jul. 05, 2010","Jayamohan, Jay",,jjayamohan@zikzana.com
77707106,REQUEST_FAILED,,,,,
77707177,REQUEST_FAILED,,,,,
77707189,REQUEST_FAILED,,,,,
77707443,deadAbandoned,DANKSTAR,"Jun. 23, 2010",Jason B. Leek,,
77707399,deadAbandoned,LOVE MOTHER EARTH. IT'S THE ONLY ONE WE HAVE. CHILDREN ARE THE HEARTBEAT OF OUR PLANET. JOIN US AND USE YOUR POWER TO HELP LEAVE OUR WORLD A BETTER PLACE. WE COMBINE OUR LOVE FOR MUSIC WITH OUR LOVE FOR THE EARTH. WE STRIVE TO USE MATERIALS THAT HELP PRESERVE THE PLANET.,"Jun. 21, 2010","Lerner, Michael H.",,
77707318,REQUEST_FAILED,,,,,
77707341,REQUEST_FAILED,,,,,
77707538,deadAbandoned,GRANDES BOLAS DE FUEGO,"Jun. 01, 2010",SWEETS'N LOLLY POPS S. DE R.L. DE C.V.,,connygw@yahoo.com.mx
77707385,REQUEST_FAILED,,,,,
77707450,REQUEST_FAILED,,,,,
77707501,REQUEST_FAILED,,,,,
77707646,deadAbandoned,PEOPLICATION,"May 31, 2010",Senamtic LTD,,doron@senamtic.com
77707510,REQUEST_FAILED,,,,,
77707677,deadAbandoned,HUESDAY,"Jan. 05, 2010","Song, Hagong",,bohemisong@hotmail.com
77707763,deadAbandoned,BREAD AFFILIATED,"Aug. 03, 2010",Jerron Perkins,,
77707899,deadAbandoned,THE GREAT RECESSION,"May 31, 2010","Ofsink, Darren L.",,dofsink@yahoo.com
77707876,REQUEST_FAILED,,,,,
77707890,REQUEST_FAILED,,,,,
77708084,deadAbandoned,CUP HOLDER CRITTERS,"May 31, 2010","Beardsley, Shannon L",,s_beardsley@hotmail.com
77707939,REQUEST_FAILED,,,,,
77708064,REQUEST_FAILED,,,,,
77708182,deadAbandoned,E-RYDE,"Jun. 28, 2010","InCore Fitness, LLC",,
77708096,REQUEST_FAILED,,,,,
77708135,REQUEST_FAILED,,,,,
77708292,deadAbandoned,GREEDYWORLD,"Jun. 07, 2010",Eric McElroy,,e@blocksponsor.com
77708266,REQUEST_FAILED,,,,,
77708408,deadAbandoned,IVIK,"Mar. 08, 2010",GEORGE VERANO USA LLC,,mikequ02@hotmail.com
77708352,REQUEST_FAILED,,,,,
77708484,REQUEST_FAILED,,,,,
77708487,REQUEST_FAILED,,,,,
77708614,REQUEST_FAILED,,,,,
77708907,deadAbandoned,FREESTYLE MUSIC PARK,"Nov. 29, 2010","FPI MB Entertainment, LLC",,
77708804,REQUEST_FAILED,,,,,
77708863,REQUEST_FAILED,,,,,
77708896,REQUEST_FAILED,,,,,
77709096,deadAbandoned,MEN OF GRACE,"Jul. 28, 2010",Grace Publishing,,gguidice@menofgracemusic.com
77708989,deadAbandoned,SOFTBOOT.COM,"Jan. 07, 2010","Ballard, Glenn C.",,gcballard1@yahoo.com
77709013,deadAbandoned,SOFTBOOT,"Jan. 07, 2010","Ballard, Glenn C.",,gcballard1@yahoo.com
77709148,deadAbandoned,SNAP SOX,"Jan. 02, 2010",Elizabeth Glass,,lizglass@optonline.net
77709014,REQUEST_FAILED,,,,,
77709123,REQUEST_FAILED,,,,,
77709145,REQUEST_FAILED,,,,,
77709160,deadAbandoned,IEVP,"Jan. 06, 2010","Esordi, Michael V.",,info@believeittour.com
77709197,deadAbandoned,MIND CLEANSING INTERNATIONAL,"Jan. 07, 2010","Peng, Chen H.",,info@mindcleansing.org
77709331,deadAbandoned,ANTA BANDERAS,"Jan. 07, 2010","ANTA NATURA, S.L.",,
77709216,REQUEST_FAILED,,,,,
77709286,REQUEST_FAILED,,,,,
77709366,REQUEST_FAILED,,,,,
77709446,REQUEST_FAILED,,,,,
77709551,REQUEST_FAILED,,,,,
77709583,REQUEST_FAILED,,,,,
77709662,REQUEST_FAILED,,,,,
77709771,REQUEST_FAILED,,,,,
77709892,REQUEST_FAILED,,,,,
77709970,REQUEST_FAILED,,,,,
77710138,REQUEST_FAILED,,,,,
77710183,REQUEST_FAILED,,,,,
77710262,deadAbandoned,BOOK MATE,"Jun. 07, 2010","Vrecko, Martin",,vreckomartin@yahoo.co.uk
77710256,deadAbandoned,None,"Jul. 19, 2010","Givens, Mary N.",,mary@suforfashion.com
77710280,deadAbandoned,None,"Jan. 02, 2010",TUGENDHAFT ARIK,,Ariktugen@hotmail.com
77710221,REQUEST_FAILED,,,,,
77710249,REQUEST_FAILED,,,,,
77710245,REQUEST_FAILED,,,,,
77710265,REQUEST_FAILED,,,,,
77710438,REQUEST_FAILED,,,,,
77710466,REQUEST_FAILED,,,,,
77710450,REQUEST_FAILED,,,,,
77710648,deadAbandoned,DUALLICIOUS,"Jun. 07, 2010","Two Feet Up.,Inc.",,kelly@jmkforu.com
77710676,deadAbandoned,DESERT FIT APPAREL,"Dec. 06, 2010","Nathan & Company, Inc.",,superagent@baselineagent.com
77710515,REQUEST_FAILED,,,,,
77710586,deadAbandoned,CELL PHONES FOR GOOD,"Jan. 07, 2010","Green, Mark G.",,markg@cellphonesforgood.com
77710701,deadAbandoned,BENARUS,"Jan. 05, 2010","Schreiner, Ralf",,rs@benarus.com
77710522,REQUEST_FAILED,,,,,
77710787,deadAbandoned,BLACKCARD INTRODUCTIONS,"Jan. 01, 2010",Southwest Pinnacle,,info@az4realestate.com
77710744,deadAbandoned,IDY,"Jun. 07, 2010","Two Feet Up., Inc.",,kelly@jmkforu.com
77710811,deadAbandoned,SHAPE,"Jul. 19, 2010",Joe Moeller,,
77710749,REQUEST_FAILED,,,,,
77710800,REQUEST_FAILED,,,,,
77710859,REQUEST_FAILED,,,,,
77710897,REQUEST_FAILED,,,,,
77711066,deadAbandoned,TAXRESOURCES,"Jan. 03, 2010","TaxResources, Inc.",,bob@taxaudit.com
77710954,REQUEST_FAILED,,,,,
77711116,deadAbandoned,OUR TIME IS NOW,"Jun. 07, 2010",Donald Black Jr.,,dblack@donaldblackjr.com
77711120,deadAbandoned,S.H.A.P.E.,"Jul. 19, 2010",Joe Moeller,,
77710987,REQUEST_FAILED,,,,,
77711172,deadAbandoned,NAPACELLO,"Oct. 11, 2010","Napa Valley Limoncello Company, LLC",,
77711231,deadAbandoned,TCC TRIBUTE CAUSE CURE.COM,"Jun. 07, 2010","Pearson, Robert T.",,nilcbanning@gmail.com
77711107,REQUEST_FAILED,,,,,
77711188,REQUEST_FAILED,,,,,
77711224,REQUEST_FAILED,,,,,
77711279,REQUEST_FAILED,,,,,
77711441,deadAbandoned,INSTAME,"Jun. 07, 2010","Convergent Mobile, Inc.",,mporter@convergentmobile.com
77711472,deadAbandoned,DREAMCATCHER,"Jun. 07, 2010",Brian Delre,,brianjsy@aol.com
77711374,REQUEST_FAILED,,,,,
77711562,REQUEST_FAILED,,,,,
77711693,REQUEST_FAILED,,,,,
77711709,REQUEST_FAILED,,,,,
77711737,REQUEST_FAILED,,,,,
77711813,REQUEST_FAILED,,,,,
77711828,REQUEST_FAILED,,,,,
77711851,REQUEST_FAILED,,,,,
77711856,REQUEST_FAILED,,,,,
77711889,REQUEST_FAILED,,,,,
77711968,REQUEST_FAILED,,,,,
77711981,REQUEST_FAILED,,,,,
77712000,REQUEST_FAILED,,,,,
77712045,deadAbandoned,PRESCRIPTION COUTURE,"Aug. 02, 2010","Daniel, Duly J",,xotixp@aol.com
77712030,REQUEST_FAILED,,,,,
77712071,REQUEST_FAILED,,,,,
77712088,deadAbandoned,NORTHEAST EQUINE EXPO,"Jul. 19, 2010","Northeast Equine Expo, LLC",,Jessica@NeEquineExpo.com
77712131,deadAbandoned,FIT1,"Jun. 07, 2010","Dias, Matthew W.",,medrestore@gmail.com
77712108,REQUEST_FAILED,,,,,
77712120,REQUEST_FAILED,,,,,
77712133,deadAbandoned,FIT2,"Jun. 07, 2010","Dias, Matthew W.",,medrestore@gmail.com
77712156,deadAbandoned,PEDISCRUB,"Mar. 11, 2010","Evriholder Products, LLC",,garysevri@gmail.com
77712210,deadAbandoned,ACCUTEST,"Jan. 26, 2010",Metertech Inc.,,derrickshen@metertech.com.tw
77712212,deadAbandoned,TROPIC SOL,"Dec. 06, 2010","Brown, Michael W.",,mbrown@wantokfinefoods.com
77712186,REQUEST_FAILED,,,,,
77712262,REQUEST_FAILED,,,,,
77712366,REQUEST_FAILED,,,,,
77712371,REQUEST_FAILED,,,,,
77712459,deadAbandoned,POCKETMETER,"Jul. 08, 2010",Valnova GmbH,,michael.kussmaul@valnova.ch
77712536,deadAbandoned,GEMCLEAR,"Jan. 04, 2010","GemClear, LP",,
77712486,deadAbandoned,EGO BRUSH,"Jan. 05, 2010","Whitney Services, LLC",,
77712631,REQUEST_FAILED,,,,,
77712591,REQUEST_FAILED,,,,,
77712675,REQUEST_FAILED,,,,,
77712789,REQUEST_FAILED,,,,,
77712799,REQUEST_FAILED,,,,,
77712862,REQUEST_FAILED,,,,,
77712875,REQUEST_FAILED,,,,,
77712877,REQUEST_FAILED,,,,,
77712891,REQUEST_FAILED,,,,,
77712985,deadAbandoned,CELTECH,"Jun. 14, 2010","Stephen James Gertner, Jr.",,sgertner@viafamily.com
77713049,deadAbandoned,MOTION CAPITAL,"Jan. 07, 2010",Motion Capital Management,,fulghum@mac.com
77712949,REQUEST_FAILED,,,,,
77713207,deadAbandoned,ALLERGY CUISINE,"Jan. 14, 2010",Allergy Cuisine Inc,,bmatthews@gmail.com
77713061,REQUEST_FAILED,,,,,
77713065,REQUEST_FAILED,,,,,
77713281,deadAbandoned,SOUTHERN NEW HAMSPHIRE UNIVERSITY,"Aug. 25, 2010",Southern New Hampshire University,,g.mazzola@snhu.edu
77713269,REQUEST_FAILED,,,,,
77713343,deadAbandoned,HIGH FIVES,"Dec. 27, 2010",Willaim T. Wilkinson,,willpatent1000@aol.com
77713292,REQUEST_FAILED,,,,,
77713347,deadAbandoned,None,"Jul. 01, 2010","HERRERA, MAURICIO CAMARENA",,cramirez@uribeyasociados.com
77713326,REQUEST_FAILED,,,,,
77713415,deadAbandoned,I WEAR AFRICAN,"Jun. 14, 2010","Mundi, Amabel",,belleniba@gmail.com
77713340,REQUEST_FAILED,,,,,
77713451,deadAbandoned,RIGHT TIERING,"Jan. 05, 2010",Zettapoint Incorporated,,webtryin@yahoo.com
77713506,deadAbandoned,BEHIND ENEMY LINES,"Jun. 14, 2010","3G Studios, Inc.",,james.kosta@3gstudiosinc.com
77713419,REQUEST_FAILED,,,,,
77713460,deadAbandoned,GOD ON TRIAL,"Jan. 07, 2010","Hadley, Cameron, V",,chaoshadley@aol.com
77713633,deadAbandoned,30 DATES IN 30 DAYS,"Dec. 27, 2010",Strategic Alliance Incorporated,,info@TashaTheLoveCoach.com
77713473,REQUEST_FAILED,,,,,
77713518,REQUEST_FAILED,,,,,
77713683,deadAbandoned,CLASSROOM SERVER,"Jul. 22, 2010","Critical Links, S.A.",,abdul.kasim@critical-links.com
77713615,REQUEST_FAILED,,,,,
77713643,REQUEST_FAILED,,,,,
77713832,deadAbandoned,HELPFUL FINANCE,"Jan. 05, 2010","Roche, Richard V",,RichardVRoche@gmail.com
77713736,REQUEST_FAILED,,,,,
77713833,deadAbandoned,AIRCRAFT,"May 07, 2010","CLEMENTE, NESTOR",,info@spectraloptics.com.mx
77713743,REQUEST_FAILED,,,,,
77713778,REQUEST_FAILED,,,,,
77713921,REQUEST_FAILED,,,,,
77713926,REQUEST_FAILED,,,,,
77714009,deadAbandoned,PTY PROPERTY,"Jan. 05, 2010","Stuart, Gavin",,gstuart@commoditiesone.com
77713960,REQUEST_FAILED,,,,,
77714120,deadAbandoned,VISIONAIRE,"Jan. 08, 2010",VISIONAIRE FZE,,a.gupta@govisionaire.com
77714204,deadAbandoned,FASTYPE,"Jun. 14, 2010",Case-ari,,brian.simmons@case-mate.com
77714027,REQUEST_FAILED,,,,,
77714223,deadAbandoned,SCHOOL SERVER,"Jul. 22, 2010","Critical Links, S.A.",,abdul.kasim@critical-links.com
77714181,REQUEST_FAILED,,,,,
77714229,deadAbandoned,CLOUD AS A SERVICE,"Sep. 13, 2010",2X Software,,nm@2x.com
77714217,REQUEST_FAILED,,,,,
77714233,REQUEST_FAILED,,,,,
77714234,REQUEST_FAILED,,,,,
77714264,REQUEST_FAILED,,,,,
77714283,REQUEST_FAILED,,,,,
77714433,deadAbandoned,IRO,"Jan. 11, 2010",Laurent Bitton,,irousa@gmail.com
77714417,REQUEST_FAILED,,,,,
77714418,REQUEST_FAILED,,,,,
77714587,REQUEST_FAILED,,,,,
77714777,REQUEST_FAILED,,,,,
77714825,REQUEST_FAILED,,,,,
77714843,REQUEST_FAILED,,,,,
77714849,REQUEST_FAILED,,,,,
77714925,deadAbandoned,IVF SHARED SUCCESS PROGRAM,"Jun. 14, 2010","Brown Fertility Associates, P.A.",,samuelbrownmd@gmail.com
77714865,REQUEST_FAILED,,,,,
77714940,deadAbandoned,OCTOMOP,"Nov. 15, 2010",SANJAY AIYAR,,s_aiyar@hotmail.com
77714879,REQUEST_FAILED,,,,,
77714963,deadAbandoned,BOONDOCKS,"Jan. 07, 2010",Boondocks Outdoors,,ncamor@msn.com
77714973,deadAbandoned,FUTURE PRIMING,"Jan. 08, 2010",Vongolo Consulting,,dejong@vongolo-consulting.com
77714953,REQUEST_FAILED,,,,,
77714978,deadAbandoned,THE ICE CUBE DIET,"Jul. 08, 2010","ARAVA HOODIA GROWERS, LTD.",,hoodia-manager@yotvata.com
77715023,deadAbandoned,MILLIONAIRE MATH,"Dec. 27, 2010","Candela, Brian",,cbrian751@aol.com
77714966,REQUEST_FAILED,,,,,
77714968,REQUEST_FAILED,,,,,
77715072,deadAbandoned,COLLATERAL LOSS COVER,"Jan. 15, 2010",Certus Limited,,davidscott@certus.eu.com
77715102,deadAbandoned,GALAPLATIN,"Dec. 20, 2010",Kogay Boris,,b_kogai@mail.ru
77715206,deadAbandoned,COMPLYANCE,"Jan. 12, 2010",XAVIER BERNARD R.,,xavier.bernard@complyance.com
77715130,REQUEST_FAILED,,,,,
77715174,REQUEST_FAILED,,,,,
77715232,deadAbandoned,PRIVATE LABEL CAPTIVE,"Jan. 11, 2010",Signature Captive Solutions LLC,,rhill@signaturecaptivesolutions.com
77715222,deadAbandoned,PARADISE CARAVANS,"Jan. 07, 2010",Paradise Caravans Pty Ltd,,paradisecaravans@bigpond.com
77715249,REQUEST_FAILED,,,,,
77715274,REQUEST_FAILED,,,,,
77715432,deadAbandoned,GRAVITEA,"Jan. 07, 2010",Marie Shatara,,marie@shatara.com
77715348,REQUEST_FAILED,,,,,
77715467,deadAbandoned,ZIP STITCH,"Jun. 21, 2010","Feta Med, Inc.",,ericr@fetamed.com
77715420,REQUEST_FAILED,,,,,
77715518,REQUEST_FAILED,,,,,
77715567,deadAbandoned,FRESH TWIST,"May 10, 2010","DGL Consumer Products, Inc.",,tsmith@dglproducts.com
77715610,REQUEST_FAILED,,,,,
77715682,deadAbandoned,ND'S THE CLUB,"Jan. 02, 2010","ND Rights, LLC",,
77715723,deadAbandoned,ND'S THE CLUB LAS VEGAS,"Jan. 02, 2010","ND Rights, LLC",,
77715642,REQUEST_FAILED,,,,,
77715719,deadAbandoned,ND'S THE CLUB,"Jan. 02, 2010","ND Rights, LLC",,
77715751,deadAbandoned,ND'S INTERACTIVO,"Jan. 13, 2010","ND Rights, LLC",,
77715664,REQUEST_FAILED,,,,,
77715722,REQUEST_FAILED,,,,,
77715735,REQUEST_FAILED,,,,,
77715743,REQUEST_FAILED,,,,,
77715833,deadAbandoned,EAST OF ITALY,"Jun. 21, 2010","Cool Beans Management & Consulting, LLC",,jester@myhorriblelife.com
77715781,REQUEST_FAILED,,,,,
77715876,deadAbandoned,GIVING BACK,"Jan. 08, 2010","Sy, Babacar",,timothyandrade@gmail.com
77715890,deadAbandoned,DIGITAL BARIATRICS,"Jan. 04, 2010","Digital Bariatrics Software, LLC",,matt@digitalbariatrics.com
77715847,REQUEST_FAILED,,,,,
77715848,REQUEST_FAILED,,,,,
77715948,deadAbandoned,HERBION THE WAY TO HEALTH,"Aug. 20, 2010",Herbion USA Inc.,,mohammad.zakir@herbion.com
77715979,deadAbandoned,GET IT LIKE A BOSS PRODUCTIONS,"Jan. 08, 2010","Jackson, Efrem",,
77715895,REQUEST_FAILED,,,,,
77716083,deadAbandoned,KING RANCH HATS,"Jan. 15, 2010",Tombstone Hats Inc.,,isrraarambula@yahoo.com
77715950,REQUEST_FAILED,,,,,
77716004,REQUEST_FAILED,,,,,
77716094,REQUEST_FAILED,,,,,
77716098,REQUEST_FAILED,,,,,
77716117,REQUEST_FAILED,,,,,
77716163,REQUEST_FAILED,,,,,
77716190,REQUEST_FAILED,,,,,
77716194,REQUEST_FAILED,,,,,
77716227,deadAbandoned,BOTTOM JOCK,"Jun. 21, 2010",Scott M. Oslick,,scottoslick@gmail.com
77716233,REQUEST_FAILED,,,,,
77716290,deadAbandoned,PERSPECTIVE - PARTNERS IN STRATEGY & LEADERSHIP,"Oct. 21, 2010","Dalto, Juan Carlos",,juancarlosdalto@me.com
77716268,REQUEST_FAILED,,,,,
77716332,REQUEST_FAILED,,,,,
77716376,REQUEST_FAILED,,,,,
77716384,REQUEST_FAILED,,,,,
77716452,REQUEST_FAILED,,,,,
77716509,REQUEST_FAILED,,,,,
77716617,REQUEST_FAILED,,,,,
77716640,REQUEST_FAILED,,,,,
77716707,deadAbandoned,"WHOLE EARTH ESSENTIALS, LLC BECAUSE LIFE IS A BEAUTIFUL RIDE.","Sep. 03, 2010","Chen, Candace",,candacechen@cox.net
77716704,REQUEST_FAILED,,,,,
77716711,REQUEST_FAILED,,,,,
77716772,REQUEST_FAILED,,,,,
77716785,REQUEST_FAILED,,,,,
77716892,REQUEST_FAILED,,,,,
77716910,REQUEST_FAILED,,,,,
77716955,deadAbandoned,NEVER FORGET WHERE YOU COME FROM,"Jan. 08, 2010","Sy, Babacar",,timothyandrade@gmail.com
77716927,REQUEST_FAILED,,,,,
77716953,deadAbandoned,ALL OUR SHADOWS ARE BLACK,"Jun. 21, 2010","KITAMURA, ANULKA",,ZANALUKA@AOL.COM
77716933,REQUEST_FAILED,,,,,
77716978,deadAbandoned,HAVE A REAL LIFE ENJOY YOURSELF DISCOVER/DRIVE A VIBRANT/VIBRATING INDIVIDUAL DREAM SITTING ON NERVES,"Jan. 15, 2010",Bencken John D.,,erikaskillern@yahoo.com
77716982,deadAbandoned,FASHION BAR,"Jan. 11, 2010","Fashion Network, Inc.",,staff@nylink.com
77716957,REQUEST_FAILED,,,,,
77716970,REQUEST_FAILED,,,,,
77716972,REQUEST_FAILED,,,,,
77716988,REQUEST_FAILED,,,,,
77717022,deadAbandoned,FINE WINE & DESIGN,"Jan. 11, 2010","Gerson, Ronald B",,rongerson@yahoo.com
77717004,REQUEST_FAILED,,,,,
77717018,REQUEST_FAILED,,,,,
77717014,REQUEST_FAILED,,,,,
77717086,deadAbandoned,THE UCK (THE ULTIMATE COLLEGE KNOWLEDGE),"Jan. 09, 2010",Zachary Dubow,,zachary.dubow@gmail.com
77717092,deadAbandoned,HUMANASOFT,"Jan. 11, 2010","Zodiac Phish, LLC",,lhogue@sunpathllc.com
77717107,deadAbandoned,DARMA,"Jan. 20, 2010","Le, Minhzuy Nghiem",,Minhzuy@hotmail.com
77717112,deadAbandoned,VIVAR,"Jan. 18, 2010",BH Fine Foods Pty Ltd,,montehome@gmail.com
77717103,REQUEST_FAILED,,,,,
77717108,REQUEST_FAILED,,,,,
77717216,deadAbandoned,GOLDEN CHILD GRAPHIX,"Jan. 19, 2010",Rolando Irizarry,,maria@ohsoglamorousu.com
77717183,REQUEST_FAILED,,,,,
77717238,REQUEST_FAILED,,,,,
77717361,deadAbandoned,MSP BLUE SHRIMP,"Jul. 05, 2010","PRODUCTORES DEL MAR DE MEXICO, S.A. DE C.V.",,tdmkus@gmail.com
77717336,REQUEST_FAILED,,,,,
77717343,REQUEST_FAILED,,,,,
77717364,REQUEST_FAILED,,,,,
77717443,REQUEST_FAILED,,,,,
77717455,REQUEST_FAILED,,,,,
77717559,deadAbandoned,THE BUZZ ON LIFE,"Jan. 12, 2010","Rock Point Press, LLC",,momager@aol.com
77717613,REQUEST_FAILED,,,,,
77717631,REQUEST_FAILED,,,,,
77717676,REQUEST_FAILED,,,,,
77717828,deadAbandoned,AWARENESS LEADERS WORKSHOP,"Feb. 12, 2010","Quality Management International, Inc.",,jbroomfield@aworldofquality.com
77717740,REQUEST_FAILED,,,,,
77717746,REQUEST_FAILED,,,,,
77717904,deadAbandoned,FLIPIT,"Jun. 21, 2010",FLIP STUDIOS LLC,,INFO@FLIPSTUDIOS.COM
77717920,deadAbandoned,ARTISTIC ICE,"Jun. 10, 2010","Goldsmith, Ira M.",,capital979@aol.com
77717821,REQUEST_FAILED,,,,,
77717970,deadAbandoned,"""COUNT YOUR BLESSINGS""","Jan. 06, 2010","Robinson, Laura",,ebryanart@gmail.com
77717922,REQUEST_FAILED,,,,,
77717933,REQUEST_FAILED,,,,,
77718007,REQUEST_FAILED,,,,,
77718060,deadAbandoned,VDB,"Mar. 17, 2010",Delphix Corp.,,hilary@delphix.com
77718019,REQUEST_FAILED,,,,,
77718064,deadAbandoned,LUMINAIR,"Jan. 10, 2010","Synthe FX, LLC",,rmhisey@synthe-fx.com
77718059,REQUEST_FAILED,,,,,
77718061,REQUEST_FAILED,,,,,
77718134,deadAbandoned,FATHEADS 4 SAFETY,"Jan. 19, 2010",New Tech Graphics,,bob@newtechgraphics.com
77718085,REQUEST_FAILED,,,,,
77718097,REQUEST_FAILED,,,,,
77718118,deadAbandoned,GLAMOUR,"Jan. 14, 2010",SALAZAR ARMANDO,,acluquin2@hotmail.com
77718128,REQUEST_FAILED,,,,,
77718162,deadAbandoned,DOK-ING,"Jun. 02, 2010",DOK-ING d.o.o.,,
77718229,deadAbandoned,TRAVEL PLANNING FOR SMART PEOPLE,"Jun. 21, 2010",Kayak Software Corporation,,
77718142,REQUEST_FAILED,,,,,
77718155,REQUEST_FAILED,,,,,
77718232,deadAbandoned,AWNT STANDARD,"Jan. 15, 2010",Lewwriter Corp.,,mlew@lewwriter.com
77718275,deadAbandoned,FIZZAMINS,"Sep. 14, 2010","Sheldon, Michael",,mike@sheldonmike.com
77718277,deadAbandoned,BOMBERBABE,"Jan. 16, 2010","Farley-Zorn, Jody",,jody8192@yahoo.com
77718299,deadAbandoned,CARDSHARP,"Jan. 15, 2010","Sinclair, Iain",,iain@iainsinclair.com
77718241,REQUEST_FAILED,,,,,
77718272,REQUEST_FAILED,,,,,
77718370,deadAbandoned,ALL-NITE,"Jan. 15, 2010","Montenegro, Leonard H",,leo@kukq.com
77718386,REQUEST_FAILED,,,,,
77718442,REQUEST_FAILED,,,,,
77718473,REQUEST_FAILED,,,,,
77718541,deadAbandoned,FREAKY SPACE,"Jul. 05, 2010","Abandon Interactive Entertainment, LLC",,
77718503,REQUEST_FAILED,,,,,
77718564,deadAbandoned,NOVO - HYDROCARBONFREE NWT-100,"Jan. 20, 2010","NOVO WORLD TECHNOLOGIES, INC",,sales@novo11.net
77718577,deadAbandoned,NOVO - QUICKSOLV NWT-200,"Jan. 20, 2010","NOVO WORLD TECHNOLOGIES, INC",,sales@novo11.net
77718589,deadAbandoned,NOVO - AMMONIA RESOLV NWT-300,"Jan. 20, 2010","NOVO WORLD TECHNOLOGIES, INC",,sales@novo11.net
77718644,deadAbandoned,"NOVO WORLD TECHNOLOGIES, INC ( NWT)","Jan. 20, 2010","NOVO WORLD TECHNOLOGIES, INC",,sales@novo11.net
77718620,REQUEST_FAILED,,,,,
77718685,deadAbandoned,PURE CRIMINAL,"Aug. 20, 2010","Gold, Oliver W",,gold_oliver@hotmail.com
77718952,deadAbandoned,O'NEILL WINE CELLARS,"Jan. 13, 2010",Kelley O'Neill,,Oneillvineyard@yahoo.com
77718716,REQUEST_FAILED,,,,,
77718873,REQUEST_FAILED,,,,,
77718841,REQUEST_FAILED,,,,,
77719014,REQUEST_FAILED,,,,,
77719054,REQUEST_FAILED,,,,,
77719095,deadAbandoned,HIDE A SCREEN THE UNSEEN SHOWER SCREEN,"Apr. 20, 2010",HideAScreen LLC,,ajhilger@thehideascreen.com
77719085,REQUEST_FAILED,,,,,
77719096,REQUEST_FAILED,,,,,
77719115,REQUEST_FAILED,,,,,
77719172,deadAbandoned,JOLLY BUTCHER,"Jun. 21, 2010","Rascher, Bruce",,thrascher@juno.com
77719183,deadAbandoned,ALL-NITE ENERGY,"Jan. 15, 2010","Montenegro, Leonard H",,leo@kukq.com
77719215,deadAbandoned,TRENDKILL,"Jan. 19, 2010","Rjaile, Naji",,Naji@Trendkillapparel.com
77719189,REQUEST_FAILED,,,,,
77719211,deadAbandoned,LOTSAPIX,"Jan. 19, 2010","Rossi, Tanya G",,shop@lotsapix.com
77719228,deadAbandoned,GRASSLINX,"Jun. 21, 2010","O' Leary, Clinton George",,clinton.oleary@eccdxb.ae
77719221,REQUEST_FAILED,,,,,
77719310,deadAbandoned,NO-SURPRISE HEALTHCARE PRICING,"Apr. 28, 2010","ZEPHERELLA, INC.",,tom.furr@zepherella.com
77719270,REQUEST_FAILED,,,,,
77719351,REQUEST_FAILED,,,,,
77719360,REQUEST_FAILED,,,,,
77719441,REQUEST_FAILED,,,,,
77719458,REQUEST_FAILED,,,,,
77719486,REQUEST_FAILED,,,,,
77719519,REQUEST_FAILED,,,,,
77719542,deadAbandoned,GOLDEN SUNSHINE,"Jun. 28, 2010","Delta Brands, Inc.",,jerry@deltabrands.net
77719531,REQUEST_FAILED,,,,,
77719593,deadAbandoned,SUGARPOPPIES,"Jan. 19, 2010","Sugarpoppies, LLC",,redrockcorporatesolutions@gmail.com
77719610,deadAbandoned,TOTTIES,"Jan. 19, 2010","Sugarpoppies, LLC",,redrockcorporatesolutions@gmail.com
77719596,deadAbandoned,CPALEARN,"Jan. 17, 2010","Manexa, LLC",,notto@manexa.com
77719658,deadAbandoned,STUDENTS NEED THIS,"Jan. 15, 2010","Students Need This, LLC",,malcolm.paulino@gmail.com
77719586,REQUEST_FAILED,,,,,
77719689,deadAbandoned,LOVE NETWORK,"Jan. 25, 2010","Erickson, Charles W.",,chuck@chucklove.com
77719632,REQUEST_FAILED,,,,,
77719746,deadAbandoned,CIRCLES OF ART,"Jun. 28, 2010","Urban Circles, Inc.",,brendaslusk@yahoo.com
77719697,REQUEST_FAILED,,,,,
77719819,deadAbandoned,FUN COLLEGE GIRLS,"Jan. 19, 2010",BROWN DEWAYNE A.,,ZODAKTHEGREAT2002@YAHOO.COM
77719757,REQUEST_FAILED,,,,,
77719833,REQUEST_FAILED,,,,,
77720019,deadAbandoned,AID FOR THE WORLD,"Jan. 21, 2010","Keyes, Carl, D",,shopewell@aid4theworld.org
77719834,REQUEST_FAILED,,,,,
77719907,REQUEST_FAILED,,,,,
77720056,REQUEST_FAILED,,,,,
77720167,REQUEST_FAILED,,,,,
77720164,REQUEST_FAILED,,,,,
77720183,REQUEST_FAILED,,,,,
77720206,REQUEST_FAILED,,,,,
77720208,REQUEST_FAILED,,,,,
77720252,deadAbandoned,RESCUE STIX,"Jan. 11, 2010","Ghandehari, Ashkan",,ashkangh@sbcglobal.net
77720222,REQUEST_FAILED,,,,,
77720251,deadAbandoned,KIDS 'N COUNTRY,"Jun. 28, 2010","Keukelaar, Jeri",,jerilynn.chambers@gmail.com
77720304,deadAbandoned,CATAMARAN,"Aug. 02, 2010",Admiral S.A.,,catamaran@catamaran.ch
77720334,deadAbandoned,AGILITY,"Jan. 19, 2010",Nilesk Group Limited,,ncp.dejong@nilesk.com
77720262,REQUEST_FAILED,,,,,
77720258,REQUEST_FAILED,,,,,
77720294,REQUEST_FAILED,,,,,
77720349,REQUEST_FAILED,,,,,
77720380,REQUEST_FAILED,,,,,
77720437,deadAbandoned,TULLY'S GLUTEN-FREE BAKERY,"Jan. 22, 2010",Tully's Bakery LLC,,TullyLewis@gmail.com
77720427,REQUEST_FAILED,,,,,
77720441,REQUEST_FAILED,,,,,
77720522,deadAbandoned,BUYSIGNSDIRECT,"Jan. 22, 2010","Nava, Guillermo",,willnava@comcast.net
77720475,REQUEST_FAILED,,,,,
77720498,REQUEST_FAILED,,,,,
77720541,REQUEST_FAILED,,,,,
77720670,deadAbandoned,CULTURE,"Jan. 28, 2010",First Coffee Corp.,,marcmeisel@optimum.com
77720608,REQUEST_FAILED,,,,,
77720622,REQUEST_FAILED,,,,,
77720652,REQUEST_FAILED,,,,,
77720717,REQUEST_FAILED,,,,,
77720751,REQUEST_FAILED,,,,,
77720815,REQUEST_FAILED,,,,,
77720946,deadAbandoned,KAYA RESPONSIBLE TRAVEL,"Jun. 28, 2010",Global Educators Inc.,,richard@myproworld.org
77720897,REQUEST_FAILED,,,,,
77720908,REQUEST_FAILED,,,,,
77721029,deadAbandoned,GLOBAL EDUCATORS,"Feb. 18, 2010",Global Educators Inc.,,richard@myproworld.org
77720948,REQUEST_FAILED,,,,,
77721076,deadAbandoned,TRANSFORMING HUMANITARIAN PARTNERSHIPS,"Jan. 20, 2010","Keyes, Carl, D",,shopewell@aid4theworld.org
77720957,REQUEST_FAILED,,,,,
77721065,deadAbandoned,OH SO GLAMOROUS U,"Jan. 19, 2010",Maria Avellanet,,ohsoglamorousu@gmail.com
77721114,deadAbandoned,FINDING SIMPLE SOLUTIONS FOR GLOBAL PROBLEMS,"Jan. 20, 2010","Keyes, Carl, D",,shopewell@aid4theworld.org
77721049,REQUEST_FAILED,,,,,
77721171,deadAbandoned,OSGU,"Jan. 19, 2010",Maria Avellanet,,ohsoglamorousu@gmail.com
77721084,REQUEST_FAILED,,,,,
77721091,REQUEST_FAILED,,,,,
77721154,REQUEST_FAILED,,,,,
77721252,deadAbandoned,21 AGAIN,"Jan. 15, 2010","Fitfast, LLC",,fitfast@gmail.com
77721196,REQUEST_FAILED,,,,,
77721314,deadAbandoned,DEFEATEX,"Jan. 15, 2010","Hampton, Mark W.",,mark@jadegrowth.com
77721247,REQUEST_FAILED,,,,,
77721331,deadAbandoned,SYSDRIVE,"Jan. 23, 2010","Hunan Runcore Innovation Technology Co., Ltd.",,zhanghonglu@inipa.com
77721316,deadAbandoned,-DEFEATEX,"Jan. 15, 2010","Hampton, Mark W.",,mark@jadegrowth.com
77721342,deadAbandoned,STATMAT,"Jan. 21, 2010","Trident Innovations, LLC",,tridentinnovations@gmail.com
77721347,deadAbandoned,PGEE BALL,"Jun. 14, 2010","Elia, Louis",,
77721321,REQUEST_FAILED,,,,,
77721371,deadAbandoned,SCOTT'S GIRL,"Jan. 06, 2010","Baker, Cristal D",,forevasmylin@yahoo.com
77721336,REQUEST_FAILED,,,,,
77721340,REQUEST_FAILED,,,,,
77721463,deadAbandoned,COGNITIVE SKILLS PROFILE,"Jan. 24, 2010","LearningRx, Inc.",,ken@learningrx.com
77721460,REQUEST_FAILED,,,,,
77721535,REQUEST_FAILED,,,,,
77721601,deadAbandoned,UNITED GOLD,"Feb. 27, 2010",United Gold Inc.,,info@unitedgoldking.com
77721577,REQUEST_FAILED,,,,,
77721635,REQUEST_FAILED,,,,,
77721636,REQUEST_FAILED,,,,,
77721741,REQUEST_FAILED,,,,,
77721749,REQUEST_FAILED,,,,,
77721942,deadAbandoned,PAISLEY,"Jun. 28, 2010","Osez Vous? International Spirits, LLC",,rcooper@cooperspirits.com
77721755,REQUEST_FAILED,,,,,
77721951,deadAbandoned,MMA SPORTSWEAR,"Jan. 18, 2010","C7 Brands, LLC",,ddechelfin@vcorpservices.com
77721893,REQUEST_FAILED,,,,,
77722105,deadAbandoned,MAQUIBERRY,"Mar. 31, 2010",BioGroup Inc.,,fdutilh@spbiogroup.com
77722138,deadAbandoned,LNT OUTLET,"Jun. 28, 2010","LNT ACQUISITION, LLC",,gstankus@hilcocc.com
77722158,deadAbandoned,LINENS 'N THINGS OUTLET,"Jun. 28, 2010","LNT ACQUISITION, LLC",,gstankus@hilcocc.com
77722194,deadAbandoned,SAUBER AMERIKAN,"Sep. 20, 2010",Sauber Amerikan Corp.,,
77722094,REQUEST_FAILED,,,,,
77722098,REQUEST_FAILED,,,,,
77722208,deadAbandoned,FEEL FREE BY SAUBERAMERIKAN,"Dec. 13, 2010",Sauber Amerikan Corp.,,
77722259,deadAbandoned,HOOLIGANS,"Jan. 19, 2010",fabio waizer,,fabio_w@infovia.com.ar
77722152,REQUEST_FAILED,,,,,
77722309,deadAbandoned,DEFEETEX,"Jan. 15, 2010","Hampton, Mark W.",,mark@jadegrowth.com
77722277,REQUEST_FAILED,,,,,
77722285,REQUEST_FAILED,,,,,
77722340,deadAbandoned,BOOTY WAX CO. EAST COAST'S FINEST NATURAL SURF WAX,"Oct. 25, 2010","Edwards, Ryan G.",,bootywaxcompany@gmail.com
77722315,REQUEST_FAILED,,,,,
77722316,REQUEST_FAILED,,,,,
77722378,deadAbandoned,TIGER HILL,"Aug. 21, 2010",Tanvir Muhammad,,highscope@gmail.com
77722335,REQUEST_FAILED,,,,,
77722392,deadAbandoned,CHICAGO WATER,"Feb. 05, 2010",Ronald F. Reda,,ronreda@gmail.com
77722354,REQUEST_FAILED,,,,,
77722379,REQUEST_FAILED,,,,,
77722423,deadAbandoned,RISK-IT,"Jan. 19, 2010","COLE, MATTHEW R",,maricella.r@gmail.com
77722412,REQUEST_FAILED,,,,,
77722422,REQUEST_FAILED,,,,,
77722436,REQUEST_FAILED,,,,,
77722426,REQUEST_FAILED,,,,,
77722474,deadAbandoned,MAYA NUT,"Jan. 24, 2010",Leslie Jones,,ljoneschai@yahoo.com
77722464,REQUEST_FAILED,,,,,
77722463,REQUEST_FAILED,,,,,
77722481,REQUEST_FAILED,,,,,
77722493,REQUEST_FAILED,,,,,
77722495,REQUEST_FAILED,,,,,
77722538,REQUEST_FAILED,,,,,
77722561,deadAbandoned,SUPERIORSLIDES,"Jan. 22, 2010","Baker, Cynthia M",,
77722548,REQUEST_FAILED,,,,,
77722550,REQUEST_FAILED,,,,,
77722606,deadAbandoned,LSAT PROCTOR,"Feb. 01, 2010",Self Proctor,,support@lsatproctor.com
77722634,deadAbandoned,CONJUNTO ORO,"Feb. 18, 2010","Canales, Alberto",,cochino81@yahoo.com
77722631,deadAbandoned,WHAT'S CRITICAL,"Jan. 23, 2010",What's Critical Pty Ltd.,,matt@whatscritical.com
77722624,deadAbandoned,UESAFE,"Jun. 17, 2010",Karlis Tillers,,karl@t-rechner.com
77722680,deadAbandoned,THE DUCK & COVER KABUL EST. 1387,"Jan. 22, 2010",Kabul Embassy Employees Association,,kabulkeea@state.gov
77722607,REQUEST_FAILED,,,,,
77722621,REQUEST_FAILED,,,,,
77722795,deadAbandoned,ENABLE YOUR LIFE,"Jul. 28, 2010","Enable Your Life, Inc.",,cstoeri@enableyourlife.com
77722684,REQUEST_FAILED,,,,,
77722746,REQUEST_FAILED,,,,,
77722763,REQUEST_FAILED,,,,,
77722829,deadAbandoned,A DAY TO REMEMBER,"Jul. 05, 2010","Marold, Vincent J.",,vince@brandxllc.com
77722779,REQUEST_FAILED,,,,,
77722859,deadAbandoned,None,"Nov. 09, 2010","Van Sant, James R.",,horta@ix.netcom.com
77722819,REQUEST_FAILED,,,,,
77722972,deadAbandoned,TURF MEDIX,"Jan. 22, 2010",Turf Medix,,matt50williams@yahoo.com
77722935,deadAbandoned,COQUETTE,"Jun. 28, 2010","Osez Vous? International Spirits, LLC",,rcooper@cooperspirits.com
77722933,REQUEST_FAILED,,,,,
77723063,deadAbandoned,TRI-GUARD,"Oct. 11, 2010",MedFilters,,jdowd@medfilters.com
77723179,deadAbandoned,SWEATGUARD,"Jan. 21, 2010","The Real Co., Inc",,judy@realcompanyinc.com
77723211,deadAbandoned,HOOLIGANS UNITED,"Jan. 22, 2010",David DiCenzo,,daveydee_01@hotmail.com
77723125,REQUEST_FAILED,,,,,
77723169,REQUEST_FAILED,,,,,
77723300,deadAbandoned,SHUTTERBABIES,"Jun. 28, 2010","Saunders, Patricia",,Shutterbabiess@yahoo.com
77723292,deadAbandoned,MANASTÉ,"Jan. 21, 2010",Inspirit Enterprices LLC,,hans@manaste.com
77723215,REQUEST_FAILED,,,,,
77723390,deadAbandoned,AMERICAN TEARDROP,"Jan. 25, 2010","Hausman, Byron",,bud@littletrailer.com
77723474,deadAbandoned,PREFERRED RISK E&O,"Sep. 30, 2010",National Ethics Bureau,,smccarty@ethicscheck.com
77723312,REQUEST_FAILED,,,,,
77723535,deadAbandoned,INKCREDIBLES,"Jan. 23, 2010","Moreno, Luis, M",,uroeone@hotmail.com
77723562,deadAbandoned,PUPTART,"Jan. 21, 2010","Froning, Amy Sue",,afroning01@sbcglobal.net
77723454,REQUEST_FAILED,,,,,
77723564,deadAbandoned,GET PAID TO SURF THE WEB!,"Aug. 25, 2010",Inter-Mark Corporation,,
77723507,REQUEST_FAILED,,,,,
77723570,deadAbandoned,PICOFLY,"Jan. 25, 2010","Shenzhen Gentos Measurement & Control CO.,Ltd.",,
77723573,deadAbandoned,BACONE,"Jul. 05, 2010","Williams, Christian A.",,orbit@framezero.com
77723598,deadAbandoned,DRAGON GRIPS,"Jan. 30, 2010",Guy Micheletti,,thedragon@dragongrips.com
77723552,REQUEST_FAILED,,,,,
77723582,REQUEST_FAILED,,,,,
77723676,deadAbandoned,THE DUCK & COVER,"Jan. 25, 2010",Kabul Embassy Employees Association,,kabulkeea@state.gov
77723682,deadAbandoned,GIVING YOU A REASON TO SMILE,"Jan. 14, 2010","Acadia Dental Management, LLC",,drprasad@acadiadental.com
77723631,REQUEST_FAILED,,,,,
77723785,deadAbandoned,TH T & HORSEMAN,"Jan. 29, 2010",T & Horseman International Limited,,
77723768,REQUEST_FAILED,,,,,
77723801,REQUEST_FAILED,,,,,
77723822,REQUEST_FAILED,,,,,
77723831,REQUEST_FAILED,,,,,
77723837,REQUEST_FAILED,,,,,
77723910,deadAbandoned,THE ROYAL BASTARD,"Nov. 15, 2010",Lord Willy's,,mr.wilcox@lordwillys.com
77723913,deadAbandoned,IVAAP,"Jan. 25, 2010","Jasonova Enterprises, Inc.",,jason@ivaap.com
77723842,REQUEST_FAILED,,,,,
77723890,REQUEST_FAILED,,,,,
77724009,deadAbandoned,DIVINA ITALIA,"Jan. 25, 2010",TEN O'CLOCK FOODS INC.,,marcia@tenoclockinc.com
77724024,deadAbandoned,AIIAN,"Jul. 05, 2010",Patrick Dumont,,oceanloveone@yahoo.com
77724019,deadAbandoned,COLLEGE EVALUATION TOOL HELPING STUDENTS MAKE THEIR COLLEGE DECISION BASED ON THEIR OWN EVALUATION,"Jan. 26, 2010","Holmes, Cory T.",,cholmes@collegeevaluationtool.com
77724025,deadAbandoned,LAZY BEAN CAFE,"Jan. 25, 2010","Greenspan's Glatt Enterprises, Inc.",,ddechelfin@vcorpservices.com
77723961,REQUEST_FAILED,,,,,
77723966,REQUEST_FAILED,,,,,
77723985,REQUEST_FAILED,,,,,
77724089,deadAbandoned,DIVINA ITALIA,"Jan. 25, 2010",TEN O'CLOCK FOODS INC.,,marcia@tenoclockinc.com
77724071,deadAbandoned,THE SHADES OF BLUE,"Jan. 14, 2010","Avig, Scott J.",,scottyavig@yahoo.com
77724245,deadAbandoned,ELECTEE,"Jul. 05, 2010","New Line Fashion, Inc.",,tmregistered@gmail.com
77724122,REQUEST_FAILED,,,,,
77724129,REQUEST_FAILED,,,,,
77724182,REQUEST_FAILED,,,,,
77724271,REQUEST_FAILED,,,,,
77724320,REQUEST_FAILED,,,,,
77724313,REQUEST_FAILED,,,,,
77724354,deadAbandoned,GREEN VALUE STREAM MAPPING,"Jul. 21, 2010","GREEN KAIZEN, INC.",,info@greenkaizen.com
77724328,REQUEST_FAILED,,,,,
77724373,REQUEST_FAILED,,,,,
77724461,REQUEST_FAILED,,,,,
77724491,deadAbandoned,SITESTAR,"Jul. 05, 2010","DemoReports, LLC",,info@demoreports.com
77724469,REQUEST_FAILED,,,,,
77724518,REQUEST_FAILED,,,,,
77724567,deadAbandoned,EPT ENERGY POTENTIAL TECHNOLOGY BY ELVISEM,"Apr. 03, 2010",Elvisem AG,,mgehring@lagam.ch
77724570,deadAbandoned,ARISTOTAL,"Dec. 22, 2010",Matsunaga Atsushi,,hamish@gol.com
77724564,REQUEST_FAILED,,,,,
77724694,deadAbandoned,GOOD FOOD WE DELIVER,"Dec. 27, 2010",Basis Holdings LLC,,bion@basisfoods.com
77724637,REQUEST_FAILED,,,,,
77724661,REQUEST_FAILED,,,,,
77724706,REQUEST_FAILED,,,,,
77724757,REQUEST_FAILED,,,,,
77724909,REQUEST_FAILED,,,,,
77724997,REQUEST_FAILED,,,,,
77725088,deadAbandoned,DELLEC,"Nov. 08, 2010","Aspen MLT, Inc.",,
77725022,REQUEST_FAILED,,,,,
77725027,REQUEST_FAILED,,,,,
77725130,REQUEST_FAILED,,,,,
77725297,REQUEST_FAILED,,,,,
77725305,REQUEST_FAILED,,,,,
77725441,deadAbandoned,XZAVR,"Feb. 01, 2010","Kim, Jee",,info@xzavierusa.com
77725348,REQUEST_FAILED,,,,,
77725510,REQUEST_FAILED,,,,,
77725508,REQUEST_FAILED,,,,,
77725528,REQUEST_FAILED,,,,,
77725538,REQUEST_FAILED,,,,,
77725615,deadAbandoned,EASYAD THE EASY WAY,"Feb. 05, 2010",EASYAD USA INC.,,
77725576,REQUEST_FAILED,,,,,
77725614,REQUEST_FAILED,,,,,
77725616,REQUEST_FAILED,,,,,
77725817,deadAbandoned,CERTIFIED COMPLIANCE OFFICER,"Feb. 04, 2010","RCA Group, LLC",,kchatterson@hedgemonypartners.com
77725752,REQUEST_FAILED,,,,,
77725891,deadAbandoned,THE GURU OF IMPLEMENTATION,"Jul. 12, 2010","Evans, Melissa B",,melissa.evans@broshegroup.com
77725842,REQUEST_FAILED,,,,,
77725870,deadAbandoned,MAPTIMIZE,"Jan. 29, 2010",sebastien gruhier,,sgruhier@mac.com
77725904,REQUEST_FAILED,,,,,
77725924,REQUEST_FAILED,,,,,
77726037,deadAbandoned,AMERICAN BUS PRODUCTS,"Jan. 28, 2010",American Bus Products Inc.,,rstenzl@leedstransit.com
77725936,REQUEST_FAILED,,,,,
77726041,REQUEST_FAILED,,,,,
77726263,deadAbandoned,EB4HER,"Aug. 09, 2010","Eastbay, Inc.",,tbombata@footlocker.com
77726083,REQUEST_FAILED,,,,,
77726102,REQUEST_FAILED,,,,,
77726299,deadAbandoned,THE CULINARY HERBIE,"Aug. 05, 2010",William Breeyear,,
77726271,REQUEST_FAILED,,,,,
77726395,REQUEST_FAILED,,,,,
77726420,REQUEST_FAILED,,,,,
77726459,REQUEST_FAILED,,,,,
77726437,REQUEST_FAILED,,,,,
77726526,REQUEST_FAILED,,,,,
77726533,REQUEST_FAILED,,,,,
77726575,deadAbandoned,MADISON,"Aug. 23, 2010",American-De Rosa Lamparts LLC.,,Jquach@lamparts.com
77726583,deadAbandoned,NEVER TAME,"Jan. 28, 2010","The Never Tame, Inc.",,admin@thenevertame.com
77726542,REQUEST_FAILED,,,,,
77726562,REQUEST_FAILED,,,,,
77726580,REQUEST_FAILED,,,,,
77726678,deadAbandoned,NOTEKASE,"Feb. 05, 2010","Gelbart, Sasha B",,sashag@mac.com
77726597,REQUEST_FAILED,,,,,
77726627,REQUEST_FAILED,,,,,
77726646,REQUEST_FAILED,,,,,
77726683,REQUEST_FAILED,,,,,
77726758,deadAbandoned,BELLA JEWELS,"Jul. 29, 2010","Siegel,Tamara.Shanna",,queenme3@aol.com
77726804,deadAbandoned,HULAHOOP RECORDS,"Feb. 01, 2010",Nikhil Alexei Schur Narula,,arvind@urmatt.com
77726875,deadAbandoned,KNIGHTS OF THE REALM,"Feb. 23, 2010",Douglas A Cook,,dcook@funmakergames.com
77726818,REQUEST_FAILED,,,,,
77726850,REQUEST_FAILED,,,,,
77726854,REQUEST_FAILED,,,,,
77726904,REQUEST_FAILED,,,,,
77726970,deadAbandoned,ANTIFLU,"Feb. 06, 2010",Richard Gelsomino,,gelsomino7@yahoo.com
77726966,REQUEST_FAILED,,,,,
77727158,deadAbandoned,WAS AGENCY,"Mar. 02, 2010","Smith, William A",,will@wasagency.com
77726999,REQUEST_FAILED,,,,,
77727028,REQUEST_FAILED,,,,,
77727039,REQUEST_FAILED,,,,,
77727121,REQUEST_FAILED,,,,,
77727254,REQUEST_FAILED,,,,,
77727364,REQUEST_FAILED,,,,,
77727383,REQUEST_FAILED,,,,,
77727421,deadAbandoned,GREENGAUGE,"Feb. 04, 2010",Douglas W. Snadecki,,doug.snadecki@gmail.com
77727513,deadAbandoned,CHE AHN MINISTRIES,"Feb. 03, 2010",CHE AHN,,cheahn@aol.com
77727557,REQUEST_FAILED,,,,,
77727619,deadAbandoned,SIDEKICK ROBOTICS,"Jan. 30, 2010","Salisbury, Curt Michael",,curtengineering@gmail.com
77727628,deadAbandoned,QUOTE 'N' BOOK,"Feb. 01, 2010",Central Chauffeur Services,,steve@centralchauffeur.com
77727623,REQUEST_FAILED,,,,,
77727627,REQUEST_FAILED,,,,,
77727670,deadAbandoned,GLASS WASH'R,"Mar. 09, 2010",EVRIHOLDER PRODUCTS LLC,,garysevri@gmail.com
77727707,deadAbandoned,DELUXEQUOTE,"Feb. 01, 2010",James F. Shiver III,,jshiver@deluxequote.com
77727677,deadAbandoned,MARKETS FOR THE COMMON GOODS,"Feb. 01, 2010",Alan Pogrebinschi,,alanpog@gmail.com
77727669,deadAbandoned,MOOBI,"Feb. 02, 2010",Creative Mobile LLC,,contact@creative-mobile.net
77727728,deadAbandoned,DAISU INTELLECTUALS,"Jan. 30, 2010",Daisu International,,nghi8405@gmail.com
77727672,REQUEST_FAILED,,,,,
77727693,REQUEST_FAILED,,,,,
77727739,REQUEST_FAILED,,,,,
77727775,deadAbandoned,VIDEOTIFIC,"Feb. 01, 2010",J.R.M. Ventures LLC,,jrmarqu@usa.net
77727778,deadAbandoned,LOUDCLOUD,"Dec. 27, 2010",Loud Cloud Ventures,,alecstolz@gmail.com
77727780,deadAbandoned,SIMPA,"Jul. 05, 2010","Garabedian, Ohanes",,hg2135@gmail.com
77727752,REQUEST_FAILED,,,,,
77727791,deadAbandoned,SHOPPRIZER,"Jul. 12, 2010",ST Telecom Inc.,,vsilvast@yahoo.com
77727759,REQUEST_FAILED,,,,,
77727797,REQUEST_FAILED,,,,,
77727799,REQUEST_FAILED,,,,,
77727807,REQUEST_FAILED,,,,,
77727853,deadAbandoned,CONNECTING POWER TO PEOPLE,"Jul. 12, 2010",GridMobility LLC,,jdh@gridmobility.com
77727831,REQUEST_FAILED,,,,,
77727835,REQUEST_FAILED,,,,,
77727972,deadAbandoned,MARGARET ELIZABETH,"Jan. 30, 2010","Galligan, Margaret E",,margaret.galligan@gmail.com
77728070,deadAbandoned,ONE WAY SHOES,"Feb. 04, 2010","Hans, Jordan N.",,shaggyhans@gmail.com
77727882,REQUEST_FAILED,,,,,
77727942,REQUEST_FAILED,,,,,
77728171,deadAbandoned,HERCULES FOLDING CHAIR,"Feb. 01, 2010","Belnick, Inc.",,gary@belnickinc.com
77728215,deadAbandoned,MYWEALTHEXPERT MYWEALTHEXPERT.COM,"Feb. 01, 2010","Balcom, Thomas W.",,tombalcom@aol.com
77728284,deadAbandoned,EXECUTIVE ASSISTANT,"Nov. 08, 2010","Aspen MLT, Inc.",,
77728253,REQUEST_FAILED,,,,,
77728310,REQUEST_FAILED,,,,,
77728447,deadAbandoned,CONSCIOUS FOOTPRINT,"Dec. 10, 2010","Lancaster, Michelle",,michelle.lancaster6@gmail.com
77728391,REQUEST_FAILED,,,,,
77728414,REQUEST_FAILED,,,,,
77728545,REQUEST_FAILED,,,,,
77728629,deadAbandoned,RUST ATTACK,"Aug. 03, 2010","Flex Coatings, Inc.",,flexcoatings@gmail.com
77728706,deadAbandoned,GOLD $TA$H FOR CA$H,"Feb. 08, 2010","GSFC, LLC",,chriso@goldstashforcash.com
77728641,REQUEST_FAILED,,,,,
77728778,deadAbandoned,BATTLE OF THE GENERATIONS,"Jul. 05, 2010",Imagination Holdings Pty Ltd,,leonie.thomson@imagination.com.au
77728724,REQUEST_FAILED,,,,,
77728756,REQUEST_FAILED,,,,,
77728856,deadAbandoned,· ROCK HILL CRUISERS CAR CLUB ·,"Aug. 19, 2010","David S. Mauldwin, Jr.",,dmauldwin@comporium.net
77728796,REQUEST_FAILED,,,,,
77728893,deadAbandoned,TABSORB,"Jul. 19, 2010",Neutronics Inc.,,ghalp@comcast.net
77728845,REQUEST_FAILED,,,,,
77728953,REQUEST_FAILED,,,,,
77728990,REQUEST_FAILED,,,,,
77729044,REQUEST_FAILED,,,,,
77729119,REQUEST_FAILED,,,,,
77729196,deadAbandoned,TURN WORDS INTO MONEY,"Apr. 22, 2010",Turn Words Into Money Marketing Inc.,,
77729205,REQUEST_FAILED,,,,,
77729275,deadAbandoned,FASHIONCHOPSHOP,"Feb. 07, 2010","wexler, grace",,gracewexler@gmail.com
77729292,REQUEST_FAILED,,,,,
77729359,deadAbandoned,IGNITE & PUMP,"Sep. 23, 2010","Exhibit You, Inc.",,
77729657,deadAbandoned,GROOM SKINCARE,"Sep. 09, 2010",DELLA OLSHER,,aschwartz@schwartzip.com
77729505,REQUEST_FAILED,,,,,
77729513,REQUEST_FAILED,,,,,
77729684,deadAbandoned,SUPERMILK,"Feb. 02, 2010","Goldman, James",,cyberjock56@yahoo.com
77729716,deadAbandoned,TWITTERTAG,"Feb. 01, 2010",Lauron Technologies LLC,,ron@twittertag.net
77729620,REQUEST_FAILED,,,,,
77729629,REQUEST_FAILED,,,,,
77729647,REQUEST_FAILED,,,,,
77729738,deadAbandoned,GX POPS,"May 24, 2010","FTEN, Inc.",,
77729727,deadAbandoned,GATED AXCESS,"Jun. 14, 2010","FTEN, Inc.",,
77729720,deadAbandoned,GATED ACCESS,"Dec. 13, 2010","FTEN, Inc.",,
77729690,REQUEST_FAILED,,,,,
77729728,REQUEST_FAILED,,,,,
77729848,REQUEST_FAILED,,,,,
77729889,deadAbandoned,BI-LINGS,"Aug. 24, 2010","Ozdogan, Davis",,ozdogand@yahoo.com
77729861,REQUEST_FAILED,,,,,
77729900,REQUEST_FAILED,,,,,
77729923,deadAbandoned,MODERN DAY INVITE,"Jul. 19, 2010",Modern Day LLC,,rkn12@netzero.net
77729945,deadAbandoned,HISTORY OF ONE EMPIRE,"Jul. 12, 2010","Alawar Entertainment, Inc.",,vadim@alawar.com
77729918,deadAbandoned,INDEX CREATOR,"Feb. 02, 2010",Asia File Products Sdn. Bhd.,,cclim@asia-file.com
77729912,REQUEST_FAILED,,,,,
77729992,deadAbandoned,IDELIK,"Feb. 05, 2010","GOLPHIN JR, DAVID N",,DAVIDGOLPHIN@IDELIK.COM
77730030,deadAbandoned,SNOW ANGEL KIT,"Feb. 11, 2010",Theresa Mazzio P,,theresa.mazzio@charter.net
77729948,deadAbandoned,BOLT,"Feb. 05, 2010","WANG, JONATHAN HWAN",,jonwang@aol.com
77729970,REQUEST_FAILED,,,,,
77730138,REQUEST_FAILED,,,,,
77730150,REQUEST_FAILED,,,,,
77730161,REQUEST_FAILED,,,,,
77730162,REQUEST_FAILED,,,,,
77730274,deadAbandoned,10CC LOVE AFFAIR,"Feb. 11, 2010","Rodriguez, Duane",,joey_catacomb@tmail.com
77730203,REQUEST_FAILED,,,,,
77730295,REQUEST_FAILED,,,,,
77730297,REQUEST_FAILED,,,,,
77730306,REQUEST_FAILED,,,,,
77730311,REQUEST_FAILED,,,,,
77730394,deadAbandoned,SNOBBY CHICK,"Feb. 05, 2010","Wang, Ivy M",,milan7323@gmail.com
77730363,REQUEST_FAILED,,,,,
77730371,REQUEST_FAILED,,,,,
77730511,deadAbandoned,EAPEN,"Feb. 11, 2010","KELLEY, TRACEY LYNN",,KELLEY@EAPEN.NET
77730421,REQUEST_FAILED,,,,,
77730602,deadAbandoned,ENERGY BUSINESS REPORTS,"Feb. 02, 2010",Real Publishing LLC,,publisher@realpublishing.com
77730715,deadAbandoned,SHOP I ROCK.COM A SHOP FOR FASHION'S ROYALTY,"Apr. 23, 2010","Leigh, Jessica",,contact@shopirock.com
77730575,REQUEST_FAILED,,,,,
77730585,REQUEST_FAILED,,,,,
77730616,REQUEST_FAILED,,,,,
77730755,deadAbandoned,70MILES,"Dec. 28, 2010","Fortas, Miles Slocum",,msfortas@gmail.com
77730869,deadAbandoned,J. ELEFANTE,"Feb. 02, 2010","J. Elefante, LLC",,meagangleason@gmail.com
77730792,REQUEST_FAILED,,,,,
77730815,REQUEST_FAILED,,,,,
77730905,deadAbandoned,TOUCHDOTZ,"Feb. 05, 2010","Leto, Gerald Abner",,jerry.leto@cloudweaver.net
77730833,REQUEST_FAILED,,,,,
77730935,deadAbandoned,KEMICAL WARFARE,"Jul. 12, 2010",Roman & Co Llc,,roman@tryroman.com
77731010,deadAbandoned,FLEUR DE CURE,"Jul. 19, 2010","Tran, Thuc",,thuctran@cox.net
77731014,deadAbandoned,EMART,"Feb. 17, 2010",Emart International,,david@apexpacific.com
77730960,REQUEST_FAILED,,,,,
77730971,REQUEST_FAILED,,,,,
77731018,deadAbandoned,SCHOOLBUSINESSOFFICE,"Feb. 10, 2010",School Business Office LLC,,bfalkowski@sboffice.com
77731057,deadAbandoned,CREALIFE,"Jul. 16, 2010","Beijing Crealife Technology Co., Ltd.",,zhouwh@crealifemed.com
77731021,deadAbandoned,ATOM AND EDEN,"Aug. 02, 2010","Goch, David J",,dgoch1@cogeco.ca
77731056,deadAbandoned,YOU KNOW IT.,"Jul. 12, 2010","Mosely, Russell L.",,rlmos@cox.net
77731040,REQUEST_FAILED,,,,,
77731042,REQUEST_FAILED,,,,,
77731095,REQUEST_FAILED,,,,,
77731135,REQUEST_FAILED,,,,,
77731277,deadAbandoned,PBL PERFORMANCE-BASED LEARNING TRANSFORMING LEARNING INTO RESULTS,"Sep. 20, 2010","Sales Development & Performance, LLC",,shill@sales-blueprint.com
77731195,REQUEST_FAILED,,,,,
77731252,REQUEST_FAILED,,,,,
77731381,REQUEST_FAILED,,,,,
77731460,deadAbandoned,BEST-NATURAL,"Feb. 08, 2010",Best-Natural,,robert@xmission.com
77731485,deadAbandoned,CAZZA,"Feb. 04, 2010",Cazza Company,,
77731430,REQUEST_FAILED,,,,,
77731469,REQUEST_FAILED,,,,,
77731472,REQUEST_FAILED,,,,,
77731615,deadAbandoned,IT'S A GREEN THING!,"Jul. 12, 2010",Association of Wedding Gown Specialists,,info@weddinggownspecialists.com
77731599,REQUEST_FAILED,,,,,
77731630,REQUEST_FAILED,,,,,
77731732,REQUEST_FAILED,,,,,
77732015,deadAbandoned,MAN VZ. BEAST,"Jul. 12, 2010","Haubner, Matthew R",,matthewhaubner@mac.com
77731935,REQUEST_FAILED,,,,,
77732039,deadAbandoned,None,"Feb. 18, 2010","Rausch Jr., Richard",,Ricksture@aol.com
77732012,REQUEST_FAILED,,,,,
77732014,REQUEST_FAILED,,,,,
77732050,deadAbandoned,"IF YOU DREAM IT, WE CAN BUILD IT!","Feb. 04, 2010","General Remodeling & Construction, Corp.",,Shellysoffice@gmail.com
77732031,REQUEST_FAILED,,,,,
77732101,deadAbandoned,KEYLESS DOOR ENTRY SYSTEM,"Feb. 05, 2010","Grant, Shawn Branden",,sgrant2103@yahoo.com
77732055,REQUEST_FAILED,,,,,
77732076,REQUEST_FAILED,,,,,
77732125,REQUEST_FAILED,,,,,
77732179,deadAbandoned,PK GAMES,"Feb. 14, 2010",Aden Ikram,,
77732145,REQUEST_FAILED,,,,,
77732261,deadAbandoned,REV LIQUEUR,"Jul. 19, 2010","Jean-Marc, Daucourt",,jmd@daucourt.com
77732182,REQUEST_FAILED,,,,,
77732180,REQUEST_FAILED,,,,,
77732318,deadAbandoned,None,"Jul. 19, 2010","750 ML, LLC",,jcooper@domainedecanton.com
77732326,deadAbandoned,SMUPS,"Mar. 15, 2010","Niemiec, Robert J.",,rjn@comcast.net
77732383,deadAbandoned,ESTILO BRASIL,"Feb. 07, 2010","Bursky, Jeremy",,jeremy.bursky@gmail.com
77732301,deadAbandoned,MAD DOG,"Aug. 30, 2010",Matthew Brooks Madden,,bmadden1554@gmail.com
77732271,REQUEST_FAILED,,,,,
77732427,deadAbandoned,ACURA,"Aug. 22, 2010","U.S. Diagnostics, Inc",,eletko@usdiagnostics.net
77732475,deadAbandoned,MERRET,"Feb. 11, 2010",Ridgeview Estate Winery Limited,,mike@ridgeview.co.uk
77732376,REQUEST_FAILED,,,,,
77732611,deadAbandoned,NGAGE,"Feb. 09, 2010",Blue Yonder Gaming Corp.,,info@blueyondergaming.com
77732580,deadAbandoned,ACHIEVE SCIENCE,"Sep. 17, 2010","Blagden, Richard",,aschwartz@schwartzip.com
77732565,REQUEST_FAILED,,,,,
77732588,REQUEST_FAILED,,,,,
77732656,deadAbandoned,PDF BLOG,"Feb. 12, 2010",Nitro PDF Pty Ltd,,richard.wenzel@nitropdf.com
77732627,REQUEST_FAILED,,,,,
77732733,deadAbandoned,OFFICEWALL,"Oct. 07, 2010","The Picturewall Company, Inc.",,contact@thepicturewallcompany.com
77732784,deadAbandoned,AITEC,"Mar. 09, 2010",AITEC LLC,,aitecco@juno.com
77732804,deadAbandoned,NULOVE,"Feb. 12, 2010",Latasha M. Harris,,nulove2009@gmail.com
77732669,deadAbandoned,AVIONA,"Feb. 14, 2010",MH Trading Inc.,,cristoisland@hotmail.com
77732691,REQUEST_FAILED,,,,,
77732945,deadAbandoned,BLING YOUR SWING,"May 31, 2010",Bling Your Swing,,ghoppertango@msn.com
77732811,REQUEST_FAILED,,,,,
77732933,REQUEST_FAILED,,,,,
77732936,REQUEST_FAILED,,,,,
77733059,deadAbandoned,OMA BIKE,"Feb. 13, 2010","Riester, Jochen",,jkriester@yahoo.com
77733075,deadAbandoned,ACORN CYCLES,"Feb. 13, 2010","Riester, Jochen",,jkriester@yahoo.com
77733082,deadAbandoned,GRANNY BIKE,"Feb. 13, 2010","Riester, Jochen",,jkriester@yahoo.com
77733066,REQUEST_FAILED,,,,,
77733096,REQUEST_FAILED,,,,,
77733097,REQUEST_FAILED,,,,,
77733129,REQUEST_FAILED,,,,,
77733164,deadAbandoned,CUATRO PASOS [ FOUR STEPS ],"Feb. 15, 2010","BODEGAS MARTÍN CODAX, S.A.",,direccion@globalpatent.es
77733169,deadAbandoned,GOT JUNK MAIL?,"Aug. 23, 2010","Innovative Services International, LLC",,brad.salminen@gmail.com
77733162,deadAbandoned,KRYPTOVAULT,"Feb. 12, 2010",Jon Thomas,,carolyn@wband.com
77733156,REQUEST_FAILED,,,,,
77733182,deadAbandoned,NEW YORK FASHIONS,"Feb. 17, 2010",NEW YORK FASHIONS USA LLC,,ginoaramani@yahoo.com
77733201,REQUEST_FAILED,,,,,
77733242,deadAbandoned,SKELEPOSE,"Sep. 18, 2010","Rivera, Myra, D",,myrad.rivera@yahoo.com
77733212,REQUEST_FAILED,,,,,
77733257,deadAbandoned,THERMOCAPS,"Feb. 07, 2010",ORDIONI VINCENT,,VORDIONI@VINSHENZO.COM
77733254,deadAbandoned,ISBISS ISBISS I.S.B.I.S.S.,"Jul. 09, 2010",ronald wayne shaheen,,rwshaheen@hotmail.com
77733256,REQUEST_FAILED,,,,,
77733258,REQUEST_FAILED,,,,,
77733360,deadAbandoned,THE PRECISE WORD,"Feb. 22, 2010",Nancy A Zacks,,nancy@preciseword.com
77733294,REQUEST_FAILED,,,,,
77733321,REQUEST_FAILED,,,,,
77733375,deadAbandoned,POLERIDERS,"Feb. 26, 2010",Andrew A. Katzander,,info@poleriders.net
77733337,REQUEST_FAILED,,,,,
77733446,deadAbandoned,ORIGINAL LACE CASE,"Jul. 30, 2010",Lonnie S. Rencher,,mw3c@optonline.net
77733373,REQUEST_FAILED,,,,,
77733381,REQUEST_FAILED,,,,,
77733399,REQUEST_FAILED,,,,,
77733454,REQUEST_FAILED,,,,,
77733542,REQUEST_FAILED,,,,,
77733555,REQUEST_FAILED,,,,,
77733596,REQUEST_FAILED,,,,,
77733642,deadAbandoned,SOAR COACHING SYSTEM,"Feb. 11, 2010","Pike, Mary M",,thughes@insidejob.net
77733640,REQUEST_FAILED,,,,,
77733701,deadAbandoned,RPI RE-FLEX,"Feb. 12, 2010","Roofing Products International, Inc.",,nkovach33@gmail.com
77733683,REQUEST_FAILED,,,,,
77733710,REQUEST_FAILED,,,,,
77733738,REQUEST_FAILED,,,,,
77733943,deadAbandoned,CARBON FOREST,"Aug. 27, 2010","CHEN, CHIA-YU",,CARBONFORESTLAND@GMAIL.COM
77733850,deadAbandoned,POSTSAVER,"Feb. 09, 2010",International Paper Company,,stephanie.haupt@ipaper.com
77733881,REQUEST_FAILED,,,,,
77733875,REQUEST_FAILED,,,,,
77734002,deadAbandoned,CONSERVATION SERIES,"Feb. 09, 2010","FRABILL, INC.",,swendt@frabill.com
77733899,REQUEST_FAILED,,,,,
77734096,deadAbandoned,QUERY EXPRESS,"Dec. 13, 2010","FTEN, Inc.",,
77733989,deadAbandoned,STAFFING DIRECT,"Feb. 09, 2010",Staffing Direct LLC,,john.hamlen@staffingdirect.com
77734080,deadAbandoned,DUTY FREE TEA,"Feb. 09, 2010",Eric Rublein,,dutyfreetea@gmail.com
77734103,deadAbandoned,EN E-NATIONWIDE MORTGAGE,"Feb. 18, 2010",E-Nationwide Mortgage Corporation,,william@emeryfed.com
77734058,REQUEST_FAILED,,,,,
77734215,deadAbandoned,KOMPOSER MOBILE,"Feb. 09, 2010","Burns, Thomas",,luminink2@yahoo.com
77734061,REQUEST_FAILED,,,,,
77734204,deadAbandoned,SCHOOL NUTRITION,"Feb. 08, 2010","NutriSoft, LLC",,Kevin@NutriSoft.com
77734173,REQUEST_FAILED,,,,,
77734226,REQUEST_FAILED,,,,,
77734299,REQUEST_FAILED,,,,,
77734312,REQUEST_FAILED,,,,,
77734367,deadAbandoned,TUTTIBELLA FROZEN YOGURT,"Sep. 16, 2010",Alphan K. Tsoi,,tmregistered@gmail.com
77734427,deadAbandoned,CASSANDRA,"Feb. 09, 2010",Cynthia Cuprill,,cynthiacuprill@condessainc.com
77734341,REQUEST_FAILED,,,,,
77734342,REQUEST_FAILED,,,,,
77734353,REQUEST_FAILED,,,,,
77734460,deadAbandoned,ESSON,"Feb. 18, 2010",U.S.A ESSON CHEMICAL GROUP INC.,,
77734525,deadAbandoned,PLAB B SUCKS,"Feb. 23, 2010",Flo P Bringas,,nfuego2@comcast.net
77734489,REQUEST_FAILED,,,,,
77734516,REQUEST_FAILED,,,,,
77734531,REQUEST_FAILED,,,,,
77734562,REQUEST_FAILED,,,,,
77734673,REQUEST_FAILED,,,,,
77734695,REQUEST_FAILED,,,,,
77734723,REQUEST_FAILED,,,,,
77734784,deadAbandoned,REDLIGHT HOCKEY,"Feb. 11, 2010","Bergstrom, Christopher",,cjbergstrom@yahoo.com
77734761,REQUEST_FAILED,,,,,
77734777,REQUEST_FAILED,,,,,
77734822,deadAbandoned,NO OOPS,"Feb. 17, 2010","Connell, Edward N",,ed@connells.com
77734823,deadAbandoned,ISOCIAL,"Feb. 17, 2010",Terra Discount Club LLC,,igorbalk@yahoo.com
77734840,deadAbandoned,MATLABTRADER,"Feb. 16, 2010",Celite Milbrandt,,celitem@gmail.com
77734801,REQUEST_FAILED,,,,,
77734819,REQUEST_FAILED,,,,,
77734865,REQUEST_FAILED,,,,,
77734918,REQUEST_FAILED,,,,,
77735068,deadAbandoned,APPLES TO ANGELS,"Jul. 19, 2010","Hedrick, Scott",,scott@applestoangels.com
77735041,REQUEST_FAILED,,,,,
77735042,REQUEST_FAILED,,,,,
77735057,REQUEST_FAILED,,,,,
77735186,deadAbandoned,CERTIFIED IMMEDIATE CARE CIC URGENT CARE ASSOCIATION OF AMERICA,"Jul. 19, 2010",URGENT CARE ASSOCIATION OF AMERICA,,
77735182,deadAbandoned,AZÚCAR DULCE DÍA,"Feb. 18, 2010","AZUCAR DOMINO DE MEXICO, S.A. DE C.V.",,dejanira.ruiz@gsaenz.com.mx
77735207,deadAbandoned,SAN JUAN SOCCER CLUB,"Feb. 16, 2010",San Juan Soccer Club,,clubadmin@sanjuansoccer.org
77735127,REQUEST_FAILED,,,,,
77735158,REQUEST_FAILED,,,,,
77735233,REQUEST_FAILED,,,,,
77735266,REQUEST_FAILED,,,,,
77735386,deadAbandoned,MIRASSCLAAT,"Feb. 11, 2010","Miguel, Henry",,mirassclaat.com@gmail.com
77735323,REQUEST_FAILED,,,,,
77735417,REQUEST_FAILED,,,,,
77735477,deadAbandoned,None,"Feb. 11, 2010","Jaet, George M",,gmjaet@sbcglobal.net
77735443,REQUEST_FAILED,,,,,
77735537,deadAbandoned,None,"Feb. 17, 2010",HACIENDA DE LOS GONZALEZ S. DE R.L. DE C.V.,,agv.lan@hotmail.com
77735454,REQUEST_FAILED,,,,,
77735530,REQUEST_FAILED,,,,,
77735585,deadAbandoned,CONCORD BLUE,"Feb. 19, 2010","Thannhaeuser, Christopher, Frederik",,ct@concordblueenergy.com
77735538,REQUEST_FAILED,,,,,
77735603,deadAbandoned,KANGA,"Nov. 23, 2010","Edwards, Luke J",,lukeeedwards@hotmail.com
77735544,REQUEST_FAILED,,,,,
77735552,REQUEST_FAILED,,,,,
77735757,deadAbandoned,ISLAND GRAVITY RECORDS IG,"Dec. 30, 2010","Diaz, Jonathan",,
77735775,deadAbandoned,CLEVER CHOICE,"Jul. 19, 2010","SIMPLE DIAGNOSTICS, INC.",,MA@SIMPLEDIAGNOSTICS.COM
77735730,REQUEST_FAILED,,,,,
77735740,REQUEST_FAILED,,,,,
77735782,deadAbandoned,IA FM CWM,"Feb. 17, 2010",International Academy of Financial Management,,Bking@theIAFM.org
77735823,deadAbandoned,POLKADOTZ SHOPPE BOUTIQUE,"Feb. 20, 2010","Jago, Stacey",,sammiagain@aol.com
77735758,REQUEST_FAILED,,,,,
77735824,REQUEST_FAILED,,,,,
77735826,REQUEST_FAILED,,,,,
77735833,REQUEST_FAILED,,,,,
77735879,deadAbandoned,ENVIRONMENTAL CAREERS ORGANIZATION (ECO) USA,"Feb. 16, 2010",Environmental Careers Organization (ECO) Canada,,mkerford@eco.ca
77735852,REQUEST_FAILED,,,,,
77735899,REQUEST_FAILED,,,,,
77736128,deadAbandoned,NEXT GEAR SOLUTIONS,"Nov. 15, 2010","Next Gear IP, LLC",,garret@nextgearsolutions.net
77736142,deadAbandoned,THE MUSIC CITY PERSONAL CHEF SERVICE,"Feb. 12, 2010",Gerald F Mayberry II,,jerry@themusiccitypersonalchef.com
77736097,deadAbandoned,DASH,"Aug. 10, 2010","Next Gear IP, LLC",,garret@nextgearsolutions.net
77736073,REQUEST_FAILED,,,,,
77736076,REQUEST_FAILED,,,,,
77736283,deadAbandoned,WORLD PROFESSIONAL FIGURE SKATING CHAMPIONSHIPS,"Feb. 16, 2010","Canovas-Rivas, Sergio",,elang@championsonice.net
77736350,REQUEST_FAILED,,,,,
77736416,REQUEST_FAILED,,,,,
77736495,deadAbandoned,ECOWATT,"Oct. 11, 2010",Green Technologies Inc,,llovera@greentech-inc.com
77736457,REQUEST_FAILED,,,,,
77736463,REQUEST_FAILED,,,,,
77736473,REQUEST_FAILED,,,,,
77736539,deadAbandoned,INFANTRYNCO'S MEDICAL SOLUTIONS,"Jun. 04, 2010","Gibbons, Maxwell K.",,maxwell.gibbons@gmail.com
77736514,REQUEST_FAILED,,,,,
77736543,deadAbandoned,INFANTRYNCO'S MEDICAL SOLUTIONS,"Feb. 15, 2010","Gibbons, Maxwell K.",,maxwell.gibbons@gmail.com
77736563,deadAbandoned,LOSE WEIGHT! DON'T WAIT!,"Jul. 26, 2010","Carter, Kevin",,byob@insightbb.com
77736527,REQUEST_FAILED,,,,,
77736568,deadAbandoned,"PURE BAMBOO SUSTAINABLE BY NATURE DISHWASHER SAFE BEAUTIFUL ECOLOGIALLY RENEWABLE EASY TO MAINTAIN PURE BAMBOO SUSTAINABLE BY NATURE FUNCTIONAL, BEAUTIFUL & DURABLE.","Feb. 22, 2010","Sullivan, Tom",,
77736532,REQUEST_FAILED,,,,,
77736571,deadAbandoned,EVIPRIME,"Jul. 19, 2010",Secure 1st,,ali@secure1st.com
77736577,deadAbandoned,CLOUDBURST,"Dec. 20, 2010",Ythos Limited,,gerry.skews@ythos.net
77736565,REQUEST_FAILED,,,,,
77736617,REQUEST_FAILED,,,,,
77736708,deadAbandoned,BOLI INDEX,"Feb. 16, 2010","Effron Burke Associates, LLC",,brian@effronburke.com
77736626,REQUEST_FAILED,,,,,
77736788,deadAbandoned,RATTLER,"Feb. 16, 2010","PH Design Associates, LLC",,rattleractive@gmail.com
77736694,REQUEST_FAILED,,,,,
77736819,deadAbandoned,DAZZLE,"Feb. 22, 2010",Diadent Group International Inc.,,sam@diadent.com
77736775,REQUEST_FAILED,,,,,
77736780,REQUEST_FAILED,,,,,
77736801,REQUEST_FAILED,,,,,
77736833,deadAbandoned,HV,"Jul. 26, 2010","HUNTINGTON VILLAGE INVESTMENT GROUP, INC.",,info@huntingtonvillages.com
77736821,REQUEST_FAILED,,,,,
77736888,deadAbandoned,PIE PERSONALITIES.COM,"Dec. 13, 2010",PI PERSONALITIES INC.,,
77736845,REQUEST_FAILED,,,,,
77736934,REQUEST_FAILED,,,,,
77736944,REQUEST_FAILED,,,,,
77736976,REQUEST_FAILED,,,,,
77737136,deadAbandoned,BROKER BUCKS,"Oct. 14, 2010","Honert, Sally A.",,sallyhon@mchsi.com
77737139,deadAbandoned,TEAM SERBIA,"Aug. 02, 2010","White, Brigitte R.",,brwhitedmd@gmail.com
77737098,deadAbandoned,DOLLAR AT ME,"Sep. 06, 2010","Fonseca, Charles Bossy",,LIVEBOSSY@GMAIL.COM
77737217,deadAbandoned,LASER SPECKLE IMAGER,"Sep. 23, 2010","CW Optics, Inc.",,nyc@cwopitcs.com
77737092,REQUEST_FAILED,,,,,
77737100,REQUEST_FAILED,,,,,
77737192,REQUEST_FAILED,,,,,
77737219,REQUEST_FAILED,,,,,
77737261,REQUEST_FAILED,,,,,
77737309,deadAbandoned,LIRIO,"Nov. 26, 2010","SANCHEZ Y MARTIN, S.A. DE C.V.",,victor@avah.com.mx
77737339,REQUEST_FAILED,,,,,
77737360,REQUEST_FAILED,,,,,
77737492,deadAbandoned,PÜLSE ENERGY,"Sep. 03, 2010",FBNED,,kkaye@idemtech.com
77737389,REQUEST_FAILED,,,,,
77737422,REQUEST_FAILED,,,,,
77737500,REQUEST_FAILED,,,,,
77737543,deadAbandoned,EMODIFYMYLOAN,"Feb. 22, 2010","Kassem, Omar",,omarmode1@aol.com
77737544,REQUEST_FAILED,,,,,
77737550,REQUEST_FAILED,,,,,
77737575,REQUEST_FAILED,,,,,
77737632,deadAbandoned,THE ICON PREMIUM BRAND,"Feb. 19, 2010","Chung, James",,james@dryageddenim.com
77737610,REQUEST_FAILED,,,,,
77737611,REQUEST_FAILED,,,,,
77737653,deadAbandoned,CAR INSURANCE LIST,"Feb. 18, 2010",WeDirect LLC,,wes@wedirect.com
77737693,deadAbandoned,SKIN ENGINEER,"Feb. 23, 2010","MCWILLIAM, ANNE",,ANNE.MCWILLIAM@SKINENGINEER.COM
77737651,REQUEST_FAILED,,,,,
77737723,deadAbandoned,REALTIME REFERRAL,"Apr. 08, 2010",LogixPower,,donnar@logixpower.org
77737729,deadAbandoned,DECO-RATED.COM,"Feb. 22, 2010","Phillips, Phinley J",,phinphillips@yahoo.com
77737768,REQUEST_FAILED,,,,,
77737769,REQUEST_FAILED,,,,,
77737911,deadAbandoned,BIO-FIT,"Sep. 07, 2010","Orthofeet, Inc.",,orthofeet@aol.com
77737914,deadAbandoned,AGAVÉA,"May 06, 2010",Natural Sweeteners LLC,,smarsh@agaveafoods.com
77737892,REQUEST_FAILED,,,,,
77737897,REQUEST_FAILED,,,,,
77737971,deadAbandoned,ANASJAMSNFLICKS.COM ANAS JAMS AND MOVIE REVIEWS,"Nov. 15, 2010","Carter, Anna",,
77737923,REQUEST_FAILED,,,,,
77737965,deadAbandoned,SABINA LES,"Feb. 15, 2010","Les, Sabina",,silverdali@yahoo.com
77737930,REQUEST_FAILED,,,,,
77737987,REQUEST_FAILED,,,,,
77737997,REQUEST_FAILED,,,,,
77738061,deadAbandoned,SPIKED SMOOTHIES,"Feb. 16, 2010","Klein, Tim H",,timhklein@gmail.com
77738008,REQUEST_FAILED,,,,,
77738014,REQUEST_FAILED,,,,,
77738134,REQUEST_FAILED,,,,,
77738412,deadAbandoned,REVERSE MORTGAGE UNION,"Jul. 19, 2010","62 Finacial ,LLC.",,info@62financial.com
77738205,REQUEST_FAILED,,,,,
77738442,REQUEST_FAILED,,,,,
77738460,REQUEST_FAILED,,,,,
77738514,REQUEST_FAILED,,,,,
77738565,deadAbandoned,None,"May 24, 2010","TRION WORLDS (ABC), LLC",,
77738538,REQUEST_FAILED,,,,,
77738597,deadAbandoned,HEROES OF TELARA,"May 17, 2010","TRION WORLDS (ABC), LLC",,
77738601,deadAbandoned,HEROES OF TELARA,"May 24, 2010","TRION WORLDS (ABC), LLC",,
77738567,REQUEST_FAILED,,,,,
77738612,deadAbandoned,HEROES OF TELARA: HARLAN'S LOG,"May 17, 2010","TRION WORLDS (ABC), LLC",,
77738604,deadAbandoned,HEROES OF TELARA,"May 31, 2010","TRION WORLDS (ABC), LLC",,
77738623,deadAbandoned,ULTIMATE ARMIES,"Sep. 27, 2010","TRION WORLDS (ABC), LLC",,
77738614,REQUEST_FAILED,,,,,
77738629,deadAbandoned,ULTIMATE ARMIES,"Sep. 27, 2010","TRION WORLDS (ABC), LLC",,
77738625,REQUEST_FAILED,,,,,
77738707,deadAbandoned,OPERATING EXCELLENCE,"Feb. 25, 2010",OP-EX Direct Results Inc.,,rstapp@opexdirect.com
77738685,REQUEST_FAILED,,,,,
77738760,REQUEST_FAILED,,,,,
77738717,REQUEST_FAILED,,,,,
77738806,deadAbandoned,PETZNET,"Feb. 22, 2010","PetzNet, LLC",,ron@petznet.net
77738781,deadAbandoned,PAPER DOLL ACTIVITIES,"Sep. 27, 2010","KS Publications, Inc.",,info@kspublicationsinc.com
77738783,REQUEST_FAILED,,,,,
77738853,deadAbandoned,HERA LABS,"Feb. 25, 2010",Peter D. Winch,,pwinch@insight.rr.com
77738818,REQUEST_FAILED,,,,,
77738860,REQUEST_FAILED,,,,,
77738879,deadAbandoned,CERTIFIED LEAN MASTER,"Feb. 25, 2010",OP-EX Direct Results Inc.,,rstapp@opexdirect.com
77738920,deadAbandoned,PLANET COLOR BY TODD PARR,"Feb. 20, 2010","ToddWorld Inc./L & G Creative Resources, Inc.",,admin@suppertimentertainment.com
77738871,REQUEST_FAILED,,,,,
77738906,deadAbandoned,VEDICDNA,"Jul. 19, 2010","Agrawal, Vijaykumar P.",,agrawalvijay@gmail.com
77738960,deadAbandoned,"FUCTABULOUS ""FABULOUS UNDER CLOTHING""","Feb. 26, 2010","Judd, Ian K",,kaimijudd@hotmail.com
77738907,REQUEST_FAILED,,,,,
77738969,deadAbandoned,LINKUS,"Aug. 20, 2010",Herbion USA Inc.,,mohammad.zakir@herbion.com
77738927,REQUEST_FAILED,,,,,
77738972,deadAbandoned,SANTAMAN,"Feb. 25, 2010",Comberry Ltd.,,hackl@comberry.com
77738985,deadAbandoned,THE ORANGE WAVE,"Feb. 16, 2010",Mintra,,sara.samir@mintra.com.eg
77738971,deadAbandoned,POSEIDON,"Feb. 18, 2010","Poseidon Furniture& Chemical Industry (Shenzhen) Co., Ltd.",,zhanghonglu@inipa.com
77738970,deadAbandoned,APPOINTMENTALITY,"Jul. 19, 2010",Jonathan Orner,,jioshy@yahoo.com
77738958,REQUEST_FAILED,,,,,
77738968,REQUEST_FAILED,,,,,
77739109,deadAbandoned,ROMI/O,"Jul. 26, 2010",RTM&J Real Truth Marketing & Joy LLC,,rhonda.harper@rtmj.com
77739038,REQUEST_FAILED,,,,,
77739188,deadAbandoned,CITYBOY,"Mar. 04, 2010","Daniels, Gilberto",,gilbertodnls@yahoo.com
77739097,REQUEST_FAILED,,,,,
77739183,REQUEST_FAILED,,,,,
77739237,deadAbandoned,PMG AGENCY,"Feb. 22, 2010","Premier Marketing Group Agency, Inc.",,
77739255,deadAbandoned,AMPESCO,"Jul. 26, 2010","Schulte, Hans",,hans@carbon-reducer.com
77739215,REQUEST_FAILED,,,,,
77739279,deadAbandoned,MASCOT ACADEMY - MASCOT ACADEMY SECONDARY COLLEGE OF TRAVEL,"Jul. 30, 2010",Lade Ademu-John,,picassotheartist@gmail.com
77739267,REQUEST_FAILED,,,,,
77739272,REQUEST_FAILED,,,,,
77739341,deadAbandoned,WHAT DO YOU LIKE?,"Jul. 19, 2010",krilix,,scrx@krilix.com
77739408,REQUEST_FAILED,,,,,
77739478,REQUEST_FAILED,,,,,
77739633,deadAbandoned,SWINE FLU! W,"Feb. 19, 2010",David Weglarz,,weglarzd@yahoo.com
77739642,deadAbandoned,PIANELLO,"Feb. 22, 2010",Jairo Gonzalez Villalobos,,opemec@hotmail.com
77739566,REQUEST_FAILED,,,,,
77739600,REQUEST_FAILED,,,,,
77739686,deadAbandoned,FLEXRV,"Aug. 18, 2010","FlexRV, LLC",,
77739619,REQUEST_FAILED,,,,,
77739727,deadAbandoned,(PUH-LA-TEEZ),"May 18, 2010",Bridget Kennedy Kolshak,,LondonBridge27@Hotmail.com
77739676,REQUEST_FAILED,,,,,
77739757,REQUEST_FAILED,,,,,
77739766,REQUEST_FAILED,,,,,
77739795,REQUEST_FAILED,,,,,
77739805,REQUEST_FAILED,,,,,
77739814,REQUEST_FAILED,,,,,
77739859,deadAbandoned,SHOCKFIGHTS.COM,"Jul. 19, 2010",Glenton SA,,shockfights@gmail.com
77739880,REQUEST_FAILED,,,,,
77739883,REQUEST_FAILED,,,,,
77739994,deadAbandoned,SLEEP-TITE,"Feb. 19, 2010","FAIRY TALES HAIR CARE, INC.",,risa@fairytaleshaircare.com
77740056,deadAbandoned,FTEN EXCHANGE,"Jan. 19, 2010","FTEN, Inc.",,
77740064,deadAbandoned,FTENXCHANGE,"Nov. 22, 2010","FTEN, Inc.",,
77739962,REQUEST_FAILED,,,,,
77739987,REQUEST_FAILED,,,,,
77740053,REQUEST_FAILED,,,,,
77740059,REQUEST_FAILED,,,,,
77740097,REQUEST_FAILED,,,,,
77740106,REQUEST_FAILED,,,,,
77740175,deadAbandoned,AUTOMATIC BRAIN,"Dec. 30, 2010","GLASSMAN, CHARLES F",,CGWELLNESS@GMAIL.COM
77740185,deadAbandoned,EURIS CAPITAL PARTNERS,"Feb. 19, 2010",EURIS D.O.O.,,james@euriscapitalpartners.com
77740200,deadAbandoned,PRIVACYPHONE,"Feb. 19, 2010","Rabbito, Frank",,frabbito@comcast.net
77740150,REQUEST_FAILED,,,,,
77740207,deadAbandoned,IDENTITY INVESTMENTS,"Feb. 19, 2010",EURIS D.O.O.,,james@euriscapitalpartners.com
77740211,deadAbandoned,IDENTITY INVESTMENT,"Feb. 19, 2010",EURIS D.O.O.,,james@euriscapitalpartners.com
77740195,REQUEST_FAILED,,,,,
77740257,deadAbandoned,SEXYRID,"Feb. 19, 2010",Rideanne R. Edwards,,Rideanne_Edwards@yahoo.com
77740302,deadAbandoned,JEALOUSY IS A DISEASE... DON'T DIE ON ME!,"Feb. 19, 2010",Rideanne R. Edwards,,rideanne_edwards@yahoo.com
77740225,REQUEST_FAILED,,,,,
77740324,deadAbandoned,OP EX,"Feb. 25, 2010",OP-EX Direct Results Inc.,,rstapp@opexdirect.com
77740234,REQUEST_FAILED,,,,,
77740256,REQUEST_FAILED,,,,,
77740345,deadAbandoned,ALTRUANCE,"Aug. 16, 2010",Altruistic Insurance Services Incorporated,,info@altruisticinsurance.com
77740372,deadAbandoned,HVZ,"Sep. 14, 2010",GNARWHAL STUDIOS INC,,chris@hvzsource.com
77740333,deadAbandoned,NO BROKE-ASSNESS,"Feb. 19, 2010",Rideanne R. Edwards,,Rideanne_Edwards@yahoo.com
77740349,deadAbandoned,HUMANS VS ZOMBIES,"Oct. 26, 2010",GNARWHAL STUDIOS INC,,chris@hvzsource.com
77740401,REQUEST_FAILED,,,,,
77740412,REQUEST_FAILED,,,,,
77740565,deadAbandoned,REGENECA,"Feb. 22, 2010","Regeneca International, Inc.",,tsmith@regeneca.com
77740440,REQUEST_FAILED,,,,,
77740521,REQUEST_FAILED,,,,,
77740607,REQUEST_FAILED,,,,,
77740624,REQUEST_FAILED,,,,,
77740640,REQUEST_FAILED,,,,,
77740674,REQUEST_FAILED,,,,,
77740688,REQUEST_FAILED,,,,,
77740757,deadAbandoned,KING RANCH MEXICO,"May 05, 2010","HERNANDEZ, VICTOR HUERTA",,victorhuertah@hotmail.com
77740722,REQUEST_FAILED,,,,,
77740745,REQUEST_FAILED,,,,,
77740779,deadAbandoned,WELL DEPOT,"Feb. 25, 2010",Wellspot Superstore LLC,,eric.bordenstein@comcast.net
77740809,deadAbandoned,PRESSLITE,"Mar. 01, 2010","PRESSlite, LLC",,
77740765,REQUEST_FAILED,,,,,
77740812,deadAbandoned,RED HOT DRAGONS,"Mar. 18, 2010",Ainsworth Game Technology Limited,,tom.davidson@ainsworth.com.au
77740831,deadAbandoned,HOWIE AND THE DISSIDENTS,"Oct. 18, 2010",USA SONGCYCLE INC,,
77740834,deadAbandoned,THE 8TH SEA,"Jul. 26, 2010","Lamothe, Luke",,luke.lamothe@gmail.com
77740928,deadAbandoned,JAMBALAYA JACK'S SOUL FOOD SHACK,"Feb. 25, 2010","Morcos, Eric Anthony",,steelyhendrix@msn.com
77740872,deadAbandoned,RÊV LIQUEUR,"Jul. 19, 2010",Jean-Marc Daucourt,,jmd@daucourt.com
77740852,deadAbandoned,TIPAYATUNG,"Mar. 02, 2010","Francis, Anthony R",,tfrancis@barkingspider.com.au
77740994,deadAbandoned,BODY PROUD,"Feb. 22, 2010",Body Proud Incorporated,,jeff@bodyproud.org
77740896,REQUEST_FAILED,,,,,
77741054,deadAbandoned,MY YOGA 2 GO,"Feb. 20, 2010",Nomadic Yogi LLC,,sales@myyoga2go.com
77741014,REQUEST_FAILED,,,,,
77741022,REQUEST_FAILED,,,,,
77741059,REQUEST_FAILED,,,,,
77741149,deadAbandoned,None,"Feb. 20, 2010",Churubusco Turtle Days Festival Association,,turtledayscelebrations@turtledays.com
77741098,REQUEST_FAILED,,,,,
77741133,REQUEST_FAILED,,,,,
77741144,REQUEST_FAILED,,,,,
77741254,deadAbandoned,JERKIN,"Feb. 26, 2010",Wilson Wilana,,levinawilson@gmail.com
77741316,deadAbandoned,FRANCOIS ROYALE,"Aug. 02, 2010","750 ML, LLC",,jcooper@domainedecanton.com
77741225,REQUEST_FAILED,,,,,
77741468,deadAbandoned,HIGHCAP GROUP,"Feb. 22, 2010",Highcap Group LLC,,cportelliwells@gmail.com
77741319,REQUEST_FAILED,,,,,
77741344,REQUEST_FAILED,,,,,
77741404,REQUEST_FAILED,,,,,
77741539,REQUEST_FAILED,,,,,
77741570,REQUEST_FAILED,,,,,
77741583,REQUEST_FAILED,,,,,
77741641,deadAbandoned,BRANDEDBOTTLE.COM,"Feb. 26, 2010","The Branded Bottle, LLC",,
77741619,REQUEST_FAILED,,,,,
77741624,REQUEST_FAILED,,,,,
77741708,deadAbandoned,SWITCH BUDS,"Jul. 05, 2010",Digitat Concepts,,richard@digitatconcepts.com
77741665,REQUEST_FAILED,,,,,
77741650,REQUEST_FAILED,,,,,
77741712,REQUEST_FAILED,,,,,
77741725,deadAbandoned,NEPHRO-TRAC,"Aug. 02, 2010",Vincent L. Anthony,,vincentlmd@gmail.com
77741759,deadAbandoned,GOLF ESCAPES,"Feb. 23, 2010","Golf Escapes, Inc.",,golf@golfescapesinc.com
77741755,deadAbandoned,IDROIDSMANIA,"Feb. 19, 2010",LUCASFILM ENTERTAINMENT COMPANY LTD.,,p.bancroft@artificial-life.com
77741722,REQUEST_FAILED,,,,,
77741771,deadAbandoned,WAKE FLAKES,"Feb. 21, 2010","Young, William",,trentyoung3@yahoo.com
77741767,REQUEST_FAILED,,,,,
77741855,deadAbandoned,MARXX,"Aug. 02, 2010","Marxx, Inc.",,l.malopinsky@gmail.com
77741773,REQUEST_FAILED,,,,,
77741927,deadAbandoned,MAGNETSKATE,"Sep. 24, 2010","Bianchi, Steven Bacon",,magnetskate@yahoo.com
77741900,REQUEST_FAILED,,,,,
77741965,deadAbandoned,GETS THE STINK OUT OR YOUR MONEY BACK!,"Mar. 01, 2010","Larson, Richard Michael",,Sales@MisterMax.com
77741931,REQUEST_FAILED,,,,,
77741997,REQUEST_FAILED,,,,,
77742044,deadAbandoned,KRYSTAL'S KANDY SHOP,"Feb. 21, 2010",Krystal's Kandy Shop LLC,,krystalklear@krystalskandyshop.com
77742039,REQUEST_FAILED,,,,,
77742151,deadAbandoned,FUDDPRIME,"Mar. 02, 2010","Plata Ibarra, Maria Lorena",,lorenpla@hotmail.com
77742058,REQUEST_FAILED,,,,,
77742074,REQUEST_FAILED,,,,,
77742081,REQUEST_FAILED,,,,,
77742192,deadAbandoned,IT'S IN OUR HANDS,"Feb. 26, 2010",Jonatan Padan,,padani@gmail.com
77742211,REQUEST_FAILED,,,,,
77742323,deadAbandoned,REAL PAYDAY LOAN HELP,"Jul. 26, 2010","DK COUNSELING, LLC",,avizoso@progressiverelief.com
77742466,deadAbandoned,AMERICA'S TOP HOTTIE,"Mar. 02, 2010","Viva Vision, Inc.",,
77742534,deadAbandoned,GREENSKY,"Feb. 25, 2010","Kendrick, John David",,johndavidkendrick@earthlink.net
77742575,REQUEST_FAILED,,,,,
77742582,REQUEST_FAILED,,,,,
77742675,deadAbandoned,SANTA MONICA JEANS CO.,"Mar. 01, 2010",Chan Ray Y J,,rayjunchan@yahoo.com
77742653,REQUEST_FAILED,,,,,
77742780,deadAbandoned,FLIP YOUR FINANCIAL SWITCH,"Jul. 26, 2010","JMC Wealth Management, Inc.",,
77742788,deadAbandoned,FLIP YOUR SWITCH,"Jul. 26, 2010","JMC Wealth Management, Inc.",,
77742756,deadAbandoned,MUSKOGEE REGIONAL MEDICAL CENTER,"Mar. 02, 2010",Pace Medical Applications,,drp@spmd.us
77742714,REQUEST_FAILED,,,,,
77742736,deadAbandoned,"MUSKOGEE REGIONAL MEDICAL CENTER HEALTHCARE DONE RIGHT, AND DONE RIGHT HERE.","Mar. 02, 2010",Pace Medical Applications,,drp@spmd.us
77742776,REQUEST_FAILED,,,,,
77742860,deadAbandoned,ASEPSYS,"Jul. 26, 2010",Joseph E. Weidenhamer,,joeweid2@comcast.net
77742790,REQUEST_FAILED,,,,,
77742904,REQUEST_FAILED,,,,,
77743054,deadAbandoned,HOME TEAM STORE.COM,"Feb. 26, 2010","Lattimer, Richard",,dean@hometeamstore.com
77742990,REQUEST_FAILED,,,,,
77743008,REQUEST_FAILED,,,,,
77743016,REQUEST_FAILED,,,,,
77743026,REQUEST_FAILED,,,,,
77743062,REQUEST_FAILED,,,,,
77743065,REQUEST_FAILED,,,,,
77743177,deadAbandoned,NEOMEDICAL,"Nov. 05, 2010",Neo Medical Inc.,,tduvall@neomedicalinc.com
77743112,REQUEST_FAILED,,,,,
77743257,deadAbandoned,HOSTED WORKSPACE,"Mar. 01, 2010",Minnesota Digerati Inc.,,john.keogh@mndigerati.com
77743211,REQUEST_FAILED,,,,,
77743362,deadAbandoned,FUNKHARP,"Feb. 23, 2010","Randle, Joseph C",,funkharp@gmail.com
77743247,REQUEST_FAILED,,,,,
77743395,REQUEST_FAILED,,,,,
77743470,deadAbandoned,FAT ENZO MULBERRY ST,"Mar. 01, 2010","Fat Enzo, Inc.",,admin@fatenzo.com
77743406,REQUEST_FAILED,,,,,
77743471,REQUEST_FAILED,,,,,
77743619,deadAbandoned,GIRL BALLER,"Nov. 06, 2010","Musko, Carey",,careyl@girlballerworld.com
77743565,REQUEST_FAILED,,,,,
77743637,deadAbandoned,Y.O.U. YOUR OPPORTUNITIES UNVEILED,"Aug. 02, 2010",Lea Wiviott,,LeaWiviott@yahoo.com
77743618,REQUEST_FAILED,,,,,
77743623,REQUEST_FAILED,,,,,
77743635,deadAbandoned,BO-TIKI,"Feb. 25, 2010",Madelane Guenther,,maddy@beat4close.com
77743647,deadAbandoned,THESAFETY EQUIPMENTSTORE,"Mar. 02, 2010","S & E Industrial Supply Co., Inc.",,dlengwis@thesafetyequipmentstore.com
77743643,REQUEST_FAILED,,,,,
77743656,REQUEST_FAILED,,,,,
77743660,REQUEST_FAILED,,,,,
77743720,deadAbandoned,TOUCH GLOVES,"Feb. 05, 2010","Leto, Gerald Abner",,geraldleto@comcast.net
77743695,REQUEST_FAILED,,,,,
77743699,REQUEST_FAILED,,,,,
77743705,REQUEST_FAILED,,,,,
77743767,deadAbandoned,NETSTAR,"Feb. 25, 2010","Dees Entertainment, Inc.",,davidk@rick.com
77743722,REQUEST_FAILED,,,,,
77743742,REQUEST_FAILED,,,,,
77743780,REQUEST_FAILED,,,,,
77743804,REQUEST_FAILED,,,,,
77743794,REQUEST_FAILED,,,,,
77743870,deadAbandoned,GO SPORTS NUTRITION & ATHLETICS,"Jan. 21, 2010","Fitfast, LLC",,fitfast@gmail.com
77743850,REQUEST_FAILED,,,,,
77743871,REQUEST_FAILED,,,,,
77743897,REQUEST_FAILED,,,,,
77743944,deadAbandoned,CANNABEACH,"Oct. 06, 2010",Cedric L. Chamouille,,ced@cannabeachsurf.com
77743951,deadAbandoned,S SWAGGER CLOTHING,"Mar. 02, 2010",Swagger Clothing Company,,hazel.ballard@gmail.com
77743959,deadAbandoned,VOACHING,"Jul. 26, 2010","Voaching, Inc.",,info@voaching.com
77743941,REQUEST_FAILED,,,,,
77743968,deadAbandoned,VOACHING,"Jul. 26, 2010","Voaching, Inc.",,info@voaching.com
77743972,deadAbandoned,THE CHANGE YOU DESIRE THE RESULTS YOU WANT,"Aug. 02, 2010","Voaching, Inc.",,info@voaching.com
77743955,REQUEST_FAILED,,,,,
77743964,deadAbandoned,N P C GAMING,"Sep. 13, 2010",Mihailo Nikolic,,mihailonikolic@yahoo.com
77743990,deadAbandoned,PINK LADY CAKES,"Aug. 16, 2010",Johanna Kern,,kern2103@yahoo.com
77743977,REQUEST_FAILED,,,,,
77744017,deadAbandoned,JAEBEA,"Mar. 01, 2010","TYSKERUD, JACKLYN",,jackiebeth@hotmail.com
77744022,deadAbandoned,EURO DRINK,"Sep. 23, 2010",Altunkaya Insaat Nakliyat Gida Ticaret Anonim Sirketi,,ip@ableconsultancy.com
77744015,REQUEST_FAILED,,,,,
77744019,REQUEST_FAILED,,,,,
77744224,deadAbandoned,VACATIONBENEFITSPLUS!,"Mar. 01, 2010","Garber's Travel Service, Inc.",,mwoodruff@garbertravel.com
77744099,REQUEST_FAILED,,,,,
77744293,deadAbandoned,E +,"Mar. 02, 2010",I TWO TECH INC,,vinayak@itwotech.com
77744226,REQUEST_FAILED,,,,,
77744273,REQUEST_FAILED,,,,,
77744304,REQUEST_FAILED,,,,,
77744321,REQUEST_FAILED,,,,,
77744356,REQUEST_FAILED,,,,,
77744416,deadAbandoned,BANDA GUASAVEÑA,"Feb. 02, 2010",FAUSTO CASTRO ELIZALDE,,pedroc2@gmail.com
77744442,deadAbandoned,LIFE. NO DRESS REHEARSAL !,"Sep. 30, 2010","Olsen, John A",,jack@golfandleisure.com
77744398,REQUEST_FAILED,,,,,
77744414,REQUEST_FAILED,,,,,
77744525,deadAbandoned,PUSH INTERNET,"Oct. 01, 2010",HTC CORPORATION,,kathy.callahan@bracewell.com
77744573,deadAbandoned,STRAIGHT TALK,"Apr. 07, 2010",HTC CORPORATION,,kathy.callahan@bracewell.com
77744457,REQUEST_FAILED,,,,,
77744676,deadAbandoned,SIMPLICITY IS NOT ROCKET SCIENCE.,"Mar. 02, 2010",Glenda Mckinley English,,Sean@gmcadvertising.com
77744592,REQUEST_FAILED,,,,,
77744634,REQUEST_FAILED,,,,,
77744712,REQUEST_FAILED,,,,,
77744743,REQUEST_FAILED,,,,,
77744760,REQUEST_FAILED,,,,,
77744850,REQUEST_FAILED,,,,,
77744901,REQUEST_FAILED,,,,,
77744918,REQUEST_FAILED,,,,,
77744932,REQUEST_FAILED,,,,,
77744959,deadAbandoned,BTOZINC,"Mar. 01, 2010","Amarna, LLC",,aprillec@btozinc.com
77744944,deadAbandoned,THE CATARACT CENTER,"Mar. 01, 2010","Burns, Richard",,rrickeye@hotmail.com
77745000,deadAbandoned,IMAGINE NATION TOYS,"Mar. 01, 2010","BCause, LLC",,imaginenationtoys@gmail.com
77745067,deadAbandoned,JUST CHOOSE,"Mar. 01, 2010",choose,,
77745012,REQUEST_FAILED,,,,,
77745007,REQUEST_FAILED,,,,,
77745093,REQUEST_FAILED,,,,,
77745151,REQUEST_FAILED,,,,,
77745249,deadAbandoned,ME SUDA LA ...,"Mar. 03, 2010",Luca Lubomir Lewitscharoff,,luca.lewitscharoff@mesudalacrisis.com
77745210,REQUEST_FAILED,,,,,
77745226,REQUEST_FAILED,,,,,
77745250,REQUEST_FAILED,,,,,
77745383,deadAbandoned,DOUBLE BARREL,"Oct. 01, 2010","Bonarrigo, Merrill",,wine@messinahof.com
77745303,REQUEST_FAILED,,,,,
77745410,deadAbandoned,THECHARTERHUB,"Feb. 27, 2010","Gupta, Sanjeev Kumar",,sanjeev.gupta.28@gmail.com
77745379,REQUEST_FAILED,,,,,
77745421,REQUEST_FAILED,,,,,
77745458,REQUEST_FAILED,,,,,
77745515,REQUEST_FAILED,,,,,
77745777,deadAbandoned,THANKSFA,"Aug. 02, 2010","Fields, Larry E.",,
77745789,deadAbandoned,THANKFA,"Aug. 02, 2010","Fields, Larry E.",,
77745672,REQUEST_FAILED,,,,,
77745901,deadAbandoned,WARMWARE,"Feb. 27, 2010","Dargan, Vivek M",,opalladin@gmail.com
77745741,REQUEST_FAILED,,,,,
77745899,REQUEST_FAILED,,,,,
77745932,REQUEST_FAILED,,,,,
77745997,deadAbandoned,AQUADIVA,"Feb. 26, 2010",Tom Ross Appleby,,allison@aquadivaswimwear.com
77746034,deadAbandoned,REFILL DON'T LANDFILL,"Jan. 16, 2010",Evergreen Designs LLC,,evergreenbottle@gmail.com
77745973,REQUEST_FAILED,,,,,
77746081,deadAbandoned,VINTAGE LIMOUSINE,"Apr. 21, 2010","Kadala, Theodore T.",,ted4321@live.com
77746087,deadAbandoned,G GRIFF,"Sep. 25, 2010","Metchen, LLC",,matthew.turdo@gmail.com
77746096,deadAbandoned,EARTHNOMICS,"Aug. 02, 2010","Hopkins-Deacon, Roy",,opalroy@mail.com
77746106,deadAbandoned,ONE MAN'S TRASH IS ANOTHER MAN'S GIRLFRIEND!,"Feb. 19, 2010",Rideanne R. Edwards,,Rideanne@yahoo.com
77746108,deadAbandoned,DON'T STARE AT WHAT YOU CAN'T AFFORD... JUST TAKE A GLANCE!,"Feb. 19, 2010",Rideanne R. Edwards,,Rideanne@yahoo.com
77746109,deadAbandoned,"IF YOU DON'T HAVE ANYTHING NICE TO SAY, I'LL SAY IT FOR YOU!","Mar. 02, 2010","Edwards, Rideanne R.",,Rideanne@yahoo.com
77746107,deadAbandoned,"I CAN'T HELP IT, GOD MADE ME THIS FABULOUS!","Feb. 19, 2010",Rideanne R. Edwards,,Rideanne@yahoo.com
77746102,REQUEST_FAILED,,,,,
77746119,deadAbandoned,MEMORY IS EVERYTHING,"Nov. 15, 2010","Fowler, James Campbell",,legomylego@gmail.com
77746121,REQUEST_FAILED,,,,,
77746157,REQUEST_FAILED,,,,,
77746227,REQUEST_FAILED,,,,,
77746349,deadAbandoned,SOFTTRACE QUALITY MANAGEMENT SOFTWARE FOR THE DAIRY INDUSTRY,"Mar. 23, 2010",Softtrace Limited,,aconnolly@soft-trace.com
77746318,REQUEST_FAILED,,,,,
77746370,REQUEST_FAILED,,,,,
77746381,REQUEST_FAILED,,,,,
77746473,REQUEST_FAILED,,,,,
77746520,REQUEST_FAILED,,,,,
77746608,deadAbandoned,SAING YANGSHENG DUMPLING,"Mar. 04, 2010","Heye, Sayinga",,sshey6@yahoo.com
77746623,deadAbandoned,GOODCRANE,"Feb. 28, 2010","Almeda, Patrick B.",,
77746558,REQUEST_FAILED,,,,,
77746606,REQUEST_FAILED,,,,,
77746657,REQUEST_FAILED,,,,,
77746690,REQUEST_FAILED,,,,,
77746723,REQUEST_FAILED,,,,,
77746685,REQUEST_FAILED,,,,,
77746997,deadAbandoned,THE SILK'N STORE,"Mar. 02, 2010",The Silk'n Store LLC,,John.Ranney@TheSilknStore.com
77746930,REQUEST_FAILED,,,,,
77746998,REQUEST_FAILED,,,,,
77747006,REQUEST_FAILED,,,,,
77747040,deadAbandoned,GODSPEED WHEELS,"Mar. 04, 2010","Childers, David",,info@godspeedwheels.com
77747031,REQUEST_FAILED,,,,,
77747089,REQUEST_FAILED,,,,,
77747114,REQUEST_FAILED,,,,,
77747173,deadAbandoned,URBAN NICHÉ UN,"Mar. 04, 2010",urban niche`,,urban.niche@yahoo.com
77747204,deadAbandoned,FOOTPRINTER,"Mar. 05, 2010",Best Foot Forward,,mail@bestfootforward.com
77747156,REQUEST_FAILED,,,,,
77747227,deadAbandoned,CARBON FOOTPRINTER,"Mar. 05, 2010",Best Foot Forward,,mail@bestfootforward.com
77747190,REQUEST_FAILED,,,,,
77747216,REQUEST_FAILED,,,,,
77747429,deadAbandoned,R-HOME,"Mar. 03, 2010",Foard Panel Inc.,,lisa@foardpanel.com
77747452,REQUEST_FAILED,,,,,
77747544,deadAbandoned,None,"Nov. 08, 2010","Ward, Scott",,sward@triumphpackaging.com
77747457,REQUEST_FAILED,,,,,
77747489,REQUEST_FAILED,,,,,
77747496,REQUEST_FAILED,,,,,
77747586,deadAbandoned,CENT'ANNI ACQUA,"Mar. 04, 2010",MARK SPADOLA,,dberlin@corporatebureau.com
77747593,deadAbandoned,None,"Apr. 27, 2010",Scott Ward,,sward@triumphpackaging.com
77747560,REQUEST_FAILED,,,,,
77747617,REQUEST_FAILED,,,,,
77747660,REQUEST_FAILED,,,,,
77747737,deadAbandoned,DIVATAR,"Mar. 03, 2010",Sharon Duke Estroff,,sharonestroff@gmail.com
77747728,deadAbandoned,ELINK,"Mar. 05, 2010","Enalasys, Inc.",,docketing@pelaw.net
77747720,REQUEST_FAILED,,,,,
77747729,REQUEST_FAILED,,,,,
77747832,deadAbandoned,ALWAYS ON INSTANT,"Mar. 08, 2010","Carpathia Hosting, Inc.",,kwhite@carpathiahost.com
77747850,REQUEST_FAILED,,,,,
77747911,REQUEST_FAILED,,,,,
77747984,REQUEST_FAILED,,,,,
77748083,deadAbandoned,TOUCH PENS,"Feb. 05, 2010","Leto, Gerald Abner",,geraldleto@comcast.net
77748074,deadAbandoned,TOUCHPENZ,"Feb. 05, 2010","Leto, Gerald Abner",,geraldleto@comcast.net
77748116,deadAbandoned,APOTHECALI,"Mar. 01, 2010","Truong, Rosalyn M.",,apothecali@gmail.com
77748155,deadAbandoned,MIDL,"Dec. 13, 2010",GOOGLE INC.,,tmdocketing@google.com
77748118,REQUEST_FAILED,,,,,
77748161,deadAbandoned,HELLO DJ,"Mar. 03, 2010","de Escobar, Sharon K.",,md@stran.com
77748152,REQUEST_FAILED,,,,,
77748180,REQUEST_FAILED,,,,,
77748205,REQUEST_FAILED,,,,,
77748309,deadAbandoned,NUTRIFEYE,"Mar. 01, 2010",VITAMIN SCIENCE INC,,pkrawitz@visivite.com
77748245,REQUEST_FAILED,,,,,
77748302,deadAbandoned,PENSACOLA TOPDRESSING,"Mar. 07, 2010",Lau Jason D.,,jason_lau@live.com
77748327,deadAbandoned,MOMS LINGO LOUNGE.COM,"Mar. 05, 2010","Johnson, Kimberlee",,forkimee@yahoo.com
77748301,REQUEST_FAILED,,,,,
77748314,REQUEST_FAILED,,,,,
77748336,deadAbandoned,JOBDECKS,"Apr. 16, 2010","JobDecks, LLC",,reyesarnoldo@hotmail.com
77748321,REQUEST_FAILED,,,,,
77748331,REQUEST_FAILED,,,,,
77748373,deadAbandoned,LEBURGERLOUNGE,"Mar. 09, 2010",Dominique Crenn,,dominiquecrenn@gmail.com
77748344,REQUEST_FAILED,,,,,
77748347,REQUEST_FAILED,,,,,
77748390,deadAbandoned,DANCES WITH CLAMS,"Aug. 16, 2010","Brunt, diane S.",,danceswithshellfish@yahoo.com
77748396,deadAbandoned,DANCES WITH SHRIMP,"Aug. 16, 2010","Brunt, Diane , S",,danceswithshellfish@yahoo.com
77748406,deadAbandoned,SEA WAVE,"May 28, 2010",Yong Xiang GUO,,tmregistered@gmail.com
77748370,REQUEST_FAILED,,,,,
77748385,REQUEST_FAILED,,,,,
77748410,deadAbandoned,FLASHGET,"Oct. 18, 2010","FLASHGET INFORMATION TECHNOLOGY, CO. LTD.",,law_christina@263.net
77748423,deadAbandoned,SMARTAD,"Mar. 04, 2010",Rittman Dan,,danny@tayden.com
77748405,deadAbandoned,GW,"Aug. 16, 2010",Yong Xiang GUO,,tmregistered@gmail.com
77748404,REQUEST_FAILED,,,,,
77748452,deadAbandoned,LEASED INSURANCE SERVICES,"Mar. 08, 2010",DataCede LLC,,lspear@datacede.com
77748421,REQUEST_FAILED,,,,,
77748467,REQUEST_FAILED,,,,,
77748516,deadAbandoned,YOGA IS YUMMY,"Mar. 03, 2010",Yoga is Yummy,,yogaisyummy@verizon.net
77748570,deadAbandoned,"WET IT, WRING IT, SNAP IT","Mar. 08, 2010",Cold Snapp,,richard@coldsnapp.com
77748502,REQUEST_FAILED,,,,,
77748543,REQUEST_FAILED,,,,,
77748630,deadAbandoned,"REALTY CAPITAL SOLUTIONS, LLC","Mar. 04, 2010",Scott John Waddington,,swaddington@verizon.net
77748642,REQUEST_FAILED,,,,,
77748648,REQUEST_FAILED,,,,,
77748724,deadAbandoned,ALWAYSON,"Mar. 08, 2010","Carpathia Hosting, Inc.",,kwhite@carpathiahost.com
77748738,deadAbandoned,INSTANTON,"Mar. 08, 2010","Carpathia Hosting, Inc.",,kwhite@carpathiahost.com
77748678,REQUEST_FAILED,,,,,
77748723,REQUEST_FAILED,,,,,
77748731,REQUEST_FAILED,,,,,
77748744,REQUEST_FAILED,,,,,
77748805,deadAbandoned,CLOUD ORCHESTRATION,"Mar. 08, 2010","Carpathia Hosting, Inc.",,kwhite@carpathiahost.com
77748762,REQUEST_FAILED,,,,,
77748824,REQUEST_FAILED,,,,,
77748904,deadAbandoned,BOOMLEGACY,"Aug. 16, 2010","Crescendo Interactive, Inc.",,bill@cresmail.com
77748915,deadAbandoned,TOUGH CHIK,"Oct. 04, 2010",Shannon Carson,,slc3477@hotmail.com
77748883,REQUEST_FAILED,,,,,
77748900,REQUEST_FAILED,,,,,
77748982,deadAbandoned,WELLNESS INDICATORS,"Jun. 25, 2010",Wellness Indicators,,dcallew@wellnessindicators.com
77748921,REQUEST_FAILED,,,,,
77749061,deadAbandoned,INTERACTIVE CONSUMER ENTERTAINMENT,"Mar. 09, 2010","Koenig, Eric",,koemunicationinc@aol.com
77749071,deadAbandoned,ARCLINER,"Mar. 01, 2010","Casto, Michael S",,jbeatty@mindsalt.net
77749110,deadAbandoned,TIRE JELLY,"Aug. 25, 2010","Cleaning Systems, Inc.",,tkrug@cleaningsystemsinc.com
77749127,deadAbandoned,None,"Mar. 09, 2010","Productos Destilados de Mexico, S.A. de C.V.",,miguelcadena22@hotmail.com
77749075,REQUEST_FAILED,,,,,
77749199,deadAbandoned,PETROCARD,"Oct. 27, 2010",PetroCard Systems Inc,,jhanson@petrocard.com
77749227,deadAbandoned,THE DOMAIN,"Oct. 06, 2010",AMC Publishing LLC,,
77749122,REQUEST_FAILED,,,,,
77749257,deadAbandoned,SWISS GRILL SWISS GOURMET FOOD,"Sep. 30, 2010","Swiss Food, Inc.",,
77749194,REQUEST_FAILED,,,,,
77749345,deadAbandoned,JUMP START MARKETING,"Mar. 03, 2010","Jump Start Marketing, Inc.",,gschnoor@jsmcorp.com
77749292,REQUEST_FAILED,,,,,
77749360,deadAbandoned,HALF PRICE LINGERIE,"Mar. 02, 2010",Elvridge Williams,,hyman700@yahoo.com
77749388,deadAbandoned,HYBRID ORGANICS,"Mar. 05, 2010",Ashkari Corporation,,kpurohit28@gmail.com
77749417,deadAbandoned,MODERARX,"Mar. 03, 2010","Medical Life Solutions, LLC",,dave@stem120.com
77749398,deadAbandoned,ER EXACTRAIL THE NEXT GENERATION OF MODEL RAILROADING,"Mar. 03, 2010","Clune, Chris",,dlcline@gmail.com
77749365,REQUEST_FAILED,,,,,
77749451,deadAbandoned,FILM MICHIGAN,"Mar. 03, 2010","Film Michigan, Inc.",,info@filmmichigan.com
77749455,deadAbandoned,None,"Mar. 09, 2010","Vanmeter, Pansy",,info@masterfulspaces.com
77749470,deadAbandoned,STREET SPEAK,"Sep. 27, 2010",Tosh World Limited,,david@tosh.tv
77749472,deadAbandoned,MEDREPS.COM,"Mar. 02, 2010",Healthcare Job Boards,,smesa@healthcarejobboards.com
77749449,REQUEST_FAILED,,,,,
77749462,REQUEST_FAILED,,,,,
77749522,deadAbandoned,SHE'SCOOL,"Sep. 30, 2010","SHAOXING JIUZHAN IMPORT & EXPORT CO., LTD.",,
77749476,REQUEST_FAILED,,,,,
77749526,REQUEST_FAILED,,,,,
77749605,deadAbandoned,PICUARINO,"Oct. 25, 2010",Promet S.A.,,voconnor@indalo.com.ar
77749645,deadAbandoned,TWILIGHT PROM,"Nov. 15, 2010","Kerns, Carrie K",,carriekerns@yahoo.com
77749570,REQUEST_FAILED,,,,,
77749654,REQUEST_FAILED,,,,,
77749673,REQUEST_FAILED,,,,,
77749789,deadAbandoned,HOTELIER INTERNATIONAL,"Mar. 09, 2010",Haciendum Finances Limited,,webpropaganda.uk@gmail.com
77749783,REQUEST_FAILED,,,,,
77749830,REQUEST_FAILED,,,,,
77749887,REQUEST_FAILED,,,,,
77749893,REQUEST_FAILED,,,,,
77749915,REQUEST_FAILED,,,,,
77750101,deadAbandoned,ONPOINT,"Mar. 09, 2010","Medina, Michael",,
77750036,REQUEST_FAILED,,,,,
77750054,REQUEST_FAILED,,,,,
77750228,deadAbandoned,THE KNEEPAD,"Mar. 03, 2010",Pierre Antoine Bate II,,patentlawinc@hotmail.com
77750265,deadAbandoned,Y LIFE,"May 28, 2010","Madden, Michael P.",,palmadden@yahoo.com
77750160,REQUEST_FAILED,,,,,
77750286,deadAbandoned,AMAZON SECRETS,"Mar. 03, 2010","Farah, Sheila",,sheila@farahservice.com.br
77750239,deadAbandoned,Y LIFE ONLINE EMPOWERMENT FOR CHRIST CENTERED LIVING,"May 25, 2010","Madden, Michael P.",,palmadden@yahoo.com
77750302,REQUEST_FAILED,,,,,
77750334,REQUEST_FAILED,,,,,
77750347,deadAbandoned,RETAILMLS,"Sep. 30, 2010","The Alumni Group, LLC",,aschwartz@schwartzip.com
77750345,REQUEST_FAILED,,,,,
77750361,REQUEST_FAILED,,,,,
77750393,REQUEST_FAILED,,,,,
77750515,deadAbandoned,MY FIRST PEARL,"Mar. 05, 2010","Miller, Julie D.",,julie@julesjewelry.com
77750550,deadAbandoned,MYPORNSPACE,"Mar. 04, 2010",Evolutionary Idea LLC,,
77750551,deadAbandoned,ERGOPOUCH ERGOCOCOON ERGOPJ'S,"Mar. 03, 2010",Alina Sack,,ALINA@ERGOPOUCH.COM.AU
77750509,REQUEST_FAILED,,,,,
77750568,deadAbandoned,SPRING MEADOW GARDENS,"Mar. 03, 2010",Spring Meadow Gardens,,
77750547,REQUEST_FAILED,,,,,
77750600,REQUEST_FAILED,,,,,
77750756,deadAbandoned,ELECTRIFYING LAPS,"Aug. 09, 2010",Ergodicity Partners LLC,,ContactSandy@aol.com
77750778,deadAbandoned,MY ELECTRIC GARAGE,"Aug. 16, 2010",Ergodicity Partners LLC,,ContactSandy@aol.com
77750726,REQUEST_FAILED,,,,,
77750748,REQUEST_FAILED,,,,,
77750734,REQUEST_FAILED,,,,,
77750791,REQUEST_FAILED,,,,,
77750804,deadAbandoned,KEY WEST HIDEAWAYS,"Aug. 23, 2010",Cynthia L. Sutton,,kwhide1@bellsouth.net
77750830,deadAbandoned,RECOUPO,"Mar. 04, 2010","Fee, Sean E",,sfee@sbcglobal.net
77750812,REQUEST_FAILED,,,,,
77750927,deadAbandoned,LUDIVINE,"Jun. 28, 2010","Osez Vous? International Spirits, LLC",,rcooper@cooperspirits.com
77750855,REQUEST_FAILED,,,,,
77750888,REQUEST_FAILED,,,,,
77750909,REQUEST_FAILED,,,,,
77750985,deadAbandoned,HER HIGHNESS CONDITIONER,"Mar. 09, 2010","Amourai Enterprises, LLC",,rcole@luvamourai.com
77750941,REQUEST_FAILED,,,,,
77750980,REQUEST_FAILED,,,,,
77751071,deadAbandoned,MOUNTAIN MAN PRODUCTS,"Mar. 04, 2010","Pierzina, George R.",,generalpurpose@netzero.net
77750997,REQUEST_FAILED,,,,,
77751148,deadAbandoned,KOREA CLIMATE EXCHANGE,"Dec. 20, 2010","Chicago Climate Exchange, Inc.",,
77751088,REQUEST_FAILED,,,,,
77751209,deadAbandoned,SACHII FERGAMERI,"Mar. 08, 2010",SACHII FERGAMERI OVERSEAS INC.,,songmengli@yahoo.com
77751135,REQUEST_FAILED,,,,,
77751193,REQUEST_FAILED,,,,,
77751197,REQUEST_FAILED,,,,,
77751276,REQUEST_FAILED,,,,,
77751291,REQUEST_FAILED,,,,,
77751338,REQUEST_FAILED,,,,,
77751513,deadAbandoned,UPCYCLE ART,"Mar. 10, 2010",Community Carbon Project,,ryan@comcarbon.com
77751412,REQUEST_FAILED,,,,,
77751499,REQUEST_FAILED,,,,,
77751508,REQUEST_FAILED,,,,,
77751532,REQUEST_FAILED,,,,,
77751535,REQUEST_FAILED,,,,,
77751553,REQUEST_FAILED,,,,,
77751671,deadAbandoned,THE BACTERBASICS PROCESS,"Aug. 23, 2010","Logan, Peter Alan",,palogan@bacterusa.com
77751695,deadAbandoned,ON BORED,"Sep. 21, 2010",Occupied LLC,,
77751717,deadAbandoned,MASTERKLEER,"Mar. 01, 2010",Aquatuning GmbH,,n.draht@aquatuning.de
77751651,REQUEST_FAILED,,,,,
77751668,REQUEST_FAILED,,,,,
77751660,REQUEST_FAILED,,,,,
77751841,deadAbandoned,REALLY NASTY,"Sep. 05, 2010",Tom White,,TOMW1@HOTMAIL.CO.UK
77751855,deadAbandoned,"""FEEL COMFORTABLE IN YOUR OWN SKIN""","Oct. 27, 2010",EVEREST NUTRITION CORP,,bipin@everestnutrition.com
77751889,deadAbandoned,CARD2ANYWHERE,"Sep. 29, 2010","TENAGLIA, Riccardo E",,riccardo.tenaglia@abditech.com
77751934,deadAbandoned,THALAPEDIA,"Apr. 19, 2010",Thalassemia Support Fundation,,ceahunt@msn.com
77751925,REQUEST_FAILED,,,,,
77751929,REQUEST_FAILED,,,,,
77751985,deadAbandoned,ANOLITE,"Mar. 16, 2010",Bellan Phillip M,,phil@eco-enviro.com
77751960,REQUEST_FAILED,,,,,
77751990,REQUEST_FAILED,,,,,
77752062,REQUEST_FAILED,,,,,
77752126,REQUEST_FAILED,,,,,
77752222,REQUEST_FAILED,,,,,
77752297,REQUEST_FAILED,,,,,
77752410,deadAbandoned,MYCHURCHCHOIR,"Mar. 09, 2010","McSweeney, Martin",,martinmc_74@yahoo.com
77752488,REQUEST_FAILED,,,,,
77752489,REQUEST_FAILED,,,,,
77752529,REQUEST_FAILED,,,,,
77752655,deadAbandoned,SWEAT ARMOUR,"Mar. 10, 2010",Dina Cerchione,,
77752652,deadAbandoned,ADS A DOZEN SECRETS,"Nov. 04, 2010","Menard, Matthew R",,info@adozensecrets.com
77752680,deadAbandoned,G GREENSAVERS,"Mar. 04, 2010",Greensavers LLC,,imuller@vcorpservices.com
77752653,deadAbandoned,AMISTA CAPITAL,"Mar. 05, 2010",Lawrence Wei Cheng,,larrycheng@gmail.com
77752650,REQUEST_FAILED,,,,,
77752651,REQUEST_FAILED,,,,,
77752686,REQUEST_FAILED,,,,,
77752758,deadAbandoned,A PHARMACIST'S FORMULATION,"Jan. 31, 2010",Daisu International,,nghi8405@gmail.com
77752701,REQUEST_FAILED,,,,,
77752755,REQUEST_FAILED,,,,,
77752975,deadAbandoned,MODULAR WARDROBE KIT,"Jul. 22, 2010","Young-Basso, Marissa Robyn",,robynbasso@gmail.com
77752926,REQUEST_FAILED,,,,,
77753049,deadAbandoned,PHOTOMATIC,"Mar. 09, 2010",DPS Digital Photo Systems,,info@photomatic.nl
77753066,REQUEST_FAILED,,,,,
77753155,REQUEST_FAILED,,,,,
77753263,REQUEST_FAILED,,,,,
77753525,deadAbandoned,GIVE A HOOT ABOUT EDUCATION WWW.EDUCATIONADVANTAGE.ORG,"Oct. 04, 2010",Education Advantage Foundation,,info@educationadvantage.org
77753538,deadAbandoned,SNAPPY SOCKS,"Mar. 05, 2010",Beacon Enterprises Ltd.,,chrisneal@beaconenterprises.net
77753373,REQUEST_FAILED,,,,,
77753659,REQUEST_FAILED,,,,,
77753661,REQUEST_FAILED,,,,,
77753693,deadAbandoned,None,"Aug. 23, 2010","Don Moen, LLC",,
77753711,deadAbandoned,MEDIASHOUT UNIVERSITY,"Sep. 20, 2010","Don Moen, LLC",,
77753674,REQUEST_FAILED,,,,,
77753767,deadAbandoned,FEM-O-MATIC,"Aug. 23, 2010","Popov, Petar Angelov",,ppopov99@gmail.com
77753691,REQUEST_FAILED,,,,,
77753696,REQUEST_FAILED,,,,,
77753768,deadAbandoned,RIPP-IT,"Mar. 11, 2010",SoapBox Productions LLC,,alex@rippitgear.com
77753784,deadAbandoned,IT'S YOUR CHOICE,"Aug. 02, 2010",choose,,
77753750,deadAbandoned,PA PLATINUM ALLOY,"Dec. 11, 2010","SALAZAR, ,ESTUARDO",,estuardo_salazar_pratt@hotmail.com
77753733,REQUEST_FAILED,,,,,
77753827,deadAbandoned,SPY-TRONIX,"Mar. 10, 2010","Lewis, C.",,thegeekfactor@earthlink.net
77753769,REQUEST_FAILED,,,,,
77753808,REQUEST_FAILED,,,,,
77753873,deadAbandoned,SUPERSANE,"Aug. 02, 2010","HEYE, SAYINGA",,sshey6@yahoo.com
77753902,deadAbandoned,THAT WAS EASY,"Aug. 23, 2010",Mobile Apps LLC,,mobileappssc@gmail.com
77753893,REQUEST_FAILED,,,,,
77753881,REQUEST_FAILED,,,,,
77753906,REQUEST_FAILED,,,,,
77753961,deadAbandoned,FOOTSIE NAIL SPA,"Aug. 16, 2010","Schad, James Gregory",,jim.schad@gmail.com
77753996,deadAbandoned,HAMSA EDIZIONI,"Aug. 30, 2010",BOTELLO PAOLIN CANDY,,info@hamsaedizioni.com
77753939,REQUEST_FAILED,,,,,
77754000,deadAbandoned,COINSANDPINS.COM,"Mar. 15, 2010",Aaron Charles Promotions LLC,,
77753962,REQUEST_FAILED,,,,,
77753987,REQUEST_FAILED,,,,,
77754047,deadAbandoned,CERTIFIED GANGSTER,"Aug. 23, 2010",Monster Tires LLC,,service@monster-tires.com
77754186,deadAbandoned,LA BELLOTA,"Nov. 25, 2010",ALIMENTIAS EMC,,aromero@alimentias.com
77754169,REQUEST_FAILED,,,,,
77754215,REQUEST_FAILED,,,,,
77754251,REQUEST_FAILED,,,,,
77754366,deadAbandoned,"DECKO PRODUCTS USA DIVISION OF CGP, INC.","Mar. 17, 2010",Carolina Graphic Press,,
77754302,REQUEST_FAILED,,,,,
77754427,deadAbandoned,"IF WE BUILD IT, HE WILL COME V L M WWW.VIRTUALLETTERMANCOMETH.COM","Aug. 23, 2010","Weir, Derek A",,weirkc@hotmail.com
77754333,REQUEST_FAILED,,,,,
77754530,deadAbandoned,ZAPS,"Jul. 28, 2010",Polonia Ventures LLC,,poloniaventures@hotmail.com
77754543,REQUEST_FAILED,,,,,
77754571,REQUEST_FAILED,,,,,
77754661,REQUEST_FAILED,,,,,
77754739,deadAbandoned,LIFEBRANDS,"Mar. 17, 2010","LifeBrands, Inc.",,Mark@Compedgemedia.com
77754689,REQUEST_FAILED,,,,,
77754756,deadAbandoned,RENEWAL WATER,"Sep. 29, 2010",Donald E Ackley,,donackley@cox.net
77754708,REQUEST_FAILED,,,,,
77754789,deadAbandoned,SEE IT ON PC,"Mar. 10, 2010",Bonded Gold Refinery LLC,,antoin2@aol.com
77754880,deadAbandoned,LOOK WHO'S BEEN BUSTED,"Nov. 11, 2010",SEMI VALLEY SOUND LLC,,bustedweekly@gmail.com
77754890,deadAbandoned,CELEBRITY,"Jul. 05, 2010",Imagination Holdings Pty Ltd,,hostmaster@imagination.com.au
77754886,deadAbandoned,CORNHOLE CHICK,"Mar. 23, 2010","Cornholio, Inc.",,Craig@cornholiofan.com
77754828,REQUEST_FAILED,,,,,
77754855,deadAbandoned,REMASS,"Nov. 22, 2010",Idea Bright Marketing & Research Corporation,,jaredfabac@yahoo.com
77754838,REQUEST_FAILED,,,,,
77754916,deadAbandoned,MEMENTO LABS,"Mar. 11, 2010","Fowler, James C",,legomylego@gmail.com
77754958,deadAbandoned,SYLVIE MONTHULÉ,"Mar. 11, 2010",Sylvie Monthulé,,contact@sylvie-monthule.com
77754971,deadAbandoned,WASABI POWER,"Aug. 16, 2010","Northparts USA, LLC",,info@northparts.us
77754892,deadAbandoned,THE GAMEMAKERS,"Jul. 12, 2010",Imagination Holdings Pty Ltd,,hostmaster@imagination.com.au
77754915,REQUEST_FAILED,,,,,
77754986,REQUEST_FAILED,,,,,
77755189,deadAbandoned,SUPERSANE,"Aug. 02, 2010","HEYE, SAYINGA",,sshey6@yahoo.com
77755052,REQUEST_FAILED,,,,,
77755167,REQUEST_FAILED,,,,,
77755180,REQUEST_FAILED,,,,,
77755304,deadAbandoned,INVISIBLE ESSENCE,"Mar. 17, 2010",Moodform,,jmensing@moodform.com
77755335,deadAbandoned,TATTOOSMITH,"Mar. 17, 2010",Moodform,,jmensing@moodform.com
77755355,deadAbandoned,INVISIBLE INK,"Aug. 30, 2010",Moodform,,jmensing@moodform.com
77755482,deadAbandoned,BAD ATTITUDE CLUB,"Mar. 19, 2010","Bad Attitude Club, L.L.C.",,oller@optonline.net
77755323,REQUEST_FAILED,,,,,
77755364,REQUEST_FAILED,,,,,
77755638,deadAbandoned,AQUA TATTOO,"Mar. 17, 2010",Moodform,,jmensing@moodform.com
77755626,deadAbandoned,EASY TRACE,"Jul. 12, 2010","Home Aide Diagnostics, Inc.",,amgad@homeaide.us
77755588,REQUEST_FAILED,,,,,
77755662,REQUEST_FAILED,,,,,
77755700,deadAbandoned,NO THANKS.,"Aug. 23, 2010","Ryan, Darin",,dpryan8@yahoo.com
77755692,REQUEST_FAILED,,,,,
77755781,deadAbandoned,I'M GREEN. ARE YOU?,"Dec. 06, 2010",OnlyGreen4Me,,aschwartz@schwartzip.com
77755822,deadAbandoned,FUUN4LIFE,"Mar. 10, 2010","Mannhalter, Josephine M",,hazelmae@live.com
77755778,REQUEST_FAILED,,,,,
77755871,deadAbandoned,DIG IT! WE'RE GROWING MIRACLES,"Apr. 08, 2010","Cause Creative Marketing, LLC",,heather@causecreative.net
77755856,deadAbandoned,TROS,"Jul. 07, 2010",TROS,,troscorp@gmail.com
77755873,deadAbandoned,BOLDER,"Mar. 19, 2010",FRENWAY PRODUCTS INC.,,gtptf@ms43.hinet.net
77755834,REQUEST_FAILED,,,,,
77755992,deadAbandoned,TELEFIT,"Aug. 23, 2010","Tympany, LLC",,info@tympany.net
77755885,REQUEST_FAILED,,,,,
77755890,REQUEST_FAILED,,,,,
77756120,deadAbandoned,ECLIPSE,"Aug. 23, 2010","Tympany, LLC",,info@tympany.net
77756122,deadAbandoned,SANDAL SAVERS,"Mar. 16, 2010","Scott, Michael, A",,info@sandalsavers.com
77756002,REQUEST_FAILED,,,,,
77756065,deadAbandoned,THE KINDLES,"Mar. 04, 2010",Adam L Weatherly,,adamweatherly@yahoo.com
77756064,REQUEST_FAILED,,,,,
77756108,REQUEST_FAILED,,,,,
77756191,deadAbandoned,D'CELINA,"Mar. 17, 2010",D'CELINA LLC,,MINES03@GMAIL.COM
77756219,deadAbandoned,IDEALMEDICALPRACTICES,"Mar. 18, 2010",Ideal Medical Practices,,drbrady@thevillagedoctor.hrcoxmail.com
77756192,REQUEST_FAILED,,,,,
77756205,REQUEST_FAILED,,,,,
77756297,deadAbandoned,X-POLE,"Mar. 16, 2010",Max Lead International Ltd,,jason.gmi@gmail.com
77756211,REQUEST_FAILED,,,,,
77756258,deadAbandoned,IMPCENTER,"Mar. 18, 2010",Ideal Medical Practices,,drbrady@thevillagedoctor.hrcoxmail.com
77756342,REQUEST_FAILED,,,,,
77756523,deadAbandoned,ENHANCED LISTENING DEVICE,"Mar. 11, 2010","Tympany, LLC",,kcroghan@tympany.net
77756386,REQUEST_FAILED,,,,,
77756614,deadAbandoned,SUSTAINABILITY CONSULTANT,"Jan. 21, 2010","Green Kaizen, Inc.",,info@greenkaizen.com
77756468,REQUEST_FAILED,,,,,
77756538,deadAbandoned,ELD,"Aug. 23, 2010","Tympany, LLC",,info@tympany.net
77756617,REQUEST_FAILED,,,,,
77756738,deadAbandoned,FIRSTAID MANUFACTURER,"Mar. 11, 2010",Manufacturer Direct Industries LLC,,SUSA_VH@YAHOO.COM
77756681,REQUEST_FAILED,,,,,
77756763,deadAbandoned,COMMISSION FREE BACCARAT,"Mar. 12, 2010",Shakhnazarov Sergey,,ananov67@yahoo.com
77756743,REQUEST_FAILED,,,,,
77756808,REQUEST_FAILED,,,,,
77756891,deadAbandoned,FITPASS,"Aug. 09, 2010","Morris, Javonne Markell",,rtsentertainment@live.com
77756850,REQUEST_FAILED,,,,,
77756897,deadAbandoned,EAT HUMBLE PIE,"Mar. 17, 2010",Oreste Cardillo,,DELRAY33483@AOL.COM
77756922,deadAbandoned,JOURNEYMAN'S FRIEND,"Mar. 15, 2010","ETERNABOND, INC.",,
77756918,deadAbandoned,STAGREPA,"Mar. 13, 2010","THOMPSON, JASON, JAMES",,hatchetsoldier25@yahoo.com
77756924,deadAbandoned,LOLLIPOPZ,"Mar. 05, 2010","KONO ENTERPRISES, LLC.",,BRIANNOHE@HOTMAIL.COM
77756935,deadAbandoned,BORSCHE,"Mar. 18, 2010",Chen Zequn,,zhanghonglu@inipa.com
77756910,REQUEST_FAILED,,,,,
77756919,REQUEST_FAILED,,,,,
77756938,REQUEST_FAILED,,,,,
77756956,REQUEST_FAILED,,,,,
77757019,REQUEST_FAILED,,,,,
77757093,REQUEST_FAILED,,,,,
77757067,REQUEST_FAILED,,,,,
77757204,deadAbandoned,ROD & PIPERS,"Aug. 30, 2010",MOLINA GARRIDO JOVANA,,erickcamacho@hotmail.com
77757250,deadAbandoned,GOSSI,"Mar. 18, 2010",MOLINA GARRIDO JOVANA,,erickcamacho@hotmail.com
77757278,deadAbandoned,REACT 365 CORP.,"Mar. 24, 2010",React 365 Inc.,,stefeny@react365.com
77757241,deadAbandoned,FIERO,"Mar. 12, 2010","INDUSTRIAS VOIT, S.A. DE C.V.",,cthomae@jcva.com.mx
77757163,REQUEST_FAILED,,,,,
77757222,REQUEST_FAILED,,,,,
77757302,deadAbandoned,ECO BOO PILLOW,"Mar. 12, 2010","Alpha Bedding, LLC",,ted@alphabedding.com
77757507,deadAbandoned,"APARTADOPOPULAR.COM, APARTADO POPULAR DIRECTORIO HISPANO LOCAL","Mar. 23, 2010","AMART FLYERS & PUBLICITY, CORP",,info@apartadopopular.com
77757297,REQUEST_FAILED,,,,,
77757321,REQUEST_FAILED,,,,,
77757432,deadAbandoned,ZABETIC,"Jan. 12, 2010","CC Medical Devices, Inc.",,ctsrelief@aol.com
77757527,REQUEST_FAILED,,,,,
77757699,deadAbandoned,RHAPID AIR,"Mar. 19, 2010","Weintraub, Steven A.",,mgdaly@apsnyc.com
77757628,REQUEST_FAILED,,,,,
77757702,REQUEST_FAILED,,,,,
77757708,REQUEST_FAILED,,,,,
77757743,REQUEST_FAILED,,,,,
77757832,deadAbandoned,TEEKI,"Mar. 15, 2010",Lindsay Hemric,,lindsay@teekilove.com
77757785,REQUEST_FAILED,,,,,
77757906,deadAbandoned,AMERICA'S AIRSHOWS,"Aug. 25, 2010","Case, Mark A.",,mentalcase@centurytel.net
77757858,REQUEST_FAILED,,,,,
77757932,deadAbandoned,URBAN PIE,"Aug. 16, 2010","Cardillo, Oreste",,DELRAY33483@AOL.COM
77757896,REQUEST_FAILED,,,,,
77757908,REQUEST_FAILED,,,,,
77757964,deadAbandoned,BABY AVENUE,"Mar. 15, 2010","NINGBO BRILLIANTEX INTERNATIONAL TRADING CO., LTD.",,info.info168@gmail.com
77757960,deadAbandoned,WOMEN WHO SAY F**K IT,"Oct. 27, 2010","KOSMINSKY, PHYLLIS",,
77757963,deadAbandoned,BABY AVENUE,"Mar. 15, 2010","NINGBO BRILLIANTEX INTERNATIONAL TRADING CO., LTD.",,info.info168@gmail.com
77757969,deadAbandoned,BIOCOAL,"Mar. 17, 2010",Energy Environmental Ltd,,garth.way@rotawave.com
77757954,REQUEST_FAILED,,,,,
77757958,REQUEST_FAILED,,,,,
77758041,deadAbandoned,TIRE BUYING MADE EASY,"Mar. 17, 2010","Pittman, William J",,bpittman@pitstoptirecenters.com
77757973,deadAbandoned,MELLOW PRODUCTIONS,"Aug. 23, 2010","PURDYE, DAVID N",,business@mellowproductions.com
77758072,deadAbandoned,WHEELIE,"Mar. 22, 2010","Pittman, William J",,bpittman@pitstoptirecenters.com
77758020,REQUEST_FAILED,,,,,
77758153,deadAbandoned,GRAFIX,"Jun. 25, 2010",RMS INTERNATIONAL LTD,,nmills@rmsint.com
77758043,REQUEST_FAILED,,,,,
77758158,REQUEST_FAILED,,,,,
77758210,deadAbandoned,GUAMHOME,"Mar. 24, 2010","Godwin, Anthony",,
77758170,REQUEST_FAILED,,,,,
77758271,deadAbandoned,YOSHIKO,"Aug. 23, 2010",SERGE CHERNOV,,d1cltd@YAHOO.COM
77758299,deadAbandoned,THE CHICAGO LINE,"Sep. 27, 2010","TJCW Enterprises, LLC.",,jmilhollan@hrsolve.com
77758224,REQUEST_FAILED,,,,,
77758344,deadAbandoned,POPSTRA,"Mar. 15, 2010","Star Wide Web, Inc.",,fred@fredgraver.com
77758283,REQUEST_FAILED,,,,,
77758296,REQUEST_FAILED,,,,,
77758340,REQUEST_FAILED,,,,,
77758525,deadAbandoned,SKETCHWORKS INDUSTRIAL STRENGTH COMEDY,"Mar. 24, 2010","Sketchworks Comedy, LLC",,mike@mikestiles.com
77758571,deadAbandoned,NO DRAMA NO ISSUES,"Dec. 06, 2010",Carolyn C. King,,carolyn8669@bellsouth.net
77758699,deadAbandoned,GIVE REAL,"Mar. 15, 2010","Real Gift Services, Inc.",,patrick.ledbetter@givereal.com
77758669,REQUEST_FAILED,,,,,
77758839,REQUEST_FAILED,,,,,
77758845,REQUEST_FAILED,,,,,
77758869,REQUEST_FAILED,,,,,
77758911,REQUEST_FAILED,,,,,
77758918,REQUEST_FAILED,,,,,
77759005,deadAbandoned,"LEGENDS INSTITUTE TOGETHER, WE WILL MAKE A DIFFERENCE","Sep. 30, 2010","LEGENDS INSTITUTE, INC.",,info@legendsinstitute.org
77758985,REQUEST_FAILED,,,,,
77758992,REQUEST_FAILED,,,,,
77759000,REQUEST_FAILED,,,,,
77759038,deadAbandoned,ERGOGENIC NUTRITION,"Mar. 23, 2010",L & B Exp-Imp Corporation,,harneetluthra@yahoo.com
77759021,REQUEST_FAILED,,,,,
77759073,deadAbandoned,CLUBOME.COM,"Aug. 23, 2010","CLUBOME.COM, CORP",,info@clubome.com
77759023,REQUEST_FAILED,,,,,
77759069,deadAbandoned,KOBE BRYANT FLIGHT 24,"May 26, 2010","Pacal,Regidor, C",,reggpac@yahoo.com
77759077,deadAbandoned,PORELEXITO.COM POR EL EXITO,"Mar. 16, 2010","MUNICIPAL EMPLOYMENT, CORP",,info@porelexito.com
77759087,deadAbandoned,MUZZLEJAB CLOTHING COMPANY,"Mar. 16, 2010","Streeter, Jason C.",,muzzlejab@gmail.com
77759117,deadAbandoned,M MALISHUS,"Mar. 15, 2010",Robert Jurcic,,jurcic@tpg.com.au
77759113,deadAbandoned,SYMBACAL,"Mar. 23, 2010","Nella Investment Group, LLC",,nellagroup@yahoo.com
77759085,deadAbandoned,"911DAYCARE 911DAYCARE, INC WE MAKE YOUR SCHEDULE OURS WEEKEND, DAY OR NIGHT NO MORE BEGGING RELATIVES!","Sep. 20, 2010","MURAT, DOLORESS",,dolomurat@yahoo.com
77759065,REQUEST_FAILED,,,,,
77759138,deadAbandoned,BABY BOTTLE TO GO,"Aug. 23, 2010",Nasrallah Nadeem V,,aamericasnutrition@yahoo.com
77759106,REQUEST_FAILED,,,,,
77759145,REQUEST_FAILED,,,,,
77759243,deadAbandoned,CLEVERLYGIFTED.COM,"Oct. 01, 2010","Rule, Luauna M.",,lurule@msn.com
77759152,REQUEST_FAILED,,,,,
77759168,REQUEST_FAILED,,,,,
77759294,deadAbandoned,WAMPIT,"Sep. 06, 2010",Wampit Limited,,paul.holland@wampit.com
77759281,REQUEST_FAILED,,,,,
77759275,REQUEST_FAILED,,,,,
77759287,deadAbandoned,BEST WHIP,"Mar. 16, 2010",PETEAN VASILE,,vasilepetean@cox.net
77759400,deadAbandoned,MD SELECT SYMPHONY SERIES,"Mar. 17, 2010","VideSante Pharmaceuticals, LLC LIMITED LIABILITY COMPANY",,crobbins@videsante.com
77759463,deadAbandoned,PHI,"Mar. 19, 2010","Sampedro, David Gil",,david@bottleneck.es
77759398,REQUEST_FAILED,,,,,
77759399,REQUEST_FAILED,,,,,
77759526,REQUEST_FAILED,,,,,
77759626,REQUEST_FAILED,,,,,
77759578,REQUEST_FAILED,,,,,
77759681,deadAbandoned,HELLOSIGN FOR CORPORATION AND ORGANIZATION,"Jun. 22, 2010","ET Media, Inc",,jim.xzm@gmail.com
77759644,REQUEST_FAILED,,,,,
77759650,REQUEST_FAILED,,,,,
77759695,REQUEST_FAILED,,,,,
77759715,REQUEST_FAILED,,,,,
77759714,REQUEST_FAILED,,,,,
77759884,deadAbandoned,REGZOOKA,"Mar. 16, 2010",BluePenguin Software Inc.,,carl@bluepenguinsoftware.com
77759738,REQUEST_FAILED,,,,,
77759773,REQUEST_FAILED,,,,,
77759777,REQUEST_FAILED,,,,,
77760013,deadAbandoned,PTEROCIN,"Mar. 16, 2010",Sabinsa Corporation,,
77760112,deadAbandoned,DAYTON GEMS,"Mar. 23, 2010","Leedy, Don B.",,admin@sportsretro.com
77759956,REQUEST_FAILED,,,,,
77759997,REQUEST_FAILED,,,,,
77760164,deadAbandoned,IMAGIO,"Dec. 23, 2010",HTC Corporation,,kathy.callahan@bracewell.com
77759983,REQUEST_FAILED,,,,,
77760235,deadAbandoned,LASHALOT,"Mar. 10, 2010","Shipman, Marissa J",,marissa@thebalm.com
77760238,deadAbandoned,GREASE PIG,"Mar. 15, 2010","Colwell, Tyler G",,tcolwell@gmail.com
77760205,REQUEST_FAILED,,,,,
77760239,REQUEST_FAILED,,,,,
77760267,REQUEST_FAILED,,,,,
77760298,REQUEST_FAILED,,,,,
77760334,deadAbandoned,PLAY 100 LINES,"Feb. 01, 2010",Ainsworth Game Technology Limited,,tom.davidson@ainsworth.com.au
77760324,REQUEST_FAILED,,,,,
77760330,REQUEST_FAILED,,,,,
77760375,deadAbandoned,None,"Mar. 17, 2010",Jason Bartel,,info@microchipgeeks.com
77760402,deadAbandoned,SITEIMPROVE,"Sep. 21, 2010",Siteimprove Inc,,me@siteimprove.com
77760355,REQUEST_FAILED,,,,,
77760356,REQUEST_FAILED,,,,,
77760372,REQUEST_FAILED,,,,,
77760454,deadAbandoned,SUBLIME,"Mar. 17, 2010",SUBLIME Aromatherapy,,rnick321@yahoo.com
77760388,REQUEST_FAILED,,,,,
77760419,REQUEST_FAILED,,,,,
77760637,deadAbandoned,BOMBSHELL ESCORTS,"Mar. 17, 2010",Lunar Productions LLC,,lunarproductionsllc@gmail.com
77760672,REQUEST_FAILED,,,,,
77760675,REQUEST_FAILED,,,,,
77760711,REQUEST_FAILED,,,,,
77760726,REQUEST_FAILED,,,,,
77760729,REQUEST_FAILED,,,,,
77760741,REQUEST_FAILED,,,,,
77760865,deadAbandoned,BIO-BOTANICAL RESEARCH,"Dec. 14, 2010",BIO-BOTANICAL RESEARCH INC.,,biobotanicalresearch@hotmail.com
77760828,REQUEST_FAILED,,,,,
77760870,deadAbandoned,ON ON,"Mar. 17, 2010",Smothers Travis,,
77760963,deadAbandoned,Z-MEN,"Mar. 16, 2010","Doviak, John J",,johndoviak@comcast.net
77760969,deadAbandoned,THE NEW STANDARD FOR BETTER PRINTING,"Jul. 19, 2010",International Paper Company,,stephanie.haupt@ipaper.com
77761041,deadAbandoned,SMART BUTTON,"Mar. 20, 2010","Smart Button, LLC",,nspita1@gmail.com
77760918,REQUEST_FAILED,,,,,
77761138,deadAbandoned,AFRCA,"Mar. 23, 2010",Bisraht Tesfamariam,,bc_861@hotmail.com
77760970,REQUEST_FAILED,,,,,
77761150,deadAbandoned,"ADDOWAY.COM - CHANGING THE WORLD, ONE AD AT A TIME","Aug. 30, 2010",Fredrick Nijm,,fred@pricebeats.com
77761123,REQUEST_FAILED,,,,,
77761155,REQUEST_FAILED,,,,,
77761316,deadAbandoned,THE GUAC SHOP,"Mar. 23, 2010","Marquez, Jerry G",,THEGUACSHOP@gmail.com
77761216,REQUEST_FAILED,,,,,
77761297,REQUEST_FAILED,,,,,
77761325,deadAbandoned,ALTERNATIVE ENERGY PRODUCT SUITE,"Mar. 19, 2010","Arias System Concepts, Inc.",,scott.coffin@ariassc.net
77761392,deadAbandoned,GOOD TO SEE YOU,"Aug. 30, 2010",Macrosoft Corporation,,cornellg@macrosoftcorporation.com
77761388,deadAbandoned,12A,"Sep. 02, 2010","Fouse, Gregrey B",,Twelveafter@aol.com
77761353,REQUEST_FAILED,,,,,
77761368,REQUEST_FAILED,,,,,
77761450,deadAbandoned,AMINOMELON,"Mar. 26, 2010","Pharma Science Nutrients, Inc.",,jamesm@pharmasciencenutrients.com
77761399,REQUEST_FAILED,,,,,
77761462,deadAbandoned,DEBT SETTLEMENT SERVICING COMPANY,"Mar. 18, 2010","Debt Settlement Servicing Company, LLC",,bill@debtsettlementservicing.com
77761464,deadAbandoned,COLOR _ BLIND DOLLS,"Sep. 27, 2010","Color Blind Dolls, LLC",,wicksbywanda@yahoo.com
77761453,REQUEST_FAILED,,,,,
77761496,deadAbandoned,TEXTBOXPRO,"Aug. 30, 2010","Basham Consulting, LLC",,andybasham@hotmail.com
77761465,REQUEST_FAILED,,,,,
77761626,deadAbandoned,WHITE HOUSE LAW GROUP,"Feb. 08, 2010",White House Network LLC,,dparisi@garden.net
77761569,REQUEST_FAILED,,,,,
77761697,REQUEST_FAILED,,,,,
77761860,deadAbandoned,YOUR TEAM SUCKS.,"Mar. 19, 2010","Smackcaster, Inc.",,mgelfand@smackcaster.com
77761797,REQUEST_FAILED,,,,,
77761810,REQUEST_FAILED,,,,,
77761814,REQUEST_FAILED,,,,,
77761906,REQUEST_FAILED,,,,,
77761983,REQUEST_FAILED,,,,,
77762186,deadAbandoned,SECUREDTRAVELER,"Mar. 18, 2010","Aspenologies, LLC",,TomStaves@Aspenologies.com
77762040,REQUEST_FAILED,,,,,
77762235,deadAbandoned,SMART HOSPITAL EFFICIENCY PROGRAMS,"Mar. 19, 2010",Hospital Financial Service Corporation,,grantmabey@gmail.com
77762118,REQUEST_FAILED,,,,,
77762069,REQUEST_FAILED,,,,,
77762319,REQUEST_FAILED,,,,,
77762337,REQUEST_FAILED,,,,,
77762457,deadAbandoned,EL GRAN JURADO,"Oct. 30, 2010",Filemon Munoz,,filemon.munoz@tequilaelgranjurado.com
77762463,REQUEST_FAILED,,,,,
77762596,deadAbandoned,ELECTRONIC MEDICAL HOME,"Mar. 18, 2010",Abdel Fahmy,,dr.fahmy@softlandingrecovery.com
77762600,deadAbandoned,C 2 TOUCH IN THE CLEAR,"Sep. 30, 2010","Love, Larry",,info@24hrpatent.com
77762618,deadAbandoned,None,"Nov. 29, 2010","Sullivan, Tom",,
77762587,REQUEST_FAILED,,,,,
77762617,deadAbandoned,None,"Nov. 29, 2010","Sullivan, Tom",,
77762631,deadAbandoned,CLOUDKIST,"Sep. 06, 2010","O'Neill, Valerie A",,michael.oneill@btinternet.com
77762589,REQUEST_FAILED,,,,,
77762708,deadAbandoned,MECHANICAL GAP,"Jan. 26, 2010","American Auto Guardian, Inc.",,lauraf@autoguardinc.com
77762724,deadAbandoned,WHITE HOUSE,"Feb. 08, 2010",White House Network LLC,,dparisi@garden.net
77762622,REQUEST_FAILED,,,,,
77762640,REQUEST_FAILED,,,,,
77762736,REQUEST_FAILED,,,,,
77762853,REQUEST_FAILED,,,,,
77762885,REQUEST_FAILED,,,,,
77762913,REQUEST_FAILED,,,,,
77762920,REQUEST_FAILED,,,,,
77762980,REQUEST_FAILED,,,,,
77762981,REQUEST_FAILED,,,,,
77763276,deadAbandoned,PROFESSIONAL BOWHUNTER PBH,"Mar. 25, 2010","Eder, Inc.",,Len@eders.com
77763323,deadAbandoned,INTEGRATED DIAMOND,"Mar. 19, 2010",Louisa K Johnson,,weaserwoo@yahoo.com
77763039,REQUEST_FAILED,,,,,
77763343,REQUEST_FAILED,,,,,
77763347,REQUEST_FAILED,,,,,
77763443,deadAbandoned,K3,"Mar. 18, 2010",Kinesis Industries LLC,,Richard@kinesisindustries.com
77763370,REQUEST_FAILED,,,,,
77763451,REQUEST_FAILED,,,,,
77763475,REQUEST_FAILED,,,,,
77763504,REQUEST_FAILED,,,,,
77763594,deadAbandoned,LOCAL GARDEN CENTRE,"Mar. 30, 2010",Guru Productions Pty Ltd,,
77763573,REQUEST_FAILED,,,,,
77763581,REQUEST_FAILED,,,,,
77763608,deadAbandoned,THE GARDEN GURUS,"Mar. 30, 2010",Guru Productions Pty Ltd,,
77763624,deadAbandoned,AROMAGUARD,"Mar. 19, 2010",CPL AROMAS LTD,,tim.whiteley@cplaromas.com
77763592,REQUEST_FAILED,,,,,
77763730,REQUEST_FAILED,,,,,
77763816,REQUEST_FAILED,,,,,
77763823,REQUEST_FAILED,,,,,
77763878,REQUEST_FAILED,,,,,
77763958,deadAbandoned,SERVICELET,"Jul. 09, 2010","Assett, Inc.",,kay.sullivan@assett.net
77763927,REQUEST_FAILED,,,,,
77763950,REQUEST_FAILED,,,,,
77764051,deadAbandoned,UNIVERSAL RECOVERY PLATFORM,"Mar. 19, 2010","Simply Continuous, Inc.",,ceidler@simplycontinuous.net
77764052,deadAbandoned,ENNEA,"May 24, 2010",Ennea Dyanmics,,aschwartz@schwartzip.com
77763996,REQUEST_FAILED,,,,,
77764013,REQUEST_FAILED,,,,,
77764090,REQUEST_FAILED,,,,,
77764083,REQUEST_FAILED,,,,,
77764164,deadAbandoned,LA BODEGA MAGAZINE,"Mar. 23, 2010","Rodriguez, Fausto",,Frodriguez10@msn.com
77764113,REQUEST_FAILED,,,,,
77764266,deadAbandoned,FART BUSTERS,"Mar. 23, 2010","Bark Stix, Inc.",,kate@barkstix.com
77764217,deadAbandoned,B3,"Jun. 22, 2010","Niemiec, Tim",,
77764291,deadAbandoned,"DON'T JUST GET OUT OF DEBT, GET THE DEBT OUT OF YOU","Aug. 30, 2010","SmartDebtor, Inc",,cpicou@lexxiom.com
77764137,REQUEST_FAILED,,,,,
77764420,deadAbandoned,IRX,"Sep. 06, 2010","ILONA, INC.",,rmakari@ilona.com
77764284,REQUEST_FAILED,,,,,
77764311,REQUEST_FAILED,,,,,
77764483,deadAbandoned,J' MARTIN,"Mar. 22, 2010","Espinal, Anthony",,
77764465,REQUEST_FAILED,,,,,
77764474,REQUEST_FAILED,,,,,
77764515,deadAbandoned,S,"Mar. 26, 2010",Sanwa Iron (Malaysia) Sdn. Bhd.,,kazu617@arc.net.my
77764528,deadAbandoned,WHITEHOUSE,"Feb. 08, 2010",Whitehouse Network LLC,,dparisi@garden.net
77764517,deadAbandoned,ASKMEERGO,"Mar. 30, 2010","Amlie, Kristin",,
77764502,REQUEST_FAILED,,,,,
77764533,deadAbandoned,WHITEHOUSE,"Apr. 02, 2010",House Communications LLC,,dparisi@garden.net
77764532,deadAbandoned,WHITEHOUSE,"Feb. 08, 2010",White House Network LLC,,dparisi@garden.net
77764536,deadAbandoned,HOUSE LAW GROUP,"Mar. 26, 2010",House Communications LLC,,dparisi@garden.net
77764542,deadAbandoned,SIN THIRST SIN PREMIUM FRENCH WINE,"Mar. 29, 2010",Florent Carmin,,florentcarmin@mac.com
77764518,REQUEST_FAILED,,,,,
77764531,REQUEST_FAILED,,,,,
77764621,deadAbandoned,WATTBOND,"Sep. 13, 2010","WattBond, LLC",,wroscoe@gmail.com
77764570,REQUEST_FAILED,,,,,
77764631,deadAbandoned,PIVOTING PAINT BRUSH,"Mar. 31, 2010","Margco International, LLC",,
77764632,deadAbandoned,PIVOT PIVOT,"Apr. 02, 2010","Margco International, LLC",,
77764641,deadAbandoned,GLOBAL WIRE,"Mar. 23, 2010",GLOBAL WIRE LLC,,shane.subloo@baleties.com.cn
77764608,REQUEST_FAILED,,,,,
77764623,REQUEST_FAILED,,,,,
77764653,REQUEST_FAILED,,,,,
77764655,REQUEST_FAILED,,,,,
77764661,REQUEST_FAILED,,,,,
77764665,REQUEST_FAILED,,,,,
77764682,REQUEST_FAILED,,,,,
77764686,REQUEST_FAILED,,,,,
77764716,deadAbandoned,THE PRINCE,"Jun. 22, 2010",Ainsworth Game Technology Limited,,tom.davidson@ainsworth.com.au
77764730,deadAbandoned,BODYLOVE,"Jan. 19, 2010","Piat-Niski, Ingrid",,ingrid@mybodylove.com
77764723,REQUEST_FAILED,,,,,
77764815,deadAbandoned,NAPA INFINITY,"Mar. 29, 2010",Napa Infinity Winery Corporation,,mimi@pachealthinv.com
77764725,REQUEST_FAILED,,,,,
77764739,REQUEST_FAILED,,,,,
77764886,deadAbandoned,PARADOX MARINE: PEACE OF MIND IS OUR BUSINESS,"Mar. 11, 2010",Edgewater Technologies,,jay@paradoxmarine.com
77764744,REQUEST_FAILED,,,,,
77764921,deadAbandoned,ABOUTTOPICS,"Mar. 26, 2010","Boychuk, Roman",,
77764946,REQUEST_FAILED,,,,,
77764947,REQUEST_FAILED,,,,,
77764966,REQUEST_FAILED,,,,,
77765011,REQUEST_FAILED,,,,,
77765033,REQUEST_FAILED,,,,,
77765183,REQUEST_FAILED,,,,,
77765229,REQUEST_FAILED,,,,,
77765232,REQUEST_FAILED,,,,,
77765339,deadAbandoned,DIUCO,"Jun. 22, 2010",DIUCO DEVELOPMENTS S.A.,,andres.v@voxwine.com
77765391,deadAbandoned,MODEL MOTORSPORTS,"Mar. 24, 2010",Barney Poynor,,bpoynor@ix.netcom.com
77765434,deadAbandoned,WRITING WITHOUT PENCILS,"Mar. 21, 2010","Wood, Paul",,paulwood@hawaii.rr.com
77765353,REQUEST_FAILED,,,,,
77765454,REQUEST_FAILED,,,,,
77765559,deadAbandoned,BREAKAWAY CAFE,"May 16, 2010","New Heights Media, Inc.",,info@breakthroughskills.com
77765481,REQUEST_FAILED,,,,,
77765582,REQUEST_FAILED,,,,,
77765671,deadAbandoned,MOBILE MECHANICS,"Mar. 24, 2010","Lawson, Michael J",,
77765678,deadAbandoned,STILL STANDING,"Mar. 26, 2010",David Prieto,,maximino20@gmail.com
77765612,REQUEST_FAILED,,,,,
77765695,deadAbandoned,ALABAMA SMITH IN ESCAPE FROM POMPEII,"May 20, 2010","Alawar Entertainment, Inc.",,vadim@alawar.com
77765681,deadAbandoned,ASRX,"Mar. 23, 2010","Kurz, Alexander A",,lifeasrx@gmail.com
77765669,deadAbandoned,NOSH AND TELL,"Apr. 28, 2010","Kanter, Ariel R",,ark319@nyu.edu
77765718,deadAbandoned,LOL ENERGY,"Mar. 17, 2010",Gel Group,,sales@gel-group.com
77765711,deadAbandoned,DREAM LOVE 1000,"Sep. 13, 2010","PANJABI, KAMAL",,lamak@biznetvigator.com
77765672,REQUEST_FAILED,,,,,
77765712,REQUEST_FAILED,,,,,
77765870,REQUEST_FAILED,,,,,
77765884,REQUEST_FAILED,,,,,
77765938,REQUEST_FAILED,,,,,
77765963,REQUEST_FAILED,,,,,
77765965,REQUEST_FAILED,,,,,
77766000,REQUEST_FAILED,,,,,
77766013,REQUEST_FAILED,,,,,
77766199,deadAbandoned,SIGN ALONG WITH ME,"Mar. 24, 2010",Sign Along With Me Corp,,FrankiOMS@hotmail.com
77766167,REQUEST_FAILED,,,,,
77766261,deadAbandoned,RAMPAGE RIDING,"Mar. 23, 2010","Rampage Riding International, LLC",,info@rampageriding.com
77766186,REQUEST_FAILED,,,,,
77766258,deadAbandoned,SCRATCH 'N PADS,"Mar. 29, 2010","Seliskar, Carolyn Jill",,A_Ahouse@yahoo.com
77766318,deadAbandoned,ALOHA MEDICAL,"Nov. 01, 2010",Aloha Medical LLC,,rmccarty@hawaiimedical.com
77766306,REQUEST_FAILED,,,,,
77766430,REQUEST_FAILED,,,,,
77766462,REQUEST_FAILED,,,,,
77766532,deadAbandoned,RACER X,"Jul. 22, 2010","Shark Eyes, Inc.",,tmregistered@gmail.com
77766627,deadAbandoned,ACT III,"Sep. 13, 2010","Novent Design, LLC",,jonathan.bannet@gmail.com
77766575,REQUEST_FAILED,,,,,
77766560,REQUEST_FAILED,,,,,
77766692,deadAbandoned,MA MI,"Jun. 08, 2010",Rising Sun LLC,,risrach@gmail.com
77766686,deadAbandoned,AGSHARE,"Sep. 06, 2010","Softeron, LLC.",,s@softeron.com
77766699,deadAbandoned,OLAE VERA,"Mar. 26, 2010",Davidyan Sharet,,olaevera@yahoo.com
77766640,REQUEST_FAILED,,,,,
77766719,deadAbandoned,TOTEM POLE,"May 25, 2010","O'BRIEN, Richard A",,richard@fridgeridoo.com
77766708,deadAbandoned,ALOE COCO,"Mar. 26, 2010",Davidyan Sharet,,olaevera@yahoo.com
77766670,REQUEST_FAILED,,,,,
77766709,deadAbandoned,BUFF CHICKS,"Mar. 25, 2010","Farley, David S.",,dave@davefarley.com
77766777,REQUEST_FAILED,,,,,
77766910,deadAbandoned,NATURE'S CHOICE PRODUCTS,"Mar. 24, 2010",Burkes Garden Deck Components,,cuve16@gmail.com
77766857,REQUEST_FAILED,,,,,
77766950,deadAbandoned,SKY LOUNGER,"Mar. 24, 2010","ILD, Ltd",,sandralovett@hotmail.com
77766911,REQUEST_FAILED,,,,,
77766956,deadAbandoned,NO7,"Jun. 22, 2010","SS Choice, LLC",,kyle@ecigaretteschoice.com
77766912,REQUEST_FAILED,,,,,
77766916,REQUEST_FAILED,,,,,
77766935,REQUEST_FAILED,,,,,
77766968,REQUEST_FAILED,,,,,
77767026,deadAbandoned,VIRTUAL SUPER USER,"Mar. 26, 2010",IMPLEMENTHIT Inc,,ajimenez@studentsofmedicine.com
77766983,REQUEST_FAILED,,,,,
77767021,REQUEST_FAILED,,,,,
77767062,deadAbandoned,WINDERMERE HOMES & LIFESTYLES,"Mar. 25, 2010",Bob Deville,,
77767074,REQUEST_FAILED,,,,,
77767144,REQUEST_FAILED,,,,,
77767345,deadAbandoned,THE ALIGNER,"Mar. 23, 2010","Kinetic Research, Inc.",,wade@kineticr.com
77767429,deadAbandoned,WUD ZS,"Sep. 06, 2010","Jisr, Steven, Toufic",,jisrbiz@yahoo.com
77767474,deadAbandoned,FIREWINCH,"Jun. 07, 2010","Chowthi, Roy",,rchowthi@earthlink.net
77767377,REQUEST_FAILED,,,,,
77767416,REQUEST_FAILED,,,,,
77767456,REQUEST_FAILED,,,,,
77767580,deadAbandoned,FUELTRAC,"Mar. 30, 2010","SunWest Engineering Constructors, Inc.",,plawrence@sunwestengineering.com
77767520,REQUEST_FAILED,,,,,
77767564,REQUEST_FAILED,,,,,
77767648,deadAbandoned,EQUITY RAZOR CUTTING EDGE TECHNOLOGY FOR REAL ESTATE,"Sep. 21, 2010",Equity Razor,,mike.powers@equityrazor.com
77767600,REQUEST_FAILED,,,,,
77767635,REQUEST_FAILED,,,,,
77767637,REQUEST_FAILED,,,,,
77767693,deadAbandoned,ECO LIGHTING USA,"Mar. 25, 2010",Nicole Davidson,,Nicole@ecolightingusa.com
77767651,REQUEST_FAILED,,,,,
77767699,deadAbandoned,PHARMASLOT SLOTTING ONLY THE APPOINTMENTS YOU NEED RX,"Mar. 25, 2010",Pharmaslot LLC,,konopak@comcast.net
77767682,REQUEST_FAILED,,,,,
77767706,REQUEST_FAILED,,,,,
77767711,REQUEST_FAILED,,,,,
77767726,deadAbandoned,BAKERX,"Sep. 06, 2010",Christof Burlefinger,,christof@burlefinger.de
77767715,REQUEST_FAILED,,,,,
77767728,REQUEST_FAILED,,,,,
77767734,REQUEST_FAILED,,,,,
77767743,REQUEST_FAILED,,,,,
77767786,deadAbandoned,VIVAH.COM,"Mar. 25, 2010",Jasani Parag D,,pjasani@gmail.com
77767776,deadAbandoned,UNITED DIABETICS OF AMERICA,"Dec. 13, 2010","STALEX HOLDINGS, LLC",,
77767818,deadAbandoned,OPTIMA PUMP SERIES,"Mar. 26, 2010",Harvard Bioscience,,rsostek@harvardapparatus.com
77767768,REQUEST_FAILED,,,,,
77767777,REQUEST_FAILED,,,,,
77767919,deadAbandoned,BUILT TO BREATHE,"Jun. 09, 2010",OUMNIA KARIM,,k.oumnia@baliston.com
77767924,deadAbandoned,RISK SHARING LITIGATION,"Mar. 30, 2010",Balestriere Lanza PLLC,,mmcgaugh@balestriere.net
77767916,deadAbandoned,ABEMADI,"Dec. 27, 2010",ABE Naomi,,restaurant@abemadi.com
77767802,REQUEST_FAILED,,,,,
77767892,deadAbandoned,SEXIER SOBER,"Dec. 06, 2010",Knobbe and Mauger,,sales@sexiersober.com
77767984,deadAbandoned,MODERN VAPOR THE MODERN ALTERNATIVE TO TOBACCO CIGARETTES,"Sep. 13, 2010",Tony Kaeo,,kaeotony@yahoo.com
77767936,REQUEST_FAILED,,,,,
77767977,REQUEST_FAILED,,,,,
77767988,REQUEST_FAILED,,,,,
77768054,deadAbandoned,ORGANIC ALCHEMY,"Mar. 29, 2010",Daucourt Jean Marc,,jmd@daucourt.com
77768063,REQUEST_FAILED,,,,,
77768193,deadAbandoned,1-888 RIDOFJUNK,"Mar. 26, 2010","Rid Of Junk, Inc.",,customercare@ridofjunk.com
77768074,REQUEST_FAILED,,,,,
77768077,REQUEST_FAILED,,,,,
77768093,REQUEST_FAILED,,,,,
77768282,REQUEST_FAILED,,,,,
77768519,deadAbandoned,LAUGH OUT LOUD PRODUCTIONS,"Mar. 28, 2010","Levine, Nancy L",,nancy@laughoutloudproductionsnow.com
77768390,REQUEST_FAILED,,,,,
77768624,deadAbandoned,CAMI FLAGE,"Mar. 25, 2010","Shipman, Marissa J.",,marissa@thebalm.com
77768505,REQUEST_FAILED,,,,,
77768589,REQUEST_FAILED,,,,,
77768693,deadAbandoned,BRITECOLOR,"Mar. 30, 2010",TBA Inkjets LLC,,jneves@ijcent.com
77768667,REQUEST_FAILED,,,,,
77768744,deadAbandoned,REUSABLE,"Mar. 26, 2010",Command Packaging,,cbullock@commandpackaging.com
77768755,deadAbandoned,ANT MOORE,"Apr. 09, 2010",Anthony Louis Moore,,craig@antmoorebrands.co.nz
77768689,REQUEST_FAILED,,,,,
77768715,REQUEST_FAILED,,,,,
77768743,REQUEST_FAILED,,,,,
77768843,deadAbandoned,BONUS.ME,"Sep. 13, 2010","BonusMe, LLC",,butler15@mindspring.com
77768794,REQUEST_FAILED,,,,,
77768904,deadAbandoned,HANDWOVENS BY CATHERINE CATHERINE A. FALKENBURG - WEAVER,"Mar. 31, 2010","Falkenburg, Catherine A.",,candmfalk@myfairpoint.net
77768869,REQUEST_FAILED,,,,,
77768909,REQUEST_FAILED,,,,,
77769002,REQUEST_FAILED,,,,,
77769010,REQUEST_FAILED,,,,,
77769072,REQUEST_FAILED,,,,,
77769240,deadAbandoned,DR. NANO THE DOCTOR IS INSIDE,"Mar. 30, 2010",Mission Critical Studios LLC,,daveg@missioncriticalstudios.com
77769078,REQUEST_FAILED,,,,,
77769102,REQUEST_FAILED,,,,,
77769282,deadAbandoned,GREASE WELL,"Mar. 15, 2010","Colwell, Tyler G",,tcolwell@gmail.com
77769321,deadAbandoned,THE HOUSE OF BUTTERFLIES,"Mar. 30, 2010",Elizabette Quezada,,elizabette.quezada@gmail.com
77769254,REQUEST_FAILED,,,,,
77769337,deadAbandoned,DEODAROOM,"Sep. 20, 2010","1-800-ORGANIC, LLC",,mordecai310@vzw.blackberry.net
77769252,REQUEST_FAILED,,,,,
77769299,REQUEST_FAILED,,,,,
77769412,deadAbandoned,OTTO MUGS WWW.FAIROAK.COM,"Sep. 20, 2010",Fair Oak Workshops,,sales@fairoak.com
77769436,deadAbandoned,CONFEETI,"Apr. 05, 2010","Zooni, Inc.",,michelle@zooniwear.com
77769376,REQUEST_FAILED,,,,,
77769391,REQUEST_FAILED,,,,,
77769410,REQUEST_FAILED,,,,,
77769529,deadAbandoned,HTC TATTOO,"Jul. 26, 2010",HTC Corporation,,kathy.callahan@bracewell.com
77769451,REQUEST_FAILED,,,,,
77769533,REQUEST_FAILED,,,,,
77769601,deadAbandoned,GREEN GAS,"Apr. 06, 2010",Impact Sports Inc,,impactsports@rocketmail.com
77769607,deadAbandoned,MYPRODUX,"Apr. 08, 2010","MyProdux, Inc.",,email9870@gmail.com
77769565,REQUEST_FAILED,,,,,
77769612,REQUEST_FAILED,,,,,
77769633,REQUEST_FAILED,,,,,
77769634,REQUEST_FAILED,,,,,
77769655,REQUEST_FAILED,,,,,
77769699,REQUEST_FAILED,,,,,
77769716,deadAbandoned,None,"Mar. 28, 2010",Coelacanth Inc,,g.clams@yahoo.com
77769710,REQUEST_FAILED,,,,,
77769740,deadAbandoned,AUDIOMATE,"Dec. 03, 2010",Lessons For Life International Pty Ltd,,info@lessonsforlife.net
77769723,REQUEST_FAILED,,,,,
77769737,REQUEST_FAILED,,,,,
77769759,REQUEST_FAILED,,,,,
77769776,REQUEST_FAILED,,,,,
77769833,deadAbandoned,SLOPPY ANGEL,"Jul. 27, 2010",Krusheva Madlena H. Y.,,club@alhanh.com
77769840,deadAbandoned,SAFARIBOOK,"Sep. 17, 2010",Kingoriah Duane Kithinji,,paulmuruthi@gmail.com
77769871,deadAbandoned,INVESTORSBUZZ,"Sep. 13, 2010","Candreia, Michael",,michael.candreia@gmail.com
77769872,REQUEST_FAILED,,,,,
77769892,deadAbandoned,DR. NANO THE DOCTOR IS INSIDE,"Mar. 30, 2010",Mission Critical Studios LLC,,daveg@missioncriticalstudios.com
77769961,deadAbandoned,SOUTH END DENTISTRY,"Mar. 10, 2010","Bradford L. Picot, DDS PA",,doc4smylz@yahoo.com
77769946,deadAbandoned,SMILING YEAR TO YEAR PACKAGE,"Mar. 29, 2010","Semmelman, Keri Gee",,kerigbarnett@hotmail.com
77769986,deadAbandoned,PARENT HISTORIAN,"Mar. 29, 2010",Keri Gee Semmelman,,kerigbarnett@hotmail.com
77769921,REQUEST_FAILED,,,,,
77769980,REQUEST_FAILED,,,,,
77770043,deadAbandoned,VINTAJE,"Sep. 06, 2010","Kea Jr, David C.",,davidkea2@hotmail.com
77769987,REQUEST_FAILED,,,,,
77770084,REQUEST_FAILED,,,,,
77770101,REQUEST_FAILED,,,,,
77770151,REQUEST_FAILED,,,,,
77770310,deadAbandoned,HELMETS FOR HOPE,"Jun. 23, 2010",LGS Foundation,,CHRISTINA@LGSFOUNDATION.ORG
77770328,deadAbandoned,THE ORNAMENT DIVA,"Sep. 27, 2010","Purvis, Lynda",,lapurvis3@gmail.com
77770380,REQUEST_FAILED,,,,,
77770346,REQUEST_FAILED,,,,,
77770384,REQUEST_FAILED,,,,,
77770417,REQUEST_FAILED,,,,,
77770606,deadAbandoned,ASL LIFE COACH,"Mar. 30, 2010","Gabriel, Jazmine K.",,asllifecoach@gmail.com
77770642,deadAbandoned,HROI,"Jun. 15, 2010",Cypress Strategy Group,,kfalk@cypresshr.com
77770573,REQUEST_FAILED,,,,,
77770621,REQUEST_FAILED,,,,,
77770635,REQUEST_FAILED,,,,,
77770659,REQUEST_FAILED,,,,,
77770698,REQUEST_FAILED,,,,,
77770754,deadAbandoned,DC MEDICAL,"Oct. 18, 2010","STALEX HOLDINGS, LLC",,
77770763,deadAbandoned,AFTER THE BUNGY JUMP THERE'S STILL A LOT OF JERKING GOIN' ON,"Oct. 05, 2010","MANGRUM, DORIS",,dorismsaid@aol.com
77770715,REQUEST_FAILED,,,,,
77770867,deadAbandoned,STAY ACTIVE.COM,"Dec. 20, 2010","Kieg Enterprises, LLC",,
77770759,REQUEST_FAILED,,,,,
77770762,REQUEST_FAILED,,,,,
77770930,deadAbandoned,TID-BITS,"Mar. 29, 2010",CGE Enterprises LLC,,jhastings@vermontcountrystore.com
77770942,REQUEST_FAILED,,,,,
77771066,deadAbandoned,LITTLE MISS SELFISH,"Apr. 06, 2010",Jessica Hardesty and Angela Franco,,little.miss.selfish@hotmail.com
77771073,deadAbandoned,PNEUMATIC MECHANICAL SEAL,"Mar. 29, 2010","Willms, Richard",,rwillms@cox.net
77771060,REQUEST_FAILED,,,,,
77771071,REQUEST_FAILED,,,,,
77771120,REQUEST_FAILED,,,,,
77771400,deadAbandoned,COQPURE,"Mar. 02, 2010","ADS Lab, Inc.",,roy@mtcindustries.com
77771267,REQUEST_FAILED,,,,,
77771268,REQUEST_FAILED,,,,,
77771306,REQUEST_FAILED,,,,,
77771476,deadAbandoned,MUST BE HEAVEN CHOCOLAT COUTURE CHOCOLATES AND SIGNATURE DESSERTS,"Apr. 05, 2010","Must Be Heaven, Inc.",,chelse@mustbeheavenchocolat.com
77771572,REQUEST_FAILED,,,,,
77771675,REQUEST_FAILED,,,,,
77771692,REQUEST_FAILED,,,,,
77771713,REQUEST_FAILED,,,,,
77771761,deadAbandoned,AEROJOULE NEBULIZER,"Mar. 29, 2010",Mahoney Medical Corporation,,dmahone3@optonline.net
77771777,deadAbandoned,INFECTIGUARD COMPLETE CARE,"Mar. 17, 2010","DR. FRESH, INC.",,raaj@drfresh.com
77771784,deadAbandoned,STORBLADE,"Sep. 20, 2010","JMR Electronics, Inc.",,josef@jmr.com
77771773,REQUEST_FAILED,,,,,
77771834,deadAbandoned,KILLS GERMS NOT YOUR HANDS,"Mar. 12, 2010","DR. FRESH, INC.",,raaj@drfresh.com
77771861,deadAbandoned,HOLLOWSHEET,"Apr. 02, 2010","WESTECH ENGINEERING, INC.",,
77771813,REQUEST_FAILED,,,,,
77771895,deadAbandoned,MYST LOUNGE,"Mar. 30, 2010","ROSELLI, JOSEPH",,JOSEPH@ROSELLISNJ.COM
77771883,REQUEST_FAILED,,,,,
77771929,deadAbandoned,URTH,"Jun. 11, 2010","Villedrouin Apparel Group, INC",,nvilledrouin@gmail.com
77771928,deadAbandoned,VOICE SIGNATURES,"Mar. 30, 2010",Voice Pay Limited,,
77771933,deadAbandoned,VOICE SIGNATURES,"Mar. 30, 2010",Voice Pay Limited,,
77771927,REQUEST_FAILED,,,,,
77771930,REQUEST_FAILED,,,,,
77771932,REQUEST_FAILED,,,,,
77771974,REQUEST_FAILED,,,,,
77772042,REQUEST_FAILED,,,,,
77772148,REQUEST_FAILED,,,,,
77772156,REQUEST_FAILED,,,,,
77772253,deadAbandoned,HS,"Apr. 02, 2010","Hargress, Micah",,mhargress@hotmail.com
77772219,deadAbandoned,POOP 911,"Mar. 28, 2010",Hound Mounds Inc.,,nicolerodriguez@houndmounds.com
77772242,REQUEST_FAILED,,,,,
77772300,REQUEST_FAILED,,,,,
77772427,REQUEST_FAILED,,,,,
77772652,deadAbandoned,QTBTB,"May 03, 2010","iCardiac Technologies, Inc.",,jay.baker@icardiac.com
77772369,REQUEST_FAILED,,,,,
77772647,deadAbandoned,TRIVIA,"Oct. 07, 2010","Germain, Laurie Ann",,
77772778,deadAbandoned,FLAT KATZ,"Mar. 29, 2010","Swag Company, Inc.",,
77772624,REQUEST_FAILED,,,,,
77772764,REQUEST_FAILED,,,,,
77772783,REQUEST_FAILED,,,,,
77772850,deadAbandoned,"H I P H O P I O ""WE PROMOTE, YOU ARRIVE""","Apr. 15, 2010",Hip Hop IPO LLC,,hiphopipo@gmail.com
77772813,REQUEST_FAILED,,,,,
77772878,deadAbandoned,PROFLECT,"Sep. 10, 2010",Ken Burke,,cmacioch@gorillasafetyproducts.com
77772849,REQUEST_FAILED,,,,,
77772905,deadAbandoned,FIGHT MONKEY OF MAGIC,"Mar. 29, 2010","Demarco, Jesse",,demarco439@earthlink.net
77772926,deadAbandoned,END POVERTEE,"Oct. 09, 2010",End Povertee,,jenniyoung@mac.com
77772861,REQUEST_FAILED,,,,,
77772957,deadAbandoned,PRESTIGE,"Oct. 18, 2010","Borcheck, Jeremy",,jborcheck@yahoo.com
77773062,deadAbandoned,CLEARGUARD,"Jun. 04, 2010",Clear Technologies of Virginia,,jeff@vacleartech.com
77772958,REQUEST_FAILED,,,,,
77772980,REQUEST_FAILED,,,,,
77773268,deadAbandoned,JBL SPECIALTY GIFTS LLC,"Apr. 06, 2010",JBL Specialty Gifts LLC,,jblspecialtygifts@yahoo.com
77773188,REQUEST_FAILED,,,,,
77773342,REQUEST_FAILED,,,,,
77773456,REQUEST_FAILED,,,,,
77773528,REQUEST_FAILED,,,,,
77773554,REQUEST_FAILED,,,,,
77773653,deadAbandoned,ASL WORLD,"Sep. 27, 2010","ASL World, Inc.",,aslworld2010@gmail.com
77773678,REQUEST_FAILED,,,,,
77773745,REQUEST_FAILED,,,,,
77773799,deadAbandoned,BESS REALTY,"Mar. 30, 2010","Bess Realty, Inc.",,dbess@bessrealty.com
77773790,REQUEST_FAILED,,,,,
77773878,REQUEST_FAILED,,,,,
77773890,REQUEST_FAILED,,,,,
77773914,REQUEST_FAILED,,,,,
77773948,deadAbandoned,HA HOODED ANGELS,"Apr. 07, 2010","Hooded Angels, LLC",,
77773923,REQUEST_FAILED,,,,,
77774029,deadAbandoned,SEYMOUR GREEN,"Mar. 30, 2010",Seymour Green Ltd,,richard@seymourgreen.co.uk
77774018,deadAbandoned,NATIONAL BRANDS,"Apr. 12, 2010","RUBINOFF, MARK",,markrubinoff@rogers.com
77774032,deadAbandoned,FANTASY REALITY TV,"Dec. 13, 2010","Lucas, Eric",,tnc@bi-corp.com
77773970,REQUEST_FAILED,,,,,
77774068,deadAbandoned,PEDALBRAIN,"Sep. 20, 2010","AudioBrain Music Products, LLC",,jon@bunsentech.com
77773977,REQUEST_FAILED,,,,,
77774082,deadAbandoned,TATTOO SMITH,"Mar. 17, 2010",moodform,,jmensing@moodform.com
77774067,deadAbandoned,AUDIOBRAIN,"Sep. 20, 2010","Audio Brain Music Products, LLC",,jon@bunsentech.com
77774040,REQUEST_FAILED,,,,,
77774113,deadAbandoned,MOSLER,"Apr. 06, 2010",Mosler Ltd.,,info@mosler-safe.com
77774091,deadAbandoned,LA TRADICIÓN DE VERACRUZ,"Apr. 08, 2010",FERNANDEZ RIVERO MARCELINO,,cfr@grupolaparroquia.com
77774080,REQUEST_FAILED,,,,,
77774125,REQUEST_FAILED,,,,,
77774143,REQUEST_FAILED,,,,,
77774149,REQUEST_FAILED,,,,,
77774200,REQUEST_FAILED,,,,,
77774270,deadAbandoned,WORD SNATCH,"Mar. 02, 2010",Apex LLC,,gho@apexappllc.com
77774234,REQUEST_FAILED,,,,,
77774284,deadAbandoned,DISCIPLE BY DESIGN,"Apr. 12, 2010",De Colores LLC,,angela@disciplebydesign.com
77774238,REQUEST_FAILED,,,,,
77774294,deadAbandoned,MASCOT,"Apr. 02, 2010",MASCOT (INDIA) TOOLS & FORGINGS PVT. LTD.,,atmco@airtelmail.in
77774286,deadAbandoned,MARFS,"Apr. 09, 2010",Edward Jones,,
77774258,REQUEST_FAILED,,,,,
77774305,deadAbandoned,PRIMOBOLAN,"Apr. 09, 2010","Kneller, Bruce W.",,bwkneller@gmail.com
77774312,deadAbandoned,PARABOLAN,"Apr. 09, 2010","Kneller, Bruce W",,bwkneller@gmail.com
77774309,deadAbandoned,BURRITOS AND BURGERS AND BEERS! OH MY!,"Oct. 04, 2010","SDCMK VENTURES, LLC",,scelestini@inspirepharm.com
77774313,deadAbandoned,MASTERON,"Apr. 09, 2010","Kneller, Bruce W.",,bwkneller@gmail.com
77774327,deadAbandoned,MEEN GREEN SOUL,"Sep. 20, 2010","Moeller, Barbara Ann",,lbmoeller01@msn.com
77774288,REQUEST_FAILED,,,,,
77774335,deadAbandoned,SUPPLEMENT SAFETY SOLUTIONS,"Apr. 12, 2010","Schmitz, Stephen M",,sms8956@hotmail.com
77774317,REQUEST_FAILED,,,,,
77774337,REQUEST_FAILED,,,,,
77774334,REQUEST_FAILED,,,,,
77774393,deadAbandoned,DRAFTY KILT,"Sep. 20, 2010",Monday Night Ventures LLC,,jonathan@mondaynightbrewery.com
77774359,REQUEST_FAILED,,,,,
77774395,deadAbandoned,EYE PATCH ALE,"Sep. 20, 2010",Monday Night Ventures LLC,,jonathan@mondaynightbrewery.com
77774384,REQUEST_FAILED,,,,,
77774437,deadAbandoned,NEGOCIACION HARVARD,"Apr. 09, 2010",Carlos Cáceres,,sheremetievo@gmail.com
77774406,REQUEST_FAILED,,,,,
77774409,REQUEST_FAILED,,,,,
77774418,REQUEST_FAILED,,,,,
77774500,deadAbandoned,NON APPETIT,"Apr. 07, 2010","SKINSCIENCE LABS, INC.",,dberlin@corporatebureau.com
77774449,REQUEST_FAILED,,,,,
77774575,deadAbandoned,PURE SKIN FOOD,"Apr. 09, 2010",Aware Skin Inc,,Tonidurham@nelsoncable.com
77774582,deadAbandoned,PLATINUM BUSINESS CORPORATION,"Apr. 06, 2010",PLATINUM BUSINESS CORPORATION,,mabalogun@platinumcorporation.com
77774546,REQUEST_FAILED,,,,,
77774551,REQUEST_FAILED,,,,,
77774610,deadAbandoned,"E ENVISION EVOLUTION GROUP, LLC CAREER MANAGEMENT SOLUTIONS","Nov. 15, 2010","Envision Evolution Group, LLC",,jvogel@envisionevolution.org
77774621,REQUEST_FAILED,,,,,
77774667,REQUEST_FAILED,,,,,
77774660,REQUEST_FAILED,,,,,
77774884,deadAbandoned,AVENA CAKES,"Aug. 10, 2010","Kettle Sanchez Industrial, S. A.",,aruiz@ruizmejia.com
77774721,REQUEST_FAILED,,,,,
77774778,REQUEST_FAILED,,,,,
77775087,deadAbandoned,LARÍN,"Apr. 06, 2010",Castellanos Baltazar Claudia R,,ccastellanos2000@hotmail.com
77775063,deadAbandoned,SOLADE CONCEPTS,"Apr. 13, 2010",Michael Schultz,,mike@soladeconcepts.com
77774962,REQUEST_FAILED,,,,,
77774974,REQUEST_FAILED,,,,,
77775124,deadAbandoned,A TOP SHOP! SPECIALISTS IN CUSTOMIZED MYSTERY SHOPPING,"May 19, 2010","A Top Shop!.Com, LLC",,lori@atopshop.com
77775130,REQUEST_FAILED,,,,,
77775194,deadAbandoned,BT*CH TAG BY ADA,"Sep. 27, 2010",Adamma Echeruo,,aecheruo@yahoo.com
77775189,deadAbandoned,UNDERGROUND MUSIC STORE,"Apr. 14, 2010","Brader, Nathan William",,mandalaaaron@hotmail.com
77775163,REQUEST_FAILED,,,,,
77775254,deadAbandoned,KILLER EDGE RACERS,"Apr. 06, 2010",Edge Racing,,killeredgeracers@gmail.com
77775184,REQUEST_FAILED,,,,,
77775196,deadAbandoned,MBLINX,"Nov. 26, 2010","Sant, Pradyumna",,
77775191,REQUEST_FAILED,,,,,
77775275,deadAbandoned,MAZ,"Sep. 27, 2010",CARLOS HUBNER-ARTETA,,carlitosha@gmail.com
77775292,deadAbandoned,KILLER EDGE RACING,"Apr. 06, 2010",Edge Racing,,killeredgeracers@gmail.com
77775218,REQUEST_FAILED,,,,,
77775286,REQUEST_FAILED,,,,,
77775288,REQUEST_FAILED,,,,,
77775387,deadAbandoned,NU BOX,"Jun. 10, 2010","StudioXMedia, LLC",,info@studioxmedia.com
77775478,deadAbandoned,IMAGE MATTERS,"Apr. 09, 2010","REPIO, INC.",,jay@bettingerlaw.com
77775351,REQUEST_FAILED,,,,,
77775424,REQUEST_FAILED,,,,,
77775481,REQUEST_FAILED,,,,,
77775483,REQUEST_FAILED,,,,,
77775504,REQUEST_FAILED,,,,,
77775519,REQUEST_FAILED,,,,,
77775550,REQUEST_FAILED,,,,,
77775598,REQUEST_FAILED,,,,,
77775643,REQUEST_FAILED,,,,,
77775750,REQUEST_FAILED,,,,,
77775835,REQUEST_FAILED,,,,,
77775950,deadAbandoned,BEER BELLY BUTTER,"Apr. 05, 2010","Bragg, Michael T.",,michael.bragg@compendiumusa.com
77775986,deadAbandoned,DURODENT,"Apr. 12, 2010","MAYA VILLEGAS & CIA, LTD.",,MARFIL@ETB.NET.CO
77775934,REQUEST_FAILED,,,,,
77775976,REQUEST_FAILED,,,,,
77775998,REQUEST_FAILED,,,,,
77776068,deadAbandoned,"WALLEEDOG ""IT'S ALL ABOUT THE DOG WRAP UP THE FLAVOR""","Apr. 08, 2010",Majestic On Call,,ikedunson@roadrunner.com
77776052,REQUEST_FAILED,,,,,
77776156,deadAbandoned,GLIMPSES OF CHINA,"Apr. 08, 2010",Foundation Global Education Limited,,admin@foundationge.com
77776152,deadAbandoned,LASERBONG,"Aug. 24, 2010","Tao, Xiao Pei",,maulin.shah@envisionip.com
77776164,deadAbandoned,ZENN,"Apr. 14, 2010","Buckman, Kevin",,kevinbuckman@gmail.com
77776104,REQUEST_FAILED,,,,,
77776136,REQUEST_FAILED,,,,,
77776186,deadAbandoned,THE SOLD SISTERS,"Apr. 07, 2010",MICKIE HOWELL,,SOLDBYMICKIE@AOL.COM
77776181,deadAbandoned,BLACK GOLD,"Apr. 02, 2010","Soto, Eliezer",,gmack@tampabay.rr.com
77776172,REQUEST_FAILED,,,,,
77776344,deadAbandoned,PATIENT ALLY,"Jul. 08, 2010","Office Ally, LLC",,support@officeally.com
77776276,deadAbandoned,ON PATROL WITH SANTA BARBARA PD,"Apr. 14, 2010","Your Marketing Dept., Inc.",,GWilson@neb.rr.com
77776373,deadAbandoned,LA DI DA,"Jul. 07, 2010","La Di Da Lingerie, Inc.",,
77776355,deadAbandoned,EHR 24/7,"Jun. 01, 2010","Office Ally, LLC",,support@officeally.com
77776193,REQUEST_FAILED,,,,,
77776439,deadAbandoned,GENTLE GIANT,"Apr. 07, 2010","MINNEAR, KERRY",,kerryminnear@blueyonder.co.uk
77776404,REQUEST_FAILED,,,,,
77776480,deadAbandoned,GENTLE GIANT,"Apr. 07, 2010","Minnear, Kerry",,kerryminnear@blueyonder.co.uk
77776570,deadAbandoned,KID POWER,"Apr. 07, 2010",Bruce H. Wilson,,info@kidpowerprograms.com
77776650,deadAbandoned,MAUIAN BORN. RAISED. FOREVER.,"Apr. 06, 2010","Sabas, Maxwel",,reymundo4865@yahoo.com
77776445,REQUEST_FAILED,,,,,
77776667,deadAbandoned,WEST COAST GRACELAND,"Apr. 15, 2010",Leticia Uvalle,,leticia93405@yahoo.com
77776548,REQUEST_FAILED,,,,,
77776737,deadAbandoned,"BEAUTY IN YOU SALON ""WHERE PERFECTION BEGINS""","Apr. 23, 2010",Beauty In You Salon,,pga.foundation@gmail.com
77776660,REQUEST_FAILED,,,,,
77776704,REQUEST_FAILED,,,,,
77776934,deadAbandoned,GRAND MASTER,"Apr. 08, 2010",Grand Master Watches LLC,,uriabrams@horolos.com
77776724,REQUEST_FAILED,,,,,
77776831,REQUEST_FAILED,,,,,
77776936,REQUEST_FAILED,,,,,
77776941,REQUEST_FAILED,,,,,
77777011,REQUEST_FAILED,,,,,
77777036,REQUEST_FAILED,,,,,
77777039,REQUEST_FAILED,,,,,
77777100,deadAbandoned,C A CLUTCH ATHLETIC,"Apr. 07, 2010","Clutch Athletic, LLC",,tomwheaton@clutchathletic.com
77777080,REQUEST_FAILED,,,,,
77777134,deadAbandoned,CN WATERPROOF MATERIAL ZHONGHE2000 CN2000,"Apr. 06, 2010","ZHANG, Jonathan",,styx_1013@hotmail.com
77777149,deadAbandoned,GREEN BLOSSOMS,"Sep. 27, 2010","Mishellism, LLC",,mishellism@gmail.com
77777128,REQUEST_FAILED,,,,,
77777131,REQUEST_FAILED,,,,,
77777137,REQUEST_FAILED,,,,,
77777169,deadAbandoned,KITCHMATE,"Apr. 09, 2010",Eileen Edward,,cheeshan.foo@kitchmate.com
77777168,deadAbandoned,CHEMO ADDCT,"Apr. 09, 2010",Lynnette Richey,,ccrichey@yahoo.com
77777167,deadAbandoned,HANDYVAC,"Apr. 09, 2010","Products Express of Springfield, Inc.",,franklin@productsexpress.net
77777217,deadAbandoned,"AMADUF INC. SPRING ICE KENKEY ""BE GRATEFUL FOR IT""","Apr. 15, 2010",Charles Meredith-Amoah Jr,,meredithamoahc@amaduf.com
77777158,REQUEST_FAILED,,,,,
77777234,deadAbandoned,REPAIR CARE,"Apr. 10, 2010",Mary Jane Haake,,mjhaake@mindspring.com
77777177,REQUEST_FAILED,,,,,
77777294,deadAbandoned,ALLU SKINCARE,"Apr. 16, 2010",Allu Enterprise,,samirbute21@yahoo.com
77777290,deadAbandoned,SIMPLIFYIT,"Apr. 08, 2010","SimplifyIT, Inc.",,nosoupforyou@hotmail.com
77777286,REQUEST_FAILED,,,,,
77777300,deadAbandoned,ALLU COSMECEUTICALS,"Apr. 16, 2010",Allu Enterprise,,samirbute21@yahoo.com
77777350,REQUEST_FAILED,,,,,
77777393,REQUEST_FAILED,,,,,
77777438,REQUEST_FAILED,,,,,
77777552,REQUEST_FAILED,,,,,
77777579,REQUEST_FAILED,,,,,
77777662,REQUEST_FAILED,,,,,
77777682,REQUEST_FAILED,,,,,
77777754,REQUEST_FAILED,,,,,
77777940,deadAbandoned,SOLUTIONSPLUS,"Apr. 16, 2010","The BES Group, Inc.",,
77777846,REQUEST_FAILED,,,,,
77778000,deadAbandoned,7 PE PEOPLE,"Nov. 22, 2010",Cypress Strategy Group,,kfalk@cypresshr.com
77777947,REQUEST_FAILED,,,,,
77777968,REQUEST_FAILED,,,,,
77778012,REQUEST_FAILED,,,,,
77778016,REQUEST_FAILED,,,,,
77778019,REQUEST_FAILED,,,,,
77778027,REQUEST_FAILED,,,,,
77778038,REQUEST_FAILED,,,,,
77778092,deadAbandoned,FINGERPRINT SECURITY,"Apr. 14, 2010","Mureta, Chad",,info@empireapps.com
77778055,REQUEST_FAILED,,,,,
77778072,deadAbandoned,"""FROM WIMP TO WARRIOR""","Oct. 04, 2010",EMPOWERMENT LLC,,PaulF806@yahoo.com
77778085,REQUEST_FAILED,,,,,
77778106,deadAbandoned,SUGARKANE,"Apr. 10, 2010",Gina Marie Orduna,,my.sugarkane@gmail.com
77778111,deadAbandoned,FRISIUM,"Sep. 27, 2010",Lundbeck Inc.,,sl@lundbeck.com
77778156,deadAbandoned,WIND'AIR,"Jun. 09, 2010",OUMNIA KARIM,,k.oumnia@baliston.com
77778181,deadAbandoned,CRITICAL RESTORATION,"Feb. 24, 2010","Hosto, Michael",,marmarwilliams@1-800boardup.com
77778099,REQUEST_FAILED,,,,,
77778200,deadAbandoned,Y,"Apr. 12, 2010",Natural User Interface Europe AB,,hv@natural-ui.com
77778104,REQUEST_FAILED,,,,,
77778124,deadAbandoned,OIL & GAS MATE,"Sep. 14, 2010",Todd Humphrey,,thumphrey@endevacor.com
77778231,REQUEST_FAILED,,,,,
77778294,REQUEST_FAILED,,,,,
77778324,REQUEST_FAILED,,,,,
77778451,deadAbandoned,WWW.BARCELONA-TOURIST-GUIDE.COM,"Apr. 22, 2010","Bolton, John, Mark",,bcntravel@mailbolt.com
77778359,REQUEST_FAILED,,,,,
77778382,REQUEST_FAILED,,,,,
77778494,REQUEST_FAILED,,,,,
77778625,deadAbandoned,PYT,"Sep. 27, 2010","Lee, Daniel S.",,info.pyt@gmail.com
77778665,deadAbandoned,COOL SPOT,"Mar. 02, 2010",Lighthouse Marketing Inc.,,bobm@lmiusa.net
77778582,REQUEST_FAILED,,,,,
77778712,deadAbandoned,RIOT GRRRLS,"Mar. 09, 2010","Lee, Daniel S.",,info.pyt@gmail.com
77778697,REQUEST_FAILED,,,,,
77778763,deadAbandoned,BYADAGIN,"Apr. 14, 2010",Majeed Muhammed,,
77778876,deadAbandoned,PERSPECTIVES,"Apr. 14, 2010",HTC Corporation,,kathy.callahan@bracewell.com
77778859,REQUEST_FAILED,,,,,
77778872,REQUEST_FAILED,,,,,
77778879,REQUEST_FAILED,,,,,
77778963,deadAbandoned,LR LUNATIC RADIO,"Apr. 17, 2010","McCann, Kevin J",,kmccannmesacc@yahoo.com
77778964,deadAbandoned,EEWIRE,"Sep. 27, 2010",John T. Woodstock,,k1dwu@k1dwu.net
77778967,deadAbandoned,EEWIRE,"Feb. 19, 2010",John T. Woodstock,,k1dwu@k1dwu.net
77778927,REQUEST_FAILED,,,,,
77778983,deadAbandoned,ECO-GOLD,"Apr. 15, 2010",Nilsson Michael,,michael@mineralinvest.com
77778979,deadAbandoned,INVEST IN INDIA,"Nov. 08, 2010",Hanko Hackberry group Pty Ltd,,kkporia@yahoo.com
77778970,REQUEST_FAILED,,,,,
77778982,deadAbandoned,ECOGOLD,"Apr. 15, 2010",Nilsson Michael,,michael@mineralinvest.com
77779002,REQUEST_FAILED,,,,,
77779051,REQUEST_FAILED,,,,,
77779093,REQUEST_FAILED,,,,,
77779123,deadAbandoned,MATTE-INÉE,"Sep. 27, 2010","J.E.B. Ventures, Inc.",,jhastings@merchantscounsel.com
77779162,deadAbandoned,RANDOM AXCESS,"Sep. 27, 2010","Himebrook, Robert R",,kendallwaldock@aol.com
77779161,deadAbandoned,WHIPLASH,"Sep. 27, 2010","Kallal, Mark",,arkallal@yahoo.com
77779105,REQUEST_FAILED,,,,,
77779181,deadAbandoned,SOLE-MATE,"Apr. 15, 2010",Michael Haider,,mj_haider@hotmail.com
77779206,deadAbandoned,None,"May 24, 2010",Red Steer Glove Company,,luke.atwood@anatwoodcompany.com
77779167,REQUEST_FAILED,,,,,
77779176,REQUEST_FAILED,,,,,
77779196,REQUEST_FAILED,,,,,
77779290,deadAbandoned,FALLEN ANGEL THEATRE COMPANY,"Oct. 11, 2010","Fallen Angel Theatre Company, Inc.",,aedin@fallenangeltheatre.org
77779202,REQUEST_FAILED,,,,,
77779292,deadAbandoned,WRIST SAVER DAUBER,"Oct. 04, 2010",ken wanger,,jznovelties3505@gmail.com
77779229,REQUEST_FAILED,,,,,
77779226,REQUEST_FAILED,,,,,
77779390,REQUEST_FAILED,,,,,
77779402,REQUEST_FAILED,,,,,
77779420,REQUEST_FAILED,,,,,
77779429,REQUEST_FAILED,,,,,
77779493,deadAbandoned,GLITTERSTOCK,"Apr. 15, 2010",Glitterstock Inc.,,peteranton1@hotmail.com
77779435,REQUEST_FAILED,,,,,
77779469,REQUEST_FAILED,,,,,
77779473,REQUEST_FAILED,,,,,
77779489,REQUEST_FAILED,,,,,
77779481,REQUEST_FAILED,,,,,
77779713,deadAbandoned,A,"May 11, 2010",Jamal Washington,,washington1212@lycos.com
77779578,REQUEST_FAILED,,,,,
77779702,REQUEST_FAILED,,,,,
77779706,REQUEST_FAILED,,,,,
77779809,deadAbandoned,MIC LAWRY,"Apr. 14, 2010","Calderon, Larry, D",,miclawrymuzic@yahoo.com
77779774,REQUEST_FAILED,,,,,
77779826,deadAbandoned,CHILAQUILAZZO!!,"Sep. 27, 2010",Luis Monroy Fernandez,,eraynal@slc-law.net
77779800,REQUEST_FAILED,,,,,
77779804,REQUEST_FAILED,,,,,
77779889,REQUEST_FAILED,,,,,
77779932,deadAbandoned,NWP NORTHWEST PETROLEUM,"Jun. 12, 2010","PetroCard Systems, Inc.",,jhanson@petrocard.com
77779921,REQUEST_FAILED,,,,,
77779934,REQUEST_FAILED,,,,,
77779996,REQUEST_FAILED,,,,,
77780033,REQUEST_FAILED,,,,,
77780091,REQUEST_FAILED,,,,,
77780090,REQUEST_FAILED,,,,,
77780093,REQUEST_FAILED,,,,,
77780102,REQUEST_FAILED,,,,,
77780135,deadAbandoned,H MEFREE.COM,"Nov. 05, 2010",HomeFree.Com INC,,p.shipman@homefree.com
77780141,REQUEST_FAILED,,,,,
77780155,deadAbandoned,PLAYAMADE ENTERTAINMENT,"Apr. 20, 2010",Vincent James Watkins,,vj1watkins@aol.com
77780161,REQUEST_FAILED,,,,,
77780176,REQUEST_FAILED,,,,,
77780221,deadAbandoned,HAIR TUBE,"Apr. 21, 2010",QVS Global China,,emilys@qvsglobal.com.cn
77780259,REQUEST_FAILED,,,,,
77780453,REQUEST_FAILED,,,,,
77780437,REQUEST_FAILED,,,,,
77780528,REQUEST_FAILED,,,,,
77780561,REQUEST_FAILED,,,,,
77780605,deadAbandoned,ARKINET,"Sep. 27, 2010",Arkinet Media,,xavier.olivella@arkinet.com
77780616,deadAbandoned,INNORADAR,"Apr. 22, 2010","Latinos Glovales, S.A.",,hterrell01@aim.com
77780654,deadAbandoned,SOLO NETWORKS,"Apr. 15, 2010",Solo Networks Inc.,,jason.whitmire@solonetworks.com
77780556,REQUEST_FAILED,,,,,
77780606,REQUEST_FAILED,,,,,
77780728,deadAbandoned,U,"Aug. 27, 2010",Yuichi Masuko,,roy@unscriptedclothing.com
77780734,deadAbandoned,PROPERTYOFFICE,"Apr. 21, 2010","Marshall, Jamie",,jamie_marshall@hotmail.com
77780629,REQUEST_FAILED,,,,,
77780645,REQUEST_FAILED,,,,,
77780733,REQUEST_FAILED,,,,,
77780940,REQUEST_FAILED,,,,,
77781120,REQUEST_FAILED,,,,,
77781123,REQUEST_FAILED,,,,,
77781174,deadAbandoned,MAXIBOLAN,"Sep. 27, 2010",Bruce W. Kneller,,bwkneller@gmail.com
77781193,deadAbandoned,DON'T LIKE MY DRIVING? 1-877-TATTLE-1 WWW.TATTLETEENDRIVER.COM TELL MY PARENTS! TATTLE TEEN DRIVER DRIVE SAFETY HOME,"Apr. 22, 2010",Katrina Cherice Martin,,cheribirdtx@hotmail.com
77781159,REQUEST_FAILED,,,,,
77781225,deadAbandoned,VAGIANT,"Apr. 19, 2010",Bryan Vitner,,bvitner@gmail.com
77781186,REQUEST_FAILED,,,,,
77781200,REQUEST_FAILED,,,,,
77781233,deadAbandoned,SNOW DEVIL,"May 21, 2010","ZHEJIANG DOBEST POWER TOOLS CO., LTD.",,
77781244,REQUEST_FAILED,,,,,
77781269,REQUEST_FAILED,,,,,
77781432,deadAbandoned,B BRIO PRESS,"Apr. 18, 2010","Brioprint, LLC.",,wreynolds@briobooks.com
77781371,REQUEST_FAILED,,,,,
77781386,REQUEST_FAILED,,,,,
77781500,deadAbandoned,SEIFUKU,"May 09, 2010","Hampton, Mark W.",,mark@jadegrowth.com
77781538,REQUEST_FAILED,,,,,
77781561,REQUEST_FAILED,,,,,
77781671,deadAbandoned,ONE FAMILY ONE BLOOD,"Dec. 20, 2010",evon grandison,,escriptures@aol.com
77781569,REQUEST_FAILED,,,,,
77781584,REQUEST_FAILED,,,,,
77781869,deadAbandoned,FOUR DIRECTIONS,"Oct. 18, 2010",Q-4 Industries,,adamon@fruitful.com
77781929,deadAbandoned,RESOLVE,"Jun. 15, 2010","Cleaning Systems, Inc.",,tkrug@cleaningsystemsinc.com
77781877,REQUEST_FAILED,,,,,
77782057,deadAbandoned,SAYFOOKOO,"May 09, 2010","Hampton, Mark W.",,mark@jadegrowth.com
77781977,REQUEST_FAILED,,,,,
77782090,REQUEST_FAILED,,,,,
77782097,REQUEST_FAILED,,,,,
77782227,deadAbandoned,STOP THE BULL S _ _ _ REBUILD AMERICA,"Apr. 20, 2010",Brian Jeffery Peters,,bpreign@earthlink.net
77782162,REQUEST_FAILED,,,,,
77782219,REQUEST_FAILED,,,,,
77782233,REQUEST_FAILED,,,,,
77782264,REQUEST_FAILED,,,,,
77782352,REQUEST_FAILED,,,,,
77782489,deadAbandoned,LUMISCOPE FOR THE QUALITY OF LIFE,"Oct. 25, 2010","GF Health Products, Inc.",,ccounts@grahamfield.com
77782429,REQUEST_FAILED,,,,,
77782518,REQUEST_FAILED,,,,,
77782608,deadAbandoned,ELECTROCORP ENVIRONMENTAL,"Dec. 06, 2010",AllerAir Industries,,janice@allerair.com
77782564,REQUEST_FAILED,,,,,
77782647,deadAbandoned,CONEXION,"Apr. 21, 2010",Latino Business Conexion,,edgarm@conex360.com
77782639,REQUEST_FAILED,,,,,
77782756,deadAbandoned,SWUITS,"Oct. 11, 2010","Eisenberg, Robby A",,reisenbe06@gmail.com
77782716,REQUEST_FAILED,,,,,
77782721,REQUEST_FAILED,,,,,
77782788,deadAbandoned,VIRTUAL SPORTS,"Aug. 26, 2010","William Abrams, Jr.",,abramswi@msu.edu
77782843,deadAbandoned,LABZ,"Apr. 20, 2010","Subfilmes - Produção Audio-Visual, lda.",,subfilmes.lis@subfilmes.com
77782832,REQUEST_FAILED,,,,,
77782837,REQUEST_FAILED,,,,,
77782858,REQUEST_FAILED,,,,,
77782977,deadAbandoned,None,"Jul. 17, 2010",D and D Marketing,,david.tonoyan@t3leads.com
77782975,deadAbandoned,TATTOO SMITH,"Apr. 24, 2010",Moodform,,jmensing@moodform.com
77783024,deadAbandoned,GET SERIOUS. GET LEADS.,"Jul. 23, 2010",D and D Marketing,,david.tonoyan@t3leads.com
77783115,deadAbandoned,AMBAR,"Apr. 20, 2010",RAMIREZ GAYTAN ISIS ELIZABETH,,derkunst@aol.com
77783020,REQUEST_FAILED,,,,,
77783135,deadAbandoned,MULTISECURE,"Apr. 20, 2010",Veritrix.com,,paul@veritrix.com
77783187,deadAbandoned,SQUADOUCHE POKER,"Apr. 22, 2010",Lawrence Morrison II,,kmorrison8@cinci.rr.com
77783126,REQUEST_FAILED,,,,,
77783166,REQUEST_FAILED,,,,,
77783225,deadAbandoned,IT'S ONLY BUSINESS,"Oct. 04, 2010","Gioldasis,Tanya M",,chase4340@hotmail.com
77783268,deadAbandoned,LUTI LUTA,"Nov. 29, 2010",JOHANN CATHERINE MARIE,,Catherinejohann@verizon.net
77783431,deadAbandoned,PENZCRETE,"Apr. 21, 2010","The Platte Company, LLC",,greghoward@platteco.com
77783409,REQUEST_FAILED,,,,,
77783453,REQUEST_FAILED,,,,,
77783493,deadAbandoned,BINACA,"Mar. 09, 2010",DEAN SPIRIT LIMITED,,deanspiritltd@gmail.com
77783466,REQUEST_FAILED,,,,,
77783482,REQUEST_FAILED,,,,,
77783583,deadAbandoned,BINACA,"Mar. 09, 2010",Dean Spirit Limited,,deanspiritltd@gmail.com
77783604,REQUEST_FAILED,,,,,
77783606,REQUEST_FAILED,,,,,
77783672,REQUEST_FAILED,,,,,
77783720,deadAbandoned,THE BYRNES COMPANY,"Apr. 21, 2010","Byrnes, Richard N.",,rich@thebyrnescompany.com
77783726,REQUEST_FAILED,,,,,
77783890,deadAbandoned,SWEETSPOT,"May 06, 2010",SWEETSPOT,,
77783941,deadAbandoned,SLEEVIES,"Apr. 27, 2010","Allen, Aisha, A",,bigeeesh10@yahoo.com
77783862,REQUEST_FAILED,,,,,
77784084,deadAbandoned,MIRACLE MILK,"Mar. 15, 2010","Mercola, Joseph",,tonyg@mercola.com
77784096,deadAbandoned,CUSTOMER EXPERIENCE LABS,"Apr. 20, 2010",Bernhard Schindlholzer,,bernhard@schindlholzer.com
77784077,REQUEST_FAILED,,,,,
77784171,deadAbandoned,FULL RETAIL!,"Oct. 04, 2010","PK Company of Ashland, Inc.",,
77784117,REQUEST_FAILED,,,,,
77784122,REQUEST_FAILED,,,,,
77784182,REQUEST_FAILED,,,,,
77784212,REQUEST_FAILED,,,,,
77784220,REQUEST_FAILED,,,,,
77784273,deadAbandoned,None,"Apr. 22, 2010","James A. McManus, Jr.",,sbdirtrider@gmail.com
77784242,deadAbandoned,GREENBIZCHECK,"Feb. 22, 2010",greenbizcheck,,th@greenbizcheck.com
77784283,deadAbandoned,WALKTHRUINSPECTIONS,"Oct. 27, 2010","Concept 20/20, Inc",,
77784302,deadAbandoned,RENTASCOOTERNJ.COM,"Apr. 26, 2010","Perna, Anthony G",,anthonyperna1@hotmail.com
77784279,REQUEST_FAILED,,,,,
77784293,REQUEST_FAILED,,,,,
77784337,deadAbandoned,THE HOLY LAND DIET,"Apr. 30, 2010",Footsteps (HL) Ltd.,,MBARZVI@FOOTSTEPS.CO.IL
77784305,REQUEST_FAILED,,,,,
77784340,REQUEST_FAILED,,,,,
77784345,REQUEST_FAILED,,,,,
77784365,REQUEST_FAILED,,,,,
77784371,REQUEST_FAILED,,,,,
77784379,deadAbandoned,IPANEMAFILM,"Apr. 28, 2010",Birthe Templin,,ipanemafilm@hotmail.com
77784377,REQUEST_FAILED,,,,,
77784424,deadAbandoned,PENTHOUSE CABARET,"Apr. 26, 2010","Newman, Victor S",,vn@ejwco.net
77784438,deadAbandoned,BOOMERANG,"Mar. 23, 2010",Ainsworth Game Technology Limited,,tom.davidson@ainsworth.com.au
77784428,deadAbandoned,WOMEN'S PERSONAL SAFETY NETWORK,"Apr. 21, 2010","Elite Personal Safety Systems, LLC",,admin@elitepersonalsafety.com
77784453,deadAbandoned,MEDUCATIONAL,"Oct. 04, 2010",Imgination Holdings Pty ltd,,leonie.thomson@imagination.com.au
77784427,REQUEST_FAILED,,,,,
77784429,REQUEST_FAILED,,,,,
77784462,deadAbandoned,NOMINATE,"Apr. 22, 2010",BB Online UK Limited,,don.baker@which.net
77784528,REQUEST_FAILED,,,,,
77784601,REQUEST_FAILED,,,,,
77784669,REQUEST_FAILED,,,,,
77784689,REQUEST_FAILED,,,,,
77784690,REQUEST_FAILED,,,,,
77784693,REQUEST_FAILED,,,,,
77784712,REQUEST_FAILED,,,,,
77784720,REQUEST_FAILED,,,,,
77784781,deadAbandoned,NUTRIYIELD,"Apr. 24, 2010","Hesser-Small International, LLC",,
77784759,REQUEST_FAILED,,,,,
77784791,deadAbandoned,HESSER,"Apr. 24, 2010","Hesser-Small International, LLC",,
77784769,REQUEST_FAILED,,,,,
77784774,REQUEST_FAILED,,,,,
77784775,REQUEST_FAILED,,,,,
77784853,deadAbandoned,DOSESAVER,"Apr. 22, 2010","Jagan, Gavin",,drgjagan@hotmail.com
77784825,REQUEST_FAILED,,,,,
77784848,deadAbandoned,TIMETAP,"Oct. 04, 2010",Timetap.com,,judy.lutz@timetap.com
77784850,REQUEST_FAILED,,,,,
77784890,REQUEST_FAILED,,,,,
77785113,deadAbandoned,GEOGRID,"Apr. 28, 2010","Swan Island Networks, Inc.",,sherry.lamoreaux@comcast.net
77785068,deadAbandoned,RCNY - RICH UNIQUE GENUINE BROTHERS YEARNING TO SUCCEED,"Jul. 22, 2010","Ademu-John, Lade",,picassotheartist@gmail.com
77784974,REQUEST_FAILED,,,,,
77785008,REQUEST_FAILED,,,,,
77785157,REQUEST_FAILED,,,,,
77785225,REQUEST_FAILED,,,,,
77785273,REQUEST_FAILED,,,,,
77785357,deadAbandoned,OG MMA,"Jun. 17, 2010",Organic Gear LLC,,will@ogmma.tv
77785372,deadAbandoned,DR. FRESH ULTIMATE,"Apr. 06, 2010","DR. FRESH, INC.",,raaj@drfresh.com
77785324,REQUEST_FAILED,,,,,
77785388,deadAbandoned,PANTOMATH,"Oct. 18, 2010","Maston, Sarah M.W.",,pmath.architect@gmail.com
77785377,REQUEST_FAILED,,,,,
77785415,deadAbandoned,ALPHAFORM,"Oct. 11, 2010",PLASTOFORM INDUSTRIES LIMITED,,
77785403,REQUEST_FAILED,,,,,
77785419,deadAbandoned,F,"Nov. 01, 2010",PLASTOFORM INDUSTRIES LIMITED,,
77785422,deadAbandoned,FORM,"Nov. 01, 2010",PLASTOFORM INDUSTRIES LIMITED,,
77785430,deadAbandoned,PATRIOT,"Mar. 15, 2010","GF Health Products, Inc.",,ccounts@grahamfield.com
77785417,REQUEST_FAILED,,,,,
77785483,deadAbandoned,AUDIPRO,"Nov. 26, 2010",BETAVOX INC.,,USTM.CL1286@GMAIL.COM
77785437,deadAbandoned,SILVERSOLUTIONS,"Mar. 18, 2010","GF Health Products, Inc.",,ccounts@grahamfield.com
77785446,REQUEST_FAILED,,,,,
77785555,deadAbandoned,ONE INTERIORS,"Apr. 29, 2010",Square One Interiors LLC,,courtnay@startfromsquare1.com
77785609,deadAbandoned,THE GOSPEL MUSIC LOUNGE,"Apr. 27, 2010","The Gospel Music Lounge, LLC",,
77785554,REQUEST_FAILED,,,,,
77785642,REQUEST_FAILED,,,,,
77785704,REQUEST_FAILED,,,,,
77785723,REQUEST_FAILED,,,,,
77785812,deadAbandoned,NEWZYME,"Apr. 30, 2010","NewZyme, Inc.",,ntaminoah@bellsouth.net
77785836,REQUEST_FAILED,,,,,
77785941,REQUEST_FAILED,,,,,
77786035,REQUEST_FAILED,,,,,
77786065,deadAbandoned,JOESHARE,"Apr. 26, 2010","Expand Your Universe, LLC",,chris@joeshare.com
77786088,deadAbandoned,BILLYANDKIKA,"Oct. 04, 2010",Bam Body Brand,,eladjakob@gmail.com
77786050,REQUEST_FAILED,,,,,
77786063,REQUEST_FAILED,,,,,
77786215,deadAbandoned,NATURALIST,"Apr. 29, 2010",James Walker,,james@tkoadvertising.com
77786161,deadAbandoned,VNTERNET EVERYWHERE EVERYTIME EVERYONE,"Apr. 23, 2010",Vnternet Incorporated,,welemary@vnternet.com
77786126,REQUEST_FAILED,,,,,
77786245,deadAbandoned,PURIST,"Nov. 19, 2010",James Walker,,james@tkoadvertising.com
77786320,deadAbandoned,ILLUSIONIST,"Apr. 29, 2010",James Walker,,james@tkoadvertising.com
77786316,REQUEST_FAILED,,,,,
77786403,REQUEST_FAILED,,,,,
77786466,deadAbandoned,ANTHRO,"Dec. 13, 2010","Replar Manufacturing, Inc.",,andy@replarmfg.com
77786471,deadAbandoned,3D OUTDOOR KITCHEN DESIGN,"Apr. 23, 2010","Rough, Robert",,robertrough@hotmail.com
77786524,deadAbandoned,BOTM BURGER OF THE MONTH,"Oct. 10, 2010","Burger Rankings, LLC",,david_r_becker@yahoo.com
77786473,REQUEST_FAILED,,,,,
77786477,REQUEST_FAILED,,,,,
77786479,REQUEST_FAILED,,,,,
77786551,deadAbandoned,DURADO,"Apr. 28, 2010","MEAZ Trading Company, LLC",,ramzioraha@meaztrading.com
77786560,deadAbandoned,CAGED BEAUTY FIGHT WEAR,"Apr. 29, 2010","RAIDYN BUDOKAN, INC.",,JSJL24@AOL.COM
77786624,deadAbandoned,INDOOR RESTORATION SERVICES,"Apr. 27, 2010",Indoor Restoration Services,,cbaccinelli@indoorrestoration.com
77786550,REQUEST_FAILED,,,,,
77786597,deadAbandoned,BURGER OF THE MONTH,"Mar. 04, 2010","Burger Rankings, LLC",,david_r_becker@yahoo.com
77786583,REQUEST_FAILED,,,,,
77786607,REQUEST_FAILED,,,,,
77786765,deadAbandoned,WHAT'S ON YOUR PLATE?,"May 03, 2010",Aubin Pictures Inc.,,tanya@aubinpictures.com
77786742,REQUEST_FAILED,,,,,
77786814,REQUEST_FAILED,,,,,
77786841,REQUEST_FAILED,,,,,
77786844,REQUEST_FAILED,,,,,
77786877,REQUEST_FAILED,,,,,
77786899,REQUEST_FAILED,,,,,
77786965,REQUEST_FAILED,,,,,
77787086,REQUEST_FAILED,,,,,
77787087,REQUEST_FAILED,,,,,
77787261,deadAbandoned,BOXDGEAR THE OPEN TECHNOLOGY REVOLUTION,"Apr. 27, 2010",Boxdgear Corporation,,
77787269,deadAbandoned,BLACK METAL SPEED,"Apr. 30, 2010",Jeffrey C Ragatz,,jragatz@toppromotions.com
77787344,deadAbandoned,KITTYLITTERDELIVERY.COM,"Oct. 12, 2010",Kitty Litter Delivery LLC,,admin@kittylitterdelivery.com
77787331,REQUEST_FAILED,,,,,
77787336,REQUEST_FAILED,,,,,
77787479,deadAbandoned,TWOOGLE,"Apr. 28, 2010","Labell, Margot, L.",,einsofgateway@gmail.com
77787369,REQUEST_FAILED,,,,,
77787469,REQUEST_FAILED,,,,,
77787510,deadAbandoned,CANZION,"May 04, 2010",CanZion Group LP,,ncano@canzion.com
77787488,REQUEST_FAILED,,,,,
77787497,REQUEST_FAILED,,,,,
77787543,deadAbandoned,BLING YOUR SWING,"Oct. 11, 2010",Bling Your Swing,,ghoppertango@msn.com
77787503,REQUEST_FAILED,,,,,
77787540,deadAbandoned,RUGBY IT'S THE WORLD'S GAME,"Apr. 26, 2010",O'Brien Rugby,,barret@obclan.com
77787532,REQUEST_FAILED,,,,,
77787573,deadAbandoned,None,"May 05, 2010",BEIQI (FUJIAN) FOODS COMPANY LIMITED,,zhanghonglu@inipa.com
77787537,REQUEST_FAILED,,,,,
77787553,deadAbandoned,"BEHAVIOR OUTCOMES INCREMENTAL PROGRESS ~ TRANSFORMATIONAL RESULTS THE MARK CONSISTS OF STANDARD CHARACTERS, WITHOUT CLAIM TO ANY PARTICULAR FONT, STYLE, SIZE, OR COLOR","May 03, 2010","Behavior Outcomes, LLC",,justin@behavioroutcomes.com
77787599,deadAbandoned,ZANY GEAR,"Apr. 28, 2010",Unimax Toys Limited,,emma@unimax.com.hk
77787559,REQUEST_FAILED,,,,,
77787575,deadAbandoned,NEUVENTURE,"May 01, 2010",Jason J Ingram,,jason.ingram@neuventure-us.com
77787596,REQUEST_FAILED,,,,,
77787673,deadAbandoned,CHN,"Apr. 29, 2010","Chen, Jing",,jason@bj-fortune.com.cn
77787649,REQUEST_FAILED,,,,,
77787663,deadAbandoned,"FLAWLESS LOOKS, FLAWLESS MAKEUP EVERYDAY FOR EVERY WOMAN","Oct. 11, 2010","Mowatt, Ashley Marie",,ashley.mowatt@gmail.com
77787698,deadAbandoned,BLANCHE DIRECT,"May 04, 2010",Neocutis S.A.,,Cathy.termolle@neocutis.com
77787658,REQUEST_FAILED,,,,,
77787756,deadAbandoned,BIGGREENTV,"Apr. 29, 2010",Big Green TV Inc.,,mail@nycmediaarts.com
77787763,deadAbandoned,EFFEX ENHANCE . ELEVATE . EXHILARATE,"Oct. 25, 2010","Euphorix, LLC",,teameffex@euphorixusa.com
77787735,deadAbandoned,BEEDZ BY ETERNAL SILVER LONDON,"May 01, 2010",Eternal Silver Limited,,gerard.yip@steerwell.com
77787695,REQUEST_FAILED,,,,,
77787771,REQUEST_FAILED,,,,,
77787773,REQUEST_FAILED,,,,,
77787787,REQUEST_FAILED,,,,,
77787845,deadAbandoned,PRO-TEC 50,"May 04, 2010",Tremcorp,,dick.stober@tremcorp.com
77787901,deadAbandoned,MAYA TAPAS & GRILL,"May 11, 2010","MAYA, ROLANDO, A",,ALEMAYAMDP@GMAIL.COM
77787855,REQUEST_FAILED,,,,,
77787870,REQUEST_FAILED,,,,,
77787887,deadAbandoned,GROCERIES TO YOUR DOOR,"Aug. 03, 2010",Groceries To Your Door,,stephaniestowers@yahoo.com
77787963,deadAbandoned,USERWARE,"Apr. 28, 2010",Userware,,gestion@userware.fr
77788048,deadAbandoned,MAGIC TAP,"Sep. 20, 2010","STALEX HOLDINGS, LLC",,
77787962,REQUEST_FAILED,,,,,
77787951,REQUEST_FAILED,,,,,
77788101,deadAbandoned,HARDY DIESEL,"Jun. 02, 2010","Hardy Diesels and Equipment, Inc",,loren.day@hardydiesel.com
77788152,deadAbandoned,EAVESDROPPER,"Oct. 11, 2010","Kaleidico, LLC",,bill.rice@kaleidico.com
77788123,REQUEST_FAILED,,,,,
77788179,deadAbandoned,"PRISM PHYSICAL THERAPY, P.A.","Apr. 28, 2010","PRISM Physical Therapy, P.A.",,prismpt@verizon.net
77788145,REQUEST_FAILED,,,,,
77788154,REQUEST_FAILED,,,,,
77788209,REQUEST_FAILED,,,,,
77788251,deadAbandoned,TRIPINK MEDIA,"Apr. 27, 2010","Tripink Media, LLC",,tarek@tripink.com
77788200,REQUEST_FAILED,,,,,
77788419,deadAbandoned,ENCRYPTED COMMUNICATIONS,"Apr. 26, 2010",4468791 Canada Inc.,,isabelle@encryptedcommunications.com
77788273,deadAbandoned,PRISM PHYSICAL THERAPY P.A.,"Apr. 28, 2010","PRISM Physical Therapy, P.A.",,prismpt@verizon.net
77788393,REQUEST_FAILED,,,,,
77788475,REQUEST_FAILED,,,,,
77788488,REQUEST_FAILED,,,,,
77788600,REQUEST_FAILED,,,,,
77788687,deadAbandoned,SAINT AMBROSE COLLEGE,"Nov. 26, 2010","Saint Ambrose College, Inc.",,Admin@SaintAmbroseCollege.org
77788587,deadAbandoned,ORPHEUS MEDICAL,"Apr. 27, 2010","Magee, Gregory A",,gregory.magee@gmail.com
77788643,REQUEST_FAILED,,,,,
77788653,REQUEST_FAILED,,,,,
77788827,deadAbandoned,CREATIONS VOICE,"Apr. 29, 2010",Hector Torres,,godisgood1x@yahoo.com
77788706,REQUEST_FAILED,,,,,
77788847,REQUEST_FAILED,,,,,
77788806,REQUEST_FAILED,,,,,
77788896,REQUEST_FAILED,,,,,
77789004,deadAbandoned,ITEMCAST,"May 04, 2010","Dobey, Jean Ourega",,jdobey@shopmedia.com
77788987,REQUEST_FAILED,,,,,
77789005,REQUEST_FAILED,,,,,
77789009,REQUEST_FAILED,,,,,
77789013,REQUEST_FAILED,,,,,
77789064,deadAbandoned,PALMETTO TOTS,"Dec. 27, 2010",Palmetto Tots,,andrea122807@aol.com
77789127,REQUEST_FAILED,,,,,
77789256,deadAbandoned,G,"Apr. 29, 2010",Inner Light House,,lcsonka@gmail.com
77789371,REQUEST_FAILED,,,,,
77789400,REQUEST_FAILED,,,,,
77789422,REQUEST_FAILED,,,,,
77789432,REQUEST_FAILED,,,,,
77789507,REQUEST_FAILED,,,,,
77789580,deadAbandoned,HOBBY CARD,"Dec. 11, 2010","Gonzalez, Juan Antonio",,jgonzalez@hobbycard.es
77789575,REQUEST_FAILED,,,,,
77789596,REQUEST_FAILED,,,,,
77789622,REQUEST_FAILED,,,,,
77789647,REQUEST_FAILED,,,,,
77789674,REQUEST_FAILED,,,,,
77789695,deadAbandoned,NUTRITIONIZE,"Apr. 29, 2010","Mirwani, Ajeet",,ajeetm@gmail.com
77789706,deadAbandoned,DEVIANT KINETICS,"Oct. 25, 2010","Cochran, Daniel E",,cochrandan@hotmail.com
77789692,REQUEST_FAILED,,,,,
77789741,deadAbandoned,SPIROSCOUT,"Jul. 21, 2010",Reciprocal Sciences,,dvansickle@gmail.com
77789755,deadAbandoned,PREMIER,"Apr. 29, 2010",Camaro,,camaro@ihug.co.nz
77789767,deadAbandoned,SHAREWAREMUSIC,"May 06, 2010","Bryan, Robison J.",,domains@inspiredcode.net
77789772,deadAbandoned,PRAGUE INTERNATIONAL PIANO MASTERCLASSES,"Apr. 29, 2010","Sharon, Boaz",,bsharon@bu.edu
77789768,deadAbandoned,DOG PASSPORT,"Apr. 29, 2010","Seyler, Tania",,tania_07@msn.com
77789792,deadAbandoned,DEALER EBUSINESS ALL CUSTOMERS ARE NOW INTERNET CUSTOMERS,"May 05, 2010",Dealer EBusiness USA & Australia LLC,,matt@DealereBusiness.com
77789765,REQUEST_FAILED,,,,,
77789804,deadAbandoned,"R S RELATIONSHIP SOLUTIONS REAL ISSUES, REAL DIALOGUE, REAL KINGDOM SOLUTIONS","Nov. 13, 2010","People Evoking A Change, LLC (DBA)",,melaine@peach-communications.com
77789806,deadAbandoned,GOLDEN PHOENIX,"Jul. 27, 2010",Ainsworth Game Technology Limited,,tom.davidson@ainsworth.com.au
77789807,deadAbandoned,KING KENJI,"Apr. 23, 2010",Ainsworth Game Technology Limited,,tom.davidson@ainsworth.com.au
77789788,REQUEST_FAILED,,,,,
77789816,deadAbandoned,F FLAMBO,"Nov. 05, 2010",Flambo LLC,,liwen97@hotmail.com
77789843,deadAbandoned,THE HIGHER CULTURE,"May 05, 2010",Hana San Nicolas Johnston,,hanasnj7@gmail.com
77789815,REQUEST_FAILED,,,,,
77789820,REQUEST_FAILED,,,,,
77789878,REQUEST_FAILED,,,,,
77790046,deadAbandoned,YOUR A-SPOT,"Sep. 11, 2010","Center Of Life Health, Inc.",,kathleen_fuller@bellsouth.net
77790041,REQUEST_FAILED,,,,,
77790066,REQUEST_FAILED,,,,,
77790050,deadAbandoned,VOICETARGET,"Oct. 18, 2010","Miracle-Ear, Inc.",,Lisa.Riedesel@amplifon.com
77790076,REQUEST_FAILED,,,,,
77790117,deadAbandoned,None,"Nov. 06, 2010",Big Green TV Inc.,,mail@nycmediaarts.com
77790131,deadAbandoned,PLICIO,"Dec. 08, 2010","Filzmoser, Franz",,franz.filzmoser@filzmoser.at
77790140,REQUEST_FAILED,,,,,
77790154,REQUEST_FAILED,,,,,
77790190,REQUEST_FAILED,,,,,
77790328,deadAbandoned,JUST EVOLUTIONARY,"Apr. 29, 2010",Alissa Mui,,alissa@justevol.com
77790317,REQUEST_FAILED,,,,,
77790435,deadAbandoned,PHUK BEER,"May 04, 2010","Phuk Beer, Inc.",,jason@phukbeer.com
77790426,REQUEST_FAILED,,,,,
77790459,REQUEST_FAILED,,,,,
77790547,REQUEST_FAILED,,,,,
77790561,REQUEST_FAILED,,,,,
77790673,deadAbandoned,SAVITA BHABHI,"Apr. 29, 2010",Kiastrina Technologies Limited,,ram@hot-india.com
77790660,REQUEST_FAILED,,,,,
77790678,REQUEST_FAILED,,,,,
77790693,REQUEST_FAILED,,,,,
77790761,REQUEST_FAILED,,,,,
77790786,REQUEST_FAILED,,,,,
77790853,REQUEST_FAILED,,,,,
77790876,REQUEST_FAILED,,,,,
77790998,deadAbandoned,LEXIE AND JANE,"May 03, 2010",Rebecca Lindsay McWaters,,rebeccamcwaters@gmail.com
77790970,REQUEST_FAILED,,,,,
77790961,REQUEST_FAILED,,,,,
77791080,deadAbandoned,TRUE WATER,"May 04, 2010",Mayat Water Inc.,,MayaT2001@aol.com
77791088,deadAbandoned,PROFIT MASTER,"May 05, 2010","Koury, Gordon M.",,gkoury@yahoo.com
77791071,REQUEST_FAILED,,,,,
77791220,REQUEST_FAILED,,,,,
77791215,REQUEST_FAILED,,,,,
77791313,deadAbandoned,HENRY FLEMING & CO.,"Dec. 20, 2010",Henry Fleming Co,,jcshaw@henryfleming.com
77791314,deadAbandoned,LOCK DOWEL,"Nov. 08, 2010",Bryan Koelling,,srf637@aol.com
77791303,deadAbandoned,CONNECTIONS WORKFORCE DEVELOPMENT & BUSINESS RESOURCE CENTERS,"May 11, 2010",Golden Sierra Job Training Agency,,buckingham@goldensierra.com
77791249,REQUEST_FAILED,,,,,
77791315,deadAbandoned,HOOPNASTICS,"Oct. 18, 2010","Larson, Ivy",,ckbranch2009@gmail.com
77791564,deadAbandoned,ST. MARS,"May 04, 2010","Lin, Chiu C",,CCLIN517@GMAIL.COM
77791316,REQUEST_FAILED,,,,,
77791342,REQUEST_FAILED,,,,,
77791585,deadAbandoned,ACTIONPACKED! NETWORK POWER UNLEASHED,"Nov. 25, 2010",Action Packed Research Inc.,,admin@actionpacked.com
77791475,REQUEST_FAILED,,,,,
77791569,REQUEST_FAILED,,,,,
77791590,REQUEST_FAILED,,,,,
77791610,REQUEST_FAILED,,,,,
77791637,REQUEST_FAILED,,,,,
77791636,REQUEST_FAILED,,,,,
77791697,deadAbandoned,THE BEST ADVICE FOR A BETTER LIFE,"Oct. 18, 2010",American Advisors Group,,orian@aagreverse.com
77791693,REQUEST_FAILED,,,,,
77791753,deadAbandoned,KG 9,"Apr. 30, 2010",ChunChun Lee,,info@isgk.org
77791731,deadAbandoned,VOLATILITY EXCHANGE,"Apr. 30, 2010",The Volatility Exchange Corporation,,Robert.Krause@VolX.us
77791744,REQUEST_FAILED,,,,,
77791747,REQUEST_FAILED,,,,,
77791782,deadAbandoned,CARVING TRIKE,"May 04, 2010",Duracle Corp,,carving.trike@gmail.com
77791771,REQUEST_FAILED,,,,,
77791776,REQUEST_FAILED,,,,,
77791910,deadAbandoned,CERTIFIED DEGREE,"May 11, 2010","Majka, David R.",,tristan.isolde@verizon.net
77791892,deadAbandoned,CERTIFIED GRADUATE,"Oct. 25, 2010","Majka, David R.",,tristan.isolde@verizon.net
77791799,REQUEST_FAILED,,,,,
77791802,REQUEST_FAILED,,,,,
77791916,REQUEST_FAILED,,,,,
77791932,REQUEST_FAILED,,,,,
77791973,REQUEST_FAILED,,,,,
77792005,REQUEST_FAILED,,,,,
77791977,REQUEST_FAILED,,,,,
77792037,REQUEST_FAILED,,,,,
77792113,deadAbandoned,ATD AMERICAN TRANS DATA CORP.,"May 11, 2010",Mark Mueller,,mark.mueller@americantransdata.com
77792131,deadAbandoned,MAD MONSTERZ,"Oct. 25, 2010",Tindell Stacey,,staceytindell@yahoo.com
77792075,REQUEST_FAILED,,,,,
77792078,REQUEST_FAILED,,,,,
77792181,deadAbandoned,JESUS CHRIST UNIVERSITY,"May 06, 2010","Safa, Abe",,abe@jesuschristuniversity.com
77792159,REQUEST_FAILED,,,,,
77792206,REQUEST_FAILED,,,,,
77792305,deadAbandoned,"BABY-C-WORLD ""WITH YOU WHEN YOU NEED IT MOST""","Jun. 10, 2010",Nerath Marjorie,,marjorie.nerath@baby-c-world.com
77792328,deadAbandoned,WORLD OF MATH,"May 02, 2010",World Of Math,,rorydillon1963@iolfree.ie
77792290,REQUEST_FAILED,,,,,
77792370,deadAbandoned,SIGNING SUZIE,"Mar. 24, 2010",Sign Along With Me Corp,,frankioms@hotmail.com
77792277,REQUEST_FAILED,,,,,
77792337,REQUEST_FAILED,,,,,
77792345,REQUEST_FAILED,,,,,
77792640,REQUEST_FAILED,,,,,
77792773,deadAbandoned,BETTER LIFE LOAN,"May 03, 2010",American Advisors Group,,orian@aagreverse.com
77792774,deadAbandoned,FOODPORTUNITY,"Dec. 09, 2010",Keren Brown Attar,,erez321@gmail.com
77792823,deadAbandoned,KID INVENTOR,"May 07, 2010",Imagination Holdings Pty Ltd,,hostmaster@imagination.com.au
77792788,REQUEST_FAILED,,,,,
77792897,deadAbandoned,WISH AND WISDOM,"May 07, 2010",Christopher Nicholas Denison,,chris.denison@wishandwisdom.com
77792940,deadAbandoned,LIVETAGZ,"Dec. 07, 2010","Cutter, Quanterreo Tamans",,qcutter@qleariq.com
77792983,deadAbandoned,LIFT PERSONAL TRAINING LIFE IMPROVEMENT FUNCTIONAL TRAINING,"May 04, 2010",Andrew Katzenmoyer,,katzenmoyer@me.com
77792825,REQUEST_FAILED,,,,,
77792995,deadAbandoned,JOSLIN FOODS,"May 04, 2010",Jennifer Joslin Cincotta,,jjc9@cox.net
77792847,REQUEST_FAILED,,,,,
77793031,deadAbandoned,L3POINTS,"Oct. 25, 2010","GT3 GROUP, LLC",,
77792945,deadAbandoned,DAILY GRIND,"May 04, 2010","Coard, Andre",,
77793045,REQUEST_FAILED,,,,,
77793084,REQUEST_FAILED,,,,,
77793089,REQUEST_FAILED,,,,,
77793139,REQUEST_FAILED,,,,,
77793155,REQUEST_FAILED,,,,,
77793168,REQUEST_FAILED,,,,,
77793243,deadAbandoned,DOUBLE DICE DECK,"May 16, 2010",Speech Corner LLC,,Rachele@SpeechCorner.com
77793189,REQUEST_FAILED,,,,,
77793194,REQUEST_FAILED,,,,,
77793247,REQUEST_FAILED,,,,,
77793385,deadAbandoned,"JOSEPH FERTUCCI DDS, PC","May 05, 2010","Fertucci, Joseph, Dr.",,asposato@countydental.com
77793278,REQUEST_FAILED,,,,,
77793474,REQUEST_FAILED,,,,,
77793497,REQUEST_FAILED,,,,,
77793558,REQUEST_FAILED,,,,,
77793636,deadAbandoned,LETSOPERATE,"Sep. 22, 2010","Letsoperate, Inc.",,
77793576,REQUEST_FAILED,,,,,
77793651,deadAbandoned,FB FIGHTBOSS,"May 04, 2010",maurice garrett,,fightboss@ymail.com
77793628,REQUEST_FAILED,,,,,
77793693,deadAbandoned,SEXYWEBCAM,"Oct. 25, 2010",Feniwel Inc,,feniwel@gmail.com
77793670,REQUEST_FAILED,,,,,
77793718,REQUEST_FAILED,,,,,
77793748,REQUEST_FAILED,,,,,
77793779,REQUEST_FAILED,,,,,
77793848,REQUEST_FAILED,,,,,
77793854,REQUEST_FAILED,,,,,
77793948,deadAbandoned,.KOBI,"Dec. 14, 2010","Cenani, Mehmet Reha",,reha.cenani@gmail.com
77793935,REQUEST_FAILED,,,,,
77793924,REQUEST_FAILED,,,,,
77793969,deadAbandoned,M2B ENT IT'S MEANT TO BE,"May 07, 2010","Ghanbari, Lorca",,highness23@gmail.com
77793993,deadAbandoned,M2SPRING,"May 11, 2010",NETFECTIVE TECHNOLOGY S.A.,,B.CARTIAUX@NETFECTIVE.COM
77794006,deadAbandoned,FIGHT NIGHT TV,"May 13, 2010",Matthew McDowell,,matt@mattmcdowell.net
77793967,REQUEST_FAILED,,,,,
77794037,deadAbandoned,ILASH,"Mar. 19, 2010","VideSante Pharmaceuticals, LLC LIMITED LIABILITY COMPANY",,crobbins@videsante.com
77794091,deadAbandoned,ASTROTRADER,"Apr. 20, 2010",Sigmax Research and Trading LLC,,info@astrotrader.com
77794010,REQUEST_FAILED,,,,,
77794198,deadAbandoned,CHYP,"May 06, 2010",Hyperion Systems Limited,,gloria.benson@chyp.com
77794070,REQUEST_FAILED,,,,,
77794094,REQUEST_FAILED,,,,,
77794230,deadAbandoned,AWESOME KLOTHING,"May 05, 2010","Manchin-Kosinskim, Amy",,Amy-m-2@hotmail.com
77794323,deadAbandoned,BLUMAXX HI-PERFORMANCE FLASHLIGHTS,"May 05, 2010","Falcon Innovations, LLC",,jaspreets@falconinnovations.com
77794250,REQUEST_FAILED,,,,,
77794263,REQUEST_FAILED,,,,,
77794287,REQUEST_FAILED,,,,,
77794412,deadAbandoned,A HIGHER LEARNING,"Nov. 01, 2010",Abe Safa,,abe@jesuschristuniversity.com
77794511,deadAbandoned,TBR THINK BELIEVE RECEIVE,"May 05, 2010","Rock, Gayle A.",,gayle@dwde-signs.com
77794413,REQUEST_FAILED,,,,,
77794569,deadAbandoned,ALLEVOR,"Mar. 04, 2010","Magee, Gregory A",,gregory.magee@gmail.com
77794470,REQUEST_FAILED,,,,,
77794561,REQUEST_FAILED,,,,,
77794656,deadAbandoned,BRAND POINTS BUY BRANDS. BUILD BUSINESS.,"Oct. 25, 2010",Cool School Incentives,,bbach@realtime-solutions.net
77794619,REQUEST_FAILED,,,,,
77794678,REQUEST_FAILED,,,,,
77794820,deadAbandoned,WALKABOUT CALIFORNIA,"May 05, 2010","Courtney, Tom C",,Tom@WalkaboutCalifornia.com
77794775,REQUEST_FAILED,,,,,
77794804,REQUEST_FAILED,,,,,
77794896,deadAbandoned,None,"May 11, 2010","MUCHUN, OUYANG",,szcindy2000@yahoo.com.cn
77794829,REQUEST_FAILED,,,,,
77794929,deadAbandoned,PSYCHIQUE,"May 07, 2010",Fenstad Robin L,,readings4u@hotmail.com
77794860,REQUEST_FAILED,,,,,
77794869,REQUEST_FAILED,,,,,
77794977,deadAbandoned,NIKKIVANTE,"Oct. 25, 2010","Sturdivant, Nicole A.",,nicole_sturdivant@yahoo.com
77794937,REQUEST_FAILED,,,,,
77794943,REQUEST_FAILED,,,,,
77794995,deadAbandoned,BICBOOK,"May 06, 2010","CHUNG, BO YOUNG",,boyoungchung@hotmail.com
77794951,REQUEST_FAILED,,,,,
77794982,REQUEST_FAILED,,,,,
77795012,deadAbandoned,THE WORLD'S FIRST HYBRID LUXURY VODKA,"Sep. 20, 2010","Dolce Touch, LLC",,dolcetouch@hotmail.com
77795056,deadAbandoned,FANTASYXPERT,"May 13, 2010",FantasyXPERT LLC,,Lisa.Ross@FantasyXPERT.com
77795025,REQUEST_FAILED,,,,,
77795046,REQUEST_FAILED,,,,,
77795108,deadAbandoned,K-SES,"May 11, 2010","Rodriguez, Carlos Antonio",,crodriguez@k-ses.com
77795120,deadAbandoned,WHERE LUXURY MEETS CINEMA,"Nov. 01, 2010",Red Carpet Theaters LLC,,djseeley@seeleyhome.com
77795143,deadAbandoned,ALLERGY AWARE,"Oct. 18, 2010",Yaffa's Kitchen Pty Ltd. Trading As Well and Good,,shila@wellandgood.com.au
77795096,REQUEST_FAILED,,,,,
77795111,REQUEST_FAILED,,,,,
77795232,deadAbandoned,RP ROY PROJECTS INFRASTRUCTURE HOUSING DEVELOPERS,"May 13, 2010","Roy Projects, LLC",,jitenderroy@royprojects.com
77795130,REQUEST_FAILED,,,,,
77795289,REQUEST_FAILED,,,,,
77795431,deadAbandoned,OPTION 1,"Oct. 25, 2010","Greenwood, John",,
77795399,REQUEST_FAILED,,,,,
77795401,REQUEST_FAILED,,,,,
77795442,deadAbandoned,OPTION ONE,"Oct. 25, 2010","Greenwood, John",,
77795411,REQUEST_FAILED,,,,,
77795544,deadAbandoned,WHITE BIRD CHOCOLATE,"Nov. 15, 2010",WHITE BIRD CHOCOLATE COMPANY,,aidanmarus@gmail.com
77795453,REQUEST_FAILED,,,,,
77795582,REQUEST_FAILED,,,,,
77795629,REQUEST_FAILED,,,,,
77795642,REQUEST_FAILED,,,,,
77795675,REQUEST_FAILED,,,,,
77795836,deadAbandoned,MY RADIO FINDER,"Oct. 25, 2010","My Radio Finder, Inc.",,myradiofinder@yahoo.com
77795814,deadAbandoned,FANTASY LEATHER LINGERIE,"May 14, 2010","KLGroup, LLC",,info@fantasyleatherlingerie.com
77795810,deadAbandoned,GOD LOVES IBM LAMB IT SOLUTIONS IS UNITED WITH IBM,"May 18, 2010","Lamb IT Solutions, LLC",,james.lambjr@LambITSolutions.com
77795703,REQUEST_FAILED,,,,,
77795972,deadAbandoned,LAKERS,"May 11, 2010","Brennan, Kindah",,joe@bezigndesign.com
77795819,REQUEST_FAILED,,,,,
77795861,REQUEST_FAILED,,,,,
77795915,REQUEST_FAILED,,,,,
77795983,REQUEST_FAILED,,,,,
77795988,REQUEST_FAILED,,,,,
77796010,REQUEST_FAILED,,,,,
77796058,deadAbandoned,MARYLAND RESPIRATORY GROUP SERVICE FROM THE HEART,"May 14, 2010",Maryland Respiratory Group,,mbalaa@neb24.com
77796045,REQUEST_FAILED,,,,,
77796053,REQUEST_FAILED,,,,,
77796096,deadAbandoned,LUMIMAX,"May 06, 2010","PROTREND CO., LTD.",,
77796064,REQUEST_FAILED,,,,,
77796076,deadAbandoned,DOG LEG 2060 SOUTH AUSTRALIA UNWOODED CHARDONNAY 750ML,"May 11, 2010",Danniel Amadio,,danniel@amadiowines.com.au
77796119,deadAbandoned,LUST JUNKY,"May 10, 2010","Del Vecchio, J'aime S",,jsd2007@gmail.com
77796143,deadAbandoned,STRATEX USA,"May 09, 2010","Kaplan, Steven L.",,kaplansew@AOL.COM
77796168,deadAbandoned,MONDAY NIGHT,"Sep. 20, 2010",Monday Night Ventures LLC,,jonathan@mondaynightbrewery.com
77796111,REQUEST_FAILED,,,,,
77796226,deadAbandoned,AS FIVE KICKIN',"Nov. 01, 2010",BCM Corp,,bill@ballchain.com
77796169,deadAbandoned,SOUTHERN SEM COLLEGE,"Nov. 08, 2010","Veigl, Beth S.",,bmorris410@hotmail.com
77796296,REQUEST_FAILED,,,,,
77796300,REQUEST_FAILED,,,,,
77796352,REQUEST_FAILED,,,,,
77796470,REQUEST_FAILED,,,,,
77796723,deadAbandoned,GRACE STYLING,"May 08, 2010","Winn, Amy, Grace",,amygracewinn@gmail.com
77796703,deadAbandoned,WALLETS2WEAR,"May 13, 2010","Rogiu, LLC",,gooliam@gmail.com
77796614,REQUEST_FAILED,,,,,
77796776,deadAbandoned,TAPNOT,"May 13, 2010","Baker, John W",,jbaker@tfc.edu
77796650,REQUEST_FAILED,,,,,
77796717,REQUEST_FAILED,,,,,
77796762,REQUEST_FAILED,,,,,
77796966,deadAbandoned,CHEMBIOCONNECT,"May 13, 2010","Imaginatik, PLC",,peter_propp@imaginatik.com
77796909,REQUEST_FAILED,,,,,
77796932,REQUEST_FAILED,,,,,
77797102,deadAbandoned,NOVAH,"Dec. 03, 2010","Ortiz, John",,
77797049,REQUEST_FAILED,,,,,
77797057,REQUEST_FAILED,,,,,
77797123,deadAbandoned,WORDLIFE,"May 07, 2010","Dimayuga, Josephine",,amantilla@yourbusinessinabox.biz
77797073,REQUEST_FAILED,,,,,
77797140,deadAbandoned,GO BEYOND THE RESUME,"Apr. 09, 2010","Repio, Inc.",,jay@bettingerlaw.com
77797166,deadAbandoned,SCUSA,"Dec. 27, 2010",SCUSA International BV,,hans@scusa.com
77797106,REQUEST_FAILED,,,,,
77797159,deadAbandoned,SIZEMATTERS,"Mar. 10, 2010",David Valdez Jr,,ceo@nutrasource.net
77797156,REQUEST_FAILED,,,,,
77797160,REQUEST_FAILED,,,,,
77797178,REQUEST_FAILED,,,,,
77797373,REQUEST_FAILED,,,,,
77797576,deadAbandoned,SIGNING STORYBOOKS,"Mar. 24, 2010",Sign Along With Me Corp,,frankioms@hotmail.com
77797487,REQUEST_FAILED,,,,,
77797561,deadAbandoned,TIVOLILINK,"May 17, 2010","Hehn Jr, Stuart Paul",,BiggOnion@me.com
77797602,REQUEST_FAILED,,,,,
77797623,REQUEST_FAILED,,,,,
77797757,deadAbandoned,THE WORLD UNITED HAPKIDO FEDERATION WUHF,"May 17, 2010","Myung, Hong Sik",,pacific928@yahoo.com
77797744,deadAbandoned,CHIA DREAM,"May 11, 2010",The Chia Company,,ANDY@THECHIACO.COM.AU
77797716,REQUEST_FAILED,,,,,
77797973,deadAbandoned,CASHBUMP,"Oct. 25, 2010",Abzaletdinov Rustam,,ruspla@yahoo.com
77797828,REQUEST_FAILED,,,,,
77797955,REQUEST_FAILED,,,,,
77798061,deadAbandoned,RELEAVES,"May 13, 2010",MetaActiv Corporation,,ahuang@metaactiv.com
77798067,deadAbandoned,TIM T.I.M (THIS IS ME),"May 10, 2010","Levy, Rafi, B",,kingrafaheem@yahoo.com
77798050,REQUEST_FAILED,,,,,
77798115,REQUEST_FAILED,,,,,
77798120,REQUEST_FAILED,,,,,
77798217,deadAbandoned,1WHEY,"Nov. 08, 2010","Luthra, Harneet Singh",,harneetluthra@yahoo.com
77798167,REQUEST_FAILED,,,,,
77798220,deadAbandoned,INDECENT INK,"May 17, 2010","Sewell, William N.",,indecentink@hotmail.com
77798211,deadAbandoned,POTS FOR PLANTERS,"May 18, 2010","Guthrie, Lawson E.",,lawson@nuplanters.com
77798195,REQUEST_FAILED,,,,,
77798202,REQUEST_FAILED,,,,,
77798257,deadAbandoned,ONCOLOGY ANALYTICS INC.,"Sep. 30, 2010",Oncology Analytics Inc.,,marc@oncologyanalytics.com
77798340,deadAbandoned,IN A YEAR,"Nov. 15, 2010",Whiteley/Weinberg LLC,,jonwhiteley80@gmail.com
77798235,REQUEST_FAILED,,,,,
77798238,REQUEST_FAILED,,,,,
77798345,REQUEST_FAILED,,,,,
77798415,REQUEST_FAILED,,,,,
77798472,REQUEST_FAILED,,,,,
77798631,deadAbandoned,BANYAN ENERGY,"Dec. 10, 2010","Banyan Energy, Inc.",,shondip.ghosh@banyanenergy.com
77798552,REQUEST_FAILED,,,,,
77798661,deadAbandoned,MILF MAN I LOVE FOOTBALL!,"Nov. 01, 2010","Zacharuk, Dawn M",,jackanddawn@tds.net
77798662,deadAbandoned,STOW AFLOAT,"Nov. 01, 2010",3Di Technologies LLC,,
77798607,REQUEST_FAILED,,,,,
77798708,deadAbandoned,PIZZICATO,"Nov. 01, 2010","Bowman, Joseph O.",,sphinx99@yahoo.com
77798793,deadAbandoned,GLUTEN FREE,"May 18, 2010",Chemisource,,jmannion@mrm-usa.com
77798769,deadAbandoned,CAROUSEL STRANDS,"Jun. 15, 2010","Carousel Strands, LLC",,katie@carouselstrands.com
77798889,deadAbandoned,HAPPY PILLS,"Nov. 01, 2010","Chaikin Capital Advisors, Inc.",,
77798933,REQUEST_FAILED,,,,,
77798695,deadAbandoned,STOW MOTION,"Nov. 01, 2010",3Di Technologies LLC,,
77798976,REQUEST_FAILED,,,,,
77799056,deadAbandoned,VORGASM,"Nov. 01, 2010",The Kensington Corporation,,steve@baroch.net
77799045,deadAbandoned,VOLUMETRIC AUCTION,"Nov. 01, 2010","Optimal Markets, Inc.",,
77799046,deadAbandoned,OAKLAND GROWN,"May 01, 2010",Holdsworth LLC,,info@holdsworthllc.com
77799120,deadAbandoned,POOL BLEND,"May 21, 2010","Kerber Industries, Inc",,heatherk@jeffkerber.com
77799077,REQUEST_FAILED,,,,,
77799125,REQUEST_FAILED,,,,,
77799135,REQUEST_FAILED,,,,,
77799144,REQUEST_FAILED,,,,,
77799197,REQUEST_FAILED,,,,,
77799210,deadAbandoned,CLUB PARADISE,"May 12, 2010",Camaro.,,camaro@ihug.co.nz
77799270,deadAbandoned,IMAGINATION,"May 07, 2010",Imagination Holdings Pty Ltd,,leonie.thomson@imagination.com.au
77799212,REQUEST_FAILED,,,,,
77799273,deadAbandoned,RECREATION,"May 17, 2010","Veneziano, Ariel",,arielv@post.com
77799234,REQUEST_FAILED,,,,,
77799272,REQUEST_FAILED,,,,,
77799440,deadAbandoned,MIGUELITO,"Oct. 15, 2010","Castellanos Baltazar, Claudia R",,ccastellanos2000@hotmail.com
77799480,deadAbandoned,GLOBAL CONNECTIVITY SOLUTIONS,"May 25, 2010","Klann, Korey",,korey@globalconnectivitysolutions.com
77799419,REQUEST_FAILED,,,,,
77799521,REQUEST_FAILED,,,,,
77799547,REQUEST_FAILED,,,,,
77799567,REQUEST_FAILED,,,,,
77799636,deadAbandoned,BRASILBRASIL,"May 14, 2010",DIDIER GILBERT DELECOLLE,,didier@delecolle.com
77799726,deadAbandoned,TATTLE TEEN,"Apr. 22, 2010","Martin, Katrina Cherice",,katrina@tattleteendriver.com
77799706,REQUEST_FAILED,,,,,
77799752,deadAbandoned,TEMPTRAK,"May 21, 2010",APRESYS INC.,,alf.morganhill@gmail.com
77799730,REQUEST_FAILED,,,,,
77799849,deadAbandoned,SOUTH SHORE CONCRETE CUTTING,"Nov. 01, 2010","Filion, Evan",,esfilion@comcast.net
77799753,REQUEST_FAILED,,,,,
77799794,REQUEST_FAILED,,,,,
77800001,deadAbandoned,TRANSXPRESS VAN LINES,"May 13, 2010","Otero, David",,davidotero@live.com
77799924,deadAbandoned,DUALLICIOUS,"Nov. 01, 2010","Two Feet Up., Inc.",,kelly@jmkforu.com
77799865,REQUEST_FAILED,,,,,
77800057,deadAbandoned,PORTERHAUS,"Aug. 17, 2010",Hardwood Hideaway,,spierce@denhaus.com
77799940,REQUEST_FAILED,,,,,
77799991,REQUEST_FAILED,,,,,
77800121,REQUEST_FAILED,,,,,
77800149,REQUEST_FAILED,,,,,
77800179,deadAbandoned,IMAGYNE,"Dec. 01, 2010","Sewell, Stephen M",,sewell.steve@gmail.com
77800189,REQUEST_FAILED,,,,,
77800186,REQUEST_FAILED,,,,,
77800202,REQUEST_FAILED,,,,,
77800205,REQUEST_FAILED,,,,,
77800226,REQUEST_FAILED,,,,,
77800314,deadAbandoned,XOOPLA,"Dec. 13, 2010",Joost Wentink,,joost@xoopla.com
77800295,REQUEST_FAILED,,,,,
77800324,deadAbandoned,SQUARE ONE INTERIORS,"May 21, 2010",Square One Interiors,,courtnay@startfromsquare1.com
77800320,deadAbandoned,WHO GONE CHECK ME BOO,"Nov. 01, 2010",Sheree Whitfield,,jessenmills@gmail.com
77800354,deadAbandoned,THE ORIGINAL DOLPHIN WHISTLE,"Jun. 29, 2010","Panetti, David Francis",,dp@knology.net
77800330,REQUEST_FAILED,,,,,
77800406,deadAbandoned,BUDDHA IS LAUGHING,"Nov. 08, 2010","Hodges, Marshall Laine",,INFO@buddhaislaughing.com
77800409,deadAbandoned,BABYPRO COM SAFE & FUN FOR YOUR LITTLE ONE!,"May 19, 2010",babypro.com,,jason@babypro.com
77800391,REQUEST_FAILED,,,,,
77800401,REQUEST_FAILED,,,,,
77800517,REQUEST_FAILED,,,,,
77800652,REQUEST_FAILED,,,,,
77800685,REQUEST_FAILED,,,,,
77800699,REQUEST_FAILED,,,,,
77800772,REQUEST_FAILED,,,,,
77800861,deadAbandoned,TAPAUS,"Nov. 08, 2010",TAPAUS S.A.,,jmendez@tapaus.com.ar
77800751,REQUEST_FAILED,,,,,
77800844,REQUEST_FAILED,,,,,
77801135,deadAbandoned,SWEET BEEF,"May 11, 2010","Wood, Ryan S.",,ryan@elkrivercorp.com
77800972,REQUEST_FAILED,,,,,
77801001,REQUEST_FAILED,,,,,
77800983,REQUEST_FAILED,,,,,
77801067,REQUEST_FAILED,,,,,
77801234,deadAbandoned,WOLF DIAMONDS,"Nov. 01, 2010",Wolf Diamonds LLC,,bryan@wolfdiamonds.com
77801213,REQUEST_FAILED,,,,,
77801312,deadAbandoned,EGREEN,"May 20, 2010",International Association Of Technology Recyclers And Data Destruction,,allen.beach@iatrdd.org
77801281,REQUEST_FAILED,,,,,
77801326,REQUEST_FAILED,,,,,
77801324,REQUEST_FAILED,,,,,
77801375,deadAbandoned,SKINPERFECT,"Nov. 08, 2010","Samadani, Rosina",,rosina@samadani.com
77801367,REQUEST_FAILED,,,,,
77801421,REQUEST_FAILED,,,,,
77801539,deadAbandoned,MONSTERCOCKLAND,"May 23, 2010",PSI Services SA,,psi_services@yahoo.fr
77801423,REQUEST_FAILED,,,,,
77801426,REQUEST_FAILED,,,,,
77801627,REQUEST_FAILED,,,,,
77801642,REQUEST_FAILED,,,,,
77801649,REQUEST_FAILED,,,,,
77801732,REQUEST_FAILED,,,,,
77801770,REQUEST_FAILED,,,,,
77801821,REQUEST_FAILED,,,,,
77801933,deadAbandoned,QISOL,"Nov. 15, 2010","Qisol, LC",,
77801958,REQUEST_FAILED,,,,,
77802063,REQUEST_FAILED,,,,,
77802173,deadAbandoned,ULTRAJOULE,"Sep. 13, 2010",Mahoney Medical Corporation,,dmahone3@optonline.net
77802131,REQUEST_FAILED,,,,,
77802084,REQUEST_FAILED,,,,,
77802214,deadAbandoned,HIDDEN FLOWER,"May 18, 2010",Zamka,,
77802174,REQUEST_FAILED,,,,,
77802200,REQUEST_FAILED,,,,,
77802271,deadAbandoned,VIA RESUME,"Nov. 29, 2010","Kilcoyne, Kyle P",,kyle@kkandassociates.com
77802270,REQUEST_FAILED,,,,,
77802354,REQUEST_FAILED,,,,,
77802426,deadAbandoned,ARROGANT APPAREL,"May 18, 2010","Hickey, Patrick",,pat.hickey@ymail.com
77802417,deadAbandoned,FUEGO LOUNGE,"May 21, 2010","Milardo, Gianluca",,milardo@gmail.com
77802376,REQUEST_FAILED,,,,,
77802435,deadAbandoned,STINGRAY TOLIMAR,"May 24, 2010",Acelerant Incorporated,,ray@stingraytackle.com
77802401,REQUEST_FAILED,,,,,
77802400,REQUEST_FAILED,,,,,
77802430,REQUEST_FAILED,,,,,
77802458,deadAbandoned,CONNECTBOT,"Jun. 23, 2010","Root, Kenneth L.",,kenny@the-b.org
77802447,deadAbandoned,SWEET TALKIN' MAC DADDY,"May 21, 2010","Estes, Sherry Ann",,jeriestes@aol.com
77802535,deadAbandoned,TRAUMA KIT NOW!,"May 18, 2010",Blue Force Gear,,
77802474,deadAbandoned,T P TOP CHIMNEYCAKE,"May 24, 2010",Bela Kovacs,,kovacsbela@gmail.com
77802460,REQUEST_FAILED,,,,,
77802666,deadAbandoned,BILLZ,"May 24, 2010",DataCare,,paulo@datacare.com
77802773,deadAbandoned,BLUEPOINT,"Oct. 25, 2010",Gabriel Luci,,gabeluci@gmail.com
77802797,deadAbandoned,VHERE,"Nov. 08, 2010","ACQCONET TECHNOLOGY, INC.",,tjhsu@acqconet.com
77802684,REQUEST_FAILED,,,,,
77802739,REQUEST_FAILED,,,,,
77803059,deadAbandoned,CHOOSE TO REUSE,"Jun. 09, 2010","Whirley Industries, Inc.",,rmacwithey@whirley.com
77803014,REQUEST_FAILED,,,,,
77802989,deadAbandoned,PERFONIC,"May 18, 2010",Striquent LLC,,boban_jose@hotmail.com
77803153,REQUEST_FAILED,,,,,
77803310,deadAbandoned,WARSHIP SURF COMPANY,"Nov. 15, 2010","Bevan, Thomas J.",,bevan212@gmail.com
77803246,deadAbandoned,FUTUREPROOF SERVICES,"May 18, 2010","PanTerra Networks, Inc.",,info@panterranworks.com
77803200,REQUEST_FAILED,,,,,
77803237,REQUEST_FAILED,,,,,
77803356,REQUEST_FAILED,,,,,
77803368,REQUEST_FAILED,,,,,
77803362,REQUEST_FAILED,,,,,
77803460,REQUEST_FAILED,,,,,
77803480,REQUEST_FAILED,,,,,
77803557,deadAbandoned,PET ZOO,"Aug. 20, 2010",Lanard Toys Limited,,
77803555,deadAbandoned,IGUN,"Dec. 29, 2010",David Hahn,,aschwartz@schwartzip.com
77803569,deadAbandoned,SOMEWHERE INN THYME,"May 19, 2010",Joshua Spiess,,somewhereinnthyme@gmail.com
77803522,REQUEST_FAILED,,,,,
77803559,REQUEST_FAILED,,,,,
77803666,deadAbandoned,PLAN B,"May 19, 2010",Plan B Disaster Recovery Plc,,ian.daly@planbdr.co.uk
77803658,deadAbandoned,TERRAVITRI,"Jun. 11, 2010",Gregory John Diedrich,,greg@gregdiedrich.com
77803539,REQUEST_FAILED,,,,,
77803673,deadAbandoned,BU$TED,"Sep. 12, 2010",Semi Valley Sound LLC,,bustedweekly@gmail.com
77803699,REQUEST_FAILED,,,,,
77803766,deadAbandoned,RIGHTHOSPITAL,"May 19, 2010",iHealthUS,,vgulati@ihealthus.com
77803799,REQUEST_FAILED,,,,,
77803609,REQUEST_FAILED,,,,,
77803965,deadAbandoned,CELSENSE,"May 19, 2010","CELSENSE, INC.",,
77803998,deadAbandoned,GREENEQUITY,"May 24, 2010",GreenEquity Corporation,,NBivens@MyGreenEquity.com
77804063,REQUEST_FAILED,,,,,
77804292,deadAbandoned,IDA SHAPIRO,"May 19, 2010",Susie Stephen,,
77804194,deadAbandoned,PERFECTANT,"Nov. 08, 2010","JTB INTERNATIONAL ENTERPRISE, LLC",,tami_jtbintl@sbcglobal.net
77804295,deadAbandoned,None,"Nov. 08, 2010","Dowd, Michael K",,ekimdwod@aol.com
77804309,deadAbandoned,WHEELEEZ,"Nov. 08, 2010","Cusick, Daniel R",,cusickdan@hotmail.com
77804392,deadAbandoned,JERSEY SHORE SUMMER LACROSSE LEAGUE WAR AT THE SHORE,"Nov. 08, 2010","Dowd, Michael K.",,ekimdwod@aol.com
77804416,deadAbandoned,JACKPOT SPICES,"May 25, 2010","Stephens, James N",,jamesn.stephens@gmail.com
77804404,REQUEST_FAILED,,,,,
77804099,deadAbandoned,CELSENSE,"May 19, 2010","CELSENSE, INC.",,
77804514,deadAbandoned,PUBLIC PRODUCER,"Nov. 08, 2010",Temme III LLC,,lauren@moviehatch.com
77804528,deadAbandoned,ENAMI,"Nov. 08, 2010",Lindsay M Pastore,,larendt1n031@yahoo.com
77804501,REQUEST_FAILED,,,,,
77804544,deadAbandoned,THE APP FARM,"May 20, 2010","Chawla, Vivek M.",,Vivek@TheAppFarm.com
77804554,deadAbandoned,MUSCLE BODY WEAR ATTITUDE.PASSION.ROMANCE SHOW SOME MUSCLE,"May 21, 2010","Shifflett, Adonis E.",,Adonis.Shifflett@us.army.mil
77804536,deadAbandoned,POCKITPAL READER SERIES,"May 20, 2010",NetAppeal Publishing,,jojoellison@gmail.com
77804685,deadAbandoned,NASHVILLE PULSE,"May 25, 2010","Great Glass Media, LLC",,greatglassmedia@gmail.com
77804740,deadAbandoned,EASYREALTORPRO,"May 24, 2010",Natasudharma,,ignatius@solutionsunited.com
77804739,REQUEST_FAILED,,,,,
77804810,deadAbandoned,CHEAT ON YOUR CIGARETTE,"May 21, 2010","SmokeStik, LTD",,brian@smokestikusa.com
77804824,deadAbandoned,THE FUTURE OF SMOKING,"May 21, 2010","SmokeStik, LTD",,brian@smokestikusa.com
77804839,deadAbandoned,BRAZIL-021 SCHOOL OF JIU-JITSU,"May 19, 2010","Terencio, Andre",,andre@andrenegaobjjclub.com
77804857,deadAbandoned,BRA-021,"Nov. 08, 2010","Terencio, Andre",,andre@andrenegaobjjclub.com
77804861,deadAbandoned,GO SIMPLE,"Nov. 08, 2010","LEONALI, S. de R.L. de C.V.",,usmarca-mrrancho@yahoo.com
77804871,deadAbandoned,BRAZIL-021 SCHOOL OF JIU-JITSU BRA-021,"May 20, 2010","Terencio, Andre",,andre@andrenegaobjjclub.com
77804830,REQUEST_FAILED,,,,,
77804927,REQUEST_FAILED,,,,,
77805002,REQUEST_FAILED,,,,,
77805078,REQUEST_FAILED,,,,,
77805201,deadAbandoned,SOFT SHELL TECHNOLOGY,"May 19, 2010",Paul W. Dvorak,,dvorak@optonline.net
77805308,deadAbandoned,BARNES I NOTES,"Nov. 19, 2010",Barnes Jonathan M.,,JonMBarnes@aol.com
77805131,REQUEST_FAILED,,,,,
77805335,deadAbandoned,ANNA D YEKTAZARIAN,"May 19, 2010",Susie Stephen,,
77805365,deadAbandoned,SOUND COLLEGE,"May 25, 2010",Dameion Hines,,djcheckone@gmail.com
77805326,REQUEST_FAILED,,,,,
77805407,deadAbandoned,PARSPECTUS,"May 18, 2010","Hyland, Richard, S.",,Rick@Hyland.org
77805413,deadAbandoned,BEHOME 24/7,"May 21, 2010","Sun Technologies, LLC,",,puttingg@msn.com
77805398,deadAbandoned,ROLLASOLES,"Jun. 04, 2010","Palmer, Reed P.",,reedpalmer10@gmail.com
77805396,REQUEST_FAILED,,,,,
77805405,REQUEST_FAILED,,,,,
77805449,deadAbandoned,MAKE WEIGHT,"Nov. 08, 2010","COMBAT NUTRITION, INC.",,bvitaman@aol.com
77805340,REQUEST_FAILED,,,,,
77805427,REQUEST_FAILED,,,,,
77805434,REQUEST_FAILED,,,,,
77805476,deadAbandoned,EUROPEAN JOURNAL OF BUSINESS RESEARCH (EJBR),"Jun. 02, 2010",Ravasaheb B. Khade,,Admin@iabe.org
77805478,REQUEST_FAILED,,,,,
77805496,REQUEST_FAILED,,,,,
77805529,deadAbandoned,3DI,"Jun. 02, 2010",Shina Systems L.t.d.,,info@shina-sys.com
77805531,deadAbandoned,WEBER-HYDRAULIC.COM,"Jun. 05, 2010",Franz Weber,,info@franz-weber-hydraulik.de
77805535,deadAbandoned,OMG GIRLZ,"Nov. 29, 2010","Cottle, Tameka",,babiblew@gmail.com
77805549,deadAbandoned,FIVE STAR FITNESS,"May 25, 2010",Five Star Fitness,,chrisforbush@gmail.com
77805532,deadAbandoned,SUREGRIP,"May 21, 2010","LIN, Rocky Yi-Ping",,rocky@shiniest.com.tw
77805568,REQUEST_FAILED,,,,,
77805609,REQUEST_FAILED,,,,,
77805615,REQUEST_FAILED,,,,,
77805629,deadAbandoned,ZAGGLE,"May 25, 2010",Hammons Jesse,,jessehammons@peliom.net
77805636,REQUEST_FAILED,,,,,
77805737,deadAbandoned,BROOKLYN COFFEE ROASTERS,"May 21, 2010",Pablo Rossetti,,rossetti@riox.com
77805758,REQUEST_FAILED,,,,,
77805848,deadAbandoned,AIMÉE,"Jul. 08, 2010","Allen, Aimee",,aimee.a@earthlink.net
77805823,REQUEST_FAILED,,,,,
77805793,deadAbandoned,LA LI B'S,"Jan. 19, 2010",Regina Boone and Daniel Mekasha,,
77805610,REQUEST_FAILED,,,,,
77805870,deadAbandoned,CRADLE CUSHIONING,"Apr. 27, 2010",ACI International,,aliau@aciint.com
77805877,deadAbandoned,BOLTON TOOLS,"May 24, 2010",Bolton Group Inc.,,daniel@boltonhardware.com
77805855,REQUEST_FAILED,,,,,
77805909,deadAbandoned,CRADLE CONSTRUCTION,"Apr. 27, 2010",ACI International,,aliau@aciint.com
77805922,deadAbandoned,CUSHION CRADLE,"Apr. 27, 2010",ACI International,,aliau@aciint.com
77805887,REQUEST_FAILED,,,,,
77806039,deadAbandoned,PERFORMANCE-DRIVEN,"May 24, 2010",Dayforce Corporation,,akenjeev@dayforce.com
77805927,REQUEST_FAILED,,,,,
77805987,REQUEST_FAILED,,,,,
77806091,REQUEST_FAILED,,,,,
77806083,REQUEST_FAILED,,,,,
77806201,REQUEST_FAILED,,,,,
77806283,deadAbandoned,CLEANWHITES,"May 19, 2010",Rauscher Bekke LLC,,cwesch@rauscherbekke.com
77806300,REQUEST_FAILED,,,,,
77806431,REQUEST_FAILED,,,,,
77806466,deadAbandoned,OBAMANATOR,"Mar. 03, 2010",H T L,,mim2383@gmail.com
77806443,REQUEST_FAILED,,,,,
77806193,REQUEST_FAILED,,,,,
77806580,deadAbandoned,ALLIGATOR JAKE,"Nov. 08, 2010","Drinkubator, LLC",,j-c.kleban@insightbb.com
77806734,deadAbandoned,ASTORIA FALLS,"Nov. 08, 2010","Quest, James",,VZENZ46W@VERIZON.NET
77806753,deadAbandoned,CAZARES,"Apr. 06, 2010",Castellanos Baltazar Claudia R,,ccastellanos2000@hotmail.com
77806723,REQUEST_FAILED,,,,,
77806766,REQUEST_FAILED,,,,,
77806834,deadAbandoned,REP THE LOGO CORPORATE PROMOTIONS BY COLLEGE STUDENTS,"Nov. 15, 2010",Rep The Logo LLC,,Scott@RepTheLogo.com
77806504,deadAbandoned,NATURAMEX,"Sep. 13, 2010","GONZÁLEZ OSEGUERA, JOSE ALFREDO",,ivillegas@anki.com.mx
77806909,deadAbandoned,UP 2 U,"May 21, 2010",New West Business Development GmbH,,fusion@newwest.de
77806882,REQUEST_FAILED,,,,,
77806903,REQUEST_FAILED,,,,,
77807046,REQUEST_FAILED,,,,,
77807051,REQUEST_FAILED,,,,,
77807079,deadAbandoned,RESOLUTE INK,"Dec. 16, 2010",Permanent Graphics,,resoluteink@gmail.com
77807113,REQUEST_FAILED,,,,,
77807233,deadAbandoned,SWITCH FRAMES,"May 21, 2010",Digitat Concepts,,richard@digitatconcepts.com
77807061,deadAbandoned,PRINCESS CANOPY BEDS,"Jul. 21, 2010",Joanna Lemus,,sales@princesscanopybeds.com
77807150,REQUEST_FAILED,,,,,
77807294,deadAbandoned,IHE ICON PREMIUM BRAND,"May 20, 2010","Lim, Seun",,Seun@DryAgedDenim.com
77807347,deadAbandoned,YUMMYGIRL,"Nov. 17, 2010",SSG Holdings LLC,,
77807345,deadAbandoned,None,"May 21, 2010",Chandra K. Hamilton,,chandrakh7000@yahoo.com
77807378,deadAbandoned,RETRO DOLL,"Nov. 15, 2010","WOLF,YAAKOV",,jacob@jonathanmartin.com
77807434,deadAbandoned,KARMA BLUE JEANS,"May 25, 2010","STYLE-LAB EXPERIMENT, INC",,BILLKWOK888@YAHOO.COM
77807452,deadAbandoned,ALL GIRLS LIE,"Nov. 08, 2010","STYLE-LAB EXPERIMENT, INC",,BILLKWOK888@YAHOO.COM
77807519,deadAbandoned,WE LIST PROPERLY.,"Dec. 06, 2010","Hawaii Life Real Estate Services, LLC",,brad@hawaiilife.com
77807532,deadAbandoned,DON CARLOS SPORTS,"May 21, 2010",DON CARLOS SPORTS LLC,,arifyasin@yahoo.com
77807563,deadAbandoned,IGROAN,"May 21, 2010","Mobile Apps, LLC",,empireapp@gmail.com
77807528,REQUEST_FAILED,,,,,
77807575,REQUEST_FAILED,,,,,
77807636,REQUEST_FAILED,,,,,
77807785,REQUEST_FAILED,,,,,
77807897,REQUEST_FAILED,,,,,
77807965,REQUEST_FAILED,,,,,
77808111,REQUEST_FAILED,,,,,
77808132,REQUEST_FAILED,,,,,
77808258,deadAbandoned,GLACIA NOVA,"May 25, 2010","Glacia Nova, LLC",,admin@glacianova.com
77808304,deadAbandoned,SCRIBBLES THE COLOR OF FUN,"Jun. 02, 2010","Scribbles, LLC",,dwrape6909@aol.com
77808348,REQUEST_FAILED,,,,,
77808380,REQUEST_FAILED,,,,,
77808412,REQUEST_FAILED,,,,,
77808431,REQUEST_FAILED,,,,,
77808627,REQUEST_FAILED,,,,,
77808648,deadAbandoned,AMP,"Nov. 15, 2010","Discus Dental, LLC",,
77808642,deadAbandoned,SLIPSTREAM THERAPY,"May 25, 2010","Vahla, Eeva",,eevavah@hotmail.com
77808680,deadAbandoned,VIZUAL NOIZE,"Jun. 02, 2010",JEANIUS APPAREL INC.,,
77808707,deadAbandoned,SCHEDULED IN,"Nov. 22, 2010","Scheduledin, LLC",,scheduledin@gmail.com
77808692,deadAbandoned,WYR...?,"May 06, 2010",IMAGINATION HOLDINGS PTY LTD,,amy.richardson@imagination.com.au
77808676,REQUEST_FAILED,,,,,
77808639,REQUEST_FAILED,,,,,
77808716,deadAbandoned,OYAMA NO 1 IN PORTABLE ENERGY SOLUTIONS,"May 26, 2010",LIFE IMPACT ENERGY LTD,,stephane.derrien@life-impact-energy.com
77808738,deadAbandoned,FACT OR CRAP,"May 06, 2010",Imagination Holdings Pty Ltd,,leonie.thomson@imagination.com.au
77808704,REQUEST_FAILED,,,,,
77808868,deadAbandoned,MARISTREAM,"May 26, 2010",Maristream,,srea@maristream.org
77808780,deadAbandoned,"SKIN DEEP FISHING TEAM HIGHLAND BEACH, FL","Dec. 27, 2010","Glanz, Steven M.",,
77808752,REQUEST_FAILED,,,,,
77808872,REQUEST_FAILED,,,,,
77808888,REQUEST_FAILED,,,,,
77808902,REQUEST_FAILED,,,,,
77808992,REQUEST_FAILED,,,,,
77809007,REQUEST_FAILED,,,,,
77809019,REQUEST_FAILED,,,,,
77809052,REQUEST_FAILED,,,,,
77809063,REQUEST_FAILED,,,,,
77809191,deadAbandoned,KOLA SHALER,"Dec. 16, 2010",KOLA SHALER INDUSTRIAL SOCIEDAD ANONIMA,,carazosa@ibw.com.ni
77809201,deadAbandoned,STORMSUIT,"May 21, 2010","Frabill, Inc.",,swendt@frabill.com
77809175,REQUEST_FAILED,,,,,
77809208,REQUEST_FAILED,,,,,
77809313,deadAbandoned,MELODYMAYER,"May 30, 2010","Mayer, Michelle Melody",,melodymayer@gmail.com
77809362,deadAbandoned,CLUB ZERO,"Nov. 01, 2010","Global Financial Solutions, Inc.",,spickett@gbstoday.com
77809370,REQUEST_FAILED,,,,,
77809463,deadAbandoned,DERMAPRIL-SP,"May 19, 2010",Rauscher Bekke LLC,,cwesch@rauscherbekke.com
77809405,deadAbandoned,TOFU PAPER COMPANY,"May 25, 2010",Amanda Sparks,,amanda.sparks.france@gmail.com
77809494,deadAbandoned,"SKIN DEEP FISHING TEAM HIGHLAND BEACH, FL","Dec. 27, 2010","Glanz, Steven M.",,
77809502,deadAbandoned,"SKIN DEEP FISHING TEAM HIGHLAND BEACH, FL","Dec. 27, 2010","Glanz, Steven M.",,
77809376,REQUEST_FAILED,,,,,
77809574,deadAbandoned,APPRAISER NEWS,"Jun. 02, 2010","Appraiser Help, Inc.",,bill@appraiserhelp.com
77809499,REQUEST_FAILED,,,,,
77809591,REQUEST_FAILED,,,,,
77809660,deadAbandoned,MALIBU COMPOST,"May 25, 2010",MALIBU COMPOST LLC,,colum@malibucompost.com
77809624,REQUEST_FAILED,,,,,
77809715,deadAbandoned,RED RIVER RECORDS,"May 28, 2010","Anderson, Kasey",,heartofadog@gmail.com
77809722,deadAbandoned,CHIMNEYBREAD,"Jun. 02, 2010","Kovacs, Bela",,kovacsbela@gmail.com
77809714,deadAbandoned,CLOUDPRINTERS,"Jun. 02, 2010",ColorPlaza,,boudewijnkrijger@colorplaza.nl
77809767,deadAbandoned,NLA,"May 27, 2010","Briggs, Mel",,melbriggs@neverlightagain.com
77809713,deadAbandoned,CONSERVATOR SURVEILLANCE SYSTEM,"May 26, 2010",Maristream,,srea@maristream.org
77809699,REQUEST_FAILED,,,,,
77809845,deadAbandoned,USB PLAYER,"Jun. 10, 2010",Kina Expert i Europa AB,,sthlm0733@gmail.com
77809726,REQUEST_FAILED,,,,,
77809792,deadAbandoned,TATTOO ESSENCE,"Apr. 24, 2010",Moodform,,jmensing@moodform.com
77809790,REQUEST_FAILED,,,,,
77809822,REQUEST_FAILED,,,,,
77809878,deadAbandoned,ITRIV,"Oct. 30, 2010",Type S Design,,itrivapp@gmail.com
77809891,deadAbandoned,SUB-MICRO,"Jun. 02, 2010","Sub-Micro, Inc.",,kenneth.scarberry@sub-micro.com
77809901,REQUEST_FAILED,,,,,
77809909,REQUEST_FAILED,,,,,
77809980,REQUEST_FAILED,,,,,
77809991,REQUEST_FAILED,,,,,
77810098,deadAbandoned,RELEVANT NETWORKING,"Jun. 04, 2010","Flutterstep, Inc.",,mulvihilld@flutterstep.com
77810176,deadAbandoned,INTERPAINT,"May 26, 2010","Bafia, Joseph",,interpaint@gmail.com
77810185,deadAbandoned,LIFE'S A BALL...JUST ADD WATER,"Jun. 02, 2010","Farkas, David Abraham",,davefarkas@adelphia.net
77810087,REQUEST_FAILED,,,,,
77810096,REQUEST_FAILED,,,,,
77810104,REQUEST_FAILED,,,,,
77810164,REQUEST_FAILED,,,,,
77810324,deadAbandoned,THE ARTIST GROUP,"Jul. 14, 2010",The Artist Group Agency,,info@theartistgroup.com
77810384,deadAbandoned,HEAVY GLOW,"May 26, 2010","Mullins, Jared J.",,heavyglowmusic@yahoo.com
77810305,REQUEST_FAILED,,,,,
77810433,deadAbandoned,SOSEN,"Jun. 03, 2010",SOSEN INC,,ceo@sosen.us
77810440,deadAbandoned,CHARISMA MACHINE,"Nov. 15, 2010","Lee, Judson, D.",,judsonlee@ca.rr.com
77810354,REQUEST_FAILED,,,,,
77810386,REQUEST_FAILED,,,,,
77810527,REQUEST_FAILED,,,,,
77810505,REQUEST_FAILED,,,,,
77810556,REQUEST_FAILED,,,,,
77810644,deadAbandoned,EXPRESSO SYSTEMS,"Oct. 16, 2010","Expresso Systems, Inc.",,Bakconsultancy@cfl.rr.com
77810602,REQUEST_FAILED,,,,,
77810635,REQUEST_FAILED,,,,,
77810679,deadAbandoned,BUILD THIS CONSTRUCTION CHALLENGE,"Dec. 13, 2010","Lamoreux, Richard A",,lamoreux123@yahoo.com
77810661,REQUEST_FAILED,,,,,
77810693,deadAbandoned,CONFIDENTIAL IDENTIFICATION NUMBER,"May 19, 2010",Existence Genetics,,info@existencegenetics.com
77810681,REQUEST_FAILED,,,,,
77810685,REQUEST_FAILED,,,,,
77810715,deadAbandoned,THE UNIVERSITY OF TOKYO THE UNIVERSITY OF TOKYO THE TODAI-YALE INITIATIVE FOR JAPANESE STUDIES AND RELATED HUMANITIES AND SOCIAL SCIENCES,"Jun. 10, 2010",THE UNIVERSITY OF TOKYO,,info_global_education@yahoo.com
77810692,REQUEST_FAILED,,,,,
77810739,deadAbandoned,GOLIATH,"May 27, 2010","MOCTEZUMA MORFIN, PEDRO",,pedro@mantequillaweb.com
77810704,REQUEST_FAILED,,,,,
77810724,deadAbandoned,ALL MOUNTAIN ACCESS,"Nov. 15, 2010","All Mountain Access, LLC",,collin@allmtnaccess.org
77810737,REQUEST_FAILED,,,,,
77810779,deadAbandoned,NOTOUCH LOGON,"Jun. 02, 2010",Zeus Data Solutions,,alan.sorkey@zeusdatasolutions.com
77810782,deadAbandoned,PREDICTIVEASSIST,"Nov. 15, 2010",Zeus Data Solutions,,alan.sorkey@zeusdatasolutions.com
77810755,REQUEST_FAILED,,,,,
77810785,deadAbandoned,ZEUS SECURITY SUITE,"Nov. 15, 2010",Zeus Data Solutions,,alan.sorkey@zeusdatasolutions.com
77810789,deadAbandoned,CONSULTVIEW,"Nov. 15, 2010",Zeus Data Solutions,,alan.sorkey@zeusdatasolutions.com
77810762,REQUEST_FAILED,,,,,
77810774,REQUEST_FAILED,,,,,
77810777,REQUEST_FAILED,,,,,
77810843,deadAbandoned,HABITCHANGE COACH,"Jun. 09, 2010","The Habit Change Company, LLC",,info@mindbodyspirit.com
77810841,deadAbandoned,MINDBODYSPIRIT COACH,"Jun. 10, 2010","The Habit Change Company, LLC",,info@mindbodyspiritinc.com
77810846,deadAbandoned,CREAMY CREAM,"May 31, 2010","CUTIGEN, INC.",,ERAYSER@AOL.COM
77810874,deadAbandoned,CBN XXX,"May 28, 2010","Carter, Raushan N",,rfhome@hotmail.com
77810888,deadAbandoned,UBER-ROCK,"Jun. 01, 2010",James Richard Glaser,,
77810898,deadAbandoned,ISSCORE,"Nov. 29, 2010","ISSCore Technology, Inc",,jenniferwu@gorillascience.com
77810903,deadAbandoned,GRIMMOIRE,"May 31, 2010","Gamenauts, Inc,",,stanley@gamenauts.com
77810911,deadAbandoned,CHICKEN CATCHER,"Jun. 04, 2010","hawkins, robert q",,hawkins@newwavecomm.net
77810853,REQUEST_FAILED,,,,,
77810865,REQUEST_FAILED,,,,,
77810904,REQUEST_FAILED,,,,,
77811105,deadAbandoned,MY BEST 77,"Nov. 15, 2010",Wear Golf LLC,,weargolf@gmail.com
77810951,REQUEST_FAILED,,,,,
77811096,deadAbandoned,TWITPIC,"Jan. 22, 2010",ImageShack Corporation,,is-marketing@imageshack.us
77811172,deadAbandoned,LIVING THE WEB,"Nov. 15, 2010","LeapFish, Inc.",,kiersten@dotnextinc.com
77811127,deadAbandoned,HORSE SADDLE SHOP,"Jun. 07, 2010",Horse Saddle Shop,,info@horsesaddleshop.com
77811261,deadAbandoned,ROGUE FILM SCHOOL,"Jun. 02, 2010","Skellig Rock, Inc.",,whstipetic@aol.com
77811155,REQUEST_FAILED,,,,,
77811167,REQUEST_FAILED,,,,,
77811336,deadAbandoned,WANTED PUBLICATIONS,"Jun. 17, 2010",creative sercices management llc,,jslat63@aol.com
77811236,REQUEST_FAILED,,,,,
77811343,deadAbandoned,PRETTY SWEET DESSERTS,"Jun. 10, 2010","Pretty Sweet Desserts, LLC",,lucy@prettysweetdesserts.com
77811280,REQUEST_FAILED,,,,,
77811413,deadAbandoned,THE NATION'S FIRST ENTERTAINMENT ALMANAC!,"Jun. 02, 2010","West, Anthony L",,anthony.west@glancemagazine.com
77811479,deadAbandoned,MY BLUE SOFA,"Nov. 15, 2010","Grasman, Stephen Timothy",,stephen@mybluesofa.com
77811357,REQUEST_FAILED,,,,,
77811484,deadAbandoned,"""CLEANING WITH METICULOUS AND UTMOST CARE""","Jun. 02, 2010",Harrington Wendy M.,,cocacapi@hotmail.com
77811569,deadAbandoned,BARBARASWAY.COM,"Jun. 02, 2010",Barbaras' Way LLC,,david@barbarasway.com
77811670,deadAbandoned,US INVESTMENT HELPLINE,"Jun. 03, 2010","STALEX HOLDINGS, LLC",,
77811639,REQUEST_FAILED,,,,,
77811676,deadAbandoned,VIXEN CURVES,"May 24, 2010","Travis, Krista-Alana",,krista.alana@gmail.com
77811723,deadAbandoned,ZING,"Aug. 23, 2010",American Premier Corporation,,mmapcus@yahoo.com
77811735,deadAbandoned,LAX FOR LIFE,"Nov. 15, 2010",Samuel Leo Pranikoff,,spentrepreneur@gmail.com
77811681,REQUEST_FAILED,,,,,
77811682,REQUEST_FAILED,,,,,
77811764,deadAbandoned,DATECATIONS,"Jun. 04, 2010","Greg Tarczynski, Inc.",,datecations@gmail.com
77811755,deadAbandoned,BE THE DECOY,"May 29, 2010","Renner, Mark Traun",,mark@bethedecoy.com
77811732,REQUEST_FAILED,,,,,
77811786,deadAbandoned,SHOOGER-FREE,"Jun. 08, 2010","Wooten, Patrice, S.",,pswooten@aol.com
77811791,deadAbandoned,DARWIN ISN'T WORKING FAST ENOUGH.,"Nov. 15, 2010","Arnoff, Melissa",,mmaslar@hotmail.com
77811750,REQUEST_FAILED,,,,,
77811805,deadAbandoned,ECO FUR,"May 04, 2010","Kiilunen Manufacturing Group, Inc.",,erik@superiorpolymer.com
77811758,REQUEST_FAILED,,,,,
77811844,deadAbandoned,Z-FLEX,"Sep. 23, 2010","Newtex Industries, Inc.",,jjoliet@newtex.com
77811830,deadAbandoned,K K,"Mar. 29, 2010","McManus, Leon D",,leon_m@ikeepitkool.com
77811769,REQUEST_FAILED,,,,,
77811949,deadAbandoned,OMNIBUILD,"Jun. 02, 2010","Omni Prepaid, LLC",,jason@omniprepaid.com
77811795,REQUEST_FAILED,,,,,
77811962,REQUEST_FAILED,,,,,
77811991,REQUEST_FAILED,,,,,
77812057,REQUEST_FAILED,,,,,
77812130,deadAbandoned,WORKHORSE RAPID HEAT,"Nov. 15, 2010",Carousel Strands,,katie@carouselstrands.com
77812078,REQUEST_FAILED,,,,,
77812109,deadAbandoned,TEK'S POLICE,"Jun. 07, 2010","Marciniak, Tek",,cavalrycop@aol.com
77812098,REQUEST_FAILED,,,,,
77812279,deadAbandoned,EAGLE WINGS AIRLINES,"Jun. 04, 2010",Joseph A Todd,,jatodd@optonline.net
77812269,deadAbandoned,MARXIST VINEYARD,"Nov. 15, 2010",Eric L. Guldalian,,eric.guldalian@gmail.com
77812276,REQUEST_FAILED,,,,,
77812293,REQUEST_FAILED,,,,,
77812430,REQUEST_FAILED,,,,,
77812560,deadAbandoned,"FIBTREASURY-ST ""GREENERIZING THE GLOBE""","Jun. 08, 2010",FIBTreasury Corporation,,dkarvonen@gmail.com
77812551,deadAbandoned,REVITALIZEFFECTS,"Nov. 15, 2010","Quantum, LLC",,drguyer@comcast.net
77812449,REQUEST_FAILED,,,,,
77812508,REQUEST_FAILED,,,,,
77812525,REQUEST_FAILED,,,,,
77812632,deadAbandoned,GREEN WAVE,"Jun. 01, 2010",Sorganics Inc.,,gerry@sorganics.com
77812577,REQUEST_FAILED,,,,,
77812598,REQUEST_FAILED,,,,,
77812689,deadAbandoned,FLIP TOONS,"Sep. 29, 2010","Garcia de Alba Garcin, Sergio",,elsuper@gmail.com
77812622,REQUEST_FAILED,,,,,
77812727,deadAbandoned,DUCHESS OF DECOR,"Nov. 15, 2010","Huff-Hrenya, Shelya",,msshelya@aol.com
77812747,deadAbandoned,CANDY WRAPPER BY TYLER BAILY,"Jun. 24, 2010",Tyler L.Laffitte,,tyler_laffitte@yahoo.com
77812690,REQUEST_FAILED,,,,,
77812746,deadAbandoned,TWIGA,"Nov. 15, 2010",Armando Lanza,,masseriadelduca@alice.it
77812728,REQUEST_FAILED,,,,,
77812744,deadAbandoned,MIAMI KINGS,"Jun. 03, 2010","Bezanilla, Luis",,Miamikings@live.com
77812828,deadAbandoned,CHAUMONT,"Jun. 07, 2010",Daucourt Jean Marc,,jmd@daucopurt.com
77812768,REQUEST_FAILED,,,,,
77812797,REQUEST_FAILED,,,,,
77812830,REQUEST_FAILED,,,,,
77812966,REQUEST_FAILED,,,,,
77812970,REQUEST_FAILED,,,,,
77812993,REQUEST_FAILED,,,,,
77813120,deadAbandoned,BIOMATRIX,"Jun. 03, 2010","BioHealth Diagnostics, Inc.",,cnixon@biodia.com
77813059,deadAbandoned,MARSUPIALS,"Jun. 07, 2010","Loepkey, Pamela A.",,pamlep@aol.com
77813176,deadAbandoned,FLU SHOTZ,"Jun. 09, 2010","Teaching A Love Of Nature, Inc.",,Answers@HerNativeRoots.com
77813064,REQUEST_FAILED,,,,,
77813089,REQUEST_FAILED,,,,,
77813188,deadAbandoned,HYPNOTEYES,"Nov. 22, 2010","Eyelux, LLC",,pk@americanopticalservices.com
77813180,deadAbandoned,NETHARIOUS,"Jun. 02, 2010",Netharious,,zamiel@netharious.com
77813165,REQUEST_FAILED,,,,,
77813191,deadAbandoned,SPATULA SPOONS,"Jun. 02, 2010",François C.Nantel,,francois1@uniserve.com
77813211,REQUEST_FAILED,,,,,
77813216,REQUEST_FAILED,,,,,
77813252,REQUEST_FAILED,,,,,
77813446,deadAbandoned,RSI,"Mar. 10, 2010","REMARKABLE SYSTEMS, INC.",,usgovt@remarkable-systems.com
77813336,REQUEST_FAILED,,,,,
77813476,deadAbandoned,YOUNG IN LOVE,"Nov. 22, 2010","Baldwin Sun, Inc.",,tmregistered@gmail.com
77813362,REQUEST_FAILED,,,,,
77813497,deadAbandoned,ARIGINOL,"Nov. 22, 2010",Ariginol,,billysecord@yahoo.com
77813520,deadAbandoned,EYETONE,"Jun. 04, 2010","Shah, Mayank",,bjornrx.usa@gmail.com
77813606,deadAbandoned,GRACHCHULDZHYAN,"Jun. 02, 2010",STEPHEN VACHAGAN ABED,,
77813491,REQUEST_FAILED,,,,,
77813552,REQUEST_FAILED,,,,,
77813637,deadAbandoned,VARDANUSHCHULDZHYAN,"Jun. 03, 2010","STEPHEN , VACHAGAN ABED",,
77813582,REQUEST_FAILED,,,,,
77813593,REQUEST_FAILED,,,,,
77813784,REQUEST_FAILED,,,,,
77813805,REQUEST_FAILED,,,,,
77814000,REQUEST_FAILED,,,,,
77814105,deadAbandoned,VIA LUCA,"Nov. 15, 2010","Kramar, Jaroslav",,jaroslav@kramar.com
77814008,REQUEST_FAILED,,,,,
77814011,REQUEST_FAILED,,,,,
77814152,deadAbandoned,SIDEVIEW BOOTY,"Nov. 22, 2010","Canyon Trail, LLC",,ken.diller@gmail.com
77814030,REQUEST_FAILED,,,,,
77814041,REQUEST_FAILED,,,,,
77814168,REQUEST_FAILED,,,,,
77814202,REQUEST_FAILED,,,,,
77814390,deadAbandoned,CRUNCHCOS,"Dec. 06, 2010","Crunchco Snacks, LLC",,tom@crunchco.com
77814311,REQUEST_FAILED,,,,,
77814588,deadAbandoned,REVOLUTION 1228,"Jun. 10, 2010",Revolution 1228,,rev1228@yahoo.com
77814331,REQUEST_FAILED,,,,,
77814382,REQUEST_FAILED,,,,,
77814614,REQUEST_FAILED,,,,,
77814609,REQUEST_FAILED,,,,,
77814690,deadAbandoned,ONE LIFE...DIVE IT!,"Nov. 15, 2010","Smith, Michael J.",,jeps001@mac.com
77814777,deadAbandoned,TOVA DAIRY,"Jun. 04, 2010",S B Food sales Corp,,sbfoodsalescorp@gmail.com
77814669,REQUEST_FAILED,,,,,
77814661,REQUEST_FAILED,,,,,
77814704,REQUEST_FAILED,,,,,
77814951,deadAbandoned,SPINISTRY,"Nov. 22, 2010",Kevin A. Lee,,kevsterlee@gmail.com
77814887,REQUEST_FAILED,,,,,
77814905,REQUEST_FAILED,,,,,
77814982,REQUEST_FAILED,,,,,
77815024,REQUEST_FAILED,,,,,
77815030,REQUEST_FAILED,,,,,
77815097,deadAbandoned,TIGER TOWEL,"Feb. 24, 2010","The Systems Group, Inc.",,john@thesystemsgrp.com
77815154,deadAbandoned,VEDA,"Nov. 22, 2010",HICKEY-FISCH,,lyndseybutler@gmail.com
77815085,REQUEST_FAILED,,,,,
77815110,REQUEST_FAILED,,,,,
77815246,deadAbandoned,STILETTO SPY SCHOOL,"Jun. 09, 2010",Stiletto Spy School LLC,,Admin@stilettospyschool.com
77815295,deadAbandoned,REVO,"Nov. 15, 2010","Patel, Atnu",,alexdeanp@aol.com
77815161,REQUEST_FAILED,,,,,
77815334,deadAbandoned,RIVETMARKETING NEW AGE MARKETING FOR SMALL BUSINESS,"Jun. 09, 2010",Sandra L. Trio,,sandratrio247@gmail.com
77815205,deadAbandoned,DUPLEX SCREW,"Jun. 05, 2010",Centerline Innovations LLC,,rconnolly@duplexscrew.com
77815197,REQUEST_FAILED,,,,,
77815398,deadAbandoned,2009 CALVERT BEACH INTERNATIONAL INVITATIONAL CUP GET THERE.,"Jun. 11, 2010",Calvert Beach International Invitational Cup,,jreid@calvertbeachcup.com
77815378,REQUEST_FAILED,,,,,
77815397,REQUEST_FAILED,,,,,
77815384,REQUEST_FAILED,,,,,
77815449,REQUEST_FAILED,,,,,
77815479,REQUEST_FAILED,,,,,
77815629,deadAbandoned,SHAPKA,"Jun. 03, 2010",Shapka Shop,,shapkashop@gmail.com
77815723,deadAbandoned,VITALLEADS,"Jun. 10, 2010",AutoVitals Inc,,support@autovitalsinc.com
77815618,REQUEST_FAILED,,,,,
77815745,REQUEST_FAILED,,,,,
77815782,deadAbandoned,SOWLOVE,"Jun. 11, 2010",John J. Melman,,johnmelman@yahoo.com
77815823,deadAbandoned,PATRIOT FIGHT WEAR,"Dec. 09, 2010","Delta Quest Enterprises, Inc.",,markwilson@deltaquestenterprises.com
77815871,deadAbandoned,ENERGYSTAR SOLAR,"Sep. 14, 2010","Kulik, Martin",,
77815804,REQUEST_FAILED,,,,,
77815879,deadAbandoned,EI,"Jun. 15, 2010","English Intelligence, LLC",,english@englishintelligence.com
77815911,REQUEST_FAILED,,,,,
77815921,REQUEST_FAILED,,,,,
77815855,REQUEST_FAILED,,,,,
77816011,deadAbandoned,CLOUD CLIMB,"Jun. 04, 2010",Dale Financial LLC,,brianfruman@att.net
77815967,REQUEST_FAILED,,,,,
77816043,deadAbandoned,50 WAYS,"Sep. 23, 2010",Ainsworth Game Technology Limited,,tom.davidson@ainsworth.com.au
77816046,deadAbandoned,100 WAYS,"Sep. 23, 2010",Ainsworth Game Technology Limited,,tom.davidson@ainsworth.com.au
77816066,deadAbandoned,ACU-NLP,"Dec. 06, 2010","Barlis, Kalliope",,bigspirit@earthlink.net
77816050,REQUEST_FAILED,,,,,
77816080,deadAbandoned,SILENTIN,"Nov. 22, 2010",Auris Medical Inc.,,tm@aurismedical.com
77816047,deadAbandoned,200 WAYS,"Sep. 23, 2010",Ainsworth Game Technology Limited,,tom.davidson@ainsworth.com.au
77816034,deadAbandoned,SAMBA SEARCH,"Dec. 06, 2010","Silva, Rossae S",,
77816257,REQUEST_FAILED,,,,,
77816384,deadAbandoned,LIVELY,"Sep. 29, 2010",Think Plus International Limited,,thinkplusintern@yahoo.com
77816307,REQUEST_FAILED,,,,,
77816378,deadAbandoned,CHAMELEON,"Jun. 08, 2010",Daniel T. Cordaro,,dtcordaro@gmail.com
77816412,deadAbandoned,CHAMELEON,"Jun. 08, 2010",Daniel T. Cordaro,,dtcordaro@gmail.com
77816451,deadAbandoned,COLOR TOP,"Jun. 11, 2010","Mitchum, Mark V",,signfsh@yahoo.com
77816418,REQUEST_FAILED,,,,,
77816462,REQUEST_FAILED,,,,,
77816569,deadAbandoned,PLANT SODA,"Jun. 09, 2010",International Donut Plant LLC,,lenore.horton@fisherbroyles.com
77816509,REQUEST_FAILED,,,,,
77816586,deadAbandoned,PLANT JUICE,"Jun. 09, 2010",International Donut Plant LLC,,mark@doughnutplant.com
77816430,deadAbandoned,PLANT MILK,"Jun. 09, 2010",International Donut Plant LLC,,mark@doughnutplant.com
77816771,deadAbandoned,PURARIZE,"Nov. 22, 2010",Valerie Holmes,,vholmes2@verizon.net
77816758,REQUEST_FAILED,,,,,
77816797,REQUEST_FAILED,,,,,
77816845,deadAbandoned,SLENDERIZEFFECTS,"May 31, 2010","Quantum, LLC",,drguyer@comcast.net
77816872,deadAbandoned,CELLULAR ENERGY,"Jun. 09, 2010",Carlyle-Lovell Associates Limited,,cbruce@mooreandbruce.com
77816805,REQUEST_FAILED,,,,,
77816917,REQUEST_FAILED,,,,,
77816965,deadAbandoned,"SQUEEZE, DROP, SWIRL","Nov. 29, 2010",Daniel T. Cordaro,,dtcordaro@gmail.com
77816998,deadAbandoned,INSIGHT MARKETING,"Dec. 29, 2010","Cipriano, Rocco",,rockycip@optonline.net
77816933,REQUEST_FAILED,,,,,
77817020,deadAbandoned,R,"Jul. 19, 2010","Hicks, Jeremy L",,jlhicks4925@gmail.com
77817064,deadAbandoned,MYRATHER,"Jun. 08, 2010","Food Fight Friday Productions, LLC",,myrather@gmail.com
77817080,deadAbandoned,TEZ,"Nov. 16, 2010",Recon Oil Industries Pvt. Ltd.,,sudhendu@reconoil.com
77817045,REQUEST_FAILED,,,,,
77817067,REQUEST_FAILED,,,,,
77817077,REQUEST_FAILED,,,,,
77817206,deadAbandoned,MAMMA MIA ON ICE,"Jun. 15, 2010",Sergio Canovas Rivas,,atc2tour@charter.net
77817171,deadAbandoned,MICHAEL FOREVER,"Nov. 19, 2010",Sergio Canovas Rivas,,elang@championsonice.net
77817063,REQUEST_FAILED,,,,,
77817269,deadAbandoned,GOLDSPRING,"Nov. 22, 2010",Yuenli Enterprises Ltd.,,v.brandes@ymail.com
77817261,REQUEST_FAILED,,,,,
77817277,REQUEST_FAILED,,,,,
77817328,deadAbandoned,DONE-FOR-YOU,"Jun. 15, 2010",Investment Property Bargains,,billingonly@investmentpropertybargains.com
77817340,deadAbandoned,VIDEO HEATMAP,"Jun. 08, 2010","Wistia, Inc.",,bruedlinger@wistia.com
77817305,REQUEST_FAILED,,,,,
77817405,deadAbandoned,"JEWELS BY CLAUDIA PLEASING TO EYE, SOOTHING TO THE SOUL","Sep. 12, 2010",Claudia Creates Inc.,,jay@logocare.com
77817374,REQUEST_FAILED,,,,,
77817429,deadAbandoned,BOOMER COMMUNICATIONS,"Jun. 10, 2010",Adam & Brenda Ashpes,,bashpes@me.com
77817502,deadAbandoned,BREAKING THROUGH WALLS,"Nov. 22, 2010","Goss, Dennis M.",,mikeg@breakingthroughwalls.com
77817778,deadAbandoned,CTRUE,"Nov. 29, 2010",Green Millennium Technology,,michal@gmillenniumtech.com
77817660,REQUEST_FAILED,,,,,
77817288,REQUEST_FAILED,,,,,
77817357,REQUEST_FAILED,,,,,
77817822,REQUEST_FAILED,,,,,
77817851,deadAbandoned,"STULL INDUSTRIES, INC.","Jun. 07, 2010","APS Auto Parts Specialist, Inc.",,william@apsautoparts.com
77817415,REQUEST_FAILED,,,,,
77817845,REQUEST_FAILED,,,,,
77817495,REQUEST_FAILED,,,,,
77817950,deadAbandoned,DID YOU SEE THE GAME,"Nov. 22, 2010","Petravicius, Adam V.",,apetrav@yahoo.com
77817937,REQUEST_FAILED,,,,,
77818061,deadAbandoned,SURVIVAL TEE,"Jun. 14, 2010",2012 Pty Ltd,,hjkent@live.com.au
77817990,deadAbandoned,MATRIX,"Nov. 22, 2010",Varujan Gabuchian,,rasputinmail@yahoo.com
77818068,deadAbandoned,TITAN FIGHTING CHAMPIONSHIP,"Jun. 10, 2010",TITAN COMBAT LLC,,TitanMMA@gmail.com
77818257,deadAbandoned,NANOPILOT,"Jun. 09, 2010","Hurtado, Bruce A.",,allenhurtado@aquanomics.com
77818215,REQUEST_FAILED,,,,,
77818140,deadAbandoned,GLOBAL SIGN REFINISHING,"Jun. 09, 2010","Global Sign Restoration, Inc.",,globalsign@verizon.net
77818438,deadAbandoned,SCREAMER BALLISTICS,"Dec. 27, 2010","Suber, Jason Arthur",,suber678@comcast.net
77818408,REQUEST_FAILED,,,,,
77818590,deadAbandoned,SEA KNIGHT,"Nov. 15, 2010",Dalian Huafu LLC,,dlhuafu_us@yahoo.com
77818144,REQUEST_FAILED,,,,,
77818275,REQUEST_FAILED,,,,,
77818269,REQUEST_FAILED,,,,,
77818780,REQUEST_FAILED,,,,,
77818674,REQUEST_FAILED,,,,,
77818992,REQUEST_FAILED,,,,,
77819067,deadAbandoned,LIQUID HQ,"Jun. 08, 2010",SC Liquid HQ SRL,,markhanson@simpology.ro
77819008,REQUEST_FAILED,,,,,
77819062,deadAbandoned,None,"Oct. 28, 2010","Hodge, Andres, D",,andres.hodge12@yahoo.com
77819097,deadAbandoned,SECURE-PAK,"Nov. 29, 2010",International Paper Company,,stephanie.haupt@ipaper.com
77818847,REQUEST_FAILED,,,,,
77819152,REQUEST_FAILED,,,,,
77819227,deadAbandoned,NO ONE CARES,"Oct. 28, 2010",SPARE TIRE SPORTS LLC,,dan.busse@gmail.com
77819192,REQUEST_FAILED,,,,,
77819200,REQUEST_FAILED,,,,,
77819209,REQUEST_FAILED,,,,,
77819246,REQUEST_FAILED,,,,,
77819266,REQUEST_FAILED,,,,,
77819311,REQUEST_FAILED,,,,,
77819415,deadAbandoned,UFC LEAGUE,"Jun. 08, 2010","Morgeson, Jennifer K",,admin@ufcleague.com
77819489,REQUEST_FAILED,,,,,
77819694,deadAbandoned,RISKIQ,"Jan. 26, 2010","HEIT, Inc.",,jaime.banks@goheit.com
77819587,REQUEST_FAILED,,,,,
77819700,deadAbandoned,SWEET TOOTH COMFORT,"Nov. 29, 2010","Viable & Fresh, Inc",,abihadah@rocketmail.com
77819631,REQUEST_FAILED,,,,,
77819891,deadAbandoned,KROME GARAGE,"Jun. 08, 2010","KROME SYSTEMS, LLC",,bgoldstein@newtrierpartners.com
77819915,deadAbandoned,KROME GARAGE,"Jun. 08, 2010","KROME SYSTEMS, LLC",,bgoldstein@newtrierpartners.com
77819926,deadAbandoned,KROME SYSTEMS,"Jun. 08, 2010","KROME SYSTEMS, LLC",,bgoldstein@newtrierpartners.com
77819919,deadAbandoned,KROME SYSTEMS,"Jun. 08, 2010","KROME SYSTEMS, LLC",,bgoldstein@newtrierpartners.com
77819556,deadAbandoned,WEIGHT SMART BLEND,"Sep. 17, 2010","PROSPERITY ORGANIC FOODS, INC.",,
77819812,REQUEST_FAILED,,,,,
77819882,REQUEST_FAILED,,,,,
77819957,deadAbandoned,RENOVATION X,"Jun. 09, 2010","KROME SYSTEMS, LLC",,
77819949,deadAbandoned,RENOVATION XTERIOR,"Jun. 09, 2010","KROME SYSTEMS, LLC",,
77819970,deadAbandoned,RENOVATION EX,"Jun. 09, 2010","KROME SYSTEMS, LLC",,
77819988,deadAbandoned,ORMUS,"Jun. 10, 2010","GOOLSBEE, HENRY ALFRED",,ormus.dna@mac.com
77819971,REQUEST_FAILED,,,,,
77819980,REQUEST_FAILED,,,,,
77819979,REQUEST_FAILED,,,,,
77820010,REQUEST_FAILED,,,,,
77820099,deadAbandoned,FRESH,"Jun. 08, 2010",Kona Connection Corp.,,
77820074,deadAbandoned,GREEN APP STORE,"Jun. 14, 2010",Mary Vincent,,marybvincent@gmail.com
77820101,deadAbandoned,KNOCKOUT WORKOUT,"Jun. 15, 2010",William T. Wilkinson,,willpatent1000@aol.com
77820090,REQUEST_FAILED,,,,,
77820092,REQUEST_FAILED,,,,,
77820175,deadAbandoned,ACTIVERX,"Jun. 15, 2010",Zeus Data Solutions,,alan.sorkey@zeusdatasolutions.com
77820162,deadAbandoned,BETACOFFEE,"Dec. 27, 2010",Maximilien Geiger,,max21ge@hotmail.com
77820104,REQUEST_FAILED,,,,,
77820178,deadAbandoned,TOUCHTHRU CHARTING,"Dec. 06, 2010",Zeus Data Solutions,,alan.sorkey@zeusdatasolutions.com
77820177,deadAbandoned,TOUCHTHRU SELECTION,"Dec. 06, 2010",Zeus Data Solutions,,alan.sorkey@zeusdatasolutions.com
77820176,deadAbandoned,TOUCHTHRU,"Dec. 06, 2010",Zeus Data Solutions,,alan.sorkey@zeusdatasolutions.com
77820198,REQUEST_FAILED,,,,,
77820249,REQUEST_FAILED,,,,,
77820338,REQUEST_FAILED,,,,,
77820400,REQUEST_FAILED,,,,,
77820406,REQUEST_FAILED,,,,,
77820449,deadAbandoned,WILLY TAB,"Dec. 13, 2010",Willy Beauton LLC,,schaubm@sbcglobal.net
77820452,deadAbandoned,STEPPIN OUT IN STYLE,"Jun. 09, 2010","SEWARD, LASHAWN",,lashawnseward@gmail.com
77820487,deadAbandoned,PIEZOQUIET,"Nov. 29, 2010","Advanced Cerametrics, Inc.",,farhad.mohammadi@acitek.com
77820437,REQUEST_FAILED,,,,,
77820582,REQUEST_FAILED,,,,,
77820609,REQUEST_FAILED,,,,,
77820624,REQUEST_FAILED,,,,,
77820878,deadAbandoned,STERALITE,"Jul. 06, 2010",joseph e weidenhamer,,joeweid2@comcast.net
77820807,REQUEST_FAILED,,,,,
77820937,deadAbandoned,ORGANIC MATTRESS CENTER,"Jun. 14, 2010",Organic Mattress Center,,info@organicmattresscenter.com
77820986,deadAbandoned,3D FETISH,"Jun. 14, 2010","The Broken Door, LLC",,
77820921,REQUEST_FAILED,,,,,
77820982,REQUEST_FAILED,,,,,
77821003,REQUEST_FAILED,,,,,
77821054,deadAbandoned,OK AMMO,"Jun. 10, 2010",CD Hill LLC,,dustyhill@gmail.com
77821062,deadAbandoned,HATRIOT,"Nov. 29, 2010","Harrington, Marie Therese",,mharrington@binarylabs.com
77821089,deadAbandoned,SURVIVAL T,"Jun. 14, 2010",2012 Pty Ltd,,hjkent@live.com.au
77821101,deadAbandoned,"CAPE DREAMS OUR VINES ARE CULTIVATED DEEP WITHIN THE HEART OF THE FAMED CAPE WINELANDS, BLESSED BY THE MAJESTIC MOUNTAINS AND ENDLESS VALLEYS OF GREAT SPLENDOR. AMIDST THIS NATURAL BEAUTY, THE REAPING OF EVERY HARVEST IS A CELEBRATION BY THE DIVERSE COMMUNITIES VIBRANT WITH TALENTED YOUTH WHOSE ASPIRATIONS ARE UNREALIZED DUE TO THE LACK OF BASIC RESOURCES. CAPE DREAM IS COMMITTED TO THE SUPPORT AND NURTURING OF THESE UNIQUE SKILLS, VIA NETWORKS OF COMMUNITY BASED PROGRAMS. MANY LIVES WILL BE ENRICHED AND MANY DREAMS WILL BE FULFILLED. THIS IS OUR DREAM.","Jun. 15, 2010",Croft Sales and Rentals cc,,croftsales@telkomsa.net
77821073,REQUEST_FAILED,,,,,
77821086,REQUEST_FAILED,,,,,
77821157,deadAbandoned,NORTH FORK,"Jun. 14, 2010","WATERSHED, INC",,LUKE.ATWOO@ANATWOODCOMPANY.COM
77821154,REQUEST_FAILED,,,,,
77821192,deadAbandoned,3D PORN,"Jun. 14, 2010","The Broken Door, LLC",,
77821193,deadAbandoned,GIVE YOUR PRESENT A FUTURE,"Jun. 16, 2010",Lori Alsenih,,evergivingbox@yahoo.com
77821198,deadAbandoned,MIRNAMU,"Jun. 16, 2010","MIRNAMU, INC",,help@mirnamu.net
77821191,deadAbandoned,EVER GIVING BOX,"Jun. 16, 2010",Ever Giving Box,,evergivingbox@yahoo.com
77821189,REQUEST_FAILED,,,,,
77821219,deadAbandoned,PHOENIX,"Sep. 15, 2010",AXXANA (Israel) Ltd,,
77821222,deadAbandoned,REAL.LIFE.EXCHANGE.,"Jun. 10, 2010","Life Settlement Services, LLC",,adam@lifesettlementservices.com
77821215,deadAbandoned,IMSM,"Jun. 10, 2010",International Management Systems Marketing Ltd,,owenwright@imsm.com
77821213,deadAbandoned,BEOND,"Nov. 29, 2010",BioAsia Ltd.,,arvind@urmatt.com
77821227,deadAbandoned,JOHNSON,"Jun. 14, 2010",Sergio Esteban Pusterla,,pusterla@arnet.com.ar
77821234,deadAbandoned,TEROCAPS,"Nov. 29, 2010",MARIO LAZCANO TORRES,,mariolt2007@gmail.com
77821230,REQUEST_FAILED,,,,,
77821233,REQUEST_FAILED,,,,,
77821334,deadAbandoned,MOD POTTER,"Nov. 29, 2010","Kanabe, Amanda W.",,amanda@themodpotter.com
77821326,deadAbandoned,DUBICAST,"Nov. 29, 2010","Chang, George",,records@dubicast.com
77821307,REQUEST_FAILED,,,,,
77821358,deadAbandoned,DP MARTIAL ARTS ACADEMY,"Jun. 16, 2010","Bai's Karate School of Washington Twp, Inc.",,silvertone@ureach.com
77821324,REQUEST_FAILED,,,,,
77821375,deadAbandoned,CLINCHIT,"Nov. 29, 2010","derksen, cornelis h",,chderksen@vodamail.co.za
77821453,deadAbandoned,DANE ASTON URBAN BARBER,"Dec. 06, 2010","Easton, John D.",,daneaston@mac.com
77821363,REQUEST_FAILED,,,,,
77821465,deadAbandoned,None,"Jun. 10, 2010","A Simple Reminder, LLC.",,info@asimplereminder.com
77821528,deadAbandoned,BREAKFAST CLUB,"Dec. 27, 2010","Breakfast Club Culture Brand, LLC",,
77821470,REQUEST_FAILED,,,,,
77821501,REQUEST_FAILED,,,,,
77821631,REQUEST_FAILED,,,,,
77821646,REQUEST_FAILED,,,,,
77821655,REQUEST_FAILED,,,,,
77821723,REQUEST_FAILED,,,,,
77821770,deadAbandoned,ABSOLUTELY YOU...DEFINITELY NOW,"Jun. 10, 2010","Shamash Group, LLC",,mrshamash@aol.com
77821820,deadAbandoned,MOM POMS,"Jun. 10, 2010","LOADER, JULIA L",,julia.loader@yahoo.com
77821802,REQUEST_FAILED,,,,,
77821969,deadAbandoned,"""COVERING ALL THE BASES OF ILLINOIS BASEBALL""","Jun. 10, 2010",Prep Baseball Report LLC,,duncan@prepbaseballreport.com
77821863,deadAbandoned,FREE SPEAKER MATCH.COM,"Jun. 14, 2010","Priority Living Systems, Inc",,Mandy@mandybass.com
77821973,deadAbandoned,"""COVERING ALL THE BASES OF INDIANA BASEBALL""","Jun. 10, 2010",Prep Baseball Report LLC,,duncan@prepbaseballreport.com
77821943,deadAbandoned,PROSPECT MENTORING PROGRAM,"Jun. 10, 2010",Prep Baseball Report LLC,,duncan@prepbaseballreport.com
77821876,REQUEST_FAILED,,,,,
77821900,REQUEST_FAILED,,,,,
77822033,REQUEST_FAILED,,,,,
77822051,REQUEST_FAILED,,,,,
77822169,REQUEST_FAILED,,,,,
77822189,REQUEST_FAILED,,,,,
77822231,REQUEST_FAILED,,,,,
77822245,deadAbandoned,GOLFO DE CALIFORNIA,"Jun. 18, 2010","Productos Pesqueros de Guaymas, S.A. DE C.V.",,cthomae@jcva.com.mx
77822336,deadAbandoned,JOLT EV,"Oct. 26, 2010","Shenzhen GreenWheel Electric Vehicle Co., Limited",,monicawoous@gmail.com
77822257,REQUEST_FAILED,,,,,
77822342,deadAbandoned,13TH HOUR FILMS,"Jun. 14, 2010",Jason T Davis,,hannabaldoom@yahoo.com
77822278,REQUEST_FAILED,,,,,
77822425,deadAbandoned,PIEZOSILENT,"Nov. 29, 2010","Advanced Cerametrics, Inc.",,farhad.mohammadi@acitek.com
77822441,deadAbandoned,GAGA,"Dec. 01, 2010",Modit Footwear Corp.,,cristoisland@hotmail.com
77822499,deadAbandoned,RESEARCHGENIE,"Nov. 29, 2010","Hull, William James",,willjhull@yahoo.com
77822451,REQUEST_FAILED,,,,,
77822506,deadAbandoned,DENIAL,"Dec. 06, 2010","T.S.F. Wholesale and T-Shirt Printing, LLC",,
77822452,REQUEST_FAILED,,,,,
77822516,deadAbandoned,RAGS 2 RICHES,"Nov. 29, 2010","T.S.F. Wholesale and T-Shirt Printing, LLC",,
77822528,REQUEST_FAILED,,,,,
77822534,REQUEST_FAILED,,,,,
77822580,REQUEST_FAILED,,,,,
77822617,REQUEST_FAILED,,,,,
77822753,REQUEST_FAILED,,,,,
77822779,REQUEST_FAILED,,,,,
77822803,REQUEST_FAILED,,,,,
77822954,deadAbandoned,WENWER,"Jun. 11, 2010","Wannapira, Jirayu",,jirayuw@gmail.com
77822884,REQUEST_FAILED,,,,,
77822906,REQUEST_FAILED,,,,,
77822958,REQUEST_FAILED,,,,,
77823126,deadAbandoned,BEERMUDA TRIANGLE,"Dec. 13, 2010","Taubman, Allyson",,m.allyson@gmail.com
77823172,REQUEST_FAILED,,,,,
77823218,REQUEST_FAILED,,,,,
77823220,REQUEST_FAILED,,,,,
77823319,deadAbandoned,HSL RELEASE,"Jun. 11, 2010","Ashworth, Lance D",,medlaw100@hotmail.com
77823242,REQUEST_FAILED,,,,,
77823304,deadAbandoned,ABQ WWW.ABQLIVING.COM,"Jun. 16, 2010",ABQ Living Inc,,jay@logocare.com
77823356,deadAbandoned,HONEYADE,"Jun. 17, 2010","Heller, Leigh M.",,LMH114@gmail.com
77823381,deadAbandoned,PEAKABOU,"Oct. 15, 2010","Peakabou, Inc.",,johnwong25@hotmail.com
77823334,REQUEST_FAILED,,,,,
77823367,REQUEST_FAILED,,,,,
77823373,REQUEST_FAILED,,,,,
77823404,REQUEST_FAILED,,,,,
77823547,deadAbandoned,FUSION,"Nov. 29, 2010",eclipsemed global inc,,ronenz@eclipsemed.com
77823523,REQUEST_FAILED,,,,,
77823598,deadAbandoned,SWASTIK,"Jun. 18, 2010",BRIJESH SHARMA,,sidsbrijesh@gmail.com
77823606,deadAbandoned,DIYA,"Jun. 18, 2010",Brijesh Sharma,,sidsltd@aol.com
77823593,REQUEST_FAILED,,,,,
77823599,REQUEST_FAILED,,,,,
77823634,deadAbandoned,FILLING STATION COMPANY,"Jun. 18, 2010","Snackshop, LLC",,dov62@hotmail.com
77823601,REQUEST_FAILED,,,,,
77823682,deadAbandoned,PEANUTS COLLECTOR CLUB,"Jun. 18, 2010",Peanuts Collector Club,,kmagrane2@optonline.net
77823621,deadAbandoned,MODERAXL,"Nov. 29, 2010","Medical Life Solutions, LLC",,dave@stem120.com
77823674,REQUEST_FAILED,,,,,
77823687,REQUEST_FAILED,,,,,
77823731,REQUEST_FAILED,,,,,
77823905,deadAbandoned,EQUINOX,"Nov. 29, 2010",eclipsemed global inc,,ronenz@eclipsemed.com
77823860,REQUEST_FAILED,,,,,
77824003,deadAbandoned,NORTHFORK,"Jun. 10, 2010","WATERSHED, INC.",,luke.atwood@anatwoodcompany.com
77823923,deadAbandoned,"INSURANCE FOR STUDENTS, INC.","Jun. 07, 2010","White, Pat Wilson",,pwhite@insuranceforstudents.com
77824084,deadAbandoned,DRY CREEK,"Jun. 10, 2010","WATERSHED, INC.",,luke.atwood@anatwoodcompany.com
77824022,deadAbandoned,WORLD ENERGY PARK,"Jun. 16, 2010","Farley, Brian P",,BFarley@StarpointSolar.com
77824038,REQUEST_FAILED,,,,,
77824218,deadAbandoned,WEBSHOPMANAGER,"Sep. 22, 2010","Web Design Solutions, Inc.",,info@webshopmanager.com
77824209,REQUEST_FAILED,,,,,
77824269,deadAbandoned,MOBILE APPLICATION WRITERS GUILD OF AMERICA,"Jun. 16, 2010",Underground Applications LLC,,nda713@gmail.com
77824238,REQUEST_FAILED,,,,,
77824290,deadAbandoned,INTERNATIONAL MOBILE APPLICATION WRITERS GUILD,"Jun. 16, 2010",Underground Applications LLC,,nda713@gmail.com
77824293,deadAbandoned,RAD-BADGE,"Jun. 14, 2010","IC CARE, Inc",,maurerpr@hotmail.com
77824133,REQUEST_FAILED,,,,,
77824317,REQUEST_FAILED,,,,,
77824354,REQUEST_FAILED,,,,,
77824385,deadAbandoned,RAWHIDE DISTRIBUTORS,"Oct. 25, 2010","Rawhide Distributors, Inc.",,sales@rawhidedistributors.com
77824443,deadAbandoned,CATALYST AVIATION,"Jun. 20, 2010",Catalyst Aviation,,dmozitis@aol.com
77824366,REQUEST_FAILED,,,,,
77824471,deadAbandoned,BOOKLET,"May 04, 2010","Dobey, Jean Ourega",,jdobey@shopmedia.com
77824453,deadAbandoned,HEAL INKED,"Dec. 13, 2010",Rawpoint Ltd,,brian@briansmithies.com
77824522,REQUEST_FAILED,,,,,
77824588,REQUEST_FAILED,,,,,
77824590,REQUEST_FAILED,,,,,
77824632,REQUEST_FAILED,,,,,
77824657,REQUEST_FAILED,,,,,
77824662,REQUEST_FAILED,,,,,
77824809,deadAbandoned,GOODBYE 2 COFFEE ORGANIC STIMULATING HERBS,"Jun. 14, 2010",Fit 2 Fashion Inc.,,ag6758@gmail.com
77824682,REQUEST_FAILED,,,,,
77824759,REQUEST_FAILED,,,,,
77824993,REQUEST_FAILED,,,,,
77825111,deadAbandoned,ONELESS ACT,"Nov. 29, 2010","Tor, Yarranakara Tom",,tom@tomtor.com
77825205,deadAbandoned,DJ NIGHTS,"Dec. 06, 2010",Daccord Music Software LTDA,,americo@daccord.com.br
77825057,REQUEST_FAILED,,,,,
77825297,deadAbandoned,CRYSTAL CRETE,"Jun. 17, 2010",Bryan J. Gauthier,,bryan@betterpaths.com
77825184,REQUEST_FAILED,,,,,
77825340,deadAbandoned,SAFETY-EASE,"Dec. 06, 2010",Key Line Distribution Corp,,richard@safety-ease.com
77825334,deadAbandoned,THE PURITY & POWER GENERATION,"Dec. 20, 2010","Power Showcase, Inc.",,powershowcase@att.net
77825296,REQUEST_FAILED,,,,,
77825370,deadAbandoned,H-2B ROCKET,"Dec. 06, 2010","Sugawara, Bonnie",,GlobalH2Synergy@aol.com
77825372,deadAbandoned,ALLTELECO,"Jun. 24, 2010",FANG BAO AN,,tony_fangba@hotmail.com
77825362,REQUEST_FAILED,,,,,
77825418,deadAbandoned,ECOLIFE,"Dec. 06, 2010","Rescue Planet Products, LLC",,ashkangh@sbcglobal.net
77825366,REQUEST_FAILED,,,,,
77825375,REQUEST_FAILED,,,,,
77825391,REQUEST_FAILED,,,,,
77825471,deadAbandoned,UNSANCTIONED,"Dec. 13, 2010","Tracer Industries, LLC",,quintonstephenson@yahoo.com
77825427,REQUEST_FAILED,,,,,
77825442,deadAbandoned,UNSANCTIONED RECORDS,"Dec. 13, 2010","Tracer Industries, LLC",,quintonstephenson@yahoo.com
77825478,deadAbandoned,CHARM'S GALLERIE,"Jun. 15, 2010",WORLD'S CHARM GALLERIE INC,,mcjweinat@yahoo.com
77825485,deadAbandoned,COASTAL SEAL EXPERIENCE COUNTS,"Dec. 06, 2010",Richard C Thomas,,silverbronco76@aol.com
77825480,REQUEST_FAILED,,,,,
77825498,REQUEST_FAILED,,,,,
77825497,REQUEST_FAILED,,,,,
77825542,deadAbandoned,FR,"Dec. 02, 2010",Block R Michael,,michaelr.block@hotmail.com
77825563,deadAbandoned,WILD TREK,"Apr. 21, 2010","KENDA RUBBER IND. CO., LTD.",,gtptf@ms43.hinet.net
77825548,deadAbandoned,HANDS-ON MATH,"Jun. 16, 2010","Kids At Large, LLC",,anca.ivan@kidsatlarge.com
77825536,REQUEST_FAILED,,,,,
77825558,deadAbandoned,APPCOMMANDER,"Jun. 22, 2010",AppCommander LLC,,rmschn@gmail.com
77825582,REQUEST_FAILED,,,,,
77825603,REQUEST_FAILED,,,,,
77825628,REQUEST_FAILED,,,,,
77825672,REQUEST_FAILED,,,,,
77825698,REQUEST_FAILED,,,,,
77825960,deadAbandoned,VIPER PRODUCTIONS,"Jun. 21, 2010","Viper Productions, LLC",,
77825787,REQUEST_FAILED,,,,,
77825990,deadAbandoned,MEDIFRONT,"Dec. 13, 2010",Edy's Telco Inc,,edyuribe2000@hotmail.com
77825908,deadAbandoned,CHAMBERMAIL,"Jun. 17, 2010",Chamber Member Services LLC,,donn@chambermemberservices.com
77825805,REQUEST_FAILED,,,,,
77826026,deadAbandoned,DEADZONE MAGAZINE,"Dec. 13, 2010","Viper Productions, LLC",,
77826003,deadAbandoned,PEACEXISTS,"Jun. 15, 2010","Dolgen, Jack Selig",,jack@jackdolgen.com
77826068,deadAbandoned,B U-TRUE GLOW,"Oct. 13, 2010","McGee, Julie M.",,juliemmcgee@yahoo.com
77826023,REQUEST_FAILED,,,,,
77826048,REQUEST_FAILED,,,,,
77826161,REQUEST_FAILED,,,,,
77826275,deadAbandoned,ULTRA FITNESS EQUIPMENT ULTRAJUMPERS,"Jun. 17, 2010",ULTRA FITNESS EQUIPMENT INC,,GREG@ULTRAEQUIPMENT.COM
77826193,REQUEST_FAILED,,,,,
77826184,REQUEST_FAILED,,,,,
77826315,deadAbandoned,CASHMERE ADVANCED SUN DEFENSE,"Jun. 15, 2010",Sunday Riley,,sriley@sundayriley.com
77826310,deadAbandoned,FLU & COLD EZ,"Jun. 15, 2010","Total Health Advanced Nutrition, Inc",,ddtot@yahoo.com
77826282,REQUEST_FAILED,,,,,
77826314,deadAbandoned,RESOLUTION 2010 CLEAN HOUSE,"Jun. 15, 2010","Meara, Margaret M",,mmmeara@aol.com
77826354,deadAbandoned,A SWEET LIFE,"Aug. 27, 2010",TGA Media Inc.,,Michael.aviad@asweetlife.org
77826342,REQUEST_FAILED,,,,,
77826484,deadAbandoned,MOUNTAIN2POINTO.COM,"Jun. 15, 2010","Walby, Kyle, T",,kylenpk@dishmail.net
77826365,REQUEST_FAILED,,,,,
77826430,REQUEST_FAILED,,,,,
77826436,REQUEST_FAILED,,,,,
77826489,REQUEST_FAILED,,,,,
77826586,deadAbandoned,SOCIAL MEDIA ANALYTICS,"Jun. 17, 2010","Lee, Philip A",,philip.a.lee@gmail.com
77826618,deadAbandoned,RUSSIAN TRAINS,"Jun. 24, 2010",TravelAllRussia LLC,,natalia@travelallrussia.com
77826642,deadAbandoned,PUBLIC SALON,"Jun. 21, 2010","Hanson, Craig E.",,craig.hanson@mac.com
77826677,deadAbandoned,PARISIAN LIQUEUR,"Jun. 09, 2010",DAUCOURT Jean Marc,,jmd@daucourt.com
77826679,deadAbandoned,MEDIATRADER,"Jul. 14, 2010",Three Village Data Logistics LLC,,jesse@3vdata.com
77826635,REQUEST_FAILED,,,,,
77826793,deadAbandoned,HYBRID CUSHIONING SYSTEM,"Apr. 27, 2010",ACI International,,aliau@aciint.com
77826766,REQUEST_FAILED,,,,,
77826870,deadAbandoned,BODYLITE,"Dec. 06, 2010","Bays, David S",,david@bodyliteusa.com
77826891,deadAbandoned,SCURVY DAWG,"Dec. 06, 2010","Catalano, Dan",,ashley@avasawebdesign.com
77826913,REQUEST_FAILED,,,,,
77826986,deadAbandoned,NETWORK SECURITY SPECIALISTS,"Jun. 23, 2010",Network Security Specialists,,wiltond@netsecspec.com
77826921,REQUEST_FAILED,,,,,
77826964,REQUEST_FAILED,,,,,
77827084,deadAbandoned,AQUAPONICA,"Dec. 06, 2010",Marc Alt,,marcalt@gmail.com
77826979,REQUEST_FAILED,,,,,
77827165,deadAbandoned,MORRY'S,"Jun. 17, 2010","JAHARADO ENTERPRISES, INC.",,ran714@yahoo.com
77827203,deadAbandoned,MORRY'S EST. 1938,"Jun. 22, 2010","JAHARADO ENTERPRISES, INC",,ran714@yahoo.com
77827003,REQUEST_FAILED,,,,,
77827233,deadAbandoned,CHILD SAFETY IN THE PALM OF YOUR HAND,"Sep. 30, 2010",Amber Ready Inc.,,vicki.dill@amberready.com
77827121,REQUEST_FAILED,,,,,
77827226,REQUEST_FAILED,,,,,
77827238,REQUEST_FAILED,,,,,
77827240,REQUEST_FAILED,,,,,
77827283,deadAbandoned,VISIONONE EYE CENTER,"Jun. 15, 2010","Blankenship, Thomas Andrew",,andrew1518@gmail.com
77827257,REQUEST_FAILED,,,,,
77827293,deadAbandoned,BONJOUR PIERRE,"Jun. 20, 2010",Bonjour Pierre,,pat@bonjr.com
77827267,REQUEST_FAILED,,,,,
77827363,deadAbandoned,RHYTHMS & CASH,"Dec. 13, 2010",Kenyon Marquett Underwood,,underwood619@sbcglobal.net
77827323,deadAbandoned,TAKE BACK THE RAINBOW! TAKE THE RAINBOW BACK!,"Jun. 04, 2010",Jose David Bravo,,godsrealtruth@aol.com
77827337,deadAbandoned,NOW PAY,"Jun. 16, 2010","NowLegal.com, Inc.",,
77827292,REQUEST_FAILED,,,,,
77827418,deadAbandoned,JOHNSON OUTBOARDS,"Jun. 14, 2010",Sergio Esteban Pusterla,,pusterla@arnet.com.ar
77827382,deadAbandoned,E J C,"May 06, 2010",Bodegas y Viñedos Santos J. Carelli S.A.,,ecarelli@bodegacarelli.com.ar
77827380,REQUEST_FAILED,,,,,
77827494,deadAbandoned,CALLSPARK,"Dec. 06, 2010","CALLSPARK, INC.",,
77827476,deadAbandoned,CALLSPARK,"Dec. 06, 2010","CALLSPARK, INC.",,
77827501,deadAbandoned,CALLSPARK!,"Dec. 06, 2010","CALLSPARK, INC.",,
77827395,REQUEST_FAILED,,,,,
77827498,deadAbandoned,CALLSPARK!,"Dec. 06, 2010","CALLSPARK, INC.",,
77827509,deadAbandoned,RINGPAGES,"Dec. 13, 2010","CALLSPARK, INC.",,
77827507,deadAbandoned,CALLSPARK!,"Dec. 06, 2010","CALLSPARK, INC.",,
77827463,REQUEST_FAILED,,,,,
77827504,REQUEST_FAILED,,,,,
77827587,REQUEST_FAILED,,,,,
77827624,REQUEST_FAILED,,,,,
77827774,deadAbandoned,ULTRALINA,"Dec. 06, 2010","Roeder, Joe D",,Joe@ultralina.com
77827770,REQUEST_FAILED,,,,,
77827785,REQUEST_FAILED,,,,,
77827932,deadAbandoned,URBAN CASUAL,"Jun. 17, 2010",Smith Allen Michael,,mr.smith@urbancasualfashions.com
77827904,REQUEST_FAILED,,,,,
77827937,deadAbandoned,LEASE WITH EQUITY,"May 24, 2010",GreenEquity Corporation,,NBivens@MyGreenEquity.com
77827912,REQUEST_FAILED,,,,,
77828023,deadAbandoned,SOOLIS.COM,"Jul. 01, 2010",Tri Health,,tsebold@soolis.com
77827989,deadAbandoned,DRAIN-TRACK,"Jun. 23, 2010",California Expanded Metal Products Company,,sfarkas@cemcosteel.com
77828082,deadAbandoned,BDIFFERENT,"Jun. 16, 2010","Nelson,Leathia S",,leathianelson06@yahoo.com
77828075,deadAbandoned,RETIREMENT RESCUE,"Jun. 16, 2010","RRG Insurance Services, Inc.",,ray@rfolmo.com
77828063,REQUEST_FAILED,,,,,
77828160,deadAbandoned,SIGNATURE AMERICA,"Jun. 22, 2010","Kalra, Paul D",,paul@kalra.org
77828119,REQUEST_FAILED,,,,,
77828223,deadAbandoned,CRYSTAL CLEAR OPTICS,"Jun. 16, 2010","Lum, Michael L",,lumikee@gmail.com
77828253,deadAbandoned,SUPER GAME,"Sep. 23, 2010",Ainsworth Game Technology Limited,,tom.davidson@ainsworth.com.au
77828272,deadAbandoned,PRAY FORWARD,"Jun. 16, 2010","Pray Forward, LLC",,jweber5@aol.com
77828237,deadAbandoned,SAFETYQ,"Dec. 13, 2010","Lodde, Francois G.",,flodde@lokae.com
77828238,REQUEST_FAILED,,,,,
77828279,REQUEST_FAILED,,,,,
77828286,REQUEST_FAILED,,,,,
77828322,deadAbandoned,VIA REGINA,"Jun. 17, 2010",Jaroslav Kramar,,jaroslav@kramar.com
77828311,deadAbandoned,VIA LIDO,"Jun. 17, 2010",Jaroslav Kramar,,jaroslav@kramar.com
77828357,deadAbandoned,ISIGN,"Dec. 27, 2010",Carey S. Callahan,,carey@tradeshowdigitalmedia.com
77828336,REQUEST_FAILED,,,,,
77828471,deadAbandoned,TAKING THE STING OUT OF SHOTS,"Jun. 18, 2010",MMJ Labs LLC,,lhansen@mmjlabs.com
77828468,deadAbandoned,LOGIK,"Jun. 18, 2010",Ski Logik LLC,,mazz@skilogik.com
77828474,deadAbandoned,COLOR DRILL,"Jun. 14, 2010","Mitchum, Mark V",,signfsh@yahoo.com
77828392,REQUEST_FAILED,,,,,
77828504,deadAbandoned,WHOLLY KNIT,"Oct. 18, 2010","Crohn, Lisa M.",,whollyknit@yahoo.com
77828544,REQUEST_FAILED,,,,,
77828560,REQUEST_FAILED,,,,,
77828570,REQUEST_FAILED,,,,,
77828673,deadAbandoned,WISEY,"Dec. 13, 2010",Orly Simhony,,
77828604,REQUEST_FAILED,,,,,
77828728,deadAbandoned,HOGCOOLER,"Nov. 16, 2010",Clayton Edward Hodgson,,Clayton@hogcooler.com
77828824,deadAbandoned,STATESARENA,"Jun. 24, 2010",Universal Arena (UK) Limited,,fahim.nizam@universalarenaltd.co.uk
77828783,deadAbandoned,NEUTRON,"Aug. 16, 2010",Two Feet Up Inc.,,kelly@jmkforu.com
77828658,REQUEST_FAILED,,,,,
77828679,REQUEST_FAILED,,,,,
77828684,REQUEST_FAILED,,,,,
77828919,deadAbandoned,MR BRANNIGAN,"Jun. 24, 2010",Portsmouth Orchard Ltd,,payroll@branniganshearing.co.nz
77828827,REQUEST_FAILED,,,,,
77828866,REQUEST_FAILED,,,,,
77828945,REQUEST_FAILED,,,,,
77828967,REQUEST_FAILED,,,,,
77829030,REQUEST_FAILED,,,,,
77829258,REQUEST_FAILED,,,,,
77829332,deadAbandoned,EL TINIEBLO CONT. NETO 750ML MEZCAL JOVEN 100% AGAVE,"Jun. 19, 2010",Comercializadora de Plasticos Plastired SA de CV,,evallecia@gmail.com
77829366,deadAbandoned,SPORT ENDURANCE,"Jun. 18, 2010",SPORT ENDURANCE,,robert@sebev.net
77829322,REQUEST_FAILED,,,,,
77829350,REQUEST_FAILED,,,,,
77829396,deadAbandoned,ARIDOM,"Dec. 13, 2010",Arihant Domestic Appliances Limited,,harpreet@jotwani.com
77829394,deadAbandoned,FAK,"Oct. 07, 2010",USA MORGAN PRECISION BEARINGS LLC,,
77829385,REQUEST_FAILED,,,,,
77829393,REQUEST_FAILED,,,,,
77829511,deadAbandoned,MUSIC IS LOVE. SHARE IT.,"Dec. 13, 2010",Fairwave Media,,ajani@fairwavemedia.com
77829516,deadAbandoned,DOCTOR E AND THE VOODOO KINGS,"Jun. 18, 2010","Echevarria, David J",,david.echevarria@mac.com
77829572,deadAbandoned,SCOTI,"Aug. 26, 2010",Thermoteknix Systems Ltd.,,s.hothersall@thermoteknix.com
77829549,REQUEST_FAILED,,,,,
77829648,deadAbandoned,DOGPOOL,"Oct. 01, 2010","Lian, Karole, Jocelyn",,jl825@yahoo.com
77829573,REQUEST_FAILED,,,,,
77829582,REQUEST_FAILED,,,,,
77829658,REQUEST_FAILED,,,,,
77829674,REQUEST_FAILED,,,,,
77829679,REQUEST_FAILED,,,,,
77829688,REQUEST_FAILED,,,,,
77829747,deadAbandoned,CRUISE,"Dec. 06, 2010","Kapow Beauty, LLC",,zak@ti-style.com
77829768,deadAbandoned,SLAPPA POUCH,"Dec. 13, 2010","Kapow Beauty, LLC",,wcs@usiplaw.com
77829773,deadAbandoned,TOUCH,"Sep. 13, 2010","Kapow Beauty, LLC",,wcs@usiplaw.com
77829746,REQUEST_FAILED,,,,,
77829778,REQUEST_FAILED,,,,,
77829780,REQUEST_FAILED,,,,,
77829861,REQUEST_FAILED,,,,,
77829930,deadAbandoned,ALLTELECO,"Jun. 24, 2010",FANG BAO AN,,tony_fangba@hotmail.com
77829884,REQUEST_FAILED,,,,,
77829923,REQUEST_FAILED,,,,,
77830063,REQUEST_FAILED,,,,,
77830080,REQUEST_FAILED,,,,,
77830209,deadAbandoned,MYSTIC COLLECTION,"Jun. 17, 2010","Alternative International Marketing, Inc.",,erdinc@karabulutandco.com
77830130,REQUEST_FAILED,,,,,
77830151,REQUEST_FAILED,,,,,
77830273,deadAbandoned,LIGHTNINGHYBRIDS,"Jun. 17, 2010",Lightning Hybrids Inc.,,jenna@lightninghybrids.com
77830229,REQUEST_FAILED,,,,,
77830384,deadAbandoned,BIGPLUSH.COM,"Jun. 18, 2010",Big Plush Corp,,mike@bigplush.com
77830399,deadAbandoned,"RSVP BENEFITS, INC. RELIABLE SERVICE, VALUE & PROTECTION - ALL IN ONE","Jun. 22, 2010","RSVP Benefits, Inc.",,zipzooey@yahoo.com
77830432,deadAbandoned,BERRYCUP,"Jun. 22, 2010",Berry Cup Inc.,,AQN113@gmail.com
77830403,REQUEST_FAILED,,,,,
77830437,deadAbandoned,BRAINTUTORING,"Jun. 21, 2010","LearningRx, Inc.",,ken@learningrx.com
77830421,REQUEST_FAILED,,,,,
77830426,REQUEST_FAILED,,,,,
77830452,deadAbandoned,THANK YOU PRESENT BADGE CODE,"Nov. 29, 2010",Thetis Ventures Corporation,,robert@thetis.com
77830459,deadAbandoned,AUTOTUNER,"Sep. 27, 2010","Steamboat Mountain Designs, LLC",,jeffm@fifengr.com
77830441,REQUEST_FAILED,,,,,
77830473,deadAbandoned,BE HAPPY.,"Jul. 25, 2010","Shoff, Paul Richard",,shoff@bellsouth.net
77830450,REQUEST_FAILED,,,,,
77830472,deadAbandoned,INSTINCT BORN TO SURVIVE NO SURRENDER,"Jun. 18, 2010",Nora ZERIBI,,norazeribi@yahoo.com
77830521,deadAbandoned,M EL MOVIMIENTO ENTERTAINMENT,"Jun. 25, 2010","Espinal, Anthony",,
77830503,REQUEST_FAILED,,,,,
77830506,REQUEST_FAILED,,,,,
77830555,deadAbandoned,CHOCLITS,"Jun. 22, 2010","Green, Allison S.",,allisonsgreen@yahoo.com
77830520,REQUEST_FAILED,,,,,
77830534,REQUEST_FAILED,,,,,
77830618,deadAbandoned,MATTS BIKES,"Jun. 18, 2010",Matthew Peterson,,marketing@p38media.com
77830584,deadAbandoned,LEOPOLDO E GERONIMO,"Jun. 18, 2010",Leopoldo Eugenio Tomas Geronimo,,geroniml@mac.com
77830628,deadAbandoned,MISTER FIXIT NJ,"Jun. 18, 2010","Jaretsky, Todd W.",,tjaretsky@verizon.net
77830577,REQUEST_FAILED,,,,,
77830634,REQUEST_FAILED,,,,,
77830637,REQUEST_FAILED,,,,,
77830653,REQUEST_FAILED,,,,,
77830722,deadAbandoned,PAULI 2 TIMES,"Dec. 13, 2010",Witzleben Paul L.,,paulwitzleben@yahoo.com
77830798,deadAbandoned,WHERE YOUR BABY IS A STAR!,"Oct. 18, 2010","BabyPaparazzi, Inc.",,avery@amiorlando.com
77830781,REQUEST_FAILED,,,,,
77830801,REQUEST_FAILED,,,,,
77830669,deadAbandoned,GRANOR,"Jun. 25, 2010",KANCOR INGREDIENTS LTD,,v.sasheendran@kancor.in
77830878,REQUEST_FAILED,,,,,
77830945,deadAbandoned,BD RIB-BACK,"Nov. 22, 2010","Becton, Dickinson and Company",,
77830916,deadAbandoned,P T W SHARING IDEAS PROMOTIONSTHATWORK.NET,"Jun. 29, 2010",Promotions That Work,,support@promotionsthatwork.net
77830934,REQUEST_FAILED,,,,,
77831140,deadAbandoned,LEADING WITH EXCELLENCE,"Jun. 29, 2010",Dennis Burke Ministries,,administrator@dennisburkeministries.org
77831049,REQUEST_FAILED,,,,,
77831279,deadAbandoned,808S AND RICECAKES,"Jul. 13, 2010","Lewis, Edwin H",,ELewis23@gmail.com
77831149,REQUEST_FAILED,,,,,
77831274,REQUEST_FAILED,,,,,
77831281,REQUEST_FAILED,,,,,
77831405,deadAbandoned,FILMZOOLA,"Dec. 13, 2010","Lederhaus, Jeffrey",,jeff@filmzoola.com
77831383,deadAbandoned,THE SHREDDERS CERTIFIED DOCUMENT DESTRUCTION,"Jun. 22, 2010","The Shredders, Inc.",,
77831474,deadAbandoned,GREAT RATES FOR SPECIAL DATES,"Jun. 18, 2010",Lexyl Travel Technologies Inc,,john.prince@hotelplanner.com
77831456,REQUEST_FAILED,,,,,
77831477,REQUEST_FAILED,,,,,
77831489,REQUEST_FAILED,,,,,
77831529,deadAbandoned,TRU VUE DOORS,"Jun. 18, 2010",PT Kayu Permata,,eddy@doorstoreusa.com
77831576,deadAbandoned,GLOBAL TOUR,"Jun. 21, 2010",JTB USA Inc.,,tarai@jtbgt.com
77831562,deadAbandoned,SALT OF THE EARTH,"Dec. 13, 2010",silvestri capital LLC.,,mnygrlls@aol.com
77831604,deadAbandoned,MOBILE CONSOLE,"Jun. 23, 2010",CyWee Group Limited,,sandra.kan@msa.hinet.net
77831285,REQUEST_FAILED,,,,,
77831602,REQUEST_FAILED,,,,,
77831722,deadAbandoned,NEMESIS POWERLIFTING,"Jun. 22, 2010","Burdette, Dawn C",,burd275@yahoo.com
77831753,deadAbandoned,VIRGINIA FIZZ,"Jun. 22, 2010",THIBAUT-JANISSON L.L.C.,,domclaude@hotmail.com
77831752,deadAbandoned,DERMYAL,"Dec. 13, 2010",Cosmoscience Laboratories,,rdewandre@aol.com
77831664,REQUEST_FAILED,,,,,
77831697,REQUEST_FAILED,,,,,
77831782,REQUEST_FAILED,,,,,
77831805,REQUEST_FAILED,,,,,
77832015,deadAbandoned,MYCORPORATION MOVING BUSINESS FORWARD,"Aug. 24, 2010","My Corporation Business Services, Inc.",,ccresante@mycorporation.com
77831853,REQUEST_FAILED,,,,,
77831981,REQUEST_FAILED,,,,,
77832025,deadAbandoned,MOVING BUSINESS FORWARD,"Aug. 24, 2010","My Corporation Business Services, Inc.",,ccresante@mycorporation.com
77832058,deadAbandoned,ALL VITAMINS PLUS.COM,"Jun. 28, 2010","Diabeticare, LLC",,joella@diacarerx.com
77832042,REQUEST_FAILED,,,,,
77832166,deadAbandoned,None,"Jun. 29, 2010","Super Software, Incorporated",,Support@MedicalFormSoftware.com
77832053,REQUEST_FAILED,,,,,
77832089,REQUEST_FAILED,,,,,
77832134,REQUEST_FAILED,,,,,
77832190,REQUEST_FAILED,,,,,
77832301,deadAbandoned,TRUSITE,"Jun. 24, 2010","Uniken Business Solutions, Inc.",,holder@unikenbusinesssolutionsinc.com
77832228,REQUEST_FAILED,,,,,
77832342,deadAbandoned,HAVE AN ICED DAY!,"Dec. 13, 2010",Greg Todtman,,greg0987@gmail.com
77832243,REQUEST_FAILED,,,,,
77832352,REQUEST_FAILED,,,,,
77832435,REQUEST_FAILED,,,,,
77832449,REQUEST_FAILED,,,,,
77832448,REQUEST_FAILED,,,,,
77832579,REQUEST_FAILED,,,,,
77832598,deadAbandoned,INTRA-WORKOUT,"Jul. 12, 2010",Athletic Edge Nutrition Inc,,sbalcombe@aenutrition.com
77832657,REQUEST_FAILED,,,,,
77832680,REQUEST_FAILED,,,,,
77832849,deadAbandoned,STRESSID,"Dec. 13, 2010","OptaHealth Solutions, LLC",,bryanh@summitmedicalsupply.com
77832858,deadAbandoned,FROM THE HEART,"Dec. 13, 2010",Quantum Psych INK,,sarasteinmd@gmail.com
77832794,REQUEST_FAILED,,,,,
77832905,deadAbandoned,BARBARA'S WAY,"Jun. 02, 2010",Barbara's Way LLC,,david@barbarasway.com
77832890,REQUEST_FAILED,,,,,
77832908,REQUEST_FAILED,,,,,
77832999,deadAbandoned,MUNDO JOVEN,"Jun. 21, 2010",MUNDO JOVEN TRAVEL SHOP SA DE CV,,j.garcia@mundojoven.com
77832911,REQUEST_FAILED,,,,,
77832984,deadAbandoned,RAR IT FITZ,"Jun. 24, 2010",RAR Fashions LLC,,hterrell01@aim.com
77833194,deadAbandoned,OMNATROPIN,"Sep. 24, 2010","Kneller, Bruce",,bwkneller@gmail.com
77833063,REQUEST_FAILED,,,,,
77833153,REQUEST_FAILED,,,,,
77833207,deadAbandoned,POLYTROPIN,"Jun. 22, 2010","Kneller, Bruce",,bwkneller@gmail.com
77833414,REQUEST_FAILED,,,,,
77833496,deadAbandoned,COCANÚ,"Jun. 22, 2010",Cocanu,,sebastian@cocanu.com
77833472,REQUEST_FAILED,,,,,
77833515,REQUEST_FAILED,,,,,
77833546,REQUEST_FAILED,,,,,
77833307,REQUEST_FAILED,,,,,
77833656,deadAbandoned,MOTIFLEX,"Dec. 13, 2010","Tern Innovative, LLC",,
77833587,REQUEST_FAILED,,,,,
77833614,REQUEST_FAILED,,,,,
77833694,REQUEST_FAILED,,,,,
77833842,deadAbandoned,BANK FORECLOSURES DIRECT,"Jun. 25, 2010",Proven Business Skills Inc.,,rick@dogreat.com
77833729,REQUEST_FAILED,,,,,
77833836,REQUEST_FAILED,,,,,
77833844,REQUEST_FAILED,,,,,
77833850,REQUEST_FAILED,,,,,
77833901,REQUEST_FAILED,,,,,
77834042,deadAbandoned,LOUIS PARIS,"Jun. 23, 2010",Sunny Merchandise Corp.,,sunnysunglasses@gmail.com
77834000,REQUEST_FAILED,,,,,
77834017,REQUEST_FAILED,,,,,
77834193,deadAbandoned,ACCOUNTABILITY YOU CAN COUNT ON.,"Dec. 13, 2010",Conexxus,,colleen.vonderhaar@conexxus.com
77834088,REQUEST_FAILED,,,,,
77834205,deadAbandoned,LIPSTICK HOLD'R,"Oct. 16, 2010",EVRIHOLDER PRODUCTS LLC,,garysevri@gmail.com
77834200,REQUEST_FAILED,,,,,
77834240,deadAbandoned,CREPES ERGO YUM,"Dec. 27, 2010","Walek, Kathleen",,dartmail@ymail.com
77834206,REQUEST_FAILED,,,,,
77834434,deadAbandoned,AFANADOR,"Aug. 02, 2010","Afanador, Jorge",,afanador@afanador.com
77834356,REQUEST_FAILED,,,,,
77834394,REQUEST_FAILED,,,,,
77834420,REQUEST_FAILED,,,,,
77834497,REQUEST_FAILED,,,,,
77834536,deadAbandoned,C,"Jun. 22, 2010",Movar LLC,,cortcustomdesigns@gmail.com
77834514,REQUEST_FAILED,,,,,
77834529,deadAbandoned,GREEN REALTY,"Nov. 07, 2010","Green Realty Properties, Inc",,aschwartz@schwartzip.com
77834571,deadAbandoned,PET STYLIST ELITE,"Jun. 22, 2010",Wag'N Tails Mobile Conversions,,chuck@wagntails.com
77834592,deadAbandoned,CHEEKS GENTLEMENS CLUB,"Jun. 23, 2010","Newman, Victor S",,vn@ejwco.net
77834622,deadAbandoned,MEDICLIGHT,"Dec. 13, 2010",MedicLights Research Inc.,,lewlim@gmail.com
77834564,REQUEST_FAILED,,,,,
77834567,REQUEST_FAILED,,,,,
77834580,REQUEST_FAILED,,,,,
77834652,deadAbandoned,SILKSCREAM,"Jul. 21, 2010",ThaiDesserts Inc.,,kkng89@hotmail.com
77834674,deadAbandoned,AXIOM:1,"Jun. 28, 2010","Axiom:1, Inc.",,frank.castellucci@axiom1inc.com
77834647,deadAbandoned,INDEX OF REALIZED VOLATILITY,"May 03, 2010",The Volatility Exchange Corporation,,Robert.Krause@VolX.us
77834655,REQUEST_FAILED,,,,,
77834656,REQUEST_FAILED,,,,,
77834698,deadAbandoned,None,"Aug. 19, 2010",ZEIYON LLC,,jcguedez@zeiyon.com
77834675,REQUEST_FAILED,,,,,
77834853,deadAbandoned,SWEET SEASONS,"Jun. 29, 2010",CORTES GAMBOA PATRICIO FERNANDO ALBERTO,,sgomez@maspatentes.com
77834766,REQUEST_FAILED,,,,,
77834996,deadAbandoned,SÍ LA NUESTRA,"Jun. 16, 2010","DISTRIBUIDORA UNIVERSAL DE MERCANCÍAS, S. A. DE C.V.",,ETORRESMT@GMAIL.COM
77834890,REQUEST_FAILED,,,,,
77834905,REQUEST_FAILED,,,,,
77834954,REQUEST_FAILED,,,,,
77835096,REQUEST_FAILED,,,,,
77835141,REQUEST_FAILED,,,,,
77835158,REQUEST_FAILED,,,,,
77835205,REQUEST_FAILED,,,,,
77835504,deadAbandoned,CRAB CAKERY,"Dec. 20, 2010","Moody, Lisa A",,LMoody@jewelcode.com
77835385,REQUEST_FAILED,,,,,
77835458,REQUEST_FAILED,,,,,
77835515,REQUEST_FAILED,,,,,
77835581,REQUEST_FAILED,,,,,
77835683,deadAbandoned,LET'S DANCE,"Jul. 01, 2010",Whizz Kid Dance Limited,,LATIM2@gtlaw.com
77835688,deadAbandoned,LET'S DANCE,"Jul. 01, 2010",Whizz Kid Dance Limited,,latm2@gtlaw.com
77835737,deadAbandoned,BERRY BELT,"Jun. 25, 2010",Kristin O Palmer,,theecomama@yahoo.com
77835735,deadAbandoned,ECO MAMA,"Jun. 25, 2010",Kristin O Palmer,,theecomama@yahoo.com
77835690,REQUEST_FAILED,,,,,
77835697,REQUEST_FAILED,,,,,
77835763,deadAbandoned,ARTISTICALLY MADE FASHIONABLE MUSIC AMFM BRAND,"Jul. 06, 2010",Troy McNair,,amfmbrand@gmail.com
77835804,deadAbandoned,OPTINEMAIL,"Jun. 24, 2010","ACCESS BUSINESS COMMUNICATIONS, INC.",,jack.bogle@abcimarketing.com
77835739,REQUEST_FAILED,,,,,
77835740,REQUEST_FAILED,,,,,
77835809,REQUEST_FAILED,,,,,
77835828,REQUEST_FAILED,,,,,
77835916,deadAbandoned,TUMBLCART,"Dec. 13, 2010","Reddy, Kamal K",,bill_reddy@yahoo.com
77835850,REQUEST_FAILED,,,,,
77835908,REQUEST_FAILED,,,,,
77835909,REQUEST_FAILED,,,,,
77835925,deadAbandoned,THROAT GUARD,"Dec. 20, 2010","Hinrichs, Jason T",,jhinrichs@mindspring.com
77835961,deadAbandoned,SUNNY,"Dec. 20, 2010","Strategic Luxury, Inc.",,clarity@strategicluxury.com
77835971,deadAbandoned,FENGDA,"Jun. 29, 2010","Fenghua Bida Machinery Manufacture CO., LTD.",,sales@usbida.com
77835957,deadAbandoned,KHG,"Jun. 29, 2010","GENG, JIAN",,JANSOUL2007@GMAIL.COM
77835934,REQUEST_FAILED,,,,,
77835948,deadAbandoned,RACE CREW,"Oct. 15, 2010",Custom Leathercraft Manufacturing Inc.,,mattnclc@gmail.com
77835953,REQUEST_FAILED,,,,,
77836111,deadAbandoned,VERIFIED CHIMNEY SWEEP,"Jul. 01, 2010","Gessner, Raymond P",,Ray@chimneycleaners.com
77835982,REQUEST_FAILED,,,,,
77836062,REQUEST_FAILED,,,,,
77836158,deadAbandoned,THRUST FOOTWEAR,"Jun. 24, 2010",The Academy of Therapeutic Footwear Inc.,,therashoe@bellsouth.net
77836200,deadAbandoned,"AUTO SERVICE 4 LESS, LLC","Jul. 01, 2010",Auto Service 4 Less,,marketing@autoservice4less.com
77836145,REQUEST_FAILED,,,,,
77836157,REQUEST_FAILED,,,,,
77836189,deadAbandoned,SEATTLE UNDERGRIND,"Jun. 27, 2010","Schwalb, Jason L",,piejoe-neersquare@hotmail.com
77836188,REQUEST_FAILED,,,,,
77836208,REQUEST_FAILED,,,,,
77836383,deadAbandoned,BLISSKLISS4QUINTARIA,"Nov. 09, 2010",Dominic A. Homan,,mrfantasy3337774@yahoo.com
77836264,REQUEST_FAILED,,,,,
77836304,REQUEST_FAILED,,,,,
77836326,REQUEST_FAILED,,,,,
77836466,deadAbandoned,EINSTEIN'S WORKSHOP ENJOYABLE LEARNING,"May 04, 2010",Einstein's Workshop Inc.,,samanthagdl@hotmail.com
77836462,REQUEST_FAILED,,,,,
77836459,REQUEST_FAILED,,,,,
77836490,REQUEST_FAILED,,,,,
77836604,deadAbandoned,SUPER GREEN PAGES,"Jun. 25, 2010",Integrated Data Solutions LLC,,tpucilowski@idsbiz.com
77836541,REQUEST_FAILED,,,,,
77836655,deadAbandoned,LEAN N GREEN,"Jun. 25, 2010","PetroCard Systems, Inc",,jhanson@petrocard.com
77836606,REQUEST_FAILED,,,,,
77836608,REQUEST_FAILED,,,,,
77836611,REQUEST_FAILED,,,,,
77836696,REQUEST_FAILED,,,,,
77836745,deadAbandoned,MATATABI,"Dec. 02, 2010",Lori Daniel,,stigmaandstyle@gmail.com
77836734,REQUEST_FAILED,,,,,
77836785,deadAbandoned,MAXLOK,"Jul. 13, 2010",MAXLOK Corporation,,elainez@126.com
77836808,deadAbandoned,TRANSLATION LINE,"Jun. 29, 2010",SHARAM ADSCHUDANI,,s.adschudani@gmx.net
77836773,REQUEST_FAILED,,,,,
77836908,REQUEST_FAILED,,,,,
77837116,deadAbandoned,CONTOURABS CORE SCULPTING SYSTEM,"Jul. 18, 2010","Valmed, S.A.",,comagnell@gmail.com
77837133,deadAbandoned,PIMP-MOM OR PIMPMOM,"Jul. 01, 2010","Schwartz, Jason D",,5778016@gmail.com
77837070,REQUEST_FAILED,,,,,
77837082,REQUEST_FAILED,,,,,
77837235,deadAbandoned,SÍ LA NUESTRA,"Jun. 16, 2010","DISTRIBUIDORA UNIVERSAL DE MERCANCÍAS, S. A. DE C.V.",,ETORRESMT@GMAIL.COM
77837384,deadAbandoned,ANNA DOMINI,"Jun. 30, 2010","Lessler, Evan M",,designlab@gmail.com
77837267,REQUEST_FAILED,,,,,
77837449,deadAbandoned,YOUR INNER WIZARD,"Jun. 28, 2010","Core Level Marketing, Inc.",,
77837361,REQUEST_FAILED,,,,,
77837405,REQUEST_FAILED,,,,,
77837475,REQUEST_FAILED,,,,,
77837547,deadAbandoned,SOA~EAF,"Dec. 08, 2010","Sweeney, Richard J",,rickjsweeney@gmail.com
77837536,deadAbandoned,HOODED JERSEY,"Jul. 07, 2010","World Sports Marketing, Inc",,ctyler@worldpromoproducts.com
77837506,REQUEST_FAILED,,,,,
77837575,deadAbandoned,FEDRO,"Dec. 27, 2010","VAZQUEZ ROBLES, FIDEL",,rsanchez@masmarcas.com
77837691,deadAbandoned,GIDDY UP DELIVERY,"Jun. 29, 2010",Giddy Up Delivery,,
77837640,REQUEST_FAILED,,,,,
77837722,deadAbandoned,BLUE HAS NEVER BEEN SO GREEN,"Dec. 27, 2010",Guiding Light Investments LLC,,jpaul@glifunds.com
77837686,REQUEST_FAILED,,,,,
77837738,deadAbandoned,THE NEW VISUAL,"Aug. 23, 2010",David Hamill,,davidhamill2@gmail.com
77837717,REQUEST_FAILED,,,,,
77837746,REQUEST_FAILED,,,,,
77837766,REQUEST_FAILED,,,,,
77837781,REQUEST_FAILED,,,,,
77837803,REQUEST_FAILED,,,,,
77837841,deadAbandoned,EXCILON,"Jun. 30, 2010","Shanghai Yousi Polymer Material Science and Technology Development Co., Ltd.",,zhanghonglu@inipa.com
77837892,deadAbandoned,"SEARCH WITH US, BOOK WITH THEM","Dec. 13, 2010",Kayak Software Corporation,,
77837903,deadAbandoned,FRONTIER BULLETS,"Jul. 05, 2010",Frontier Metal Processing (Pty) Ltd,,frontier@gds.co.za
77837807,REQUEST_FAILED,,,,,
77837889,REQUEST_FAILED,,,,,
77837974,REQUEST_FAILED,,,,,
77838081,REQUEST_FAILED,,,,,
77838194,REQUEST_FAILED,,,,,
77838227,REQUEST_FAILED,,,,,
77838239,REQUEST_FAILED,,,,,
77838259,REQUEST_FAILED,,,,,
77838373,deadAbandoned,ABQ WWW.ABQLIVING.COM,"Jul. 06, 2010","Maez, Joseph",,jay@logocare.com
77838330,REQUEST_FAILED,,,,,
77838359,REQUEST_FAILED,,,,,
77838494,deadAbandoned,EQUITY ASCENTS,"Jun. 30, 2010","German, Charles",,charlesgerman@charlesgerman.com
77838586,deadAbandoned,SOURCEBOOK,"Jul. 06, 2010",ENEN Corporation,,cs@nnsourcebook.com
77838452,REQUEST_FAILED,,,,,
77838500,REQUEST_FAILED,,,,,
77838517,REQUEST_FAILED,,,,,
77838666,deadAbandoned,ILANA,"Dec. 20, 2010","Auerbach, Mark",,markipooo@yahoo.com
77838692,deadAbandoned,CARNAL DAMMAGE .COM MMA,"Jul. 01, 2010","Carnal DaMMAge Enterprises, Inc.",,tim@carnaldammage.com
77838606,REQUEST_FAILED,,,,,
77838781,deadAbandoned,DEAR MICHAEL,"May 12, 2010",Kristen Hurlbut,,kristenanneh@hotmail.com
77838738,REQUEST_FAILED,,,,,
77838777,deadAbandoned,KAMIKAZE,"Jun. 28, 2010",Kamikaze Fishing Tackle Pty Ltd,,sales@bluewaterfishingdownunder.com
77838841,deadAbandoned,UNREASONABLE INSTITUTE,"Aug. 05, 2010",The Unreasonable Institute,,daniel@unreasonableinstitute.org
77838828,REQUEST_FAILED,,,,,
77838756,REQUEST_FAILED,,,,,
77838849,REQUEST_FAILED,,,,,
77839074,deadAbandoned,INSPIRE FILMS,"Jul. 06, 2010","Marinaccio, Mark",,mark@inspirefilms.com
77839023,REQUEST_FAILED,,,,,
77838999,REQUEST_FAILED,,,,,
77838996,deadAbandoned,JOSH.UA,"Jul. 01, 2010","Titcomb, Joshua H",,torque18@aol.com
77839115,deadAbandoned,SIGNATURE CHEF,"Jun. 24, 2010",brand synchrony,,bbach@realtime-solutions.net
77839101,deadAbandoned,EZWAY MOVING,"Jun. 30, 2010",EZWAY,,FERNANDA@THESMARTTAX.COM
77839158,deadAbandoned,LOTTERY LIGHT,"Jun. 30, 2010","D N' A Marketing Services, LLC",,aps@dnamarketingsvc.com
77838788,REQUEST_FAILED,,,,,
77839177,deadAbandoned,REMOTE MEDICAL PRACTITIONER (RMP),"Jul. 07, 2010",International Society of Remote Medical Practitioners,,info@isrmp.org
77839125,deadAbandoned,None,"Jun. 30, 2010",Good United,,tongdchen@yahoo.com
77839451,deadAbandoned,PLANET MUZIC,"Jul. 08, 2010","Planet Muzic, LLC",,elorson@planetmuzic.com
77839153,REQUEST_FAILED,,,,,
77839468,deadAbandoned,HIGH STREET MARKET,"Jul. 29, 2010",Kelly Galvin Robson,,kellygalvinrobson@gmail.com
77839303,REQUEST_FAILED,,,,,
77839089,REQUEST_FAILED,,,,,
77839648,deadAbandoned,THE SALES ACCELERATION COMPANY,"Jul. 07, 2010",Salesify,,oliver.deng@salesify.com
77839697,deadAbandoned,POINTS OF WISDOM,"Jun. 30, 2010",PlanetAdmin LLC,,connect@PlanetAdmin.net
77839727,deadAbandoned,TROJAN MMA,"Jun. 30, 2010",Celebrity MMA Fighting Ltd,,tsmarsh@mac.com
77839636,REQUEST_FAILED,,,,,
77839788,deadAbandoned,MACROLEVEL,"Aug. 13, 2010","MACROLEVEL, INC.",,macrolevel.inc@gmail.com
77839741,REQUEST_FAILED,,,,,
77839745,REQUEST_FAILED,,,,,
77839758,REQUEST_FAILED,,,,,
77839765,REQUEST_FAILED,,,,,
77839808,deadAbandoned,NO FLEAS MARKET,"Jun. 30, 2010","Fortier, Brad, C.",,fortierbrad@yahoo.com
77839815,deadAbandoned,ITEACHATEACHER,"Jun. 01, 2010","Lele, Bhushan",,lele@iteacha.org
77839863,deadAbandoned,SKILLZ,"Dec. 27, 2010",Play Pen Studios Ltd,,joe.gilbertson@playpenstudios.com.hk
77839816,REQUEST_FAILED,,,,,
77839952,deadAbandoned,OLIVECARE,"Jul. 13, 2010",PROMET S.A.,,voconnor@indalo.com.ar
77839999,deadAbandoned,FRESCO,"Jul. 07, 2010","Cahill, Jonathan",,jonathan.cahill1@googlemail.com
77839905,REQUEST_FAILED,,,,,
77840001,REQUEST_FAILED,,,,,
77840041,REQUEST_FAILED,,,,,
77840249,deadAbandoned,CF CLOSING FOCUS,"Nov. 18, 2010",Closing Focus LLC,,edr@closingfocus.com
77840116,REQUEST_FAILED,,,,,
77840151,REQUEST_FAILED,,,,,
77840212,REQUEST_FAILED,,,,,
77840352,deadAbandoned,ULTRA BUBBLE WORKS,"Aug. 15, 2010",Manley Toys LTD,,maggiewong@manley.com.hk
77840261,REQUEST_FAILED,,,,,
77840361,deadAbandoned,BACTIGUARD,"Jun. 29, 2010","Dr. Fresh, Inc.",,raaj@drfresh.com
77840325,deadAbandoned,GERMGUARD +,"Jun. 24, 2010","DR. FRESH, INC.",,raaj@drfresh.com
77840396,deadAbandoned,BUBBLE GEARS,"Feb. 22, 2010",Manley Toys LTD,,maggiewong@manley.com.hk
77840339,REQUEST_FAILED,,,,,
77840358,REQUEST_FAILED,,,,,
77840414,deadAbandoned,READ! LEARN! RETURN!,"Jul. 01, 2010",Phil Dauksys,,phil@growupwithbooks.com
77840366,REQUEST_FAILED,,,,,
77840430,deadAbandoned,DR. K.I.P. OFFICIAL STAMP OF HIGHER LEARNING,"Apr. 13, 2010","Scott, Tommy",,Tommyscott22@hotmail.com
77840494,REQUEST_FAILED,,,,,
77840503,REQUEST_FAILED,,,,,
77840547,deadAbandoned,"CONSOLIDATED FULFILLMENT SOLUTIONS, INC.","Jul. 06, 2010","Consolidated Fulfillment Solutions, Inc.",,brian@garyfong.com
77840681,deadAbandoned,HOOTOO,"Dec. 27, 2010",Sunvalleytek International Inc.,,eric.he@gmail.com
77840558,REQUEST_FAILED,,,,,
77840691,deadAbandoned,PET PRO VAN,"Jun. 22, 2010",Wag'N Tails Mobile Conversions,,chuck@wagntails.com
77840682,REQUEST_FAILED,,,,,
77840692,deadAbandoned,LOCKING GASCAP PAYMENT OPTION,"Jul. 07, 2010",Hunnicutt Software Inc.,,samh@invomax.com
77840701,REQUEST_FAILED,,,,,
77840710,REQUEST_FAILED,,,,,
77840750,deadAbandoned,JUST IMAGINE,"Jul. 01, 2010","uTOYpia, Inc.",,koeper@utoypia.com
77840771,deadAbandoned,DESIRES4JESUS CREATIONS,"Jul. 01, 2010","JOHNSON, SONYA RAE",,SonyaJohnson320@Hotmail.com
77840762,deadAbandoned,None,"Jun. 09, 2010",Thetis Ventures Corporation,,robert@thetis.com
77840717,REQUEST_FAILED,,,,,
77840718,REQUEST_FAILED,,,,,
77840821,deadAbandoned,ALOHA MEDIA & DEVELOPMENT,"Jul. 08, 2010","Ravatua-Smith, William Samuel",,alohamedias@gmail.com
77840734,REQUEST_FAILED,,,,,
77840768,REQUEST_FAILED,,,,,
77840845,deadAbandoned,MY DOG SPACE,"Jul. 07, 2010","Yau, Robert",,robert@nextpulse.com
77840846,deadAbandoned,MYDOGSPACE,"Jul. 07, 2010","Yau, Robert",,robert@nextpulse.com
77840801,REQUEST_FAILED,,,,,
77840819,REQUEST_FAILED,,,,,
77840890,deadAbandoned,IDSPARK,"Dec. 27, 2010",Ocreativ Trading Ltd,,gabrielle@ocreativ.com
77840880,deadAbandoned,DARWINS CHURCH,"Dec. 27, 2010",Denega Peter,,peter@denega.com
77840858,REQUEST_FAILED,,,,,
77840896,deadAbandoned,VIRTUAL F&I,"Jul. 07, 2010","Vandemark, Michael, J.",,Michael@absnyc.com
77840883,REQUEST_FAILED,,,,,
77840889,REQUEST_FAILED,,,,,
77840914,deadAbandoned,REROUTE REAL ESTATE RESEARCH OPTIMIZATION UTILITY & TECHNOLOGY ENVIRONMENT REDIRECTING YOUR RESEARCH EFFORTS,"Jul. 01, 2010",Alexandro Armour F.,,alex.armour@simone-alexander.com
77840895,REQUEST_FAILED,,,,,
77840908,REQUEST_FAILED,,,,,
77840950,deadAbandoned,JOBFATHER,"Dec. 27, 2010","Kardum, Nikola A",,nick@nickkardum.com
77840975,deadAbandoned,KILLR TRTL,"Dec. 27, 2010","Araw Technologies, LLC",,peter@arawtechnologies.com
77840943,deadAbandoned,PASEO CAFE,"Jul. 01, 2010",A Grade Trading (USA) Ltd.,,hsud@adelphia.net
77840926,REQUEST_FAILED,,,,,
77840973,REQUEST_FAILED,,,,,
77841004,deadAbandoned,PARTNEC,"Dec. 27, 2010",PARTNEC BIOTECHNOLOGY LLC,,ozgurcakir@partnec.com
77840988,REQUEST_FAILED,,,,,
77841022,REQUEST_FAILED,,,,,
77841154,deadAbandoned,JR. CLASSIC,"Jul. 12, 2010",RED STAR LOGISTICS,,tleeaccount@yahoo.com
77841223,deadAbandoned,FREECITYMOVE,"Oct. 13, 2010","Manuel, Alexander",,aschwartz@schwartzip.com
77841183,REQUEST_FAILED,,,,,
77841187,REQUEST_FAILED,,,,,
77841262,REQUEST_FAILED,,,,,
77841317,REQUEST_FAILED,,,,,
77841506,deadAbandoned,ESTR ADA,"Jul. 06, 2010","Velderrain, Joseph Higuera",,josephvelderrain@yahoo.com
77841435,REQUEST_FAILED,,,,,
77841541,deadAbandoned,RIGHTPRICELIFE.COM RIGHT PROTECTION. RIGHT PRICE. RIGHT NOW.,"Jul. 14, 2010",RightPriceLife.com,,crossi@rightpricelife.com
77841545,deadAbandoned,OMNI ENVIRO,"Jul. 09, 2010",Omni Enviro LLC,,stef@omnienviro.com
77841489,REQUEST_FAILED,,,,,
77841507,REQUEST_FAILED,,,,,
77841550,REQUEST_FAILED,,,,,
77841560,REQUEST_FAILED,,,,,
77841589,deadAbandoned,BENEFIT PILATES,"Jul. 05, 2010","Daigle, Christine",,benefitpilates@gmail.com
77841608,REQUEST_FAILED,,,,,
77841620,REQUEST_FAILED,,,,,
77841798,REQUEST_FAILED,,,,,
77841848,REQUEST_FAILED,,,,,
77841893,REQUEST_FAILED,,,,,
77841902,REQUEST_FAILED,,,,,
77841932,REQUEST_FAILED,,,,,
77841991,deadAbandoned,ACADEMY OF REMOTE VIEWING,"Jul. 06, 2010",Probable Future Corp.,,odonnell@gate.net
77841979,REQUEST_FAILED,,,,,
77842002,REQUEST_FAILED,,,,,
77842008,REQUEST_FAILED,,,,,
77842111,REQUEST_FAILED,,,,,
77842293,REQUEST_FAILED,,,,,
77842442,deadAbandoned,CHORDER,"Dec. 27, 2010","Seaward, Steven R",,stevenseaward@yahoo.com
77842303,REQUEST_FAILED,,,,,
77842389,REQUEST_FAILED,,,,,
77842590,REQUEST_FAILED,,,,,
77842686,REQUEST_FAILED,,,,,
77842954,deadAbandoned,NOTORIOUSMMA,"Jul. 13, 2010",John Audi,,regan.kevin@gmail.com
77842893,REQUEST_FAILED,,,,,
77842975,deadAbandoned,WAVELIVE,"Dec. 13, 2010",Officeware Corporation,,support@filesanywhere.com
77842945,REQUEST_FAILED,,,,,
77843000,deadAbandoned,GREENFEST,"Jul. 13, 2010","AGOSTINELLI, SCOTT THOMAS",,gilraen1@aol.com
77843052,deadAbandoned,AMERICAN RENAISSANCE,"Jul. 15, 2010","Brown, Megan Elizebeth Bowman",,EMeganBowman@aol.com
77842967,REQUEST_FAILED,,,,,
77843059,REQUEST_FAILED,,,,,
77843154,REQUEST_FAILED,,,,,
77843198,REQUEST_FAILED,,,,,
77843204,REQUEST_FAILED,,,,,
77843273,deadAbandoned,ULTIMATE DECORATING SET,"Jul. 13, 2010","Wilton Industries, Inc.",,ssheehan@wilton.com
77843316,REQUEST_FAILED,,,,,
77843435,REQUEST_FAILED,,,,,
77843636,deadAbandoned,MYGAMESPAGE,"Jul. 15, 2010",MGP Enterprises LLC,,david.senan@mygamespage.com
77843552,REQUEST_FAILED,,,,,
77843781,deadAbandoned,PAT & OSCAR'S,"Dec. 20, 2010","FFPE, LLC",,
77843812,REQUEST_FAILED,,,,,
77843953,deadAbandoned,NEVER LOSE SIGHT OF YOUR DREAMS,"Dec. 13, 2010","Lansky, Margo Joy",,margojoy@aol.com
77843912,REQUEST_FAILED,,,,,
77843951,deadAbandoned,WATER-SAVING TECHNOLOGIES,"Jul. 09, 2010",Omni Enviro LLC,,stef@omnienviro.com
77843998,deadAbandoned,SUNSET BOULEVARD,"Nov. 22, 2010",Ainsworth Game Technology Limited,,tom.davidson@ainsworth.com.au
77843928,REQUEST_FAILED,,,,,
77843993,deadAbandoned,CHLOR-TRIN,"Oct. 12, 2010","Vepuri, Kalyan C.",,kal.vepuri@gmail.com
77843997,deadAbandoned,HOLLYWOOD HYPE,"Sep. 09, 2010",Ainsworth Game Technology Limited,,tom.davidson@ainsworth.com.au
77844010,deadAbandoned,TOYBOXCOVERS.COM,"Sep. 03, 2010",The Mayer Trust,,admin@toyboxcovers.com
77844014,deadAbandoned,RESPORAL,"Jul. 08, 2010","Vepuri, Kalyan C.",,kal.vepuri@gmail.com
77844005,REQUEST_FAILED,,,,,
77844025,REQUEST_FAILED,,,,,
77844033,REQUEST_FAILED,,,,,
77844117,REQUEST_FAILED,,,,,
77844151,REQUEST_FAILED,,,,,
77844293,deadAbandoned,MODERN,"Jul. 23, 2010",DSI Industries Inc.,,shamir@ofgo.com
77844227,REQUEST_FAILED,,,,,
77844308,REQUEST_FAILED,,,,,
77844464,deadAbandoned,WIN SUM BONUS,"Jul. 08, 2010","BetWiser Games, LLC",,BetWiserGamesLLC@aol.com
77844412,REQUEST_FAILED,,,,,
77844466,REQUEST_FAILED,,,,,
77844529,REQUEST_FAILED,,,,,
77844675,REQUEST_FAILED,,,,,
77844788,REQUEST_FAILED,,,,,
77844860,REQUEST_FAILED,,,,,
77844959,REQUEST_FAILED,,,,,
77844978,REQUEST_FAILED,,,,,
77844979,REQUEST_FAILED,,,,,
77845018,REQUEST_FAILED,,,,,
77845138,REQUEST_FAILED,,,,,
77845293,REQUEST_FAILED,,,,,
77845298,REQUEST_FAILED,,,,,
77845377,deadAbandoned,A ROYAL EXCHANGE,"Jul. 19, 2010",Paige Ann Miller,,paige@aroyalexchange.com
77845364,REQUEST_FAILED,,,,,
77845374,REQUEST_FAILED,,,,,
77845398,REQUEST_FAILED,,,,,
77845556,deadAbandoned,FLIPDOG,"Jul. 12, 2010",Cinders Barbecues Limited,,
77845578,deadAbandoned,NS MINERALS,"Jul. 13, 2010","Rush, Isaac J.",,info@sourceminerals.com
77845658,deadAbandoned,XO COOKING & VENTILATION,"Jul. 17, 2010",Thomas J. Cioletti,,hart@smgltd.net
77845657,deadAbandoned,GIVE LIFE,"Jul. 17, 2010","Nelms, Stephen P.",,spnelms@gmail.com
77845454,REQUEST_FAILED,,,,,
77845629,REQUEST_FAILED,,,,,
77845815,deadAbandoned,TINMAN INDUSTRIES,"Jul. 13, 2010",Universal Tinman Industries Inc,,utindustriesinc@gmail.com
77845667,REQUEST_FAILED,,,,,
77845916,deadAbandoned,ANGELS AT HOME (FORMERLY HOME COMPANIONS PLUS),"Jul. 13, 2010","Home Companions Plus, Inc.",,info@angelsathomeonline.com
77845891,REQUEST_FAILED,,,,,
77845977,deadAbandoned,BIONOMICS,"Jul. 13, 2010",Future Industrial Technologies,,dennis@backsafe.com
77845914,REQUEST_FAILED,,,,,
77845969,REQUEST_FAILED,,,,,
77846002,deadAbandoned,CHECKBOX WIRELESS HOTSPOTS,"Jul. 13, 2010",CheckBox Systems LLC,,jganley@checkboxsystems.net
77846029,REQUEST_FAILED,,,,,
77846054,REQUEST_FAILED,,,,,
77846057,REQUEST_FAILED,,,,,
77846063,REQUEST_FAILED,,,,,
77846103,REQUEST_FAILED,,,,,
77846134,deadAbandoned,VANTAGE ICON,"Jul. 20, 2010",Muhammad Edrissa Jallow,,mejallow@vantageicon.com
77846130,REQUEST_FAILED,,,,,
77846151,REQUEST_FAILED,,,,,
77846171,REQUEST_FAILED,,,,,
77846253,deadAbandoned,NEW YORK GRAND PRIX,"Jul. 14, 2010","Koren, Benjamin H",,benjaminkoren@gmail.com
77846221,deadAbandoned,WITHOUT THE L IT'S JUST BS,"Dec. 13, 2010",Locata Corporation Pty Ltd,,patents@locatacorp.com
77846259,deadAbandoned,THE ATHLETE'S EDGE,"Jul. 16, 2010",Jeffrey W. Welsh,,deewelsh78@yahoo.com
77846198,REQUEST_FAILED,,,,,
77846293,REQUEST_FAILED,,,,,
77846368,REQUEST_FAILED,,,,,
77846487,deadAbandoned,HAPPY HOUR WAIVER,"Dec. 20, 2010",Edelsbacher Design Group,,guenther@edelsbacher.com
77846470,REQUEST_FAILED,,,,,
77846596,deadAbandoned,BUZY BEE,"Jul. 14, 2010","Daniels, Terry L.",,patentlawinc@hotmail.com
77846235,REQUEST_FAILED,,,,,
77846562,REQUEST_FAILED,,,,,
77846567,REQUEST_FAILED,,,,,
77846884,deadAbandoned,MENO-SOLVE,"Dec. 20, 2010",Sebastian Maciocia,,sebastianmaciocia@gmail.com
77846758,REQUEST_FAILED,,,,,
77846769,REQUEST_FAILED,,,,,
77846947,REQUEST_FAILED,,,,,
77846994,REQUEST_FAILED,,,,,
77846904,REQUEST_FAILED,,,,,
77847093,deadAbandoned,DANUBE,"Jul. 20, 2010","white, seth. a",,danubeclothing@gmail.com
77847083,REQUEST_FAILED,,,,,
77847096,REQUEST_FAILED,,,,,
77847181,deadAbandoned,CITY MALL,"Dec. 27, 2010","Alawar Entertainment, Inc",,vadim@alawar.com
77847182,deadAbandoned,LMNOP,"Jul. 22, 2010","Szaro, John Frank",,jszaro@surfelemenohpee.com
77847132,REQUEST_FAILED,,,,,
77847156,REQUEST_FAILED,,,,,
77847194,REQUEST_FAILED,,,,,
77847354,deadAbandoned,3,"Dec. 13, 2010",ELECTRONICS LLC,,electrolitesshoes@gmail.com
77847386,deadAbandoned,STATS,"Dec. 13, 2010",ELECTRONICS LLC,,electrolitesshoes@gmail.com
77847337,REQUEST_FAILED,,,,,
77847366,REQUEST_FAILED,,,,,
77847487,deadAbandoned,None,"Jul. 26, 2010","Hampton, Mark W",,mark@jadegrowth.com
77847415,REQUEST_FAILED,,,,,
77847468,REQUEST_FAILED,,,,,
77847511,REQUEST_FAILED,,,,,
77847591,deadAbandoned,STRONGCRYPTO,"Aug. 17, 2010",Strong Crypto,,afry@strongcrypto.biz
77847600,REQUEST_FAILED,,,,,
77847698,deadAbandoned,RENEWABLEYOU,"Dec. 20, 2010","Spector, Howard M",,howard@renewableyou.com
77847649,REQUEST_FAILED,,,,,
77847773,deadAbandoned,JIPES,"Jul. 16, 2010","Pouttu-Clarke, Matt B",,seraphim.llc@gmail.com
77847800,deadAbandoned,VAMPIRES RISE,"Dec. 06, 2010","Discovery Bay Games, Inc",,
77847659,REQUEST_FAILED,,,,,
77847768,REQUEST_FAILED,,,,,
77847806,REQUEST_FAILED,,,,,
77847883,REQUEST_FAILED,,,,,
77847962,REQUEST_FAILED,,,,,
77847980,REQUEST_FAILED,,,,,
77848001,REQUEST_FAILED,,,,,
77848066,deadAbandoned,LIFE RESEARCH,"Aug. 02, 2010",Life Research Pty Ltd,,scott.needham@liferesearch.com
77848065,deadAbandoned,YOUR PET IS LIKE NO OTHER,"Dec. 20, 2010","Bailey, Jason W",,waggers@telus.net
77848045,REQUEST_FAILED,,,,,
77848078,REQUEST_FAILED,,,,,
77848241,REQUEST_FAILED,,,,,
77848472,deadAbandoned,ASK ANSWER MAN,"Jul. 20, 2010","Shamrock Technologies, Inc.",,eschneider@shamrocktechnologies.com
77848333,REQUEST_FAILED,,,,,
77848429,deadAbandoned,STAY YOUNG & SEXY,"Jul. 16, 2010",Morgenthaler Family Limited Partnership,,ed@smart-publications.com
77848388,REQUEST_FAILED,,,,,
77848488,REQUEST_FAILED,,,,,
77848494,REQUEST_FAILED,,,,,
77848529,REQUEST_FAILED,,,,,
77848676,REQUEST_FAILED,,,,,
77848852,deadAbandoned,SHILOH,"Nov. 09, 2010",Shiloh Winery Israel LTD,,mayer_chomer@hotmail.com
77848910,deadAbandoned,CARTOMIZER,"Jul. 19, 2010","Liberty Cartridges, Ltd.",,libertycarts@gmail.com
77848858,deadAbandoned,CONVO,"Jul. 22, 2010",Convo Communications,,
77848913,REQUEST_FAILED,,,,,
77848978,REQUEST_FAILED,,,,,
77848984,REQUEST_FAILED,,,,,
77848995,REQUEST_FAILED,,,,,
77849074,deadAbandoned,AMERICA TOUCH QUALITY THAT TOUCHES YOU,"Jul. 27, 2010",America Touch Enterprise,,mike@americatouch.com
77849075,deadAbandoned,STORYBOOK HEIRLOOMS,"Jul. 19, 2010","ROSETTA MILLINGTON, INC.",,rosettamillington@gmail.com
77849060,REQUEST_FAILED,,,,,
77849209,deadAbandoned,None,"Jul. 27, 2010","Cox, John L",,johncox@worldlifeministries.com
77849193,REQUEST_FAILED,,,,,
77849213,REQUEST_FAILED,,,,,
77849249,REQUEST_FAILED,,,,,
77849396,deadAbandoned,AUSTRALAB,"Jul. 19, 2010",Sami Eljurdi,,sam@australab.com
77849305,REQUEST_FAILED,,,,,
77849324,REQUEST_FAILED,,,,,
77849354,REQUEST_FAILED,,,,,
77849369,REQUEST_FAILED,,,,,
77849408,REQUEST_FAILED,,,,,
77849419,REQUEST_FAILED,,,,,
77849622,deadAbandoned,UP,"May 25, 2010","Gutierrez, Daniel",,ronirenee@ca.rr.com
77849506,REQUEST_FAILED,,,,,
77849647,REQUEST_FAILED,,,,,
77849689,deadAbandoned,ALTERNATIVE INVESTMENT CORPORATION OF AMERICA,"Jul. 22, 2010","1031 Alternatives Group, LLC",,grantconness@yahoo.com
77849753,deadAbandoned,SIELLA,"Jul. 26, 2010","AMERICAN DE ROSA LAMPARTS, LLC",,JQuach@lamparts.com
77849758,REQUEST_FAILED,,,,,
77849951,REQUEST_FAILED,,,,,
77849997,REQUEST_FAILED,,,,,
77850009,REQUEST_FAILED,,,,,
77850048,deadAbandoned,DEXORIL,"Jul. 08, 2010","Vepuri, Kalyan C.",,kal.vepuri@gmail.com
77850112,REQUEST_FAILED,,,,,
77850111,REQUEST_FAILED,,,,,
77850185,REQUEST_FAILED,,,,,
77850298,deadAbandoned,SLIM SYRUP,"Jul. 29, 2010",Fresh Start Trading LLC,,yvonnezhng@yahoo.com
77850378,deadAbandoned,FASHIONLABEL,"Jul. 29, 2010",Messac Reginalde,,
77850286,REQUEST_FAILED,,,,,
77850439,deadAbandoned,OPEN: CONVERSATIONS,"Dec. 20, 2010",American Express Marketing & Development Corp.,,
77850409,deadAbandoned,CLEAR PATH,"Dec. 27, 2010","Metagenics, Inc.",,jenniferh@metagenics.com
77850349,REQUEST_FAILED,,,,,
77850388,REQUEST_FAILED,,,,,
77850437,REQUEST_FAILED,,,,,
77850525,REQUEST_FAILED,,,,,
77850706,deadAbandoned,EDOCMAX,"Jul. 26, 2010","Ecompex, Inc.",,fanyang.jiang@ecompex.com
77850527,REQUEST_FAILED,,,,,
77850594,REQUEST_FAILED,,,,,
77850741,deadAbandoned,PRO LINE,"Jul. 23, 2010",Pilot Automotive Inc.,,patentlawinc@hotmail.com
77850712,REQUEST_FAILED,,,,,
77850877,deadAbandoned,CC,"Apr. 20, 2010","R&H Distribution, Inc.",,
77850891,deadAbandoned,HEALTHPROJOBS,"Jul. 21, 2010","HealthProJobs, LLC.",,EBell@HealthProJOBS.com
77850794,REQUEST_FAILED,,,,,
77850750,REQUEST_FAILED,,,,,
77850825,REQUEST_FAILED,,,,,
77850829,REQUEST_FAILED,,,,,
77851041,deadAbandoned,FMX,"Jul. 26, 2010","CHEN, HSIEN-LAI",,eiji0808@so-net.net.tw
77850901,REQUEST_FAILED,,,,,
77851042,deadAbandoned,DERMA HYDRATE SUIT,"Jul. 27, 2010",Realsauna Sporting Goods,,keem815@gmail.com
77851009,deadAbandoned,1-800-JUNK-911,"Jul. 23, 2010",Junk Rescue Company,,kbredden@junkrescue.com
77850968,REQUEST_FAILED,,,,,
77851067,REQUEST_FAILED,,,,,
77851068,REQUEST_FAILED,,,,,
77851100,deadAbandoned,TOSHIEBA,"Jul. 23, 2010",Peyman Posbtmahi,,Ceo@rightsandmarks.org
77851073,REQUEST_FAILED,,,,,
77851093,deadAbandoned,PLAYTIME TOYS,"Jul. 26, 2010","Chakraborty, Nandini",,nicknack@vsnl.net
77851121,REQUEST_FAILED,,,,,
77851126,REQUEST_FAILED,,,,,
77851176,deadAbandoned,ORGANIC GO GREEN,"Jul. 29, 2010",Mihaela Penciu,,miki@ix.netcom.com
77851260,deadAbandoned,F CK CANCER,"Jul. 25, 2010","myers, melissa and adams, christal",,pinkstilettos_sandiego@hotmail.com
77851236,deadAbandoned,MAVENFOREX,"Jul. 27, 2010",Apostolatos Apostolos,,apostolos@apostolatos.com
77851179,REQUEST_FAILED,,,,,
77851281,deadAbandoned,STRIKHER,"Jul. 29, 2010","Miller, Thomas E.",,ballherlimited@aol.com
77851224,REQUEST_FAILED,,,,,
77851227,REQUEST_FAILED,,,,,
77851288,deadAbandoned,SPIKHER,"Dec. 27, 2010","Miller, Thomas E.",,ballherlimited@aol.com
77851248,REQUEST_FAILED,,,,,
77851339,deadAbandoned,None,"Jul. 27, 2010","GUANGZHOU NANDADI TEXTILE GARMENT CO., LTD",,
77851285,REQUEST_FAILED,,,,,
77851316,REQUEST_FAILED,,,,,
77851365,deadAbandoned,ENTERPRISE SURVEILLANCE MANAGER,"Jul. 23, 2010",ipConfigure,,christopher@ipconfigure.com
77851351,REQUEST_FAILED,,,,,
77851408,REQUEST_FAILED,,,,,
77851437,REQUEST_FAILED,,,,,
77851544,REQUEST_FAILED,,,,,
77851583,deadAbandoned,WORKIN' FOLK'S TRIATHLON,"Aug. 20, 2010",Workin' Folk's Triathlon LLC,,jay@logocare.com
77851554,REQUEST_FAILED,,,,,
77851625,deadAbandoned,THE STAFFING EXPERTS,"Aug. 01, 2010",Optimal Velocity Solutions LLC,,EBell@OptimalV.com
77851562,REQUEST_FAILED,,,,,
77851606,deadAbandoned,TRIEA SYSTEMS,"Jul. 25, 2010","TRIEA Systems, LLC",,jay@logocare.com
77851711,deadAbandoned,WHOLIST COACHING,"Jul. 27, 2010",Linda Bark,,lbark7777@aol.com
77851594,deadAbandoned,FIND YOUR DREAM JOB TODAY!,"Jul. 27, 2010",HealthProJOBS LLC,,EBell@HealthProJOBS.com
77851684,REQUEST_FAILED,,,,,
77851722,REQUEST_FAILED,,,,,
77851792,deadAbandoned,POWER BREATHERS,"Jul. 23, 2010","The Global DR Group, LLC.",,alberto@theglobaldrgroup.com
77851749,REQUEST_FAILED,,,,,
77851753,REQUEST_FAILED,,,,,
77851920,deadAbandoned,PADDYMAGIC,"Dec. 03, 2010",Purcell Justin,,justin@paddymagic.com
77851815,REQUEST_FAILED,,,,,
77852047,deadAbandoned,CANDY COOKIES,"Jul. 30, 2010",James Fakunle,,fakunle5@aol.com
77851969,REQUEST_FAILED,,,,,
77851972,REQUEST_FAILED,,,,,
77852103,REQUEST_FAILED,,,,,
77852102,REQUEST_FAILED,,,,,
77852143,REQUEST_FAILED,,,,,
77852296,deadAbandoned,ON THE BUTTON,"Nov. 29, 2010",On The Button LLC,,support@onthebuttonfightgear.com
77852206,REQUEST_FAILED,,,,,
77852215,REQUEST_FAILED,,,,,
77852342,deadAbandoned,SANPAGES,"Jul. 26, 2010",Herman Roberts,,hroberts@sanmailglobal.net
77852329,deadAbandoned,KINDEE,"Dec. 20, 2010","ZHOU, JINYUAN",,JINRYAN@HOTMAIL.COM
77852354,deadAbandoned,HARRMA,"Aug. 02, 2010","TSOLAKIDIS, VASILIOS",,BTSOLAKIDIS@MSN.COM
77852350,REQUEST_FAILED,,,,,
77852357,REQUEST_FAILED,,,,,
77852362,REQUEST_FAILED,,,,,
77852372,REQUEST_FAILED,,,,,
77852590,deadAbandoned,PRE-LOVED SCRUBS,"Dec. 27, 2010","Alberding, James, W",,Jimalberding@aol.com
77852423,REQUEST_FAILED,,,,,
77852510,REQUEST_FAILED,,,,,
77852533,REQUEST_FAILED,,,,,
77852576,REQUEST_FAILED,,,,,
77852629,REQUEST_FAILED,,,,,
77852779,deadAbandoned,XINFU,"Jul. 26, 2010",The Secrets of CEOs Ltd,,sarah@thesecretsofceos.com
77852694,REQUEST_FAILED,,,,,
77852771,REQUEST_FAILED,,,,,
77852826,REQUEST_FAILED,,,,,
77852974,REQUEST_FAILED,,,,,
77853002,REQUEST_FAILED,,,,,
77853193,deadAbandoned,SALT XTERMINATOR,"Jul. 26, 2010","Daimer Industries, Inc.",,matt@daimer.com
77853320,REQUEST_FAILED,,,,,
77853355,REQUEST_FAILED,,,,,
77853407,deadAbandoned,DAILY THREADS,"Aug. 28, 2010","Daily Threads, LLC",,dailythreads@gmail.com
77853368,REQUEST_FAILED,,,,,
77853417,REQUEST_FAILED,,,,,
77853465,deadAbandoned,FLIRTSCHOOL,"Dec. 27, 2010","Neuschaefer, Gabriele",,G.Neuschaefer@go-grasp.com
77853413,REQUEST_FAILED,,,,,
77853431,REQUEST_FAILED,,,,,
77853473,deadAbandoned,FIFTH STREET COMMUNICATIONS,"Jul. 08, 2010","Anderson University, Inc.",,docketing@pelaw.net
77853550,REQUEST_FAILED,,,,,
77853596,REQUEST_FAILED,,,,,
77853638,REQUEST_FAILED,,,,,
77853703,REQUEST_FAILED,,,,,
77853786,REQUEST_FAILED,,,,,
77853990,deadAbandoned,PRO JOE,"Jul. 27, 2010","Catalina Lifesciences, Inc.",,tom.kinder@bariatricadvantage.com
77853891,REQUEST_FAILED,,,,,
77853908,deadAbandoned,GREEN HOUSE DATA,"Jul. 27, 2010","Green House Data, Inc",,smills@greenhousedata.com
77854023,deadAbandoned,WANT AD DIGEST,"Jul. 27, 2010","Want Ad Digest, Inc",,mhastings@wantaddigest.com
77854058,deadAbandoned,CERTIFIED MAIL ENVELOPES,"Jul. 28, 2010","Certified Mail Envelopes, Inc.",,garyb@certified-mail-envelopes.com
77853834,deadAbandoned,TÜL,"Dec. 27, 2010","Caldwell, Bryce C",,beachbryce@comcast.net
77853957,REQUEST_FAILED,,,,,
77853999,REQUEST_FAILED,,,,,
77854130,deadAbandoned,BULLETFIN,"Dec. 27, 2010","Pettibone, Ron D.",,rondoesart@gmail.com
77854246,deadAbandoned,MAX,"Jul. 29, 2010","Security Design Integrators, Inc.",,mwalker@sdi-2.com
77854434,deadAbandoned,SHUTUNG,"Aug. 02, 2010",Vittoria Ruth Zack,,vicky@vzinternational.com
77854451,deadAbandoned,US GOLD AND ESTATE COMPANY,"Aug. 02, 2010","ARCH STANTON, LLC",,
77854387,REQUEST_FAILED,,,,,
77854431,deadAbandoned,SUGAR,"Jul. 27, 2010","QUARTEY, KINGSLEY .Y.",,finachema@hotmail.com
77854615,deadAbandoned,ALPHAMALECASH,"Aug. 03, 2010",Sunrise Media Ltd,,sunrisemedialtd@yahoo.co.uk
77854435,REQUEST_FAILED,,,,,
77854916,deadAbandoned,ATHLADE,"Dec. 27, 2010",Louis Fierro,,suelou2@optonline.net
77854968,deadAbandoned,SIMPLE SHAKE,"Dec. 27, 2010","Osez Vous? International Spirits, LLC",,rcooper@cooperspirits.com
77854643,REQUEST_FAILED,,,,,
77855003,deadAbandoned,CLARITY GAP,"Jul. 01, 2010",OneSpring LLC,,ckonfrst@onespring.net
77854844,deadAbandoned,PLAYGROUND101,"Dec. 27, 2010",Direct Marketing Store,,sbburns@optonline.net
77855076,deadAbandoned,PUMAS USA CVYSL EST. 1982,"Oct. 05, 2010",Hugo Molina,,
77855106,deadAbandoned,SYMPHONY OF SCIENCE,"Jul. 28, 2010","Boswell, John D",,john@symphonyofscience.com
77854293,REQUEST_FAILED,,,,,
77855152,deadAbandoned,AFRO FLOW YOGA,"Jul. 29, 2010",Deborah Steingesser,,
77855354,deadAbandoned,S.P.O.T.S. SO PUT ON THE SEATBELT,"Aug. 02, 2010","Rudolph, Jan M.E.",,jmer@impetuouspet.com
77855271,deadAbandoned,FOREX TRADE ACADEMY,"Aug. 21, 2010","Forex Trade Academy, Inc.",,jay@logocare.com
77855317,REQUEST_FAILED,,,,,
77855442,deadAbandoned,SEMPER FIESTY,"Jul. 28, 2010",Eclair Omnimedia Corporation,,info@eclair.com
77855510,REQUEST_FAILED,,,,,
77855597,deadAbandoned,GREEN WORLD,"Aug. 02, 2010",Green Sources Enterprises Limited,,info@mingyong.com
77855636,REQUEST_FAILED,,,,,
77855790,deadAbandoned,WOLVERINE POWER SYSTEMS,"Aug. 02, 2010","GMT Power, Inc.",,
77855771,deadAbandoned,ROCK IT,"Aug. 02, 2010",ROCK IT LIMITED,,alixyaleristas@gmail.com
77855826,REQUEST_FAILED,,,,,
77855869,REQUEST_FAILED,,,,,
77855954,deadAbandoned,SERAFINO,"Aug. 03, 2010","PCBABBLE, INC.",,AngelRevNow@aol.com
77855934,REQUEST_FAILED,,,,,
77856014,deadAbandoned,REDP,"Jun. 23, 2010",Anova Financial Corporation,,tnc@bi-corp.com
77855956,REQUEST_FAILED,,,,,
77855957,REQUEST_FAILED,,,,,
77856126,deadAbandoned,GET UP FOR IT!,"Aug. 03, 2010","Anderson, Michael",,inkpanther@msn.com
77856145,deadAbandoned,KNOWLEDGESTICK,"Jul. 30, 2010","Knowledgestick, L.L.C.",,partners@riverstick.com
77856092,REQUEST_FAILED,,,,,
77856139,REQUEST_FAILED,,,,,
77856203,REQUEST_FAILED,,,,,
77856327,REQUEST_FAILED,,,,,
77856384,deadAbandoned,None,"Dec. 27, 2010","Shanxi Santong Electronic Co., Ltd.",,zlimousine@yahoo.com
77856469,deadAbandoned,None,"Dec. 27, 2010","Cantwell, Jeremy M",,derbycitycustoms@yahoo.com
77856370,REQUEST_FAILED,,,,,
77856488,deadAbandoned,THE GODDESS FESTIVAL,"Dec. 28, 2010",Vick Kelley,,info@goddessfestival.com
77856627,deadAbandoned,GRO CAL,"Jul. 30, 2010","Dupuis, Mark Steven",,msd6924@gmail.com
77856572,REQUEST_FAILED,,,,,
77856620,REQUEST_FAILED,,,,,
77856661,REQUEST_FAILED,,,,,
77856707,REQUEST_FAILED,,,,,
77856708,REQUEST_FAILED,,,,,
77856729,deadAbandoned,CHRONICLES OF MOMNIA,"Oct. 08, 2010","Hemakom, Rosana",,therosana@yahoo.com
77856721,deadAbandoned,TYPE N WALK,"Jul. 29, 2010",CGactive LLC,,contact@type-n-walk.com
77856711,REQUEST_FAILED,,,,,
77856744,deadAbandoned,VIDEO HOUSECALL,"Aug. 03, 2010",Interactive Care Technologies LLC,,dan.davis@icaretech.com
77856782,deadAbandoned,GROW CAL,"Jul. 30, 2010","Dupuis, Mark Steven",,msd6924@gmail.com
77856755,REQUEST_FAILED,,,,,
77856804,REQUEST_FAILED,,,,,
77856868,deadAbandoned,MR. KWIK,"Aug. 02, 2010","Zaremba, Richard",,richzaremba@comcast.net
77856879,deadAbandoned,CHANGE,"Aug. 10, 2010","LIN, WEN TENG",,gtptf@ms43.hinet.net
77856810,REQUEST_FAILED,,,,,
77856931,deadAbandoned,PRETZYCLE,"Aug. 02, 2010","Boyle, Edward, G",,edboyle_1@yahoo.com
77856896,REQUEST_FAILED,,,,,
77857076,REQUEST_FAILED,,,,,
77857108,REQUEST_FAILED,,,,,
77857199,deadAbandoned,BAYOU REAPERS MOTORCYCLE CLUB,"Aug. 04, 2010","Bridges, Brenton",,bbridgesbaby@yahoo.com
77857203,REQUEST_FAILED,,,,,
77857278,REQUEST_FAILED,,,,,
77857271,REQUEST_FAILED,,,,,
77857341,REQUEST_FAILED,,,,,
77857617,deadAbandoned,GIRLS NIGHT OUT,"Aug. 13, 2010","Shecky's Media, Incorporated",,
77857543,REQUEST_FAILED,,,,,
77857682,deadAbandoned,NATURALLY SEXY,"May 26, 2010",PRAVANA INTERNATIONAL,,
77857678,REQUEST_FAILED,,,,,
77857725,REQUEST_FAILED,,,,,
77857743,REQUEST_FAILED,,,,,
77857769,REQUEST_FAILED,,,,,
77857825,deadAbandoned,GALAXY TENT,"Jul. 30, 2010",Michael Chaklos,,paul@giantad.com
77857789,REQUEST_FAILED,,,,,
77857884,deadAbandoned,SCROOGEMAS,"Jul. 30, 2010",Janet L Fox,,janfox_email@yahoo.com
77857865,REQUEST_FAILED,,,,,
77857879,REQUEST_FAILED,,,,,
77857897,REQUEST_FAILED,,,,,
77857917,REQUEST_FAILED,,,,,
77858193,deadAbandoned,REKLES ENTERTAINMENT,"Sep. 02, 2010","Justice, Stacey, N",,stacey_justice2000@yahoo.com
77858368,deadAbandoned,HEALTHCOACH,"Aug. 10, 2010",The Habit Change Company LLC,,info@mindbodyspiritinc.com
77858205,REQUEST_FAILED,,,,,
77858251,REQUEST_FAILED,,,,,
77858271,REQUEST_FAILED,,,,,
77858588,REQUEST_FAILED,,,,,
77858680,REQUEST_FAILED,,,,,
77858681,REQUEST_FAILED,,,,,
77858779,REQUEST_FAILED,,,,,
77858797,REQUEST_FAILED,,,,,
77858848,REQUEST_FAILED,,,,,
77858951,deadAbandoned,POWERALIEN,"Aug. 03, 2010",Formation Limited,,margaret@theformationgroup.com
77858877,REQUEST_FAILED,,,,,
77858941,deadAbandoned,NEW LIFE WELLNESS CENTER,"Aug. 10, 2010","Hockings International, Inc.",,drjeffhockings@yahoo.com
77858883,REQUEST_FAILED,,,,,
77858997,REQUEST_FAILED,,,,,
77859083,REQUEST_FAILED,,,,,
77859251,deadAbandoned,SHAREPOINT ADMINISTRATORS SURVIVAL CAMP,"Aug. 04, 2010","Critical Path Training, LLC",,ted.pattison@criticalpathtraining.com
77859264,deadAbandoned,SHAREPOINT BRAND CAMP,"Aug. 04, 2010","Critical Path Training, LLC",,ted.pattison@criticalpathtraining.com
77859205,REQUEST_FAILED,,,,,
77859237,REQUEST_FAILED,,,,,
77859283,deadAbandoned,CLEANERTIMES,"Aug. 05, 2010","Yarbrough, Francis C.",,richard@adpub.com
77859284,REQUEST_FAILED,,,,,
77859317,REQUEST_FAILED,,,,,
77859469,deadAbandoned,WORD GLYPH,"Aug. 05, 2010",Kevin Glikmann,,
77859435,REQUEST_FAILED,,,,,
77859801,deadAbandoned,BEEHIVE READER,"Aug. 04, 2010","All About Spelling, Inc.",,marie.rippel@gmail.com
77859867,deadAbandoned,"LADY LAW CLOTHING ""THE PRACTICAL SUIT FOR THE LAW ENFORCEMENT OFFICER WHO IS A LADY FIRST""","Aug. 06, 2010",Lady Law Clothing,,info@ladylawclothing.com
77859734,REQUEST_FAILED,,,,,
77859743,REQUEST_FAILED,,,,,
77859884,REQUEST_FAILED,,,,,
77859966,deadAbandoned,TITS 'N PEARL GIRL,"Aug. 02, 2010","Estes, Sherry Ann",,gal72700@aol.com
77860079,deadAbandoned,EXECUTIVE DASHBOARD,"Aug. 03, 2010","Foundation Software, Inc.",,tsilva@foundationsoft.com
77859911,REQUEST_FAILED,,,,,
77860056,deadAbandoned,FOUNDATION GREEN BUTTONS,"Aug. 03, 2010","Foundation Software, Inc.",,tsilva@foundationsoft.com
77859980,REQUEST_FAILED,,,,,
77860182,deadAbandoned,CREATIVE CRIB,"Nov. 16, 2010",DROLET CONSULTING LLC,,
77860314,deadAbandoned,TELEMETRY,"Aug. 10, 2010",Telemetry Limited,,sbarnicoat@telemetry.com
77860141,REQUEST_FAILED,,,,,
77860546,deadAbandoned,SAFE SERVICE PROVIDERS,"Aug. 04, 2010",THE IAMB (THE INTERNATIONAL ASSOCIATION OF MORTGAGE BROKERS),,katrina@theiamb.com
77860251,REQUEST_FAILED,,,,,
77860293,REQUEST_FAILED,,,,,
77860563,deadAbandoned,1 WEAPON ONE,"Aug. 12, 2010","C/O. AMEZQUITA, RICHARD L.",,RWHLM@AOL.COM
77860504,REQUEST_FAILED,,,,,
77860718,REQUEST_FAILED,,,,,
77860839,REQUEST_FAILED,,,,,
77860863,REQUEST_FAILED,,,,,
77860930,REQUEST_FAILED,,,,,
77861160,deadAbandoned,CHAMPIONS FOR KIDS,"Aug. 04, 2010",Champions for Kids,,mhenry@roselawfirm.com
77861012,REQUEST_FAILED,,,,,
77861178,deadAbandoned,CHAMPIONS FOR KIDS,"Aug. 04, 2010",Champions for Kids,,mhenry@roselawfirm.com
77861289,deadAbandoned,PROHIBITION GIN,"Jul. 07, 2010",Heartland Distillers LLC,,stuart@heartlanddistillers.com
77861306,deadAbandoned,CIRCUS SILLY WILLY,"Aug. 05, 2010","Miller, Paul",,circusrespectus@gmail.com
77861256,REQUEST_FAILED,,,,,
77861254,REQUEST_FAILED,,,,,
77861323,deadAbandoned,IMPROVD,"Aug. 18, 2010",Scatola LLC,,valentino@scatolaus.com
77861311,REQUEST_FAILED,,,,,
77861366,REQUEST_FAILED,,,,,
77861652,deadAbandoned,AMERICAN COLLABORATIVE JOURNAL,"Aug. 16, 2010","Hanks, Dora Lynn",,dlynnhanks@aol.com
77861649,REQUEST_FAILED,,,,,
77861690,REQUEST_FAILED,,,,,
77861701,REQUEST_FAILED,,,,,
77861906,deadAbandoned,WALL CRETE,"Jun. 17, 2010",Bryan J. Gauthier,,bryan@betterpaths.com
77861799,REQUEST_FAILED,,,,,
77861895,REQUEST_FAILED,,,,,
77861917,REQUEST_FAILED,,,,,
77861940,REQUEST_FAILED,,,,,
77862003,deadAbandoned,M MOVE THE CROWD,"Aug. 06, 2010","Chavers, Terence Scott",,tchavers@movethecrowd.com
77862007,deadAbandoned,COUGAR COUTURE,"Aug. 09, 2010","Tyson, Harry S.",,hstyson@mindspring.com
77861962,REQUEST_FAILED,,,,,
77861971,REQUEST_FAILED,,,,,
77862033,REQUEST_FAILED,,,,,
77862111,deadAbandoned,CAN'T FORECLOSE ON OUR LOVE - USA TOUR,"Aug. 05, 2010",FIBTreasury Corporation,,dkarvonen@gmail.com
77862113,REQUEST_FAILED,,,,,
77862123,REQUEST_FAILED,,,,,
77862167,deadAbandoned,P2THELA,"Aug. 10, 2010",HARLEMVIXEN Limited,,daitona@daitonacarter.com
77862423,deadAbandoned,BOOZE CLUB,"Aug. 10, 2010","Handschuh, Edwin T.",,boozeclub@live.com
77862421,deadAbandoned,AGELESS HIPPIE'S BITCHIN CLUB,"Aug. 10, 2010","Zazzi, Margaret M",,ahbc54@optonline.net
77862401,deadAbandoned,GIIMMÖ,"Aug. 13, 2010","ARTILIZE WORLDWIDE CO., LTD.",,jimmy@artilize.com
77862177,REQUEST_FAILED,,,,,
77862400,REQUEST_FAILED,,,,,
77862374,REQUEST_FAILED,,,,,
77862452,REQUEST_FAILED,,,,,
77862548,REQUEST_FAILED,,,,,
77862609,REQUEST_FAILED,,,,,
77862673,REQUEST_FAILED,,,,,
77862701,REQUEST_FAILED,,,,,
77862712,REQUEST_FAILED,,,,,
77862719,REQUEST_FAILED,,,,,
77862837,REQUEST_FAILED,,,,,
77862999,deadAbandoned,PROHIBITION,"Aug. 10, 2010",Brian Thomas Pearson,,brian@pearsonandpearson.org
77862843,REQUEST_FAILED,,,,,
77862869,REQUEST_FAILED,,,,,
77863011,deadAbandoned,WEBILIZE,"Aug. 06, 2010",Rama Krishna Rimmalapudi,,rama@webilize.co.uk
77862951,REQUEST_FAILED,,,,,
77863002,REQUEST_FAILED,,,,,
77863202,deadAbandoned,SALON DE YORK FASHION MUSEUM OF HOME LIFE,"Aug. 16, 2010","Zhou, Yue",,qtt888@gmail.com
77863050,REQUEST_FAILED,,,,,
77863270,deadAbandoned,DMX POWER,"Aug. 06, 2010","Brewer, Joel Michael",,ccjmb201@yahoo.com
77863076,REQUEST_FAILED,,,,,
77863220,REQUEST_FAILED,,,,,
77863323,deadAbandoned,NATURAL BURST ENHANCE YOUR LIFE...,"Aug. 13, 2010","Natural Burst, LLC.",,ronny@naturalburst.com
77863276,REQUEST_FAILED,,,,,
77863320,REQUEST_FAILED,,,,,
77863324,REQUEST_FAILED,,,,,
77863336,REQUEST_FAILED,,,,,
77863360,REQUEST_FAILED,,,,,
77863363,REQUEST_FAILED,,,,,
77863431,deadAbandoned,IML PACKAGING SOLUTIONS,"Aug. 11, 2010",IML Packaging Solutions Holding Corporation,,ioana.mota@weidenhammer.de
77863455,REQUEST_FAILED,,,,,
77863573,REQUEST_FAILED,,,,,
77863699,deadAbandoned,EBOXMEDI@ ENTERTAINMENT ON A STICK,"Aug. 11, 2010",eBoxMedia,,info@ebox-media.com
77863622,REQUEST_FAILED,,,,,
77863756,deadAbandoned,ALMIR UNDERWEAR,"Aug. 11, 2010","Agatha Lingerie, Inc.",,agathalingerie@bellsouth.net
77863685,REQUEST_FAILED,,,,,
77863695,REQUEST_FAILED,,,,,
77863738,REQUEST_FAILED,,,,,
77863744,REQUEST_FAILED,,,,,
77863797,REQUEST_FAILED,,,,,
77863798,REQUEST_FAILED,,,,,
77864032,REQUEST_FAILED,,,,,
77864066,REQUEST_FAILED,,,,,
77864106,REQUEST_FAILED,,,,,
77864212,deadAbandoned,PRINCESS COUTURE,"Aug. 09, 2010","Novelty, Inc.",,
77864222,deadAbandoned,BLACK LABEL KIDS,"Aug. 10, 2010",Black Label Kids LLC,,info@blacklabelkids.com
77864284,deadAbandoned,METRISOFT,"Aug. 10, 2010","Metrisoft, LLC",,mmackay@metrisoft.com
77864193,REQUEST_FAILED,,,,,
77864194,REQUEST_FAILED,,,,,
77864223,REQUEST_FAILED,,,,,
77864415,deadAbandoned,MILFYMILFOWITZ.COM,"Aug. 09, 2010","Cohen, Joyce C",,joyceface2@yahoo.com
77864369,REQUEST_FAILED,,,,,
77864437,deadAbandoned,TOMOMOBILE,"Oct. 14, 2010","Michael Friebe, PhD",,mfriebe@tomovation.com
77864443,deadAbandoned,ONECLICKCOACH,"Aug. 11, 2010",OCC GmbH i.G.,,frank.diestelhorst@web.de
77864412,REQUEST_FAILED,,,,,
77864452,deadAbandoned,SECURE-CHART,"Aug. 18, 2010",E-Dictate LLC,,raina@edictate.com
77864432,deadAbandoned,EZ WAKE,"Aug. 19, 2010","Vasquez, Jesse",,jesvasquez@aol.com
77864492,deadAbandoned,BRANDWORDS,"Dec. 13, 2010",CharlesBernd AG,,karl.gosejacob@charlesbernd.com
77864451,deadAbandoned,SECURE-DOC,"Aug. 18, 2010",E-Dictate LLC,,raina@edictate.com
77864420,REQUEST_FAILED,,,,,
77864468,REQUEST_FAILED,,,,,
77864525,deadAbandoned,WIKICHECKLIST,"Aug. 16, 2010","Carrasco-Munoz, Jordi",,jordi.carrascomunoz@mac.com
77864555,deadAbandoned,INEX,"Aug. 13, 2010",Company INEXUKRPARKET,,dportna@gmail.com
77864571,REQUEST_FAILED,,,,,
77864667,deadAbandoned,ROCK IT SOUNDS,"Aug. 02, 2010",ROCK IT LIMITED,,alixyaleristas@gmail.com
77864450,deadAbandoned,SECURE-BILL+,"Aug. 18, 2010",E-Dictate LLC,,raina@edictate.com
77864719,deadAbandoned,READ BONE,"Aug. 12, 2010",Read Bone LLC,,ccastillo@readbone.com
77864718,REQUEST_FAILED,,,,,
77864746,REQUEST_FAILED,,,,,
77864861,REQUEST_FAILED,,,,,
77865058,deadAbandoned,ENERFLOW LLC,"Aug. 09, 2010","Philpot, Edward L.",,christyf76@yahoo.com
77865036,REQUEST_FAILED,,,,,
77865094,REQUEST_FAILED,,,,,
77865150,REQUEST_FAILED,,,,,
77865420,deadAbandoned,GOT AIR? EXTREME SPORTS,"Aug. 18, 2010","Schwalm, Bradley R",,gotairextremesports@yahoo.com
77865151,REQUEST_FAILED,,,,,
77865460,deadAbandoned,SENIOR HEALTH & WELL-BEING VISITS,"Aug. 13, 2010","Caregivers Direct, Inc.",,caredirectinc@gmail.com
77865466,deadAbandoned,MY DISCOVERY LAB,"Nov. 22, 2010",My Discovery Lab,,shavonkillings@aol.com
77865475,deadAbandoned,BLUE RIDGE CHOCOLATES,"Aug. 12, 2010","Mantero, Joaquin A.",,lmantero@roadrunner.com
77865380,REQUEST_FAILED,,,,,
77865584,REQUEST_FAILED,,,,,
77865592,REQUEST_FAILED,,,,,
77865703,deadAbandoned,BEST PUPPY PADS,"Aug. 12, 2010",Mednet Direct Corp.,,rperissi@mednetdirect.com
77865661,REQUEST_FAILED,,,,,
77865672,REQUEST_FAILED,,,,,
77865791,deadAbandoned,AGGY LINGERIE,"Aug. 11, 2010","Agatha Lingerie, Inc.",,agathalingerie@bellsouth.net
77866008,deadAbandoned,STANDARD OF LIVING INDEX,"Aug. 10, 2010",Robert Edward McGrath,,edward-mcgrath@earthlink.net
77865845,REQUEST_FAILED,,,,,
77865902,REQUEST_FAILED,,,,,
77866024,REQUEST_FAILED,,,,,
77866095,REQUEST_FAILED,,,,,
77866284,deadAbandoned,YUMMERZ,"Aug. 11, 2010",Grace Forker,,
77866140,REQUEST_FAILED,,,,,
77866228,REQUEST_FAILED,,,,,
77866389,deadAbandoned,GMACFS DIRECT,"Aug. 12, 2010","Rogin, John C",,gestaltian@me.com
77866292,REQUEST_FAILED,,,,,
77866385,REQUEST_FAILED,,,,,
77866523,deadAbandoned,ORGANIC CHICKEN,"Aug. 18, 2010",ORGANIC CHICKEN CO.,,INFO@ORGANICCHICKENCO.COM
77866418,REQUEST_FAILED,,,,,
77866420,REQUEST_FAILED,,,,,
77866541,deadAbandoned,24/7 TECHIES,"Aug. 17, 2010",Eureka Technology Partners Limited,,dilendraw@eurekasl.com
77866548,deadAbandoned,SHADOWBANE,"Dec. 20, 2010",Ubisoft Entertainment,,
77866519,deadAbandoned,ORGANIC CHICKEN,"Aug. 18, 2010",ORGANIC CHICKEN CO.,,INFO@ORGANICCHICKENCO.COM
77866633,deadAbandoned,SOVEREIGN SILVER,"Aug. 17, 2010",William Hunt,,wl_hunt@yahoo.com
77866684,deadAbandoned,VIRGIN ABYSS,"Aug. 13, 2010",LC INTERNATIONAL LC,,mauiterri@yahoo.com
77866563,REQUEST_FAILED,,,,,
77866788,deadAbandoned,NAUTILUS H2O,"Aug. 17, 2010",Nautilus H2O,,
77866857,deadAbandoned,CARDGUARD,"Aug. 18, 2010",SYBRITEC CORP.,,sybritec@sasktel.net
77866750,REQUEST_FAILED,,,,,
77866766,REQUEST_FAILED,,,,,
77866963,REQUEST_FAILED,,,,,
77867000,REQUEST_FAILED,,,,,
77867188,deadAbandoned,PUB GATOR,"Aug. 19, 2010","AnnaRuth Holdings, LLC",,bjones1831@gmail.com
77867093,REQUEST_FAILED,,,,,
77867133,REQUEST_FAILED,,,,,
77867395,deadAbandoned,EVERVITAL,"Jul. 01, 2010",BOMUCA INTERNATIONAL CORPORATION,,jlcantu@bomuca.com
77867225,REQUEST_FAILED,,,,,
77867328,deadAbandoned,INTELLIGENT DATA EXTRACTION ALGORITHM,"Oct. 09, 2010","Streamline Automation, LLC",,rodrigo.teixeira@streamlineautomation.biz
77867510,deadAbandoned,EARLY BIRD,"Aug. 13, 2010","Kiefer, Sandra",,HSPacking@aol.com
77867327,REQUEST_FAILED,,,,,
77867478,REQUEST_FAILED,,,,,
77867490,REQUEST_FAILED,,,,,
77867550,REQUEST_FAILED,,,,,
77867607,REQUEST_FAILED,,,,,
77867726,deadAbandoned,BPC-ACT,"Aug. 13, 2010","Biological Petroleum Cleaning, Ltd",,netta@biopetroclean.com
77867700,REQUEST_FAILED,,,,,
77867743,deadAbandoned,THE GLOBAL CARBON BANK,"Aug. 20, 2010",The Global Carbon Bank Holdings LLC,,hifica2002@yahoo.com
77867744,REQUEST_FAILED,,,,,
77867751,REQUEST_FAILED,,,,,
77867772,REQUEST_FAILED,,,,,
77867801,deadAbandoned,ORGANIC CHICKS,"Aug. 13, 2010",Pauline M. Rhoads,,drhoads@optonline.net
77867829,REQUEST_FAILED,,,,,
77867936,deadAbandoned,SATIE TEA,"Aug. 18, 2010","SKINSCIENCE LABS, INC.",,dberlin@corporatebureau.com
77867836,REQUEST_FAILED,,,,,
77868054,deadAbandoned,THE GASTRIC VOLUME REDUCTION DIET,"Aug. 19, 2010","SKINSCIENCE LABS, INC.",,dberlin@corporatebureau.com
77868111,deadAbandoned,MOULES ET FRITES,"Aug. 19, 2010",RESTSTAR INC.,,dberlin@corporatebureau.com
77867972,REQUEST_FAILED,,,,,
77868018,REQUEST_FAILED,,,,,
77868050,REQUEST_FAILED,,,,,
77868194,deadAbandoned,POMARITA VILLE,"Aug. 17, 2010","Yogurt Mill, Inc",,yogurtmill@sbcglobal.net
77868159,REQUEST_FAILED,,,,,
77868167,REQUEST_FAILED,,,,,
77868171,REQUEST_FAILED,,,,,
77868338,deadAbandoned,COMPOST-READY,"Aug. 17, 2010",Fresh Technologies Developments Limited,,bruce.drew@btinternet.com
77868372,deadAbandoned,HD STORE,"Aug. 18, 2010","American Marketing Group, LLC",,dburns@amgrp.net
77868337,REQUEST_FAILED,,,,,
77868425,REQUEST_FAILED,,,,,
77868691,deadAbandoned,SIMULTRADE,"Jun. 29, 2010","FTEN, Inc.",,
77868558,REQUEST_FAILED,,,,,
77868693,deadAbandoned,SIMUL-TRADE,"Jun. 29, 2010","FTEN, Inc.",,
77868624,REQUEST_FAILED,,,,,
77868672,REQUEST_FAILED,,,,,
77868771,deadAbandoned,BLUE PACIFIC SOLAR,"Aug. 20, 2010",Blue Pacific Solar Products Inc.,,cliffb@bluepacificsolar.com
77868857,deadAbandoned,COLLEGE WORLD SERIES OF POKER,"Aug. 18, 2010",Robert Smith,,robertcssmith@gmail.com
77868864,deadAbandoned,YOURSCORE,"Aug. 26, 2010",Churnless LLC,,
77868865,deadAbandoned,PLAWARE,"Aug. 25, 2010","Whelan, Jason Sanford",,plaman01@hotmail.com
77868804,REQUEST_FAILED,,,,,
77868883,deadAbandoned,WAIKIKAMUKAU,"Aug. 18, 2010","Prendergast, John,",,seanp@thirstythursday.com.au
77868833,REQUEST_FAILED,,,,,
77868848,REQUEST_FAILED,,,,,
77868935,deadAbandoned,POSITIVE CASH FLOW,"Jun. 22, 2010","Ambess Enterprises, Inc.",,accounting@ambess.com
77868870,REQUEST_FAILED,,,,,
77868948,REQUEST_FAILED,,,,,
77868960,REQUEST_FAILED,,,,,
77868974,REQUEST_FAILED,,,,,
77869125,deadAbandoned,YOLKY,"Dec. 20, 2010",EVRIHOLDER PRODUCTS LLC,,garysevri@gmail.com
77869036,REQUEST_FAILED,,,,,
77869163,deadAbandoned,B,"Aug. 24, 2010","TAYLOR, JAYCEON",,INFO@CENTERCORESELECT.COM
77869091,REQUEST_FAILED,,,,,
77869117,deadAbandoned,EGG POACH'R,"Sep. 20, 2010",EVRIHOLDER PRODUCTS LLC,,garysevri@gmail.com
77869152,deadAbandoned,CENTER OF VISUALIZATION EXCELLENCE,"Dec. 27, 2010",OneSpring LLC,,ckonfrst@onespring.net
77869239,deadAbandoned,GLOBALVIEW,"Aug. 25, 2010","InSequence, Inc.",,
77869182,REQUEST_FAILED,,,,,
77869195,REQUEST_FAILED,,,,,
77869325,deadAbandoned,ERX,"Dec. 13, 2010","FTEN, Inc.",,
77869556,deadAbandoned,ORGANIC CHICKEN CO.,"Aug. 18, 2010",ORGANIC CHICKEN CO.,,INFO@ORGANICCHICKENCO.COM
77869394,REQUEST_FAILED,,,,,
77869452,REQUEST_FAILED,,,,,
77869713,deadAbandoned,DYNAMIC SLA,"Aug. 17, 2010","Simply Continuous, Inc.",,ceidler@simplycontinuous.net
77869633,REQUEST_FAILED,,,,,
77869783,deadAbandoned,ASIARF,"Aug. 20, 2010","AsiaRF, Ltd.",,
77869653,REQUEST_FAILED,,,,,
77869800,deadAbandoned,WIBRAVO,"Aug. 20, 2010","AsiaRF, Ltd.",,
77869814,deadAbandoned,MASALAMARKETS,"Aug. 18, 2010","Patel, Satish T.",,ENJOY_SAP@YAHOO.COM
77869711,REQUEST_FAILED,,,,,
77869807,REQUEST_FAILED,,,,,
77869821,REQUEST_FAILED,,,,,
77869851,REQUEST_FAILED,,,,,
77870030,deadAbandoned,MERVZMOVN,"Aug. 25, 2010","Merila, Brian,T",,MervzMovn@gmail.com
77870033,REQUEST_FAILED,,,,,
77870065,deadAbandoned,BODYFLOW,"Aug. 24, 2010",Big Tiger Living Trust,,
77870038,REQUEST_FAILED,,,,,
77870155,deadAbandoned,SUSTAINABLE PERFORMANCE IMPROVEMENT,"Aug. 25, 2010",Convergent HRS LLC,,lflowers@convergenthrs.com
77870053,REQUEST_FAILED,,,,,
77870171,REQUEST_FAILED,,,,,
77870181,REQUEST_FAILED,,,,,
77870493,deadAbandoned,PATIENT PAGE,"Oct. 19, 2010","Hospital Companions, Inc.",,kathleen@hospitalcompanions.com
77870369,REQUEST_FAILED,,,,,
77870663,REQUEST_FAILED,,,,,
77870682,deadAbandoned,ITC IN TRIUMPH CONCEPTS INTEGRATING HR COMPETENCIES,"Aug. 23, 2010","Dave, Cedric",,cdave@inTriumphConcepts.org
77870684,REQUEST_FAILED,,,,,
77870732,REQUEST_FAILED,,,,,
77870826,deadAbandoned,YOCAFE,"Aug. 20, 2010","Wong, Hui S",,nataliewong1980@gmail.com
77870807,REQUEST_FAILED,,,,,
77870944,REQUEST_FAILED,,,,,
77870970,REQUEST_FAILED,,,,,
77871167,deadAbandoned,HANNIBAL FOGG,"Aug. 20, 2010","Hannibal Fogg, LLC",,
77871042,REQUEST_FAILED,,,,,
77871171,deadAbandoned,HANNIBAL FOGG,"Aug. 20, 2010","Hannibal Fogg, LLC",,
77871173,deadAbandoned,HANNIBAL FOGG,"Aug. 20, 2010","Hannibal Fogg, LLC",,
77871175,deadAbandoned,HANNIBAL FOGG,"Aug. 20, 2010","Hannibal Fogg, LLC",,
77871176,deadAbandoned,HANNIBAL FOGG,"Aug. 20, 2010","Hannibal Fogg, LLC",,
77871177,REQUEST_FAILED,,,,,
77871223,REQUEST_FAILED,,,,,
77871246,REQUEST_FAILED,,,,,
77871381,deadAbandoned,BIZ SURETY BONDS,"Aug. 24, 2010","Stevens, Erika M",,bizsuretybonds@yahoo.com
77871406,deadAbandoned,SERENITY ENTERPRISES,"Aug. 19, 2010","Serenity Investments, LLC",,tom@mjshu.com
77871303,REQUEST_FAILED,,,,,
77871385,deadAbandoned,RESUME JACK,"Aug. 24, 2010","Mulcahy, Jack",,resumejack@gmail.com
77871358,REQUEST_FAILED,,,,,
77871511,deadAbandoned,RAUL EMILIANI,"Sep. 03, 2010","Eastman Strings, Inc.",,sragusa@eastmanstrings.com
77871539,deadAbandoned,AUTO INJURY HELPLINE,"Aug. 20, 2010","STALEX HOLDINGS, LLC",,
77871477,REQUEST_FAILED,,,,,
77871502,REQUEST_FAILED,,,,,
77871565,deadAbandoned,CADENZA,"Oct. 07, 2010","Eastman Strings, Inc.",,sragusa@eastmanstrings.com
77871507,REQUEST_FAILED,,,,,
77871665,deadAbandoned,READ 2 SUCCEED,"Jul. 29, 2010",T.W.O. TSANG,,twotsang@att.net
77871599,REQUEST_FAILED,,,,,
77871633,REQUEST_FAILED,,,,,
77871640,REQUEST_FAILED,,,,,
77871698,REQUEST_FAILED,,,,,
77871703,REQUEST_FAILED,,,,,
77871780,deadAbandoned,YUYU,"Sep. 02, 2010",ZHENG JING,,info.info168@gmail.com
77871740,REQUEST_FAILED,,,,,
77871778,REQUEST_FAILED,,,,,
77872011,deadAbandoned,PHAT BOY BEATS,"Aug. 24, 2010",Teleo Williams,,
77871898,deadAbandoned,TIMECENTRE,"Nov. 03, 2010","TimeCentre, Inc.",,sajusamuel@timecentre.com
77872060,deadAbandoned,NVD,"Jun. 02, 2010","Adriano Goldschmied, LLC",,JohnH@koos.com
77872086,deadAbandoned,SWING CADDY,"Aug. 23, 2010",Benison Global,,benisonglobal@yahoo.com
77872015,REQUEST_FAILED,,,,,
77872217,REQUEST_FAILED,,,,,
77872273,REQUEST_FAILED,,,,,
77872305,REQUEST_FAILED,,,,,
77872455,REQUEST_FAILED,,,,,
77872677,deadAbandoned,PICKUP 101,"Nov. 23, 2010",Mason Communications LLC,,Lance@PickUp101.com
77872698,deadAbandoned,DCI DINING CARDS INTERNATIONAL,"Aug. 24, 2010",Dining Cards International LLC,,dcihawaii@yahoo.com
77872484,REQUEST_FAILED,,,,,
77872757,deadAbandoned,MELLOW MILK,"Sep. 01, 2010","Bay Breeze Holdings, LLC",,jstoneadvisor@yahoo.com
77872718,REQUEST_FAILED,,,,,
77872762,deadAbandoned,JOBUMBRELLA,"Aug. 27, 2010","Job4Sight, LLC",,benjaminkern@yahoo.com
77872751,REQUEST_FAILED,,,,,
77872775,REQUEST_FAILED,,,,,
77872822,deadAbandoned,TAXI RIDE ESTIMATE,"Aug. 16, 2010",Moises Jacobo Franco,,moises.franco@vittorium.com
77872813,REQUEST_FAILED,,,,,
77872989,deadAbandoned,UNO,"Aug. 24, 2010",MR. Belal Mohammad AL-Hamwi,,monicawoous@gmail.com
77872987,deadAbandoned,CANVAS MONTHLY,"Aug. 23, 2010",Artillery Group LLC,,info@canvascleveland.com
77873008,deadAbandoned,BODY ACTIVE BY CANNON,"Sep. 02, 2010","Canmi, S.A. DE C.V.",,
77872888,REQUEST_FAILED,,,,,
77873013,deadAbandoned,MINDGEM PRESS,"Aug. 25, 2010",Jerry H. Gelbart,,teckshrink@gmail.com
77873050,deadAbandoned,BASE-DRAIN,"Aug. 25, 2010",Foulkes Raymond P,,raybsuk@googlemail.com
77872962,REQUEST_FAILED,,,,,
77873003,REQUEST_FAILED,,,,,
77873045,deadAbandoned,MICRODAM,"Aug. 26, 2010",Pixamba,,david.mail37@gmail.com
77873163,deadAbandoned,WINDS WOMEN IN DEFAULT SERVICES,"Sep. 02, 2010","Women in Default Services, Inc.",,afreedman@ehome.com
77873185,deadAbandoned,RUDY'S ITALIAN RESTAURANT & BAR,"Sep. 02, 2010","Amadio, Rodolfo",,jay@logocare.com
77873114,deadAbandoned,VIF (VERY IMPORTANT FAN),"Aug. 27, 2010","International Micro Systems, Inc.",,lrae@ims-pos.com
77873197,deadAbandoned,COASTTOCHRIST.COM,"Sep. 04, 2010",Christopher B. Ransom,,jay@logocare.com
77873147,deadAbandoned,USA MOTORSPORTS,"Sep. 02, 2010",USA WORLDWIDE LLC,,jay@logocare.com
77873161,REQUEST_FAILED,,,,,
77873285,deadAbandoned,SKYMAN,"Dec. 20, 2010",ACI International,,aliau@aciint.com
77873284,deadAbandoned,BOLLYWOOD FOODS,"Sep. 02, 2010","Friedman, Lynne",,jay@logocare.com
77873213,REQUEST_FAILED,,,,,
77873318,deadAbandoned,"PINNACLE EDUCATIONAL CENTER, LLC","Aug. 24, 2010","Pinnacle Educational Center, LLC",,jay@logocare.com
77873245,REQUEST_FAILED,,,,,
77873417,deadAbandoned,BULK ENERGY SPECIALISTS,"Aug. 24, 2010","Cournoyer, Brian",,brian@umginc.com
77873364,REQUEST_FAILED,,,,,
77873374,REQUEST_FAILED,,,,,
77873611,deadAbandoned,SCRUFFERBALL,"Aug. 26, 2010","Carpenter, Bradford, R., Sr.",,lcarpen364@aol.com
77873536,REQUEST_FAILED,,,,,
77873543,REQUEST_FAILED,,,,,
77873553,REQUEST_FAILED,,,,,
77873735,deadAbandoned,PARIS JEANS,"May 10, 2010",alfredo bernaldez,,alfredoc467@hotmail.com
77873797,REQUEST_FAILED,,,,,
77873867,deadAbandoned,RETAIL TRACK,"Nov. 01, 2010",Electronic Entertainment Design and Research,,gshort@eedar.com
77873806,REQUEST_FAILED,,,,,
77873852,REQUEST_FAILED,,,,,
77873912,deadAbandoned,VIBE NUTRITIONAL SYSTEMS,"Aug. 23, 2010","Vibe Fit Club, LLC.",,nabilah@vibefitclub.com
77873930,deadAbandoned,WEST COAST SUPERCHARGING,"Sep. 02, 2010",Clode Moradi,,automotivez@aol.com
77873874,REQUEST_FAILED,,,,,
77873951,REQUEST_FAILED,,,,,
77874146,REQUEST_FAILED,,,,,
77874236,REQUEST_FAILED,,,,,
77874270,REQUEST_FAILED,,,,,
77874281,REQUEST_FAILED,,,,,
77874272,REQUEST_FAILED,,,,,
77874436,REQUEST_FAILED,,,,,
77874522,REQUEST_FAILED,,,,,
77874686,deadAbandoned,AQUA-LIFT,"Sep. 03, 2010",MediPure Products Inc.,,jbalance21@yahoo.com
77874664,REQUEST_FAILED,,,,,
77874705,deadAbandoned,BAD ATTITUDE BAD ATTITUDE STORE.COM,"Sep. 03, 2010","Morgan, Kenneth Richard",,captainmorganscustoms@gmail.com
77874695,REQUEST_FAILED,,,,,
77874829,REQUEST_FAILED,,,,,
77874870,REQUEST_FAILED,,,,,
77874923,deadAbandoned,ILLEGAL INDUSTRIES,"Sep. 20, 2010",DeGrande Randolph A.,,degrande620@yahoo.com
77874897,deadAbandoned,DARK TALES,"Aug. 24, 2010","Blue Tea Games, Inc.",,blueteagames@gmail.com
77874886,REQUEST_FAILED,,,,,
77874966,deadAbandoned,CHARON SOFTWARE,"Aug. 25, 2010","WALKER, CHRIS D",,cwalker@charonsoftware.com
77874926,REQUEST_FAILED,,,,,
77874949,REQUEST_FAILED,,,,,
77875032,REQUEST_FAILED,,,,,
77875074,REQUEST_FAILED,,,,,
77875090,REQUEST_FAILED,,,,,
77875384,deadAbandoned,THE DATA UTILITY COMPANY,"Oct. 12, 2010","Dataium, LLC",,eric@dataium.com
77875231,REQUEST_FAILED,,,,,
77875308,REQUEST_FAILED,,,,,
77875464,REQUEST_FAILED,,,,,
77875696,REQUEST_FAILED,,,,,
77875715,REQUEST_FAILED,,,,,
77875912,REQUEST_FAILED,,,,,
77875916,REQUEST_FAILED,,,,,
77875959,REQUEST_FAILED,,,,,
77875996,deadAbandoned,JOBWIRE.COM.,"Aug. 26, 2010",PEOPLE CONSULTING PROPERTY PTY. LTD,,tculver@jobwire.com.au
77875985,REQUEST_FAILED,,,,,
77875988,REQUEST_FAILED,,,,,
77876109,deadAbandoned,PATENTSCHEAP,"Aug. 27, 2010","Zihal, Joseph G.",,jgz3z@virginia.edu
77876176,REQUEST_FAILED,,,,,
77876266,REQUEST_FAILED,,,,,
77876328,REQUEST_FAILED,,,,,
77876710,deadAbandoned,CHEMICALS DIRECT,"Sep. 03, 2010","Zajac, Joseph",,joseph_zajac@yahoo.com
77876603,REQUEST_FAILED,,,,,
77876713,REQUEST_FAILED,,,,,
77876775,REQUEST_FAILED,,,,,
77876800,REQUEST_FAILED,,,,,
77876901,REQUEST_FAILED,,,,,
77876978,deadAbandoned,HIGHER ECHELON,"Aug. 27, 2010",Dynasty Visionaries,,magicmalikye@gmail.com
77876958,REQUEST_FAILED,,,,,
77876974,REQUEST_FAILED,,,,,
77877069,deadAbandoned,TRADITION CASINO,"Sep. 04, 2010",QED S.A.,,
77877013,REQUEST_FAILED,,,,,
77877144,deadAbandoned,SUEÑOS DE BODA,"Sep. 06, 2010",Francisco Javier Pla Herrero,,webmaster@suenosdeboda.com
77877052,REQUEST_FAILED,,,,,
77877056,REQUEST_FAILED,,,,,
77877217,REQUEST_FAILED,,,,,
77877300,REQUEST_FAILED,,,,,
77877437,REQUEST_FAILED,,,,,
77877638,deadAbandoned,ADAPTIK ADAPT. THRIVE,"Sep. 02, 2010",Adaptik Corporation,,mersoy@adaptik.com
77877610,deadAbandoned,BANNERS WITH CLASS,"Sep. 04, 2010","Dwyer, Thomas J.",,
77877471,REQUEST_FAILED,,,,,
77877568,REQUEST_FAILED,,,,,
77877742,deadAbandoned,JUBES,"Sep. 08, 2010",Crossworks11 Inc,,david@crossworks.com
77877789,deadAbandoned,JUICE CUBES,"Sep. 08, 2010",Crossworks11 Inc,,david@crossworks.com
77878024,deadAbandoned,BEBE'S CHOICE,"Dec. 01, 2010","FR Global Trading Company, Inc.",,aschwartz@schwartzip.com
77877679,REQUEST_FAILED,,,,,
77878073,deadAbandoned,PHI IOTA ALPHA,"Aug. 26, 2010","Phi Iota Alpha Fraternity, Inc.",,phinance31@gmail.com
77878090,deadAbandoned,UNEMPLOYABLE HOBO,"Oct. 01, 2010",Unemployablehobo,,qusecurity@gmail.com
77878075,deadAbandoned,PHIOTA,"Aug. 25, 2010",Phi Iota Alpha,,phinance31@gmail.com
77878097,deadAbandoned,TTACS TACTICAL TEAM ADVANCED COMBATIVE STRATEGIES,"Aug. 26, 2010",Jericho Defense Corp.,,dleary@jerichodefense.com
77878078,REQUEST_FAILED,,,,,
77878076,REQUEST_FAILED,,,,,
77878082,REQUEST_FAILED,,,,,
77878136,deadAbandoned,97,"Sep. 10, 2010",WIMBLE EDWARD J,,ed@stromberg97.com
77878175,deadAbandoned,M MUSCLE UP,"Dec. 14, 2010","Garrett, Maurice",,ucmenow@ymail.com
77878183,deadAbandoned,ZOOM-CASH,"Aug. 27, 2010",Zoom-Cash Inc.,,ghornofluk@gmail.com
77878111,REQUEST_FAILED,,,,,
77878109,REQUEST_FAILED,,,,,
77878232,deadAbandoned,SLOW BURN PILATES,"Sep. 08, 2010","English, Connie",,naturesdiva@comcast.net
77878253,deadAbandoned,POOCH POTTY STATION,"Aug. 27, 2010","Strawberry, Tracy, Lynn",,strawzone@aol.com
77878160,REQUEST_FAILED,,,,,
77878290,deadAbandoned,BROOKLYN WINERY,"Sep. 08, 2010",Joshua Carp,,joshuacarp@verizon.net
77878249,REQUEST_FAILED,,,,,
77878256,REQUEST_FAILED,,,,,
77878348,deadAbandoned,SALON DE YORK,"Aug. 16, 2010","Zhou, Yue",,qtt888@gmail.com
77878351,deadAbandoned,SALON DE YORK,"Aug. 16, 2010","Zhou, Yue",,qtt888@gmail.com
77878319,REQUEST_FAILED,,,,,
77878271,REQUEST_FAILED,,,,,
77878394,deadAbandoned,E2,"Aug. 27, 2010","De Ycaza, Ramon A.",,deycaza@cwpanama.net
77878371,REQUEST_FAILED,,,,,
77878536,REQUEST_FAILED,,,,,
77878628,REQUEST_FAILED,,,,,
77878709,deadAbandoned,OLD JOHNNY UGG AUSTRALIA,"Sep. 08, 2010",OLD JOHNNY UGG AUSTRALIA PTY LTD,,aukoyo@hotmail.com
77878722,REQUEST_FAILED,,,,,
77878848,deadAbandoned,SG GROUP,"Sep. 08, 2010",García López Salvador,,sglopez1@gmail.com
77878638,REQUEST_FAILED,,,,,
77878650,REQUEST_FAILED,,,,,
77878948,REQUEST_FAILED,,,,,
77879156,deadAbandoned,CRYSTALCELLO,"Aug. 28, 2010","Elite Musical Instruments, Corp.",,qtt888@gmail.com
77879176,deadAbandoned,KEEPING WINE FOR ITS TRUTH IN TIME,"Dec. 27, 2010","Rivendale Home Enhancements, LLC",,tmckibbin@comcast.net
77879165,REQUEST_FAILED,,,,,
77879360,deadAbandoned,CAODC,"Sep. 03, 2010",California Association Of Drinking Driver Treatment Programs,,mkw1022@sbcglobal.net
77879327,REQUEST_FAILED,,,,,
77879359,REQUEST_FAILED,,,,,
77879388,deadAbandoned,SOCIAL SAVINGS SITE,"Sep. 07, 2010","Gift OfCollege, Inc",,jon@gimmepleez.com
77879364,REQUEST_FAILED,,,,,
77879369,REQUEST_FAILED,,,,,
77879442,deadAbandoned,KOUBO,"Sep. 09, 2010",SylvaChem Life Sciences Ltda,,luna@sylvachem.com.br
77879446,deadAbandoned,GOLDEN GATE,"Jan. 26, 2010",Denoual Thierry,,thierrydenoual@orange.fr
77879479,REQUEST_FAILED,,,,,
77879543,REQUEST_FAILED,,,,,
77879629,deadAbandoned,PURPLEUP,"Sep. 10, 2010",CaribSea Inc.,,rick@caribsea.com
77879550,REQUEST_FAILED,,,,,
77879654,REQUEST_FAILED,,,,,
77880008,deadAbandoned,@ I,"Sep. 03, 2010","Aethereal Ink, LLC",,adam@aetherealink.com
77880126,deadAbandoned,ESP E-SCHOOL PLUS,"Nov. 15, 2010",Optimization Zorn Corporation,,smontgomery@oz-systems.com
77879942,REQUEST_FAILED,,,,,
77880107,deadAbandoned,PHOLIAMAGRA,"Sep. 09, 2010",SylvaChem Life Sciences Ltda,,luna@sylvachem.com.br
77880112,REQUEST_FAILED,,,,,
77880294,REQUEST_FAILED,,,,,
77880320,REQUEST_FAILED,,,,,
77880386,REQUEST_FAILED,,,,,
77880641,deadAbandoned,EARTH MAIDS BECAUSE CLEANING SHOULDN'T COST THE EARTH,"Sep. 03, 2010","Earth Maids, Inc",,angela@earthmaids.com
77880495,REQUEST_FAILED,,,,,
77880650,deadAbandoned,DRAG IT. DROP IT. DONE.,"Sep. 10, 2010","ASAP Advisor Services, Inc.",,lauren.cola@asapas.com
77880535,REQUEST_FAILED,,,,,
77880692,deadAbandoned,MY F'N JEANS,"Dec. 08, 2010",LyrxJunkee,,aschwartz@schwartzip.com
77880628,REQUEST_FAILED,,,,,
77880701,deadAbandoned,FLOW PRODUCTS INTERNATIONAL,"Aug. 13, 2010",Flow Products International Management Inc.,,herky@flowproductsinternational.com
77880979,deadAbandoned,KANJI GOLF INTENSITY TRANQUILITY BALANCE VICTORY LUCK,"Sep. 07, 2010","Oldach, James P.",,joldach@genesissolutions.com
77880761,REQUEST_FAILED,,,,,
77881104,REQUEST_FAILED,,,,,
77881090,REQUEST_FAILED,,,,,
77881166,REQUEST_FAILED,,,,,
77881180,REQUEST_FAILED,,,,,
77881281,deadAbandoned,HI-SPEED,"Nov. 09, 2010","Hi-speed Packing Machinery Manufacturing Co., Ltd.",,
77881209,REQUEST_FAILED,,,,,
77881264,REQUEST_FAILED,,,,,
77881314,deadAbandoned,POTTER ROEMER FIRE PRO,"Sep. 10, 2010",Acorn Engineering Company,,tmregistered@gmail.com
77881288,deadAbandoned,H2X,"Sep. 11, 2010",Vincent J. Marold,,vince@synergyc.com
77881406,deadAbandoned,ICUTE,"Aug. 04, 2010",ICUTE TECH. CORP.,,ander@icute.com.tw
77881319,deadAbandoned,EHELP,"Sep. 06, 2010","Li, Yan",,http200@gmail.com
77881315,REQUEST_FAILED,,,,,
77881429,deadAbandoned,MOVIE SWEEPSTAKES CHALLENGE,"Oct. 12, 2010",Spinoso Joseph J.,,joe@joespinoso.com
77881399,REQUEST_FAILED,,,,,
77881487,deadAbandoned,IMPLANTS IN PARADISE,"Sep. 04, 2010","Lawrence, Paul",,sharlaje@hotmail.com
77881510,deadAbandoned,ORGANIC BIKES,"Sep. 07, 2010",Wheel and Sprocket Inc.,,james.beck@wheelandsprocket.net
77881435,deadAbandoned,MOVIE LOTTERY CHALLENGE,"Oct. 14, 2010",Joseph J Spinoso,,joe@joespinoso.com
77881515,deadAbandoned,USTMSA,"Sep. 07, 2010",Paul A. Taylor,,pataylor@me.com
77881514,deadAbandoned,EIGHTHINCH.COM 1/8,"Sep. 08, 2010",Wheel and Sprocket Inc.,,james.beck@wheelandsprocket.net
77881470,REQUEST_FAILED,,,,,
77881478,REQUEST_FAILED,,,,,
77881503,REQUEST_FAILED,,,,,
77881567,deadAbandoned,VIRTUAL SPORTS NEWS,"Sep. 03, 2010","William Abrams, Jr.",,abramswi@msu.edu
77881603,deadAbandoned,ULTRA-WIDE MARKER,"Sep. 07, 2010",Victor Manuel Suarez Jr,,moneyissexy@me.com
77881625,deadAbandoned,GREENERMAGS,"Sep. 22, 2010",GreenerMags LLC,,grant@greenermags.com
77881595,deadAbandoned,I IKEEP,"Sep. 08, 2010",iKeep Inventing Corporation,,info@ikeepnow.com
77881636,deadAbandoned,NITRIDE SOLUTIONS,"Sep. 09, 2010",Jeremy K. Jones,,jeremy.jones09@gmail.com
77881638,deadAbandoned,NOMADIC MEDIA GROUP,"Sep. 07, 2010","Rawlins, Kimatni D",,k22raw@gmail.com
77881584,REQUEST_FAILED,,,,,
77881604,REQUEST_FAILED,,,,,
77881624,REQUEST_FAILED,,,,,
77881632,REQUEST_FAILED,,,,,
77881662,deadAbandoned,GREEN TEA MD,"Sep. 07, 2010","Green Tea MD, LLC",,isaacjrush@gmail.com
77881686,deadAbandoned,LIFEGIFT,"Sep. 07, 2010",LifeGift LLC,,jl@mylifegift.com
77881734,deadAbandoned,MONKEYBLU,"Sep. 07, 2010",Ke Qiao,,art.turtle@hotmail.com
77881700,REQUEST_FAILED,,,,,
77881732,REQUEST_FAILED,,,,,
77881739,REQUEST_FAILED,,,,,
77881790,deadAbandoned,MONKEYBLU,"Sep. 07, 2010",Qiao Ke,,art.turtle@hotmail.com
77881753,REQUEST_FAILED,,,,,
77881774,REQUEST_FAILED,,,,,
77881964,deadAbandoned,GUIA.COM,"Mar. 17, 2010","Levine, Adam Paul",,AdamPaul0706@gmail.com
77881791,REQUEST_FAILED,,,,,
77881839,REQUEST_FAILED,,,,,
77882051,REQUEST_FAILED,,,,,
77882069,REQUEST_FAILED,,,,,
77882093,REQUEST_FAILED,,,,,
77882186,deadAbandoned,EMERGE,"Sep. 09, 2010",A&L International Ltd,,
77882380,deadAbandoned,CONNQUER,"Sep. 08, 2010","CONNQUER, LLC",,chrisli24@yahoo.com
77882205,REQUEST_FAILED,,,,,
77882295,REQUEST_FAILED,,,,,
77882274,REQUEST_FAILED,,,,,
77882327,REQUEST_FAILED,,,,,
77882570,deadAbandoned,USBIDZ,"Sep. 06, 2010",Rico Solutions LLC,,jurgis@bidux.com
77882648,deadAbandoned,SIGNTRAX MESSAGE BOARDS,"Sep. 07, 2010","RG Plastics, LLC",,Mark@SignTrax.com
77882545,REQUEST_FAILED,,,,,
77882563,REQUEST_FAILED,,,,,
77882650,REQUEST_FAILED,,,,,
77882711,REQUEST_FAILED,,,,,
77882717,REQUEST_FAILED,,,,,
77882750,REQUEST_FAILED,,,,,
77882840,deadAbandoned,PEL FIT,"Oct. 09, 2010",Yielding Limited,,inform@kchampion.com
77882852,deadAbandoned,CHERRY RUM NUT,"Sep. 09, 2010",M A Mitchell Enterprise,,remaduncan@yahoo.com
77882847,deadAbandoned,BLACK CAKE,"Sep. 09, 2010",M A Mitchell Enterprise,,remaduncan@yahoo.com
77882775,REQUEST_FAILED,,,,,
77882831,deadAbandoned,"TRU FLAVAZ PREMIUM EXOTIC ICE CREAM, THE TRU TASTE IS IN ITS FLAVAZ","Sep. 10, 2010",M. A. Mitchell Enterprise,,remaduncan@yahoo.com
77882822,REQUEST_FAILED,,,,,
77883036,deadAbandoned,FORRADER,"Sep. 07, 2010",Mark Christian Doerschlag,,mchristiand@gmail.com
77883304,deadAbandoned,RESONANT ENERGY TECHNOLOGIES,"Sep. 12, 2010","Osman, Dana",,dana@danaosman.com
77882915,REQUEST_FAILED,,,,,
77882963,REQUEST_FAILED,,,,,
77883367,deadAbandoned,CAMPAIGN CLOUD,"Sep. 08, 2010","ElectionMall Technologies, Inc.",,robert@electionmall.com
77883028,REQUEST_FAILED,,,,,
77883291,deadAbandoned,CAPTIVE KINETIC ENERGY,"Sep. 12, 2010","Osman, Dana",,dana@danaosman.com
77883578,deadAbandoned,SAN DIEGO SOLAR,"Sep. 10, 2010",San Diego Solar Experts LLC,,info@sandiegosolar.com
77883341,REQUEST_FAILED,,,,,
77883721,deadAbandoned,THINK FAST,"Sep. 06, 2010",ZyXEL Communications,,lewisl@zyxel.com
77883377,REQUEST_FAILED,,,,,
77883415,REQUEST_FAILED,,,,,
77883777,REQUEST_FAILED,,,,,
77883786,REQUEST_FAILED,,,,,
77883850,REQUEST_FAILED,,,,,
77883878,REQUEST_FAILED,,,,,
77884137,deadAbandoned,CORK DORK,"Sep. 20, 2010",Onlineorderdesk.com Inc.,,kblucke@onlineorderdesk.com
77884196,deadAbandoned,MEDICARE ENROLLMENT ADVOCATE,"Sep. 08, 2010","Crowe, Paradis & Albren, LLC",,tcarney@croweparadis.com
77884239,deadAbandoned,F. GIMONDI,"Sep. 03, 2010","Tien Hsin Industries Co., Ltd.",,bs@pat-bangshia.com
77884081,REQUEST_FAILED,,,,,
77884278,deadAbandoned,POLICYWRITER ACCOUNT MANAGER PRODUCT DESIGNER,"Sep. 03, 2010",Adaptik Corporation,,mersoy@adaptik.com
77884303,deadAbandoned,POLICYWRITER PRODUCT DESIGNER,"Sep. 03, 2010",Adaptik Corporation,,mersoy@adaptik.com
77884344,deadAbandoned,POLICYWRITER ACCOUNT MANAGER,"Sep. 03, 2010",Adaptik Corporation,,mersoy@adaptik.com
77884224,REQUEST_FAILED,,,,,
77884220,REQUEST_FAILED,,,,,
77884234,REQUEST_FAILED,,,,,
77884301,REQUEST_FAILED,,,,,
77884419,deadAbandoned,CARNOTJET,"Nov. 02, 2010","Green Revoluton Cooling, Inc.",,mark@grcooling.com
77884422,deadAbandoned,TECHNOLOGY CONCIERGE,"Sep. 10, 2010",Technology Concierge,,nancy@tcnyc.net
77884384,REQUEST_FAILED,,,,,
77884665,deadAbandoned,FRESCO MART,"Sep. 11, 2010",Lloyd Williams,,lloydwilliams@ihug.co.nz
77884443,REQUEST_FAILED,,,,,
77884521,REQUEST_FAILED,,,,,
77884742,deadAbandoned,PART-EASE REFINE DESIGN DINE,"Sep. 09, 2010",Part-Ease,,judie@part-ease.net
77884790,REQUEST_FAILED,,,,,
77884904,deadAbandoned,GENTLE TOUCH OVERLAY GTO,"Sep. 14, 2010","Eltzroth, Ruda, R",,eeltzroth@yahoo.com
77884945,deadAbandoned,SLATE,"Sep. 10, 2010","Baker, Douglas Dane",,danebaker@gmail.com
77884954,deadAbandoned,JJ&JJ JEANS,"Sep. 17, 2010",Xtremedisplay Corp,,ericyongwoo@gmail.com
77884930,REQUEST_FAILED,,,,,
77884947,deadAbandoned,CHEETAH WOODS,"Dec. 27, 2010","Epone, LLC",,
77885007,REQUEST_FAILED,,,,,
77885017,REQUEST_FAILED,,,,,
77885052,REQUEST_FAILED,,,,,
77885118,REQUEST_FAILED,,,,,
77885168,REQUEST_FAILED,,,,,
77885194,deadAbandoned,PHYSCAN THE PHYSICIANS' NETWORK FOR CLINICAL TRIALS,"Sep. 11, 2010",JSS Medical Research Inc.,,
77885349,deadAbandoned,MODEL,"Sep. 13, 2010",Board of Regents of the University of Wisconsin System,,jwlyne@wisc.edu
77885336,deadAbandoned,WIDA,"Sep. 13, 2010",Board of Regents of the University of Wisconsin System,,jwlyne@wisc.edu
77885267,REQUEST_FAILED,,,,,
77885306,REQUEST_FAILED,,,,,
77885463,deadAbandoned,CHIC MEETS GEEK,"Sep. 09, 2010",Carol T. Tran,,carol.tran@yahoo.com
77885686,deadAbandoned,RESTAURANT VENENO DE NAYARIT,"Dec. 17, 2010",Jose Amador Macias,,yvette.soto@gmail.com
77885355,REQUEST_FAILED,,,,,
77885740,deadAbandoned,AMARE,"Sep. 11, 2010","Gage, Kathleen",,kittiekat1213@hotmail.com
77885764,deadAbandoned,MALECODA,"Sep. 13, 2010",Matthew J McGrath,,cryptionofone@gmail.com
77885726,deadAbandoned,V-LOCAL THINK GLOBAL LIVE LOCAL,"Aug. 03, 2010",Inter-Mark Corporation,,
77885711,REQUEST_FAILED,,,,,
77885862,deadAbandoned,SK,"Sep. 16, 2010","SHANGHAI KOITO AUTOMOTIVE LAMP CO., LTD.",,
77885878,deadAbandoned,X CALIBER,"Sep. 14, 2010",Tiller Jason H,,sales@globalsportsinc.ca
77885759,REQUEST_FAILED,,,,,
77885821,REQUEST_FAILED,,,,,
77885832,REQUEST_FAILED,,,,,
77885904,REQUEST_FAILED,,,,,
77885937,REQUEST_FAILED,,,,,
77885994,REQUEST_FAILED,,,,,
77885987,REQUEST_FAILED,,,,,
77886056,deadAbandoned,TAZZA DI RISA,"Sep. 16, 2010",Matt Myers,,gtassinary@aol.com
77886157,deadAbandoned,DJ B-ROK,"Sep. 17, 2010","Duncan, Brent L.",,brentduncan18@hotmail.com
77886139,deadAbandoned,MASTER-CIM,"Sep. 11, 2010","Corporación Industrial de Moldeo, S.A. de C.V.",,lhsanchez@mastercim.com.mx
77886111,REQUEST_FAILED,,,,,
77886126,REQUEST_FAILED,,,,,
77886196,REQUEST_FAILED,,,,,
77886309,deadAbandoned,TRUTH ON CALL,"Oct. 16, 2010",Rosina Samadani,,rosina@truthoncall.com
77886607,deadAbandoned,MACSOS,"Feb. 04, 2010",Ryan Eisenman,,
77886817,deadAbandoned,BUDDHA BEAUTY,"Sep. 11, 2010","Thompson, Madlyn",,mgnoffo@aol.com
77886872,deadAbandoned,ANESTHESIA SCHEDULES.COM,"Sep. 23, 2010",Precision Information Services Inc,,drupeterson@anesthesiaschedules.com
77886852,REQUEST_FAILED,,,,,
77886899,deadAbandoned,DISABILITY FINANCIAL PLANNING,"Sep. 14, 2010",Petersen International Underwriters,,whp@piu.org
77886865,REQUEST_FAILED,,,,,
77886907,REQUEST_FAILED,,,,,
77886961,REQUEST_FAILED,,,,,
77887029,deadAbandoned,ICOMPUTE,"Sep. 13, 2010","Abuelata, Tamer H",,tamer.abuelata@gmail.com
77887007,REQUEST_FAILED,,,,,
77887027,REQUEST_FAILED,,,,,
77887033,REQUEST_FAILED,,,,,
77887087,REQUEST_FAILED,,,,,
77887150,deadAbandoned,SHADOW13,"Sep. 14, 2010","Shadow13, LLC",,businessdevelopment@shadow13.com
77887147,deadAbandoned,BEAUTY DROPS,"Sep. 10, 2010","Defying Gravity, Inc",,cynvirgo@yahoo.com
77887131,REQUEST_FAILED,,,,,
77887139,REQUEST_FAILED,,,,,
77887167,REQUEST_FAILED,,,,,
77887177,REQUEST_FAILED,,,,,
77887240,deadAbandoned,NETWORK AS A SERVICE,"Sep. 13, 2010",CITYPASSENGER,,bduval@citypassenger.com
77887312,deadAbandoned,HOMEVIEW,"Sep. 13, 2010",Professional Bids LLC,,roy@professionalbids.com
77887324,deadAbandoned,AMERICAN UNIVERSITY OF MEDICINE,"Sep. 20, 2010","Kadiyala, Chaitanya",,aum@gotomedschool.com
77887265,REQUEST_FAILED,,,,,
77887448,REQUEST_FAILED,,,,,
77887420,REQUEST_FAILED,,,,,
77887480,REQUEST_FAILED,,,,,
77887543,REQUEST_FAILED,,,,,
77887569,REQUEST_FAILED,,,,,
77887679,REQUEST_FAILED,,,,,
77887788,REQUEST_FAILED,,,,,
77887912,REQUEST_FAILED,,,,,
77887984,REQUEST_FAILED,,,,,
77888123,deadAbandoned,ROOTS TO HEALTH,"Sep. 16, 2010","Kuriyan, Lyla",,lyla@rootstohealth.org
77888149,deadAbandoned,NUTRITION WORLD,"Sep. 28, 2010",Green Continent Enterprises Inc.,,lijiangm@yahoo.com
77888122,REQUEST_FAILED,,,,,
77888213,deadAbandoned,SHUGUANG TREASURE,"Sep. 23, 2010",Kitex Ltd.,,grantfidelity@gmail.com
77888185,REQUEST_FAILED,,,,,
77888174,REQUEST_FAILED,,,,,
77888394,deadAbandoned,DEBTMARKET,"Sep. 14, 2010","Global Debt Network, Inc.",,mike@debtmarket.com
77888304,deadAbandoned,LAS LILAS,"Sep. 03, 2010",F. L. NAVARRO LTD,,flnavarro@theartisancollection.us
77888358,REQUEST_FAILED,,,,,
77888463,REQUEST_FAILED,,,,,
77888615,deadAbandoned,EGO,"Sep. 14, 2010","BOGA, INC.",,victoria@ambientemoderno.com
77888580,deadAbandoned,WILSON SHAREL,"Sep. 14, 2010","BOGA, INC.",,victoria@ambientemoderno.com
77888556,REQUEST_FAILED,,,,,
77888559,REQUEST_FAILED,,,,,
77888760,deadAbandoned,RINNOVARE,"Sep. 17, 2010","Daniel, Jos",,TOTEMANIMALS@GMAIL.COM
77888606,REQUEST_FAILED,,,,,
77888959,deadAbandoned,KIKU,"Sep. 06, 2010",CGE Enterprises LLC,,jhastings@merchantscounsel.com
77888974,deadAbandoned,MFLYER,"Sep. 17, 2010","Homecellers, LLC",,patrickforte@yahoo.com
77888725,REQUEST_FAILED,,,,,
77888914,REQUEST_FAILED,,,,,
77889013,deadAbandoned,ROCKY POINT FARMS,"Sep. 13, 2010",Eduardo Jorge Oviedo Medina,,info@lexintel.org
77889030,REQUEST_FAILED,,,,,
77889036,REQUEST_FAILED,,,,,
77889041,REQUEST_FAILED,,,,,
77889067,deadAbandoned,BALATARIN,"Dec. 10, 2010",Mehdi Yahyanejad,,balacontact@balatarin.com
77889046,REQUEST_FAILED,,,,,
77889157,deadAbandoned,CLASSIC FILTERS,"Sep. 22, 2010",Classic Filters Ltd.,,david@classicfilters.com
77889122,deadAbandoned,XLINQUEST,"Jun. 16, 2010",Object Id Design Pty Ltd,,objectiddesign@bigpond.com
77889164,deadAbandoned,THE DIGITAL BRANDING AGENCY FOR PROFESSIONAL ATHLETES,"Apr. 06, 2010",Sketch Interactive Inc.,,david@athleteinteractive.com
77889100,REQUEST_FAILED,,,,,
77889275,deadAbandoned,MINIWINDER,"Dec. 20, 2010","SPENCER, CAMERON",,cameronspencer@netvigator.com
77889194,REQUEST_FAILED,,,,,
77889222,REQUEST_FAILED,,,,,
77889257,REQUEST_FAILED,,,,,
77889284,REQUEST_FAILED,,,,,
77889349,REQUEST_FAILED,,,,,
77889354,REQUEST_FAILED,,,,,
77889371,REQUEST_FAILED,,,,,
77889453,deadAbandoned,QT,"Sep. 18, 2010",Osypka Medical GmbH,,m.osypka@osypkamed.com
77889465,deadAbandoned,FORCENATION,"Sep. 12, 2010","Burns, Sean",,sfburns@gmail.com
77889486,REQUEST_FAILED,,,,,
77889767,deadAbandoned,OPEN PLATFORM,"Sep. 21, 2010",American Pacific Mortgage Corporation,,info@apmortgage.com
77889744,REQUEST_FAILED,,,,,
77889778,REQUEST_FAILED,,,,,
77889849,REQUEST_FAILED,,,,,
77889917,REQUEST_FAILED,,,,,
77889987,REQUEST_FAILED,,,,,
77890014,REQUEST_FAILED,,,,,
77890078,deadAbandoned,MEDLED,"Sep. 20, 2010","Ferguson, John Thomas",,john@medled.com
77890111,deadAbandoned,CHEETAH GOLF,"Jun. 21, 2010",JDR Media,,jlrozario@gmail.com
77890048,REQUEST_FAILED,,,,,
77890056,REQUEST_FAILED,,,,,
77890110,REQUEST_FAILED,,,,,
77890146,REQUEST_FAILED,,,,,
77890153,REQUEST_FAILED,,,,,
77890307,deadAbandoned,LEADENGINE,"Sep. 14, 2010",BiomedAlliance,,byang@biomedalliance.com
77890227,REQUEST_FAILED,,,,,
77890476,deadAbandoned,CHEETAH WOOD,"Jun. 21, 2010",JDR Media,,jlrozario@gmail.com
77890333,REQUEST_FAILED,,,,,
77890405,REQUEST_FAILED,,,,,
77890435,REQUEST_FAILED,,,,,
77890608,REQUEST_FAILED,,,,,
77890680,REQUEST_FAILED,,,,,
77890820,REQUEST_FAILED,,,,,
77890952,deadAbandoned,STAIN FREE,"Sep. 23, 2010",Ultra-Guard,,connie@ultra-guard.com
77890879,REQUEST_FAILED,,,,,
77891007,deadAbandoned,THE 10 MINUTE CONSULT,"Sep. 15, 2010",Innovative Health Care Designs,,jmeece12@cooke.net
77890989,deadAbandoned,VX COLO,"Sep. 07, 2010","FTEN, Inc.",,
77891026,deadAbandoned,LIQUID TRADING CARDS,"Sep. 13, 2010","Legend Beverage, Inc.",,jay@legendbev.com
77890988,REQUEST_FAILED,,,,,
77891065,deadAbandoned,CRITTER GRITTERS,"Jul. 21, 2010",Wilkinson William T.,,willpatent1000@aol.com
77891070,deadAbandoned,QI INSIDE,"Feb. 25, 2010",Sharism at Work Ltd.,,wolfgang@sharism.cc
77891058,deadAbandoned,DUMBBELLS,"Jul. 27, 2010",Wilkinson William T.,,willpatent1000@aol.com
77891023,REQUEST_FAILED,,,,,
77891063,deadAbandoned,HEALTH DOG,"Jul. 27, 2010",Wilkinson William T.,,willpatent1000@aol.com
77891211,deadAbandoned,TO DO,"Aug. 30, 2010","gofigure, llc",,devon.rolf@gofigure.com
77891077,REQUEST_FAILED,,,,,
77891287,deadAbandoned,THE THING TO DO,"Sep. 02, 2010","gofigure, llc",,devon.rolf@gofigure.com
77891168,REQUEST_FAILED,,,,,
77891265,REQUEST_FAILED,,,,,
77891270,REQUEST_FAILED,,,,,
77891418,deadAbandoned,TRADE DIRECTLY,"Sep. 02, 2010","gofigure, llc",,devon.rolf@gofigure.com
77891428,deadAbandoned,TRADE DISTINCTIVELY,"Aug. 30, 2010","gofigure, llc",,devon.rolf@gofigure.com
77891487,deadAbandoned,TRADE DECISIVELY,"Aug. 30, 2010","gofigure, llc",,devon.rolf@gofigure.com
77891353,REQUEST_FAILED,,,,,
77891370,REQUEST_FAILED,,,,,
77891391,REQUEST_FAILED,,,,,
77891534,REQUEST_FAILED,,,,,
77891681,deadAbandoned,LODEN,"Sep. 20, 2010",Turbo Holdings Inc,,james@turboholdings.com
77891694,REQUEST_FAILED,,,,,
77891943,deadAbandoned,REALITY REVEALED,"Aug. 26, 2010","Bait & Tackle, LLC",,
77891846,REQUEST_FAILED,,,,,
77891982,deadAbandoned,ZOOBEE,"Dec. 27, 2010","Oyster Dome, Inc.",,sgrote@oysterdome.com
77891923,REQUEST_FAILED,,,,,
77892029,deadAbandoned,BOB BITCHES ON BOARDS,"Sep. 17, 2010","Hunter, Jennifer, J",,hunter.jenny@gmail.com
77891952,REQUEST_FAILED,,,,,
77891964,REQUEST_FAILED,,,,,
77892064,deadAbandoned,TOSHIEBA,"Nov. 11, 2010",Peyman Poshtmahi,,ceo@rightsandmarks.org
77891998,REQUEST_FAILED,,,,,
77892083,deadAbandoned,None,"Mar. 17, 2010",STANDARD WATER,,INFO@SWFTB.COM
77892032,REQUEST_FAILED,,,,,
77892057,REQUEST_FAILED,,,,,
77892058,REQUEST_FAILED,,,,,
77892118,deadAbandoned,BUILD MY APP,"Sep. 16, 2010",Powell Technologies Inc,,jon@powellcorp.com
77892146,deadAbandoned,POLARSOLAR HOTROD,"Sep. 24, 2010","MEGA Solar, Inc.",,info@polarsolar.com
77892172,deadAbandoned,PRESSURE REPS,"Sep. 24, 2010",CROWLEY DEBORAH E,,DEB@FLEXEFFECT.COM
77892174,deadAbandoned,POOPY POUCHES,"Sep. 24, 2010",Jonathan Bolton,,stone@itspawsablenyc.com
77892167,deadAbandoned,BNQ,"Sep. 16, 2010","Amerhandle, Inc",,weishuai@gmail.com
77892180,deadAbandoned,TWIST 'N PUFF,"Jul. 24, 2010","Wai Lana Productions, LLC",,admin@wailana.com
77892213,deadAbandoned,MICROPOWER ENERGY,"Oct. 21, 2010",Rodney Nash,,rod@horologiii.com
77892148,REQUEST_FAILED,,,,,
77892163,REQUEST_FAILED,,,,,
77892223,deadAbandoned,HARMONY,"Sep. 15, 2010","Amerhandle, Inc",,weishuai@gmail.com
77892189,deadAbandoned,B&Q,"Sep. 15, 2010","Amerhandle, Inc",,weishuai@gmail.com
77892166,REQUEST_FAILED,,,,,
77892219,deadAbandoned,HOMEBASE,"Sep. 16, 2010","Amerhandle, Inc",,weishuai@gmail.com
77892228,deadAbandoned,BJL,"Sep. 17, 2010","Amerhandle, Inc",,weishuai@gmail.com
77892226,deadAbandoned,ALLROOM,"Sep. 16, 2010","Amerhandle, Inc",,weishuai@gmail.com
77892243,deadAbandoned,"REAL ACQUISITION, L.L.C.","Sep. 16, 2010","Cahoon, Clay",,support@realacquisition.com
77892230,deadAbandoned,SAG,"Sep. 17, 2010","Amerhandle, Inc",,weishuai@gmail.com
77892222,REQUEST_FAILED,,,,,
77892280,deadAbandoned,MOBCAST,"Dec. 27, 2010",Abdulbasier Aziz,,basier@alum.mit.edu
77892237,REQUEST_FAILED,,,,,
77892239,REQUEST_FAILED,,,,,
77892279,deadAbandoned,GUBIC,"Sep. 18, 2010","Gupta, Sandeep",,sandeepg001@gmail.com
77892362,deadAbandoned,FLUOROHYBRID,"Mar. 15, 2010",STB POWERLINE,,celine.stb@powerline.fr
77892294,REQUEST_FAILED,,,,,
77892347,REQUEST_FAILED,,,,,
77892445,deadAbandoned,THE IMAN EARBUDDY,"Aug. 13, 2010",Action Pak Inc.,,ira@actionpakinc.com
77892378,REQUEST_FAILED,,,,,
77892597,deadAbandoned,G GOEDHART FAMILY,"Sep. 17, 2010","Goedhart, Brent",,brent@goedhartfamily.com
77892435,REQUEST_FAILED,,,,,
77892566,REQUEST_FAILED,,,,,
