serial,lead_type,mark,date,correspondent,phone,email
75396994,deadAbandoned,WET DOG DESIGNS,"Dec. 29, 2008",Arroyo Grande USA,,
75483960,deadAbandoned,SUBMARINE,"Oct. 03, 2008","Andreika, Michael J.",,
75162328,deadAbandoned,AMERICACOLA,"Jan. 28, 2008","Amend, Karl",,
75542028,deadAbandoned,BANDA LIMONENSE,"Apr. 10, 2008","Andrea Music, Inc.",,
75637194,deadAbandoned,NETWORLD CONNECTIONS,"Jan. 12, 2008","NetWORLD Connections, Inc.",,
75064459,deadAbandoned,STEALTH,"Jul. 23, 2008","XDB Systems, Inc.",,
75617833,deadAbandoned,PCSTOP,"Aug. 06, 2008","Computer Wholesale Direct, Inc.",,
75654662,deadAbandoned,RATED R SPORTSWEAR,"Jan. 04, 2008","RESPECT SPORTSWEAR, INC.",,
75621363,deadAbandoned,PUBLIC WEB PHONE,"Apr. 21, 2008",Public Web Phone Inc.,,
75529793,deadAbandoned,BIRTHDAY BALLOONS,"Mar. 18, 2008","Watts, Bruce D.",,
75730284,deadAbandoned,HOWTODOITNOW.COM,"Feb. 23, 2008",Itonix Company,,
75754467,deadAbandoned,BIG DOG DELI,"Mar. 05, 2008",Edith Island LLC.,,
75761812,deadAbandoned,RUNNER'S EDGE,"Mar. 05, 2008","EDGE HEALTH & FITNESS PRODUCTS, INC.",,
75787765,deadAbandoned,BUZZ-UP!,"Apr. 04, 2008",9047-0238 Quebec Inc.,,
75645021,deadAbandoned,WEBORDER,"May 19, 2008","Mountain Network Systems, Inc.",,
75800869,deadAbandoned,BUGSY'S INN & CASINO TIME,"Apr. 24, 2008","Weingarten, Shlomy",,
75728683,REQUEST_FAILED,,,,,
75790055,deadAbandoned,METABOLIZE FOR LIFE,"Sep. 19, 2008","Great Nature, Inc.",,
75798287,deadAbandoned,BUGSY'S INN & CASINO TIME,"Apr. 24, 2008","Weingarten, Shlomy",,
75820592,deadAbandoned,DOTCOM,"Aug. 14, 2008",David C. Ashby,,
75823683,deadAbandoned,99PERCENTJUICY,"Jul. 16, 2008",99percentjuicy,,
75806181,deadAbandoned,GLOW NAIL POLISH,"Jun. 16, 2008","X Sight International, Inc.",,
75839372,deadAbandoned,COUTURE,"Feb. 04, 2008","Troisi, John",,
75900317,deadAbandoned,CITIHOMES,"Dec. 16, 2008","Henderson, Gil",,john@citihomes.net
75775916,deadAbandoned,YOU'VE GOT VIDEO,"Jan. 25, 2008","iFrame Network, Inc.",,
75920379,deadAbandoned,AUDIONEWSSTAND.COM,"May 16, 2008","Kelly, Scott, David",,
75852757,deadAbandoned,ART GECKO'S PRESENTS,"Feb. 15, 2008","Wawiernia, Richard S.",,
75928019,deadAbandoned,COOLEMAIL.COM,"May 30, 2008","CoolEmail.com, Inc.",,
75960232,deadAbandoned,FLYING TIGER DEVELOPMENT,"Nov. 19, 2008","Tiger Development, Inc.",,
75928020,deadAbandoned,COOLEMAIL,"May 30, 2008","CoolEmail.com, Inc.",,
75960000,deadAbandoned,GROOVY GIRL,"Aug. 04, 2008",Biotech Pharmaceuticals Inc.,,
75900885,REQUEST_FAILED,,,,,
75945513,deadAbandoned,SMARTPRINT,"Jan. 04, 2008","Technesis, Inc.",,
75937093,deadAbandoned,MYDOTCOM.COM,"Aug. 07, 2008","Mydotcom.com, L.L.C.",,
76103684,deadAbandoned,E.CONTENT,"Apr. 10, 2008","Marketing Services by Vectra, Inc.",,
76013152,deadAbandoned,NET CARD,"Jan. 14, 2008","Manganiello, Ronald N.",,
76111588,deadAbandoned,EMAIL A FRIEND,"Aug. 18, 2008","Astor, Stephen",,
76124438,deadAbandoned,FASPAY,"Feb. 26, 2008",FasPay Technologies Inc.,,
76123346,deadAbandoned,NIKEPAL,"Jan. 14, 2008","Nikepal International, Inc.",,
76186604,deadAbandoned,? YBME ?,"Jun. 03, 2008","Robert Crenshaw, Taurin Gordon, Cedric White",,
76160771,deadAbandoned,NOVA VISION,"May 15, 2008",Nova Vision AG Zentrum Fur Sehtherapie,,
76191086,deadAbandoned,GLORIA DE KEY WEST,"Aug. 05, 2008","Saratoga Design, Inc.",,
76176523,deadAbandoned,SHUANG-HUANG-LIAN,"Mar. 22, 2008",GENEXUS BIOPHAMACEUTICAL RESEARCH LLC,,
76184020,deadAbandoned,PSI,"Oct. 23, 2008","PSI MANAGEMENT, INC.",,
76178013,deadAbandoned,DWJD-DO WHAT JESUS DID,"Sep. 24, 2008","Truly, Joan M.",,
76235435,deadAbandoned,FUTURE,"Oct. 24, 2008","Anderson, Kent G",,
76198438,deadAbandoned,STARSKI-N-HUTCH,"Feb. 24, 2008","SINCLAIR, MAURICE L.",,
76147365,REQUEST_FAILED,,,,,
76247198,deadAbandoned,FUTURE,"Oct. 24, 2008","Anderson, Kent G",,
76262483,deadAbandoned,FUTURE,"Oct. 24, 2008","ANDERSON, KENT G",,
76240481,deadAbandoned,FUTURE COUNTRY FUTURE NATION FUTURE CITIES,"Jan. 11, 2008","ANDERSON, KENT G",,
76268213,deadAbandoned,EVIDENCE ENGINE,"Jul. 09, 2008",UltraTouch Corporation,,
76251499,REQUEST_FAILED,,,,,
76274100,deadAbandoned,FORADODGE,"Jun. 19, 2008","MAYDAK, KEITH",,
76299227,deadAbandoned,FUTURE,"Oct. 24, 2008","ANDERSON, KENT G",,
76288252,deadAbandoned,NATURAL BORN HUSTLER,"Sep. 25, 2008",Natural Born Hustler Attire,,
76266192,REQUEST_FAILED,,,,,
76305122,deadAbandoned,BE A CHAMPION,"Oct. 27, 2008","MDA, Inc.",,
76280782,deadAbandoned,INDIVOS,"Jun. 30, 2008",INDIVOS CORPORATION,,steve.zelinger@paybytouch.com
76290672,REQUEST_FAILED,,,,,
76347099,deadAbandoned,THE NEXT LEVEL,"Jan. 18, 2008","Goldwitz, David",,
76341394,deadAbandoned,FOX,"Feb. 08, 2008",Premiere Vision Inc.,,
76368668,deadAbandoned,PRINCESS ABITA NATURAL SPRING WATER SOURCE: ABITA SPRINGS,"Mar. 03, 2008","DEWALD, JACK J",,
76369680,deadAbandoned,COLETTE,"May 30, 2008","Boutboul, Colette",,
76317140,REQUEST_FAILED,,,,,
76337375,REQUEST_FAILED,,,,,
76385497,deadAbandoned,MOS DEF PRESENTS O,"Dec. 12, 2008","HIDRAH, INC.",,
76385718,deadAbandoned,HELP MAKE THE WORLD A SAFER PLACE TO PLAY,"Mar. 28, 2008","TEXTILE MANAGEMENT ASSOCIATES, INC.",,
76391694,deadAbandoned,RON POPEIL FLIPPER,"Dec. 22, 2008",RONCO ACQUISITION CORPORATION,,
76392647,REQUEST_FAILED,,,,,
76389228,REQUEST_FAILED,,,,,
76437630,deadAbandoned,FUTURE,"Oct. 24, 2008","Anderson, Kent G",,
76450833,deadAbandoned,FUTURE,"Oct. 24, 2008","ANDERSON, KENT G.",,
76443393,REQUEST_FAILED,,,,,
76459382,deadAbandoned,OPA! A FESTIVAL OF FLAVOR,"Dec. 10, 2008",OPA! FOODS LLC,,
76441237,REQUEST_FAILED,,,,,
76459547,deadAbandoned,ZOZOBRA PRODUCTIONS,"Nov. 10, 2008","Aragon, Ray John de",,rdearagon@hotmail.com
76472312,REQUEST_FAILED,,,,,
76476242,REQUEST_FAILED,,,,,
76481560,REQUEST_FAILED,,,,,
76489319,deadAbandoned,STRATUS,"Feb. 19, 2008",PEJU PROVINCE,,
76494714,deadAbandoned,THE PURE HEART EXPERIENCE,"Apr. 14, 2008","PURE HEART, LLC",,
76481793,REQUEST_FAILED,,,,,
76492967,REQUEST_FAILED,,,,,
76498808,REQUEST_FAILED,,,,,
76524005,deadAbandoned,WICKED COOL,"Dec. 03, 2008","Van Zandt, Steven",,
76524131,deadAbandoned,CHIN CHIN RESTAURANT,"Mar. 23, 2008","Chin Chin International, Ltd.",,Bob@chinchin.com
76502856,REQUEST_FAILED,,,,,
76526935,deadAbandoned,TURBO VENT,"Jan. 07, 2008",OLIVIA GARDEN INTERNATIONAL INC.,,
76528293,deadAbandoned,SIZE MATTERS,"Jul. 26, 2008","Conde, Jason",,
76512629,REQUEST_FAILED,,,,,
76533776,deadAbandoned,PURE HEART ANGEL KIDS,"Jan. 28, 2008","PURE HEART, LLC",,
76524073,REQUEST_FAILED,,,,,
76540269,deadAbandoned,JALEELMICHAEL,"May 12, 2008","PIERSON, JALEEL MICHAEL",,
76533775,REQUEST_FAILED,,,,,
76538163,deadAbandoned,MOLDCHECK,"Sep. 29, 2008","Home Health Science, Inc.",,
76547538,deadAbandoned,MARIO RUSSO,"May 08, 2008","Mario Russo, Inc.",,
76537904,REQUEST_FAILED,,,,,
76548197,deadAbandoned,SALON MARIO RUSSO,"May 08, 2008","Mario Russo, Inc.",,
76549503,REQUEST_FAILED,,,,,
76572257,deadAbandoned,FLIGHTFORWARD,"Jan. 22, 2008","CodeForward Software, LLC",,
76565814,deadAbandoned,SCULPTURED SQUARES,"Jan. 09, 2008","Atrium Companies, Inc.",,
76574345,deadAbandoned,CEE-LO,"Nov. 24, 2008","Doria, Victor, Jr",,
76555359,deadAbandoned,None,"Jul. 21, 2008","Solidus Networks, Inc.",,steve.zelinger@paybytouch.com
76564582,REQUEST_FAILED,,,,,
76584454,deadAbandoned,LEADING ORGANICS,"Dec. 21, 2008","TURMAN, GENEVA",,
76574347,REQUEST_FAILED,,,,,
76581203,deadAbandoned,WHEN YOU WANT IT FIXED FAST AND WANT IT TO LAST,"Mar. 17, 2008","CLOCKWORK HOME SERVICES, INC.",,docketing@pelaw.net
76582943,deadAbandoned,"""N"" DANGERED","Nov. 03, 2008",THE JOHN INGLESBY AND MARK SALVINO PARTNERSHIP,,
76584455,REQUEST_FAILED,,,,,
76585943,REQUEST_FAILED,,,,,
76586649,REQUEST_FAILED,,,,,
76588109,REQUEST_FAILED,,,,,
76590671,deadAbandoned,RESQME,"Feb. 12, 2008",INNOVATION DISTRIBUTING,,info@nov8.com
76592466,deadAbandoned,MR. TOOTHBRUSH WORLD'S FIRST WALLET-SIZE DISPOSABLE TOOTHBRUSH,"Jun. 16, 2008","Domke, Todd P.",,
76592691,deadAbandoned,THE VOICE OF INDEPENDENT FILM,"Jul. 18, 2008",Silver Cinemas Acquisition Co.,,
76589467,REQUEST_FAILED,,,,,
76597265,REQUEST_FAILED,,,,,
76601422,deadAbandoned,SCENTS OF THE BIBLE HAND PAINTED BOTTLES EAU DE PERFUME,"Jan. 04, 2008",EIN GEDI COSMETICS LTD,,gold_ip@netvision.net.il
76601433,REQUEST_FAILED,,,,,
76604139,REQUEST_FAILED,,,,,
76607387,deadAbandoned,WORKHORSE,"Oct. 27, 2008","CLOCKWORK HOME SERVICES, INC.",,docketing@pelaw.net
76609542,deadAbandoned,MISTER RANGE,"Jul. 11, 2008","Master Wealth Plans, Inc.",,
76615681,deadAbandoned,YELLOW PAGE ROULETTE,"Apr. 28, 2008","CLOCKWORK HOME SERVICES, INC.",,docketing@pelaw.net
76608262,REQUEST_FAILED,,,,,
76616986,deadAbandoned,BREATHE YOUR WAY TO BETTER HEALTH,"Dec. 22, 2008","Buymax, LLC",,docketing@pelaw.net
76619478,deadAbandoned,YOUR INSTANT YELLOW PAGE,"May 27, 2008","CLOCKWORK HOME SERVICES, INC.",,docketing@pelaw.net
76617053,deadAbandoned,IC INTELLICASE,"Apr. 28, 2008","Intellicase, Corp.",,
76617055,deadAbandoned,INTELLICASE,"Apr. 28, 2008","Intellicase, Corp.",,
76616535,REQUEST_FAILED,,,,,
76617733,deadAbandoned,KHAKI KASUALS,"May 08, 2008",TESORO HOME FASHIONS INC.,,
76620732,deadAbandoned,DYNA-CAM,"Mar. 19, 2008",AXIAL VECTOR ENGINE CORPORATION,,
76620374,REQUEST_FAILED,,,,,
76621987,REQUEST_FAILED,,,,,
76622992,REQUEST_FAILED,,,,,
76628412,deadAbandoned,JAMAICAN AMERICAN,"Aug. 04, 2008","Lawlor, Kevin",,klaw4@hotmail.com
76628411,deadAbandoned,DOMINICAN AMERICAN,"Aug. 04, 2008","Lawlor, Kevin",,klaw4@hotmail.com
76628446,deadAbandoned,MEXICAN AMERICAN,"Nov. 03, 2008","Lawlor, Kevin",,klaw4@hotmail.com
76630041,deadAbandoned,HEALTH 1 ONE,"Feb. 13, 2008","Health1 Insurance Services, Inc.",,
76628346,REQUEST_FAILED,,,,,
76629636,REQUEST_FAILED,,,,,
76619002,deadAbandoned,FDI,"Jul. 30, 2008","Faceted Designs, Inc.",,Albert@faceteddesigns.com
76634616,REQUEST_FAILED,,,,,
76635924,REQUEST_FAILED,,,,,
76639675,deadAbandoned,THE LAST DROP FOR MEN.,"Dec. 08, 2008","GIBSON, EDWARD JOSEPH TRUST",,
76636498,REQUEST_FAILED,,,,,
76642256,deadAbandoned,CALYPSO ZIPPER ELIXIR,"Mar. 06, 2008","SAMUEL, MARYLYN F.",,
76637734,REQUEST_FAILED,,,,,
76642934,deadAbandoned,NPT NATIONAL POKER TOUR A,"Sep. 29, 2008","McLay, Marc",,
76642226,deadAbandoned,MOLINOS HARINA PRINCESA,"Mar. 31, 2008","Molinos Valle del Cibao, C. por A.",,
76641044,REQUEST_FAILED,,,,,
76644660,deadAbandoned,DOHA DEPARTMENT OF HOOD AFFAIRS,"Mar. 19, 2008","TAWFIQ, HAZIM",,
76643107,REQUEST_FAILED,,,,,
76643671,REQUEST_FAILED,,,,,
76646303,deadAbandoned,CANDY LIP GLOSS,"Sep. 09, 2008",Home Focus Development Ltd.,,
76645658,deadAbandoned,SEX TIME,"May 14, 2008",RNI LLC,,
76644738,REQUEST_FAILED,,,,,
76645127,REQUEST_FAILED,,,,,
76646406,deadAbandoned,K-NOR SPORTS ENTERTAINMENT INC.,"May 14, 2008",K-NOR SPORTS ENTERTAINMENT INC.,,Knorris202@aol.com
76647819,REQUEST_FAILED,,,,,
76647836,REQUEST_FAILED,,,,,
76650361,REQUEST_FAILED,,,,,
76651039,REQUEST_FAILED,,,,,
76651129,REQUEST_FAILED,,,,,
76651172,REQUEST_FAILED,,,,,
76653481,deadAbandoned,REALPLASTICS,"Jan. 12, 2008","WARD KRAFT, Inc.",,
76653562,deadAbandoned,REALPOCKETS,"Jan. 12, 2008","WARD KRAFT, Inc.",,
76653112,deadAbandoned,FASTER IS BETTER,"May 30, 2008","Ferguson, Zachary J.",,ZFerg39759@aol.com
76651704,REQUEST_FAILED,,,,,
76653859,deadAbandoned,FAR CRY INSTINCTS PREDATOR,"May 14, 2008","Ubisoft, Inc.",,
76653563,deadAbandoned,REALMAGNETS,"Jan. 12, 2008","WARD KRAFT, Inc.",,
76653453,REQUEST_FAILED,,,,,
76653860,deadAbandoned,FAR CRY INSTINCTS PREDATOR,"May 14, 2008","Ubisoft, Inc.",,
76654323,deadAbandoned,None,"Feb. 28, 2008","Amarone Partners, LLC",,
76654208,deadAbandoned,PAK CARD,"Feb. 15, 2008","Payment Solutions Plus, LLC",,
76654127,deadAbandoned,CARNABY STREET CAFÉ,"Dec. 22, 2008","HRP Creative Services Co., LLC",,
76654021,REQUEST_FAILED,,,,,
76654202,REQUEST_FAILED,,,,,
76655068,deadAbandoned,FABRIC BOUTIQUE ANW CRESTWOOD IRON - ON APPLIQUES,"Feb. 15, 2008","ANW/Crestwood, Inc.",,
76655763,deadAbandoned,THE PUNK PIT,"Dec. 29, 2008","HRP Creative Services Co., LLC",,
76655530,deadAbandoned,ANTICHROME,"Aug. 15, 2008","Surgipath Medical Industries, Inc.",,
76655527,deadAbandoned,HEMATOXYLIN 560,"Apr. 24, 2008","Surgipath Medical Industries, Inc.",,
76656504,deadAbandoned,CREEMM,"Oct. 27, 2008",Les Investissements Ike Inc.,,
76655939,REQUEST_FAILED,,,,,
76656074,REQUEST_FAILED,,,,,
76656683,deadAbandoned,WHAT WOULD YOU DO WITH IT?,"Mar. 12, 2008","INTERMETRO COMMUNICATIONS, INC.",,
76656624,deadAbandoned,KOOKK,"Jun. 13, 2008",Les Investissements Ike Inc.,,
76656623,REQUEST_FAILED,,,,,
76656730,deadAbandoned,CUTTIN' UP WITH PATRICK PATTERSON,"Oct. 27, 2008",PIKIN' PRODUCTIONS LLC,,
76657092,REQUEST_FAILED,,,,,
76657232,REQUEST_FAILED,,,,,
76658819,REQUEST_FAILED,,,,,
76658934,REQUEST_FAILED,,,,,
76659057,deadAbandoned,INRCARE,"May 20, 2008","RELIANT HEALTHCARE SOLUTIONS, INC.",,kdeininger@inrcare.com
76659392,deadAbandoned,MY OPINION NOW,"May 01, 2008","Marketview Research Group, Inc.",,
76659531,REQUEST_FAILED,,,,,
76659625,REQUEST_FAILED,,,,,
76659751,REQUEST_FAILED,,,,,
76660015,REQUEST_FAILED,,,,,
76660439,REQUEST_FAILED,,,,,
76660672,REQUEST_FAILED,,,,,
76661846,deadAbandoned,PUERTO RICAN AMERICAN,"Dec. 08, 2008","Lawlor, Kevin",,klaw4@hotmail.com
76661172,REQUEST_FAILED,,,,,
76661597,REQUEST_FAILED,,,,,
76662384,deadAbandoned,THE BRONX IS BACK,"May 02, 2008","Leibowitz, Theodore",,
76661799,REQUEST_FAILED,,,,,
76662522,deadAbandoned,SCHMULKA BERNSTEIN'S,"Aug. 20, 2008","Globex Kosher Foods, Inc.",,
76662521,deadAbandoned,SCHMULKA BERNSTEIN'S,"Aug. 20, 2008","Globex Kosher Foods, Inc.",,
76662115,REQUEST_FAILED,,,,,
76662275,REQUEST_FAILED,,,,,
76662572,deadAbandoned,"""THEY CALL ME SIR""","Feb. 15, 2008",EXIT 130 LLC,,
76662447,REQUEST_FAILED,,,,,
76662815,deadAbandoned,FLATWEAR,"Apr. 03, 2008","GIANGOLA, NORISSA",,
76662650,REQUEST_FAILED,,,,,
76662673,REQUEST_FAILED,,,,,
76663658,deadAbandoned,DAYCAB COMPANY SLEEPER REMOVAL KITS,"May 07, 2008","DAYCAB COMPANY, INC.",,mwagers@daycabs.com
76663696,deadAbandoned,CET,"Jul. 23, 2008",Coburn Graphic Films Inc.,,
76663382,REQUEST_FAILED,,,,,
76663875,REQUEST_FAILED,,,,,
76664177,deadAbandoned,U-FOLD-N-SEAL,"Mar. 12, 2008","WARD KRAFT, Inc.",,
76663994,REQUEST_FAILED,,,,,
76664350,deadAbandoned,DISHWASHER BBQ,"Jan. 11, 2008","Emter, James",,
76664104,REQUEST_FAILED,,,,,
76664332,deadAbandoned,None,"Jun. 19, 2008","GREEN, JENNIE C.",,KYSSINGJAKE@YAHOO.COM
76664331,REQUEST_FAILED,,,,,
76664555,deadAbandoned,CORRUPTED,"Dec. 10, 2008",Corrupted,,Corruptado@hotmail.com
76664525,REQUEST_FAILED,,,,,
76664718,REQUEST_FAILED,,,,,
76664927,REQUEST_FAILED,,,,,
76665600,REQUEST_FAILED,,,,,
76665784,REQUEST_FAILED,,,,,
76665821,REQUEST_FAILED,,,,,
76666412,deadAbandoned,ERUP,"Jul. 16, 2008","MCGRATH, DYANNE",,
76666447,REQUEST_FAILED,,,,,
76666490,REQUEST_FAILED,,,,,
76667001,REQUEST_FAILED,,,,,
76667709,deadAbandoned,SANTA BARBARA DESIGN STUDIO,"Sep. 26, 2008",SANTA BARBARA CERAMIC DESIGN,,
76667257,REQUEST_FAILED,,,,,
76667570,REQUEST_FAILED,,,,,
76667707,deadAbandoned,SANTA BARBARA DESIGN STUDIO,"Oct. 24, 2008",SANTA BARBARA CERAMIC DESIGN,,
76668129,deadAbandoned,SEDATION SYSTEMS,"Jun. 18, 2008","NASHED, RAMSES",,
76667948,REQUEST_FAILED,,,,,
76667968,REQUEST_FAILED,,,,,
76667993,REQUEST_FAILED,,,,,
76668401,deadAbandoned,GOOD FRIENDS LINE 2,"Feb. 29, 2008","Luther, Terri A. Brukardt",,
76668243,deadAbandoned,CHEE-LAY PRODUCT OF CHILE,"Nov. 17, 2008",Three Tier Wine and Spirit Corp,,ginopal@aol.com
76668405,deadAbandoned,GOOD FRIENDS LINE 1,"Feb. 29, 2008","Luther, Terri A. Brukardt",,
76668217,REQUEST_FAILED,,,,,
76668469,REQUEST_FAILED,,,,,
76668758,REQUEST_FAILED,,,,,
76668966,REQUEST_FAILED,,,,,
76669492,deadAbandoned,ORIGINAL LANTCHIPS,"Jul. 28, 2008",UTAH CHIPS,,info@lantchips.com
76669180,REQUEST_FAILED,,,,,
76669572,deadAbandoned,VOTIVO GARDEN COLLECTION ROSEMARY GRAPEFRUIT FRAGRANCED CANDLE V VOTIVO,"Mar. 03, 2008","VOTIVO, LTD.",,
76669562,deadAbandoned,XCOUPLER,"Oct. 27, 2008","ERUDITE SYSTEMS HOLDING, LLC",,
76669561,REQUEST_FAILED,,,,,
76669812,deadAbandoned,PAPERTIVITIES,"Jun. 05, 2008","ANW/Crestwood, Inc.",,
76669630,REQUEST_FAILED,,,,,
76669855,deadAbandoned,SENSORFUSION,"Oct. 27, 2008","ERUDITE SYSTEMS HOLDING, LLC",,
76669949,deadAbandoned,QUIET PI,"Apr. 10, 2008","Schurr, Linda",,
76670119,deadAbandoned,GRIPDOCK,"Jun. 12, 2008","Huddleston, Herbert D.",,
76669950,REQUEST_FAILED,,,,,
76669975,REQUEST_FAILED,,,,,
76670120,REQUEST_FAILED,,,,,
76670662,deadAbandoned,IMMACCEL,"Apr. 22, 2008",BOOST TECHNOLOGIES BV,,slitvinov@mail.com
76670263,REQUEST_FAILED,,,,,
76670620,REQUEST_FAILED,,,,,
76670646,REQUEST_FAILED,,,,,
76670767,REQUEST_FAILED,,,,,
76670976,REQUEST_FAILED,,,,,
76671512,REQUEST_FAILED,,,,,
76672002,deadAbandoned,FULL COURT PRESS,"Jan. 22, 2008","Full Court Press, L.L.C.",,mbsibley@earthlink.net
76672182,deadAbandoned,MOVEMENT FOR HEALTH,"Jul. 31, 2008","ORPELLI, AARON",,
76671941,REQUEST_FAILED,,,,,
76672238,deadAbandoned,STAMPA,"May 20, 2008","MY1STOP, LLC",,
76672132,REQUEST_FAILED,,,,,
76672258,REQUEST_FAILED,,,,,
76672449,deadAbandoned,TOUR OF CHAMPIONS,"Jun. 19, 2008","JOHNSON, IVEY JUSTMAN, JR.",,
76672626,deadAbandoned,CLAM CARD,"Dec. 12, 2008","PartnerPak, Inc.",,
76672488,REQUEST_FAILED,,,,,
76672834,REQUEST_FAILED,,,,,
76672956,REQUEST_FAILED,,,,,
76673217,REQUEST_FAILED,,,,,
76673409,REQUEST_FAILED,,,,,
76673940,deadAbandoned,E-Z-BLINDER,"Jun. 05, 2008","TATE, JEFFREY E.",,
76674097,deadAbandoned,TASTE OF PARADISE GRILL,"Dec. 29, 2008","HRP Creative Services Co., LLC",,
76673880,REQUEST_FAILED,,,,,
76674003,REQUEST_FAILED,,,,,
76674101,REQUEST_FAILED,,,,,
76674158,REQUEST_FAILED,,,,,
76674237,REQUEST_FAILED,,,,,
76674349,deadAbandoned,GRATE KING,"Jan. 03, 2008","RDA-Richard Dale Associates, LLC",,
76674429,deadAbandoned,GET REAL PRINTING,"Oct. 27, 2008","MY1STOP, LLC.",,
76674320,REQUEST_FAILED,,,,,
76674361,REQUEST_FAILED,,,,,
76674380,REQUEST_FAILED,,,,,
76674504,deadAbandoned,MY1STOP GET REAL PRINTING,"Oct. 27, 2008","MY1STOP, LLC.",,
76674647,deadAbandoned,THE AVALON ROOM,"Jun. 05, 2008",THE AVALON ROOM LLC,,jswimmer@adelphia.net
76674509,REQUEST_FAILED,,,,,
76674596,REQUEST_FAILED,,,,,
76674654,deadAbandoned,PARSONS BRINCKERHOFF AMERICAS INC.,"Jul. 10, 2008","PB AMERICAS, INC.",,gpgulia@duanemorris.com
76674658,deadAbandoned,PARSONS BRINCKERHOFF AMERICAS P.C.,"Jul. 10, 2008","PB AMERICAS, INC.",,gpgulia@duanemorris.com
76674653,deadAbandoned,"PARSONS BRINCKERHOFF CONSTRUCTION SERVICES, INC.","Jul. 10, 2008","PB AMERICAS, INC.",,gpgulia@duanemorris.com
76674656,deadAbandoned,PB AMERICAS INC.,"Jul. 10, 2008","PB Americas, Inc.",,gpgulia@duanemorris.com
76674660,deadAbandoned,"PARSONS, BRINCKERHOFF, QUADE & DOUGLAS, INC.","Jul. 11, 2008","PB AMERICAS, INC.",,gpgulia@duanemorris.com
76674652,REQUEST_FAILED,,,,,
76674661,deadAbandoned,"PARSONS BRINCKERHOFF QUADE & DOUGLAS, INC.","Jul. 10, 2008","PB AMERICAS, INC.",,gpgulia@duanemorris.com
76674659,deadAbandoned,"PARSONS BRINCKERHOFF AMERICAS, INC.","Jul. 11, 2008","PB AMERICAS, INC.",,gpgulia@duanemorris.com
76674655,REQUEST_FAILED,,,,,
76674657,REQUEST_FAILED,,,,,
76674676,deadAbandoned,EVACUATION SAFE MUZZLE,"Jan. 24, 2008","Puppy Paradise, Inc.",,
76674680,deadAbandoned,EVACUATION CERTIFIED MUZZLE,"Jan. 24, 2008","Puppy Paradise, Inc.",,
76674677,deadAbandoned,EVACUATION SAFETY MUZZLE,"Jan. 24, 2008","Puppy Paradise, Inc.",,
76674683,deadAbandoned,DON'T LEAVE YOUR PET BEHIND,"Jun. 26, 2008","Puppy Paradise, Inc.",,
76674664,REQUEST_FAILED,,,,,
76674678,deadAbandoned,EVACUATION DESIGNED PET MUZZLE,"Jan. 24, 2008","Puppy Paradise, Inc.",,
76674684,REQUEST_FAILED,,,,,
76674814,deadAbandoned,ACELIFT,"Jan. 14, 2008","COSMETIQUE DERMATOLOGY, LASER & PLASTIC SURGERY, LLP",,
76674771,REQUEST_FAILED,,,,,
76674798,REQUEST_FAILED,,,,,
76674822,REQUEST_FAILED,,,,,
76674884,REQUEST_FAILED,,,,,
76674891,REQUEST_FAILED,,,,,
76674903,REQUEST_FAILED,,,,,
76675039,deadAbandoned,CELLYWOOD,"Jan. 21, 2008","ENTERTAINMENT ASIA NETWORK, INC.",,
76675022,REQUEST_FAILED,,,,,
76675145,deadAbandoned,MEDITATION FOR THE SON,"Jul. 23, 2008",MEDITATION FOR THE SON,,
76675058,REQUEST_FAILED,,,,,
76675201,deadAbandoned,ET CETERA,"Jan. 25, 2008","Jackson, Kizmet",,shoniquebanks@aol.com
76675165,REQUEST_FAILED,,,,,
76675191,REQUEST_FAILED,,,,,
76675232,deadAbandoned,GRACIA,"Feb. 01, 2008",Gracia Fashion Corp.,,
76675217,REQUEST_FAILED,,,,,
76675289,REQUEST_FAILED,,,,,
76675319,REQUEST_FAILED,,,,,
76675424,REQUEST_FAILED,,,,,
76675572,deadAbandoned,FOH,"Jul. 30, 2008",Freddies of Houston Inc,,
76675446,REQUEST_FAILED,,,,,
76675518,REQUEST_FAILED,,,,,
76675612,REQUEST_FAILED,,,,,
76675661,REQUEST_FAILED,,,,,
76675779,deadAbandoned,PREGUUUNTAME!,"Feb. 14, 2008",MEXIBANC MORTGAGE CORPORATION.,,JAVIER@MEXIBANC.COM
76675732,REQUEST_FAILED,,,,,
76675901,deadAbandoned,ZERO LIGHT,"Feb. 21, 2008","VENROD TRADING COMPANY, INC.",,
76675782,REQUEST_FAILED,,,,,
76675807,REQUEST_FAILED,,,,,
76675852,REQUEST_FAILED,,,,,
76675950,REQUEST_FAILED,,,,,
76676167,deadAbandoned,AEROTAMIX,"Mar. 11, 2008","VAUGHAN CO., INC.",,
76676056,REQUEST_FAILED,,,,,
76676346,deadAbandoned,BUENISIMA,"Feb. 22, 2008",ABC Telecom Inc.,,
76676303,deadAbandoned,1 FIRST GREEN LINKS AS LABS CERTIFIED,"Mar. 03, 2008",First Green Foundation,,
76676445,deadAbandoned,RIDE THE MUSIC,"Dec. 29, 2008","HRP Creative Services Co., LLC",,
76676418,REQUEST_FAILED,,,,,
76676444,REQUEST_FAILED,,,,,
76676449,REQUEST_FAILED,,,,,
76676446,deadAbandoned,WHERE ROCK COMES TO PLAY,"May 28, 2008","HRP Creative Services Co., LLC",,
76676584,deadAbandoned,THE TRUEST FORM OF ROMANCE,"Jul. 23, 2008",JE T'AIME FOR MEN,,
76676575,REQUEST_FAILED,,,,,
76676721,REQUEST_FAILED,,,,,
76676762,REQUEST_FAILED,,,,,
76676813,REQUEST_FAILED,,,,,
76676901,deadAbandoned,URBAN SPRAWL,"Jul. 30, 2008","MESP, INC.",,
76676859,REQUEST_FAILED,,,,,
76676863,REQUEST_FAILED,,,,,
76676976,REQUEST_FAILED,,,,,
76676996,REQUEST_FAILED,,,,,
76677034,REQUEST_FAILED,,,,,
76677138,REQUEST_FAILED,,,,,
76677154,REQUEST_FAILED,,,,,
76677285,deadAbandoned,SANKY PANKY THE MOVIE,"Mar. 11, 2008","Premium Latin Music, Inc.",,
76677196,REQUEST_FAILED,,,,,
76677312,REQUEST_FAILED,,,,,
76677277,REQUEST_FAILED,,,,,
76677323,REQUEST_FAILED,,,,,
76677471,deadAbandoned,T-BRACE,"Jul. 23, 2008",T-BRACE LLC,,
76677482,REQUEST_FAILED,,,,,
76677516,REQUEST_FAILED,,,,,
76677513,REQUEST_FAILED,,,,,
76677635,REQUEST_FAILED,,,,,
76677694,REQUEST_FAILED,,,,,
76677700,REQUEST_FAILED,,,,,
76677769,REQUEST_FAILED,,,,,
76677880,REQUEST_FAILED,,,,,
76677926,deadAbandoned,KROP,"Mar. 18, 2008",VANTAGEOUS LLC,,
76678024,deadAbandoned,MODERN KING JAMES VERSION,"Mar. 26, 2008","Dulaney, Matthew Lee",,
76677996,REQUEST_FAILED,,,,,
76678087,deadAbandoned,ZITRONE,"Mar. 19, 2008","Enlightened Brands, Inc.",,frnkmassie@yahoo.com
76678022,REQUEST_FAILED,,,,,
76678074,REQUEST_FAILED,,,,,
76678179,deadAbandoned,STILL ALIVE YET BURIED A TRUE ACCOUNT OF LIFE METAMORPHOSIS GOD MOVES IN A MYSTERIOUS WAY,"Mar. 20, 2008","BEDFORD, NNAMA CHUKS",,
76678172,REQUEST_FAILED,,,,,
76678178,REQUEST_FAILED,,,,,
76678301,REQUEST_FAILED,,,,,
76678367,deadAbandoned,None,"Aug. 20, 2008",JAH Innovations Inc.,,
76678377,REQUEST_FAILED,,,,,
76678492,deadAbandoned,AROMA,"Mar. 26, 2008","CHANG, PETER CHUNG-YUAN",,amamao@aromaco.com
76678403,REQUEST_FAILED,,,,,
76678460,REQUEST_FAILED,,,,,
76678521,deadAbandoned,INITS,"Mar. 26, 2008",PRECOOKED SOLUTIONS INC.,,
76678518,REQUEST_FAILED,,,,,
76678636,deadAbandoned,TEKNEEK,"Oct. 27, 2008","HIJAZI, KODER",,
76678629,REQUEST_FAILED,,,,,
76678640,REQUEST_FAILED,,,,,
76678675,REQUEST_FAILED,,,,,
76678804,deadAbandoned,UPSIDE OVER,"Mar. 14, 2008",Upside Over Inc.,,steve@upsideover.com
76678810,deadAbandoned,ICE,"Apr. 08, 2008","ICE I, LLC",,
76678734,REQUEST_FAILED,,,,,
76678832,REQUEST_FAILED,,,,,
76678847,REQUEST_FAILED,,,,,
76678851,REQUEST_FAILED,,,,,
76678975,REQUEST_FAILED,,,,,
76678991,REQUEST_FAILED,,,,,
76679017,REQUEST_FAILED,,,,,
76679114,REQUEST_FAILED,,,,,
76679289,deadAbandoned,THINK OUTSIDE THE MUFFIN,"Apr. 12, 2008","B. GAYLE WORLDWIDE ENTERPRISES, LLC",,
76679127,REQUEST_FAILED,,,,,
76679301,REQUEST_FAILED,,,,,
76679317,REQUEST_FAILED,,,,,
76679478,REQUEST_FAILED,,,,,
76679578,REQUEST_FAILED,,,,,
76679618,REQUEST_FAILED,,,,,
76679799,REQUEST_FAILED,,,,,
76679835,REQUEST_FAILED,,,,,
76679959,REQUEST_FAILED,,,,,
76680100,REQUEST_FAILED,,,,,
76680160,REQUEST_FAILED,,,,,
76680225,REQUEST_FAILED,,,,,
76680234,REQUEST_FAILED,,,,,
76680366,REQUEST_FAILED,,,,,
76680447,deadAbandoned,VIERA ITALY,"May 19, 2008",ABDERRAHIM ALAMI,,ALAMIATLAS@YAHOO.FR
76680422,REQUEST_FAILED,,,,,
76680455,REQUEST_FAILED,,,,,
76680475,REQUEST_FAILED,,,,,
76680621,deadAbandoned,NATIONAL BANKCARD,"May 27, 2008",NATIONAL BANKCARD INC.,,
76680490,REQUEST_FAILED,,,,,
76680544,REQUEST_FAILED,,,,,
76680769,deadAbandoned,"RIDE, RUN AND MUD FESTIVAL","May 28, 2008","MESP, INC",,
76680684,REQUEST_FAILED,,,,,
76680775,deadAbandoned,NUCLEAR FUSION BATTERY,"May 27, 2008","FORD, ROGER R. Y.",,
76680801,deadAbandoned,ERBEX ESSERE E BENESSERE,"Jun. 12, 2008",ERBEX,,
76680854,deadAbandoned,BOVDOCK,"Dec. 15, 2008","Huddleston, Herbert D.",,
76680800,REQUEST_FAILED,,,,,
76680808,REQUEST_FAILED,,,,,
76680901,deadAbandoned,KENTÉ CLOTHING,"Sep. 25, 2008","Campbell, Leo H.",,
76680847,REQUEST_FAILED,,,,,
76680894,REQUEST_FAILED,,,,,
76680933,REQUEST_FAILED,,,,,
76681047,REQUEST_FAILED,,,,,
76681167,deadAbandoned,THE GREATEST STORY EVER PLAYED,"Dec. 22, 2008","SABABA GROUP, INC.",,
76681168,deadAbandoned,STATE FAIR,"Jun. 07, 2008","SABABA GROUP, INC.",,
76681169,deadAbandoned,WORDSPOT,"Jun. 07, 2008","SABABA GROUP, INC.",,
76681060,REQUEST_FAILED,,,,,
76681181,deadAbandoned,"GOOD KARMA BUZZ, INC 2000","May 27, 2008","RHEE, MICHAEL IHN",,
76681122,REQUEST_FAILED,,,,,
76681380,deadAbandoned,RABBIT HILL WINERY,"Oct. 06, 2008","HUNDERTMARK, JIM",,
76681381,REQUEST_FAILED,,,,,
76681456,REQUEST_FAILED,,,,,
76681457,REQUEST_FAILED,,,,,
76681499,REQUEST_FAILED,,,,,
76681574,REQUEST_FAILED,,,,,
76681679,deadAbandoned,MODERN ENERGY PLAN,"Jun. 18, 2008",SOLAR NIGHT INDUSTRIES,,
76681640,REQUEST_FAILED,,,,,
76681705,REQUEST_FAILED,,,,,
76681721,REQUEST_FAILED,,,,,
76681905,deadAbandoned,ROCK-N-HORROR NIGHTS,"Dec. 29, 2008","HRP Creative Services Co., LLC",,
76681782,REQUEST_FAILED,,,,,
76681904,deadAbandoned,ROCK-N-HORROR NIGHTS,"Dec. 29, 2008","HRP Creative Services Co., LLC",,
76682029,deadAbandoned,None,"Dec. 29, 2008",JE T'AIME FOR MEN,,
76682024,deadAbandoned,BIG BOSS PRINTING,"Jun. 19, 2008","MY1STOP, LLC",,
76681951,REQUEST_FAILED,,,,,
76681909,REQUEST_FAILED,,,,,
76681987,REQUEST_FAILED,,,,,
76682056,REQUEST_FAILED,,,,,
76682121,REQUEST_FAILED,,,,,
76682119,REQUEST_FAILED,,,,,
76682236,REQUEST_FAILED,,,,,
76682282,REQUEST_FAILED,,,,,
76682594,REQUEST_FAILED,,,,,
76682738,REQUEST_FAILED,,,,,
76682740,REQUEST_FAILED,,,,,
76682916,REQUEST_FAILED,,,,,
76682917,REQUEST_FAILED,,,,,
76682945,REQUEST_FAILED,,,,,
76683053,REQUEST_FAILED,,,,,
76683159,REQUEST_FAILED,,,,,
76683167,REQUEST_FAILED,,,,,
76683233,REQUEST_FAILED,,,,,
76683501,deadAbandoned,RABBITO,"Oct. 07, 2008",Three Flames Limited,,kkariuki@gmail.com
76683442,REQUEST_FAILED,,,,,
76683651,REQUEST_FAILED,,,,,
76683975,deadAbandoned,PURE ORGANICS,"Sep. 08, 2008","Pure Organics, Inc.",,
76683976,deadAbandoned,MADE BY NATURE,"Sep. 08, 2008","Made By Nature, Inc.",,
76683900,REQUEST_FAILED,,,,,
76683989,REQUEST_FAILED,,,,,
76684169,REQUEST_FAILED,,,,,
76684201,REQUEST_FAILED,,,,,
76684348,REQUEST_FAILED,,,,,
76684665,REQUEST_FAILED,,,,,
76684722,REQUEST_FAILED,,,,,
76684778,REQUEST_FAILED,,,,,
76684770,REQUEST_FAILED,,,,,
76684799,REQUEST_FAILED,,,,,
76684801,REQUEST_FAILED,,,,,
76684829,REQUEST_FAILED,,,,,
76684913,REQUEST_FAILED,,,,,
76685044,deadAbandoned,T S P S,"Sep. 26, 2008","SUN, BYUNG-OG KANG",,
76684965,REQUEST_FAILED,,,,,
76685085,deadAbandoned,SIX WICKED MONKS,"Aug. 21, 2008","SIEMANN, LEO",,DR_SIEMANN@HOTMAIL.COM
76685083,deadAbandoned,"NATURE PRESERVE CRAFT RESPONSIBLY... REDUCE, REUSE, RECYCLE","Sep. 26, 2008","ANW/Crestwood, Inc.",,
76685003,REQUEST_FAILED,,,,,
76685128,deadAbandoned,None,"Aug. 29, 2008","Matchmaker Products, Inc.",,
76685098,deadAbandoned,THE CARAVAN KIT,"Oct. 09, 2008","CARAVAN ENTERPRISES, LLLP",,BGIDDINGS@BWW.COM
76685129,REQUEST_FAILED,,,,,
76685347,deadAbandoned,MICKMACKS,"Oct. 02, 2008","BRODERICK, MICHAEL T.",,
76685246,REQUEST_FAILED,,,,,
76685401,deadAbandoned,CITYGUIDE.ASIA,"Oct. 09, 2008",Lina P. Celino & Beverly N. Balonso,,fufu_corp@yahoo.com
76685395,deadAbandoned,DATING.ASIA,"Oct. 11, 2008",Lina Petalver Celino,,atipooh_007@yahoo.com
76685344,REQUEST_FAILED,,,,,
76685349,REQUEST_FAILED,,,,,
76685446,REQUEST_FAILED,,,,,
76685445,REQUEST_FAILED,,,,,
76685543,REQUEST_FAILED,,,,,
76685553,REQUEST_FAILED,,,,,
76685594,deadAbandoned,BLING BLING BURRITO,"Oct. 26, 2008","Parmeter, Joseph Wayne",,
76685695,deadAbandoned,DOMINICANÓPOLY.,"Oct. 23, 2008","GAMES & INVENTIONS, INC.",,
76685699,deadAbandoned,SABIAS QUE?...,"Oct. 23, 2008","GAMES & INVENTIONS, INC.",,
76685696,deadAbandoned,QUISQUEYA TRI VIA,"Oct. 23, 2008","GAMES & INVENTIONS, INC.",,
76685648,REQUEST_FAILED,,,,,
76685697,deadAbandoned,COQUI TRI IA,"Oct. 23, 2008","GAMES & INVENTIONS, INC.",,
76685821,deadAbandoned,MAX 1,"Sep. 26, 2008","SUN, BYUNG-OG KANG",,
76685698,REQUEST_FAILED,,,,,
76685704,REQUEST_FAILED,,,,,
76685820,REQUEST_FAILED,,,,,
76686089,REQUEST_FAILED,,,,,
76686119,REQUEST_FAILED,,,,,
76686219,deadAbandoned,THERMATECH,"Nov. 10, 2008","Quaglia, Brian",,
76686235,REQUEST_FAILED,,,,,
76686321,REQUEST_FAILED,,,,,
76686609,deadAbandoned,TECH DOCK,"Nov. 25, 2008","HEMENWAY, DOUGLAS E.",,
76686428,REQUEST_FAILED,,,,,
76686645,REQUEST_FAILED,,,,,
76686707,REQUEST_FAILED,,,,,
76686810,REQUEST_FAILED,,,,,
76686814,REQUEST_FAILED,,,,,
76686923,REQUEST_FAILED,,,,,
76686991,REQUEST_FAILED,,,,,
76687039,REQUEST_FAILED,,,,,
76687074,REQUEST_FAILED,,,,,
76687086,REQUEST_FAILED,,,,,
76687387,deadAbandoned,SABATINO&CO ROME SABATINO&CO OC&ONITABAS,"Sep. 15, 2008","Sabatino Tartufi, srl",,customer@sabatinostore.com
76687319,REQUEST_FAILED,,,,,
76687481,REQUEST_FAILED,,,,,
76687728,REQUEST_FAILED,,,,,
76687764,REQUEST_FAILED,,,,,
76687966,deadAbandoned,POCKET COVER,"Nov. 09, 2008","Quaglia, Brian",,
76687785,REQUEST_FAILED,,,,,
76687845,REQUEST_FAILED,,,,,
76688018,REQUEST_FAILED,,,,,
76687993,REQUEST_FAILED,,,,,
77000043,REQUEST_FAILED,,,,,
77000432,deadAbandoned,PRIMABEL,"Jan. 25, 2008","MOLECULAR INTERNATIONAL RESEARCH, INC.",,
77000435,deadAbandoned,C CONSCIOUSNESS,"May 21, 2008","Liess, Scott B",,sliess28@yahoo.com
77000257,REQUEST_FAILED,,,,,
77000315,REQUEST_FAILED,,,,,
77000549,REQUEST_FAILED,,,,,
77000737,REQUEST_FAILED,,,,,
77001079,deadAbandoned,KRONTIRAS WINES,"Jul. 22, 2008",CK Y ASOCIADOS S.A.,,info@ckasociados.com.ar
77001062,REQUEST_FAILED,,,,,
77001099,REQUEST_FAILED,,,,,
77001268,deadAbandoned,ARMOR,"Mar. 29, 2008","Apex Dental Materials, Inc.",,Lamerand@flash.net
77001205,REQUEST_FAILED,,,,,
77001341,REQUEST_FAILED,,,,,
77001392,REQUEST_FAILED,,,,,
77001868,deadAbandoned,SOURCERY,"Mar. 11, 2008",SOURCERY LLC,,
77001773,REQUEST_FAILED,,,,,
77001801,REQUEST_FAILED,,,,,
77002009,deadAbandoned,None,"Feb. 01, 2008","The Global Renaissance Society, LLC",,valerie@goodbyegutenberg.com
77001870,REQUEST_FAILED,,,,,
77001924,REQUEST_FAILED,,,,,
77002128,REQUEST_FAILED,,,,,
77002728,deadAbandoned,YOUR MEDICAL HISTORY TO GO,"Feb. 01, 2008","Personal e-Storage Technologies, LLC",,alex@instahelpcard.com
77002738,deadAbandoned,MEDICAL HISTORY TO GO,"Feb. 01, 2008","Personal e-Storage Technologies, LLC",,alex@instahelpcard.com
77002563,REQUEST_FAILED,,,,,
77002574,REQUEST_FAILED,,,,,
77002793,REQUEST_FAILED,,,,,
77002852,REQUEST_FAILED,,,,,
77003003,deadAbandoned,EL WHA,"Feb. 15, 2008","Hennessey, William F. Jr.",,bfh@olypen.com
77002865,REQUEST_FAILED,,,,,
77002866,REQUEST_FAILED,,,,,
77003179,deadAbandoned,MANY ONE,"Jan. 25, 2008","Omni International Group, LLC",,omniserv@bellsouth.net
77003024,REQUEST_FAILED,,,,,
77003353,REQUEST_FAILED,,,,,
77003737,deadAbandoned,UNIVEDANT,"Jan. 25, 2008",GIRISH N VEDPATHAK,,girishv@univedant.com
77003673,REQUEST_FAILED,,,,,
77003744,REQUEST_FAILED,,,,,
77003820,REQUEST_FAILED,,,,,
77003843,REQUEST_FAILED,,,,,
77004027,deadAbandoned,SVS,"Feb. 01, 2008","EuroBeauty, LLC",,
77004013,deadAbandoned,BOGEY-FREE,"Jan. 25, 2008","Manzo, Mark B.",,markbmanzo@yahoo.com
77003897,REQUEST_FAILED,,,,,
77004068,REQUEST_FAILED,,,,,
77004056,REQUEST_FAILED,,,,,
77004263,deadAbandoned,· CERTIFICATE IN PROJECT MANAGEMENT · CPM CERTIFIED PROJECT MANAGER,"Apr. 11, 2008",International Association of Project and Management,,
77004139,REQUEST_FAILED,,,,,
77004454,deadAbandoned,CLUB FUEGO,"Apr. 10, 2008","ND Rights, LLC",,
77004622,deadAbandoned,"OC GLOBAL PARTNERS, LLC","Feb. 01, 2008","OC Global Partners, LLC",,cc908@nyu.edu
77004397,REQUEST_FAILED,,,,,
77004573,REQUEST_FAILED,,,,,
77004610,REQUEST_FAILED,,,,,
77004651,deadAbandoned,OC GLOBAL ENERGY LLC,"Feb. 01, 2008","OC Global Partners, LLC",,oveissi@ocglobalpartners.com
77004830,deadAbandoned,LATIN FEVER,"Aug. 01, 2008","ND Rights, LLC",,
77004847,deadAbandoned,LATIN FIRE,"Aug. 08, 2008","ND Rights, LLC",,
77004842,deadAbandoned,LATIN FIRE,"Aug. 08, 2008","ND Rights, LLC",,
77004889,deadAbandoned,SIZEUP,"Apr. 15, 2008","Lai, Kay",,admin@sizeup-extender.com
77004851,deadAbandoned,LATIN THRILL,"Jul. 07, 2008","ND Rights, LLC",,
77004898,deadAbandoned,WACKY TERIYAKI,"May 01, 2008","Better Than Yours, Inc.",,jerkyg@yahoo.com
77004845,REQUEST_FAILED,,,,,
77004849,REQUEST_FAILED,,,,,
77005055,deadAbandoned,IA,"Oct. 27, 2008","Doleshal, Kyle",,
77004875,REQUEST_FAILED,,,,,
77004907,REQUEST_FAILED,,,,,
77005060,deadAbandoned,OC GLOBAL,"Feb. 01, 2008","OC Global Partners, LLC",,cc908@nyu.edu
77004962,REQUEST_FAILED,,,,,
77005151,REQUEST_FAILED,,,,,
77005579,deadAbandoned,B BASIK,"Jun. 26, 2008","Reed, Jason W.",,giftedwordsmith@yahoo.com
77005235,REQUEST_FAILED,,,,,
77005441,REQUEST_FAILED,,,,,
77005558,REQUEST_FAILED,,,,,
77005736,REQUEST_FAILED,,,,,
77005995,deadAbandoned,YOU HAVE THE RIGHT TO TELL YOUR STORY.,"Feb. 01, 2008","Killen, Patrick M.",,pat@patkillen.com
77005793,REQUEST_FAILED,,,,,
77005858,REQUEST_FAILED,,,,,
77005972,REQUEST_FAILED,,,,,
77006070,REQUEST_FAILED,,,,,
77006073,REQUEST_FAILED,,,,,
77006107,REQUEST_FAILED,,,,,
77006178,deadAbandoned,THEREZÓPOLIS GOLD BRAZILIAN BEER SICE 1912,"Jan. 23, 2008",CERVEJARIA TERESOPOLIS LTDA,,wstonesllc@hotmail.com
77006258,deadAbandoned,FOCUS ENERGY,"Oct. 20, 2008",Worldwide Nutraceuticals,,terry@tropicaloasis.com
77006125,REQUEST_FAILED,,,,,
77006119,REQUEST_FAILED,,,,,
77006200,deadAbandoned,None,"Dec. 09, 2008","MARSHALL, THOMAS L.",,broketoo@hawaiiantel.net
77006480,REQUEST_FAILED,,,,,
77007112,REQUEST_FAILED,,,,,
77007137,REQUEST_FAILED,,,,,
77007400,deadAbandoned,GREAT SPAIN,"Apr. 28, 2008",GREAT SPAIN COLLECTION SL,,info@pilcar.com
77007103,REQUEST_FAILED,,,,,
77007650,deadAbandoned,RAV'N RAG,"Dec. 02, 2008","Russell Promotional Products, Inc",,bobruss26@comcast.net
77007507,deadAbandoned,FOUNTAIN LAKE MODEL,"Jan. 14, 2008",Canarys Automations Ltd.,,srihari.boregowda@ecanarys.com
77007571,REQUEST_FAILED,,,,,
77007651,REQUEST_FAILED,,,,,
77007645,REQUEST_FAILED,,,,,
77008113,deadAbandoned,SUNNY FEET SANDALS,"Apr. 10, 2008",I.S.E.A. Inc. (importers south east asia),,contact@woodywagner.com
77008108,REQUEST_FAILED,,,,,
77008134,REQUEST_FAILED,,,,,
77008189,REQUEST_FAILED,,,,,
77008527,REQUEST_FAILED,,,,,
77008543,REQUEST_FAILED,,,,,
77009003,deadAbandoned,BAJA ONLINE REALTY,"Mar. 12, 2008","Tierney, Laura",,bajalaura@gmail.com
77008952,REQUEST_FAILED,,,,,
77009216,deadAbandoned,DGSTATION CONNECTING PEOPLE TO DIGITAL HOME ENTERTAINMENT,"Oct. 09, 2008","DGSTATION CO., LTD",,jjpark@dgstation.co.kr
77009064,REQUEST_FAILED,,,,,
77009153,REQUEST_FAILED,,,,,
77009175,REQUEST_FAILED,,,,,
77009183,REQUEST_FAILED,,,,,
77009432,REQUEST_FAILED,,,,,
77009501,REQUEST_FAILED,,,,,
77010013,deadAbandoned,EUCALIN,"Mar. 19, 2008","SALUD NATURAL MEXICANA, S.A. DE C.V.",,rene.zenon@mercer.com
77009561,REQUEST_FAILED,,,,,
77009827,REQUEST_FAILED,,,,,
77009931,REQUEST_FAILED,,,,,
77010108,REQUEST_FAILED,,,,,
77010120,REQUEST_FAILED,,,,,
77010160,REQUEST_FAILED,,,,,
77010805,deadAbandoned,CARBON CARD,"Mar. 05, 2008","Long, Russell H.",,russell.long@yahoo.com
77010369,REQUEST_FAILED,,,,,
77010776,REQUEST_FAILED,,,,,
77011124,deadAbandoned,GIRL ON THE GO,"Feb. 01, 2008","Little i, Inc",,isaacberg@hotmail.com
77011196,deadAbandoned,THE MAGNIFICAT COLLECTION PARIS DISTINCTIVE JEWELRY INSPIRED BY THE GREAT CHURCHES OF THE WORLD,"Jan. 15, 2008",Agenoure LLC,,nadine.redding@gmail.com
77011019,REQUEST_FAILED,,,,,
77011198,REQUEST_FAILED,,,,,
77011242,REQUEST_FAILED,,,,,
77011265,REQUEST_FAILED,,,,,
77011305,REQUEST_FAILED,,,,,
77011396,REQUEST_FAILED,,,,,
77011425,REQUEST_FAILED,,,,,
77011563,REQUEST_FAILED,,,,,
77011852,REQUEST_FAILED,,,,,
77011959,REQUEST_FAILED,,,,,
77012247,deadAbandoned,KNOB NOTES,"May 28, 2008","Fitzgerald, Tim",,
77012030,REQUEST_FAILED,,,,,
77012136,REQUEST_FAILED,,,,,
77012264,deadAbandoned,NUTRIKARDIO,"Feb. 08, 2008","Lopez, Juan A.",,jlopez@nutriva.com.mx
77012237,REQUEST_FAILED,,,,,
77012256,REQUEST_FAILED,,,,,
77012475,REQUEST_FAILED,,,,,
77012558,REQUEST_FAILED,,,,,
77012713,REQUEST_FAILED,,,,,
77012862,REQUEST_FAILED,,,,,
77012954,REQUEST_FAILED,,,,,
77013115,deadAbandoned,WIGGY LURE,"May 01, 2008",Shawn M Laman,,shawn@wiggylure.com
77013071,REQUEST_FAILED,,,,,
77013043,REQUEST_FAILED,,,,,
77013217,REQUEST_FAILED,,,,,
77013394,deadAbandoned,OFF THE GRID,"Mar. 18, 2008",Brand Catalyst Ltd,,peter.shaw@brandcatalyst.com
77013382,deadAbandoned,DELIVERYTRACS,"Dec. 08, 2008","Homer TLC, Inc.",,trade_marks@homedepot.com
77013355,REQUEST_FAILED,,,,,
77013584,deadAbandoned,GIVEMUSIC.COM,"Apr. 03, 2008",GiveMusic.Com,,cpb@givemusic.com
77013561,deadAbandoned,FANTIC MOTOR,"Jan. 01, 2008",Terry Everett,,
77013418,REQUEST_FAILED,,,,,
77013605,REQUEST_FAILED,,,,,
77014230,REQUEST_FAILED,,,,,
77014454,deadAbandoned,DORIS JAMES,"May 16, 2008","Megariotis, Elaine M.",,elaine@psas.com
77014423,deadAbandoned,FRAMES ON BOARD,"Apr. 03, 2008","Frames On Board, LLC",,rfleischman@yahoo.com
77014432,REQUEST_FAILED,,,,,
77014467,REQUEST_FAILED,,,,,
77014495,REQUEST_FAILED,,,,,
77014543,REQUEST_FAILED,,,,,
77014846,deadAbandoned,PROFITBUILDER SOFTWARE,"Jun. 12, 2008",PROFITBUILDER SOFTWARE LLC,,kossdvdebay@aol.com
77014546,REQUEST_FAILED,,,,,
77014878,deadAbandoned,POWER $HOP,"Apr. 10, 2008","VOCEL, Inc.",,
77014594,deadAbandoned,REIKI WITH ANGELS,"Mar. 28, 2008","Wheeler, Ellen Mahloy",,
77014885,deadAbandoned,SCIENCE24,"Jan. 07, 2008",PIELASZEK RESEARCH CORP.,,prc@pielaszek.com
77015141,deadAbandoned,WISEARTH,"Feb. 15, 2008",Stet Corporation,,d.holz@stetcorp.com
77015263,deadAbandoned,ATTACHMINTS,"Feb. 08, 2008","Bautista, Anthony R.",,anthony@attachmints.com
77015341,deadAbandoned,I AM ATHENA,"Feb. 15, 2008","Burnett, Lora D",,loraburnett@msn.com
77015177,REQUEST_FAILED,,,,,
77015333,deadAbandoned,HYDROWAVE,"Feb. 18, 2008",Total Control Pty. Ltd.,,info@veryownweb.com
77015270,REQUEST_FAILED,,,,,
77015627,REQUEST_FAILED,,,,,
77015729,deadAbandoned,SID,"Feb. 01, 2008",CYBERSCAN TECHNOLOGY,,cameron.filipour@cybview.com
77016091,deadAbandoned,MAY75,"Aug. 08, 2008",FTC COMMERCIAL CORP.,,
77016012,deadAbandoned,GOLF SHARES,"Feb. 08, 2008","Kirk, David Alan",,davidalankirk@hotmail.com
77015830,REQUEST_FAILED,,,,,
77015966,REQUEST_FAILED,,,,,
77016149,deadAbandoned,MOMMY CASH,"Jul. 07, 2008",Michael Math,,
77016135,REQUEST_FAILED,,,,,
77016286,REQUEST_FAILED,,,,,
77016377,REQUEST_FAILED,,,,,
77016535,deadAbandoned,NANOTOOLBOX,"Jan. 26, 2008",Danny Rittman,,danny@tayden.com
77016440,REQUEST_FAILED,,,,,
77016628,deadAbandoned,MYRECEIPT,"Nov. 24, 2008","Arzumanyan, Alec David",,arzuman_davi@bentley.edu
77016524,REQUEST_FAILED,,,,,
77016523,REQUEST_FAILED,,,,,
77016690,REQUEST_FAILED,,,,,
77017043,deadAbandoned,JCLSCRIPT,"Apr. 11, 2008","e-jcl Software, Inc.",,rxross@alum.drexel.edu
77016851,REQUEST_FAILED,,,,,
77017019,REQUEST_FAILED,,,,,
77017026,REQUEST_FAILED,,,,,
77017028,REQUEST_FAILED,,,,,
77017335,deadAbandoned,C 8 LLC,"May 14, 2008",Carey 8,,
77017470,deadAbandoned,CHAINSAW CHIX,"Feb. 08, 2008","Watson, Jennifer Lynn",,jensbox@alltel.net
77017558,deadAbandoned,EMBRACER,"May 06, 2008",Ventor Technologies Ltd.,,rafi.benary@ventormed.com
77017283,REQUEST_FAILED,,,,,
77017547,REQUEST_FAILED,,,,,
77017554,REQUEST_FAILED,,,,,
77018059,deadAbandoned,OCEAN OF GOLD,"Feb. 08, 2008",Haimov Jewelers Inc.,,
77017588,REQUEST_FAILED,,,,,
77018026,REQUEST_FAILED,,,,,
77018252,deadAbandoned,BANDLETS,"May 05, 2008","Rarey, Robert D.",,
77018291,REQUEST_FAILED,,,,,
77018368,REQUEST_FAILED,,,,,
77018536,deadAbandoned,PATRONUS,"Jan. 25, 2008",Fortium Ltd,,delyth.jones@f4i.co.uk
77018640,REQUEST_FAILED,,,,,
77018744,REQUEST_FAILED,,,,,
77018820,REQUEST_FAILED,,,,,
77019208,deadAbandoned,BOOMER SOUNDS,"Aug. 08, 2008",Healthcare Success Strategies,,Lonnie@healthcaresuccess.com
77019010,REQUEST_FAILED,,,,,
77019084,REQUEST_FAILED,,,,,
77019488,deadAbandoned,DIINOS,"Feb. 15, 2008",Bytek Systems AB,,pia@bytek.se
77019507,deadAbandoned,LAS VEGAS ON THE LAKE,"Jul. 25, 2008","O'Connor, William Joseph",,
77019225,REQUEST_FAILED,,,,,
77019302,REQUEST_FAILED,,,,,
77019473,REQUEST_FAILED,,,,,
77019524,REQUEST_FAILED,,,,,
77019610,REQUEST_FAILED,,,,,
77019866,deadAbandoned,BEDROOM GOLF GEAR,"May 14, 2008",Bedroom Golf Gear,,BillHolsey@yahoo.com
77019979,REQUEST_FAILED,,,,,
77019978,REQUEST_FAILED,,,,,
77020059,REQUEST_FAILED,,,,,
77020422,deadAbandoned,"DECK UNDER SEALING WET ABOVE, DRY BELOW","Jan. 28, 2008",Raymond Page Casario,,casario7@comcast.net
77020203,REQUEST_FAILED,,,,,
77020378,deadAbandoned,GOLDEN TEMPLE,"Apr. 17, 2008","CVC Financial, L.P.",,
77020473,REQUEST_FAILED,,,,,
77020508,REQUEST_FAILED,,,,,
77020527,REQUEST_FAILED,,,,,
77020551,REQUEST_FAILED,,,,,
77020563,REQUEST_FAILED,,,,,
77020687,REQUEST_FAILED,,,,,
77020607,REQUEST_FAILED,,,,,
77021100,deadAbandoned,BBOTTOMS,"Feb. 15, 2008",Secret Fashion Inc.,,
77021192,REQUEST_FAILED,,,,,
77021227,REQUEST_FAILED,,,,,
77021247,REQUEST_FAILED,,,,,
77021493,deadAbandoned,WEB 2.0 BOOTCAMP,"Mar. 28, 2008",Hinchcliffe & Company,,kate@hinchcliffeandco.com
77021329,REQUEST_FAILED,,,,,
77021490,deadAbandoned,WEB 2.0 UNIVERSITY,"Mar. 28, 2008",Hinchcliffe & Company,,kate@hinchcliffeandco.com
77021359,REQUEST_FAILED,,,,,
77021526,REQUEST_FAILED,,,,,
77021633,REQUEST_FAILED,,,,,
77021747,REQUEST_FAILED,,,,,
77021859,REQUEST_FAILED,,,,,
77021935,REQUEST_FAILED,,,,,
77021953,REQUEST_FAILED,,,,,
77022041,REQUEST_FAILED,,,,,
77022096,REQUEST_FAILED,,,,,
77022379,deadAbandoned,USA CD,"May 14, 2008",CHAMDEE TECHNICAL INVENTION CORP.,,jimmymsh@verizon.net
77022267,REQUEST_FAILED,,,,,
77022318,REQUEST_FAILED,,,,,
77022367,REQUEST_FAILED,,,,,
77022392,deadAbandoned,THE BOTTOMS UP,"Feb. 22, 2008","The Bottoms Up, LLC",,willhussey@hotmail.com
77022451,REQUEST_FAILED,,,,,
77023010,deadAbandoned,REAL WORLD,"Feb. 15, 2008","Real World IP Solutions, LLC",,IP_MENTOR@yahoo.com
77023020,REQUEST_FAILED,,,,,
77023120,REQUEST_FAILED,,,,,
77023204,REQUEST_FAILED,,,,,
77023329,deadAbandoned,SEXY DRAWS,"Sep. 28, 2008","Sexy Draws, Inc.",,dtorres135@aol.com
77023405,deadAbandoned,ONLOOKER,"Dec. 22, 2008",ONLOOKER SYSTEMS LIMITED,,
77023411,deadAbandoned,CLUB CAYMAN,"Sep. 01, 2008","McDaniel, Chris M.",,info@mcspine.com
77023416,deadAbandoned,SANSARA ENGINEERED HARDWOOD FLOORING,"Dec. 08, 2008",M Vanderstappen Nominees Pty Ltd,,manadar@bigpond.net.au
77023446,deadAbandoned,HYPNOSIST,"Feb. 29, 2008","Glickman, Markus",,meirglickman@gmail.com
77023311,REQUEST_FAILED,,,,,
77023461,deadAbandoned,STF ARMOR,"Oct. 27, 2008",University of Delaware,,byops@udel.edu
77023539,deadAbandoned,PEORIA KINGS,"Mar. 04, 2008","Prairie Basketball Enterprise, LLC",,
77023369,REQUEST_FAILED,,,,,
77023367,REQUEST_FAILED,,,,,
77023489,REQUEST_FAILED,,,,,
77023843,deadAbandoned,YADRO,"Nov. 10, 2008","Sudakov, Leonid P",,leonidsudakov@yahoo.com
77023871,deadAbandoned,GREENGO,"Nov. 10, 2008","Sudakov, Leonid P",,leonidsudakov@yahoo.com
77023736,REQUEST_FAILED,,,,,
77023753,REQUEST_FAILED,,,,,
77023790,REQUEST_FAILED,,,,,
77024111,deadAbandoned,FORT,"Oct. 27, 2008","Oettle, Edmund Eric",,oettle@intekom.co.za
77024129,REQUEST_FAILED,,,,,
77024339,deadAbandoned,HOUSE PROUD,"Feb. 22, 2008","Proud, Danielle N",,danielle.proud@gmail.com
77024510,deadAbandoned,RADHUNI,"Oct. 31, 2008",Square Consumer Products Ltd.,,
77024507,deadAbandoned,GET YOUR GRUB ONLINE,"Apr. 04, 2008",GimmeGrub,,admin@gimmegrub.com
77024438,REQUEST_FAILED,,,,,
77024541,deadAbandoned,COACHEASE,"Feb. 22, 2008","Point Being, LLC",,
77024548,deadAbandoned,COACHEASE,"Feb. 22, 2008","Point Being, LLC",,
77024496,REQUEST_FAILED,,,,,
77024739,deadAbandoned,THERMASOL STEAMSHOWER AF SERIES PROUDLY MADE IN THE USA FAST START TECHNOLOGY AUTO POWERFLUSH,"Oct. 02, 2008",DMA Enterprises,,hr@thermasol.com
77024770,deadAbandoned,FIRST CHOICE HOME HEALTH,"May 14, 2008",First Choice Home Health,,mcgarvey@usa.net
77024778,deadAbandoned,POWER ALIGNMENT YOGA,"Dec. 15, 2008","Power Alignment Yoga Enterprises, LLC",,
77024688,REQUEST_FAILED,,,,,
77025016,REQUEST_FAILED,,,,,
77025390,deadAbandoned,LANEONE,"Sep. 26, 2008",PLEXEC UK LIMITED,,lee@laneone.com
77025402,deadAbandoned,SLEEP TRAVELER,"Feb. 29, 2008","Hame, Homayoon",,
77025313,REQUEST_FAILED,,,,,
77025487,deadAbandoned,CHIMUZO,"Feb. 22, 2008",Chimuzo Corporation,,munachiso@yahoo.com
77025338,REQUEST_FAILED,,,,,
77025591,deadAbandoned,SKYGRID,"Feb. 22, 2008","SKYGRID, INC.",,lea@infigrid.com
77025440,REQUEST_FAILED,,,,,
77025609,REQUEST_FAILED,,,,,
77025651,REQUEST_FAILED,,,,,
77025906,deadAbandoned,ELECTRON INDUSTRIES,"Feb. 22, 2008","Quinn, Christopher",,jim@franchise-u.com
77025936,deadAbandoned,ELECTRON BY ELECTRON SOLAR ENERGY,"Feb. 22, 2008","Quinn, Christopher",,jim@franchise-u.com
77025783,REQUEST_FAILED,,,,,
77026093,deadAbandoned,None,"Feb. 29, 2008",Just 4 Lashes,,susanne_waibel@hotmail.com
77025813,REQUEST_FAILED,,,,,
77025920,deadAbandoned,ELECTRON SOLAR ENERGY,"Feb. 22, 2008","Quinn, Christopher",,jim@franchise-u.com
77026203,deadAbandoned,DADDY DOLLARS,"Nov. 10, 2008",Michael Math,,
77026014,deadAbandoned,CHASTITY,"Jan. 11, 2008","GILI, MIZRAHI",,GILI777@HOTMAIL.COM
77026329,deadAbandoned,MY SWEET COMPANIONS,"Feb. 22, 2008","Dahn, Chrissy Leigh",,christmasleigh13@yahoo.com
77026485,deadAbandoned,3WIM,"Jun. 05, 2008","Gudmundsson, Sveinn Vidar",,s.gudmundsson@wanadoo.fr
77026400,REQUEST_FAILED,,,,,
77026474,REQUEST_FAILED,,,,,
77026684,deadAbandoned,FLATLAND,"Feb. 15, 2008","Sturm, Dieter",,dsturmfx@aol.com
77026657,deadAbandoned,BOJANZA,"Feb. 22, 2008","Hartman, Michael A",,mhartman@bojanza.com
77026637,REQUEST_FAILED,,,,,
77027059,deadAbandoned,SASSO DARE TO BE UNIQUE.,"Oct. 27, 2008","Mangialardi, Vito",,vitocrepes@hotmail.com
77027068,deadAbandoned,LYNEA,"Sep. 11, 2008","Hahn Studios, Inc.",,
77027193,deadAbandoned,NEWHOMECD,"Mar. 28, 2008",New Home CD Corporation,,john@citihomes.net
77027103,deadAbandoned,RELISH,"Nov. 07, 2008",Reed Elsevier Properties Inc.,,
77027267,deadAbandoned,ONE TOUCH MARINATOR,"Feb. 29, 2008","STALEX HOLDINGS, LLC",,LHARTS2004@YAHOO.COM
77027070,REQUEST_FAILED,,,,,
77027137,REQUEST_FAILED,,,,,
77027633,deadAbandoned,PIRACY,"Mar. 12, 2008",Bungalow Entertainment Pty Ltd,,enquiries@bungalowentertainment.com.au
77027460,REQUEST_FAILED,,,,,
77027659,deadAbandoned,XL.MD,"Sep. 22, 2008","van Lin, Joshua",,joshuavanlin@hotmail.com
77027864,deadAbandoned,LIQUIDTALK,"Mar. 24, 2008",LIQUIDTALK NETWORKS LLC,,danderson@liquidtalk.com
77027817,deadAbandoned,"GO WRAP, GO ELBOW, GO BO, SPLINT AIDS, GO SPLINTS","Mar. 05, 2008",Greenland Enterprises Inc.,,w.arden@comcast.net
77027866,REQUEST_FAILED,,,,,
77028029,deadAbandoned,REXON,"Apr. 29, 2008",Reckson Associates Realty Corp.,,
77028134,deadAbandoned,SLIM SYRUP,"Jun. 20, 2008",Newayceutical Inc.,,info@newayceutical.com
77027935,REQUEST_FAILED,,,,,
77027949,REQUEST_FAILED,,,,,
77028288,deadAbandoned,ACTIVATOR,"Mar. 29, 2008","CMIdirect, Inc.",,
77028340,deadAbandoned,INFORMED APE,"Feb. 22, 2008",Informed Ape LLC,,brandon@iape.com
77028604,deadAbandoned,SOX FAN UNIVERSITY,"May 09, 2008",Dirty Water Entertainment,,SoxFanUniversity@hotmail.com
77028609,deadAbandoned,HOSTULUS,"Jan. 25, 2008",Webulus Inc.,,suludren@hush.com
77028410,REQUEST_FAILED,,,,,
77028436,REQUEST_FAILED,,,,,
77028725,deadAbandoned,PREVENTIV,"Feb. 22, 2008",Cambra LLC,,bbowers@carifree.com
77028586,REQUEST_FAILED,,,,,
77028727,deadAbandoned,SC,"Mar. 27, 2008","Street World, Inc.",,streetcodecsg@yahoo.com
77028629,REQUEST_FAILED,,,,,
77028702,REQUEST_FAILED,,,,,
77028802,deadAbandoned,OPUS-NEXUS,"Mar. 05, 2008",Routhmeir Sterling Inc.,,terry_cory@rsterling.net
77029143,REQUEST_FAILED,,,,,
77029225,REQUEST_FAILED,,,,,
77029442,REQUEST_FAILED,,,,,
77029450,REQUEST_FAILED,,,,,
77029596,deadAbandoned,EUROMAD,"Feb. 29, 2008","McAlhany, Joseph",,mcalhany@gmail.com
77029545,REQUEST_FAILED,,,,,
77029588,REQUEST_FAILED,,,,,
77029860,REQUEST_FAILED,,,,,
77030470,deadAbandoned,POLYGRAB,"Feb. 29, 2008","Koeng, John M",,twocrowsnj@netscape.net
77030560,deadAbandoned,INTRATEL PC-911,"Apr. 03, 2008",Intratel LLC,,mnuno@intratel.com
77030154,REQUEST_FAILED,,,,,
77030454,REQUEST_FAILED,,,,,
77030636,deadAbandoned,REFWELL,"Feb. 29, 2008",Grzegorz Daniluk,,daniluk@yahoo.com
77030635,deadAbandoned,KINGDOM FABULOUS.,"Feb. 29, 2008",M.N. Kiddy Corporation,,kingdomfabulous@cox.net
77030577,REQUEST_FAILED,,,,,
77030859,deadAbandoned,ZAVION,"Oct. 27, 2008","Shelton, Bertha Ann",,sbstyra@msn.com
77030643,REQUEST_FAILED,,,,,
77031283,deadAbandoned,OFFICEEMR,"Feb. 19, 2008","Most, LLC",,
77030943,REQUEST_FAILED,,,,,
77031160,REQUEST_FAILED,,,,,
77031528,REQUEST_FAILED,,,,,
77031569,REQUEST_FAILED,,,,,
77031639,deadAbandoned,BROADCASTMATE,"Feb. 29, 2008","PALAGONIA, PETER",,sales@spacewisedomains.com
77031623,REQUEST_FAILED,,,,,
77031628,REQUEST_FAILED,,,,,
77031712,deadAbandoned,POPOPS,"Jan. 28, 2008","Vu, Michael V",,zaserthy@gmail.com
77031670,REQUEST_FAILED,,,,,
77031731,deadAbandoned,WEEWEEDS,"Feb. 29, 2008","Cohen, Gina",,chickcreative@hotmail.com
77031773,deadAbandoned,INVESTING WITHOUT LOSING,"Mar. 11, 2008",Sausa Worldwide LLC,,support@landtrades.com
77031784,REQUEST_FAILED,,,,,
77032002,deadAbandoned,DUB. B,"Oct. 27, 2008","SeaReal Productions, LLC",,
77031904,REQUEST_FAILED,,,,,
77032077,REQUEST_FAILED,,,,,
77032113,REQUEST_FAILED,,,,,
77032394,deadAbandoned,SUBJECTIVE ENCYCLOPEDIA,"Feb. 29, 2008","Vu, Michael V",,zaserthy@gmail.com
77032560,deadAbandoned,SET IT AND FORGET IT,"Oct. 31, 2008",Ronco Corporation,,
77032360,REQUEST_FAILED,,,,,
77032553,REQUEST_FAILED,,,,,
77032627,deadAbandoned,SENTAMENTS,"Mar. 05, 2008",PRACTICAL CHRISTIANITY FOUNDATION,,cseitz@greenkeybooks.com
77032628,deadAbandoned,UNITEDX MOVING ENTERPRISES,"Jul. 23, 2008","Otero, David",,davidotero@live.com
77032595,REQUEST_FAILED,,,,,
77032845,deadAbandoned,REACTION,"Feb. 29, 2008","Dunlap, Tim A",,tim@officialreaction.com
77032657,REQUEST_FAILED,,,,,
77032760,REQUEST_FAILED,,,,,
77032958,deadAbandoned,"HOMELAND REALTY ""UNA EXPERIENCIA DIFERENTE""","Nov. 13, 2008",Jonas Ortiz-Lopez,,pacer8@yahoo.com
77033106,deadAbandoned,CAFE ABROAD CAFEABROAD.COM,"Feb. 22, 2008",Cafe Abroad LLC,,cafeabroad@gmail.com
77032888,REQUEST_FAILED,,,,,
77033185,deadAbandoned,SR,"Feb. 29, 2008","SeaReal Productions, LLC",,
77033053,REQUEST_FAILED,,,,,
77033086,REQUEST_FAILED,,,,,
77033411,deadAbandoned,XTRA VIRGIN,"Jan. 15, 2008",Hyun Kyoo Shin,,sales@isishair.com
77033381,deadAbandoned,400 1609-2009 EXPLORE NY HUDSON FULTON CHAMPLAIN,"Apr. 12, 2008",Hudson Fulton Champlain Quadricentennial Commission,,Alison.Lynch@oprhp.state.ny.us
77033259,REQUEST_FAILED,,,,,
77033312,REQUEST_FAILED,,,,,
77033497,REQUEST_FAILED,,,,,
77033504,REQUEST_FAILED,,,,,
77033605,deadAbandoned,SECRET SHOES,"Feb. 29, 2008","Solaro, Sonja Lanae",,secretshoes@sbcglobal.net
77033833,deadAbandoned,CREATIVE STRATEGICS,"Mar. 12, 2008","FIREMAN, ANDREW F.",,afireman2003@comcast.net
77033682,REQUEST_FAILED,,,,,
77033876,deadAbandoned,None,"May 01, 2008","FOLLOW THE CHILD, LLC",,
77034109,deadAbandoned,PEFIRM BRINGING TOGETHER DECISIONS WITH PRECISION,"May 27, 2008","PEFirm Marketing & Advertising, Inc.",,info@PEFirm.com
77033737,REQUEST_FAILED,,,,,
77033855,REQUEST_FAILED,,,,,
77034347,deadAbandoned,CROSSHAIR,"Oct. 27, 2008","Datamaxx Applied Technologies, Inc.",,marketing@datamaxx.com
77034075,REQUEST_FAILED,,,,,
77034297,REQUEST_FAILED,,,,,
77034573,deadAbandoned,FUEGO TELEVISION,"May 21, 2008","ND Rights, LLC",,
77034610,deadAbandoned,BAD MEDICINE,"Jul. 10, 2008",Imagination Ventures Pty Ltd,,sarah.wishart@imagination.com.au
77034642,deadAbandoned,THE ETERNAL BATTLE BETWEEN GOOD AND EVIL HAS FINALLY FOUND ITS RHYTHM,"Oct. 27, 2008","ND Rights, LLC",,
77034566,REQUEST_FAILED,,,,,
77034606,REQUEST_FAILED,,,,,
77034607,REQUEST_FAILED,,,,,
77034615,REQUEST_FAILED,,,,,
77034730,REQUEST_FAILED,,,,,
77035136,deadAbandoned,OZON,"Feb. 29, 2008","Ovina Trade Company, Inc.",,kyle@ovinatradeco.com
77035063,REQUEST_FAILED,,,,,
77035069,REQUEST_FAILED,,,,,
77035288,deadAbandoned,TONTO,"Feb. 29, 2008","Tonto Networks, Inc.",,
77035153,REQUEST_FAILED,,,,,
77035513,deadAbandoned,RED STEER,"May 11, 2008",Red Steer Glove Company,,luke.atwood@a-gamesports.com
77035246,REQUEST_FAILED,,,,,
77035419,REQUEST_FAILED,,,,,
77035521,REQUEST_FAILED,,,,,
77035736,REQUEST_FAILED,,,,,
77035756,REQUEST_FAILED,,,,,
77035852,deadAbandoned,NANOPROTECT,"Jun. 23, 2008",Nanotec Pty Ltd,,gary.day@nanotec.com.au
77035925,deadAbandoned,AT HAND FOR PEACE OF MIND,"Nov. 24, 2008","Homer TLC, Inc.",,trade_marks@homedepot.com
77035780,REQUEST_FAILED,,,,,
77035997,deadAbandoned,GROUP REALTY INC.,"Jan. 28, 2008",Dimension Group Realty Inc.,,dimensiongrouprealty@verizon.net
77035877,REQUEST_FAILED,,,,,
77035881,REQUEST_FAILED,,,,,
77035871,REQUEST_FAILED,,,,,
77036052,REQUEST_FAILED,,,,,
77036307,REQUEST_FAILED,,,,,
77036526,deadAbandoned,CHERRISH YOUR HEALTH,"Oct. 27, 2008",Cherrish Corp.,,
77036529,deadAbandoned,CHERRISH YOUR HEALTH,"Oct. 27, 2008",Cherrish Corp.,,
77036480,REQUEST_FAILED,,,,,
77036777,REQUEST_FAILED,,,,,
77036829,REQUEST_FAILED,,,,,
77036837,REQUEST_FAILED,,,,,
77036864,REQUEST_FAILED,,,,,
77036884,REQUEST_FAILED,,,,,
77037012,deadAbandoned,ELIZABETH ALEXANDER DESIGNS,"Jul. 15, 2008",Karl Sipfle,,elizabeth3000@comcast.net
77036913,REQUEST_FAILED,,,,,
77036963,REQUEST_FAILED,,,,,
77036996,REQUEST_FAILED,,,,,
77037026,REQUEST_FAILED,,,,,
77037066,REQUEST_FAILED,,,,,
77037070,REQUEST_FAILED,,,,,
77037314,deadAbandoned,COASTAL DEFENSE,"Oct. 27, 2008","Atrium Companies, Inc.",,
77037362,REQUEST_FAILED,,,,,
77037478,deadAbandoned,SCHOLARDESK,"Feb. 29, 2008",ScholarDesk Inc.,,chris@scholardesk.com
77037433,REQUEST_FAILED,,,,,
77037483,REQUEST_FAILED,,,,,
77037502,deadAbandoned,NAKAMANICHI,"Apr. 03, 2008","Athar, Abidi",,abidi123@sbcglobal.net
77037503,deadAbandoned,MASCOT MARKETERS WE'LL GET YOU NOTICED!,"Feb. 15, 2008","Evans, Raymond",,dci-inc@comcast.net
77037587,deadAbandoned,THE SHOPPING LEAGUE.COM YOU BELONG.,"May 06, 2008","The Shopping League, LLC",,marvalss@hotmail.com
77037550,deadAbandoned,SNAKE SNOT,"Mar. 05, 2008","Brawner, Michael",,mbrawner@cox.net
77037513,REQUEST_FAILED,,,,,
77037693,deadAbandoned,SASHGUARD,"Oct. 27, 2008","Atrium Companies, Inc.",,
77037569,REQUEST_FAILED,,,,,
77037885,deadAbandoned,DULCE MILAGRO,"Mar. 26, 2008",Imperio Guaraní S.A.,,jorgeangulo1@gmail.com
77037644,REQUEST_FAILED,,,,,
77037878,deadAbandoned,STEVIA ONE,"Mar. 26, 2008",Imperio Guaraní S.A.,,jorgeangulo1@gmail.com
77037756,REQUEST_FAILED,,,,,
77037919,REQUEST_FAILED,,,,,
77038110,deadAbandoned,STERNFIRST,"Dec. 25, 2008",Stern First Pty Ltd,,paul@sternfirst.com.au
77037988,REQUEST_FAILED,,,,,
77038019,REQUEST_FAILED,,,,,
77038356,deadAbandoned,BANDA LA AUTENTICA DE JEREZ,"Oct. 10, 2008","CARRILLO, HUMBERTO",,sctaxservices@yahoo.com
77038111,REQUEST_FAILED,,,,,
77038208,REQUEST_FAILED,,,,,
77038509,REQUEST_FAILED,,,,,
77038612,REQUEST_FAILED,,,,,
77038679,REQUEST_FAILED,,,,,
77038865,REQUEST_FAILED,,,,,
77039054,deadAbandoned,PHATKAT$,"Aug. 20, 2008","Tanahara, Luis A.",,tanaharadesign@mac.com
77039074,deadAbandoned,DEMO CREWZERS,"Aug. 20, 2008","Tanahara, Luis A.",,tanaharadesign@mac.com
77039063,deadAbandoned,ANGEL BABIES,"Apr. 26, 2008","Pure Heart, LLC",,
77039092,deadAbandoned,PURE HEART UNIVERSE,"Apr. 26, 2008","Pure Heart, LLC",,
77039023,REQUEST_FAILED,,,,,
77039094,deadAbandoned,MASTERY AND THE MAZE,"May 14, 2008","Pure Heart, LLC",,
77039041,REQUEST_FAILED,,,,,
77039112,deadAbandoned,PURE HEART MUSIC,"Apr. 26, 2008","Pure Heart, LLC",,
77039151,deadAbandoned,OZ-MEX,"Mar. 25, 2008","Boland, John Winston",,john@byronbaychilli.com
77039070,REQUEST_FAILED,,,,,
77039164,deadAbandoned,BBEAU BEAUTY & CARE,"Mar. 26, 2008","Victorio, Nicolas Felizardo",,bbeau.usa@gmail.com
77039078,REQUEST_FAILED,,,,,
77039176,deadAbandoned,TUNEWEAR,"Mar. 05, 2008","Onda, Hideki Francis",,francis@focal.co.jp
77039259,REQUEST_FAILED,,,,,
77039284,REQUEST_FAILED,,,,,
77039275,REQUEST_FAILED,,,,,
77039442,deadAbandoned,WONDERBULB,"Mar. 05, 2008","PlantSure Products, LLC",,kent@standrewsturf.com
77039693,deadAbandoned,AMP'D ATHLETICS ADULT SPORTS...AMPLIFIED!,"Jan. 11, 2008",i9 Sports Corporation,,ffiume@i9sportsfranchise.com
77039544,REQUEST_FAILED,,,,,
77039569,REQUEST_FAILED,,,,,
77039865,REQUEST_FAILED,,,,,
77039915,REQUEST_FAILED,,,,,
77040058,deadAbandoned,DEAD ROSE,"Apr. 07, 2008","Godlewski, Andrew S",,andyg1223@hotmail.com
77039996,REQUEST_FAILED,,,,,
77040170,REQUEST_FAILED,,,,,
77040242,REQUEST_FAILED,,,,,
77040332,REQUEST_FAILED,,,,,
77040364,deadAbandoned,SOA TODAY,"Mar. 05, 2008","Exegistic Technologies, Inc.",,rroth@exegistic.com
77040348,REQUEST_FAILED,,,,,
77040415,REQUEST_FAILED,,,,,
77040695,deadAbandoned,MEET MY POD,"Sep. 18, 2008","Frothingham, Christopher John",,cj@frothingham.net
77040816,deadAbandoned,WOOF WATER,"Mar. 05, 2008","Grossman, Karen Barr",,KarenBarrGrossman@Verizon.net
77040803,REQUEST_FAILED,,,,,
77040819,REQUEST_FAILED,,,,,
77040885,REQUEST_FAILED,,,,,
77041060,deadAbandoned,FCPA HEALTHCHECK,"Mar. 12, 2008",The Red Flag Group Limited,,scott.lane@mac.com
77041022,REQUEST_FAILED,,,,,
77041068,REQUEST_FAILED,,,,,
77041169,deadAbandoned,FANTASY WALLSTREET,"Jun. 17, 2008",Wallstreet Investor Network LLC,,
77041170,deadAbandoned,WALLSTREET INVESTOR NETWORK,"Jun. 18, 2008",Wallstreet Investor Network LLC,,
77041085,REQUEST_FAILED,,,,,
77041180,deadAbandoned,WALLSTREET WORLD SERIES,"Jun. 17, 2008",Wallstreet Investor Network LLC,,
77041176,deadAbandoned,WORLD SERIES OF WALLSTREET,"Jun. 17, 2008",Wallstreet Investor Network LLC,,
77041173,deadAbandoned,BEAT THE MARKET,"Dec. 15, 2008",Wallstreet Investor Network LLC,,
77041182,deadAbandoned,WIN,"May 27, 2008",Wallstreet Investor Network LLC,,
77041387,deadAbandoned,ADVENTURES PHOENIX OUTDOOR RECREATION FESTIVAL,"Mar. 24, 2008",Carla A. Olson,,wahine821@yahoo.com
77041309,REQUEST_FAILED,,,,,
77041383,REQUEST_FAILED,,,,,
77041411,REQUEST_FAILED,,,,,
77041828,deadAbandoned,BRINCASOFT.COM,"Mar. 05, 2008","Branco, Carlos P.",,carlos.branco@brincasoft.com
77041609,REQUEST_FAILED,,,,,
77041676,deadAbandoned,VINYLTOPIA,"Jan. 11, 2008","Lesslie, James",,
77041851,deadAbandoned,MPG PLUS,"Mar. 12, 2008",Fuel Solutions LLC,,bob@fuel-solutions.com
77041726,REQUEST_FAILED,,,,,
77041907,deadAbandoned,PENDARVES WINE FROM THE WINE DOCTOR R.E.W.,"Nov. 03, 2008","NORRIE , PHILIP ANTHONY",,winedoc2@optusnet.com.au
77041732,REQUEST_FAILED,,,,,
77041910,deadAbandoned,NORRIE WINE FROM THE WINE DOCTOR R.E.W.,"Oct. 27, 2008","NORRIE, PHILIP ANTHONY",,winedoc2@optusnet.com.au
77041858,REQUEST_FAILED,,,,,
77042078,deadAbandoned,KEEPSAKE CONCEPTS LLC,"May 28, 2008",Keepsake Concepts LLC,,hchazaud@yahoo.com
77042067,REQUEST_FAILED,,,,,
77042126,deadAbandoned,LUCKY SPERM CLUB,"Oct. 21, 2008","Stoll, Charles S.",,
77042083,REQUEST_FAILED,,,,,
77042082,REQUEST_FAILED,,,,,
77042128,deadAbandoned,SILVER SPOON,"Oct. 21, 2008","Stoll, Charles S.",,
77042101,REQUEST_FAILED,,,,,
77042252,deadAbandoned,"""LIFTED"" LOOK INSIDE FOR TRUTH EACH DAY","Dec. 22, 2008","Brown, Donald C.",,
77042157,REQUEST_FAILED,,,,,
77042199,REQUEST_FAILED,,,,,
77042194,REQUEST_FAILED,,,,,
77042385,REQUEST_FAILED,,,,,
77042401,REQUEST_FAILED,,,,,
77042640,deadAbandoned,JADED,"Mar. 26, 2008","Daly, Christine A",,christinedly6@hotmail.com
77042719,deadAbandoned,AKWAGUARD,"Oct. 27, 2008",AMCOL International Corporation,,
77042725,deadAbandoned,FROM THE HEART...FOR THE HEART,"Mar. 05, 2008","Shiozawa, Kari Ani",,karisean@sbcglobal.net
77042523,REQUEST_FAILED,,,,,
77042776,REQUEST_FAILED,,,,,
77042917,REQUEST_FAILED,,,,,
77042966,REQUEST_FAILED,,,,,
77043158,deadAbandoned,ROCK AND ROLL ROYALTY,"May 01, 2008",Isaiah Johnson,,
77043070,REQUEST_FAILED,,,,,
77043152,REQUEST_FAILED,,,,,
77043160,REQUEST_FAILED,,,,,
77043523,deadAbandoned,(Y),"Mar. 05, 2008","Walper, Gerald",,
77043423,REQUEST_FAILED,,,,,
77043453,REQUEST_FAILED,,,,,
77043605,REQUEST_FAILED,,,,,
77043638,REQUEST_FAILED,,,,,
77043927,deadAbandoned,"HAPPY, HEALTHY, STRONG, SMART, SUCCESSFUL (AND SOMETIMES) SEXY","Sep. 21, 2008","RU Fit, LLC",,
77044083,deadAbandoned,FEDERAL TOOLS,"Apr. 24, 2008",FTI Corporation of Michigan,,william.moore@comcast.net
77044133,deadAbandoned,BURTIE BUBBLECAR,"Apr. 10, 2008","Fallon, Vincent",,vincent.fallon@btconnect.com
77044362,deadAbandoned,HOT YOU,"Oct. 13, 2008","SUPER'S RAPIDITOS BIP BIP, S.A. DE C.V.",,
77044126,deadAbandoned,LADYPODS,"Mar. 11, 2008",Hip Kidz Ltd.,,aidanrafferty@msn.com
77044258,deadAbandoned,ADDISON-PARK MEDICAL,"Apr. 17, 2008","VOELLMICKE, CRAIG",,
77044053,REQUEST_FAILED,,,,,
77044327,REQUEST_FAILED,,,,,
77044569,REQUEST_FAILED,,,,,
77044604,REQUEST_FAILED,,,,,
77044934,deadAbandoned,VG,"Mar. 12, 2008","Fulton, Andrew",,fulton5@cox.net
77045033,deadAbandoned,PREMIUM AUSTRIAN BEER,"Apr. 23, 2008",Red Steer Glove Company,,luke.atwood@a-gamesports.com
77045133,deadAbandoned,THE SPINE INSTITUTE AT SAINT JOHN'S HEALTH CENTER,"May 08, 2008",Saint John's Hospital & Health Center,,
77045027,REQUEST_FAILED,,,,,
77045047,REQUEST_FAILED,,,,,
77045072,REQUEST_FAILED,,,,,
77045113,deadAbandoned,THE SPINE INSTITUTE AT SAINT JOHN'S HEALTH CENTER,"May 09, 2008",Saint John's Hospital & Health Center,,
77045146,REQUEST_FAILED,,,,,
77045151,REQUEST_FAILED,,,,,
77045200,REQUEST_FAILED,,,,,
77045340,REQUEST_FAILED,,,,,
77045497,REQUEST_FAILED,,,,,
77045507,REQUEST_FAILED,,,,,
77045914,deadAbandoned,SHOOT FOR CHANGE,"Mar. 12, 2008","Grio, Walter Cruz",,wgrio@hotmail.com
77045759,REQUEST_FAILED,,,,,
77046219,deadAbandoned,A BAR NAMED SUE,"Mar. 28, 2008",Few Dollars More Inc.,,fewdollarsmore04@yahoo.ca
77045934,REQUEST_FAILED,,,,,
77045993,REQUEST_FAILED,,,,,
77046230,deadAbandoned,L'ARTISTE DE TATOUAGE,"Mar. 26, 2008",On Smart Consultants Limited,,
77046240,deadAbandoned,BLUE SKY,"May 16, 2008","Schmidt, Karsten",,karsten.schmidt@nonsmokingplace.com
77046107,REQUEST_FAILED,,,,,
77046475,deadAbandoned,AMERICAN MODEL,"May 16, 2008","American Model, LLC",,
77046506,deadAbandoned,ZPZ,"Mar. 12, 2008","MUPPY PRODUCTIONS NORTH AMERICA, INC.",,
77046479,REQUEST_FAILED,,,,,
77046492,REQUEST_FAILED,,,,,
77046747,deadAbandoned,ZPZ,"Mar. 12, 2008","MUPPY PRODUCTIONS NORTH AMERICA, INC.",,
77046726,REQUEST_FAILED,,,,,
77046727,REQUEST_FAILED,,,,,
77046825,REQUEST_FAILED,,,,,
77047117,REQUEST_FAILED,,,,,
77047129,REQUEST_FAILED,,,,,
77047165,REQUEST_FAILED,,,,,
77047199,REQUEST_FAILED,,,,,
77047318,deadAbandoned,MEDIPREN,"Feb. 15, 2008",Retriever Brands LLC,,retrieverbrands@comcast.net
77047302,deadAbandoned,HOLLABACK,"Mar. 14, 2008",maurice d garrett,,
77047288,REQUEST_FAILED,,,,,
77047312,REQUEST_FAILED,,,,,
77047336,deadAbandoned,None,"Nov. 17, 2008",Starworks Production Co. Ltd.,,
77047333,REQUEST_FAILED,,,,,
77047386,deadAbandoned,ZIP-CHECK,"Aug. 20, 2008","Zipplies, Robert E",,zipplies.dr.robert@freenet.de
77047334,REQUEST_FAILED,,,,,
77047365,REQUEST_FAILED,,,,,
77047364,REQUEST_FAILED,,,,,
77047455,deadAbandoned,BITCHYBEAUTY,"May 06, 2008",Sierra Horizons,,girlydom@aol.com
77047401,REQUEST_FAILED,,,,,
77047439,REQUEST_FAILED,,,,,
77047516,REQUEST_FAILED,,,,,
77047703,REQUEST_FAILED,,,,,
77047699,REQUEST_FAILED,,,,,
77047745,REQUEST_FAILED,,,,,
77047788,REQUEST_FAILED,,,,,
77047974,REQUEST_FAILED,,,,,
77047993,REQUEST_FAILED,,,,,
77048140,REQUEST_FAILED,,,,,
77048427,deadAbandoned,BRAND NEW - RETOOLING YOUR IMAGE,"Mar. 26, 2008","Personalized Brokerage Services, LLC",,lcraig@pbsone.com
77048304,REQUEST_FAILED,,,,,
77048349,REQUEST_FAILED,,,,,
77048328,REQUEST_FAILED,,,,,
77048480,deadAbandoned,LEADS FOR A LIFETIME,"Mar. 21, 2008","Personalized Brokerage Services, LLC",,tcarver@pbsone.com
77048571,deadAbandoned,GWORLD,"Dec. 02, 2008",Gaia Interactive Inc.,,james@gaiaonline.com
77048522,deadAbandoned,"WOMEN, WEALTH AND WORTH","Mar. 21, 2008","Personalized Brokerage Services, LLC",,tcarver@pbsone.com
77048507,REQUEST_FAILED,,,,,
77048563,REQUEST_FAILED,,,,,
77048547,REQUEST_FAILED,,,,,
77049339,deadAbandoned,TAKING OVER YOUR WORLD ONE DIAPER AT A TIME,"Jul. 07, 2008","Deppen, Philip M",,phildeppen@comcast.net
77049216,REQUEST_FAILED,,,,,
77049363,deadAbandoned,E REVOLUTION,"Jun. 12, 2008",Entrepreneur Education Group LLC,,kossdvdebay@aol.com
77049289,REQUEST_FAILED,,,,,
77049296,REQUEST_FAILED,,,,,
77049297,REQUEST_FAILED,,,,,
77049378,deadAbandoned,MYPROPLACE,"Mar. 12, 2008",Search Capital Ltd,,peter.jensen@searchcapital.net
77049687,deadAbandoned,AVERAGE AMERICANS ACHIEVING REMARKABLE RESULTS,"Mar. 12, 2008","Verheem, Johann",,johannv@eqmedia.com
77049573,REQUEST_FAILED,,,,,
77049643,REQUEST_FAILED,,,,,
77049665,REQUEST_FAILED,,,,,
77049903,REQUEST_FAILED,,,,,
77050066,REQUEST_FAILED,,,,,
77050039,REQUEST_FAILED,,,,,
77050190,REQUEST_FAILED,,,,,
77050336,deadAbandoned,IMAGEOLOGIST,"Mar. 12, 2008","Knudsen, Joyce M.",,imagemaker@bellsouth.net
77050204,REQUEST_FAILED,,,,,
77050325,REQUEST_FAILED,,,,,
77050321,REQUEST_FAILED,,,,,
77050512,deadAbandoned,I REMEMBER REAL HIP HOP,"Mar. 12, 2008",Madteez Inc.,,chi70@sbcglobal.net
77050515,deadAbandoned,SABOR DE LA ABUELA,"Aug. 20, 2008",MOLINO CENTRAL SA DE CV,,mygabogados@infosel.net.mx
77050545,deadAbandoned,None,"Dec. 02, 2008",Venue Security Corp.,,info@venuesecurity.com
77050408,REQUEST_FAILED,,,,,
77050505,REQUEST_FAILED,,,,,
77050546,deadAbandoned,"PROTECTING PEOPLE, PLACES & PROFITS","Dec. 02, 2008",Venue Security Corp.,,info@venuesecurity.com
77050522,REQUEST_FAILED,,,,,
77050552,REQUEST_FAILED,,,,,
77050606,REQUEST_FAILED,,,,,
77050646,REQUEST_FAILED,,,,,
77050648,REQUEST_FAILED,,,,,
77050729,REQUEST_FAILED,,,,,
77050791,REQUEST_FAILED,,,,,
77050930,REQUEST_FAILED,,,,,
77051001,REQUEST_FAILED,,,,,
77051121,REQUEST_FAILED,,,,,
77051256,REQUEST_FAILED,,,,,
77051334,REQUEST_FAILED,,,,,
77051407,REQUEST_FAILED,,,,,
77051528,REQUEST_FAILED,,,,,
77051619,REQUEST_FAILED,,,,,
77051653,deadAbandoned,MOLUCCA,"Oct. 27, 2008",PT. Gema Graha Sarana Tbk.,,flooring@vivere.co.id
77051656,deadAbandoned,HOLLYWOOD FASHION WEEK,"Jan. 02, 2008",kybartas edward,,edward@australianet.com.au
77051635,REQUEST_FAILED,,,,,
77051795,REQUEST_FAILED,,,,,
77051919,deadAbandoned,YOGOSTONE,"Mar. 19, 2008","Costanzo, Sergio",,bellissimo@gmail.com
77051853,REQUEST_FAILED,,,,,
77051902,REQUEST_FAILED,,,,,
77052097,deadAbandoned,CHARTSHAREMD,"Mar. 26, 2008","Most, LLC",,
77051982,REQUEST_FAILED,,,,,
77052001,REQUEST_FAILED,,,,,
77052211,deadAbandoned,YOUR PATIENT. YOUR PRACTICE. YOUR SOLUTION.,"Mar. 26, 2008","Most, LLC",,
77052095,REQUEST_FAILED,,,,,
77052059,REQUEST_FAILED,,,,,
77052448,deadAbandoned,WOMANESE SEX METER,"Jan. 11, 2008","LINGUISTIC DYNAMICS, INC.",,TM@LINGUISTICDYNAMICS.COM
77052541,deadAbandoned,WILDDOT,"Jan. 25, 2008","Bonfiglio, Michael",,mike@wilddot.com
77052426,REQUEST_FAILED,,,,,
77052524,REQUEST_FAILED,,,,,
77052644,deadAbandoned,EASY TEST,"Mar. 19, 2008","H&H Wholesale Services, Inc.",,
77052542,REQUEST_FAILED,,,,,
77052670,deadAbandoned,CAB AIR,"Jul. 21, 2008",Control Module Inc.,,
77052674,deadAbandoned,SILVERPRENE,"Mar. 19, 2008",ePatentManager,,ggrune@epatentmanager.com
77052566,REQUEST_FAILED,,,,,
77052747,deadAbandoned,MINIWEB,"Oct. 27, 2008",Miniweb Technologies Ltd.,,ian@miniweb.tv
77052704,REQUEST_FAILED,,,,,
77052793,REQUEST_FAILED,,,,,
77052796,REQUEST_FAILED,,,,,
77053084,deadAbandoned,"WASH, TAN, GET FIT & A CLIP","Oct. 27, 2008","McGhee, Troy Jerome",,
77052894,REQUEST_FAILED,,,,,
77053348,REQUEST_FAILED,,,,,
77053422,REQUEST_FAILED,,,,,
77053525,deadAbandoned,TUMMY TUNES,"Jan. 18, 2008",Anthony J. Casuccio,,toneman33@yahoo.com
77053462,REQUEST_FAILED,,,,,
77053589,deadAbandoned,NONI BOOST,"Mar. 12, 2008",Noni Boost,,lasa@animato.com.au
77053664,deadAbandoned,FLIP TALK,"May 07, 2008",X AND COMPANY,,
77054001,deadAbandoned,IMPETRA-X2000,"May 16, 2008","Fortraz Systems, Inc.",,swsomers@fortraz.com
77054073,deadAbandoned,I DO SPORTS ATHLETES AGAINST AIDS,"May 16, 2008","GORDON, MAE",,gordondesigns@aol.com
77053753,REQUEST_FAILED,,,,,
77053758,REQUEST_FAILED,,,,,
77054180,deadAbandoned,"NATURALLY, DESIGNED BY YOU","Mar. 26, 2008","Mad Maverick, LLC",,
77054125,REQUEST_FAILED,,,,,
77054232,REQUEST_FAILED,,,,,
77054539,deadAbandoned,LEVERAGE EXCHANGE GROUP,"Apr. 03, 2008",Title Security Exchange,,brigitte.echave@titlesecurity.com
77054656,deadAbandoned,THE EIGHT MINUTE INTERVIEW,"Mar. 26, 2008","My Virtual Life, LLC",,joselasa@gmail.com
77054681,deadAbandoned,REVCO,"Feb. 15, 2008",Retriever Brands LLC,,retrieverbrands@comcast.net
77054682,deadAbandoned,MODESS,"Oct. 27, 2008",Retriever Brands LLC,,retrieverbrands@comcast.net
77054430,REQUEST_FAILED,,,,,
77054560,REQUEST_FAILED,,,,,
77054704,deadAbandoned,MEISHIMEIKE,"Jun. 19, 2008","CHONGQING CHUANGMEI FOOD AND BEVERAGE CO., LTD.",,
77054703,deadAbandoned,None,"Jun. 19, 2008","CHONGQING CHUANGMEI FOOD AND BEVERAGE CO., LTD.",,
77054844,deadAbandoned,ZLOOP,"Oct. 27, 2008","JPB Ventures, LLC",,jbisenius7@yahoo.com
77054675,REQUEST_FAILED,,,,,
77054710,deadAbandoned,WHIMSY WALTZ STUDIO,"Mar. 19, 2008","light, courtney e.",,courtneylight@hotmail.com
77054789,REQUEST_FAILED,,,,,
77054991,deadAbandoned,None,"Mar. 19, 2008",CARAVEO JESUS A,,usmarca-cavalga@yahoo.com
77054965,deadAbandoned,THE FIRMINATOR,"Jun. 02, 2008",Brandhandling International Limited,,juditht@brandhandling.com
77054926,REQUEST_FAILED,,,,,
77054994,deadAbandoned,SCREENCASTCENTRAL,"Feb. 12, 2008",Digital Marketing Limited,,tomcone@gmail.com
77054953,REQUEST_FAILED,,,,,
77054980,REQUEST_FAILED,,,,,
77054996,REQUEST_FAILED,,,,,
77055048,deadAbandoned,SKRM,"Sep. 15, 2008","Metagenics, Inc.",,jenniferh@metagenics.com
77055332,REQUEST_FAILED,,,,,
77055336,REQUEST_FAILED,,,,,
77055459,REQUEST_FAILED,,,,,
77055753,deadAbandoned,TE TEEN EXTRAVAGANZA JEWELRY & STONE FASHION,"Nov. 20, 2008",EMMA GEORGINA TELLO RODRIGUEZ,,
77055815,deadAbandoned,HOT YOU KISS,"Nov. 03, 2008","SUPER RAPIDITOS BIP BIP, S.A. DE C.V.",,
77055583,REQUEST_FAILED,,,,,
77055836,deadAbandoned,WOODWARD & LOTHROP,"Aug. 20, 2008",Retriever Brands LLC,,retrieverbrands@comcast.net
77055871,deadAbandoned,SEEING DAVID IN THE STONE,"May 02, 2008","Swartz, James B.",,jimswartz7@aol.com
77055928,deadAbandoned,SELVAGEM,"Mar. 19, 2008",INDUSTRIA E COM.DE BEBIDAS RODRIGUES E SILVA LTDA,,wstonesllc@hotmail.com
77055806,REQUEST_FAILED,,,,,
77055837,deadAbandoned,GREY GHOST,"Mar. 19, 2008","Brown, M. Carter",,painthappy@gmail.com
77055825,REQUEST_FAILED,,,,,
77055937,deadAbandoned,PAPER-TRAIL,"Mar. 19, 2008","Szetela, Christopher John",,svtlighting1019@aol.com
77055847,REQUEST_FAILED,,,,,
77055949,REQUEST_FAILED,,,,,
77055983,REQUEST_FAILED,,,,,
77056194,deadAbandoned,VOTO,"Mar. 19, 2008","Gilfillan, Paul",,info@revomark.co.uk
77056187,deadAbandoned,COFFEE MITT,"Mar. 19, 2008",Coffee Mitt Ltd.,,costello5575@hotmail.com
77056224,deadAbandoned,COFFEE MITT,"Mar. 19, 2008",Coffee Mitt Ltd.,,costello5575@hotmail.com
77056066,REQUEST_FAILED,,,,,
77056463,deadAbandoned,TRANSITIONAL LEADERSHIP,"Feb. 11, 2008",Jack H. Shaw,,totalbestgroup@totalbestgroup.com
77056180,REQUEST_FAILED,,,,,
77056380,REQUEST_FAILED,,,,,
77056700,REQUEST_FAILED,,,,,
77056746,REQUEST_FAILED,,,,,
77056858,deadAbandoned,PET STREET,"May 28, 2008",Weiss Constance U.,,
77056835,deadAbandoned,ALUMINATE,"Jul. 21, 2008","The Ultiimate Spread, Inc.",,vikki@theultimatespread.com
77056856,deadAbandoned,PET STREET,"May 28, 2008",Weiss Constance U.,,
77056874,deadAbandoned,SITRIS,"Mar. 19, 2008",Easytalk Limited,,dcorcoran@sentient.ie
77056843,REQUEST_FAILED,,,,,
77056860,REQUEST_FAILED,,,,,
77057250,deadAbandoned,HEALTH ESSENCE,"Jun. 20, 2008","Becton, Dickinson and Company",,
77057174,deadAbandoned,SPORT BIKE TOW SLING,"Feb. 25, 2008","Harden II, Lewis W.",,lewisharden@att.net
77056897,REQUEST_FAILED,,,,,
77057259,deadAbandoned,X-CLUDER,"Jan. 08, 2008","Hines, Richard A.",,rickhines@aol.com
77057398,deadAbandoned,WIZARDS OF RAD,"Mar. 19, 2008","Ingram, Blake",,blake@the-machineshop.com
77057166,REQUEST_FAILED,,,,,
77057346,REQUEST_FAILED,,,,,
77057429,REQUEST_FAILED,,,,,
77057768,deadAbandoned,PEBBLE SAN FRANCISCO,"Mar. 22, 2008",Liz Wang,,info@pebblesf.com
77057517,REQUEST_FAILED,,,,,
77057637,REQUEST_FAILED,,,,,
77057898,deadAbandoned,VZ VERZA,"May 15, 2008",Verza NV,,paul.k@verza.com
77058003,deadAbandoned,LACE LOCKER,"Jul. 30, 2008","Elliott, Glendon",,acind@juno.com
77057771,REQUEST_FAILED,,,,,
77057967,REQUEST_FAILED,,,,,
77057988,REQUEST_FAILED,,,,,
77058055,REQUEST_FAILED,,,,,
77058203,REQUEST_FAILED,,,,,
77058637,deadAbandoned,TE E,"Mar. 26, 2008",Ernesto Jimenez Jr,,info@thaempire.com
77058470,REQUEST_FAILED,,,,,
77058578,deadAbandoned,BIG BODY,"May 07, 2008","Yarash Enterprises, LLC",,
77058493,REQUEST_FAILED,,,,,
77058295,REQUEST_FAILED,,,,,
77058668,REQUEST_FAILED,,,,,
77058784,REQUEST_FAILED,,,,,
77059722,deadAbandoned,S5 SOUMA 5,"Nov. 08, 2008","Lau, Will",,wlau1378@yahoo.com
77059708,REQUEST_FAILED,,,,,
77059639,REQUEST_FAILED,,,,,
77059723,REQUEST_FAILED,,,,,
77059728,REQUEST_FAILED,,,,,
77060113,deadAbandoned,KIMMERLE BROTHERS,"Jun. 03, 2008","Kimmerle Brothers, Inc.",,
77060259,deadAbandoned,BAR BUDDY,"Apr. 29, 2008",Spellins Group Incorporated,,andy.spellins@qbrsales.com
77060093,REQUEST_FAILED,,,,,
77060143,REQUEST_FAILED,,,,,
77060616,deadAbandoned,GAIA WORLD,"Apr. 17, 2008",Gaia Interactive Inc.,,james@gaiaonline.com
77060277,REQUEST_FAILED,,,,,
77060641,deadAbandoned,DAME UN CABRON,"Jul. 16, 2008","THE CABRON FAMILY HOLDINGS, INC.",,dm@spotzero.com
77060634,deadAbandoned,None,"Oct. 27, 2008",Perform-Max Energy Products Inc.,,
77060668,deadAbandoned,CABRON NUTS WITH ATTITUDE,"Jul. 23, 2008","THE CABRON FAMILY HOLDINGS, INC.",,dm@spotzero.com
77060676,deadAbandoned,UN CABRON WITH ATTITUDE,"Jul. 16, 2008","THE CABRON FAMILY HOLDINGS, INC.",,dm@spotzero.com
77060666,deadAbandoned,NUTS WITH ATTITUDE,"Jul. 23, 2008","THE CABRON FAMILY HOLDINGS, INC.",,dm@spotzero.com
77060627,REQUEST_FAILED,,,,,
77060650,REQUEST_FAILED,,,,,
77060673,REQUEST_FAILED,,,,,
77060767,deadAbandoned,VALHALLA FUTURES,"Oct. 30, 2008","Valhalla Commodity Advisory Service, Inc",,will@valhallafutures.com
77060780,deadAbandoned,THE ORIGINAL POWERTEEZ.COM THE T THAT GIVES YOU POWER,"May 14, 2008",PowerTeez.com,,sky@powerteez.com
77060729,REQUEST_FAILED,,,,,
77060805,deadAbandoned,BRUZER GEAR,"Jan. 10, 2008","Bruzer Gear, LLC",,bruzergear@hotmail.com
77060796,deadAbandoned,EARTHNOMICS,"Mar. 26, 2008","Hopkins-Deacon, Roy",,opalroy@mail.com
77060775,REQUEST_FAILED,,,,,
77060864,deadAbandoned,IMMORTAL LEGACIES,"Feb. 08, 2008","Van Camp, Paul",,hollywood_pvc@yahoo.com
77060874,deadAbandoned,UNITENSIL,"Apr. 24, 2008","Brunetta, Amy M.",,amy317@isp.com
77060828,REQUEST_FAILED,,,,,
77060856,REQUEST_FAILED,,,,,
77060958,deadAbandoned,PROTEQUITY,"Nov. 28, 2008",ARMADILLO CONSULTING LIMITED,,david.eccles@armadilloconsulting.co.uk
77060893,REQUEST_FAILED,,,,,
77061228,deadAbandoned,PANGAEA MEDICINE,"Mar. 26, 2008",Columbus Medical Corporation,,taylor@taylormiles.net
77061044,REQUEST_FAILED,,,,,
77061153,REQUEST_FAILED,,,,,
77061533,deadAbandoned,FRUPLOSION,"Nov. 04, 2008",Fresh Fruit Bouquet Company Franchising LLC,,
77061532,REQUEST_FAILED,,,,,
77061887,deadAbandoned,L'ERIN,"Feb. 15, 2008",Retriever Brands LLC,,retrieverbrands@comcast.net
77061920,deadAbandoned,SERENGETI GANG,"Apr. 03, 2008",Real World Wonders Inc,,dhayeems@yahoo.com
77061846,REQUEST_FAILED,,,,,
77062069,deadAbandoned,LEIPZIGER ANTIQUA,"Jan. 24, 2008",Elsner+Flake GbR,,info@elsner-flake.com
77061894,REQUEST_FAILED,,,,,
77062185,deadAbandoned,STAND FOR US,"Feb. 29, 2008",Sympact Technologies,,smartocci@gmail.com
77061927,REQUEST_FAILED,,,,,
77062102,REQUEST_FAILED,,,,,
77062178,REQUEST_FAILED,,,,,
77062234,REQUEST_FAILED,,,,,
77062291,REQUEST_FAILED,,,,,
77062495,REQUEST_FAILED,,,,,
77062859,REQUEST_FAILED,,,,,
77062891,REQUEST_FAILED,,,,,
77063098,deadAbandoned,INTELLIADDRESS,"Apr. 03, 2008","Li, Xiaolei",,li@xiaolei.de
77062951,REQUEST_FAILED,,,,,
77063028,REQUEST_FAILED,,,,,
77063152,REQUEST_FAILED,,,,,
77063187,REQUEST_FAILED,,,,,
77063247,REQUEST_FAILED,,,,,
77063562,deadAbandoned,GYPSYKAT,"Feb. 29, 2008","Giardina, Vincent V",,vvg@jazzkatamps.com
77063798,deadAbandoned,PRECISION,"Feb. 29, 2008",NATURE BRIGHT COMPANY,,nbjoshua@gmail.com
77063541,REQUEST_FAILED,,,,,
77063581,REQUEST_FAILED,,,,,
77063760,REQUEST_FAILED,,,,,
77063766,REQUEST_FAILED,,,,,
77063761,REQUEST_FAILED,,,,,
77063924,deadAbandoned,FOELI,"May 07, 2008","Roberts, Mayah Michal",,mayahmichal@gmail.com
77063890,deadAbandoned,GUERRILLABROWSER,"Oct. 27, 2008",PFConcepts,,p.fogal@verizon.net
77063956,REQUEST_FAILED,,,,,
77064110,deadAbandoned,THE PWNA,"Mar. 12, 2008","Power Washers of North America, Inc.",,diana.hanson@gmail.com
77063992,REQUEST_FAILED,,,,,
77064264,REQUEST_FAILED,,,,,
77064548,deadAbandoned,DEALMAKER MEDIA- GROWTH THROUGH CONNECTIONS,"Dec. 29, 2008","International Business Development Network, LLC",,
77064353,REQUEST_FAILED,,,,,
77064689,deadAbandoned,LANDWIDE REAL ESTATE INVESTMENTS,"Jun. 13, 2008","Galanti, Anthony",,tony@landwide.net
77064849,deadAbandoned,DREAMSTATE GRAPHICS,"Apr. 03, 2008","McCormick, Sterling T Jr.",,dreamst82003@yahoo.com
77064842,deadAbandoned,SEXPOT,"Apr. 12, 2008","Shipman Associates, Inc.",,marissa@thebalm.com
77064896,deadAbandoned,NEXUS,"Mar. 05, 2008","Muncie Power Products, Inc.",,
77064833,REQUEST_FAILED,,,,,
77064853,REQUEST_FAILED,,,,,
77064864,REQUEST_FAILED,,,,,
77065459,deadAbandoned,BETSY ROSS,"Jul. 02, 2008","CGE Enterprises, LLC",,jhastings@vermontcountrystore.com
77065263,deadAbandoned,BORRACHITOS,"Nov. 10, 2008",LOPEZ CANDELARIO ERIBERTO,,cramirez@uribeyasociados.com
77065368,REQUEST_FAILED,,,,,
77065684,deadAbandoned,IMAGINARY COACH,"Apr. 10, 2008","Verheem, Johann B",,johannv@eqmedia.com
77065689,deadAbandoned,LIKE AN IMAGINARY COACH GIVING YOU A HELPING HAND,"Apr. 10, 2008","Verheem, Johann B",,johannv@eqmedia.com
77065768,deadAbandoned,LITTLE KINGS & QUEENS,"Dec. 15, 2008","WARD, JAMES",,
77065815,REQUEST_FAILED,,,,,
77065985,REQUEST_FAILED,,,,,
77066151,deadAbandoned,ROYAL GEM,"Dec. 04, 2008",Royal Gem Co BVBA,,info@royalgem.com
77066118,REQUEST_FAILED,,,,,
77066392,deadAbandoned,PIGGY BANK,"Apr. 24, 2008","Loos, Hans-Juergen",,h.loos@loos-trading.de
77066441,deadAbandoned,NUM NUM,"May 28, 2008","NOVOTIDE, LLC",,
77066381,REQUEST_FAILED,,,,,
77066531,deadAbandoned,NAVARRA INVESTMENT BANK,"Apr. 25, 2008",GRUPO INVERSOR VERITAS SL,,jrodriguez@navarravc.com
77066436,REQUEST_FAILED,,,,,
77066845,deadAbandoned,TIRED BLACK MAN,"May 14, 2008","ALEXANDER, TIM",,gtucker@americandocsinc.com
77066626,REQUEST_FAILED,,,,,
77066823,deadAbandoned,VIEW BLOCKER,"Sep. 23, 2008",Lance M. Elkins,,Lance714@netscape.com
77066741,REQUEST_FAILED,,,,,
77066835,REQUEST_FAILED,,,,,
77067087,deadAbandoned,JETSETTER,"Jan. 20, 2008","DUNAWAY, RENEE CIARA",,
77067037,REQUEST_FAILED,,,,,
77067091,REQUEST_FAILED,,,,,
77067570,REQUEST_FAILED,,,,,
77067503,REQUEST_FAILED,,,,,
77067692,REQUEST_FAILED,,,,,
77068010,deadAbandoned,SASSY DOG,"Oct. 27, 2008","Cyr, Kyong S.",,kyong.cyr@gmail.com
77067921,REQUEST_FAILED,,,,,
77067982,REQUEST_FAILED,,,,,
77068040,REQUEST_FAILED,,,,,
77068200,deadAbandoned,MEGATTACK,"Apr. 30, 2008","Jackson, Rick",,megattackrocks@hotmail.com
77068120,REQUEST_FAILED,,,,,
77068214,REQUEST_FAILED,,,,,
77068513,deadAbandoned,NICKY HILTON'S TIMELESS,"Oct. 27, 2008",Nicky Hilton Worldwide LLC,,
77068317,REQUEST_FAILED,,,,,
77068760,deadAbandoned,ASI DE FACIL,"May 21, 2008","Gonzalez, Carlos A",,lezumbe@hotmail.com
77068891,REQUEST_FAILED,,,,,
77068971,deadAbandoned,AWTV,"Apr. 10, 2008",Art TV Inc.,,
77069125,deadAbandoned,MR. KNOW ALL,"Apr. 03, 2008","Veselinov, Todorov Viktor",,e.solutions.info@gmail.com
77068979,REQUEST_FAILED,,,,,
77069001,REQUEST_FAILED,,,,,
77069086,REQUEST_FAILED,,,,,
77069073,REQUEST_FAILED,,,,,
77069114,REQUEST_FAILED,,,,,
77069438,deadAbandoned,DAQCHART,"Sep. 16, 2008","Antek, Inc.",,
77069374,REQUEST_FAILED,,,,,
77069620,deadAbandoned,VTOPIA,"Oct. 27, 2008","Lesslie, James",,Vinyltopia@Hotmail.com
77069777,deadAbandoned,GOLDEN TOONS,"Feb. 15, 2008",American Retro Museum,,chuque@aol.com
77069534,REQUEST_FAILED,,,,,
77069781,REQUEST_FAILED,,,,,
77069968,deadAbandoned,TRAILBLAZER RIDING PRODUCTS,"Jul. 10, 2008","American Heritage Equine, LLC",,rmcbride@duracom.net
77070062,deadAbandoned,SUPERMAX ENTERTAINMENT,"Feb. 15, 2008","SiCap Industries, LLC",,
77069942,REQUEST_FAILED,,,,,
77070091,REQUEST_FAILED,,,,,
77070370,REQUEST_FAILED,,,,,
77070750,REQUEST_FAILED,,,,,
77070838,REQUEST_FAILED,,,,,
77070895,REQUEST_FAILED,,,,,
77071023,deadAbandoned,MY GENETONE,"Jul. 14, 2008","Thomas M. Kollars, Jr.",,tomkollars@aol.com
77071077,deadAbandoned,CHIROSF,"Apr. 17, 2008","Weidley, Scott F",,scott_weidley@yahoo.com
77070940,REQUEST_FAILED,,,,,
77071100,deadAbandoned,VIASPACE SECURITY,"Nov. 17, 2008",VIASPACE Inc.,,
77071078,REQUEST_FAILED,,,,,
77071213,REQUEST_FAILED,,,,,
77071248,REQUEST_FAILED,,,,,
77071256,REQUEST_FAILED,,,,,
77071464,deadAbandoned,CARIBEYA,"May 01, 2008","CARIBEYA PAPAYA, S.A. DE C.V.",,
77071497,deadAbandoned,HOUSE MUSIC WILL NEVER DIE!,"Mar. 19, 2008",Madteez Inc.,,chi70@sbcglobal.net
77071354,REQUEST_FAILED,,,,,
77071540,deadAbandoned,MR. SQUEAKY WINDOW CLEANING,"May 07, 2008","Mr. Squeaky Window Cleaning, LLC",,michael@somad.org
77071494,REQUEST_FAILED,,,,,
77071493,REQUEST_FAILED,,,,,
77071687,deadAbandoned,CURSLAYER,"Apr. 17, 2008","Fletcher, Robert",,rob@horizon-terminals.com
77071610,REQUEST_FAILED,,,,,
77071659,REQUEST_FAILED,,,,,
77071733,REQUEST_FAILED,,,,,
77071819,REQUEST_FAILED,,,,,
77072074,deadAbandoned,EVERYTHING FAMILY MATTERS,"May 14, 2008","International Web Properties, LLC",,
77072160,deadAbandoned,NATSUMI,"Apr. 24, 2008","Matsumura, Mei Ping",,natsumi50ny@yahoo.com
77072059,REQUEST_FAILED,,,,,
77072165,REQUEST_FAILED,,,,,
77072324,deadAbandoned,E,"Apr. 24, 2008",Enoka Ltd,,admin@enokaclothing.com
77072178,REQUEST_FAILED,,,,,
77072475,deadAbandoned,NATIONAL BIRD SANCTUARY,"Apr. 04, 2008","Welch Ph.D., Michael J.",,mike@nationalbirdsanctuary.org
77072579,deadAbandoned,THE MOVEMENT,"Nov. 17, 2008",Robert William Reames and Jaime Geffner,,rreames@robertreames.net
77072650,deadAbandoned,PRINCESS UNVEILED DISCOVERING THE PRINCESS WITHIN,"Jun. 08, 2008","McFarland, Rhoda",,
77072377,REQUEST_FAILED,,,,,
77072478,REQUEST_FAILED,,,,,
77072781,REQUEST_FAILED,,,,,
77073011,deadAbandoned,SENTIMIENTO MUSICAL,"Jul. 10, 2008","Manzano, Rene",,cepedaroberto@yahoo.com
77072897,REQUEST_FAILED,,,,,
77073381,deadAbandoned,THE CO GROUP INC.,"May 14, 2008","The CO Group, Inc.",,TheCOGroup@TheCOGroup.com
77073073,REQUEST_FAILED,,,,,
77073186,deadAbandoned,HYPERFORMANCE LIFE,"Apr. 17, 2008","Fox, Jessica L",,jessicafox@knology.net
77073493,deadAbandoned,PRIM3,"Feb. 18, 2008",Alexander Duncan,,adunk10@nerdshack.com
77073339,REQUEST_FAILED,,,,,
77073400,REQUEST_FAILED,,,,,
77073509,REQUEST_FAILED,,,,,
77073531,REQUEST_FAILED,,,,,
77073572,REQUEST_FAILED,,,,,
77073747,deadAbandoned,HUSSY,"Mar. 05, 2008","Cardiff Advisors, Inc.",,
77073593,REQUEST_FAILED,,,,,
77073751,REQUEST_FAILED,,,,,
77073815,REQUEST_FAILED,,,,,
77073954,REQUEST_FAILED,,,,,
77074092,deadAbandoned,LOXIA,"May 14, 2008","Loxia Technologies, Inc.",,purchasing@loxiatech.com
77074023,REQUEST_FAILED,,,,,
77074096,deadAbandoned,CELLIXX,"Apr. 24, 2008","Kohlbecher, Lutz",,lutz.kohlbecher@cellixx.com
77074230,deadAbandoned,CASSEROLLI'S,"Apr. 24, 2008","Lubell, David",,dlubell@yahoo.com
77074117,REQUEST_FAILED,,,,,
77074214,REQUEST_FAILED,,,,,
77074446,deadAbandoned,SIDESYNC,"Apr. 24, 2008","Proxure, Inc.",,dan.reynolds@proxure.com
77074338,REQUEST_FAILED,,,,,
77074413,REQUEST_FAILED,,,,,
77074456,REQUEST_FAILED,,,,,
77074611,REQUEST_FAILED,,,,,
77074964,REQUEST_FAILED,,,,,
77075020,REQUEST_FAILED,,,,,
77075049,REQUEST_FAILED,,,,,
77075102,REQUEST_FAILED,,,,,
77075622,deadAbandoned,MMA MADBEATINGS ATTITUDE ADJUSTMENT FIGHTGEAR,"Jul. 03, 2008","Dacumos, Mar A.",,davidspresser@mac.com
77075512,REQUEST_FAILED,,,,,
77075517,REQUEST_FAILED,,,,,
77075637,REQUEST_FAILED,,,,,
77075653,REQUEST_FAILED,,,,,
77075767,REQUEST_FAILED,,,,,
77075803,REQUEST_FAILED,,,,,
77076050,deadAbandoned,UPILLAR.COM,"Apr. 03, 2008",Lexon Industries Inc.,,isebastion@yahoo.com
77076003,deadAbandoned,IMAGINE THE POSSIBILITIES THEN BUILD THEM,"Dec. 06, 2008","Imagination Jumpstart, LLC",,
77075893,REQUEST_FAILED,,,,,
77075973,REQUEST_FAILED,,,,,
77076313,REQUEST_FAILED,,,,,
77076333,REQUEST_FAILED,,,,,
77076536,deadAbandoned,TITLE WIZARD,"May 14, 2008",ClosingCorp Inc.,,bjennings@closing.com
77076445,REQUEST_FAILED,,,,,
77076519,REQUEST_FAILED,,,,,
77076748,deadAbandoned,DYNAMICALLY VERSED,"May 14, 2008","Dynamically Versed, LLC",,Mr_Stamps@hotmail.com
77076673,REQUEST_FAILED,,,,,
77076755,deadAbandoned,ALL HEALERS MENTAL HEALTH ALLIANCE,"Aug. 19, 2008",All Healers Mental Health Alliance,,
77076714,REQUEST_FAILED,,,,,
77076744,REQUEST_FAILED,,,,,
77076747,REQUEST_FAILED,,,,,
77077109,deadAbandoned,VITALSPIRITUALITY,"Dec. 08, 2008","RODRIGUEZ BEDOYA, JORGE",,jrodriguez@navarravc.com
77077318,deadAbandoned,SIMPLESYNC,"May 14, 2008","Proxure, Inc",,dan.reynolds@Proxure.om
77077308,REQUEST_FAILED,,,,,
77077325,REQUEST_FAILED,,,,,
77077438,REQUEST_FAILED,,,,,
77077543,deadAbandoned,INTUISDOM,"Dec. 08, 2008","Byers, Anton",,anton@intuisdom.com
77077496,REQUEST_FAILED,,,,,
77077566,deadAbandoned,NAVARRA INVESTMENT BANKING,"Nov. 07, 2008",GRUPO INVERSOR VERITAS SL,,jrodriguez@navarravc.com
77077521,REQUEST_FAILED,,,,,
77077600,deadAbandoned,SWABBIES,"Oct. 27, 2008","Cronin, Peter",,
77077609,deadAbandoned,BELLEDAME,"May 14, 2008","Land, Natalie Rose",,rose@belledame.us
77077545,REQUEST_FAILED,,,,,
77077756,deadAbandoned,CHI-CYCLE,"Jan. 04, 2008",Rosemary Lindle,,rlindle@aol.com
77077689,deadAbandoned,LANVO,"Nov. 10, 2008","JINAN CHUANGYE INFORMATION TECHNOLOGY DEVELOPMENT CO., LTD.",,
77077650,REQUEST_FAILED,,,,,
77077681,REQUEST_FAILED,,,,,
77077785,deadAbandoned,CONSERVATION AGE CONSERVATION AGE,"May 14, 2008",Wrall LLC,,wrallllc@yahoo.com
77077956,deadAbandoned,EVERYTHING THAT MATTERS,"May 14, 2008","International Web Properties, LLC",,
77077913,REQUEST_FAILED,,,,,
77077969,REQUEST_FAILED,,,,,
77078083,REQUEST_FAILED,,,,,
77078105,REQUEST_FAILED,,,,,
77078211,REQUEST_FAILED,,,,,
77078299,REQUEST_FAILED,,,,,
77078611,deadAbandoned,CHRISTOPHER HAPPEL,"May 14, 2008","Happel, Christopher S",,cshappel@netzero.com
77078702,deadAbandoned,EXCELLENS,"May 28, 2008","Trans World Trading Group, Inc.",,mattg@twtg.us
77078458,REQUEST_FAILED,,,,,
77078804,deadAbandoned,KARMAOCRACY.COM,"May 14, 2008","International Web Properties, LLC",,
77078658,REQUEST_FAILED,,,,,
77078838,deadAbandoned,LET OUR RADIOLOGISTS BE YOUR RADIOLOGY SOLUTION,"Jan. 03, 2008","Jeffrey L. Lieberman, MD, PC",,kay@jlljmr.com
77078762,REQUEST_FAILED,,,,,
77078784,REQUEST_FAILED,,,,,
77078808,REQUEST_FAILED,,,,,
77079089,REQUEST_FAILED,,,,,
77079346,deadAbandoned,LIVE PLAYFULLY,"May 14, 2008","Project Joy, Inc.",,Stevengross@aol.com
77079301,REQUEST_FAILED,,,,,
77079375,deadAbandoned,PHILIP PERSIO,"Feb. 13, 2008","Luxury International, Inc.",,
77079470,deadAbandoned,MW,"May 21, 2008",Midnight Warrior Games LLC,,midnightwarriors@gmail.com
77079447,REQUEST_FAILED,,,,,
77079458,REQUEST_FAILED,,,,,
77079476,REQUEST_FAILED,,,,,
77079511,REQUEST_FAILED,,,,,
77079754,REQUEST_FAILED,,,,,
77079741,REQUEST_FAILED,,,,,
77080313,deadAbandoned,"""CONTROL YOUR ROLL""","May 14, 2008",Rounder Recorder,,nsharp@rounderrecorder.com
77080104,REQUEST_FAILED,,,,,
77080282,REQUEST_FAILED,,,,,
77080340,REQUEST_FAILED,,,,,
77080476,deadAbandoned,EPRODUCT,"Jan. 23, 2008","eProduct, LLC",,
77080362,REQUEST_FAILED,,,,,
77080398,REQUEST_FAILED,,,,,
77080511,REQUEST_FAILED,,,,,
77080506,REQUEST_FAILED,,,,,
77080647,deadAbandoned,THESPRINGBREAKERS.COM,"May 20, 2008","Michael D Gauthier and Zachary J Keenan partnerships, The",,gauthier1931@yahoo.com
77080516,REQUEST_FAILED,,,,,
77080772,deadAbandoned,ITIMES,"May 05, 2008","Altman, Daniel",,da@danielaltman.com
77080783,REQUEST_FAILED,,,,,
77080791,REQUEST_FAILED,,,,,
77080804,REQUEST_FAILED,,,,,
77081048,deadAbandoned,REAL ROOT,"Feb. 08, 2008","Bewicke, Cal",,dougb@ethicalnaturals.com
77081165,REQUEST_FAILED,,,,,
77081316,REQUEST_FAILED,,,,,
77081500,deadAbandoned,DR. EVA CWYNAR,"Nov. 03, 2008",Eva B. Cwynar,,
77081337,REQUEST_FAILED,,,,,
77081542,deadAbandoned,ALINEMENT,"May 01, 2008",Manifold Trust,,Louis.Taborda@Alinement.com.au
77081573,deadAbandoned,AARON HERBERT KELLY,"Apr. 16, 2008",Aaron Herbert Kelly,,
77081582,deadAbandoned,"LOVECENTRIA COME ON IN, YOU'RE INVITED","Dec. 04, 2008",Lativio LLP,,de@iplab.co.uk
77081581,deadAbandoned,LATIVIO,"Dec. 04, 2008",Lativio LLP,,de@iplab.co.uk
77081547,REQUEST_FAILED,,,,,
77081557,REQUEST_FAILED,,,,,
77081584,deadAbandoned,PENISHEALTH,"Dec. 04, 2008",Lativio LLP,,de@iplab.co.uk
77081561,REQUEST_FAILED,,,,,
77081586,deadAbandoned,MICTHING,"May 21, 2008",International Product Solution Group,,danny@sound-music.com
77081606,deadAbandoned,LIBERTY MIRRORS,"Mar. 26, 2008","McFaddin, Roy A.",,
77081598,deadAbandoned,BUDA ASIA,"Nov. 17, 2008","Raynor, Gina",,budaasia@gmail.com
77081585,deadAbandoned,PROACTOL CLINICALLY PROVEN FAT BINDER,"Dec. 04, 2008",Lativio LLP,,de@iplab.co.uk
77081588,REQUEST_FAILED,,,,,
77081587,REQUEST_FAILED,,,,,
77081619,deadAbandoned,HAPPYSHEEP,"May 21, 2008","Pakter, Kerstin",,kerstinpakter@yahoo.com
77081845,deadAbandoned,CRANIALMED,"May 14, 2008","Cranial Medical Systems, Inc.",,plarson@cranialmed.com
77081898,deadAbandoned,BOOSTER JUICE,"May 21, 2008","Science Fishing Holding, LLC",,stephen@sciencefishing.com
77081880,deadAbandoned,OBJECTOR SET,"Dec. 22, 2008",Dave Wheeler Studio LLC,,dave@davewheeler.com
77081774,REQUEST_FAILED,,,,,
77081912,REQUEST_FAILED,,,,,
77082007,REQUEST_FAILED,,,,,
77082250,deadAbandoned,LIFE IN STYLE,"May 28, 2008",Fields Dustin,,
77082344,deadAbandoned,RAY'S,"May 07, 2008",e LAMBS INC.,,
77082180,REQUEST_FAILED,,,,,
77082292,REQUEST_FAILED,,,,,
77082317,REQUEST_FAILED,,,,,
77082368,deadAbandoned,HEC CONSTRUCTION · INCORPORATED · ELECTRICAL CONTRACTOR,"May 15, 2008",H.E.C. CONSTRUCTION CO.,,
77082491,REQUEST_FAILED,,,,,
77082529,deadAbandoned,GENUINE RISK,"Jul. 14, 2008",Black Sheep Finds,,phunken@mac.com
77082626,deadAbandoned,FULLY LOADED,"Jul. 30, 2008",Marcus Zurawski,,zrim01@yahoo.com
77082593,deadAbandoned,JUST DEADLY,"Apr. 17, 2008","Flores, Nevia Elise",,canustandit@adelphia.net
77082597,REQUEST_FAILED,,,,,
77082625,REQUEST_FAILED,,,,,
77082744,deadAbandoned,WAE WAE,"May 12, 2008",Citiplus Group Ltd,,passengerhkg@hotmail.com
77082635,REQUEST_FAILED,,,,,
77082680,REQUEST_FAILED,,,,,
77083085,deadAbandoned,INCARNATE,"May 28, 2008",Palo Alto Laboratories,,info@paloaltolabs.com
77082991,REQUEST_FAILED,,,,,
77083001,REQUEST_FAILED,,,,,
77083027,REQUEST_FAILED,,,,,
77083133,REQUEST_FAILED,,,,,
77083279,REQUEST_FAILED,,,,,
77083345,deadAbandoned,NUTRAFRUIT,"Mar. 03, 2008","Amazon Thunder, Inc.",,todd@amazonthunder.com
77083387,deadAbandoned,REPSTER,"May 28, 2008","Bacon, George",,
77083339,REQUEST_FAILED,,,,,
77083342,REQUEST_FAILED,,,,,
77083373,REQUEST_FAILED,,,,,
77083653,deadAbandoned,BB,"Nov. 17, 2008","Copeland, John D",,
77083607,REQUEST_FAILED,,,,,
77083840,deadAbandoned,STRESSPLASTER,"Apr. 10, 2008","Andersson, Roger L",,roger.andersson@flow.se
77083672,REQUEST_FAILED,,,,,
77083731,deadAbandoned,THE SESSIONS,"Dec. 17, 2008",Josh Abel,,
77084268,deadAbandoned,None,"Oct. 03, 2008",24HOURS BUYSELL CO. LTD.,,CHEUNGCHUCPA@YAHOO.COM
77084177,REQUEST_FAILED,,,,,
77084270,deadAbandoned,UNIKEY,"Jul. 25, 2008",SecuTech Solution Inc,,sally@esecutech.com
77084272,deadAbandoned,COSUCO,"May 30, 2008","Schweizerhof, Margarete",,ines@cosuco.de
77084207,REQUEST_FAILED,,,,,
77084273,deadAbandoned,VISUALVS,"Apr. 24, 2008","Rittman, Dan",,danny@tayden.com
77084376,deadAbandoned,"HARMONY HOUSE FOODS, INC.","Jan. 27, 2008","Harmony House Foods, Inc.",,service@harmonyhousefoods.com
77084254,REQUEST_FAILED,,,,,
77084309,deadAbandoned,NANORVINTERACTIVE,"Apr. 03, 2008","Rittman, Dan",,danny@tayden.com
77084465,deadAbandoned,E EMERGE,"Oct. 13, 2008",Emerge Systems (M) Sdn. Bhd.,,raymond.chee@emerge.com.my
77084454,REQUEST_FAILED,,,,,
77084555,deadAbandoned,WHITE PEAK,"May 28, 2008",PriLabs Inc.,,
77084617,deadAbandoned,SPEED WEIGH,"Jul. 10, 2008","Speed Trac Technologies, Inc.",,
77084553,REQUEST_FAILED,,,,,
77084539,REQUEST_FAILED,,,,,
77084709,deadAbandoned,SURF & SELL,"Dec. 22, 2008","CallCenter Services, LLC",,
77084603,REQUEST_FAILED,,,,,
77085099,REQUEST_FAILED,,,,,
77085114,REQUEST_FAILED,,,,,
77085272,deadAbandoned,MADCAT COFFEE,"May 28, 2008","Koonce, Jeff R",,jeffkoonce@comcast.net
77085297,deadAbandoned,TIME BOX,"Apr. 03, 2008",Rute I. P. Moreira,,rute.moreira@caixadetempo.pt
77085253,deadAbandoned,STAAR TECHNOLOGY,"May 28, 2008","NINGBO SOUNDKING GROUP CO., LTD",,
77085200,REQUEST_FAILED,,,,,
77085324,deadAbandoned,FOOT QUARTERS,"Oct. 27, 2008","Foot Locker Retail, Inc.",,tbombata@footlocker.com
77085231,REQUEST_FAILED,,,,,
77085559,deadAbandoned,OVERSTOCKED CARS,"Dec. 08, 2008","Overstock.com, Inc.",,
77085349,REQUEST_FAILED,,,,,
77085453,REQUEST_FAILED,,,,,
77085469,REQUEST_FAILED,,,,,
77085762,deadAbandoned,EVERYFRAME,"May 28, 2008","Ziegler, Christopher S",,zieglerc@gmail.com
77085542,REQUEST_FAILED,,,,,
77086081,deadAbandoned,HEPTA-PRO,"May 14, 2008","Zurawski,Marcus",,zrim01@yahoo.com
77086143,deadAbandoned,AUSTRALIA2U,"May 28, 2008","Weeks, Mark",,email@australia2u.com
77086070,deadAbandoned,OWN SMART,"May 28, 2008",Emerging Global Investment Corporation,,etrans1@comcast.net
77086255,deadAbandoned,INNOVATING AGRONOMIC SOLUTIONS,"Oct. 14, 2008","T-Systems International, Inc.",,
77086057,REQUEST_FAILED,,,,,
77086185,REQUEST_FAILED,,,,,
77086357,REQUEST_FAILED,,,,,
77086502,REQUEST_FAILED,,,,,
77086975,deadAbandoned,TRES LECHES CAKE DOUGHNUT,"Mar. 04, 2008",The International Doughnut Plant LLC,,lenore.horton@fisherbroyles.com
77086959,REQUEST_FAILED,,,,,
77087254,deadAbandoned,EL GOODO,"May 28, 2008","CHOK, EDISON",,edbc@biznetvigator.com
77087054,REQUEST_FAILED,,,,,
77087260,deadAbandoned,CKE CERTIFIED KNOWLEDGE EXPERT,"Sep. 08, 2008",International Consortium of Certified Knowledge Experts,,sangeetha.thomas@ecaira.com
77087182,REQUEST_FAILED,,,,,
77087212,REQUEST_FAILED,,,,,
77087263,deadAbandoned,SQIJ,"May 28, 2008",Sqij Communications,,work@sqij.com
77087348,deadAbandoned,U SPA,"May 01, 2008","Alley, Robert Howard",,ralley@seanet.com
77087299,REQUEST_FAILED,,,,,
77087357,deadAbandoned,ARRIVISTE,"Jul. 02, 2008",Davis II Bobby D,,bddavis2@hotmail.com
77087337,REQUEST_FAILED,,,,,
77087392,deadAbandoned,OMEGA KIDS.NET FEEDING ORPHANS WORLDWIDE,"Jul. 30, 2008",Mindy Blackburn,,neuroflexjk@aol.com
77087358,REQUEST_FAILED,,,,,
77087496,REQUEST_FAILED,,,,,
77087494,REQUEST_FAILED,,,,,
77087796,deadAbandoned,...BY THE BOOKS! BTB,"Jul. 02, 2008","Murray, David G",,
77087581,REQUEST_FAILED,,,,,
77087727,deadAbandoned,OTTAKRINGER,"May 11, 2008",Red Steer Glove Company,,luke.atwood@a-gamesports.com
77087675,REQUEST_FAILED,,,,,
77087764,REQUEST_FAILED,,,,,
77087865,REQUEST_FAILED,,,,,
77087884,REQUEST_FAILED,,,,,
77088169,REQUEST_FAILED,,,,,
77088368,deadAbandoned,NEW YORK CITY MMA,"Jan. 22, 2008","Joza, Eric D.",,jozanyc@yahoo.com
77088455,deadAbandoned,MIRROR GEAR,"Oct. 27, 2008","Bloom, Patrick N.",,northerncaglove@aol.com
77088496,deadAbandoned,DERMARAY,"Jun. 05, 2008",Total Control Pty. Ltd.,,nick@tcgindustrial.com.au
77088417,REQUEST_FAILED,,,,,
77088451,REQUEST_FAILED,,,,,
77088587,deadAbandoned,TIJUANA,"Mar. 19, 2008","SANCHEZ-ALDANA, JOSE ANTONIO",,mygabogados@infosel.net.mx
77088478,REQUEST_FAILED,,,,,
77088558,deadAbandoned,JUSWEET,"Mar. 26, 2008",Jusweet Holdings LLC,,
77088620,REQUEST_FAILED,,,,,
77088999,deadAbandoned,None,"Nov. 09, 2008","CVC Financial, L.P.",,
77088874,deadAbandoned,MISS ST. JOHN,"Jul. 30, 2008","St. John Knits, Inc.",,
77088846,REQUEST_FAILED,,,,,
77088777,REQUEST_FAILED,,,,,
77088956,REQUEST_FAILED,,,,,
77089367,deadAbandoned,LET'S TALK RECOVERY,"May 01, 2008","Let's Talk Recovery, Inc.",,
77089233,REQUEST_FAILED,,,,,
77089328,REQUEST_FAILED,,,,,
77089351,REQUEST_FAILED,,,,,
77089525,REQUEST_FAILED,,,,,
77089548,REQUEST_FAILED,,,,,
77089866,deadAbandoned,CLUBHEAD,"Apr. 03, 2008","McClure, Roderick",,
77089799,REQUEST_FAILED,,,,,
77089832,REQUEST_FAILED,,,,,
77089879,REQUEST_FAILED,,,,,
77090146,REQUEST_FAILED,,,,,
77090192,REQUEST_FAILED,,,,,
77090238,REQUEST_FAILED,,,,,
77090505,deadAbandoned,VIENTO MUSICAL DE DURANGO,"Sep. 07, 2008","RODRIGUEZ, NEMECIO",,vientomusicaldedurango@hotmail.com
77090519,deadAbandoned,RUDY RUDE THE LITTLE DOG WITH AN ATTITUDE,"Dec. 08, 2008",TransGlobal Communications Group Inc.,,
77090365,REQUEST_FAILED,,,,,
77090625,deadAbandoned,FOODY'S FAMOUS,"Dec. 08, 2008","Foody, Stephen",,stevefoody@hotmail.com
77090622,REQUEST_FAILED,,,,,
77090646,deadAbandoned,NURI,"Jun. 24, 2008",NURI ENTERPRISES,,sales@almuqeettextiles.com
77090624,REQUEST_FAILED,,,,,
77090710,REQUEST_FAILED,,,,,
77090798,REQUEST_FAILED,,,,,
77090951,deadAbandoned,MICKEY & MOOSE,"Mar. 30, 2008",Peter Valletti,,dan@petersonandcompany.net
77090996,deadAbandoned,OPEN MEDIA PLATFORM,"Apr. 21, 2008","Quartics, Inc.",,
77090875,REQUEST_FAILED,,,,,
77090976,deadAbandoned,USB VIDEO MONITOR,"Apr. 21, 2008","Quartics, Inc.",,
77091014,deadAbandoned,PC2TV GUIDE,"Jan. 30, 2008","Quartics, Inc.",,
77091279,deadAbandoned,None,"May 21, 2008","Creto International, Inc.",,
77091266,REQUEST_FAILED,,,,,
77091541,deadAbandoned,FOR MY KOUNTRY,"Jul. 28, 2008","Pontillo, James V",,j@totallyradical.com
77091566,deadAbandoned,KNITZI,"May 09, 2008","LaPensee, Nick, Jeremy",,nick@knitzi.com
77091596,deadAbandoned,THE OTHER DUCK,"Nov. 03, 2008",Cheryl Koo,,cherylkoo.611@gmail.com
77091507,REQUEST_FAILED,,,,,
77091537,REQUEST_FAILED,,,,,
77091584,REQUEST_FAILED,,,,,
77091795,deadAbandoned,TA5000,"Oct. 27, 2008",Van Hills Corporation,,chadinamine@yahoo.com
77091798,REQUEST_FAILED,,,,,
77092040,deadAbandoned,BRAND EXPERIENCE NAVIGATORS,"Nov. 30, 2008",Intelligence Navigators Corp.,,doug@intelligenceo.com
77092051,deadAbandoned,BLUE OCEAN NAVIGATORS,"Nov. 30, 2008",Intelligence Navigators Corp.,,doug@intelligenceo.com
77091994,REQUEST_FAILED,,,,,
77092101,deadAbandoned,LUXE DESIGNS,"Dec. 15, 2008","Luxe Designs, Inc.",,
77092112,REQUEST_FAILED,,,,,
77092336,deadAbandoned,TEMPO,"May 28, 2008",PriLabs Inc.,,
77092363,deadAbandoned,BODY FOUNDATION,"Jun. 04, 2008","Vanity Fair, Inc.",,ldooley@fruit.com
77092164,REQUEST_FAILED,,,,,
77092566,deadAbandoned,DATA LIVES HERE,"Jul. 07, 2008","4D, Inc.",,bcoveney@4d.com
77092477,REQUEST_FAILED,,,,,
77092824,deadAbandoned,FREENAS,"Jan. 19, 2008",cochard olivier,,olivier@freenas.org
77092769,REQUEST_FAILED,,,,,
77092798,REQUEST_FAILED,,,,,
77092815,REQUEST_FAILED,,,,,
77092806,REQUEST_FAILED,,,,,
77092918,deadAbandoned,MUSLIM COMMUNITY SERVICES,"Apr. 14, 2008","Ali, Osman M.",,oalimd@gmail.com
77092962,deadAbandoned,OVER THE MOON,"Apr. 03, 2008","Selibowitz, Jonathan Louis",,jon@graphicshop.co.za
77093010,deadAbandoned,CINEWEAVE,"May 01, 2008","SmX Theater Solutions, LLC",,accounting@smxscreen.com
77093006,REQUEST_FAILED,,,,,
77093008,REQUEST_FAILED,,,,,
77093113,deadAbandoned,L'ARTISTE DE TATOUAGE,"Mar. 26, 2008",On Smart Consultants Limited,,onsmarthk@yahoo.com.hk
77093116,deadAbandoned,T-POST,"Feb. 29, 2008",T-post AB,,mtm@mindthemark.se
77093062,REQUEST_FAILED,,,,,
77093080,REQUEST_FAILED,,,,,
77093277,deadAbandoned,UMO,"Dec. 22, 2008",UMO S.A.,,
77093331,deadAbandoned,WOMEN FITNESS LOUNGE,"Jul. 24, 2008",RIVOAL Herve Ronan,,herve@ladyfitness.fr
77093251,REQUEST_FAILED,,,,,
77093316,REQUEST_FAILED,,,,,
77093375,REQUEST_FAILED,,,,,
77093575,deadAbandoned,NOPYI ADOBOHOLICS,"Apr. 03, 2008","PALPAL-LATOC, Arthur",,artpalpogi@hotmail.com
77093525,REQUEST_FAILED,,,,,
77093546,REQUEST_FAILED,,,,,
77093606,deadAbandoned,ELIMINATOR,"Apr. 17, 2008",Cobra electronic GmbH& Co KG,,georg.kothmeier@cobra-electronic.de
77093550,REQUEST_FAILED,,,,,
77093706,REQUEST_FAILED,,,,,
77093724,REQUEST_FAILED,,,,,
77093898,REQUEST_FAILED,,,,,
77093927,REQUEST_FAILED,,,,,
77093933,REQUEST_FAILED,,,,,
77094152,deadAbandoned,FORTUNE PETS,"Jan. 14, 2008",FORTUNE GIFTS & PREMIUM LTD.,,richard@fgifts.com.hk
77094145,deadAbandoned,BOTANIQ,"Jul. 22, 2008",Paunui Holdings Pty. Ltd.,,craig@paunui.com
77094370,REQUEST_FAILED,,,,,
77094373,REQUEST_FAILED,,,,,
77094436,REQUEST_FAILED,,,,,
77094677,deadAbandoned,ST CAPITAL FINANCING EXCELLENCE,"Apr. 10, 2008",ST Capital,,tereso@stcapitalcorp.com
77094651,deadAbandoned,ZEUS,"Oct. 27, 2008",PriLabs Inc.,,
77094602,deadAbandoned,SHOP TOGETHER,"May 01, 2008","DecisionStep, Inc.",,john.jackson@decisionstep.com
77094583,REQUEST_FAILED,,,,,
77094637,REQUEST_FAILED,,,,,
77094800,deadAbandoned,PORTRAIT PAINTER OF IDEAS,"Apr. 10, 2008","Walters, Jerry L.",,associatesjw@yahoo.com
77095158,deadAbandoned,EXTREME-BIODIESEL.COM,"Jun. 16, 2008",Extreme Biodiesel.com,,extremebiodiesel@sbcglobal.net
77094937,REQUEST_FAILED,,,,,
77094996,REQUEST_FAILED,,,,,
77095099,REQUEST_FAILED,,,,,
77095202,REQUEST_FAILED,,,,,
77095577,deadAbandoned,HAWAII COUNTY CHOPPERS BORN TO RIDE,"Oct. 22, 2008","OSHIRO, RONALD CHOKI",,
77095268,REQUEST_FAILED,,,,,
77095283,REQUEST_FAILED,,,,,
77095433,REQUEST_FAILED,,,,,
77095648,deadAbandoned,STURN,"Jul. 11, 2008","Empire Sales International, Inc.",,
77095911,deadAbandoned,VIDEOCELLING,"May 12, 2008",DSPV LTD.,,management@dspv.net
77095579,REQUEST_FAILED,,,,,
77096124,deadAbandoned,WILDKAST,"Feb. 29, 2008",Metis Enterprise Technologies LLC,,adam@neokast.com
77095870,REQUEST_FAILED,,,,,
77096253,deadAbandoned,XTREME TEAM,"Apr. 24, 2008","International Apparel Group, LLC",,
77096261,deadAbandoned,XTREME SUPERSTORE,"Apr. 24, 2008","International Apparel Group, LLC",,
77096090,REQUEST_FAILED,,,,,
77096287,REQUEST_FAILED,,,,,
77096320,REQUEST_FAILED,,,,,
77096570,deadAbandoned,TTG TRIO TITLE GROUP,"May 21, 2008",Trio Title Group,,joni@allstaras.com
77096415,REQUEST_FAILED,,,,,
77096789,deadAbandoned,BEARRIER,"Jan. 10, 2008","Dawg, Inc.",,cbarney@cliffordbarney.com
77096531,REQUEST_FAILED,,,,,
77096752,REQUEST_FAILED,,,,,
77096835,REQUEST_FAILED,,,,,
77097020,REQUEST_FAILED,,,,,
77097399,deadAbandoned,XTREME SOURCE,"Apr. 24, 2008","International Apparel Group, LLC",,
77097253,REQUEST_FAILED,,,,,
77097456,deadAbandoned,BACK TO THE EAST,"May 01, 2008","Tan, Chanchhaya",,CambodianRepublic@Gmail.com
77097468,deadAbandoned,SNAP MUSIC SURVEYS,"May 01, 2008","Snap Music, Inc.",,duncan.freeman@gmail.com
77097413,REQUEST_FAILED,,,,,
77097156,REQUEST_FAILED,,,,,
77097489,REQUEST_FAILED,,,,,
77097403,deadAbandoned,XSN,"Apr. 24, 2008","International Apparel Group, LLC",,
77097800,REQUEST_FAILED,,,,,
77098234,deadAbandoned,"SAVE A TREE, MAKE AN ONLINE FORM!","Mar. 12, 2008","FormRouter, Inc.",,dave.conorozzo@formrouter.com
77097845,REQUEST_FAILED,,,,,
77097988,REQUEST_FAILED,,,,,
77098049,REQUEST_FAILED,,,,,
77098517,deadAbandoned,TACOOKIE,"Nov. 17, 2008",Ortiz Pedro,,portiz@alumni.stanfordgsb.org
77098533,REQUEST_FAILED,,,,,
77098547,deadAbandoned,JESUS 2008,"Oct. 18, 2008",INTENTIONAL MINISTRIES,,brandon.freitag@intentional.com
77098537,REQUEST_FAILED,,,,,
77098581,REQUEST_FAILED,,,,,
77098696,deadAbandoned,XSI,"Apr. 24, 2008","International Apparel Group, LLC",,
77098695,deadAbandoned,XSI,"Apr. 24, 2008","International Apparel Group, LLC",,
77098697,deadAbandoned,XSCITY.COM,"Apr. 24, 2008","International Apparel Group, LLC",,
77098702,deadAbandoned,XS NETWORK,"Apr. 24, 2008","International Apparel Group, LLC",,
77098703,deadAbandoned,XS MUSIC,"Apr. 24, 2008","International Apparel Group, LLC",,
77098632,REQUEST_FAILED,,,,,
77098623,REQUEST_FAILED,,,,,
77098704,deadAbandoned,XS MUSIC,"Apr. 24, 2008","International Apparel Group, LLC",,
77098700,deadAbandoned,XS NETWORK,"May 01, 2008","International Apparel Group, LLC",,
77098708,deadAbandoned,CLUB XS,"Apr. 24, 2008","International Apparel Group, LLC",,
77098713,deadAbandoned,XS ALLEY,"Apr. 24, 2008","International Apparel Group, LLC",,
77098737,deadAbandoned,CYBER TREASURY,"Oct. 18, 2008",Trcek Denis,,denis.trcek@guest.arnes.si
77098707,REQUEST_FAILED,,,,,
77098747,REQUEST_FAILED,,,,,
77098798,deadAbandoned,INTUITION PRODUCTIONS FILM& MUSIC GROUP,"Sep. 29, 2008",Martinez M White,,mwhite3@wisc.edu
77098784,REQUEST_FAILED,,,,,
77098793,REQUEST_FAILED,,,,,
77098842,deadAbandoned,PERFUME NOTE BEAR,"Dec. 22, 2008",Rosalind Odom,,
77098840,REQUEST_FAILED,,,,,
77098843,REQUEST_FAILED,,,,,
77098861,REQUEST_FAILED,,,,,
77099097,deadAbandoned,E-PRIVATESALE.COM,"Jan. 11, 2008",Brandex Enterprises Corp,,ebesserve@e-privatesale.com
77099178,deadAbandoned,TRIBOSEAT,"Jul. 24, 2008",Bernard Gary Edward,,aseat@triboseat.com
77098883,REQUEST_FAILED,,,,,
77099225,REQUEST_FAILED,,,,,
77099249,REQUEST_FAILED,,,,,
77099752,deadAbandoned,MONSTER MOTOR COMPANY,"Dec. 02, 2008",MONSTER INDUSTRIAL,,
77099528,REQUEST_FAILED,,,,,
77099773,REQUEST_FAILED,,,,,
77099910,deadAbandoned,LOCAL SEEN,"May 01, 2008","WDMG, LLC",,
77099897,deadAbandoned,CRYSTALEYES RX,"Jun. 22, 2008","Tarrant, Larry",,
77099865,deadAbandoned,PEACE PILGRIM,"May 16, 2008","Pakter, Pascal",,info@WeArePilgrim.com
77099998,deadAbandoned,BIOFARAN USA,"Dec. 08, 2008","Biofaran U.S.A., Inc.",,
77099979,REQUEST_FAILED,,,,,
77100128,deadAbandoned,LANDWIND,"Jan. 22, 2008","Rijkeboer, Maurits Paul",,contact@euromedgroup.org
77100044,REQUEST_FAILED,,,,,
77100049,REQUEST_FAILED,,,,,
77100305,deadAbandoned,GRUBSCORE,"May 07, 2008",WHDC LLC,,kevnews@yahoo.com
77100330,deadAbandoned,COOLSAT,"Jun. 17, 2008",Michael Smith,,cccp_fta@yahoo.com
77100205,REQUEST_FAILED,,,,,
77100370,REQUEST_FAILED,,,,,
77100467,REQUEST_FAILED,,,,,
77100561,REQUEST_FAILED,,,,,
77100572,REQUEST_FAILED,,,,,
77100847,REQUEST_FAILED,,,,,
77101000,deadAbandoned,PERV,"Apr. 24, 2008",Perv,,justinyamanouchi@gmail.com
77100993,REQUEST_FAILED,,,,,
77101043,REQUEST_FAILED,,,,,
77101860,deadAbandoned,GRUBSTORE,"May 07, 2008",WHDC LLC,,kevnews@yahoo.com
77101652,REQUEST_FAILED,,,,,
77101730,REQUEST_FAILED,,,,,
77102094,deadAbandoned,FAITH OF A DANCER,"May 01, 2008","Carnevale, Marie",,ipfiles@yahoo.com
77102142,deadAbandoned,MOSAIC OUTDOOR CLUB,"Sep. 29, 2008","Mosaic Outdoor Clubs of America, Inc.",,mocaoffice@gmail.com
77102022,REQUEST_FAILED,,,,,
77102172,deadAbandoned,KXCO,"May 07, 2008",kx usa corporation,,hua@kxco.com
77102319,deadAbandoned,BROOKLYN BAKERY BOYS,"Oct. 27, 2008","FH Dresden Stollen Distribution Corporation, Inc.",,bcms@optonline.net
77102156,REQUEST_FAILED,,,,,
77102252,REQUEST_FAILED,,,,,
77102356,REQUEST_FAILED,,,,,
77102555,deadAbandoned,PRODRIVEN COMPETITION,"May 01, 2008","Riley, Jameson",,jameson@rileyracing.com
77102571,REQUEST_FAILED,,,,,
77102579,REQUEST_FAILED,,,,,
77102832,deadAbandoned,LUCO,"Sep. 14, 2008",LUCO HAIR AND SKIN INC.,,courtney@shopluco.com
77102725,REQUEST_FAILED,,,,,
77102839,REQUEST_FAILED,,,,,
77102963,REQUEST_FAILED,,,,,
77103219,deadAbandoned,LIVE LAUGH LOVE SHARE,"Aug. 06, 2008","DTMWTD, LLC",,wendy@privatedebtsolutions.com
77103067,REQUEST_FAILED,,,,,
77103207,REQUEST_FAILED,,,,,
77103516,deadAbandoned,LEVER 1,"Apr. 03, 2008","Bernstein, Andrew J.",,andrew_bernstein@yahoo.com
77103397,REQUEST_FAILED,,,,,
77103495,REQUEST_FAILED,,,,,
77103521,REQUEST_FAILED,,,,,
77103578,REQUEST_FAILED,,,,,
77103626,REQUEST_FAILED,,,,,
77103651,REQUEST_FAILED,,,,,
77103682,REQUEST_FAILED,,,,,
77103683,REQUEST_FAILED,,,,,
77103746,REQUEST_FAILED,,,,,
77103907,REQUEST_FAILED,,,,,
77104189,REQUEST_FAILED,,,,,
77104208,REQUEST_FAILED,,,,,
77104392,deadAbandoned,AGE OF STEAM,"Jul. 31, 2008","Wallace, Martin",,pfenlon@castlehillstudios.com
77104357,REQUEST_FAILED,,,,,
77104362,REQUEST_FAILED,,,,,
77104372,REQUEST_FAILED,,,,,
77104462,deadAbandoned,YOURTHANKYOU,"May 01, 2008","Fields, Larry E.",,
77104465,deadAbandoned,SEND YOUR THANK YOU TODAY,"May 01, 2008","Fields, Larry E.",,
77104476,deadAbandoned,TORPEDO GOLF WE SINK MORE PUTTS,"Mar. 25, 2008","Winey, Timothy R",,timothywiney@dsl.pipex.com
77104510,REQUEST_FAILED,,,,,
77104526,REQUEST_FAILED,,,,,
77104520,REQUEST_FAILED,,,,,
77104528,REQUEST_FAILED,,,,,
77104601,deadAbandoned,YOURTHANKINGPLACE,"Apr. 17, 2008","Fields, Larry E.",,
77104538,REQUEST_FAILED,,,,,
77104665,deadAbandoned,ELEVADED,"May 14, 2008","Papowear, LLC",,
77104557,REQUEST_FAILED,,,,,
77104599,REQUEST_FAILED,,,,,
77104632,REQUEST_FAILED,,,,,
77104967,deadAbandoned,SILENCER,"May 02, 2008",Jancic AG,,info@jancic.ch
77104890,REQUEST_FAILED,,,,,
77105175,deadAbandoned,SILVER SPIN,"May 07, 2008","Jurowiec, Piotr",,piotr.jurowiec@masterofbusiness.com
77105325,deadAbandoned,GRECO SYSTEMS,"Jul. 24, 2008","Greco, Vito T",,vitogreco@grecosystems.com
77105275,REQUEST_FAILED,,,,,
77105333,REQUEST_FAILED,,,,,
77105607,deadAbandoned,WEINER WRAP,"May 07, 2008",Criquette Susan Clark and Robert Alexander Clark,,crqt9@aol.com
77105437,REQUEST_FAILED,,,,,
77105611,deadAbandoned,AUTOMATED SHADE OF AMERICA,"Dec. 06, 2008",McClure Nancey,,nancey@automatedshade.com
77105659,deadAbandoned,E EVOLVE,"Jul. 08, 2008",JACKAR HOLDINGS PTY LIMITED,,philip@jackar.com
77105594,REQUEST_FAILED,,,,,
77105496,REQUEST_FAILED,,,,,
77105710,deadAbandoned,MOONRISE,"May 07, 2008","Haviland, Matthew R.",,mhav@optonline.net
77105629,REQUEST_FAILED,,,,,
77105958,deadAbandoned,NEW VICTORIAN INN,"Oct. 10, 2008","Patel, Darshit",,astagam@msn.com
77106097,deadAbandoned,TEACH MY FLIP THE LEARNING SWITCH,"Nov. 24, 2008",Christy Cook,,doug.langmuir@nbf.ca
77105953,REQUEST_FAILED,,,,,
77106008,REQUEST_FAILED,,,,,
77106129,deadAbandoned,None,"May 07, 2008","GiftBerry, Inc.",,dan@giftberry.com
77106117,REQUEST_FAILED,,,,,
77106560,deadAbandoned,WOW & ZEN,"Mar. 06, 2008","Seidel, Richard Joel",,wowandzen@aol.com
77106761,deadAbandoned,IRON ARMY,"Jul. 02, 2008",Iron Army LLC,,
77106548,REQUEST_FAILED,,,,,
77106807,REQUEST_FAILED,,,,,
77106861,deadAbandoned,"EXCEPTIONAL HOUSE CLEANING: ""OUR NAME SAYS IT. OUR SERVICE PROVES IT.""","May 01, 2008","Graham, Jonathan Andrew",,jgraham6@hotmail.com
77106857,deadAbandoned,"REELPANGAS.COM ""FOR THE REAL BLUE WATER HUNTERS""","May 07, 2008","Carson, Peter Tom",,petecarson@gmail.com
77106900,REQUEST_FAILED,,,,,
77106937,REQUEST_FAILED,,,,,
77107120,deadAbandoned,GOOD LUCK,"May 07, 2008",P.S.EXPORT CO. LLC.,,CSISTAN@AOL.COM
77107006,REQUEST_FAILED,,,,,
77107074,REQUEST_FAILED,,,,,
77107157,REQUEST_FAILED,,,,,
77107179,REQUEST_FAILED,,,,,
77107294,REQUEST_FAILED,,,,,
77107350,REQUEST_FAILED,,,,,
77107374,REQUEST_FAILED,,,,,
77107577,deadAbandoned,MOBILE WINGMAN,"Nov. 17, 2008",Hyphen-8 Inc,,
77107456,REQUEST_FAILED,,,,,
77107776,REQUEST_FAILED,,,,,
77107778,REQUEST_FAILED,,,,,
77107940,REQUEST_FAILED,,,,,
77107988,REQUEST_FAILED,,,,,
77108142,REQUEST_FAILED,,,,,
77108381,deadAbandoned,EUROPEAN CAFÉ,"Jul. 08, 2008","Coffee Roasters of Arizona, Inc.",,
77108585,deadAbandoned,NEENOR,"Jan. 15, 2008","BLANKSON, SAMUEL",,S_BLANKSON@HOTMAIL.COM
77108477,REQUEST_FAILED,,,,,
77108481,REQUEST_FAILED,,,,,
77108609,REQUEST_FAILED,,,,,
77108693,REQUEST_FAILED,,,,,
77108934,deadAbandoned,EM,"Jun. 05, 2008",Em Dash L.L.C.,,erin@emdashonline.com
77108795,REQUEST_FAILED,,,,,
77108821,REQUEST_FAILED,,,,,
77108860,REQUEST_FAILED,,,,,
77108984,deadAbandoned,SUBMIT-A-CODE,"Mar. 12, 2008","Direct Sites, Inc",,bryba@directsites.com
77108994,deadAbandoned,SHARE-A-CODE,"Mar. 12, 2008","Direct Sites, Inc",,bryba@directsites.com
77108947,REQUEST_FAILED,,,,,
77109047,deadAbandoned,CARDINAL UTILIZATION MANAGEMENT,"May 30, 2008","HBA-CES, Inc.",,cbuskirk@commercebenefitsgroup.com
77108956,REQUEST_FAILED,,,,,
77109033,REQUEST_FAILED,,,,,
77109083,REQUEST_FAILED,,,,,
77109342,REQUEST_FAILED,,,,,
77109397,deadAbandoned,MEETUONLINE,"Dec. 15, 2008",Gogo Technology Corporation Pte. Ltd.,,russell.gain@gmail.com
77109596,deadAbandoned,ANGELITO,"Jun. 02, 2008","Lee's General Toys, Inc.",,tmregistered@gmail.com
77109417,REQUEST_FAILED,,,,,
77109775,deadAbandoned,EQUITY CONSULTANTS INC.,"May 28, 2008","EQUITY CONSULTANTS, INC.",,G_GAGGIANO@EQUITYCONSULTANTS.BIZ
77109957,deadAbandoned,DIARY OF A TIRED BLACK MAN,"May 14, 2008","ALEXANDER, TIM",,GTUCKER@AMERICANDOCSINC.COM
77109897,REQUEST_FAILED,,,,,
77109914,REQUEST_FAILED,,,,,
77110085,deadAbandoned,GET FOUND. NOT FORGOTTEN.,"May 05, 2008",Garrant Consulting LLC,,info@garrantconsulting.com
77109950,REQUEST_FAILED,,,,,
77110121,deadAbandoned,I AM THE TEACHER,"Dec. 29, 2008","Agilix Labs, Inc.",,
77110168,deadAbandoned,KICKABOUT,"Dec. 22, 2008","Brown, Steven D.",,gliderjockey@hotmail.com
77110164,REQUEST_FAILED,,,,,
77110203,deadAbandoned,ROOPLY,"May 07, 2008","Garces, Hebert A",,garcest@bellsouth.net
77110176,REQUEST_FAILED,,,,,
77110177,REQUEST_FAILED,,,,,
77110222,REQUEST_FAILED,,,,,
77110230,REQUEST_FAILED,,,,,
77110236,REQUEST_FAILED,,,,,
77110238,REQUEST_FAILED,,,,,
77110377,deadAbandoned,PINGKING,"Apr. 28, 2008","Kriza, John A Jr.",,jkhomes22@hotmail.com
77110309,REQUEST_FAILED,,,,,
77110399,deadAbandoned,BOOZE BUDDY,"Dec. 08, 2008",Buddy Enterprises Pty Ltd,,
77110456,deadAbandoned,STICK 'N SHADE,"Dec. 08, 2008","Seidl, David",,cdg@seznam.cz
77110403,deadAbandoned,URBANMILES,"Jun. 06, 2008","GRONOW, MARC",,mvg@stopway.com
77110407,REQUEST_FAILED,,,,,
77110482,deadAbandoned,UNDERGROUND FIGHTWEAR,"Feb. 04, 2008",Ben Richards,,UNDERGROUNDFIGHTWEAR@YAHOO.COM
77110557,REQUEST_FAILED,,,,,
77110567,REQUEST_FAILED,,,,,
77110692,REQUEST_FAILED,,,,,
77110756,REQUEST_FAILED,,,,,
77110796,REQUEST_FAILED,,,,,
77110970,deadAbandoned,TUALA,"Feb. 16, 2008",Chananda Hutasangkas,,chananda_hutasangkas@yahoo.com
77110945,REQUEST_FAILED,,,,,
77110959,REQUEST_FAILED,,,,,
77110995,REQUEST_FAILED,,,,,
77111099,deadAbandoned,E-CLIPSE,"Dec. 29, 2008",Beverage Metrics Holding AG,,rmendez@beveragemetrics.com
77111051,REQUEST_FAILED,,,,,
77111131,REQUEST_FAILED,,,,,
77111347,deadAbandoned,SCARVEE,"May 07, 2008","Vitale, Joel",,
77111302,REQUEST_FAILED,,,,,
77111385,deadAbandoned,CYRTINA,"Mar. 13, 2008",Oratio B.V.,,jmvanderzel@wxs.nl
77111448,deadAbandoned,ARMED FORCES SUPPORT FOUNDATION,"Jul. 11, 2008","HQ Group, LLC",,amber@hqgroup.org
77111308,REQUEST_FAILED,,,,,
77111476,deadAbandoned,KEEPING THE PROMISE,"Jul. 11, 2008","HQ Group, LLC",,amber@hqgroup.org
77111558,deadAbandoned,COUPONCRAWLER,"Oct. 31, 2008","Direct Sites, Inc",,bryba@directsites.com
77111568,deadAbandoned,COUPONCODEFEEDER,"May 21, 2008","Direct Sites, Inc",,bryba@directsites.com
77111426,REQUEST_FAILED,,,,,
77111581,deadAbandoned,URBANMILES,"Jun. 06, 2008","GRONOW, MARC",,mvg@stopway.com
77111551,REQUEST_FAILED,,,,,
77111654,deadAbandoned,HUSKY BOY,"Jan. 18, 2008","VIVA LAGUNA, INC.",,advisor@4stewardship.com
77111697,REQUEST_FAILED,,,,,
77111713,REQUEST_FAILED,,,,,
77111740,REQUEST_FAILED,,,,,
77111923,deadAbandoned,VOUCH4YOU,"Jun. 05, 2008","Barclay, Christine",,christinebarclay@sbcglobal.net
77111741,REQUEST_FAILED,,,,,
77111870,REQUEST_FAILED,,,,,
77111971,REQUEST_FAILED,,,,,
77111973,REQUEST_FAILED,,,,,
77112038,REQUEST_FAILED,,,,,
77112090,deadAbandoned,None,"Oct. 23, 2008","Yee, Kenny",,
77112137,REQUEST_FAILED,,,,,
77112384,deadAbandoned,OVERSTOCK.COM - LIVE BETTER,"Dec. 08, 2008","Overstock.com, Inc.",,
77112504,deadAbandoned,ROADCD AUDIO GUIDES DRIVERS LISTEN WHILE YOU DRIVE,"Sep. 19, 2008","Gonzalez, Jose SalVador Lima",,
77112354,deadAbandoned,SPONTANEOUS TOURISM,"Jan. 17, 2008",CrystalOrb LLC,,james.samans@crystalorbllc.com
77112410,REQUEST_FAILED,,,,,
77112872,deadAbandoned,IMT,"May 07, 2008","IMT DESIGN, INC.",,ingetiemens@optonline.net
77112595,deadAbandoned,LIVING BETTER,"Jul. 30, 2008","Overstock.com, Inc.",,
77112651,REQUEST_FAILED,,,,,
77112896,REQUEST_FAILED,,,,,
77112946,REQUEST_FAILED,,,,,
77113064,deadAbandoned,KORPUS,"May 14, 2008",Canarys Automations Ltd.,,srihari.boregowda@ecanarys.com
77113091,deadAbandoned,MC COOL AL,"Jan. 21, 2008",Alford. Clarence,,ilike2chill@msn.com
77112968,REQUEST_FAILED,,,,,
77113175,deadAbandoned,REINHOLD DESIGN,"Jun. 05, 2008",Reinhold Schmid,,reinhold.schmid@sbcglobal.net
77113336,REQUEST_FAILED,,,,,
77113475,deadAbandoned,CARELIVE,"Aug. 22, 2008","BADGERNET, LLC",,mtlonnborg@hotmail.com
77113399,REQUEST_FAILED,,,,,
77113589,REQUEST_FAILED,,,,,
77113622,REQUEST_FAILED,,,,,
77113709,REQUEST_FAILED,,,,,
77113900,REQUEST_FAILED,,,,,
77113950,REQUEST_FAILED,,,,,
77114129,deadAbandoned,KG PUBLISHING,"Dec. 29, 2008",KG Publishing,,janedoe241@msn.com
77114049,deadAbandoned,TRITON,"Jun. 04, 2008","Triton Distribution Systems, Inc.",,
77114183,deadAbandoned,CHAPEL THRILL,"May 14, 2008","Jackson, Daniel Travis",,travjax@gmail.com
77114179,REQUEST_FAILED,,,,,
77114178,REQUEST_FAILED,,,,,
77114299,deadAbandoned,READY SHELTER,"Apr. 04, 2008",First Response Structures Corporation,,tiffany@frstructures.com
77114186,REQUEST_FAILED,,,,,
77114533,deadAbandoned,PENIS DIALOGUES,"Dec. 15, 2008","Van Duivenbode, Roy",,
77114301,REQUEST_FAILED,,,,,
77114607,deadAbandoned,ACCU AIR GASES & EQUIPMENT,"Oct. 09, 2008","Accurate-Air Gases & Equipment, L.P.",,
77114577,deadAbandoned,DUCT-WHIP,"May 29, 2008",PVT Co.,,sales@theductwhip.com
77114576,REQUEST_FAILED,,,,,
77114622,REQUEST_FAILED,,,,,
77114712,deadAbandoned,AMAZON GUARANÁ,"Jan. 03, 2008",AG Amazon Guarana Trading cc,,j.roodt@eco-strong.com
77115225,deadAbandoned,DOUGHTUBE,"Jun. 05, 2008",International Doughnut Plant LLC,,mark@doughnutplant.com
77115233,REQUEST_FAILED,,,,,
77115297,REQUEST_FAILED,,,,,
77115405,deadAbandoned,BIOCENTURY,"Sep. 16, 2008","Kruczyna, Roger",,info@kruczyna.de
77115351,REQUEST_FAILED,,,,,
77115364,REQUEST_FAILED,,,,,
77115515,deadAbandoned,YOURREPORTINGPLACE,"May 01, 2008","Fields, Larry E.",,
77115511,deadAbandoned,HEALTHING,"May 01, 2008","Fields, Larry E",,
77115516,deadAbandoned,WICKED JESTER,"Mar. 03, 2008","Tassart, Shane Noel",,
77115458,REQUEST_FAILED,,,,,
77115513,deadAbandoned,YOURHEALTHINGPLACE,"May 01, 2008","Fields, Larry E.",,
77115552,deadAbandoned,BABY MOON,"May 21, 2008","Luna, Victor D",,vdlunav@hotmail.com
77115570,deadAbandoned,CARRYNEWS,"Oct. 10, 2008",PilotFish GmbH,,michael@pilotfish.ch
77115517,REQUEST_FAILED,,,,,
77115580,REQUEST_FAILED,,,,,
77115636,deadAbandoned,CRITICAL ASSURANCE,"May 14, 2008","Kisser, Scott",,scott.kisser@gmail.com
77115648,deadAbandoned,GOBOBOGO.COM COOL CRAP FOR YOUR LITTLE POOPER,"May 21, 2008","Boothe, Charlotte",,charlotteclymer@hotmail.com
77115698,deadAbandoned,GIVING TREE,"Jun. 12, 2008","Nicholas, Clayton J.",,cnicholas_hbs04@yahoo.com
77115766,deadAbandoned,TOWER VISION RECORDS,"Jun. 19, 2008","Tower Vision Records, Inc.",,
77115658,REQUEST_FAILED,,,,,
77115734,deadAbandoned,WALKERMCGEORGE,"Jul. 02, 2008","Walker McGeorge, LLC",,
77115796,REQUEST_FAILED,,,,,
77115889,REQUEST_FAILED,,,,,
77116149,deadAbandoned,AZTECA AZUL,"Jun. 30, 2008",HERRERA ORENDAIN ELENA,,cramirez@uribeyasociados.com
77116037,deadAbandoned,TROOPS TO TRUCKERS,"Jan. 22, 2008","HQ Group, LLC",,amber@hqgroup.org
77116169,deadAbandoned,FRUIT BOWL,"Feb. 19, 2008","AFTERIMAGE, LLC",,
77115975,REQUEST_FAILED,,,,,
77116146,REQUEST_FAILED,,,,,
77116092,REQUEST_FAILED,,,,,
77116283,deadAbandoned,SEX BOMBS,"May 21, 2008","Booty Parlor, inc.",,charlie@bootyparlor.com
77116400,deadAbandoned,TESTBANKER.COM A+,"Nov. 10, 2008",Brett Heath,,brettlheath@sbcglobal.net
77116367,REQUEST_FAILED,,,,,
77116619,deadAbandoned,COLORLIFT,"May 14, 2008","Judith August, Inc.",,j-august@mindspring.com
77116439,REQUEST_FAILED,,,,,
77116563,deadAbandoned,ROCKTOPIA,"Dec. 15, 2008",Starworks Production Co. Ltd.,,
77116536,REQUEST_FAILED,,,,,
77116717,deadAbandoned,None,"Jul. 15, 2008","Wrightington, Brian",,pbrianwhat@aol.com
77116679,REQUEST_FAILED,,,,,
77116771,deadAbandoned,EMBERFLY,"May 21, 2008","Hickey, Joseph J",,rjaahickey@msn.com
77116763,deadAbandoned,GLACIAL,"Jul. 11, 2008","GLACIAL THERAPEUTICS, LLC",,sungwook@glacianova.com
77116922,REQUEST_FAILED,,,,,
77116972,REQUEST_FAILED,,,,,
77117391,deadAbandoned,DARTMOUTH,"Mar. 29, 2008","750 ML, LLC",,jcooper@domainedecanton.com
77117531,deadAbandoned,HELMLIT,"Dec. 22, 2008","Huss, Stephen J.",,
77117459,REQUEST_FAILED,,,,,
77117560,REQUEST_FAILED,,,,,
77117595,REQUEST_FAILED,,,,,
77117816,deadAbandoned,TIME CITY,"Oct. 27, 2008",ASIA COMMERCIAL CO LIMITED,,
77117770,REQUEST_FAILED,,,,,
77117887,deadAbandoned,HELLNO KITTY,"Jul. 07, 2008","Blanton, Gary John",,gary@hellnokitty.net
77117898,deadAbandoned,BRILLIANCE FOR ETERNITY,"Mar. 14, 2008",Royal Gem Co BVBA,,info@royalgem.com
77117855,REQUEST_FAILED,,,,,
77117868,REQUEST_FAILED,,,,,
77117941,REQUEST_FAILED,,,,,
77118019,REQUEST_FAILED,,,,,
77118345,REQUEST_FAILED,,,,,
77118816,deadAbandoned,CARIBBEAN MUSIC MUSEUM & HALL OF FAME,"Nov. 10, 2008","Rhea, Keith J.",,
77118829,deadAbandoned,CITY OF ZEN,"May 28, 2008","City of Zen, Inc.",,misha_huang@yahoo.com
77118411,REQUEST_FAILED,,,,,
77118588,REQUEST_FAILED,,,,,
77118937,REQUEST_FAILED,,,,,
77119011,REQUEST_FAILED,,,,,
77119097,REQUEST_FAILED,,,,,
77119105,REQUEST_FAILED,,,,,
77119217,deadAbandoned,THE THAWCET,"Jun. 05, 2008","DEGIDIO, CRAIG F.",,dunwoodymanager@yahoo.com
77119183,REQUEST_FAILED,,,,,
77119218,REQUEST_FAILED,,,,,
77119418,deadAbandoned,ART BUZZ,"May 21, 2008","Blue, Tony A.",,artbuzz@intergate.com
77119315,REQUEST_FAILED,,,,,
77119463,deadAbandoned,FORTEFI,"Aug. 21, 2008",Fortefi Corporation,,mcannard@fortefi.com
77120038,deadAbandoned,EZIPOP,"Jun. 20, 2008",EZIPOP Pty Limited,,sales@ezipop.com
77119823,REQUEST_FAILED,,,,,
77119740,REQUEST_FAILED,,,,,
77120115,REQUEST_FAILED,,,,,
77120210,REQUEST_FAILED,,,,,
77120278,REQUEST_FAILED,,,,,
77120302,REQUEST_FAILED,,,,,
77120402,deadAbandoned,ITUX REAL ESTATE INVESTMENTS,"Jan. 14, 2008","Iturbide, Francisco Xavier",,xavieriturbide@yahoo.com
77120305,REQUEST_FAILED,,,,,
77120399,REQUEST_FAILED,,,,,
77120500,REQUEST_FAILED,,,,,
77120466,REQUEST_FAILED,,,,,
77120602,REQUEST_FAILED,,,,,
77120645,REQUEST_FAILED,,,,,
77120757,REQUEST_FAILED,,,,,
77121490,deadAbandoned,ICANNTRAVEL.COM,"Apr. 16, 2008","Walker, Wanda C",,wwalker@icanntravel.com
77121534,deadAbandoned,DO JUST IT,"May 08, 2008",Do just IT Corp.,,Stefan@WillSolveIT.com
77121428,REQUEST_FAILED,,,,,
77121564,deadAbandoned,BLACK MARKET COLLECTION,"Jan. 07, 2008","Collective Executive Order, LLC",,ceouniversal@gmail.com
77121378,REQUEST_FAILED,,,,,
77121600,deadAbandoned,AWB,"Jul. 16, 2008",Accton Wireless Broadband Corporation,,
77121439,REQUEST_FAILED,,,,,
77121467,REQUEST_FAILED,,,,,
77121634,deadAbandoned,DOCUSCAN,"May 28, 2008","Acct1st Technology Group, LLC",,jgensch@acct1st.com
77121632,deadAbandoned,S'MORE TIME,"May 28, 2008",Lauren E. Alon,,laurenalon@gmail.com
77121643,deadAbandoned,"LIGHTER,DRYER,FASTER","May 09, 2008",vbx inc,,yali@fergosports.com
77121604,deadAbandoned,ANIMAL ARMY,"Sep. 18, 2008","Mac Donald, Henry James",,corerealm@yahoo.com
77121749,deadAbandoned,REAL AMERICANS SPEAK ENGLISH,"May 28, 2008","Woodard, Ronald",,woodardandrew1@hotmail.com
77121616,REQUEST_FAILED,,,,,
77121767,deadAbandoned,EXPOSE',"Mar. 20, 2008",Lewis Martinee,,lmartinee@aol.com
77121760,REQUEST_FAILED,,,,,
77121810,REQUEST_FAILED,,,,,
77121820,deadAbandoned,RANKANDTANK,"May 01, 2008","Fields, Larry E.",,
77121887,deadAbandoned,BABELGUM,"Aug. 04, 2008","SRIVASTAVA, KRISHNA",,ksintl@usa.net
77121889,deadAbandoned,SBTN · S P O R T S · BY THE NUMBERS,"Dec. 05, 2008","Maxwell, Marc CB",,oumaxwell@yahoo.com
77122253,REQUEST_FAILED,,,,,
77122259,REQUEST_FAILED,,,,,
77122482,deadAbandoned,DICE MAGAZINE,"Jun. 26, 2008",Matthew Davis,,matt@dicemagazine.com
77122713,REQUEST_FAILED,,,,,
77122845,deadAbandoned,FAKUTORY INKU,"Jun. 05, 2008","nishihama, hidemi",,jerrijuice@yahoo.com
77122848,deadAbandoned,FAKU YOU,"Jun. 05, 2008","nishihama, hidemi",,jerrijuice@yahoo.com
77122792,REQUEST_FAILED,,,,,
77122859,deadAbandoned,PODOTRACK,"Jun. 05, 2008",scott kantro,,skantro@mac.com
77122844,deadAbandoned,RUSTY RIVER,"May 07, 2008","Novotny, Stephen M",,rustyriverrocks@hotmail.com
77122823,REQUEST_FAILED,,,,,
77122830,REQUEST_FAILED,,,,,
77122873,deadAbandoned,AHF THE ARTS HIGH HALL OF FAME,"Jan. 03, 2008","Arts High Consortium, Inc.",,
77123221,deadAbandoned,THE WORLD'S BEST GINGER LIQUEUR,"Jun. 04, 2008","750 ML, LLC",,jcooper@domainedecanton.com
77123037,REQUEST_FAILED,,,,,
77123246,deadAbandoned,THE WORLD'S FIRST GINGER LIQUEUR,"Jun. 04, 2008","750 ML, LLC",,jcooper@domainedecanton.com
77123347,deadAbandoned,SOLIBRI,"Jan. 15, 2008","Solibri, Inc.",,
77123170,REQUEST_FAILED,,,,,
77123357,deadAbandoned,KWIK SUDS,"Oct. 27, 2008","Clayton, Keith",,
77123255,REQUEST_FAILED,,,,,
77123536,deadAbandoned,IN TOUCH WEBCAM,"Feb. 14, 2008",Cricket Productions Inc.,,
77123776,deadAbandoned,HOPE IS NOT A STRATEGY.,"Jul. 29, 2008",Avenue Associates,,karin@avenueassociates.com
77123498,deadAbandoned,MY SHRINK THINKS,"May 28, 2008",Alan Ofman,,
77123649,REQUEST_FAILED,,,,,
77123725,REQUEST_FAILED,,,,,
77123872,deadAbandoned,HD OUTTA GIT DAT CASH ENTERTAINMENT HOLLA DOLLA ENT. LLC,"Jul. 09, 2008","Holla Dolla Entertainment, LLC",,holla.dolla_ent@hotmail.com
77123855,REQUEST_FAILED,,,,,
77123906,REQUEST_FAILED,,,,,
77123965,REQUEST_FAILED,,,,,
77124137,deadAbandoned,TRISTA CONSULTING & INVESTMENTS,"Jun. 19, 2008",Trista Consulting & Investments,,Ashley@studio95design.com
77124214,deadAbandoned,NATIONWIDE INDUSTRIAL SUPPLY,"Jan. 15, 2008","Nationwide Industrial Supply, LLC",,nisops@yahoo.com
77124211,deadAbandoned,GEPPETTO,"Jul. 01, 2008",Rosenfeld Promotion Ltd,,ami@rpr.co.il
77124011,deadAbandoned,GEPPETTO,"Jan. 02, 2008",Hiper Rosenfeld Ltd,,ami@rpr.co.il
77124014,REQUEST_FAILED,,,,,
77124337,deadAbandoned,THE BUZZ BUS,"Feb. 17, 2008","Mezan, Eric",,info@art-process.com
77124340,deadAbandoned,ICONOGLAS,"Jan. 10, 2008","Gates, David A",,
77124336,REQUEST_FAILED,,,,,
77124426,deadAbandoned,BIO669,"May 28, 2008","Lord, Allan D",,alord@bio-germ.com
77124412,deadAbandoned,MY DEAR WOMAN,"Dec. 29, 2008","Schubert, Kathleen",,k_schubert@sbcglobal.net
77124522,deadAbandoned,LEAN IMPLEMENTATION SERVICES,"Aug. 05, 2008","Lean Implementation Services, Inc.",,
77124373,REQUEST_FAILED,,,,,
77124654,deadAbandoned,AGILITY REAL RETURN FUND,"Jun. 26, 2008",Perella Weinberg Partners LLC,,
77124554,deadAbandoned,AGILITY COMPREHENSIVE SOLUTION FUND,"Jun. 26, 2008",Perella Weinberg Partners LLC,,
77124711,REQUEST_FAILED,,,,,
77124721,deadAbandoned,OSHA TRAINING CAMP,"Nov. 20, 2008","Douglas Publications, LLC.",,lbublitz@douglaspublications.com
77125006,deadAbandoned,ELLEJET,"Feb. 22, 2008",Fabel Investments LLC,,bschusterman@ellejet.com
77124858,REQUEST_FAILED,,,,,
77124895,REQUEST_FAILED,,,,,
77124868,REQUEST_FAILED,,,,,
77125074,deadAbandoned,SHARKLOVE,"Jun. 05, 2008","Fry, Evan",,
77125120,REQUEST_FAILED,,,,,
77125160,REQUEST_FAILED,,,,,
77125184,REQUEST_FAILED,,,,,
77125432,deadAbandoned,CHAMPS,"Mar. 18, 2008","Foot Locker Retail, Inc.",,tbombata@footlocker.com
77125311,REQUEST_FAILED,,,,,
77125474,deadAbandoned,EFFICIENCY SERIES,"Nov. 17, 2008","Integrated Laboratory Automation Solutions, Inc.",,wneeleymd@lab-ilas.com
77125374,REQUEST_FAILED,,,,,
77125670,deadAbandoned,INTEGRATED LABORATORY AUTOMATION SOLUTIONS ILAS,"Jan. 08, 2008","Integrated Laboratory Automation Solutions, Inc.",,wneeleymd@lab-ilas.com
77125672,deadAbandoned,DANKSTER,"May 21, 2008",Taylor Ronald Dean,,danksterskateboards@yahoo.com
77125546,deadAbandoned,EMIGRANTE,"Jun. 12, 2008",RAFAEL ASCENCIO ORNELAS,,elsatl@infosel.net.mx
77125758,deadAbandoned,ZERKAP,"Jun. 05, 2008","Stadeli, Jay Aaron",,
77125628,REQUEST_FAILED,,,,,
77125652,REQUEST_FAILED,,,,,
77125673,REQUEST_FAILED,,,,,
77125709,REQUEST_FAILED,,,,,
77125865,REQUEST_FAILED,,,,,
77126057,REQUEST_FAILED,,,,,
77125935,REQUEST_FAILED,,,,,
77126299,deadAbandoned,PERFECT PUFFS,"Jul. 02, 2008",Cricket Productions Inc.,,
77126332,deadAbandoned,FEEL GOOD AGAIN,"Jun. 12, 2008",Urban Health Systems LLC,,chris.singleton@yahoo.com
77126290,REQUEST_FAILED,,,,,
77126325,deadAbandoned,DEBTFREETEES.COM YOU ARE WHAT YOU WEAR!,"Jul. 21, 2008","DebtFreeTees, Inc.",,memorieknox@aol.com
77126348,deadAbandoned,AUSSIE JOES,"Dec. 08, 2008",Imagination Holdings Pty Ltd,,sarah.wishart@imagination.com.au
77126461,deadAbandoned,THAI MULTI-CULTURAL FESTIVAL,"Jan. 07, 2008","THAI CULTURAL COUNCIL OF ARIZONA, USA",,jantraoswald@hotmail.com
77126510,deadAbandoned,WYSIWYGART TRAVEL,"Feb. 01, 2008","Mezan, Eric",,info@art-process.com
77126587,deadAbandoned,PHOTOVOLTAIC AT ITS BEST,"Jun. 05, 2008",GeckoLogic GmbH,,christian.koelsch@geckologic.com
77126364,REQUEST_FAILED,,,,,
77126594,deadAbandoned,THE POWER FROM ABOVE,"Jun. 05, 2008",GeckoLogic GmbH,,christian.koelsch@geckologic.com
77126365,REQUEST_FAILED,,,,,
77126483,REQUEST_FAILED,,,,,
77126938,deadAbandoned,GBUY,"May 02, 2008",Andrew D. Hertel,,drew@gshop.com
77126742,REQUEST_FAILED,,,,,
77126863,deadAbandoned,ECI EAST COAST INDOOR LLC,"Jan. 08, 2008","East Coast Indoor, LLC",,
77126848,REQUEST_FAILED,,,,,
77127203,deadAbandoned,BARDOU,"Jun. 05, 2008","750 ML, LLC",,jcooper@domainedecanton.com
77127223,deadAbandoned,None,"May 29, 2008","Cake Software Foundation, Inc",,
77127042,REQUEST_FAILED,,,,,
77127299,deadAbandoned,3RD EYE,"Oct. 08, 2008","Jones, Martin",,mjpromotionalinc@aol.com
77127274,REQUEST_FAILED,,,,,
77127301,REQUEST_FAILED,,,,,
77127429,REQUEST_FAILED,,,,,
77127435,REQUEST_FAILED,,,,,
77127591,deadAbandoned,B BZOO,"Jun. 05, 2008","theodore,bradley",,nybrad@hotmail.com
77127652,deadAbandoned,KOOSKI,"Aug. 26, 2008","DTMWTD, LLC",,wendy@privatedebtsolutions.com
77127634,deadAbandoned,DEMAND THEY PREPARE,"Jun. 05, 2008",DORSETSHIRE DRYSDALE PTY. LTD.,,dorsetshiredrysdale@hotmail.com
77127651,REQUEST_FAILED,,,,,
77127665,REQUEST_FAILED,,,,,
77127660,REQUEST_FAILED,,,,,
77127802,deadAbandoned,WALLDOW,"Aug. 11, 2008","Cornel, Lustig",,ilanit@patentim.com
77127787,REQUEST_FAILED,,,,,
77127759,REQUEST_FAILED,,,,,
77127918,deadAbandoned,TRUSS MAGAZINE,"Jun. 05, 2008","Truss Magazine, LLC",,
77127837,REQUEST_FAILED,,,,,
77127992,deadAbandoned,REALTY GROUP & TRUST,"Aug. 05, 2008","Musgrave, William",,
77127953,deadAbandoned,ESAM,"Jun. 05, 2008",Canarys Automations Ltd,,srihari.boregowda@ecanarys.com
77128250,deadAbandoned,CC CLUB CUSHIONS,"Dec. 22, 2008","Myrick , Tondalaya A",,clubcushions@gmail.com
77127940,deadAbandoned,HEALTHY HANDS,"Jun. 05, 2008","James, Jeanne C.",,jeannejames@usa.net
77128281,deadAbandoned,OPTIQ,"Jan. 01, 2008",IMCD Switzerland AG,,manuel.blunier@streuli.com
77128002,REQUEST_FAILED,,,,,
77128488,deadAbandoned,QUOTESAUCTION,"Apr. 04, 2008",ITSOL Inc,,max@itsolinc.us
77128498,deadAbandoned,WESTAFRIKANEXPRESS,"Jan. 09, 2008",Sean Cole,,ekundayo_007@yahoo.com
77128313,REQUEST_FAILED,,,,,
77128322,REQUEST_FAILED,,,,,
77128855,deadAbandoned,SDNOMAID,"Dec. 15, 2008",WHITE SANDS HAIR CARE INC.,,
77129180,deadAbandoned,DYNAMIC RECOVERY & WELLNESS,"Feb. 04, 2008","Senyk, Russell M.",,russellsenyk@hotmail.com
77128986,REQUEST_FAILED,,,,,
77129072,REQUEST_FAILED,,,,,
77129081,REQUEST_FAILED,,,,,
77129388,deadAbandoned,PRO-QUIP PROFESSIONAL EQUIPMENT,"Jul. 05, 2008",Karya Brothers Networks Inc,,yapb@kbnusa.com
77129377,REQUEST_FAILED,,,,,
77129478,deadAbandoned,1FOR2,"Jun. 12, 2008","Chapman, Mills Matthiessen",,mills_chapman@yahoo.com
77129693,deadAbandoned,STAYSAFE,"Jun. 12, 2008",THE ANDWIN CORPORATION,,davecohen@mac.com
77129460,REQUEST_FAILED,,,,,
77129622,deadAbandoned,STRIPPING OFF NEVER FELT SO GOOD,"Nov. 03, 2008",Chemcorp Pty Ltd.,,
77129598,REQUEST_FAILED,,,,,
77129677,REQUEST_FAILED,,,,,
77130022,REQUEST_FAILED,,,,,
77130204,deadAbandoned,K,"Jun. 16, 2008","Ridgird, Shawn R.",,SOULKUSHSOL@YAHOO.COM
77130049,REQUEST_FAILED,,,,,
77130197,REQUEST_FAILED,,,,,
77130235,REQUEST_FAILED,,,,,
77130359,REQUEST_FAILED,,,,,
77130396,REQUEST_FAILED,,,,,
77130373,REQUEST_FAILED,,,,,
77130388,REQUEST_FAILED,,,,,
77130640,REQUEST_FAILED,,,,,
77131080,deadAbandoned,JART,"Jun. 12, 2008",Galkin Dmitry S.,,gds@dxl.ru
77130682,REQUEST_FAILED,,,,,
77130706,REQUEST_FAILED,,,,,
77131126,deadAbandoned,BUZZ CLEAN TOTAL DETOX,"Aug. 16, 2008","Angio Biosciences, Inc",,angiobiosciences@gmail.com
77131116,REQUEST_FAILED,,,,,
77131323,deadAbandoned,VEST REPORT,"Aug. 26, 2008","Turgeon, David",,turgeondavid@yahoo.com
77131358,deadAbandoned,None,"Jan. 03, 2008","Kiskis, Kenny",,kennykiskis@rusticdecorating.com
77131194,REQUEST_FAILED,,,,,
77131353,REQUEST_FAILED,,,,,
77131423,deadAbandoned,AMAZOOGLE,"Jan. 04, 2008",Hoffman Hospitality LLC,,craig@hoffmanhospitality.com
77131364,REQUEST_FAILED,,,,,
77131391,REQUEST_FAILED,,,,,
77131396,REQUEST_FAILED,,,,,
77131471,deadAbandoned,KIDS & KABOODLE OR KIDS&KABOODLE AND QUALITY CLOTHING & GIFTS FOR CHILDREN,"Jan. 04, 2008",BEMAC Enterprises LLC DBA Kids&Kaboodle,,btm3258@sbcglobal.net
77131454,deadAbandoned,PRETTY WOMAN,"Jan. 12, 2008",Zhang Jinyu,,deliazhg@21cn.com
77131484,deadAbandoned,SH'N,"Jun. 12, 2008",Galkin Dmitry S.,,gds@dxl.ru
77131433,REQUEST_FAILED,,,,,
77131481,deadAbandoned,O'KUBY,"Jun. 12, 2008",Galkin Dmitry S.,,gds@dxl.ru
77131447,REQUEST_FAILED,,,,,
77131450,REQUEST_FAILED,,,,,
77131461,REQUEST_FAILED,,,,,
77131485,REQUEST_FAILED,,,,,
77131820,deadAbandoned,BIWIS,"Jun. 12, 2008","BIWIS EMOTIONS, S DE RL DE CV",,flores2803@yahoo.com
77131818,deadAbandoned,GALLERIA DI DAVIDONITE,"Jan. 03, 2008","Kenney, Jeremy M.",,
77131816,REQUEST_FAILED,,,,,
77131854,REQUEST_FAILED,,,,,
77131944,deadAbandoned,AVENUE ASSOCIATES,"Aug. 26, 2008",Avenue Associates,,karin@avenueassociates.com
77131918,REQUEST_FAILED,,,,,
77131925,REQUEST_FAILED,,,,,
77132016,REQUEST_FAILED,,,,,
77132186,deadAbandoned,T. MORGAN LONDON EYEWEAR,"Jan. 03, 2008","CR Eyewear International, Inc.",,info@creyewear.com
77132041,REQUEST_FAILED,,,,,
77132206,REQUEST_FAILED,,,,,
77132327,REQUEST_FAILED,,,,,
77132348,REQUEST_FAILED,,,,,
77132576,deadAbandoned,TONIX,"Aug. 06, 2008","California Custom Fruits and Flavors, Inc.",,
77132492,REQUEST_FAILED,,,,,
77132554,deadAbandoned,CHIVOOLLEH,"Jun. 05, 2008","barsotti, sean j",,sbarsotti@aol.com
77132618,deadAbandoned,DAZZLING JENNY NEW YORK,"Jan. 24, 2008",Tom Pei-Yen Drew,,service@jennysalon.com
77132555,REQUEST_FAILED,,,,,
77132631,deadAbandoned,MONTAGNA ROSSA,"Jun. 18, 2008","Vitis, LLC",,ash.paul@gmail.com
77132823,REQUEST_FAILED,,,,,
77132861,REQUEST_FAILED,,,,,
77133199,deadAbandoned,GROWBARS,"Jan. 03, 2008",Tom Meagher,,
77133177,deadAbandoned,LED-GROWBARS,"Jan. 03, 2008",Tom Meagher,,
77133037,REQUEST_FAILED,,,,,
77133598,REQUEST_FAILED,,,,,
77133605,REQUEST_FAILED,,,,,
77133770,deadAbandoned,INNERFORTUNE,"Jan. 23, 2008","Ribeiro, Karen E DBA Inner Fortune",,ribeirok@comcast.net
77133806,deadAbandoned,THAT'S BINGZY!,"Sep. 22, 2008","Bing Note, Inc.",,lrbizeebee@aol.com
77133752,REQUEST_FAILED,,,,,
77133759,REQUEST_FAILED,,,,,
77133929,deadAbandoned,VPANEL,"Aug. 28, 2008",VOIPO LLC,,td@voipo.com
77133866,deadAbandoned,VACUULIZER,"Jun. 19, 2008",Eric J. Duhon,,lv1_engineering@yahoo.com
77133906,deadAbandoned,GONDWANA,"Jan. 02, 2008",AUSTRALIAN NATIVE NUTS & CHOCOLATES PTY LTD.,,jchriste33@yahoo.com
77133881,REQUEST_FAILED,,,,,
77133943,deadAbandoned,None,"Sep. 22, 2008","Wong Chung Yu & Associates, Inc.",,tmregistered@gmail.com
77133983,deadAbandoned,11 MONTH MORTGAGE,"Jan. 10, 2008","Oakridge Funding, Inc.",,
77133947,REQUEST_FAILED,,,,,
77134114,deadAbandoned,RUNNIN' WILD,"May 01, 2008",Vitaquest International LLC,,syagoda@vitaquest.com
77134136,deadAbandoned,"US POWER, INC. SERVICE EXCELLENCE THROUGH EXPERIENCE","Feb. 12, 2008","US Power, Inc.",,dpfahlert@uspowerinc.com
77134160,deadAbandoned,SALON ADONAI,"Jul. 16, 2008","Salon Adonai, Inc.",,
77134075,REQUEST_FAILED,,,,,
77134079,REQUEST_FAILED,,,,,
77134154,REQUEST_FAILED,,,,,
77134289,deadAbandoned,PLEASETELLONME.COM,"Mar. 20, 2008","Algerio, Juliann",,
77134199,REQUEST_FAILED,,,,,
77134307,deadAbandoned,RIZZO'S CASA DI ITALIA RESTAURANT,"Dec. 26, 2008","Rizzo's Casa Di Italia, Inc.",,
77134210,REQUEST_FAILED,,,,,
77134219,REQUEST_FAILED,,,,,
77134252,REQUEST_FAILED,,,,,
77134348,deadAbandoned,HEALIX,"Aug. 22, 2008",Healix Health Products LLC,,
77134356,REQUEST_FAILED,,,,,
77134447,deadAbandoned,JAMMIN' JR.,"Jan. 04, 2008",Thomas Cangemi,,go2tommy@aol.com
77134573,deadAbandoned,YOURSTORE,"Jan. 04, 2008","yourStore, LLC",,corp@yourstore.com
77134514,REQUEST_FAILED,,,,,
77134575,REQUEST_FAILED,,,,,
77134718,REQUEST_FAILED,,,,,
77134729,REQUEST_FAILED,,,,,
77134810,REQUEST_FAILED,,,,,
77134806,REQUEST_FAILED,,,,,
77134840,REQUEST_FAILED,,,,,
77134950,deadAbandoned,DESKTOP QUIZ,"Jun. 27, 2008",Imagination Holdings Pty Ltd,,hostmaster@imagination.com.au
77134882,REQUEST_FAILED,,,,,
77134958,deadAbandoned,YOU NOMINATE,"Jul. 25, 2008",DN Leasing LLC,,flashyvoter@yahoo.com
77134968,deadAbandoned,BOWJO,"Oct. 23, 2008","Bars, Daniel William",,Barsy@charter.net
77135155,deadAbandoned,FIRST RESPONSE STRUCTURES,"Oct. 30, 2008",First Response Structures,,tiffany@frstructures.com
77134980,REQUEST_FAILED,,,,,
77135186,deadAbandoned,LOCATEWHATEVER,"Dec. 08, 2008",LocateWhatever,,parvey07@aol.com
77135232,REQUEST_FAILED,,,,,
77135406,deadAbandoned,CAPISTRANO,"Jan. 25, 2008","EMPACADORA CELAYA, S.A. DE C.V.",,cthomae@jcva.com.mx
77135284,REQUEST_FAILED,,,,,
77135478,deadAbandoned,WEB-SALON,"Jun. 19, 2008","Cheaure, Patricia A.",,fourcancer@aol.com
77135399,deadAbandoned,LOS CAZADORES DE GUERRERO,"Jan. 08, 2008","Santos, Marvel L.",,
77135430,REQUEST_FAILED,,,,,
77135535,deadAbandoned,ACBN AMERICAN CAPITAL BROKER NETWORK,"Jan. 08, 2008","AKT American Capital, Inc.",,adamthomas@earthlink.net
77135490,REQUEST_FAILED,,,,,
77135506,REQUEST_FAILED,,,,,
77135742,deadAbandoned,FEEL LIKE A BIG FISH,"Jan. 08, 2008","AKT American Capital, Inc.",,adamthomas@earthlink.net
77135576,REQUEST_FAILED,,,,,
77135636,REQUEST_FAILED,,,,,
77135635,REQUEST_FAILED,,,,,
77135722,REQUEST_FAILED,,,,,
77135792,deadAbandoned,SOFTLASE PRO,"Jan. 02, 2008","Zap Lasers, LLC",,rduysen@zaplasers.com
77135765,REQUEST_FAILED,,,,,
77135774,REQUEST_FAILED,,,,,
77135833,deadAbandoned,FLEXABLE REAL ESTATE SOLUTIONS,"Jul. 09, 2008",Maria Lo Bianco,,
77135775,REQUEST_FAILED,,,,,
77135902,REQUEST_FAILED,,,,,
77136059,REQUEST_FAILED,,,,,
77136086,deadAbandoned,R U FIT IMPROVING PHYSICAL HEALTH & MENTAL WELL-BEING,"Jan. 14, 2008","R U Fit, LLC",,
77136076,REQUEST_FAILED,,,,,
77136117,deadAbandoned,BLADDER EXPANSION EXERCISE,"Jan. 08, 2008",Justin Mandel,,qpuncturist@yahoo.com
77136093,REQUEST_FAILED,,,,,
77136159,deadAbandoned,MY LOAN VACATION!,"Jan. 07, 2008",Bank Card Services Trust,,
77136125,REQUEST_FAILED,,,,,
77136140,REQUEST_FAILED,,,,,
77136339,deadAbandoned,CONTENT CR REPUBLIC,"Jan. 04, 2008",Content Republic,,michel@contentrepublic.com
77136164,REQUEST_FAILED,,,,,
77136212,REQUEST_FAILED,,,,,
77136247,deadAbandoned,PASTA FAST,"Jan. 08, 2008","Sindona, Michele C",,mikesindona@hotmail.com
77136269,REQUEST_FAILED,,,,,
77136476,deadAbandoned,HAVE GUN WILL TRAVEL,"Jun. 12, 2008","Longo, Nicholas",,nick@havegun.com
77136498,deadAbandoned,THEMERIDIUSGROUP,"Jan. 01, 2008","The Meridius Group, LLC",,kori@themeridiusgroup.com
77136495,REQUEST_FAILED,,,,,
77136493,REQUEST_FAILED,,,,,
77136530,deadAbandoned,PASTA FAST,"Jan. 16, 2008",Michele C Sindona,,mikesindona@hotmail.com
77137036,deadAbandoned,CITO MEXICAN SPIRIT,"Jan. 08, 2008","SMITH, CHRIS",,chrissmithis@ntlworld.com
77136869,REQUEST_FAILED,,,,,
77137095,deadAbandoned,ISO COOL VODKA 0°,"Jan. 08, 2008","SMITH,CHRIS",,chrissmithis@ntlworld.com
77137116,deadAbandoned,SLIQUID,"Jun. 12, 2008",Innovative Art,,jgrantz@innovativeart.com
77137017,REQUEST_FAILED,,,,,
77137056,REQUEST_FAILED,,,,,
77137100,REQUEST_FAILED,,,,,
77137130,REQUEST_FAILED,,,,,
77137187,deadAbandoned,RENT-A-WIFE-FOR-SINGLE-MEN,"Jun. 12, 2008","Schrum, Joseph",,jas.construction@yahoo.com
77137133,REQUEST_FAILED,,,,,
77137224,deadAbandoned,KORA'S KLOSET CHILDREN'S BOUTIQUE,"Jan. 10, 2008","Dodson, Kinsey June",,kinsey@koraskloset.com
77137227,deadAbandoned,DENSESOFT,"Jun. 12, 2008","Le, Tuan",,tuantle@msn.com
77137168,REQUEST_FAILED,,,,,
77137225,REQUEST_FAILED,,,,,
77137242,REQUEST_FAILED,,,,,
77137271,REQUEST_FAILED,,,,,
77137282,deadAbandoned,AVENCAST,"Jun. 08, 2008",ClockStone Softwareentwicklung GmbH,,office@clockstone.com
77137236,REQUEST_FAILED,,,,,
77137491,REQUEST_FAILED,,,,,
77137587,deadAbandoned,ALOTTA COTTON,"Jan. 03, 2008","Alotta Cotton, LLC",,
77137572,REQUEST_FAILED,,,,,
77137652,deadAbandoned,PLANNING FOR YOUR DREAMS,"Jun. 30, 2008","Pence Wealth Management, Incorporated",,boxip@hoganlovells.com
77137677,deadAbandoned,LUXURY OF THE MONTH CLUB,"Jan. 07, 2008","Avendano, Claudio A.",,
77137678,REQUEST_FAILED,,,,,
77137833,REQUEST_FAILED,,,,,
77137835,REQUEST_FAILED,,,,,
77137840,REQUEST_FAILED,,,,,
77137920,deadAbandoned,THE SOUTH BUTT,"Jun. 12, 2008","The South Butt, LLC",,jim@longrow.com
77137990,deadAbandoned,TORITO ¡ESTE TACO SI ME GUSTA!,"Jan. 14, 2008",Delgado Martin,,admin@toritotaco.com
77137902,REQUEST_FAILED,,,,,
77138062,deadAbandoned,EAST COAST WHITETAILS,"Jan. 03, 2008","Lenox, John, D",,arrowflinger80@yahoo.com
77138079,deadAbandoned,"I AM HIP-HOP, I AM HEALTH","Jun. 26, 2008","Flowers, Ross, A.",,rflowers@h2hcommunications.com
77137951,REQUEST_FAILED,,,,,
77138065,REQUEST_FAILED,,,,,
77138097,REQUEST_FAILED,,,,,
77138189,deadAbandoned,BRAZILIAN BIER LOKAL,"Jan. 10, 2008",CERVEJARIA TERESOPOLIS LTDA,,wstonesllc@hotmail.com
77138167,deadAbandoned,CUSTOMERPODIUM,"Jan. 13, 2008","Customer Podium, LLC",,tmagee@customerpodium.com
77138200,REQUEST_FAILED,,,,,
77138231,deadAbandoned,URBURBIA,"Jun. 12, 2008","Huddleston, Kyla M",,kylahuddleston@comcast.net
77138193,REQUEST_FAILED,,,,,
77138224,REQUEST_FAILED,,,,,
77138233,REQUEST_FAILED,,,,,
77138341,deadAbandoned,I LOVE ME INC. LOVE IS THE KEY TO LIFE.,"Feb. 19, 2008",I Love Me Inc.,,
77138274,REQUEST_FAILED,,,,,
77138335,deadAbandoned,GENETIC POTENTIAL,"Mar. 01, 2008",Genetic Potential Inc.,,
77138345,deadAbandoned,SLEEP WELL LIVE BETTER,"Jan. 03, 2008","Sunwest Sleep Center, PA",,
77138357,deadAbandoned,FI,"Jul. 03, 2008",Jordan Renick,,
77138320,REQUEST_FAILED,,,,,
77138353,deadAbandoned,CLOSE SMOOTHER WITH SHAFFER,"Mar. 28, 2008","Shaffer Title and Escrow, Inc.",,
77138355,REQUEST_FAILED,,,,,
77138356,REQUEST_FAILED,,,,,
77138367,REQUEST_FAILED,,,,,
77138435,deadAbandoned,BOZANG.COM,"Jun. 19, 2008","Skollar, Greg",,
77138411,deadAbandoned,ANALI EXQUISITE NEEDLEWORK,"Jan. 24, 2008","Anali, Inc.",,
77138387,REQUEST_FAILED,,,,,
77138395,REQUEST_FAILED,,,,,
77138444,REQUEST_FAILED,,,,,
77138490,REQUEST_FAILED,,,,,
77138619,deadAbandoned,AYSANA,"Jan. 07, 2008",Sole'S Turn Distribution LTD,,turnshoes@aol.com
77138626,deadAbandoned,DERMIS PURE,"Dec. 08, 2008","Biofaran U.S.A., Inc.",,
77138630,deadAbandoned,ROOFMD,"Jun. 19, 2008",Arteson Enterprises Inc.,,artesonenterprises@yahoo.com
77138659,deadAbandoned,BIOFARANUSA.COM,"Dec. 08, 2008","Biofaran U.S.A., Inc.",,
77138586,REQUEST_FAILED,,,,,
77138532,REQUEST_FAILED,,,,,
77138674,deadAbandoned,DERMISPURE.COM,"Dec. 08, 2008","Biofaran U.S.A., Inc.",,
77138650,REQUEST_FAILED,,,,,
77138749,deadAbandoned,A SCENT-SENSATIONAL EXPERIENCE,"Jan. 04, 2008",Divino Fragrances LLC,,brandon@divinofragrances.com
77138681,REQUEST_FAILED,,,,,
77138787,deadAbandoned,COLLEGE STRATEGIES LLC,"Mar. 28, 2008",College Strategies LLC,,mystrategycoach@aol.com
77138815,deadAbandoned,ASPHALT RR,"Jul. 30, 2008","Hochgraber, Brian",,e_brianh@yahoo.com
77138851,REQUEST_FAILED,,,,,
77138907,deadAbandoned,SECURITY OPENING SOLUTIONS,"Jun. 19, 2008","DOOR CONTROLS USA, INC",,dgilchrist@doorcontrolservices.com
77138931,deadAbandoned,CELEBRITY CATWALK,"Jan. 08, 2008","Bartok, Jennifer M",,jen19082001@yahoo.com
77138877,REQUEST_FAILED,,,,,
77138895,REQUEST_FAILED,,,,,
77139074,REQUEST_FAILED,,,,,
77139147,deadAbandoned,MAGIC DUSTER,"Jan. 14, 2008",Telebrands Corporation,,pdmurray@cooperdunham.com
77139160,REQUEST_FAILED,,,,,
77139383,deadAbandoned,FASTLIGHT,"Jun. 12, 2008","Forsell, Erik",,erik_forsell@yahoo.com
77139425,deadAbandoned,None,"Mar. 17, 2008",Reginald Williams,,jrogers1119@aol.com
77139344,REQUEST_FAILED,,,,,
77139408,REQUEST_FAILED,,,,,
77139491,deadAbandoned,RECORDCUP,"Apr. 04, 2008",Recordcup Inc.,,mclee@recordcup.com
77139435,REQUEST_FAILED,,,,,
77139449,REQUEST_FAILED,,,,,
77139511,REQUEST_FAILED,,,,,
77139551,REQUEST_FAILED,,,,,
77139578,REQUEST_FAILED,,,,,
77139624,deadAbandoned,INVOICEVISTA,"Jan. 15, 2008",Media Softlab FZE,,mslshj@eim.ae
77139646,deadAbandoned,WORKING ON IT,"Jan. 10, 2008",Candia Bruce Pty Ltd,,candiabruce@workingonit.com.au
77139670,deadAbandoned,SKULL KRACK TUFFWEAR TAP OR DIE...,"Jan. 07, 2008","Doyle, Scott M.",,scottmdoyle@yahoo.com
77139644,REQUEST_FAILED,,,,,
77139690,REQUEST_FAILED,,,,,
77139711,REQUEST_FAILED,,,,,
77139718,REQUEST_FAILED,,,,,
77139757,deadAbandoned,DOGEVITY,"Jun. 19, 2008","Vieceli, Mark J",,mmviec@aol.com
77139740,REQUEST_FAILED,,,,,
77139778,deadAbandoned,COFFEE BREAK,"Jun. 05, 2008","ADRENALIN GAMING, LLC.",,SCOTT@ADRENALINGAMING.COM
77139785,deadAbandoned,EDGE FUND,"Jan. 12, 2008",EDGE Labs LLc,,aknight@edgelabs.net
77139764,deadAbandoned,DSTI,"Feb. 22, 2008",Santrum Networks Inc.,,jeremy@santrum.com
77139774,REQUEST_FAILED,,,,,
77139814,deadAbandoned,CARDOL,"Jan. 14, 2008",VeryWise Nutrition Limited,,nkcrawford@aol.com
77139791,REQUEST_FAILED,,,,,
77139805,REQUEST_FAILED,,,,,
77139835,deadAbandoned,OMAURA,"Jan. 10, 2008",MOINECOURT OLIVIER P,,olivier@moinecourt.com
77139817,REQUEST_FAILED,,,,,
77139872,REQUEST_FAILED,,,,,
77139881,REQUEST_FAILED,,,,,
77139898,REQUEST_FAILED,,,,,
77140018,REQUEST_FAILED,,,,,
77140060,REQUEST_FAILED,,,,,
77140127,deadAbandoned,TAILORED TRANSITIONS,"Jan. 11, 2008","Tailored Transitions, LLC",,
77140174,deadAbandoned,PREFERRED LEGAL BENEFITS,"Jan. 12, 2008","Bourlakas, Peter N 3",,bourlakas@mac.com
77140104,REQUEST_FAILED,,,,,
77140193,deadAbandoned,GREEN GIRL GUIDE,"Jul. 22, 2008","Sarnoff, Rachel Lincon",,jaldort@clausen.com
77140239,deadAbandoned,FREESURFWAX.COM,"Jan. 16, 2008","Core Market Research, Inc.",,bo@coremarketresearch.com
77140181,REQUEST_FAILED,,,,,
77140214,REQUEST_FAILED,,,,,
77140209,REQUEST_FAILED,,,,,
77140262,REQUEST_FAILED,,,,,
77140404,deadAbandoned,J.E. COLLECTION,"Jan. 07, 2008","Chin, Steve",,
77140337,REQUEST_FAILED,,,,,
77140356,REQUEST_FAILED,,,,,
77140415,REQUEST_FAILED,,,,,
77140485,REQUEST_FAILED,,,,,
77140490,REQUEST_FAILED,,,,,
77140570,REQUEST_FAILED,,,,,
77140612,deadAbandoned,KMS+ (KMS PLUS),"May 06, 2008","Cazalet, Jean",,jean@psa-us.com
77140613,REQUEST_FAILED,,,,,
77140638,REQUEST_FAILED,,,,,
77140669,REQUEST_FAILED,,,,,
77140671,REQUEST_FAILED,,,,,
77140795,deadAbandoned,PRINTINZONE,"Jan. 07, 2008",Elique Group Inc.,,advanceevolve@aol.com
77140741,REQUEST_FAILED,,,,,
77140806,REQUEST_FAILED,,,,,
77140870,REQUEST_FAILED,,,,,
77140919,deadAbandoned,SWEETZ ACCENTS,"Jan. 11, 2008","Chao, Yaohai",,yaohai98@yahoo.com
77140953,deadAbandoned,MU-STIK,"Jun. 26, 2008",Eric A. Ceret,,eric@sonicvogue.com
77140911,REQUEST_FAILED,,,,,
77140964,deadAbandoned,DREAM ANGELS,"Jan. 14, 2008",Telebrands Corporation,,pdmurray@cooperdunham.com
77140923,REQUEST_FAILED,,,,,
77140989,REQUEST_FAILED,,,,,
77141047,REQUEST_FAILED,,,,,
77141209,REQUEST_FAILED,,,,,
77141222,REQUEST_FAILED,,,,,
77141278,REQUEST_FAILED,,,,,
77141326,REQUEST_FAILED,,,,,
77141329,REQUEST_FAILED,,,,,
77141429,deadAbandoned,MODEL 2011,"Jan. 10, 2008",American Firearms Company,,Mike@AmericanFirearmsCompany.com
77141474,REQUEST_FAILED,,,,,
77141552,deadAbandoned,PREMIUM NUTRITION,"Jan. 17, 2008",American Sports Nutrition Inc,,nmorrone@yahoo.com
77141494,REQUEST_FAILED,,,,,
77141613,deadAbandoned,AMERICAN SPORTS NUTRITION INC,"Jan. 10, 2008",American Sports Nutition Inc,,nicole@americanwhey.com
77141644,deadAbandoned,LOOK BEFORE YOU BOOK,"Jan. 14, 2008",VideoGlobetrotter Inc.,,info@videoglobetrotter.com
77141560,REQUEST_FAILED,,,,,
77141602,REQUEST_FAILED,,,,,
77141683,REQUEST_FAILED,,,,,
77141756,REQUEST_FAILED,,,,,
77141884,deadAbandoned,FANTASY LATINA,"Jan. 14, 2008",Net Transactions Limited,,
77141796,REQUEST_FAILED,,,,,
77141901,deadAbandoned,VOYEUR GALS,"Jan. 14, 2008",Net Transactions Limited,,
77141839,REQUEST_FAILED,,,,,
77141890,REQUEST_FAILED,,,,,
77141952,deadAbandoned,VELLACCIO,"Jan. 11, 2008",NITY MARY,,
77141936,REQUEST_FAILED,,,,,
77141954,deadAbandoned,SVEGLIATI!,"Jun. 19, 2008",Delish Foods International,,
77141961,deadAbandoned,REGGAE ROBIX,"Jan. 10, 2008","S.F. TREND, INC.",,
77141942,REQUEST_FAILED,,,,,
77141946,REQUEST_FAILED,,,,,
77141995,REQUEST_FAILED,,,,,
77142030,REQUEST_FAILED,,,,,
77142057,deadAbandoned,OMNIFUSE,"Jun. 26, 2008",Omnifuse Inc.,,rudy@omnifuse.com
77142019,REQUEST_FAILED,,,,,
77142092,deadAbandoned,TITAN VAULT,"Nov. 06, 2008",Titan Security Products Inc.,,miresmaili@yahoo.com
77142042,REQUEST_FAILED,,,,,
77142094,REQUEST_FAILED,,,,,
77142095,REQUEST_FAILED,,,,,
77142137,deadAbandoned,HIGH ALTITUDE,"Jun. 20, 2008",Vascular Health,,fdicicco@ungerer.org
77142152,deadAbandoned,DDI INTERNATIONAL DIAMOND DOMANI,"Jan. 22, 2008","Diamond Domani International, Inc.",,
77142284,deadAbandoned,LOCALBUILDER.COM,"Jun. 26, 2008","Halper, Frank",,fjhjr1234@aol.com
77142270,deadAbandoned,XXX SUPERSIZE,"Jan. 14, 2008",Net Transactions Limited,,
77142346,deadAbandoned,ASIAN PARADE,"Jan. 14, 2008",Net Transactions Limited,,
77142243,REQUEST_FAILED,,,,,
77142277,REQUEST_FAILED,,,,,
77142332,REQUEST_FAILED,,,,,
77142431,REQUEST_FAILED,,,,,
77142441,REQUEST_FAILED,,,,,
77142468,REQUEST_FAILED,,,,,
77142534,deadAbandoned,ADULTCAMS,"Jan. 17, 2008","Net Transaction, AVV",,
77142491,REQUEST_FAILED,,,,,
77142499,REQUEST_FAILED,,,,,
77142610,deadAbandoned,ITEENS,"Jan. 17, 2008","Net Transaction, AVV",,
77142581,deadAbandoned,GAYHENTAIXXX,"Jan. 17, 2008","Net Transaction, AVV",,
77142637,deadAbandoned,DREAM PETS,"Jan. 15, 2008",Telebrands Corporation,,pdmurray@cooperdunham.com
77142641,deadAbandoned,GAY VIDEOS XXX,"Jan. 17, 2008","Net Transaction, AVV",,
77142570,REQUEST_FAILED,,,,,
77142677,deadAbandoned,GAYASIANXXX,"Jan. 17, 2008","Net Transaction, AVV",,
77142701,deadAbandoned,SEEASIANS,"Jan. 17, 2008","Net Transaction, AVV",,
77142763,REQUEST_FAILED,,,,,
77142767,REQUEST_FAILED,,,,,
77142897,deadAbandoned,NANO-LEAN,"May 01, 2008",Vitaquest International LLC,,syagoda@vitaquest.com
77142823,REQUEST_FAILED,,,,,
77142991,deadAbandoned,OMNIFUSE FUSION,"Jun. 26, 2008",Omnifuse Inc.,,rudy@omnifuse.com
77142913,REQUEST_FAILED,,,,,
77142972,REQUEST_FAILED,,,,,
77143068,REQUEST_FAILED,,,,,
77143144,REQUEST_FAILED,,,,,
77143151,REQUEST_FAILED,,,,,
77143237,deadAbandoned,CHEENGOO,"Oct. 31, 2008",Elizabeth Paik,,liz@cheengoo.com
77143198,REQUEST_FAILED,,,,,
77143246,REQUEST_FAILED,,,,,
77143272,deadAbandoned,GOT VINYL?,"Jan. 15, 2008",Madteez Inc.,,chi70@sbcglobal.net
77143252,REQUEST_FAILED,,,,,
77143282,deadAbandoned,GENSEQ,"Jun. 19, 2008","Sireau, Jean-Yves",,jy@my.regentmarkets.com
77143268,REQUEST_FAILED,,,,,
77143288,deadAbandoned,CARTIGEL,"Jun. 26, 2008",David Myung,,djmyung@stanford.edu
77143301,deadAbandoned,REALITY IN PRECISION,"Jun. 26, 2008","Zipplies, Robert E. Dr.",,zipplies.dr.robert@freenet.de
77143276,REQUEST_FAILED,,,,,
77143291,REQUEST_FAILED,,,,,
77143350,deadAbandoned,ROCKY MOUNTAIN PUBLIC MEDIA,"Jan. 22, 2008","Rocky Mountain PBS, Inc.",,
77143341,deadAbandoned,A COMFORTABLE SEATBELT IS A SAFE SEATBELT,"Jan. 21, 2008","Comfortable Seatbelt Clip, LLC",,
77143353,deadAbandoned,COLORADO PUBLIC MEDIA,"Jan. 15, 2008","Rocky Mountain PBS, Inc.",,
77143338,deadAbandoned,COMFORTABLE SEATBELT CLIP,"Jan. 21, 2008","Comfortable Seatbelt Clip, LLC",,
77143308,REQUEST_FAILED,,,,,
77143356,deadAbandoned,WE BUY YUCKY HOUSES,"Jun. 19, 2008","Flanagan Properties, Inc.",,
77143360,deadAbandoned,WE BUY YUCKY HOMES,"Jun. 19, 2008","Flanagan Properties, Inc.",,
77143354,REQUEST_FAILED,,,,,
77143355,REQUEST_FAILED,,,,,
77143361,REQUEST_FAILED,,,,,
77143388,deadAbandoned,WAVELOCK,"Jan. 21, 2008","WaveLock, LLC",,
77143575,deadAbandoned,B ATHLETIC,"Jul. 16, 2008","Yarash Enterprises, LLC",,
77143539,REQUEST_FAILED,,,,,
77143668,deadAbandoned,GILT INDUSTRIES,"May 21, 2008","Martzolff, Kevin",,inventuredesign@yahoo.com
77143657,deadAbandoned,COUPONLOOKER,"Jun. 11, 2008","Judy's Book, inc",,info@judysbookteam.com
77143701,deadAbandoned,SPACE LAS VEGAS,"Jul. 09, 2008","ND Rights, LLC",,
77143646,deadAbandoned,SPACE LAS VEGAS,"Nov. 17, 2008","ND Rights, LLC",,
77143604,REQUEST_FAILED,,,,,
77143717,deadAbandoned,INTEGREEN,"Feb. 22, 2008","Inteplast Group, Ltd.",,ywang@inteplast.com
77143756,deadAbandoned,SPACELASVEGAS,"Jul. 09, 2008","ND Rights, LLC",,
77143735,REQUEST_FAILED,,,,,
77143745,REQUEST_FAILED,,,,,
77143845,deadAbandoned,UBIDAYS,"Dec. 08, 2008",Ubisoft Inc.,,stephanie.maillot@ubisoft.com
77143841,deadAbandoned,PENINA,"Jan. 25, 2008","Mouhadeb, Elie",,acacia1818@aol.com
77143888,deadAbandoned,WORNOUTSHOES,"Oct. 17, 2008","Clark, Jason P.",,jason@wornoutshoes.com
77143776,REQUEST_FAILED,,,,,
77143829,REQUEST_FAILED,,,,,
77144060,deadAbandoned,THESPACELASVEGAS,"Aug. 30, 2008","ND Rights, LLC",,
77143960,deadAbandoned,THE SPACE LAS VEGAS,"Jul. 09, 2008","ND Rights, LLC",,
77144061,deadAbandoned,MOO LA LA,"Jan. 14, 2008","Dairy Management, Incorporated",,sdunn@g2.com
77143918,REQUEST_FAILED,,,,,
77144059,REQUEST_FAILED,,,,,
77144139,deadAbandoned,VIEBOOST,"May 28, 2008",Dr. Vie Holdings,,healthy@nycmail.com
77144121,REQUEST_FAILED,,,,,
77144157,REQUEST_FAILED,,,,,
77144162,REQUEST_FAILED,,,,,
77144235,deadAbandoned,EXCELLENCE EDITING SERVICES,"Jan. 15, 2008","Koh, Shana E.",,shana.koh@gmail.com
77144263,deadAbandoned,WHOLESALE SERVICES,"Jan. 18, 2008",WTL FINANCIAL INC,,w@wtlfinancial.net
77144212,REQUEST_FAILED,,,,,
77144267,REQUEST_FAILED,,,,,
77144306,REQUEST_FAILED,,,,,
77144384,deadAbandoned,HERE COMES THE MAKEUP HERE COMES THE TAN HERE COMES THE LASHES HERE COMES THE BOTOX HERE COMES THE LIPS HERE COMES THE NAILS,"Jan. 13, 2008",Zhipi McDougald,,mszbilu@aol.com
77144319,deadAbandoned,SIGHTX,"Jan. 14, 2008",131692 Ontario Inc. Trading As Advantage Technical Products,,
77144409,deadAbandoned,SPECTRUM,"Aug. 15, 2008",GUANGDONG DEVELOPMENT COMPANY LTD.,,gddc@pticom.com
77144405,deadAbandoned,GREEN ACRES,"Jun. 26, 2008","Bell, Simon T W",,clubthirtyfive@gmail.com
77144377,deadAbandoned,STAY HOT,"Sep. 26, 2008","Denny, John T. DBA Denny Baseball",,loredenny@gmail.com
77144353,REQUEST_FAILED,,,,,
77144440,deadAbandoned,SMARTSCREEN,"Jan. 23, 2008",m-cast LLC,,peter.smith@m-cast.com
77144430,REQUEST_FAILED,,,,,
77144514,deadAbandoned,RELAX! PLASTER YOUR STRESS,"May 21, 2008","ANDERSSON, ROGER L",,roger.andersson@flow.se
77144439,REQUEST_FAILED,,,,,
77144515,deadAbandoned,HEALYX,"Aug. 22, 2008",Healix Health Products LLC,,
77144557,deadAbandoned,ON POINT PAINTBALL,"Jan. 17, 2008","LeGrier, David",,
77144526,REQUEST_FAILED,,,,,
77144543,REQUEST_FAILED,,,,,
77144687,deadAbandoned,KAI,"Jan. 25, 2008","Maltais, Danny R",,dan@teamnovix.com
77144619,deadAbandoned,CREATIVE CROSS-POLLINATION,"Jan. 22, 2008","Collins, Brian A.",,bcproducer@aol.com
77144703,deadAbandoned,PINKVISUALDVDS,"Jan. 19, 2008","VOD Advertising Services, AVV",,
77144725,deadAbandoned,UNIVERSAL,"Apr. 09, 2008",Universal Lighting Systems Inc.,,victor@unvls.com
77144690,REQUEST_FAILED,,,,,
77144697,REQUEST_FAILED,,,,,
77144785,deadAbandoned,GREENHAB,"Jan. 17, 2008",Sustainable Development International Corporation,,akt@smartoffice.com
77144730,deadAbandoned,HELIOS,"Oct. 27, 2008","Arnold, Anthony",,tony.arnold@neuf.fr
77144825,deadAbandoned,AQUALIV,"May 02, 2008",Hoffman Hospitality LLC,,maverick1@cablespeed.com
77144731,REQUEST_FAILED,,,,,
77144751,REQUEST_FAILED,,,,,
77144875,deadAbandoned,ALL ABOUT AVIATION,"Jan. 24, 2008","All About Aviation, Inc.",,
77144918,deadAbandoned,MANTRA SPRING,"Jan. 18, 2008","Taste of Nature, Inc.",,
77144839,REQUEST_FAILED,,,,,
77144890,REQUEST_FAILED,,,,,
77145005,deadAbandoned,GOOD OUT OF NAZARETH,"Jan. 17, 2008",Church of God - Family Worship Center,,
77144969,deadAbandoned,MR. LIMO USA,"Jan. 24, 2008","A-1 Mr Limo, Inc.",,
77145052,deadAbandoned,WHERE SELLERS AND BUYERS CLICK,"Jan. 22, 2008","City Service, LLC",,
77144936,REQUEST_FAILED,,,,,
77144957,REQUEST_FAILED,,,,,
77145245,deadAbandoned,OMEGA-BURST,"Dec. 04, 2008",Barlean's,,andreas@barleans.com
77145129,REQUEST_FAILED,,,,,
77145233,REQUEST_FAILED,,,,,
77145284,REQUEST_FAILED,,,,,
77145292,REQUEST_FAILED,,,,,
77145325,REQUEST_FAILED,,,,,
77145342,REQUEST_FAILED,,,,,
77145348,REQUEST_FAILED,,,,,
77145425,deadAbandoned,MAINEFOODIE.COM MAINE HAS GOOD TASTE!,"Mar. 20, 2008",mainefoodie.com LLC,,INFO@MAINEFOODIE.COM
77145403,REQUEST_FAILED,,,,,
77145415,REQUEST_FAILED,,,,,
77145423,REQUEST_FAILED,,,,,
77145428,REQUEST_FAILED,,,,,
77145436,REQUEST_FAILED,,,,,
77145465,deadAbandoned,LINGERIEPLEASE,"Jan. 17, 2008",Just Say Please limited,,charles@justsayplease.co.uk
77145475,REQUEST_FAILED,,,,,
77145533,deadAbandoned,EDGE COMPANY,"Jan. 14, 2008",EDGE Labs LLC,,aknight@edgelabs.net
77145515,REQUEST_FAILED,,,,,
77145517,REQUEST_FAILED,,,,,
77145576,deadAbandoned,DIGMYPICS,"Jun. 05, 2008",Red Mountain Media Group LLC,,scrossen@digmypics.com
77145546,REQUEST_FAILED,,,,,
77145557,REQUEST_FAILED,,,,,
77145558,REQUEST_FAILED,,,,,
77145603,deadAbandoned,TERSONT RECORDS,"Jun. 26, 2008","Patterson III, Paul Lee",,paulpatterson@uky.edu
77145595,deadAbandoned,BERNARD EVANS PLATINUM HAIR CARE SYSTEM,"Dec. 25, 2008","Bernard Evans Enterprises, LLC",,
77145598,deadAbandoned,BERNARD EVANS,"Jan. 18, 2008","Bernard Evans Enterpises, LLC",,
77145612,deadAbandoned,MAKING YOUR WAY PROSPEROUS,"Jan. 24, 2008","Bernard Evans Enterprises, LLC",,
77145583,REQUEST_FAILED,,,,,
77145592,REQUEST_FAILED,,,,,
77145605,REQUEST_FAILED,,,,,
77145625,deadAbandoned,POCKETPOOL,"Jan. 23, 2008",Compumaster Ltd.,,nikos.konstas@gmail.com
77145611,REQUEST_FAILED,,,,,
77145653,deadAbandoned,GOT ASL?,"Jan. 16, 2008",Pah! Line LLC,,jay.gates@pahline.com
77145652,deadAbandoned,PAH!,"Jan. 15, 2008",Pah! Line LLC,,jay.gates@pahline.com
77145655,deadAbandoned,E EMALE MOBILE GAYDAR FOR YOUR MOBILE PHONE,"Jan. 18, 2008",AJ Entrepreneurs,,
77145623,REQUEST_FAILED,,,,,
77145674,deadAbandoned,SIFEET,"Jan. 17, 2008",Guanlong Cao,,info@pioneer-products.com
77145654,REQUEST_FAILED,,,,,
77145672,REQUEST_FAILED,,,,,
77145702,deadAbandoned,BOOKS STATION,"Jan. 21, 2008","bengala.com, Inc.",,german_mb@hotmail.com
77145703,deadAbandoned,THE LITTLE THINGS,"Jun. 26, 2008","Christopher Jr., Carl K.",,carl_christopher@yahoo.com
77145687,REQUEST_FAILED,,,,,
77145704,REQUEST_FAILED,,,,,
77145772,deadAbandoned,INVISIWIG,"Jan. 23, 2008",Invisiwig Inc,,frantzarty@gmail.com
77145766,deadAbandoned,AMERICA'S BEST DEAL,"Jan. 23, 2008","ABD, LLC",,customercare@americasbestdeal.com
77145802,deadAbandoned,GORGE CREST ESTATE,"Dec. 15, 2008","Gorge Crest Vineyards, LLC",,jcrumpacker@gorge.net
77145828,deadAbandoned,TRAPDOOR CHECKERS,"May 22, 2008",Golad Adar,,bootc@goliathgames.nl
77145785,REQUEST_FAILED,,,,,
77145967,deadAbandoned,PRIVATIZATION YIELD,"Apr. 14, 2008","Gannon, Niall",,thegannongroup@smithbarney.com
77145864,REQUEST_FAILED,,,,,
77145901,REQUEST_FAILED,,,,,
77145908,REQUEST_FAILED,,,,,
77146058,deadAbandoned,None,"Jan. 18, 2008",Tomi Best Fashion Accessories Ltd,,jeneenaquin@gmail.com
77146095,REQUEST_FAILED,,,,,
77146101,REQUEST_FAILED,,,,,
77146107,REQUEST_FAILED,,,,,
77146190,deadAbandoned,None,"Sep. 22, 2008","Bing Note, Inc.",,lisa@bingnote.com
77146200,deadAbandoned,PREVENAGE,"Jan. 18, 2008","Royal Health Care, Inc.",,
77146192,deadAbandoned,AMARE MATTRESS COMPANY,"Jan. 24, 2008",Superior Marketing INC,,sleepers4u@charter.net
77146159,REQUEST_FAILED,,,,,
77146260,deadAbandoned,THE CONCRETE ART SYSTEM,"Jan. 22, 2008","Grieve, Jeffrey D.",,jgrieve@concreteart.net
77146256,REQUEST_FAILED,,,,,
77146299,REQUEST_FAILED,,,,,
77146455,deadAbandoned,PERFORMANCE BOARD,"Jan. 25, 2008",Humatica,,andros.payne@humatica.com
77146462,deadAbandoned,BAYTAK.COM,"Jan. 25, 2008","Baytak.com, Inc.",,
77146346,REQUEST_FAILED,,,,,
77146357,REQUEST_FAILED,,,,,
77146372,REQUEST_FAILED,,,,,
77146452,deadAbandoned,OF THE EARTH,"Oct. 10, 2008","Organic Style Lab, Inc.",,
77146520,REQUEST_FAILED,,,,,
77146554,REQUEST_FAILED,,,,,
77146664,deadAbandoned,LUXURY BROKERS,"Jan. 18, 2008","Luxury Brokers, LTD",,luxurybrokers@prodigy.net.mx
77146685,deadAbandoned,COASTAL CREATIONS,"Jan. 22, 2008","Dynasty Designs, LLC",,craig@dynastydesigns.com
77146692,REQUEST_FAILED,,,,,
77146732,REQUEST_FAILED,,,,,
77146741,REQUEST_FAILED,,,,,
77146851,REQUEST_FAILED,,,,,
77146863,deadAbandoned,MCWIPES,"Mar. 06, 2008","Andela, Nic C.",,nicandela@gmail.com
77146855,REQUEST_FAILED,,,,,
77146904,REQUEST_FAILED,,,,,
77146945,deadAbandoned,7 SCRUBS,"Jan. 19, 2008","Park, David N",,canontex@aol.com
77146924,REQUEST_FAILED,,,,,
77146937,REQUEST_FAILED,,,,,
77146948,deadAbandoned,GREEN SCREEN WIZARD,"Jan. 25, 2008",Ken Colby,,KenC@San.rr.com
77146967,deadAbandoned,RAIN,"Feb. 01, 2008",V2B GLOBAL INC,,andy@voitelecom.com
77146963,deadAbandoned,SENSORS THAT THINK,"Jan. 27, 2008",PHI international,,a.kumar@phi-i.com
77146973,deadAbandoned,SIMCERE,"Dec. 15, 2008","JIANGSU SIMCERE PHARMACEUTICAL CO., LTD",,
77146975,deadAbandoned,ENDOSTAR,"Jun. 18, 2008","JIANGSU SIMCERE PHARMACEUTICAL CO., LTD",,
77146953,REQUEST_FAILED,,,,,
77147027,deadAbandoned,"BLACK, BROWN AND BEIGE","Mar. 24, 2008",Andrew M.C. Placements Inc.,,frederickpinto@gmail.com
77146976,REQUEST_FAILED,,,,,
77146990,REQUEST_FAILED,,,,,
77147218,deadAbandoned,HAVE YOUR PICK,"Jan. 18, 2008",Erez Beker,,erez@innersoul.com.au
77147184,REQUEST_FAILED,,,,,
77147298,REQUEST_FAILED,,,,,
77147329,REQUEST_FAILED,,,,,
77147503,deadAbandoned,ES MAGAZINE SALVADORENOS POR TODAS PARTES,"Jan. 25, 2008","JC & JACQUES Hispanic Advertising Multimedia, LLC",,
77147511,deadAbandoned,XTREME MARINE,"Jul. 16, 2008","Toromont Energy Systems, Inc.",,
77147630,deadAbandoned,BE,"Jan. 21, 2008","Bernard Evans Enterprises, LLC",,
77147464,REQUEST_FAILED,,,,,
77147597,REQUEST_FAILED,,,,,
77147604,REQUEST_FAILED,,,,,
77147733,REQUEST_FAILED,,,,,
77147892,deadAbandoned,CHRONO-AMERICA,"Jul. 25, 2008",COHEN-GABORIT & OUAKIL LLC,,
77147849,REQUEST_FAILED,,,,,
77147889,REQUEST_FAILED,,,,,
77147898,REQUEST_FAILED,,,,,
77147910,REQUEST_FAILED,,,,,
77147991,deadAbandoned,CASE UNKNOWN,"Jun. 26, 2008","Swinmurn, Nick",,nick.swin@gmail.com
77147980,deadAbandoned,H¢2,"Jan. 18, 2008","Hustle Club Creations, Incorporated",,k_butler81@hotmail.com
77147997,deadAbandoned,BUTT SMOOCHER,"Jan. 22, 2008","Just, Michael R.",,michael_just@excite.com
77147982,REQUEST_FAILED,,,,,
77148002,deadAbandoned,THE VICTORY FORMULA,"Jan. 25, 2008","Just, Michael R",,michael_just@excite.com
77148021,deadAbandoned,FIRST TRANSITION SPORTS - T1,"Jan. 26, 2008",Kim Bilancio,,firsttransition@gmail.com
77148032,deadAbandoned,KUDOS,"Feb. 24, 2008",Positech Computing Ltd,,cliff@positech.co.uk
77148024,REQUEST_FAILED,,,,,
77148043,REQUEST_FAILED,,,,,
77148218,REQUEST_FAILED,,,,,
77148191,REQUEST_FAILED,,,,,
77148270,deadAbandoned,POPE INSTITUTE FOR HEALTH AND EDUCATION,"Jan. 19, 2008","Pope Institute For Health And Education, LLC",,p_long_ot@yahoo.com
77148272,deadAbandoned,SPOTUBE.COM,"Jan. 18, 2008","Bunch, Jeffrey R.",,jeffreyrbunch@hotmail.com
77148305,deadAbandoned,BLU PRINT DA CONCEPT,"Jan. 22, 2008",Steven T Stotts Jr,,stevestotts7@juno.com
77148345,deadAbandoned,BIG'O SOUP SOFTWARE COMPANY,"Jan. 19, 2008",Big'o Soup Software Company,,admin@bigosoupsoftware.com
77148307,REQUEST_FAILED,,,,,
77148326,REQUEST_FAILED,,,,,
77148329,REQUEST_FAILED,,,,,
77148396,REQUEST_FAILED,,,,,
77148465,deadAbandoned,DREAM HOME REGISTRY,"Apr. 16, 2008",My Dream Home Registry,,info@mydreamhomeregistry.com
77148451,REQUEST_FAILED,,,,,
77148456,REQUEST_FAILED,,,,,
77148478,REQUEST_FAILED,,,,,
77148510,REQUEST_FAILED,,,,,
77148513,REQUEST_FAILED,,,,,
77148745,deadAbandoned,FRESNO FALL HOME IMPROVEMENT SHOW,"Jan. 24, 2008","Webb, Otis K.",,events@fresnoshows.com
77148610,REQUEST_FAILED,,,,,
77148644,REQUEST_FAILED,,,,,
77148672,deadAbandoned,FRESNO HOME REMODELING & DECORATING SHOW,"Jan. 21, 2008","Geistlinger, Julie J.",,events@fresnoshows.com
77148740,deadAbandoned,GIFTTIPS,"Jan. 26, 2008","Crescendo Interactive, Inc.",,bill@cresmail.com
77148822,deadAbandoned,ECOVERAGE.COM,"Jan. 25, 2008","Insurance Agents & Brokers of California, Inc.",,dan@iabc-ins.com
77148898,deadAbandoned,RIP N ROLL,"Jan. 22, 2008",Rip N Roll Inc.,,ceo@ripnroll.com
77148855,REQUEST_FAILED,,,,,
77148910,deadAbandoned,FRIENDS OF FRIENDS,"Jun. 05, 2008","Wood, Craig S.",,craigwood16@aol.com
77148911,REQUEST_FAILED,,,,,
77148938,REQUEST_FAILED,,,,,
77148999,deadAbandoned,HOOKAHOL,"Jan. 19, 2008","Whittaker, Kyle",,Creativeworkngs@yahoo.com
77148983,REQUEST_FAILED,,,,,
77149020,deadAbandoned,"Z Z3 TECHNOLOGY, LLC","Feb. 28, 2008","Z3 Technology, LLC",,aaroncaldwell@z3technology.com
77149028,deadAbandoned,AUDIO UPRISING,"Jun. 11, 2008","Fieldview Ventures, LLC",,bryanfish@sbcglobal.net
77149048,deadAbandoned,None,"Jan. 18, 2008",Bruce W. Kneller,,bkneller@keptprivate.com
77149037,REQUEST_FAILED,,,,,
77149051,REQUEST_FAILED,,,,,
77149070,REQUEST_FAILED,,,,,
77149153,REQUEST_FAILED,,,,,
77149155,REQUEST_FAILED,,,,,
77149273,REQUEST_FAILED,,,,,
77149432,deadAbandoned,SERVICE COMP ORANGE COUNTY'S PERSONAL COMPUTER SERVICE,"Jan. 25, 2008","SMC Service Comp, LLC",,smc9876@mac.com
77149391,REQUEST_FAILED,,,,,
77149414,REQUEST_FAILED,,,,,
77149442,REQUEST_FAILED,,,,,
77149531,deadAbandoned,RIDE FREEDOM RIDE VICTORY,"Jan. 22, 2008",Brian Waspi,,waspi@rocketmail.com
77149494,REQUEST_FAILED,,,,,
77149487,REQUEST_FAILED,,,,,
77149528,REQUEST_FAILED,,,,,
77149819,REQUEST_FAILED,,,,,
77149842,REQUEST_FAILED,,,,,
77149921,REQUEST_FAILED,,,,,
77150012,REQUEST_FAILED,,,,,
77150185,deadAbandoned,BOIL 'N BOOGIE CONCERT SUCKIN' HEADS EATIN' TAILS CAJUN MEAD. COLORADO BOIL AND BOOGIE.COM,"Jan. 22, 2008",Mead Area Chamber Of Commerce,,tracyj@dialvision.com
77150119,REQUEST_FAILED,,,,,
77150181,REQUEST_FAILED,,,,,
77150197,REQUEST_FAILED,,,,,
77150204,REQUEST_FAILED,,,,,
77150205,REQUEST_FAILED,,,,,
77150314,deadAbandoned,B.G.C. BILLIONAIRE GIRLS CLUB BRAND JEANS OF SWEDEN BY ANGELA GRACELYN THOMAS,"Jan. 28, 2008",Thomas Gracelyn Angela,,gracelyn@bredband.net
77150278,REQUEST_FAILED,,,,,
77150312,deadAbandoned,MUSTANG FASTENERS,"Jan. 22, 2008","Trenco Supplies, Inc.",,
77150316,deadAbandoned,TRUE,"Jun. 19, 2008",J. Pouw Beheer B.V.,,john@DaVinciRose.com
77150365,deadAbandoned,KIDSHOPE.KIDSFUTURE,"Jan. 22, 2008","Fundraiser Enterprises, LLC",,
77150349,deadAbandoned,CAMPUS COLLECT,"Jun. 26, 2008","Navigator Security Shredding, Inc.",,laurarice@gmail.com
77150352,REQUEST_FAILED,,,,,
77150351,REQUEST_FAILED,,,,,
77150446,deadAbandoned,CHRISTOPHE MOREL,"Jan. 25, 2008","Morel, Christophe",,frederickpinto@gmail.com
77150494,deadAbandoned,MVP GUARANTEE,"Jul. 23, 2008",Panamerican Realty Corporation,,
77150395,REQUEST_FAILED,,,,,
77150486,REQUEST_FAILED,,,,,
77150522,REQUEST_FAILED,,,,,
77150537,REQUEST_FAILED,,,,,
77150548,REQUEST_FAILED,,,,,
77150553,REQUEST_FAILED,,,,,
77150606,REQUEST_FAILED,,,,,
77150764,deadAbandoned,E.D.G.E. THE EARLY DEVELOPMENT OF GLOBAL EDUCATION,"Jul. 09, 2008","Early Development of Global Education, LLC",,priya@theedgeeducation.com
77150819,deadAbandoned,None,"Nov. 10, 2008",Panamerican Realty Corporation,,
77150716,REQUEST_FAILED,,,,,
77150814,deadAbandoned,MYSHARES,"Jun. 05, 2008",MyShares LLC,,mvoskian@optonline.net
77150857,deadAbandoned,STREETWALKER,"Dec. 10, 2008","Levy, Margaux E.",,mlevyesq@att.net
77150768,REQUEST_FAILED,,,,,
77150777,REQUEST_FAILED,,,,,
77150802,REQUEST_FAILED,,,,,
77150946,deadAbandoned,SCRIPT YOUR LIFE,"Jan. 25, 2008","Sheehy, Patricia Murphy",,murphysheehy@aol.com
77150960,deadAbandoned,PAW-NINI,"Jul. 02, 2008","Barraclough, Amy L",,albarraclough@yahoo.com
77150876,REQUEST_FAILED,,,,,
77150962,deadAbandoned,LIGHTWAVE,"May 21, 2008",LIGHTWAVE Technologies LLC,,staceyt@mylightwave.com
77150993,REQUEST_FAILED,,,,,
77151014,REQUEST_FAILED,,,,,
77151079,deadAbandoned,FLORALBOX,"Jan. 25, 2008",S and M. Watson T/a Floralwell,,admin@floralwell.com.au
77151022,REQUEST_FAILED,,,,,
77151137,deadAbandoned,SENTINEL,"Jan. 28, 2008",Svenska Tradgardsljus AB,,svenska@discount-hydro.com
77151108,REQUEST_FAILED,,,,,
77151130,REQUEST_FAILED,,,,,
77151189,deadAbandoned,RACE PACE,"Jul. 02, 2008",Ross Embertson,,rossembertson@hotmail.com
77151198,deadAbandoned,DINERO DIVA,"Feb. 05, 2008",Shelley Nemetz Fisher,,sffinancial@aol.com
77151175,REQUEST_FAILED,,,,,
77151193,deadAbandoned,ZOSDON,"Jan. 24, 2008","AMERICA RICHI INT'L DEV. GROUP, INC.",,hktopking@yahoo.com.hk
77151205,REQUEST_FAILED,,,,,
77151222,REQUEST_FAILED,,,,,
77151227,REQUEST_FAILED,,,,,
77151049,REQUEST_FAILED,,,,,
77151235,REQUEST_FAILED,,,,,
77151289,deadAbandoned,CX 1-2-3,"Oct. 27, 2008","MCKEW, DANIEL G.",,jmckew@comcast.net
77151270,REQUEST_FAILED,,,,,
77151302,deadAbandoned,RED HOT ENERGY DRINK,"Jan. 30, 2008",INDUSTRIA E COM DE BEBIDAS RODRIGUES E SILVA LTDA,,wstonesllc@hotmail.com
77151305,deadAbandoned,PHOTO.SIGHT WWW.PHOTOSIGHT.US,"Nov. 22, 2008","PhotoSight International, Inc.",,admin@photosight.us
77151294,REQUEST_FAILED,,,,,
77151319,REQUEST_FAILED,,,,,
77151321,REQUEST_FAILED,,,,,
77151347,deadAbandoned,TONY GWYNN'S BATTER-UP FOR ALL MEATS,"Jan. 21, 2008",Alicia Gwynn,,agwynn@mac.com
77151351,deadAbandoned,TONY GWYNN'S FLAVOR BOOSTER FOR ALL MEATS,"Jan. 21, 2008",Alicia Gwynn,,agwynn@mac.com
77151353,deadAbandoned,ALICIA'S SECRET BLEND,"Jan. 26, 2008",Alicia Gwynn,,agwynn@mac.com
77151343,REQUEST_FAILED,,,,,
77151344,REQUEST_FAILED,,,,,
77151377,deadAbandoned,EQUITY SPACE,"Apr. 06, 2008",Equity Space Incorporated,,frank@primebanks.com
77151391,deadAbandoned,DRUMTOWER,"Jul. 02, 2008","Macklin, Mary E.",,drumtower@hotmail.com
77151357,REQUEST_FAILED,,,,,
77151394,deadAbandoned,ADVENTURE BLU,"Sep. 11, 2008","Adventure Blu, Incorporated",,adventureblu@gmail.com
77151398,deadAbandoned,EARTHMAIDS BECAUSE CLEANING SHOULDN'T COST THE EARTH,"Jan. 23, 2008","Earth Maids, Incorporated",,angela@earthmaids.com
77151374,REQUEST_FAILED,,,,,
77151437,deadAbandoned,SPLASHDOWN FLAG,"Jul. 23, 2008","Adventure Blu, Incorporated",,adventureblu@gmail.com
77151418,REQUEST_FAILED,,,,,
77151430,REQUEST_FAILED,,,,,
77151439,REQUEST_FAILED,,,,,
77151476,REQUEST_FAILED,,,,,
77151689,deadAbandoned,THE BIG MONEY SHOT! WHERE DO YOU WANT IT,"Mar. 06, 2008",Undefeated Graphics LLC,,bill@undefeatedgraphics.com
77151673,REQUEST_FAILED,,,,,
77151748,deadAbandoned,NEXT GENERATION RADIANT BARRIER,"Sep. 22, 2008",Eagle Shield Inc.,,wsteiner@alliancegroup.net
77151737,deadAbandoned,THE SYSTEM IS THE SOLUTION!,"Jul. 02, 2008",Eagle Shield Inc.,,wsteiner@alliancegroup.net
77151711,REQUEST_FAILED,,,,,
77151751,deadAbandoned,HIGH PERFORMANCE RADIANT BARRIER,"Sep. 22, 2008",Eagle Shield Inc.,,wsteiner@alliancegroup.net
77151744,deadAbandoned,NEXT GENERATION REFLECTIVE INSULATION,"Oct. 14, 2008","Eagle Shield, Inc.",,wsteiner@alliancegroup.net
77151732,REQUEST_FAILED,,,,,
77151794,deadAbandoned,CELLBOOST,"Nov. 10, 2008",Dr. VIE Holdings,,healthy@nycmail.com
77151859,deadAbandoned,ARSENAL,"Jun. 26, 2008","Arsenal Digital Solutions USA, Inc.",,
77151776,REQUEST_FAILED,,,,,
77151879,deadAbandoned,ARSENAL ON-DEMAND DATA PROTECTION,"Jul. 02, 2008","Arsenal Digital Solutions USA, Inc.",,
77151934,deadAbandoned,BLOOMING ROCKS TRULY UNIQUE,"Jan. 29, 2008",Julie D. Smith,,drsmith83@mac.com
77151871,REQUEST_FAILED,,,,,
77151978,deadAbandoned,GRANDEUR BY NOSTALGIC WAREHOUSE,"Jan. 28, 2008","Nostalgic Warehouse, Inc.",,m.mccullough@acmemfgco.com
77151929,REQUEST_FAILED,,,,,
77152021,deadAbandoned,GO GREEN,"Jan. 25, 2008",David I Alpert,,dalp@verizon.net
77152011,REQUEST_FAILED,,,,,
77152010,REQUEST_FAILED,,,,,
77152025,REQUEST_FAILED,,,,,
77152137,REQUEST_FAILED,,,,,
77152255,deadAbandoned,PERFECT PLACE. FAMILIAR FACE. FAVORITE TASTE,"Jun. 12, 2008",Michael Harry Kostinsky,,Sorrentoofarbutus@yahoo.com
77152224,REQUEST_FAILED,,,,,
77152221,REQUEST_FAILED,,,,,
77152316,REQUEST_FAILED,,,,,
77152339,REQUEST_FAILED,,,,,
77152365,REQUEST_FAILED,,,,,
77152366,REQUEST_FAILED,,,,,
77152383,REQUEST_FAILED,,,,,
77152447,deadAbandoned,ZZYZXX POWERBOATS,"Jan. 28, 2008","Wilson, David",,m-s-c@sbcglobal.net
77152453,deadAbandoned,PEKIDZ FIT FOR LIFE,"Jul. 09, 2008","Adibi Fitness Enterprises, LLC",,pekidz@mac.com
77152482,deadAbandoned,G 13,"Jan. 30, 2008","RiffTunes/ Euro Tec Enterprises, Inc.",,BIGAGENT@PACBELL.NET
77152410,REQUEST_FAILED,,,,,
77152515,deadAbandoned,HAWGS DAWGS,"Feb. 01, 2008",BRANDT JOHN LEROY,,sfgfobfob3@yahoo.com
77152490,REQUEST_FAILED,,,,,
77152685,deadAbandoned,TILE ONE,"Jan. 31, 2008","Tile One, LLC",,info@tileone.com
77152507,REQUEST_FAILED,,,,,
77152506,REQUEST_FAILED,,,,,
77152536,REQUEST_FAILED,,,,,
77152752,deadAbandoned,SEEHERE,"Jan. 24, 2008","Pluggd, Inc.",,fjacobs@pluggd.com
77152729,REQUEST_FAILED,,,,,
77152833,deadAbandoned,THSNET WWW.TOTALHEALTHSERVICES.NET,"Feb. 02, 2008","Fahmi, Azim",,
77152845,deadAbandoned,PERSIAN WOOD,"Jan. 26, 2008",CGE Enterprises LLC,,jhastings@vermontcountrystore.com
77152926,deadAbandoned,ES MAGAZINE SALVADORENOS POR TODAS PARTES,"Jan. 25, 2008","JC & JACQUES Hispanic Advertising Multimedia, LLC",,
77152928,deadAbandoned,SUNCAP,"May 07, 2008","inventism, inc.",,inventism_inc@yahoo.com
77152793,REQUEST_FAILED,,,,,
77153055,deadAbandoned,SMART CLASSIFY,"Jan. 30, 2008","Speed Trac Technologies, Inc.",,
77153089,deadAbandoned,CANINE RELIEF,"May 28, 2008","International Bismuth Pharmacal Systems, LP",,
77153049,deadAbandoned,SMART MAINTAIN,"Jan. 30, 2008","Speed Trac Technologies, Inc.",,
77153096,deadAbandoned,FREEDOM PATCH,"Jul. 02, 2008","Maternus Partners, Ltd.",,
77153053,REQUEST_FAILED,,,,,
77153128,deadAbandoned,MINIRAQ,"Jan. 25, 2008",BlackHawk Labs LLC,,dwegricht@bhlpower.com
77153093,deadAbandoned,FIRST TOUCH,"Jul. 02, 2008","Maternus Partners, Ltd.",,
77153091,REQUEST_FAILED,,,,,
77153292,deadAbandoned,GLOBAL ANALYTICS,"Jan. 25, 2008",MARTIN CHERRYL KATHERINE,,cherryl.martin@dsl.pipex.com
77153284,REQUEST_FAILED,,,,,
77153470,REQUEST_FAILED,,,,,
77153494,REQUEST_FAILED,,,,,
77153543,deadAbandoned,YOUNG AND GENIUS,"Jan. 22, 2008","Jamal, Avi",,avi@youngandgenius.com
77153535,deadAbandoned,RTX,"Jan. 31, 2008",SiCap Industries,,
77153520,deadAbandoned,BLACK GOLD DENIM,"Oct. 08, 2008",Hitoshi Tanaka,,young-gang@nestaintl.com
77153541,deadAbandoned,BABYLON FALLING,"Jan. 24, 2008","Stewart, Robert Sean",,
77153519,REQUEST_FAILED,,,,,
77153538,REQUEST_FAILED,,,,,
77153579,deadAbandoned,BIOTECHNOLOGY EASY SO,"Jan. 28, 2008","New Wide Enterprise Co., Ltd.",,tipa.com@msa.hinet.net
77153604,deadAbandoned,MIREVENUE INNOVATIONS IN CUSTOMER CENTRICITY BY ZAFIN LABS,"Jul. 30, 2008",Zafin Labs Technologies Ltd,,asomji@zafinlabs.com
77153616,REQUEST_FAILED,,,,,
77153655,REQUEST_FAILED,,,,,
77153731,deadAbandoned,IS MY IV,"Jul. 02, 2008",Sang Yoon,,salonthc@gmnail.com
77153783,deadAbandoned,BUGZ,"Jan. 28, 2008",Beneficial Microorganisms LLC,,mhelbig@gmail.com
77153716,REQUEST_FAILED,,,,,
77153838,REQUEST_FAILED,,,,,
77153878,REQUEST_FAILED,,,,,
77153902,REQUEST_FAILED,,,,,
77154095,deadAbandoned,JAZZ PLAYER,"Dec. 01, 2008","Vision Gaming & Technology, Inc.",,
77153939,REQUEST_FAILED,,,,,
77153987,REQUEST_FAILED,,,,,
77154149,deadAbandoned,SHOPAHOLIC,"Jan. 31, 2008","August Ventures, Inc.",,gary@culliss.com
77154167,deadAbandoned,EVERLAST,"Jan. 26, 2008","Alpers, Robert, M",,robalpers@aol.com
77154056,REQUEST_FAILED,,,,,
77154119,deadAbandoned,ECOSAFESPAS,"Jan. 26, 2008","Burton R Claxton & Associates Inc.,",,adamneh1@hotmail.com
77154182,REQUEST_FAILED,,,,,
77154207,REQUEST_FAILED,,,,,
77154259,REQUEST_FAILED,,,,,
77154294,deadAbandoned,GREEN FUELS,"Feb. 05, 2008","Danison III, Arthur L.",,arthurd561@hotmail.com
77154285,REQUEST_FAILED,,,,,
77154400,REQUEST_FAILED,,,,,
77154427,REQUEST_FAILED,,,,,
77154532,REQUEST_FAILED,,,,,
77154544,REQUEST_FAILED,,,,,
77154587,REQUEST_FAILED,,,,,
77154589,REQUEST_FAILED,,,,,
77154648,deadAbandoned,MUSICBOSS,"Jan. 28, 2008",GRAND LINKS CORPORATION,,
77154656,deadAbandoned,N NIKKY,"Jan. 28, 2008",NIKKY DESIGN INC.,,
77154659,deadAbandoned,5X5,"Nov. 29, 2008",Michael E. Turber,,mike_turber@yahoo.com
77154632,REQUEST_FAILED,,,,,
77154668,deadAbandoned,HEALTHY COMMUNITY,"Jan. 31, 2008","Apa, Karen J.",,kapa1@tampabay.rr.com
77154653,deadAbandoned,QUADROD,"Feb. 02, 2008",Michael E. Turber,,mike_turber@yahoo.com
77154646,REQUEST_FAILED,,,,,
77154663,REQUEST_FAILED,,,,,
77154682,deadAbandoned,BLUE OCEAN COLLECTION,"Jan. 28, 2008",Blue Ocean Collection,,info@blueoceancollection.com
77154708,deadAbandoned,NATURA NATIVA,"Jan. 31, 2008","garib, gazi",,gazi@gg.cl
77154677,REQUEST_FAILED,,,,,
77154697,REQUEST_FAILED,,,,,
77154776,deadAbandoned,TYNG,"Jan. 31, 2008","Tyng, Paul W",,paul.tyng@gmail.com
77154746,REQUEST_FAILED,,,,,
77154788,REQUEST_FAILED,,,,,
77155001,deadAbandoned,POSTEE,"Jul. 16, 2008",Postee Inc.,,micah@micah.tv
77155015,REQUEST_FAILED,,,,,
77155091,REQUEST_FAILED,,,,,
77154905,REQUEST_FAILED,,,,,
77155327,deadAbandoned,"""WHERE BEDDING IS LIKE A PRESCRIPTION!""","Nov. 03, 2008","Wiese, Brian Joseph",,wisdomway1@sbcglobal.net
77155115,REQUEST_FAILED,,,,,
77155460,deadAbandoned,VISTASTARTMENU,"Apr. 06, 2008","Leonidovich, Nazarenko Dennis",,denis@ordinarysoft.com
77155425,REQUEST_FAILED,,,,,
77155489,REQUEST_FAILED,,,,,
77155507,REQUEST_FAILED,,,,,
77155600,REQUEST_FAILED,,,,,
77155658,REQUEST_FAILED,,,,,
77155660,REQUEST_FAILED,,,,,
77155738,deadAbandoned,SPOTZERO,"Jan. 28, 2008","Murdico, David L",,dm@spotzero.com
77155713,deadAbandoned,ZILCH,"Jan. 27, 2008",Patrick Leddy,,patrickleddy@hotmail.com
77155710,REQUEST_FAILED,,,,,
77155743,REQUEST_FAILED,,,,,
77155736,REQUEST_FAILED,,,,,
77155760,deadAbandoned,LOOP,"Jul. 02, 2008",Loop Media North America Limited,,martin.taylor@cubachambers.com
77155777,deadAbandoned,CONTEMPORARYFURNITURECENTER.COM,"Jul. 23, 2008",BEATA E MALICKA + MARCIN MALICKI,,betty@weknowhow.us
77155790,deadAbandoned,IFS COREFILING INTELLIGENT FINANCIAL STATEMENT,"Jan. 15, 2008",CoreFiling Limited,,andrea.whitehouse@corefiling.com
77155770,REQUEST_FAILED,,,,,
77155780,deadAbandoned,ISLE OF CRETE,"Sep. 29, 2008",PEZA AGRARIAN COOPERATIVES ASS'N- PEZA UNION,,ipetsiou@amalthea.gr
77155905,deadAbandoned,NTL NATIONAL TRIUMPH LEAGUE,"Nov. 10, 2008",Twilight East Studios Corp,,
77155782,REQUEST_FAILED,,,,,
77156006,deadAbandoned,TANIEYA,"Feb. 06, 2008","Peacock, James",,
77155994,deadAbandoned,PLATINUM GIFT GIFT CARD,"Feb. 04, 2008","NBO Systems, Inc.",,cmcgee@nbo.com
77155919,REQUEST_FAILED,,,,,
77155943,REQUEST_FAILED,,,,,
77156027,REQUEST_FAILED,,,,,
77156108,deadAbandoned,GAY MATURE XXX,"Feb. 25, 2008","Net Transactions, AVV",,
77156099,deadAbandoned,GAY EBONY XXX,"Feb. 25, 2008",Net Transactions Limited,,
77156138,deadAbandoned,SKAX,"Feb. 01, 2008",Johnny Wong,,wongjoh@skax.net
77156113,REQUEST_FAILED,,,,,
77156126,REQUEST_FAILED,,,,,
77156168,REQUEST_FAILED,,,,,
77156195,deadAbandoned,WASKET,"Jul. 09, 2008",MARGARET MAUNDER,,maramaunder@juno.com
77156261,REQUEST_FAILED,,,,,
77156319,REQUEST_FAILED,,,,,
77156456,deadAbandoned,GRUV GALLERY,"Jul. 02, 2008",David D'Amato,,BiffMandu@gmail.com
77156549,deadAbandoned,VISITORSENSE,"Jan. 23, 2008",Schoeffel Jean-Philippe,,ethiccash@gmail.com
77156560,REQUEST_FAILED,,,,,
77156628,deadAbandoned,GAZILLIONS,"Mar. 12, 2008",Value Quest Foods L.L.C.,,laura@valuequestfoods.com
77156647,deadAbandoned,"IRON FALCON INDUSTRIES, INC","Feb. 08, 2008","Iron Falcon Iindustries, Inc.",,gtucker@americandocsinc.com
77156661,REQUEST_FAILED,,,,,
77156670,REQUEST_FAILED,,,,,
77156725,deadAbandoned,HOTSTRINGZ,"May 26, 2008","Porter, Stephen R.",,stephenrp@gmail.com
77156691,REQUEST_FAILED,,,,,
77156743,REQUEST_FAILED,,,,,
77156751,REQUEST_FAILED,,,,,
77156790,deadAbandoned,FAIRLAND,"Jul. 09, 2008","Guangzhou Fairland Electric Co., Ltd.",,crystalyaoyao@hotmail.com
77156739,REQUEST_FAILED,,,,,
77156788,deadAbandoned,MY WALLET ID,"Jul. 23, 2008","Butler, Olive V.",,backyardbite@yahoo.com
77156789,deadAbandoned,FRACTURE FIGHTWEAR,"Feb. 04, 2008","Zender, Jeffrey D",,fracturefightwear@yahoo.com
77156807,deadAbandoned,MADRIDFILER,"Feb. 03, 2008",Duncan Bucknell,,Duncan@DuncanBucknell.com
77156796,REQUEST_FAILED,,,,,
77156838,deadAbandoned,"GOLD NUGGETS, GOLDEN NUGGETS","Jan. 27, 2008",David I Alpert,,dalp@verizon.net
77156818,deadAbandoned,ADAMAS PARIS,"Jan. 31, 2008","Tomarci, Sylvain Hovig",,htomarci@hotmail.com
77156835,deadAbandoned,WIN FOR LIFE LAS VEGAS,"Jan. 27, 2008",david i alpert,,dalp@verizon.net
77156815,REQUEST_FAILED,,,,,
77156842,deadAbandoned,LEVEL 4 MARKETING GROUP,"Feb. 01, 2008",Sarah Amlil,,dalp@verizon.net
77156873,deadAbandoned,LA VOZ DE LA MUJER,"Feb. 03, 2008","Maldonado, Antonio",,director@lavozdelamujer.com
77156825,REQUEST_FAILED,,,,,
77156851,REQUEST_FAILED,,,,,
77156892,deadAbandoned,SHAILO BOX,"Jul. 09, 2008","Jung, Helene S",,helenejung74@hotmail.com
77156868,REQUEST_FAILED,,,,,
77156877,REQUEST_FAILED,,,,,
77156925,deadAbandoned,ITALIAN CLUB OF HAWAII,"Feb. 02, 2008",Alessandra Puggioni,,alpuggions2000@yahoo.com
77156888,REQUEST_FAILED,,,,,
77156895,REQUEST_FAILED,,,,,
77156953,deadAbandoned,TA,"Jul. 09, 2008","Holman, Rex E",,rhbgood@insight.rr.com
77156955,deadAbandoned,STALL & DEAN,"Jan. 31, 2008","The Lord's Porter, Co.",,livingtruthful@yahoo.com
77156965,deadAbandoned,HUTCH,"Feb. 19, 2008","The Lord's Porter, Co.",,livingtruthful@yahoo.com
77156952,deadAbandoned,DRAPER & MAYNARD,"Jul. 02, 2008","The Lord's Porter, Co.",,livingtruthful@yahoo.com
77156980,deadAbandoned,SHUFFLEFONE,"Jan. 12, 2008","Infone Tech, Ltd.",,mberger@bezeqint.net
77156956,REQUEST_FAILED,,,,,
77156966,REQUEST_FAILED,,,,,
77156969,REQUEST_FAILED,,,,,
77156995,deadAbandoned,OW,"Jul. 02, 2008","eProduct, LLC",,edy@eproduct.com
77157009,deadAbandoned,MACIS,"Jul. 08, 2008",macis,,vladwest2005@yahoo.com
77157052,deadAbandoned,GOLF COURSE NATION,"Jan. 30, 2008","Curtis-White Enterprises, LLC",,Terance@Curtis-White.com
77157030,REQUEST_FAILED,,,,,
77157068,deadAbandoned,CHRISTIAN MEDIATIONS,"Feb. 01, 2008",Matthew W. Argue,,onemediatorargue@aol.com
77157053,deadAbandoned,"FOR THE FORM, FUNCTION AND FUN OF IT!","Jan. 31, 2008","Elwell, Wendy K.",,zebra@earthlink.net
77157058,REQUEST_FAILED,,,,,
77157077,REQUEST_FAILED,,,,,
77157121,REQUEST_FAILED,,,,,
77157147,deadAbandoned,TRAVELOPOLIS,"Jan. 31, 2008",Travelopolis UK Limited,,travelopolis@gmail.com
77157139,deadAbandoned,BLOOMSTA,"Jan. 31, 2008",Bizvid Services Pty Limited,,scott@petalsnetwork.com
77157156,deadAbandoned,2ND SKIN,"Feb. 01, 2008","Schooneman, Troy Andrew",,tschooneman@gmail.com
77157132,REQUEST_FAILED,,,,,
77157189,deadAbandoned,APPLE PATCH DIET,"Feb. 04, 2008","Apple Patch Diet, LLC",,
77157210,deadAbandoned,OASIS ONLINE AMBULATORY SURGICAL INFORMATION SYSTEMS,"Jan. 02, 2008","Mednet, LLC",,
77157154,REQUEST_FAILED,,,,,
77157153,REQUEST_FAILED,,,,,
77157241,deadAbandoned,BIOGEL,"Feb. 01, 2008",Lincoln L. Neal,,lln.quiksilver@charter.net
77157234,deadAbandoned,SEQUILLO,"Apr. 04, 2008",SEQUILLO CELLARS CC.,,info@sequillo.com
77157191,REQUEST_FAILED,,,,,
77157292,deadAbandoned,C CARBONIUM,"Nov. 23, 2008","Borde, Alexandre",,alexandre.borde@gmail.com
77157208,REQUEST_FAILED,,,,,
77157298,deadAbandoned,CARBON CO2NSCIOUS,"Feb. 05, 2008",Dr. Janet Louise Hall,,terry@epar.com.au
77157255,REQUEST_FAILED,,,,,
77157256,REQUEST_FAILED,,,,,
77157377,REQUEST_FAILED,,,,,
77157381,REQUEST_FAILED,,,,,
77157436,deadAbandoned,INTERNATIONAL BEAN,"Feb. 01, 2008","Brand Development and Management, LLC",,pgoolsby@msn.com
77157442,REQUEST_FAILED,,,,,
77157502,deadAbandoned,CHOPARDI,"Jan. 31, 2008","HOANG, CAM CHAU",,
77157501,deadAbandoned,SIMPLY PROVOCATIVE,"Jul. 09, 2008","HOANG, CAM CHAU",,
77157470,REQUEST_FAILED,,,,,
77157557,REQUEST_FAILED,,,,,
77157565,REQUEST_FAILED,,,,,
77157662,REQUEST_FAILED,,,,,
77157780,REQUEST_FAILED,,,,,
77157815,REQUEST_FAILED,,,,,
77157813,REQUEST_FAILED,,,,,
77157827,REQUEST_FAILED,,,,,
77157902,REQUEST_FAILED,,,,,
77157912,REQUEST_FAILED,,,,,
77157913,REQUEST_FAILED,,,,,
77157922,REQUEST_FAILED,,,,,
77158059,REQUEST_FAILED,,,,,
77158159,deadAbandoned,TOXIC MAGAZINE,"Feb. 09, 2008",Saxena Rohit,,contact@toxicmagazine.com
77158099,REQUEST_FAILED,,,,,
77158111,REQUEST_FAILED,,,,,
77158305,deadAbandoned,CLIENT SERVICE INTELLIGENCE,"Jul. 29, 2008",Serden Technologies,,rmartin@serden.com
77158399,deadAbandoned,CHAMPIONS CENTRE,"Feb. 04, 2008",Champions Centre,,davidy@championscentre.com
77158371,deadAbandoned,GORILLA AIR,"Feb. 04, 2008",AirGorilla,,officers@airgorilla.com
77158325,REQUEST_FAILED,,,,,
77158318,REQUEST_FAILED,,,,,
77158502,deadAbandoned,TWENTY50,"Oct. 02, 2008",TWENTY50,,gidz@hotmail.com
77158542,deadAbandoned,BILLY BAJA,"Jul. 23, 2008","Schutzenhofer, Edward",,res8814@yahoo.com
77158439,deadAbandoned,BODY ARMOR,"Aug. 20, 2008",Vessence Labs LLC,,jbbarnhorn@vessencelabs.com
77158438,REQUEST_FAILED,,,,,
77158455,REQUEST_FAILED,,,,,
77158567,deadAbandoned,GENERATIONMED,"Jul. 09, 2008","Schmidt, Joseph Otto",,jos@j0s.us
77158480,REQUEST_FAILED,,,,,
77158607,deadAbandoned,CONGLOMERIDE ENTERTAINMENT,"Aug. 20, 2008",CONGLOMERIDE INC,,ir@conglomeride.com
77158545,REQUEST_FAILED,,,,,
77158626,deadAbandoned,ILLITE,"Feb. 01, 2008","Pierre, David",,illiteproductions@gmail.com
77158676,deadAbandoned,UNIQUE NUTRITION,"Feb. 01, 2008",Unique Nutrition Inc,,uniquenutrition@aol.com
77158637,REQUEST_FAILED,,,,,
77158817,deadAbandoned,TECHSMART THE QUICK-START CAREER ACCELERATOR,"Dec. 15, 2008",CLOCKWORK IP,,docketing@pelaw.net
77158848,deadAbandoned,LISA BRAND,"Jan. 31, 2008",LC Cash and Carry,,ciocca3@aol.com
77158845,deadAbandoned,KID'$ CA$H GEY$ER!,"Feb. 03, 2008","Moneygeyser, Inc.",,
77158822,deadAbandoned,TRAP STARZ M.C.,"Jan. 31, 2008","Harvin, Brian L.",,blionelh@gmail.com
77158798,REQUEST_FAILED,,,,,
77158923,REQUEST_FAILED,,,,,
77158981,deadAbandoned,VIPROCEL,"Jul. 09, 2008",VIPROTEK,,viprotek@socal.rr.com
77158955,REQUEST_FAILED,,,,,
77158976,REQUEST_FAILED,,,,,
77158983,REQUEST_FAILED,,,,,
77159034,deadAbandoned,LONE ROCK,"Jul. 09, 2008",Madrona Property Company,,adamthomas@earthlink.net
77158995,REQUEST_FAILED,,,,,
77159070,deadAbandoned,C.R.E.A.M. CLOTHING,"Feb. 12, 2008",New Era Exhaust Products Inc.,,wildpigpipes@cs.com
77159090,deadAbandoned,"IDENTITY THEFT LOSS PREVENTION, LLC IDTLP","Feb. 07, 2008",THOMAS GLANVILLE,,tomglanville@idtlp.com
77159056,REQUEST_FAILED,,,,,
77159112,deadAbandoned,COZY ME,"Feb. 14, 2008","Gibson, Lenise L",,lenise7@sbcglobal.net
77159091,REQUEST_FAILED,,,,,
77159109,deadAbandoned,HELVETY BIKINI,"Jul. 16, 2008","Cardiff Advisors, Inc.",,
77159101,REQUEST_FAILED,,,,,
77159108,REQUEST_FAILED,,,,,
77159158,deadAbandoned,WHATABLAST,"Feb. 05, 2008","WhataBLAST, Ltd.",,
77159116,REQUEST_FAILED,,,,,
77159226,REQUEST_FAILED,,,,,
77159254,REQUEST_FAILED,,,,,
77159300,deadAbandoned,GATOR WHEY,"Feb. 04, 2008",Fortress Systems LLC,,
77159288,REQUEST_FAILED,,,,,
77159351,REQUEST_FAILED,,,,,
77159406,REQUEST_FAILED,,,,,
77159500,deadAbandoned,HPC-3,"Feb. 04, 2008",Fortress Systems LLC,,
77159467,REQUEST_FAILED,,,,,
77159534,deadAbandoned,APPREHENDER,"Feb. 05, 2008",RMB Industries Inc.,,marla.l@rmb-industries.com
77159510,REQUEST_FAILED,,,,,
77159565,REQUEST_FAILED,,,,,
77159619,REQUEST_FAILED,,,,,
77159841,deadAbandoned,SERENUS,"Jan. 03, 2008","T. J. Smith & Nephew, Limited",,
77159693,REQUEST_FAILED,,,,,
77159886,deadAbandoned,GROW HOMES,"Feb. 05, 2008","WaterSTONE Homes, L.L.C.",,
77159871,deadAbandoned,PRADES,"Feb. 08, 2008",Aria Worldwide S.L.,,email@santirecasens.com
77159947,deadAbandoned,None,"Feb. 01, 2008",Frederick C. Johnson,,
77159920,deadAbandoned,None,"Feb. 01, 2008",Frederick C. Johnson,,
77159855,REQUEST_FAILED,,,,,
77159961,deadAbandoned,MOJO,"Aug. 27, 2008","Larson, Robert",,
77159970,deadAbandoned,None,"Feb. 01, 2008",Frederick C. Johnson,,
77159964,deadAbandoned,MACHO JOCKO,"Aug. 27, 2008","Larson, Robert",,
77159891,REQUEST_FAILED,,,,,
77159980,deadAbandoned,None,"Feb. 01, 2008",Frederick C. Johnson,,
77159949,REQUEST_FAILED,,,,,
77160023,deadAbandoned,DIGIRAD ULTRASCAN SOLUTIONS,"Feb. 04, 2008","Digirad Ultrascan Solutions, Inc.",,
77160004,deadAbandoned,FORUMER,"Feb. 19, 2008",Cyberlime LLC,,admin@cyberlime.com
77159967,REQUEST_FAILED,,,,,
77160049,deadAbandoned,None,"Feb. 01, 2008",Frederick C. Johnson,,
77160005,REQUEST_FAILED,,,,,
77160090,REQUEST_FAILED,,,,,
77160100,REQUEST_FAILED,,,,,
77160132,REQUEST_FAILED,,,,,
77160224,deadAbandoned,None,"Jul. 09, 2008",COMMON ELEMENTS INC.,,
77160238,deadAbandoned,TRACKYOURHOURS,"Feb. 12, 2008",OnTrack Applications,,hspector@mac.com
77160164,REQUEST_FAILED,,,,,
77160271,deadAbandoned,MACJACKET,"Oct. 14, 2008","Halligan, Michael Ralph Robert",,halliganm@ppi-int.com
77160212,REQUEST_FAILED,,,,,
77160240,REQUEST_FAILED,,,,,
77160441,deadAbandoned,CULMINATE,"Jul. 09, 2008","Markowitz, David",,davidm@usa.net
77160424,deadAbandoned,GOT YA,"Jan. 28, 2008","papas,alex",,alextelcom@aol.com
77160274,REQUEST_FAILED,,,,,
77160553,deadAbandoned,MRS. MOORE'S CORNBREADS JUST POUR & BAKE,"May 22, 2008",Mrs. Moore'S Oven-Ready Cornbreads,,ovenreadycornbeads@yahoo.com
77160504,deadAbandoned,MAXIGEN,"Jan. 08, 2008","Rockmore Industries, LLC",,ntrimper@optonline.net
77160487,REQUEST_FAILED,,,,,
77160522,REQUEST_FAILED,,,,,
77160508,REQUEST_FAILED,,,,,
77160613,REQUEST_FAILED,,,,,
77160680,REQUEST_FAILED,,,,,
77160744,REQUEST_FAILED,,,,,
77160886,deadAbandoned,LANDMARK VIEW,"Jul. 28, 2008","Halo Software, LLC",,sharen@bangzoom.com
77160804,REQUEST_FAILED,,,,,
77160970,deadAbandoned,None,"Feb. 01, 2008",Frederick C. Johnson,,
77160897,REQUEST_FAILED,,,,,
77160951,deadAbandoned,None,"Feb. 01, 2008",Frederick C. Johnson,,
77160922,REQUEST_FAILED,,,,,
77160884,REQUEST_FAILED,,,,,
77161009,deadAbandoned,LANDMARK VISION,"Jul. 29, 2008","Halo Software, LLC",,sharen@bangzoom.com
77160964,REQUEST_FAILED,,,,,
77160992,REQUEST_FAILED,,,,,
77161095,deadAbandoned,HOT MUSCLE DUDES,"Feb. 25, 2008","Net Transactions, AVV",,
77161053,REQUEST_FAILED,,,,,
77161083,REQUEST_FAILED,,,,,
77161099,REQUEST_FAILED,,,,,
77161120,REQUEST_FAILED,,,,,
77161235,deadAbandoned,GLAM GIRL BOUTIQUE,"Feb. 05, 2008","Glam Girl Boutique, LLC",,jodi@glamgirlboutique.com
77161211,REQUEST_FAILED,,,,,
77161280,deadAbandoned,BLUE HAT WINE COMPANY,"Feb. 08, 2008",Neil M Koch,,neil@bluehatcellars.com
77161236,REQUEST_FAILED,,,,,
77161276,REQUEST_FAILED,,,,,
77161290,REQUEST_FAILED,,,,,
77161302,REQUEST_FAILED,,,,,
77161353,deadAbandoned,V VALENTI MADE IN ITALY,"Nov. 03, 2008","Discount Retail USA, Inc",,cs@discountretailusa.com
77161331,REQUEST_FAILED,,,,,
77161329,REQUEST_FAILED,,,,,
77161355,deadAbandoned,MOVIK,"May 16, 2008",ERARD S.A.,,s.cassidy@erard.fr
77161367,deadAbandoned,HITMAKERZ ENTERTAINMENT,"Feb. 07, 2008","Caldwell, Curtis Romell",,hitmakerz@tmail.com
77161354,REQUEST_FAILED,,,,,
77161358,REQUEST_FAILED,,,,,
77161593,deadAbandoned,ART TRAVEL DESK,"Jul. 16, 2008","Mezan, Eric",,info@art-process.com
77161469,REQUEST_FAILED,,,,,
77161533,REQUEST_FAILED,,,,,
77161607,REQUEST_FAILED,,,,,
77161689,deadAbandoned,SURFDADDY,"Feb. 07, 2008","Norman, Nelson",,
77161630,REQUEST_FAILED,,,,,
77161638,REQUEST_FAILED,,,,,
77161715,REQUEST_FAILED,,,,,
77161731,REQUEST_FAILED,,,,,
77161860,REQUEST_FAILED,,,,,
77161873,REQUEST_FAILED,,,,,
77162098,deadAbandoned,UTILITY EXPENSE MANAGEMENT,"Feb. 05, 2008","ista, North America, Inc.",,dgore@ista-na.com
77162168,deadAbandoned,PEOPLEVERSITY,"Feb. 04, 2008","Kanatara, LLC",,misc@tax-exempt-status.com
77162012,REQUEST_FAILED,,,,,
77162138,REQUEST_FAILED,,,,,
77162188,REQUEST_FAILED,,,,,
77162205,REQUEST_FAILED,,,,,
77162281,REQUEST_FAILED,,,,,
77162340,REQUEST_FAILED,,,,,
77162342,REQUEST_FAILED,,,,,
77162353,REQUEST_FAILED,,,,,
77162398,deadAbandoned,TD FISH,"Jul. 09, 2008","Teoh, Eng Seng",,tdfish@gmail.com
77162372,deadAbandoned,W,"Jul. 16, 2008","Qiuping, Wang",,wqp@860579.com
77162438,deadAbandoned,ONEDRIVE,"Feb. 07, 2008","Dr. Meyer-Reil, Arndt",,meyer@asiaonegroup.com
77162378,REQUEST_FAILED,,,,,
77162411,REQUEST_FAILED,,,,,
77162452,REQUEST_FAILED,,,,,
77162507,deadAbandoned,GET SPREAD,"Jul. 09, 2008",DN Leasing LLC,,flashyvoter@yahoo.com
77162472,REQUEST_FAILED,,,,,
77162519,deadAbandoned,EUPHONOS,"Feb. 14, 2008","Euphonos Investments, LLC",,euphonosaudio@gmail.com
77162512,REQUEST_FAILED,,,,,
77162548,deadAbandoned,SIGNATURE MODEL,"Jun. 20, 2008","The Lord's Porter, Co.",,livingtruthful@yahoo.com
77162543,deadAbandoned,THE VIRTUALCPA,"Feb. 07, 2008","Raley, Leonard Stancil",,stan@raleycpa.com
77162549,deadAbandoned,PROFESSIONAL MODEL,"Jun. 20, 2008","The Lord's Porter, Co.",,livingtruthful@yahoo.com
77162521,REQUEST_FAILED,,,,,
77162525,REQUEST_FAILED,,,,,
77162620,deadAbandoned,GUARDIAN AUTOMOTIVE APPEARANCE PROTECTION PLAN,"Nov. 26, 2008","ROSS-CONN, L.L.C.",,mdross@mchsi.com
77162565,REQUEST_FAILED,,,,,
77162563,REQUEST_FAILED,,,,,
77162628,REQUEST_FAILED,,,,,
77162691,deadAbandoned,ILLHOSTIT,"Feb. 11, 2008","Harmless Media, LLC",,john@harmlessmedia.com
77162649,REQUEST_FAILED,,,,,
77162667,REQUEST_FAILED,,,,,
77162680,REQUEST_FAILED,,,,,
77162685,REQUEST_FAILED,,,,,
77162799,deadAbandoned,ENGLISH BY EL RAZA,"Feb. 12, 2008","Verheem, Johann B.",,johannv@eqmedia.com
77162727,REQUEST_FAILED,,,,,
77162858,deadAbandoned,CAMPUS LEGENDS,"Jul. 16, 2008","Martin Jr., David L.",,davidmartin_jr@yahoo.com
77162842,REQUEST_FAILED,,,,,
77162938,REQUEST_FAILED,,,,,
77162944,REQUEST_FAILED,,,,,
77163016,deadAbandoned,AMORFIS,"Feb. 08, 2008",Amorfis,,kim@amorfis.com
77163035,deadAbandoned,NUTRASPRESSO,"Jul. 16, 2008",Gustin Foods LLC,,dave@gustinfoodsllc.com
77163021,REQUEST_FAILED,,,,,
77163044,REQUEST_FAILED,,,,,
77163055,REQUEST_FAILED,,,,,
77163081,REQUEST_FAILED,,,,,
77163178,deadAbandoned,BABY CHAPS,"Feb. 08, 2008","Grimes, Elizabeth A.",,ealdonor@aol.com
77163302,deadAbandoned,WOMOTO,"Jul. 09, 2008","Qiuping, Wang",,wqp@860579.com
77163289,REQUEST_FAILED,,,,,
77163424,deadAbandoned,"""WAVE ROD"" THE HOT RODS OF THE OCEAN. WAVE ROD.COM","Feb. 06, 2008","Fry, Jeremy",,surf@waverod.com
77163325,REQUEST_FAILED,,,,,
77163353,REQUEST_FAILED,,,,,
77163440,REQUEST_FAILED,,,,,
77163492,REQUEST_FAILED,,,,,
77163595,deadAbandoned,LAS BANDIDAS,"Jul. 16, 2008","Pilgrim, Nicholas",,nickpilgrim20@hotmail.com
77163521,REQUEST_FAILED,,,,,
77163654,REQUEST_FAILED,,,,,
77163760,deadAbandoned,BONDI AUSTRALIAN WINE,"Oct. 01, 2008","Bennie, Ross Andrew",,ross.bennie@bigpond.com
77163678,REQUEST_FAILED,,,,,
77163723,REQUEST_FAILED,,,,,
77163727,REQUEST_FAILED,,,,,
77163773,REQUEST_FAILED,,,,,
77163856,REQUEST_FAILED,,,,,
77163931,REQUEST_FAILED,,,,,
77163957,deadAbandoned,CLEAN TAG,"Feb. 11, 2008",Metropolitan Mayors Caucus,,
77164060,REQUEST_FAILED,,,,,
77164093,deadAbandoned,E MAIDLAND,"Feb. 11, 2008",A. J. AMERSON CORP.,,HIBOBY@HOTMAIL.COM
77164142,deadAbandoned,NU GENESIS NUTRITIONALS,"Jul. 16, 2008",Biorite Nutritionals LLC,,findrockynow@hotmail.com
77164088,REQUEST_FAILED,,,,,
77164082,REQUEST_FAILED,,,,,
77164208,REQUEST_FAILED,,,,,
77164217,REQUEST_FAILED,,,,,
77164312,deadAbandoned,THE FEMININE SIDE OF RUM,"Jul. 09, 2008",Bambu Imports LLC,,david@bamburum.com
77164294,REQUEST_FAILED,,,,,
77164330,deadAbandoned,KORNET PIZZA NON SOLO PIZZA...,"Oct. 27, 2008","PETTI, ANDREA",,andrea.petti@kornetpizza.com
77164301,REQUEST_FAILED,,,,,
77164442,REQUEST_FAILED,,,,,
77164510,REQUEST_FAILED,,,,,
77164599,deadAbandoned,WHITE ESTATE,"Aug. 20, 2008","Bowker, Gordon",,michael@michaelthomascreative.com
77164554,REQUEST_FAILED,,,,,
77164598,REQUEST_FAILED,,,,,
77164591,REQUEST_FAILED,,,,,
77164667,REQUEST_FAILED,,,,,
77164660,REQUEST_FAILED,,,,,
77164715,REQUEST_FAILED,,,,,
77164731,REQUEST_FAILED,,,,,
77164799,deadAbandoned,OUTLOOK FINANCIAL,"Feb. 15, 2008","Nienow, Nicole D DBA Outlook Financial",,nikki_nienow@hotmail.com
77164780,REQUEST_FAILED,,,,,
77164804,deadAbandoned,RENAISSANCE GLASS,"Feb. 19, 2008","Job, George William",,meixia@billjob.com
77164790,REQUEST_FAILED,,,,,
77164850,deadAbandoned,VIAL TOSS BACK,"Jan. 19, 2008","Navigator Security Shredding, Inc.",,laurarice@gmail.com
77164835,deadAbandoned,FLV PLAYER,"Feb. 15, 2008",OR Interactive LTD,,ori.rejwan@gmail.com
77164978,deadAbandoned,SANS REGLES,"Feb. 13, 2008",roslyn braun,,roslyn@braun1.freeserve.co.uk
77164836,REQUEST_FAILED,,,,,
77164842,REQUEST_FAILED,,,,,
77164865,REQUEST_FAILED,,,,,
77165126,deadAbandoned,FLAVOR FRUIT,"Feb. 08, 2008","Flavor Fruit Entertainment, LLC",,flavorfruit@gmail.com
77165045,REQUEST_FAILED,,,,,
77165038,REQUEST_FAILED,,,,,
77165175,deadAbandoned,SUPER INTERNET MARKETERS HALL OF FAME,"Feb. 09, 2008","Koon, Henry",,koon@optonline.net
77165062,REQUEST_FAILED,,,,,
77165166,REQUEST_FAILED,,,,,
77165229,deadAbandoned,GOLD RUSH,"Feb. 10, 2008",david alpert,,dalp@verizon.net
77165210,deadAbandoned,"MEGA CASHWORD, CASHWORD","Feb. 10, 2008",david Alpert,,dalp@verizon.net
77165228,deadAbandoned,INTERACTIVE OPERATING LEASE,"Feb. 19, 2008",Hospital Financial Service Corporation,,grantmabey@gmail.com
77165206,REQUEST_FAILED,,,,,
77165268,deadAbandoned,COVER YOUR LOVER,"Jul. 16, 2008","Luckett, Johnny L.",,cathy@firebrand-design.com
77165279,deadAbandoned,ADVANCED PROTECTION SERVICE,"Feb. 19, 2008",Hospital Financial Service Corporation,,grantmabey@gmail.com
77165261,REQUEST_FAILED,,,,,
77165399,deadAbandoned,SUPER AFFILIATES HALL OF FAME,"Jul. 09, 2008",Henry Koon,,koon@optonline.net
77165306,REQUEST_FAILED,,,,,
77165310,REQUEST_FAILED,,,,,
77165319,REQUEST_FAILED,,,,,
77165366,REQUEST_FAILED,,,,,
77165483,REQUEST_FAILED,,,,,
77165638,deadAbandoned,ZP,"Feb. 11, 2008","ZODiAC PRODUCTiONS, LLC.",,dimitry.berg@gmail.com
77165584,REQUEST_FAILED,,,,,
77165620,REQUEST_FAILED,,,,,
77165623,REQUEST_FAILED,,,,,
77165810,deadAbandoned,MIRACLE JOURNAL,"Feb. 09, 2008",aleco jaime bravo,,alecob@hotmail.com
77165763,REQUEST_FAILED,,,,,
77165904,deadAbandoned,REZILIENT,"Feb. 11, 2008",energy enhancing enterprieses,,energyenhancing@gmail.com
77165814,REQUEST_FAILED,,,,,
77165874,deadAbandoned,SIP ESPRESSO,"Feb. 11, 2008","foroozanfar,leslie,m",,lforoozanfar@gmail.com
77165911,deadAbandoned,XYVOICES,"Jul. 16, 2008","Muchecki, Miroslaw M",,fineartbox@yahoo.com
77165846,REQUEST_FAILED,,,,,
77165965,deadAbandoned,SERVE AND DETECT,"Feb. 13, 2008",JOHN M DOOLEY JR,,
77165969,deadAbandoned,THE RHYTHMIX,"Feb. 18, 2008",John C. Dean,,
77165937,REQUEST_FAILED,,,,,
77165946,REQUEST_FAILED,,,,,
77166000,deadAbandoned,BLUEPASS ID CARD,"Dec. 08, 2008",American Trade Media,,
77165967,REQUEST_FAILED,,,,,
77165977,REQUEST_FAILED,,,,,
77166056,REQUEST_FAILED,,,,,
77166275,deadAbandoned,AMERICA'S HEROS,"Feb. 10, 2008",david alpert,,dalp@verizon.net
77166257,REQUEST_FAILED,,,,,
77166331,deadAbandoned,XROADS NETWORKS,"Mar. 21, 2008",XRoads Networks,,dfrench@xroadsnetworks.com
77166265,REQUEST_FAILED,,,,,
77166329,REQUEST_FAILED,,,,,
77166387,REQUEST_FAILED,,,,,
77166585,deadAbandoned,INSURE CORPORATE BENEFITS,"Feb. 11, 2008","Insure Corporate Benefits, Inc.",,
77166439,REQUEST_FAILED,,,,,
77166562,deadAbandoned,GOLDEN CAMELOT,"Feb. 09, 2008","A-1 Textiles & Hospitality Products, Inc.",,mark@a1textiles.com
77166462,REQUEST_FAILED,,,,,
77166782,deadAbandoned,VIDEO CADDY,"Feb. 12, 2008","Kendall, Charles",,ricekendall@hotmail.com
77166723,REQUEST_FAILED,,,,,
77166804,deadAbandoned,GRILLVILLE,"Jul. 16, 2008","Leichtling, Jerrold R.",,Interjerry@verizon.net
77166726,REQUEST_FAILED,,,,,
77166793,REQUEST_FAILED,,,,,
77166831,REQUEST_FAILED,,,,,
77166829,REQUEST_FAILED,,,,,
77166880,REQUEST_FAILED,,,,,
77166948,REQUEST_FAILED,,,,,
77166985,deadAbandoned,WELCOME TO THE DAWN OF A NEW ERA,"Sep. 22, 2008",Eagle Shield Inc.,,wsteiner@alliancegroup.net
77167035,deadAbandoned,OLIVIA MOJICA,"Feb. 11, 2008",Olivia Marina Mojica,,oliviamojica@gmail.com
77166993,REQUEST_FAILED,,,,,
77167097,deadAbandoned,THE KIND LIGHT,"Jul. 16, 2008","Alberts, Sean Douglas",,sean@seanalberts.com
77167021,REQUEST_FAILED,,,,,
77167109,REQUEST_FAILED,,,,,
77167111,REQUEST_FAILED,,,,,
77167261,REQUEST_FAILED,,,,,
77167417,deadAbandoned,VISION TV,"Aug. 04, 2008",BEE MediaSoft Limited,,
77167441,deadAbandoned,4PLAY,"Jul. 16, 2008",United Systems Access Inc.,,dwagar@usacsp.com
77167391,REQUEST_FAILED,,,,,
77167471,deadAbandoned,VISION TV,"Feb. 05, 2008",BEE MediaSoft Limited,,
77167461,REQUEST_FAILED,,,,,
77167462,REQUEST_FAILED,,,,,
77167490,REQUEST_FAILED,,,,,
77167681,deadAbandoned,TEX'S,"Feb. 13, 2008","IdeaBox Marketing Group, Inc.",,measure@idworld.net
77167643,REQUEST_FAILED,,,,,
77167659,REQUEST_FAILED,,,,,
77167698,REQUEST_FAILED,,,,,
77167707,REQUEST_FAILED,,,,,
77167815,REQUEST_FAILED,,,,,
77167817,REQUEST_FAILED,,,,,
77167955,REQUEST_FAILED,,,,,
77167957,REQUEST_FAILED,,,,,
77168005,REQUEST_FAILED,,,,,
77168148,deadAbandoned,BEING DIABETIC,"Feb. 14, 2008",Debra Santos LLC,,deb@swpent.com
77168113,REQUEST_FAILED,,,,,
77168117,REQUEST_FAILED,,,,,
77168120,REQUEST_FAILED,,,,,
77168139,REQUEST_FAILED,,,,,
77168176,REQUEST_FAILED,,,,,
77168222,REQUEST_FAILED,,,,,
77168259,deadAbandoned,FORT NOTTAKEN,"Jul. 16, 2008","Teodorescu, Matei",,mateiteodorescu@yahoo.com
77168289,deadAbandoned,LET'S PRAY TODAY,"Feb. 15, 2008",Let's Pray Today LLC,,endebrock@sbcglobal.net
77168287,deadAbandoned,MAXSCAN,"Feb. 15, 2008","Shenzhen Autel Intelligent Technology Co. Ltd.,",,jessie0127@163.com
77168288,deadAbandoned,EVO,"Oct. 08, 2008",Meatless Gourmet Inc.,,
77168308,deadAbandoned,WANBRIDGE,"Aug. 21, 2008","PhonicEQ, Inc.",,
77168280,REQUEST_FAILED,,,,,
77168291,REQUEST_FAILED,,,,,
77168293,REQUEST_FAILED,,,,,
77168374,deadAbandoned,MEDLIFE PUBLISHING,"Apr. 28, 2008","Medlife Publishing, Inc.",,info@medlifepublishing.com
77168387,REQUEST_FAILED,,,,,
77168459,deadAbandoned,LIAPELA MODERN BABY DESIGN,"Jul. 23, 2008",Liapela Corp.,,alejandra@liapela.com
77168440,deadAbandoned,THE SMILEY FACE GUYS,"Feb. 15, 2008",Rudee Inlet Parasail,,micfish1@cox.net
77168467,deadAbandoned,SURFIN WITH THE ALIENS,"Jul. 16, 2008","BOWENS, DAVID L.",,DAHVEID@COMCAST.NET
77168437,REQUEST_FAILED,,,,,
77168462,REQUEST_FAILED,,,,,
77168461,REQUEST_FAILED,,,,,
77168476,REQUEST_FAILED,,,,,
77168488,deadAbandoned,TABLE KENO,"Feb. 15, 2008",Piper Gaming Corporation,,info@pipergaming.com
77168530,deadAbandoned,STERANKO STUDIOS,"Feb. 21, 2008",Brian D. Allen,,sterankostudios@inbox.com
77168514,REQUEST_FAILED,,,,,
77168577,deadAbandoned,HYPERCOMPRESSION,"Jul. 23, 2008",Appex Networks LLC.,,wang_yd@yahoo.com
77168542,REQUEST_FAILED,,,,,
77168595,deadAbandoned,JOB OFFER AGENT,"Feb. 20, 2008","StaffCV, Inc.",,gayleen.robinson@staffcv.com
77168545,REQUEST_FAILED,,,,,
77168607,deadAbandoned,JENNA PHILLIPS,"Jul. 23, 2008","Phillips, Jenna",,
77168567,REQUEST_FAILED,,,,,
77168632,deadAbandoned,LIQUID WHOLE,"Jul. 09, 2008","Rogers, Bruce A.",,ba.rogers@comcast.net
77168631,deadAbandoned,UPSKIRT,"Jul. 16, 2008",Nigel Christensen,,nigelchristensen@hotmail.com
77168602,REQUEST_FAILED,,,,,
77168628,REQUEST_FAILED,,,,,
77168630,REQUEST_FAILED,,,,,
77168717,deadAbandoned,QUBES,"Feb. 15, 2008",ANTHROPEDIA INTERNATIONAL CO. LTD.,,eiji0808@so-net.net.tw
77168764,deadAbandoned,HORSE BLOXX,"Feb. 25, 2008","TDI, Inc.",,tdihorse@aol.com
77168788,deadAbandoned,FRUBBER,"Jun. 12, 2008","Hanson Robotics, Inc.",,greg@hansonrobotics.com
77168688,REQUEST_FAILED,,,,,
77168796,deadAbandoned,"DCEVOCLUB, DC EVO, DCEVO, DC EVO CLUB","Mar. 13, 2008","Phre Solutions, LLC",,apursell@phre.net
77168778,REQUEST_FAILED,,,,,
77168801,REQUEST_FAILED,,,,,
77168890,deadAbandoned,ALTA PHARMACEUTICALS,"Feb. 26, 2008",Davide M. Marini,,dmarini@mit.edu
77168850,REQUEST_FAILED,,,,,
77168905,deadAbandoned,BENEVOLENT BLENDS,"Feb. 15, 2008","LaserMonks, Inc.",,orders@lasermonks.com
77168864,REQUEST_FAILED,,,,,
77168860,REQUEST_FAILED,,,,,
77168888,REQUEST_FAILED,,,,,
77168998,deadAbandoned,LISTINGVUE,"Feb. 14, 2008",ListingVUE,,info@listingvue.com
77169062,deadAbandoned,CURIEUX,"Feb. 19, 2008","sunjeen, inc.",,christina@sunjeen.com
77168993,REQUEST_FAILED,,,,,
77169200,deadAbandoned,GOGREEN MAN,"Jul. 23, 2008","Lee, Kyoung T.",,gogreenman@gogreenman.com
77169023,REQUEST_FAILED,,,,,
77169263,deadAbandoned,CONNECTING POINT,"Apr. 29, 2008","Rydell Company, LLC",,john@networxonline.com
77169189,deadAbandoned,AKDENIMS,"May 05, 2008",Allura Imports Inc.,,
77169087,REQUEST_FAILED,,,,,
77169400,deadAbandoned,POWER SHOWER SPA,"Feb. 20, 2008","MIRPURI, HESHMUKH",,
77169402,deadAbandoned,YOU BUY INVENTIONS,"Feb. 20, 2008","MIRPURI, HESHMUKH",,
77169369,deadAbandoned,BIRD SONG,"Feb. 18, 2008","Bucci, Dorine",,herbaltonx@yahoo.com
77169292,REQUEST_FAILED,,,,,
77169333,REQUEST_FAILED,,,,,
77169432,REQUEST_FAILED,,,,,
77169417,REQUEST_FAILED,,,,,
77169443,REQUEST_FAILED,,,,,
77169705,deadAbandoned,ROLL-ABILITY PRESS-ABILITY FLANGE-ABILITY SHEAR-ABILITY PROFIT-ABILITIES,"Oct. 02, 2008","Cole-Tuve, Inc.",,irv@coletuve.com
77169670,REQUEST_FAILED,,,,,
77169726,deadAbandoned,BIO HI-TECH,"Feb. 20, 2008",Chun Il Koh,,
77169775,deadAbandoned,AFRAM JEWELERS,"Feb. 19, 2008","Morataya, Miriam Afram",,mirataya@aol.com
77169728,REQUEST_FAILED,,,,,
77169796,deadAbandoned,OEM2OEM WWW.OEM2OEM.COM,"Jul. 16, 2008",WWW.OEM2OEM.COM,,CEO@OEM2OEM.COM
77169790,REQUEST_FAILED,,,,,
77169909,REQUEST_FAILED,,,,,
77169989,REQUEST_FAILED,,,,,
77169997,REQUEST_FAILED,,,,,
77170064,REQUEST_FAILED,,,,,
77170088,REQUEST_FAILED,,,,,
77170091,REQUEST_FAILED,,,,,
77170245,REQUEST_FAILED,,,,,
77170352,REQUEST_FAILED,,,,,
77170332,REQUEST_FAILED,,,,,
77170413,REQUEST_FAILED,,,,,
77170444,REQUEST_FAILED,,,,,
77170497,REQUEST_FAILED,,,,,
77170516,deadAbandoned,FINNEGANS BREW,"Feb. 16, 2008","Finnegan, Nicholas J.",,nick@finnegansbrew.com
77170518,REQUEST_FAILED,,,,,
77170567,deadAbandoned,SUBFLOW,"Feb. 21, 2008",Irrigation and Water Technologies Pty. Ltd,,info@iwtech.com.au
77170552,REQUEST_FAILED,,,,,
77170595,deadAbandoned,EXECUTIVE FREE AGENT,"Feb. 25, 2008","EPOCH Partners, LLC",,patricia.fox1@comcast.net
77170568,REQUEST_FAILED,,,,,
77170605,REQUEST_FAILED,,,,,
77170648,REQUEST_FAILED,,,,,
77170710,deadAbandoned,ALGAEFUEL,"Feb. 22, 2008","Brendel, Alex J.",,abrendel@earthlink.net
77170721,REQUEST_FAILED,,,,,
77170725,REQUEST_FAILED,,,,,
77170861,deadAbandoned,GREEN BOOST,"Jul. 23, 2008",Soler & Palau,,ssorkki@solerpalau-usa.com
77170859,deadAbandoned,GREEN FLOW,"Jul. 23, 2008",Soler & Palau,,ssorkki@solerpalau-usa.com
77170854,REQUEST_FAILED,,,,,
77170961,REQUEST_FAILED,,,,,
77170978,REQUEST_FAILED,,,,,
77170988,REQUEST_FAILED,,,,,
77171033,REQUEST_FAILED,,,,,
77171161,deadAbandoned,PACIFIC SOLARTECH,"Feb. 17, 2008",Pacific SolarTech,,lily@ccmfg.com
77171148,REQUEST_FAILED,,,,,
77171229,deadAbandoned,PRICE FOR $URE YOUR ONE-STOP VIRTUAL STORE,"Feb. 20, 2008",PriceforSure.com,,Lateef@priceforsure.com
77171217,REQUEST_FAILED,,,,,
77171337,deadAbandoned,MUNDIAL,"Feb. 19, 2008","CVC Financial, L.P.",,
77171267,deadAbandoned,ADVANCED THERMAL IONIC SANITIZATION,"Feb. 24, 2008","Daimer Industries, Inc.",,alang3399@yahoo.com
77171304,REQUEST_FAILED,,,,,
77171375,REQUEST_FAILED,,,,,
77171382,REQUEST_FAILED,,,,,
77171395,REQUEST_FAILED,,,,,
77171396,REQUEST_FAILED,,,,,
77171472,deadAbandoned,BHH BRAND HIP HOP,"Feb. 19, 2008","Brockington, Orey",,oreybr@msn.com
77171436,REQUEST_FAILED,,,,,
77171464,REQUEST_FAILED,,,,,
77171509,REQUEST_FAILED,,,,,
77171523,REQUEST_FAILED,,,,,
77171539,deadAbandoned,C3 CORPORATE CLIMATE CHANGE,"Jun. 12, 2008","Planet Rewards, LLC",,banks.jamie@gmail.com
77171563,REQUEST_FAILED,,,,,
77171573,REQUEST_FAILED,,,,,
77171575,REQUEST_FAILED,,,,,
77171638,deadAbandoned,PURANHA,"Jul. 23, 2008",TEKQUEST INDUSTRIES CORPORATION,,sfrazier@tekquestindustries.com
77171671,deadAbandoned,| AGATHON SOLUTIONS,"Feb. 24, 2008",Agathon Design LLC,,a.rocco@agathonsolutions.com
77171618,REQUEST_FAILED,,,,,
77171750,REQUEST_FAILED,,,,,
77171856,deadAbandoned,NEXTGEN,"Feb. 21, 2008",NextAction,,natascha.lee@nextaction.net
77171878,deadAbandoned,SEARS ROOFING THE NAME YOU CAN TRUST,"Feb. 11, 2008","Ray, Glenn D",,glenndray@comcast.net
77171837,REQUEST_FAILED,,,,,
77171855,REQUEST_FAILED,,,,,
77171879,REQUEST_FAILED,,,,,
77171903,REQUEST_FAILED,,,,,
77171947,deadAbandoned,CASH KEEPER ADVANTAGE,"Jan. 17, 2008","Sun West Mortgage Company, Inc.",,preeti@swmc.com
77171918,REQUEST_FAILED,,,,,
77172028,deadAbandoned,None,"Sep. 05, 2008","Bombin' Lifestyle, Inc.",,bombinmagazine@aol.com
77172017,REQUEST_FAILED,,,,,
77172029,REQUEST_FAILED,,,,,
77172039,REQUEST_FAILED,,,,,
77172093,deadAbandoned,"THIS MAY LOOK LIKE THE MIDDLE OF NOWHERE, GIVE US A CALL AND WE'RE THERE","Feb. 22, 2008",David Fleming,,info@roadcareplus.org
77172058,REQUEST_FAILED,,,,,
77172124,deadAbandoned,TOP GUN OF LOVE,"Feb. 17, 2008","Wiegers, Frank A.",,fwiegers@mindspring.com
77172088,REQUEST_FAILED,,,,,
77172115,REQUEST_FAILED,,,,,
77172237,deadAbandoned,GLOBETROTTER,"Feb. 22, 2008","Quo Vadimus Consulting, Inc.",,Solutions@atlantatechworks.com
77172160,REQUEST_FAILED,,,,,
77172218,REQUEST_FAILED,,,,,
77172342,REQUEST_FAILED,,,,,
77172377,REQUEST_FAILED,,,,,
77172481,deadAbandoned,W2P,"Feb. 19, 2008",Southern California Graphics,,amir_s@socalgraph.com
77172418,REQUEST_FAILED,,,,,
77172487,deadAbandoned,SAPPHIRE SUN FRAGRANCES,"Jul. 23, 2008",CJ Product Solutions Inc.,,johnm@cjpsinc.com
77172499,deadAbandoned,SCGXPRS,"Jul. 23, 2008",Southern California Graphics,,amir_s@socalgraph.com
77172438,REQUEST_FAILED,,,,,
77172535,deadAbandoned,POWDER IS OUR MIDDLE NAME,"Jun. 26, 2008","Grand Targhee Resort, LLC",,
77172540,deadAbandoned,CYTEKBMS,"Feb. 18, 2008",CyTek Studios Inc.,,
77172502,REQUEST_FAILED,,,,,
77172522,REQUEST_FAILED,,,,,
77172563,deadAbandoned,EXTREME COLOR PROCESS,"Jul. 30, 2008",Southern California Graphics,,amir_s@socalgraph.com
77172564,REQUEST_FAILED,,,,,
77172631,deadAbandoned,POOL RESCUE,"Feb. 18, 2008",Intellectual Property Development Corporation Pty Limited,,helen.kearney@middletons.com
77172580,REQUEST_FAILED,,,,,
77172680,deadAbandoned,SERVI FORM,"Feb. 18, 2008",Serviform S.r.l.,,info@mrzp.com
77172657,REQUEST_FAILED,,,,,
77172656,REQUEST_FAILED,,,,,
77172688,REQUEST_FAILED,,,,,
77172740,REQUEST_FAILED,,,,,
77172843,REQUEST_FAILED,,,,,
77172918,REQUEST_FAILED,,,,,
77172945,REQUEST_FAILED,,,,,
77172955,REQUEST_FAILED,,,,,
77173002,REQUEST_FAILED,,,,,
77173012,REQUEST_FAILED,,,,,
77173022,REQUEST_FAILED,,,,,
77173079,deadAbandoned,PICA SLICE,"Jul. 08, 2008",CANDELARIO LOPEZ ERIBERTO,,cramirez@uribeyasociados.com
77173035,REQUEST_FAILED,,,,,
77173042,REQUEST_FAILED,,,,,
77173113,REQUEST_FAILED,,,,,
77173154,REQUEST_FAILED,,,,,
77173270,REQUEST_FAILED,,,,,
77173295,REQUEST_FAILED,,,,,
77173318,REQUEST_FAILED,,,,,
77173371,REQUEST_FAILED,,,,,
77173486,REQUEST_FAILED,,,,,
77173527,REQUEST_FAILED,,,,,
77173539,REQUEST_FAILED,,,,,
77173597,REQUEST_FAILED,,,,,
77173599,REQUEST_FAILED,,,,,
77173637,REQUEST_FAILED,,,,,
77173670,REQUEST_FAILED,,,,,
77173729,deadAbandoned,FOSTER PINK,"Mar. 10, 2008",Foster Enrique,,enriquefostergittes@gmail.com
77173698,REQUEST_FAILED,,,,,
77173709,REQUEST_FAILED,,,,,
77173733,REQUEST_FAILED,,,,,
77173737,REQUEST_FAILED,,,,,
77173741,REQUEST_FAILED,,,,,
77173754,deadAbandoned,THE SA RA TECHNIQUE,"Feb. 20, 2008","Arnold, Merlinda",,sacredway@earthlink.net
77173774,deadAbandoned,NUTRIETY,"Jul. 23, 2008","Lopez, Juan A",,jlopez@nutriva.com.mx
77173775,deadAbandoned,AMERICAN GREEN CAB COMPANY,"Feb. 21, 2008",William H Washington,,billwash@sbcglobal.net
77173758,REQUEST_FAILED,,,,,
77173759,REQUEST_FAILED,,,,,
77173821,deadAbandoned,DO IT FOR JOE,"Feb. 20, 2008","Keith, Michael L.",,
77173824,deadAbandoned,AFRAN,"Feb. 20, 2008","Oliveira, Afrânio de",,afran_contato@hotmail.com
77173835,deadAbandoned,GRAND TARGHEE RESORT...THE HEART OF THE TETONS,"Dec. 22, 2008","Grand Targhee Resort, LLC",,
77173831,deadAbandoned,EUKON,"Feb. 21, 2008","EUKON DIGITAL, INC.",,chris.huang@eukondigital.com
77173836,deadAbandoned,DIAL N SMILE - THE SMILE REVOLUTION,"Aug. 13, 2008","Banki, Paria Jaszmine",,pjb.laglobal@ntlworld.com
77173785,REQUEST_FAILED,,,,,
77173885,deadAbandoned,REOPRO - REAL ESTATE OWNED PROFESSIONAL,"Feb. 15, 2008","First Dimension Publishing, LLC",,laurarice@gmail.com
77173834,REQUEST_FAILED,,,,,
77173889,deadAbandoned,VARIETY BITES,"Feb. 25, 2008",VarietyBites Food Group LLC,,BITETHISFOODS@AOL.COM
77173933,deadAbandoned,EFAX CHINA,"Feb. 21, 2008","Chu, Michael",,michael@triteck.com
77173865,REQUEST_FAILED,,,,,
77173921,REQUEST_FAILED,,,,,
77174048,deadAbandoned,MAGIC BIO,"Feb. 20, 2008",Chun Il Koh,,
77173936,REQUEST_FAILED,,,,,
77174015,REQUEST_FAILED,,,,,
77174145,REQUEST_FAILED,,,,,
77174225,deadAbandoned,ANTIPOP,"Jul. 23, 2008","The Guild, LLC",,brendanshayes@yahoo.com
77174199,REQUEST_FAILED,,,,,
77174241,REQUEST_FAILED,,,,,
77174387,REQUEST_FAILED,,,,,
77174391,REQUEST_FAILED,,,,,
77174545,REQUEST_FAILED,,,,,
77174541,REQUEST_FAILED,,,,,
77174569,REQUEST_FAILED,,,,,
77174722,REQUEST_FAILED,,,,,
77174796,REQUEST_FAILED,,,,,
77174863,deadAbandoned,ATAK,"Dec. 29, 2008",Schoenfeld International Inc.,,nash49@aol.com
77174886,REQUEST_FAILED,,,,,
77174995,deadAbandoned,SPECIFER AND YOUR BUILDING IS DONE!,"Feb. 20, 2008",Franks Library,,martyn@specifier.com.au
77175050,deadAbandoned,STONE CRAFTSMAN,"Feb. 24, 2008","stonecarecentral.com, LLC",,georgia@stonecarecentral.com
77175015,REQUEST_FAILED,,,,,
77175026,REQUEST_FAILED,,,,,
77175118,deadAbandoned,HD JIGSAW PUZZLES,"May 22, 2008","Levy, Richard C.",,toysrme@gmail.com
77175037,REQUEST_FAILED,,,,,
77175077,REQUEST_FAILED,,,,,
77175152,REQUEST_FAILED,,,,,
77175211,REQUEST_FAILED,,,,,
77175239,REQUEST_FAILED,,,,,
77175309,REQUEST_FAILED,,,,,
77175491,REQUEST_FAILED,,,,,
77175513,REQUEST_FAILED,,,,,
77175613,deadAbandoned,A ROMANTIC OCCASION,"Feb. 25, 2008",Regina Pierce,,regina.pierce2@verizon.net
77175697,deadAbandoned,SIMPLE. EASY. SMART!,"Feb. 28, 2008",K.C. Police Credit Union,,webmaster@kcpcu.org
77175649,REQUEST_FAILED,,,,,
77175664,REQUEST_FAILED,,,,,
77175730,REQUEST_FAILED,,,,,
77175830,deadAbandoned,MATCHNOTES,"Jun. 30, 2008","Li, Ivory",,ranllc@gmail.com
77175836,REQUEST_FAILED,,,,,
77175951,REQUEST_FAILED,,,,,
77175975,REQUEST_FAILED,,,,,
77176034,deadAbandoned,POWERHOUSE,"Feb. 27, 2008","Burson, Dale P.",,palusb@netscape.net
77176063,deadAbandoned,FRESH & HEALTHY FEMALE ONE,"Sep. 06, 2008","USA FAR OCEAN GROUP, LLC",,CHEUNGCHUCPA@YAHOO.COM
77176009,REQUEST_FAILED,,,,,
77176073,deadAbandoned,None,"Nov. 17, 2008","Liu, Ellis Yiu Wing",,ellisliu@163.com
77176022,REQUEST_FAILED,,,,,
77176083,deadAbandoned,DR. CLEAR,"Jul. 27, 2008",MDT Micro Diamond Technologies Ltd,,jamie@mdt.co.il
77176092,deadAbandoned,HITCH KING,"Feb. 25, 2008","King & Queen Services, Inc.",,
77176078,deadAbandoned,EPIVANTAGE,"Jul. 30, 2008","Hughes, Michael",,micapullo@hotmail.com
77176058,REQUEST_FAILED,,,,,
77176161,deadAbandoned,LITTLE BEAT MUSIC LOGO,"Feb. 29, 2008",Little Beat Music,,littlebeatmusic@gmail.com
77176091,REQUEST_FAILED,,,,,
77176192,REQUEST_FAILED,,,,,
77176258,REQUEST_FAILED,,,,,
77176261,REQUEST_FAILED,,,,,
77176333,deadAbandoned,SAMA BABY,"Jan. 24, 2008","Sama Wellness, Inc.",,info@samawellness.com
77176285,REQUEST_FAILED,,,,,
77176325,REQUEST_FAILED,,,,,
77176437,deadAbandoned,GAIA LUXURY SAUNAS,"Feb. 23, 2008","Dubiel, Thomas",,robin.maccartee@gmail.com
77176349,REQUEST_FAILED,,,,,
77176363,REQUEST_FAILED,,,,,
77176371,REQUEST_FAILED,,,,,
77176380,REQUEST_FAILED,,,,,
77176552,deadAbandoned,TRENDOPEDIA,"Oct. 02, 2008","Millennium Ventures Group, Inc.",,diana@millenniumv.com
77176490,REQUEST_FAILED,,,,,
77176709,REQUEST_FAILED,,,,,
77176780,REQUEST_FAILED,,,,,
77176954,REQUEST_FAILED,,,,,
77176973,REQUEST_FAILED,,,,,
77176992,REQUEST_FAILED,,,,,
77177106,REQUEST_FAILED,,,,,
77177173,deadAbandoned,THE SWAMP CRITTERS,"Feb. 25, 2008","Corwin, William Lee",,Bill@Dances.com
77177135,deadAbandoned,MAY BABY,"Mar. 01, 2008",Rutao Qin,,zinpi@126.com
77177129,REQUEST_FAILED,,,,,
77177233,deadAbandoned,SOLE FOUNDRY,"Mar. 07, 2008","Sole Foundry Boutique, LLC",,solefoundry@gmail.com
77177174,REQUEST_FAILED,,,,,
77177185,REQUEST_FAILED,,,,,
77177277,deadAbandoned,CONNECT MY ADS,"Jul. 30, 2008","GROCERY SHOPPING NETWORK, INC.",,aandolshek@groceryshopping.net
77177361,deadAbandoned,PSYCHLAB,"Mar. 04, 2008","Dow, Roger A",,RD@PSYLAB.COM
77177240,REQUEST_FAILED,,,,,
77177313,REQUEST_FAILED,,,,,
77177393,deadAbandoned,CONNECT MY BRANDS,"Jul. 30, 2008","GROCERY SHOPPING NETWORK, INC.",,aandolshek@groceryshopping.net
77177388,REQUEST_FAILED,,,,,
77177411,deadAbandoned,VELVET PLANET,"Jun. 12, 2008",Innovative Art,,jgrantz@innovativeart.com
77177462,deadAbandoned,ITEMPORTAL,"Feb. 25, 2008","ItemPortal, Inc.",,bill@itemportal.com
77177435,REQUEST_FAILED,,,,,
77177576,REQUEST_FAILED,,,,,
77177632,REQUEST_FAILED,,,,,
77177717,REQUEST_FAILED,,,,,
77177760,REQUEST_FAILED,,,,,
77177933,REQUEST_FAILED,,,,,
77177961,REQUEST_FAILED,,,,,
77178072,REQUEST_FAILED,,,,,
77178157,deadAbandoned,CYBERAGILITY,"Jul. 23, 2008",Cyberview Technology,,cameron.filipour@cybview.com
77178190,deadAbandoned,CITY SESSIONS,"Dec. 08, 2008","WDMG, LLC",,
77178090,REQUEST_FAILED,,,,,
77178192,deadAbandoned,CITY SESSIONS,"Mar. 01, 2008","WDMG, LLC",,
77178201,deadAbandoned,YMC RECORDS,"Aug. 06, 2008","WDMG, LLC",,
77178205,deadAbandoned,YMC YOURMUSICCHANNEL,"Feb. 26, 2008","WDMG, LLC",,
77178193,REQUEST_FAILED,,,,,
77178195,deadAbandoned,CITY SESSIONS,"Mar. 01, 2008","WDMG, LLC",,
77178281,REQUEST_FAILED,,,,,
77178294,REQUEST_FAILED,,,,,
77178302,REQUEST_FAILED,,,,,
77178366,deadAbandoned,DOUBLE SHOT JACKPOTS,"Nov. 20, 2008",Ainsworth Game Technology Limited,,jason.meyer@ainsworth.com.au
77178345,REQUEST_FAILED,,,,,
77178386,deadAbandoned,SPOKESPERSON ASSESSMENT,"Feb. 29, 2008","Gibson, Barbara A.",,bgibson@spokescomm.com
77178370,deadAbandoned,SUPER HOT REEL,"Feb. 28, 2008",Ainsworth Game Technology Limited,,jason.meyer@ainsworth.com.au
77178371,REQUEST_FAILED,,,,,
77178380,REQUEST_FAILED,,,,,
77178378,REQUEST_FAILED,,,,,
77178409,deadAbandoned,PROFY,"Mar. 01, 2008",Korsun Alexander,,i.korsun@gmail.com
77178434,deadAbandoned,WAR RECORDS,"Feb. 28, 2008",Espinoza Dale and Melody Espinoza,,eendofdays@optonline.net
77178469,REQUEST_FAILED,,,,,
77178530,REQUEST_FAILED,,,,,
77178620,deadAbandoned,MOBILE MEDS,"Mar. 03, 2008","Vocel, Inc.",,
77178607,deadAbandoned,MOBILE MEDS ALERT,"Mar. 03, 2008","Vocel, Inc.",,
77178619,REQUEST_FAILED,,,,,
77178688,deadAbandoned,RABANNE X,"Mar. 06, 2008","Rabanne, Roberto",,roberto.rabanne@verizon.net
77178787,deadAbandoned,JANE DEERE,"Mar. 02, 2008","Jane Deere Apparel, LLC",,janedeere07@gmail.com
77178682,REQUEST_FAILED,,,,,
77178685,REQUEST_FAILED,,,,,
77178990,deadAbandoned,STANDUP,"Feb. 24, 2008",Originatic LLC,,rsmith@originatic.com
77178986,deadAbandoned,BBI,"Feb. 24, 2008","Building Brothers, Inc.",,customersupport@buildingbros.com
77179036,deadAbandoned,PROPERTY SECRETS,"Feb. 25, 2008",The Trustee of the Lear Domain Trust,,
77178958,deadAbandoned,"OBJECT OF DESIRE: IF YOU'RE NOT LIVING ON THE EDGE, YOU'RE TAKING UP TOO MUCH SPACE.","Mar. 06, 2008","Rabanne, Roberto",,roberto.rabanne@verizon.net
77179021,REQUEST_FAILED,,,,,
77179187,REQUEST_FAILED,,,,,
77179259,deadAbandoned,DJ SCRATCH,"Sep. 04, 2008","SPIVEY, GEORGE L",,xfade1@aol.com
77179221,REQUEST_FAILED,,,,,
77179308,deadAbandoned,BLUE OCEAN MORTGAGE & REALTY CORPORATION,"Feb. 25, 2008",Blue Ocean Lending Corporation,,robert@bluerefi.com
77179293,REQUEST_FAILED,,,,,
77179361,REQUEST_FAILED,,,,,
77179363,REQUEST_FAILED,,,,,
77179426,deadAbandoned,GLAMIS MAFIA,"Jul. 23, 2008",Quiroz Anthony,,cartel@adelphia.net
77179416,REQUEST_FAILED,,,,,
77179477,deadAbandoned,J-ANGLES,"Jun. 26, 2008","Jizmejian, Carol A",,carol.jizmejian@comcast.net
77179498,deadAbandoned,CCRW,"May 12, 2008",Resource Well Inc.,,
77179475,deadAbandoned,DIANALEX,"Jun. 26, 2008","Nguyen, Viet Bao",,vbnguyen@cox.net
77179450,REQUEST_FAILED,,,,,
77179457,REQUEST_FAILED,,,,,
77179521,deadAbandoned,BLISSFUL BEAUTIFUL,"Jul. 30, 2008","ONGVANO, Fe Veronica P.",,ongvano@pacbell.net
77179534,deadAbandoned,"SPA ELEMENTS SONOMA, CALIFORNIA","Mar. 10, 2008",Spa Elements,,shewriteswine@hotmail.com
77179575,deadAbandoned,UNIDOZ DE LA SIERRA,"Jul. 30, 2008","Castañeda, Amador",,cepedaroberto@yahoo.com
77179556,REQUEST_FAILED,,,,,
77179559,REQUEST_FAILED,,,,,
77179579,REQUEST_FAILED,,,,,
77179640,deadAbandoned,AMERICA'S BRIGHTEST SPEAKING STARS,"Aug. 13, 2008","Mirwani, Ajeet",,ajeetm@gmail.com
77179605,REQUEST_FAILED,,,,,
77179613,REQUEST_FAILED,,,,,
77179671,deadAbandoned,BINGO NIGHTS,"Feb. 10, 2008",david alpert,,dalp@verizon.net
77179660,deadAbandoned,TIMESHARE JOBS,"Sep. 08, 2008","KUMAR , SUKRIT",,sukritkumar@hotmail.com
77179657,REQUEST_FAILED,,,,,
77179702,deadAbandoned,FUN COLLEGE GIRLS,"Sep. 15, 2008",FUN COLLEGE GIRLS LLC,,ZODAKTHEGREAT2002@YAHOO.COM
77179708,deadAbandoned,AUSSIE PET HEALTH TREATS,"Feb. 26, 2008",Aussie Pet Health Treats,,PETER.SPACKMAN@BMPMEAT.COM.AU
77179685,REQUEST_FAILED,,,,,
77179687,REQUEST_FAILED,,,,,
77179727,deadAbandoned,BIZTUBE,"Mar. 01, 2008",BizTube Pty Ltd,,ian@biztube.com.au
77179718,deadAbandoned,BIZTUBE VIDEO,"Mar. 01, 2008",BizTube Pty Ltd,,ian@biztube.com.au
77179710,REQUEST_FAILED,,,,,
77179725,deadAbandoned,BROADCAST YOUR BUSINESS,"Mar. 05, 2008",BizTube Pty Ltd,,ian@biztube.com.au
77179739,deadAbandoned,IMPRA,"Feb. 28, 2008",IMPERIAL TEAS (PVT) LTD,,impra@impratea.lk
77179751,REQUEST_FAILED,,,,,
77179753,REQUEST_FAILED,,,,,
77179755,REQUEST_FAILED,,,,,
77179999,deadAbandoned,MYNETWORK360°,"Mar. 03, 2008",Herald Printing Company,,jmorgan@heraldprint.com
77180044,REQUEST_FAILED,,,,,
77180057,REQUEST_FAILED,,,,,
77180064,REQUEST_FAILED,,,,,
77180286,deadAbandoned,ZOE'S MEATS,"Nov. 30, 2008",Zoe's Meats Inc.,,jkadylak@yahoo.com
77180117,REQUEST_FAILED,,,,,
77180146,REQUEST_FAILED,,,,,
77180324,deadAbandoned,SERGIO BUSTAMANTE,"Feb. 29, 2008",BUSTAMANTE SANCHEZ SERGIO DANIEL,,cramirez@uribeyasociados.com
77180204,REQUEST_FAILED,,,,,
77180294,REQUEST_FAILED,,,,,
77180356,REQUEST_FAILED,,,,,
77180357,REQUEST_FAILED,,,,,
77180422,deadAbandoned,PROJECT ALABAMA GREEN T,"Mar. 02, 2008",PROJECT ALABAMA DESIGNS LLC,,
77180647,deadAbandoned,CLINCH,"Jul. 30, 2008","2BR, LLC",,
77180516,REQUEST_FAILED,,,,,
77180553,REQUEST_FAILED,,,,,
77180691,deadAbandoned,CADFPS,"Jul. 18, 2008","CADfps, LLC",,maxyuan@yahoo.com
77180698,deadAbandoned,TRANSFORM YOUR LIFE,"Mar. 03, 2008",Mid Heaven Enterprises,,lbshore@comcast.net
77180639,REQUEST_FAILED,,,,,
77180735,deadAbandoned,THE DIVINE LIGHT GENERATOR YOUR LIGHT MADE MANIFEST,"Mar. 03, 2008",Mid Heaven Enterprises,,lbshore@comcast.net
77180727,deadAbandoned,THE DIVINE LIGHT GENERATOR,"Mar. 03, 2008",Mid Heaven Enterprises,,lbshore@comcast.net
77180678,REQUEST_FAILED,,,,,
77180686,REQUEST_FAILED,,,,,
77180779,deadAbandoned,REFINED FITNESS,"Feb. 28, 2008","Refined Fitness, LLC",,ted@refinedfitness.com
77180770,REQUEST_FAILED,,,,,
77180813,deadAbandoned,LIFE @ 32 DEGREES,"Jul. 30, 2008","Wiseman, Todd A.",,coachtw@aol.com
77180822,REQUEST_FAILED,,,,,
77180825,REQUEST_FAILED,,,,,
77180827,REQUEST_FAILED,,,,,
77180840,REQUEST_FAILED,,,,,
77180854,REQUEST_FAILED,,,,,
77180891,deadAbandoned,SMALLTOK,"Jan. 12, 2008","Infone Tech, Ltd.",,mberger@bezeqint.net
77180946,deadAbandoned,ELEMENT 22MAX,"Jan. 22, 2008",Max Robert Runyan,,max.r.runyan@boeing.com
77180880,REQUEST_FAILED,,,,,
77180900,REQUEST_FAILED,,,,,
77180962,REQUEST_FAILED,,,,,
77181177,deadAbandoned,INFINITE SUM,"Jul. 30, 2008",GoPlace LLC.,,greg.goplace@gmail.com
77181098,REQUEST_FAILED,,,,,
77181127,REQUEST_FAILED,,,,,
77181250,deadAbandoned,SUSTAINABLE DEVELOPMENT,"Mar. 01, 2008","Sustainable Development, Inc.",,jcrumpacker@gorge.net
77181199,REQUEST_FAILED,,,,,
77181263,REQUEST_FAILED,,,,,
77181285,REQUEST_FAILED,,,,,
77181365,REQUEST_FAILED,,,,,
77181482,REQUEST_FAILED,,,,,
77181591,REQUEST_FAILED,,,,,
77181618,REQUEST_FAILED,,,,,
77181703,REQUEST_FAILED,,,,,
77181798,deadAbandoned,CRESCENT APPRAISAL,"Mar. 07, 2008","Crescent Appraisal Service, Inc.",,joeltax@crescentappraisal.com
77181790,REQUEST_FAILED,,,,,
77181910,REQUEST_FAILED,,,,,
77181912,REQUEST_FAILED,,,,,
77181917,REQUEST_FAILED,,,,,
77181928,REQUEST_FAILED,,,,,
77181969,deadAbandoned,"CMGV, CREDENTIALED MEDICAL GAS VERIFIER","May 02, 2008","Medical Gas Professional Healthcare Organization, Inc.",,holdenhawaii@aol.com
77181940,REQUEST_FAILED,,,,,
77181949,REQUEST_FAILED,,,,,
77182023,deadAbandoned,JOANNE R. DORISMOND ENTERPRISES,"Mar. 06, 2008","Dorismond, Joanne R.",,joanah55@yahoo.com
77181987,REQUEST_FAILED,,,,,
77181993,REQUEST_FAILED,,,,,
77182046,deadAbandoned,ROCKSURE,"Jun. 13, 2008",Rocksure Holdings Ltd,,agray@rocksureproperty.com
77182079,deadAbandoned,3D CELEBRITY,"Mar. 03, 2008",Inthemill Productions Indermuehle,,bindermuehle@gmail.com
77182120,deadAbandoned,ORBITZMOVING.COM,"Mar. 03, 2008","Service Network, LLC",,david@orbitzmoving.com
77182040,REQUEST_FAILED,,,,,
77182038,REQUEST_FAILED,,,,,
77182162,deadAbandoned,PACT-ONE,"Mar. 03, 2008","PACT-ONE Solutions, Inc",,dan.edwards@pact-one.com
77182054,REQUEST_FAILED,,,,,
77182163,REQUEST_FAILED,,,,,
77182339,deadAbandoned,ULTIMATE IN TEMPERATURE MAINTENANCE,"Mar. 01, 2008",DMA Enterprises dba ThermaSol Steambath Co,,hr@thermasol.com
77182335,deadAbandoned,CONNECT MY COUPONS,"Sep. 19, 2008","GROCERY SHOPPING NETWORK, INC.",,aandolshek@groceryshopping.net
77182264,REQUEST_FAILED,,,,,
77182353,deadAbandoned,CONNECT MY DIET,"Jul. 30, 2008","GROCERY SHOPPING NETWORK, INC.",,aandolshek@groceryshopping.net
77182328,REQUEST_FAILED,,,,,
77182368,deadAbandoned,POWERBOOKMEDIC .COM YOUR MAC OUR PATIENT,"Mar. 04, 2008","POWERBOOKMEDIC.COM, LLC",,bradley@powerbookmedic.com
77182346,REQUEST_FAILED,,,,,
77182366,REQUEST_FAILED,,,,,
77182397,REQUEST_FAILED,,,,,
77182404,REQUEST_FAILED,,,,,
77182594,deadAbandoned,CONNECT MY GROCER,"Jul. 30, 2008","GROCERY SHOPPING NETWORK, INC.",,aandolshek@groceryshopping.net
77182603,REQUEST_FAILED,,,,,
77182653,REQUEST_FAILED,,,,,
77182771,deadAbandoned,MONTECELLI,"Jul. 16, 2008","Homer TLC, Inc.",,trade_marks@homedepot.com
77182732,REQUEST_FAILED,,,,,
77182891,deadAbandoned,CERTIFIED PATIENT CENTERED PROVIDER,"Apr. 16, 2008",Michael S. Woods,,wdiinc@mac.com
77182770,REQUEST_FAILED,,,,,
77182839,REQUEST_FAILED,,,,,
77182857,REQUEST_FAILED,,,,,
77182982,REQUEST_FAILED,,,,,
77182993,REQUEST_FAILED,,,,,
77183074,deadAbandoned,VEINPLEX,"Jul. 30, 2008",NATURAL HEALTH PRODUCTS,,j.waitzer@plink.com.au
77183047,REQUEST_FAILED,,,,,
77183084,REQUEST_FAILED,,,,,
77183194,deadAbandoned,HORIZON FUEL CELL TECHNOLOGIES,"Mar. 03, 2008",Horizon Fuel Cell Technologies LTD Pte.,,Todd@horizonfuelcell.com
77183187,deadAbandoned,FC FIRST CLASS CERTIFIED PUBLIC ACCOUNTANTS,"Mar. 06, 2008","Argon Wealth, Inc.",,request@ArgonWealth.com
77183186,deadAbandoned,GOLF DOC,"Sep. 11, 2008",Mark Chee-Seng Lee,,marklee@acm.org
77183193,deadAbandoned,H-RACER,"Mar. 03, 2008",Horizon Fuel Cell technologies LTD Pte,,Todd@horizonfuelcell.com
77183198,deadAbandoned,STATIONGUIDE,"Mar. 05, 2008","Advanced Application Design, Inc.",,barry@aadcorp.net
77183182,REQUEST_FAILED,,,,,
77183195,REQUEST_FAILED,,,,,
77183302,deadAbandoned,CONNECT MY PANTRY,"Jul. 30, 2008","GROCERY SHOPPING NETWORK, INC.",,aandolshek@groceryshopping.net
77183262,deadAbandoned,CONNECT MY KIOSK,"Jul. 30, 2008","GROCERY SHOPPING NETWORK, INC.",,aandolshek@groceryshopping.net
77183263,REQUEST_FAILED,,,,,
77183279,REQUEST_FAILED,,,,,
77183448,deadAbandoned,TEL&CASH,"Mar. 05, 2008",TELECASH FOUNDATION LLC,,info@capitalmgm.com
77183405,REQUEST_FAILED,,,,,
77183486,deadAbandoned,TEL&CASH EMONEY SYSTEMS,"Mar. 05, 2008",TELECASH FOUNDATION LLC,,info@capitalmgm.com
77183447,REQUEST_FAILED,,,,,
77183545,deadAbandoned,THE SPORTSPUNCH WITH CROW,"Mar. 03, 2008","Coombs, Layton, D.",,coombsradio@yahoo.com
77183464,REQUEST_FAILED,,,,,
77183500,REQUEST_FAILED,,,,,
77183507,REQUEST_FAILED,,,,,
77183621,deadAbandoned,METARSMS,"Jul. 30, 2008",Nakostech SARL,,pouletty@gmail.com
77183546,REQUEST_FAILED,,,,,
77183564,REQUEST_FAILED,,,,,
77183656,REQUEST_FAILED,,,,,
77183707,REQUEST_FAILED,,,,,
77183817,deadAbandoned,THERMAL POWER,"Jul. 30, 2008",Paul Brown Hawaii,,paul@paulbrownhawaii.com
77183742,REQUEST_FAILED,,,,,
77183842,deadAbandoned,LAVA ROCK,"Jul. 30, 2008",Paul Brown Hawaii,,paul@paulbrownhawaii.com
77183917,deadAbandoned,STAGERONLINE,"Sep. 08, 2008","Smart Surroundings, LLC",,mflynn@leydig.com
77183821,REQUEST_FAILED,,,,,
77183873,REQUEST_FAILED,,,,,
77184050,REQUEST_FAILED,,,,,
77184028,REQUEST_FAILED,,,,,
77184065,REQUEST_FAILED,,,,,
77184101,REQUEST_FAILED,,,,,
77184206,deadAbandoned,ROADCARE PLUS,"Feb. 22, 2008",David Fleming,,info@roadcareplus.org
77184168,REQUEST_FAILED,,,,,
77184183,REQUEST_FAILED,,,,,
77184227,REQUEST_FAILED,,,,,
77184231,deadAbandoned,AY CABRON,"Mar. 15, 2008",Andree Desam Taylor,,taylorsolanolaw@gmail.com
77184284,deadAbandoned,BIOMEDICIS,"Aug. 06, 2008",INVEST IN EUROPE,,philippe@truffle-venture.com
77184233,REQUEST_FAILED,,,,,
77184258,REQUEST_FAILED,,,,,
77184285,REQUEST_FAILED,,,,,
77184354,REQUEST_FAILED,,,,,
77184413,REQUEST_FAILED,,,,,
77184444,REQUEST_FAILED,,,,,
77184495,REQUEST_FAILED,,,,,
77184618,deadAbandoned,READ MOVIES,"Aug. 06, 2008",MOVIE PUBLISHING,,ugnox@yahoo.com
77184615,REQUEST_FAILED,,,,,
77184725,deadAbandoned,45 CALIBER 10 MILLIMETER 40 CALIBER 357 CALIBER 38 CALIBER 9 MILLIMETER 380 CALIBER 22 CALIBER 38 CALIBER WWW.DOWNRANGETACTICAL.COM,"Mar. 07, 2008","Down Range Tactical, LLC",,matt@downrangesports.com
77184645,REQUEST_FAILED,,,,,
77184810,deadAbandoned,ARDOMI,"Dec. 29, 2008","TOPLINE ENTERTAINMENT, LLC",,
77184731,REQUEST_FAILED,,,,,
77184954,deadAbandoned,NU,"Mar. 04, 2008",William Devon Coombe,,williamdevon@hotmail.com
77184887,deadAbandoned,ENLIGHTEN YOUR LIFE,"Mar. 03, 2008",Mid Heaven Enterprises,,loricoover@yahoo.com
77184961,deadAbandoned,ADIRONDAK JAK,"Apr. 17, 2008","BRAKE, JOHN HUGH",,jhbrake@comcast.net
77185000,deadAbandoned,BALL4REAL,"Jul. 02, 2008","Streetball Entertainment, LLC",,
77184895,REQUEST_FAILED,,,,,
77185009,deadAbandoned,BALL4REAL,"Jul. 02, 2008","Streetball Entertainment, LLC",,
77185017,deadAbandoned,BALL4REAL,"Jul. 02, 2008","Streetball Entertainment, LLC",,
77185030,deadAbandoned,EXPRESSION OF LIFESTYLE,"Mar. 05, 2008","Alounny, LLC",,
77185039,deadAbandoned,BALL4REAL,"Jul. 02, 2008","Streetball Entertainment, LLC",,
77184974,REQUEST_FAILED,,,,,
77185055,deadAbandoned,BALL4REAL,"Jul. 02, 2008","Streetball Entertainment, LLC",,
77185061,deadAbandoned,BALL4REAL,"Jul. 02, 2008","Streetball Entertainment, LLC",,
77185048,deadAbandoned,BALL4REAL,"Jul. 02, 2008","Streetball Entertainment, LLC",,
77185034,REQUEST_FAILED,,,,,
77185059,deadAbandoned,BALL4REAL,"Jul. 02, 2008","Streetball Entertainment, LLC",,
77185068,deadAbandoned,K KAIZEN PUBLISHING,"Mar. 11, 2008","Kaizen Publishing, LLC",,
77185159,deadAbandoned,VIDEO BROADCAST SYSTEMS,"Mar. 13, 2008","Video Broadcast Systems, LLC",,vmeup@sbcglobal.net
77185109,REQUEST_FAILED,,,,,
77185124,REQUEST_FAILED,,,,,
77185235,REQUEST_FAILED,,,,,
77185248,REQUEST_FAILED,,,,,
77185258,deadAbandoned,G,"Jul. 30, 2008",Personalized Computing Co. LLC,,edmondw@pcandinternet.com
77185255,REQUEST_FAILED,,,,,
77185269,REQUEST_FAILED,,,,,
77185302,REQUEST_FAILED,,,,,
77185318,REQUEST_FAILED,,,,,
77185327,REQUEST_FAILED,,,,,
77185350,deadAbandoned,WHERE ART MEETS CRAFT,"Mar. 02, 2008",Kelly S. Lenihan,,kslenihan@comcast.net
77185336,REQUEST_FAILED,,,,,
77185392,deadAbandoned,"YOUR DOORS, YOUR STYLE.","Mar. 02, 2008",Lancko LLC,,jeln75@gmail.com
77185364,REQUEST_FAILED,,,,,
77185401,deadAbandoned,BEE-LEARNING,"Mar. 04, 2008","Planet Rewards, Inc.",,jamie.banks@planetrewardsinc.com
77185405,REQUEST_FAILED,,,,,
77185407,REQUEST_FAILED,,,,,
77185486,deadAbandoned,SEEK NEW QUESTIONS,"Aug. 06, 2008","Conner, Steven",,Steve_conner@mac.com
77185448,REQUEST_FAILED,,,,,
77185489,REQUEST_FAILED,,,,,
77185517,deadAbandoned,F.I.T. - FOCUSED INTENSIVE TRAINING,"May 29, 2008","Burns, John R.",,jburns8@wi.rr.com
77185502,REQUEST_FAILED,,,,,
77185543,deadAbandoned,COMPUTER2PHONE,"Jul. 30, 2008","Internet virtual presence, llc",,thierry_thenard@hotmail.com
77185518,REQUEST_FAILED,,,,,
77185536,REQUEST_FAILED,,,,,
77185555,REQUEST_FAILED,,,,,
77185571,REQUEST_FAILED,,,,,
77185591,deadAbandoned,CIRC,"Sep. 18, 2008","Husa, Christopher J.",,chusa@pacbell.net
77185605,deadAbandoned,UNITED STATES KLADRUBER HORSE ASSOCIATION,"Mar. 10, 2008","Bullock, Petra K",,petra.bullock@uskha.com
77185583,REQUEST_FAILED,,,,,
77185709,deadAbandoned,FRIEND OF THE SEA,"Mar. 04, 2008",Friend of the Sea Ltd,,info@friendofthesea.org
77185656,REQUEST_FAILED,,,,,
77185634,REQUEST_FAILED,,,,,
77185633,REQUEST_FAILED,,,,,
77185773,deadAbandoned,WESTERN GRACE,"Mar. 02, 2008","Stallion Products, LLC",,chris@usbuckle.com
77185746,REQUEST_FAILED,,,,,
77185829,deadAbandoned,NATIONAL HEALTH TRUST,"Mar. 23, 2008","Postrel, Richard",,rpostrel@the-beach.net
77185821,REQUEST_FAILED,,,,,
77185868,REQUEST_FAILED,,,,,
77185940,deadAbandoned,WOIP,"Jul. 30, 2008",IT Guys Development,,accounts@itguysdevelopment.com
77185909,REQUEST_FAILED,,,,,
77185963,deadAbandoned,PIAZZA STONEWORKS,"Mar. 05, 2008","McMorris, Robert D",,bobmcmorris@midsouth.cc
77185929,REQUEST_FAILED,,,,,
77185945,REQUEST_FAILED,,,,,
77186002,REQUEST_FAILED,,,,,
77186127,REQUEST_FAILED,,,,,
77186361,REQUEST_FAILED,,,,,
77186376,REQUEST_FAILED,,,,,
77186558,deadAbandoned,HYDRO-TUNES,"Jul. 16, 2008",A1 Appraisal Inc.,,support@westcoastservices.com
77186459,REQUEST_FAILED,,,,,
77186563,deadAbandoned,FLIRTANGO,"Nov. 24, 2008",Flirtango LLC,,
77186480,REQUEST_FAILED,,,,,
77186574,REQUEST_FAILED,,,,,
77186585,REQUEST_FAILED,,,,,
77186655,deadAbandoned,VIRTUOSO SYMPHONY OF HIGH SECURITY,"Mar. 13, 2008","TRINO-PRECISION DEVELOPMENT CO., LTD",,jay.trino@msa.hinet.net
77186613,REQUEST_FAILED,,,,,
77186703,deadAbandoned,MOODSWINGGIRL,"Mar. 05, 2008",Patricia H. Rush,,rush2990@bellsouth.net
77186646,REQUEST_FAILED,,,,,
77186651,REQUEST_FAILED,,,,,
77186657,REQUEST_FAILED,,,,,
77186761,REQUEST_FAILED,,,,,
77186779,REQUEST_FAILED,,,,,
77186791,REQUEST_FAILED,,,,,
77186884,REQUEST_FAILED,,,,,
77186939,REQUEST_FAILED,,,,,
77187015,deadAbandoned,HAVE YOU SEEN HIP-HOP?,"Mar. 07, 2008",Herman Cail,,herman_cail@hotmail.com
77187004,REQUEST_FAILED,,,,,
77187085,REQUEST_FAILED,,,,,
77187200,deadAbandoned,CAUTION:CONTENTS HOT!,"Mar. 12, 2008",RJ Schinner,,kzingsheim@rjschinner.com
77187125,REQUEST_FAILED,,,,,
77187206,deadAbandoned,JESUS RUNNER,"Mar. 13, 2008","Griffin, Timothy T.",,griffint323@aol.com
77187186,REQUEST_FAILED,,,,,
77187289,deadAbandoned,KOUNTYKINGS,"Mar. 14, 2008","Aaron, Kareem A",,Kareem.Aaron@gmail.com
77187236,REQUEST_FAILED,,,,,
77187376,deadAbandoned,RICHLINE,"Jun. 30, 2008",METRONOME ENTERPRISES INC.,,
77187272,REQUEST_FAILED,,,,,
77187387,deadAbandoned,STARCLIPS FONYTAILS,"Jul. 30, 2008",Luxe Media Inc.,,lesliewilsonllc@yahoo.com
77187447,deadAbandoned,HATTIE'S KITCHEN,"Mar. 11, 2008","Carlton, Richard Spencer Jr.",,rcarlton@carltonusa.com
77187328,REQUEST_FAILED,,,,,
77187360,REQUEST_FAILED,,,,,
77187512,REQUEST_FAILED,,,,,
77187664,deadAbandoned,FIVE STAR LINEN,"Jul. 16, 2008","A-1 Textiles & Hospitality Products, Inc.",,mark@a1textiles.com
77187583,REQUEST_FAILED,,,,,
77187711,deadAbandoned,ENSURED INSTALLMENT SALE,"Mar. 11, 2008",Settlement Professionals Incorporated,,mauch@structuredsalespro.com
77187643,REQUEST_FAILED,,,,,
77187647,REQUEST_FAILED,,,,,
77187653,REQUEST_FAILED,,,,,
77187763,deadAbandoned,THE WEALTH SERIES,"Mar. 02, 2008","Argon Wealth, Inc.",,request@ArgonWealth.com
77187756,deadAbandoned,HAVE A WATERFUL DAY.,"Jul. 30, 2008","Castillo, Rachelle",,chellecastillo@yahoo.com
77187727,REQUEST_FAILED,,,,,
77187738,REQUEST_FAILED,,,,,
77187855,deadAbandoned,BABY-GOTCHI,"Mar. 14, 2008","Artificial Life, Inc.",,info@artificial-life.com
77187799,REQUEST_FAILED,,,,,
77187859,deadAbandoned,IPROBE,"Mar. 13, 2008",Hi-Spec Systems Ltd,,aa@hispecsystems.com
77187894,deadAbandoned,LIFESENSOR,"Jan. 23, 2008","Hecker, Raoul M",,raoul.hecker@alumni.insead.edu
77187843,REQUEST_FAILED,,,,,
77187844,REQUEST_FAILED,,,,,
77187912,REQUEST_FAILED,,,,,
77187922,REQUEST_FAILED,,,,,
77187929,REQUEST_FAILED,,,,,
77188076,REQUEST_FAILED,,,,,
77188301,deadAbandoned,WORKING CAPITAL,"Aug. 06, 2008","Salamon, Mark R.",,msalamon@bellatlantic.net
77188304,deadAbandoned,ONLY AT CENA,"Mar. 13, 2008","CENA FRANCHISING, INC.",,
77188249,REQUEST_FAILED,,,,,
77188300,REQUEST_FAILED,,,,,
77188331,REQUEST_FAILED,,,,,
77188335,REQUEST_FAILED,,,,,
77188409,REQUEST_FAILED,,,,,
77188713,REQUEST_FAILED,,,,,
77188724,REQUEST_FAILED,,,,,
77188741,REQUEST_FAILED,,,,,
77188769,REQUEST_FAILED,,,,,
77188825,deadAbandoned,MORTGAGEIZER,"Jul. 30, 2008",Mindy L. Shirk,,
77188832,REQUEST_FAILED,,,,,
77188830,REQUEST_FAILED,,,,,
77188880,deadAbandoned,EAGLE SHIELD UNIVERSITY,"Sep. 22, 2008",Eagle Shield Inc.,,wsteiner@alliancegroup.net
77188844,REQUEST_FAILED,,,,,
77188926,deadAbandoned,BIZTUBE,"Mar. 01, 2008",BizTube Pty Ltd,,ian@biztube.com.au
77188899,REQUEST_FAILED,,,,,
77188912,REQUEST_FAILED,,,,,
77188999,deadAbandoned,NEED A GEEK,"May 19, 2008","White, Charles W",,ez2cc@bellsouth.net
77189011,REQUEST_FAILED,,,,,
77189016,REQUEST_FAILED,,,,,
77189054,deadAbandoned,ESPRESSO,"Mar. 07, 2008",Charles A. Johnson,,stationzeroz@yahoo.com
77189062,deadAbandoned,R3BEL,"Aug. 06, 2008","Colton, Patrick",,colton1967@yahoo.com
77189044,REQUEST_FAILED,,,,,
77189046,REQUEST_FAILED,,,,,
77189093,deadAbandoned,XTREME GARAGE,"Oct. 27, 2008","Menard, Inc.",,rgeske@menard-inc.com
77189083,REQUEST_FAILED,,,,,
77189077,REQUEST_FAILED,,,,,
77189150,deadAbandoned,GREEN-LEAF KLEANHANDS,"Mar. 06, 2008","Savignac, Jeannine",,msnine1@yahoo.com
77189109,REQUEST_FAILED,,,,,
77189220,deadAbandoned,HELIX ENGINEERING,"Mar. 14, 2008","Oroian, Donald",,donald@adacg.com
77189264,deadAbandoned,FLEXI SPORT ROLLS,"Mar. 06, 2008","Tiffin Athletic Mats, Inc.",,mark@tiffinmats.com
77189203,REQUEST_FAILED,,,,,
77189207,REQUEST_FAILED,,,,,
77189287,deadAbandoned,"TEACHING OUR CHILDREN WHAT IS THE CAPITAL OF NEW JERSEY? A2 + B2 = C2 WHAT IS THE SHORTEST DISTANCE BETWEEN 2 POINTS? E = MC2 IF SALLY HAS A 1 APPLE AND BILLY HAS 2 APPLES, HOW MANY APPLIES DO THEY HAVE? Y = MX + B WHICH PLANET IS 3RD FROM THE SUN?","Aug. 21, 2008",Brimin Educational Services,,brimineducationalservices@teachingourchildren.com
77189316,deadAbandoned,WHOS GOT RIFFS,"Aug. 13, 2008",Delmus Jeffery,,raregeometry@yahoo.com
77189333,REQUEST_FAILED,,,,,
77189385,REQUEST_FAILED,,,,,
77189496,deadAbandoned,EXTREME POP!,"Feb. 08, 2008",Man From Yesterday Inc.,,garyw@mrpophistory.com
77189421,REQUEST_FAILED,,,,,
77189456,REQUEST_FAILED,,,,,
77189650,REQUEST_FAILED,,,,,
77189699,REQUEST_FAILED,,,,,
77189871,deadAbandoned,FRUSHIPPABLE,"Aug. 06, 2008",Fresh Fruit Bouquet Company Franchising LLC,,
77189840,REQUEST_FAILED,,,,,
77189900,REQUEST_FAILED,,,,,
77189975,deadAbandoned,ALTEER EXPRESS,"Aug. 20, 2008",Alteer Corporation,,
77190021,REQUEST_FAILED,,,,,
77190065,deadAbandoned,N-FIRE,"Jun. 04, 2008",ZOTAC International (MCO) Ltd,,cberger@zotac.com
77190042,REQUEST_FAILED,,,,,
77190052,REQUEST_FAILED,,,,,
77190075,REQUEST_FAILED,,,,,
77190091,deadAbandoned,WYTHEAT,"Jul. 30, 2008",MAR-RENO Gournet Foods,,flavor@officialwhite-hot.com
77190081,REQUEST_FAILED,,,,,
77190092,REQUEST_FAILED,,,,,
77190101,REQUEST_FAILED,,,,,
77190121,REQUEST_FAILED,,,,,
77190151,REQUEST_FAILED,,,,,
77190175,deadAbandoned,ONEBEAT,"Jul. 16, 2008","Onda, Hideki Francis",,francis@focal.co.jp
77190189,deadAbandoned,LEADER OF THE PACK,"Aug. 06, 2008",Winning Moves Inc.,,pecci@winning-moves.com
77190193,deadAbandoned,TO YOUR HEALTH,"Aug. 06, 2008",Winning Moves Inc.,,pecci@winning-moves.com
77190229,deadAbandoned,PLASMA ART,"Oct. 06, 2008",Outpost FX AB,,jesper@outpostfx.com
77190206,REQUEST_FAILED,,,,,
77190220,REQUEST_FAILED,,,,,
77190410,deadAbandoned,SAVE MY DEALER,"Aug. 06, 2008","Tucker, Casey",,lance1412@comcast.net
77190424,REQUEST_FAILED,,,,,
77190477,deadAbandoned,PROTECTED BY JERMANS,"Mar. 13, 2008","Kinley, Jermall",,brahkus@gmail.com
77190479,REQUEST_FAILED,,,,,
77190510,deadAbandoned,U LINE IT,"Oct. 27, 2008","DCRN Enterprises, LLC",,bnazor@ncdnjlaw.com
77190589,deadAbandoned,WALL STREET IMAGES,"Dec. 01, 2008",Wall Street Images LLC,,newcapitalm@sbcglobal.net
77190525,deadAbandoned,DEADON,"Oct. 27, 2008",Gerald T. Huntley,,jerry@geraldhuntley.com
77190611,deadAbandoned,MESOROLLER,"Mar. 10, 2008","Lee, Justin Sangmin",,justin@clinicalresolution.com
77190549,REQUEST_FAILED,,,,,
77190598,deadAbandoned,TRUE BLUE GAMING,"Mar. 11, 2008",True Blue Gaming LLC,,kyoung10@cox.net
77190579,REQUEST_FAILED,,,,,
77190725,REQUEST_FAILED,,,,,
77190781,REQUEST_FAILED,,,,,
77190890,REQUEST_FAILED,,,,,
77191108,deadAbandoned,NAUTICAL BUT NICE,"Aug. 06, 2008","NAUTICAL BUT NICE, LLC",,SARA@DBFESTIVAL.COM
77190991,REQUEST_FAILED,,,,,
77191154,deadAbandoned,THE PACI SILICONE PACIFIERS,"Mar. 21, 2008",Love Kub LLC,,monica@lovekub.com
77191132,REQUEST_FAILED,,,,,
77191155,deadAbandoned,LIGHTSTONE,"Mar. 11, 2008",Markus Bechstein,,markus.bechstein@gmail.com
77191144,REQUEST_FAILED,,,,,
77191195,deadAbandoned,BABYLICIOUS BOUTIQUE,"Mar. 07, 2008","Al-Mattar, Renimah Ali",,renimah@gmail.com
77191145,REQUEST_FAILED,,,,,
77191212,deadAbandoned,PERFECT LITTLE MORONS,"Mar. 07, 2008","Perfect Little Morons, LLC",,perfectlittlemorons@yahoo.com
77191156,REQUEST_FAILED,,,,,
77191191,deadAbandoned,SYNOGRAPHY,"Nov. 03, 2008","Kimball, Jordan L",,jlkimball@comcast.net
77191211,REQUEST_FAILED,,,,,
77191257,REQUEST_FAILED,,,,,
77191276,deadAbandoned,MY SWEET FEELINGS DELIVERING LOVE,"Mar. 13, 2008","César Núñez, Guadalupe Araceli",,aracelic@mysweetfeelings.com
77191281,REQUEST_FAILED,,,,,
77191285,REQUEST_FAILED,,,,,
77191283,REQUEST_FAILED,,,,,
77191362,deadAbandoned,REAL MEN DO NOT USE CAPOS,"Aug. 06, 2008","Briganti, Paul J",,pbrigan@yahoo.com
77191381,deadAbandoned,SHELL RATING,"Mar. 11, 2008","Shell Ratings, LLC",,LindaGogan@hotmail.com
77191397,deadAbandoned,VIRTUAL MANAGER,"Mar. 10, 2008",Premium Consulting Group Inc. dba Mediasoft Solutions,,anatoliy.basov@mediasoftsolutions.com
77191371,REQUEST_FAILED,,,,,
77191387,REQUEST_FAILED,,,,,
77191379,REQUEST_FAILED,,,,,
77191441,REQUEST_FAILED,,,,,
77191446,REQUEST_FAILED,,,,,
77191482,deadAbandoned,BELA TERRA,"Mar. 10, 2008","Justus, Steven R.",,sjustus@roadrunner.com
77191480,REQUEST_FAILED,,,,,
77191507,deadAbandoned,THE BUMBLE COLLECTION,"Jul. 30, 2008","Johanson, Jennie L.",,info@bumblebags.com
77191510,deadAbandoned,BUMBLE COLLECTION,"Jul. 30, 2008","Johanson, Jennie L.",,info@bumblebags.com
77191496,REQUEST_FAILED,,,,,
77191508,REQUEST_FAILED,,,,,
77191561,deadAbandoned,WILD BLUE FARMS,"Apr. 07, 2008",Sidney P Mitchell,,sid.mitchell@gmail.com
77191530,REQUEST_FAILED,,,,,
77191566,deadAbandoned,LISTED,"Mar. 13, 2008",LISTED.COM LLC,,listedcom@yahoo.com
77191560,REQUEST_FAILED,,,,,
77191577,deadAbandoned,GONDWANALAND,"Aug. 06, 2008",Australian Native Nuts & Chocolates Pty Ltd,,chocolategrove@aol.com
77191626,deadAbandoned,KSPACE,"Mar. 10, 2008","Beehive Media, LLC",,bill.shander@beehivemedia.com
77191631,deadAbandoned,SUSTAINABLE CITIES,"Mar. 13, 2008","Beehive Media, LLC",,bill.shander@beehivemedia.com
77191619,REQUEST_FAILED,,,,,
77191588,REQUEST_FAILED,,,,,
77191669,deadAbandoned,NORA,"Mar. 09, 2008",VIÑA NORA S.A.,,consultas@bermejojacobsen.com
77191679,deadAbandoned,NAIA,"Mar. 12, 2008",BODEGAS NAIA S.L.,,consultas@bermejojacobsen.com
77191630,REQUEST_FAILED,,,,,
77191642,REQUEST_FAILED,,,,,
77191648,deadAbandoned,NAIADES,"Aug. 06, 2008",BODEGAS NAIA S.L.,,consultas@bermejojacobsen.com
77191704,REQUEST_FAILED,,,,,
77191808,REQUEST_FAILED,,,,,
77191872,REQUEST_FAILED,,,,,
77191879,REQUEST_FAILED,,,,,
77191924,REQUEST_FAILED,,,,,
77192224,deadAbandoned,BUYINGADVICE,"Mar. 12, 2008","isoTree, LLC",,alex@isotree.com
77192071,REQUEST_FAILED,,,,,
77192229,REQUEST_FAILED,,,,,
77192261,REQUEST_FAILED,,,,,
77192371,REQUEST_FAILED,,,,,
77192372,REQUEST_FAILED,,,,,
77192463,deadAbandoned,CUT IT OUT! WEAR,"Aug. 20, 2008","Coulier, Dave",,cutitout@earthlink.net
77192381,REQUEST_FAILED,,,,,
77192436,REQUEST_FAILED,,,,,
77192490,REQUEST_FAILED,,,,,
77192537,REQUEST_FAILED,,,,,
77192554,REQUEST_FAILED,,,,,
77192631,deadAbandoned,MARQUE OF THE ELITE IT SHALL BE WRITTEN,"Aug. 13, 2008","Sands, Timothy D.",,aristotleson@hotmail.com
77192638,deadAbandoned,PEACH CANDY,"Mar. 13, 2008","Richard, Rodney",,
77192636,deadAbandoned,LIL SPIT,"Mar. 17, 2008",John Janney,,mrjanney@gmail.com
77192610,REQUEST_FAILED,,,,,
77192624,REQUEST_FAILED,,,,,
77192633,REQUEST_FAILED,,,,,
77192682,deadAbandoned,SUSTAINABILLS,"Mar. 10, 2008","Beehive Media, LLC",,bill.shander@beehivemedia.com
77192677,deadAbandoned,CSS ACCESS,"Jun. 20, 2008",CSS Holdings Inc.,,Utils@CSSAccess.com
77192678,deadAbandoned,LET GO OF MY BANANA,"Dec. 01, 2008","Artificial Life, Inc.",,s.lam@artificial-life.com
77192655,REQUEST_FAILED,,,,,
77192690,deadAbandoned,MDCARE+,"Apr. 10, 2008",Vijay Kumar Prodduturi,,vijay@vinfonet.com
77192757,deadAbandoned,GREEN IS EVERYBODY'S BUSINESS,"Jun. 26, 2008",International Paper Company,,stephanie.haupt@ipaper.com
77192663,REQUEST_FAILED,,,,,
77192815,deadAbandoned,XPEDX,"Jan. 18, 2008",International Paper Company,,stephanie.haupt@ipaper.com
77192753,REQUEST_FAILED,,,,,
77192861,REQUEST_FAILED,,,,,
77192891,REQUEST_FAILED,,,,,
77192892,REQUEST_FAILED,,,,,
77192986,REQUEST_FAILED,,,,,
77193133,deadAbandoned,PLUMAUIA,"Aug. 06, 2008",Jonathon Adrian Jones,,
77193104,deadAbandoned,FRESH COLLECTION BY CHAMPS SPORTS,"Mar. 17, 2008","Foot Locker Retail, Inc.",,tbombata@footlocker.com
77193232,deadAbandoned,DOA,"May 24, 2008","Ma, Alan K.",,idyclothing@gmail.com
77193088,REQUEST_FAILED,,,,,
77193076,REQUEST_FAILED,,,,,
77193265,REQUEST_FAILED,,,,,
77193335,REQUEST_FAILED,,,,,
77193341,REQUEST_FAILED,,,,,
77193435,REQUEST_FAILED,,,,,
77193519,REQUEST_FAILED,,,,,
77193600,deadAbandoned,LIPOBEAM,"Aug. 13, 2008","Pacific West Dermatology, A Medical Corporation",,akuzycz@yahoo.com
77193520,REQUEST_FAILED,,,,,
77193638,REQUEST_FAILED,,,,,
77193799,deadAbandoned,GLOBOTOTE.COM,"Mar. 17, 2008","Sersen, Chad A",,admin@globotote.com
77193794,REQUEST_FAILED,,,,,
77193807,REQUEST_FAILED,,,,,
77193818,REQUEST_FAILED,,,,,
77193839,deadAbandoned,LOONY BIN PRODUCTIONS,"Aug. 20, 2008","Safranek, Brady Donovin",,loonybinproductions@gmail.com
77193857,deadAbandoned,OPENFINANCIALS,"Mar. 18, 2008",Eric O Chijioke,,obinna@gmail.com
77193861,deadAbandoned,TOASTABAGS,"Mar. 18, 2008",Unwin Guy Darell,,mgv@onepercentstudio.com
77193862,deadAbandoned,ECO GOLF,"Aug. 13, 2008",Eco Golf,,eco-golf@earthlink.net
77193829,REQUEST_FAILED,,,,,
77193837,REQUEST_FAILED,,,,,
77193951,deadAbandoned,REGULAR GUY,"Oct. 28, 2008","Smith, Irving",,smithirving@aol.com
77193849,REQUEST_FAILED,,,,,
77193879,REQUEST_FAILED,,,,,
77194003,REQUEST_FAILED,,,,,
77194078,REQUEST_FAILED,,,,,
77194130,REQUEST_FAILED,,,,,
77194223,REQUEST_FAILED,,,,,
77194267,REQUEST_FAILED,,,,,
77194517,deadAbandoned,LOOPLAWYERS.COM,"Mar. 15, 2008","Vaughan Cascino Law Offices, Ltd.",,dbenevich@cvlo.com
77194552,deadAbandoned,PERFECT CUT,"Mar. 17, 2008",Global TV Concepts LTD,,info@gloabltvconcepts.com
77194472,REQUEST_FAILED,,,,,
77194570,deadAbandoned,O3 SYSTEM,"Mar. 18, 2008",CG Air Systèmes Inc.,,jonathan.bernier@cgair.com
77194664,REQUEST_FAILED,,,,,
77194724,REQUEST_FAILED,,,,,
77194884,deadAbandoned,HOMEROOM CLOTHING,"Oct. 26, 2008","Valdman, Alex",,alval@homeroomclothing.com
77194823,REQUEST_FAILED,,,,,
77194847,deadAbandoned,SIMPLY PERFECT MEXICO DESTINATION WEDDINGS,"Mar. 11, 2008",Simply Perfect Mexico LLC,,info@simplyperfectmexico.com
77194968,deadAbandoned,EGGS,"Mar. 10, 2008",MoneyCare LLC,,
77194961,REQUEST_FAILED,,,,,
77194955,REQUEST_FAILED,,,,,
77195053,deadAbandoned,GREEN PLANET TOYS,"Mar. 13, 2008",Coastal Trading Company LLC,,smeherin@yahoo.com
77195056,deadAbandoned,SAN ANTONIO IGUANAS,"Mar. 13, 2008","Reverb, LLC",,moosemantx@lycos.com
77195060,deadAbandoned,CHICKEN FRIED STEAK FESTIVAL OF TEXAS,"Mar. 18, 2008","Reverb, LLC",,moosemantx@lycos.com
77195069,deadAbandoned,CHEF BIRON'S FOODSCAPE,"Apr. 30, 2008",Bruce Arthur Biron,,
77194999,REQUEST_FAILED,,,,,
77195064,deadAbandoned,ALIAS APPAREL,"Mar. 12, 2008",Troy Lockwood,,
77195012,REQUEST_FAILED,,,,,
77195279,deadAbandoned,LUXE LIVING PUBLICATIONS,"Mar. 13, 2008",Luxe Publications Inc.,,angela@rsvpchicago.com
77195303,deadAbandoned,BYE BYE KITTY,"Mar. 12, 2008",ABIDAT SOBHI,,poizenuk@yahoo.co.uk
77195271,REQUEST_FAILED,,,,,
77195360,deadAbandoned,WILD PETZ,"Jul. 09, 2008",UBISOFT PROPERTIES LLC,,
77195351,REQUEST_FAILED,,,,,
77195618,deadAbandoned,6 9,"Nov. 20, 2008","Johnson, Jerry Lee",,
77195524,REQUEST_FAILED,,,,,
77195504,REQUEST_FAILED,,,,,
77195547,REQUEST_FAILED,,,,,
77195723,REQUEST_FAILED,,,,,
77195916,deadAbandoned,FRAG OF THE WEEK,"Mar. 14, 2008","GAMECASTER, INC.",,
77195828,REQUEST_FAILED,,,,,
77195882,REQUEST_FAILED,,,,,
77196015,deadAbandoned,REJUVENATOR BEVERAGES,"Aug. 06, 2008",Rejuvenator Beverages LLC,,RejuvenatorBeverages@Yahoo.com
77196036,deadAbandoned,HOUSTON LIGHTING AND POWER,"Jul. 17, 2008","Malone, Amanda R",,jcmchris@inbox.com
77196044,deadAbandoned,HL&P,"May 07, 2008","Malone, Amanda R",,jcmchris@inbox.com
77195970,REQUEST_FAILED,,,,,
77196049,REQUEST_FAILED,,,,,
77196064,REQUEST_FAILED,,,,,
77196126,deadAbandoned,ECKOINK,"Mar. 12, 2008",Ecko Ink,,jwilliams45@hotmail.com
77196147,deadAbandoned,DIRECT TO GENOME,"Mar. 20, 2008","Sablinski, Tomasz",,tomasz.sablinski@novartis.com
77196163,deadAbandoned,LIFE HEALER,"Mar. 17, 2008","Grant, Laurie L",,GrantAngelady@hotmail.com
77196105,REQUEST_FAILED,,,,,
77196151,REQUEST_FAILED,,,,,
77196162,REQUEST_FAILED,,,,,
77196226,deadAbandoned,CIGO COMING INTO GOD'S OWN,"Mar. 13, 2008",ciGo,,lakesheia@hotmail.com
77196187,REQUEST_FAILED,,,,,
77196168,REQUEST_FAILED,,,,,
77196214,deadAbandoned,USAISA.COM,"Aug. 20, 2008","Wong, Roy",,roy@chimaxco.com
77196243,deadAbandoned,None,"Mar. 13, 2008","Erickson, Quentin F.",,qferickson@charter.net
77196253,REQUEST_FAILED,,,,,
77196277,deadAbandoned,GABRIELLA UNA BELLA DECISION SOLO PARA TI,"Dec. 17, 2008",Gabriella Inc.,,gabriellapro@msn.com
77196298,REQUEST_FAILED,,,,,
77196320,REQUEST_FAILED,,,,,
77196414,deadAbandoned,FRESH STRIPE,"Feb. 19, 2008",Intellectual Property Development Corporation Pty Limited,,helen.kearney@middletons.com
77196405,REQUEST_FAILED,,,,,
77196420,REQUEST_FAILED,,,,,
77196437,REQUEST_FAILED,,,,,
77196664,deadAbandoned,RED GORILLA,"Nov. 28, 2008",Susan B. Ramsay,,danmaxstu@yahoo.com
77196628,deadAbandoned,PRIME FOREX,"Mar. 18, 2008",Vision Internet Marketing,,jerry@visioninternetonline.com
77196687,deadAbandoned,GRIDLOCK,"Jun. 26, 2008",CYBERVIEW TECHNOLOGY,,cameron.filipour@cybview.com
77196703,deadAbandoned,URBAN REBEL,"Jul. 23, 2008",PS CORP LTD,,kennypu@canadasinosky.com
77196668,REQUEST_FAILED,,,,,
77196818,deadAbandoned,AT PEACE,"Aug. 13, 2008","At Peace, LLC",,j.otto@atpeace.info
77196777,deadAbandoned,PRIMEFOREX,"Mar. 18, 2008",Vision Internet Marketing,,jerry@visioninternetonline.com
77196766,deadAbandoned,MY HEART TREASURES,"Aug. 06, 2008","Daily Bread Creations, Inc.",,dailybreadcreations@gmail.com
77196924,deadAbandoned,VERMILION DOLLAR LIPS,"Mar. 14, 2008",Robert Gordon DDS,,drrootless@comcast.net
77196740,REQUEST_FAILED,,,,,
77196981,deadAbandoned,FAIRTRASA,"Aug. 07, 2008","Struebi, Patrick",,patrick.struebi@fairtrasa.com
77197064,deadAbandoned,PROTECT THE CONSUMER. PROTECT THE BRAND.,"Aug. 13, 2008",Vardex Laser Corporation,,stephaniebeyne@yahoo.com
77196544,REQUEST_FAILED,,,,,
77197013,REQUEST_FAILED,,,,,
77197239,deadAbandoned,L OF S,"Oct. 29, 2008",M.N.M. Records,,info@mnmrecords.com
77197246,REQUEST_FAILED,,,,,
77197241,REQUEST_FAILED,,,,,
77197342,deadAbandoned,JOIN THE BATTLE,"Mar. 14, 2008",Join The Battle Inc.,,sean@jointhebattle.org
77197361,deadAbandoned,TAUTROPFEN,"Mar. 13, 2008",E.M.I. EURO MARKETING AND INVESTMENTS HOLDING B.V.,,
77197333,REQUEST_FAILED,,,,,
77197356,REQUEST_FAILED,,,,,
77197410,deadAbandoned,BERRY BRIGHT,"Mar. 14, 2008",Gertrud Luer Valdes,,andresyger@yahoo.com
77197424,deadAbandoned,AUSSIE TS,"Mar. 14, 2008",Andrew Maciver,,maciver@aussiets.com
77197440,deadAbandoned,IMAGINATION.,"Mar. 12, 2008",Imagination Holdings Pty Ltd,,sarah.wishart@imagination.com.au
77197442,deadAbandoned,DIGITOLL,"Mar. 14, 2008",Idea Data Pty Limited,,chris.todd@ideadata.com.au
77197405,REQUEST_FAILED,,,,,
77197481,REQUEST_FAILED,,,,,
77197557,REQUEST_FAILED,,,,,
77197565,REQUEST_FAILED,,,,,
77197716,REQUEST_FAILED,,,,,
77197719,REQUEST_FAILED,,,,,
77197738,REQUEST_FAILED,,,,,
77197957,deadAbandoned,NUSTARZ,"Feb. 21, 2008",Craig Wood,,craigwood16@aol.com
77197775,REQUEST_FAILED,,,,,
77197911,REQUEST_FAILED,,,,,
77197930,REQUEST_FAILED,,,,,
77198093,REQUEST_FAILED,,,,,
77198176,REQUEST_FAILED,,,,,
77198335,deadAbandoned,DATAMENTARY,"Mar. 14, 2008","Lenclos, Martin E",,mlenclos@gmail.com
77198420,deadAbandoned,NIC FIX STOP SMOKING STRIPS,"Mar. 16, 2008",Cricket Productions Inc.,,
77198409,REQUEST_FAILED,,,,,
77198410,REQUEST_FAILED,,,,,
77198459,deadAbandoned,SALON SCIENCE,"Mar. 18, 2008",Laurel L. Goodman,,moosemantx@lycos.com
77198424,REQUEST_FAILED,,,,,
77198486,deadAbandoned,HOUSTON COLT .45S,"Mar. 18, 2008","Reverb, LLC",,moosemantx@lycos.com
77198474,deadAbandoned,MIGHTYMATE,"Mar. 20, 2008","Fagan, Caroline",,info@mightymate.co.au
77198483,REQUEST_FAILED,,,,,
77198550,deadAbandoned,G HOUSTON GAMBLERS,"Jan. 15, 2008","Reverb, LLC",,moosemantx@lycos.com
77198507,REQUEST_FAILED,,,,,
77198616,deadAbandoned,HOUSTON BUFFALOS,"Mar. 24, 2008","Reverb, LLC",,moosemantx@lycos.com
77198561,deadAbandoned,APOLLOS,"Mar. 18, 2008","Reverb, LLC",,moosemantx@lycos.com
77198530,REQUEST_FAILED,,,,,
77198596,deadAbandoned,TURN YOUR TV INTO A GAME SHOW!,"Aug. 20, 2008",Imagination Holdings Pty Ltd,,sarah.wishart@imagination.com.au
77198582,REQUEST_FAILED,,,,,
77198594,REQUEST_FAILED,,,,,
77198675,deadAbandoned,SAW MILL RIVER PLAZA,"Oct. 06, 2008","One Lawrence Street LLC, c/o Philips International Holding Corp.",,
77198640,REQUEST_FAILED,,,,,
77198660,deadAbandoned,"IEAR, I EAR, I.EAR, I-EAR, I EAR, I.EAR, I-EAR (UK-TRADE MARK 2440183-PUBLICATION IN TRADE MARKS JOURNAL:6680 PUBLICATION DATE: 20 APRIL 2007)","Mar. 18, 2008","Chizari, Abolghasem",,abol.chizari@auriplex.com
77198832,deadAbandoned,SOMNOMEDICS SLEEP MEDICINE PROFESSIONALS,"Mar. 17, 2008",SomnoMedics,,bkazar@bayareasleep.com
77198941,deadAbandoned,REMIND Q,"Sep. 19, 2008","The Nour Group, Inc.",,
77198953,deadAbandoned,RETURN ON INTEGRATION,"Mar. 25, 2008","The Nour Group, Inc.",,
77198813,REQUEST_FAILED,,,,,
77198841,REQUEST_FAILED,,,,,
77198947,REQUEST_FAILED,,,,,
77198965,deadAbandoned,RETURN ON INVOLVEMENT,"Aug. 23, 2008","The Nour Group, Inc.",,
77198983,deadAbandoned,RELATIONSHIP CAPITAL,"Mar. 24, 2008","The Nour Group, Inc.",,
77198975,deadAbandoned,TANK SUPPORT SYSTEM,"Mar. 17, 2008",Flexible Containment Products,,zhill@bergco.com
77199101,deadAbandoned,PILOTS OF WAR,"Jun. 26, 2008",UBISOFT INC,,
77199074,REQUEST_FAILED,,,,,
77199166,REQUEST_FAILED,,,,,
77199209,deadAbandoned,FULVIC,"Mar. 20, 2008","Miyamonte U.S.A., Inc.",,info@miamonte.com
77199171,REQUEST_FAILED,,,,,
77199199,REQUEST_FAILED,,,,,
77199225,REQUEST_FAILED,,,,,
77199235,REQUEST_FAILED,,,,,
77199416,deadAbandoned,29 INCHES,"Jul. 15, 2008","Rewind Lab, Inc.",,
77199335,REQUEST_FAILED,,,,,
77199442,deadAbandoned,DUMPSTER WEAR,"Mar. 17, 2008",Dumpster Wear,,mhgeuther@msn.com
77199489,deadAbandoned,TOTAL STORE ANALYTICS,"May 05, 2008","TABS Group, Inc.",,dustin@jjoynergroup.com
77199524,REQUEST_FAILED,,,,,
77199532,REQUEST_FAILED,,,,,
77199573,REQUEST_FAILED,,,,,
77199627,REQUEST_FAILED,,,,,
77199628,REQUEST_FAILED,,,,,
77199744,REQUEST_FAILED,,,,,
77199751,REQUEST_FAILED,,,,,
77199835,deadAbandoned,BEDTUNES,"Jul. 16, 2008","Onda, Hideki Francis",,hidechan@mac.com
77199782,REQUEST_FAILED,,,,,
77199819,REQUEST_FAILED,,,,,
77199854,deadAbandoned,HANLU,"Oct. 23, 2008",Qi Han,,pa19082@gmail.com
77199859,deadAbandoned,REAL COMFY,"Mar. 24, 2008",Monroe Management Group Limited,,andrew@apsww.com
77199829,REQUEST_FAILED,,,,,
77199881,deadAbandoned,JSR J.SCHEER REALTY AMERICA'S #1 AT-HOME REALTOR SOURCE,"Mar. 20, 2008",J. Scheer Realty,,jason.lyde@jscheerrealty.com
77199858,REQUEST_FAILED,,,,,
77199901,deadAbandoned,ART TRAVEL,"Mar. 19, 2008","Mezan, Eric",,info@art-process.com
77199871,deadAbandoned,NOLTEC USA,"Mar. 16, 2008",NOLTEC ENGINEERING P/L,,greg@noltecsuspension.com
77199868,REQUEST_FAILED,,,,,
77200114,deadAbandoned,HERBAN SPICES,"Jul. 25, 2008",Herban Gourmet LLC,,herbangourmet@aol.com
77199890,REQUEST_FAILED,,,,,
77199886,deadAbandoned,CHRIS VEGAS,"Mar. 16, 2008",Chris Vegas,,chrisvegasmusic@aol.com
77200169,deadAbandoned,MI AMANTE,"Mar. 20, 2008","Miyamonte U.S.A., Inc.",,info@miamonte.com
77200118,REQUEST_FAILED,,,,,
77200162,REQUEST_FAILED,,,,,
77200276,deadAbandoned,GRIP IT ALL,"Jun. 26, 2008","Killins Diversified Tools, Inc.",,joshua.hughes@diversifiedtools.com
77200196,REQUEST_FAILED,,,,,
77200250,REQUEST_FAILED,,,,,
77200311,deadAbandoned,BOOKCOVERPRO,"Mar. 19, 2008",Ninety-Five Family Limited Partnership,,jugglingact@verizon.net
77200331,deadAbandoned,OMNI ORIGINALS,"Oct. 27, 2008",Omni,,heather.norman@clubmarketing.com
77200335,deadAbandoned,SURYA A HF PRODUCT,"Nov. 03, 2008","SURYA FOODS, HYDERABAD FOOD PRODUCTS PVT LTD",,
77200363,REQUEST_FAILED,,,,,
77200427,deadAbandoned,PATINA,"Oct. 14, 2008","Brown, Dana R",,dbrown@browndesigngroup.com
77200379,REQUEST_FAILED,,,,,
77200417,REQUEST_FAILED,,,,,
77200535,REQUEST_FAILED,,,,,
77200551,REQUEST_FAILED,,,,,
77200702,deadAbandoned,T-REX,"Mar. 14, 2008","The New Orleans Exchange, LLC",,paul@receivablesxchange.com
77200725,deadAbandoned,VT,"Mar. 17, 2008","Race, Elizabeth C.",,prace3@twcny.rr.com
77200682,REQUEST_FAILED,,,,,
77200659,REQUEST_FAILED,,,,,
77200738,deadAbandoned,WEEKLY PAKISTAN JOURNAL,"Mar. 20, 2008","quraishi,ashraf,m",,ashraf.quraishi@gmail.com
77200893,deadAbandoned,PLATINUM JETT,"Mar. 21, 2008",ASM Liquor Pty Ltd,,simon@asmliquor.com
77200818,REQUEST_FAILED,,,,,
77200898,deadAbandoned,SMARTFAX,"Mar. 15, 2008","Mijanda, Inc.",,david.bitterman@gmail.com
77200845,REQUEST_FAILED,,,,,
77200900,REQUEST_FAILED,,,,,
77200917,REQUEST_FAILED,,,,,
77200968,REQUEST_FAILED,,,,,
77200951,REQUEST_FAILED,,,,,
77201002,deadAbandoned,SWINE DINING,"Dec. 01, 2008","Artificial Life, Inc.",,s.lam@artificial-life.com
77201108,deadAbandoned,INFECTION PREVENTION SYSTEMS,"Mar. 25, 2008","Infection Prevention Systems, Inc.",,sean@uveritech.com
77201189,deadAbandoned,AD PERK WATCH AND BE REWARDED,"May 29, 2008",Reduce My Fee LLC,,kevin@adperk.com
77201097,REQUEST_FAILED,,,,,
77201200,deadAbandoned,DESIGNER DIRT GIRL,"Mar. 23, 2008",David S. Lynch,,siteman@sbcglobal.net
77201167,REQUEST_FAILED,,,,,
77201294,REQUEST_FAILED,,,,,
77201302,REQUEST_FAILED,,,,,
77201328,deadAbandoned,UV SKINZ ONE APPLICATION · ALL DAY PROTECTION,"Mar. 21, 2008","UV Skinz, Inc.",,rhonda@uvskinz.com
77201323,REQUEST_FAILED,,,,,
77201343,REQUEST_FAILED,,,,,
77201377,deadAbandoned,None,"Mar. 21, 2008","UV Skinz, Inc.",,rhonda@uvskinz.com
77201348,REQUEST_FAILED,,,,,
77201512,deadAbandoned,SPICE FOR LIVING,"Nov. 01, 2008",Max Holdings Corp.,,am@spiceforliving.com
77201495,REQUEST_FAILED,,,,,
77201675,deadAbandoned,ROOTLESS COSMOPOLITAN,"Oct. 02, 2008",Rootless Cosmopolitan Inc.,,rhonda@rootlesscosmopolitan.com
77201678,deadAbandoned,RE13EL,"Aug. 06, 2008","colton,patrick j.",,colton1967@yahoo.com
77201600,REQUEST_FAILED,,,,,
77201614,REQUEST_FAILED,,,,,
77201692,deadAbandoned,SEA BREEZE ON TAP,"Jul. 10, 2008","SEA BREEZE FRUIT FLAVORS, INC.",,
77201662,REQUEST_FAILED,,,,,
77201975,deadAbandoned,DR RX DUCT THE INDOOR AIR QUALITY SPECIALIST,"Mar. 21, 2008",DR DUCT,,gghanime@gmail.com
77201916,REQUEST_FAILED,,,,,
77201960,REQUEST_FAILED,,,,,
77201973,REQUEST_FAILED,,,,,
77201978,REQUEST_FAILED,,,,,
77201995,deadAbandoned,FISHING CHAMP,"Jun. 27, 2008","OnNet USA, Inc.",,chriskeswani@onnetusa.com
77201997,REQUEST_FAILED,,,,,
77202017,REQUEST_FAILED,,,,,
77202036,REQUEST_FAILED,,,,,
77202075,deadAbandoned,DRAGONS RAGE,"Aug. 06, 2008","Beijing Haofeng Digital Entertainment & Technology Co., Ltd",,brett.skogen@gmail.com
77202077,deadAbandoned,JU JU,"Mar. 18, 2008",Carol Banh,,jujuclothing@yahoo.com
77202085,deadAbandoned,ADSPY PRO,"Mar. 18, 2008",Jean Philippe Schoeffel,,ethiccash@gmail.com
77202087,deadAbandoned,H2G HEART2GAME,"Aug. 06, 2008","Beijing Haofeng Digital Entertainment & Technology Co., Ltd",,brett.skogen@gmail.com
77202102,deadAbandoned,SALON SCIENCE,"Mar. 18, 2008",Laurel L. Goodman,,moosemantx@lycos.com
77202084,REQUEST_FAILED,,,,,
77202079,REQUEST_FAILED,,,,,
77202104,deadAbandoned,MPOWERSHELL,"Aug. 06, 2008","Bradley, Randall E",,randy.bradley@namescape.com
77202103,deadAbandoned,MPOWERTOOLS,"Mar. 18, 2008",Randy Bradley,,randy85253@yahoo.com
77202092,REQUEST_FAILED,,,,,
77202114,REQUEST_FAILED,,,,,
77202140,REQUEST_FAILED,,,,,
77202159,REQUEST_FAILED,,,,,
77202182,deadAbandoned,CLEARVISION ENTERTAINMENT,"Dec. 31, 2008","Clear Vision Entertainment, LLC",,clearvision202@yahoo.com
77202162,REQUEST_FAILED,,,,,
77202176,REQUEST_FAILED,,,,,
77202209,deadAbandoned,KARMA CALIFORNIA BRUT,"Mar. 20, 2008",Patrick S. Wilson,,patrick@karmabeverages.com
77202179,REQUEST_FAILED,,,,,
77202199,REQUEST_FAILED,,,,,
77202211,REQUEST_FAILED,,,,,
77202242,REQUEST_FAILED,,,,,
77202271,deadAbandoned,ADPROXY,"Oct. 27, 2008","Leutenegger, Ives",,ives.leutenegger@athome.ch
77202259,REQUEST_FAILED,,,,,
77202291,deadAbandoned,SAN ANTONIO BEARS,"Dec. 29, 2008","Reverb, LLC",,moosemantx@lycos.com
77202309,deadAbandoned,INTUITIVE EDUCATION,"Mar. 18, 2008",Fields LLC,,intuitiveeducation@yahoo.com
77202324,REQUEST_FAILED,,,,,
77202329,REQUEST_FAILED,,,,,
77202333,REQUEST_FAILED,,,,,
77202348,REQUEST_FAILED,,,,,
77202395,deadAbandoned,CAMWOI,"Aug. 20, 2008",Weidman Brad S.,,brad@tuffguyz.com
77202365,REQUEST_FAILED,,,,,
77202552,REQUEST_FAILED,,,,,
77202591,deadAbandoned,AD CARDS ELITE,"Mar. 22, 2008","CN Direct Marketing, Inc.",,CNagrampa@comcast.net
77202620,deadAbandoned,CRI-CRI,"Mar. 18, 2008",TIBURCIO GABILONDO GALLEGOS,,cthomae@jcva.com.mx
77202647,REQUEST_FAILED,,,,,
77202656,REQUEST_FAILED,,,,,
77202684,REQUEST_FAILED,,,,,
77202818,deadAbandoned,REALTEER,"Jul. 14, 2008",The Realteers LLC,,scott.hubble@gmail.com
77202730,deadAbandoned,DAMON ROBERTS,"Mar. 18, 2008",Sports Internet Solutions,,damon@rogernet.com
77202835,REQUEST_FAILED,,,,,
77202918,REQUEST_FAILED,,,,,
77202961,REQUEST_FAILED,,,,,
77203104,REQUEST_FAILED,,,,,
77203103,REQUEST_FAILED,,,,,
77203211,REQUEST_FAILED,,,,,
77203229,REQUEST_FAILED,,,,,
77203314,REQUEST_FAILED,,,,,
77203345,REQUEST_FAILED,,,,,
77203386,deadAbandoned,JUNGO,"Mar. 18, 2008",Wildfire Studios Holding,,darren@wildfire.com.au
77203364,REQUEST_FAILED,,,,,
77203487,deadAbandoned,POIZENINDUSTRIES,"Mar. 12, 2008","SOBHI, ABIDAT",,poizenuk@yahoo.co.uk
77203469,deadAbandoned,GOGOFOXXY,"Jul. 09, 2008",m.blackway,,m-pharo@hotmail.com
77203489,deadAbandoned,EVIL FAIRYS,"Mar. 12, 2008","SOBHI, ABIDAT",,poizenuk@yahoo.co.uk
77203484,REQUEST_FAILED,,,,,
77203517,REQUEST_FAILED,,,,,
77203552,deadAbandoned,JADEVANGELIST,"Mar. 19, 2008","Domiter, John A.",,drjohndomiter@aol.com
77203529,REQUEST_FAILED,,,,,
77203574,REQUEST_FAILED,,,,,
77203709,deadAbandoned,AWARE,"Mar. 23, 2008","Gazay, Olivier P",,ogazay@hotmail.com
77203598,REQUEST_FAILED,,,,,
77203721,REQUEST_FAILED,,,,,
77203764,REQUEST_FAILED,,,,,
77203875,deadAbandoned,GARBARGE JUICER,"Aug. 20, 2008","MINGHAGS, INC.",,
77203854,REQUEST_FAILED,,,,,
77203884,deadAbandoned,SWEET SEAT,"Aug. 20, 2008","MINGHAGS, INC.",,
77203969,REQUEST_FAILED,,,,,
77204023,REQUEST_FAILED,,,,,
77204106,REQUEST_FAILED,,,,,
77204192,REQUEST_FAILED,,,,,
77204423,deadAbandoned,BELLA GIFTS,"Mar. 20, 2008","Delzer, Michelle, S",,msrody118@yahoo.com
77204374,deadAbandoned,18 HCAP,"Oct. 27, 2008",Robert E LeBlanc,,bobleblanc51@hotmail.com
77204273,REQUEST_FAILED,,,,,
77204331,REQUEST_FAILED,,,,,
77204468,deadAbandoned,BEST VALET,"Mar. 24, 2008",Best Valet Parking Corporation,,bestvalet@verizon.net
77204471,REQUEST_FAILED,,,,,
77204473,REQUEST_FAILED,,,,,
77204493,deadAbandoned,CLASSIFIED FLYER ADS,"Mar. 12, 2008","Go Smart Solutions, LLC",,service@gosmart4u.com
77204480,REQUEST_FAILED,,,,,
77204519,deadAbandoned,MINI SMART CARS,"Dec. 09, 2008",Mini Smart Cars,,MiniSmartCars@charter.net
77204496,REQUEST_FAILED,,,,,
77204532,deadAbandoned,CENTENNIAL,"Mar. 19, 2008","Hervey, Robert R.",,kent_alexander@allergan.com
77204601,deadAbandoned,OBJECTIKA,"Mar. 26, 2008",Objectika LLC,,admin@objectika.com
77204579,REQUEST_FAILED,,,,,
77204592,REQUEST_FAILED,,,,,
77204774,deadAbandoned,TEAM DIRTBAG,"Oct. 27, 2008",Team Dirtbag Inc.,,Jjagob@aol.com
77204685,deadAbandoned,BUMBLEFUNCK,"Mar. 20, 2008","Gromelski, Catrina",,bumblefunck@aol.com
77204778,REQUEST_FAILED,,,,,
77204849,REQUEST_FAILED,,,,,
77204936,deadAbandoned,PERTHSHIRE PLATINUM COLLECTION,"Mar. 25, 2008",Textile Decor UK Ltd,,textiledecor@aol.com
77204858,REQUEST_FAILED,,,,,
77204976,deadAbandoned,SPIRG,"Mar. 20, 2008",SPIRG Inc,,baameen@yahoo.co.uk
77204947,REQUEST_FAILED,,,,,
77205086,deadAbandoned,ENDURA-LYTES,"Mar. 27, 2008","LCM Pharmaceutical, Inc.",,lcmpharma@cox.net
77205080,REQUEST_FAILED,,,,,
77205114,REQUEST_FAILED,,,,,
77205134,REQUEST_FAILED,,,,,
77205180,REQUEST_FAILED,,,,,
77205235,REQUEST_FAILED,,,,,
77205427,deadAbandoned,TOP CHIMNEYCAKE,"Mar. 26, 2008","Kovacs, Bela",,bsvolumen@gmail.com
77205304,REQUEST_FAILED,,,,,
77205518,deadAbandoned,LIVING NATURALLY NUTRITION,"Mar. 24, 2008",Professional Botanicals,,dreric@professionalbotanicals.com
77205477,deadAbandoned,RPE,"Nov. 18, 2008",Judy C. Carroll,,
77205339,REQUEST_FAILED,,,,,
77205451,deadAbandoned,LOCAL SPORTS NETWORK,"May 01, 2008","Junger, Preston",,pjunger@gmail.com
77205498,deadAbandoned,CHAKRA INTERNATIONAL,"Oct. 27, 2008","Hochman, Marjorie I.",,sirenhochman@yahoo.com
77205519,deadAbandoned,PLANTING TO PLATE,"Mar. 24, 2008",Dave Kingston Produce Inc,,kbmendel@starpower.net
77205525,REQUEST_FAILED,,,,,
77205550,REQUEST_FAILED,,,,,
77205576,REQUEST_FAILED,,,,,
77205641,deadAbandoned,SCENTS OF ENLIGHTENMENT,"Aug. 20, 2008","FELDMAN, MARGARET Z.",,enlightenedhands@gmail.com
77205592,REQUEST_FAILED,,,,,
77205660,deadAbandoned,FACILITY EGRESS,"Dec. 05, 2008","Siman, Hilton",,hsiman@cox.net
77205675,deadAbandoned,LAS VEGAS STRIPPER POLES,"Mar. 20, 2008","Townsend, Wilbert II",,Wiltownsend@yahoo.com
77205651,REQUEST_FAILED,,,,,
77205673,REQUEST_FAILED,,,,,
77205679,REQUEST_FAILED,,,,,
77205704,REQUEST_FAILED,,,,,
77205705,REQUEST_FAILED,,,,,
77205738,REQUEST_FAILED,,,,,
77205794,REQUEST_FAILED,,,,,
77205852,deadAbandoned,JOOMLA UNIVERSITY,"Mar. 27, 2008",Joomlashack LLC,,sales@joomlashack.com
77205864,deadAbandoned,THE ROLLING STONES,"Apr. 01, 2008",Rasskaazov Anatoly,,1big@sky.ru
77205817,REQUEST_FAILED,,,,,
77205924,REQUEST_FAILED,,,,,
77205939,REQUEST_FAILED,,,,,
77205951,deadAbandoned,MILEYWORLD,"Mar. 21, 2008","Interactive Media Marketing, Inc.",,
77205970,REQUEST_FAILED,,,,,
77205978,REQUEST_FAILED,,,,,
77206044,REQUEST_FAILED,,,,,
77206257,REQUEST_FAILED,,,,,
77206267,REQUEST_FAILED,,,,,
77206451,REQUEST_FAILED,,,,,
77206621,deadAbandoned,SOLEI,"Aug. 20, 2008",Astral del Pacifico S.A. de C.V.,,
77206618,deadAbandoned,HI HOLLYWOOD INFANTRY,"Mar. 21, 2008","Moreno, Zaid",,zaidmoreno@aol.com
77206528,deadAbandoned,SEXUAL ENHANCEMINTS PEPPERMINT FLAVOR BREATH MINTS,"Oct. 08, 2008",Ocean Rock Research Corp.,,info@sexualenhancemints.com
77206628,REQUEST_FAILED,,,,,
77206692,REQUEST_FAILED,,,,,
77206747,deadAbandoned,JUBILATION!,"Mar. 21, 2008","Lemmler, Michael H",,info@jubilation.com
77206730,REQUEST_FAILED,,,,,
77206777,deadAbandoned,ACID MEMORY,"Mar. 21, 2008",Positon Networks Pty Ltd,,marcus.zeltzer@sensorconnect.com
77206755,REQUEST_FAILED,,,,,
77206751,REQUEST_FAILED,,,,,
77206779,REQUEST_FAILED,,,,,
77206784,REQUEST_FAILED,,,,,
77206881,deadAbandoned,BOOMCUBE,"Aug. 20, 2008","Backus, Bradford C.",,bradford@audio-3.com
77206826,REQUEST_FAILED,,,,,
77206918,REQUEST_FAILED,,,,,
77206924,REQUEST_FAILED,,,,,
77207040,deadAbandoned,ASPEN WELL DRILLING,"Mar. 26, 2008","Camozzi, Craig M",,cmcaspen@aol.com
77207076,REQUEST_FAILED,,,,,
77207245,REQUEST_FAILED,,,,,
77207369,REQUEST_FAILED,,,,,
77207470,REQUEST_FAILED,,,,,
77207546,REQUEST_FAILED,,,,,
77207624,deadAbandoned,TATOO,"Mar. 26, 2008",CIELO CREATIONS INC,,francisco@cielocreations.com
77207675,deadAbandoned,LP LEAK PRO,"Mar. 22, 2008","Welsh, Richard",,tester1@earthlink.net
77207622,REQUEST_FAILED,,,,,
77207666,REQUEST_FAILED,,,,,
77207673,REQUEST_FAILED,,,,,
77207746,REQUEST_FAILED,,,,,
77207795,REQUEST_FAILED,,,,,
77207804,REQUEST_FAILED,,,,,
77207814,REQUEST_FAILED,,,,,
77207826,REQUEST_FAILED,,,,,
77207845,REQUEST_FAILED,,,,,
77207871,deadAbandoned,V,"Aug. 11, 2008",VOIGT GLOBAL DISTRIBUTION INC,,wade@VGDINC.com
77207853,REQUEST_FAILED,,,,,
77207861,REQUEST_FAILED,,,,,
77207938,REQUEST_FAILED,,,,,
77207970,deadAbandoned,YOULIVESEE,"Nov. 10, 2008","Finka, Nika",,niksa.finka@email.si
77207951,REQUEST_FAILED,,,,,
77207973,deadAbandoned,VIRWORLDS,"Aug. 20, 2008","Finka, Nika",,niksa.finka@email.si
77207998,deadAbandoned,AYANNA,"Mar. 23, 2008",Artistic Aya,,ayanna@artisticaya.com
77207967,REQUEST_FAILED,,,,,
77208037,deadAbandoned,RN ROUGHNECK,"Mar. 14, 2008","SILVERLINE AMERICA, S.A. DE C.V.",,
77208040,deadAbandoned,SIN DUDA,"Oct. 27, 2008",Sin duda Clothing Company,,jpkobz@gmail.com
77208017,REQUEST_FAILED,,,,,
77208047,deadAbandoned,AUCTION MASTER PRO,"Mar. 22, 2008","KJM Software, Inc.",,sales@kjmsoftware.com
77208022,REQUEST_FAILED,,,,,
77208039,REQUEST_FAILED,,,,,
77208035,REQUEST_FAILED,,,,,
77208053,REQUEST_FAILED,,,,,
77208100,deadAbandoned,BARTEC,"Mar. 26, 2008",BARTEC INC.,,
77208074,REQUEST_FAILED,,,,,
77208077,REQUEST_FAILED,,,,,
77208078,REQUEST_FAILED,,,,,
77208088,REQUEST_FAILED,,,,,
77208132,deadAbandoned,ESPERANZA,"Mar. 22, 2008",ATLANTICA EXPORT MANAGEMENT COMPANY S.L.,,jgonzalez@atlantica-co.com
77208112,REQUEST_FAILED,,,,,
77208117,REQUEST_FAILED,,,,,
77208134,deadAbandoned,"B&T CO., LTD.","Mar. 21, 2008","B&T Co., Ltd.",,yan@bandt.cn
77208129,REQUEST_FAILED,,,,,
77208150,REQUEST_FAILED,,,,,
77208391,deadAbandoned,VINTAGE CRU,"Mar. 22, 2008","Hotis, John Byron",,jbyron7@yahoo.com
77208363,REQUEST_FAILED,,,,,
77208371,REQUEST_FAILED,,,,,
77208401,REQUEST_FAILED,,,,,
77208402,REQUEST_FAILED,,,,,
77208407,REQUEST_FAILED,,,,,
77208486,deadAbandoned,JOHN TITOR,"Mar. 25, 2008",John Titor Foundation LLC,,lryhaber@earthlink.net
77208528,deadAbandoned,MOTORBUTT,"Sep. 23, 2008","Bugarin, Julie V.",,info@hulamom.com
77208455,REQUEST_FAILED,,,,,
77208484,REQUEST_FAILED,,,,,
77208473,REQUEST_FAILED,,,,,
77208501,REQUEST_FAILED,,,,,
77208560,REQUEST_FAILED,,,,,
77208635,REQUEST_FAILED,,,,,
77208749,REQUEST_FAILED,,,,,
77208842,REQUEST_FAILED,,,,,
77208889,REQUEST_FAILED,,,,,
77208922,REQUEST_FAILED,,,,,
77209033,deadAbandoned,MOODBOOST,"Oct. 27, 2008",Monarch Partners LLC,,daniel.decarolis@gmail.com
77208981,REQUEST_FAILED,,,,,
77209103,deadAbandoned,THE BABYKEEPER,"Mar. 25, 2008","Kingson Enterprises, LLC",,tonja@mommysentials.com
77209119,deadAbandoned,ECHELON RECORDS,"Dec. 15, 2008","Paugam, Efrem I",,kingd37@hotmail.com
77209108,REQUEST_FAILED,,,,,
77209131,REQUEST_FAILED,,,,,
77209203,deadAbandoned,MICROBEGUARD,"Mar. 21, 2008",International Paper Company,,stephanie.haupt@ipaper.com
77209214,REQUEST_FAILED,,,,,
77209280,REQUEST_FAILED,,,,,
77209301,REQUEST_FAILED,,,,,
77209483,deadAbandoned,JULIE ANNE'S JAZZ,"Aug. 20, 2008","Boos, Julie Ann",,julieannesjazz@cox.net
77209393,REQUEST_FAILED,,,,,
77209396,REQUEST_FAILED,,,,,
77209422,REQUEST_FAILED,,,,,
77209525,REQUEST_FAILED,,,,,
77209678,deadAbandoned,STRIPPER GRIPPER,"Aug. 13, 2008","Harrold, Kathryn S.",,lovefromalexis@gmail.com
77209731,deadAbandoned,SPARTHENA,"Oct. 27, 2008","Sparthena, Inc.",,hbaboudjian@yahoo.com
77209649,REQUEST_FAILED,,,,,
77209699,deadAbandoned,TOUR FIT,"Mar. 31, 2008","KZ Golf, Inc.",,derek@kzgolf.com
77209956,deadAbandoned,GAJIT,"Mar. 24, 2008","Pulse Communications, LLC",,
77209788,REQUEST_FAILED,,,,,
77209913,REQUEST_FAILED,,,,,
77209949,REQUEST_FAILED,,,,,
77210022,deadAbandoned,FASTDOMAIN,"Feb. 01, 2008",Matt Heaton; DanAshworth,,dan@bluehost.com
77210014,REQUEST_FAILED,,,,,
77210033,REQUEST_FAILED,,,,,
77210130,deadAbandoned,EL ABRAHAM TAQUERIA TAQUITO,"Mar. 27, 2008",LOPEZ ZUÑIGA ABRAHAM,,marcas_patentes@yahoo.com.mx
77210161,REQUEST_FAILED,,,,,
77210162,REQUEST_FAILED,,,,,
77210163,REQUEST_FAILED,,,,,
77210175,REQUEST_FAILED,,,,,
77210238,deadAbandoned,JESSIE BEE,"Nov. 10, 2008","Jessie Bee, Inc.",,burkwa@yahoo.com
77210199,REQUEST_FAILED,,,,,
77210275,deadAbandoned,W,"Mar. 25, 2008",Ubiquity Broadcasting Corporation,,
77210234,REQUEST_FAILED,,,,,
77210237,REQUEST_FAILED,,,,,
77210309,deadAbandoned,3D CITY,"Mar. 27, 2008",Rudakov Dmitry Vladimirovich,,info@abk-soft.com
77210287,REQUEST_FAILED,,,,,
77210307,deadAbandoned,JOY TEXTILE,"Mar. 29, 2008","YUYUE HOME TEXTILE CO., LTD.",,
77210304,REQUEST_FAILED,,,,,
77210308,REQUEST_FAILED,,,,,
77210553,deadAbandoned,GOLF CLUBS AWAY,"Oct. 03, 2008",Golf Clubs Away LLC,,gary.miller@golfclubsaway.com
77210461,REQUEST_FAILED,,,,,
77210489,REQUEST_FAILED,,,,,
77210525,REQUEST_FAILED,,,,,
77210555,REQUEST_FAILED,,,,,
77210576,REQUEST_FAILED,,,,,
77210763,deadAbandoned,None,"Aug. 20, 2008",YINFA HOME FURNISHING CO; LTD. ANXI,,hcpwclt@earthlink.net
77210785,deadAbandoned,VOICEOVER MESSAGING,"Mar. 17, 2008",GoldMail Inc.,,
77210693,REQUEST_FAILED,,,,,
77210733,REQUEST_FAILED,,,,,
77210847,REQUEST_FAILED,,,,,
77211080,deadAbandoned,THE POWER TO UNDERSTAND,"Mar. 23, 2008","INQUISITE, INC.",,
77211092,deadAbandoned,HUMAN INSIGHT,"Mar. 24, 2008","INQUISITE, INC.",,
77210982,REQUEST_FAILED,,,,,
77211168,deadAbandoned,ONE TOUCH NUT CRACKER,"Jul. 23, 2008",Cricket Productions Inc.,,
77211186,deadAbandoned,ONE TOUCH WHISK,"Oct. 27, 2008","STALEX HOLDINGS, LLC",,
77211055,REQUEST_FAILED,,,,,
77211155,deadAbandoned,ONE TOUCH SALT & PEPPER MILL,"Mar. 15, 2008",Cricket Productions Inc.,,
77211078,REQUEST_FAILED,,,,,
77211264,deadAbandoned,GOT MOLD ?,"Mar. 28, 2008",Mid Atlantic Commercial and Residential Real Estate Solutions Inc,,chris@it-os.net
77211218,REQUEST_FAILED,,,,,
77211362,deadAbandoned,DERMALIPID,"Aug. 20, 2008","Logan, Alan",,acl@omega3dr.com
77211346,REQUEST_FAILED,,,,,
77211356,REQUEST_FAILED,,,,,
77211459,deadAbandoned,SLEEP MEDICINE MD,"Jul. 11, 2008",Vinod B Patel MD PC,,sleep911@gmail.com
77211488,deadAbandoned,EMAILLOGIC,"Apr. 02, 2008",Weblogics Australia Pty Ltd,,johnb@weblogics.com.au
77211430,REQUEST_FAILED,,,,,
77211498,deadAbandoned,ABLEDATING,"Apr. 29, 2008",Rudakov Dmitry Vladimirovich,,info@abk-soft.com
77211500,deadAbandoned,ABLESPACE,"Apr. 29, 2008",Rudakov Dmitry Vladimirovich,,info@abk-soft.com
77211438,REQUEST_FAILED,,,,,
77211502,deadAbandoned,DEBBILIA,"Mar. 25, 2008","Zhejiang Enchant Cosmetics Co., Ltd.",,
77211478,REQUEST_FAILED,,,,,
77211522,deadAbandoned,BORN HAPPY,"May 22, 2008",Tamir Bercovitch,,timiberko@gmail.com
77211511,REQUEST_FAILED,,,,,
77211507,REQUEST_FAILED,,,,,
77211509,REQUEST_FAILED,,,,,
77211513,REQUEST_FAILED,,,,,
77211754,deadAbandoned,ALMEDA UNIVERSITY,"Apr. 02, 2008",Almeda University,,richard@almedauniversity.org
77211683,REQUEST_FAILED,,,,,
77211733,REQUEST_FAILED,,,,,
77211770,REQUEST_FAILED,,,,,
77211827,deadAbandoned,VOYAGE.MOBI,"Mar. 26, 2008",Jia XU,,xu.jia@free.fr
77211785,REQUEST_FAILED,,,,,
77211828,REQUEST_FAILED,,,,,
77211883,REQUEST_FAILED,,,,,
77211985,deadAbandoned,BECOMING GOD,"Mar. 25, 2008","DROF Publishing, LLC",,charlesgregg@gmail.com
77211946,REQUEST_FAILED,,,,,
77211951,REQUEST_FAILED,,,,,
77211955,REQUEST_FAILED,,,,,
77211968,REQUEST_FAILED,,,,,
77211993,REQUEST_FAILED,,,,,
77212050,REQUEST_FAILED,,,,,
77212241,deadAbandoned,LUXORI,"Mar. 25, 2008",centre ltd,,sam@formationshouse.com
77212287,REQUEST_FAILED,,,,,
77212353,REQUEST_FAILED,,,,,
77212366,REQUEST_FAILED,,,,,
77212483,deadAbandoned,HYDROXYFLOSS,"Oct. 27, 2008",William Hayes Wyttenbach,,williamwyttenbach@gmail.com
77212497,REQUEST_FAILED,,,,,
77212567,deadAbandoned,PHARMGEEK,"Aug. 20, 2008","Pharmucation, Inc.",,gregg2979@aol.com
77212610,REQUEST_FAILED,,,,,
77212696,REQUEST_FAILED,,,,,
77212700,REQUEST_FAILED,,,,,
77212732,deadAbandoned,MY WEDDING NOTES,"Apr. 17, 2008","Pui, Angel",,
77212717,REQUEST_FAILED,,,,,
77212909,deadAbandoned,ZOOM DRIVE-THRU TIMER,"Oct. 27, 2008","HM Electronics, Inc",,afriedman@hme.com
77212799,REQUEST_FAILED,,,,,
77212891,REQUEST_FAILED,,,,,
77212989,REQUEST_FAILED,,,,,
77213063,REQUEST_FAILED,,,,,
77213055,REQUEST_FAILED,,,,,
77213197,deadAbandoned,ENHANCE YOUR CAT'S LIFE,"May 16, 2008","Cat Claws Inc./ Seliskar, Carolyn J",,
77213203,REQUEST_FAILED,,,,,
77213253,REQUEST_FAILED,,,,,
77213426,deadAbandoned,YOU'VE BEEN CAUGHT!,"Mar. 27, 2008",Connie Woodward,,conniewoodward@msn.com
77213348,REQUEST_FAILED,,,,,
77213404,REQUEST_FAILED,,,,,
77213629,deadAbandoned,GLOBAL WARMING FOUNDATION,"Mar. 31, 2008",Global Warming Foundation Inc,,matsumotosensei7@yahoo.com
77213574,REQUEST_FAILED,,,,,
77213725,deadAbandoned,A AUSTRALIAN MACADAMIA,"Apr. 03, 2008","Doriean, Jim",,jim.doriean@australianmacadamia.com.au
77213657,REQUEST_FAILED,,,,,
77213741,deadAbandoned,MOJAVE RED,"Apr. 03, 2008","Antonaros, Greg",,iwlodge2556@yahoo.com
77213821,deadAbandoned,JM,"Apr. 03, 2008","Flohr, Timothy M.",,tflohr@jerseymenus.com
77213833,deadAbandoned,DUBEEKRUTCH,"Mar. 26, 2008","James, Rodney W.",,mrjames77@hotmail.com
77213744,REQUEST_FAILED,,,,,
77213812,REQUEST_FAILED,,,,,
77213829,REQUEST_FAILED,,,,,
77213891,deadAbandoned,T,"Dec. 17, 2008","Friedman, Andrew H.",,afriedman22@yahoo.com
77213892,REQUEST_FAILED,,,,,
77213905,REQUEST_FAILED,,,,,
77213893,REQUEST_FAILED,,,,,
77213933,deadAbandoned,MICROFLEX-CQ,"Mar. 30, 2008",Axysis,,grabherm83@msn.com
77213937,REQUEST_FAILED,,,,,
77213938,REQUEST_FAILED,,,,,
77214010,deadAbandoned,ONLINEGARRISON.COM,"Oct. 27, 2008",The Uyiosa Corporation,,pius@uyiosa.com
77213992,REQUEST_FAILED,,,,,
77214055,REQUEST_FAILED,,,,,
77214102,deadAbandoned,BRETHLESS,"Oct. 27, 2008",Dental Biotechnology Ltd,,perezdavidi@bezeqint.net
77214079,REQUEST_FAILED,,,,,
77214147,REQUEST_FAILED,,,,,
77214289,deadAbandoned,CINNA BALANCE,"Oct. 27, 2008",Worldwide Nutraceuticals,,terry@tropicaloasis.com
77214177,REQUEST_FAILED,,,,,
77214249,REQUEST_FAILED,,,,,
77214252,REQUEST_FAILED,,,,,
77214461,deadAbandoned,BESTEL,"Jul. 03, 2008","BESTEL, S.A. DE C.V.",,cramirez@uribeyasociados.com
77214384,REQUEST_FAILED,,,,,
77214393,REQUEST_FAILED,,,,,
77214502,deadAbandoned,NAVI STONE,"Apr. 02, 2008","Evans Landscaping, Inc.",,tmuto@evanslandscaping.com
77214427,deadAbandoned,LEATHER MENDER,"Dec. 07, 2008",Cricket Productions Inc.,,
77214437,deadAbandoned,LEATHER MENDER REPAIR KIT,"Dec. 07, 2008",Cricket Productions Inc.,,
77214433,REQUEST_FAILED,,,,,
77214647,deadAbandoned,UQUIRE,"Oct. 27, 2008",UQuire LTD.,,baydatch@netvision.net.il
77214765,deadAbandoned,CATCH THE FRAGRANCE WAVE,"Oct. 27, 2008",Nalu Koa,,charlesgray@nalukoa.com
77214759,deadAbandoned,LABORATORY SKILLS SERIES,"Feb. 25, 2008","DynaStudy, Inc.",,eharris@dynastudy.com
77214585,REQUEST_FAILED,,,,,
77214717,deadAbandoned,AGENTS FOR RENT!,"Apr. 06, 2008","Into His Hands, LLC",,k.tyler@exitrealtyunlimited.com
77214746,REQUEST_FAILED,,,,,
77214840,deadAbandoned,CLEAREDGE,"Nov. 30, 2008",1539541 Ontario Inc. DBA Pathway Communications,,Olga.Khadieva@pathcom.com
77214809,REQUEST_FAILED,,,,,
77214842,REQUEST_FAILED,,,,,
77215000,REQUEST_FAILED,,,,,
77215079,REQUEST_FAILED,,,,,
77215084,REQUEST_FAILED,,,,,
77215091,REQUEST_FAILED,,,,,
77215164,deadAbandoned,XAKA,"Dec. 12, 2008","SHANDONG FUSS BIOTECH CO., LTD.",,
77215115,REQUEST_FAILED,,,,,
77215136,deadAbandoned,DIAMOND REO,"Oct. 27, 2008","DRM Partners, LLC",,jfmacke@comcast.net
77215178,deadAbandoned,MPS,"Nov. 04, 2008","MCNAIR TECHNOLOGY CO., LTD.",,
77215160,REQUEST_FAILED,,,,,
77215208,deadAbandoned,LIFE IS BUENO!,"Apr. 03, 2008","Klett, John A.",,contactjohn@aol.com
77215211,deadAbandoned,BECKETT'S FLAT FIVE STONES MARGARET RIVER,"Mar. 28, 2008",Beckett's Flat Pty Ltd,,
77215234,deadAbandoned,IDEA PEARL,"Apr. 14, 2008",Typing Master Finland Oy,,petteri.valiaho@typingmaster.com
77215245,deadAbandoned,BEONGO,"Mar. 31, 2008","Idertainment Media Holdings, LLC",,
77215196,REQUEST_FAILED,,,,,
77215271,REQUEST_FAILED,,,,,
77215316,REQUEST_FAILED,,,,,
77215309,REQUEST_FAILED,,,,,
77215319,REQUEST_FAILED,,,,,
77215326,REQUEST_FAILED,,,,,
77215501,deadAbandoned,NOMAD BREWING COMPANY,"Mar. 27, 2008",Roundhouse Ventures LLP,,chrispost@earthlink.net
77215484,deadAbandoned,PHOENIX ENTERTAINMENT,"Mar. 27, 2008","Polsky, Harrison P",,hpolsky@smu.edu
77215485,REQUEST_FAILED,,,,,
77215552,REQUEST_FAILED,,,,,
77215588,REQUEST_FAILED,,,,,
77215850,deadAbandoned,COLLIDE,"Dec. 05, 2008","Peterman, Matthew J.",,collide_designs@mac.com
77215652,REQUEST_FAILED,,,,,
77215921,deadAbandoned,ST. JOHN TRADEWINDS,"Apr. 07, 2008","Nelson, MaLinda L",,malindan@earthlink.net
77215719,REQUEST_FAILED,,,,,
77215739,REQUEST_FAILED,,,,,
77215989,deadAbandoned,SUSINO,"Jun. 19, 2008",robert nadrich,,poker@stsource.com
77215919,REQUEST_FAILED,,,,,
77215925,REQUEST_FAILED,,,,,
77216128,deadAbandoned,CREDIT LOGIC,"Mar. 28, 2008",David W Maxey,,Dave@clscredit.com
77216056,REQUEST_FAILED,,,,,
77216063,REQUEST_FAILED,,,,,
77216098,REQUEST_FAILED,,,,,
77216129,REQUEST_FAILED,,,,,
77216168,REQUEST_FAILED,,,,,
77216187,REQUEST_FAILED,,,,,
77216251,deadAbandoned,PIEL FRAMA,"Jun. 05, 2008",Francisco Lopez,,martinez-almeida@onebox.com
77216221,REQUEST_FAILED,,,,,
77216264,REQUEST_FAILED,,,,,
77216290,REQUEST_FAILED,,,,,
77216300,REQUEST_FAILED,,,,,
77216316,REQUEST_FAILED,,,,,
77216370,deadAbandoned,INNOLAB WHERE INNOVATION COMES TOGETHER,"Apr. 01, 2008","Tang, Thomas Hai Qin",,thomas.tang@innolab.com.cn
77216320,REQUEST_FAILED,,,,,
77216389,REQUEST_FAILED,,,,,
77216416,REQUEST_FAILED,,,,,
77216566,deadAbandoned,POSISCORE,"Apr. 28, 2008","PlanFirst Financial Solutions, Inc.",,jmichaud@pffs.com
77216432,REQUEST_FAILED,,,,,
77216580,deadAbandoned,MANTA RAY,"Mar. 28, 2008","Araiz, Joseph Michael",,araiz@furtherlane.com
77216513,REQUEST_FAILED,,,,,
77216547,REQUEST_FAILED,,,,,
77216613,REQUEST_FAILED,,,,,
77216667,REQUEST_FAILED,,,,,
77216820,deadAbandoned,"BEAM REACH VALUE FUND, LP","Mar. 28, 2008","Araiz, Joseph Michael",,araiz@furtherlane.com
77216725,REQUEST_FAILED,,,,,
77216846,deadAbandoned,GLADIATOR CHALLENGE,"Mar. 31, 2008","Gladiator Challenge, Inc.",,
77216851,deadAbandoned,"WINDMILL MULTI-STRATEGY FUND, LP","Mar. 28, 2008","Araiz, Joseph Michael",,araiz@furtherlane.com
77216903,deadAbandoned,GLADIATOR CHALLENGE,"Apr. 01, 2008","Gladiator Challenge, Inc.",,
77216853,REQUEST_FAILED,,,,,
77217106,deadAbandoned,BROKE IN BOSTON,"Oct. 27, 2008","AE Enterprises, LLC",,andrew@brokeinboston.com
77217015,REQUEST_FAILED,,,,,
77217045,REQUEST_FAILED,,,,,
77217200,deadAbandoned,BEAN THERE CAFÉ,"Apr. 02, 2008",Bean There Cafe,,amywyatt@hotmail.com
77217220,REQUEST_FAILED,,,,,
77217318,REQUEST_FAILED,,,,,
77217385,deadAbandoned,GOT WINE?,"Oct. 08, 2008","Kuhn, Wendy L",,wendy@gcmarketinggroup.com
77217336,REQUEST_FAILED,,,,,
77217379,REQUEST_FAILED,,,,,
77217480,deadAbandoned,A ARTEX,"Aug. 26, 2008","United General Trading, Inc.",,bryan@u-g-t.com
77217496,deadAbandoned,BEYOND VIRGIN,"Apr. 02, 2008","Biondi, Massimo M",,massimo.biondi@gmail.com
77217397,REQUEST_FAILED,,,,,
77217534,deadAbandoned,GIVING PHONES,"Nov. 18, 2008","American Telecom Services, Inc.",,
77217614,REQUEST_FAILED,,,,,
77217660,REQUEST_FAILED,,,,,
77217685,deadAbandoned,SPECTRAFLEX,"Mar. 31, 2008",CHARRON Alain,,usatm@alaincharron.com
77217765,deadAbandoned,SYNERGIC MANUFACTURING SOLUTIONS,"Sep. 02, 2008",Synergic Manufacturing Solution,,karen.bi@synergic.com.cn
77217799,deadAbandoned,N.O.L.A. SHOES,"Apr. 16, 2008","Grimberg, Tatiana S.",,taseidner@aol.com
77217757,REQUEST_FAILED,,,,,
77217773,REQUEST_FAILED,,,,,
77217793,REQUEST_FAILED,,,,,
77217830,REQUEST_FAILED,,,,,
77217856,REQUEST_FAILED,,,,,
77217959,REQUEST_FAILED,,,,,
77217979,REQUEST_FAILED,,,,,
77218164,deadAbandoned,DEE BOI,"Apr. 10, 2008",Grind Hard Records,,grindhardrecords@yahoo.com
77218190,deadAbandoned,THEME TEE,"Apr. 03, 2008",TheWish,,info@thewish.org
77218213,deadAbandoned,RUBYVOX,"Oct. 27, 2008","Bikar, Patrick",,patrick@rubyvox.com
77218168,REQUEST_FAILED,,,,,
77218220,REQUEST_FAILED,,,,,
77218268,REQUEST_FAILED,,,,,
77218305,REQUEST_FAILED,,,,,
77218408,REQUEST_FAILED,,,,,
77218394,REQUEST_FAILED,,,,,
77218511,deadAbandoned,FUEGO FIX,"Mar. 29, 2008","ND Rights, LLC",,
77218523,deadAbandoned,FUEGO FIX,"Mar. 29, 2008","ND Rights, LLC",,
77218569,deadAbandoned,ACU-TAP,"Mar. 28, 2008","Green, Gina, M",,ginagreen@prodigy.net
77218558,deadAbandoned,WILLOW'S HERB,"Apr. 05, 2008","Liu, Jianghua",,
77218502,REQUEST_FAILED,,,,,
77218574,REQUEST_FAILED,,,,,
77218584,REQUEST_FAILED,,,,,
77218587,REQUEST_FAILED,,,,,
77218599,REQUEST_FAILED,,,,,
77218781,deadAbandoned,BRAVOCHEF,"Oct. 27, 2008","GDI Grupo Diamante Internacional, S.A. de C.V.",,usmarca-bravochef@yahoo.com
77218730,REQUEST_FAILED,,,,,
77218827,deadAbandoned,SPEED FEED,"Mar. 31, 2008","Speed Feed Paintball, LLC",,rluton@lutix.com
77218764,REQUEST_FAILED,,,,,
77218874,deadAbandoned,DALLAS-FORT WORTH SPURS,"Mar. 18, 2008","Reverb, LLC",,moosemantx@lycos.com
77218910,deadAbandoned,SCAPEGOAT INK,"Apr. 04, 2008","Myers, Nicholas M.",,nick-myers@sbcglobal.net
77218883,REQUEST_FAILED,,,,,
77219014,deadAbandoned,INTEGRAL SELF THERAPY,"Oct. 27, 2008","Bhat, Shyam K",,shyambhat72@gmail.com
77218921,REQUEST_FAILED,,,,,
77218977,REQUEST_FAILED,,,,,
77219039,REQUEST_FAILED,,,,,
77219360,deadAbandoned,IPAC INTERNATIONAL PROFESSIONAL ASSOCIATION OF CLUBFITTERS,"Mar. 31, 2008","KZ Golf, Inc.",,derek@kzgolf.com
77219272,REQUEST_FAILED,,,,,
77219322,REQUEST_FAILED,,,,,
77219330,REQUEST_FAILED,,,,,
77219532,REQUEST_FAILED,,,,,
77219551,REQUEST_FAILED,,,,,
77219640,deadAbandoned,CELLULITE DISSLOVE,"Mar. 31, 2008","Body Couture, Inc.",,tcifelli@bodycouture.com
77219616,deadAbandoned,LIGHTEDBALLOONSDELIVERY,"Sep. 22, 2008","Petell, Michael Carl",,mike@lightupballoonstick.com
77219629,REQUEST_FAILED,,,,,
77219698,REQUEST_FAILED,,,,,
77219725,REQUEST_FAILED,,,,,
77219777,deadAbandoned,THE ROLLING STONES,"Apr. 02, 2008",Rasskazov Anatoly,,1big@sky.ru
77219779,REQUEST_FAILED,,,,,
77219791,REQUEST_FAILED,,,,,
77219821,deadAbandoned,EXPERT CAR CARE,"Apr. 04, 2008",Expert Car Care Inc.,,info@expertcarcaregtx.com
77219804,REQUEST_FAILED,,,,,
77219831,REQUEST_FAILED,,,,,
77219850,REQUEST_FAILED,,,,,
77219882,deadAbandoned,POINTE SNAPS,"Sep. 28, 2008","Neal, Sara J.",,stn5678@comcast.net
77219914,deadAbandoned,LEAN NAVIGATOR,"Oct. 27, 2008","CLIFT, DAVID JOHN",,david.clift@leanworld.co.uk
77219921,REQUEST_FAILED,,,,,
77219951,deadAbandoned,SWITCHERZ,"Apr. 02, 2008","Chalker, Lori, A",,alschalker@bellsouth.net
77219955,REQUEST_FAILED,,,,,
77220023,deadAbandoned,K 3,"Apr. 02, 2008",Gavin Mills,,infocode11@comcast.net
77220044,deadAbandoned,SOCIALWEAVER,"Mar. 18, 2008",Mark Lubarsky,,marklubarsky@gmail.com
77220012,REQUEST_FAILED,,,,,
77220018,REQUEST_FAILED,,,,,
77220021,REQUEST_FAILED,,,,,
77220048,deadAbandoned,ORGANIC INSTINCT,"Apr. 07, 2008",Natural Products of Australia Pty Ltd,,susie@naturalinstinct.com.au
77220062,deadAbandoned,IRON COCKROACH,"Apr. 03, 2008","Random Walk, LLC",,admin@randomwalktrading.com
77220059,REQUEST_FAILED,,,,,
77220133,deadAbandoned,GIFTEASE,"Dec. 08, 2008",KALGA LLC,,
77220240,deadAbandoned,WHIMDOODLE,"Oct. 27, 2008","Rarer, Michael E",,mrarer@earthlink.net
77220105,REQUEST_FAILED,,,,,
77220107,REQUEST_FAILED,,,,,
77220210,REQUEST_FAILED,,,,,
77220271,REQUEST_FAILED,,,,,
77220294,REQUEST_FAILED,,,,,
77220353,deadAbandoned,STU FEINER,"Apr. 04, 2008",Stuart Feiner,,stusource@yahoo.com
77220383,deadAbandoned,BODY WASHIE,"Apr. 03, 2008",Zoete Corporation,,glen@zcworks.com
77220387,REQUEST_FAILED,,,,,
77220444,REQUEST_FAILED,,,,,
77220531,deadAbandoned,BNOTE,"Oct. 27, 2008","Thomas, Vincent Paul",,vthomas@billhighway.com
77220613,deadAbandoned,IFACTOR,"Apr. 14, 2008","Caires, Luiz S",,caires.luiz@gmail.com
77220676,deadAbandoned,CHRONÍQUE CLOTHING COMPANY,"Apr. 03, 2008",Roy Sirisuk,,admin@lookertees.com
77220526,REQUEST_FAILED,,,,,
77220702,deadAbandoned,CAPTIVEYE,"Sep. 12, 2008","Captiveye, Inc.",,
77220608,REQUEST_FAILED,,,,,
77220757,deadAbandoned,VIRTUADOM VIRTUAL PRIVATE DOMAIN,"Dec. 06, 2008",Marko Anastasov,,nikola@elmed.net
77220776,deadAbandoned,BE A MEDIA MOGUL,"Apr. 01, 2008","ZIPIDEE, INC.",,HENRY@ZIPIDEE.COM
77220715,REQUEST_FAILED,,,,,
77220771,deadAbandoned,POLMIT,"Nov. 14, 2008",Esther Seongah Ahn,,
77220745,deadAbandoned,ZIPIDEE,"Apr. 01, 2008","ZIPIDEE, INC.",,HENRY@ZIPIDEE.COM
77220865,deadAbandoned,JULIAN & CO.,"Apr. 03, 2008","Condon, Tania M",,julianandco@hotmail.com
77220869,deadAbandoned,10 MEGS IS THE NEW T1,"Oct. 27, 2008","WBSDirect, LLC",,
77220877,deadAbandoned,"10 MEGS, THE NEW T1","Oct. 27, 2008","WBSDirect, LLC",,
77220785,deadAbandoned,P POLMIT,"Nov. 14, 2008",Esther Seongah Ahn,,
77220884,deadAbandoned,10 MBPS IS THE NEW T1,"Oct. 27, 2008","WBSDirect, LLC",,
77220833,REQUEST_FAILED,,,,,
77220817,REQUEST_FAILED,,,,,
77220866,REQUEST_FAILED,,,,,
77220928,deadAbandoned,NEW TECHNOLOGY FEEDS,"Apr. 04, 2008","Miller, David, N.",,outlawhistorybuff@hotmail.com
77220923,REQUEST_FAILED,,,,,
77221021,deadAbandoned,None,"Apr. 07, 2008",On Smart Consultants Limited,,onsmarthk@yahoo.com.hk
77220952,REQUEST_FAILED,,,,,
77221037,deadAbandoned,SOULCAL,"Oct. 29, 2008",SoulCal Clothing,,exp.mailbox@yahoo.com
77220987,REQUEST_FAILED,,,,,
77221044,deadAbandoned,DRINK BY NUMBER,"Oct. 27, 2008",Andrew Hixon,,Andrew@drinkbynumber.com
77221024,REQUEST_FAILED,,,,,
77221051,deadAbandoned,TEA CUPS AND TULIPS,"Dec. 25, 2008",THE GRAY CAT GROUP,,ANDREA.GRAY@THEGRAYCATGROUP.COM
77221026,REQUEST_FAILED,,,,,
77221053,deadAbandoned,"""ACIDIC CALCIUM SULFATE"" (AKA) ACS OR ""ACIDIFIED CALCIUM SULFATE""","Dec. 09, 2008",ACS TECHNOLOGY,,dalcorp@comcast.net
77221100,deadAbandoned,GLOBAL ART & CREATIVE,"Apr. 11, 2008",Goh Sua Huat,,mahairgoh@yahoo.com
77221063,REQUEST_FAILED,,,,,
77221196,deadAbandoned,P2PD,"Oct. 27, 2008",SafeMedia Corp.,,
77221212,deadAbandoned,DIDS,"Oct. 27, 2008",SafeMedia Corp.,,
77221153,REQUEST_FAILED,,,,,
77221243,deadAbandoned,SAFEJOY,"Apr. 05, 2008",SafeMedia Corp.,,
77221232,deadAbandoned,SAFECABLE,"Apr. 09, 2008",SafeMedia Corp.,,
77221281,deadAbandoned,ULTRALINE,"Dec. 01, 2008",Adams Rite Manufacturing Co.,,mterpening@tsadvertising.com
77221305,deadAbandoned,AMERICAN LEGACY PRODUCTS,"Dec. 08, 2008",American Legacy Products,,
77221220,REQUEST_FAILED,,,,,
77221311,deadAbandoned,ENGRISH CUT,"Apr. 14, 2008",Mathew A. Mathew,,mail@mmathew.com
77221257,REQUEST_FAILED,,,,,
77221318,deadAbandoned,ENGRISH STIJL,"Apr. 14, 2008",Mathew A. Mathew,,mail@mmathew.com
77221310,REQUEST_FAILED,,,,,
77221445,REQUEST_FAILED,,,,,
77221510,deadAbandoned,MS. FITNESS INTERNATIONAL,"Apr. 11, 2008",MS. Fitness International Inc.,,mrtomwoods@yahoo.com
77221466,REQUEST_FAILED,,,,,
77221527,REQUEST_FAILED,,,,,
77221539,REQUEST_FAILED,,,,,
77221625,REQUEST_FAILED,,,,,
77221648,REQUEST_FAILED,,,,,
77221658,REQUEST_FAILED,,,,,
77221842,deadAbandoned,NUMMYZ,"Dec. 08, 2008","Lieu, Kathleen",,businessgurl@gmail.com
77221757,REQUEST_FAILED,,,,,
77221843,REQUEST_FAILED,,,,,
77221847,REQUEST_FAILED,,,,,
77221866,REQUEST_FAILED,,,,,
77221948,REQUEST_FAILED,,,,,
77221950,REQUEST_FAILED,,,,,
77221987,deadAbandoned,GOLDIE,"Apr. 04, 2008",Goldie LLC,,patriciahwong@gmail.com
77221995,REQUEST_FAILED,,,,,
77221999,REQUEST_FAILED,,,,,
77222037,deadAbandoned,LEFT POT RIGHT,"Mar. 11, 2008",Imagination Holdings Pty Ltd,,sarah.wishart@imagination.com.au
77222024,REQUEST_FAILED,,,,,
77222059,deadAbandoned,SHOW THEM YOU'RE SERIOUS.,"Oct. 27, 2008",iPay LLC,,gov@ipayllc.com
77222041,REQUEST_FAILED,,,,,
77222121,deadAbandoned,MOOSICAL TRANSACTION LLC,"Oct. 23, 2008",Brandon Joel Gibson,,MOOSICAL_TRANSACTION@YAHOO.COM
77222049,REQUEST_FAILED,,,,,
77222173,deadAbandoned,COLLECTABLE PUZZLEBALL,"Apr. 08, 2008",Blue Opal Australia Pty Ltd,,info@blueopal.com.au
77222133,REQUEST_FAILED,,,,,
77222156,deadAbandoned,LIFE RECORD,"Apr. 16, 2008",Life Record Inc.,,mike@liferecord.com
77222150,REQUEST_FAILED,,,,,
77222153,REQUEST_FAILED,,,,,
77222292,deadAbandoned,HYDRA-TURRET,"Oct. 27, 2008","Kessler Crane, Inc.",,
77222320,deadAbandoned,"THE CRYPTO CORPORATION, INC.","Apr. 18, 2008","The Crypto Corporation, Inc.",,
77222213,REQUEST_FAILED,,,,,
77222428,deadAbandoned,BLUEPASS BIOMETRIC ID CARD GLOBAL AIRPORT SECURITY CLEARANCE,"Apr. 18, 2008","The Crypto Corporation, Inc.",,
77222346,REQUEST_FAILED,,,,,
77222449,deadAbandoned,BLUEPASS BIOMETRIC ID CARD GLOBAL AIRPORT SECURITY CLEARANCE,"Apr. 18, 2008","The Crypto Corporation, Inc.",,
77222472,deadAbandoned,BLUEPASS BIOMETRIC ID CARD,"Apr. 18, 2008","The Crypto Corporation, Inc.",,
77222418,REQUEST_FAILED,,,,,
77222504,deadAbandoned,BLUEPASS BIOMETRIC ID CARD READER,"Apr. 18, 2008","The Crypto Corporation, Inc.",,
77222467,REQUEST_FAILED,,,,,
77222485,REQUEST_FAILED,,,,,
77222530,REQUEST_FAILED,,,,,
77222659,deadAbandoned,"GLOBAL DATABASE INFORMATION SYSTEMS, INC.","Apr. 18, 2008","Global Database Information Systems, Inc.",,
77222666,deadAbandoned,BLUEPASS AIRPORT SECURITY CHANNEL NETWORK,"Apr. 18, 2008","Global Database Information Systems, Inc.",,
77222583,REQUEST_FAILED,,,,,
77222672,deadAbandoned,GLODIS CRYPTO CARD,"Apr. 18, 2008","Global Database Information Systems, Inc.",,
77222642,REQUEST_FAILED,,,,,
77222792,REQUEST_FAILED,,,,,
77222876,deadAbandoned,INSURAMEX,"Apr. 09, 2008","Brown, Timothy J",,tbrown@cybermesa.com
77222861,REQUEST_FAILED,,,,,
77222864,REQUEST_FAILED,,,,,
77222947,REQUEST_FAILED,,,,,
77223025,REQUEST_FAILED,,,,,
77223056,deadAbandoned,SPAXYGEN UNIQUE FULLY OXYGENATED ROOM DAY SPA AND SKIN CARE CENTER,"Dec. 08, 2008","McCarty, Dr. L. Dwight",,docmaxx@verizon.net
77223038,REQUEST_FAILED,,,,,
77223116,deadAbandoned,OPENSOFT,"Apr. 14, 2008",OpenSoft Australia Pty Ltd,,neville.bradbury@opensoftaustralia.com.au
77223097,REQUEST_FAILED,,,,,
77223102,REQUEST_FAILED,,,,,
77223133,deadAbandoned,BADASS GURLS.COM WHERE POWERFUL WOMEN UNITE,"Apr. 16, 2008","Smith, Annika P.",,livemypassionnow@gmail.com
77223140,deadAbandoned,KL,"Apr. 12, 2008",K. L. TAMBI & CO.,,rupesh@kltambi.com
77223261,deadAbandoned,LEGGS FOR LIFE,"Oct. 06, 2008","Johnson, Debra J.",,leggsforlife@aol.com
77223258,deadAbandoned,GLOBAL MONEY SHOP,"Apr. 17, 2008",INFINITY FINANCIAL SOLUTIONS INC.,,INFO@INFINITYCASHADVANCE.COM
77223150,REQUEST_FAILED,,,,,
77223284,REQUEST_FAILED,,,,,
77223286,REQUEST_FAILED,,,,,
77223396,deadAbandoned,CORK & CULTURE,"Apr. 10, 2008","Huddy, Justin A.",,JHuddy@MediVault.org
77223454,REQUEST_FAILED,,,,,
77223463,REQUEST_FAILED,,,,,
77223578,deadAbandoned,BARLEAN'S KID'S DHA,"May 06, 2008",Barlean's Organic Oil,,andreas@barleans.com
77223717,REQUEST_FAILED,,,,,
77223857,deadAbandoned,TXTBUS,"Apr. 13, 2008",Friedrick Schweitzer,,friedrick@txtbus.net
77223740,REQUEST_FAILED,,,,,
77223846,REQUEST_FAILED,,,,,
77223965,deadAbandoned,GNORME,"Oct. 27, 2008",David Turgeon,,sales@jillion.com
77223952,REQUEST_FAILED,,,,,
77223971,REQUEST_FAILED,,,,,
77223988,REQUEST_FAILED,,,,,
77223989,REQUEST_FAILED,,,,,
77224008,REQUEST_FAILED,,,,,
77224084,REQUEST_FAILED,,,,,
77224100,REQUEST_FAILED,,,,,
77224155,deadAbandoned,None,"Aug. 20, 2008",Turbo Holdings Inc,,james@turboholdings.com
77224162,deadAbandoned,STARTUPWEEKEND,"Apr. 16, 2008","Hyde, Andrew",,
77224108,REQUEST_FAILED,,,,,
77224134,REQUEST_FAILED,,,,,
77224174,REQUEST_FAILED,,,,,
77224183,REQUEST_FAILED,,,,,
77224208,REQUEST_FAILED,,,,,
77224265,deadAbandoned,EZW8,"Oct. 27, 2008","Brown, Stephen J",,steve@brown2020.com
77224220,REQUEST_FAILED,,,,,
77224296,deadAbandoned,BIZ SERVICE PLUS,"Nov. 10, 2008","Zero To 90, LLC",,ejm@zeroto90.com
77224259,REQUEST_FAILED,,,,,
77224266,REQUEST_FAILED,,,,,
77224298,deadAbandoned,FAB FLOPS,"Apr. 11, 2008","Martin, Stuart L.",,yeager383@comcast.net
77224313,REQUEST_FAILED,,,,,
77224319,REQUEST_FAILED,,,,,
77224433,deadAbandoned,NEXT MOBILITY A CREATIVE TECHNOLOGY SERVICES COMPANY,"Apr. 21, 2008",Creative Technology Services LLC,,jsmyth@ctsmius.com
77224521,deadAbandoned,EASYBILL,"Apr. 18, 2008",Promethean Software Corporation,,jeff@turbolaw.com
77224419,REQUEST_FAILED,,,,,
77224461,REQUEST_FAILED,,,,,
77224526,deadAbandoned,FAMOUS FRIENDS,"Oct. 27, 2008","Perschetz, Kenneth D.",,kperschetz@mac.com
77224560,deadAbandoned,POWERFLUSH,"Apr. 28, 2008",DMA Enterprises,,hr@thermasol.com
77224523,REQUEST_FAILED,,,,,
77224630,deadAbandoned,MAILROUTE,"Apr. 16, 2008","MailRoute, Inc.",,support@mailroute.net
77224542,REQUEST_FAILED,,,,,
77224573,REQUEST_FAILED,,,,,
77224633,deadAbandoned,I THE LAW OF IMPORTANCE,"Apr. 12, 2008",East View Professional Services,,sbwwoody@msn.com
77224619,REQUEST_FAILED,,,,,
77224673,deadAbandoned,AGROTERRA.COM,"Apr. 11, 2008",Agroterra Tecnologías Agrarias S.L.,,
77224627,REQUEST_FAILED,,,,,
77224711,REQUEST_FAILED,,,,,
77224830,deadAbandoned,TEACHME,"Apr. 14, 2008",ToyPartners,,info@toypartners.co.uk
77224735,REQUEST_FAILED,,,,,
77224881,deadAbandoned,MANHATTAN NATIONAL BANK,"Apr. 14, 2008","Manhattan Founders Group, Inc.",,
77224982,deadAbandoned,JANE THE POINTFIGHTER,"Apr. 12, 2008",Xenon Consulting LLC,,jrobeson@gmail.com
77224927,deadAbandoned,SPORTKARATEVIDEO.COM,"Apr. 12, 2008",Xenon Consulting LLC,,jrobeson@gmail.com
77225059,deadAbandoned,HAYDRIA PERFUMERY,"Dec. 11, 2008","Finocchairo, Haydria DBA Haydria Perfumery",,adrianna1414@yahoo.com
77224907,REQUEST_FAILED,,,,,
77224973,REQUEST_FAILED,,,,,
77225007,REQUEST_FAILED,,,,,
77225249,deadAbandoned,DHANDHO GROUP,"Apr. 14, 2008","DHANDHO HOLDINGS, LLC",,michaelasimon@hotmail.com
77225278,deadAbandoned,VERI-TAX,"May 01, 2008",New Millennium Funding Group Inc.,,mike@veri-tax.com
77225218,REQUEST_FAILED,,,,,
77225289,deadAbandoned,W WEAV,"Aug. 20, 2008",Ubiquity Broadcasting Corporation,,
77225326,deadAbandoned,DISCOGEN,"Apr. 12, 2008",Celixe Pty Ltd,,l.williams@cellixe.com
77225275,REQUEST_FAILED,,,,,
77225309,REQUEST_FAILED,,,,,
77225407,deadAbandoned,SIMULAGENT LIST CAPTURE SELL,"Apr. 20, 2008","Simulagent, LLC",,brian@simulagent.com
77225414,deadAbandoned,POT SOCK-IT! DECORATIVE FLOWERPOT COVER,"Apr. 14, 2008",Oscar S. Haynes,,sales@potsockit.com
77225372,REQUEST_FAILED,,,,,
77225408,REQUEST_FAILED,,,,,
77225457,deadAbandoned,JALEN I,"Nov. 03, 2008","Smith, Duane",,duane@mediaconnections.biz
77225498,deadAbandoned,DRAGON EGGS,"Apr. 13, 2008",Moose Enterprise Pty Ltd,,stephen.oneill@moosetoys.com
77225429,REQUEST_FAILED,,,,,
77225464,deadAbandoned,JALEN II,"Nov. 03, 2008","Smith, Duane P",,duane@mediaconnections.biz
77225528,deadAbandoned,EVERYTHING AIN'T FOR EVERYBODY,"Nov. 03, 2008","Smith, Duane P",,duane@mediaconnections.biz
77225468,REQUEST_FAILED,,,,,
77225517,REQUEST_FAILED,,,,,
77225556,REQUEST_FAILED,,,,,
77225640,REQUEST_FAILED,,,,,
77225618,REQUEST_FAILED,,,,,
77225699,REQUEST_FAILED,,,,,
77225755,REQUEST_FAILED,,,,,
77225985,deadAbandoned,OUTTAKINTROL,"Apr. 19, 2008",outtakintrol activewear,,outtakintrol@aol.com
77225890,REQUEST_FAILED,,,,,
77225926,REQUEST_FAILED,,,,,
77225938,REQUEST_FAILED,,,,,
77225942,REQUEST_FAILED,,,,,
77226023,REQUEST_FAILED,,,,,
77226110,REQUEST_FAILED,,,,,
77226146,REQUEST_FAILED,,,,,
77226289,deadAbandoned,LIGHTGOD,"Dec. 30, 2008","Cohen, Paul",,
77226314,deadAbandoned,FLU KILLER,"Oct. 27, 2008",Christian D'Andrea,,christian@hooah.com
77226328,deadAbandoned,FRUTIGO,"Apr. 15, 2008",HAT INSAAT VE DIS TICARET LTD.STI,,oktay@frutigo.com
77226210,REQUEST_FAILED,,,,,
77226227,REQUEST_FAILED,,,,,
77226307,deadAbandoned,COLD KILLER,"Oct. 27, 2008",Christian D'Andrea,,christian@hooah.com
77226297,REQUEST_FAILED,,,,,
77226388,REQUEST_FAILED,,,,,
77226401,REQUEST_FAILED,,,,,
77226402,REQUEST_FAILED,,,,,
77226413,REQUEST_FAILED,,,,,
77226484,deadAbandoned,PI,"Sep. 08, 2008","Hays, Marcus G.",,marcus@electrobike.com
77226471,REQUEST_FAILED,,,,,
77226470,REQUEST_FAILED,,,,,
77226487,deadAbandoned,PI SHOP,"Oct. 10, 2008","Hays, Marcus G., Rosen, Elana Y.",,marcus@electrobike.com
77226490,deadAbandoned,ELECTROBIKE,"Apr. 18, 2008","Hays, Marcus G.",,marcus@electrobike.com
77226521,deadAbandoned,"IBX INNER BANKS, EASTERN SHORE OF MARYLAND","Apr. 18, 2008","Bridges, Daniel Joseph",,dbridges@theaquacompany.com
77226503,deadAbandoned,BADA$$ GURL$.COM REWRITING THE RULES TOGETHER,"Apr. 18, 2008",Annika P. Smith,,livemypassionnow@gmail.com
77226494,REQUEST_FAILED,,,,,
77226716,deadAbandoned,GOT BLINK?,"Apr. 17, 2008","Cohen, Paul",,
77226569,REQUEST_FAILED,,,,,
77226738,deadAbandoned,SILVER RIBBON,"Nov. 10, 2008",Silver Ribbon,,edmurgitroyd@hotmail.com
77226574,REQUEST_FAILED,,,,,
77226757,deadAbandoned,PHYSICIAN FORMULAS,"Mar. 05, 2008",Physician Formulas,,research@physicianformulas.com
77226723,REQUEST_FAILED,,,,,
77226733,REQUEST_FAILED,,,,,
77226742,REQUEST_FAILED,,,,,
77226780,deadAbandoned,MIND ACHIEVEMENT,"Oct. 27, 2008","Knowles, Michael",,knowlesey@hotmail.com
77226793,REQUEST_FAILED,,,,,
77226815,REQUEST_FAILED,,,,,
77226928,deadAbandoned,ECATALOG,"Apr. 22, 2008","B & B Printing Co., Inc.",,
77226965,REQUEST_FAILED,,,,,
77227020,REQUEST_FAILED,,,,,
77227032,REQUEST_FAILED,,,,,
77227103,REQUEST_FAILED,,,,,
77227169,deadAbandoned,THE ORIGINAL GREEN ACRES CAFE,"Dec. 17, 2008",Original Green Acres Cafe,,
77227359,deadAbandoned,100% FOR LIFE,"Apr. 21, 2008","GunnAllen Holdings, Inc.",,djarvis@gunnallen.com
77227371,REQUEST_FAILED,,,,,
77227456,REQUEST_FAILED,,,,,
77227642,deadAbandoned,MOMNISCIENT,"Apr. 18, 2008","Hamman, Rachel",,rlhamman@cfl.rr.com
77227556,REQUEST_FAILED,,,,,
77227606,REQUEST_FAILED,,,,,
77227638,deadAbandoned,DUX,"Apr. 24, 2008",Shuology Limited,,AnnieS@Shuology.com
77227672,REQUEST_FAILED,,,,,
77227875,REQUEST_FAILED,,,,,
77227886,REQUEST_FAILED,,,,,
77227925,REQUEST_FAILED,,,,,
77227955,REQUEST_FAILED,,,,,
77228140,deadAbandoned,FIXED4LIFE,"Apr. 17, 2008",STEVE TURNERR,,
77228033,REQUEST_FAILED,,,,,
77228038,REQUEST_FAILED,,,,,
77228206,deadAbandoned,THE BOD SQUAD,"Apr. 17, 2008",Brooke Hansen,,synergytan@aol.com
77228252,deadAbandoned,STEAM IN SECONDS,"Mar. 01, 2008",DMA Enterprises dba ThermaSol Steambath,,hr@thermasol.com
77228262,deadAbandoned,"LINCOLN INFOTECH INC. BEST IT SOLUTIONS, ALWAYS!!","Apr. 29, 2008",Lincoln Infotech Inc.,,ops@lincolninfotech.com
77228237,REQUEST_FAILED,,,,,
77228294,REQUEST_FAILED,,,,,
77228376,REQUEST_FAILED,,,,,
77228428,REQUEST_FAILED,,,,,
77228601,deadAbandoned,NATIONAL MOM'S NIGHT OUT,"Oct. 11, 2008","Hamman, Rachel",,rlhamman@cfl.rr.com
77228635,deadAbandoned,EUROFIRST,"Mar. 11, 2008","Faciane, Kirby A.",,
77228534,REQUEST_FAILED,,,,,
77228614,REQUEST_FAILED,,,,,
77228653,REQUEST_FAILED,,,,,
77228656,REQUEST_FAILED,,,,,
77228726,deadAbandoned,DESERT MAYHEM,"Oct. 27, 2008","Donald, Nathan, R",,bluetruckV8@hotmail.com
77228668,REQUEST_FAILED,,,,,
77228789,deadAbandoned,STREET STORM,"Apr. 21, 2008","LIN, Rocky Yi-Ping",,rocky@shiniest.com.tw
77228800,deadAbandoned,DROID,"Apr. 15, 2008",Samsonite Corporation,,charlie.everitt@samsonite.com
77228790,deadAbandoned,GEOMIGO,"Oct. 27, 2008",Netfire Solutions Pty Ltd,,rw@ssnet.com.au
77228750,REQUEST_FAILED,,,,,
77228764,REQUEST_FAILED,,,,,
77228769,REQUEST_FAILED,,,,,
77228801,deadAbandoned,RAPID ACCESS SEARCH,"Aug. 26, 2008",Allison Financial Corporation,,rolf.dobelli@getabstract.com
77228894,REQUEST_FAILED,,,,,
77229096,deadAbandoned,DIRECT HOME FINANCE INC.,"Apr. 22, 2008","Direct Home Finance, Inc",,garen.ovsepyan@gmail.com
77228943,REQUEST_FAILED,,,,,
77229015,deadAbandoned,COUNT DANTE FIGHTING SYSTEM DAN-TE,"Apr. 24, 2008",Aguiar William V.,,masteraguiar@yahoo.com
77229106,deadAbandoned,CLEAN ACROSS AMERICA,"Apr. 28, 2008","Power Washers of North America, Inc.",,michael.beaudry@gmail.com
77229110,REQUEST_FAILED,,,,,
77229176,REQUEST_FAILED,,,,,
77229250,deadAbandoned,YOU CHOOSE THE NEWS,"Apr. 26, 2008",Hooah.com LLC,,christian@hooah.com
77229528,deadAbandoned,EXPERT POWERED SEARCH,"Apr. 24, 2008",ResearchTrail Ltd.,,judith@researchtrail.com
77229297,REQUEST_FAILED,,,,,
77229582,REQUEST_FAILED,,,,,
77229637,REQUEST_FAILED,,,,,
77229761,deadAbandoned,HAVE YOU,"Nov. 10, 2008","Zatlin, Andrew E",,azatlin@gmail.com
77229641,REQUEST_FAILED,,,,,
77229785,deadAbandoned,INNOVATIVE WEB DESIGNS INC.,"Apr. 24, 2008",Karishma Ramesh Mirchandani,,k.mirchandani@email.com
77229749,REQUEST_FAILED,,,,,
77229777,REQUEST_FAILED,,,,,
77229838,deadAbandoned,CRUISING TALK,"Sep. 30, 2008","ORIOLI MEDIA, LLC",,enrique@oriolimedia.com
77229789,REQUEST_FAILED,,,,,
77229845,deadAbandoned,SALLYMOON,"Oct. 27, 2008","Seghaier-Bentz, Saloua",,sallymoon@westerntablemanners.com
77229841,deadAbandoned,PAIR JUICE,"Oct. 27, 2008","Most, Patricia L",,lynne@designdirection.com
77229901,deadAbandoned,MY LITTLE MOLE,"Apr. 30, 2008",Elite Minds Inc,,michael@elitemindsinc.com
77229856,REQUEST_FAILED,,,,,
77229867,REQUEST_FAILED,,,,,
77229915,REQUEST_FAILED,,,,,
77229914,REQUEST_FAILED,,,,,
77229929,deadAbandoned,ALIVE ON ARRIVAL,"Oct. 27, 2008","Mason, Valentine A",,vmason@weightnyc.com
77229928,REQUEST_FAILED,,,,,
77229950,REQUEST_FAILED,,,,,
77229976,REQUEST_FAILED,,,,,
77230007,REQUEST_FAILED,,,,,
77230042,REQUEST_FAILED,,,,,
77230068,REQUEST_FAILED,,,,,
77230072,REQUEST_FAILED,,,,,
77230228,REQUEST_FAILED,,,,,
77230198,REQUEST_FAILED,,,,,
77230291,deadAbandoned,"VIRTUAL TRANSFER PROTOCOL, VIRTUAL TEXT TRANSFER PROTOCOL VIRTUAL PRIVATE TRANSFER PROTOCOL PRIVATE TRANSFER PROTOCOL PRIVATE TEXT TRANSFER PROTOCOL VTP:// VTTP:// VPTP:// VPD:// PTP:// PTTP:// V P","Dec. 05, 2008",Marko Anastasov,,nikola@elmed.net
77230262,REQUEST_FAILED,,,,,
77230365,deadAbandoned,NEWJUKE.COM NJ,"Aug. 25, 2008","Biancardi, Vittorio",,newjuke@verizon.net
77230271,REQUEST_FAILED,,,,,
77230314,REQUEST_FAILED,,,,,
77230344,REQUEST_FAILED,,,,,
77230447,deadAbandoned,PRIMEMATE DEPOSITOR,"Apr. 22, 2008",SpiritBank,,mdaee@spiritbank.com
77230492,deadAbandoned,RABID ROY,"Apr. 20, 2008","Cirotti, Joe",,rabidroy@gmail.com
77230521,deadAbandoned,61 '61,"Jul. 10, 2008",Kevin J. Maris,,
77230465,deadAbandoned,ICODES,"Nov. 06, 2008","CDM Technologies, Inc.",,achapman@cdmtech.com
77230419,REQUEST_FAILED,,,,,
77230520,REQUEST_FAILED,,,,,
77230571,REQUEST_FAILED,,,,,
77230575,REQUEST_FAILED,,,,,
77230620,REQUEST_FAILED,,,,,
77230692,REQUEST_FAILED,,,,,
77230701,REQUEST_FAILED,,,,,
77230712,REQUEST_FAILED,,,,,
77230718,REQUEST_FAILED,,,,,
77230901,deadAbandoned,MASTERPANELS,"Sep. 09, 2008","Sulkowski, James Parkes",,jps@masterpanels.com
77230900,deadAbandoned,UCLOSE,"Apr. 24, 2008","UCLOSE MORTGAGE, LLC",,info@shouldsee.com
77230838,REQUEST_FAILED,,,,,
77230939,deadAbandoned,STOKED SURFBOARDS,"Apr. 21, 2008","Stokes, Lucas",,info@stokedsurfboards.com
77230903,REQUEST_FAILED,,,,,
77230947,deadAbandoned,RENOVATION REFERRALS,"May 02, 2008",Contemporary Marketing Systems Inc.,,dan@renovationReferrals.com
77230916,REQUEST_FAILED,,,,,
77230929,REQUEST_FAILED,,,,,
77230954,REQUEST_FAILED,,,,,
77230981,deadAbandoned,PINK MAGIC,"May 13, 2008","Berg, Robert, Isaac",,isaacberg@hotmail.com
77230980,REQUEST_FAILED,,,,,
77231015,REQUEST_FAILED,,,,,
77231048,deadAbandoned,GLM,"Apr. 26, 2008","Kunshan Giant Light Metal Technology Co., Ltd.",,
77231028,REQUEST_FAILED,,,,,
77231034,deadAbandoned,DICKO,"Apr. 24, 2008",Ian Dickson Pty Ltd,,jennifer@mediaartslawyers.com
77231080,REQUEST_FAILED,,,,,
77231204,deadAbandoned,FAME,"Apr. 28, 2008",CGE Enterprises LLC,,jhastings@vermontcountrystore.com
77231173,REQUEST_FAILED,,,,,
77231288,REQUEST_FAILED,,,,,
77231317,deadAbandoned,"GYPSUM EXPRESS, INC.","Apr. 27, 2008","Gypsum Express, Inc.",,bmurray@truckingunlimited.com
77231294,REQUEST_FAILED,,,,,
77231386,deadAbandoned,NON COLPEVOLE,"Apr. 23, 2008","Win Choice America, Inc.",,info@winchoiceapparel.com
77231337,REQUEST_FAILED,,,,,
77231430,REQUEST_FAILED,,,,,
77231439,REQUEST_FAILED,,,,,
77231559,REQUEST_FAILED,,,,,
77231795,deadAbandoned,NURSING HOME ALTERNATIVES,"Apr. 23, 2008",Elder Care Consultants LLC,,mbrashears@eldercarehouston.com
77231669,REQUEST_FAILED,,,,,
77231773,REQUEST_FAILED,,,,,
77231926,deadAbandoned,POWEROPT,"Oct. 27, 2008",ChipVision Design Systems AG,,dagmar@thinkbold.com
77231841,REQUEST_FAILED,,,,,
77231909,deadAbandoned,IT'S A HARD KNOCK LIFE,"Dec. 08, 2008","SEMALLY, RICHARD H",,hermanrichard@hotmail.com
77231939,REQUEST_FAILED,,,,,
77231961,REQUEST_FAILED,,,,,
77231983,REQUEST_FAILED,,,,,
77232004,REQUEST_FAILED,,,,,
77232020,REQUEST_FAILED,,,,,
77232086,deadAbandoned,D&B LAGER HOUSE,"Jul. 22, 2008",Arteson Enterprises Inc.,,artesonenterprises@yahoo.com
77232054,REQUEST_FAILED,,,,,
77232083,REQUEST_FAILED,,,,,
77232092,REQUEST_FAILED,,,,,
77232098,REQUEST_FAILED,,,,,
77232128,deadAbandoned,XTERRATURF,"Oct. 27, 2008","Rubbersidewalks, Inc.",,Lindsay@rubbersidewalks.com
77232145,REQUEST_FAILED,,,,,
77232147,REQUEST_FAILED,,,,,
77232153,REQUEST_FAILED,,,,,
77232163,REQUEST_FAILED,,,,,
77232164,REQUEST_FAILED,,,,,
77232166,REQUEST_FAILED,,,,,
77232209,deadAbandoned,ZQ.COM,"Nov. 10, 2008",TrainWeb Inc.,,support@trainweb.com
77232178,REQUEST_FAILED,,,,,
77232376,deadAbandoned,FAMILYYIELD,"Oct. 27, 2008","FUERST, MARTIN F.",,intereuro-ag@gmx.ch
77232303,REQUEST_FAILED,,,,,
77232387,REQUEST_FAILED,,,,,
77232396,REQUEST_FAILED,,,,,
77232405,REQUEST_FAILED,,,,,
77232527,deadAbandoned,POMSPLASH,"Oct. 27, 2008",Vitaquest International LLC,,syagoda@vitaquest.com
77232485,REQUEST_FAILED,,,,,
77232522,REQUEST_FAILED,,,,,
77232574,REQUEST_FAILED,,,,,
77232583,REQUEST_FAILED,,,,,
77232626,REQUEST_FAILED,,,,,
77232630,REQUEST_FAILED,,,,,
77232942,deadAbandoned,W WASHINGTON ASSET ADVISORS,"Jul. 15, 2008","Washington Asset Advisors, LLC",,Leah.Li@washingtonaa.com
77232756,REQUEST_FAILED,,,,,
77232940,REQUEST_FAILED,,,,,
77233065,REQUEST_FAILED,,,,,
77233120,REQUEST_FAILED,,,,,
77233118,REQUEST_FAILED,,,,,
77233131,REQUEST_FAILED,,,,,
77233139,REQUEST_FAILED,,,,,
77233172,REQUEST_FAILED,,,,,
77233179,REQUEST_FAILED,,,,,
77233192,deadAbandoned,OLDE TYME DRAFTS & DAWGS FAMOUS HOT DAWGS & COLD DRAFT BEER,"May 14, 2008","Olde Tyme Franchising, Inc.",,dboeke@oldetymedawgs.com
77233231,deadAbandoned,BIODOME,"Oct. 27, 2008",R KIRK & SONS LIMITED,,andrew.peace@rkirk.co.uk
77233266,deadAbandoned,VANGUARD SOFTWARE GROUP,"Nov. 15, 2008",Vanguard Software Group,,mark.hill@vsgsolutions.com
77233246,deadAbandoned,JAEGER EYE CHART,"Oct. 14, 2008",GF Health Products Inc,,ccolon@grahamfield.com
77233433,deadAbandoned,CARS ARE LIKE EGGS - CHEAPER IN THE COUNTRY,"Apr. 26, 2008","Gloff Motors, Inc.",,
77233310,REQUEST_FAILED,,,,,
77233352,REQUEST_FAILED,,,,,
77233458,deadAbandoned,TRUCRAFT,"Nov. 03, 2008","Yeung, James, Takhok",,yangdexue@gmail.com
77233477,REQUEST_FAILED,,,,,
77233489,REQUEST_FAILED,,,,,
77233542,REQUEST_FAILED,,,,,
77233553,REQUEST_FAILED,,,,,
77233604,REQUEST_FAILED,,,,,
77233750,deadAbandoned,KANGIES,"Oct. 27, 2008","China Shoe Holdings, Inc.",,xsmails@yahoo.com
77233641,deadAbandoned,CLARÁ,"Nov. 30, 2008","Konceptae, Inc.",,contact@konceptae.com
77233778,deadAbandoned,K13 O11 N10 C21 E10 P2000 T 20 A07 E CREATING PASSION,"Mar. 11, 2008","Konceptae, Inc.",,contact@konceptae.com
77233727,REQUEST_FAILED,,,,,
77233802,REQUEST_FAILED,,,,,
77233923,REQUEST_FAILED,,,,,
77234115,deadAbandoned,MOOVERS INC.,"Apr. 30, 2008",MOOVERS INC.,,info@mooversinc.com
77234208,deadAbandoned,DESIGNER GORE HIGHEST QUALITY · EASY TO USE · ULTRA REALISTIC,"Apr. 23, 2008","Damyanovich, Vincent, M",,info@designergore.com
77234192,REQUEST_FAILED,,,,,
77234155,REQUEST_FAILED,,,,,
77234223,REQUEST_FAILED,,,,,
77234249,REQUEST_FAILED,,,,,
77234269,REQUEST_FAILED,,,,,
77234319,REQUEST_FAILED,,,,,
77234348,deadAbandoned,COCK BLOCKERS,"Jun. 12, 2008","MacInnis,Mark",,markmacinnis@yahoo.com
77234349,deadAbandoned,PLAYERZ69,"May 03, 2008",Dariusz Kurtycz,,darek@fs-company.net
77234323,REQUEST_FAILED,,,,,
77234325,REQUEST_FAILED,,,,,
77234376,REQUEST_FAILED,,,,,
77234381,REQUEST_FAILED,,,,,
77234468,deadAbandoned,CASTA TROY,"Oct. 27, 2008",Porch Klub Music Group,,troymaurice@yahoo.com
77234490,deadAbandoned,TPC THE PURPLE CATERPILLAR AUSTRALIA,"May 19, 2008",Cheung Fong (HK) Ltd,,john@yeszipper.com
77234404,REQUEST_FAILED,,,,,
77234539,deadAbandoned,SHAVER CADDIE,"May 08, 2008","Ethridge, Cecil Carl",,Sattypo@aol.com
77234540,REQUEST_FAILED,,,,,
77234545,REQUEST_FAILED,,,,,
77234591,deadAbandoned,HFS HOMEFREE SYSTEMS,"May 01, 2008","GROUP TELECOM, INC.",,csimon@homefreesystems.com
77234597,REQUEST_FAILED,,,,,
77234708,deadAbandoned,V V I S I B L E G R A P H I C S,"May 01, 2008","Visible Graphics, Inc",,vick@cfpartner.com
77234624,REQUEST_FAILED,,,,,
77234679,REQUEST_FAILED,,,,,
77234683,REQUEST_FAILED,,,,,
77234874,deadAbandoned,A/C FOGGER,"May 02, 2008","Morrow, Thomas J",,geck789@yahoo.com
77234919,deadAbandoned,DASTOOL,"Jul. 20, 2008",DasTool Incorporation,,contact@dastool.com
77234929,deadAbandoned,PROFESSIONALLY TARGETED TANNING,"Apr. 18, 2008",Brooke Hansen,,synergytan@aol.com
77235023,deadAbandoned,EFFEX,"Jul. 22, 2008",Micro Nutrient LLC,,lklesman@orderdropz.com
77234912,REQUEST_FAILED,,,,,
77234917,REQUEST_FAILED,,,,,
77235034,REQUEST_FAILED,,,,,
77235040,REQUEST_FAILED,,,,,
77235084,REQUEST_FAILED,,,,,
77235269,deadAbandoned,WELCOME TO HOLLYWOOD SOUTH,"May 15, 2008","Tardiff, Donald L",,dtardiff@maximpacttv.com
77235153,REQUEST_FAILED,,,,,
77235278,REQUEST_FAILED,,,,,
77235342,deadAbandoned,SMARTY ART CHICK,"Oct. 27, 2008","Watlington, Lena M.",,LMWATLIN@YAHOO.COM
77235298,REQUEST_FAILED,,,,,
77235327,REQUEST_FAILED,,,,,
77235348,REQUEST_FAILED,,,,,
77235345,REQUEST_FAILED,,,,,
77235370,deadAbandoned,L&M LOVE & MONEY,"Mar. 10, 2008","Minori, Christopher",,gi30@earthlink.net
77235433,deadAbandoned,2 DOLLAR TEXTBOOKS,"Nov. 17, 2008",College Booktraders,,rog_romero@yahoo.com
77235463,deadAbandoned,THE BEST HEADS FOR BUSINESS.,"Nov. 03, 2008",HeadHunters NW,,Shaylene@HeadHuntersNW.com
77235437,REQUEST_FAILED,,,,,
77235426,REQUEST_FAILED,,,,,
77235456,REQUEST_FAILED,,,,,
77235509,deadAbandoned,MODACELESTE,"Apr. 30, 2008","Scheunemann, Olaf J.",,os@gcx.de
77235474,REQUEST_FAILED,,,,,
77235475,REQUEST_FAILED,,,,,
77235543,deadAbandoned,GLITZY STIX,"Nov. 03, 2008",GAIL PHILLIPS,,ejporter42@hotmail.com
77235535,deadAbandoned,THE VESSEL,"May 01, 2008","Kelly, Michael M.O.",,mikeamo@yahoo.com
77235528,REQUEST_FAILED,,,,,
77235541,REQUEST_FAILED,,,,,
77235574,deadAbandoned,"THE ELIMINATOR HOME LOAN, MORTGAGE","May 08, 2008",DBA - FINANCIAL FREEDOM CONSULTANTS,,mark@paylowinterest.com
77235572,deadAbandoned,THE 21ST CENTURY HOME LOAN,"May 08, 2008",DBA - FINANCIAL FREEDOM CONSULTANTS,,mark@paylowinterest.com
77235575,deadAbandoned,VIRTUAL WIDE WEB VWW VWW VWW: VWW://,"Dec. 06, 2008",Marko Anastasov,,nikola@elmed.net
77235565,REQUEST_FAILED,,,,,
77235602,REQUEST_FAILED,,,,,
77235626,deadAbandoned,"MORT GAGE, HOMEOWNER","May 03, 2008",Brian T Wall,,btwall60@aol.com
77235616,REQUEST_FAILED,,,,,
77235641,deadAbandoned,HOLDSTALERO,"Nov. 03, 2008","Kiss, Louis M.",,him@theLkiss.com
77235620,REQUEST_FAILED,,,,,
77235657,deadAbandoned,DIGIT PAYMENT SERVICES,"May 03, 2008",DIGIT PAYMENT SERVICES LLC,,pchllc@yahoo.com
77235630,REQUEST_FAILED,,,,,
77235665,deadAbandoned,TELRECORD,"Oct. 04, 2008",Wax Omer Arye,,omerwax@gmail.com
77235648,deadAbandoned,PRACTICETRAK,"Dec. 08, 2008",Intelligent Data Solutions Pty Ltd,,peter@idsmail.com.au
77235642,REQUEST_FAILED,,,,,
77235645,REQUEST_FAILED,,,,,
77235768,deadAbandoned,OSMOLYTE,"May 09, 2008","LCM Pharmaceutical, Inc",,lcmpharma@cox.net
77235773,deadAbandoned,GO-LYTE,"Aug. 20, 2008","LCM Pharmaceutical, Inc.",,lcmpharma@cox.net
77235784,deadAbandoned,JAZZIES,"Nov. 10, 2008","Liu, Winnie",,winnie@littlebabyshoes.com
77235750,REQUEST_FAILED,,,,,
77235795,deadAbandoned,REDIFFUSION SIMULATION,"May 13, 2008","Freeman, Michael S",,mike@rediffusion-simulation.com
77235807,deadAbandoned,None,"May 01, 2008",Neng Feng WANG,,tmregistered@gmail.com
77235871,deadAbandoned,JUMBOSCREEN,"Apr. 30, 2008",APCUS Technologies,,maria.crisp@apcustech.com
77235815,REQUEST_FAILED,,,,,
77235853,REQUEST_FAILED,,,,,
77235876,REQUEST_FAILED,,,,,
77235919,deadAbandoned,ELLEVEN,"Oct. 27, 2008","Avid Technology, Inc.",,
77235891,REQUEST_FAILED,,,,,
77235918,REQUEST_FAILED,,,,,
77236023,deadAbandoned,MAI ORTHODONTICS,"Apr. 30, 2008","Mai, Kim T.",,kimtmai@aol.com
77236034,deadAbandoned,THE KID COMPASS LEADING THE WAY FOR BUSY FAMILIES,"May 02, 2008","Creative Database Solutions, LLC",,nikasmother@yahoo.com
77235935,REQUEST_FAILED,,,,,
77236036,REQUEST_FAILED,,,,,
77236189,deadAbandoned,SPORTMED PRO-FLO,"Apr. 30, 2008","G&W Products, Inc.",,GWProducts@aol.com
77236041,deadAbandoned,MIXER !!,"Sep. 03, 2008","Rudakov, Dmitry Vladimirovich",,info@abk-soft.com
77236321,deadAbandoned,DAILY COLOR,"May 01, 2008",Vazquez Vera Juan Manuel,,incubex@incubex.com.mx
77236240,REQUEST_FAILED,,,,,
77236298,REQUEST_FAILED,,,,,
77236389,deadAbandoned,IT'S TIME FOR US,"Nov. 03, 2008","Norenberg, Tyler J.",,tnorenberg@comcast.net
77236362,REQUEST_FAILED,,,,,
77236457,REQUEST_FAILED,,,,,
77236508,REQUEST_FAILED,,,,,
77236574,REQUEST_FAILED,,,,,
77236586,REQUEST_FAILED,,,,,
77236596,REQUEST_FAILED,,,,,
77236645,deadAbandoned,REFORM,"Apr. 28, 2008","Reform Soap, Inc",,marshall@reformsoap.com
77236614,REQUEST_FAILED,,,,,
77236618,REQUEST_FAILED,,,,,
77236671,REQUEST_FAILED,,,,,
77236666,REQUEST_FAILED,,,,,
77236682,REQUEST_FAILED,,,,,
77236673,REQUEST_FAILED,,,,,
77236762,deadAbandoned,CIDEWINEDER WINEDER,"May 03, 2008","HICKMAN, JOHN, KEITH",,john@victorianovens.co.uk
77236746,REQUEST_FAILED,,,,,
77236765,REQUEST_FAILED,,,,,
77236827,REQUEST_FAILED,,,,,
77236843,REQUEST_FAILED,,,,,
77236861,REQUEST_FAILED,,,,,
77236879,REQUEST_FAILED,,,,,
77236949,deadAbandoned,THE JD MAGAZINE,"May 04, 2008",Virginia E. Anderson,,mike.ragland@yahoo.com
77236960,deadAbandoned,T CAPS,"Nov. 20, 2008","Annez de Taboada, Thierry",,thierryadt@gmail.com
77236920,REQUEST_FAILED,,,,,
77237015,deadAbandoned,E&A,"May 04, 2008",Virginia E. Anderson,,mike.ragland@yahoo.com
77236926,REQUEST_FAILED,,,,,
77236966,REQUEST_FAILED,,,,,
77236990,REQUEST_FAILED,,,,,
77237085,REQUEST_FAILED,,,,,
77237105,REQUEST_FAILED,,,,,
77237125,REQUEST_FAILED,,,,,
77237164,REQUEST_FAILED,,,,,
77237281,deadAbandoned,INSANE WORKOUTS,"May 01, 2008","David Arabia, Inc",,dave@theeyeballkid.com
77237265,deadAbandoned,NAIROBI,"Jul. 21, 2008",Samsonite Corporation,,charlie.everitt@samsonite.com
77237242,REQUEST_FAILED,,,,,
77237254,REQUEST_FAILED,,,,,
77237288,REQUEST_FAILED,,,,,
77237490,deadAbandoned,TAB 1-2-3,"Nov. 10, 2008","MCKEW, DANIEL G.",,jmckew@comcast.net
77237499,REQUEST_FAILED,,,,,
77237565,REQUEST_FAILED,,,,,
77237659,deadAbandoned,DR NIC ACADEMY,"May 01, 2008","Williams, Nicholas Peter",,drnicwilliams@gmail.com
77237591,deadAbandoned,RUBY ON RAILS,"Nov. 10, 2008",Nicholas Peter Williams,,drnicwilliams@gmail.com
77237652,deadAbandoned,"TRILLIUM DESIGNS INTERNATIONAL, INC.","May 06, 2008","Trillium Designs International, Inc.",,derek@kzgolf.com
77237586,REQUEST_FAILED,,,,,
77237694,deadAbandoned,SERVASSIST,"May 02, 2008","HME Wireless, Inc.",,shoeptner@hme.com
77237683,REQUEST_FAILED,,,,,
77237746,deadAbandoned,MY VIRTUAL BRIEFCASE,"Jul. 15, 2008",DAYSHA SINGFIELD,,jsingfield@yahoo.com
77237733,REQUEST_FAILED,,,,,
77237757,REQUEST_FAILED,,,,,
77237809,deadAbandoned,ENTERTAINMENT RELATIONSHIP MANAGEMENT,"Dec. 17, 2008","ArtistForce, Inc.",,
77237783,REQUEST_FAILED,,,,,
77237790,REQUEST_FAILED,,,,,
77237812,deadAbandoned,THE BUSINESS OF LIVE ENTERTAINMENT,"May 05, 2008","ArtistForce, Inc.",,
77237803,REQUEST_FAILED,,,,,
77237823,REQUEST_FAILED,,,,,
77237870,deadAbandoned,SIGNOSCOPE,"Mar. 11, 2008",Signostics Pty Ltd,,ipmanager@signostics.com.au
77237845,REQUEST_FAILED,,,,,
77237883,deadAbandoned,AWAKEN THE GODDESS,"Nov. 10, 2008","Healing Wizdom, LLC",,healingwizzdom@sbcglobal.net
77237859,REQUEST_FAILED,,,,,
77237909,deadAbandoned,MOMOSA,"Oct. 11, 2008","Hamman, Rachel",,rlhamman@cfl.rr.com
77238019,deadAbandoned,TIKTINER,"Nov. 17, 2008",Aristide & Co Antiquaire de Marques,,aristide@aristide.fr
77237911,REQUEST_FAILED,,,,,
77238013,REQUEST_FAILED,,,,,
77238158,deadAbandoned,HIRE THE LAWYER,"Oct. 27, 2008","Baran, Mark",,baranmark@hotmail.com
77238154,deadAbandoned,"THE ATTORNEY IS YOUR ADVOCATE, THE LAW FIRM IS A BUSINESS","Oct. 27, 2008","Baran, Mark",,baranmark@hotmail.com
77238115,REQUEST_FAILED,,,,,
77238163,REQUEST_FAILED,,,,,
77238208,REQUEST_FAILED,,,,,
77238228,REQUEST_FAILED,,,,,
77238248,REQUEST_FAILED,,,,,
77238293,deadAbandoned,YOUR TEAM SUCKS.,"Nov. 03, 2008","Smackcaster, Inc.",,mgelfand@smackcaster.com
77238325,deadAbandoned,SEEKR,"Sep. 19, 2008","GoListing.com, Inc.",,
77238291,REQUEST_FAILED,,,,,
77238322,REQUEST_FAILED,,,,,
77238332,REQUEST_FAILED,,,,,
77238475,deadAbandoned,SABON,"Jul. 08, 2008",Samsonite Corporation,,charlie.everitt@samsonite.com
77238372,REQUEST_FAILED,,,,,
77238355,REQUEST_FAILED,,,,,
77238457,REQUEST_FAILED,,,,,
77238654,REQUEST_FAILED,,,,,
77238824,deadAbandoned,PATAGONIA GOURMET,"May 01, 2008",Daxley Interamerica S. A.,,arnaldo.a.massone@daxley.com
77238837,deadAbandoned,CALLING ALL PARENTS,"Nov. 03, 2008","Mogulescu, Marjorie Beth",,mmogulescu@hotmail.com
77238747,REQUEST_FAILED,,,,,
77238821,REQUEST_FAILED,,,,,
77238832,REQUEST_FAILED,,,,,
77238906,deadAbandoned,ALTAPONTE,"May 05, 2008","BeanCube, Inc.",,contact@beancube.com
77238881,REQUEST_FAILED,,,,,
77238897,REQUEST_FAILED,,,,,
77238954,REQUEST_FAILED,,,,,
77239015,deadAbandoned,SARO,"Nov. 10, 2008",Aroma Forest,,obdirect@mate.mg
77238971,deadAbandoned,CABALLOS BAILADORES,"May 03, 2008","Arellano, Juan Carlos",,jca@piteado.com
77238982,REQUEST_FAILED,,,,,
77239078,REQUEST_FAILED,,,,,
77239114,REQUEST_FAILED,,,,,
77239152,REQUEST_FAILED,,,,,
77239304,deadAbandoned,BUS,"May 02, 2008","Geiger, Maximilien",,max21ge@hotmail.com
77239256,REQUEST_FAILED,,,,,
77239288,REQUEST_FAILED,,,,,
77239297,REQUEST_FAILED,,,,,
77239342,REQUEST_FAILED,,,,,
77239369,REQUEST_FAILED,,,,,
77239370,REQUEST_FAILED,,,,,
77239586,REQUEST_FAILED,,,,,
77239649,REQUEST_FAILED,,,,,
77239793,deadAbandoned,HUMMCAT,"Nov. 03, 2008","Quinn, Brian P.",,brianquinn1@earthlink.net
77239805,deadAbandoned,"IF APPLE MADE AN I-WOMAN, I WOULD MARRY HER.","May 07, 2008","Ghassemi, Majid",,mghassemi@san.rr.com
77239707,REQUEST_FAILED,,,,,
77239844,deadAbandoned,EXPOSE',"May 01, 2008",Lewis Martinee',,lmartinee@aol.com
77239862,REQUEST_FAILED,,,,,
77239946,deadAbandoned,GETAWAYVACATIONS,"May 02, 2008","Newton, Daniel D",,newtondaniel@yahoo.com
77239866,REQUEST_FAILED,,,,,
77240006,deadAbandoned,LA FEMME,"May 05, 2008","La Femme, Inc.",,richard@easypickins.com
77239923,REQUEST_FAILED,,,,,
77239963,REQUEST_FAILED,,,,,
77239968,REQUEST_FAILED,,,,,
77240012,REQUEST_FAILED,,,,,
77240071,deadAbandoned,YOGURT BERRY,"Nov. 14, 2008",GREENTEAPOWDER INC,,huangdi1122@hotmail.com
77240098,deadAbandoned,U.S.B.G. MASTER MIXOLOGIST,"May 02, 2008","United States Bartenders' Guild, Inc",,usbg_events@hotmail.com
77240101,deadAbandoned,MIGHTY MINTY OF OREGON,"May 06, 2008","Wood, Patricia",,MIKEY@GTE.NET
77240091,REQUEST_FAILED,,,,,
77240136,deadAbandoned,BAIBLUE,"May 02, 2008",Rabbt Technologies LLC,,bfinney@rabbt.com
77240105,REQUEST_FAILED,,,,,
77240117,deadAbandoned,THE SHIRTS OFF TOUR,"May 01, 2008","GIBSON, TYRESE, MR.",,
77240160,deadAbandoned,PICTURE MESSAGING SEARCH,"May 02, 2008",23half Inc.,,kumarg@23half.com
77240150,deadAbandoned,A.W.O.L. ANOTHER WAY OF LIFE,"May 01, 2008","Shealy, Todd Michael",,jaxbjj@yahoo.com
77240180,deadAbandoned,SLICK SHARK SOFTWARE,"May 03, 2008",Slick Shark Software Inc.,,aizvek@gmail.com
77240144,REQUEST_FAILED,,,,,
77240175,REQUEST_FAILED,,,,,
77240196,REQUEST_FAILED,,,,,
77240202,REQUEST_FAILED,,,,,
77240285,deadAbandoned,"BECKER L.M. BECKER & CO., INC.","May 27, 2008","L.M. Becker & Co., Inc.",,agrey@lmbecker.com
77240290,deadAbandoned,TENANT SCORE,"May 05, 2008",American National Tenancy Database LLC,,info@1888antd.net
77240302,deadAbandoned,AMPM,"May 08, 2008",PABLO RAFAEL MORENO VALENZUELA,,img_1980@hotmail.com
77240321,REQUEST_FAILED,,,,,
77240340,REQUEST_FAILED,,,,,
77240446,deadAbandoned,KLEAR GEAR,"May 19, 2008","Havaco Direct, Inc.",,Will.Bermender@Havaco.com
77240413,REQUEST_FAILED,,,,,
77240442,REQUEST_FAILED,,,,,
77240516,REQUEST_FAILED,,,,,
77240535,REQUEST_FAILED,,,,,
77240554,REQUEST_FAILED,,,,,
77240664,deadAbandoned,BETTERBIB,"May 05, 2008",Martin Henry,,Jannahenry@sbcglobal.net
77240632,REQUEST_FAILED,,,,,
77240787,deadAbandoned,CHEESECAKE KABOB KIT,"May 05, 2008",Tara M. Hawkins,,tarahawkins@comcast.net
77240744,REQUEST_FAILED,,,,,
77240730,REQUEST_FAILED,,,,,
77240751,REQUEST_FAILED,,,,,
77240908,REQUEST_FAILED,,,,,
77240995,REQUEST_FAILED,,,,,
77241056,REQUEST_FAILED,,,,,
77241228,REQUEST_FAILED,,,,,
77241292,deadAbandoned,STRESS RELIEVER,"Oct. 27, 2008",Christian D'Andrea,,christian@hooah.com
77241247,REQUEST_FAILED,,,,,
77241330,deadAbandoned,LETESE,"May 06, 2008",Du Wu Jin,,kaixinhu@hotmail.com
77241297,REQUEST_FAILED,,,,,
77241332,deadAbandoned,BLISSBERRY,"Aug. 11, 2008","Kim, Agnes",,kim.agnes@gmail.com
77241308,REQUEST_FAILED,,,,,
77241322,REQUEST_FAILED,,,,,
77241329,REQUEST_FAILED,,,,,
77241350,REQUEST_FAILED,,,,,
77241385,REQUEST_FAILED,,,,,
77241388,REQUEST_FAILED,,,,,
77241384,REQUEST_FAILED,,,,,
77241400,REQUEST_FAILED,,,,,
77241447,deadAbandoned,INFINICELL,"May 02, 2008",Global Corporate services Ltd,,sam@formationshouse.com
77241415,REQUEST_FAILED,,,,,
77241419,REQUEST_FAILED,,,,,
77241521,REQUEST_FAILED,,,,,
77241596,deadAbandoned,METEOR PROMOTIONS,"May 07, 2008","Valler, David A",,dave@meteorpromotions.com
77241574,REQUEST_FAILED,,,,,
77241579,REQUEST_FAILED,,,,,
77241588,REQUEST_FAILED,,,,,
77241610,deadAbandoned,SUITE 1:6,"May 07, 2008",Trixter Ltd,,michael.rice@trixter.net
77241635,deadAbandoned,TAKE+OUT,"May 06, 2008","DUPLESSIS, ROBIN",,robinduplessis@mac.com
77241607,deadAbandoned,ALLWAYSCONNECT,"May 07, 2008","Infone Tech, Ltd.",,mberger@bezeqint.net
77241645,REQUEST_FAILED,,,,,
77241692,REQUEST_FAILED,,,,,
77241748,REQUEST_FAILED,,,,,
77241779,REQUEST_FAILED,,,,,
77241801,REQUEST_FAILED,,,,,
77241920,deadAbandoned,BUMBLE ETC.,"Jul. 30, 2008","Johanson, Jennie L.",,info@bumblebags.com
77241885,deadAbandoned,DG,"Nov. 17, 2008","CML Technologies, LLC",,mark319@bellsouth.net
77241853,REQUEST_FAILED,,,,,
77241977,deadAbandoned,BUZZ BY THE BUMBLE COLLECTION,"Jul. 30, 2008","Johanson, Jennie L.",,info@bumblebags.com
77241998,deadAbandoned,BUMBLE ET CETERA,"Jul. 30, 2008","Johanson, Jennie L.",,info@bumblebags.com
77241892,REQUEST_FAILED,,,,,
77241993,deadAbandoned,"ECO ABSORB ALL-NATURAL SUPER ABSORBENT OMRI-CERTIFIED SPILL CLEAN-UP SOLUTION INGREDIENTS: ALL-NATURAL EARTH PRODUCTS. A UNIVERSAL, ALL-NATURAL, 100% ORGANIC SUPER ABSORBENT MADE FROM THE FINEST MATERIALS THE EARTH PROVIDES. TECHNOLOGY SO SIMPLE, YET SO EFFECTIVE. THAT'S RIGHT. SOAK IT UP. . . . THE SPILL, OF COURSE. AND THEN SWEEP IT UP.","May 10, 2008",Shannon Diversified,,robert@shannonco.com
77242014,deadAbandoned,LAS VEGAS HARDWARE SHOW,"May 08, 2008",Reed Elsevier Properties Inc.,,renee.simonton@reipmsi.com
77242047,REQUEST_FAILED,,,,,
77242221,deadAbandoned,BRINGING VACCINATION TO YOU,"May 08, 2008",VaxCare Corporation,,jcrabtree@vaxcare.com
77242185,REQUEST_FAILED,,,,,
77242226,REQUEST_FAILED,,,,,
77242284,REQUEST_FAILED,,,,,
77242353,deadAbandoned,TASCHENSACK,"Nov. 17, 2008","West, Margaret C",,west.margaret@gmail.com
77242324,REQUEST_FAILED,,,,,
77242389,deadAbandoned,AFRICAN AMERICAN TIME PIECE,"May 07, 2008","African American Time Piece, Inc.",,
77242319,REQUEST_FAILED,,,,,
77242391,REQUEST_FAILED,,,,,
77242449,REQUEST_FAILED,,,,,
77242501,deadAbandoned,"WE, THE PEOPLE","May 09, 2008","Smith, Eric J. and Spears, Brandon L.",,ericsmith125@hotmail.com
77242565,deadAbandoned,STRESS WATER,"Oct. 27, 2008",Christian D'Andrea,,christian@hooah.com
77242568,deadAbandoned,LEONARD,"May 08, 2008",SDA LIMITED,,
77242560,REQUEST_FAILED,,,,,
77242622,deadAbandoned,FRUITLALA,"May 06, 2008","Russell, Karen L",,karenlrussell@yahoo.com
77242647,deadAbandoned,SOUTH SEAS TRADING CO,"May 14, 2008",South Seas Trading Co. LLC,,brent@powwowinc.com
77242634,REQUEST_FAILED,,,,,
77242636,REQUEST_FAILED,,,,,
77242637,REQUEST_FAILED,,,,,
77242648,REQUEST_FAILED,,,,,
77242819,deadAbandoned,GIGI,"May 09, 2008","Casagrande Cosmo, Umberto",,umberto.cosmo@bellenda.it
77242776,deadAbandoned,PJXTREME,"Nov. 25, 2008","GRUPP INTERNACIONAL, S.A.",,CVICENTE@PANAMAJACK.ES
77242691,REQUEST_FAILED,,,,,
77242839,deadAbandoned,CLASSIC AMERICAN STYLE,"Aug. 20, 2008","HOLMES, REGINALD C/O. KAMAU CLOTHING, LLC.",,RWHLM@AOL.COM
77242833,REQUEST_FAILED,,,,,
77242847,REQUEST_FAILED,,,,,
77243013,deadAbandoned,FAMILY MAIL,"Dec. 26, 2008","Gulf Coast LTC Partners, Inc.",,bjbergeron@gcltc.com
77242986,REQUEST_FAILED,,,,,
77242988,REQUEST_FAILED,,,,,
77243040,deadAbandoned,GAME 7,"May 07, 2008","Roehl, Lance",,lroehl@game7.com
77243034,REQUEST_FAILED,,,,,
77243058,REQUEST_FAILED,,,,,
77243153,deadAbandoned,BCA BUSINESS CLUBS AMERICA,"May 08, 2008","Business Clubs America, Inc.",,csaling111@gmail.com
77243069,REQUEST_FAILED,,,,,
77243131,deadAbandoned,CITADEL STAR CHECKING,"May 08, 2008",Citadel Federal Credit Union,,aprildailey@citadelfcu.org
77243082,REQUEST_FAILED,,,,,
77243242,deadAbandoned,GLYX,"Dec. 01, 2008",Kevin Glikmann,,
77243171,deadAbandoned,CITADEL STAR PREMIERE CHECKING,"May 08, 2008",Citadel Federal Credit Union,,aprildailey@citadelfcu.org
77243219,REQUEST_FAILED,,,,,
77243260,REQUEST_FAILED,,,,,
77243450,deadAbandoned,PERRY DESIGN & ADVERTISING,"May 15, 2008",Perry Design & Advertising,,angelique@perryadvertising.com
77243500,deadAbandoned,GIG,"May 07, 2008",Crossroads Church of Aspen,,
77243531,deadAbandoned,GIRLFRIENDS IN GOD,"May 07, 2008",Crossroads Church of Aspen,,maidy@crossroadschurchaspen.com
77243628,deadAbandoned,MANGIA BENE! VIVI BENE!,"Oct. 10, 2008","Campanile, Jan L.",,moltofoods@aol.com
77243508,REQUEST_FAILED,,,,,
77243733,deadAbandoned,WOY?,"May 07, 2008","Robinson, Lamont K.",,peoplearescaredofme@yahoo.com
77243627,REQUEST_FAILED,,,,,
77243647,REQUEST_FAILED,,,,,
77243662,REQUEST_FAILED,,,,,
77243731,deadAbandoned,LA GRILL & ALE HOUSE,"Sep. 15, 2008","Auker, Terry Lee",,lee_auker@yahoo.com
77243757,deadAbandoned,MEETULIVE,"May 12, 2008",Santiago Lertora,,santiago@lertora.com.ar
77243740,REQUEST_FAILED,,,,,
77243751,REQUEST_FAILED,,,,,
77243762,REQUEST_FAILED,,,,,
77243813,deadAbandoned,BLAST2 FITNESS WATER,"May 09, 2008","Lucid Enterprises, LLC",,dhalliman@juno.com
77243825,deadAbandoned,ROSA YORK FINE FASHION FOR WOMEN,"Sep. 25, 2008",ROSA YORK LLC,,ryorkllc@yahoo.com
77243820,REQUEST_FAILED,,,,,
77243827,REQUEST_FAILED,,,,,
77243901,REQUEST_FAILED,,,,,
77243912,REQUEST_FAILED,,,,,
77244047,REQUEST_FAILED,,,,,
77244030,REQUEST_FAILED,,,,,
77244070,REQUEST_FAILED,,,,,
77244186,deadAbandoned,LEGEND SL,"May 09, 2008","Super Hit, Inc.",,mlee4718@yahoo.com
77244204,deadAbandoned,O2GEN2,"May 08, 2008","O2Gen2, Ltd.",,
77244143,REQUEST_FAILED,,,,,
77244117,REQUEST_FAILED,,,,,
77244185,REQUEST_FAILED,,,,,
77244221,deadAbandoned,HOTLOAN,"May 11, 2008","360LOAN, INC.",,mikecorradini@hotmail.com
77244251,deadAbandoned,CASA GRANDE,"May 09, 2008",Jimway Inc.,,kgay@designersftn.com
77244241,REQUEST_FAILED,,,,,
77244246,REQUEST_FAILED,,,,,
77244255,REQUEST_FAILED,,,,,
77244564,deadAbandoned,CRYSTAL'O,"May 09, 2008","O2Gen2, Ltd.",,
77244584,deadAbandoned,OXYLYSE,"May 09, 2008","O2Gen2, Ltd.",,
77244459,REQUEST_FAILED,,,,,
77244519,REQUEST_FAILED,,,,,
77244582,deadAbandoned,SCULPT-A-SIL,"May 09, 2008",Tom McLaughlin,,tommclaughlin75@hotmail.com
77244640,deadAbandoned,EROTISIL,"May 07, 2008",Tom McLaughlin,,tommclaughlin75@hotmail.com
77244662,deadAbandoned,SILICONE RUBBER CLAY,"May 08, 2008",Tom McLaughlin,,tommclaughlin75@hotmail.com
77244700,deadAbandoned,SILICONE MODELING COMPOUND,"May 12, 2008",Tom McLaughlin,,tommclaughlin75@hotmail.com
77244682,deadAbandoned,THREE DAYS OF FOOD,"Dec. 22, 2008","D'Andrea, Christian",,christian@hooah.com
77244696,deadAbandoned,PROTECT YOUR FAMILY,"Oct. 27, 2008","D'Andrea, Christian",,christian@hooah.com
77244755,deadAbandoned,DA COLLECTION,"May 09, 2008",Da Collection,,josephstaxinc@wowway.com
77244667,REQUEST_FAILED,,,,,
77244684,deadAbandoned,THE CLAY THAT TURNS TO RUBBER,"May 08, 2008",Tom McLaughlin,,tommclaughlin75@hotmail.com
77244846,REQUEST_FAILED,,,,,
77244936,deadAbandoned,IDRINK,"Oct. 27, 2008","Robert A. Rodriguez and Jason Wilson Patnership, The",,abappraisal@gmail.com
77244910,REQUEST_FAILED,,,,,
77244932,REQUEST_FAILED,,,,,
77244960,deadAbandoned,SINUSMD,"Mar. 27, 2008","TRX Labs, Inc",,azcactuswren@cox.net
77244943,REQUEST_FAILED,,,,,
77244944,REQUEST_FAILED,,,,,
77244967,deadAbandoned,EXTREMETAC,"Dec. 08, 2008","Weisser, Michael R.",,info@wilderness-sport.com
77245105,deadAbandoned,PHENOCAL,"May 07, 2008",Synetgy LLC,,jjordan@nutraweb.com
77244961,REQUEST_FAILED,,,,,
77245088,deadAbandoned,CLEVASTIN,"Nov. 21, 2008",Synetgy LLC,,jjordan@nutraweb.com
77245111,deadAbandoned,OGENIA,"May 08, 2008","O2Gen2, Ltd.",,
77245098,REQUEST_FAILED,,,,,
77245153,REQUEST_FAILED,,,,,
77245216,REQUEST_FAILED,,,,,
77245236,REQUEST_FAILED,,,,,
77245247,REQUEST_FAILED,,,,,
77245306,deadAbandoned,TRAVELMANIA TV,"May 16, 2008",L F ENTERPRISES,,oncueprod@adelphia.net
77245300,REQUEST_FAILED,,,,,
77245302,REQUEST_FAILED,,,,,
77245395,REQUEST_FAILED,,,,,
77245426,REQUEST_FAILED,,,,,
77245445,REQUEST_FAILED,,,,,
77245508,REQUEST_FAILED,,,,,
77245538,REQUEST_FAILED,,,,,
77245631,deadAbandoned,FASTATTACH SAFETY SYSTEM,"Oct. 29, 2008","Homer TLC, Inc.",,trade_marks@homedepot.com
77245577,REQUEST_FAILED,,,,,
77245581,REQUEST_FAILED,,,,,
77245614,REQUEST_FAILED,,,,,
77245874,deadAbandoned,TOTAL CUSTOMER EXPERIENCE,"May 14, 2008","NeuroFocus, Inc.",,ram@neurofocus.com
77245728,REQUEST_FAILED,,,,,
77245828,deadAbandoned,None,"May 14, 2008",Edward Files,,
77245942,deadAbandoned,SEXXY,"May 09, 2008","Hanson, Stephen",,
77245960,deadAbandoned,SPREE STERLING PAYMENT RETAIL ELECTRONIC EXCHANGE YOU CAN ALWAYS GET WHAT YOU WANT.,"Aug. 28, 2008","Sterling Payment Technologies, LLC",,jo.miglino@sterlingpayment.com
77245754,REQUEST_FAILED,,,,,
77245789,REQUEST_FAILED,,,,,
77245932,REQUEST_FAILED,,,,,
77245943,REQUEST_FAILED,,,,,
77246014,REQUEST_FAILED,,,,,
77246044,deadAbandoned,ESSENZA SOAP,"May 09, 2008","Moody, Denyce R",,ron.moody@comcast.net
77246029,REQUEST_FAILED,,,,,
77246054,REQUEST_FAILED,,,,,
77246062,REQUEST_FAILED,,,,,
77246123,REQUEST_FAILED,,,,,
77246143,REQUEST_FAILED,,,,,
77246171,REQUEST_FAILED,,,,,
77246264,deadAbandoned,RADIO HOUSE TOUR,"May 09, 2008","TAW~Global, LLC",,sales@tawglobal.com
77246283,deadAbandoned,CRYPTO DNA MICROCHIP CARD,"Apr. 18, 2008","The Crypto Corporation, Inc.",,
77246276,deadAbandoned,MEDITATION SCRIPTURES,"May 09, 2008","TAW~Global, LLC",,sales@tawglobal.com
77246252,REQUEST_FAILED,,,,,
77246263,REQUEST_FAILED,,,,,
77246307,REQUEST_FAILED,,,,,
77246347,deadAbandoned,CRYPTO SECURE CHANNEL NETWORK,"Apr. 18, 2008","The Crypto Corporation, Inc.",,
77246328,REQUEST_FAILED,,,,,
77246340,REQUEST_FAILED,,,,,
77246365,REQUEST_FAILED,,,,,
77246390,REQUEST_FAILED,,,,,
77246425,REQUEST_FAILED,,,,,
77246447,REQUEST_FAILED,,,,,
77246605,deadAbandoned,SUPERBA SEX,"May 14, 2008",SUPERBA COMMUNITY SRL,,admin@superbanet.com
77246546,REQUEST_FAILED,,,,,
77246558,REQUEST_FAILED,,,,,
77246786,deadAbandoned,SUPERCOZY,"Nov. 17, 2008","BLUMBERG, ANDREW",,ANDYBLUMBERG@GMAIL.COM
77246603,REQUEST_FAILED,,,,,
77246775,REQUEST_FAILED,,,,,
77246917,REQUEST_FAILED,,,,,
77247067,deadAbandoned,SONGVITES,"Nov. 17, 2008",Janetta Shvartsmann,,songvites@pacbell.net
77247049,deadAbandoned,DENT FORCE,"May 09, 2008",Rockhill Bryce W,,dentforce@hotmail.com
77247059,deadAbandoned,CEREBRALCAFÉ,"Dec. 08, 2008","CerebralCafé, LLC",,
77247031,REQUEST_FAILED,,,,,
77247103,deadAbandoned,THE COLONY,"May 16, 2008",Original Productions,,sriley@origprod.com
77247109,REQUEST_FAILED,,,,,
77247137,REQUEST_FAILED,,,,,
77247139,REQUEST_FAILED,,,,,
77247170,deadAbandoned,BOW-RIBBON PILLOW,"May 29, 2008","HARDI INTERNATIONAL, INC.",,
77247206,deadAbandoned,ROSEY POSEY,"Nov. 17, 2008","Parenzano, Paula",,paulapp@earthlink.net
77247203,REQUEST_FAILED,,,,,
77247205,REQUEST_FAILED,,,,,
77247220,REQUEST_FAILED,,,,,
77247266,deadAbandoned,AGILAR,"May 15, 2008","Quesada Allue, Xavier",,xavier@xqa.com.ar
77247290,deadAbandoned,NATIONAL CHILDHOOD OBESITY FOUNDATION,"May 15, 2008","Regan, Roland James",,nasepg@bu.edu
77247300,deadAbandoned,CHRISTIAN FM,"May 09, 2008","Community Impact Foundation, Inc.",,jhamilton@wscf.com
77247274,REQUEST_FAILED,,,,,
77247285,REQUEST_FAILED,,,,,
77247287,REQUEST_FAILED,,,,,
77247333,deadAbandoned,VANDERMAN,"Dec. 08, 2008","Vanderbush, Brett",,brett@dayzend.net
77247302,REQUEST_FAILED,,,,,
77247304,REQUEST_FAILED,,,,,
77247338,deadAbandoned,DAYZEND,"Nov. 24, 2008","Vanderbush, Brett",,Brett@dayzend.net
77247352,deadAbandoned,QDIVA,"Dec. 08, 2008",DORRFIELD ENTERPRISES LLC,,susan.dorr@yahoo.com
77247327,REQUEST_FAILED,,,,,
77247368,deadAbandoned,GREEK CITY GRILLE,"Apr. 02, 2008","Karas Group, LLC",,nmacris@mergeon.com
77247341,REQUEST_FAILED,,,,,
77247348,REQUEST_FAILED,,,,,
77247356,REQUEST_FAILED,,,,,
77247386,REQUEST_FAILED,,,,,
77247436,deadAbandoned,SSS SALONTRA SELECT SUITES,"May 16, 2008",wilson nolley jr.,,wilsonnolleyhwc@yahoo.com
77247451,deadAbandoned,HOCKEY TAPE WALLET,"May 16, 2008","Poss, Tiffany Rose",,tiffany_poss@hotmail.com
77247435,REQUEST_FAILED,,,,,
77247493,deadAbandoned,FRANCISCI,"May 11, 2008","FRANCISCI, FELICIA",,ffrancisci@yahoo.com
77247457,REQUEST_FAILED,,,,,
77247465,deadAbandoned,CAVALLI PIZZA 2007 ORIGINAL NEAPOLITAN,"May 19, 2008",CAVALLI PIZZA,,cavallipizza@verizon.net
77247478,REQUEST_FAILED,,,,,
77247515,deadAbandoned,PASSION DESIGN,"May 16, 2008",Passion Design B.V.,,okke@passiondesign.com
77247506,REQUEST_FAILED,,,,,
77247510,REQUEST_FAILED,,,,,
77247610,REQUEST_FAILED,,,,,
77247703,REQUEST_FAILED,,,,,
77247719,REQUEST_FAILED,,,,,
77247768,deadAbandoned,"INSTAGARAGE GIVE, AND IT SHALL BE GIVEN","Nov. 24, 2008","Instagarage, Inc.",,mking77@instagarage.com
77247778,REQUEST_FAILED,,,,,
77247808,REQUEST_FAILED,,,,,
77247815,REQUEST_FAILED,,,,,
77247862,deadAbandoned,PJB INVESTMENTS,"Aug. 07, 2008",PJB Investments LLC,,
77247900,REQUEST_FAILED,,,,,
77247991,REQUEST_FAILED,,,,,
77248031,deadAbandoned,REACTOR CMS,"Oct. 22, 2008","Beals, Justin C.",,michelle.friedman@rbxglobal.com
77248053,deadAbandoned,"UPLOAD TELEVISION NETWORK ... ""UPLOAD TV""... DIGITAL TELEVISION YOU CONTROL.","May 15, 2008",JOY SINGFIELD,,jsingfield@yahoo.com
77248036,REQUEST_FAILED,,,,,
77248042,REQUEST_FAILED,,,,,
77248123,deadAbandoned,MOLECULAR CONTENT MANAGEMENT,"May 11, 2008","Beals, Justin C.",,michelle.friedman@rbxglobal.com
77248311,deadAbandoned,PARTY HAPPY - WAKE HAPPY,"May 10, 2008","Sikora, Fonda M",,fondahayes@hotmail.com
77248330,deadAbandoned,LATITUDE 41 VINEYARDS,"May 12, 2008","Jones, Philip & Sheryl",,sheryljones@xtra.co.nz
77248126,REQUEST_FAILED,,,,,
77248384,deadAbandoned,CHRISTIAN HOMEMAKERS ASSOCIATION,"May 12, 2008",Hockings Corporation,,drjeffhockings@hotmail.com
77248428,deadAbandoned,*OMC*,"Nov. 03, 2008","Shideler J.R., Paul N",,customexteriors@rushmore.com
77248429,deadAbandoned,HOLYLAND COSMETICS,"May 24, 2008",RENATURE SKIN CARE INC.,,
77248364,REQUEST_FAILED,,,,,
77248417,REQUEST_FAILED,,,,,
77248443,REQUEST_FAILED,,,,,
77248465,REQUEST_FAILED,,,,,
77248471,REQUEST_FAILED,,,,,
77248532,deadAbandoned,WAGGEMS TREAT'EM TO WAGGEMS,"Dec. 22, 2008",Waggems ltd.,,tina@waggems.com
77248488,REQUEST_FAILED,,,,,
77248517,REQUEST_FAILED,,,,,
77248550,deadAbandoned,SNOOK,"Nov. 17, 2008",PK Torten LLC,,andrewcgoldman@gmail.com
77248548,deadAbandoned,SNEAKY HOOK,"Nov. 17, 2008",PK Torten LLC,,andrewcgoldman@gmail.com
77248584,deadAbandoned,THE PARTNER FOR YOUR SOLAR LIFETIME!,"Dec. 08, 2008",GeckoLogic GmbH,,christian.koelsch@geckologic.com
77248585,deadAbandoned,SOLARSERVICEUSA,"May 15, 2008",GeckoLogic GmbH,,christian.koelsch@geckologic.com
77248544,REQUEST_FAILED,,,,,
77248540,REQUEST_FAILED,,,,,
77248690,deadAbandoned,SNIPE TO WIN,"Apr. 30, 2008",Elite Minds Inc,,michael@elitemindsinc.com
77248699,deadAbandoned,AIRBAG SYSTEMS,"May 21, 2008","Airbags Systems, Inc.",,chris@airbagsystems.com
77248687,REQUEST_FAILED,,,,,
77248799,REQUEST_FAILED,,,,,
77248826,REQUEST_FAILED,,,,,
77248895,REQUEST_FAILED,,,,,
77248950,deadAbandoned,SHEEK,"May 22, 2008","Powers, Kelly A.",,kpow22@gmail.com
77248898,REQUEST_FAILED,,,,,
77249113,deadAbandoned,EMBEDDED DESIGN AND SUPPORT,"May 28, 2008","Eye for Design, LLC",,john@jbforeman.com
77249083,deadAbandoned,CAMELOTHIGHROLLERS.COM,"Dec. 08, 2008","Camelot Club, Inc.",,
77249132,deadAbandoned,WORD SWEEP,"Oct. 27, 2008","START SPACE GAMES, INC.",,csiegert@the80sgame.com
77249036,REQUEST_FAILED,,,,,
77249045,REQUEST_FAILED,,,,,
77249168,deadAbandoned,GAY & LESBIAN YELLOWBOOK,"May 21, 2008",Thomas Adler,,penny@executivesolutions.biz
77249110,REQUEST_FAILED,,,,,
77249156,REQUEST_FAILED,,,,,
77249173,REQUEST_FAILED,,,,,
77249300,deadAbandoned,CAMELOT CLUB,"May 16, 2008","Camelot Club, Inc.",,
77249369,REQUEST_FAILED,,,,,
77249377,REQUEST_FAILED,,,,,
77249445,deadAbandoned,ETERNAL EDGE,"Mar. 04, 2008","sasso, marc",,blkmetal1@aol.com
77249465,deadAbandoned,BETTER CHEMISTRY,"Nov. 14, 2008","eggprojects, LLC",,
77249428,REQUEST_FAILED,,,,,
77249449,deadAbandoned,THE SYSTEM CLOTHING CO.,"May 27, 2008","Watson, Matthew B",,the.system.clothing@gmail.com
77249515,deadAbandoned,DESIGNERS FOUNTAIN,"May 09, 2008",Jimway Inc.,,kgay@designersftn.com
77249468,REQUEST_FAILED,,,,,
77249553,REQUEST_FAILED,,,,,
77249560,REQUEST_FAILED,,,,,
77249568,REQUEST_FAILED,,,,,
77249663,deadAbandoned,ARTWIZZ,"May 19, 2008",Artwizz GmbH,,
77249660,deadAbandoned,None,"May 01, 2008",Neng Feng WANG,,tmregistered@gmail.com
77249614,REQUEST_FAILED,,,,,
77249647,REQUEST_FAILED,,,,,
77249733,REQUEST_FAILED,,,,,
77249727,REQUEST_FAILED,,,,,
77249789,REQUEST_FAILED,,,,,
77249800,REQUEST_FAILED,,,,,
77250002,deadAbandoned,EYE CANDY ORIGINALS,"May 22, 2008","Acuff, Erin",,elenoir76@yahoo.com
77249876,REQUEST_FAILED,,,,,
77249901,REQUEST_FAILED,,,,,
77250186,REQUEST_FAILED,,,,,
77250195,REQUEST_FAILED,,,,,
77250216,REQUEST_FAILED,,,,,
77250357,deadAbandoned,GOT GLUE,"Dec. 29, 2008",BEACON ADHESIVES CORPORATION,,
77250333,REQUEST_FAILED,,,,,
77250528,deadAbandoned,AU REVOIR LICE AND NITS!,"May 19, 2008",LINDA DAVID,,lindamdpreston@yahoo.com
77250403,REQUEST_FAILED,,,,,
77250453,REQUEST_FAILED,,,,,
77250489,REQUEST_FAILED,,,,,
77250545,deadAbandoned,HERBALFIX,"Dec. 08, 2008","de Moulins de Rochefort, Debora",,barefootcomtesse@yahoo.com
77250575,deadAbandoned,SEX TEAS,"May 17, 2008","deMoulins de Rochefort, Debora",,barefootcomtesse@yahoo.com
77250558,deadAbandoned,DR. WILSON'S,"Apr. 17, 2008",Mind Mine,,
77250622,deadAbandoned,SINGLE PURPOSE FINANCING,"May 16, 2008","Enterprise Partners Management, LLC",,kleanthis@epvc.com
77250530,REQUEST_FAILED,,,,,
77250657,deadAbandoned,ONE PAGE STRATEGY SOLUTION,"May 29, 2008","Anders, Debbi",,danders@cox.net
77250632,REQUEST_FAILED,,,,,
77250639,REQUEST_FAILED,,,,,
77250701,deadAbandoned,SWINGRCP,"May 20, 2008",TrioMii Software Inc,,support@TrioMii.com
77250674,REQUEST_FAILED,,,,,
77250688,REQUEST_FAILED,,,,,
77250795,deadAbandoned,FIJI HONEY,"May 16, 2008",Ozific Pty Limited,,amathes@bigpond.com
77250752,REQUEST_FAILED,,,,,
77250991,REQUEST_FAILED,,,,,
77251044,REQUEST_FAILED,,,,,
77251127,deadAbandoned,GREENTECH INVESTOR,"May 17, 2008",Dawn Van Zant,,dvanzant@investorideas.com
77251177,deadAbandoned,BEACON'S SPEED CAULK,"May 15, 2008",BEACON ADHESIVES CORPORATION,,
77251168,REQUEST_FAILED,,,,,
77251196,REQUEST_FAILED,,,,,
77251281,REQUEST_FAILED,,,,,
77251378,REQUEST_FAILED,,,,,
77251674,deadAbandoned,$$$ IT CLIK $$$,"May 16, 2008",IT CLIK,,thomasd@wabash.edu
77251623,REQUEST_FAILED,,,,,
77251678,REQUEST_FAILED,,,,,
77251761,REQUEST_FAILED,,,,,
77251818,deadAbandoned,"EPD ELITE PRODUCTS DIRECT, LLC","Nov. 22, 2008",JASEN L BELLOWS,,SALES@ELITEPRODUCTSDIRECT.COM
77251782,REQUEST_FAILED,,,,,
77251809,REQUEST_FAILED,,,,,
77251834,REQUEST_FAILED,,,,,
77251856,deadAbandoned,BABBLETONE,"May 16, 2008",Babbletone,,lonnie@babbletone.com
77251852,deadAbandoned,"NATURALLY, SATURDAY'S SOAP LLC HANDMADE BLENDS FOR BODY AND BATH","May 09, 2008","Windbish,Belinda Webb",,bw2@saturdaysoap.com
77251843,REQUEST_FAILED,,,,,
77251883,deadAbandoned,AMPRO,"May 16, 2008",Scott Wang,,frenway@ms51.hinet.net
77251892,deadAbandoned,INDUSTRIAL DENIM,"Dec. 15, 2008","Williams-Solomon, Nora L.",,
77251904,deadAbandoned,DR NABISAR NATURAL,"Oct. 01, 2008",Mustan Nabisar M.,,nabisar@drnabisar.com
77251897,deadAbandoned,UV SUPERSHIELD LIQUID & SOLAR DEFENCE DIAMOND TOUGH PROTECTION,"May 16, 2008",Petkat pty ltd,,artisticdesign@engravingservices.com.au
77251873,REQUEST_FAILED,,,,,
77251877,REQUEST_FAILED,,,,,
77251943,deadAbandoned,SONOSCOPE,"May 20, 2008",Signostics Pty Ltd,,ipmanager@signostics.com.au
77251906,deadAbandoned,INDUSTRIAL DENIM,"Dec. 15, 2008","Williams-Solomon, Nora L.",,
77251954,deadAbandoned,TYPE 69,"Oct. 16, 2008",Arnold Anthony,,arny@helios-electronics.com
77251957,deadAbandoned,NEWSVIBE,"Aug. 26, 2008",Gigahost,,info@newsvibe.com
77251960,deadAbandoned,DUAL CAVITY WET WIPES (DC WET WIPES),"Sep. 16, 2008",Dr Nic C Andela,,nicandela@gmail.com
77251927,REQUEST_FAILED,,,,,
77251963,deadAbandoned,VERTICAL DANCE,"May 20, 2008",Katie Sonia Coates,,info@verticaldance.com
77251966,REQUEST_FAILED,,,,,
77252071,deadAbandoned,THE INSIGHT OF CREATING YOUR FUTURE,"May 20, 2008",Blue Leaf Global LLC,,don.gaconnet@gmail.com
77252173,deadAbandoned,THE ART OF BOTTLE MANAGEMENT,"Dec. 08, 2008",Beverage Metrics Inc.,,rmendez@beveragemetrics.com
77252030,REQUEST_FAILED,,,,,
77252298,deadAbandoned,SMS SPEEDLAB,"May 20, 2008",Steve Saleen,,
77252171,REQUEST_FAILED,,,,,
77252274,REQUEST_FAILED,,,,,
77252358,deadAbandoned,THIS OLD BOAT,"May 20, 2008","Combs, Gardner J.",,Gardner@ThisOldBoat.com
77252522,deadAbandoned,SMS SPEEDLAB,"May 20, 2008",Steve Saleen,,
77252600,deadAbandoned,SMS SPEEDLAB,"May 20, 2008",Steve Saleen,,
77252521,REQUEST_FAILED,,,,,
77252585,REQUEST_FAILED,,,,,
77252624,deadAbandoned,SMS SPEEDLAB,"May 20, 2008",Steve Saleen,,
77252641,deadAbandoned,CLICKPOST,"Dec. 08, 2008","ClickPost, LLC",,mjmmayernick@click-post.com
77252610,REQUEST_FAILED,,,,,
77252843,deadAbandoned,GROKROCKET,"May 20, 2008","Chandless, Steven Glen",,
77252729,REQUEST_FAILED,,,,,
77252743,REQUEST_FAILED,,,,,
77252804,REQUEST_FAILED,,,,,
77252954,REQUEST_FAILED,,,,,
77252993,deadAbandoned,THE WINNING EDGE GROUP,"May 21, 2008","Gunderson, Bruce R.",,senseibruce@comcast.net
77252977,REQUEST_FAILED,,,,,
77252988,REQUEST_FAILED,,,,,
77252996,REQUEST_FAILED,,,,,
77253031,deadAbandoned,DART ELECTRICS,"May 20, 2008","Great Mountain, LLC",,dlevin@dartelectrics.com
77253006,REQUEST_FAILED,,,,,
77253083,deadAbandoned,SKYGRID,"Oct. 22, 2008","SKYGRID, INC.",,april@skygrid.com
77253048,REQUEST_FAILED,,,,,
77253073,REQUEST_FAILED,,,,,
77253079,REQUEST_FAILED,,,,,
77253130,deadAbandoned,NATÉ,"Dec. 08, 2008",Gregory McAuliffe,,greg@laseraid.net
77253144,deadAbandoned,COSMETICPEN,"May 21, 2008","DiMarco, Genevieve Lynn",,sales@cosmeticpen.com
77253195,deadAbandoned,C H I N A F R E E,"May 28, 2008",Deo Data Inc,,sdeo@yahoo.com
77253133,REQUEST_FAILED,,,,,
77253163,REQUEST_FAILED,,,,,
77253164,REQUEST_FAILED,,,,,
77253183,REQUEST_FAILED,,,,,
77253220,REQUEST_FAILED,,,,,
77253231,REQUEST_FAILED,,,,,
77253247,REQUEST_FAILED,,,,,
77253257,REQUEST_FAILED,,,,,
77253344,deadAbandoned,ACTION HEROS,"May 22, 2008",A-Ha Toys Inc.,,johnb@ahatoys.com
77253362,deadAbandoned,BEAD ENHANCE,"Dec. 29, 2008",BEACON ADHESIVES CORPORATION,,
77253364,REQUEST_FAILED,,,,,
77253428,REQUEST_FAILED,,,,,
77253429,REQUEST_FAILED,,,,,
77253431,REQUEST_FAILED,,,,,
77253513,deadAbandoned,TWINK,"May 21, 2008","Langlie, Michael M",,mike@twink.net
77253456,REQUEST_FAILED,,,,,
77253455,REQUEST_FAILED,,,,,
77253521,REQUEST_FAILED,,,,,
77253520,REQUEST_FAILED,,,,,
77253577,REQUEST_FAILED,,,,,
77253629,deadAbandoned,LONESTAR LOLA,"Dec. 08, 2008",Laurel Anne Griffin,,lola@laurelgriffin.com
77253724,deadAbandoned,HURRISHIELD,"Oct. 07, 2008",Douglas Gottschalk,,douggottschalk@hotmail.com
77253614,REQUEST_FAILED,,,,,
77253730,deadAbandoned,TAKEOUT TV,"Oct. 27, 2008","Pinnacle Systems, Inc.",,
77253683,REQUEST_FAILED,,,,,
77253759,deadAbandoned,TV ON A STICK,"Oct. 27, 2008","Pinnacle Systems, Inc.",,
77253677,REQUEST_FAILED,,,,,
77253789,REQUEST_FAILED,,,,,
77253794,REQUEST_FAILED,,,,,
77253815,REQUEST_FAILED,,,,,
77253880,deadAbandoned,INCHOIR,"Oct. 15, 2008",Westminster Webware,,jason.west@mail.com
77253834,REQUEST_FAILED,,,,,
77254028,REQUEST_FAILED,,,,,
77254063,REQUEST_FAILED,,,,,
77254160,deadAbandoned,SIZZLE ASIA,"Dec. 08, 2008","Yurman, Adam",,adam@theimagedept.com
77254162,deadAbandoned,PS I LOVE YOU.,"Apr. 22, 2008","Pre-Settlement Finance, LLC",,rgibralter@gmail.com
77254173,deadAbandoned,27/7,"May 02, 2008",DrinkCo LLC,,
77254161,REQUEST_FAILED,,,,,
77254171,REQUEST_FAILED,,,,,
77254180,REQUEST_FAILED,,,,,
77254230,deadAbandoned,PLAY,"May 26, 2008",PLAY Couture,,tsean23@hotmail.com
77254240,REQUEST_FAILED,,,,,
77254296,REQUEST_FAILED,,,,,
77254330,deadAbandoned,CHANGING WALLETS IS NOW A SNAP!,"May 22, 2008","GREENFIELD, SHANNON",,creativeone35@aol.com
77254316,REQUEST_FAILED,,,,,
77254347,deadAbandoned,"JOHN WU, M.D.","Dec. 08, 2008","WU, JOHN H.",,johnhanwu@gmail.com
77254327,REQUEST_FAILED,,,,,
77254414,deadAbandoned,CARDTRACK,"Dec. 15, 2008","GiftCards.com, LLC.",,jwolfe@directsites.com
77254344,REQUEST_FAILED,,,,,
77254418,REQUEST_FAILED,,,,,
77254427,REQUEST_FAILED,,,,,
77254531,deadAbandoned,ZURI HAIR COLLECTION,"May 27, 2008","Salah, Mechelle, E.A",,Info@zuricollection.com
77254575,REQUEST_FAILED,,,,,
77254588,REQUEST_FAILED,,,,,
77254680,deadAbandoned,PRIME METHODOLOGY,"May 21, 2008","Napoli, John A",,johnnapoli@hotmail.com
77254703,deadAbandoned,HYDROGEN BY WIND,"May 22, 2008","7100 Group, LLC",,gary@wfiloans.com
77254781,deadAbandoned,SLIMTROL,"Dec. 08, 2008","Metagenics, Inc.",,jenniferh@metagenics.com
77254698,REQUEST_FAILED,,,,,
77254725,REQUEST_FAILED,,,,,
77254809,deadAbandoned,PHENTREMINE IV-XR,"Aug. 28, 2008",Sergio Padron,,sergio@e4-data.com
77254780,REQUEST_FAILED,,,,,
77254808,REQUEST_FAILED,,,,,
77254840,REQUEST_FAILED,,,,,
77254957,deadAbandoned,MAD BULL,"Oct. 16, 2008",Grupo Industrial Muyaad SA de CV,,a.ramos@purveyorsco.com
77254908,REQUEST_FAILED,,,,,
77254923,deadAbandoned,INNOVATION AND ENTREPRENEURSHIP ACADEMY,"May 21, 2008","Hench, Zachary",,hench@iit.edu
77254994,deadAbandoned,KAIO,"May 27, 2008",KAIO ink,,janejhan@hotmail.com
77254970,deadAbandoned,CHICAGO ENTREPRENEURIAL QUEST,"May 21, 2008","Hench, Zachary",,hench@iit.edu
77254953,REQUEST_FAILED,,,,,
77255069,deadAbandoned,NO-FEEL STEEL,"May 27, 2008","LawnGrips, LLC",,marti@lawngrips.com
77254977,REQUEST_FAILED,,,,,
77254996,REQUEST_FAILED,,,,,
77255237,deadAbandoned,MIXCOUTURE APPAREL,"May 24, 2008",Cherri Torres,,penny@executivesolutions.biz
77255117,REQUEST_FAILED,,,,,
77255282,deadAbandoned,COMPUTER DOCTORS TECHNOLOGY MAKES THE POSSIBILITIES INFINITE.,"Sep. 15, 2008",Robert Fiacan,,rmf@nycmail.com
77255293,deadAbandoned,ALPHADERM,"Apr. 02, 2008",Axysis,,grabherm83@msn.com
77255199,REQUEST_FAILED,,,,,
77255240,deadAbandoned,MASTER POKER,"May 24, 2008","Eckert, Scott E",,cos@masterpokersoftware.com
77255297,REQUEST_FAILED,,,,,
77255349,deadAbandoned,ENVIRO-WIPE,"May 26, 2008",EnviroGuard,,jbarilone@egsintl.com
77255353,REQUEST_FAILED,,,,,
77255400,REQUEST_FAILED,,,,,
77255440,deadAbandoned,EVERYBODY ELSE'S GUIDES BEATEN PATHS ARE OVERRATED,"Jun. 05, 2008","Johnice, Deshannee",,deshi80227@yahoo.com
77255409,REQUEST_FAILED,,,,,
77255436,deadAbandoned,BLASTLOUNGE,"May 28, 2008","BlastSpot, Inc.",,travis@blastspot.com
77255414,REQUEST_FAILED,,,,,
77255470,REQUEST_FAILED,,,,,
77255501,REQUEST_FAILED,,,,,
77255575,deadAbandoned,ALFURQAN ISLAMIC POD,"May 26, 2008",4 Corners UK Limited,,amar@simplyislam.com
77255535,REQUEST_FAILED,,,,,
77255552,REQUEST_FAILED,,,,,
77255636,REQUEST_FAILED,,,,,
77255718,deadAbandoned,GLOBAL WARNING,"Dec. 08, 2008","Cohen, Eliyahu",,
77255672,REQUEST_FAILED,,,,,
77255691,REQUEST_FAILED,,,,,
77255752,REQUEST_FAILED,,,,,
77255758,REQUEST_FAILED,,,,,
77255796,deadAbandoned,ECO-SOLUTIONS TRIM,"Jun. 05, 2008",Chesapeake Trading Group,,andre.koneczny@fctg.com
77255778,REQUEST_FAILED,,,,,
77255784,REQUEST_FAILED,,,,,
77255989,deadAbandoned,CONTEMPORIDE,"Dec. 08, 2008",ContempoRide,,m_khaleghi@hotmail.com
77255852,REQUEST_FAILED,,,,,
77255948,REQUEST_FAILED,,,,,
77255997,REQUEST_FAILED,,,,,
77256058,deadAbandoned,THE PROOF IS IN THE PASTA,"May 23, 2008",Team 21 Franchise Corporation,,adalelio@tmail.com
77256018,deadAbandoned,ENVIROVENT,"May 23, 2008",Soler & Palau USA,,ssorkki@solerpalau-usa.com
77256063,REQUEST_FAILED,,,,,
77256101,REQUEST_FAILED,,,,,
77256277,deadAbandoned,DIET RX,"May 26, 2008",Physician Formulas,,research@physicianformulas.com
77256209,REQUEST_FAILED,,,,,
77256339,deadAbandoned,B,"Dec. 08, 2008","Boredat, Inc.",,
77256258,REQUEST_FAILED,,,,,
77256286,REQUEST_FAILED,,,,,
77256379,deadAbandoned,YMI,"May 21, 2008",Youth Missions International,,brian@ymimissions.org
77256308,deadAbandoned,"TAI-CHEW, TAICHEW","May 29, 2008","CANZ, LLC",,glenn@canz.com
77256398,REQUEST_FAILED,,,,,
77256422,REQUEST_FAILED,,,,,
77256479,deadAbandoned,SINGLEDOM,"Dec. 08, 2008",Imagination Holdings Pty Ltd,,sarah.wishart@imagination.com.au
77256481,deadAbandoned,SINGLETON,"Dec. 15, 2008",Imagination Holdings Pty Ltd,,sarah.wishart@imagination.com.au
77256484,deadAbandoned,ROGUE AGENT,"Dec. 08, 2008",Imagination Holdings Pty Ltd,,sarah.wishart@imagination.com.au
77256471,REQUEST_FAILED,,,,,
77256541,deadAbandoned,W WOODS&WEDGES,"Dec. 15, 2008",Starway International Industries Limited,,info@jinetic.com
77256528,deadAbandoned,I WANT YOU,"Dec. 15, 2008","HOWARD, MARK",,mark@paylowinterest.com
77256488,REQUEST_FAILED,,,,,
77256498,REQUEST_FAILED,,,,,
77256523,REQUEST_FAILED,,,,,
77256633,REQUEST_FAILED,,,,,
77256732,REQUEST_FAILED,,,,,
77256747,REQUEST_FAILED,,,,,
77256784,REQUEST_FAILED,,,,,
77256842,REQUEST_FAILED,,,,,
77256861,REQUEST_FAILED,,,,,
77257151,REQUEST_FAILED,,,,,
77257153,REQUEST_FAILED,,,,,
77257303,REQUEST_FAILED,,,,,
77257310,REQUEST_FAILED,,,,,
77257421,deadAbandoned,ADRENAL REBUILDER,"Apr. 17, 2008",Mind Mine,,
77257469,deadAbandoned,GOOD SUGAR,"Apr. 17, 2008",Mind Mine,,
77257492,deadAbandoned,APOLLO,"Dec. 15, 2008","GURNEA, MELISSA",,
77257387,REQUEST_FAILED,,,,,
77257520,deadAbandoned,KOZMIK,"Jun. 06, 2008","BLACK, ANDREW",,
77257531,REQUEST_FAILED,,,,,
77257595,deadAbandoned,ROADKILL IT DOESN'T MEAN I CAN'T BE LOVED,"May 27, 2008",Basecamp Design LLC,,basecampdesign@gmail.com
77257610,deadAbandoned,ETHNIC PATTERNS,"Jun. 03, 2008",Debra Marks,,debra@landoflag.net
77257580,REQUEST_FAILED,,,,,
77257576,REQUEST_FAILED,,,,,
77257623,REQUEST_FAILED,,,,,
77257624,REQUEST_FAILED,,,,,
77257629,REQUEST_FAILED,,,,,
77257639,REQUEST_FAILED,,,,,
77257695,deadAbandoned,STIK2IT,"May 28, 2008","Stik 2 It, Inc.",,daveb@stik2it.com
77257699,REQUEST_FAILED,,,,,
77257796,REQUEST_FAILED,,,,,
77257884,deadAbandoned,TRUE FELLA RECORDS,"May 28, 2008","Sandoval, Joseph",,mike@arodynamix.com
77257812,REQUEST_FAILED,,,,,
77257906,deadAbandoned,STAMEN MEDICAL SYSTEMS,"May 27, 2008","STAMEN MEDICAL SYSTEMS, LLC",,jtestino@stamenmedicalsystems.com
77257874,deadAbandoned,SPIKE IT UP,"Dec. 22, 2008","K1 International, LLC.",,mikek@k1events.com
77257881,REQUEST_FAILED,,,,,
77258028,deadAbandoned,SHUTT-ER UP!,"Jun. 08, 2008","Ashby, Bennie C.",,bashby@adelphia.net
77257970,deadAbandoned,JIMSLIM,"Dec. 08, 2008",Craig O'Neill,,
77257923,REQUEST_FAILED,,,,,
77258159,deadAbandoned,PET-STAINBLASTER,"May 28, 2008","Shield Industries, Inc",,hmoore@shieldindustries.com
77258048,REQUEST_FAILED,,,,,
77258125,REQUEST_FAILED,,,,,
77258121,REQUEST_FAILED,,,,,
77258131,REQUEST_FAILED,,,,,
77258194,REQUEST_FAILED,,,,,
77258206,REQUEST_FAILED,,,,,
77258240,REQUEST_FAILED,,,,,
77258284,REQUEST_FAILED,,,,,
77258440,deadAbandoned,D DATA CHURN,"Jul. 17, 2008",Data Churn LLC,,phillip@datachurn.com
77258310,REQUEST_FAILED,,,,,
77258418,deadAbandoned,NEWSRATING,"May 28, 2008",Gigahost,,info@newsvibe.com
77258464,deadAbandoned,INGRESS CANCELLATION ENGINEERED ICE,"May 12, 2008","PCT International, Inc.",,
77258353,REQUEST_FAILED,,,,,
77258531,deadAbandoned,OCEAN MINERALS,"May 26, 2008","LL's Magnetic Clay, Inc.",,jared@magneticclay.com
77258573,deadAbandoned,LOOSE BALLOONS,"Dec. 15, 2008",Loose Balloons Productions Inc.,,
77258549,REQUEST_FAILED,,,,,
77258575,REQUEST_FAILED,,,,,
77258634,deadAbandoned,SMILE DESIGNER,"May 29, 2008",Kaher Chetan,,ckaher@gmail.com
77258587,REQUEST_FAILED,,,,,
77258617,deadAbandoned,GREEN PINE FURNITURE,"May 29, 2008","Leiton, Rodolfo",,rleiton@brazilpinefurniture.com
77258627,REQUEST_FAILED,,,,,
77258638,REQUEST_FAILED,,,,,
77258639,REQUEST_FAILED,,,,,
77258697,REQUEST_FAILED,,,,,
77258695,REQUEST_FAILED,,,,,
77258801,deadAbandoned,AUSTIN ICE CREAM FESTIVAL,"Jun. 02, 2008",Lyon Advertising,,doug@lyonadvertising.com
77258734,REQUEST_FAILED,,,,,
77258799,REQUEST_FAILED,,,,,
77258803,REQUEST_FAILED,,,,,
77258866,deadAbandoned,TRUFFLICIOUS,"Dec. 15, 2008",Wild Forest Products LLC,,matthew@wildforestproducts.com
77258872,deadAbandoned,LIFE AS MYTH,"Jun. 09, 2008","Usher, Joan Wesley",,wesleyusher@lifeasmyth.com
77258847,REQUEST_FAILED,,,,,
77258900,REQUEST_FAILED,,,,,
77258939,deadAbandoned,JOLIE DELUXE ORGANIC TAMPONS,"Jun. 05, 2008",ThinkLife Pty Ltd,,aduncan@thinklife.com.au
77258923,REQUEST_FAILED,,,,,
77258955,REQUEST_FAILED,,,,,
77258959,REQUEST_FAILED,,,,,
77258975,REQUEST_FAILED,,,,,
77259022,REQUEST_FAILED,,,,,
77259082,deadAbandoned,SEBOCLEAR,"May 30, 2008",RAHN AG,,walzelB@rahn-group.com
77259184,deadAbandoned,FR,"May 29, 2008","Smith, Lewis",,
77259055,REQUEST_FAILED,,,,,
77259077,REQUEST_FAILED,,,,,
77259169,REQUEST_FAILED,,,,,
77259271,deadAbandoned,MUNNU GEM PALACE,"May 29, 2008","Kasliwal, Pramod",,
77259275,REQUEST_FAILED,,,,,
77259293,REQUEST_FAILED,,,,,
77259385,deadAbandoned,JOBS THAT FIT,"May 30, 2008",Vitruva Inc.,,jindrich@vitruva.com
77259351,REQUEST_FAILED,,,,,
77259513,deadAbandoned,TURBODRAW,"Jun. 13, 2008","IMSI/Design, LLC",,greg@farroshr.com
77259471,REQUEST_FAILED,,,,,
77259539,deadAbandoned,TURBOPUBLISHER,"Jun. 13, 2008","IMSI/Design, LLC",,greg@farroshr.com
77259491,REQUEST_FAILED,,,,,
77259422,REQUEST_FAILED,,,,,
77259560,deadAbandoned,FLOORPLAN,"Oct. 19, 2008","IMSI/Design, LLC",,greg@farroshr.com
77259622,deadAbandoned,IMSI,"Jun. 07, 2008","IMSI/Design, LLC",,greg@farroshr.com
77259646,deadAbandoned,IDEALFARMA,"Dec. 08, 2008",Idealfarma Industria e Comercio de Produtos Farmaceuticos Ltda,,machado@idealfarma.com.br
77259590,REQUEST_FAILED,,,,,
77259638,REQUEST_FAILED,,,,,
77259755,deadAbandoned,E ECLIPSE,"Jun. 09, 2008",Skyway Distribution Inc,,chris@eclipsekites.com
77259737,REQUEST_FAILED,,,,,
77259748,REQUEST_FAILED,,,,,
77259770,REQUEST_FAILED,,,,,
77259917,deadAbandoned,SS SOUTHWEST SUPPLY,"Jun. 11, 2008","SOUTHWEST SUPPLY, LLC",,toby@southwestsupply.net
77259881,REQUEST_FAILED,,,,,
77259947,REQUEST_FAILED,,,,,
77259974,deadAbandoned,CASH KEEPER,"May 28, 2008","Sun West Mortgage Company, Inc.",,pavan@swmc.com
77260017,REQUEST_FAILED,,,,,
77260019,REQUEST_FAILED,,,,,
77260033,REQUEST_FAILED,,,,,
77260050,REQUEST_FAILED,,,,,
77260062,REQUEST_FAILED,,,,,
77260093,REQUEST_FAILED,,,,,
77260145,REQUEST_FAILED,,,,,
77260160,REQUEST_FAILED,,,,,
77260169,REQUEST_FAILED,,,,,
77260240,REQUEST_FAILED,,,,,
77260357,deadAbandoned,VIRTUAL DEAL JACKET,"May 30, 2008","DealerMagic, LLC",,japple@dealermagic.net
77260333,REQUEST_FAILED,,,,,
77260425,REQUEST_FAILED,,,,,
77260627,deadAbandoned,HEAD OF THE CLASS,"Jun. 06, 2008",Meredith M McWatters,,meredith@headabovewater.net
77260480,REQUEST_FAILED,,,,,
77260546,deadAbandoned,NATURE'S STONE,"May 28, 2008",Toby Bright,,toby@southwestsupply.net
77260662,deadAbandoned,HEAD ABOVE WATER,"Jun. 04, 2008",Meredith M. McWatters,,meredith@headabovewater.net
77260630,REQUEST_FAILED,,,,,
77260681,REQUEST_FAILED,,,,,
77260810,deadAbandoned,NANOBIONICS,"Jun. 03, 2008","Nanotec-USA, LLC",,jmoore@nanotec-usa.com
77260724,REQUEST_FAILED,,,,,
77260752,REQUEST_FAILED,,,,,
77260767,REQUEST_FAILED,,,,,
77260956,deadAbandoned,TAXX,"Jun. 10, 2008",Ringler Informatik AG (Switzerland),,mringler@ringler.ch
77260886,REQUEST_FAILED,,,,,
77260955,REQUEST_FAILED,,,,,
77261003,REQUEST_FAILED,,,,,
77261142,REQUEST_FAILED,,,,,
77261151,REQUEST_FAILED,,,,,
77261199,REQUEST_FAILED,,,,,
77261234,deadAbandoned,CLINICAL ADVANTAGE,"Dec. 31, 2008",Clinical Advantage Pty Ltd,,gordon@pathway.net.au
77261246,deadAbandoned,YAYIN KAFRISIN,"Jun. 07, 2008","Wig, Roland",,roland@antiaging-group.de
77261275,deadAbandoned,TELEPIZZA # 1 EUROPEA,"Dec. 22, 2008","TELE PIZZA, S.A.",,ip@agladial.com
77261250,deadAbandoned,ENERGY X,"Jun. 04, 2008","Energy-X, Inc.",,akdanielson@yahoo.com
77261248,REQUEST_FAILED,,,,,
77261381,deadAbandoned,"VSW VIRTUAL SERVICES WORLDWIDE ""CORPORATE BUSINESS IMAGE AT SMALL BUSINESS PRICES""","Jun. 02, 2008","Singfield, Joy S.",,jsingfield@yahoo.com
77261261,REQUEST_FAILED,,,,,
77261319,REQUEST_FAILED,,,,,
77261426,deadAbandoned,AIR PICKS,"Dec. 08, 2008",Brett Woodley Thornton,,bthorn@earthlink.net
77261371,REQUEST_FAILED,,,,,
77261518,deadAbandoned,NATURESAFE,"Jun. 10, 2008","Burton R. Claxton & Associates Inc.,",,abrcco@gmail.com
77261484,REQUEST_FAILED,,,,,
77261499,REQUEST_FAILED,,,,,
77261528,deadAbandoned,KUBIK ICE,"Sep. 22, 2008",JOCELYN PEDRONO,,pedrono@hotmail.fr
77261598,deadAbandoned,PAPERECONOMY,"Dec. 15, 2008","Xinonix Interactive Development, Inc.",,david_vaccaro@yahoo.com
77261588,deadAbandoned,VIRTUAL TABLE - THE SOCIAL GIVING NETWORK,"Jun. 07, 2008","Virtual Table, LLC",,craiga@virtualtable.net
77261711,deadAbandoned,RADIANT HEATING TECHNOLOGIES,"Jun. 07, 2008",Blueridge Company,,dan@blueridgecompany.com
77261650,REQUEST_FAILED,,,,,
77261653,REQUEST_FAILED,,,,,
77261673,REQUEST_FAILED,,,,,
77261686,REQUEST_FAILED,,,,,
77261827,deadAbandoned,COLORLOK,"Dec. 15, 2008",International Paper Company,,stephanie.haupt@ipaper.com
77261762,REQUEST_FAILED,,,,,
77261784,REQUEST_FAILED,,,,,
77261810,REQUEST_FAILED,,,,,
77261893,deadAbandoned,BLEND IT LIKE BECKHAM,"May 30, 2008","White, Jonathan K",,jakawu@hotmail.com
77261879,REQUEST_FAILED,,,,,
77261886,REQUEST_FAILED,,,,,
77261895,REQUEST_FAILED,,,,,
77262072,deadAbandoned,CARDIO IV,"May 31, 2008","Mashour, Max",,newportmax@yahoo.com
77261949,REQUEST_FAILED,,,,,
77262079,REQUEST_FAILED,,,,,
77262094,REQUEST_FAILED,,,,,
77262117,REQUEST_FAILED,,,,,
77262151,deadAbandoned,2-BUC CHUK'S ENERGY SHACK,"Dec. 22, 2008","Giuntoli, Michael L.",,mgiuntoli@msn.com
77262135,REQUEST_FAILED,,,,,
77262138,REQUEST_FAILED,,,,,
77262160,REQUEST_FAILED,,,,,
77262225,deadAbandoned,CLAMWIN,"Aug. 29, 2008",CLAMWIN PTY LTD,,alex@cher.id.au
77262247,deadAbandoned,None,"Jun. 13, 2008","Baker, Douglas D",,danebaker@gmail.com
77262215,REQUEST_FAILED,,,,,
77262216,REQUEST_FAILED,,,,,
77262231,REQUEST_FAILED,,,,,
77262321,deadAbandoned,BELLA BOARD,"Jun. 13, 2008","Graves, Sandra J",,sandrajgraves@hotmail.com
77262262,REQUEST_FAILED,,,,,
77262341,deadAbandoned,VISIONCLIP,"Jun. 02, 2008",SwitchEasy Limited,,steve@switcheasy.com
77262294,REQUEST_FAILED,,,,,
77262310,REQUEST_FAILED,,,,,
77262388,deadAbandoned,CALCABOO,"Dec. 22, 2008",The excelXtend Corporation,,kdaley@excelXtend.com
77262482,deadAbandoned,BALLIS-TEX,"Jun. 02, 2008",James P Buturff,,jamie@ballistictextiles.com
77262413,REQUEST_FAILED,,,,,
77262525,deadAbandoned,DEALERMAGIC,"May 30, 2008","DealerMagic, LLC",,japple@dealermagic.net
77262530,deadAbandoned,BELCARO,"May 01, 2008",Samsonite Corporation,,charlie.everitt@samsonite.com
77262443,REQUEST_FAILED,,,,,
77262499,REQUEST_FAILED,,,,,
77262509,REQUEST_FAILED,,,,,
77262521,REQUEST_FAILED,,,,,
77262589,REQUEST_FAILED,,,,,
77262650,REQUEST_FAILED,,,,,
77262676,REQUEST_FAILED,,,,,
77262699,REQUEST_FAILED,,,,,
77262701,REQUEST_FAILED,,,,,
77262803,deadAbandoned,RMLOVA,"Dec. 22, 2008","Parker, Crystal",,parkercx@hotmail.com
77262793,REQUEST_FAILED,,,,,
77262789,REQUEST_FAILED,,,,,
77262819,REQUEST_FAILED,,,,,
77263052,deadAbandoned,NATURE'S GOLD STANDARD,"May 30, 2008","Peak Performance Nutrition, Ltd",,BLNutrition@aol.com
77263011,deadAbandoned,DR BILL WHEELER GOLD STANDARD,"Jun. 06, 2008","Peak Performance Nutrition, Ltd.",,BLNutrition@aol.com
77262974,REQUEST_FAILED,,,,,
77263129,deadAbandoned,PEAK PERFORMANCE NUTRITION,"Dec. 27, 2008","Peak Performance Nutrition, Ltd",,BLNutrition@aol.com
77263003,REQUEST_FAILED,,,,,
77263088,REQUEST_FAILED,,,,,
77263199,deadAbandoned,MYDEALER INTERACTIVE,"Jun. 09, 2008","GlobalCMO, LLC",,globalcmo@gmail.com
77263207,REQUEST_FAILED,,,,,
77263221,REQUEST_FAILED,,,,,
77263227,REQUEST_FAILED,,,,,
77263270,deadAbandoned,THE DEVIL YOU KNOW,"Dec. 09, 2008",Kellermeister Holdings Pty Ltd,,todd@kellermeister.com.au
77263285,deadAbandoned,SUJINDA AUTHENTIC THAI FOOD,"Jun. 14, 2008",Kulany Roeksbutr,,kulany@yahoo.com
77263313,deadAbandoned,YELLOWSTONE,"Jun. 09, 2008",Forsan Ltd,,timbird@forsan.com.hk
77263280,REQUEST_FAILED,,,,,
77263326,deadAbandoned,IRTOUCH S Y S T E M S,"Dec. 18, 2008","Beijing Irtouch Systems Co.,Ltd.",,sndre@sina.com
77263290,REQUEST_FAILED,,,,,
77263351,deadAbandoned,BJ4J BE JEWELED FOR JESUS,"May 27, 2008",Boutique One,,keely.parker@yahoo.com
77263427,deadAbandoned,MOONLIGHT,"Dec. 03, 2008","Homer TLC, Inc.",,trade_marks@homedepot.com
77263328,REQUEST_FAILED,,,,,
77263409,deadAbandoned,PROSPECT DIRECT SELLING SYSTEM,"Jun. 04, 2008","Personalized Brokerage Services, LLC",,jjones@pbsworksforme.com
77263528,deadAbandoned,STORM-PAK,"Dec. 15, 2008","Jendra Enterprises, Inc.",,
77263356,REQUEST_FAILED,,,,,
77263414,REQUEST_FAILED,,,,,
77263578,REQUEST_FAILED,,,,,
77263594,REQUEST_FAILED,,,,,
77263614,REQUEST_FAILED,,,,,
77263741,deadAbandoned,MATA ORTIZ JEWELRY .950,"Jun. 04, 2008",Barrera Hernandez Salvador,,sbarrera@lapidariosbarrera.com.mx
77263764,deadAbandoned,CARDIOVASCULAR ALLIANCE,"Jun. 04, 2008","Evans, David K",,dke731@aol.com
77263723,REQUEST_FAILED,,,,,
77263751,REQUEST_FAILED,,,,,
77263766,REQUEST_FAILED,,,,,
77264108,deadAbandoned,BREWS BROTHERS COFFEE,"Jun. 13, 2008",Brews Brothers Coffee LLC,,murphthesurf1@cox.net
77264110,REQUEST_FAILED,,,,,
77264190,deadAbandoned,HEALTHLOGICS,"Jun. 11, 2008",Healthlogics LLC,,adriang@healthlogics.com
77264242,deadAbandoned,DRAGONFLY VIETNAMESE KITCHEN,"Jun. 03, 2008",MLN LLC,,mnguyenaz@gmail.com
77264220,REQUEST_FAILED,,,,,
77264233,REQUEST_FAILED,,,,,
77264317,deadAbandoned,None,"Dec. 08, 2008","Kinsler, Carolyn A",,carolyn@annarbordog.com
77264266,REQUEST_FAILED,,,,,
77264268,REQUEST_FAILED,,,,,
77264308,REQUEST_FAILED,,,,,
77264318,REQUEST_FAILED,,,,,
77264371,REQUEST_FAILED,,,,,
77264419,deadAbandoned,MADONNA,"Apr. 02, 2008",Rasskazov Anatoly,,1big@sky.ru
77264390,REQUEST_FAILED,,,,,
77264426,deadAbandoned,MTV,"Apr. 02, 2008",Rasskazov Anatoly,,1big@sky.ru
77264405,REQUEST_FAILED,,,,,
77264427,deadAbandoned,XTREME EYES,"Jun. 05, 2008",Kruczyna Roger,,roger@kruczyna.de
77264409,REQUEST_FAILED,,,,,
77264422,REQUEST_FAILED,,,,,
77264428,deadAbandoned,SWISSCHIP,"Jun. 06, 2008",Arato Laszlo Josef,,laszloarato@yahoo.com
77264459,deadAbandoned,S SOLOVE,"Dec. 22, 2008",Zhao Guanghui,,zhanghonglu@inipa.com
77264489,deadAbandoned,THE LITTLE BLACK APRON,"Jun. 05, 2008",Kitchen Candy Aprons,,kitchencandyaprons@yahoo.com
77264496,deadAbandoned,HEART DOG,"Dec. 22, 2008","Kinsler, Carolyn A",,carolyn@annarbordog.com
77264465,REQUEST_FAILED,,,,,
77264484,REQUEST_FAILED,,,,,
77264515,REQUEST_FAILED,,,,,
77264543,deadAbandoned,SMALLEST STATE GREATEST BACKLOT,"Dec. 15, 2008","Feinberg, Steven",,
77264562,deadAbandoned,TIAN HUA CULTURE,"Jun. 17, 2008",Tian Hua Culture Group Limited,,carolwang666@yahoo.com
77264538,REQUEST_FAILED,,,,,
77264597,deadAbandoned,DISCOVER. LEARN. GROW. 10 FINGERS 10 TOES CARE YOU CAN COUNT ON,"Jun. 12, 2008",Mr. & Mrs. Raymond Downes,,TenFingersToes@aol.com
77264592,deadAbandoned,OOLALAH,"Jun. 06, 2008",Oolalah Couture LLC,,jadanski@qwest.net
77264577,REQUEST_FAILED,,,,,
77264601,deadAbandoned,WELLTRAN,"Dec. 22, 2008",Multiphase Engineering and Consulting SA de CV,,fairuzov@multiphaseengineering.com
77264582,REQUEST_FAILED,,,,,
77264671,deadAbandoned,TRANSLATION MARKETPLACE,"May 07, 2008",Reed Elsevier Properties Inc.,,renee.simonton@reipmsi.com
77264763,deadAbandoned,3 BIGBODY ACTIVE WEAR,"Jun. 10, 2008","Yarash Enterprises, LLC",,
77264715,REQUEST_FAILED,,,,,
77264738,REQUEST_FAILED,,,,,
77264771,REQUEST_FAILED,,,,,
77264798,REQUEST_FAILED,,,,,
77264874,deadAbandoned,ZOOMOBILE,"Dec. 22, 2008",ZOOMOBILE,,gtucker@americandocsinc.com
77264873,deadAbandoned,BEST YET,"Jun. 05, 2008","Classy Cakes, Inc.",,bestcakes@gmail.com
77264906,deadAbandoned,FOUNTAIN GROUP OF COMPANIES,"Jun. 09, 2008",Fountain Group of Companies,,gtucker@americandocsinc.com
77264856,REQUEST_FAILED,,,,,
77264891,REQUEST_FAILED,,,,,
77264876,REQUEST_FAILED,,,,,
77264961,REQUEST_FAILED,,,,,
77264997,REQUEST_FAILED,,,,,
77265045,REQUEST_FAILED,,,,,
77265208,deadAbandoned,SPIDER KILLERS,"Apr. 04, 2008","Darrin Farrow and Associates, Inc.",,tpapa@pensionbuilders.com
77265057,REQUEST_FAILED,,,,,
77265068,REQUEST_FAILED,,,,,
77265098,REQUEST_FAILED,,,,,
77265148,REQUEST_FAILED,,,,,
77265254,deadAbandoned,SLING & STONES,"Jun. 05, 2008","Stripes39, LLC",,carl@stripes39.com
77265248,deadAbandoned,HEALIX CARE,"Aug. 22, 2008","Healix Health Products, LLC",,
77265267,REQUEST_FAILED,,,,,
77265327,REQUEST_FAILED,,,,,
77265329,REQUEST_FAILED,,,,,
77265460,deadAbandoned,HERCULES,"Jun. 05, 2008",Rebecca Kwiat,,
77265505,deadAbandoned,CHIC JIANG BRIDGE,"Jun. 05, 2008","QFCO, Inc. dba Queensway Foods",,victor@qfco.com
77265461,REQUEST_FAILED,,,,,
77265537,deadAbandoned,TREEZ WRAP NATURAL LEAF BLUNT,"Jun. 04, 2008",Treezwrap L.L.C,,treezwrap@yahoo.com
77265515,REQUEST_FAILED,,,,,
77265592,deadAbandoned,PLAN TO START,"Dec. 15, 2008","Gambit Financial Group, LLC",,djsmba@yahoo.com
77265584,REQUEST_FAILED,,,,,
77265611,REQUEST_FAILED,,,,,
77265665,deadAbandoned,STUNTFEVER,"Nov. 17, 2008","Cade, John P.",,stuntfever@verizon.net
77265635,REQUEST_FAILED,,,,,
77265697,REQUEST_FAILED,,,,,
77265711,REQUEST_FAILED,,,,,
77265904,REQUEST_FAILED,,,,,
77265918,REQUEST_FAILED,,,,,
77265896,REQUEST_FAILED,,,,,
77265948,REQUEST_FAILED,,,,,
77266116,deadAbandoned,MEXICO AZUL,"Dec. 21, 2008",Business Box S.A. de C.V.,,connygw@yahoo.com.mx
77266053,REQUEST_FAILED,,,,,
77266117,deadAbandoned,A,"Jun. 09, 2008","ACADEMY SNOWBOARD, CO.",,
77266075,REQUEST_FAILED,,,,,
77266133,REQUEST_FAILED,,,,,
77266389,deadAbandoned,THAI GOLD,"Jun. 10, 2008",THAI FOOD COMPANY LTD.,,SERVICE@THAIFOOD.IE
77266303,REQUEST_FAILED,,,,,
77266421,deadAbandoned,BETACEL,"Sep. 05, 2008",Axysis,,grabherm83@yahoo.com
77266450,deadAbandoned,GLOBAL ADDRESS OBJECT,"Nov. 04, 2008",Melissa Data Corp.,,bob@melissadata.com
77266347,REQUEST_FAILED,,,,,
77266358,REQUEST_FAILED,,,,,
77266416,REQUEST_FAILED,,,,,
77266538,deadAbandoned,MY VIRTUAL SALES PERSON,"Jun. 06, 2008",W5 Internet,,support@w5internet.com
77266477,REQUEST_FAILED,,,,,
77266594,deadAbandoned,GG GIRL,"Sep. 02, 2008","Goff Properties, LLC",,gregggoff@gingergoff.com
77266599,deadAbandoned,VIBRAGYM,"Jun. 07, 2008","MEXICO VITAL, S.A. DE C.V.",,ebirman@prodigy.net.mx
77266560,REQUEST_FAILED,,,,,
77266689,deadAbandoned,"THESHOPRITEMALL, INC.","Jun. 11, 2008","TheShopRiteMall, Inc.",,gtucker@americandocsinc.com
77266636,REQUEST_FAILED,,,,,
77266688,REQUEST_FAILED,,,,,
77266771,deadAbandoned,TWO CENTS,"Dec. 22, 2008","Tucker, Matt",,ticaltucker07@yahoo.com
77266723,REQUEST_FAILED,,,,,
77266772,deadAbandoned,FILE LATE,"Jun. 09, 2008",Rapid Filing Services LLC,,drbill02@gmail.com
77266783,deadAbandoned,FIJI TUNA,"May 16, 2008",Ozific Pty Limited,,amathes@bibpond.com
77266802,deadAbandoned,SPOTLESS,"Dec. 22, 2008","Spotless Travel, LLC",,hlemieux@comcast.net
77266891,REQUEST_FAILED,,,,,
77267006,deadAbandoned,NEW JERSEY LAGER,"Jun. 17, 2008","Christopher J. Curylo, Esq.",,cjclaw@hotmail.com
77266845,REQUEST_FAILED,,,,,
77267076,deadAbandoned,PLASS,"Jun. 08, 2008",Plass,,betsy@plassappliance.com
77267020,REQUEST_FAILED,,,,,
77267072,REQUEST_FAILED,,,,,
77267137,deadAbandoned,ELECTRONIC SOCCER PRO HIGH TECH TRAINER,"Jun. 10, 2008","GKM Sports Products, Inc.",,gkmsoccerpro@aol.com
77267099,REQUEST_FAILED,,,,,
77267142,REQUEST_FAILED,,,,,
77267276,deadAbandoned,MONT SWISS,"Sep. 11, 2008",American Findings Corporation,,ogoodnews@gmail.com
77267148,REQUEST_FAILED,,,,,
77267155,REQUEST_FAILED,,,,,
77267408,REQUEST_FAILED,,,,,
77267564,REQUEST_FAILED,,,,,
77267669,REQUEST_FAILED,,,,,
77267682,REQUEST_FAILED,,,,,
77267742,REQUEST_FAILED,,,,,
77267750,REQUEST_FAILED,,,,,
77267801,deadAbandoned,AUCTION INQUISITOR,"Apr. 30, 2008",Elite Minds Inc,,
77267761,REQUEST_FAILED,,,,,
77267782,deadAbandoned,HELLO LOVE,"Dec. 22, 2008","Cortese, Edith M.",,edithmarie33@aol.com
77267864,deadAbandoned,BAY NETWORKS,"Dec. 29, 2008",EXIM Brands LLC,,druder@eximbrands.com
77267830,REQUEST_FAILED,,,,,
77267871,deadAbandoned,NYNEX,"May 12, 2008",EXIM Brands LLC,,druder@eximbrands.com
77267842,REQUEST_FAILED,,,,,
77267857,REQUEST_FAILED,,,,,
77267914,deadAbandoned,UPRIGHT,"Dec. 22, 2008",UPRIGHT,,packhoff@yahoo.com
77267942,deadAbandoned,GARDEN HAULER,"May 09, 2008","TRUPER HERRAMIENTAS, S.A. DE C.V.",,cthomae@jcva.com.mx
77267867,REQUEST_FAILED,,,,,
77267940,deadAbandoned,HOME HAULER,"May 09, 2008","TRUPER HERRAMIENTAS, S.A. DE C.V.",,cthomae@jcva.com.mx
77267869,deadAbandoned,GTE,"May 12, 2008",EXIM Brands LLC,,druder@eximbrands.com
77267883,REQUEST_FAILED,,,,,
77267994,REQUEST_FAILED,,,,,
77267996,REQUEST_FAILED,,,,,
77268135,deadAbandoned,ROCK-A-FELLER,"Dec. 22, 2008",Emerging Global Investments Corp,,etrans1@comcast.net
77268097,REQUEST_FAILED,,,,,
77268368,deadAbandoned,TEEM,"Dec. 29, 2008",Mortgage Design Group,,beeham22@yahoo.com
77268267,REQUEST_FAILED,,,,,
77268398,deadAbandoned,"DOS CARNALES , PREPAID PAID PHONE CARD (TARJETA TELEFONICA,","Jun. 17, 2008",Yassin Ayyad,,6635st@gmail.com
77268423,deadAbandoned,WARRIOR ATHLETE,"Dec. 15, 2008",Francis O'Conner,,fjrsboc@aol.com
77268328,REQUEST_FAILED,,,,,
77268442,deadAbandoned,ANDALE PUES!!! PRE-PAID PHONE CARD TARJETA TELEFONICA PRE-PAGADA,"Jun. 17, 2008",YAssin Ayyad,,6635st@gmail.com
77268440,REQUEST_FAILED,,,,,
77268458,REQUEST_FAILED,,,,,
77268518,REQUEST_FAILED,,,,,
77268535,REQUEST_FAILED,,,,,
77268678,deadAbandoned,ECROCODYLUS,"Jun. 08, 2008","KAMA INTERNATIONAL, INC.",,kpihc@hotmail.com
77268726,deadAbandoned,SPATINI,"Jun. 11, 2008","CGE Enterprises, LLC",,jhastings@vermontcountrystore.com
77268864,deadAbandoned,CROSS ALERT SYSTEMS,"Jun. 14, 2008","Cross Alert Systems, Inc.",,kblock@crossalert.com
77268738,REQUEST_FAILED,,,,,
77268822,REQUEST_FAILED,,,,,
77268877,REQUEST_FAILED,,,,,
77268952,deadAbandoned,PEACEMAGZ,"Jun. 12, 2008","Milk and Honey, Inc.",,
77268922,REQUEST_FAILED,,,,,
77268928,REQUEST_FAILED,,,,,
77268965,deadAbandoned,GOSPEL CHANNEL,"Jun. 13, 2008","Gospel Channel Europe, ehf.",,js@steinsson.com
77268967,deadAbandoned,ICLUB,"Dec. 29, 2008","MICHAELS, DAVID",,peter.whitehead@hazan.com.au
77268956,REQUEST_FAILED,,,,,
77269030,deadAbandoned,TRAFFICFIGHTERS,"Jun. 09, 2008",Arthur F. Tait III,,taitlaw@hotmail.com
77268985,REQUEST_FAILED,,,,,
77269021,deadAbandoned,HEADMAT,"Dec. 15, 2008","Ghassali, Maryann",,Mike@ghassali.com
77269139,deadAbandoned,FLEXIBLE TREAT FOR HEALTHY FABULOUS FEET,"Dec. 22, 2008",Ferri Frederic L,,intproperty@yogapro.com
77269088,REQUEST_FAILED,,,,,
77269092,REQUEST_FAILED,,,,,
77269109,REQUEST_FAILED,,,,,
77269182,REQUEST_FAILED,,,,,
77269279,REQUEST_FAILED,,,,,
77269294,REQUEST_FAILED,,,,,
77269325,REQUEST_FAILED,,,,,
77269520,deadAbandoned,TOE REVOLUTION,"Jun. 11, 2008",Ferri Frederic L,,intproperty@yogapro.com
77269539,deadAbandoned,KR,"Jun. 08, 2008",Christopher A. Jackson,,chris@kroque.com
77269497,REQUEST_FAILED,,,,,
77269661,deadAbandoned,INTERNATIONAL ACADEMY OF HOLISTIC PEDIATRICS,"Jun. 11, 2008",Murray Clarke,,drmurrayc@yahoo.com
77269600,REQUEST_FAILED,,,,,
77269790,deadAbandoned,CHATTY CATHIE,"Aug. 14, 2008","Chatty Cathie, Inc.",,tanesha_ferguson@yahoo.com
77269618,REQUEST_FAILED,,,,,
77269933,deadAbandoned,LUV BUM,"Jun. 10, 2008",Bridget E. MacTavish,,
77269822,REQUEST_FAILED,,,,,
77269838,REQUEST_FAILED,,,,,
77269930,REQUEST_FAILED,,,,,
77269972,deadAbandoned,SOLARIS BLANKET,"Jun. 17, 2008","Kossovskaia, Irina",,
77269973,REQUEST_FAILED,,,,,
77269993,REQUEST_FAILED,,,,,
77270010,REQUEST_FAILED,,,,,
77270077,deadAbandoned,WHERE INVESTORS CONNECT,"Jun. 13, 2008","Golden Boards, LLC",,admin@goldenboards.com
77270040,REQUEST_FAILED,,,,,
77270081,deadAbandoned,CLUB DE ESTRELLAS,"Jun. 11, 2008",Azul Siete Productions S.A. de C.V.,,azulsiete@terra.com
77270045,REQUEST_FAILED,,,,,
77270080,deadAbandoned,SHOW DEL CHISTE,"Jun. 10, 2008",Azul Siete Productions S.A. de C.V.,,azulsiete@terra.com
77270089,deadAbandoned,11 SECOND CLUB,"Jun. 11, 2008","Bogdanoff, Mark",,ajabogdanoff@gmail.com
77270083,deadAbandoned,QUIERO SER GRUPERO,"Jun. 11, 2008","Azul Siete Productions, S.A. de C.V.",,azulsiete@terra.com
77270082,REQUEST_FAILED,,,,,
77270085,REQUEST_FAILED,,,,,
77270131,deadAbandoned,THE HEALTH & PRODUCTIVITY MANAGEMENT BALANCE SCORECARD,"Jun. 18, 2008",Samantha Jane Horseman,,samantha.horseman@aramco.com.sa
77270100,REQUEST_FAILED,,,,,
77270103,REQUEST_FAILED,,,,,
77270111,REQUEST_FAILED,,,,,
77270171,deadAbandoned,VINUM DISTRIBUTION.,"Jun. 11, 2008",F. L. NAVARRO LTD,,flnavarro1@gmail.com
77270143,REQUEST_FAILED,,,,,
77270205,deadAbandoned,CONSUMPTION CONSULTANTS,"Jun. 20, 2008","Mitchell, Joel",,joelmitchell@consumption-consultants.org
77270189,deadAbandoned,HIP HOP ZONE,"Jun. 13, 2008","Moses, Estella L.",,frmgurl1@yahoo.com
77270173,REQUEST_FAILED,,,,,
77270249,deadAbandoned,TOTS ID,"Jun. 11, 2008","Our Childs Safety, LLC",,ourchildssafety@yahoo.com
77270213,REQUEST_FAILED,,,,,
77270234,REQUEST_FAILED,,,,,
77270245,REQUEST_FAILED,,,,,
77270306,deadAbandoned,BYSSA,"Jun. 19, 2008","Fehlman, Andrew",,mhp1909@gmail.com
77270280,REQUEST_FAILED,,,,,
77270328,deadAbandoned,CASA FOODS FOR LIFE,"Jun. 11, 2008",Casa S&S Pty Ltd,,sara@casafoodsforlife.com
77270304,REQUEST_FAILED,,,,,
77270333,deadAbandoned,GETABSTRACT EMPOWERED LEARNING,"Apr. 13, 2008",Allison Financial Corporation,,rolf.dobelli@getabstract.com
77270315,REQUEST_FAILED,,,,,
77270373,REQUEST_FAILED,,,,,
77270389,REQUEST_FAILED,,,,,
77270410,REQUEST_FAILED,,,,,
77270425,REQUEST_FAILED,,,,,
77270466,deadAbandoned,None,"Jun. 18, 2008",A Good Idea LLP,,agillp@yahoo.com
77270481,deadAbandoned,LIQUID MUSIC,"Dec. 29, 2008","MICHAELS, DAVID",,peter.whitehead@hazan.com.au
77270464,deadAbandoned,UNIQUEBODY ACHIEVE YOUR PERSONAL FITNESS THROUGH A UNIQUE EXPERIENCE....,"Jun. 13, 2008",Noel S. DoCanto,,noel@uniquebody.net
77270480,deadAbandoned,MECCA,"Dec. 29, 2008","MICHAELS, DAVID",,peter.whitehead@hazan.com.au
77270444,REQUEST_FAILED,,,,,
77270500,deadAbandoned,ORB,"Jun. 16, 2008","MICHAELS, DAVID",,peter.whitehead@hazan.com.au
77270516,deadAbandoned,DRAGON MAGIC,"Apr. 13, 2008",Moose Enterprise Pty Ltd,,stephen.oneill@moosetoys.com
77270497,deadAbandoned,SKYCRIB,"Dec. 29, 2008","MICHAELS, DAVID",,peter.whitehead@hazan.com.au
77270473,REQUEST_FAILED,,,,,
77270482,REQUEST_FAILED,,,,,
77270519,deadAbandoned,FAMILY GROWN,"Dec. 22, 2008",MATCO RICE PROCESSING (PVT.) LTD.,,contact@matcorice.com
77270509,deadAbandoned,WAPEEDO,"Jun. 18, 2008",Lee Andrew M,,andrew@txtdirect.com.au
77270542,deadAbandoned,CLEANER CLIMATE,"Jun. 12, 2008",Cleaner Climate,,ben.muir@cleanerclimate.com
77270525,deadAbandoned,GERENS MANAGEMENT GROUP,"Dec. 29, 2008",GERENS MANAGEMENT GROUP S.A.,,ip@agladial.com
77270737,deadAbandoned,CHRISTMAS TREE DOLLY,"Jun. 13, 2008","Caldwell, Shawn",,caldy4@sbcglobal.net
77270820,deadAbandoned,POT SNOB,"Jun. 11, 2008",Not To Proud To Beg,,baggo27@yahoo.com
77270757,REQUEST_FAILED,,,,,
77270811,REQUEST_FAILED,,,,,
77270866,REQUEST_FAILED,,,,,
77270876,REQUEST_FAILED,,,,,
77271121,deadAbandoned,NOLE LIFE,"Jun. 12, 2008","Gator Life, LLC",,jaswat1971@comcast.net
77271044,REQUEST_FAILED,,,,,
77271166,deadAbandoned,SORELLE WINERY,"Jun. 16, 2008",Kimberly Scott,,kim@sorellewineryca.com
77271070,REQUEST_FAILED,,,,,
77271296,deadAbandoned,KYNETYK HOCKEY,"Dec. 24, 2008",Kynetyk LLC,,fman95@gmail.com
77271238,REQUEST_FAILED,,,,,
77271328,deadAbandoned,LRC LUNAR RACING CHAMPIONSHIP,"Jul. 02, 2008",Mary T. Duda,,duda@virtuearts.com
77271218,REQUEST_FAILED,,,,,
77271264,REQUEST_FAILED,,,,,
77271330,deadAbandoned,KEEPCHOPPIN,"Oct. 22, 2008",Haefeli Edward,,gh00st@aol.com
77271307,REQUEST_FAILED,,,,,
77271346,REQUEST_FAILED,,,,,
77271402,REQUEST_FAILED,,,,,
77271463,deadAbandoned,MYSTIC AFRICA,"Jun. 30, 2008",Ainsworth Game Technology Limited,,jason.meyer@ainsworth.com.au
77271480,deadAbandoned,SAHARA SANDS,"Jun. 25, 2008",Ainsworth Game Technology Limited,,jason.meyer@ainsworth.com.au
77271440,REQUEST_FAILED,,,,,
77271448,REQUEST_FAILED,,,,,
77271486,deadAbandoned,GOOD MORNING GOOD NIGHT,"Jun. 12, 2008",arthur simmons jr,,gmgn365@yahoo.com
77271481,deadAbandoned,JEWELS OF OLYMPUS,"Jun. 18, 2008",Ainsworth Game Technology Limited,,jason.meyer@ainsworth.com.au
77271524,deadAbandoned,SINOCRO,"Jun. 18, 2008",Alisanae Group Limited,,nathan@sinocro.com
77271488,REQUEST_FAILED,,,,,
77271602,deadAbandoned,MAMABERRE,"Dec. 22, 2008","HOMER TLC, INC.",,trade_marks@homedepot.com
77271504,REQUEST_FAILED,,,,,
77271539,REQUEST_FAILED,,,,,
77271634,REQUEST_FAILED,,,,,
77271770,deadAbandoned,ALISON VAN DER LANDE,"Jun. 12, 2008",ALISON VAN DER LANDE,,justin@alisonvanderlande.co.uk
77271676,REQUEST_FAILED,,,,,
77271725,REQUEST_FAILED,,,,,
77271880,deadAbandoned,T-TAPE TOTAL,"Oct. 02, 2008","T-SYSTEMS INTERNATIONAL, INC.",,
77271867,REQUEST_FAILED,,,,,
77271906,REQUEST_FAILED,,,,,
77271985,REQUEST_FAILED,,,,,
77272046,deadAbandoned,GREEN OLYMPIC,"Jun. 12, 2008",Chiu-Hsiang LO,,ryu204@yahoo.com
77272010,REQUEST_FAILED,,,,,
77272042,REQUEST_FAILED,,,,,
77272251,deadAbandoned,D,"Jun. 12, 2008",Uniforms Etc. USA. L.L.C.,,lescolar@rocedes.com.ni
77272047,REQUEST_FAILED,,,,,
77272223,REQUEST_FAILED,,,,,
77272360,deadAbandoned,BEAN SPROUT BABIES,"Jun. 12, 2008","Bishop, Carrie E",,carriemyvoice@comcast.net
77272403,REQUEST_FAILED,,,,,
77272422,REQUEST_FAILED,,,,,
77272500,REQUEST_FAILED,,,,,
77272528,REQUEST_FAILED,,,,,
77272549,REQUEST_FAILED,,,,,
77272648,deadAbandoned,FAN,"Oct. 03, 2008","Fair Ads Network, LLC",,sblehat@msn.com
77272652,deadAbandoned,VISUALDRC,"Dec. 29, 2008","Rittman, Dan",,danny.rittman@micrologic-da.com
77272639,REQUEST_FAILED,,,,,
77272645,deadAbandoned,MARIJUANA SAVES BREASTS,"Jun. 19, 2008","Stack, Kari E",,stackfamily@gmail.com
77272802,deadAbandoned,SILHOUETTE,"Jun. 13, 2008","Pleo Originals, LLC",,p.rigas@verizon.net
77272835,deadAbandoned,QUANTUM LEAP MOVING YOU AHEAD.,"Jun. 23, 2008",ASAP!Jack LLC,,mhenry@qleapahead.com
77272688,REQUEST_FAILED,,,,,
77272884,deadAbandoned,GREEN MORTGAGE,"Jun. 13, 2008",Stephen L Asbill,,asbill@alrya.com
77272759,REQUEST_FAILED,,,,,
77272910,deadAbandoned,START LIFE,"Jun. 16, 2008",Stephen L Asbill,,asbill@alrya.com
77272830,REQUEST_FAILED,,,,,
77272874,deadAbandoned,GREEN LOAN,"Jun. 20, 2008","Asbill, Stephen L",,asbill@alrya.com
77272870,REQUEST_FAILED,,,,,
77272892,REQUEST_FAILED,,,,,
77272921,REQUEST_FAILED,,,,,
77272936,REQUEST_FAILED,,,,,
77272940,REQUEST_FAILED,,,,,
77273022,deadAbandoned,ICE LEGEND,"Dec. 29, 2008","Kariev, Boris",,vodcanltd@rogers.com
77272963,REQUEST_FAILED,,,,,
77273154,deadAbandoned,SHREDDINGBETTY,"Jun. 16, 2008","shreddingbetty, inc.",,kim@shreddingbetty.com
77273052,REQUEST_FAILED,,,,,
77273095,REQUEST_FAILED,,,,,
77273194,deadAbandoned,COLOR BAR SALON,"Jun. 13, 2008","DSL Salon, Inc.",,
77273137,REQUEST_FAILED,,,,,
77273321,deadAbandoned,ROCK STAR ADVENTURES LIVE THE ADVENTURE,"Dec. 08, 2008","Yankee Leisure Holdings, Inc.",,
77273174,REQUEST_FAILED,,,,,
77273397,deadAbandoned,PERMANENTLY BEAUTIFUL,"Dec. 22, 2008","Lane,Shelly",,shelly_lane6@yahoo.com
77273255,REQUEST_FAILED,,,,,
77273492,deadAbandoned,TOE STRETCHERS,"Jun. 11, 2008",Ferri Frederic L,,intproperty@yogapro.com
77273421,REQUEST_FAILED,,,,,
77273535,deadAbandoned,SUPERSTOCKS,"Dec. 29, 2008","Haugen Custom Financial Systems, Inc.",,felbert@newfinance.com
77273486,REQUEST_FAILED,,,,,
77273519,REQUEST_FAILED,,,,,
77273547,REQUEST_FAILED,,,,,
77273650,deadAbandoned,JUNKTUBE,"Jun. 13, 2008","Anderson, Samuel",,tekbrokers@hotmail.com
77273605,deadAbandoned,SUPERSTOCK,"Dec. 29, 2008","Haugen Custom Financial Systems, Inc.",,felbert@newfinance.com
77273833,deadAbandoned,US MS.,"Jun. 18, 2008","Flowers, Phaedra L",,Flowersp2@hotmail.com
77273682,REQUEST_FAILED,,,,,
77273907,deadAbandoned,US MISS,"Jun. 18, 2008","Keith, Emily T",,info@azurepageants.com
77273898,deadAbandoned,NET CASAS,"Jun. 18, 2008",Roberto Carlos Caiola da Silva,,robccsilva@gmail.com
77273849,REQUEST_FAILED,,,,,
77273874,REQUEST_FAILED,,,,,
77273894,deadAbandoned,US TEEN,"Jun. 16, 2008","Keith, Emily T",,info@azurepageants.com
77273905,deadAbandoned,YACHT HARBOR PROVISIONS,"Jun. 14, 2008","Downing, Rebecca B",,Beccabud@hotmail.com
77273989,REQUEST_FAILED,,,,,
77274009,REQUEST_FAILED,,,,,
77274083,deadAbandoned,VIRGIN YOGURT,"Aug. 16, 2008",ESTESON CORP.,,JIM@ESTIA.BIZ
77274138,deadAbandoned,MAGNOLIA MOONLIGHT,"Jun. 13, 2008","Flowers, Christina M",,christina@magnoliamoonlight.com
77274073,REQUEST_FAILED,,,,,
77274223,deadAbandoned,WIPE IT OUT,"Jun. 16, 2008","McClure, James R.",,customerservice@mcclureblenders.com
77274295,deadAbandoned,SUPERSTOCK PORTFOLIO,"Jun. 20, 2008","Haugen Custom Financial Systems, Inc.",,felbert@newfinance.com
77274205,REQUEST_FAILED,,,,,
77274323,deadAbandoned,SUPERSTOCK PORTFOLIOS,"Jun. 20, 2008","Haugen Custom Financial Systems, Inc.",,felbert@newfinance.com
77274342,deadAbandoned,SUPERSTOCK PORTFOLIO,"Jun. 19, 2008","Haugen Custom Financial Systems, Inc.",,felbert@newfinance.com
77274300,REQUEST_FAILED,,,,,
77274327,REQUEST_FAILED,,,,,
77274631,deadAbandoned,POPBUTTON,"Dec. 29, 2008",PopButton LLC,,plandesberg@yahoo.com
77274635,deadAbandoned,K,"Jun. 13, 2008","AMERICAN CATLONECH (GROUP) CO., LLC.",,ynggnghan@yahoo.com
77274655,deadAbandoned,CAMPUS TRAVELER,"Jun. 18, 2008",Century Travel,,krogers@yearabroad.us
77274755,deadAbandoned,HOT SPRINGS RALLY; HOT SPRINGS MOTORCYCLE RALLY,"Jun. 18, 2008","Wild Boar Promotions, Incorporated",,liz4wildboar@futura.net
77274782,deadAbandoned,WILD BOAR APPAREL,"Jun. 16, 2008","Wild Boar Promotions, Incorporated",,liz4wildboar@futura.net
77274580,REQUEST_FAILED,,,,,
77274791,REQUEST_FAILED,,,,,
77274836,REQUEST_FAILED,,,,,
77274837,REQUEST_FAILED,,,,,
77274875,deadAbandoned,XHALED,"Jun. 16, 2008","Bowers, Michael C",,coolassmike@gmail.com
77274853,REQUEST_FAILED,,,,,
77274888,deadAbandoned,DAD BUILT,"Jun. 20, 2008",Thomas Julian Rodriguez,,dadbuiltinc@yahoo.com
77274873,REQUEST_FAILED,,,,,
77274950,deadAbandoned,"""STAGING HOMES TO SELL""","Jun. 17, 2008","Sasich, Natalie R.",,cwnat2002@hotmail.com
77274914,REQUEST_FAILED,,,,,
77274970,deadAbandoned,UPGRADE CONVEYANCE,"Jun. 20, 2008","Klees, Jonathan A.",,alanklees@hotmail.com
77274925,REQUEST_FAILED,,,,,
77274986,deadAbandoned,CUTE HAPPENS,"Dec. 29, 2008","Koski, Philip J",,koskip@msn.com
77274956,REQUEST_FAILED,,,,,
77274963,REQUEST_FAILED,,,,,
77274981,REQUEST_FAILED,,,,,
77275000,deadAbandoned,TREKKING WITH COACH,"Dec. 04, 2008",Annemarie Wheeler,,pacalis96@msn.com
77275006,deadAbandoned,IDEA TEA,"Dec. 29, 2008",Teoria LLC,,jbardacino@gmail.com
77274999,REQUEST_FAILED,,,,,
77275031,REQUEST_FAILED,,,,,
77275086,REQUEST_FAILED,,,,,
77275093,REQUEST_FAILED,,,,,
77275092,REQUEST_FAILED,,,,,
77275109,REQUEST_FAILED,,,,,
77275166,deadAbandoned,MOTIVATE YOUR MIND,"Dec. 29, 2008",Teoria LLC,,jbardacino@gmail.com
77275117,REQUEST_FAILED,,,,,
77275177,deadAbandoned,DOTNETPARK,"Jun. 16, 2008","Dasuzhau, Ihar",,ihar@dotnetpark.com
77275152,REQUEST_FAILED,,,,,
77275298,REQUEST_FAILED,,,,,
77275330,REQUEST_FAILED,,,,,
77275356,REQUEST_FAILED,,,,,
77275358,REQUEST_FAILED,,,,,
77275413,REQUEST_FAILED,,,,,
77275440,REQUEST_FAILED,,,,,
77275503,deadAbandoned,TURBOPUBLISHER,"Jun. 13, 2008","IMSI/Design, LLC",,greg@farroshr.com
77275449,REQUEST_FAILED,,,,,
77275476,deadAbandoned,TURBODRAW,"Jun. 13, 2008","IMSI/Design, LLC",,greg@farroshr.com
77275532,deadAbandoned,TURBOFLOORPLAN,"Jun. 13, 2008","IMSI/Design, LLC",,greg@farroshr.com
77275489,REQUEST_FAILED,,,,,
77275512,deadAbandoned,FLOORPLAN,"Jun. 13, 2008","IMSI/Design, LLC",,greg@farroshr.com
77275560,deadAbandoned,SYSTEM NUTRITION,"Dec. 29, 2008","MDH Investments, LLC",,
77275525,REQUEST_FAILED,,,,,
77275603,REQUEST_FAILED,,,,,
77275641,REQUEST_FAILED,,,,,
77275705,REQUEST_FAILED,,,,,
77275759,REQUEST_FAILED,,,,,
77275801,REQUEST_FAILED,,,,,
77276074,deadAbandoned,THE HINDU FUND,"Jun. 20, 2008",Digital Advisors LLC,,joesbox@gmail.com
77275986,REQUEST_FAILED,,,,,
77276047,REQUEST_FAILED,,,,,
77276068,REQUEST_FAILED,,,,,
77276159,deadAbandoned,MOTIVATED INTELLECTUAL MINDS SUCCESSFULLY OVERCOMING OBSTACLES NETWORKING,"Dec. 22, 2008",Mimsoon Enterprises Inc,,mimsoon@hotmail.com
77276083,REQUEST_FAILED,,,,,
77276097,REQUEST_FAILED,,,,,
77276277,deadAbandoned,TURBOCAD,"Jun. 17, 2008","IMSI/Design, LLC",,greg@farroshr.com
77276224,REQUEST_FAILED,,,,,
77276331,deadAbandoned,ONLINE TOURING,"Jun. 16, 2008",Fairwave Media,,ajani@fairwavemedia.com
77276353,deadAbandoned,VIBDISC,"Dec. 29, 2008","Cary, Patrick K.",,carypat@comcast.net
77276358,deadAbandoned,FIZZ SAVOR,"Dec. 14, 2008","Atiyeh, Philip G.",,patiyeh@sbcglobal.net
77276312,REQUEST_FAILED,,,,,
77276332,REQUEST_FAILED,,,,,
77276359,REQUEST_FAILED,,,,,
77276421,REQUEST_FAILED,,,,,
77276437,REQUEST_FAILED,,,,,
77276454,REQUEST_FAILED,,,,,
77276460,REQUEST_FAILED,,,,,
77276519,REQUEST_FAILED,,,,,
77276550,REQUEST_FAILED,,,,,
77276611,deadAbandoned,LIVE4UCAM2CAM.COM,"Dec. 29, 2008","IULIA-KEITH, LLC",,
77276596,REQUEST_FAILED,,,,,
77276830,REQUEST_FAILED,,,,,
77276975,deadAbandoned,NUTRASIGNALS,"Dec. 08, 2008","Metagenics, Inc.",,jenniferh@metagenics.com
77276906,REQUEST_FAILED,,,,,
77276863,REQUEST_FAILED,,,,,
77276982,deadAbandoned,NUTRISIGNALS,"Dec. 15, 2008","Metagenics, Inc.",,jenniferh@metagenics.com
77277020,deadAbandoned,LOCKING LEASH,"Jun. 17, 2008","Peiser, Ilene",,ilenepeiser@sbcglobal.net
77276997,REQUEST_FAILED,,,,,
77277005,REQUEST_FAILED,,,,,
77277012,REQUEST_FAILED,,,,,
77277149,deadAbandoned,ANOMALY CORPS CO.,"Jun. 18, 2008",Eric D. Johnson,,anomaly_31@yahoo.com
77277160,deadAbandoned,REPOSY,"Jun. 15, 2008",Biz Czar LLC,,bizczar.llc@gmail.com
77277069,REQUEST_FAILED,,,,,
77277103,REQUEST_FAILED,,,,,
77277157,deadAbandoned,CLINICAL SKIN RX,"Jun. 18, 2008","Boote, Shar B",,CLINICALSKINRX@AOL.COM
77277206,deadAbandoned,SATZ GET GOING,"Dec. 08, 2008","Hosein, Reiaz",,reiazh@gmail.com
77277225,deadAbandoned,LYX,"Dec. 31, 2008","Malmborg, Michael",,michael@lyx.com
77277275,deadAbandoned,WWW.KEEPA-ROD.COM,"Jun. 18, 2008",JSG Visionary Corp,,Jsgvisionarycorp@aol.com
77277248,REQUEST_FAILED,,,,,
77277272,REQUEST_FAILED,,,,,
77277433,deadAbandoned,EYEVIVE,"Nov. 21, 2008",Synetgy LLC,,jjordan@nutraweb.com
77277338,REQUEST_FAILED,,,,,
77277477,deadAbandoned,FLEXCERIN,"Nov. 21, 2008","PRIMARK, LLC",,jjordan@nutraweb.com
77277490,deadAbandoned,SANCTUARY,"Jun. 24, 2008","Schrier, Amy M",,
77277494,deadAbandoned,MENERSA,"Nov. 21, 2008","PRIMARK, LLC",,jjordan@nutraweb.com
77277439,REQUEST_FAILED,,,,,
77277499,deadAbandoned,UPONG OUTFITTERS,"Nov. 25, 2008","UPong Outfitters, LLC",,
77277517,deadAbandoned,THE TRINITY STACK,"May 16, 2008",Elite Sports Products Inc,,shaunr2005@yahoo.com
77277453,REQUEST_FAILED,,,,,
77277457,REQUEST_FAILED,,,,,
77277491,REQUEST_FAILED,,,,,
77277604,deadAbandoned,None,"Dec. 22, 2008","UPong Outfitters, LLC",,
77277562,REQUEST_FAILED,,,,,
77277616,REQUEST_FAILED,,,,,
77277732,REQUEST_FAILED,,,,,
77277858,deadAbandoned,HIJAAK,"Jun. 17, 2008","IMSI/Design, LLC",,greg@farroshr.com
77277820,REQUEST_FAILED,,,,,
77277977,deadAbandoned,TEENWANTS.COM,"Jun. 28, 2008",MyWants Inc.,,
77278023,deadAbandoned,SEKURPAY,"Jun. 17, 2008",Sekurus International LLC,,
77277875,REQUEST_FAILED,,,,,
77278048,deadAbandoned,PROSPECTDB,"Jun. 18, 2008","ProspectDB, Inc",,rtalbert@prospectdb.com
77278050,deadAbandoned,ADRENAL FATIGUE REGULATOR,"Jun. 20, 2008",Adrenal Fatigue Institute,,info@cylapril.com
77278013,REQUEST_FAILED,,,,,
77278059,deadAbandoned,GUARANTEED ACCURATE DATA,"Jun. 18, 2008","ProspectDB, Inc",,rtalbert@prospectdb.com
77278138,deadAbandoned,NANOMATCH,"Nov. 24, 2008",Pangaea Laboratories Ltd.,,elliot@pangaea.co.uk
77278072,REQUEST_FAILED,,,,,
77278091,REQUEST_FAILED,,,,,
77278272,deadAbandoned,THE SPIRIT OF WORDS,"Dec. 29, 2008","Apparel Limited, Inc.",,tmregistered@gmail.com
77278238,deadAbandoned,COCK GREASE,"Jun. 18, 2008","Reeder, Christina, A",,rea@eddys-deluxe.com
77278199,REQUEST_FAILED,,,,,
77278207,REQUEST_FAILED,,,,,
77278359,deadAbandoned,PANDA FIREWORKS,"Jun. 16, 2008",CHIU WAI PING JACKSON,,helin.yin@gmail.com
77278308,REQUEST_FAILED,,,,,
77278321,REQUEST_FAILED,,,,,
77278379,deadAbandoned,DIGIRECEIPT RESPONSIBLE TECHNOLOGY,"Jul. 01, 2008","ICData Solutions, LLC.",,kkrasin@icdatasolutions.com
77278336,REQUEST_FAILED,,,,,
77278346,REQUEST_FAILED,,,,,
77278416,deadAbandoned,SICK JITS,"Dec. 29, 2008","Luna, Jennifer S",,ejenus@cs.com
77278417,deadAbandoned,SOMETIMES LIFE STINKS.,"Jun. 23, 2008","Gilmore, Charles W.",,charliegilmore@tampabay.rr.com
77278429,deadAbandoned,FIRST PLACE FOR GAMES,"Dec. 08, 2008",Imagination Holdings Pty Ltd,,sarah.wishart@imagination.com.au
77278443,deadAbandoned,PREMIO,"Jun. 19, 2008",Premio Food Company Inc.,,mark@premiofood.com
77278477,deadAbandoned,CHRISTOPHER KLUTSE,"Jun. 20, 2008",Klutse Christopher Louis,,klutse19@yahoo.com
77278401,REQUEST_FAILED,,,,,
77278506,deadAbandoned,THE OUTDOOR FLOOR COMPANY,"Jun. 19, 2008",The Outdoor Floor Company,,jswantac@insight.rr.com
77278520,deadAbandoned,NAAYP,"Dec. 29, 2008","2Sense Media, LLC",,michael.eisenstadt@2sensemag.com
77278436,REQUEST_FAILED,,,,,
77278526,deadAbandoned,NORTH AMERICAN ASSOCIATION OF YOUNG PROFESSIONALS,"Jun. 19, 2008","2Sense Media, LLC",,michael.eisenstadt@2sensemag.com
77278485,REQUEST_FAILED,,,,,
77278508,REQUEST_FAILED,,,,,
77278579,REQUEST_FAILED,,,,,
77278581,REQUEST_FAILED,,,,,
77278673,deadAbandoned,BOSTON MUTUAL FUNDS EXCHANGE,"Jun. 21, 2008",Pavel Belogour,,belarus@yahoo.com
77278609,REQUEST_FAILED,,,,,
77278731,deadAbandoned,SHERLOCK HOMEGIRL,"Jun. 14, 2008",Christian Dandrea,,christian@hooah.com
77278782,REQUEST_FAILED,,,,,
77279075,deadAbandoned,AEROBIS,"Jun. 18, 2008",aerobis Limited,,elmar@aerobis.de
77279080,deadAbandoned,THE PAINTBALL PARTY PLACE,"Jun. 19, 2008",#1 Paintball Corporation,,rocky@1pb.com
77279113,deadAbandoned,PAINTBALL WORLD,"Jun. 19, 2008",#1 Paintball Corporation,,rocky@1pb.com
77279037,REQUEST_FAILED,,,,,
77279123,deadAbandoned,PLAY TAG AT 200 MPH,"Jun. 19, 2008",#1 Paintball Corporation,,rocky@1pb.com
77279051,REQUEST_FAILED,,,,,
77279181,deadAbandoned,ATTORNEY FRIDAY,"Jun. 27, 2008","Schall, Lauren K",,lauren.schall@gmail.com
77279227,REQUEST_FAILED,,,,,
77279318,deadAbandoned,YOURPERFECTMANNAN,"Dec. 29, 2008","Pribanic, Justin",,yourperfectmannan@gmail.com
77279237,REQUEST_FAILED,,,,,
77279332,deadAbandoned,TICKET TO RIDE PRODUCTIONS,"Jun. 19, 2008",TICKET TO RIDE PRODUCTIONS,,michaelbell@mbellart.com
77279344,deadAbandoned,THE EMILY MCKENZIE AGENCY,"Jun. 22, 2008",The Emily McKenzie Agency,,emily.mckenzie.agency@gmail.com
77279349,deadAbandoned,GLOBALCAST NETWORKS,"Jun. 24, 2008",Info-Onscreen Software Systems Pty Limited,,peter.smith@m-cast.com
77279303,REQUEST_FAILED,,,,,
77279355,REQUEST_FAILED,,,,,
77279356,REQUEST_FAILED,,,,,
77279463,deadAbandoned,RUNNERSID,"Jun. 20, 2008","Osborne, Lawrence J.",,elephant@eaward.com
77279516,deadAbandoned,VANTAGE,"Jun. 19, 2008",Wolstenholme International Inc.,,henry.brooks@wolstenholme-usa.com
77279406,REQUEST_FAILED,,,,,
77279475,REQUEST_FAILED,,,,,
77279544,deadAbandoned,ECONOJET,"Jun. 18, 2008",Wolstenholme International Inc.,,henry.brooks@wolstenolme-usa.com
77279582,deadAbandoned,OPTIJET,"Jul. 29, 2008",Wolstenholme International Inc.,,henry.brooks@wolstenholme-usa.com
77279531,REQUEST_FAILED,,,,,
77279654,deadAbandoned,WELLYTAILS HOLISTIC SUPPLEMENTS TO KEEP YOUR PET WELL,"Jul. 03, 2008","Leveris, John",,
77279661,deadAbandoned,LAST MANGO RACING STABLE,"Jun. 27, 2008","Last Mango Racing Stable, L.L.C.",,halesb@saints.nfl.com
77279609,REQUEST_FAILED,,,,,
77279614,REQUEST_FAILED,,,,,
77279713,deadAbandoned,KOZMO.COM,"Jun. 19, 2008",EXIM Brands LLC,,druder@eximbrands.com
77279676,REQUEST_FAILED,,,,,
77279757,REQUEST_FAILED,,,,,
77279807,REQUEST_FAILED,,,,,
77279861,REQUEST_FAILED,,,,,
77279922,REQUEST_FAILED,,,,,
77280019,deadAbandoned,DETOX PROTEIN,"Jun. 24, 2008","Ripped Tide Nutrition, Inc.",,drew@socalcleanse.com
77279950,REQUEST_FAILED,,,,,
77280001,REQUEST_FAILED,,,,,
77280064,REQUEST_FAILED,,,,,
77280110,REQUEST_FAILED,,,,,
77280149,REQUEST_FAILED,,,,,
77280228,REQUEST_FAILED,,,,,
77280273,REQUEST_FAILED,,,,,
77280423,deadAbandoned,ELECTRIC CURL,"Dec. 29, 2008",Hands On Engineering,,monarchmotion@yahoo.com
77280299,REQUEST_FAILED,,,,,
77280427,deadAbandoned,SEACREST,"Dec. 29, 2008",PT. Bancar Makmur Indah,,admin@bancarco.com
77280444,deadAbandoned,INFINITY KEY,"Jun. 24, 2008","Sacks, John E.",,jesacks1@verizon.net
77280376,REQUEST_FAILED,,,,,
77280447,deadAbandoned,NICK & MILLY LONDON,"Jun. 20, 2008",CHARMILLA HERATH,,INFO@NICKANDMILLY.CO.UK
77280462,deadAbandoned,THE JOYOUS LAKE,"Jun. 20, 2008",Valma Offord,,smerians@earthlink.net
77280460,REQUEST_FAILED,,,,,
77280475,REQUEST_FAILED,,,,,
77280484,REQUEST_FAILED,,,,,
77280561,deadAbandoned,SILVER SPOON ENT.,"Jun. 20, 2008","Wright II, Daryl",,dlii@lycos.com
77280555,REQUEST_FAILED,,,,,
77280582,deadAbandoned,CHOKIN' FREAKIN' DOGS,"Jun. 20, 2008","Wilhelmi, David C.",,davewillie@netzero.net
77280584,REQUEST_FAILED,,,,,
77280629,deadAbandoned,EVENTS AND UNITY INC.,"Jun. 20, 2008","Events And Unity, Inc.",,eventsandunity@yahoo.com
77280608,REQUEST_FAILED,,,,,
77280637,deadAbandoned,TRAILRIDER NETWORK,"Jun. 19, 2008","schwartz, catherine fordney",,kelly@jksfinancial.biz
77280654,deadAbandoned,MASSAGE RENU,"Dec. 29, 2008","Massage Holdings, Inc.",,ranhorn1@yahoo.com
77280632,REQUEST_FAILED,,,,,
77280634,REQUEST_FAILED,,,,,
77280672,deadAbandoned,360° PRINT WEAR,"Jul. 01, 2008","360 Degrees Printwear, LLC",,drcannon@360degreesprintwear.com
77280641,REQUEST_FAILED,,,,,
77280673,deadAbandoned,SLENDER SHAPER,"Jun. 21, 2008",Dennis CHIU,,bs@pat-bangshia.com
77280644,REQUEST_FAILED,,,,,
77280682,deadAbandoned,TASTY WAVES ALE,"Jun. 20, 2008","Clark, Jeff",,maverickssurf@sbcglobal.net
77280698,deadAbandoned,GCASH,"Jun. 20, 2008","Hertel, Andrew D.",,drewcc71@hotmail.com
77280701,deadAbandoned,ANTITRAX,"Jun. 24, 2008",Deniau Flavien Alban Alexis,,flavou2@voila.fr
77280754,deadAbandoned,BARKEEP,"Jun. 24, 2008",9172-9863 Quebec Inc,,gjette@gmrsafety.com
77280875,deadAbandoned,EVERWRAP,"Dec. 29, 2008","May, Donna L.",,mangoway1897@aol.com
77280894,deadAbandoned,GPAGES,"Jun. 20, 2008","Hertel, Andrew D.",,drewcc71@hotmail.com
77280912,deadAbandoned,ROCK:IT FUEL,"May 17, 2008","Stearns, Brian R.",,brian.stearns@vt360.com
77280797,REQUEST_FAILED,,,,,
77280892,REQUEST_FAILED,,,,,
77280921,REQUEST_FAILED,,,,,
77280955,REQUEST_FAILED,,,,,
77280998,deadAbandoned,GLO-TILE,"Jun. 27, 2008",United Systems,,ching128@aol.com
77281006,deadAbandoned,CRIMSON HEART REPLICA,"Dec. 29, 2008","Williams, Katherine",,kkandekore@gmail.com
77280983,REQUEST_FAILED,,,,,
77281008,REQUEST_FAILED,,,,,
77281081,REQUEST_FAILED,,,,,
77281109,REQUEST_FAILED,,,,,
77281262,deadAbandoned,MANGO,"Jun. 21, 2008","MPOWER Ventures, LP",,
77281191,REQUEST_FAILED,,,,,
77281220,REQUEST_FAILED,,,,,
77281260,REQUEST_FAILED,,,,,
77281347,deadAbandoned,STUDENT LEARNING MAP,"Jun. 27, 2008",Learning-Focused,,cbartok@learningfocused.com
77281363,REQUEST_FAILED,,,,,
77281406,deadAbandoned,YOGITOES,"Jun. 11, 2008",Ferri L. Frederic,,intproperty@yogapro.com
77281509,deadAbandoned,DOSH LINE,"Jun. 24, 2008",Brooks David C,,biggbudd3@yahoo.com
77281385,REQUEST_FAILED,,,,,
77281403,REQUEST_FAILED,,,,,
77281500,REQUEST_FAILED,,,,,
77281625,deadAbandoned,RACER GIRL,"Jun. 20, 2008",Margaret E. Shearer,,shearermaggie@yahoo.com
77281629,deadAbandoned,TWIST & SHAPE,"Jun. 24, 2008",Dennis CHIU,,bs@pat-bangshia.com
77281689,deadAbandoned,None,"Jun. 21, 2008",Dennis CHIU,,bs@pat-bangshia.com
77281644,REQUEST_FAILED,,,,,
77281684,REQUEST_FAILED,,,,,
77281719,deadAbandoned,CATALYST FILM PRODUCTIONS,"Sep. 11, 2008",MICHAEL COFFEY,,MDCOFFEY67@AOL.COM
77281772,deadAbandoned,WORLD ENTERTAINMENT,"Jun. 23, 2008","Schweger, Matthias P",,mail@schweger.com
77281763,deadAbandoned,GREEN ESSENTIALS,"Jun. 21, 2008","Lee, Anderson Ming Wai",,anderson@hknonwoven.com.hk
77281796,deadAbandoned,MR.HIDE,"Jun. 23, 2008",Brandhandling International Limited,,juditht@brandhandling.com
77281778,deadAbandoned,RIIMOTE,"Sep. 25, 2008",WAVESTORM,,casassov@wave-storm.com
77281733,REQUEST_FAILED,,,,,
77281933,deadAbandoned,SNUGGLE FIT,"Jun. 27, 2008",Midwest Diamond Distributors Inc.,,ayouk@fuse.net
77281926,deadAbandoned,SNUG FIT,"Jun. 27, 2008",Midwest Diamond Distributors Inc.,,ayouk@fuse.net
77281805,REQUEST_FAILED,,,,,
77281961,REQUEST_FAILED,,,,,
77282062,deadAbandoned,DECONSTRUCTING COMPLEXITY,"Jun. 20, 2008","TelaTeneo Technologies, LLC",,jeanmarc@telateneo.com
77282094,deadAbandoned,S22MAX,"May 26, 2008","Runyan, Max R",,max.r.runyan@boeing.com
77282064,REQUEST_FAILED,,,,,
77282079,REQUEST_FAILED,,,,,
77282090,REQUEST_FAILED,,,,,
77282128,deadAbandoned,CURSO MP3 INGLES,"Sep. 04, 2008","FUNES, INC.",,
77282156,deadAbandoned,BUBBA BRAIN,"Jun. 23, 2008",Darren McCarty,,gmartino@stny.rr.com
77282197,REQUEST_FAILED,,,,,
77282222,REQUEST_FAILED,,,,,
77282223,REQUEST_FAILED,,,,,
77282355,deadAbandoned,THE HIGHEST QUALITY IS THE BOTTOM LINE,"Dec. 08, 2008","Premier, Inc.",,
77282418,deadAbandoned,WIND HYDROGEN,"May 22, 2008","7100 Group, LLC",,gary@wfiloans.com
77282328,REQUEST_FAILED,,,,,
77282506,deadAbandoned,WATER TEC INTERNATIONAL,"Jun. 22, 2008","Water Tec International, Inc.",,mmannenbach@comcast.net
77282339,REQUEST_FAILED,,,,,
77282511,deadAbandoned,None,"Jun. 15, 2008",Michigan State University Federal Credit Union,,
77282383,REQUEST_FAILED,,,,,
77282584,deadAbandoned,HOTELCAM,"Jul. 11, 2008","Dean, Robin",,joeltabbush27@sbcglobal.net
77282643,deadAbandoned,STAN HARLIN,"Jun. 30, 2008",swh holdings llc,,
77282788,deadAbandoned,ECO HOUSE,"Jun. 30, 2008",Intellectual Property Development Corporation Pty Ltd,,chris.round@middletons.com
77282618,REQUEST_FAILED,,,,,
77282748,deadAbandoned,KITTO,"Jun. 21, 2008","Callari, Susan E.",,susan.callari@gmail.com
77282640,REQUEST_FAILED,,,,,
77282798,deadAbandoned,EQUIPMENTRENTAL.COM,"Jun. 27, 2008",RentalSite LLC,,support@rentalsite.com
77282648,REQUEST_FAILED,,,,,
77282659,REQUEST_FAILED,,,,,
77282803,deadAbandoned,ECOLIFE,"Jun. 30, 2008",Intellectual Property Development Corporation Pty Ltd,,chris.round@middletons.com
77282799,REQUEST_FAILED,,,,,
77282940,deadAbandoned,DEMOCRATS SHOULDN'T BREED,"Jun. 18, 2008",A Good Idea LLP,,agillp@yahoo.com
77282878,REQUEST_FAILED,,,,,
77282945,deadAbandoned,POLITICIANS SHOULDN'T BREED,"Jun. 11, 2008",A Good Idea LLP,,agillp@yahoo.com
77282899,REQUEST_FAILED,,,,,
77282970,deadAbandoned,WISHADDER,"Jun. 24, 2008","Wish Adder, LLC",,seanfee@gmail.com
77282955,deadAbandoned,VISIPROCESS,"Jun. 23, 2008",AbraflowSoftware Inc.,,sjaskiel@tampapaby.rr.com
77282933,deadAbandoned,"""DOING OUR PART TO HELP CONTROL THE REPUBLICAN POPULATION.""","Jun. 18, 2008",A Good Idea LLP,,agillp@yahoo.com
77282987,deadAbandoned,MICRO PC,"Jun. 27, 2008","YINLIPS DIGITAL TECHNOLOGY(SHENZHEN)CO.,LTD",,
77282915,REQUEST_FAILED,,,,,
77283103,deadAbandoned,None,"Jun. 15, 2008",Michigan State University Federal Credit Union,,
77283168,deadAbandoned,None,"Jun. 15, 2008",Michigan State University Federal Credit Union,,
77283137,deadAbandoned,ECOPLUS,"Aug. 26, 2008","Zhanje, Taurayi Willie",,twilz@hotmail.com
77283135,REQUEST_FAILED,,,,,
77283263,REQUEST_FAILED,,,,,
77283332,deadAbandoned,AZAFRAN DE LA MANCHA,"Jun. 29, 2008",MANUEL ROMERO DE AVILA RAMIREZ S.A.,,marosa@marosa-saffron.com
77283362,deadAbandoned,CAVIAR DREAMS,"Jun. 24, 2008",Caviar Dreams LLC,,eu@caviar-dreams.com
77283309,REQUEST_FAILED,,,,,
77283323,REQUEST_FAILED,,,,,
77283374,REQUEST_FAILED,,,,,
77283560,deadAbandoned,EKITS.COM,"Jun. 23, 2008",AMERICAN IMMIGRATION CENTER INC,,ELLIE@US-IMMIGRATION.COM
77283506,deadAbandoned,I AM...,"Dec. 12, 2008",I am...,,sales@myiamlife.com
77283493,REQUEST_FAILED,,,,,
77283501,REQUEST_FAILED,,,,,
77283585,REQUEST_FAILED,,,,,
77283748,deadAbandoned,GAMEON,"Sep. 02, 2008",GOES International AB,,mikael@gameon.se
77283628,REQUEST_FAILED,,,,,
77283684,REQUEST_FAILED,,,,,
77283763,REQUEST_FAILED,,,,,
77283961,deadAbandoned,THE GREEN STORE,"Jun. 24, 2008",Gira Corp.,,ross@solar-plus.net
77283864,REQUEST_FAILED,,,,,
77284039,deadAbandoned,HEAR YOUR VERY BEST,"Jun. 29, 2008","Audiology Unlimited, Inc.",,hearhere@charter.net
77284030,REQUEST_FAILED,,,,,
77284049,deadAbandoned,VINTEK,"Jun. 29, 2008",Keith Williams,,ozmalltrading@hotmail.com
77284088,REQUEST_FAILED,,,,,
77284082,REQUEST_FAILED,,,,,
77284092,REQUEST_FAILED,,,,,
77284131,REQUEST_FAILED,,,,,
77284428,REQUEST_FAILED,,,,,
77284454,REQUEST_FAILED,,,,,
77284567,deadAbandoned,JOLIET MAGAZINE,"Oct. 28, 2008",Joseph Awinongya,,ayingo@hotmail.com
77284518,REQUEST_FAILED,,,,,
77284525,REQUEST_FAILED,,,,,
77284541,REQUEST_FAILED,,,,,
77284550,REQUEST_FAILED,,,,,
77284692,deadAbandoned,WHOLE SYSTEM STUDY,"Jun. 24, 2008","Danoy, Michael, M.",,mmdanoy@hotmail.com
77284622,REQUEST_FAILED,,,,,
77284652,REQUEST_FAILED,,,,,
77284671,REQUEST_FAILED,,,,,
77284718,REQUEST_FAILED,,,,,
77285041,deadAbandoned,GIVE CARD,"Nov. 03, 2008","Giving Tree, LLC",,nick@givingtreelife.com
77285007,REQUEST_FAILED,,,,,
77285062,REQUEST_FAILED,,,,,
77285067,REQUEST_FAILED,,,,,
77285090,deadAbandoned,CRYSTAL WHITENING,"Aug. 30, 2008","Ku, Bona",,bku@staroceanfoods.com
77285168,deadAbandoned,REFERRALBUSINESSCARDS.COM INVITE REFERRALS,"Jun. 27, 2008",SBG Corporation,,markmarston@comcast.net
77285111,REQUEST_FAILED,,,,,
77285230,deadAbandoned,NC NEW CENTURY PICTURES,"Jun. 29, 2008",New Century Entertainment,,info@centurylinepictures.com
77285282,deadAbandoned,SMOOTH TOUCH,"Oct. 27, 2008",CGE Enterprises LLC,,jhastings@vermontcountrystore.com
77285205,REQUEST_FAILED,,,,,
77285318,deadAbandoned,AIRCRAFT INTERIORS | EXPO ASIA,"May 08, 2008",Reed Exhibitions Limited,,renee.simonton@reipmsi.com
77285296,deadAbandoned,AIRCRAFT INTERIORS | EXPO ASIA,"May 08, 2008",Reed Exhibitions Limited,,renee.simonton@reipmsi.com
77285236,REQUEST_FAILED,,,,,
77285268,REQUEST_FAILED,,,,,
77285324,REQUEST_FAILED,,,,,
77285328,REQUEST_FAILED,,,,,
77285575,deadAbandoned,FILTHY & FLAWLESS,"Jun. 29, 2008",Filthy & Flawless Apparel,,info@filthyandflawless.com
77285625,deadAbandoned,BLOCKPASTA,"Jun. 16, 2008","Wolter, Fabian",,fabian.wolter@gmx.de
77285541,REQUEST_FAILED,,,,,
77285549,REQUEST_FAILED,,,,,
77285601,REQUEST_FAILED,,,,,
77285677,REQUEST_FAILED,,,,,
77285745,REQUEST_FAILED,,,,,
77285821,REQUEST_FAILED,,,,,
77285863,REQUEST_FAILED,,,,,
77285902,REQUEST_FAILED,,,,,
77285914,REQUEST_FAILED,,,,,
77285962,REQUEST_FAILED,,,,,
77286060,REQUEST_FAILED,,,,,
77286129,REQUEST_FAILED,,,,,
77286234,deadAbandoned,XTRUCOR,"Jun. 25, 2008","Winroth, Scott Allen",,sawinroth@xtrucor.com
77286202,REQUEST_FAILED,,,,,
77286325,deadAbandoned,ASTARO A STAR IS BORN,"Jul. 07, 2008",Patricia Baro,,dvusdesigns@gmail.com
77286311,REQUEST_FAILED,,,,,
77286395,deadAbandoned,"TAX RELIEF SYSTEMS, INC.","Jun. 28, 2008","Tax Relief Systems, Inc.",,jsb222@adelphia.net
77286320,REQUEST_FAILED,,,,,
77286356,REQUEST_FAILED,,,,,
77286469,REQUEST_FAILED,,,,,
77286478,REQUEST_FAILED,,,,,
77286530,deadAbandoned,NC NEW CENTURY THEATRE,"Jun. 29, 2008",New Century Entertainment,,info@centurylinepictures.com
77286504,REQUEST_FAILED,,,,,
77286512,REQUEST_FAILED,,,,,
77286518,REQUEST_FAILED,,,,,
77286552,deadAbandoned,GOLD CUVEE,"Jun. 30, 2008",Craig Hallam,,CraigHallam@RobertBussmanIndustries.com
77286527,REQUEST_FAILED,,,,,
77286559,REQUEST_FAILED,,,,,
77286651,deadAbandoned,GAME SHOW ARENA,"May 01, 2008",Imagination Holdings Pty Ltd,,hostmaster@imagination.com.au
77286652,deadAbandoned,GAME SHOW CENTER,"May 01, 2008",Imagination Holdings Pty Ltd,,sarah.wishart@imagination.com.au
77286606,REQUEST_FAILED,,,,,
77286645,deadAbandoned,PRECIOUS JULES,"Jun. 30, 2008","Martinez, Julia I.",,martinezjulia@yahoo.com
77286667,deadAbandoned,LEFT CENTER RIGHT,"Jul. 04, 2008",Imagination Holdings Pty Ltd,,sarah.wishart@imagination.com.au
77286659,deadAbandoned,THE NAME GAME,"Jul. 03, 2008",Imagination Holdings Pty Ltd,,hostmaster@imagination.com.au
77286665,deadAbandoned,DOUBLE OR QUITS,"Jul. 03, 2008",Imagination Holdings Pty Ltd,,sarah.wishart@imagination.com.au
77286648,REQUEST_FAILED,,,,,
77286673,deadAbandoned,LEFT CENTER RIGHT EXPRESS,"Jun. 30, 2008",Imagination Holdings Pty Ltd,,sarah.wishart@imagination.com.au
77286669,deadAbandoned,THE ORIGINAL LEFT CENTER RIGHT GAME,"Jun. 30, 2008",Imagination Holdings Pty Ltd,,sarah.wishart@imagination.com.au
77286670,deadAbandoned,THE ORIGINAL POCKET LEFT CENTER RIGHT GAME,"Jun. 30, 2008",Imagination Holdings Pty Ltd,,sarah.wishart@imagination.com.au
77286675,deadAbandoned,PARTY LEFT CENTER RIGHT,"Jun. 30, 2008",Imagination Holdings Pty Ltd,,sarah.wishart@imagination.com.au
77286653,REQUEST_FAILED,,,,,
77286677,deadAbandoned,MINI LEFT CENTER RIGHT,"Jun. 30, 2008",Imagination Holdings Pty Ltd,,sarah.wishart@imagination.com.au
77286716,deadAbandoned,DELAYED DELETES,"Jul. 01, 2008",Jakob Holger,,holger.jakob@informatio.ch
77286674,deadAbandoned,IMAGINATION'S LEFT CENTER RIGHT DICE GAME,"Jun. 30, 2008",Imagination Holdings Pty Ltd,,sarah.wishart@imagination.com.au
77286671,REQUEST_FAILED,,,,,
77286767,deadAbandoned,SAN JOSE DEL REFUGIO,"Jul. 01, 2008","ROMO DE LA PENA, LUZ GABRIELA",,cthomae@jcva.com.mx
77286822,deadAbandoned,ECIGARETTESUSA,"Jul. 08, 2008","Fiebig, Dieter",,
77286749,deadAbandoned,SUITEVOIP,"Jul. 07, 2008",Taijitu Tech Solutions LLC,,dzentz@taijitutech.com
77286807,deadAbandoned,BEYOND,"Jun. 24, 2008","Schrier, Amy M",,amyschrier@hotmail.com
77286899,deadAbandoned,T-REX,"Dec. 11, 2008",Newby Barry & Paul Barry Fenton,,barry.newby@t-rex.co.uk
77286743,REQUEST_FAILED,,,,,
77286828,REQUEST_FAILED,,,,,
77286976,deadAbandoned,HUNTER'S RIDGE,"Aug. 05, 2008","RANKAM GROUP, LTD",,mariann@rankam.com
77287013,REQUEST_FAILED,,,,,
77287024,REQUEST_FAILED,,,,,
77287239,deadAbandoned,"THE REBUTTAL REAL, BIASED NEWS","Jul. 03, 2008","HITWP, LLC",,brianbnelson@gmail.com
77287051,REQUEST_FAILED,,,,,
77287454,REQUEST_FAILED,,,,,
77287464,REQUEST_FAILED,,,,,
77287540,REQUEST_FAILED,,,,,
77287635,deadAbandoned,HAPPY BABY,"Jul. 07, 2008",Daniel Moshirian,,dmoshirian@aol.com
77287605,REQUEST_FAILED,,,,,
77287666,deadAbandoned,NUEDGE,"Jul. 09, 2008",Daniel Moshirian,,dmoshirian@aol.com
77287617,REQUEST_FAILED,,,,,
77287682,REQUEST_FAILED,,,,,
77287742,deadAbandoned,MMA FILMS,"Jun. 30, 2008","Levey, Joseph R",,JRLevey@gmail.com
77287737,deadAbandoned,MMA MANAGEMENT GROUP,"Jun. 30, 2008","Levey, Joseph R",,JRLevey@gmail.com
77287693,REQUEST_FAILED,,,,,
77287767,deadAbandoned,HEAL THAT PAIN,"May 24, 2008","JAS Enterprises, Inc.",,ambistia@gmail.com
77287723,REQUEST_FAILED,,,,,
77287752,deadAbandoned,CARE2SELL,"Oct. 20, 2008","2sell Services, LLC",,mikerindenver@hotmail.com
77287748,REQUEST_FAILED,,,,,
77287751,REQUEST_FAILED,,,,,
77287917,REQUEST_FAILED,,,,,
77288125,deadAbandoned,KIDOGS,"Jul. 01, 2008","Portha, Stephane",,stephane@portha.com
77288067,REQUEST_FAILED,,,,,
77288121,deadAbandoned,ENBIOMAT YOUR ECO PACKING SOLUTION,"Jul. 07, 2008",EBM BIODEGRADABLE MATERIALS LTD,,info@ebml.com.hk
77288112,REQUEST_FAILED,,,,,
77288117,REQUEST_FAILED,,,,,
77288489,deadAbandoned,OPTIMA,"Jun. 30, 2008","ULTIMATE WIREFORMS, INC.",,
77288217,REQUEST_FAILED,,,,,
77288334,REQUEST_FAILED,,,,,
77288575,deadAbandoned,"WHAT HAPPENS ON BOURBON STREET, STAYS ON BOURBON STREET","Jun. 30, 2008","Jones, Wilfred",,jjbebop@aol.com
77288582,REQUEST_FAILED,,,,,
77288623,REQUEST_FAILED,,,,,
77288770,deadAbandoned,RUSSIAN MEGA STORE,"Jul. 12, 2008",Russian Mega Store,,webeugenenm@yahoo.com
77288800,deadAbandoned,None,"Jul. 07, 2008","Harmony Solutions, LLC.",,dhanford@harmony-home.com
77288739,REQUEST_FAILED,,,,,
77288768,REQUEST_FAILED,,,,,
77288859,REQUEST_FAILED,,,,,
77288940,deadAbandoned,OXY-GENE,"Jun. 30, 2008",Oxy-Gene(Holdings) Pty Ltd,,rocco@oxy-gene.com
77288900,REQUEST_FAILED,,,,,
77289039,deadAbandoned,KII-FRAME,"Nov. 06, 2008",WAVESTORM,,casassov@wave-storm.com
77289033,REQUEST_FAILED,,,,,
77289084,REQUEST_FAILED,,,,,
77289163,REQUEST_FAILED,,,,,
77289278,deadAbandoned,"FIRE & ICE HEATING AND AIR CONDITIONING, INC.","Jul. 02, 2008","Fire & Ice Heating and Air Conditioning, Inc.",,cathy@fireandicehvac.com
77289251,REQUEST_FAILED,,,,,
77289252,REQUEST_FAILED,,,,,
77289341,REQUEST_FAILED,,,,,
77289367,REQUEST_FAILED,,,,,
77289406,REQUEST_FAILED,,,,,
77289409,REQUEST_FAILED,,,,,
77289580,deadAbandoned,JUICE CO.,"Jul. 01, 2008","Watermeier, Nathan J.",,blackenedwaters13@hotmail.com
77289470,REQUEST_FAILED,,,,,
77289707,REQUEST_FAILED,,,,,
77289754,REQUEST_FAILED,,,,,
77289893,deadAbandoned,BOY LONDON,"Jun. 30, 2008",S & M BOY LLC,,
77289916,REQUEST_FAILED,,,,,
77289929,REQUEST_FAILED,,,,,
77289961,REQUEST_FAILED,,,,,
77290025,deadAbandoned,SEEGOE,"Jul. 08, 2008","SHENZHEN DONJIN COMMUNICATION TECH CO., LTD.",,
77289997,deadAbandoned,THE SKATEBOARD COMPANY,"Jul. 01, 2008","Hirsch, Mike D",,mike@socalskateparks.com
77290026,deadAbandoned,NC NEW CENTURY ENTERTAINMENT,"Jun. 29, 2008",New Century Entertainment,,info@centurylinepictures.com
77290023,REQUEST_FAILED,,,,,
77290033,REQUEST_FAILED,,,,,
77290120,deadAbandoned,CWRW HAF,"Jun. 05, 2008",The Hurns Beer Company Ltd.,,
77290070,REQUEST_FAILED,,,,,
77290251,deadAbandoned,ASPEN BREWERY,"Jul. 01, 2008","Clauss, Duncan Stuart",,Duncan@Aspenbrewingco.com
77290217,deadAbandoned,MAGIC LAGYR,"Dec. 08, 2008",Hurns Brewing Company Ltd.,,
77290135,REQUEST_FAILED,,,,,
77290261,REQUEST_FAILED,,,,,
77290258,REQUEST_FAILED,,,,,
77290426,deadAbandoned,[BAKT] FRESH DAILY,"Jul. 04, 2008",Kraftsmen Bakers LTD,,brandy@kraftsmenbaking.com
77290313,REQUEST_FAILED,,,,,
77290663,deadAbandoned,PLASCAN CRUSHER FOR PLASTIC BOTTLES AND DRINK CANS,"Jul. 07, 2008",KAHIL SUSAN M.,,plascan@plascan.com
77290667,deadAbandoned,AIRSOFT,"Jul. 01, 2008","Wah Lee Co., Ltd.",,Wallace@ZShot.com
77290438,REQUEST_FAILED,,,,,
77290682,deadAbandoned,HOP UP,"Jul. 01, 2008","Wah Lee Co., Ltd.",,Wallace@ZShot.com
77290530,REQUEST_FAILED,,,,,
77290518,REQUEST_FAILED,,,,,
77290693,REQUEST_FAILED,,,,,
77290923,deadAbandoned,27REASONS,"Jul. 02, 2008",27Reasons Charitable Foundation,,27C@27Reasons.org
77290867,REQUEST_FAILED,,,,,
77290924,REQUEST_FAILED,,,,,
77290938,REQUEST_FAILED,,,,,
77290979,REQUEST_FAILED,,,,,
77290984,REQUEST_FAILED,,,,,
77291144,deadAbandoned,BOTTLED WATER MAKER,"Jul. 11, 2008",TekQuest Industries Corporation,,sfrazier@tekquestindustries.com
77291074,deadAbandoned,RICHMOND NATURE,"Dec. 26, 2008",HEMPINO INTERNATIONAL PTY. LTD.,,richmondnature@yahoo.com
77291180,deadAbandoned,POS 2.0,"Jul. 08, 2008",Third Solutions Inc,,bsock@thirdsolutions.com
77291123,deadAbandoned,PAZOEN,"Jul. 09, 2008","Delabie, Jochen",,funnie_16@hotmail.com
77291225,deadAbandoned,PEDIATRIC MILESTONES,"Jul. 08, 2008","Stephanie Dilliner, Physical Therapist, Inc.",,tom@pediatricmilestones.com
77291284,deadAbandoned,SILENT VICTORY PRODUCTIONS,"Jul. 07, 2008",Silent Victory Productions,,
77291165,REQUEST_FAILED,,,,,
77291251,REQUEST_FAILED,,,,,
77291541,deadAbandoned,THE FLORIDAN MARATHON,"Jul. 04, 2008","South Lake Hospital, Inc.",,erika.lima@orhs.org
77291432,REQUEST_FAILED,,,,,
77291549,REQUEST_FAILED,,,,,
77291575,REQUEST_FAILED,,,,,
77291560,REQUEST_FAILED,,,,,
77291671,REQUEST_FAILED,,,,,
77291973,deadAbandoned,INGEST MACHINE,"Jul. 10, 2008",Dulnev Vladimir Alexandrovich,,doulnev@gmail.com
77292037,deadAbandoned,QUADRUS,"Jul. 10, 2008",Dulnev Vladimir Alexandrovich,,doulnev@gmail.com
77291909,REQUEST_FAILED,,,,,
77292065,deadAbandoned,TOWNCARD,"Jul. 03, 2008","Visser, Michael S.",,falet@aol.com
77292019,REQUEST_FAILED,,,,,
77292108,deadAbandoned,CUTIE BOWS,"Jul. 02, 2008",Gina Dicks,,cutiebows@hotmail.com
77292054,REQUEST_FAILED,,,,,
77292062,REQUEST_FAILED,,,,,
77292166,REQUEST_FAILED,,,,,
77292265,deadAbandoned,POWER OF GREEN,"Dec. 29, 2008",Terence LaRocca,,amtautomation@gmail.com
77292227,REQUEST_FAILED,,,,,
77292275,REQUEST_FAILED,,,,,
77292309,deadAbandoned,WEST END SAN FRANCISCO,"Jul. 29, 2008","Sarkisian, Eniko, M",,e_sarkisian@dfmonline.com
77292276,REQUEST_FAILED,,,,,
77292358,deadAbandoned,OPTIMJ,"Jul. 12, 2008",Ateji,,patrick.viry@ateji.com
77292280,REQUEST_FAILED,,,,,
77292294,REQUEST_FAILED,,,,,
77292377,deadAbandoned,SUPERBOL,"Nov. 01, 2008","Designer Supplements, Inc.",,steve@designersupps.com
77292379,deadAbandoned,POOCHIEDOGS,"Jul. 09, 2008","Kudron, Loreen",,Loreen@PoochieDogs.com
77292378,deadAbandoned,ADRENALEAN,"Jul. 17, 2008",Designer Supplements,,steve@designersupps.com
77292312,REQUEST_FAILED,,,,,
77292351,REQUEST_FAILED,,,,,
77292402,deadAbandoned,QUIK LOC,"Jul. 18, 2008",Nancy Keech,,creativen@cox.net
77292421,deadAbandoned,HAULIN USA,"Dec. 24, 2008","Fearing, Steven J.",,gm55chevy@aol.com
77292386,REQUEST_FAILED,,,,,
77292430,deadAbandoned,GREENLAND,"Jul. 05, 2008",Armann Kojic,,jasteinsson@gmail.com
77292424,deadAbandoned,FROM THE STRAND,"Jul. 08, 2008",Rhonda DeLeon,,rhonda@fromthestrand.com
77292444,REQUEST_FAILED,,,,,
77292503,deadAbandoned,LOVETUBE,"Jul. 08, 2008",Walter W Driver III,,chris@keenums.com
77292530,deadAbandoned,FEMINI,"Jul. 08, 2008",Mpathy Medical Devices Ltd,,carolinestretton@mpathy.org
77292504,deadAbandoned,FOOT-SLOOPY,"Jul. 09, 2008","Runyan, Max R",,max.r.runyan@boeing.com
77292579,deadAbandoned,RINGO,"Jul. 12, 2008",Electric Pocket Limited,,steve@electricpocket.com
77292487,REQUEST_FAILED,,,,,
77292482,REQUEST_FAILED,,,,,
77292498,REQUEST_FAILED,,,,,
77292697,REQUEST_FAILED,,,,,
77292877,deadAbandoned,POLISH PERFECT,"Jul. 15, 2008","von Eberstein, Justin",,terra_incognita2@yahoo.com
77292803,REQUEST_FAILED,,,,,
77292784,REQUEST_FAILED,,,,,
77292838,REQUEST_FAILED,,,,,
77293112,deadAbandoned,RUMBLE KING,"Jul. 08, 2008",Shannon Ramirez,,contactrumble@yahoo.com
77293000,deadAbandoned,BAMBOO CRAFTERS,"Jul. 08, 2008","Van Dam, Keith E.",,kvandam@bak.rr.com
77293114,deadAbandoned,THE SECRETS OF LIFE,"Jul. 11, 2008",ICAN Corp,,
77293195,deadAbandoned,BALD WITH GAME BWG,"Jun. 30, 2008",swh holdings llc,,
77293200,deadAbandoned,COMPETITIVE CAPACITY,"Jul. 30, 2008","Blane, Canada Ltd.",,research@blanecanada.com
77293206,deadAbandoned,NAOMI JEAN & CO.,"Jul. 21, 2008","Morris-Irvin, T. Hutson",,hutson@naomijean.com
77293232,deadAbandoned,EYE SPY,"Sep. 08, 2008","Spencer Publishing, Inc.",,wadespencer@everestkc.net
77293148,REQUEST_FAILED,,,,,
77293201,REQUEST_FAILED,,,,,
77293302,REQUEST_FAILED,,,,,
77293377,deadAbandoned,SOBER LIFE,"Feb. 10, 2008","mySoberLife, LLC.",,mfields@mysoberlife.com
77293312,REQUEST_FAILED,,,,,
77293327,REQUEST_FAILED,,,,,
77293398,REQUEST_FAILED,,,,,
77293400,REQUEST_FAILED,,,,,
77293425,deadAbandoned,FISH BANK,"Jul. 01, 2008",Moose Enterprise Pty Ltd,,stephen.oneill@moosetoys.com
77293409,REQUEST_FAILED,,,,,
77293438,REQUEST_FAILED,,,,,
77293459,REQUEST_FAILED,,,,,
77293550,deadAbandoned,WE ARE YOU'RE NOT,"Jul. 11, 2008",Terri DeVenuto,,pizazzcrew@yahoo.com
77293554,deadAbandoned,CHOCKO-LATTE,"Jul. 09, 2008",Delmar MFG. LLC,,ryan@delmarintl.ca
77293482,REQUEST_FAILED,,,,,
77293627,deadAbandoned,SWEET LEMON VEGETARIAN BISTRO,"Jul. 11, 2008",Sweet Lemon Vegetarian Bistro,,sweetlemonmp@yahoo.com
77293545,REQUEST_FAILED,,,,,
77293617,REQUEST_FAILED,,,,,
77293683,REQUEST_FAILED,,,,,
77293741,deadAbandoned,WHEN YOU NEED TO HIDE YOUR STUFF!,"Jul. 14, 2008","Cook Sales, Inc.",,jmccurdy@cookstuff.com
77293685,REQUEST_FAILED,,,,,
77293698,REQUEST_FAILED,,,,,
77293796,REQUEST_FAILED,,,,,
77293806,REQUEST_FAILED,,,,,
77294015,REQUEST_FAILED,,,,,
77294439,deadAbandoned,CLIP ON CARDS A GIFT BAG'S BEST FRIEND!,"Oct. 21, 2008",Blackwelder Jennifer Lee,,jenniferblackwelder@hotmail.com
77294498,deadAbandoned,None,"Jul. 11, 2008","Hager, Edwin",,ed@ministryofrum.com
77294418,REQUEST_FAILED,,,,,
77294590,deadAbandoned,CODE RED URBAN WEAR,"Dec. 22, 2008",Code Red Urban Wear,,rcphilli@umd.umich.edu
77294486,REQUEST_FAILED,,,,,
77294510,REQUEST_FAILED,,,,,
77294607,deadAbandoned,MYONLINETOWN,"Jul. 14, 2008",Don D. Hobson,,dhobson98@gmail.com
77294664,deadAbandoned,AYSLIM,"Jul. 15, 2008",Pharma Nostra Comercial Ltda.,,carlos@pharmanostra.com.br
77294732,REQUEST_FAILED,,,,,
77294904,deadAbandoned,THINK + POSITIVE! MAGAZINE,"Dec. 17, 2008",Miracle Media LLC,,acctg@miraclemediachicago.com
77294854,REQUEST_FAILED,,,,,
77294909,deadAbandoned,SOLAR BLISS SUNLESS TANNING,"Nov. 22, 2008",SolarBliss Inc.,,felix07@bellsouth.net
77294865,REQUEST_FAILED,,,,,
77294947,deadAbandoned,KITCHENSHARE,"Jul. 28, 2008","KitchenShare, LLC",,scott@kitchenshare.com
77294958,REQUEST_FAILED,,,,,
77295042,REQUEST_FAILED,,,,,
77295112,REQUEST_FAILED,,,,,
77295242,deadAbandoned,RADIOROBOT,"Jul. 15, 2008",Radiorobot LLC,,robot@radiorobot.com
77295210,deadAbandoned,INNOVATIVE PRODUCT DEVELOPMENT,"Jul. 29, 2008","UVeritech, Inc.",,shannan@uveritech.com
77295451,deadAbandoned,POSH PUPPY,"Jul. 11, 2008",Posh Puppy Incorporated,,
77295219,REQUEST_FAILED,,,,,
77295413,REQUEST_FAILED,,,,,
77295680,deadAbandoned,NEW YORK LAGER,"Jun. 27, 2008","Christopher J. Curylo, Esq.",,cjclaw@hotmail.com
77295603,deadAbandoned,HOME HEALTH ONLINE,"Jul. 11, 2008","Spuhl-Tu Enterprises, L.L.C.",,joshua.spuhl@homehealthonline.biz
77295600,REQUEST_FAILED,,,,,
77295703,deadAbandoned,BLUE BAMBOO,"Jul. 17, 2008","Tanaka, David",,davet2000@sbcglobal.net
77295681,deadAbandoned,PENNSYLVANIA LAGER,"Jun. 26, 2008","Christopher J. Curylo, Esq.",,cjclaw@hotmail.com
77295847,deadAbandoned,FAST TOMOGRAPHIC MAMMOGRAPHY,"Oct. 23, 2008",Dexela Ltd,,kirstie@dexelaimaging.com
77295859,deadAbandoned,PHENOMENON,"Feb. 29, 2008","Mitchell, Donnell L.",,rapphenomenons@yahoo.com
77295740,REQUEST_FAILED,,,,,
77295797,REQUEST_FAILED,,,,,
77296073,deadAbandoned,RISK BALANCE SHEET A TRINSUM GROUP SERVICE,"Feb. 20, 2008","TRIN FUNDING, LLC",,
77295956,REQUEST_FAILED,,,,,
77296103,deadAbandoned,FLATS FLYER,"Jul. 17, 2008",Green Heron Skiff LLC,,jesse@greenheronskiff.com
77296417,deadAbandoned,CHILL BUBBLE TEA,"Jul. 28, 2008","Chill Bubble Tea, Inc.",,cw@franchise-u.com
77296176,REQUEST_FAILED,,,,,
77296463,deadAbandoned,"PREPARE BEFORE ""IT"" HITS THE FAN BIG CREEK MERCANTILE.COM GET YOUR PADDLE AND MORE AT OUR ONLINE STORE!","Jul. 15, 2008",Dianne Houser,,dk@bigcreekmercantile.com
77296606,deadAbandoned,DADA COUTURE,"Jul. 15, 2008","Sun, Ka Yuen",,honglchen@yahoo.com
77296518,REQUEST_FAILED,,,,,
77296701,deadAbandoned,VIRTUAL RESIDENT,"Jul. 22, 2008",NASFORCE Corporation,,ingrassia@vito.com
77296660,REQUEST_FAILED,,,,,
77296718,deadAbandoned,VIRTUAL PROFESSIONAL SERVICES,"Jul. 22, 2008",NASFORCE Corporation,,ingrassia@vito.com
77296755,deadAbandoned,EASY TEXT REALTY,"Jul. 11, 2008","Blue Cove Media, Inc.",,jennmich277@hotmail.com
77296786,deadAbandoned,UNDERDAROCK,"Jul. 18, 2008","COLLINS, COSMAS",,underdarockent@gmail.com
77296733,REQUEST_FAILED,,,,,
77296778,REQUEST_FAILED,,,,,
77296823,deadAbandoned,KOORINGAL HATS AND ACCESSORIES,"Jul. 18, 2008",Earth Nymph Design Pty Ltd,,michele@earthnymph.com.au
77296864,deadAbandoned,ALICE'S MAHJONG ADVENTURE,"Feb. 06, 2008","PoBros, Inc.",,
77297009,deadAbandoned,SMARTCART,"Jun. 02, 2008","MFRI, Inc.",,bielobradekv@tdcfilter.com
77296875,REQUEST_FAILED,,,,,
77297043,deadAbandoned,TURBOVIEWER,"Jun. 17, 2008","IMSI/Design, LLC",,greg@farroshr.com
77296905,REQUEST_FAILED,,,,,
77297016,REQUEST_FAILED,,,,,
77297139,deadAbandoned,KRAZER,"Jul. 15, 2008",Genio Informatica LTDA-EPP,,genio@genioinformatica.com.br
77297101,deadAbandoned,ARC AMERICAN RACE CAR PRODUCTS,"Jul. 15, 2008","American Racecar Products, Inc.",,
77297168,REQUEST_FAILED,,,,,
77297247,deadAbandoned,OPEN SEASON,"Feb. 04, 2008","E-Global Sports Network, Inc.",,
77297362,deadAbandoned,HERCULIN MRF-4,"Dec. 26, 2008","Fortress Systems, LLC",,
77297331,REQUEST_FAILED,,,,,
77297477,deadAbandoned,EP-1A,"Jul. 14, 2008",Coastside Bio Resources,,info@coastsidebio.com
77297449,REQUEST_FAILED,,,,,
77297735,deadAbandoned,CLA$ICK,"Jul. 15, 2008","Thomas, Sean J.",,clasick818@yahoo.com
77297528,REQUEST_FAILED,,,,,
77297750,deadAbandoned,IPD INNOVATIVE PRODUCT DEVELOPMENT,"Jul. 14, 2008","UVeritech, Inc",,shannan@uveritech.com
77297810,REQUEST_FAILED,,,,,
77297868,deadAbandoned,SPY DOG,"Jul. 14, 2008","Foust, Brian R",,brfoust@yahoo.com
77297865,deadAbandoned,VICKTIMIZE,"Jul. 23, 2008",Jason Jones,,proven@2bexact.com
77297730,REQUEST_FAILED,,,,,
77297883,REQUEST_FAILED,,,,,
77297895,REQUEST_FAILED,,,,,
77297910,deadAbandoned,PAILICCS,"Jul. 16, 2008",Calapan International Limited,,colinnw@yahoo.com
77297930,deadAbandoned,DISASTERPEACE,"Jul. 17, 2008","Vreeland, Richard Louis",,rich.vreeland@gmail.com
77297903,REQUEST_FAILED,,,,,
77297948,deadAbandoned,LICENSE TO LIVE,"Jul. 15, 2008","Keck, Jason W.",,jason_keck@post.harvard.edu
77297976,deadAbandoned,EVOLUTION GAMER,"Jul. 22, 2008",Evolution Gamer LLC,,michael@evolutiongamer.com
77297956,REQUEST_FAILED,,,,,
77297959,REQUEST_FAILED,,,,,
77298025,deadAbandoned,LIMITLESS ONE ACCCESS REWARDS,"Jul. 15, 2008",julian Jackson,,4julian@gmail.com
77298008,REQUEST_FAILED,,,,,
77298006,REQUEST_FAILED,,,,,
77298016,REQUEST_FAILED,,,,,
77298060,deadAbandoned,BABY TART,"Jul. 22, 2008","Goldsmith, Lauren R.",,lauren@pinup-poptart.com
77298026,REQUEST_FAILED,,,,,
77298038,deadAbandoned,JUST VOMIT VOICE OVER MASK,"Jul. 23, 2008",VOM - Voice Over Mask,,martindebbie@rogers.com
77298066,deadAbandoned,TRAVELLER FINDER,"Aug. 03, 2008","DOR ON, ITAI",,itaid1@yahoo.com
77298120,deadAbandoned,BLUE WATER,"Jul. 15, 2008","Taplin, Craig",,info@actuateip.com.au
77298105,deadAbandoned,BLESS 'EM,"Jul. 15, 2008",Holland Nancy V.,,llij_holland@hotmail.com
77298167,deadAbandoned,GOD IS GOOD!,"Jul. 16, 2008","Wehrenberg , Arnold and Heather",,arnoldnheather@yahoo.com
77298123,REQUEST_FAILED,,,,,
77298190,deadAbandoned,ROAD RASH REMEDY & HEALING BALM,"Jun. 20, 2008",SPORTIQUE International Inc,,jan@sportique.net
77298176,REQUEST_FAILED,,,,,
77298224,REQUEST_FAILED,,,,,
77298272,REQUEST_FAILED,,,,,
77298367,REQUEST_FAILED,,,,,
77298372,REQUEST_FAILED,,,,,
77298530,deadAbandoned,EL ITACATE,"Jul. 17, 2008",MARCO ANTONIO PAMANES FERNANDEZ,,marcopamanes@podigy.net.mx
77298549,REQUEST_FAILED,,,,,
77298641,REQUEST_FAILED,,,,,
77298686,deadAbandoned,FLEXIBLE TREAT FABULOUS FEET,"Jun. 11, 2008",Ferri L. Frederic,,
77298676,REQUEST_FAILED,,,,,
77298710,REQUEST_FAILED,,,,,
77298733,REQUEST_FAILED,,,,,
77298746,REQUEST_FAILED,,,,,
77298770,REQUEST_FAILED,,,,,
77298889,deadAbandoned,HERBAL H2O,"Jul. 16, 2008","Diaz, Patricia Simental",,pdiaz2@mac.com
77298904,deadAbandoned,AMARANTHA'S GARDEN,"Jul. 25, 2008","Amarantha's Garden, L.C.",,lawrence@amaranthasgarden.net
77298806,REQUEST_FAILED,,,,,
77298870,REQUEST_FAILED,,,,,
77298929,deadAbandoned,MTS MOBILE TAX SERVICE,"Jul. 23, 2008","Hardy, Joyce",,dhardy@mobiletaxservice.biz
77298925,deadAbandoned,FUELFROMH20 MAGDRIVE HHO GENERATORS,"Jul. 22, 2008","Cornell, James",,jcornell@fuelfromh2o.com
77298947,deadAbandoned,SUPERMOTOSTREET.COM,"Jul. 17, 2008",Long Patrick Lydon,,paddybuilt@yahoo.com
77298963,deadAbandoned,BIGG DOGG,"Jan. 08, 2008",Taylor Brands Incorporated,,taylorbrandsinc@yahoo.com
77298987,deadAbandoned,MAGNETIC SOUNDS,"Dec. 15, 2008","Beresford, Elizabeth Margaret",,
77298953,REQUEST_FAILED,,,,,
77298974,REQUEST_FAILED,,,,,
77299007,deadAbandoned,HONEST,"Jul. 18, 2008",Empire World Trade Ltd,,julie.criddle@empireworldtrade.com
77299170,REQUEST_FAILED,,,,,
77299224,REQUEST_FAILED,,,,,
77299411,REQUEST_FAILED,,,,,
77299587,deadAbandoned,M MASH,"Jul. 16, 2008","MASH TRANSIT, LLC",,info@mashsf.com
77299451,REQUEST_FAILED,,,,,
77299829,deadAbandoned,PRACTICE KINDNESS,"Jul. 16, 2008","Tees For Change, LLC",,info@teesforchange.com
77299630,REQUEST_FAILED,,,,,
77299815,deadAbandoned,LONG LIVE SOCCER,"Jul. 22, 2008",Ubisoft inc.,,
77299820,deadAbandoned,JUST SOCCER,"Jul. 17, 2008",Ubisoft inc.,,marc.muraccini@ubisoft.com
77299824,REQUEST_FAILED,,,,,
77299915,REQUEST_FAILED,,,,,
77300020,REQUEST_FAILED,,,,,
77300056,deadAbandoned,GUTTA BUTTA BAR,"Jul. 16, 2008",Jalandis Donneal Sands,,J_MAN_2001_A@yahoo.com
77300027,REQUEST_FAILED,,,,,
77300089,deadAbandoned,VAPENOW,"Aug. 07, 2008","The Brickton Group, LLC",,thebricktongroup@gmail.com
77300054,REQUEST_FAILED,,,,,
77300121,deadAbandoned,E-Z-LACE,"Sep. 09, 2008","ORTHOFEET, INC.",,orthofeet@aol.com
77300117,deadAbandoned,THE WORLD IS YOURS,"Aug. 05, 2008","Cheung, William",,pyeung2@gmail.com
77300098,REQUEST_FAILED,,,,,
77300129,deadAbandoned,REALTALKNY,"Aug. 11, 2008",Nigel D Media Group LLC,,realtalkny@gmail.com
77300134,deadAbandoned,"LONGEVITY FOOD FOR LIFE THE WORLD'S CHOICEST ETHNIC CUISINES UNDER ONE AMERICAN ROOF A CHAIN OF HEALTHY QUICK CASUAL FOOD RESTAURANTS NO DEEP FRYING - NO FAT - NO WHITE FLOUR - NO PORK - NO BEEF - NO CHEMICALS HOUMOUS - GREEK SALAD - MEXICAN SALAD - FISH - CHICKEN - PAD THAI - SEA FOOD - LO MEIN - WHOLE WHEAT PASTA - BROWN RICE - FRUIT SALAD - NATURAL JUICES - - WINE - WATER $8 - $12 PER MEAL NO TIPS YOU STAND IN LINE, ORDER AND PAY, GET A NUMBER, SIT DOWN AND WAIT FOR YOU MEAL. IT IS THE GROUPING TOGETHER OF THE CHOICEST HEALTHY DISHES FROM THE WORLD OVER UNDER ONE ROOF, AND THE PURITY OF THE HEALTHY KITCHEN (NO POISONOUS ""SODAS"" SOLD ON PREMISES)- PLUS FAST SERVICE OF FRESHLY PREPARED FOOD AND A VERY REASONABLE PRICE (NO TIPPING) - THAT MAKES LONGEVITY - FOOD FOR LIFE - THE GREATLY NEEDED, LONG OVERDUE NEW THING.","Jul. 21, 2008",yoram gal,,galfilms@netvision.net.il
77300120,REQUEST_FAILED,,,,,
77300246,deadAbandoned,BOBBY MO,"Jul. 22, 2008",Nathaniel S Benz,,thestagemagazine@gmail.com
77300143,REQUEST_FAILED,,,,,
77300297,deadAbandoned,BIG BANG,"Jul. 25, 2008",Parafinowicz Karl H. Jr.,,khparafinowicz@aol.com
77300228,REQUEST_FAILED,,,,,
77300274,REQUEST_FAILED,,,,,
77300391,deadAbandoned,MIADERM RADIATION RELIEF,"Jul. 24, 2008",Aiden Industries,,plinson@post.harvard.edu
77300395,REQUEST_FAILED,,,,,
77300565,deadAbandoned,EAR CLEAR,"Jul. 23, 2008","GenSpec Labs, LLC",,drussell@4genspec.com
77300604,deadAbandoned,CAVEMAN,"Jul. 18, 2008","Headwall Ventures, Inc.",,yrshus@headwallventures.com
77300528,deadAbandoned,DOORBELL FON,"Jul. 31, 2008",Pan Classic,,changcchen@gmail.com
77300500,REQUEST_FAILED,,,,,
77300599,deadAbandoned,GOXONE,"Jul. 18, 2008",My Direct Zone LLC,,justinbanner@yahoo.com
77300584,REQUEST_FAILED,,,,,
77300644,REQUEST_FAILED,,,,,
77300859,deadAbandoned,YP,"Dec. 29, 2008",Ferri L. Frederic,,
77300861,REQUEST_FAILED,,,,,
77301120,deadAbandoned,PEP,"Jun. 22, 2008",Hands On Engineering,,karleedickman@yahoo.com
77301129,deadAbandoned,PRO-VENTS,"Jul. 21, 2008","Andrews,Nelson J",,PROVENTS1@AOL.COM
77301089,REQUEST_FAILED,,,,,
77301214,deadAbandoned,BILL ANALYZER,"Jul. 22, 2008","Daily, William M.",,mark@wmdaily.com
77301158,REQUEST_FAILED,,,,,
77301159,REQUEST_FAILED,,,,,
77301218,deadAbandoned,BILL REPORT,"Jul. 22, 2008","Daily, William M.",,mark@wmdaily.com
77301266,deadAbandoned,AUS TAN,"Jul. 23, 2008",Caron Laboratories,,ashley@caronlab.com.au
77301272,deadAbandoned,MD INFOCARE,"Aug. 01, 2008",Vision 2K+ Inc,,vijay@vinfonet.com
77301262,deadAbandoned,PTY AUCTIONS,"Jul. 23, 2008","Stuart, Gavin",,gstuart@commoditiesone.com
77301275,deadAbandoned,PADDLE CORE FITNESS,"Jul. 25, 2008",Reid Inouye,,reidinouye@gmail.com
77301223,REQUEST_FAILED,,,,,
77301276,REQUEST_FAILED,,,,,
77301514,deadAbandoned,ABC BRAND,"Jul. 22, 2008",Triple One Trading Inc.,,earlyfai@gmail.com
77301401,REQUEST_FAILED,,,,,
77301489,deadAbandoned,MD ECARE,"Aug. 11, 2008",vision 2k+Inc,,vijay@vinfonet.com
77301527,deadAbandoned,GREEN SMOOTHIE DIET,"Jul. 23, 2008","Archer, Valerie K",,archer@valarcher.com
77301488,REQUEST_FAILED,,,,,
77301634,deadAbandoned,PADDLE CORE FITNESS,"Jul. 25, 2008",Reid Inouye,,reidinouye@gmail.com
77301651,deadAbandoned,STAND UP PADDLE,"Jul. 25, 2008",Reid Inouye,,reidinouye@gmail.com
77301551,REQUEST_FAILED,,,,,
77301608,REQUEST_FAILED,,,,,
77301775,deadAbandoned,SEYMOUR BEAVER,"Aug. 04, 2008","Hutton, John",,john@seymourbeaver.com
77301815,REQUEST_FAILED,,,,,
77301999,REQUEST_FAILED,,,,,
77302132,REQUEST_FAILED,,,,,
77302267,deadAbandoned,GO GITTA RECORDS NC,"Jul. 23, 2008",Derric Maurice Williams,,ncgogittas@aol.com
77302215,deadAbandoned,CROCO,"Jul. 24, 2008",CROCO CORPORATION S.R.O.,,vip@croco.biz
77302177,REQUEST_FAILED,,,,,
77302291,deadAbandoned,E ESTATE LOS ANGELES FOR TRUE HEADS,"Jul. 19, 2008",EstateLALLC,,info@estatela.com
77302365,deadAbandoned,S.A.F.E. STRICTLY AMERICAN FOR EXCELLENCE,"Jul. 30, 2008","Grenetz, Philip S.",,phil@strictlyamerican.org
77302380,REQUEST_FAILED,,,,,
77302418,deadAbandoned,CLEARBUBBLE,"Sep. 23, 2008",CLEARBUBBLE CORPORATION,,inquire@clearbubble.com
77302393,REQUEST_FAILED,,,,,
77302647,deadAbandoned,EASYINSURE,"Jul. 25, 2008",Belyer Insurance Limited,,lmeyer@easyinsure.ca
77302468,REQUEST_FAILED,,,,,
77302605,REQUEST_FAILED,,,,,
77302651,REQUEST_FAILED,,,,,
77302731,deadAbandoned,STORK · ROOM A BABY ROOM IN A BOX,"Jul. 24, 2008","Tsuchiya, Julie A.",,julie@storkroom.com
77302658,REQUEST_FAILED,,,,,
77302743,REQUEST_FAILED,,,,,
77302795,REQUEST_FAILED,,,,,
77302969,REQUEST_FAILED,,,,,
77303005,REQUEST_FAILED,,,,,
77303120,REQUEST_FAILED,,,,,
77303202,REQUEST_FAILED,,,,,
77303215,REQUEST_FAILED,,,,,
77303219,REQUEST_FAILED,,,,,
77303238,REQUEST_FAILED,,,,,
77303439,deadAbandoned,FURIA FIGHT WEAR,"Jul. 30, 2008",Furia Fight Wear LLC,,ronny97@aol.com
77303364,REQUEST_FAILED,,,,,
77303437,deadAbandoned,ONIRO,"Jul. 25, 2008",MARK PHILIPPOUSSIS,,mpflip7@gmail.com
77303448,deadAbandoned,"ONE VISION, ONE DREAM, ONE TEAM","Jul. 24, 2008","Ortiz Rodriguez, Lisa N.",,
77303472,deadAbandoned,TRILLIONAIRE,"Sep. 08, 2008",Trillionaire Trust,,carlostillman@yahoo.com
77303470,deadAbandoned,CARLOS DE' VON,"Sep. 04, 2008",Carlos De' Von Trust,,carlostillman@yahoo.com
77303457,deadAbandoned,BILLIONAIRE,"Sep. 02, 2008",Billionaire Trust,,carlostillman@yahoo.com
77303435,REQUEST_FAILED,,,,,
77303494,deadAbandoned,FROST,"Aug. 01, 2008",jon steinsson,,js@steinsson.com
77303463,REQUEST_FAILED,,,,,
77303522,deadAbandoned,IDEACCELERATOR VIRTUAL BRAINSTORMING SYSTEM FEATURING DYNAMIC KNOWLEDGE CONVERGENCE,"Jul. 25, 2008","Institute for Innovation, Inc.",,hrasheed@ec.rr.com
77303510,deadAbandoned,CALYPSO,"Aug. 01, 2008",MICHAEL WUDKA,,michael@belair-usa.com
77303542,REQUEST_FAILED,,,,,
77303557,REQUEST_FAILED,,,,,
77303532,REQUEST_FAILED,,,,,
77303572,REQUEST_FAILED,,,,,
77303643,deadAbandoned,SPORT ENERGY,"Aug. 01, 2008",Sport Energy,,sportenergyinc@hotmail.com
77303592,REQUEST_FAILED,,,,,
77303635,REQUEST_FAILED,,,,,
77303612,REQUEST_FAILED,,,,,
77303664,REQUEST_FAILED,,,,,
77303672,REQUEST_FAILED,,,,,
77303809,deadAbandoned,THIRD LEAF ENTERTAINMENT,"Aug. 18, 2008","Third Leaf Entertainment, LLC",,
77303815,deadAbandoned,THIRD LEAF ENTERTAINMENT,"Aug. 14, 2008","Third Leaf Entertainment, LLC",,
77303754,REQUEST_FAILED,,,,,
77303783,REQUEST_FAILED,,,,,
77303829,REQUEST_FAILED,,,,,
77303964,deadAbandoned,PALL MALL VODKA,"Aug. 20, 2008",Mayfair Brands Ltd,,roger.hatfield@mayfairbrands.com
77303987,deadAbandoned,WHITE DOG,"Jul. 28, 2008",SPECIALITY DRINKS LIMITED,,sukhinder@specialitydrinks.com
77303968,REQUEST_FAILED,,,,,
77303991,REQUEST_FAILED,,,,,
77304013,REQUEST_FAILED,,,,,
77304079,REQUEST_FAILED,,,,,
77304205,deadAbandoned,PHYSIOSTEP,"Jul. 25, 2008",Glenn Safadago,,Glennhci@msn.com
77304160,REQUEST_FAILED,,,,,
77304232,REQUEST_FAILED,,,,,
77304268,REQUEST_FAILED,,,,,
77304337,REQUEST_FAILED,,,,,
77304472,deadAbandoned,EMPIRE CITY,"Aug. 04, 2008","Pasricha, Harneet Singh",,harneet@tmenterprises.biz
77304557,REQUEST_FAILED,,,,,
77304625,deadAbandoned,DOORS 4 LESS.COM DOORS FOR LESS.COM ENTRY DOORS 4 LESS.COM,"Nov. 03, 2008","Doors 4 Less, Inc.",,doors4less@aol.com
77304641,deadAbandoned,"ETIQUETTE DIVA ON WHEELS - A DIVISION OF RED KEY INTERNACIONAL, LLC","Jul. 29, 2008","RED Key Internacional, LLC",,Brenda@Santelises.com
77304695,deadAbandoned,THE HOT CHOCOLATE BAR,"Jul. 30, 2008","Staiano, Christopher J.",,chris@staianoluong.com
77304570,REQUEST_FAILED,,,,,
77304612,REQUEST_FAILED,,,,,
77304710,deadAbandoned,COLUMN STUDIO,"Jul. 28, 2008","Steadman, David W",,dwsteadman@gmail.com
77304741,deadAbandoned,REALCARGUYS.COM,"Aug. 04, 2008",Sun State Sales Company Inc.,,diumberto@bellsouth.net
77304811,deadAbandoned,SCRABULOUS,"Feb. 11, 2008",Imagination Holdings Pty Ltd,,sarah.wishart@imagination.com.au
77304751,REQUEST_FAILED,,,,,
77304812,deadAbandoned,WAR OF THE WORDS,"Aug. 26, 2008",Imagination Holdings Pty Ltd,,sarah.wishart@imagination.com.au
77304768,REQUEST_FAILED,,,,,
77304814,deadAbandoned,GOTCHA LAST,"Aug. 04, 2008",Imagination Holdings Pty Ltd,,hostmaster@imagination.com.au
77304793,REQUEST_FAILED,,,,,
77304820,REQUEST_FAILED,,,,,
77304912,deadAbandoned,EXCESS GUARDIAN,"Aug. 01, 2008","QBE HOLDINGS, INC.",,
77304842,REQUEST_FAILED,,,,,
77304928,REQUEST_FAILED,,,,,
77304930,REQUEST_FAILED,,,,,
77305162,deadAbandoned,MAPP911,"Jul. 30, 2008","911MAPP.COM, INC.",,EV@MR-TM.COM
77304998,REQUEST_FAILED,,,,,
77305095,REQUEST_FAILED,,,,,
77305183,deadAbandoned,911MAPP,"Jul. 30, 2008","911MAPP.COM, INC.",,EV@MR-TM.COM
77305165,REQUEST_FAILED,,,,,
77305277,deadAbandoned,P9,"Aug. 06, 2008",Ubatuba Marketing E.K.,,lmn@ubatubamarketing.com
77305198,REQUEST_FAILED,,,,,
77305296,REQUEST_FAILED,,,,,
77305467,REQUEST_FAILED,,,,,
77305536,REQUEST_FAILED,,,,,
77305647,deadAbandoned,FUKCO2,"Jul. 15, 2008","Dinkin, Samuel H",,
77305692,deadAbandoned,IPLAY,"Jun. 16, 2008",SANWIN INDUSTRIES LTD,,subu@sanwin.net
77305638,REQUEST_FAILED,,,,,
77305684,deadAbandoned,MBC MUSIC,"Aug. 06, 2008","Cameron, Michael Blake",,mbc_832@msn.com
77305774,deadAbandoned,LIVE GREEN. SAVE OUR PLANET.,"Jul. 31, 2008","FIREMAN, ANDREW F",,afireman2003@comcast.net
77305691,REQUEST_FAILED,,,,,
77305871,deadAbandoned,CLICK WITH MERCHANTS,"Sep. 04, 2008",Berkahn Peter,,entirenet@lycos.com
77305695,REQUEST_FAILED,,,,,
77305694,REQUEST_FAILED,,,,,
77305963,deadAbandoned,TATTOO-UP,"Jul. 30, 2008",Jim Roberston,,robertson97@surewest.net
77305869,REQUEST_FAILED,,,,,
77306024,deadAbandoned,TRINITY EXPRESSIONS,"Jul. 29, 2008","Trinity Expressions, Inc.",,amber@smallbusinessconsulting.com
77305909,REQUEST_FAILED,,,,,
77306106,deadAbandoned,TOOLZ,"Jun. 13, 2008","Calista Tools, LLC",,
77306124,deadAbandoned,STAR INK.,"Jul. 30, 2008",Da Van Nguyen,,tatsupply@hotmail.com
77306116,deadAbandoned,GAME TIME INTERNATIONAL,"Jul. 30, 2008",Hopkins Game Time International,,
77306084,deadAbandoned,GO2GREENBAGS,"Aug. 04, 2008",Green Products LLC,,jess.cadwallender@gmail.com
77306021,REQUEST_FAILED,,,,,
77306309,deadAbandoned,ADD-ON FINANCIAL SOFTWARE,"Aug. 01, 2008",ACCU-MED SERVICES LLC,,
77306316,deadAbandoned,BLACK MAMBA,"Aug. 04, 2008",Caroline Garcia,,
77306322,deadAbandoned,CYPRESS THERAPY MANAGEMENT,"Aug. 01, 2008",ACCU-MED SERVICES LLC,,
77306263,deadAbandoned,ACCU-CARE CLINICAL SOFTWARE,"Aug. 01, 2008",ACCU-MED SERVICES LLC,,
77306360,deadAbandoned,ACCU-MED,"Aug. 01, 2008",ACCU-MED SERVICES LLC,,
77306459,deadAbandoned,ORCAS ENTERPRISE SOFTWARE,"Aug. 01, 2008",ACCU-MED SERVICES LLC,,
77306345,REQUEST_FAILED,,,,,
77306351,REQUEST_FAILED,,,,,
77306350,REQUEST_FAILED,,,,,
77306542,REQUEST_FAILED,,,,,
77306556,REQUEST_FAILED,,,,,
77306591,REQUEST_FAILED,,,,,
77306645,deadAbandoned,"CALIFORNIA'S BEST INCORPORATE N CALIFORNIA.COM INCORPORATING SERVICE, INC.","Jul. 30, 2008",California's Best Incorporating Service - Antelope Valley,,deugene@incorporatencalifornia.com
77306688,REQUEST_FAILED,,,,,
77306699,REQUEST_FAILED,,,,,
77306714,REQUEST_FAILED,,,,,
77306722,REQUEST_FAILED,,,,,
77306878,deadAbandoned,PEP,"Jul. 28, 2008","Lotus Beverage Group, LLC",,Neville611@gmail.com
77306735,REQUEST_FAILED,,,,,
77306901,deadAbandoned,BINKY BLANKIE,"Jul. 27, 2008","Gaston, Emily A",,eygaston@yahoo.com
77306841,REQUEST_FAILED,,,,,
77306863,REQUEST_FAILED,,,,,
77306904,REQUEST_FAILED,,,,,
77306917,REQUEST_FAILED,,,,,
77307047,deadAbandoned,DURACELL,"Sep. 14, 2008",DURACELL COMPANY LIMITED,,info@waterjoe.co.uk
77306997,REQUEST_FAILED,,,,,
77307158,REQUEST_FAILED,,,,,
77307148,REQUEST_FAILED,,,,,
77307212,REQUEST_FAILED,,,,,
77307356,deadAbandoned,SINCE 0001,"Aug. 18, 2008","Adams, Joseph CL",,chase@since0001.com
77307489,deadAbandoned,TERRASOND,"Oct. 08, 2008",TerraSond Limited,,ewright@terrasond.com
77307391,REQUEST_FAILED,,,,,
77307414,REQUEST_FAILED,,,,,
77307606,deadAbandoned,DUNK ME,"Jul. 30, 2008","Oriental Recreational Products (Shanghai) Co., Ltd.",,lsauve@silvermarine.us
77307758,deadAbandoned,GO BUCKEYES,"Aug. 06, 2008",Time Flying By Heirlooms,,dar0235@aol.com
77307515,REQUEST_FAILED,,,,,
77307560,REQUEST_FAILED,,,,,
77307834,deadAbandoned,PUPPY PALACE,"Jul. 17, 2008",Ubisoft inc.,,marc.muraccini@ubisoft.com
77307763,REQUEST_FAILED,,,,,
77307835,REQUEST_FAILED,,,,,
77307873,REQUEST_FAILED,,,,,
77307981,deadAbandoned,INSIDE MUSIC SYSTEM,"Aug. 04, 2008",Martin A. Ortiz,,customerservice@insidemusicsystem.com
77308042,deadAbandoned,WIREDUP,"Aug. 07, 2008","SURRAN, DUSTIN, M",,surrand@qwest.net
77308037,deadAbandoned,UNIVERSAL COMPUTER,"Jun. 18, 2008",Originatic LLC,,rsmith@originatic.com
77307912,REQUEST_FAILED,,,,,
77308059,deadAbandoned,DIVULGE TO MAKE KNOWN,"Aug. 04, 2008",Divulge Advertising Firm,,aarondub84@yahoo.com
77308026,REQUEST_FAILED,,,,,
77308034,REQUEST_FAILED,,,,,
77308067,deadAbandoned,ESSONI,"Jul. 31, 2008","CHUNG, JIHYUN",,jhctivi@gmail.com
77308096,deadAbandoned,RETAIL INSIGHT,"Aug. 10, 2008",Retail Insight Ltd,,chowarth@retailinsight.uk.com
77308065,REQUEST_FAILED,,,,,
77308142,deadAbandoned,REVERSI,"Jul. 17, 2008",Winning Moves Inc.,,pecci@winning-moves.com
77308080,REQUEST_FAILED,,,,,
77308085,REQUEST_FAILED,,,,,
77308098,deadAbandoned,SCORESTOSMS,"Aug. 04, 2008",ITStandard.net EOOD,,plamen@itstandard.net
77308270,deadAbandoned,THESPACELASVEGAS,"Jul. 25, 2008","ND Rights, LLC",,
77308120,REQUEST_FAILED,,,,,
77308327,deadAbandoned,CI MEDIBILL,"Aug. 27, 2008",Albert Fusco,,tarag@ryanmarketing.com
77308439,deadAbandoned,THE SPACE LAS VEGAS,"Jul. 26, 2008","ND Rights, LLC",,
77308312,REQUEST_FAILED,,,,,
77308450,deadAbandoned,THE SPACE LAS VEGAS,"Jul. 25, 2008","ND Rights, LLC",,
77308417,REQUEST_FAILED,,,,,
77308444,REQUEST_FAILED,,,,,
77308519,deadAbandoned,SPACE LAS VEGAS,"Jul. 25, 2008","ND Rights, LLC",,
77308564,deadAbandoned,SPACE LAS VEGAS,"Jul. 27, 2008","ND Rights, LLC",,
77308492,REQUEST_FAILED,,,,,
77308545,REQUEST_FAILED,,,,,
77308550,REQUEST_FAILED,,,,,
77308743,deadAbandoned,UNIQUE THINK,"Aug. 07, 2008",CerebralCafe LLC,,
77308726,deadAbandoned,COME TO US FOR INNOVATIVE THINKING,"Aug. 07, 2008",CerebralCafe LLC,,
77308842,deadAbandoned,ROMANESCO TASTEFULLY ITALIAN,"Jul. 30, 2008",Romanesco International,,
77308764,deadAbandoned,TIMELESS GRACE,"Aug. 04, 2008","Hivex, Inc.",,rigreene@charter.net
77308866,REQUEST_FAILED,,,,,
77308873,REQUEST_FAILED,,,,,
77308916,REQUEST_FAILED,,,,,
77309117,deadAbandoned,ST. PHILIP NERI CHURCH OF THE IMMACULATE VISION,"Aug. 02, 2008",Patriarch-William C. Mayo,,billbo54520@yahoo.com
77308935,REQUEST_FAILED,,,,,
77309154,deadAbandoned,I INNERSOUL,"Aug. 08, 2008",Beker Erez,,erez@innetsoul.com.au
77309122,REQUEST_FAILED,,,,,
77309187,deadAbandoned,24,"Aug. 05, 2008",Most.Inc,,sales@mostinc.com
77309231,deadAbandoned,MOMOTREE,"Aug. 04, 2008",Momotree,,infojskita@gmail.com
77309230,deadAbandoned,WORLD CHAMPIONSHIP MUTTON BUSTIN',"Aug. 05, 2008","Tommy G Productions, LLC",,tommygproductions@comcast.net
77309192,REQUEST_FAILED,,,,,
77309258,deadAbandoned,COUCHELING,"Aug. 01, 2008",Navarrete Victoria,,accounting@personalmotivator.org
77309254,deadAbandoned,YOUR AMERICAN DREAM STARTS HERE,"Aug. 01, 2008","Kelson, Travis T.",,
77309215,REQUEST_FAILED,,,,,
77309224,REQUEST_FAILED,,,,,
77309281,deadAbandoned,OUTSIDER SYNDICATE,"Aug. 14, 2008","Patience, Kevin Alec",,zappyortega@hotmail.com
77309296,deadAbandoned,BUTCH SLAPPED,"Mar. 05, 2008","Morris, James David",,j.davidmorris@yahoo.com
77309261,REQUEST_FAILED,,,,,
77309270,REQUEST_FAILED,,,,,
77309381,deadAbandoned,LOS NIÑOS ESTÁN EXPLORANDO ESPAÑOL,"Aug. 07, 2008","Tokunaga, Janelle Mitsue",,onobonorono@yahoo.com
77309286,REQUEST_FAILED,,,,,
77309393,REQUEST_FAILED,,,,,
77309470,deadAbandoned,MARVAH,"Aug. 20, 2008",AMPHORE VINEYARD LTD.,,YOAV@BYPASS.CO.IL
77309403,REQUEST_FAILED,,,,,
77309473,deadAbandoned,FORX,"Aug. 11, 2008","Jydar Merchandise Co., Ltd.",,john@xfactorbmx.com
77309479,deadAbandoned,THE AMERICAN BARKERY,"Aug. 04, 2008","Larson, Alma, Rosa",,michael.campbell@eu.navy.mil
77309462,REQUEST_FAILED,,,,,
77309514,deadAbandoned,RAVE DENIM,"Aug. 18, 2008","Ahmed, Faisal",,faisal@admdenim.com
77309477,REQUEST_FAILED,,,,,
77309511,REQUEST_FAILED,,,,,
77309742,REQUEST_FAILED,,,,,
77310047,deadAbandoned,ECOMM,"Aug. 21, 2008",Dryburgh Lee,,dryburghl@gmail.com
77310064,deadAbandoned,GHOSTFIRE,"Aug. 01, 2008","Dakar Technology, Inc.",,
77309770,REQUEST_FAILED,,,,,
77310126,deadAbandoned,SIMON STAR,"Aug. 05, 2008","Vig, Roger Lee",,simonstarmusic@yahoo.com
77309929,REQUEST_FAILED,,,,,
77310105,deadAbandoned,ALLCOINS,"Aug. 01, 2008","Laitsas, Constantinos",,costas@laitsas.net
77310118,REQUEST_FAILED,,,,,
77310229,REQUEST_FAILED,,,,,
77310388,deadAbandoned,THE INCREDIBLE PLANT STAND,"Jul. 31, 2008","Friendship's Garden, Inc.",,friendgarden@aol.com
77310372,REQUEST_FAILED,,,,,
77310454,deadAbandoned,BASHKA SHAWRMA,"Oct. 09, 2008",kamal and alarnaout company,,GTDNJ@YAHOO.COM
77310410,REQUEST_FAILED,,,,,
77310448,deadAbandoned,MRI-PLAQUEVIEW,"Aug. 07, 2008","VPDiagnostics, Inc.",,huihu218@gmail.com
77310426,deadAbandoned,RL REALTORSLOAN.COM THE REALTORS BANK,"Aug. 09, 2008",Timotheos C. Barlow,,tbarlow@realtorsloan.com
77310528,deadAbandoned,FLIP YOUR RIDE,"Aug. 06, 2008",Leetra Dometric Langston,,eelowvey@yahoo.com
77310485,REQUEST_FAILED,,,,,
77310516,REQUEST_FAILED,,,,,
77310893,deadAbandoned,GRACE HATS,"Aug. 05, 2008",Grace Hats NY LLC,,dan@gracehats.com
77310835,REQUEST_FAILED,,,,,
77310767,REQUEST_FAILED,,,,,
77311039,deadAbandoned,SANTA'S QUARTERS,"Aug. 05, 2008","Erath, David J",,info@santasquartersno.com
77310973,REQUEST_FAILED,,,,,
77311060,REQUEST_FAILED,,,,,
77311099,REQUEST_FAILED,,,,,
77311256,deadAbandoned,THE ORIGINAL ANGEL SCRATCHERS,"Oct. 16, 2008",The Summer Bacon Institute Incorporated,,summyb@summerbacon.com
77311163,REQUEST_FAILED,,,,,
77311310,deadAbandoned,FEEL THE BUFFALOVE,"Sep. 11, 2008","Dietz, Michaela K",,michaela.k.dietz@gmail.com
77311329,deadAbandoned,PROPAK,"Aug. 07, 2008",CerebralCafe LLC,,
77311261,REQUEST_FAILED,,,,,
77311264,REQUEST_FAILED,,,,,
77311346,deadAbandoned,EGYPTION TRIBAL BLACK,"Jul. 30, 2008",Da Van Nguyen,,cesar@internationaltattoosupply.com
77311293,REQUEST_FAILED,,,,,
77311368,REQUEST_FAILED,,,,,
77311437,REQUEST_FAILED,,,,,
77311601,REQUEST_FAILED,,,,,
77311671,REQUEST_FAILED,,,,,
77311793,deadAbandoned,AMERICAN COUNCIL ON RENEWABLE ENERGY,"Dec. 19, 2008",American Council On Renewable Energy,,plocek@acore.org
77311810,deadAbandoned,THE RENEWABLE ENERGY CENTURY.,"Aug. 08, 2008",American Council On Renwable Energy,,plocek@acore.org
77311934,deadAbandoned,U-SEE2,"Aug. 07, 2008",D.Sit Trade Ltd,,adi@computer-law.co.il
77311723,REQUEST_FAILED,,,,,
77311796,REQUEST_FAILED,,,,,
77312034,deadAbandoned,ONESPRING,"Aug. 06, 2008",One Spring LLC,,jason@onespring.net
77311958,REQUEST_FAILED,,,,,
77312007,REQUEST_FAILED,,,,,
77312010,REQUEST_FAILED,,,,,
77312080,REQUEST_FAILED,,,,,
77312190,REQUEST_FAILED,,,,,
77312321,REQUEST_FAILED,,,,,
77312430,REQUEST_FAILED,,,,,
77312474,REQUEST_FAILED,,,,,
77312577,REQUEST_FAILED,,,,,
77312635,REQUEST_FAILED,,,,,
77312780,deadAbandoned,UNITED OHIO TELEPHONE CO.,"Aug. 04, 2008","Cochenour, Mark A",,markcochenour@hotmail.com
77312769,REQUEST_FAILED,,,,,
77312834,deadAbandoned,VALENTIN'S VINJUS,"Aug. 08, 2008","Food & Vine, Inc.",,
77312852,deadAbandoned,I FUTO CONNECTS FRIENDS,"Aug. 07, 2008","Nguyen, Sinh Khiet",,sinhng@hotmail.com
77313110,deadAbandoned,HERMOSA,"Aug. 16, 2008","Your World Enterprises,Inc",,
77312861,REQUEST_FAILED,,,,,
77312865,REQUEST_FAILED,,,,,
77313129,REQUEST_FAILED,,,,,
77313146,REQUEST_FAILED,,,,,
77313198,REQUEST_FAILED,,,,,
77313376,deadAbandoned,THIS & THAT,"Dec. 10, 2008",SKU International Inc.,,
77313401,deadAbandoned,REACTORUST,"Aug. 06, 2008","Creto International, Inc.",,
77313334,REQUEST_FAILED,,,,,
77313365,REQUEST_FAILED,,,,,
77313596,REQUEST_FAILED,,,,,
77313580,REQUEST_FAILED,,,,,
77313661,deadAbandoned,ASIET,"Aug. 07, 2008","ASIET, Inc.",,terryw77@gmail.com
77313653,deadAbandoned,MARIS,"Jun. 13, 2008","Homer TLC, Inc.",,trade_marks@homedepot.com
77313645,REQUEST_FAILED,,,,,
77313646,REQUEST_FAILED,,,,,
77313731,deadAbandoned,TASTE BUDDS,"Aug. 11, 2008","Tastevine, Inc.",,
77313778,deadAbandoned,TASTE ID,"Aug. 11, 2008","Tastevine, Inc.",,
77313827,deadAbandoned,TASTE ID,"Aug. 11, 2008","Tastevine, Inc.",,
77313779,REQUEST_FAILED,,,,,
77313881,REQUEST_FAILED,,,,,
77313889,REQUEST_FAILED,,,,,
77313959,REQUEST_FAILED,,,,,
77313993,REQUEST_FAILED,,,,,
77313982,REQUEST_FAILED,,,,,
77314054,deadAbandoned,NIS - NATURAL INTEGRATED SOLUTIONS,"Apr. 07, 2008",Aaron Miles,,am@naturalingredientsolutions.com
77314030,REQUEST_FAILED,,,,,
77314047,REQUEST_FAILED,,,,,
77314354,deadAbandoned,RATIONAL CHILD PSYCHIATRY,"Aug. 08, 2008",Nicholas J. Moffa,,nmoffa@msn.com
77314166,REQUEST_FAILED,,,,,
77314341,REQUEST_FAILED,,,,,
77314685,deadAbandoned,CAROLINA GUAYABERA,"Aug. 08, 2008",Jason M. Tarokh,,jtarokh@yahoo.com
77314705,deadAbandoned,FLAVTEA,"Sep. 23, 2008",Najaro Inc.,,robert@najaro.com
77314379,REQUEST_FAILED,,,,,
77314714,deadAbandoned,DÉCOR-STONES,"Aug. 09, 2008",Gary Gorin,,garygorin@yahoo.com
77314737,REQUEST_FAILED,,,,,
77314852,REQUEST_FAILED,,,,,
77315006,deadAbandoned,THE GAME OF DUCK,"Aug. 07, 2008",The Game Of Duck,,73042.2413@compuserve.com
77315071,deadAbandoned,RAPTURED,"Aug. 07, 2008",in2heaven Limited,,sandramakein@btinternet.com
77315036,REQUEST_FAILED,,,,,
77315087,REQUEST_FAILED,,,,,
77315081,REQUEST_FAILED,,,,,
77315122,REQUEST_FAILED,,,,,
77315132,REQUEST_FAILED,,,,,
77315182,REQUEST_FAILED,,,,,
77315211,REQUEST_FAILED,,,,,
77315314,deadAbandoned,PIQUANT YOGA FOR YOUR PALETTE,"Aug. 20, 2008","Rahi, Kirti",,kirti@piquantfoods.com
77315333,deadAbandoned,CLEAN AIR TEAM,"Aug. 11, 2008",Icleen Entwicklungs- und Vertriebsanstalt fuer Umweltschutz,,fhammes@iqair.com
77315263,REQUEST_FAILED,,,,,
77315383,deadAbandoned,BAYVIEW CLINICAL RESEARCH,"Aug. 13, 2008",Bayview Clinical Research,,michaelf@bayviewresearch.com
77315296,REQUEST_FAILED,,,,,
77315388,deadAbandoned,AUCKLAND RESEARCH CONSULTANTS,"Aug. 20, 2008",Auckland Research Consultants,,asmith@aucklandclinical.com
77315474,deadAbandoned,EVIDENCE SCANNER,"Aug. 26, 2008",Jahangiri Ali,,ali@alijahangiri.org
77315478,deadAbandoned,MSTAR GOVERNANCE,"Aug. 29, 2008","Komanduri, Venkata Ramana Murthy",,drmurthy@mgrm.com
77315561,deadAbandoned,ARKS,"Aug. 26, 2008",Alwinson Joel Peter,,jpalwinson@earthlink.net
77315481,REQUEST_FAILED,,,,,
77315572,REQUEST_FAILED,,,,,
77315575,REQUEST_FAILED,,,,,
77315941,deadAbandoned,TASTEFULLY ITALIAN,"Jul. 30, 2008","Romanesco International, LLC",,
77315732,REQUEST_FAILED,,,,,
77315924,deadAbandoned,ROMANESCO,"Jul. 30, 2008","Romanesco International, LLC",,
77316090,deadAbandoned,ROC.RIO,"Aug. 08, 2008","International Pet Products, Inc.",,amascioli@gmail.com
77316016,REQUEST_FAILED,,,,,
77316022,REQUEST_FAILED,,,,,
77316135,deadAbandoned,XTENDPROS,"Aug. 09, 2008",Tracy Pieters,,tracy@glamourhair.com
77316047,REQUEST_FAILED,,,,,
77316184,REQUEST_FAILED,,,,,
77316309,REQUEST_FAILED,,,,,
77316332,REQUEST_FAILED,,,,,
77316420,REQUEST_FAILED,,,,,
77316538,deadAbandoned,SUPERFOOTLOOPURZ,"May 13, 2008",Max Robert Runyan,,max@22max.com
77316532,REQUEST_FAILED,,,,,
77316588,deadAbandoned,MM-TOOLS,"Aug. 23, 2008",ORT-Multimedia BVBA,,rudi@ort.be
77316586,REQUEST_FAILED,,,,,
77316818,deadAbandoned,VIOLETTE LEARNING COMPANY,"Aug. 20, 2008",Janice R Violette,,jonviolette@comcast.net
77317151,deadAbandoned,NOAH'S RAIN BARREL,"Oct. 03, 2008",Noah's Rain Barrel,,swgolden@comcast.net
77317029,REQUEST_FAILED,,,,,
77317216,deadAbandoned,NEOLIGHT,"Oct. 30, 2008","Exceon, Inc.",,dennis@folica.com
77317308,deadAbandoned,AMERICAN PHOTOGRAPHER,"Aug. 20, 2008",Harald Johnson,,hjswm2@aol.com
77317103,REQUEST_FAILED,,,,,
77317156,REQUEST_FAILED,,,,,
77317455,REQUEST_FAILED,,,,,
77317506,REQUEST_FAILED,,,,,
77317553,deadAbandoned,ROMANTIC ROOM DESIGNS,"Aug. 26, 2008","Borgia and Associates, LLC",,sales@romanticroomdesigns.com
77317637,REQUEST_FAILED,,,,,
77317715,REQUEST_FAILED,,,,,
77317870,REQUEST_FAILED,,,,,
77318145,deadAbandoned,BILLARY,"Jul. 25, 2008","Prince, Darryn W",,darryn.prince@princeedge.com
77318157,deadAbandoned,AUTOMOTIVE MAINTENANCE PERFORMANCE PRODUCTS,"Aug. 18, 2008","A M Distributing, Inc.",,amdistributing@comcast.net
77318086,REQUEST_FAILED,,,,,
77318203,REQUEST_FAILED,,,,,
77318381,REQUEST_FAILED,,,,,
77318715,deadAbandoned,TEAM CLEAN,"May 02, 2008",DrinkCo LLC,,
77318664,REQUEST_FAILED,,,,,
77318668,REQUEST_FAILED,,,,,
77318897,deadAbandoned,"""MINDING YOUR BUSINESS""","Aug. 18, 2008",MSN Associates Inc.,,mnoohu@bww.com
77318964,REQUEST_FAILED,,,,,
77318965,REQUEST_FAILED,,,,,
77319199,REQUEST_FAILED,,,,,
77319361,deadAbandoned,MY DADZ NUTZ CARMELIZED,"Aug. 21, 2008","Kiourtsis, James D.",,jdk@columbus.rr.com
77319300,REQUEST_FAILED,,,,,
77319524,deadAbandoned,SPRINT CUP SERIES,"Aug. 21, 2008","De Mattei, Mark A.",,hangoverking@gmail.com
77319402,REQUEST_FAILED,,,,,
77319628,deadAbandoned,SERVANTE,"Aug. 18, 2008",SERVANTE,,gary@servante.biz
77319516,REQUEST_FAILED,,,,,
77319690,deadAbandoned,FUNCTIONAL REPLICATION,"Aug. 26, 2008",Holger Jakob,,holger.jakob@informatio.ch
77319658,deadAbandoned,CHARTER WORLD,"Aug. 30, 2008","Somerville-Smith, Matthew",,matt@charterworld.com
77319813,deadAbandoned,BEBE GANG,"Dec. 24, 2008","Augay, Emilie",,emilieaugay@hotmail.com
77319632,REQUEST_FAILED,,,,,
77319645,REQUEST_FAILED,,,,,
77319869,deadAbandoned,ENGINEERED WEALTH,"Aug. 21, 2008","Martel, Claude",,cmartel@stonemarkfunding.com
77319861,deadAbandoned,LITTLEKIDDIEKREEPER,"Dec. 12, 2008","Spinney, Stephen P.",,sales@littlekiddiekreeper.com
77319711,REQUEST_FAILED,,,,,
77319732,REQUEST_FAILED,,,,,
77319916,deadAbandoned,None,"Aug. 21, 2008","Shaw, Steven D",,sdshaw_8@msn.com
77319900,REQUEST_FAILED,,,,,
77319902,REQUEST_FAILED,,,,,
77320011,deadAbandoned,ABRA NETWORK,"Aug. 18, 2008",ABRA Network,,mathack428@aol.com
77320403,deadAbandoned,PATENT CLEARINGHOUSE,"Jun. 11, 2008",Terrier IP Investments LLC,,druder@terrierip.com
77320200,REQUEST_FAILED,,,,,
77320513,deadAbandoned,ONLINESELFSTUDY,"Aug. 18, 2008","Southwest Seminars Association, Inc.",,hermling@aol.com
77320472,REQUEST_FAILED,,,,,
77320479,REQUEST_FAILED,,,,,
77320556,deadAbandoned,ONIX,"Aug. 16, 2008","SOLTERO JIMENEZ, FRANCISCO JAVIER",,fsolteroj@hotmail.com
77320493,REQUEST_FAILED,,,,,
77320604,deadAbandoned,BILLARY,"Jul. 25, 2008","Prince, Darryn W",,darryn.prince@princeedge.com
77320605,deadAbandoned,FREE MEDIA MONEY,"Aug. 23, 2008",Janisko LLC,,paul@janisko.com
77320569,REQUEST_FAILED,,,,,
77320699,deadAbandoned,REALTV,"Aug. 28, 2008","Gupta, Sunil",,sunil@gupta.com
77320736,deadAbandoned,HERMI,"Aug. 14, 2008","Branan, Ronald L.",,VANEtTEN@bellsouth.net
77320630,REQUEST_FAILED,,,,,
77320740,deadAbandoned,FUZEN HOTPOTS,"Aug. 22, 2008","KUMAR, MANISH",,anikasi@yahoo.com
77320737,deadAbandoned,H.E.A.T. HIGH ENERGY ATHLETIC TRAINING,"Aug. 20, 2008","Lambertson, Richard, F",,rlambertson3@yahoo.com
77320771,deadAbandoned,None,"Aug. 20, 2008","Miranda, Tediocarm S.",,tediocarm@yahoo.com
77320755,REQUEST_FAILED,,,,,
77320763,REQUEST_FAILED,,,,,
77320872,deadAbandoned,MOTH CREATIONS,"Sep. 12, 2008",Damien Rockne,,damien@mothcreations.com
77320817,REQUEST_FAILED,,,,,
77320851,REQUEST_FAILED,,,,,
77320939,deadAbandoned,SLEEP MEDICINE INSTITUTE,"Aug. 22, 2008",sleep medicine institute management LLC,,ralph@pascualy.com
77320887,REQUEST_FAILED,,,,,
77320992,deadAbandoned,PYRO POSTER,"Aug. 26, 2008",Dagan Yuval Haim,,yuval@ez-lance.com
77320961,deadAbandoned,CONSULTA JURIS,"Nov. 09, 2008",Muchikkal Prabhakaran,,elaw705@gmail.com
77321003,deadAbandoned,CATS TUST,"Aug. 20, 2008",Peter Alexander Denega,,peter@denega.com
77320957,REQUEST_FAILED,,,,,
77321038,REQUEST_FAILED,,,,,
77321182,REQUEST_FAILED,,,,,
77321217,REQUEST_FAILED,,,,,
77321287,REQUEST_FAILED,,,,,
77321421,deadAbandoned,THE GOOD LIFE,"Sep. 04, 2008","Sharp, Richard R.",,ricksharpart@verizon.net
77321426,deadAbandoned,LIQUID LIFT,"Aug. 19, 2008","Womens Institute of Cosmetic and Laser Surgery, LLC",,jh@defyage.com
77321293,REQUEST_FAILED,,,,,
77321375,REQUEST_FAILED,,,,,
77321701,deadAbandoned,TWIN ARC,"Aug. 08, 2008","Homer TLC, Inc.",,trade_marks@homedepot.com
77321609,REQUEST_FAILED,,,,,
77321685,REQUEST_FAILED,,,,,
77321822,deadAbandoned,RESIDUAL INC,"Aug. 18, 2008",Giffon II Charles L.,,residualinc.net@gmail.com
77321892,deadAbandoned,BOUJIE'S TEE-RIFIC MEMORIES,"Aug. 26, 2008",Huffman Jeffrey Lynn,,jl-huff@hotmail.com
77321787,REQUEST_FAILED,,,,,
77321824,REQUEST_FAILED,,,,,
77321847,REQUEST_FAILED,,,,,
77322001,deadAbandoned,THE THREE STEP SWING,"Aug. 24, 2008","Kossowsky, Andy J.",,kossowa1@yahoo.com
77322049,deadAbandoned,RAGE,"Aug. 25, 2008",Concept Brands llc,,deepak@caresoftinc.com
77322041,deadAbandoned,"""OUTSIDE THE BOX, INSIDE THE COMMUNITY""","Aug. 25, 2008","The Blacke Group, LLC.",,jackie.thomas@blackegroup.com
77322044,REQUEST_FAILED,,,,,
77322083,deadAbandoned,ICOLOR,"Aug. 21, 2008",Avi P Cosmeics Inc.,,avi@avipcosmetics.com
77322079,REQUEST_FAILED,,,,,
77322311,deadAbandoned,L A LAL LAW AFFAIR LINKAGE,"Aug. 28, 2008",USA FAWU LIANDONG INT'L MARKET DEV. GROUP INC.,,hktopking@yahoo.com.hk
77322164,REQUEST_FAILED,,,,,
77322349,deadAbandoned,"TAT THERES A THOUGHT .COM ""WHERE THOUGHTS FLOW ONE WORD AT A TIME""","Aug. 26, 2008",There's A Thought,,
77322292,REQUEST_FAILED,,,,,
77322294,REQUEST_FAILED,,,,,
77322359,deadAbandoned,LIQUID LIFT,"Oct. 11, 2008","Womens Institute of Cosmetic & Laser Surgery, LLC",,jh@defyage.com
77322346,deadAbandoned,LIQUID FACE LIFT,"Sep. 14, 2008","Womens Institute of Cosmetic & Laser Surgery, LLC",,jh@defyage.com
77322361,REQUEST_FAILED,,,,,
77322373,REQUEST_FAILED,,,,,
77322411,REQUEST_FAILED,,,,,
77322633,deadAbandoned,X PIRATES X FAN,"Aug. 21, 2008","Smetana, Gregory",,gsmetana1@yahoo.com
77322476,REQUEST_FAILED,,,,,
77322553,REQUEST_FAILED,,,,,
77322827,deadAbandoned,WHY MONITOR? WHEN YOU CAN BLOCK,"Aug. 21, 2008","GTB Technologies, Inc.",,wcohen@gttb.com
77322678,deadAbandoned,UNIVERSITY OF JIU JITSU,"Aug. 25, 2008","University of Jiu-Jitsu, Inc.",,
77322793,REQUEST_FAILED,,,,,
77322839,REQUEST_FAILED,,,,,
77323052,deadAbandoned,COLLABSOURCE,"Aug. 21, 2008",Open IT Works,,michael.takamoto@openitworks.com
77323105,deadAbandoned,ULTRACLEANSE,"Aug. 20, 2008","International Markets & Solutions, LLC",,azeffer@gmail.com
77323111,deadAbandoned,HITMAKERS,"Sep. 29, 2008",Raymond Miranda,,tom@starviz.com
77322972,REQUEST_FAILED,,,,,
77323161,deadAbandoned,MUMBAI CHAI,"Sep. 04, 2008","Allred, Susan L",,susan_allred@hotmail.com
77323196,deadAbandoned,THINK INSTITUTE,"Aug. 26, 2008",Think Institute,,mastermind3208@yahoo.com
77323207,deadAbandoned,B4UB,"Aug. 28, 2008",Ziggurat Systems Ltd,,alon@zigguratsystems.com
77323178,REQUEST_FAILED,,,,,
77323352,REQUEST_FAILED,,,,,
77323390,REQUEST_FAILED,,,,,
77323444,deadAbandoned,"THERE'S ONLY ONE EXERCISE POLE; ITS FUN, ITS EXERCISE ITS THE EXERCISE POLE","Aug. 29, 2008",GOCO Inc.,,
77323405,REQUEST_FAILED,,,,,
77323495,deadAbandoned,PRO STREAM,"Aug. 28, 2008",Jet Labs LLC,,
77323435,REQUEST_FAILED,,,,,
77323561,REQUEST_FAILED,,,,,
77323638,REQUEST_FAILED,,,,,
77323769,deadAbandoned,ON-LINE CALL CENTER,"Aug. 25, 2008",On-line Technologies Inc.,,troy@on-linetechnologies.com
77323793,deadAbandoned,RELM,"Sep. 29, 2008","Alkana, Jay",,philippe.willis@gmail.com
77323724,REQUEST_FAILED,,,,,
77323742,REQUEST_FAILED,,,,,
77324090,deadAbandoned,SEASONED RIGHT,"Aug. 26, 2008","Prince, Kevin R.",,kevin@quickpatents.com
77324039,REQUEST_FAILED,,,,,
77324184,REQUEST_FAILED,,,,,
77324188,REQUEST_FAILED,,,,,
77324269,deadAbandoned,H-WIRE,"Sep. 04, 2008","H-wire, llc",,
77324221,REQUEST_FAILED,,,,,
77324421,deadAbandoned,ON-LINE RECORDER,"Aug. 25, 2008",On-line Technologies Inc.,,troy@on-linetechnologies.com
77324320,REQUEST_FAILED,,,,,
77324329,REQUEST_FAILED,,,,,
77324356,deadAbandoned,ON-LINE CTI,"Aug. 25, 2008",On-line Technologies Inc.,,troy@on-linetechnologies.com
77324397,REQUEST_FAILED,,,,,
77324483,REQUEST_FAILED,,,,,
77324495,REQUEST_FAILED,,,,,
77324570,deadAbandoned,SUNSHADE MEDIA,"Aug. 28, 2008","Sunshade Media, LLC",,sunshademedia@yahoo.com
77324556,deadAbandoned,FAITH BABY,"Aug. 26, 2008","McGuire, Stephanie A",,stephanier@verizon.net
77324558,REQUEST_FAILED,,,,,
77324648,REQUEST_FAILED,,,,,
77324756,deadAbandoned,NANOGLAS,"Sep. 08, 2008",Robert D Kiefer,,rdk@mapsww.com
77324913,deadAbandoned,JUST CAUSE,"Aug. 27, 2008",Jesus Tovar,,jesus.tovar2@gmail.com
77325042,deadAbandoned,GOLDEN FUEL SYSTEMS,"Aug. 25, 2008","Anderson, Charles G.",,
77324740,REQUEST_FAILED,,,,,
77325090,deadAbandoned,SOFTSKILLSBANK,"Aug. 05, 2008","SOFTSKILLSBANK, INC.",,
77325144,deadAbandoned,WORLD'S FIRST ROCK 'N' ROLL THEME PARK,"Dec. 12, 2008","HRP Creative Services, Co., LLC",,
77325128,REQUEST_FAILED,,,,,
77325171,REQUEST_FAILED,,,,,
77325172,REQUEST_FAILED,,,,,
77325222,REQUEST_FAILED,,,,,
77325305,REQUEST_FAILED,,,,,
77325318,REQUEST_FAILED,,,,,
77325404,deadAbandoned,CFOTOOLS,"Sep. 04, 2008",Paul Chesterman,,eric@marlinassoc.com
77325411,deadAbandoned,VELVET SOCIETY,"Jun. 30, 2008","Onda, Hideki Francis",,hidechan@mac.com
77325351,REQUEST_FAILED,,,,,
77325403,deadAbandoned,INTENTIONAL CHOCOLATE,"Aug. 26, 2008","Walsh, James P",,itonlygetsbetter@msn.com
77325392,REQUEST_FAILED,,,,,
77325513,REQUEST_FAILED,,,,,
77325701,REQUEST_FAILED,,,,,
77325725,REQUEST_FAILED,,,,,
77325820,deadAbandoned,SMARTSYS,"Aug. 28, 2008","Perez, Jean L",,jeanperez@usa.net
77325817,REQUEST_FAILED,,,,,
77325827,REQUEST_FAILED,,,,,
77325839,deadAbandoned,LIQUID CRYSTAL COSMETICS,"Sep. 02, 2008",IC-MedTech,,1tmiller@cox.net
77325931,deadAbandoned,MICROLASER,"Jul. 17, 2008","Zap Lasers, LLC",,rduysen@zaplasers.com
77325850,REQUEST_FAILED,,,,,
77326067,deadAbandoned,APPLESAUCE CEREAL,"Sep. 10, 2008",MARK HOWARD,,ASAP24and7@hotmail.com
77325957,REQUEST_FAILED,,,,,
77326344,REQUEST_FAILED,,,,,
77326418,REQUEST_FAILED,,,,,
77326472,REQUEST_FAILED,,,,,
77326558,deadAbandoned,SEARCHPRO,"Sep. 05, 2008",ResearchTrail Ltd.,,judith@researchtrail.com
77326483,REQUEST_FAILED,,,,,
77326498,REQUEST_FAILED,,,,,
77326540,REQUEST_FAILED,,,,,
77326600,deadAbandoned,"DATAGEEKS, INC WE ARE SERIOUS ABOUT YOUR DATA","Aug. 26, 2008","datageeks, Inc.",,ewhitfield@thedatageeks.com
77326588,REQUEST_FAILED,,,,,
77326662,deadAbandoned,MYUNG GA,"Sep. 01, 2008","Lee, Jong Soo",,jinhun.joung@gmail.com
77326695,deadAbandoned,CONSOLIDATEDRESORTS.ORG,"Aug. 28, 2008","Fresh Baked Records, LLC.",,scott@fbrgroup.org
77326659,REQUEST_FAILED,,,,,
77326720,deadAbandoned,None,"Sep. 03, 2008","Bailey, Jason",,quantumtech4@gmail.com
77326688,REQUEST_FAILED,,,,,
77326711,REQUEST_FAILED,,,,,
77326726,REQUEST_FAILED,,,,,
77326734,REQUEST_FAILED,,,,,
77326738,REQUEST_FAILED,,,,,
77326781,deadAbandoned,Y NOT,"Sep. 04, 2008",JEAN MARC DAUCOURT,,jmd@daucourt.com
77326783,deadAbandoned,Z ZAZOU,"Sep. 04, 2008",JEAN MARC DAUCOURT,,jmd@daucourt.com
77326749,REQUEST_FAILED,,,,,
77326869,deadAbandoned,ON-LINE COMMERCE CENTER,"Aug. 25, 2008",On-Line Technologies Inc.,,troy@on-linetechnologies.com
77326902,REQUEST_FAILED,,,,,
77327002,REQUEST_FAILED,,,,,
77327166,deadAbandoned,NATURALLY BOTANICALS,"Aug. 29, 2008","Naturally Botanicals, Inc.",,info@naturallybotanicals.com
77327297,deadAbandoned,MICROLASE,"Jul. 17, 2008","Zap Lasers, LLC",,rduysen@zaplasers.com
77327192,REQUEST_FAILED,,,,,
77327284,deadAbandoned,BLACK DIAMOND MEMORY,"Sep. 01, 2008",Memory-Up,,eric@memory-up.com
77327365,deadAbandoned,SENIOR MOVE MANAGER,"Oct. 01, 2008",National Association of Senior Move Managers,,jennifer@aiteam.org
77327404,deadAbandoned,BLUE CRICK RV,"Aug. 27, 2008",Blue Crick RV,,marct@bluecrick.com
77327299,REQUEST_FAILED,,,,,
77327338,REQUEST_FAILED,,,,,
77327446,deadAbandoned,THE CENTER FOR DENTAL MEDICINE,"Sep. 02, 2008","Wartell, Robert L.",,bob@wartell.com
77327340,REQUEST_FAILED,,,,,
77327572,deadAbandoned,GEORGES MARCIANO,"Dec. 24, 2008","MSKMarciano, Inc.",,britton@gm-lg.com
77327556,REQUEST_FAILED,,,,,
77327639,deadAbandoned,AIR SHOW,"Aug. 26, 2008",marco antonio trevisan,,maarcotrevisan@terra.com.br
77327687,deadAbandoned,INFORMEDSPORTS,"Aug. 28, 2008","Sirius Healthcare, Inc.",,dbarnaby@siriushealthcare.com
77327694,deadAbandoned,WIND·DRIZZLE,"Aug. 27, 2008",USA W&DINC.,,
77327667,REQUEST_FAILED,,,,,
77327695,deadAbandoned,BINGO LOTTO,"Aug. 01, 2008",Imagination Holdings Pty Ltd,,sarah.wishart@imagination.com.au
77327737,deadAbandoned,PATRIOT PENDANT,"Aug. 29, 2008",Trina J. Celise,,tcelise@solar-magic.com
77327740,deadAbandoned,BINGO BEAR,"Jul. 31, 2008",Imagination Holdings Pty Ltd,,sarah.wishart@imagination.com.au
77327747,deadAbandoned,NORSTAR,"Sep. 16, 2008","Lin, Bin",,binlin98@gmail.com
77327738,deadAbandoned,BINGO LOTTO,"Aug. 01, 2008",Imagination Holdings Pty Ltd,,sarah.wishart@imagination.com.au
77327744,deadAbandoned,SKH,"Aug. 20, 2008","HANGZHOU HENGKE PRECISION MACHINERY & ELECTRONICS CO., LTD.",,
77327733,REQUEST_FAILED,,,,,
77327754,deadAbandoned,ICOINS,"Aug. 28, 2008",iCoins,,sara@icoins.com
77327739,REQUEST_FAILED,,,,,
77327789,REQUEST_FAILED,,,,,
77327796,REQUEST_FAILED,,,,,
77327865,REQUEST_FAILED,,,,,
77328081,deadAbandoned,DILEMMA,"Aug. 28, 2008",Moshe inc,,sales@colognes.com
77327986,REQUEST_FAILED,,,,,
77328067,REQUEST_FAILED,,,,,
77328110,REQUEST_FAILED,,,,,
77328142,REQUEST_FAILED,,,,,
77328389,REQUEST_FAILED,,,,,
77328500,REQUEST_FAILED,,,,,
77328686,REQUEST_FAILED,,,,,
77328707,REQUEST_FAILED,,,,,
77328710,REQUEST_FAILED,,,,,
77328923,deadAbandoned,ADWORDSHARE,"Sep. 07, 2008",Hong Wu,,info@adwordshare.com
77328760,REQUEST_FAILED,,,,,
77328958,REQUEST_FAILED,,,,,
77329117,deadAbandoned,MEGAQUARIUM,"Sep. 04, 2008",Microgistix Incorporated,,phoisve@microgistix.com
77329025,REQUEST_FAILED,,,,,
77329069,REQUEST_FAILED,,,,,
77329181,deadAbandoned,INNOVATING INNOVATION,"Aug. 28, 2008",Raymond Felts,,felts_ray@yahoo.com
77329269,deadAbandoned,ONE TOUCH HOME HIGHLIGHTER,"Sep. 04, 2008","CRICKET PRODUCTIONS, INC.",,
77329209,REQUEST_FAILED,,,,,
77329215,REQUEST_FAILED,,,,,
77329295,REQUEST_FAILED,,,,,
77329324,REQUEST_FAILED,,,,,
77329527,REQUEST_FAILED,,,,,
77329576,REQUEST_FAILED,,,,,
77329677,deadAbandoned,DCS DISCOUNT COMPUTER SUPPLIES WHERE THE CLIENT IS BOSS! TOTAL OFFICE SOLUTIONS,"Aug. 29, 2008",Investment Group Enterprises,,maseymour@dcsoffice.com
77329590,REQUEST_FAILED,,,,,
77329658,REQUEST_FAILED,,,,,
77329850,deadAbandoned,MARIN HOUSE CLEANING,"Sep. 03, 2008","Lee, Jorge E",,Mr.Jorge.L@gmail.com
77329802,REQUEST_FAILED,,,,,
77329814,REQUEST_FAILED,,,,,
77329972,deadAbandoned,YUJIANG,"Sep. 08, 2008","Chongqing Yujiang Die-Casting Co., Ltd",,unireno@streamyx.com
77329825,REQUEST_FAILED,,,,,
77330021,deadAbandoned,ROADSCENTS,"Nov. 03, 2008","Gaudoin, Tina",,tinag@mailbox.co.uk
77330002,deadAbandoned,ARR,"Sep. 08, 2008","Paredes, Cirilo-Paulo",,paulo@americanrockandroyalty.com
77330084,deadAbandoned,MILIBASTIONS,"Sep. 02, 2008",JORGE E GALLEGO,,jorgeaqx@yahoo.com
77329906,REQUEST_FAILED,,,,,
77330159,deadAbandoned,PANELFAB,"Jul. 30, 2008","Panelfab, LLC",,tony.dandrea@comcast.net
77330042,REQUEST_FAILED,,,,,
77330168,deadAbandoned,CLUEHUNT.COM,"Sep. 08, 2008","Lamb, Ray I",,paperwork@cluehunt.com
77330102,REQUEST_FAILED,,,,,
77330272,deadAbandoned,SHAKAL,"Oct. 27, 2008",OZZY D'LIMMA,,ozteal@embarqmail.com
77330137,REQUEST_FAILED,,,,,
77330253,REQUEST_FAILED,,,,,
77330274,REQUEST_FAILED,,,,,
77330364,deadAbandoned,MEDICARDUSA,"Sep. 10, 2008","Cammarata, Marguerite",,tony@cammarata1.com
77330539,deadAbandoned,THE CAMPUS.TV CAMPUS TELEVISION NETWORK,"Sep. 08, 2008",Dirk Rene Arnauts,,Rudy@zenlofts.com
77330400,REQUEST_FAILED,,,,,
77330379,REQUEST_FAILED,,,,,
77330503,REQUEST_FAILED,,,,,
77330562,REQUEST_FAILED,,,,,
77330832,REQUEST_FAILED,,,,,
77330899,REQUEST_FAILED,,,,,
77331054,deadAbandoned,SKYHAWK CAPITAL,"Sep. 02, 2008","SkyHawk Capital Management, LLC",,jack@brannelly.com
77331008,REQUEST_FAILED,,,,,
77331062,deadAbandoned,KINDLE SOY WAX CANDLE,"Apr. 07, 2008",Ryan Teets,,ryan@kindlebeauty.com
77331039,REQUEST_FAILED,,,,,
77331117,deadAbandoned,None,"Dec. 11, 2008","SHENZHEN ACT INDUSTRIAL CO., LTD.",,
77331100,REQUEST_FAILED,,,,,
77331114,REQUEST_FAILED,,,,,
77331153,REQUEST_FAILED,,,,,
77331316,deadAbandoned,FLAWLESS HAIR,"Dec. 25, 2008","Webb, Tiffany Nicole",,tiffany@flawless-hair.com
77331287,REQUEST_FAILED,,,,,
77331326,REQUEST_FAILED,,,,,
77331471,REQUEST_FAILED,,,,,
77331512,deadAbandoned,OPEN THE DOCTOR'S CHANNEL CLOSE,"Sep. 12, 2008","MDea, Inc.",,mbanks@mdeany.com
77331540,REQUEST_FAILED,,,,,
77331522,REQUEST_FAILED,,,,,
77331797,deadAbandoned,HALO EYE BRIGHTENER,"Sep. 08, 2008",AnazaoHealth Corporation,,lblue@anazaohealth.com
77331845,deadAbandoned,ROCK CHEF,"Sep. 02, 2008",Lifetime Productions International Ltd,,
77331637,REQUEST_FAILED,,,,,
77331793,REQUEST_FAILED,,,,,
77332009,deadAbandoned,TAHITI TROPIC,"Sep. 03, 2008","TAHITI TROPIC, INC.",,KEEVENTAYLOR@GMAIL.COM
77332140,deadAbandoned,MISS TAHITI TROPIC INTERNATIONAL,"Sep. 03, 2008","TAHITI TROPIC, INC.",,KEEVENTAYLOR@GMAIL.COM
77331890,REQUEST_FAILED,,,,,
77331965,REQUEST_FAILED,,,,,
77332211,deadAbandoned,FLASH FLOOD,"Sep. 08, 2008",AnazaoHealth Corporation,,lblue@anazaohealth.com
77332200,REQUEST_FAILED,,,,,
77332173,REQUEST_FAILED,,,,,
77332230,REQUEST_FAILED,,,,,
77332305,deadAbandoned,THE KEY TO THE VERY BEST OF LUCK,"Nov. 08, 2008","Davydova, Olga V.",,olga.v.d@gmail.com
77332302,deadAbandoned,SWEET ANGEL BIRD,"Nov. 08, 2008","Davydova, Olga V.",,olga.v.d@gmail.com
77332301,REQUEST_FAILED,,,,,
77332303,REQUEST_FAILED,,,,,
77332341,deadAbandoned,"SOSEN, INC","Sep. 05, 2008","SOSEN, INC",,sosenbod@yahoogroups.com
77332349,REQUEST_FAILED,,,,,
77332355,REQUEST_FAILED,,,,,
77332413,deadAbandoned,K KENSTRUZTD,"Sep. 11, 2008",Marvin Valladares,,kenstruztd@gmail.com
77332477,deadAbandoned,PORN STAR SEARCH TEAM,"Sep. 04, 2008","Bait & Tackle, LLC",,
77332397,REQUEST_FAILED,,,,,
77332435,REQUEST_FAILED,,,,,
77332476,REQUEST_FAILED,,,,,
77332536,deadAbandoned,PIMP MY HDTV,"Sep. 04, 2008","Jacobs, Fredric A",,fjacobs@post.harvard.edu
77332574,deadAbandoned,PANDA FIREWORKS,"Jun. 18, 2008","CHIU, WAI PING JACKSON",,helin.yin@gmail.com
77332520,REQUEST_FAILED,,,,,
77332590,deadAbandoned,CLUEHUNT,"Sep. 04, 2008",Ray Lamb,,
77332591,deadAbandoned,BOTANICOLOR,"Sep. 04, 2008",PRAVANA INTERNATIONAL,,
77332553,deadAbandoned,CD,"Dec. 08, 2008","Detwiler, Conor Kelly",,cdetwiler@annumbag.com
77332601,deadAbandoned,SMOOTH MOVES EYES,"Sep. 08, 2008",AnazaoHealth Corporation,,lblue@anazaohealth.com
77332598,deadAbandoned,SMOOTH MOVES LIPS,"Sep. 08, 2008",AnazaoHealth Corporation,,lblue@anazaohealth.com
77332559,REQUEST_FAILED,,,,,
77332614,deadAbandoned,THE WRITERS NETWORK,"Sep. 12, 2008","Two Ton Films, LLC",,justin@twotonfilms.com
77332592,REQUEST_FAILED,,,,,
77332625,deadAbandoned,"ABACUS PRO SERVICES, INC. FINDING PEOPLE YOU CAN TRUST","Sep. 15, 2008","Abacus Pro Services, Inc.",,lynnolita@yahoo.com
77332617,deadAbandoned,LEMANS,"Jun. 17, 2008",SAGA International Ltd,,sganni@saga-international.com
77332599,REQUEST_FAILED,,,,,
77332608,deadAbandoned,PORE PUMICE,"Sep. 08, 2008",AnazaoHealth Corporation,,lblue@anazaohealth.com
77332639,deadAbandoned,NEB-U-TYKE,"Sep. 05, 2008",GF Health Products Inc.,,ccolon@grahamfield.com
77332805,deadAbandoned,REVGEN,"Sep. 22, 2008","bird, patrick j",,pat.bird@revgen.com
77332835,deadAbandoned,GREEN BUBBLE CLEANERS,"Sep. 05, 2008",Green Bubble Cleaners LLC,,contact@greenbubblecleaners.com
77332818,deadAbandoned,"SIMPLY REFERRALS ""A TRUE NETWORKING GROUP""","Sep. 05, 2008","Bellafiore,Steven",,sbellafiore@ccbloans.com
77332683,REQUEST_FAILED,,,,,
77332764,REQUEST_FAILED,,,,,
77332822,REQUEST_FAILED,,,,,
77332930,deadAbandoned,THE WORLD'S PUREST SKINCARE,"Sep. 10, 2008","VAZQUEZ, DEANNA ELAINE",,DVAZQUEZ@MYALCHEMILLA.COM
77332941,deadAbandoned,INSTANT BOX HANDLES,"Sep. 16, 2008",Box Paws LLC,,johnroden@msn.com
77332957,REQUEST_FAILED,,,,,
77333192,deadAbandoned,CHIKA CHIKA,"Sep. 10, 2008",Chika Chika LTD,,gordon@jp4.com
77333101,REQUEST_FAILED,,,,,
77333117,REQUEST_FAILED,,,,,
77333153,REQUEST_FAILED,,,,,
77333269,REQUEST_FAILED,,,,,
77333386,deadAbandoned,ELLIPSE SKIN SCIENCE,"Sep. 11, 2008",Apollo Life Sciences Limited,,gavin@apollolifesciences.com
77333372,REQUEST_FAILED,,,,,
77333382,REQUEST_FAILED,,,,,
77333411,REQUEST_FAILED,,,,,
77333429,REQUEST_FAILED,,,,,
77333542,deadAbandoned,CHIKA CHIKA PRESENTS CHIARA,"Sep. 09, 2008",Chika Chika LTD,,gordon@jp4.com
77333509,REQUEST_FAILED,,,,,
77333577,deadAbandoned,BAWLBABY,"Sep. 05, 2008",Hilary Grounds,,hilarygrounds@msn.com
77333583,deadAbandoned,ALL ABOUT TAHOE REALTY,"Sep. 04, 2008","Laymance, Terry",,terry@allabouttahoe.com
77333623,deadAbandoned,WEIDER-TERA,"Apr. 13, 2008",Jin YuQing,,
77333661,deadAbandoned,INFINITI HOMES LLC,"Sep. 04, 2008",Infiniti Homes LLC,,Sbresnick@Infinitihome.com
77333599,REQUEST_FAILED,,,,,
77333664,deadAbandoned,IEM,"Sep. 30, 2008","ZHUHAI MEIKEJIAN TECHNOLOGY DEVELOPMENT CO., LTD.",,
77333612,REQUEST_FAILED,,,,,
77333693,deadAbandoned,POWERSUITE,"Sep. 08, 2008",Spotmau Limited,,johnsoft@hotmail.com
77333710,deadAbandoned,POPPY,"Sep. 07, 2008",TANG LING,,unireno@streamyx.com
77333646,REQUEST_FAILED,,,,,
77333696,deadAbandoned,WALTER'S,"Sep. 09, 2008",Walter's Beer LLC,,andysanchez9@yahoo.com
77333700,REQUEST_FAILED,,,,,
77333777,REQUEST_FAILED,,,,,
77333875,REQUEST_FAILED,,,,,
77333917,REQUEST_FAILED,,,,,
77334123,deadAbandoned,CONNECTING KIDS THROUGH PLAYDATES AND STUDY BUDDIES,"Sep. 12, 2008",Sushil Madhogarhia,,
77334147,deadAbandoned,THE DAILY DADDY,"Sep. 07, 2008",Learning Endeavors Incorporated,,kevin@thedailydaddy.net
77333987,REQUEST_FAILED,,,,,
77334267,deadAbandoned,MULTIPLE LIPID ABNORMALITIES,"Sep. 06, 2008","Stanek, Eric J",,ejstanek@comcast.net
77334163,REQUEST_FAILED,,,,,
77334242,REQUEST_FAILED,,,,,
77334243,REQUEST_FAILED,,,,,
77334257,REQUEST_FAILED,,,,,
77334396,deadAbandoned,ENERJI BOTANICALS,"Aug. 14, 2008",Professional Botanicals Inc.,,DrEric@ProfessionalBotanicals.com
77334342,REQUEST_FAILED,,,,,
77334358,REQUEST_FAILED,,,,,
77334360,REQUEST_FAILED,,,,,
77334483,deadAbandoned,COMBINED OPTIMAL LIPID VALUES,"Sep. 06, 2008","Stanek, Eric J",,ejstanek@comcast.net
77334662,REQUEST_FAILED,,,,,
77334779,deadAbandoned,"FLIRTNETWORKS ""IT ALL STARTS WITH A FLIRT...""","Nov. 17, 2008","Steiger, Adam H.",,asteigermtg@aol.com
77334726,REQUEST_FAILED,,,,,
77334811,deadAbandoned,KOBE TEPPAN & SUSHI,"Sep. 05, 2008",Kobe Sushi & Steak LLC,,paul_dong@yahoo.com
77334752,REQUEST_FAILED,,,,,
77334806,deadAbandoned,NEW HOME NETWORK,"Oct. 10, 2008",Joseph J McMullen,,jjmcm123@msn.com
77334765,REQUEST_FAILED,,,,,
77334804,REQUEST_FAILED,,,,,
77335011,REQUEST_FAILED,,,,,
77335118,REQUEST_FAILED,,,,,
77335283,deadAbandoned,HOMESCHOOL SPORTS INSIDER,"Sep. 19, 2008",LMP Publishing LLC,,lukemcdonald@lmppublishing.com
77335222,REQUEST_FAILED,,,,,
77335480,REQUEST_FAILED,,,,,
77335604,REQUEST_FAILED,,,,,
77335770,deadAbandoned,JOLT,"Aug. 01, 2008",Jon Steinsson,,js@steinsson.com
77335634,REQUEST_FAILED,,,,,
77335700,REQUEST_FAILED,,,,,
77335811,deadAbandoned,VIRGIN CONSUMER STRATEGY,"Sep. 09, 2008",Vichai Pradermsuk,,vichaipradermsuk@yahoo.com
77335801,deadAbandoned,BITS ON THE RUN,"Sep. 07, 2008",Heliotrope B.V.,,office@heliotrope.nl
77335806,deadAbandoned,SATELLITE PHONE,"Aug. 05, 2008",Mobal Communications Inc.,,andrea@mobal.com
77335795,REQUEST_FAILED,,,,,
77335821,deadAbandoned,IFABRIC#,"Oct. 29, 2008",Intelligent Fabric Technologies plc,,chris.nicholas@ift-plc.co.uk
77335812,REQUEST_FAILED,,,,,
77335898,deadAbandoned,CINEKITTY,"Sep. 08, 2008",THU-HUYEN LUU (TWAIN LUU),,twain_luu@yahoo.com
77335843,REQUEST_FAILED,,,,,
77335886,deadAbandoned,SKIN,"Sep. 08, 2008","Turbeville, Sara Ellen",,turbosara@yahoo.com
77335902,deadAbandoned,ZOOM SPOUT,"Sep. 12, 2008",R. Boiko Corporation,,RobertBoiko@RobertBoiko.com
77335927,deadAbandoned,TEN HERBS,"Sep. 14, 2008",ESI S.P.A.,,esi@esitalia.com
77335949,deadAbandoned,THE SOCIAL COMMERCE NETWORK,"Sep. 13, 2008",JunkTube Incorporated,,tekbrokers@hotmail.com
77335951,deadAbandoned,MARMALADE INK,"Sep. 08, 2008",Marmalade Ink LLC,,support@marmaladeink.com
77335928,deadAbandoned,HERBAL NIGHTS,"Sep. 14, 2008",ESI S.P.A.,,esi@esitalia.com
77335981,deadAbandoned,MONEMVASIA,"Sep. 15, 2008","Sarbanes, Anastasio, H // Lagakis, Vasiliki, V",,sarbanes@hotmail.com
77335931,REQUEST_FAILED,,,,,
77336013,deadAbandoned,ANGEL CHAIR,"Sep. 13, 2008","Edwards, Jerome M.",,Jerry@upco.us
77335959,REQUEST_FAILED,,,,,
77336005,REQUEST_FAILED,,,,,
77336038,REQUEST_FAILED,,,,,
77336077,REQUEST_FAILED,,,,,
77336109,deadAbandoned,EOLOOM,"Sep. 07, 2008","Al-Zube, Loay",,alzube@gmail.com
77336092,REQUEST_FAILED,,,,,
77336129,deadAbandoned,CHECKMYPC,"Sep. 08, 2008",Sharp Ideas LLC,,abe.usher@gmail.com
77336144,deadAbandoned,BO BIG RED,"Sep. 13, 2008","Lammel, David J",,madmac6@cox.net
77336106,REQUEST_FAILED,,,,,
77336122,REQUEST_FAILED,,,,,
77336216,deadAbandoned,AS ANTI-VIRUS,"Sep. 12, 2008",AvailaSoft Corporation Limited,,board@availasoft.com
77336140,REQUEST_FAILED,,,,,
77336229,deadAbandoned,THE PERFECT BIB,"Sep. 07, 2008","L'Equipe, LLC",,service@unepetiteetoile.com
77336238,REQUEST_FAILED,,,,,
77336253,REQUEST_FAILED,,,,,
77336285,REQUEST_FAILED,,,,,
77336308,deadAbandoned,SECOND-HAND FOREST,"Sep. 08, 2008",PRISTINE LIMITED,,
77336290,REQUEST_FAILED,,,,,
77336291,REQUEST_FAILED,,,,,
77336367,deadAbandoned,VODKAPEDIA,"Jul. 15, 2008",Kwantum s.c.,,piotr.motyka@kwantum.pl
77336388,deadAbandoned,SARDO,"Jul. 29, 2008",CGE Enterprises LLC,,jhastings@vermontcountrystore.com
77336319,deadAbandoned,CAPITAL PROCESSING INT'L INC.,"Sep. 08, 2008",Capital Processing Int'l Inc.,,tom.kim@capital-processing.com
77336342,deadAbandoned,ONLINE BUSINESS BUILDER,"Sep. 09, 2008",Business Catalyst Systems Pty Ltd,,bardia@businesscatalyst.com
77336393,deadAbandoned,INTELLIQUOTE,"Oct. 23, 2008","IntelliQuote Insurance Services, Inc.",,
77336469,deadAbandoned,HOLIDAY WONDERS,"Sep. 12, 2008","Universal Communications Network, Inc.",,kelly.sun@ntdtv.com
77336370,REQUEST_FAILED,,,,,
77336489,REQUEST_FAILED,,,,,
77336510,REQUEST_FAILED,,,,,
77336726,deadAbandoned,BIG RICHARD,"Sep. 12, 2008","Perry, Lloyd S",,lloydperry@googlemail.com
77336584,REQUEST_FAILED,,,,,
77336779,REQUEST_FAILED,,,,,
77336899,REQUEST_FAILED,,,,,
77336932,REQUEST_FAILED,,,,,
77337109,deadAbandoned,RED TREE SOFTWARE,"Sep. 12, 2008","Ellis, John",,redtreesupport@redtreesoftware.co.uk
77337113,deadAbandoned,INNOVATIVE LENDING GROUP,"Dec. 22, 2008","Yinh, Jesus",,
77337031,REQUEST_FAILED,,,,,
77337197,deadAbandoned,SIN WATER,"Oct. 15, 2008","BNV, LLC",,info@sinwater.com
77337135,REQUEST_FAILED,,,,,
77337145,REQUEST_FAILED,,,,,
77337199,REQUEST_FAILED,,,,,
77337271,deadAbandoned,UNDERGROUND ILLUSIONS U.I.,"Sep. 15, 2008",Christy McClellan,,undergroundillusions@yahoo.com
77337212,REQUEST_FAILED,,,,,
77337227,REQUEST_FAILED,,,,,
77337388,deadAbandoned,RTS ROYAL TRUST SERVICES RTS,"Sep. 11, 2008","KAIZER, CHRISTOPHER, PHILLIP",,CPKAIZER@GMAIL.COM
77337300,deadAbandoned,KARTEN,"Nov. 04, 2008",Section A Pty Ltd,,
77337301,REQUEST_FAILED,,,,,
77337455,deadAbandoned,PEANUT SOUP MIX,"Sep. 15, 2008","Montebello Kitchens, LLC",,selynch@montebellokitchens.com
77337549,deadAbandoned,MONTEBELLO KITCHENS,"Sep. 15, 2008","Montebello Kitchens, LLC",,selynch@montebellokitchens.com
77337451,deadAbandoned,SOUTH IN YOUR MOUTH,"Sep. 15, 2008","Montebello KItchens, LLC",,selynch@montebellokitchens.com
77337494,REQUEST_FAILED,,,,,
77337559,deadAbandoned,FANTASTIC PEANUT,"Sep. 15, 2008","Montebello Kitchens, LLC",,selynch@montebellokitchens.com
77337560,deadAbandoned,SAVOR LIFE EAT WELL BE HAPPY,"Sep. 15, 2008","Montebello Kitchens, LLC",,selynch@montebellokitchens.com
77337554,REQUEST_FAILED,,,,,
77337729,deadAbandoned,PDVAMERICA,"Sep. 11, 2008",Darrell Owen Eaton,,darrell.eaton@alumni.usc.edu
77337580,REQUEST_FAILED,,,,,
77337798,deadAbandoned,PETROLEOSDEVENEZUELASA,"Sep. 11, 2008",Darrell Owen Eaton,,darrell.eaton@alumni.usc.edu
77337733,REQUEST_FAILED,,,,,
77337958,deadAbandoned,RAAX11,"Sep. 11, 2008",Takesun Portugal Lda,,gotto@takesun.de
77338024,deadAbandoned,EQUESTRIAN QUEST,"Sep. 12, 2008",Guilford Dudley,,gdudley3@wildblue.net
77337900,REQUEST_FAILED,,,,,
77338001,deadAbandoned,THE THINKHER,"Dec. 22, 2008",The ThinkHer LLC,,dawn@thethinkher.com
77338090,deadAbandoned,EXPRESS GLASS,"Sep. 15, 2008",Express Glass,,gtucker@americandocsinc.com
77338011,REQUEST_FAILED,,,,,
77338109,deadAbandoned,CALE CORPORATION,"Sep. 11, 2008",CALE CORPORATION,,gtucker@americandocsinc.com
77338112,deadAbandoned,ON-SCREEN,"Sep. 11, 2008","Quote Software, Inc.",,david@quotesoft.com
77338144,REQUEST_FAILED,,,,,
77338155,REQUEST_FAILED,,,,,
77338191,REQUEST_FAILED,,,,,
77338196,REQUEST_FAILED,,,,,
77338272,deadAbandoned,XPERTBLOGS.COM,"Sep. 08, 2008",PointShop Inc.,,egarrison@pointshop.com
77338275,deadAbandoned,CLEAN ARMS FOR COMMUNITY,"Sep. 11, 2008",Tattoo Removal Center,,rmoore@tattooremovalcenter.net
77338249,REQUEST_FAILED,,,,,
77338285,REQUEST_FAILED,,,,,
77338303,REQUEST_FAILED,,,,,
77338330,REQUEST_FAILED,,,,,
77338502,deadAbandoned,DIGITAL MULTIPLEX,"Sep. 15, 2008",Solblue Media LLC,,philip@compliantco.com
77338403,REQUEST_FAILED,,,,,
77338547,REQUEST_FAILED,,,,,
77338556,REQUEST_FAILED,,,,,
77338641,REQUEST_FAILED,,,,,
77338927,deadAbandoned,BABIES4PEACE,"Sep. 11, 2008",Krank Media LLC,,jrodgers100@hotmail.com
77338724,REQUEST_FAILED,,,,,
77338850,REQUEST_FAILED,,,,,
77338863,REQUEST_FAILED,,,,,
77339118,REQUEST_FAILED,,,,,
77339192,REQUEST_FAILED,,,,,
77339449,deadAbandoned,LONG ISLAND KITCHEN AND BATH,"Sep. 16, 2008","Cooke, Patrick K",,cabinetright@optonline.net
77339364,REQUEST_FAILED,,,,,
77339539,deadAbandoned,OUR NO RINSE,"Sep. 15, 2008",Alan Sondgeroth,,alkris@charter.net
77339504,REQUEST_FAILED,,,,,
77339506,REQUEST_FAILED,,,,,
77339564,REQUEST_FAILED,,,,,
77339644,REQUEST_FAILED,,,,,
77339799,deadAbandoned,THALAPEDIA,"Sep. 16, 2008",Thalasemmia Support Foundation,,ceahunt@msn.com
77339745,REQUEST_FAILED,,,,,
77339857,deadAbandoned,THE ROOM DIVIDER,"Sep. 17, 2008",Versare Solutions Incorporated,,Robert@versare.com
77339805,REQUEST_FAILED,,,,,
77339849,REQUEST_FAILED,,,,,
77340041,deadAbandoned,XS BAY,"Jul. 14, 2008","Nichols, Jason R",,jn@is-inc.com
77339990,REQUEST_FAILED,,,,,
77340060,deadAbandoned,$49 WORLD PHONE,"Aug. 05, 2008",Mobal Communications Inc.,,andrea@mobal.com
77340314,deadAbandoned,THE WEAPON,"Sep. 15, 2008",aleco bravo,,alecob@hotmail.com
77340282,deadAbandoned,NO LOGO,"Sep. 21, 2008",Jefferey D. Myers,,
77340251,REQUEST_FAILED,,,,,
77340499,deadAbandoned,WILL THE TECHNIQUE OR TACTIC WORK? IS IT NECESSARY TO DO IT THAT WAY? CAN YOU DUPLICATE IT UNDER STRESS?,"Sep. 25, 2008","Delta Training Center, LLC",,jamie@scgonline.net
77340515,deadAbandoned,FRAGRANCE BAR,"Sep. 12, 2008",Adora LLC,,gyd73@hotmail.com
77340431,REQUEST_FAILED,,,,,
77340505,REQUEST_FAILED,,,,,
77340517,REQUEST_FAILED,,,,,
77340576,REQUEST_FAILED,,,,,
77340635,REQUEST_FAILED,,,,,
77340657,REQUEST_FAILED,,,,,
77340740,deadAbandoned,AMERICAN ROCK & ROYALTY,"Sep. 15, 2008","Paredes, Cirilo-Paulo",,paulo@americanrockandroyalty.com
77340679,REQUEST_FAILED,,,,,
77340714,REQUEST_FAILED,,,,,
77340857,deadAbandoned,PARENT'S BEST RESOURCE,"Jul. 31, 2008","FIREMAN, ANDREW F",,afireman2003@comcast.net
77340742,deadAbandoned,M,"Sep. 15, 2008","McCormick, Ryan P.",,ryan_p_mccormick@hotmail.com
77340769,REQUEST_FAILED,,,,,
77340805,REQUEST_FAILED,,,,,
77340977,REQUEST_FAILED,,,,,
77341004,REQUEST_FAILED,,,,,
77341145,deadAbandoned,AFC,"Sep. 16, 2008","Harbinger Technologies Group, Inc",,bkolo@htgcorp.com
77341229,deadAbandoned,BEAU JOLEE,"Mar. 13, 2008",Merrill Bonarrigo,,wine@messinahof.com
77341038,REQUEST_FAILED,,,,,
77341097,REQUEST_FAILED,,,,,
77341230,REQUEST_FAILED,,,,,
77341347,REQUEST_FAILED,,,,,
77341262,REQUEST_FAILED,,,,,
77341502,REQUEST_FAILED,,,,,
77341756,deadAbandoned,ROBERTO DE VILLACIS,"Sep. 19, 2008",Roberto Henrichsen,,devillacis@hotmail.com
77341806,deadAbandoned,JAY ASANTE,"Sep. 13, 2008","Asante-Chioke, Jabari",,jayasante@gmail.com
77341692,REQUEST_FAILED,,,,,
77341783,REQUEST_FAILED,,,,,
77341859,deadAbandoned,THE BEST DRIVER IN THE WORLD,"Sep. 17, 2008",Clive Marshall,,cm@marlin.co.uk
77341894,deadAbandoned,BO BIG RED,"Sep. 14, 2008",David J. Lammel,,madmac6@cox.net
77341845,REQUEST_FAILED,,,,,
77341860,REQUEST_FAILED,,,,,
77341897,deadAbandoned,SUPERFRUITS SUPER FRUITS,"Sep. 14, 2008",JMK,,kelly@jmkforu.com
77341883,REQUEST_FAILED,,,,,
77341959,deadAbandoned,VICTOR'S SECRET,"Sep. 24, 2008",Jose Euripedes da Silva,,joesilva77@hotmail.com
77341965,deadAbandoned,HI-OCTANE ENERGY DRINK,"Sep. 15, 2008",Brian R Stearns,,brian.stearns@vt360.com
77341912,REQUEST_FAILED,,,,,
77341936,REQUEST_FAILED,,,,,
77341998,deadAbandoned,STACY & VIOLET,"Sep. 22, 2008","Tobe, Zanta L.",,justzant@aol.com
77342014,deadAbandoned,DIVINE PERFORMING ARTS CHINESE SPECTACULAR,"Sep. 18, 2008","Divine Performing Arts, Inc",,kelly.sun@ntdtv.com
77341942,REQUEST_FAILED,,,,,
77341979,REQUEST_FAILED,,,,,
77342012,deadAbandoned,DIVINE PERFORMING ARTS CHINESE SPECTACULAR,"Sep. 18, 2008","Divine Performing Arts, Inc",,kelly.sun@ntdtv.com
77342023,deadAbandoned,SHEN YUN CHINESE SPECTACULAR,"Sep. 18, 2008","Divine Performing Arts, Inc",,kelly.sun@ntdtv.com
77342065,deadAbandoned,BARREL OF MONKEYS,"Jun. 09, 2008",Ainsworth Game Technology Limited,,jason.meyer@ainsworth.com.au
77342019,REQUEST_FAILED,,,,,
77342066,deadAbandoned,FERRIS WHEEL FORTUNE,"Jul. 10, 2008",Ainsworth Game Technology Limited,,jason.meyer@ainsworth.com.au
77342049,REQUEST_FAILED,,,,,
77342086,deadAbandoned,VENOM DRINKS,"Sep. 14, 2008",Venom Drinks,,aconti@venomdrinks.com
77342115,deadAbandoned,SPRAGUE-RAPPAPORT,"Sep. 15, 2008","GF Health Products, Inc.",,ccolon@grahamfield.com
77342099,deadAbandoned,FREETV,"Sep. 23, 2008",Paz Zeev,,zevpaz@gmail.com
77342075,REQUEST_FAILED,,,,,
77342165,deadAbandoned,X & S JEANS,"Sep. 22, 2008","Shields, Randall",,randy@xandsjeans.com
77342117,REQUEST_FAILED,,,,,
77342147,REQUEST_FAILED,,,,,
77342163,REQUEST_FAILED,,,,,
77342288,deadAbandoned,PLATINUM PUMPKIN...GOLD IS JUST NOT GOOD ENOUGH FOR THIS PUMPKIN.,"Sep. 19, 2008","Platinum Pumpkin, Inc.",,benblue@sbcglobal.net
77342545,deadAbandoned,"DIVINE FINANCIAL GROUP, LLC","Sep. 23, 2008","DIVINE Financial Group, LLC",,divinepropertylc@bellsouth.net
77342520,REQUEST_FAILED,,,,,
77342548,REQUEST_FAILED,,,,,
77342710,REQUEST_FAILED,,,,,
77342976,deadAbandoned,THE HEALTHCARE FINANCIAL SERVICES NETWORK,"Oct. 03, 2008","Kasparek Enterprises, Inc.",,lwilkinson@pmrcollect.com
77342962,REQUEST_FAILED,,,,,
77343081,deadAbandoned,TENZO KITCHEN BEYOND THE ICE AGE,"Sep. 18, 2008",Tenzo LLC,,vorayas@msn.com
77343105,deadAbandoned,HB,"Sep. 19, 2008","Cardiff Advisors, Inc.",,
77343027,REQUEST_FAILED,,,,,
77343360,REQUEST_FAILED,,,,,
77343442,deadAbandoned,U.S. DENT REPAIR,"Sep. 15, 2008",James W. Sullivan,,jackpelham@dixiedent.com
77343530,deadAbandoned,LA VIDA MUSIC,"Sep. 22, 2008",Juan Miranda,,jmiranda@lavidamusic.com
77343423,REQUEST_FAILED,,,,,
77343437,REQUEST_FAILED,,,,,
77343673,deadAbandoned,ORCHARD FARMS,"Sep. 14, 2008",JMK,,kelly@jmkforu.com
77343611,REQUEST_FAILED,,,,,
77343659,REQUEST_FAILED,,,,,
77343837,deadAbandoned,HUDSON,"Jan. 04, 2008",Paul M. Schreiber,,
77343851,deadAbandoned,NAPPA GALLERY,"Sep. 19, 2008",Paul M. Schreiber,,
77343720,REQUEST_FAILED,,,,,
77343737,REQUEST_FAILED,,,,,
77343792,REQUEST_FAILED,,,,,
77343977,REQUEST_FAILED,,,,,
77344068,REQUEST_FAILED,,,,,
77344106,REQUEST_FAILED,,,,,
77344151,REQUEST_FAILED,,,,,
77344236,deadAbandoned,PUZZLEFRAME,"Sep. 21, 2008",Alexander John HOLZER,,aholzer@blueopal.com.au
77344157,REQUEST_FAILED,,,,,
77344225,deadAbandoned,THE COSMIC ANGELS,"Sep. 16, 2008","Kalicinski,Sylvia J. & Hutchinson, Jason",,whereissylvia@yahoo.com
77344213,REQUEST_FAILED,,,,,
77344415,deadAbandoned,THOROUGHBRED,"Sep. 15, 2008","Thoroughbred Software International, Inc.",,sls@tbred.com
77344308,deadAbandoned,OPENWORKSHOP,"Sep. 14, 2008","Thoroughbred Software International, Inc.",,sls@tbred.com
77344319,REQUEST_FAILED,,,,,
77344446,deadAbandoned,MASTER PANDA HARDWARE,"Sep. 17, 2008",Master Panda HARDWARE,,karen.bi@synergic.com.cn
77344421,REQUEST_FAILED,,,,,
77344508,deadAbandoned,WASHINGTON STATE PATROL TROOPERS ASSOCIATION,"Sep. 22, 2008",Washington State Patrol Troopers Association,,TomPillow@WSPTA.org
77344634,deadAbandoned,WASHINGTON STATE TROOPERS ASSOCIATION FOUNDED 1980 WASHINGTON STATE PATROL PROFESSIONALISM IN ALL WE DO THE BENEFITS OF THE BEAR WASHINGTON STATE PATROL TROOPERS ASSOCIATION,"Sep. 25, 2008",Washington State Patrol Troopers Association,,TomPillow@WSPTA.org
77344713,deadAbandoned,GLOBAL JET AMBULANCE PLUS,"Sep. 26, 2008",Global Jet Ambulance,,jhartfield@globaljetambulance.com
77344641,REQUEST_FAILED,,,,,
77344815,deadAbandoned,"THOROUGHBRED SOFTWARE INTERNATIONAL, INC.","Sep. 15, 2008","Thoroughbred Software International, Inc.",,sls@tbred.com
77344743,REQUEST_FAILED,,,,,
77344885,REQUEST_FAILED,,,,,
77344848,REQUEST_FAILED,,,,,
77344993,REQUEST_FAILED,,,,,
77345001,REQUEST_FAILED,,,,,
77345108,REQUEST_FAILED,,,,,
77345134,REQUEST_FAILED,,,,,
77345191,REQUEST_FAILED,,,,,
77345210,REQUEST_FAILED,,,,,
77345292,deadAbandoned,PROHIBITION BEVERAGE,"Sep. 17, 2008",Prohibition Beverage LLC,,mcmarlowe1@gmail.com
77345288,REQUEST_FAILED,,,,,
77345490,deadAbandoned,GARAGE DOCTOR,"Sep. 17, 2008",GARAGE DOCTOR,,gtucker@americandocsinc.com
77345300,REQUEST_FAILED,,,,,
77345299,REQUEST_FAILED,,,,,
77345508,deadAbandoned,DME-MEDIA TRANSFORMER,"Sep. 25, 2008","DigiLink Software, Inc.",,karl@digilinksoftware.com
77345485,REQUEST_FAILED,,,,,
77345593,REQUEST_FAILED,,,,,
77345613,REQUEST_FAILED,,,,,
77345638,REQUEST_FAILED,,,,,
77345666,REQUEST_FAILED,,,,,
77345892,deadAbandoned,PREMECLEAN,"Sep. 19, 2008",Cay Holdings LTD.,,khowlett@veroxgroup.com
77345819,deadAbandoned,QUOTEONTIRES.COM,"Sep. 18, 2008","Prospector Marketing, Inc.",,sshore5@kc.rr.com
77346046,REQUEST_FAILED,,,,,
77346079,REQUEST_FAILED,,,,,
77346202,REQUEST_FAILED,,,,,
77346198,REQUEST_FAILED,,,,,
77346325,deadAbandoned,COGNIVITE,"Sep. 25, 2008",The Optimal Cognitive Health Company LLC,,wjshort011@aol.com
77346417,deadAbandoned,COMPLIANCE. SIMPLIFIED.,"Sep. 22, 2008","U.S. Compliance Consultants, LLC",,seg@uscomplianceconsultants.com
77346351,REQUEST_FAILED,,,,,
77346570,REQUEST_FAILED,,,,,
77346608,REQUEST_FAILED,,,,,
77346734,deadAbandoned,SE'DUCE,"Sep. 25, 2008","Lascano, Sheryn",,dtrilles@gmail.com
77346663,REQUEST_FAILED,,,,,
77346836,deadAbandoned,OWCP LAWYER,"Sep. 22, 2008",James R. Linehan P.C.,,linehanpc@gmail.com
77347058,deadAbandoned,HIGH VOLTAGE ENERGY DRINK,"Sep. 22, 2008","Beaureguard, Jeff",,bvitaman@aol.com
77346842,REQUEST_FAILED,,,,,
77347011,REQUEST_FAILED,,,,,
77347022,REQUEST_FAILED,,,,,
77347115,REQUEST_FAILED,,,,,
77347178,REQUEST_FAILED,,,,,
77347288,deadAbandoned,RESTORATION CAPITAL,"Sep. 18, 2008",Restoration Capital Management LLC,,marinai@pacbell.net
77347203,REQUEST_FAILED,,,,,
77347370,deadAbandoned,AD2AD,"Sep. 26, 2008",Jay Schauer,,jschauer@ad2ad.com
77347314,REQUEST_FAILED,,,,,
77347351,REQUEST_FAILED,,,,,
77347366,REQUEST_FAILED,,,,,
77347384,deadAbandoned,NATIONAL HISTORY,"Aug. 19, 2008",Lin PU,,ScideaNews@Gmail.com
77347431,deadAbandoned,GATHERAMA,"Sep. 18, 2008",Gatherama LLC,,hanhokit@yahoo.com
77347389,REQUEST_FAILED,,,,,
77347477,deadAbandoned,SUPERMORAL NOT SUPERFICIAL,"Sep. 22, 2008","Jagosz, Joshua K.",,joshjagosz@yahoo.com
77347503,deadAbandoned,FIVE STAR CONCIERGE SERVICE,"Sep. 19, 2008","Westgate, David L.",,fivestarconcierge@comcast.net
77347460,REQUEST_FAILED,,,,,
77347553,deadAbandoned,PILOTCOIN,"Sep. 22, 2008","Stephens Jr., Edward, C.",,stephens@tropicaled.com
77347472,REQUEST_FAILED,,,,,
77347543,deadAbandoned,CERTIFIED AUTO BROKER,"Sep. 22, 2008","Esparza Auto Group, Inc.",,michaelesparza@email.com
77347535,REQUEST_FAILED,,,,,
77347626,deadAbandoned,ENJIN,"Oct. 02, 2008","Blagov, Maxim",,maximb@gmail.com
77347644,deadAbandoned,HILYWILL,"Nov. 22, 2008","QINGDAO HILYWILL SEALING CO., LTD.",,artfix@163.com
77347601,REQUEST_FAILED,,,,,
77347612,REQUEST_FAILED,,,,,
77347635,REQUEST_FAILED,,,,,
77347726,REQUEST_FAILED,,,,,
77347893,deadAbandoned,ORGANIC GREEN DETOX DAILY,"Sep. 23, 2008","Agrolabs, Inc.",,ochaljub@aol.com
77347831,REQUEST_FAILED,,,,,
77347852,REQUEST_FAILED,,,,,
77348042,deadAbandoned,1HABITAT,"Dec. 15, 2008","RICOL Stephane, Benoit, Rene",,sricol@hotmail.com
77348099,deadAbandoned,BIGBLUEINTERACTIVE,"Aug. 26, 2008","Kennedy, Eric M.",,bbi_eric@yahoo.com
77348142,REQUEST_FAILED,,,,,
77348383,deadAbandoned,VINYL-LOCK,"Sep. 19, 2008",Unika Australia Pty.Ltd.,,unika@unika.com.au
77348411,deadAbandoned,BUTT GUARD,"Sep. 20, 2008","Goren, Amir",,agoren@newtone-ventures.com
77348302,REQUEST_FAILED,,,,,
77348346,REQUEST_FAILED,,,,,
77348441,deadAbandoned,HOLLYWOOD BOULEVARD,"Sep. 26, 2008",HOLLYHOOD BLVD LLC,,kyle@hollyhoodblvd.com
77348345,REQUEST_FAILED,,,,,
77348368,REQUEST_FAILED,,,,,
77348482,deadAbandoned,FK,"Sep. 18, 2008","Fat Kat Apparel Co., Inc.",,rob66283@aol.com
77348494,deadAbandoned,VALUES BASED MARKETING,"Sep. 29, 2008","CornerStone Strategic Communications, LLC",,kimt@cscllc.biz
77348466,REQUEST_FAILED,,,,,
77348479,REQUEST_FAILED,,,,,
77348558,deadAbandoned,ONPOINT MARKETING,"Sep. 22, 2008",The Agency Inc.,,
77348548,deadAbandoned,BRAND STAFFING,"Sep. 22, 2008",The Agency Inc.,,
77348566,deadAbandoned,THE AGENCY,"Sep. 19, 2008",The Agency Inc.,,
77348568,deadAbandoned,"GROUND LEGEND ""A COMMUNITY OF TREND""","Sep. 25, 2008","VENTURA, CHRISTOPHER",,GROUNDLEGEND@YAHOO.COM
77348570,deadAbandoned,THE AGENCY,"Sep. 19, 2008",The Agency Inc.,,
77348572,deadAbandoned,PROMO MODELS,"Sep. 22, 2008",The Agency Inc.,,
77348545,REQUEST_FAILED,,,,,
77348574,deadAbandoned,PROMO MODELS,"Sep. 22, 2008",The Agency Inc.,,
77348622,deadAbandoned,FASHIONFISH,"Sep. 26, 2008","Parisi, Patricia B.",,patti@fashionfish.biz
77348580,deadAbandoned,PROMO MODELS,"Sep. 22, 2008",The Agency Inc.,,
77348734,deadAbandoned,SYNAPSE PUBLISHER,"Sep. 25, 2008",iData Consulting Services,,mreichard@idataconsultingservices.com
77348645,deadAbandoned,THE REIKI TIMES,"Sep. 19, 2008",Linda M. LaFlamme,,LML988@hotmail.com
77348659,REQUEST_FAILED,,,,,
77348855,deadAbandoned,REVOLUTIONARY WAR-OPOLY,"Oct. 27, 2008",Michael Ravan,,mravan@vahoo.com
77348787,REQUEST_FAILED,,,,,
77348873,REQUEST_FAILED,,,,,
77348881,REQUEST_FAILED,,,,,
77348896,REQUEST_FAILED,,,,,
77348898,REQUEST_FAILED,,,,,
77348904,REQUEST_FAILED,,,,,
77348965,REQUEST_FAILED,,,,,
77349111,deadAbandoned,DIRTY JUICE,"Sep. 22, 2008",ROBCOR L.L.C.,,rrees@msn.com
77348969,REQUEST_FAILED,,,,,
77349175,deadAbandoned,VIRTUAL CLO,"Sep. 29, 2008","LeaderXY Group, LLC",,servicemark@leaderxy.com
77349023,REQUEST_FAILED,,,,,
77349304,deadAbandoned,BOOKSLUT,"Sep. 22, 2008","Crispin, Jessica D",,jessamyc@gmail.com
77349342,deadAbandoned,FLEXKOR,"Sep. 20, 2008",theDODDgroup LLC,,thedoddgroup@tx.rr.com
77349415,deadAbandoned,THE ERRAND GENIE,"Sep. 26, 2008",Suzylor Corporation dba The Errand Genie,,loreine@errand-genie.com
77349348,REQUEST_FAILED,,,,,
77349518,REQUEST_FAILED,,,,,
77349530,REQUEST_FAILED,,,,,
77349592,REQUEST_FAILED,,,,,
77349613,REQUEST_FAILED,,,,,
77349617,REQUEST_FAILED,,,,,
77349660,deadAbandoned,NUTRIENT WATER,"Sep. 22, 2008",Christian D'Andrea,,christian@hooah.com
77349687,deadAbandoned,COMBATLANGUAGE,"Oct. 21, 2008",Marc G. Hertel,,marc@t3combat.com
77349718,deadAbandoned,ASAL LIPODISSOLVE,"Sep. 29, 2008","ASAL, LLC",,asnaadmin@gmail.com
77349679,deadAbandoned,AFTER55.COM FOR YOUR LIFE AFTER 55,"Oct. 02, 2008","Blue Lotus Ventures, LLC",,flominton@yahoo.com
77349774,deadAbandoned,VENTOR EMBRACER,"Sep. 24, 2008",ventor Technologies Ltd.,,rafi.benary@ventormed.com
77349837,deadAbandoned,OPENSKY,"Sep. 25, 2008","OpenSky, LLC",,djudson@openskycorp.com
77349688,REQUEST_FAILED,,,,,
77349942,deadAbandoned,AMDLASE,"Sep. 23, 2008","Miller, Alan M",,nancy@nationallasertechnology.com
77349824,REQUEST_FAILED,,,,,
77349919,deadAbandoned,"USE OF THE SERVICE NAME MIDWEST GEOBASH TO PROMOTE AN EVENT AND ASSOCIATED ABBREVIATIONS (MWGB), WEBSITE DOMAINS, AND USE ON MERCHANDISE.","Sep. 23, 2008","Midwest Geocaching Foundation, Ltd",,info@midwestgeobash.org
77349903,REQUEST_FAILED,,,,,
77349959,deadAbandoned,NOOTROPAPLEX,"Sep. 09, 2008",Axysis,,grabherm83@msn.com
77349916,REQUEST_FAILED,,,,,
77349944,deadAbandoned,SOLARPC,"Oct. 01, 2008","Reynolds, Gary",,a7@nv.net
77349978,deadAbandoned,ENDORPHIGENIX,"Sep. 12, 2008",Axysis,,graberm83@msn.com
77349956,REQUEST_FAILED,,,,,
77350040,deadAbandoned,NOT QUITE DONE YET,"Sep. 25, 2008","OpenSky, LLC",,djudson@openskycorp.com
77349967,REQUEST_FAILED,,,,,
77350063,deadAbandoned,IT DRUMBEAT,"Sep. 25, 2008","OpenSky, LLC",,djudson@openskycorp.com
77350011,REQUEST_FAILED,,,,,
77350013,REQUEST_FAILED,,,,,
77350083,REQUEST_FAILED,,,,,
77350078,REQUEST_FAILED,,,,,
77350307,deadAbandoned,ELLA VIOLET,"Sep. 21, 2008",Pan America Holistic Inc.,,dudoreen@yahoo.com
77350333,deadAbandoned,GOOD FOR YOU. GOOD FOR THE EARTH.,"Sep. 20, 2008",HOV Brands LLC,,james.tu@hovgroup.com
77350268,REQUEST_FAILED,,,,,
77350451,deadAbandoned,ORDERLINK,"Sep. 22, 2008","Nguyen, William V",,billn@linkmed.com
77350277,REQUEST_FAILED,,,,,
77350469,deadAbandoned,MI CASITA,"Sep. 25, 2008","Dean Distributors, Inc.",,anna@deandistributors.com
77350365,REQUEST_FAILED,,,,,
77350483,deadAbandoned,JUNK GUYZ,"Oct. 03, 2008",AMBROSE MERCER,,Noret1@gmail.com
77350530,deadAbandoned,PAMOJA!,"Sep. 23, 2008","Martell, Jhazzai P",,info@thepamojafamily.com
77350402,REQUEST_FAILED,,,,,
77350568,REQUEST_FAILED,,,,,
77350628,REQUEST_FAILED,,,,,
77350667,deadAbandoned,DOLLARSHIP,"Sep. 30, 2008","Bookspan, David I.",,davidbookspan@hotmail.com
77350642,REQUEST_FAILED,,,,,
77350659,REQUEST_FAILED,,,,,
77350764,deadAbandoned,CRYOIMAGING,"Sep. 23, 2008","BioInVision, Inc.",,david.wilson@bioinvision.com
77350702,REQUEST_FAILED,,,,,
77350779,deadAbandoned,MOMENTUM ALWAYS MOVING FORWARD,"Sep. 22, 2008","Salazar, Waylon M",,info@momentumclothingco.com
77350778,deadAbandoned,LIVE LOVE LAUGH RUN,"Sep. 23, 2008","Wyman, Loran",,loran@snugbugbag.com
77350769,REQUEST_FAILED,,,,,
77350772,REQUEST_FAILED,,,,,
77350808,REQUEST_FAILED,,,,,
77350900,REQUEST_FAILED,,,,,
77351056,deadAbandoned,UPCLOSE MAGAZINE,"Sep. 29, 2008",David W. Stomberg,,davestomie@gmail.com
77350960,REQUEST_FAILED,,,,,
77351042,REQUEST_FAILED,,,,,
77351061,REQUEST_FAILED,,,,,
77351296,deadAbandoned,THE NETWORKPLACE CUSTOMIZED SOFTWARE FOR SEAMLESS INTEGRATION,"Sep. 29, 2008","The Network Place, LLC",,sangulo@thenetworkplace.com
77351434,REQUEST_FAILED,,,,,
77351596,deadAbandoned,DANUBENET,"Sep. 26, 2008",DanubeNet Inc,,anatolijp@yahoo.com
77351529,REQUEST_FAILED,,,,,
77351662,REQUEST_FAILED,,,,,
77351714,REQUEST_FAILED,,,,,
77351739,REQUEST_FAILED,,,,,
77351860,deadAbandoned,MAKEUPHELP,"Sep. 26, 2008","Darling, Garon J.J.",,garon_darling@yahoo.com
77351823,REQUEST_FAILED,,,,,
77351838,REQUEST_FAILED,,,,,
77351854,REQUEST_FAILED,,,,,
77351979,deadAbandoned,ECO TRAM,"Dec. 03, 2008","Perry, Donald Ray",,donperryworks@frontiernet.net
77351886,REQUEST_FAILED,,,,,
77351924,REQUEST_FAILED,,,,,
77352146,deadAbandoned,PACE,"Sep. 23, 2008","Luoma, Charles Elliott",,cluoma@portagehealth.org
77352204,REQUEST_FAILED,,,,,
77352291,deadAbandoned,DUTCH BLOND,"Sep. 26, 2008","Hoogvorst, Pieter",,phoogvorst@aol.com
77352316,REQUEST_FAILED,,,,,
77352344,REQUEST_FAILED,,,,,
77352356,REQUEST_FAILED,,,,,
77352368,REQUEST_FAILED,,,,,
77352457,deadAbandoned,LANDICITY,"Sep. 23, 2008","MeCC, Inc.",,
77352401,REQUEST_FAILED,,,,,
77352488,deadAbandoned,UMN,"Sep. 25, 2008","Datamaxx Applied Technologies, Inc.",,marketing@datamaxx.com
77352491,deadAbandoned,SQUARD,"Sep. 23, 2008","MeCC, Inc.",,
77352525,deadAbandoned,VERONELLI,"Sep. 26, 2008","KARL KNOX, INC.",,KARLKNOXCURIE@YAHOO.COM
77352463,REQUEST_FAILED,,,,,
77352506,deadAbandoned,"MILI BEAUTY AND HEALTH PRODUCTS, LLC","Sep. 30, 2008","MiLi Beauty and Health Products, LLC",,feingold11@yahoo.com
77352487,REQUEST_FAILED,,,,,
77352576,deadAbandoned,AMSOL AMERICAN SOLUTIONS INC. GLOBAL IT SOLUTIONS PROVIDER,"Sep. 29, 2008",American Solutions Inc.,,lkanugula@amsolinc.com
77352574,deadAbandoned,WHOREABUSE.COM,"Sep. 29, 2008",WebConexus Intermedia Limited,,
77352600,REQUEST_FAILED,,,,,
77352607,REQUEST_FAILED,,,,,
77352613,REQUEST_FAILED,,,,,
77352645,REQUEST_FAILED,,,,,
77352710,REQUEST_FAILED,,,,,
77352764,REQUEST_FAILED,,,,,
77352775,REQUEST_FAILED,,,,,
77352803,REQUEST_FAILED,,,,,
77352876,REQUEST_FAILED,,,,,
77352989,REQUEST_FAILED,,,,,
77353079,deadAbandoned,THE FUTURE IS ON DEMAND,"Sep. 25, 2008",activeMedia Développement Inc,,francois@activemedia.ca
77352995,REQUEST_FAILED,,,,,
77353137,deadAbandoned,INDY POWER SYSTEMS,"Sep. 29, 2008","Tolen, Steve",,steve1tolen@aol.com
77353062,REQUEST_FAILED,,,,,
77353160,deadAbandoned,EVIDENCE BASED APPAREL,"Sep. 24, 2008","Alignmed, Inc.",,bwaeger@alignmed.com
77353101,REQUEST_FAILED,,,,,
77353167,REQUEST_FAILED,,,,,
77353181,REQUEST_FAILED,,,,,
77353191,REQUEST_FAILED,,,,,
77353205,REQUEST_FAILED,,,,,
77353326,deadAbandoned,IDEALOGI,"Sep. 28, 2008",Eugene Chuang,,eugene@logi.com.tw
77353374,deadAbandoned,WEBCATTER BROADCASTING,"Oct. 09, 2008",Webcatter Broadcasting Inc.,,jloughlin@webcatter.com
77353311,REQUEST_FAILED,,,,,
77353691,deadAbandoned,LA FURNITURE STORE,"Sep. 30, 2008",Ital-West,,info@lafurniturestore.com
77353400,REQUEST_FAILED,,,,,
77353764,REQUEST_FAILED,,,,,
77353788,REQUEST_FAILED,,,,,
77353986,REQUEST_FAILED,,,,,
77354063,REQUEST_FAILED,,,,,
77354214,deadAbandoned,KOSHERHAM,"Sep. 25, 2008","Kosher Ham Ventures, LLC",,iambloom@aol.com
77354060,REQUEST_FAILED,,,,,
77354248,deadAbandoned,KOSHER HAM,"Sep. 25, 2008","Kosher Ham Ventures, LLC",,iambloom@aol.com
77354226,REQUEST_FAILED,,,,,
77354228,REQUEST_FAILED,,,,,
77354275,deadAbandoned,IKIBO,"Sep. 26, 2008",YAMAGO,,olivier@yamago.net
77354259,REQUEST_FAILED,,,,,
77354291,deadAbandoned,GENESSISLEEP L O U N G E W E A R,"Sep. 29, 2008",Marulanda de Marulanda Candida Rosa,,pimari@une.net.co
77354284,REQUEST_FAILED,,,,,
77354467,deadAbandoned,INDUSTRY BEST PRACTICES,"Sep. 30, 2008","Asaf, Samir",,samir_asaf@yahoo.com
77354480,deadAbandoned,WE STAGE,"Sep. 26, 2008",We Stage Greater Detroit LLC,,stieger_carolyn@yahoo.com
77354407,REQUEST_FAILED,,,,,
77354410,REQUEST_FAILED,,,,,
77354441,REQUEST_FAILED,,,,,
77354741,deadAbandoned,PATHOBAN AG254,"Oct. 03, 2008",Kloppenberg,,jgulick@accentsinwater.com
77354854,deadAbandoned,DISCOVERU,"Oct. 07, 2008","DU INTERNATIONAL, LLC",,
77354496,REQUEST_FAILED,,,,,
77354663,REQUEST_FAILED,,,,,
77354768,REQUEST_FAILED,,,,,
77354952,REQUEST_FAILED,,,,,
77355079,REQUEST_FAILED,,,,,
77355104,REQUEST_FAILED,,,,,
77355151,REQUEST_FAILED,,,,,
77355184,deadAbandoned,RC UNITED '07,"Sep. 26, 2008","Rocket City Soccer, Inc",,info@rocketcityunited.com
77355227,deadAbandoned,SOLAR POWER TOWER,"Sep. 26, 2008","SolarReserve, LLC",,lachlan@usregroup.com
77355243,deadAbandoned,CENTRAL STANDARD,"Oct. 10, 2008","Ostello, Frank R.",,cescobones@yahoo.com
77355189,REQUEST_FAILED,,,,,
77355218,REQUEST_FAILED,,,,,
77355275,deadAbandoned,ELAY,"Oct. 06, 2008","Arreola, Irving",,irv310@sbcglobal.net
77355234,REQUEST_FAILED,,,,,
77355317,deadAbandoned,VIVA! NATURAL ACTIVE WATER,"Sep. 29, 2008","Grillo, Gonzalo P",,ggrillo@global.t-bird.edu
77355277,deadAbandoned,REAL ESTATE COUTURE,"Oct. 01, 2008","Mangione, Michelle",,m.mangione@mac.com
77355282,REQUEST_FAILED,,,,,
77355358,REQUEST_FAILED,,,,,
77355398,REQUEST_FAILED,,,,,
77355461,deadAbandoned,MAÏA,"Sep. 29, 2008",MAÏA LLC,,patriciahwong@gmail.com
77355504,deadAbandoned,COURT RADIO,"Sep. 30, 2008",Richard R. Harris,,richard.harris@obermayer.com
77355420,REQUEST_FAILED,,,,,
77355490,REQUEST_FAILED,,,,,
77355548,deadAbandoned,TRUEBRITE,"Oct. 15, 2008","Goldenage International, LLC",,sales@goldenageusa.com
77355510,REQUEST_FAILED,,,,,
77355624,REQUEST_FAILED,,,,,
77355996,deadAbandoned,KOYU MATCHA,"Sep. 26, 2008",Kevin O'Keeffe,,kevinokeeffe@gmail.com
77355949,REQUEST_FAILED,,,,,
77355956,REQUEST_FAILED,,,,,
77356072,deadAbandoned,"""I'M NOT TURNING 30, I'M TURNING 2010.""","Sep. 26, 2008",Samson Williams,,samson@albenvironmental.com
77356086,deadAbandoned,IN A FLASH,"Sep. 29, 2008",FRONTRUNNERS,,farchives@hotmail.com
77356001,REQUEST_FAILED,,,,,
77356073,REQUEST_FAILED,,,,,
77356290,REQUEST_FAILED,,,,,
77356283,REQUEST_FAILED,,,,,
77356325,REQUEST_FAILED,,,,,
77356337,REQUEST_FAILED,,,,,
77356363,REQUEST_FAILED,,,,,
77356391,deadAbandoned,KIRO,"Sep. 26, 2008","Peterson, Matthew T",,marketing@p38media.com
77356479,deadAbandoned,JWEBSOFT,"Sep. 29, 2008","IWS, LLC",,cbuskirk@commercebenefitsgroup.com
77356502,deadAbandoned,IMAGING WORKFLOW SYSTEM (IWS),"Oct. 02, 2008","IWS, LLC",,cbuskirk@commercebenefitsgroup.com
77356558,deadAbandoned,WEB EXCHANGE,"Oct. 01, 2008","IWS, LLC",,cbuskirk@commercebenefitsgroup.com
77356515,deadAbandoned,IMAGING WORKFLOW SYSTEM,"Oct. 01, 2008","IWS, LLC",,cbuskirk@commercebenefitsgroup.com
77356438,REQUEST_FAILED,,,,,
77356599,REQUEST_FAILED,,,,,
77356618,REQUEST_FAILED,,,,,
77356723,deadAbandoned,AM CONSPIRACY,"Sep. 29, 2008","Morgan, Arianna",,morgan@faultlineentertainment.com
77356662,REQUEST_FAILED,,,,,
77356859,deadAbandoned,FOODSERVICE WORKFORCE SOLUTIONS,"Aug. 20, 2008",The National Restaurant Association Educational Foundation,,
77356753,REQUEST_FAILED,,,,,
77356735,REQUEST_FAILED,,,,,
77356984,deadAbandoned,HOME SERVICE NETWORK,"Oct. 01, 2008","Home Service Network, LLC",,epavone@nbdservices.com
77356803,REQUEST_FAILED,,,,,
77357001,deadAbandoned,EPOXY IT,"Sep. 30, 2008","Home Service Network, LLC",,epavone@nbdservices.com
77357219,deadAbandoned,PLUG & PLAY SOCIAL NETWORKING,"Sep. 29, 2008",Brent L Gutekunst,,brent@gutekunst.com
77356986,deadAbandoned,SLIM SECRETS WE WON'T TELL IF YOU WON'T,"Sep. 27, 2008","Wior, Carol, N",,katmeans@yahoo.com
77357221,REQUEST_FAILED,,,,,
77357234,REQUEST_FAILED,,,,,
77357284,REQUEST_FAILED,,,,,
77357437,deadAbandoned,MAXAMPS METHOD BALANCER MAXAMPS METHOD CHARGER MAXAMPS METHOD POWER SUPPLY MAXAMPS SKINS MAXAMPS BATTERY BAG MORE POWER TO YA! NITROKILLERS.COM MAXAMPSHELI.COM MAXAMPSFLIGHT.COM MAXAMPSMARINE.COM,"Oct. 03, 2008","Else, Austin L",,austin@maxamps.com
77357285,REQUEST_FAILED,,,,,
77357476,deadAbandoned,BONE BURGER,"Sep. 29, 2008",Horizon Products LLC,,horizonproducts@att.net
77357585,deadAbandoned,TULIP LACEY,"Oct. 10, 2008","Edwards, Elizabeth",,edwards_elizabeth@yahoo.com
77357368,REQUEST_FAILED,,,,,
77357491,REQUEST_FAILED,,,,,
77357877,deadAbandoned,FWORD,"Dec. 22, 2008","FWORD, INC.",,bader@fwordusa.com
77357986,deadAbandoned,DISCOUNTED REO SALES,"Sep. 29, 2008","MorCap Fund Advisors, LLC",,cneil@morcapadvisors.com
77357736,REQUEST_FAILED,,,,,
77357836,REQUEST_FAILED,,,,,
77357995,deadAbandoned,BUTTERFLY STUDIO,"Sep. 29, 2008","Sublimation Factory, Inc.",,
77357864,REQUEST_FAILED,,,,,
77357943,REQUEST_FAILED,,,,,
77358087,deadAbandoned,A LA CARTE,"Sep. 27, 2008",Abacuss Apparel Group LLC,,jon@csschaplin.com
77358040,REQUEST_FAILED,,,,,
77358111,REQUEST_FAILED,,,,,
77358194,REQUEST_FAILED,,,,,
77358272,REQUEST_FAILED,,,,,
77358319,REQUEST_FAILED,,,,,
77358458,deadAbandoned,REHAB JEANS,"Sep. 29, 2008",MASTERTEX INTERNATIONAL LTD,,benny@mastertex-hk.com
77358532,deadAbandoned,E-MERG,"Sep. 28, 2008",Nowra Church of Christ,,rosieg@webace.com.au
77358553,REQUEST_FAILED,,,,,
77358761,deadAbandoned,SIM AQUARIUM,"Mar. 07, 2008",Vojnic Ladislav,,ladislav@ss3d.com
77358764,REQUEST_FAILED,,,,,
77358832,deadAbandoned,BODY SLIM PLUS,"Oct. 03, 2008","CK Health, Inc.",,danny.koh@att.net
77358849,deadAbandoned,APSTAR,"Oct. 20, 2008","Foshan Nanhai Dongfang Carton Machinery Co., Ltd.",,songmengli@yahoo.com
77358801,REQUEST_FAILED,,,,,
77358852,deadAbandoned,THEY'RE JUST ROLLS,"Oct. 01, 2008","Bryan, Angela Mulrain",,pbjelly202@yahoo.com
77358838,REQUEST_FAILED,,,,,
77358842,REQUEST_FAILED,,,,,
77358899,deadAbandoned,"MANLEY · RYAN · SMITH EL HELLOLO MALBEC 2010 MENDOZA, ARGENTINA PRIVATE LABEL PREMIUM WINE","Oct. 04, 2008",Michael Manley,,mjmanley@wildblue.net
77358870,REQUEST_FAILED,,,,,
77358876,REQUEST_FAILED,,,,,
77358916,deadAbandoned,BAY AREA HARDSCAPE,"Sep. 29, 2008","Weisgerber, Scott",,4loans@mindspring.com
77358887,REQUEST_FAILED,,,,,
77359004,REQUEST_FAILED,,,,,
77359084,deadAbandoned,BONFIRE,"Dec. 30, 2008","Bonarrigo, Merrill",,wine@messinahof.com
77359056,REQUEST_FAILED,,,,,
77359128,deadAbandoned,BE YOU.,"Sep. 30, 2008","Cerise Design, LLC",,michcerise@hotmail.com
77359134,deadAbandoned,PAYASAP,"Aug. 11, 2008",PaySett Corporation,,bcooley@paysett.com
77359148,deadAbandoned,STRATEGY EXCHANGE,"Oct. 03, 2008",Strategy Runner ltd,,ofer@strategyrunner.com
77359090,REQUEST_FAILED,,,,,
77359091,REQUEST_FAILED,,,,,
77359213,deadAbandoned,INTELLEMED,"Sep. 30, 2008","IntelleMED, Inc.",,dmontzka@aol.com
77359171,REQUEST_FAILED,,,,,
77359220,deadAbandoned,EARTH POUR DATA MANAGEMENT SYSTEM,"Oct. 03, 2008",Beverage Metrics AG,,rmendez@beveragemetrics.com
77359221,deadAbandoned,INTELLECHART,"Sep. 30, 2008","IntelleMED, Inc.",,dmontzka@aol.com
77359188,REQUEST_FAILED,,,,,
77359258,REQUEST_FAILED,,,,,
77359274,deadAbandoned,IDFX IDENTITY EFFECTS,"Oct. 03, 2008",Identity Effects Inc,,rick@identityeffects.com
77359284,REQUEST_FAILED,,,,,
77359334,deadAbandoned,AMBROISE PROFESSIONAL IT SECURITY & NETWORK,"Oct. 10, 2008",Ambroise,,tedwiges@ambroise-itsecurity.com
77359303,REQUEST_FAILED,,,,,
77359343,REQUEST_FAILED,,,,,
77359347,REQUEST_FAILED,,,,,
77359575,deadAbandoned,STRAIGHTSIGNS.COM,"Sep. 30, 2008","Marker, Richard A.",,ramarker@hotmail.com
77359508,REQUEST_FAILED,,,,,
77359547,REQUEST_FAILED,,,,,
77359640,REQUEST_FAILED,,,,,
77359674,REQUEST_FAILED,,,,,
77359711,REQUEST_FAILED,,,,,
77359722,REQUEST_FAILED,,,,,
77359746,REQUEST_FAILED,,,,,
77359784,deadAbandoned,DIVER SOCIETY,"Oct. 02, 2008","Stone, Arizona",,arizona@diversociety.com
77359783,REQUEST_FAILED,,,,,
77359788,REQUEST_FAILED,,,,,
77359837,deadAbandoned,MANAUS RECORDS,"Oct. 06, 2008",Ricardo Geronimo Flores Villarreal,,kikiflow@gmail.com
77359813,deadAbandoned,UNSOLICITED E-MAIL AD CATCH N' MATCH,"Dec. 08, 2008","Pai, Benson J.",,benson_pai@yahoo.com
77359825,REQUEST_FAILED,,,,,
77359989,deadAbandoned,SERENGETI CARTER RACING,"Oct. 06, 2008",The Serengeti Carter Racing Company,,genesisproject1@hotmail.com
77359945,REQUEST_FAILED,,,,,
77360002,REQUEST_FAILED,,,,,
77360028,REQUEST_FAILED,,,,,
77360051,REQUEST_FAILED,,,,,
77360084,REQUEST_FAILED,,,,,
77360077,REQUEST_FAILED,,,,,
77360143,REQUEST_FAILED,,,,,
77360209,deadAbandoned,LOHAS MAILING LIST,"Oct. 05, 2008",Natural Marketing Institute,,nancy.white@NMIsolutions.com
77360220,REQUEST_FAILED,,,,,
77360249,REQUEST_FAILED,,,,,
77360251,REQUEST_FAILED,,,,,
77360453,REQUEST_FAILED,,,,,
77360511,REQUEST_FAILED,,,,,
77360546,REQUEST_FAILED,,,,,
77360610,deadAbandoned,GROWMODERN,"Apr. 23, 2008",Robertson Danny Quinn,,new.industries@gmail.com
77360621,deadAbandoned,TEQUILA DON VITO,"Oct. 07, 2008",Garibay Manuel,,ventas@tequiladonvito.com
77360632,deadAbandoned,>GROWMODERN.,"Apr. 23, 2008",Robertson Danny Quinn,,new.industries@gmail.com
77360616,REQUEST_FAILED,,,,,
77360697,deadAbandoned,UNDERSTANDING THE LOHAS MARKET,"Oct. 01, 2008",Natural Marketing Institute,,nancy.white@NMIsolutions.com
77360642,REQUEST_FAILED,,,,,
77360699,deadAbandoned,INTELLEDRAW,"Sep. 30, 2008","IntelleMED, Inc.",,dmontzka@aol.com
77360651,REQUEST_FAILED,,,,,
77360652,REQUEST_FAILED,,,,,
77360752,deadAbandoned,WEB-BASED WORKBOOK,"Oct. 07, 2008","Nagel, Harold Nicholas",,nick@nicknagel.com
77360773,REQUEST_FAILED,,,,,
77360872,REQUEST_FAILED,,,,,
77361000,deadAbandoned,GLOBAL SHOTCRETE INC.,"Oct. 01, 2008","Global Shotcrete, Inc.",,bobhill@globalshotcrete.com
77360887,REQUEST_FAILED,,,,,
77360920,REQUEST_FAILED,,,,,
77360944,deadAbandoned,MOBILEPLANNER,"Dec. 09, 2008","MobileRobots, LLC",,sales@mobilerobots.com
77361034,deadAbandoned,MOLECULARMD,"Oct. 02, 2008",MolecularMD Corp.,,info@molecularmd.com
77360982,REQUEST_FAILED,,,,,
77361008,REQUEST_FAILED,,,,,
77361012,REQUEST_FAILED,,,,,
77361324,deadAbandoned,THE BUYER MAGNET SYSTEM,"Oct. 10, 2008",Christine Barr,,cbarr@palmbeachfengshui.com
77361390,deadAbandoned,PUPSICLES,"Jan. 30, 2008","Clancy, Heather R",,hhc335@yahoo.com
77361292,REQUEST_FAILED,,,,,
77361355,REQUEST_FAILED,,,,,
77361469,deadAbandoned,COUGAR,"Oct. 01, 2008","Clemens, Joseph E",,jclemens9@hotmail.com
77361428,REQUEST_FAILED,,,,,
77361494,deadAbandoned,WORLD SPIRITS TRADING COMPANY,"Oct. 12, 2008","Drinkubator, LLC",,j-c.kleban@insightbb.com
77361488,deadAbandoned,COOKE'S,"Jan. 07, 2008","Drinkubator, LLP",,j-c.kleban@insightbb.com
77361499,deadAbandoned,E.A.T. FUL,"Oct. 01, 2008",E.A.T. LLC,,smmabdeen@hotmail.com
77361472,REQUEST_FAILED,,,,,
77361493,REQUEST_FAILED,,,,,
77361495,REQUEST_FAILED,,,,,
77361577,deadAbandoned,RIPTEN,"Oct. 15, 2008","Lakkis, Chady R",,clakkis@ripten.com
77361519,REQUEST_FAILED,,,,,
77361546,REQUEST_FAILED,,,,,
77361593,deadAbandoned,THE ORIGINAL CHESAPEAKE BELLS,"Oct. 17, 2008","Alexander, Deborah, J.",,debbieoats@myshorelink.com
77361588,REQUEST_FAILED,,,,,
77361665,deadAbandoned,FOWA FUTURE OF WEB APPS TV,"Oct. 01, 2008",Carson Systems,,ryan@carsonified.com
77361634,REQUEST_FAILED,,,,,
77361778,deadAbandoned,"POLESTAR BENEFITS, INC.","Oct. 08, 2008","Polestar Benefits, Inc.",,tysonf@mgbenefits.com
77361726,REQUEST_FAILED,,,,,
77361781,deadAbandoned,THE DRESSAGE AFFAIRE,"Oct. 10, 2008","Keenan Pecorelli Events, Inc.",,npecorelli@dressageevents.com
77361817,deadAbandoned,IMI,"Oct. 02, 2008","Park, Jae C.",,prettynyp@hotmail.com
77361787,REQUEST_FAILED,,,,,
77361791,REQUEST_FAILED,,,,,
77361830,deadAbandoned,LIVEPRINT,"Oct. 02, 2008",COKIRA,,info@cokira.com
77361814,REQUEST_FAILED,,,,,
77361894,deadAbandoned,BOX TOP BRIEF,"Oct. 01, 2008","Clark, Darren",,pointandshoot100@hotmail.com
77361826,REQUEST_FAILED,,,,,
77361889,REQUEST_FAILED,,,,,
77361888,REQUEST_FAILED,,,,,
77361917,REQUEST_FAILED,,,,,
77361937,REQUEST_FAILED,,,,,
77361941,REQUEST_FAILED,,,,,
77362016,REQUEST_FAILED,,,,,
77362128,REQUEST_FAILED,,,,,
77362139,REQUEST_FAILED,,,,,
77362164,deadAbandoned,SEATTLE RAIN,"Oct. 02, 2008","Jackson, Josephine D",,josephinedjackson@hotmail.com
77362192,REQUEST_FAILED,,,,,
77362224,REQUEST_FAILED,,,,,
77362242,REQUEST_FAILED,,,,,
77362280,REQUEST_FAILED,,,,,
77362348,REQUEST_FAILED,,,,,
77362409,REQUEST_FAILED,,,,,
77362466,deadAbandoned,MICRO INFOSYS,"Oct. 02, 2008","Micro Infosys, Inc.",,ameer.syed@microinfosysinc.com
77362432,REQUEST_FAILED,,,,,
77362482,deadAbandoned,REAL ESTATE OWNED SELLER,"Sep. 29, 2008","MorCap Fund Advisors, LLC",,cneil@morcapadvisors.com
77362487,deadAbandoned,MORTGAGE LOAN SALES,"Oct. 07, 2008","MorCap Fund Advisors, LLC",,cneil@morcapadvisors.com
77362476,deadAbandoned,DISTRESSED MORTGAGE LOAN ADVISOR,"Oct. 07, 2008","MorCap Fund Advisors, LLC",,cneil@morcapadvisors.com
77362479,deadAbandoned,LOAN POOL SALES,"Sep. 29, 2008","MorCap Fund Advisors, LLC",,cneil@morcapadvisors.com
77362454,REQUEST_FAILED,,,,,
77362498,deadAbandoned,BUY AND SELL REO,"Sep. 29, 2008","MorCap Fund Advisors, LLC",,cneil@morcapadvisors.com
77362485,deadAbandoned,REAL ESTATE OWNED BUYER,"Sep. 29, 2008","MorCap Fund Advisors, LLC",,cneil@morcapadvisors.com
77362494,REQUEST_FAILED,,,,,
77362512,REQUEST_FAILED,,,,,
77362546,REQUEST_FAILED,,,,,
77362573,REQUEST_FAILED,,,,,
77362574,REQUEST_FAILED,,,,,
77362606,REQUEST_FAILED,,,,,
77362626,REQUEST_FAILED,,,,,
77362771,deadAbandoned,"ROCK OUT KARAOKE ""BE THE SHOW""","Oct. 10, 2008","Vincent-Maloney, Nick S",,nicorellius@gmail.com
77362807,deadAbandoned,JOBS.ASIA,"Oct. 03, 2008",ATIFU Software And Website Development,,atipooh_007@yahoo.com
77362836,deadAbandoned,EONS ENERGY,"Oct. 15, 2008","Myers, Gregory J.",,hq@eons-energy.com
77362743,REQUEST_FAILED,,,,,
77362852,deadAbandoned,ACCOMODATIONS.ASIA,"Oct. 03, 2008",ATIFU Software And Website Development,,atipooh_007@yahoo.com
77362817,REQUEST_FAILED,,,,,
77362868,REQUEST_FAILED,,,,,
77362940,REQUEST_FAILED,,,,,
77362996,REQUEST_FAILED,,,,,
77363136,deadAbandoned,DSPNET,"Oct. 09, 2008","van Waterschoot, Jeroen",,jeroen@digidrive.com
77363024,REQUEST_FAILED,,,,,
77363038,REQUEST_FAILED,,,,,
77363286,deadAbandoned,DEPART MENTAL,"Oct. 03, 2008",Derek Bacharach,,plunge@gmail.com
77363145,REQUEST_FAILED,,,,,
77363292,deadAbandoned,CONVERTING THE WORLD'S BIOMASS INTO ETHANOL.,"Oct. 06, 2008",Syntec Biofuel Inc.,,nancy@syntecbiofuel.com
77363185,REQUEST_FAILED,,,,,
77363231,REQUEST_FAILED,,,,,
77363259,REQUEST_FAILED,,,,,
77363453,deadAbandoned,SLEEP IT WELL,"Oct. 29, 2008","HEALCEUTICALS, LLC",,regaldf@bellsouth.net
77363419,REQUEST_FAILED,,,,,
77363424,REQUEST_FAILED,,,,,
77363556,deadAbandoned,THELIFT BRANDING,"Oct. 06, 2008",Tom Lien,,tom@thelift.net
77363471,REQUEST_FAILED,,,,,
77363590,deadAbandoned,THELIFT,"Oct. 06, 2008",Michael Brandon Maseda,,brandon@thelift.net
77363540,REQUEST_FAILED,,,,,
77363567,REQUEST_FAILED,,,,,
77363598,REQUEST_FAILED,,,,,
77363755,deadAbandoned,BLACKEYE SPECIALIST,"Dec. 19, 2008",nakashima jeff f,,jeffnakashima@yahoo.com
77363718,REQUEST_FAILED,,,,,
77363727,REQUEST_FAILED,,,,,
77363817,deadAbandoned,PASS IT ON WEAR IT THEN SHARE IT!,"Oct. 11, 2008","Manhan, Crissy C.",,pio@passitonmissoula.com
77363835,REQUEST_FAILED,,,,,
77363846,REQUEST_FAILED,,,,,
77363895,REQUEST_FAILED,,,,,
77363926,deadAbandoned,GUINAND,"Oct. 12, 2008",Synchron watch group LLC,,sales@synchronwatches.com
77363977,deadAbandoned,CENTILION,"Oct. 10, 2008",Centilion Inc.,,mrezazad@centilion.com
77363912,REQUEST_FAILED,,,,,
77363953,REQUEST_FAILED,,,,,
77363991,REQUEST_FAILED,,,,,
77363983,REQUEST_FAILED,,,,,
77364059,deadAbandoned,THERMAL MOISTURE IMAGING,"Oct. 08, 2008","Thermal Moisture Imaging, LLC",,
77364012,REQUEST_FAILED,,,,,
77364149,deadAbandoned,SADDLESPAN TENT,"Oct. 06, 2008",warner shelter systems limited,,vwarner@wssl.com
77364138,REQUEST_FAILED,,,,,
77364139,REQUEST_FAILED,,,,,
77364168,REQUEST_FAILED,,,,,
77364235,REQUEST_FAILED,,,,,
77364364,deadAbandoned,FREE & HEALTHY,"Oct. 06, 2008",MIXIM FOOD PRODUCTS LTD S. ALLON,,miximltd@bezeqint.net
77364359,REQUEST_FAILED,,,,,
77364368,REQUEST_FAILED,,,,,
77364592,REQUEST_FAILED,,,,,
77364614,REQUEST_FAILED,,,,,
77364502,REQUEST_FAILED,,,,,
77364724,deadAbandoned,PLANETA RITMO,"Oct. 04, 2008",Patricia McCormick,,
77364744,deadAbandoned,GAY HOME LOANS,"Oct. 07, 2008","860 Solutions, Inc.",,jon@860solutions.com
77364694,REQUEST_FAILED,,,,,
77364708,REQUEST_FAILED,,,,,
77364743,REQUEST_FAILED,,,,,
77364755,REQUEST_FAILED,,,,,
77364774,REQUEST_FAILED,,,,,
77364902,REQUEST_FAILED,,,,,
77364924,REQUEST_FAILED,,,,,
77364953,REQUEST_FAILED,,,,,
77364985,REQUEST_FAILED,,,,,
77365005,REQUEST_FAILED,,,,,
77365031,deadAbandoned,NUPHEDRASIL,"Oct. 09, 2008","Nunez, Sergio",,cyclingman90@hotmail.com
77365017,REQUEST_FAILED,,,,,
77365043,deadAbandoned,VITE LAVIE,"Oct. 15, 2008","Khadasevich, Andrei S",,vitelavie@gmail.com
77365027,REQUEST_FAILED,,,,,
77365038,REQUEST_FAILED,,,,,
77365086,REQUEST_FAILED,,,,,
77365139,deadAbandoned,DISCOVERY ZONE,"Nov. 23, 2008","Lewis, Trey C",,treyclewis@yahoo.com
77365147,deadAbandoned,AIR-PAQ,"Oct. 10, 2008","Jiangyin Air-Paq Composite Material Co., Ltd",,jdai@air-paqchina.com
77365216,deadAbandoned,None,"Oct. 09, 2008",Nicole Rivera,,divine8@optonline.net
77365239,deadAbandoned,ECOACH360.COM,"Dec. 18, 2008",michael gratale,,mjgratale@bellsouth.net
77365227,REQUEST_FAILED,,,,,
77365292,REQUEST_FAILED,,,,,
77365418,deadAbandoned,LE MANS,"Sep. 15, 2008",Synchron watch group,,sales@synchronwatches.com
77365378,REQUEST_FAILED,,,,,
77365408,REQUEST_FAILED,,,,,
77365417,REQUEST_FAILED,,,,,
77365449,REQUEST_FAILED,,,,,
77365536,REQUEST_FAILED,,,,,
77365596,REQUEST_FAILED,,,,,
77365622,deadAbandoned,MISSION PHOENIX,"Dec. 03, 2008","Mission Phoenix, LLC",,sales@missionphoenix.com
77365593,REQUEST_FAILED,,,,,
77365810,deadAbandoned,BELOW MARKET REO,"Sep. 29, 2008","MorCap Fund Advisors, LLC",,cneil@morcapadvisors.com
77365759,REQUEST_FAILED,,,,,
77365973,deadAbandoned,BUY AND SELL MORTGAGE LOANS,"Oct. 07, 2008","MorCap Fund Advisors, LLC",,cneil@morcapadvisors.com
77366023,deadAbandoned,DECISION COACH,"Oct. 09, 2008","Decision Help, LLC",,rgking@cox.net
77365916,REQUEST_FAILED,,,,,
77366037,deadAbandoned,TEDDYTALE,"Oct. 09, 2008",Arik Levy,,arik@toyonix.com
77365953,REQUEST_FAILED,,,,,
77366054,deadAbandoned,LASER CLINIC,"Oct. 08, 2008","Pooya A. Ataii, M.D., Inc.",,alexataii@yahoo.com
77366038,deadAbandoned,DOLCINI,"Oct. 09, 2008",Catherine M. Fernandez,,leocathy1986@sbcglobal.net
77365999,REQUEST_FAILED,,,,,
77366027,REQUEST_FAILED,,,,,
77366060,REQUEST_FAILED,,,,,
77366064,REQUEST_FAILED,,,,,
77366077,REQUEST_FAILED,,,,,
77366112,REQUEST_FAILED,,,,,
77366252,deadAbandoned,SKINNY,"Dec. 01, 2008","Dayan, David",,eggcream@earthlink.net
77366200,REQUEST_FAILED,,,,,
77366278,deadAbandoned,HR HUMAN RESOURCES TRAINING CAMP,"Oct. 20, 2008","Douglas Publications, LLC",,lbublitz@douglaspublications.com
77366222,REQUEST_FAILED,,,,,
77366235,REQUEST_FAILED,,,,,
77366241,REQUEST_FAILED,,,,,
77366357,REQUEST_FAILED,,,,,
77366407,REQUEST_FAILED,,,,,
77366470,deadAbandoned,PLANT TRACK,"Sep. 10, 2008",Russ Pierce,,russpierce@att.net
77366625,deadAbandoned,AMERICAN SPEAKER TRAINING CAMP,"Oct. 20, 2008","Douglas Publications, LLC.",,lbublitz@douglaspublications.com
77366518,REQUEST_FAILED,,,,,
77366658,deadAbandoned,LEADERSHIP TRAINING CAMP,"Oct. 20, 2008","Douglas Publications, LLC",,lbublitz@douglaspublications.com
77366610,REQUEST_FAILED,,,,,
77366799,deadAbandoned,COMFY CUDDLER,"Oct. 14, 2008","Horne, Shani",,
77366680,REQUEST_FAILED,,,,,
77366931,REQUEST_FAILED,,,,,
77366943,REQUEST_FAILED,,,,,
77366977,REQUEST_FAILED,,,,,
77367032,REQUEST_FAILED,,,,,
77366999,REQUEST_FAILED,,,,,
77367094,deadAbandoned,DISCOVERY ZONE,"Dec. 12, 2008","Lewis, Trey C",,treyclewis@yahoo.com
77367066,REQUEST_FAILED,,,,,
77367056,REQUEST_FAILED,,,,,
77367129,deadAbandoned,OLIVE ALIVE!,"Oct. 15, 2008","Meyer, Randal L.",,rlmeyer@mtcnet.net
77367088,REQUEST_FAILED,,,,,
77367137,deadAbandoned,ADVANSCAPES LAWN & LANDSCAPING,"Oct. 14, 2008","Franich, Chadwick A.",,chadfranich@hotmail.com
77367130,REQUEST_FAILED,,,,,
77367157,REQUEST_FAILED,,,,,
77367243,REQUEST_FAILED,,,,,
77367245,REQUEST_FAILED,,,,,
77367266,REQUEST_FAILED,,,,,
77367288,REQUEST_FAILED,,,,,
77367297,REQUEST_FAILED,,,,,
77367378,deadAbandoned,CRUTCH BUDDIES,"Oct. 14, 2008","Healy, James H.",,funhogboy@gmail.com
77367344,REQUEST_FAILED,,,,,
77367350,REQUEST_FAILED,,,,,
77367520,REQUEST_FAILED,,,,,
77367429,REQUEST_FAILED,,,,,
77367463,REQUEST_FAILED,,,,,
77367641,deadAbandoned,AUTO LOTTO,"Oct. 30, 2008","J&M Advertising, LLC",,production@jmadvertising.com
77367579,REQUEST_FAILED,,,,,
77367629,REQUEST_FAILED,,,,,
77367605,REQUEST_FAILED,,,,,
77367613,REQUEST_FAILED,,,,,
77367676,REQUEST_FAILED,,,,,
77367673,REQUEST_FAILED,,,,,
77367700,REQUEST_FAILED,,,,,
77367751,REQUEST_FAILED,,,,,
77367852,REQUEST_FAILED,,,,,
77367862,REQUEST_FAILED,,,,,
77367960,deadAbandoned,CONSTRUCT CORPS C CONSTRUCTION STAFFING DONE RIGHT.,"Oct. 16, 2008",Construct Corps,,catlas@constructcorps.com
77367895,REQUEST_FAILED,,,,,
77367871,REQUEST_FAILED,,,,,
77367899,REQUEST_FAILED,,,,,
77367910,REQUEST_FAILED,,,,,
77367907,REQUEST_FAILED,,,,,
77368062,deadAbandoned,Y-CURIOUS,"Oct. 14, 2008",Yaoi Press LLC,,info@yaoipress.com
77368047,deadAbandoned,DIVERSIFIED MEDICAL DISTRIBUTION,"Oct. 22, 2008",Diversified Medical Distribution Inc.,,r.rastinehad@qualitymedicalsupplies.com
77368017,REQUEST_FAILED,,,,,
77368039,REQUEST_FAILED,,,,,
77368094,deadAbandoned,IMPOSSIBLE TASK (IM)POSSIBLE TASK,"Oct. 22, 2008","Wesely, Tara A.",,tarawesely@gmail.com
77368071,REQUEST_FAILED,,,,,
77368082,REQUEST_FAILED,,,,,
77368115,REQUEST_FAILED,,,,,
77368105,REQUEST_FAILED,,,,,
77368141,REQUEST_FAILED,,,,,
77368238,deadAbandoned,BUILD IT YOUR WAY,"Oct. 29, 2008","BEST Home Builders, LLC",,bwestmoreland@besthomebuilders.net
77368166,deadAbandoned,AANZEE,"Oct. 15, 2008",Aan Zee vakantiehuizen,,janhenk@aanzee.com
77368151,REQUEST_FAILED,,,,,
77368185,REQUEST_FAILED,,,,,
77368216,REQUEST_FAILED,,,,,
77368268,REQUEST_FAILED,,,,,
77368342,deadAbandoned,SNUGGLE IN COMFORT,"Oct. 17, 2008",Rona J. Empfield,,rona@compodog.com
77368281,REQUEST_FAILED,,,,,
77368384,deadAbandoned,LUXURYRECYCLING.COM,"Oct. 16, 2008",Mark Hayward,,
77368346,REQUEST_FAILED,,,,,
77368370,REQUEST_FAILED,,,,,
77368374,REQUEST_FAILED,,,,,
77368403,REQUEST_FAILED,,,,,
77368443,REQUEST_FAILED,,,,,
77368427,REQUEST_FAILED,,,,,
77368523,REQUEST_FAILED,,,,,
77368527,REQUEST_FAILED,,,,,
77368608,REQUEST_FAILED,,,,,
77368656,REQUEST_FAILED,,,,,
77368726,REQUEST_FAILED,,,,,
77368821,deadAbandoned,IBUY,"Oct. 18, 2008","FIREMAN, ANDREW F",,afireman2003@comcast.net
77369035,deadAbandoned,TBXCHANGE,"Oct. 21, 2008","Ballaban, Bruce A",,bballaba@optonline.net
77368938,REQUEST_FAILED,,,,,
77368958,REQUEST_FAILED,,,,,
77369017,REQUEST_FAILED,,,,,
77369051,REQUEST_FAILED,,,,,
77369053,REQUEST_FAILED,,,,,
77369056,REQUEST_FAILED,,,,,
77369103,deadAbandoned,CUBES & CRAYONS,"Oct. 15, 2008",KASC Inc,,contact@cubesandcrayons.com
77369094,deadAbandoned,S SIGNATURE,"Oct. 14, 2008",Signature Wheel Company Pty. Ltd.,,jason@signaturewheelco.com.au
77369079,deadAbandoned,MERCATO,"Oct. 22, 2008",LAPRIMA SHOPS LLC,,joe@laprimashops.com
77369086,deadAbandoned,MD FORMULAE,"Oct. 15, 2008",Innovative Drug Discovery Inc,,yi.shi@iddincorporated.com
77369107,REQUEST_FAILED,,,,,
77369117,REQUEST_FAILED,,,,,
77369136,deadAbandoned,PIERUCCI,"Oct. 23, 2008",Merchant Corporation Pty Ltd,,roberto@pierucci.com
77369139,REQUEST_FAILED,,,,,
77369155,REQUEST_FAILED,,,,,
77369156,REQUEST_FAILED,,,,,
77369279,REQUEST_FAILED,,,,,
77369295,REQUEST_FAILED,,,,,
77369375,REQUEST_FAILED,,,,,
77369386,REQUEST_FAILED,,,,,
77369379,REQUEST_FAILED,,,,,
77369428,REQUEST_FAILED,,,,,
77369424,REQUEST_FAILED,,,,,
77369431,REQUEST_FAILED,,,,,
77369438,REQUEST_FAILED,,,,,
77369563,deadAbandoned,CHIP-A-WAY,"Oct. 24, 2008","Gardenghi, Joseph, W",,joe.gardenghi@gmail.com
77369461,REQUEST_FAILED,,,,,
77369771,deadAbandoned,"THE DEBT ADVOCACY CENTER, LLC","Oct. 24, 2008",Attorney Sam Thomas III,,sam@st3attorney.com
77369543,REQUEST_FAILED,,,,,
77369656,REQUEST_FAILED,,,,,
77369660,REQUEST_FAILED,,,,,
77369858,deadAbandoned,LIPSERVICE RADIO,"Oct. 17, 2008","Hall, Joel B",,hallofbusiness@earthlink.net
77369757,REQUEST_FAILED,,,,,
77369800,REQUEST_FAILED,,,,,
77369879,REQUEST_FAILED,,,,,
77370038,deadAbandoned,BRUNO AND THE DREAMIES,"Oct. 16, 2008","Coviello, Bruno",,bcoviello@yahoo.com
77369929,REQUEST_FAILED,,,,,
77370028,deadAbandoned,ANTI-COLLISION TECHNOLOGY,"Oct. 23, 2008",Russ Bassett Corporation,,jkim@russbassett.com
77370020,REQUEST_FAILED,,,,,
77370034,REQUEST_FAILED,,,,,
77370049,REQUEST_FAILED,,,,,
77370110,REQUEST_FAILED,,,,,
77370120,REQUEST_FAILED,,,,,
77370135,REQUEST_FAILED,,,,,
77370148,REQUEST_FAILED,,,,,
77370181,deadAbandoned,MOBILEROBOTSINSIDE,"Nov. 24, 2008",MobileRobots Inc,,sales@mobilerobots.com
77370162,REQUEST_FAILED,,,,,
77370170,REQUEST_FAILED,,,,,
77370360,deadAbandoned,INSTINTO MUSICAL,"Oct. 19, 2008","Salgado, Victor",,instintomusical1@hotmail.com
77370337,REQUEST_FAILED,,,,,
77370348,REQUEST_FAILED,,,,,
77370363,deadAbandoned,WATER POLITICS,"Oct. 20, 2008",Phantom Tollbooth LLC,,msimus@mac.com
77370388,REQUEST_FAILED,,,,,
77370398,REQUEST_FAILED,,,,,
77370408,REQUEST_FAILED,,,,,
77370412,REQUEST_FAILED,,,,,
77370424,REQUEST_FAILED,,,,,
77370429,REQUEST_FAILED,,,,,
77370439,REQUEST_FAILED,,,,,
77370462,deadAbandoned,NEUTRON TRADING,"Oct. 27, 2008","Cabrero, Javier S.",,cabrero_javier@hotmail.com
77370472,deadAbandoned,BRAND SONAR,"Oct. 27, 2008",Zing Communications PTY LTD (Australia Proprietary Limited Company),,samj@zing.net.au
77370459,REQUEST_FAILED,,,,,
77370464,REQUEST_FAILED,,,,,
77370470,REQUEST_FAILED,,,,,
77370599,REQUEST_FAILED,,,,,
77370617,REQUEST_FAILED,,,,,
77370661,REQUEST_FAILED,,,,,
77370694,REQUEST_FAILED,,,,,
77370699,REQUEST_FAILED,,,,,
77370750,REQUEST_FAILED,,,,,
77370755,REQUEST_FAILED,,,,,
77370836,deadAbandoned,SPARKLEBRAIN,"Oct. 29, 2008","Franklin, Elizabeth M.",,mizlizonbiz@earthlink.net
77370759,REQUEST_FAILED,,,,,
77370767,REQUEST_FAILED,,,,,
77370804,REQUEST_FAILED,,,,,
77370848,REQUEST_FAILED,,,,,
77370872,REQUEST_FAILED,,,,,
77370927,REQUEST_FAILED,,,,,
77370980,REQUEST_FAILED,,,,,
77370991,REQUEST_FAILED,,,,,
77371053,REQUEST_FAILED,,,,,
77371092,REQUEST_FAILED,,,,,
77371211,REQUEST_FAILED,,,,,
77371216,REQUEST_FAILED,,,,,
77371430,REQUEST_FAILED,,,,,
77371457,REQUEST_FAILED,,,,,
77371548,REQUEST_FAILED,,,,,
77371543,REQUEST_FAILED,,,,,
77371551,REQUEST_FAILED,,,,,
77371561,REQUEST_FAILED,,,,,
77371571,REQUEST_FAILED,,,,,
77371577,REQUEST_FAILED,,,,,
77371615,REQUEST_FAILED,,,,,
77371627,REQUEST_FAILED,,,,,
77371642,REQUEST_FAILED,,,,,
77371682,deadAbandoned,PALL MALL GIN,"Aug. 20, 2008",Mayfair Brands Ltd,,roger.hatfield@mayfairbrands.com
77371653,REQUEST_FAILED,,,,,
77371733,deadAbandoned,CASEY THE BEACON HILL CAT,"Oct. 30, 2008",Jane Sarah Staffier,,gigi_02107@yahoo.com
77371701,REQUEST_FAILED,,,,,
77371796,REQUEST_FAILED,,,,,
77371801,REQUEST_FAILED,,,,,
77371803,REQUEST_FAILED,,,,,
77371820,REQUEST_FAILED,,,,,
77371859,REQUEST_FAILED,,,,,
77371896,REQUEST_FAILED,,,,,
77371958,REQUEST_FAILED,,,,,
77371964,REQUEST_FAILED,,,,,
77372033,REQUEST_FAILED,,,,,
77372080,REQUEST_FAILED,,,,,
77372103,REQUEST_FAILED,,,,,
77372121,REQUEST_FAILED,,,,,
77372127,REQUEST_FAILED,,,,,
77372474,deadAbandoned,LAS BRISAS,"Oct. 22, 2008","GRUPO HOTELERO BRISAS, S.A. DE C.V.",,cthomae@jcva.com.mx
77372309,REQUEST_FAILED,,,,,
77372408,REQUEST_FAILED,,,,,
77372457,REQUEST_FAILED,,,,,
77372525,REQUEST_FAILED,,,,,
77372540,deadAbandoned,BABY NOZES,"Oct. 22, 2008",Lee Pharmaceuticals,,leesqc@aol.com
77372532,REQUEST_FAILED,,,,,
77372529,REQUEST_FAILED,,,,,
77372609,REQUEST_FAILED,,,,,
77372641,deadAbandoned,PUZZLEGLOBE,"Oct. 25, 2008",Blue Opal Puzzles and Games Pty Ltd,,aholzer@blueopal.com.au
77372611,REQUEST_FAILED,,,,,
77372625,REQUEST_FAILED,,,,,
77372613,REQUEST_FAILED,,,,,
77372628,REQUEST_FAILED,,,,,
77372729,deadAbandoned,POLE FITNESS,"Oct. 30, 2008","Hilferty, Susan",,sphilferty@yahoo.com
77372751,deadAbandoned,HANGOVER RELIEF,"Oct. 08, 2008",DINOCO International Corporation,,mdemattei@dinoco.us
77372653,REQUEST_FAILED,,,,,
77372689,REQUEST_FAILED,,,,,
77372746,REQUEST_FAILED,,,,,
77372826,REQUEST_FAILED,,,,,
77372930,deadAbandoned,"WCU WEMELCO CREDIT UNION ""THE POWER OF WE"" WCU","Oct. 30, 2008",Wemelco Credit Union,,wtariff@wemelco.org
77372921,REQUEST_FAILED,,,,,
77372936,REQUEST_FAILED,,,,,
77372941,REQUEST_FAILED,,,,,
77372944,REQUEST_FAILED,,,,,
77372965,REQUEST_FAILED,,,,,
77372973,REQUEST_FAILED,,,,,
77373095,deadAbandoned,PURPLE SLICE,"Oct. 23, 2008",John P. Ross,,barbara@purpleslice.com
77373007,REQUEST_FAILED,,,,,
77373038,REQUEST_FAILED,,,,,
77373163,deadAbandoned,EMINGLING WHERE SINGLES MINGLE ONLINE!,"Nov. 02, 2008","Brown, Andy C.",,
77373055,REQUEST_FAILED,,,,,
77373216,deadAbandoned,CARGO ORGANIZER,"Nov. 03, 2008","Simmons, Barney & Company, Inc.",,GSimmons@IAISupport.com
77373124,REQUEST_FAILED,,,,,
77373111,REQUEST_FAILED,,,,,
77373270,deadAbandoned,HATE KLUB,"Oct. 24, 2008",HATE CLUB,,whatshotradio@yahoo.com
77373170,REQUEST_FAILED,,,,,
77373382,deadAbandoned,DELIVERPAGES,"Oct. 27, 2008","Brown, Hasan",,HBrown@equitycapitalco.com
77373172,REQUEST_FAILED,,,,,
77373324,REQUEST_FAILED,,,,,
77373416,REQUEST_FAILED,,,,,
77373429,REQUEST_FAILED,,,,,
77373469,REQUEST_FAILED,,,,,
77373510,REQUEST_FAILED,,,,,
77373515,REQUEST_FAILED,,,,,
77373557,REQUEST_FAILED,,,,,
77373582,REQUEST_FAILED,,,,,
77373587,REQUEST_FAILED,,,,,
77373646,deadAbandoned,PARENTS TOP RATED,"Oct. 16, 2008",Xandian Media LLC,,xandianllc@yahoo.com
77373627,REQUEST_FAILED,,,,,
77373628,REQUEST_FAILED,,,,,
77373667,REQUEST_FAILED,,,,,
77373670,REQUEST_FAILED,,,,,
77373700,REQUEST_FAILED,,,,,
77373704,REQUEST_FAILED,,,,,
77373820,deadAbandoned,ANGLE NIPPLE,"Oct. 24, 2008","Martin, Michael A. L.",,mm4ang7@yahoo.com
77373743,REQUEST_FAILED,,,,,
77373787,REQUEST_FAILED,,,,,
77373803,REQUEST_FAILED,,,,,
77373805,REQUEST_FAILED,,,,,
77373824,deadAbandoned,NECKTIE STABLE,"Oct. 31, 2008","Martin, Michael A. L.",,mm4ang7@yahoo.com
77373981,deadAbandoned,APS AMERICA'S PROFESSIONAL SERVICES,"Nov. 06, 2008","America's Professional Services, Inc.",,bvader@fsa-1.com
77373982,deadAbandoned,AMERICA'S PET STORE TO YOUR DOOR,"Nov. 06, 2008","Pawsch, Inc.",,ddouglas@pawsch.com
77373857,REQUEST_FAILED,,,,,
77373953,REQUEST_FAILED,,,,,
77373957,REQUEST_FAILED,,,,,
77374071,REQUEST_FAILED,,,,,
77374137,REQUEST_FAILED,,,,,
77374078,REQUEST_FAILED,,,,,
77374138,deadAbandoned,CHECKMATE,"Oct. 29, 2008","HOLMES, BRADLEY, J",,holmes@getcheckmate.com
77374245,REQUEST_FAILED,,,,,
77374204,REQUEST_FAILED,,,,,
77374221,REQUEST_FAILED,,,,,
77374255,REQUEST_FAILED,,,,,
77374344,deadAbandoned,ROSA GITANA,"Oct. 24, 2008",Sanchez BustosRogelio,,chatovsky@yahoo.com
77374289,REQUEST_FAILED,,,,,
77374313,REQUEST_FAILED,,,,,
77374353,REQUEST_FAILED,,,,,
77374449,REQUEST_FAILED,,,,,
77374587,deadAbandoned,REPLAY SCREENCAST,"Nov. 28, 2008",Applian Technologies Inc.,,leslie@applian.com
77374559,REQUEST_FAILED,,,,,
77374543,REQUEST_FAILED,,,,,
77374529,REQUEST_FAILED,,,,,
77374581,REQUEST_FAILED,,,,,
77374592,REQUEST_FAILED,,,,,
77374620,REQUEST_FAILED,,,,,
77374656,REQUEST_FAILED,,,,,
77374729,REQUEST_FAILED,,,,,
77374734,REQUEST_FAILED,,,,,
77374736,REQUEST_FAILED,,,,,
77374836,deadAbandoned,BR BRIGITTE RIVE,"Oct. 28, 2008",Rive Ltd,,
77374838,deadAbandoned,FIDUCIARY ADVISORS,"Oct. 26, 2008",FIDUCIARY ADVISORS,,td@parkcityadvisors.com
77374797,REQUEST_FAILED,,,,,
77374794,REQUEST_FAILED,,,,,
77374803,REQUEST_FAILED,,,,,
77374913,REQUEST_FAILED,,,,,
77375077,deadAbandoned,DOMAIN STOCK EXCHANGE,"Dec. 19, 2008",FUSU a.s.,,tobias@senzalimiti.sk
77375088,deadAbandoned,SMILE GIRL,"Oct. 27, 2008","MVE Development Co., LLC",,vanj1968@yahoo.com
77375172,deadAbandoned,TODAY'S PRO FARRIER,"Oct. 27, 2008",Ink And Anvil Inc.,,scott@inkandanvil.com
77374949,REQUEST_FAILED,,,,,
77375000,REQUEST_FAILED,,,,,
77375155,REQUEST_FAILED,,,,,
77375221,REQUEST_FAILED,,,,,
77375208,REQUEST_FAILED,,,,,
77375412,REQUEST_FAILED,,,,,
77375576,deadAbandoned,FORKSTIX,"Oct. 25, 2008","Lam, Cheong Y.",,buffaloservices@yahoo.com
77375491,REQUEST_FAILED,,,,,
77375614,REQUEST_FAILED,,,,,
77375668,REQUEST_FAILED,,,,,
77375740,REQUEST_FAILED,,,,,
77375752,REQUEST_FAILED,,,,,
77375789,REQUEST_FAILED,,,,,
77375802,REQUEST_FAILED,,,,,
77375805,REQUEST_FAILED,,,,,
77375807,deadAbandoned,OINK & MOO PUB AND BREW,"Oct. 30, 2008",Jonathon Adrian Jones,,
77375834,REQUEST_FAILED,,,,,
77375876,REQUEST_FAILED,,,,,
77375879,REQUEST_FAILED,,,,,
77375939,deadAbandoned,DENT STOPER CONFIDENTIAL - WALTERS INC.,"Oct. 31, 2008",Douglas M Walters,,dj.walters@charter.net
77375888,REQUEST_FAILED,,,,,
77375890,REQUEST_FAILED,,,,,
77375907,REQUEST_FAILED,,,,,
77375974,deadAbandoned,EZCHARGER,"Oct. 29, 2008","Cho, George Chi Yu",,goldregal88@netvigator.com
77375913,REQUEST_FAILED,,,,,
77375951,REQUEST_FAILED,,,,,
77375994,REQUEST_FAILED,,,,,
77376049,REQUEST_FAILED,,,,,
77376040,REQUEST_FAILED,,,,,
77376051,REQUEST_FAILED,,,,,
77376056,REQUEST_FAILED,,,,,
77376108,deadAbandoned,SAVVY MAY CREATIONS,"Oct. 31, 2008",Davidson Rebecca,,Rebecca@SavvyMayCreations.com
77376092,REQUEST_FAILED,,,,,
77376100,REQUEST_FAILED,,,,,
77376105,REQUEST_FAILED,,,,,
77376114,REQUEST_FAILED,,,,,
77376143,REQUEST_FAILED,,,,,
77376151,REQUEST_FAILED,,,,,
77376163,REQUEST_FAILED,,,,,
77376193,deadAbandoned,WHY STUFF HAPPENS WSH,"Oct. 28, 2008","Rohde, Stephanie K",,endtheclutter@cfl.rr.com
77376184,REQUEST_FAILED,,,,,
77376185,REQUEST_FAILED,,,,,
77376198,REQUEST_FAILED,,,,,
77376201,REQUEST_FAILED,,,,,
77376225,deadAbandoned,MOVIEBANK U.S.,"Oct. 27, 2008",Movie Bank LLC,,smilefam@aol.com
77376212,REQUEST_FAILED,,,,,
77376273,deadAbandoned,None,"Oct. 27, 2008","Moon, Caroline",,oliveoyl123@hotmail.com
77376249,REQUEST_FAILED,,,,,
77376295,deadAbandoned,PHAT FITNESS,"Nov. 04, 2008",Nasir & Thambidurai Pty Ltd,,qamar_nas@yahoo.com.au
77376298,deadAbandoned,ZHOOTER,"Oct. 29, 2008",Zhongshan Xinhongda Company Ltd.,,
77376310,deadAbandoned,FARMWEIGH,"Nov. 04, 2008",Shekel Electronic Scales,,shelli@shekelonline.com
77376272,REQUEST_FAILED,,,,,
77376275,REQUEST_FAILED,,,,,
77376428,deadAbandoned,MUSCLE RELIEF GEL,"Oct. 31, 2008","Mad Maverick, LLC",,elissa@shopsalus.com
77376365,REQUEST_FAILED,,,,,
77376409,REQUEST_FAILED,,,,,
77376414,REQUEST_FAILED,,,,,
77376432,REQUEST_FAILED,,,,,
77376513,deadAbandoned,PIZZA LA NOVA,"Oct. 25, 2008",suleiman shihadeh,,sal76@sbcglobal.net
77376461,REQUEST_FAILED,,,,,
77376505,REQUEST_FAILED,,,,,
77376525,deadAbandoned,SCOUTSITE,"Nov. 16, 2008",Decision Design Corporation,,clb@decisiondesign.com
77376475,REQUEST_FAILED,,,,,
77376515,REQUEST_FAILED,,,,,
77376543,REQUEST_FAILED,,,,,
77376548,REQUEST_FAILED,,,,,
77376568,REQUEST_FAILED,,,,,
77376609,REQUEST_FAILED,,,,,
77376687,deadAbandoned,REVOLUTION,"Oct. 31, 2008",RedZee Search,,john@redzee.com
77376625,REQUEST_FAILED,,,,,
77376640,REQUEST_FAILED,,,,,
77376657,REQUEST_FAILED,,,,,
77376683,REQUEST_FAILED,,,,,
77376733,REQUEST_FAILED,,,,,
77376728,REQUEST_FAILED,,,,,
77376744,REQUEST_FAILED,,,,,
77376754,REQUEST_FAILED,,,,,
77376761,REQUEST_FAILED,,,,,
77376800,deadAbandoned,FIREARMDEALS,"Nov. 03, 2008",Speed Arms LLC,,larrylasco@firearmdeals.com
77376796,REQUEST_FAILED,,,,,
77376808,REQUEST_FAILED,,,,,
77376857,deadAbandoned,BA BORN ATHLETE,"Oct. 27, 2008",Nathaniel Slappey and Jason Barnett,,mrslappey@gmail.com
77376817,REQUEST_FAILED,,,,,
77376837,REQUEST_FAILED,,,,,
77376863,REQUEST_FAILED,,,,,
77376892,deadAbandoned,ENTERTAINING THE FUTURE,"Nov. 03, 2008",IMAGINATION HOLDINGS PTY LTD,,tina-marie.carr@imagination.com.au
77376872,REQUEST_FAILED,,,,,
77376881,REQUEST_FAILED,,,,,
77376930,deadAbandoned,MAHASMS,"Nov. 08, 2008",TBM Technologies Pvt Ltd,,srm@tbmtechnologies.com
77376886,deadAbandoned,REPUTATION RESCUE,"Oct. 27, 2008",Zing Communications PTY LTD (Australia proprietary limited company),,samj@zing.net.au
77376896,REQUEST_FAILED,,,,,
77376923,REQUEST_FAILED,,,,,
77376908,REQUEST_FAILED,,,,,
77376933,REQUEST_FAILED,,,,,
77376969,REQUEST_FAILED,,,,,
77377098,deadAbandoned,GORGEOUS,"Nov. 03, 2008",Simon Media Company,,siobhan@simonmediacompany.com
77377176,REQUEST_FAILED,,,,,
77377192,REQUEST_FAILED,,,,,
77377225,REQUEST_FAILED,,,,,
77377226,REQUEST_FAILED,,,,,
77377248,REQUEST_FAILED,,,,,
77377280,deadAbandoned,CAFELICIOUS,"Oct. 30, 2008",PT Cipta Kreasi Indah,,info@koffiekolonie.com
77377250,REQUEST_FAILED,,,,,
77377344,deadAbandoned,THE REFORMED CATHOLIC CHURCH A GLOBAL FEDERATION OF REFORMED CATHOLIC CHURCHES,"Nov. 07, 2008",Archbishop Phillip Zimmerman,,presidingbishop@reformedcatholicchurch.org
77377281,REQUEST_FAILED,,,,,
77377289,REQUEST_FAILED,,,,,
77377312,REQUEST_FAILED,,,,,
77377354,REQUEST_FAILED,,,,,
77377404,REQUEST_FAILED,,,,,
77377519,deadAbandoned,NURTURE,"Feb. 27, 2008",Meredith Corporation,,mlerner@ssbb.com
77377504,REQUEST_FAILED,,,,,
77377608,deadAbandoned,THE MASTERS PORTFOLIO SERIES,"Oct. 29, 2008","Oro Studios, Inc.",,Linda@orostudios.com
77377589,REQUEST_FAILED,,,,,
77377606,REQUEST_FAILED,,,,,
77377760,deadAbandoned,VMX PLASTICS,"Oct. 29, 2008",Wilson Scott,,petertucker@concourseparts.com.au
77377664,REQUEST_FAILED,,,,,
77377684,REQUEST_FAILED,,,,,
77377787,deadAbandoned,SPEROSOFT,"Nov. 03, 2008",SperoSoft Incorporated,,djw@sperosoft.com
77377890,deadAbandoned,TRUFFLE,"Oct. 29, 2008","Mushroom Networks, Inc.",,service@mushroomnetworks.com
77377843,deadAbandoned,ZHI,"Nov. 03, 2008",Zhi Tea,,jeffrey@zhitea.com
77377874,REQUEST_FAILED,,,,,
77377933,REQUEST_FAILED,,,,,
77377975,deadAbandoned,None,"Nov. 06, 2008",SkyGrid,,april@skygrid.com
77377951,REQUEST_FAILED,,,,,
77377961,REQUEST_FAILED,,,,,
77377962,REQUEST_FAILED,,,,,
77377968,REQUEST_FAILED,,,,,
77378002,deadAbandoned,PERSNICKETY CHICKADEE,"Nov. 03, 2008",Heather Suzanne Arnold,,heatherarnoldusa@yahoo.com
77377971,REQUEST_FAILED,,,,,
77378049,deadAbandoned,PINWHEELS,"Nov. 08, 2008",Karen Young,,karen@tligames.com
77377993,REQUEST_FAILED,,,,,
77378000,REQUEST_FAILED,,,,,
77378004,REQUEST_FAILED,,,,,
77378010,REQUEST_FAILED,,,,,
77378063,deadAbandoned,OPENRISC,"Nov. 12, 2008","Lampret, Damjan",,damjanl@lampret.com
77378046,REQUEST_FAILED,,,,,
77378051,REQUEST_FAILED,,,,,
77378085,REQUEST_FAILED,,,,,
77378149,REQUEST_FAILED,,,,,
77378172,REQUEST_FAILED,,,,,
77378183,REQUEST_FAILED,,,,,
77378185,REQUEST_FAILED,,,,,
77378202,deadAbandoned,MONETARY INTELLIGENCE MAGAZINE,"Nov. 02, 2008","Monetary Intelligence Magazine, LLC",,
77378188,REQUEST_FAILED,,,,,
77378239,REQUEST_FAILED,,,,,
77378266,REQUEST_FAILED,,,,,
77378300,REQUEST_FAILED,,,,,
77378312,REQUEST_FAILED,,,,,
77378410,deadAbandoned,GIONVANNINO'S ITALIAN CUISINE,"Nov. 06, 2008","CHILOIRO, GIACOMINO GIANNI",,
77378367,REQUEST_FAILED,,,,,
77378371,REQUEST_FAILED,,,,,
77378474,REQUEST_FAILED,,,,,
77378502,REQUEST_FAILED,,,,,
77378525,REQUEST_FAILED,,,,,
77378613,REQUEST_FAILED,,,,,
77378214,REQUEST_FAILED,,,,,
77378621,REQUEST_FAILED,,,,,
77378636,REQUEST_FAILED,,,,,
77378775,REQUEST_FAILED,,,,,
77378782,REQUEST_FAILED,,,,,
77378858,REQUEST_FAILED,,,,,
77378910,deadAbandoned,ADRENAL CLEANSING SYSTEM,"Nov. 03, 2008",Adrenal Fatigue Institute,,brian@adrenalfatigueinstitute.com
77378963,REQUEST_FAILED,,,,,
77379015,REQUEST_FAILED,,,,,
77378896,REQUEST_FAILED,,,,,
77379016,REQUEST_FAILED,,,,,
77379063,deadAbandoned,JEUNE,"Oct. 30, 2008","AA group, Inc",,acubest3000@yahoo.com
77379027,deadAbandoned,INTERNATIONAL ICE REGISTRY,"Nov. 03, 2008","International ICE Registry, LLC",,rtcrose@internationaliceregistry.com
77379051,REQUEST_FAILED,,,,,
77379093,REQUEST_FAILED,,,,,
77379096,REQUEST_FAILED,,,,,
77379069,REQUEST_FAILED,,,,,
77379102,REQUEST_FAILED,,,,,
77379105,REQUEST_FAILED,,,,,
77379130,REQUEST_FAILED,,,,,
77379132,REQUEST_FAILED,,,,,
77379151,REQUEST_FAILED,,,,,
77379183,REQUEST_FAILED,,,,,
77379216,REQUEST_FAILED,,,,,
77379224,REQUEST_FAILED,,,,,
77379282,REQUEST_FAILED,,,,,
77379279,REQUEST_FAILED,,,,,
77379325,deadAbandoned,ONLYROSES,"Nov. 13, 2008","Esteva, Gabriela",,gresteva2002@yahoo.com
77379375,REQUEST_FAILED,,,,,
77379406,REQUEST_FAILED,,,,,
77379453,REQUEST_FAILED,,,,,
77379607,deadAbandoned,INK'T WEAR,"Nov. 06, 2008",Core Group,,krmotoent@gmail.com
77379558,REQUEST_FAILED,,,,,
77379646,deadAbandoned,BLUE OCEAN FARMS,"Nov. 04, 2008",Exelflor Corp,,esacristan@lagaitanacol.com
77379601,REQUEST_FAILED,,,,,
77379608,REQUEST_FAILED,,,,,
77379651,REQUEST_FAILED,,,,,
77379751,deadAbandoned,None,"Nov. 09, 2008",Coup De Monde Inc,,ihadjigeorgis@gmail.com
77379694,REQUEST_FAILED,,,,,
77379688,REQUEST_FAILED,,,,,
77379742,REQUEST_FAILED,,,,,
77379809,REQUEST_FAILED,,,,,
77379897,REQUEST_FAILED,,,,,
77379877,REQUEST_FAILED,,,,,
77379940,REQUEST_FAILED,,,,,
77379981,REQUEST_FAILED,,,,,
77380009,REQUEST_FAILED,,,,,
77380057,deadAbandoned,EDEN ROAD WINES,"Nov. 03, 2008",Eden Road Wine Company Pty. Ltd.,,cindy@zing.net.au
77380033,REQUEST_FAILED,,,,,
77380042,REQUEST_FAILED,,,,,
77380169,deadAbandoned,ACTION HEROES,"Nov. 02, 2008",A-Ha! Toys Inc.,,john@ahatoys.com
77380185,deadAbandoned,STREET BEATZ,"Nov. 02, 2008",A-Ha! Toys Inc.,,john@ahatoys.com
77380120,REQUEST_FAILED,,,,,
77380132,REQUEST_FAILED,,,,,
77380175,REQUEST_FAILED,,,,,
77380193,REQUEST_FAILED,,,,,
77380205,deadAbandoned,OXYGEN BAR,"Nov. 14, 2008",Egypt P. Brown-Lawson,,hairlineillusion@aol.com
77380206,REQUEST_FAILED,,,,,
77380200,REQUEST_FAILED,,,,,
77380231,deadAbandoned,PET-PROGESTERONE,"Nov. 06, 2008",Wellsprings Trading Ltd,,help@progesterone.co.uk
77380208,REQUEST_FAILED,,,,,
77380233,deadAbandoned,SERENITY NATURAL PROGESTERONE,"Nov. 06, 2008",Wellsprings Trading Ltd,,help@progesterone.co.uk
77380232,deadAbandoned,SERENITY NATURAL PROGESTERONE CREAM,"Nov. 06, 2008",Wellsprings Trading Ltd,,help@progesterone.co.uk
77380216,REQUEST_FAILED,,,,,
77380241,REQUEST_FAILED,,,,,
77380357,REQUEST_FAILED,,,,,
77380410,REQUEST_FAILED,,,,,
77380414,REQUEST_FAILED,,,,,
77380447,REQUEST_FAILED,,,,,
77380499,REQUEST_FAILED,,,,,
77380523,REQUEST_FAILED,,,,,
77380706,deadAbandoned,ROCKN' F..K,"Oct. 15, 2008","Chambon, Julien",,
77380582,REQUEST_FAILED,,,,,
77380654,REQUEST_FAILED,,,,,
77380665,REQUEST_FAILED,,,,,
77380690,REQUEST_FAILED,,,,,
77380849,deadAbandoned,"SORRY, I'VE GOT TO RUN","Nov. 12, 2008","Venditto, Joe",,joe@onemoremile.net
77380740,REQUEST_FAILED,,,,,
77380716,REQUEST_FAILED,,,,,
77380874,deadAbandoned,TATTS TATTOO SHADES,"Nov. 05, 2008",FOUR SEASONS OPTICAL INC,,
77380925,deadAbandoned,STREAMSENDER,"Nov. 06, 2008","iMediaVids, Inc.",,rmcmillan@imediavids.com
77380863,deadAbandoned,THIS SEEMED LIKE A GOOD IDEA 3 MONTHS AGO,"Nov. 12, 2008","Venditto, Joe",,joe@onemoremile.net
77381000,deadAbandoned,FAMILY GUARD,"Nov. 08, 2008","Hanson, David J",,familyguardus@yahoo.com
77380812,REQUEST_FAILED,,,,,
77381002,deadAbandoned,MISS ARMENIAN USA,"Sep. 19, 2008","MARMW, Inc.",,
77380985,REQUEST_FAILED,,,,,
77380988,REQUEST_FAILED,,,,,
77381006,REQUEST_FAILED,,,,,
77381116,REQUEST_FAILED,,,,,
77381117,REQUEST_FAILED,,,,,
77381128,REQUEST_FAILED,,,,,
77381154,REQUEST_FAILED,,,,,
77381161,REQUEST_FAILED,,,,,
77381191,REQUEST_FAILED,,,,,
77381249,REQUEST_FAILED,,,,,
77381258,REQUEST_FAILED,,,,,
77381273,REQUEST_FAILED,,,,,
77381329,deadAbandoned,THE MELTING POT TRAVELER,"Dec. 29, 2008","Cox, Gregg M.",,drcoxgregg@aol.com
77381290,REQUEST_FAILED,,,,,
77381299,REQUEST_FAILED,,,,,
77381327,REQUEST_FAILED,,,,,
77381376,REQUEST_FAILED,,,,,
77381380,REQUEST_FAILED,,,,,
77381422,REQUEST_FAILED,,,,,
77381439,REQUEST_FAILED,,,,,
77381433,REQUEST_FAILED,,,,,
77381464,REQUEST_FAILED,,,,,
77381480,REQUEST_FAILED,,,,,
77381499,REQUEST_FAILED,,,,,
77381503,REQUEST_FAILED,,,,,
77381533,REQUEST_FAILED,,,,,
77381537,REQUEST_FAILED,,,,,
77381544,REQUEST_FAILED,,,,,
77381567,deadAbandoned,CODING THE SOLID STATE,"Nov. 16, 2008",OMNIWARE INC.,,becky@omniware.org
77381545,REQUEST_FAILED,,,,,
77381556,REQUEST_FAILED,,,,,
77381629,deadAbandoned,WIN MANAGE MARKET,"Nov. 13, 2008","Coley & Associates, Inc.",,jcoley@coleyinc.com
77381625,deadAbandoned,LA CASA CLOTHING,"Nov. 09, 2008",Mark Needleman,,need5398@aol.com
77381569,REQUEST_FAILED,,,,,
77381599,REQUEST_FAILED,,,,,
77381620,REQUEST_FAILED,,,,,
77381638,deadAbandoned,PROV 31,"Nov. 12, 2008","West, Kelly R",,support@provthirtyone.com
77381633,deadAbandoned,PROV THIRTY ONE,"Nov. 12, 2008","West, Kelly R",,support@provthirtyone.com
77381683,REQUEST_FAILED,,,,,
77381706,REQUEST_FAILED,,,,,
77381795,REQUEST_FAILED,,,,,
77381790,REQUEST_FAILED,,,,,
77381813,REQUEST_FAILED,,,,,
77381854,REQUEST_FAILED,,,,,
77381842,REQUEST_FAILED,,,,,
77381923,REQUEST_FAILED,,,,,
77381950,REQUEST_FAILED,,,,,
77381990,REQUEST_FAILED,,,,,
77382004,REQUEST_FAILED,,,,,
77382005,REQUEST_FAILED,,,,,
77382007,REQUEST_FAILED,,,,,
77381767,REQUEST_FAILED,,,,,
77382132,deadAbandoned,SPECIAL HERBS SPECIAL FORMULA SLIM PLUS LET NATURE PROTECT YOU ALL NATURAL,"Nov. 13, 2008","Ohm & Karma Ventures, Inc.",,info@specialherbs.com
77382090,REQUEST_FAILED,,,,,
77382094,REQUEST_FAILED,,,,,
77382100,REQUEST_FAILED,,,,,
77382402,deadAbandoned,VALUE PRICE EXPO,"Nov. 06, 2008","Value Price Expo, LLC",,alanpaggao@yahoo.com
77382192,REQUEST_FAILED,,,,,
77382236,REQUEST_FAILED,,,,,
77382264,REQUEST_FAILED,,,,,
77382401,REQUEST_FAILED,,,,,
77382424,deadAbandoned,BRATPACK,"Nov. 10, 2008",Tip Top Trade,,tiptoptrade@slingshot.co.nz
77382462,REQUEST_FAILED,,,,,
77382476,REQUEST_FAILED,,,,,
77382513,REQUEST_FAILED,,,,,
77382536,REQUEST_FAILED,,,,,
77382542,REQUEST_FAILED,,,,,
77382547,REQUEST_FAILED,,,,,
77382562,REQUEST_FAILED,,,,,
77382563,REQUEST_FAILED,,,,,
77382599,REQUEST_FAILED,,,,,
77382649,deadAbandoned,INTERVENTIONS THAT MAKE SENSE,"Oct. 31, 2008","The Metochoi Group, LLC",,garym@3rdmilclassrooms.com
77382615,REQUEST_FAILED,,,,,
77382621,REQUEST_FAILED,,,,,
77382640,REQUEST_FAILED,,,,,
77382659,REQUEST_FAILED,,,,,
77382683,REQUEST_FAILED,,,,,
77382661,REQUEST_FAILED,,,,,
77382688,REQUEST_FAILED,,,,,
77382757,deadAbandoned,TOORALOORA,"Nov. 10, 2008",Michael Woods,,woodsy263@yahoo.com
77382710,REQUEST_FAILED,,,,,
77382723,REQUEST_FAILED,,,,,
77382753,REQUEST_FAILED,,,,,
77382738,REQUEST_FAILED,,,,,
77382945,REQUEST_FAILED,,,,,
77382927,REQUEST_FAILED,,,,,
77382953,REQUEST_FAILED,,,,,
77383015,deadAbandoned,PLANE PERFECT GOLF,"Nov. 06, 2008","Turner, William",,billy_turner@comcast.net
77382956,REQUEST_FAILED,,,,,
77383109,deadAbandoned,HELPHY WATER,"Nov. 28, 2008","Regan, Russ",,marks@superabsorbent.com
77382968,REQUEST_FAILED,,,,,
77383013,REQUEST_FAILED,,,,,
77383019,REQUEST_FAILED,,,,,
77383079,REQUEST_FAILED,,,,,
77383148,REQUEST_FAILED,,,,,
77383344,deadAbandoned,2UNES,"Nov. 14, 2008",north c woodall,,tunes123@comcast.net
77383229,REQUEST_FAILED,,,,,
77383309,REQUEST_FAILED,,,,,
77383342,REQUEST_FAILED,,,,,
77383466,deadAbandoned,THE SMART TECHS,"Nov. 14, 2008",Smart Techs INC.,,EverLopez@TheSmartTechs.com
77383394,REQUEST_FAILED,,,,,
77383476,deadAbandoned,COMSKIDEO TV,"Dec. 01, 2008","Thompson, Marcus D.",,dfilmsent@yahoo.com
77383510,REQUEST_FAILED,,,,,
77383536,REQUEST_FAILED,,,,,
77383538,REQUEST_FAILED,,,,,
77383559,REQUEST_FAILED,,,,,
77383565,REQUEST_FAILED,,,,,
77383578,REQUEST_FAILED,,,,,
77383582,REQUEST_FAILED,,,,,
77383585,REQUEST_FAILED,,,,,
77383622,REQUEST_FAILED,,,,,
77383639,REQUEST_FAILED,,,,,
77383719,REQUEST_FAILED,,,,,
77383732,REQUEST_FAILED,,,,,
77383742,REQUEST_FAILED,,,,,
77383748,REQUEST_FAILED,,,,,
77383781,REQUEST_FAILED,,,,,
77383815,deadAbandoned,PHARMA-TEA OR PHARMATEA,"Nov. 14, 2008",Mark Andrew Urbanski,,urbanski@globecenter.com
77383787,REQUEST_FAILED,,,,,
77383802,REQUEST_FAILED,,,,,
77383944,deadAbandoned,BLITZWEAR,"Nov. 17, 2008","Bui, Cuong",,thequackster@hotmail.com
77383817,REQUEST_FAILED,,,,,
77383994,REQUEST_FAILED,,,,,
77384029,REQUEST_FAILED,,,,,
77384053,REQUEST_FAILED,,,,,
77384055,REQUEST_FAILED,,,,,
77384114,REQUEST_FAILED,,,,,
77384344,deadAbandoned,LUXOVATION,"Nov. 10, 2008",Perlick Corporation,,cac@perlick.com
77384289,deadAbandoned,CHUBBCO CUTTING BOARDS,"Nov. 13, 2008","Chubbco, LLC",,jchristy@swfllp.com
77384188,REQUEST_FAILED,,,,,
77384218,REQUEST_FAILED,,,,,
77384352,REQUEST_FAILED,,,,,
77384377,REQUEST_FAILED,,,,,
77384560,deadAbandoned,ZUPPLEMENTS,"Nov. 13, 2008","Zadvantage, Inc.",,info@zadvantage.com
77384488,REQUEST_FAILED,,,,,
77384490,REQUEST_FAILED,,,,,
77384650,deadAbandoned,MIDCAL CLOTHING,"Sep. 09, 2008",Rich Ulrick III,,rich@dicincorporated.net
77384571,REQUEST_FAILED,,,,,
77384618,REQUEST_FAILED,,,,,
77384629,REQUEST_FAILED,,,,,
77384669,REQUEST_FAILED,,,,,
77384640,REQUEST_FAILED,,,,,
77384710,REQUEST_FAILED,,,,,
77384711,REQUEST_FAILED,,,,,
77384757,REQUEST_FAILED,,,,,
77384823,deadAbandoned,OXANTIUM,"Nov. 08, 2008","Oxantium, LLC",,ammar.qusaibaty@oxantium.com
77384791,REQUEST_FAILED,,,,,
77384888,deadAbandoned,ZOO EMPORIUM,"Nov. 10, 2008",RELLIK PTY LTD,,kate@zooemporium.com
77384835,deadAbandoned,SHAPER GIRL BODYWEAR,"Nov. 12, 2008",Bruce Bary Buckley,,sexybackups@yahoo.com
77384824,REQUEST_FAILED,,,,,
77384840,REQUEST_FAILED,,,,,
77384925,deadAbandoned,CYCOWARD,"Nov. 19, 2008","Christenson, Jason Brent",,kingnap@hotmail.com
77384905,REQUEST_FAILED,,,,,
77384922,REQUEST_FAILED,,,,,
77384923,REQUEST_FAILED,,,,,
77385057,REQUEST_FAILED,,,,,
77385102,deadAbandoned,DATASAVE,"Nov. 17, 2008",David Savine,,dave@textthread.com
77385058,REQUEST_FAILED,,,,,
77385086,deadAbandoned,None,"Nov. 10, 2008",United Colors International Limited,,wai_ling_ip@hoimeng.com
77385076,REQUEST_FAILED,,,,,
77385094,REQUEST_FAILED,,,,,
77385108,REQUEST_FAILED,,,,,
77385114,REQUEST_FAILED,,,,,
77385144,REQUEST_FAILED,,,,,
77385203,REQUEST_FAILED,,,,,
77385210,REQUEST_FAILED,,,,,
77385246,REQUEST_FAILED,,,,,
77385254,REQUEST_FAILED,,,,,
77385260,REQUEST_FAILED,,,,,
77385314,deadAbandoned,GREEN AND WIRED,"Nov. 18, 2008","Fine Home Builders, Inc.",,private1234@mac.com
77385313,REQUEST_FAILED,,,,,
77385495,REQUEST_FAILED,,,,,
77385659,deadAbandoned,DOCTORSSELECT NUTRACEUTICALS,"Nov. 12, 2008",Fitness Innovative Technologies,,dkase@sbcglobal.net
77385664,deadAbandoned,PHOTO SYNTHESIZER,"Dec. 29, 2008","Cox, Gregg M.",,drcoxgregg@aol.com
77385553,REQUEST_FAILED,,,,,
77385600,REQUEST_FAILED,,,,,
77385887,deadAbandoned,NATURE'S BOTANICAL LABORATORIES,"Nov. 15, 2008",Fitness Innovative Technologies,,dkase@sbcglobal.net
77385760,REQUEST_FAILED,,,,,
77385878,REQUEST_FAILED,,,,,
77385889,REQUEST_FAILED,,,,,
77385903,REQUEST_FAILED,,,,,
77385945,REQUEST_FAILED,,,,,
77385951,REQUEST_FAILED,,,,,
77386000,REQUEST_FAILED,,,,,
77385974,REQUEST_FAILED,,,,,
77386025,deadAbandoned,DV KEYBOARD,"Nov. 17, 2008",GBC Industries,,
77386018,REQUEST_FAILED,,,,,
77386095,deadAbandoned,CREATE WISH ANGELS,"Nov. 16, 2008","Shallow, Audrey M",,Be-inspired@care2.com
77386026,REQUEST_FAILED,,,,,
77386088,REQUEST_FAILED,,,,,
77386089,REQUEST_FAILED,,,,,
77386092,REQUEST_FAILED,,,,,
77386123,REQUEST_FAILED,,,,,
77386140,REQUEST_FAILED,,,,,
77386146,REQUEST_FAILED,,,,,
77386167,REQUEST_FAILED,,,,,
77386295,deadAbandoned,BEST PRACTICE,"Nov. 12, 2008",INVEST IN EUROPE,,virginie@truffle.com
77386280,REQUEST_FAILED,,,,,
77386266,REQUEST_FAILED,,,,,
77386329,REQUEST_FAILED,,,,,
77386336,REQUEST_FAILED,,,,,
77386349,REQUEST_FAILED,,,,,
77386599,deadAbandoned,UG CUSTOM APARREL,"Nov. 18, 2008",Brett Heath,,brettlheath@sbcglobal.net
77386379,REQUEST_FAILED,,,,,
77386612,deadAbandoned,3RD MILLENNIUM C L A S S R O O M S,"Oct. 31, 2008","The Metochoi Group, LLC",,garym@3rdmilclassrooms.com
77386447,REQUEST_FAILED,,,,,
77386527,REQUEST_FAILED,,,,,
77386653,REQUEST_FAILED,,,,,
77386657,REQUEST_FAILED,,,,,
77386829,deadAbandoned,PLUSH,"Nov. 05, 2008",Jason Guyser,,jasonguyser@hotmail.com
77386828,REQUEST_FAILED,,,,,
77386842,REQUEST_FAILED,,,,,
77386900,deadAbandoned,GROUNDS FOR GLORY,"Nov. 17, 2008",Grounds for Glory Coffee Co.,,DTorrenga@Comcast.net
77386848,REQUEST_FAILED,,,,,
77386893,REQUEST_FAILED,,,,,
77386920,REQUEST_FAILED,,,,,
77386950,REQUEST_FAILED,,,,,
77386951,REQUEST_FAILED,,,,,
77386962,REQUEST_FAILED,,,,,
77386977,REQUEST_FAILED,,,,,
77387000,REQUEST_FAILED,,,,,
77387066,REQUEST_FAILED,,,,,
77387068,REQUEST_FAILED,,,,,
77387077,REQUEST_FAILED,,,,,
77387085,deadAbandoned,COLLEGIATE YOUTH DANCESPORT,"Nov. 13, 2008","Uczekaj, Stephen A",,stephen@impulseballroom.com
77387079,REQUEST_FAILED,,,,,
77387159,deadAbandoned,TECH OF AMERICA,"Nov. 20, 2008","TORRES-SOLARI, JORGE L",,info@techofamerica.com
77387089,REQUEST_FAILED,,,,,
77387100,REQUEST_FAILED,,,,,
77387176,deadAbandoned,SKKIN U·S·A,"Nov. 13, 2008",V&R Holdings inc,,arsengs@yahoo.com
77387133,REQUEST_FAILED,,,,,
77387139,REQUEST_FAILED,,,,,
77387154,REQUEST_FAILED,,,,,
77387197,deadAbandoned,IONCHI,"Nov. 21, 2008","Kraft Global, LLC",,info@kraftglobal.com
77387184,REQUEST_FAILED,,,,,
77387191,REQUEST_FAILED,,,,,
77387192,REQUEST_FAILED,,,,,
77387224,deadAbandoned,UNDEFEATED SEASON,"Nov. 21, 2008",Thomas J. DiSanto,,
77387206,REQUEST_FAILED,,,,,
77387212,REQUEST_FAILED,,,,,
77387217,REQUEST_FAILED,,,,,
77387220,REQUEST_FAILED,,,,,
77387222,REQUEST_FAILED,,,,,
77387232,REQUEST_FAILED,,,,,
77387244,REQUEST_FAILED,,,,,
77387282,REQUEST_FAILED,,,,,
77387275,REQUEST_FAILED,,,,,
77387286,REQUEST_FAILED,,,,,
77387338,deadAbandoned,ARIZONA CHILDREN'S FESTIVAL,"Nov. 14, 2008",Foundation for Inter-Cultural Dialogue,,info@fid-az.org
77387309,REQUEST_FAILED,,,,,
77387313,REQUEST_FAILED,,,,,
77387355,REQUEST_FAILED,,,,,
77387367,REQUEST_FAILED,,,,,
77387388,REQUEST_FAILED,,,,,
77387390,REQUEST_FAILED,,,,,
77387396,REQUEST_FAILED,,,,,
77387405,REQUEST_FAILED,,,,,
77387412,REQUEST_FAILED,,,,,
77387482,REQUEST_FAILED,,,,,
77387535,REQUEST_FAILED,,,,,
77387605,REQUEST_FAILED,,,,,
77387645,REQUEST_FAILED,,,,,
77387656,REQUEST_FAILED,,,,,
77387667,REQUEST_FAILED,,,,,
77387907,deadAbandoned,BRAND JOURNEY,"Nov. 22, 2008",SMGII LLC,,jaimelynn.willhite@summitmarketing.com
77387884,REQUEST_FAILED,,,,,
77387880,REQUEST_FAILED,,,,,
77387939,REQUEST_FAILED,,,,,
77387966,REQUEST_FAILED,,,,,
77388104,deadAbandoned,J. MICHAEL STEVENS GROUP EFOODSDIRECT,"Nov. 15, 2008","Shenk, Steve",,info@efoodsdirect.com
77388065,REQUEST_FAILED,,,,,
77388082,REQUEST_FAILED,,,,,
77388131,REQUEST_FAILED,,,,,
77388137,REQUEST_FAILED,,,,,
77388188,deadAbandoned,LAKER SEAFOOD,"Nov. 21, 2008","Laker Seafood GP, LLC",,sar_hsieh@yahoo.com
77388150,REQUEST_FAILED,,,,,
77388162,REQUEST_FAILED,,,,,
77388238,REQUEST_FAILED,,,,,
77388322,deadAbandoned,ZIRUS,"Nov. 19, 2008",Zirus,,domainfly@yahoo.com
77388288,REQUEST_FAILED,,,,,
77388303,REQUEST_FAILED,,,,,
77388326,deadAbandoned,VERVE-KEEPING YOU HEALTHY WITH NATURE,"Oct. 01, 2008",Offco Inc,,offcousa@yahoo.com
77388314,REQUEST_FAILED,,,,,
77388323,REQUEST_FAILED,,,,,
77388338,REQUEST_FAILED,,,,,
77388336,REQUEST_FAILED,,,,,
77388344,REQUEST_FAILED,,,,,
77388349,REQUEST_FAILED,,,,,
77388378,REQUEST_FAILED,,,,,
77388423,REQUEST_FAILED,,,,,
77388541,deadAbandoned,TECHPOD,"Dec. 11, 2008",Tecom Electronics Ltd,,ilanit@patentim.com
77388479,REQUEST_FAILED,,,,,
77388484,REQUEST_FAILED,,,,,
77388591,REQUEST_FAILED,,,,,
77388597,REQUEST_FAILED,,,,,
77388623,REQUEST_FAILED,,,,,
77388636,REQUEST_FAILED,,,,,
77388850,deadAbandoned,VIASENSOR,"Nov. 02, 2008",VIASPACE Inc.,,
77388820,REQUEST_FAILED,,,,,
77388880,REQUEST_FAILED,,,,,
77388877,REQUEST_FAILED,,,,,
77388890,REQUEST_FAILED,,,,,
77388910,deadAbandoned,FATIGUE RELIEF,"Oct. 08, 2008",DINOCO International Corporation,,mdemattei@dinoco.us
77388902,REQUEST_FAILED,,,,,
77388927,REQUEST_FAILED,,,,,
77388963,REQUEST_FAILED,,,,,
77389004,REQUEST_FAILED,,,,,
77389251,deadAbandoned,THE COOKIE BAR COMPANY,"Nov. 15, 2008","Battiloro, Anna",,
77389073,REQUEST_FAILED,,,,,
77389072,REQUEST_FAILED,,,,,
77389275,deadAbandoned,CROWN RITZ,"Nov. 18, 2008",Gili Ritz,,Gili_Ritz@yahoo.cm
77389103,REQUEST_FAILED,,,,,
77389261,REQUEST_FAILED,,,,,
77389272,REQUEST_FAILED,,,,,
77389265,REQUEST_FAILED,,,,,
77389441,deadAbandoned,THE INSOMNIACS,"Nov. 16, 2008","Dodson, Vyasa",,vyasa_dodson@hotmail.com
77389344,REQUEST_FAILED,,,,,
77389443,deadAbandoned,SWEETGRASS HAIR FOR KIDS!,"Nov. 15, 2008","Selah, Incorporated",,mljd91@msn.com
77389357,REQUEST_FAILED,,,,,
77389382,REQUEST_FAILED,,,,,
77389418,REQUEST_FAILED,,,,,
77389479,REQUEST_FAILED,,,,,
77389488,REQUEST_FAILED,,,,,
77389503,REQUEST_FAILED,,,,,
77389510,REQUEST_FAILED,,,,,
77389512,REQUEST_FAILED,,,,,
77389524,REQUEST_FAILED,,,,,
77389527,REQUEST_FAILED,,,,,
77389610,deadAbandoned,CROOKSANDLIARS.COM,"Nov. 17, 2008",John Amato,,crooksandliars@gmail.com
77389584,REQUEST_FAILED,,,,,
77389589,REQUEST_FAILED,,,,,
77389591,REQUEST_FAILED,,,,,
77389601,REQUEST_FAILED,,,,,
77389660,deadAbandoned,EMANCULATE RECEPTION,"Nov. 25, 2008","Karr, Jason Scott",,jkrew16@aol.com
77389632,REQUEST_FAILED,,,,,
77389676,REQUEST_FAILED,,,,,
77389770,REQUEST_FAILED,,,,,
77389796,REQUEST_FAILED,,,,,
77389905,REQUEST_FAILED,,,,,
77389943,deadAbandoned,FIRSTCARD,"Nov. 21, 2008","Waked, Elie",,
77389922,REQUEST_FAILED,,,,,
77389926,REQUEST_FAILED,,,,,
77389939,REQUEST_FAILED,,,,,
77389941,REQUEST_FAILED,,,,,
77389963,REQUEST_FAILED,,,,,
77389995,REQUEST_FAILED,,,,,
77390285,deadAbandoned,RHYTHMIC MOVEMENT TRAINING,"Dec. 01, 2008","Dempsey, Moira Anne",,moira@integratedbeing.com
77389997,REQUEST_FAILED,,,,,
77390025,REQUEST_FAILED,,,,,
77390035,REQUEST_FAILED,,,,,
77390432,deadAbandoned,"EON INSTRUMENTATION, INC","Nov. 20, 2008",James Winchester,,hedwards@hollywoodstudiosonline.com
77390458,deadAbandoned,VDRI NO SWEAT MAN,"Nov. 17, 2008","Jones, Evan E",,evan@vdri.net
77390249,REQUEST_FAILED,,,,,
77390421,REQUEST_FAILED,,,,,
77390401,REQUEST_FAILED,,,,,
77390436,REQUEST_FAILED,,,,,
77390474,REQUEST_FAILED,,,,,
77390522,REQUEST_FAILED,,,,,
77390525,REQUEST_FAILED,,,,,
77390538,REQUEST_FAILED,,,,,
77390583,deadAbandoned,SAVANNAH,"Nov. 21, 2008",ColdStar Capital Inc,,contact@coldstarcapital.com
77390543,REQUEST_FAILED,,,,,
77390575,REQUEST_FAILED,,,,,
77390637,REQUEST_FAILED,,,,,
77390636,REQUEST_FAILED,,,,,
77390643,REQUEST_FAILED,,,,,
77390736,deadAbandoned,BRC BLACK ROCK CAPTIVES,"Nov. 20, 2008","Odice, Marjorie G.",,blackrockcaptives@yahoo.com
77390815,deadAbandoned,MORGAN MILL,"Nov. 21, 2008","Morgan Mill Grist, LLC",,
77390709,REQUEST_FAILED,,,,,
77390692,REQUEST_FAILED,,,,,
77390721,REQUEST_FAILED,,,,,
77390878,deadAbandoned,INTELLIVERTER,"Nov. 20, 2008","Tweed, Fred A",,fatweed@gmail.com
77390760,REQUEST_FAILED,,,,,
77390831,REQUEST_FAILED,,,,,
77390908,REQUEST_FAILED,,,,,
77390905,REQUEST_FAILED,,,,,
77390920,REQUEST_FAILED,,,,,
77390926,REQUEST_FAILED,,,,,
77390932,REQUEST_FAILED,,,,,
77390959,REQUEST_FAILED,,,,,
77391024,REQUEST_FAILED,,,,,
77391123,deadAbandoned,LAB & ROTTI'S,"Nov. 21, 2008","Schenck, Alicia M",,aschenck@dejazzd.com
77391058,REQUEST_FAILED,,,,,
77391075,REQUEST_FAILED,,,,,
77391150,deadAbandoned,ASKAPSYCH,"Dec. 02, 2008",Alfredo M. Amezaga Jr.,,amezaga.am@gmail.com
77391124,REQUEST_FAILED,,,,,
77391143,deadAbandoned,TALENTSEEKER,"Nov. 17, 2008","HiringSmart Canada, Inc.",,
77391199,REQUEST_FAILED,,,,,
77391227,REQUEST_FAILED,,,,,
77391220,REQUEST_FAILED,,,,,
77391309,REQUEST_FAILED,,,,,
77391388,REQUEST_FAILED,,,,,
77391359,REQUEST_FAILED,,,,,
77391582,REQUEST_FAILED,,,,,
77391604,REQUEST_FAILED,,,,,
77391606,REQUEST_FAILED,,,,,
77391654,REQUEST_FAILED,,,,,
77391742,deadAbandoned,GOURDIN,"Nov. 20, 2008","GANDHI, Yogesh K",,ykg99@yahoo.com
77391692,REQUEST_FAILED,,,,,
77391745,REQUEST_FAILED,,,,,
77391765,REQUEST_FAILED,,,,,
77391788,REQUEST_FAILED,,,,,
77391426,REQUEST_FAILED,,,,,
77391824,REQUEST_FAILED,,,,,
77391840,REQUEST_FAILED,,,,,
77391832,REQUEST_FAILED,,,,,
77391857,REQUEST_FAILED,,,,,
77392005,deadAbandoned,CERTIFIED LOSS MITIGATION SPECIALIST,"Nov. 24, 2008",1clickrealestate.com,,russ@whyutah.com
77391882,REQUEST_FAILED,,,,,
77392011,deadAbandoned,NATIONAL HOME RESCUE CENTER,"Nov. 28, 2008",1clickrealestate.com,,russ@whyutah.com
77391886,REQUEST_FAILED,,,,,
77391953,REQUEST_FAILED,,,,,
77391938,REQUEST_FAILED,,,,,
77392119,deadAbandoned,MYNTSWIRL,"Nov. 21, 2008","Benjamini, Alan",,alan@myntberry.com
77392073,deadAbandoned,WIPE N DRY,"Nov. 28, 2008",HQ Global Networks (Pty) Limited,,jclark@shieldchem.co.za
77392042,REQUEST_FAILED,,,,,
77392049,REQUEST_FAILED,,,,,
77392067,REQUEST_FAILED,,,,,
77392192,REQUEST_FAILED,,,,,
77392194,REQUEST_FAILED,,,,,
77392209,REQUEST_FAILED,,,,,
77392346,deadAbandoned,MY NEIGHBORHOOD,"Nov. 27, 2008",BuZZProps Inc.,,wesley@buzzprops.com
77392258,REQUEST_FAILED,,,,,
77392279,REQUEST_FAILED,,,,,
77392266,REQUEST_FAILED,,,,,
77392286,REQUEST_FAILED,,,,,
77392504,deadAbandoned,EMALL,"Nov. 24, 2008",Sparhawk Corporation,,mike@sparhawkcorp.com
77392445,REQUEST_FAILED,,,,,
77392435,REQUEST_FAILED,,,,,
77392453,deadAbandoned,THE LIBERATOR SYSTEM,"Nov. 21, 2008","GinSan Industries, Inc.",,glenn@ginsan.com
77392538,deadAbandoned,NEIGHBORHOOD BUZZ,"Nov. 27, 2008",BuZZProps Inc.,,wesley@buzzprops.com
77392452,REQUEST_FAILED,,,,,
77392520,deadAbandoned,BD H.E.R.O.,"Jul. 15, 2008","Becton, Dickinson and Company",,
77392572,REQUEST_FAILED,,,,,
77392615,REQUEST_FAILED,,,,,
77392617,REQUEST_FAILED,,,,,
77392631,REQUEST_FAILED,,,,,
77392653,REQUEST_FAILED,,,,,
77392822,REQUEST_FAILED,,,,,
77392833,REQUEST_FAILED,,,,,
77392863,REQUEST_FAILED,,,,,
77392883,REQUEST_FAILED,,,,,
77392896,REQUEST_FAILED,,,,,
77392947,REQUEST_FAILED,,,,,
77392962,REQUEST_FAILED,,,,,
77392966,REQUEST_FAILED,,,,,
77393032,deadAbandoned,STS.COM,"Dec. 01, 2008","Mehdiyev, Teymur",,tm@bts-int.com
77393092,deadAbandoned,PERFECTCARMONY,"Nov. 29, 2008","Gadjets, Inc.",,
77392998,REQUEST_FAILED,,,,,
77393023,REQUEST_FAILED,,,,,
77393091,deadAbandoned,JAS MD,"Nov. 23, 2008","JPR&L Essentials, LLC",,lhulsebusch@jas-md.com
77393067,REQUEST_FAILED,,,,,
77393132,deadAbandoned,SK-7,"Dec. 30, 2008",Roseland LLC,,danieljcabo@aol.com
77393123,REQUEST_FAILED,,,,,
77393138,REQUEST_FAILED,,,,,
77393142,REQUEST_FAILED,,,,,
77393153,REQUEST_FAILED,,,,,
77393157,REQUEST_FAILED,,,,,
77393165,REQUEST_FAILED,,,,,
77393223,deadAbandoned,YOGESSENCE MANAGING NATURAL SKIN CARE YOGACIZE YOUR SKIN!,"Nov. 25, 2008",Jo Prabhu,,joprabhu2003@yahoo.com
77393179,REQUEST_FAILED,,,,,
77393191,REQUEST_FAILED,,,,,
77393244,REQUEST_FAILED,,,,,
77393247,REQUEST_FAILED,,,,,
77393286,deadAbandoned,RANKED THE ULTIMATE GAMER CLUB,"Dec. 01, 2008","Ranked, LLC",,swilso96@hotmail.com
77393248,REQUEST_FAILED,,,,,
77393278,REQUEST_FAILED,,,,,
77393292,REQUEST_FAILED,,,,,
77393338,deadAbandoned,HEARTMEDS,"Nov. 22, 2008","Buckman, Kevin",,KevinBuckman@gmail.com
77393339,deadAbandoned,POPA OLLIE'S,"Dec. 01, 2008",williams lll ollie,,luvsjesus4life@aol.com
77393334,deadAbandoned,SUGARMEDS,"Nov. 22, 2008","Buckman, Kevin",,KevinBuckman@gmail.com
77393324,REQUEST_FAILED,,,,,
77393341,REQUEST_FAILED,,,,,
77393348,REQUEST_FAILED,,,,,
77393371,REQUEST_FAILED,,,,,
77393496,REQUEST_FAILED,,,,,
77393518,REQUEST_FAILED,,,,,
77393510,REQUEST_FAILED,,,,,
77393541,REQUEST_FAILED,,,,,
77393591,REQUEST_FAILED,,,,,
77393596,REQUEST_FAILED,,,,,
77393599,REQUEST_FAILED,,,,,
77393625,REQUEST_FAILED,,,,,
77393630,REQUEST_FAILED,,,,,
77393751,deadAbandoned,ANNABELLE'S,"Dec. 01, 2008",Annabelle Foods LLC,,rfilips@hartel.net
77393646,REQUEST_FAILED,,,,,
77393678,REQUEST_FAILED,,,,,
77393784,deadAbandoned,GUILLOTINE VAUDEVILLE,"Nov. 25, 2008","Glasser, Alan R.",,
77393703,REQUEST_FAILED,,,,,
77393694,REQUEST_FAILED,,,,,
77393801,REQUEST_FAILED,,,,,
77393828,REQUEST_FAILED,,,,,
77394003,REQUEST_FAILED,,,,,
77394012,REQUEST_FAILED,,,,,
77394047,REQUEST_FAILED,,,,,
77394064,REQUEST_FAILED,,,,,
77394066,REQUEST_FAILED,,,,,
77394113,REQUEST_FAILED,,,,,
77394128,REQUEST_FAILED,,,,,
77394132,REQUEST_FAILED,,,,,
77394212,REQUEST_FAILED,,,,,
77394210,REQUEST_FAILED,,,,,
77394312,deadAbandoned,REHAB DIMENSIONS,"Dec. 02, 2008","Webb, Michelle L.",,mwebb@rehabdimensionsinc.com
77394227,REQUEST_FAILED,,,,,
77394278,REQUEST_FAILED,,,,,
77394213,REQUEST_FAILED,,,,,
77394321,REQUEST_FAILED,,,,,
77394360,deadAbandoned,IRIS,"Nov. 25, 2008",IRIS Analytics GmbH,,nb@iris.de
77394327,REQUEST_FAILED,,,,,
77394355,REQUEST_FAILED,,,,,
77394351,REQUEST_FAILED,,,,,
77394450,deadAbandoned,DREAMSKIN,"Nov. 28, 2008",Costa George,,chris.nicholas@ift-plc.co.uk
77394438,REQUEST_FAILED,,,,,
77394442,REQUEST_FAILED,,,,,
77394522,deadAbandoned,CC CARTRIDGE CLUB,"Nov. 23, 2008",Cartridge Club,,carmen@cartridgeclubdirect.com
77394475,REQUEST_FAILED,,,,,
77394487,REQUEST_FAILED,,,,,
77394495,REQUEST_FAILED,,,,,
77394599,deadAbandoned,CITYZINE,"Nov. 26, 2008",CityZine,,steven.stumpf@gmail.com
77394590,REQUEST_FAILED,,,,,
77394588,REQUEST_FAILED,,,,,
77394601,deadAbandoned,CLINIWEAVE,"Nov. 28, 2008",Costa George,,chris.nicholas@ift-plc.co.uk
77394624,REQUEST_FAILED,,,,,
77394791,deadAbandoned,"""J"" PLUG","Nov. 22, 2008","Hensley, Gerald M",,Kjacklogan@aol.com
77394659,REQUEST_FAILED,,,,,
77394679,REQUEST_FAILED,,,,,
77394703,REQUEST_FAILED,,,,,
77394913,REQUEST_FAILED,,,,,
77394934,REQUEST_FAILED,,,,,
77395132,deadAbandoned,DINESMART,"Jun. 13, 2008",Penny Cypress,,penny@therestauranttrainers.com
77395010,REQUEST_FAILED,,,,,
77395140,deadAbandoned,ROYAL AUTO SPA,"Nov. 25, 2008","ROYALTY AUTO SPA, INC",,
77395077,REQUEST_FAILED,,,,,
77395194,deadAbandoned,BIZTRACK,"Nov. 28, 2008","BizTrack, Inc.",,kirbysocal@yahoo.com
77395148,deadAbandoned,POINT BOOKS,"Nov. 01, 2008",IMAGINATION HOLDINGS PTY LTD,,tina-marie.carr@imagination.com.au
77395227,deadAbandoned,QUIRKY CIRCUS,"Nov. 24, 2008",Evans Rachel and Lang Victor,,minkpinkdesigns@yahoo.com.au
77395234,deadAbandoned,PRINCE DAVID,"Nov. 25, 2008","ROYALTY AUTO SPA, INC",,
77395205,REQUEST_FAILED,,,,,
77395220,REQUEST_FAILED,,,,,
77395271,REQUEST_FAILED,,,,,
77395295,REQUEST_FAILED,,,,,
77395321,REQUEST_FAILED,,,,,
77395313,REQUEST_FAILED,,,,,
77395334,REQUEST_FAILED,,,,,
77395359,deadAbandoned,THE FRONT PAGE,"Nov. 28, 2008","Deutsch, Maurice",,isaac@incbypro.com
77395350,REQUEST_FAILED,,,,,
77395395,deadAbandoned,CARTRIDGE CLUB DIRECT,"Nov. 23, 2008",Cartridge Club,,carmen@cartridgeclubdirect.com
77395381,REQUEST_FAILED,,,,,
77395392,REQUEST_FAILED,,,,,
77395409,REQUEST_FAILED,,,,,
77395422,REQUEST_FAILED,,,,,
77395445,deadAbandoned,VGG MMVII VENUS GOES GLAM,"Aug. 01, 2008","Panaouris, Stella",,
77395457,deadAbandoned,JOYS,"Dec. 01, 2008",Suttles Tam Phien,,meijilee7703@hotmail.com
77395425,REQUEST_FAILED,,,,,
77395437,REQUEST_FAILED,,,,,
77395441,REQUEST_FAILED,,,,,
77395483,REQUEST_FAILED,,,,,
77395562,REQUEST_FAILED,,,,,
77395692,REQUEST_FAILED,,,,,
77395697,REQUEST_FAILED,,,,,
77395799,deadAbandoned,SHINE ONLINE,"Dec. 02, 2008","Litehouse Technology, LLC",,zack.jenks@litehousetech.org
77395783,deadAbandoned,"KANGEL TEA & SPICE CORPORATION DIABETON,DIETON, CHOLESTON","Dec. 03, 2008","Seang Chung Kang,",,seangkang@yahoo.com
77395815,REQUEST_FAILED,,,,,
77395830,REQUEST_FAILED,,,,,
77395840,REQUEST_FAILED,,,,,
77395872,REQUEST_FAILED,,,,,
77395886,REQUEST_FAILED,,,,,
77396143,deadAbandoned,PERVERT,"Dec. 04, 2008","Sussman, David",,tunnelvizion@nyc.rr.com
77396024,REQUEST_FAILED,,,,,
77396252,REQUEST_FAILED,,,,,
77396285,REQUEST_FAILED,,,,,
77396372,REQUEST_FAILED,,,,,
77396395,REQUEST_FAILED,,,,,
77396408,REQUEST_FAILED,,,,,
77396441,REQUEST_FAILED,,,,,
77396439,REQUEST_FAILED,,,,,
77396467,REQUEST_FAILED,,,,,
77396488,REQUEST_FAILED,,,,,
77396522,deadAbandoned,NY LOVER$,"Nov. 23, 2008","Angelina Renee Importing, Ltd.",,johnjdefede@gmail.com
77396526,deadAbandoned,MENNILLI,"Nov. 10, 2008",United Colors International Limited,,
77396543,REQUEST_FAILED,,,,,
77396588,REQUEST_FAILED,,,,,
77396596,REQUEST_FAILED,,,,,
77396603,REQUEST_FAILED,,,,,
77396646,REQUEST_FAILED,,,,,
77396741,REQUEST_FAILED,,,,,
77396770,REQUEST_FAILED,,,,,
77396880,deadAbandoned,SINCE1820 CAMDEN PARK AUSTRALIA,"Dec. 03, 2008",Italia Direct LLC,,lviberti@mac.com
77396806,REQUEST_FAILED,,,,,
77396873,REQUEST_FAILED,,,,,
77396892,REQUEST_FAILED,,,,,
77396947,deadAbandoned,LIVIN A DREAM,"Nov. 29, 2008","Henry, Martin K.",,martinhenry@sbcglobal.net
77396912,REQUEST_FAILED,,,,,
77396926,REQUEST_FAILED,,,,,
77396959,REQUEST_FAILED,,,,,
77396967,REQUEST_FAILED,,,,,
77397025,REQUEST_FAILED,,,,,
77397096,REQUEST_FAILED,,,,,
77397156,REQUEST_FAILED,,,,,
77397203,REQUEST_FAILED,,,,,
77397251,REQUEST_FAILED,,,,,
77397370,REQUEST_FAILED,,,,,
77397470,REQUEST_FAILED,,,,,
77397510,REQUEST_FAILED,,,,,
77397479,REQUEST_FAILED,,,,,
77397555,REQUEST_FAILED,,,,,
77397595,REQUEST_FAILED,,,,,
77397640,deadAbandoned,UNLEASH,"Nov. 28, 2008","Hogan, Jason F",,jasonfhogan@gmail.com
77397713,deadAbandoned,THE GREENEST INSULATION COMPANY IN AMERICA,"Oct. 20, 2008",Eagle Shield Inc.,,wsteiner@eagleshield.com
77397678,REQUEST_FAILED,,,,,
77397703,REQUEST_FAILED,,,,,
77397723,REQUEST_FAILED,,,,,
77397775,REQUEST_FAILED,,,,,
77397780,deadAbandoned,THE BEAUVILLES,"Dec. 04, 2008",Timothy Kyle,,tourbooking@gmail.com
77397754,REQUEST_FAILED,,,,,
77397784,REQUEST_FAILED,,,,,
77397797,REQUEST_FAILED,,,,,
77397997,deadAbandoned,GLO-PRO PROFESSIONAL LURES,"Dec. 03, 2008",Glo-Pro Lures LLC,,patrick@asgpi.com
77397885,REQUEST_FAILED,,,,,
77397971,REQUEST_FAILED,,,,,
77398006,REQUEST_FAILED,,,,,
77398079,REQUEST_FAILED,,,,,
77398160,deadAbandoned,DROOPY DRAWERS,"Nov. 29, 2008","Garcia, Sherie S.",,thegarciaz@hotmail.com
77398124,REQUEST_FAILED,,,,,
77398216,deadAbandoned,HO HO JOE,"Dec. 03, 2008",Johnny Bean LLC,,hello@beanstockroasters.com
77398178,REQUEST_FAILED,,,,,
77398191,REQUEST_FAILED,,,,,
77398209,REQUEST_FAILED,,,,,
77398264,REQUEST_FAILED,,,,,
77398273,REQUEST_FAILED,,,,,
77398312,REQUEST_FAILED,,,,,
77398330,REQUEST_FAILED,,,,,
77398611,deadAbandoned,JD,"Dec. 10, 2008","Sheng, Xing Kun",,artstoneusa@hotmail.com
77398372,REQUEST_FAILED,,,,,
77398399,REQUEST_FAILED,,,,,
77398612,REQUEST_FAILED,,,,,
77398685,REQUEST_FAILED,,,,,
77398673,REQUEST_FAILED,,,,,
77398714,REQUEST_FAILED,,,,,
77398783,deadAbandoned,CHINDA,"Dec. 01, 2008",BEYOND TRADING INC.,,info@haciendaaccounting.com
77398725,REQUEST_FAILED,,,,,
77398728,REQUEST_FAILED,,,,,
77398777,REQUEST_FAILED,,,,,
77398607,REQUEST_FAILED,,,,,
77398871,deadAbandoned,PRINT 4 HALF,"Dec. 04, 2008",George Blesson,,mbrown@print4half.com
77398832,REQUEST_FAILED,,,,,
77398849,REQUEST_FAILED,,,,,
77398917,deadAbandoned,NUCLEAR FUEL,"Dec. 05, 2008","Walker, Peter",,pwalkerj@yahoo.com
77398862,REQUEST_FAILED,,,,,
77398875,REQUEST_FAILED,,,,,
77398897,REQUEST_FAILED,,,,,
77398961,deadAbandoned,HOT PROPERTIES,"Dec. 03, 2008","HOT PINK INK MEDIA, S.A.",,briannameighan@gmail.com
77398926,REQUEST_FAILED,,,,,
77398941,REQUEST_FAILED,,,,,
77398948,REQUEST_FAILED,,,,,
77398991,REQUEST_FAILED,,,,,
77399000,REQUEST_FAILED,,,,,
77399030,REQUEST_FAILED,,,,,
77399053,REQUEST_FAILED,,,,,
77399075,REQUEST_FAILED,,,,,
77399118,deadAbandoned,ANNALS OF INTERNATIONAL BUSINESS STUDIES (AIBS),"Dec. 08, 2008","Roubtsova, Raissa N",,RaissaTula@gmail.com
77399088,REQUEST_FAILED,,,,,
77399133,REQUEST_FAILED,,,,,
77399134,deadAbandoned,PLANTUBULAR THE VERTICAL POST PLANTER,"Dec. 04, 2008","Danner,Robert,William",,danner357@yahoo.com
77399191,REQUEST_FAILED,,,,,
77399195,REQUEST_FAILED,,,,,
77399248,deadAbandoned,R R ENLB,"Dec. 06, 2008","Hui, Hanson J",,hanson.j.hui@gmail.com
77399211,REQUEST_FAILED,,,,,
77399220,REQUEST_FAILED,,,,,
77399237,REQUEST_FAILED,,,,,
77399252,REQUEST_FAILED,,,,,
77399291,REQUEST_FAILED,,,,,
77399319,REQUEST_FAILED,,,,,
77399358,REQUEST_FAILED,,,,,
77399397,REQUEST_FAILED,,,,,
77399401,REQUEST_FAILED,,,,,
77399408,REQUEST_FAILED,,,,,
77399461,deadAbandoned,TEW THE ECO WASH,"Dec. 05, 2008","GC&H, LLC",,bubba@bubbaswmc.com
77399519,deadAbandoned,THATZ ME! AS CLOSE TO REAL AS IT GETS!,"Dec. 31, 2008",Salea Corporation,,horse8four@verizon.net
77399466,REQUEST_FAILED,,,,,
77399467,REQUEST_FAILED,,,,,
77399501,REQUEST_FAILED,,,,,
77399498,REQUEST_FAILED,,,,,
77399515,deadAbandoned,DYNAMIC SYMBOLISM,"Dec. 03, 2008","Rayn, Sally",,sally@sallyrayn.com
77399522,REQUEST_FAILED,,,,,
77399529,REQUEST_FAILED,,,,,
77399526,REQUEST_FAILED,,,,,
77399572,deadAbandoned,MIAMI INTERNATIONAL TRIATHLON MIAMI INT'L TRIATHLON MIT,"Dec. 15, 2008",Excel Events & Productions LLC,,events@excel-ep.com
77399556,REQUEST_FAILED,,,,,
77399624,REQUEST_FAILED,,,,,
77399675,deadAbandoned,ARTISTIC ILLUMINATION,"Dec. 02, 2008",Mountain Edison Inc.,,view4umullen@aol.com
77399729,deadAbandoned,ACHIEVER,"Nov. 30, 2008","Moore, Angela J",,angela6165@sbcglobal.net
77399710,REQUEST_FAILED,,,,,
77399761,REQUEST_FAILED,,,,,
77399785,REQUEST_FAILED,,,,,
77399819,deadAbandoned,START YOUR DAY WITH A·MUSE MUSETOONS.COM,"Dec. 01, 2008",Kenneth Davis aka Keni,,arts@keni.com
77399825,REQUEST_FAILED,,,,,
77399827,REQUEST_FAILED,,,,,
77399847,REQUEST_FAILED,,,,,
77399842,REQUEST_FAILED,,,,,
77399849,REQUEST_FAILED,,,,,
77399854,REQUEST_FAILED,,,,,
77399858,REQUEST_FAILED,,,,,
77399871,REQUEST_FAILED,,,,,
77399888,REQUEST_FAILED,,,,,
77399951,REQUEST_FAILED,,,,,
77399961,REQUEST_FAILED,,,,,
77399987,REQUEST_FAILED,,,,,
77400101,REQUEST_FAILED,,,,,
77400127,REQUEST_FAILED,,,,,
77400158,REQUEST_FAILED,,,,,
77400184,REQUEST_FAILED,,,,,
77400193,REQUEST_FAILED,,,,,
77400202,REQUEST_FAILED,,,,,
77400211,REQUEST_FAILED,,,,,
77400293,REQUEST_FAILED,,,,,
77400296,REQUEST_FAILED,,,,,
77400357,REQUEST_FAILED,,,,,
77400363,REQUEST_FAILED,,,,,
77400455,REQUEST_FAILED,,,,,
77400568,REQUEST_FAILED,,,,,
77400806,deadAbandoned,MUTTSTRUTTS,"Dec. 01, 2008",Allison McCracken,,allisonmccracken@hotmail.com
77400873,deadAbandoned,ONCOTARGET,"Dec. 01, 2008","Blagosklonny, Mikhail V.",,blagosklonny@oncotarget.com
77400814,REQUEST_FAILED,,,,,
77400861,REQUEST_FAILED,,,,,
77400824,REQUEST_FAILED,,,,,
77400958,deadAbandoned,WIIMBLEDON,"Dec. 08, 2008",Mangia Technologies,,ferguson.blake@gmail.com
77400931,REQUEST_FAILED,,,,,
77400940,REQUEST_FAILED,,,,,
77400945,REQUEST_FAILED,,,,,
77400930,REQUEST_FAILED,,,,,
77400984,deadAbandoned,APATHY,"Dec. 03, 2008",Tanya Sandler,,my_apathy@yahoo.com
77400998,deadAbandoned,A NIGHT OWL'S TREASURES,"Dec. 03, 2008","A Night Owl's Treasures, Inc.",,evanpelt@san.rr.com
77400988,REQUEST_FAILED,,,,,
77401012,REQUEST_FAILED,,,,,
77401049,REQUEST_FAILED,,,,,
77401063,deadAbandoned,D'ZYNE DESIGN,"Dec. 10, 2008","Snodgrass, David",,dzyne@comcast.net
77401060,REQUEST_FAILED,,,,,
77401076,REQUEST_FAILED,,,,,
77401141,REQUEST_FAILED,,,,,
77401268,REQUEST_FAILED,,,,,
77401288,REQUEST_FAILED,,,,,
77401313,REQUEST_FAILED,,,,,
77401314,REQUEST_FAILED,,,,,
77401317,REQUEST_FAILED,,,,,
77401359,REQUEST_FAILED,,,,,
77401450,REQUEST_FAILED,,,,,
77401487,REQUEST_FAILED,,,,,
77401550,REQUEST_FAILED,,,,,
77401665,deadAbandoned,CHUBBCO,"Nov. 13, 2008","Chubbco, LLC",,jchristy@swfllp.com
77401618,REQUEST_FAILED,,,,,
77401651,REQUEST_FAILED,,,,,
77401719,REQUEST_FAILED,,,,,
77401726,REQUEST_FAILED,,,,,
77401730,REQUEST_FAILED,,,,,
77401774,REQUEST_FAILED,,,,,
77401868,REQUEST_FAILED,,,,,
77401870,REQUEST_FAILED,,,,,
77401986,deadAbandoned,BERZERKER STAK,"Dec. 02, 2008",Next Level Formulations,,tom@thegreenherb.com
77401959,REQUEST_FAILED,,,,,
77402005,REQUEST_FAILED,,,,,
77402055,deadAbandoned,BABYWISH,"Dec. 04, 2008",Lisa M. Gilliam,,lisamgilliam@hotmail.com
77402052,REQUEST_FAILED,,,,,
77402082,REQUEST_FAILED,,,,,
77402131,REQUEST_FAILED,,,,,
77402128,REQUEST_FAILED,,,,,
77402205,deadAbandoned,CARDIO SALSA,"Dec. 10, 2008","Smith, Jamie G.",,webmaster@jorim.com
77402173,REQUEST_FAILED,,,,,
77402181,REQUEST_FAILED,,,,,
77402203,REQUEST_FAILED,,,,,
77402223,deadAbandoned,None,"Dec. 19, 2008","Elianati, Inc.",,Glennm@reflectionman.com
77402390,deadAbandoned,CONTINENTAL POKER CHAMPIONSHIP,"Dec. 07, 2008",Eric John Ulis,,eric@ericulis.com
77402264,REQUEST_FAILED,,,,,
77402349,deadAbandoned,AMAIZE,"Dec. 08, 2008",Make It Like A Chef,,info@makeitlikeachef.com
77402441,deadAbandoned,L TEHOUSE TECHNOLOGY,"Dec. 02, 2008","Litehouse Technology, LLC",,zack.jenks@litehousetech.org
77402339,REQUEST_FAILED,,,,,
77402374,REQUEST_FAILED,,,,,
77402470,deadAbandoned,CACHACA,"Nov. 25, 2008","Premium Cigar Imports, LLC",,premiumcigar@att.net
77402401,REQUEST_FAILED,,,,,
77402537,deadAbandoned,None,"Nov. 10, 2008",United Colors International Limited,,
77402485,REQUEST_FAILED,,,,,
77402507,REQUEST_FAILED,,,,,
77402526,REQUEST_FAILED,,,,,
77402572,REQUEST_FAILED,,,,,
77402665,REQUEST_FAILED,,,,,
77402698,REQUEST_FAILED,,,,,
77402733,REQUEST_FAILED,,,,,
77402830,REQUEST_FAILED,,,,,
77402983,deadAbandoned,BEST IN RISK,"Dec. 04, 2008","Brown Klinger, Stephen A.",,stephen.bk@alum.dartmouth.org
77402985,deadAbandoned,BODYTOPIA,"Dec. 04, 2008",Robert Alpers,,robalpers@aol.com
77402850,REQUEST_FAILED,,,,,
77402898,REQUEST_FAILED,,,,,
77402967,REQUEST_FAILED,,,,,
77403027,REQUEST_FAILED,,,,,
77403101,REQUEST_FAILED,,,,,
77403051,REQUEST_FAILED,,,,,
77403104,REQUEST_FAILED,,,,,
77403126,REQUEST_FAILED,,,,,
77403204,REQUEST_FAILED,,,,,
77403185,REQUEST_FAILED,,,,,
77403212,REQUEST_FAILED,,,,,
77403222,REQUEST_FAILED,,,,,
77403328,deadAbandoned,GREEN MIX ASPHALT,"Dec. 10, 2008",André Désiré Loustau,,aloustau@socal.rr.com
77403315,REQUEST_FAILED,,,,,
77403356,REQUEST_FAILED,,,,,
77403365,REQUEST_FAILED,,,,,
77403406,REQUEST_FAILED,,,,,
77403591,deadAbandoned,CORONADO COMMERCIAL INCOME INVESTMENT PROPERTIES,"Dec. 11, 2008",Coronado Commercial Income Investment Properties,,RGIGLIO@ALEXANDER-PARTNERS.COM
77403437,REQUEST_FAILED,,,,,
77403601,REQUEST_FAILED,,,,,
77403674,REQUEST_FAILED,,,,,
77403659,REQUEST_FAILED,,,,,
77403676,REQUEST_FAILED,,,,,
77403715,REQUEST_FAILED,,,,,
77403694,REQUEST_FAILED,,,,,
77403861,deadAbandoned,ORGANICHEADS,"Dec. 04, 2008",Fujimoto Enterprises LLC,,ERINFUJI22@YAHOO.COM
77403828,deadAbandoned,MONDO DIVINO,"Dec. 12, 2008",Viejo Corp,,gabriela_arzola@hotmail.com
77403896,deadAbandoned,FI FACE IT SKINCARE,"Dec. 05, 2008","Gallo, Allison",,allison.gallo@gmail.com
77403996,deadAbandoned,XOOS,"Oct. 24, 2008",Les Agents de St Barth,,wies.jph@wanadoo.fr
77403852,REQUEST_FAILED,,,,,
77403909,REQUEST_FAILED,,,,,
77403992,REQUEST_FAILED,,,,,
77403974,REQUEST_FAILED,,,,,
77403998,deadAbandoned,WOWSTEAMER,"Aug. 08, 2008","Kerson, Stephen H",,kerson@sbcglobal.net
77404081,REQUEST_FAILED,,,,,
77404144,REQUEST_FAILED,,,,,
77404299,deadAbandoned,SUN OF RIGHTEOUSNESS I AM ABEL TO GIVE GOD MY BEST OFFERING,"Dec. 05, 2008","New Hope Publishing House, Inc.",,nhph@cbi.mgacoxmail.com
77404201,REQUEST_FAILED,,,,,
77404237,REQUEST_FAILED,,,,,
77404247,deadAbandoned,ORGANICHEADS,"Dec. 04, 2008",Fujimoto Enterprises LLC,,ERINFUJI22@YAHOO.COM
77404383,REQUEST_FAILED,,,,,
77404468,deadAbandoned,LIQUIFAN SYSTEM,"Dec. 05, 2008","D'Vine Products, LLC",,dvineproducts777@yahoo.com
77404444,REQUEST_FAILED,,,,,
77404459,REQUEST_FAILED,,,,,
77404464,REQUEST_FAILED,,,,,
77404519,deadAbandoned,7107,"Dec. 11, 2008","GLODO, GLEN",,The7107clothing@yahoo.com
77404498,REQUEST_FAILED,,,,,
77404502,REQUEST_FAILED,,,,,
77404517,REQUEST_FAILED,,,,,
77404525,REQUEST_FAILED,,,,,
77404529,REQUEST_FAILED,,,,,
77404551,REQUEST_FAILED,,,,,
77404556,REQUEST_FAILED,,,,,
77404564,REQUEST_FAILED,,,,,
77404567,REQUEST_FAILED,,,,,
77404570,REQUEST_FAILED,,,,,
77404634,deadAbandoned,TREASURE HUNTER'S GUIDE TO,"Dec. 06, 2008",Hamilton New Media,,bmyers@bmyers.com
77404592,REQUEST_FAILED,,,,,
77404596,REQUEST_FAILED,,,,,
77404608,REQUEST_FAILED,,,,,
77404611,REQUEST_FAILED,,,,,
77404679,deadAbandoned,CUSTOM PRESS RELEASE,"Dec. 16, 2008","Rufus Space Industries, INC.",,TalkToClark@gmail.com
77404671,deadAbandoned,LITTLE BLACK BOOK,"Dec. 05, 2008","olson, kierstin",,info@littleblkbook.com
77404640,deadAbandoned,SWEET VEGAN,"Dec. 05, 2008","Bristol, Ainsley",,ap842@nyu.edu
77404661,REQUEST_FAILED,,,,,
77404668,REQUEST_FAILED,,,,,
77404720,REQUEST_FAILED,,,,,
77404808,deadAbandoned,ASTROS D´ DGO,"Dec. 15, 2008","SAUCEDO MARTINEZ, MIGUEL ANGEL",,miguelsaucedom@hotmail.com
77404680,REQUEST_FAILED,,,,,
77404748,REQUEST_FAILED,,,,,
77404844,REQUEST_FAILED,,,,,
77404967,REQUEST_FAILED,,,,,
77404878,REQUEST_FAILED,,,,,
77405076,REQUEST_FAILED,,,,,
77405283,REQUEST_FAILED,,,,,
77405205,REQUEST_FAILED,,,,,
77405284,REQUEST_FAILED,,,,,
77405311,REQUEST_FAILED,,,,,
77405627,deadAbandoned,CROOKED UNIFORM,"Dec. 05, 2008",Kieran Walsh,,boss@crookeduniform.com
77405416,REQUEST_FAILED,,,,,
77405487,REQUEST_FAILED,,,,,
77405461,REQUEST_FAILED,,,,,
77405654,REQUEST_FAILED,,,,,
77405691,REQUEST_FAILED,,,,,
77405697,REQUEST_FAILED,,,,,
77405698,REQUEST_FAILED,,,,,
77405716,REQUEST_FAILED,,,,,
77405753,REQUEST_FAILED,,,,,
77405798,REQUEST_FAILED,,,,,
77405792,REQUEST_FAILED,,,,,
77405807,REQUEST_FAILED,,,,,
77405814,REQUEST_FAILED,,,,,
77405915,REQUEST_FAILED,,,,,
77405924,REQUEST_FAILED,,,,,
77405965,REQUEST_FAILED,,,,,
77406096,REQUEST_FAILED,,,,,
77406142,REQUEST_FAILED,,,,,
77406163,REQUEST_FAILED,,,,,
77406257,REQUEST_FAILED,,,,,
77406235,REQUEST_FAILED,,,,,
77406272,REQUEST_FAILED,,,,,
77406356,REQUEST_FAILED,,,,,
77406465,deadAbandoned,OXE,"Dec. 18, 2008","Datamaxx Applied Technologies, Inc.",,marketing@datamaxx.com
77406410,REQUEST_FAILED,,,,,
77406433,REQUEST_FAILED,,,,,
77406411,REQUEST_FAILED,,,,,
77406457,REQUEST_FAILED,,,,,
77406523,REQUEST_FAILED,,,,,
77406573,REQUEST_FAILED,,,,,
77406536,REQUEST_FAILED,,,,,
77406539,REQUEST_FAILED,,,,,
77406685,deadAbandoned,ASCENSION PARIS,"Dec. 09, 2008",ASCENSION LINGERIE & SWIMSUIT LLC,,contact@ascension-usa.com
77406600,REQUEST_FAILED,,,,,
77406647,REQUEST_FAILED,,,,,
77406657,REQUEST_FAILED,,,,,
77406747,REQUEST_FAILED,,,,,
77406765,REQUEST_FAILED,,,,,
77406884,deadAbandoned,CUSHION DESIGNER,"Dec. 08, 2008","CUSHION.COM, INC.",,daryl@taxesbycis.com
77406826,REQUEST_FAILED,,,,,
77406936,REQUEST_FAILED,,,,,
77406952,REQUEST_FAILED,,,,,
77406956,REQUEST_FAILED,,,,,
77406975,REQUEST_FAILED,,,,,
77407242,REQUEST_FAILED,,,,,
77407249,REQUEST_FAILED,,,,,
77407406,deadAbandoned,ENGAGEMENT GUESTBOOK,"Dec. 21, 2008","Studio1923, LLC",,jerome@studio1923.com
77407259,REQUEST_FAILED,,,,,
77407364,REQUEST_FAILED,,,,,
77407387,REQUEST_FAILED,,,,,
77407421,REQUEST_FAILED,,,,,
77407393,REQUEST_FAILED,,,,,
77407495,deadAbandoned,ULTRAFIT ATHLETE,"Dec. 10, 2008","Sulak, Joe",,joe@peakfitnessnow.com
77407581,deadAbandoned,ISOPATENT,"Dec. 31, 2008",David E. Rogers,,
77407448,REQUEST_FAILED,,,,,
77407551,deadAbandoned,BLUE OCEAN PORTFOLIOS,"Dec. 15, 2008","Huntleigh Capital Management, Inc.",,angie@longrow.com
77407650,REQUEST_FAILED,,,,,
77407568,REQUEST_FAILED,,,,,
77407697,REQUEST_FAILED,,,,,
77407743,REQUEST_FAILED,,,,,
77407769,REQUEST_FAILED,,,,,
77407772,REQUEST_FAILED,,,,,
77407773,REQUEST_FAILED,,,,,
77407864,deadAbandoned,BLACK DAWG DOWN,"Dec. 07, 2008","Connolly, Kenneth P.",,douglas@pathology.ufl.edu
77407870,deadAbandoned,MEDPLANTS,"Dec. 08, 2008",MEDICAL RESEARCH PLANTS OF MEXICO S.A. DE C.V.,,mrpom@prodigy.net.mx
77407804,REQUEST_FAILED,,,,,
77407844,REQUEST_FAILED,,,,,
77407868,REQUEST_FAILED,,,,,
77407947,REQUEST_FAILED,,,,,
77408001,REQUEST_FAILED,,,,,
77408002,REQUEST_FAILED,,,,,
77408003,REQUEST_FAILED,,,,,
77408085,deadAbandoned,CLEAN CUT BARBERSHOP,"Dec. 16, 2008",clean cut barbershop,,aphinizy@carolina.rr.com
77408019,REQUEST_FAILED,,,,,
77408020,REQUEST_FAILED,,,,,
77408029,REQUEST_FAILED,,,,,
77408091,REQUEST_FAILED,,,,,
77408104,REQUEST_FAILED,,,,,
77408117,REQUEST_FAILED,,,,,
77408302,deadAbandoned,WORKPLACE HR & SAFETY,"Oct. 20, 2008","Douglas Publications, LLC",,lbublitz@douglaspublications.com
77408165,REQUEST_FAILED,,,,,
77408221,REQUEST_FAILED,,,,,
77408326,deadAbandoned,POLE FITNESS DANCE STUDIO,"Dec. 11, 2008",Susan Hilferty,,sphilferty@yahoo.com
77408290,REQUEST_FAILED,,,,,
77408305,REQUEST_FAILED,,,,,
77408394,REQUEST_FAILED,,,,,
77408355,REQUEST_FAILED,,,,,
77408415,deadAbandoned,"""JUST 3 EASY STEPS""","Dec. 12, 2008","My Complete Case, Inc.",,suesamuels@mycompletecase.com
77408426,REQUEST_FAILED,,,,,
77408600,deadAbandoned,TRULY A REAL WORK OF ART,"Dec. 10, 2008",HERRERA ELENA,,cramirez@uribeyasociados.com
77408583,deadAbandoned,SECURITY WITH A PERSONAL TOUCH,"Dec. 13, 2008",INTELLI-TEC SECURITY SERVICES INC.,,
77408466,REQUEST_FAILED,,,,,
77408473,REQUEST_FAILED,,,,,
77408581,REQUEST_FAILED,,,,,
77408602,REQUEST_FAILED,,,,,
77408697,deadAbandoned,MIAMI GRILLE,"Dec. 11, 2008","Edifice Financial Group, Inc.",,
77408640,REQUEST_FAILED,,,,,
77408801,deadAbandoned,EAUVOLUTION,"Dec. 14, 2008",Eauvolution Ltd,,fiona.mcsharry@eauvolution.com
77408644,REQUEST_FAILED,,,,,
77408740,REQUEST_FAILED,,,,,
77408770,REQUEST_FAILED,,,,,
77408921,deadAbandoned,GRL,"Dec. 11, 2008",Bear-Ink Corporation,,barry@bear-ink.com
77408832,REQUEST_FAILED,,,,,
77408834,REQUEST_FAILED,,,,,
77408876,REQUEST_FAILED,,,,,
77409052,deadAbandoned,LUCKY COUTURE,"Dec. 23, 2008","Starr, Michael",,mstarr@toostars.com
77408948,REQUEST_FAILED,,,,,
77409020,REQUEST_FAILED,,,,,
77409041,REQUEST_FAILED,,,,,
77409069,REQUEST_FAILED,,,,,
77409124,REQUEST_FAILED,,,,,
77409126,REQUEST_FAILED,,,,,
77409243,REQUEST_FAILED,,,,,
77409286,REQUEST_FAILED,,,,,
77409356,deadAbandoned,PARLE AGRO,"Dec. 12, 2008",PARLE AGRO,,ami.budhdev@parleagro.com
77409320,REQUEST_FAILED,,,,,
77409334,REQUEST_FAILED,,,,,
77409527,deadAbandoned,PARK PLACE CARS,"Dec. 20, 2008",AE Universal Auto,,parkplacecars@sbcglobal.net
77409343,REQUEST_FAILED,,,,,
77409352,REQUEST_FAILED,,,,,
77409640,REQUEST_FAILED,,,,,
77409643,REQUEST_FAILED,,,,,
77409666,REQUEST_FAILED,,,,,
77409672,REQUEST_FAILED,,,,,
77409751,REQUEST_FAILED,,,,,
77409767,REQUEST_FAILED,,,,,
77409780,REQUEST_FAILED,,,,,
77409828,deadAbandoned,POLY ELECTRET,"Dec. 02, 2008",Telebrands Corp.,,pdmurray@cooperdunham.com
77409902,deadAbandoned,FLAT FRAME,"Dec. 11, 2008",Thunstedt Todd O.,,thundermarkart@yahoo.com
77409838,REQUEST_FAILED,,,,,
77409884,REQUEST_FAILED,,,,,
77409914,REQUEST_FAILED,,,,,
77409925,REQUEST_FAILED,,,,,
77410222,deadAbandoned,CITIGREEN,"Dec. 19, 2008","CitiGreen Lending, LLC",,info@citigreenlending.com
77409970,REQUEST_FAILED,,,,,
77410110,REQUEST_FAILED,,,,,
77410193,REQUEST_FAILED,,,,,
77410200,REQUEST_FAILED,,,,,
77410337,deadAbandoned,"HEUER, M.D.","Dec. 16, 2008","Heuer, Marvin, A",,kcheng@feynx.com
77410282,deadAbandoned,ATTENDEE RELATIONSHIP MANAGEMENT SOLUTION,"Dec. 12, 2008","Event Innovation, Inc.",,
77410303,REQUEST_FAILED,,,,,
77410306,REQUEST_FAILED,,,,,
77410330,REQUEST_FAILED,,,,,
77410352,REQUEST_FAILED,,,,,
77410367,REQUEST_FAILED,,,,,
77410405,REQUEST_FAILED,,,,,
77410493,deadAbandoned,MALECODA,"Oct. 24, 2008",Matthew J. McGrath,,cryptionofone@gmail.com
77410429,REQUEST_FAILED,,,,,
77410449,REQUEST_FAILED,,,,,
77410496,deadAbandoned,SWOGGLE,"Dec. 11, 2008",Hornswoggle Games Inc.,,chriswindsor1@gmail.com
77410435,REQUEST_FAILED,,,,,
77410452,REQUEST_FAILED,,,,,
77410484,REQUEST_FAILED,,,,,
77410494,REQUEST_FAILED,,,,,
77410524,REQUEST_FAILED,,,,,
77410531,REQUEST_FAILED,,,,,
77410552,REQUEST_FAILED,,,,,
77410565,REQUEST_FAILED,,,,,
77410570,REQUEST_FAILED,,,,,
77410582,REQUEST_FAILED,,,,,
77410583,REQUEST_FAILED,,,,,
77410584,REQUEST_FAILED,,,,,
77410613,deadAbandoned,FACECAST,"Dec. 19, 2008","Andosca, John P.",,john@jpaentertainment.com
77410593,REQUEST_FAILED,,,,,
77410652,deadAbandoned,NATIONAL LEARNING CENTER,"Dec. 19, 2008","Mazzuca Jr., Anthony R",,
77410662,REQUEST_FAILED,,,,,
77410663,REQUEST_FAILED,,,,,
77410678,deadAbandoned,SHARESTONE,"Dec. 15, 2008",SHARESTONE LLC,,sharestone@live.com
77410668,REQUEST_FAILED,,,,,
77410669,REQUEST_FAILED,,,,,
77410686,deadAbandoned,AROMAPUTTY,"Dec. 12, 2008","KMN Locations, L.L.C.",,kmnlocations@gmail.com
77410712,deadAbandoned,FATHEAD,"Dec. 16, 2008","MENCANIN, STEVE",,stevem@fatheadworld.com
77410677,REQUEST_FAILED,,,,,
77410701,REQUEST_FAILED,,,,,
77410723,REQUEST_FAILED,,,,,
77410636,REQUEST_FAILED,,,,,
77410763,deadAbandoned,TOP DOG BAKER,"Dec. 04, 2008","Laney, Cammie M.",,info@topdogbaker.com
77410771,REQUEST_FAILED,,,,,
77410773,REQUEST_FAILED,,,,,
77410807,REQUEST_FAILED,,,,,
77410860,deadAbandoned,PARLE AGRO FROOTI COOL MANGO COOL MANGO DRINK 200 ML BOISSON FRAICHE DE MANGUE 6.75 FL. OZ.,"Dec. 15, 2008",PARLE AGRO PVT.LTD,,ami.budhdev@parleagro.com
77410836,REQUEST_FAILED,,,,,
77410845,REQUEST_FAILED,,,,,
77410908,REQUEST_FAILED,,,,,
77410983,REQUEST_FAILED,,,,,
77411011,REQUEST_FAILED,,,,,
77411034,deadAbandoned,DELETTREZ,"Dec. 15, 2008",AZURE,,jfkarpiel@wanadoo.fr
77411017,REQUEST_FAILED,,,,,
77411022,REQUEST_FAILED,,,,,
77411036,REQUEST_FAILED,,,,,
77411038,REQUEST_FAILED,,,,,
77411055,REQUEST_FAILED,,,,,
77411058,REQUEST_FAILED,,,,,
77411071,REQUEST_FAILED,,,,,
77411074,REQUEST_FAILED,,,,,
77411129,REQUEST_FAILED,,,,,
77411145,REQUEST_FAILED,,,,,
77411162,REQUEST_FAILED,,,,,
77411184,REQUEST_FAILED,,,,,
77411213,REQUEST_FAILED,,,,,
77411232,REQUEST_FAILED,,,,,
77411243,REQUEST_FAILED,,,,,
77411240,REQUEST_FAILED,,,,,
77411330,REQUEST_FAILED,,,,,
77411461,deadAbandoned,EMPLOYERS COUNCIL ON FLEXIBLE COMPENSATION,"Sep. 15, 2008","Employers Council on Flexible Compensation, Ltd.",,hawks@starpower.net
77411343,REQUEST_FAILED,,,,,
77411352,REQUEST_FAILED,,,,,
77411538,REQUEST_FAILED,,,,,
77411516,REQUEST_FAILED,,,,,
77411595,REQUEST_FAILED,,,,,
77411696,deadAbandoned,VEGETABLY-CHALLENGED,"Dec. 12, 2008",John D. Anderson,,john@fulltankfoods.com
77411686,REQUEST_FAILED,,,,,
77411702,REQUEST_FAILED,,,,,
77411865,deadAbandoned,IT'S TIME TO TAKE BACK YOUR LIFE,"Dec. 13, 2008",Morgan Drexen,,
77411776,REQUEST_FAILED,,,,,
77411870,deadAbandoned,TECHDOCS,"Dec. 12, 2008","Fiacan, Robert",,rmf@nycmail.com
77411825,REQUEST_FAILED,,,,,
77411837,REQUEST_FAILED,,,,,
77411844,REQUEST_FAILED,,,,,
77411912,REQUEST_FAILED,,,,,
77411914,REQUEST_FAILED,,,,,
77411922,REQUEST_FAILED,,,,,
77411934,REQUEST_FAILED,,,,,
77411938,REQUEST_FAILED,,,,,
77411944,REQUEST_FAILED,,,,,
77411949,REQUEST_FAILED,,,,,
77412004,deadAbandoned,B B.UNIQUE&COMPANY,"Dec. 12, 2008","Brown, Courtney",,
77411971,REQUEST_FAILED,,,,,
77411972,REQUEST_FAILED,,,,,
77411983,deadAbandoned,SILENT MOUNTAIN PHOTOGRAPHY,"Dec. 12, 2008","lundberg, benjamin j",,benjamin_lundberg@hotmail.com
77411979,REQUEST_FAILED,,,,,
77412055,deadAbandoned,HELEN'S HIGHWAY TO HELL HOT SAUCE,"Dec. 20, 2008",Helen's Hot Sauce Co. LLC,,hbreyan@comcast.net
77412016,REQUEST_FAILED,,,,,
77412057,deadAbandoned,BEST FRIEND NATURAL,"Dec. 22, 2008","Heller, Jonathan Martin",,sssgoodrich@gmail.com
77412114,deadAbandoned,ECFC,"Sep. 15, 2008","Employers Council on Flexible Compensation, Ltd.",,hawks@starpower.net
77412084,REQUEST_FAILED,,,,,
77412196,REQUEST_FAILED,,,,,
77412504,deadAbandoned,WRINKLE CONTROL,"Dec. 16, 2008","Heuer, Marvin A.",,kcheng@feynx.com
77412477,deadAbandoned,HIGH SCHOOL FOOTBALL LEAGUE,"Dec. 22, 2008","Foust, Brian R",,brfoust@yahoo.com
77412511,deadAbandoned,TARGASAURUS COLLECTION,"Jul. 30, 2008","Pederson, William",,
77412515,deadAbandoned,EVANSTATE,"Dec. 16, 2008",Samuel R Gattin,,tamara@congofp.com
77412326,REQUEST_FAILED,,,,,
77412613,deadAbandoned,HIGH SCHOOL FOOTBALL LEAGUE,"Dec. 20, 2008","Foust, Brian R",,brfoust@yahoo.com
77412343,REQUEST_FAILED,,,,,
77412384,REQUEST_FAILED,,,,,
77412565,REQUEST_FAILED,,,,,
77412674,deadAbandoned,HIGH SCHOOL FOOTBALL LEAGUE,"Dec. 22, 2008","Foust, Brian R",,brfoust@yahoo.com
77412590,REQUEST_FAILED,,,,,
77412903,REQUEST_FAILED,,,,,
77413035,deadAbandoned,RAINBOW PICTURES,"Dec. 10, 2008",Rainbow Pictures,,info@rainbowproductionsinc.com
77412910,REQUEST_FAILED,,,,,
77412916,REQUEST_FAILED,,,,,
77413024,REQUEST_FAILED,,,,,
77413036,REQUEST_FAILED,,,,,
77413060,REQUEST_FAILED,,,,,
77413078,REQUEST_FAILED,,,,,
77413106,REQUEST_FAILED,,,,,
77413126,REQUEST_FAILED,,,,,
77413131,REQUEST_FAILED,,,,,
77413133,REQUEST_FAILED,,,,,
77413137,REQUEST_FAILED,,,,,
77413139,REQUEST_FAILED,,,,,
77413195,deadAbandoned,ZM,"Dec. 17, 2008",HAIYAN FASTENER FACTORY,,evergreen1103@gmail.com
77413155,REQUEST_FAILED,,,,,
77413183,REQUEST_FAILED,,,,,
77413168,REQUEST_FAILED,,,,,
77413197,REQUEST_FAILED,,,,,
77413215,REQUEST_FAILED,,,,,
77413267,REQUEST_FAILED,,,,,
77413269,REQUEST_FAILED,,,,,
77413355,deadAbandoned,FORECLOSURE BUS TOURS,"Dec. 18, 2008","Townsend, Rodney",,mrpropertyonline@gmail.com
77413398,deadAbandoned,AMERICAN SCRAPPER,"Dec. 19, 2008","Winchell, Donald L",,donwinchel@aol.com
77413307,REQUEST_FAILED,,,,,
77413323,REQUEST_FAILED,,,,,
77413342,REQUEST_FAILED,,,,,
77413400,REQUEST_FAILED,,,,,
77413699,deadAbandoned,SEE YOU ON SHABBOS,"Dec. 14, 2008",Vharevnu.Org Research Foundation,,isaac@incbypro.com
77413526,REQUEST_FAILED,,,,,
77413533,REQUEST_FAILED,,,,,
77413779,deadAbandoned,"BUILDRBIDS.COM 'THEY BID, YOU SAVE'","Dec. 16, 2008",buildrbids.com llc,,len@buildrbids.com
77413615,REQUEST_FAILED,,,,,
77413839,REQUEST_FAILED,,,,,
77413784,REQUEST_FAILED,,,,,
77413937,deadAbandoned,VISITOSLO.INFO,"Dec. 19, 2008","Vindheim, Martin",,martin@vindheim.com
77413848,REQUEST_FAILED,,,,,
77413959,REQUEST_FAILED,,,,,
77414011,REQUEST_FAILED,,,,,
77414018,REQUEST_FAILED,,,,,
77414071,REQUEST_FAILED,,,,,
77414085,REQUEST_FAILED,,,,,
77414102,REQUEST_FAILED,,,,,
77414106,REQUEST_FAILED,,,,,
77414132,REQUEST_FAILED,,,,,
77414142,REQUEST_FAILED,,,,,
77414262,REQUEST_FAILED,,,,,
77414270,REQUEST_FAILED,,,,,
77414288,REQUEST_FAILED,,,,,
77414298,REQUEST_FAILED,,,,,
77414402,deadAbandoned,AIRSHIFT,"Dec. 18, 2008",Airshift Media Ltd,,timo@airshift.tv
77414315,REQUEST_FAILED,,,,,
77414484,deadAbandoned,KRIKITZ,"Dec. 24, 2008",Candice V Tuccinard,,imbu@townisp.com
77414375,REQUEST_FAILED,,,,,
77414395,REQUEST_FAILED,,,,,
77414507,deadAbandoned,None,"Dec. 18, 2008",Russo Michael J.,,racelabferramenta@yahoo.ca
77414411,REQUEST_FAILED,,,,,
77414422,REQUEST_FAILED,,,,,
77414514,REQUEST_FAILED,,,,,
77414511,REQUEST_FAILED,,,,,
77414562,REQUEST_FAILED,,,,,
77414645,deadAbandoned,PUG TAILS,"Dec. 17, 2008","Hofmeister, Roland",,Rolandlh@msn.com
77414593,REQUEST_FAILED,,,,,
77414596,REQUEST_FAILED,,,,,
77414681,REQUEST_FAILED,,,,,
77414708,REQUEST_FAILED,,,,,
77414733,REQUEST_FAILED,,,,,
77414775,REQUEST_FAILED,,,,,
77414926,REQUEST_FAILED,,,,,
77414995,deadAbandoned,USELESS WOODEN TOYS,"Dec. 17, 2008","Artsprojekt International, Ltd.",,andy.howell@artsprojekt.com
77414982,REQUEST_FAILED,,,,,
77414975,REQUEST_FAILED,,,,,
77415146,deadAbandoned,COZCOZ,"Dec. 17, 2008","Tops Apparel Co., Ltd.",,
77415114,REQUEST_FAILED,,,,,
77415203,REQUEST_FAILED,,,,,
77415225,REQUEST_FAILED,,,,,
77415275,REQUEST_FAILED,,,,,
77415330,REQUEST_FAILED,,,,,
77415360,deadAbandoned,THE OLD SCHOOL BIKER,"Dec. 17, 2008",John Swider,,oldschoolbikerts@cox.net
77415356,REQUEST_FAILED,,,,,
77415364,REQUEST_FAILED,,,,,
77415578,deadAbandoned,DOMAINE DE LE RASMUS,"Dec. 20, 2008",Le Roi Red Hill Estate LLC,,aboutwrite@yahoo.com
77415537,REQUEST_FAILED,,,,,
77415572,REQUEST_FAILED,,,,,
77415598,REQUEST_FAILED,,,,,
77415606,REQUEST_FAILED,,,,,
77415643,REQUEST_FAILED,,,,,
77415659,REQUEST_FAILED,,,,,
77415720,REQUEST_FAILED,,,,,
77415725,REQUEST_FAILED,,,,,
77415727,REQUEST_FAILED,,,,,
77415729,REQUEST_FAILED,,,,,
77415730,REQUEST_FAILED,,,,,
77415784,REQUEST_FAILED,,,,,
77415824,REQUEST_FAILED,,,,,
77415827,REQUEST_FAILED,,,,,
77415895,REQUEST_FAILED,,,,,
77416005,deadAbandoned,BOW&ARROW,"Dec. 22, 2008",Colin H Werner,,colwerner@hotmail.com
77415908,REQUEST_FAILED,,,,,
77416004,REQUEST_FAILED,,,,,
77415970,REQUEST_FAILED,,,,,
77415969,REQUEST_FAILED,,,,,
77416024,REQUEST_FAILED,,,,,
77416130,REQUEST_FAILED,,,,,
77416235,REQUEST_FAILED,,,,,
77416275,REQUEST_FAILED,,,,,
77416469,deadAbandoned,GET-A-GRIP,"Dec. 18, 2008","International Edge, Inc.",,pdmurray@cooperdunham.com
77416468,deadAbandoned,T1,"Dec. 18, 2008","nunatak development, llc",,
77416404,REQUEST_FAILED,,,,,
77416361,REQUEST_FAILED,,,,,
77416440,REQUEST_FAILED,,,,,
77416459,REQUEST_FAILED,,,,,
77416490,REQUEST_FAILED,,,,,
77416508,REQUEST_FAILED,,,,,
77416516,REQUEST_FAILED,,,,,
77416569,REQUEST_FAILED,,,,,
77416697,REQUEST_FAILED,,,,,
77416709,REQUEST_FAILED,,,,,
77416670,REQUEST_FAILED,,,,,
77416774,REQUEST_FAILED,,,,,
77416799,REQUEST_FAILED,,,,,
77416808,REQUEST_FAILED,,,,,
77416877,deadAbandoned,E EXTENSION MARKETING GROUP,"Dec. 29, 2008","Extension Marketing Group, LLC",,info@extensionmarketinggroup.com
77416823,REQUEST_FAILED,,,,,
77416871,deadAbandoned,NATURAL ELEMENTS,"Dec. 18, 2008",FBD LLC,,fbd-llc@cox.net
77416863,REQUEST_FAILED,,,,,
77416875,REQUEST_FAILED,,,,,
77416917,REQUEST_FAILED,,,,,
77416918,REQUEST_FAILED,,,,,
77416922,REQUEST_FAILED,,,,,
77416925,REQUEST_FAILED,,,,,
77416926,REQUEST_FAILED,,,,,
77416928,REQUEST_FAILED,,,,,
77416947,REQUEST_FAILED,,,,,
77416954,REQUEST_FAILED,,,,,
77416995,REQUEST_FAILED,,,,,
77417019,deadAbandoned,MANAGED PMO,"Dec. 24, 2008","Molenkamp, Henk-Jan",,h.molenkamp@thepmocompany.com
77416996,REQUEST_FAILED,,,,,
77417027,deadAbandoned,BIOBLOCK,"Dec. 18, 2008",Recigno Laboratories Inc.,,darecigno@aol.com
77417007,REQUEST_FAILED,,,,,
77417012,REQUEST_FAILED,,,,,
77417022,REQUEST_FAILED,,,,,
77417024,REQUEST_FAILED,,,,,
77417035,REQUEST_FAILED,,,,,
77417111,deadAbandoned,TRAIN HARD,"Dec. 22, 2008",DeNicola Chris,,e-hacker@cox.net
77417100,REQUEST_FAILED,,,,,
77417102,REQUEST_FAILED,,,,,
77417103,REQUEST_FAILED,,,,,
77417162,deadAbandoned,THE WAY LATE SHOW WITH SPIKE DAVIS,"Dec. 29, 2008","EDDINGS, WAYMEN D.",,WAYLATE@HOTMAIL.COM
77417124,REQUEST_FAILED,,,,,
77417178,REQUEST_FAILED,,,,,
77417184,REQUEST_FAILED,,,,,
77417203,REQUEST_FAILED,,,,,
77417321,REQUEST_FAILED,,,,,
77417290,REQUEST_FAILED,,,,,
77417367,REQUEST_FAILED,,,,,
77417400,REQUEST_FAILED,,,,,
77417504,REQUEST_FAILED,,,,,
77417506,REQUEST_FAILED,,,,,
77417535,REQUEST_FAILED,,,,,
77417577,REQUEST_FAILED,,,,,
77417570,REQUEST_FAILED,,,,,
77417578,REQUEST_FAILED,,,,,
77417592,REQUEST_FAILED,,,,,
77417622,REQUEST_FAILED,,,,,
77417714,REQUEST_FAILED,,,,,
77417890,deadAbandoned,METROLEASER.COM,"Dec. 21, 2008",Semper Bison,,lmcneil@metroleaser.com
77417800,deadAbandoned,W2K BUG,"Dec. 29, 2008",U'VE BEEN TOUCHED,,uvebe@uvebeentouched.com
77417945,deadAbandoned,RARE BLEND,"Dec. 31, 2008","Doan, Quan",,quand2@gmail.com
77417873,REQUEST_FAILED,,,,,
77417910,REQUEST_FAILED,,,,,
77417916,REQUEST_FAILED,,,,,
77418009,REQUEST_FAILED,,,,,
77418049,REQUEST_FAILED,,,,,
77418039,REQUEST_FAILED,,,,,
77418057,REQUEST_FAILED,,,,,
77418074,REQUEST_FAILED,,,,,
77418253,deadAbandoned,LENSES R FREE,"Dec. 29, 2008","Stables, Paul J",,pjstables@yahoo.com
77418247,deadAbandoned,FRAMES R FREE,"Dec. 29, 2008","Stables, Paul J",,pjstables@yahoo.com
77418136,REQUEST_FAILED,,,,,
77418185,REQUEST_FAILED,,,,,
77418277,deadAbandoned,POLARVUE,"Dec. 29, 2008","Stables, Paul J",,pjstables@yahoo.com
77418274,REQUEST_FAILED,,,,,
77418271,REQUEST_FAILED,,,,,
77418283,REQUEST_FAILED,,,,,
77418362,REQUEST_FAILED,,,,,
77418403,REQUEST_FAILED,,,,,
77418411,REQUEST_FAILED,,,,,
77418424,REQUEST_FAILED,,,,,
77418421,REQUEST_FAILED,,,,,
77418431,REQUEST_FAILED,,,,,
77418526,deadAbandoned,CUSTOMER FACING SOLUTIONS,"Dec. 24, 2008",IBM Canada,,hickey@ca.ibm.com
77418444,REQUEST_FAILED,,,,,
77418477,deadAbandoned,ENTERPRISE RESOURCE MANAGEMENT,"Dec. 22, 2008",Vizuall Inc,,rlegow@scheduall.com
77418519,REQUEST_FAILED,,,,,
77418535,REQUEST_FAILED,,,,,
77418545,REQUEST_FAILED,,,,,
77418553,REQUEST_FAILED,,,,,
77418613,deadAbandoned,SMOOTHCOAT,"Dec. 11, 2008",Cal Bewicke,,mail@transatlantic7.com
77418604,REQUEST_FAILED,,,,,
77418649,REQUEST_FAILED,,,,,
77418664,REQUEST_FAILED,,,,,
77418794,REQUEST_FAILED,,,,,
77418798,REQUEST_FAILED,,,,,
77418957,deadAbandoned,WILHELM KLIER,"Dec. 19, 2008","Eastman Strings, Inc.",,sragusa@eastmanstrings.com
77418913,REQUEST_FAILED,,,,,
77418922,deadAbandoned,"INTERNATIONAL PAYMENT GROUP, INC.","Dec. 29, 2008","International Payment Group, Inc.",,cliff@paymentgroup.com
77418905,REQUEST_FAILED,,,,,
77418925,REQUEST_FAILED,,,,,
77418960,REQUEST_FAILED,,,,,
77419122,deadAbandoned,THE UNLUCKY 13 IN SIN CITY,"Dec. 22, 2008",Kenneth R Tuttle,,theunl13sincity@live.com
77419041,REQUEST_FAILED,,,,,
77419061,REQUEST_FAILED,,,,,
77419123,REQUEST_FAILED,,,,,
77419244,REQUEST_FAILED,,,,,
77419264,REQUEST_FAILED,,,,,
77419305,REQUEST_FAILED,,,,,
77419314,REQUEST_FAILED,,,,,
77419315,REQUEST_FAILED,,,,,
77419365,REQUEST_FAILED,,,,,
77419393,REQUEST_FAILED,,,,,
77419476,deadAbandoned,NUTRILOG NUTRITION ASSISTANT,"Dec. 26, 2008",NUTRILOG SAS,,andrew@ecovortx.com
77419463,REQUEST_FAILED,,,,,
77419420,REQUEST_FAILED,,,,,
77419475,REQUEST_FAILED,,,,,
77419491,deadAbandoned,NUTRISVELT,"Dec. 24, 2008",SARL CEMACOM,,andrew@ecovortx.com
77419478,REQUEST_FAILED,,,,,
77419674,deadAbandoned,ROADS LESS TRAVELED,"Dec. 15, 2008",Christopher E. Smith,,cesmith5@gmail.com
77419577,REQUEST_FAILED,,,,,
77419692,deadAbandoned,WISE INVESTING,"Dec. 29, 2008","Rahman, Jamal J",,wiseinvesting@live.com
77419590,REQUEST_FAILED,,,,,
77419723,deadAbandoned,401 CONNECT,"Dec. 21, 2008","Bay Colony Partners, LLC.",,bauditore@baycolonypartners.com
77419740,deadAbandoned,MAXIMUM TOTALLY RIMLESS,"Dec. 23, 2008",The McGee Group,,pmeason@mcgeegroup.com
77419702,REQUEST_FAILED,,,,,
77419737,REQUEST_FAILED,,,,,
77419779,REQUEST_FAILED,,,,,
77420070,deadAbandoned,CAPTAIN ELECTRIC,"Dec. 22, 2008","Graves, Norman",,bngraves@yahoo.com
77419947,REQUEST_FAILED,,,,,
77420282,deadAbandoned,GOURMET SPEED EXCEPTIONAL COFFEE G S,"Dec. 27, 2008",Baruch A. Card,,baruchcard@hotmail.com
77420086,REQUEST_FAILED,,,,,
77420214,REQUEST_FAILED,,,,,
77420268,REQUEST_FAILED,,,,,
77420330,REQUEST_FAILED,,,,,
77420461,deadAbandoned,CONCEPT TOTALLY · RIMLESS,"Dec. 23, 2008",The McGee Group,,pmeason@mcgeegroup.com
77420496,deadAbandoned,B BOUTIQUE TOTALLY RIMLESS,"Dec. 23, 2008",The McGee Group,,pmeason@mcgeegroup.com
77420503,deadAbandoned,CREDIT INSURANCE,"Dec. 19, 2008",My Credit Group Inc.,,info@mycreditgroup.com
77420465,REQUEST_FAILED,,,,,
77420469,REQUEST_FAILED,,,,,
77420488,REQUEST_FAILED,,,,,
77420511,deadAbandoned,GORILLA BICYCLES,"Dec. 22, 2008",Schreier Thomas,,thomas@gorillabicycles.com
77420500,REQUEST_FAILED,,,,,
77420526,REQUEST_FAILED,,,,,
77420529,REQUEST_FAILED,,,,,
77420547,REQUEST_FAILED,,,,,
77420582,deadAbandoned,CANINE CREW,"Oct. 15, 2008",Willy Beauton LLC,,schaubm@sbcglobal.net
77420572,REQUEST_FAILED,,,,,
77420576,REQUEST_FAILED,,,,,
77420629,deadAbandoned,PLATINUM BRAND CONDOMS,"Dec. 30, 2008","Foxworth, Kenneth",,
77420589,deadAbandoned,MEAL THYME,"Dec. 29, 2008",The Great Spice Company,,
77420641,deadAbandoned,PISMODISE,"Dec. 30, 2008",EZ Info Inc.,,mg@ez-info.com
77420596,REQUEST_FAILED,,,,,
77420597,REQUEST_FAILED,,,,,
77420683,deadAbandoned,CHICA MALA,"Dec. 11, 2008",Bear-Ink Corporation,,barry@bear-ink.com
77420603,REQUEST_FAILED,,,,,
77420787,REQUEST_FAILED,,,,,
77420772,REQUEST_FAILED,,,,,
77420826,REQUEST_FAILED,,,,,
77420840,REQUEST_FAILED,,,,,
77420852,REQUEST_FAILED,,,,,
77420855,REQUEST_FAILED,,,,,
77420874,REQUEST_FAILED,,,,,
77420919,deadAbandoned,PRO-VEN,"Dec. 09, 2008",VeryWise Nutrition Limited,,nkcrawford@aol.com
77420942,deadAbandoned,MANAGEDISCOVERY,"Dec. 29, 2008","Taylor, Daniel S",,dantaylor@managediscovery.com
77420884,REQUEST_FAILED,,,,,
77420902,REQUEST_FAILED,,,,,
77420945,deadAbandoned,FOOD SAFETY ILLUSTRATED,"Dec. 18, 2008",The National Restaurant Association Educational Foundation,,
77420908,REQUEST_FAILED,,,,,
77421062,deadAbandoned,DIAMOND,"Dec. 29, 2008",International Paper Company,,stephanie.haupt@ipaper.com
77420962,REQUEST_FAILED,,,,,
77420973,REQUEST_FAILED,,,,,
77421078,deadAbandoned,DIAMOND,"Dec. 29, 2008",International Paper Company,,stephanie.haupt@ipaper.com
77421085,deadAbandoned,FLAGSHIP TRAVEL SYSTEMS,"Dec. 21, 2008",Arundel Simpson,,arundelsimpson@hotmail.com
77421018,REQUEST_FAILED,,,,,
77421042,REQUEST_FAILED,,,,,
77421214,deadAbandoned,EDISCOVERY RESPONSE TEAM,"Dec. 22, 2008","Taylor, Daniel Scott",,dantaylor04@gmail.com
77421076,REQUEST_FAILED,,,,,
77421330,deadAbandoned,USBBIOKEY,"Dec. 23, 2008","Sentry Technologies, LLC",,bfamous@sentry-technology.com
77421169,REQUEST_FAILED,,,,,
77421391,REQUEST_FAILED,,,,,
77421410,REQUEST_FAILED,,,,,
77421409,REQUEST_FAILED,,,,,
77421497,REQUEST_FAILED,,,,,
77421543,REQUEST_FAILED,,,,,
77421544,REQUEST_FAILED,,,,,
77421580,REQUEST_FAILED,,,,,
77421614,REQUEST_FAILED,,,,,
77421616,REQUEST_FAILED,,,,,
77421634,REQUEST_FAILED,,,,,
77421708,deadAbandoned,RLT,"Dec. 15, 2008","Smith, Christopher E.",,cesmith5@gmail.com
77421729,deadAbandoned,THE PEOPLE CHANNEL,"Dec. 22, 2008","Global Village, Inc.",,steffi@globalvillage.us
77421659,REQUEST_FAILED,,,,,
77421740,deadAbandoned,DELIVERY SYNC,"Dec. 24, 2008","Jewett, Cleveland T.",,ldenisetaylor@yahoo.com
77421716,REQUEST_FAILED,,,,,
77421771,deadAbandoned,IPOWER2,"Dec. 28, 2008",XPAL Power Inc.,,christian@xpalpower.com
77421764,REQUEST_FAILED,,,,,
77421763,REQUEST_FAILED,,,,,
77421781,deadAbandoned,OPHENAPHIL HCL,"Dec. 24, 2008",Palo Alto Labs,,brian@paloaltolabs.com
77421780,deadAbandoned,APPY CLASSIC APPLE JUICE DRINK,"Dec. 16, 2008",PARLE AGRO PVT.LTD,,ami.budhdev@parleagro.com
77421774,REQUEST_FAILED,,,,,
77421777,REQUEST_FAILED,,,,,
77421805,REQUEST_FAILED,,,,,
77421871,REQUEST_FAILED,,,,,
77421867,REQUEST_FAILED,,,,,
77422048,REQUEST_FAILED,,,,,
77422033,REQUEST_FAILED,,,,,
77422059,REQUEST_FAILED,,,,,
77422025,REQUEST_FAILED,,,,,
77422065,REQUEST_FAILED,,,,,
77422100,REQUEST_FAILED,,,,,
77422144,REQUEST_FAILED,,,,,
77422267,deadAbandoned,GET FROM A TO B WITHOUT THE C,"Dec. 22, 2008",Chasan Steven,,info@ecohip.net
77422239,REQUEST_FAILED,,,,,
77422254,REQUEST_FAILED,,,,,
77422551,REQUEST_FAILED,,,,,
77422623,REQUEST_FAILED,,,,,
77422679,deadAbandoned,VIRTUAL TRILLIUM TRAIL,"Dec. 28, 2008","Harrington, Maria, C.R.",,info@virtualfieldtrips.com
77422773,REQUEST_FAILED,,,,,
77422780,REQUEST_FAILED,,,,,
77422845,deadAbandoned,"ESSET, ESSET, ESSET","Dec. 22, 2008",Esset Group Pty Ltd,,pbevan@esset.com.au
77422853,deadAbandoned,URISTAR,"Dec. 24, 2008","Star Pharmaceuticals, LLC",,rbran@comcast.net
77422911,deadAbandoned,WE CARE!,"Dec. 29, 2008",Garrick Construction Inc,,rick@garrick-santo.com
77422882,REQUEST_FAILED,,,,,
77422927,REQUEST_FAILED,,,,,
77423011,deadAbandoned,SHEMADEAVIDEO.COM,"Dec. 24, 2008",SMV Entertainment LLC,,info@shemadeavideo.com
77422966,REQUEST_FAILED,,,,,
77422971,REQUEST_FAILED,,,,,
77423003,REQUEST_FAILED,,,,,
77423006,REQUEST_FAILED,,,,,
77423098,deadAbandoned,SHOWER CHIC,"Dec. 29, 2008",Karen Gantz,,kagantz@comcast.net
77423034,REQUEST_FAILED,,,,,
77423075,REQUEST_FAILED,,,,,
77423083,REQUEST_FAILED,,,,,
77423085,REQUEST_FAILED,,,,,
77423089,REQUEST_FAILED,,,,,
77423127,deadAbandoned,IZO TRANSFORMATION TUBE,"Dec. 26, 2008",iZO Force Energy Products LLC,,tim@izocleanze.com
77423131,REQUEST_FAILED,,,,,
77423115,REQUEST_FAILED,,,,,
77423141,REQUEST_FAILED,,,,,
77423151,REQUEST_FAILED,,,,,
77423159,REQUEST_FAILED,,,,,
77423182,deadAbandoned,CAR PETS,"Dec. 31, 2008","Lee, Cheryl Ann",,Ctyper1@aol.com
77423168,REQUEST_FAILED,,,,,
77423179,REQUEST_FAILED,,,,,
77423170,REQUEST_FAILED,,,,,
77423186,REQUEST_FAILED,,,,,
77423256,deadAbandoned,IQ WINDOWS,"Dec. 24, 2008",Daniel Stefan Grosu,,grosuds@yahoo.com
77423261,deadAbandoned,PIZZA 33,"Nov. 18, 2008",Dionysatos Harry,,keffalonia@aol.com
77423211,REQUEST_FAILED,,,,,
77423216,REQUEST_FAILED,,,,,
77423260,REQUEST_FAILED,,,,,
77423272,REQUEST_FAILED,,,,,
77423293,REQUEST_FAILED,,,,,
77423322,REQUEST_FAILED,,,,,
77423369,REQUEST_FAILED,,,,,
77423408,REQUEST_FAILED,,,,,
77423413,REQUEST_FAILED,,,,,
77423412,REQUEST_FAILED,,,,,
77423415,REQUEST_FAILED,,,,,
77423570,REQUEST_FAILED,,,,,
77423547,REQUEST_FAILED,,,,,
77423592,REQUEST_FAILED,,,,,
77423605,REQUEST_FAILED,,,,,
77423618,REQUEST_FAILED,,,,,
77423642,REQUEST_FAILED,,,,,
77423694,REQUEST_FAILED,,,,,
77423721,REQUEST_FAILED,,,,,
77423944,REQUEST_FAILED,,,,,
77423947,REQUEST_FAILED,,,,,
77424000,REQUEST_FAILED,,,,,
77424025,REQUEST_FAILED,,,,,
77424030,REQUEST_FAILED,,,,,
77424075,REQUEST_FAILED,,,,,
77424153,REQUEST_FAILED,,,,,
77424235,deadAbandoned,WINNER SPINNER,"Nov. 01, 2008",IMAGINATION HOLDINGS PTY LTD,,tina-marie.carr@imagination.com.au
77424267,deadAbandoned,CELEBRITY TRAIN DOMINOS,"Nov. 24, 2008",IMAGINATION HOLDING PTY LTD,,tina-marie.carr@imagination.com.au
77424272,REQUEST_FAILED,,,,,
77424259,REQUEST_FAILED,,,,,
77424307,REQUEST_FAILED,,,,,
77424328,REQUEST_FAILED,,,,,
77424341,REQUEST_FAILED,,,,,
77424358,REQUEST_FAILED,,,,,
77424386,REQUEST_FAILED,,,,,
77424389,REQUEST_FAILED,,,,,
77424443,deadAbandoned,DOONOOTS,"Dec. 26, 2008","Dr. Claudia Leonore Strasser-Marsik, MD",,
77424406,REQUEST_FAILED,,,,,
77424442,deadAbandoned,BOOZOOYOO.COM,"Dec. 26, 2008","Dr. Claudia Leonore Strasser-Marsik, MD",,
77424420,REQUEST_FAILED,,,,,
77424625,deadAbandoned,IMAGE,"Dec. 26, 2008",CNC Eyewear,,info@cnceyewear.com
77424446,REQUEST_FAILED,,,,,
77424523,REQUEST_FAILED,,,,,
77424549,REQUEST_FAILED,,,,,
77424554,REQUEST_FAILED,,,,,
77424665,deadAbandoned,Z-STRIPS ZIALIN FILM STRIPS,"Dec. 26, 2008","AM Medical Laboratories, S.A.",,alexander@bioquestcorp.com
77424626,REQUEST_FAILED,,,,,
77424706,REQUEST_FAILED,,,,,
77424729,REQUEST_FAILED,,,,,
77424745,REQUEST_FAILED,,,,,
77424750,REQUEST_FAILED,,,,,
77424747,REQUEST_FAILED,,,,,
77424765,REQUEST_FAILED,,,,,
77424880,deadAbandoned,WEBSTER'S ACADEMY FOR EXCELLENCE IN WRITING,"Dec. 29, 2008",Webster's Academy for Excellence in Writing Inc.,,bryan@webstersacademy.com
77424857,REQUEST_FAILED,,,,,
77424886,REQUEST_FAILED,,,,,
77425008,REQUEST_FAILED,,,,,
77425023,REQUEST_FAILED,,,,,
77425053,REQUEST_FAILED,,,,,
77425045,REQUEST_FAILED,,,,,
77425186,REQUEST_FAILED,,,,,
77425314,REQUEST_FAILED,,,,,
77425319,REQUEST_FAILED,,,,,
77425287,REQUEST_FAILED,,,,,
77425341,REQUEST_FAILED,,,,,
77425403,deadAbandoned,CLEARVIEW THE INVISIBLE SCREEN DOOR,"Dec. 31, 2008","California Screen Pros, Inc",,jgle@prime-line-products.com
77425371,REQUEST_FAILED,,,,,
77425401,deadAbandoned,THE INVISIBLE SCREEN DOOR.,"Dec. 31, 2008","California Screen Pros, Inc.",,jgle@prime-line-products.com
77425406,REQUEST_FAILED,,,,,
77425429,REQUEST_FAILED,,,,,
77425558,REQUEST_FAILED,,,,,
77425532,REQUEST_FAILED,,,,,
77425553,REQUEST_FAILED,,,,,
77425715,deadAbandoned,AIONE,"Dec. 30, 2008",Podere Casina s.s.a.,,info@poderecasina.com
77425660,REQUEST_FAILED,,,,,
77425657,REQUEST_FAILED,,,,,
77425735,REQUEST_FAILED,,,,,
77425762,REQUEST_FAILED,,,,,
77425933,deadAbandoned,DIMENSION-3,"Dec. 18, 2008",Kerr Corporation,,serene.wei@sybrondental.com
77425964,REQUEST_FAILED,,,,,
77425925,REQUEST_FAILED,,,,,
77425968,REQUEST_FAILED,,,,,
77425978,REQUEST_FAILED,,,,,
77425984,REQUEST_FAILED,,,,,
77426295,deadAbandoned,DUFF,"Dec. 19, 2008",Cerveceria Mexicana S. de R.L. de C.V.,,ericktkt@yahoo.com
77426094,REQUEST_FAILED,,,,,
77426236,REQUEST_FAILED,,,,,
77426347,REQUEST_FAILED,,,,,
77426416,REQUEST_FAILED,,,,,
77426438,REQUEST_FAILED,,,,,
77426538,deadAbandoned,PNET,"Dec. 26, 2008","PNet Technologies, Inc.",,martin.parlette@pnettech.com
77426571,deadAbandoned,THE SPA HILTON MARCO ISLAND,"May 30, 2008","OLSHAN HOTEL MANAGEMENT, INC.",,t.law@mboxcommunications.com
77426474,REQUEST_FAILED,,,,,
77426519,REQUEST_FAILED,,,,,
77426550,REQUEST_FAILED,,,,,
77426680,REQUEST_FAILED,,,,,
77426689,REQUEST_FAILED,,,,,
77426693,REQUEST_FAILED,,,,,
77426694,REQUEST_FAILED,,,,,
77426804,deadAbandoned,TRIPLE CROWN,"Sep. 09, 2008",Ainsworth Game Technology Limited,,jason.meyer@ainsworth.com.au
77426695,REQUEST_FAILED,,,,,
77426757,REQUEST_FAILED,,,,,
77426773,REQUEST_FAILED,,,,,
77426823,REQUEST_FAILED,,,,,
77426830,REQUEST_FAILED,,,,,
77426976,deadAbandoned,CODEPROFILER,"Dec. 29, 2008",Virtual Forge GmbH,,tim.kraenzke@virtualforge.de
77426865,REQUEST_FAILED,,,,,
77426868,REQUEST_FAILED,,,,,
77426990,deadAbandoned,FISCAL PHILOSOPHY ASSESSMENT,"Dec. 27, 2008",Advisor Insights,,mitch@mitchanthony.com
77427032,REQUEST_FAILED,,,,,
77427033,REQUEST_FAILED,,,,,
77427049,REQUEST_FAILED,,,,,
77427105,deadAbandoned,HUNTER-PACK,"Dec. 29, 2008","Tactical Medical Packs, LLC.",,ben.rosenshine@traumapacks.com
77427154,deadAbandoned,FREEDOM KEYBOARD,"Dec. 26, 2008",Freedom Input Limited,,nigel@freedominput.com
77427119,REQUEST_FAILED,,,,,
77427212,REQUEST_FAILED,,,,,
77427219,REQUEST_FAILED,,,,,
77427257,REQUEST_FAILED,,,,,
77427322,REQUEST_FAILED,,,,,
77427346,REQUEST_FAILED,,,,,
77427364,REQUEST_FAILED,,,,,
77427449,REQUEST_FAILED,,,,,
77427573,deadAbandoned,MANAGED INTERCHANGE,"Dec. 30, 2008","Diamond Mind, Inc.",,jwallis@diamondmindinc.com
77427493,REQUEST_FAILED,,,,,
77427694,REQUEST_FAILED,,,,,
77427896,deadAbandoned,MICRO-GAS ATTENDANT,"Dec. 25, 2008","Verdure Technologies, Inc.",,dbrown@verduretech.com
77427829,REQUEST_FAILED,,,,,
77427795,REQUEST_FAILED,,,,,
77427888,REQUEST_FAILED,,,,,
77427868,REQUEST_FAILED,,,,,
77427917,REQUEST_FAILED,,,,,
77427930,REQUEST_FAILED,,,,,
77427993,deadAbandoned,SPORTS IMAGES,"Dec. 29, 2008","Hathaway, Robert,D",,sportsimages@verizon.net
77427959,REQUEST_FAILED,,,,,
77428137,REQUEST_FAILED,,,,,
77428188,REQUEST_FAILED,,,,,
77428232,REQUEST_FAILED,,,,,
77428266,deadAbandoned,COLOSTRUM IC,"Dec. 30, 2008",sovereign laboratories,,hangin@esedona.net
77428291,REQUEST_FAILED,,,,,
77428435,REQUEST_FAILED,,,,,
77428798,deadAbandoned,WERNER'S,"Dec. 29, 2008","Werner's Specialty Foods, Ltd.",,greenman@kc.rr.com
77428492,REQUEST_FAILED,,,,,
77428761,REQUEST_FAILED,,,,,
77428828,REQUEST_FAILED,,,,,
77428948,REQUEST_FAILED,,,,,
77428981,deadAbandoned,UC,"Dec. 29, 2008",Originatic LLC,,rsmith@originatic.com
77428977,REQUEST_FAILED,,,,,
77428978,REQUEST_FAILED,,,,,
77429034,deadAbandoned,HYPERCODING,"Dec. 31, 2008",Syed Athar Abbas,,syedabbas@yahoo.com
77429003,REQUEST_FAILED,,,,,
77429108,deadAbandoned,LIFE FUSE,"Dec. 29, 2008","Amin, Jay",,cj@drjaysworld.com
77429099,deadAbandoned,GREEK STYLE GRILLE,"Dec. 28, 2008","Karas Group, LLC",,nmacris@mergeon.com
77429063,REQUEST_FAILED,,,,,
77429089,REQUEST_FAILED,,,,,
77429173,REQUEST_FAILED,,,,,
77429403,REQUEST_FAILED,,,,,
77428822,REQUEST_FAILED,,,,,
77429532,deadAbandoned,COOKIE BONEZ,"Dec. 28, 2008","Sedor, Jennifer L.",,jennifer_sedor@yahoo.com
77429501,REQUEST_FAILED,,,,,
77429539,REQUEST_FAILED,,,,,
77429621,REQUEST_FAILED,,,,,
77429638,REQUEST_FAILED,,,,,
77429661,REQUEST_FAILED,,,,,
77429685,REQUEST_FAILED,,,,,
77429695,REQUEST_FAILED,,,,,
77429847,deadAbandoned,KEEP LIVING THE DREAM,"Dec. 28, 2008","TPC Operations, LLC",,
77429713,REQUEST_FAILED,,,,,
77429732,REQUEST_FAILED,,,,,
77429995,REQUEST_FAILED,,,,,
77430117,REQUEST_FAILED,,,,,
77430161,REQUEST_FAILED,,,,,
77430200,REQUEST_FAILED,,,,,
77430227,REQUEST_FAILED,,,,,
77430305,REQUEST_FAILED,,,,,
77430324,REQUEST_FAILED,,,,,
77430356,deadAbandoned,EXCHANGEDEFENDER,"Dec. 29, 2008",Own Web Now Corp,,vlad@ownwebnow.com
77430327,REQUEST_FAILED,,,,,
77430330,REQUEST_FAILED,,,,,
77430472,deadAbandoned,BOX OF BLOCKS,"Dec. 31, 2008","Box of Blocks, Inc.",,
77430430,REQUEST_FAILED,,,,,
77430460,REQUEST_FAILED,,,,,
77430473,REQUEST_FAILED,,,,,
77430478,REQUEST_FAILED,,,,,
77430509,REQUEST_FAILED,,,,,
77430560,REQUEST_FAILED,,,,,
77430574,REQUEST_FAILED,,,,,
77430627,REQUEST_FAILED,,,,,
77430786,REQUEST_FAILED,,,,,
77430838,REQUEST_FAILED,,,,,
77430966,REQUEST_FAILED,,,,,
77430967,REQUEST_FAILED,,,,,
77430989,REQUEST_FAILED,,,,,
77431108,deadAbandoned,MINNIE CAKES,"Dec. 30, 2008","Roden, Lindsay Coral",,lindsay1987ku@hotmail.com
77430998,REQUEST_FAILED,,,,,
77431251,deadAbandoned,ENLIGHTEN-KIDS,"Dec. 30, 2008",SARKAR PALLAB,,SPALLAB@YAHOO.COM
77431308,deadAbandoned,WHERE CARING FOR CHILDREN IS OUR WORLD,"Dec. 28, 2008",The Children's Cancer Society,,ccsny1@yahoo.com
77431236,REQUEST_FAILED,,,,,
77431255,REQUEST_FAILED,,,,,
77431324,deadAbandoned,BUBBLESUDS,"Dec. 30, 2008",Mark D. Johnson,,mark@bubblesuds.com
77431277,REQUEST_FAILED,,,,,
77431752,deadAbandoned,FORWARD STAFFING,"Dec. 31, 2008",Forward Staffing,,jclarke@forwardstaffing.com
77431838,deadAbandoned,30 DAYS TO OPEN,"Dec. 30, 2008",Jimenez Angelina,,angieforish@aol.com
77431942,deadAbandoned,CHIC STICK,"Dec. 31, 2008","CAMPANILE, JAN",,skyblue100@sbcglobal.net
77431508,REQUEST_FAILED,,,,,
77431616,REQUEST_FAILED,,,,,
77431859,REQUEST_FAILED,,,,,
77432235,deadAbandoned,OTR LOGISTICS,"Dec. 30, 2008",OTR LOGISTICS,,SALES@OTRLOGISTICS.COM
77432036,REQUEST_FAILED,,,,,
77432263,REQUEST_FAILED,,,,,
77432334,REQUEST_FAILED,,,,,
77432449,REQUEST_FAILED,,,,,
77432549,deadAbandoned,ACCESSAPHONE,"Dec. 30, 2008","Tenacity, Inc.",,kfrantzen@tenacitycorp.com
77432655,deadAbandoned,CHOPPERS,"Dec. 30, 2008","McSheffrey, Denise",,entrepreneurgirl@yahoo.com
77432602,REQUEST_FAILED,,,,,
77432614,REQUEST_FAILED,,,,,
77432878,deadAbandoned,OMNIPAY,"Dec. 31, 2008",OmniCards LLC,,jason@giftcards.com
77432651,REQUEST_FAILED,,,,,
77432653,REQUEST_FAILED,,,,,
77433224,deadAbandoned,SWITCH,"Dec. 31, 2008",Taylor R. Dean,,danksterskateboards@yahoo.com
77432686,REQUEST_FAILED,,,,,
77432976,REQUEST_FAILED,,,,,
77433158,REQUEST_FAILED,,,,,
77433259,REQUEST_FAILED,,,,,
77433469,deadAbandoned,LET'S PLAY,"Dec. 31, 2008","TRION WORLDS (ABC), LLC",,
77433419,REQUEST_FAILED,,,,,
77433672,REQUEST_FAILED,,,,,
77433734,REQUEST_FAILED,,,,,
77435023,deadAbandoned,KEEP IT GREEN,"Dec. 11, 2008",Bear-Ink Corporation,,barry@bear-ink.com
77433893,REQUEST_FAILED,,,,,
77433907,REQUEST_FAILED,,,,,
77435079,REQUEST_FAILED,,,,,
77435117,REQUEST_FAILED,,,,,
77435236,REQUEST_FAILED,,,,,
77435244,REQUEST_FAILED,,,,,
77436155,REQUEST_FAILED,,,,,
77436360,REQUEST_FAILED,,,,,
77437399,deadAbandoned,CARNIVALE,"May 12, 2008",Ainsworth Game Technology Limited,,jason.meyer@ainsworth.com.au
77436387,REQUEST_FAILED,,,,,
77436498,REQUEST_FAILED,,,,,
77436542,REQUEST_FAILED,,,,,
77437400,deadAbandoned,FIREWORKS,"Dec. 30, 2008",Ainsworth Game Technology Limited,,jason.meyer@ainsworth.com.au
77437456,REQUEST_FAILED,,,,,
77438000,deadAbandoned,ESME,"Dec. 30, 2008","Campanile, Jan",,skyblue100@sbcglobal.net
77437551,REQUEST_FAILED,,,,,
77438394,REQUEST_FAILED,,,,,
77438386,REQUEST_FAILED,,,,,
77438793,REQUEST_FAILED,,,,,
77439150,REQUEST_FAILED,,,,,
77439292,REQUEST_FAILED,,,,,
77440237,REQUEST_FAILED,,,,,
77440315,REQUEST_FAILED,,,,,
77441887,REQUEST_FAILED,,,,,
77442638,REQUEST_FAILED,,,,,
77442828,REQUEST_FAILED,,,,,
77443503,REQUEST_FAILED,,,,,
77443502,REQUEST_FAILED,,,,,
77445583,deadAbandoned,OSCHINOS,"Oct. 29, 2008","Bellaiche, Marc",,marcbellay@yahoo.fr
77444247,REQUEST_FAILED,,,,,
77444799,REQUEST_FAILED,,,,,
77445526,REQUEST_FAILED,,,,,
77446368,deadAbandoned,HANDY PILLOW,"Dec. 18, 2008","International Edge, Inc.",,pdmurray@cooperdunham.com
77445819,REQUEST_FAILED,,,,,
77446896,deadAbandoned,EVERMORE,"Dec. 16, 2008","Foust, Brian R",,brfoust@yahoo.com
77446963,REQUEST_FAILED,,,,,
77447090,REQUEST_FAILED,,,,,
77447431,REQUEST_FAILED,,,,,
77447567,REQUEST_FAILED,,,,,
77447586,REQUEST_FAILED,,,,,
77443472,REQUEST_FAILED,,,,,
77447858,REQUEST_FAILED,,,,,
77448254,REQUEST_FAILED,,,,,
77448006,REQUEST_FAILED,,,,,
77449506,deadAbandoned,HYDROKRAFT,"Dec. 23, 2008",International Paper Company,,stephanie.haupt@ipaper.com
77448970,REQUEST_FAILED,,,,,
77450400,deadAbandoned,LIFELINE NUTRITION,"Dec. 05, 2008",VeryWise Nutrition Limited,,nkcrawford@aol.com
77450284,REQUEST_FAILED,,,,,
77451372,REQUEST_FAILED,,,,,
77452275,REQUEST_FAILED,,,,,
77452668,REQUEST_FAILED,,,,,
77453836,deadAbandoned,MODERN HEIRLOOMS,"Dec. 19, 2008","Laine, Courtney",,passementerie@gmail.com
77452911,REQUEST_FAILED,,,,,
77454136,REQUEST_FAILED,,,,,
77454879,REQUEST_FAILED,,,,,
77455341,deadAbandoned,DOUBLE DRAGON,"Dec. 29, 2008",Ainsworth Game Technology Limited,,jason.meyer@ainsworth.com.au
77455643,deadAbandoned,"CENTURY 21 LENDING, INC.","Aug. 04, 2008","Century 21 Lending, Inc.",,jnazarian@atclending.com
77455337,REQUEST_FAILED,,,,,
77456174,deadAbandoned,LY,"Dec. 04, 2008",Neng Feng Wang,,tmregistered@gmail.com
77455338,REQUEST_FAILED,,,,,
77455342,REQUEST_FAILED,,,,,
77455371,REQUEST_FAILED,,,,,
77455924,REQUEST_FAILED,,,,,
77456112,REQUEST_FAILED,,,,,
77457700,REQUEST_FAILED,,,,,
77458905,deadAbandoned,NATURAL ELEMENTS,"Dec. 18, 2008",FBD LLC,,fbd-llc@cox.net
77458846,REQUEST_FAILED,,,,,
77458850,REQUEST_FAILED,,,,,
77459286,REQUEST_FAILED,,,,,
77461355,REQUEST_FAILED,,,,,
77460181,REQUEST_FAILED,,,,,
77462119,REQUEST_FAILED,,,,,
77463017,deadAbandoned,STRAP-N-LACE,"Dec. 18, 2008","ORTHOFEET, INC.",,orthofeet@aol.com
77463078,deadAbandoned,YOURHOTMODELS,"Dec. 26, 2008",Chris Lam,,tmregistered@gmail.com
77465499,deadAbandoned,RUME,"Dec. 19, 2008","Pritchett, James",,james@myrume.com
77463343,REQUEST_FAILED,,,,,
77464795,deadAbandoned,EMBLITAN,"Nov. 24, 2008","Majeed, Muhammed",,lprakash@sabinsa.com
77464852,REQUEST_FAILED,,,,,
77468075,deadAbandoned,STEALTH BULBS,"May 15, 2008","Nothing Specific, Inc.",,heather@rx8strakes.com
77469911,deadAbandoned,SUNKISS,"Dec. 19, 2008","KBT Direct, Inc.",,kevin@kbtdirect.com
77466595,REQUEST_FAILED,,,,,
77468429,REQUEST_FAILED,,,,,
77469699,REQUEST_FAILED,,,,,
77470967,deadAbandoned,"IM INTELLAMEDIA, INC.","Jul. 14, 2008","IntellaMedia, Inc.",,sarag@intellamedia.com
77470255,REQUEST_FAILED,,,,,
77471366,deadAbandoned,TOTAL BUSINESS PLANNING,"Dec. 29, 2008","USA Tax & Insurance Services, Inc.",,support@piexec.com
77471370,deadAbandoned,ELITE LIFE GROUP,"Dec. 29, 2008","USA Tax & Insurance Services, Inc.",,support@piexec.com
77471725,deadAbandoned,None,"Nov. 21, 2008","Rucker, Chris",,ruckerproam@gmail.com
77470924,REQUEST_FAILED,,,,,
77472083,deadAbandoned,PET PARENTING,"Dec. 27, 2008","Tripp, Susan",,SusanLTripp@aol.com
77471279,REQUEST_FAILED,,,,,
77471914,REQUEST_FAILED,,,,,
77472231,REQUEST_FAILED,,,,,
77472498,REQUEST_FAILED,,,,,
77472570,REQUEST_FAILED,,,,,
77475608,deadAbandoned,SMARTMAP,"Jun. 06, 2008","Avid Technology, Inc.",,
77477649,deadAbandoned,BALANCED ASSESSMENT,"Sep. 16, 2008",Primrose Schools Franchising Company,,bporter@primroseschools.com
77474812,REQUEST_FAILED,,,,,
77475893,REQUEST_FAILED,,,,,
77476641,REQUEST_FAILED,,,,,
77479297,deadAbandoned,THERMASILK,"Sep. 08, 2008",CGE Enterprises LLC,,jhastings@vermontcountrystore.com
77478539,REQUEST_FAILED,,,,,
77479807,REQUEST_FAILED,,,,,
77480696,REQUEST_FAILED,,,,,
77480880,REQUEST_FAILED,,,,,
77481182,REQUEST_FAILED,,,,,
77482927,REQUEST_FAILED,,,,,
77487193,REQUEST_FAILED,,,,,
77486568,REQUEST_FAILED,,,,,
77487593,REQUEST_FAILED,,,,,
77490655,deadAbandoned,THE REAL DEAL,"Sep. 10, 2008",North Coast Seafood,,
77494269,deadAbandoned,THEORY OF EVERYTHING,"Oct. 30, 2008","Talati, Ruchi",,ruchi.talati@gmail.com
77487899,REQUEST_FAILED,,,,,
77487974,REQUEST_FAILED,,,,,
77498952,deadAbandoned,MICROGRILL,"Jun. 23, 2008",Ronco Acquisition Corporation,,
77488432,REQUEST_FAILED,,,,,
77490157,REQUEST_FAILED,,,,,
77496043,REQUEST_FAILED,,,,,
77495838,REQUEST_FAILED,,,,,
77503790,REQUEST_FAILED,,,,,
77503911,REQUEST_FAILED,,,,,
77503917,REQUEST_FAILED,,,,,
77504928,REQUEST_FAILED,,,,,
77506176,REQUEST_FAILED,,,,,
77506194,REQUEST_FAILED,,,,,
77510469,REQUEST_FAILED,,,,,
77514637,deadAbandoned,WORLD OF TROOP,"Sep. 05, 2008",Bottle Rocket Investments LLC,,johnrsandin@yahoo.com
77512193,REQUEST_FAILED,,,,,
77512539,REQUEST_FAILED,,,,,
77515077,deadAbandoned,CELEBUTANTE,"Nov. 30, 2008",Gili Ritz,,Gili_Ritz@yahoo.com
77515419,deadAbandoned,EXILE,"Oct. 02, 2008","Faciane, Kirby A.",,kfaciane@gmail.com
77516081,REQUEST_FAILED,,,,,
77516430,REQUEST_FAILED,,,,,
77516806,REQUEST_FAILED,,,,,
77516879,REQUEST_FAILED,,,,,
77518867,REQUEST_FAILED,,,,,
77523134,deadAbandoned,"RAINBOW PRODUCTIONS, INC.","Nov. 03, 2008","Rainbow Productions, Inc.",,info@rainbowproductionsinc.com
77524719,deadAbandoned,BELLA ME,"Sep. 18, 2008","MD BRANDS, INC.",,
77525190,deadAbandoned,BELLA ME,"Sep. 18, 2008","MD BRANDS, INC.",,
77521892,REQUEST_FAILED,,,,,
77522639,REQUEST_FAILED,,,,,
77527260,REQUEST_FAILED,,,,,
77529520,REQUEST_FAILED,,,,,
77528168,REQUEST_FAILED,,,,,
77530086,REQUEST_FAILED,,,,,
77530473,REQUEST_FAILED,,,,,
77534259,REQUEST_FAILED,,,,,
77534278,REQUEST_FAILED,,,,,
77536756,REQUEST_FAILED,,,,,
77536760,deadAbandoned,BD IMPEL,"Sep. 12, 2008","Becton, Dickinson and Company",,
77536869,REQUEST_FAILED,,,,,
77548976,deadAbandoned,ZENDROID,"Nov. 05, 2008",Zendroid Ltd.,,
77540280,REQUEST_FAILED,,,,,
77537608,REQUEST_FAILED,,,,,
77541317,REQUEST_FAILED,,,,,
77547892,REQUEST_FAILED,,,,,
77552553,REQUEST_FAILED,,,,,
77556318,REQUEST_FAILED,,,,,
77554179,REQUEST_FAILED,,,,,
77558266,REQUEST_FAILED,,,,,
77566093,deadAbandoned,PAY FOR PERFORMANCE,"Nov. 20, 2008","Compliance Networks, LLC",,kevin.harris@compliancenetworks.com
77572263,REQUEST_FAILED,,,,,
77573419,REQUEST_FAILED,,,,,
77583031,deadAbandoned,LOLLIDUDS,"Nov. 06, 2008","Go Green Sustainable Industries, LLC",,
77576166,REQUEST_FAILED,,,,,
77576595,REQUEST_FAILED,,,,,
77600466,REQUEST_FAILED,,,,,
77608836,REQUEST_FAILED,,,,,
77610500,REQUEST_FAILED,,,,,
77614108,REQUEST_FAILED,,,,,
77615350,REQUEST_FAILED,,,,,
77618855,REQUEST_FAILED,,,,,
77623283,REQUEST_FAILED,,,,,
78007554,deadAbandoned,EZ TAX,"Apr. 16, 2008","Chevalier, Mark, R",,
77628630,REQUEST_FAILED,,,,,
77754025,REQUEST_FAILED,,,,,
77627622,REQUEST_FAILED,,,,,
78009944,deadAbandoned,IGNITION,"Aug. 26, 2008",Williams Whittle Associates,,
77916259,REQUEST_FAILED,,,,,
78012423,deadAbandoned,BOOBOO OINTMENT,"Oct. 22, 2008",Frank Pilarcik,,
77975363,REQUEST_FAILED,,,,,
78032429,REQUEST_FAILED,,,,,
78049125,deadAbandoned,BEENIES,"Aug. 21, 2008","Positive Product Consultants, LLC",,
78011639,REQUEST_FAILED,,,,,
78046296,REQUEST_FAILED,,,,,
78057590,REQUEST_FAILED,,,,,
78052015,REQUEST_FAILED,,,,,
78059410,REQUEST_FAILED,,,,,
78059843,REQUEST_FAILED,,,,,
78063251,REQUEST_FAILED,,,,,
78069711,REQUEST_FAILED,,,,,
78075706,REQUEST_FAILED,,,,,
78069728,REQUEST_FAILED,,,,,
78092666,REQUEST_FAILED,,,,,
78102094,REQUEST_FAILED,,,,,
78119561,REQUEST_FAILED,,,,,
78118562,REQUEST_FAILED,,,,,
78123674,REQUEST_FAILED,,,,,
78125192,REQUEST_FAILED,,,,,
78149927,deadAbandoned,BOUNTY HUNTER,"Nov. 07, 2008",2Xtreme Racing,,
78133219,REQUEST_FAILED,,,,,
78136849,REQUEST_FAILED,,,,,
78138280,REQUEST_FAILED,,,,,
78150489,REQUEST_FAILED,,,,,
78152876,REQUEST_FAILED,,,,,
78150855,REQUEST_FAILED,,,,,
78152884,REQUEST_FAILED,,,,,
78163127,deadAbandoned,RETRO 3D SERIES,"Jul. 09, 2008","American Products Company, Inc.",,tmregistered@gmail.com
78179271,REQUEST_FAILED,,,,,
78189598,deadAbandoned,BROADARROW,"Mar. 21, 2008","PLATTS, Edward",,eddie@timefactors.com
78192056,deadAbandoned,BD ONVAX,"Jul. 07, 2008","Becton, Dickinson and Company",,
78189162,deadAbandoned,KIDS KLASSICS,"Oct. 17, 2008",Classic Foods International Corporation,,fcuetara3@kettleclassics.com
78189112,REQUEST_FAILED,,,,,
78192058,REQUEST_FAILED,,,,,
78195984,REQUEST_FAILED,,,,,
78201695,REQUEST_FAILED,,,,,
78203805,REQUEST_FAILED,,,,,
78205577,REQUEST_FAILED,,,,,
78214773,REQUEST_FAILED,,,,,
78214764,REQUEST_FAILED,,,,,
78219735,deadAbandoned,"LANCASTER TEXTILES, INC.","Sep. 29, 2008",Confecciones Lancaster S.A.,,tluby@lancaster.com.pe
78215189,REQUEST_FAILED,,,,,
78220579,REQUEST_FAILED,,,,,
78220749,REQUEST_FAILED,,,,,
78226625,REQUEST_FAILED,,,,,
78226876,REQUEST_FAILED,,,,,
78231455,REQUEST_FAILED,,,,,
78243701,REQUEST_FAILED,,,,,
78241095,REQUEST_FAILED,,,,,
78246036,REQUEST_FAILED,,,,,
78254154,REQUEST_FAILED,,,,,
78260876,REQUEST_FAILED,,,,,
78262002,REQUEST_FAILED,,,,,
78270711,deadAbandoned,VINEA,"Jan. 18, 2008","GLOBAL IMEX, INC.",,
78265622,REQUEST_FAILED,,,,,
78267485,REQUEST_FAILED,,,,,
78271527,REQUEST_FAILED,,,,,
78281022,deadAbandoned,PEACE,"Feb. 29, 2008","Turner, Simon A",,sat04@globalnet.co.uk
78277030,REQUEST_FAILED,,,,,
78277446,REQUEST_FAILED,,,,,
78277764,REQUEST_FAILED,,,,,
78287540,REQUEST_FAILED,,,,,
78293083,REQUEST_FAILED,,,,,
78292162,REQUEST_FAILED,,,,,
78304983,deadAbandoned,OMNIPRESENCE,"Jun. 17, 2008","Omnipresence, Inc",,shadow_technology@bigpond.com
78305269,deadAbandoned,ALATOR,"Mar. 31, 2008",ALATOR CORPORATION,,president@alator.com
78295387,REQUEST_FAILED,,,,,
78301011,REQUEST_FAILED,,,,,
78305384,deadAbandoned,ALATRIX,"Mar. 17, 2008","Alatortsev, Vadim S.",,president@alator.com
78305000,deadAbandoned,VTV,"Jun. 17, 2008","Omnipresence, Inc",,shadow_technology@bigpond.com
78304123,REQUEST_FAILED,,,,,
78312411,deadAbandoned,38TH PARALLEL MARKETING,"Apr. 04, 2008","38th Parallel Marketing, Inc.",,
78313620,deadAbandoned,LET YOUR PHONE DO THE WALKING...,"Apr. 21, 2008","TOLL FREE YELLOW PAGES, CORP.",,YellowPagesInc@aol.com
78309532,REQUEST_FAILED,,,,,
78309875,REQUEST_FAILED,,,,,
78315109,deadAbandoned,MINIMONEY,"May 02, 2008",TTT Moneycorp Limited,,matthew.cook@ttt.co.uk
78314578,REQUEST_FAILED,,,,,
78318038,deadAbandoned,WALIY,"Jul. 06, 2008","Yue, Hui",,
78315609,REQUEST_FAILED,,,,,
78318818,deadAbandoned,MARITRAC,"Oct. 21, 2008",MariTrac LLC,,mkeipdocket@mbf-law.com
78320975,REQUEST_FAILED,,,,,
78323850,REQUEST_FAILED,,,,,
78324457,REQUEST_FAILED,,,,,
78325763,deadAbandoned,SEA MONSTER,"Feb. 07, 2008","MONSTER DADDY, LLC",,
78326553,REQUEST_FAILED,,,,,
78329465,REQUEST_FAILED,,,,,
78329768,REQUEST_FAILED,,,,,
78331208,REQUEST_FAILED,,,,,
78331210,REQUEST_FAILED,,,,,
78334000,deadAbandoned,JBLADE,"Apr. 03, 2008","Bruning, Hank",,
78331911,REQUEST_FAILED,,,,,
78333726,deadAbandoned,BAD GIRL'S GUIDE,"Nov. 24, 2008","Bad Girl Swirl, Inc.",,cameron@badgirlswirl.com
78332779,REQUEST_FAILED,,,,,
78333009,REQUEST_FAILED,,,,,
78334192,REQUEST_FAILED,,,,,
78335446,REQUEST_FAILED,,,,,
78339519,deadAbandoned,VIRGINSKIN,"Jan. 28, 2008",ALAUR DERMATOLOGICALS LLC,,
78339155,REQUEST_FAILED,,,,,
78338456,REQUEST_FAILED,,,,,
78340102,REQUEST_FAILED,,,,,
78340511,REQUEST_FAILED,,,,,
78340583,REQUEST_FAILED,,,,,
78341097,REQUEST_FAILED,,,,,
78343952,REQUEST_FAILED,,,,,
78344028,REQUEST_FAILED,,,,,
78345151,deadAbandoned,MARSUPIAL,"May 13, 2008","Dennison, Robert",,jrdennison@earthlink.net
78344589,REQUEST_FAILED,,,,,
78344579,REQUEST_FAILED,,,,,
78344412,REQUEST_FAILED,,,,,
78348164,REQUEST_FAILED,,,,,
78347854,REQUEST_FAILED,,,,,
78347742,REQUEST_FAILED,,,,,
78348690,REQUEST_FAILED,,,,,
78348982,REQUEST_FAILED,,,,,
78350348,REQUEST_FAILED,,,,,
78349678,REQUEST_FAILED,,,,,
78352117,REQUEST_FAILED,,,,,
78352833,REQUEST_FAILED,,,,,
78354220,deadAbandoned,QUANTUM IV,"Feb. 08, 2008","A Major Difference, Inc.",,
78354217,deadAbandoned,QUANTUM II,"Feb. 08, 2008","A Major Difference, Inc.",,
78354347,deadAbandoned,QUANTUM SYSTEM,"Aug. 06, 2008","A Major Difference, Inc.",,
78353066,REQUEST_FAILED,,,,,
78354227,deadAbandoned,QUANTUM LED,"Feb. 01, 2008","A Major Difference, Inc.",,
78353516,REQUEST_FAILED,,,,,
78358592,deadAbandoned,SIMPLICITY,"Oct. 15, 2008","SFCA, INC.",,
78354539,REQUEST_FAILED,,,,,
78354888,REQUEST_FAILED,,,,,
78360422,REQUEST_FAILED,,,,,
78362665,deadAbandoned,CORE KIDS SNEAK HEALTH INTO FUN,"Feb. 10, 2008","Core Kids, L.L.C.",,
78364471,deadAbandoned,FRESHWATCH,"Oct. 16, 2008","Mikola, Jyrki Tapani James",,jyrki@freshwatch.com
78362814,REQUEST_FAILED,,,,,
78363792,REQUEST_FAILED,,,,,
78365195,REQUEST_FAILED,,,,,
78365207,REQUEST_FAILED,,,,,
78365788,REQUEST_FAILED,,,,,
78367753,deadAbandoned,TRIM GUM,"Dec. 08, 2008","WESTERN HOLDINGS, LLC",,westernholdings@mjstc.net
78366979,REQUEST_FAILED,,,,,
78367023,REQUEST_FAILED,,,,,
78367231,REQUEST_FAILED,,,,,
78367760,REQUEST_FAILED,,,,,
78368821,REQUEST_FAILED,,,,,
78370673,REQUEST_FAILED,,,,,
78371072,REQUEST_FAILED,,,,,
78371911,REQUEST_FAILED,,,,,
78372488,REQUEST_FAILED,,,,,
78372809,REQUEST_FAILED,,,,,
78373070,REQUEST_FAILED,,,,,
78373072,REQUEST_FAILED,,,,,
78373075,REQUEST_FAILED,,,,,
78373632,REQUEST_FAILED,,,,,
78373773,REQUEST_FAILED,,,,,
78377549,deadAbandoned,JETSITTER PREPARE FOR DRIFTOFF,"Jan. 18, 2008","Miller, Scott D.",,flavorpacket@yahoo.com
78375510,REQUEST_FAILED,,,,,
78375715,REQUEST_FAILED,,,,,
78376223,REQUEST_FAILED,,,,,
78377982,REQUEST_FAILED,,,,,
78381495,deadAbandoned,LASHFULL,"Oct. 27, 2008",Revlon Consumer Products Corporation,,
78378190,REQUEST_FAILED,,,,,
78382313,REQUEST_FAILED,,,,,
78383231,deadAbandoned,MEIA: MICHIGAN EDUCATORS INSURANCE AGENCY,"Apr. 28, 2008",MEEMIC Insurance Company,,
78382897,REQUEST_FAILED,,,,,
78383147,REQUEST_FAILED,,,,,
78386386,deadAbandoned,BABYFOAMIX,"Feb. 29, 2008",Foamix Ltd.,,dorit@foamix.co.il
78383825,REQUEST_FAILED,,,,,
78383607,REQUEST_FAILED,,,,,
78384781,REQUEST_FAILED,,,,,
78385729,REQUEST_FAILED,,,,,
78386082,REQUEST_FAILED,,,,,
78388165,REQUEST_FAILED,,,,,
78389106,REQUEST_FAILED,,,,,
78389700,REQUEST_FAILED,,,,,
78389825,REQUEST_FAILED,,,,,
78391958,REQUEST_FAILED,,,,,
78392053,REQUEST_FAILED,,,,,
78394535,deadAbandoned,LIFEONTRACK,"Jun. 30, 2008","Vollmer, Cari K.",,cari@lifeontrack.com
78393028,REQUEST_FAILED,,,,,
78394407,REQUEST_FAILED,,,,,
78394473,REQUEST_FAILED,,,,,
78395416,REQUEST_FAILED,,,,,
78395824,REQUEST_FAILED,,,,,
78398025,deadAbandoned,ULTIMATE MAN THE MAN FROM THE NEUTRON GALAXY,"Oct. 27, 2008",evolution comics inc.,,thecomicguy@hotmail.com
78395969,REQUEST_FAILED,,,,,
78396187,REQUEST_FAILED,,,,,
78399044,deadAbandoned,TOUCHPAY,"Aug. 04, 2008","SOLIDUS NETWORKS, INC.",,steve.zelinger@paybytouch.com
78397725,REQUEST_FAILED,,,,,
78397921,REQUEST_FAILED,,,,,
78398052,REQUEST_FAILED,,,,,
78400207,deadAbandoned,PIONEER SOUTHERN,"Apr. 21, 2008","PIONEER SOUTHERN, INC.",,
78399353,REQUEST_FAILED,,,,,
78401659,deadAbandoned,POWERPAY,"Aug. 20, 2008","Gordon * Howard Associates, Inc.",,
78400445,REQUEST_FAILED,,,,,
78400575,REQUEST_FAILED,,,,,
78401683,REQUEST_FAILED,,,,,
78401269,REQUEST_FAILED,,,,,
78401931,REQUEST_FAILED,,,,,
78401940,REQUEST_FAILED,,,,,
78402019,REQUEST_FAILED,,,,,
78403553,deadAbandoned,DERMACARE,"Jun. 18, 2008",DLC DERMACARE LLC,,
78403855,deadAbandoned,PUPPUCCINO,"Apr. 28, 2008","Puppuccino, Inc.",,
78403360,REQUEST_FAILED,,,,,
78406360,deadAbandoned,SIMSLICE,"Jun. 28, 2008","Windowcat, LLC",,service@windowcat.com
78403549,REQUEST_FAILED,,,,,
78404112,REQUEST_FAILED,,,,,
78406694,deadAbandoned,PRAGUE II,"May 30, 2008","Overstock.com, Inc.",,
78404767,REQUEST_FAILED,,,,,
78406467,REQUEST_FAILED,,,,,
78406642,REQUEST_FAILED,,,,,
78410383,deadAbandoned,THE FREEDOM TO GROW,"Feb. 18, 2008","Sun-Up Forest Products, Inc",,
78407273,REQUEST_FAILED,,,,,
78406707,REQUEST_FAILED,,,,,
78412981,deadAbandoned,LIGHT MY GARDEN,"Oct. 01, 2008","GAMASONIC, LTD.",,
78408744,REQUEST_FAILED,,,,,
78412351,REQUEST_FAILED,,,,,
78413009,REQUEST_FAILED,,,,,
78414932,deadAbandoned,AXP,"May 12, 2008","Foot Locker Retail, Inc.",,
78415404,deadAbandoned,HRGRID,"Mar. 14, 2008","HRGrid, Inc.",,whao@alum.mit.edu
78415039,deadAbandoned,SECURITYCODE,"Jan. 17, 2008","Watson Label Products, Corp.",,
78414751,REQUEST_FAILED,,,,,
78413688,REQUEST_FAILED,,,,,
78415441,REQUEST_FAILED,,,,,
78417142,REQUEST_FAILED,,,,,
78418765,REQUEST_FAILED,,,,,
78418355,REQUEST_FAILED,,,,,
78418833,REQUEST_FAILED,,,,,
78420392,deadAbandoned,VOXIE,"Feb. 22, 2008","Voxie IP Communications, LLC",,mkim@voxie.net
78419438,deadAbandoned,BAD KARMA,"Sep. 29, 2008",Mxxxx Larson,,bmethven@methvenlaw.com
78419252,deadAbandoned,POPPY'S ITALIAN MARKET,"Aug. 19, 2008",POPPY'S ITALIAN MARKET,,PJ@ALLWORLDFARMS.COM
78421958,deadAbandoned,ALPINE WHITE,"Jun. 05, 2008","NORTH AMERICAN BRANCS, LLC",,
78419543,REQUEST_FAILED,,,,,
78419585,REQUEST_FAILED,,,,,
78420679,REQUEST_FAILED,,,,,
78422171,REQUEST_FAILED,,,,,
78423065,REQUEST_FAILED,,,,,
78424671,REQUEST_FAILED,,,,,
78424777,REQUEST_FAILED,,,,,
78424966,REQUEST_FAILED,,,,,
78424994,REQUEST_FAILED,,,,,
78427121,deadAbandoned,KILLER BEAN FOREVER,"Mar. 17, 2008","Killer Bean Studios, LLC",,webmaster@jefflewproductions.com
78425416,REQUEST_FAILED,,,,,
78426266,REQUEST_FAILED,,,,,
78427246,REQUEST_FAILED,,,,,
78427480,REQUEST_FAILED,,,,,
78427909,REQUEST_FAILED,,,,,
78427639,REQUEST_FAILED,,,,,
78429435,REQUEST_FAILED,,,,,
78430538,REQUEST_FAILED,,,,,
78430576,REQUEST_FAILED,,,,,
78431127,REQUEST_FAILED,,,,,
78435653,deadAbandoned,DB,"Aug. 06, 2008","Lynch, Jerald",,
78431532,REQUEST_FAILED,,,,,
78432492,REQUEST_FAILED,,,,,
78435021,REQUEST_FAILED,,,,,
78436134,REQUEST_FAILED,,,,,
78436385,REQUEST_FAILED,,,,,
78436225,REQUEST_FAILED,,,,,
78438070,REQUEST_FAILED,,,,,
78437988,REQUEST_FAILED,,,,,
78438143,REQUEST_FAILED,,,,,
78439234,REQUEST_FAILED,,,,,
78439413,REQUEST_FAILED,,,,,
78439240,REQUEST_FAILED,,,,,
78441134,REQUEST_FAILED,,,,,
78441667,REQUEST_FAILED,,,,,
78442243,REQUEST_FAILED,,,,,
78442249,REQUEST_FAILED,,,,,
78442473,REQUEST_FAILED,,,,,
78443188,REQUEST_FAILED,,,,,
78444266,REQUEST_FAILED,,,,,
78445704,REQUEST_FAILED,,,,,
78446256,REQUEST_FAILED,,,,,
78448878,REQUEST_FAILED,,,,,
78449877,REQUEST_FAILED,,,,,
78449431,REQUEST_FAILED,,,,,
78449798,REQUEST_FAILED,,,,,
78451434,deadAbandoned,CLUBANAS,"Oct. 27, 2008",ARCHITROPOLIS CORPORATION,,
78450966,deadAbandoned,SWEET HEART,"Feb. 18, 2008",M. KANTILAL EXPORTS,,
78450055,REQUEST_FAILED,,,,,
78450616,REQUEST_FAILED,,,,,
78452358,deadAbandoned,WIZARD MOUSE,"Jan. 21, 2008","Magruder, Audrey E.",,
78451060,REQUEST_FAILED,,,,,
78453104,REQUEST_FAILED,,,,,
78453657,REQUEST_FAILED,,,,,
78455056,REQUEST_FAILED,,,,,
78455194,REQUEST_FAILED,,,,,
78457768,deadAbandoned,LITTLE BIG BAG,"Mar. 10, 2008",Mortemard de Boisse Geneviève,,paquillon@free.fr
78456228,REQUEST_FAILED,,,,,
78458544,REQUEST_FAILED,,,,,
78458643,REQUEST_FAILED,,,,,
78461196,deadAbandoned,SIMPLICITY SLEEP SYSTEMS,"Oct. 15, 2008","SFCA, INC.",,
78459292,deadAbandoned,SMACK! ADVENTURES,"May 28, 2008",Jay J. Sopp,,jay.sopp@smackstudio.com
78459056,REQUEST_FAILED,,,,,
78459777,REQUEST_FAILED,,,,,
78462205,deadAbandoned,AIRTUNES,"Sep. 25, 2008",Specialty Enterprises Ltd.,,communications@airtunes.com
78460821,REQUEST_FAILED,,,,,
78461886,REQUEST_FAILED,,,,,
78462950,REQUEST_FAILED,,,,,
78463219,REQUEST_FAILED,,,,,
78463253,REQUEST_FAILED,,,,,
78463412,REQUEST_FAILED,,,,,
78463445,REQUEST_FAILED,,,,,
78463609,REQUEST_FAILED,,,,,
78464095,REQUEST_FAILED,,,,,
78465310,REQUEST_FAILED,,,,,
78469346,deadAbandoned,OCEAN LAGUNA,"Jan. 26, 2008","Porter, Laurie",,clean@oceanlaguna.com
78465794,REQUEST_FAILED,,,,,
78471733,REQUEST_FAILED,,,,,
78470227,REQUEST_FAILED,,,,,
78472474,REQUEST_FAILED,,,,,
78474403,deadAbandoned,ASTRANGRAPHICS EMPHASIS SATISFACTION,"May 02, 2008",Nessa Incorporated,,info@astrangraphics.com
78473806,REQUEST_FAILED,,,,,
78474895,REQUEST_FAILED,,,,,
78479348,deadAbandoned,ANATTA,"Feb. 29, 2008","Miller, Greg",,
78475893,REQUEST_FAILED,,,,,
78475437,REQUEST_FAILED,,,,,
78475942,REQUEST_FAILED,,,,,
78478170,REQUEST_FAILED,,,,,
78480515,REQUEST_FAILED,,,,,
78480400,REQUEST_FAILED,,,,,
78480621,REQUEST_FAILED,,,,,
78482153,deadAbandoned,TO BEAN OR NOT TO BEAN,"Jan. 23, 2008","McLeland, Carla Jeanne",,ceejay@mcleland.net
78482845,deadAbandoned,ROLLIE POLLIE,"Dec. 08, 2008","Lundgren, Mia",,
78481779,REQUEST_FAILED,,,,,
78485042,deadAbandoned,EDFUND.NET WEBAPP,"May 23, 2008",EdFund,,hwallace@edfund.org
78485115,deadAbandoned,TWILIGHT EDGE,"Nov. 10, 2008","Barnes, Darian D.",,
78484712,REQUEST_FAILED,,,,,
78484483,REQUEST_FAILED,,,,,
78485367,REQUEST_FAILED,,,,,
78485399,REQUEST_FAILED,,,,,
78486656,deadAbandoned,TWILIGHT EDGE,"Oct. 19, 2008","Barnes, Darian D.",,
78485440,REQUEST_FAILED,,,,,
78485582,REQUEST_FAILED,,,,,
78488818,deadAbandoned,O JEWELRY,"Nov. 17, 2008","Overstock.com, Inc.",,
78488981,deadAbandoned,BUD KING,"Oct. 02, 2008","Highlife Co. (Aust.) Pty. Limited, The",,shaun@highlife.com.au
78488418,REQUEST_FAILED,,,,,
78488603,REQUEST_FAILED,,,,,
78489267,REQUEST_FAILED,,,,,
78489644,REQUEST_FAILED,,,,,
78490607,deadAbandoned,WESTFORT,"Jun. 09, 2008","Romar Universal, Inc.",,romar@rglgroup.com
78489678,REQUEST_FAILED,,,,,
78491110,deadAbandoned,YOU WERE WRONGED,"May 19, 2008","Trinh, Thanh G.",,
78489757,REQUEST_FAILED,,,,,
78489900,REQUEST_FAILED,,,,,
78490691,REQUEST_FAILED,,,,,
78490859,REQUEST_FAILED,,,,,
78492282,REQUEST_FAILED,,,,,
78491377,REQUEST_FAILED,,,,,
78495136,REQUEST_FAILED,,,,,
78495293,REQUEST_FAILED,,,,,
78497778,deadAbandoned,FASHIONLABEL,"Jun. 08, 2008",Reginalde Messac,,
78497801,REQUEST_FAILED,,,,,
78498064,REQUEST_FAILED,,,,,
78500105,REQUEST_FAILED,,,,,
78501168,deadAbandoned,MY PERFECT WEDDING,"Feb. 22, 2008","Criativa Informatica, Ltda.",,ck@southlogic.com
78500598,REQUEST_FAILED,,,,,
78501156,deadAbandoned,SOLUTIONS FOR JOINTS,"Feb. 22, 2008","HOSPITAL ADVENTURES, LLC",,jbmanage@aol.com
78500558,REQUEST_FAILED,,,,,
78501065,REQUEST_FAILED,,,,,
78501145,REQUEST_FAILED,,,,,
78501809,deadAbandoned,POOCH PAIRS,"Jun. 23, 2008",Dad's Products Company,,tsienterprise@swbell.net
78502809,REQUEST_FAILED,,,,,
78505679,deadAbandoned,MOVIEOKE,"Oct. 06, 2008",Imagination Holdings Pty Ltd,,sarah.wishart@imagination.com.au
78504062,REQUEST_FAILED,,,,,
78505128,REQUEST_FAILED,,,,,
78505092,REQUEST_FAILED,,,,,
78505676,REQUEST_FAILED,,,,,
78507112,REQUEST_FAILED,,,,,
78507164,REQUEST_FAILED,,,,,
78508566,REQUEST_FAILED,,,,,
78509007,REQUEST_FAILED,,,,,
78509653,deadAbandoned,FIREBRAND,"Oct. 03, 2008",FIREBRAND HOLDINGS CORP.,,
78509229,REQUEST_FAILED,,,,,
78509924,REQUEST_FAILED,,,,,
78510410,REQUEST_FAILED,,,,,
78510757,REQUEST_FAILED,,,,,
78511615,REQUEST_FAILED,,,,,
78512665,deadAbandoned,RED STATE,"Nov. 24, 2008","Cuyler, Devin Rainey",,drcuyler@yahoo.com
78511862,REQUEST_FAILED,,,,,
78512196,REQUEST_FAILED,,,,,
78513463,REQUEST_FAILED,,,,,
78513468,REQUEST_FAILED,,,,,
78516356,deadAbandoned,THE WINE LOVER'S OTHER NECESSITY,"Dec. 15, 2008",PEK PRESERVATION SYSTEMS,,
78514633,REQUEST_FAILED,,,,,
78515821,REQUEST_FAILED,,,,,
78516080,REQUEST_FAILED,,,,,
78517835,REQUEST_FAILED,,,,,
78518180,REQUEST_FAILED,,,,,
78518348,REQUEST_FAILED,,,,,
78520340,deadAbandoned,EXERCISE SYSTEM FOR LIFE KIT,"Aug. 18, 2008","Simpson, Marshal T.",,
78520369,deadAbandoned,HOT ROX,"Mar. 25, 2008","Simpson, Marshal T.",,
78520479,REQUEST_FAILED,,,,,
78520712,REQUEST_FAILED,,,,,
78521694,deadAbandoned,WWW.ORIGINAL-VIDEO.COM,"Jan. 06, 2008","ORIGINAL IDEAS GIFTS, S.L.",,andres@asmtrade.com
78520965,REQUEST_FAILED,,,,,
78521479,REQUEST_FAILED,,,,,
78522592,REQUEST_FAILED,,,,,
78525613,deadAbandoned,MOUSSEQUITO,"Mar. 10, 2008",Foamix Ltd,,advocate@inter.net.il
78526307,deadAbandoned,IN-HOME AUDITION,"Feb. 26, 2008","Aperion Audio, Inc.",,
78524824,REQUEST_FAILED,,,,,
78525047,REQUEST_FAILED,,,,,
78526207,REQUEST_FAILED,,,,,
78526827,REQUEST_FAILED,,,,,
78527338,REQUEST_FAILED,,,,,
78528985,REQUEST_FAILED,,,,,
78530522,REQUEST_FAILED,,,,,
78531141,deadAbandoned,BILLIE-JEAN,"Jan. 22, 2008","Bang, Eric",,bangbang727@yahoo.com
78531011,REQUEST_FAILED,,,,,
78531931,REQUEST_FAILED,,,,,
78532141,REQUEST_FAILED,,,,,
78532119,REQUEST_FAILED,,,,,
78534653,deadAbandoned,PHONE PATH TO THE INTERNET,"Oct. 04, 2008","All Eights, L.L.C.",,Barrister3@aol.com
78533769,REQUEST_FAILED,,,,,
78533788,REQUEST_FAILED,,,,,
78534684,deadAbandoned,INFOEIGHTS,"Jun. 16, 2008","All Eights, L.L.C.",,Barrister3@aol.com
78534561,REQUEST_FAILED,,,,,
78536113,deadAbandoned,FREE-BAY,"Dec. 31, 2008","KANATARA, LLC",,
78534502,REQUEST_FAILED,,,,,
78536310,deadAbandoned,PERFECT HOME,"Sep. 08, 2008","Homer TLC, Inc.",,sheldon_shorter@homedepot.com
78535827,REQUEST_FAILED,,,,,
78536196,REQUEST_FAILED,,,,,
78536294,REQUEST_FAILED,,,,,
78536795,deadAbandoned,None,"Jul. 18, 2008",EVERDREAM STUDIOS LLC,,
78536801,deadAbandoned,LIA,"Jul. 18, 2008",EVERDREAM STUDIOS LLC,,
78538062,deadAbandoned,TWEAKXP.COM,"Jun. 12, 2008","Sinchak, Steven L.",,steve@stevesinchak.com
78536774,deadAbandoned,LIA,"Jul. 18, 2008",EVERDREAM STUDIOS LLC,,
78536719,REQUEST_FAILED,,,,,
78537610,REQUEST_FAILED,,,,,
78538177,deadAbandoned,AGENTOS,"Jun. 16, 2008",Mobile Agent Technologies,,mschneid@agentos.net
78538299,REQUEST_FAILED,,,,,
78539702,REQUEST_FAILED,,,,,
78541525,REQUEST_FAILED,,,,,
78542568,REQUEST_FAILED,,,,,
78544269,deadAbandoned,WATERNODE,"Mar. 21, 2008","Sensicore, Inc.",,
78543222,REQUEST_FAILED,,,,,
78544062,REQUEST_FAILED,,,,,
78544325,REQUEST_FAILED,,,,,
78545115,REQUEST_FAILED,,,,,
78544485,REQUEST_FAILED,,,,,
78546292,deadAbandoned,TYCOON ENTERTAINMENT,"Mar. 05, 2008","Tycoon Productions, Inc.",,
78545396,REQUEST_FAILED,,,,,
78546075,REQUEST_FAILED,,,,,
78546585,deadAbandoned,IMMEDIA,"Jul. 18, 2008","Farallon Medical, Inc.",,
78546578,REQUEST_FAILED,,,,,
78546769,REQUEST_FAILED,,,,,
78548435,REQUEST_FAILED,,,,,
78548426,REQUEST_FAILED,,,,,
78548561,REQUEST_FAILED,,,,,
78548641,REQUEST_FAILED,,,,,
78550130,deadAbandoned,SINGLE MINDED,"Jul. 18, 2008","Single Minded, LLC",,
78549404,REQUEST_FAILED,,,,,
78549450,REQUEST_FAILED,,,,,
78549889,REQUEST_FAILED,,,,,
78550239,REQUEST_FAILED,,,,,
78550502,REQUEST_FAILED,,,,,
78550776,REQUEST_FAILED,,,,,
78551980,deadAbandoned,NANOPROTEX,"Nov. 25, 2008",Nanotec Pty Ltd,,nanotec@nanotec.com.au
78550790,REQUEST_FAILED,,,,,
78551618,REQUEST_FAILED,,,,,
78551968,REQUEST_FAILED,,,,,
78552214,REQUEST_FAILED,,,,,
78552592,deadAbandoned,DERMACARETX,"Feb. 15, 2008",DLC Dermacare LLC,,
78552546,REQUEST_FAILED,,,,,
78552814,REQUEST_FAILED,,,,,
78553490,REQUEST_FAILED,,,,,
78554159,REQUEST_FAILED,,,,,
78554937,REQUEST_FAILED,,,,,
78555768,deadAbandoned,PADRES Y NINOS,"Jan. 25, 2008",MEREDITH CORPORATION,,mlerner@ssbb.com
78554990,REQUEST_FAILED,,,,,
78555740,deadAbandoned,PADRES Y NINOS,"Feb. 01, 2008",MEREDITH CORPORATION,,mlerner@ssbb.com
78555505,REQUEST_FAILED,,,,,
78557446,deadAbandoned,MOUSSE MAGIC,"Feb. 08, 2008",Cat Media Pty Ltd,,
78557672,REQUEST_FAILED,,,,,
78558108,REQUEST_FAILED,,,,,
78558960,deadAbandoned,PROJECT MIX,"May 10, 2008","Homer TLC, Inc.",,trade_marks@homedepot.com
78559244,deadAbandoned,BIKER BUDDIES,"Feb. 08, 2008",Richard A. Law,,richlaw_1@msn.com
78558467,deadAbandoned,SYNOCS,"Apr. 02, 2008","Hangzhou Synox Pigments Co.,Ltd",,wang@synox.com.cn
78559116,deadAbandoned,DIRTY N RED,"Aug. 20, 2008","Akins, Nicol D.",,nicolda@pacbell.net
78558473,REQUEST_FAILED,,,,,
78558504,REQUEST_FAILED,,,,,
78559571,REQUEST_FAILED,,,,,
78561529,deadAbandoned,CAMPUS,"May 28, 2008",Data Technology Corporation,,dlowrey@dtc-corp.com
78560626,REQUEST_FAILED,,,,,
78561021,REQUEST_FAILED,,,,,
78561401,REQUEST_FAILED,,,,,
78561426,REQUEST_FAILED,,,,,
78561589,REQUEST_FAILED,,,,,
78562218,REQUEST_FAILED,,,,,
78562331,REQUEST_FAILED,,,,,
78562623,REQUEST_FAILED,,,,,
78562685,REQUEST_FAILED,,,,,
78562767,REQUEST_FAILED,,,,,
78563170,REQUEST_FAILED,,,,,
78563364,REQUEST_FAILED,,,,,
78563500,REQUEST_FAILED,,,,,
78565325,REQUEST_FAILED,,,,,
78565696,deadAbandoned,PRAISE GOD,"Feb. 01, 2008",Praise God Sports Wear,,reggie.roberts@pgsportswear.com
78566622,deadAbandoned,MOUNTAIN TRAILS,"Jul. 01, 2008","MARFOOD USA, INC.",,
78566141,REQUEST_FAILED,,,,,
78566186,REQUEST_FAILED,,,,,
78567328,REQUEST_FAILED,,,,,
78567487,REQUEST_FAILED,,,,,
78567539,REQUEST_FAILED,,,,,
78568122,REQUEST_FAILED,,,,,
78568100,REQUEST_FAILED,,,,,
78568185,REQUEST_FAILED,,,,,
78569060,REQUEST_FAILED,,,,,
78569145,REQUEST_FAILED,,,,,
78570253,REQUEST_FAILED,,,,,
78571477,deadAbandoned,FORMCON,"Jan. 25, 2008",LENSCO,,sally.cecil@lensco.com
78571359,REQUEST_FAILED,,,,,
78573421,deadAbandoned,THE ROCKIMALS,"Nov. 17, 2008",Starworks Production Co. Ltd.,,
78571938,REQUEST_FAILED,,,,,
78572180,REQUEST_FAILED,,,,,
78573477,deadAbandoned,BERKLY,"Oct. 27, 2008",STARWORKS PRODUCTION CO. LTD.,,
78573434,REQUEST_FAILED,,,,,
78573441,REQUEST_FAILED,,,,,
78573716,REQUEST_FAILED,,,,,
78573986,REQUEST_FAILED,,,,,
78574061,REQUEST_FAILED,,,,,
78577906,deadAbandoned,GIRLS' NIGHT OUT,"May 02, 2008",Imagination Holdings Pty Ltd,,sarah.wishart@imagination.com.au
78575739,REQUEST_FAILED,,,,,
78575924,REQUEST_FAILED,,,,,
78577004,REQUEST_FAILED,,,,,
78577030,REQUEST_FAILED,,,,,
78577782,REQUEST_FAILED,,,,,
78580496,deadAbandoned,1 ONE SOURCE FOR YOUR HOME,"Nov. 18, 2008","Becker, Andrew S.",,
78582133,deadAbandoned,ROAD TRIP TRIVIA,"Jan. 08, 2008",Imagination Holdings Pty Ltd,,hostmaster@imagination.com.au
78580994,deadAbandoned,KAMASUTRA,"May 27, 2008",rigel systems inc,,
78580975,REQUEST_FAILED,,,,,
78581228,REQUEST_FAILED,,,,,
78581253,REQUEST_FAILED,,,,,
78582149,REQUEST_FAILED,,,,,
78582360,REQUEST_FAILED,,,,,
78582315,REQUEST_FAILED,,,,,
78582566,REQUEST_FAILED,,,,,
78583067,deadAbandoned,HARDCORE RECORDS,"Nov. 25, 2008",Fernando Charles jr,,casanova8182005@yahoo.com
78583480,REQUEST_FAILED,,,,,
78584088,REQUEST_FAILED,,,,,
78584202,REQUEST_FAILED,,,,,
78584516,deadAbandoned,BELA BABY,"Mar. 24, 2008","Bartner, Laura",,
78585041,REQUEST_FAILED,,,,,
78585084,REQUEST_FAILED,,,,,
78585313,REQUEST_FAILED,,,,,
78585940,REQUEST_FAILED,,,,,
78586368,deadAbandoned,L.V.M.S.,"Dec. 08, 2008","Xcel Holdings, LLC",,
78586018,REQUEST_FAILED,,,,,
78586374,deadAbandoned,LITTLE VOICE MANAGEMENT,"Nov. 07, 2008","Xcel Holdings, LLC",,
78587037,deadAbandoned,ALMOST HOME,"Dec. 02, 2008",Howard Hoffman,,howhof@comcast.net
78587968,deadAbandoned,SEE THE WORLD DIFFERENTLY.,"Nov. 04, 2008","SENOR DOG, INC.",,stoney407@yahoo.com
78586700,REQUEST_FAILED,,,,,
78587400,REQUEST_FAILED,,,,,
78587425,REQUEST_FAILED,,,,,
78588190,REQUEST_FAILED,,,,,
78588553,REQUEST_FAILED,,,,,
78589905,REQUEST_FAILED,,,,,
78591427,REQUEST_FAILED,,,,,
78593017,REQUEST_FAILED,,,,,
78593701,REQUEST_FAILED,,,,,
78593778,REQUEST_FAILED,,,,,
78595099,deadAbandoned,YUM,"Mar. 15, 2008","HATCH, INC.",,
78595370,REQUEST_FAILED,,,,,
78595573,REQUEST_FAILED,,,,,
78595669,REQUEST_FAILED,,,,,
78595844,REQUEST_FAILED,,,,,
78597156,deadAbandoned,AUCTIONCITIES.COM,"Jan. 02, 2008","Auctioncities.com, Inc.",,
78596302,REQUEST_FAILED,,,,,
78597036,deadAbandoned,NUTRIVA,"Jun. 20, 2008","Lopez, Juan A.",,jlopez@nutriva.com.mx
78596163,REQUEST_FAILED,,,,,
78597530,REQUEST_FAILED,,,,,
78598440,REQUEST_FAILED,,,,,
78598558,REQUEST_FAILED,,,,,
78598806,REQUEST_FAILED,,,,,
78600025,deadAbandoned,SOZOE,"Aug. 19, 2008","Ricotta, Margaret N.",,maggiericotta@comcast.net
78599105,REQUEST_FAILED,,,,,
78600241,REQUEST_FAILED,,,,,
78600268,REQUEST_FAILED,,,,,
78600565,REQUEST_FAILED,,,,,
78600599,REQUEST_FAILED,,,,,
78601231,REQUEST_FAILED,,,,,
78603638,REQUEST_FAILED,,,,,
78603971,REQUEST_FAILED,,,,,
78604572,REQUEST_FAILED,,,,,
78604728,REQUEST_FAILED,,,,,
78604792,REQUEST_FAILED,,,,,
78605367,REQUEST_FAILED,,,,,
78605246,REQUEST_FAILED,,,,,
78605415,REQUEST_FAILED,,,,,
78607157,deadAbandoned,EGLOBETECH,"Jun. 10, 2008","Dash, Jagannath",,
78605969,REQUEST_FAILED,,,,,
78606466,REQUEST_FAILED,,,,,
78609527,deadAbandoned,LOLA BOTANIQUE,"Nov. 03, 2008","OSEZ VOUS? INTERNATIONAL SPIRITS, LLC",,rcooper@jacquins.com
78607455,REQUEST_FAILED,,,,,
78609568,REQUEST_FAILED,,,,,
78609950,REQUEST_FAILED,,,,,
78610191,REQUEST_FAILED,,,,,
78610338,REQUEST_FAILED,,,,,
78610286,REQUEST_FAILED,,,,,
78611383,deadAbandoned,LATINSPHERE ENTERTAINMENT,"Apr. 07, 2008","Latinsphere, LLC",,
78611487,deadAbandoned,PETVERTIBLE,"Apr. 07, 2008","PETVERTIBLE PRODUCTS, LLC",,
78610536,REQUEST_FAILED,,,,,
78611420,REQUEST_FAILED,,,,,
78611668,REQUEST_FAILED,,,,,
78612184,REQUEST_FAILED,,,,,
78611682,REQUEST_FAILED,,,,,
78612703,REQUEST_FAILED,,,,,
78613683,REQUEST_FAILED,,,,,
78614010,REQUEST_FAILED,,,,,
78613848,REQUEST_FAILED,,,,,
78617170,deadAbandoned,CRITICAL ACCESS,"Apr. 03, 2008","Critical Access, Inc.",,
78615271,REQUEST_FAILED,,,,,
78614991,REQUEST_FAILED,,,,,
78616574,REQUEST_FAILED,,,,,
78617561,REQUEST_FAILED,,,,,
78618567,REQUEST_FAILED,,,,,
78618989,REQUEST_FAILED,,,,,
78618705,REQUEST_FAILED,,,,,
78619015,REQUEST_FAILED,,,,,
78619188,REQUEST_FAILED,,,,,
78619329,REQUEST_FAILED,,,,,
78621150,deadAbandoned,K. PHOENIX DESIGNS,"Nov. 24, 2008","K. Phoenix Holdings, LLC",,
78620529,REQUEST_FAILED,,,,,
78621121,deadAbandoned,KRISTINA PHOENIX,"Jun. 30, 2008","K. Phoenix Holdings, LLC",,
78620840,REQUEST_FAILED,,,,,
78620927,REQUEST_FAILED,,,,,
78620819,REQUEST_FAILED,,,,,
78622620,deadAbandoned,COQUIN,"Nov. 17, 2008","OSEZ VOUS? INTERNATIONAL SPIRITS, LLC",,rcooper@jacquins.com
78621798,deadAbandoned,NEGMUSIC,"Feb. 29, 2008","Fed Up, Inc.",,
78621355,REQUEST_FAILED,,,,,
78622621,deadAbandoned,PETITE COQUETTE,"Nov. 17, 2008","OSEZ VOUS? INTERNATIONAL SPIRITS, LLC",,rcooper@jacquins.com
78623995,deadAbandoned,QUICK FIX,"Jul. 07, 2008","Sellers, Timothy",,
78622955,REQUEST_FAILED,,,,,
78623475,REQUEST_FAILED,,,,,
78624279,REQUEST_FAILED,,,,,
78624396,REQUEST_FAILED,,,,,
78624498,REQUEST_FAILED,,,,,
78625237,REQUEST_FAILED,,,,,
78625131,REQUEST_FAILED,,,,,
78625269,REQUEST_FAILED,,,,,
78625535,REQUEST_FAILED,,,,,
78625819,REQUEST_FAILED,,,,,
78626472,deadAbandoned,BRANDHANDLING,"Feb. 22, 2008",BRANDHANDLING INTERNATIONAL LIMITED,,juditht@brandhandling.com
78627155,deadAbandoned,MPOLL,"May 12, 2008","Vocel, Inc.",,
78627425,deadAbandoned,SERVICIOS LATINOS,"Jan. 14, 2008","Molina-Lopez, Georgina",,
78626299,REQUEST_FAILED,,,,,
78627066,REQUEST_FAILED,,,,,
78627939,REQUEST_FAILED,,,,,
78628216,deadAbandoned,WELLNESS WORKDAYS,"Feb. 01, 2008",Sensible Nutrition Connection,,debra@sensiblenutrition.com
78628233,REQUEST_FAILED,,,,,
78628849,REQUEST_FAILED,,,,,
78629205,REQUEST_FAILED,,,,,
78631098,deadAbandoned,DANCING DIAMONDS,"Feb. 29, 2008","Bashoura, Inc.",,
78630807,REQUEST_FAILED,,,,,
78630928,REQUEST_FAILED,,,,,
78627395,REQUEST_FAILED,,,,,
78631955,deadAbandoned,HOOAH!,"Oct. 27, 2008","D'Andrea Brothers, LLC",,christian@hooahbar.com
78631604,REQUEST_FAILED,,,,,
78632137,REQUEST_FAILED,,,,,
78632267,REQUEST_FAILED,,,,,
78632712,REQUEST_FAILED,,,,,
78632818,REQUEST_FAILED,,,,,
78634007,deadAbandoned,REVERSE DIET SOLUTION,"May 21, 2008",Tricia Marie Cunningham,,
78634956,deadAbandoned,IDAHO LEGAL,"Jun. 05, 2008","Weaver, Craig Cox",,
78634262,REQUEST_FAILED,,,,,
78634372,REQUEST_FAILED,,,,,
78634384,REQUEST_FAILED,,,,,
78635763,deadAbandoned,DIGITAL COLOR IMAGING,"Jan. 28, 2008","Digital Color Imaging, Inc.",,
78636852,deadAbandoned,HOTCALL,"Dec. 29, 2008",ebuero AG,,
78635712,REQUEST_FAILED,,,,,
78636507,REQUEST_FAILED,,,,,
78636847,REQUEST_FAILED,,,,,
78637806,REQUEST_FAILED,,,,,
78638478,deadAbandoned,THE MARKETING ACADEMY,"Jul. 11, 2008","The Marketing Academy, Inc.",,
78638062,REQUEST_FAILED,,,,,
78638084,REQUEST_FAILED,,,,,
78638179,REQUEST_FAILED,,,,,
78638752,deadAbandoned,FUN2WEAR,"Oct. 27, 2008","Swirl Design, Inc.",,tina@swirlkids.com
78638247,REQUEST_FAILED,,,,,
78638900,REQUEST_FAILED,,,,,
78638961,REQUEST_FAILED,,,,,
78638969,REQUEST_FAILED,,,,,
78639259,REQUEST_FAILED,,,,,
78640864,deadAbandoned,PCCLERK,"Mar. 27, 2008","Strasil, Andrew T",,andy@basic-ware.com
78639724,REQUEST_FAILED,,,,,
78640235,REQUEST_FAILED,,,,,
78640846,REQUEST_FAILED,,,,,
78642928,deadAbandoned,IFLOW,"Apr. 27, 2008",O'Sullivan Computer Consulting Limited,,dermot@iflow-tech.com
78641443,REQUEST_FAILED,,,,,
78641602,REQUEST_FAILED,,,,,
78642098,REQUEST_FAILED,,,,,
78643243,REQUEST_FAILED,,,,,
78643254,REQUEST_FAILED,,,,,
78643329,REQUEST_FAILED,,,,,
78643795,REQUEST_FAILED,,,,,
78644067,REQUEST_FAILED,,,,,
78643857,REQUEST_FAILED,,,,,
78645173,deadAbandoned,OLDKA PREMIUM,"Oct. 27, 2008","ANEKS GROUP, LTD.",,
78644723,deadAbandoned,NEWHOMECD YOUR NEW HOME SEARCH STARTS HERE!,"Jan. 14, 2008",NEW HOME CD CORPORATION,,john@citihomes.net
78645988,deadAbandoned,PERMAPAC,"Oct. 08, 2008","Bioway America, Inc.",,l.lewis@bioway.com
78644861,REQUEST_FAILED,,,,,
78644976,REQUEST_FAILED,,,,,
78645776,REQUEST_FAILED,,,,,
78645856,REQUEST_FAILED,,,,,
78646195,REQUEST_FAILED,,,,,
78647336,deadAbandoned,PHISHALERT,"Feb. 14, 2008",Sophos Plc,,sally.whitehead@sophos.com
78646588,REQUEST_FAILED,,,,,
78646829,REQUEST_FAILED,,,,,
78646794,REQUEST_FAILED,,,,,
78647032,REQUEST_FAILED,,,,,
78647106,REQUEST_FAILED,,,,,
78648241,REQUEST_FAILED,,,,,
78648835,REQUEST_FAILED,,,,,
78648819,REQUEST_FAILED,,,,,
78648963,REQUEST_FAILED,,,,,
78648884,REQUEST_FAILED,,,,,
78649364,REQUEST_FAILED,,,,,
78649530,REQUEST_FAILED,,,,,
78649961,REQUEST_FAILED,,,,,
78650257,REQUEST_FAILED,,,,,
78650608,REQUEST_FAILED,,,,,
78650543,REQUEST_FAILED,,,,,
78650990,REQUEST_FAILED,,,,,
78651006,REQUEST_FAILED,,,,,
78651595,deadAbandoned,TEQUILA MI RANCHO,"Mar. 21, 2008","GONZALEZ F., FRANCISCO",,gutierrezwongtommasi@yahoo.com.mx
78652605,deadAbandoned,GRAPHTITE,"May 27, 2008","Best Gasket, Inc.",,armin@bestgasket.com
78652104,deadAbandoned,SCRAPMASTERS INC.,"Jun. 05, 2008",ScrapMasters Inc.,,david@scrap-masters.com
78652699,REQUEST_FAILED,,,,,
78652615,REQUEST_FAILED,,,,,
78652777,REQUEST_FAILED,,,,,
78653639,REQUEST_FAILED,,,,,
78654339,REQUEST_FAILED,,,,,
78655164,REQUEST_FAILED,,,,,
78655823,deadAbandoned,GOT COMPASSION ?,"Jul. 03, 2008","Lipton, Levani Rachel",,Lavanya108@aol.com
78656525,REQUEST_FAILED,,,,,
78656524,REQUEST_FAILED,,,,,
78656707,REQUEST_FAILED,,,,,
78656577,REQUEST_FAILED,,,,,
78657898,REQUEST_FAILED,,,,,
78657748,REQUEST_FAILED,,,,,
78658093,REQUEST_FAILED,,,,,
78658709,deadAbandoned,Z YACHTS,"Apr. 11, 2008","Z Yachts, Inc.",,
78658317,REQUEST_FAILED,,,,,
78658377,REQUEST_FAILED,,,,,
78659488,deadAbandoned,BUTLER GOLF CLUBS,"Jul. 07, 2008",One World Golf Group LLC,,carlo@oneworldgolf.com
78659485,REQUEST_FAILED,,,,,
78659740,REQUEST_FAILED,,,,,
78659693,REQUEST_FAILED,,,,,
78660212,REQUEST_FAILED,,,,,
78660260,REQUEST_FAILED,,,,,
78660831,deadAbandoned,TTYL8R,"Mar. 12, 2008","Unique Product Designs, Inc.",,idopromos@aol.com
78660283,REQUEST_FAILED,,,,,
78660738,REQUEST_FAILED,,,,,
78662320,deadAbandoned,INVENTCHAIN,"May 21, 2008","Dohse, Ryan",,rdohse@rasicorp.com
78661371,REQUEST_FAILED,,,,,
78662306,REQUEST_FAILED,,,,,
78662492,deadAbandoned,DERMACRACIE,"Jun. 13, 2008","Bath & Body Works, Inc.",,
78662316,deadAbandoned,ONE-HAVANA-NIGHT,"Mar. 06, 2008","Viashow, Inc.",,
78662310,REQUEST_FAILED,,,,,
78663422,deadAbandoned,H2BIKE DRINKING SYSTEM FOR BIKERS,"Nov. 03, 2008",BlueDesert Ltd.,,amit@bluedesert.co.il
78663170,REQUEST_FAILED,,,,,
78662958,REQUEST_FAILED,,,,,
78663064,REQUEST_FAILED,,,,,
78663730,REQUEST_FAILED,,,,,
78663879,deadAbandoned,LOS HUASTECOS,"Jun. 16, 2008","Montemayor, Carlos Alberto Salinas",,
78663867,REQUEST_FAILED,,,,,
78663957,REQUEST_FAILED,,,,,
78664765,REQUEST_FAILED,,,,,
78664750,REQUEST_FAILED,,,,,
78664775,REQUEST_FAILED,,,,,
78664878,REQUEST_FAILED,,,,,
78665125,REQUEST_FAILED,,,,,
78665496,REQUEST_FAILED,,,,,
78666018,REQUEST_FAILED,,,,,
78665940,REQUEST_FAILED,,,,,
78666041,REQUEST_FAILED,,,,,
78666058,REQUEST_FAILED,,,,,
78666205,REQUEST_FAILED,,,,,
78666216,REQUEST_FAILED,,,,,
78666708,REQUEST_FAILED,,,,,
78666932,REQUEST_FAILED,,,,,
78667147,REQUEST_FAILED,,,,,
78667338,REQUEST_FAILED,,,,,
78667906,REQUEST_FAILED,,,,,
78667578,REQUEST_FAILED,,,,,
78667990,REQUEST_FAILED,,,,,
78669178,deadAbandoned,SHELBY GRAY,"Feb. 08, 2008","Glabman, Brian",,
78668560,REQUEST_FAILED,,,,,
78669026,deadAbandoned,MAIDEN NOIR -SON OF THE SEVENTH- NO 7,"Mar. 25, 2008","Luxe Riot, LLC",,nin@luxeriot.com
78668995,REQUEST_FAILED,,,,,
78669052,REQUEST_FAILED,,,,,
78669478,REQUEST_FAILED,,,,,
78669496,REQUEST_FAILED,,,,,
78670589,REQUEST_FAILED,,,,,
78670520,REQUEST_FAILED,,,,,
78670830,REQUEST_FAILED,,,,,
78671316,REQUEST_FAILED,,,,,
78671319,REQUEST_FAILED,,,,,
78671461,REQUEST_FAILED,,,,,
78671551,REQUEST_FAILED,,,,,
78672012,REQUEST_FAILED,,,,,
78672394,REQUEST_FAILED,,,,,
78673414,REQUEST_FAILED,,,,,
78673428,REQUEST_FAILED,,,,,
78675020,deadAbandoned,WESTCONNECT,"Jun. 30, 2008",El Paso Electric Company,,
78673958,REQUEST_FAILED,,,,,
78673909,REQUEST_FAILED,,,,,
78675466,deadAbandoned,RED LIGHT CASH,"Jan. 10, 2008","Joseph, David",,
78675549,REQUEST_FAILED,,,,,
78676354,deadAbandoned,SIZE MATTERS,"Jul. 07, 2008","Conde, Jason",,
78675908,REQUEST_FAILED,,,,,
78676229,REQUEST_FAILED,,,,,
78676839,REQUEST_FAILED,,,,,
78677577,REQUEST_FAILED,,,,,
78676956,REQUEST_FAILED,,,,,
78678270,REQUEST_FAILED,,,,,
78678440,REQUEST_FAILED,,,,,
78678506,deadAbandoned,PRECIOUS FORMALS,"Aug. 02, 2008","PRECIOUS FORMALS, INC.",,
78678848,REQUEST_FAILED,,,,,
78679987,REQUEST_FAILED,,,,,
78680155,REQUEST_FAILED,,,,,
78678894,REQUEST_FAILED,,,,,
78681174,deadAbandoned,CRIMINAL RECORDS,"Apr. 08, 2008",Jordan Thomes,,Qhrist@aol.com
78680763,REQUEST_FAILED,,,,,
78681506,deadAbandoned,DOODLER,"Jul. 25, 2008",PRODUCTION LINE LIMITED,,prod.line@btconnect.com
78681204,REQUEST_FAILED,,,,,
78680390,REQUEST_FAILED,,,,,
78681182,REQUEST_FAILED,,,,,
78682188,deadAbandoned,GOOD2GO 0.00,"Nov. 24, 2008","Rosasco, Barbara S.",,rosasco@tkb.att.ne.jp
78681904,REQUEST_FAILED,,,,,
78683052,REQUEST_FAILED,,,,,
78683658,REQUEST_FAILED,,,,,
78683822,REQUEST_FAILED,,,,,
78683909,REQUEST_FAILED,,,,,
78683954,REQUEST_FAILED,,,,,
78684442,REQUEST_FAILED,,,,,
78684255,REQUEST_FAILED,,,,,
78684652,REQUEST_FAILED,,,,,
78685101,REQUEST_FAILED,,,,,
78685264,REQUEST_FAILED,,,,,
78685612,REQUEST_FAILED,,,,,
78686061,REQUEST_FAILED,,,,,
78686546,REQUEST_FAILED,,,,,
78687149,deadAbandoned,AVID,"Apr. 24, 2008","Temple Home Holdings Ltd., LLC",,james.fu@wenllys.com
78687059,REQUEST_FAILED,,,,,
78687084,REQUEST_FAILED,,,,,
78687088,REQUEST_FAILED,,,,,
78687099,REQUEST_FAILED,,,,,
78687360,deadAbandoned,NO EXCUSE WILL DO,"Mar. 04, 2008","Wilson, Roger Carl",,cephus8@cox.net
78687250,deadAbandoned,ETERNAL ROSARY,"Jan. 12, 2008","Turbe, Janet J.",,jtfreeway@earthlink.net
78688177,deadAbandoned,NOBODY CAN IMITATE PENGUIN'S,"Mar. 19, 2008",Penguins Partners,,
78688184,deadAbandoned,PENGUIN'S CAFE,"Jan. 03, 2008",Penguins Partners,,
78688076,REQUEST_FAILED,,,,,
78688113,REQUEST_FAILED,,,,,
78688181,deadAbandoned,LITE LUNCH IN A CUP,"Feb. 07, 2008",Penguins Partners,,
78688189,deadAbandoned,SLIM PENGUIN,"Jan. 03, 2008",Penguins Partners,,
78688191,REQUEST_FAILED,,,,,
78688194,REQUEST_FAILED,,,,,
78689091,deadAbandoned,N8IONWIDE MINISTRIES,"Jul. 21, 2008","Williams, Anthony C., II",,
78688785,REQUEST_FAILED,,,,,
78688676,REQUEST_FAILED,,,,,
78689032,REQUEST_FAILED,,,,,
78689069,REQUEST_FAILED,,,,,
78689533,deadAbandoned,NATIONS LENDING CORP.,"Dec. 16, 2008",Nations Lending Corporation,,jeremy.sopko@nfinancial.net
78689122,REQUEST_FAILED,,,,,
78689111,REQUEST_FAILED,,,,,
78689592,deadAbandoned,MONSTER,"Nov. 12, 2008",MONSTER INDUSTRIAL,,
78689649,deadAbandoned,MONSTER GLUE,"Nov. 12, 2008",MONSTER INDUSTRIAL,,
78689639,deadAbandoned,JOIN THE REVOLUTION DO IT MONSTER STYLE,"Nov. 12, 2008",MONSTER INDUSTRIAL,,
78689519,REQUEST_FAILED,,,,,
78689609,REQUEST_FAILED,,,,,
78689623,REQUEST_FAILED,,,,,
78690310,deadAbandoned,OUT OF THE CLOSET GAYLA,"Apr. 17, 2008",Wiley Joshua Jacob,,weathervein@sbcglobal.net
78689661,REQUEST_FAILED,,,,,
78689923,deadAbandoned,HANAUMA SURF CO.,"Jul. 14, 2008","Overstock.com, Inc.",,
78689799,REQUEST_FAILED,,,,,
78691181,deadAbandoned,JOOXY,"Mar. 10, 2008","Stefano, Ruozzi",,fashion@fashionline.it
78691911,deadAbandoned,GOLFMAN,"Jan. 12, 2008","Fussell Media, LLC",,
78690622,REQUEST_FAILED,,,,,
78690543,REQUEST_FAILED,,,,,
78691167,REQUEST_FAILED,,,,,
78692289,deadAbandoned,CELEBRITY BUNCO,"Dec. 30, 2008",Imagination Holdings Pty Ltd,,sarah.wishart@imagination.com.au
78691874,REQUEST_FAILED,,,,,
78692061,deadAbandoned,JOOXY,"Mar. 10, 2008","Stefano, Ruozzi",,fashion@fashionline.it
78691891,REQUEST_FAILED,,,,,
78692397,deadAbandoned,BRAVURA,"Mar. 14, 2008","Atrium Companies, Inc.",,
78692149,REQUEST_FAILED,,,,,
78692367,REQUEST_FAILED,,,,,
78693526,deadAbandoned,RUBBA,"Apr. 04, 2008","ALLEN REED COMPANY, INC.",,
78693044,REQUEST_FAILED,,,,,
78693145,REQUEST_FAILED,,,,,
78693155,REQUEST_FAILED,,,,,
78693522,REQUEST_FAILED,,,,,
78694017,REQUEST_FAILED,,,,,
78694030,REQUEST_FAILED,,,,,
78694398,REQUEST_FAILED,,,,,
78694043,REQUEST_FAILED,,,,,
78694559,REQUEST_FAILED,,,,,
78694571,REQUEST_FAILED,,,,,
78695369,deadAbandoned,SKY GUARDIANS,"Oct. 05, 2008","SANCHEZ, EDUARDO",,eduardosanchez@usa.com
78694680,REQUEST_FAILED,,,,,
78694792,REQUEST_FAILED,,,,,
78695730,REQUEST_FAILED,,,,,
78696289,deadAbandoned,PRIVATE LIVING,"Jan. 17, 2008","Mike, Cecil Anthony",,
78696704,deadAbandoned,AEGIS INTERWORLD,"Jun. 19, 2008","Aegis InterWorld, Inc.",,
78696211,REQUEST_FAILED,,,,,
78696625,deadAbandoned,AEGIS INTERWORLD,"Jun. 19, 2008","Aegis InterWorld, Inc.",,
78696263,REQUEST_FAILED,,,,,
78696769,deadAbandoned,THE SCRUB MACHINE,"Dec. 15, 2008",BRANDHANDLING INTERNATIONAL LIMITED,,juditht@brandhandling.com
78696612,REQUEST_FAILED,,,,,
78697012,REQUEST_FAILED,,,,,
78697209,REQUEST_FAILED,,,,,
78697253,REQUEST_FAILED,,,,,
78698758,deadAbandoned,RAWTRITION,"Aug. 18, 2008","Brand, Emily",,emilygee@hotmail.com
78697481,REQUEST_FAILED,,,,,
78697953,REQUEST_FAILED,,,,,
78698427,REQUEST_FAILED,,,,,
78698911,REQUEST_FAILED,,,,,
78699090,REQUEST_FAILED,,,,,
78699104,REQUEST_FAILED,,,,,
78699120,REQUEST_FAILED,,,,,
78700024,deadAbandoned,LOKTURF,"Feb. 25, 2008",Sportsturf Management Systems Australia P/L,,natlok@bigpond.net.au
78699573,REQUEST_FAILED,,,,,
78699957,REQUEST_FAILED,,,,,
78700692,deadAbandoned,BLESSED COVERING'S,"Apr. 13, 2008","DAY, DANA",,
78700326,REQUEST_FAILED,,,,,
78700337,REQUEST_FAILED,,,,,
78700896,REQUEST_FAILED,,,,,
78701986,deadAbandoned,ISLAND SMILE,"Mar. 12, 2008",Michael J Olmstead,,mike@drolmstead.com
78701248,REQUEST_FAILED,,,,,
78702089,REQUEST_FAILED,,,,,
78702092,REQUEST_FAILED,,,,,
78702426,REQUEST_FAILED,,,,,
78702129,REQUEST_FAILED,,,,,
78702702,REQUEST_FAILED,,,,,
78703381,deadAbandoned,IT'S ALL ABOUT MAINE,"Feb. 24, 2008",It's All About Maine,,info@itsallaboutmaine.com
78704152,deadAbandoned,ACTIVE LIVING,"Feb. 29, 2008","Human Kinetics Publishers, Inc.",,
78703647,REQUEST_FAILED,,,,,
78703772,REQUEST_FAILED,,,,,
78704480,deadAbandoned,CLAD STONE,"Sep. 17, 2008",GESTION GAMADARE INC.,,j.tourangeau@pfdlex.com
78703859,REQUEST_FAILED,,,,,
78704265,REQUEST_FAILED,,,,,
78704407,REQUEST_FAILED,,,,,
78705410,REQUEST_FAILED,,,,,
78705439,REQUEST_FAILED,,,,,
78704785,deadAbandoned,GORKY PARK,"Mar. 07, 2008","Namin, Stas",,sncentre@mtu.ru
78706502,REQUEST_FAILED,,,,,
78706408,REQUEST_FAILED,,,,,
78706610,deadAbandoned,HORIZON CAREER,"Sep. 10, 2008","Wang, Rebecca, A.",,rwang@horizoncareer.com
78706857,REQUEST_FAILED,,,,,
78707341,REQUEST_FAILED,,,,,
78706815,deadAbandoned,LIFESTYLES OF THE FAITHFUL BUT BROKE,"Mar. 05, 2008","First Steps Unlimited, LLC",,ourfirststepsllc@aol.com
78707539,REQUEST_FAILED,,,,,
78707782,REQUEST_FAILED,,,,,
78707687,REQUEST_FAILED,,,,,
78708653,REQUEST_FAILED,,,,,
78709341,REQUEST_FAILED,,,,,
78709263,REQUEST_FAILED,,,,,
78709399,REQUEST_FAILED,,,,,
78709494,REQUEST_FAILED,,,,,
78709786,REQUEST_FAILED,,,,,
78709886,REQUEST_FAILED,,,,,
78709816,REQUEST_FAILED,,,,,
78710171,REQUEST_FAILED,,,,,
78710193,deadAbandoned,SCRATCH'N SNIFF,"Apr. 10, 2008",Tradeco Inc.,,lshuster@remco.ca
78710243,REQUEST_FAILED,,,,,
78710531,REQUEST_FAILED,,,,,
78710578,deadAbandoned,KOAN-OSCOPY,"Feb. 15, 2008",Millyon Marketing Concepts,,
78710535,REQUEST_FAILED,,,,,
78710538,REQUEST_FAILED,,,,,
78710569,REQUEST_FAILED,,,,,
78710678,deadAbandoned,MAGICTAXI,"Dec. 15, 2008",Affinity Internet Marketing Limited,,
78710589,REQUEST_FAILED,,,,,
78710747,REQUEST_FAILED,,,,,
78710702,REQUEST_FAILED,,,,,
78711484,REQUEST_FAILED,,,,,
78711246,REQUEST_FAILED,,,,,
78712307,REQUEST_FAILED,,,,,
78712316,REQUEST_FAILED,,,,,
78713417,deadAbandoned,LITTLEFINGERS,"Feb. 28, 2008","Nusser, Dennis W.",,
78712845,REQUEST_FAILED,,,,,
78712862,REQUEST_FAILED,,,,,
78713270,REQUEST_FAILED,,,,,
78713304,REQUEST_FAILED,,,,,
78713718,REQUEST_FAILED,,,,,
78713841,REQUEST_FAILED,,,,,
78713857,REQUEST_FAILED,,,,,
78714275,REQUEST_FAILED,,,,,
78714956,deadAbandoned,MAXUM GAMES,"Jan. 18, 2008","MAXUM STUDIOS, LLC.",,acruz@maxumgames.com
78715125,deadAbandoned,MUDDER OF ALL CLEANERS,"Feb. 15, 2008",MONSTER INDUSTRIAL,,
78714853,REQUEST_FAILED,,,,,
78714926,REQUEST_FAILED,,,,,
78715189,REQUEST_FAILED,,,,,
78715190,REQUEST_FAILED,,,,,
78715197,REQUEST_FAILED,,,,,
78715436,REQUEST_FAILED,,,,,
78715477,REQUEST_FAILED,,,,,
78716134,REQUEST_FAILED,,,,,
78716155,REQUEST_FAILED,,,,,
78716145,REQUEST_FAILED,,,,,
78716174,REQUEST_FAILED,,,,,
78716591,REQUEST_FAILED,,,,,
78716703,REQUEST_FAILED,,,,,
78716797,REQUEST_FAILED,,,,,
78716949,REQUEST_FAILED,,,,,
78717441,deadAbandoned,PURE HEART ANGELS,"Jul. 16, 2008","PURE HEART, LLC.",,
78717452,deadAbandoned,PURE HEART,"Nov. 17, 2008","PURE HEART, LLC.",,
78717105,REQUEST_FAILED,,,,,
78717434,deadAbandoned,HEART OF FIRE,"Apr. 29, 2008","PURE HEART, LLC.",,
78717464,deadAbandoned,PRINCE NOEL,"Apr. 29, 2008","PURE HEART, LLC.",,
78717371,REQUEST_FAILED,,,,,
78717389,REQUEST_FAILED,,,,,
78717666,REQUEST_FAILED,,,,,
78718223,REQUEST_FAILED,,,,,
78718743,REQUEST_FAILED,,,,,
78719736,REQUEST_FAILED,,,,,
78719922,REQUEST_FAILED,,,,,
78720096,REQUEST_FAILED,,,,,
78720140,REQUEST_FAILED,,,,,
78720961,deadAbandoned,CALI BORN,"Dec. 19, 2008","Monroe, Mignon",,marmign@sbcglobal.net
78720905,REQUEST_FAILED,,,,,
78720983,REQUEST_FAILED,,,,,
78721334,REQUEST_FAILED,,,,,
78721988,deadAbandoned,YVOIRE,"Dec. 15, 2008","OSEZ VOUS? INTERNATIONAL SPIRITS, LLC",,rcooper@jacquins.com
78721804,REQUEST_FAILED,,,,,
78722138,REQUEST_FAILED,,,,,
78722450,deadAbandoned,MONSTER,"Nov. 12, 2008",MONSTER INDUSTRIAL,,
78722258,REQUEST_FAILED,,,,,
78722694,REQUEST_FAILED,,,,,
78722843,deadAbandoned,BUNCO WORLD CHAMPIONSHIP,"Dec. 30, 2008",Imagination Holdings Pty Ltd,,sarah.wishart@imagination.com.au
78722830,REQUEST_FAILED,,,,,
78722848,REQUEST_FAILED,,,,,
78722850,REQUEST_FAILED,,,,,
78723377,REQUEST_FAILED,,,,,
78723501,REQUEST_FAILED,,,,,
78723656,REQUEST_FAILED,,,,,
78723658,REQUEST_FAILED,,,,,
78723738,REQUEST_FAILED,,,,,
78724852,deadAbandoned,CIVICCENTRIC,"Jan. 04, 2008","ESPEC TECHNOLOGIES, INC.",,
78723859,REQUEST_FAILED,,,,,
78724424,REQUEST_FAILED,,,,,
78724735,REQUEST_FAILED,,,,,
78724766,REQUEST_FAILED,,,,,
78724866,REQUEST_FAILED,,,,,
78724856,REQUEST_FAILED,,,,,
78725058,REQUEST_FAILED,,,,,
78726915,deadAbandoned,NANNOPLY,"Jan. 04, 2008",CASTAREL CO.,,alan.pogacic@zg.htnet.hr
78726215,REQUEST_FAILED,,,,,
78726468,REQUEST_FAILED,,,,,
78726622,deadAbandoned,SOCIAL BREZZY INCORPORATED CLOTHING COMPANY,"Jan. 11, 2008","Cristal L. Byrns and Corey G. Cavallaro Partnership, The",,ocwhitegirl88@juno.com
78726594,REQUEST_FAILED,,,,,
78726920,REQUEST_FAILED,,,,,
78727241,REQUEST_FAILED,,,,,
78728425,deadAbandoned,BEACHFLOWER,"Mar. 07, 2008",Shani Sunshine Inc.,,
78727841,REQUEST_FAILED,,,,,
78727853,REQUEST_FAILED,,,,,
78728184,REQUEST_FAILED,,,,,
78728445,deadAbandoned,None,"Jan. 11, 2008",Shani Sunshine Inc.,,
78728451,deadAbandoned,ETHNOS,"Apr. 11, 2008","Garrett, Maurice D",,dominicmaurice@yahoo.com
78728507,REQUEST_FAILED,,,,,
78729175,REQUEST_FAILED,,,,,
78729695,deadAbandoned,MICROLITE,"Oct. 27, 2008",International Paper Company,,stephanie.haupt@ipaper.com
78729423,REQUEST_FAILED,,,,,
78730218,deadAbandoned,BALLER STATUS CLOTHING LINE,"Apr. 17, 2008","Baller Status, Inc.",,
78729554,REQUEST_FAILED,,,,,
78729595,REQUEST_FAILED,,,,,
78730214,deadAbandoned,BALLER STATUS,"Apr. 17, 2008","Baller Status, Inc.",,
78730532,deadAbandoned,E-Z FUN,"Mar. 30, 2008",IANIERI TOM,,tomianieri@videotron.ca
78730310,REQUEST_FAILED,,,,,
78730668,REQUEST_FAILED,,,,,
78730588,REQUEST_FAILED,,,,,
78731049,REQUEST_FAILED,,,,,
78731206,REQUEST_FAILED,,,,,
78731370,REQUEST_FAILED,,,,,
78731392,REQUEST_FAILED,,,,,
78731424,REQUEST_FAILED,,,,,
78732248,deadAbandoned,HEALTHWORKS CHIROPRACTIC,"Mar. 29, 2008",Healthworks Chiropractic,,healthworks@healthworks-chiropractic.com
78731928,REQUEST_FAILED,,,,,
78731947,REQUEST_FAILED,,,,,
78732174,REQUEST_FAILED,,,,,
78732103,REQUEST_FAILED,,,,,
78732216,REQUEST_FAILED,,,,,
78732315,REQUEST_FAILED,,,,,
78732328,REQUEST_FAILED,,,,,
78732346,REQUEST_FAILED,,,,,
78732817,REQUEST_FAILED,,,,,
78733237,REQUEST_FAILED,,,,,
78733963,REQUEST_FAILED,,,,,
78734091,REQUEST_FAILED,,,,,
78734173,REQUEST_FAILED,,,,,
78734124,REQUEST_FAILED,,,,,
78735007,deadAbandoned,KLAZZÍZ,"Apr. 11, 2008","Vazquez, Carlos R.",,
78734719,REQUEST_FAILED,,,,,
78734974,REQUEST_FAILED,,,,,
78735149,REQUEST_FAILED,,,,,
78735239,REQUEST_FAILED,,,,,
78735716,REQUEST_FAILED,,,,,
78735743,REQUEST_FAILED,,,,,
78736185,REQUEST_FAILED,,,,,
78737644,deadAbandoned,JEW WATCH,"Jan. 24, 2008","Weltner, Frank R.",,cpotato2004@yahoo.com
78736660,REQUEST_FAILED,,,,,
78737351,REQUEST_FAILED,,,,,
78737586,REQUEST_FAILED,,,,,
78738208,REQUEST_FAILED,,,,,
78738815,deadAbandoned,FRUITION,"Jun. 12, 2008",FRUITION,,freekee@freekee.info
78738670,REQUEST_FAILED,,,,,
78738690,REQUEST_FAILED,,,,,
78738879,deadAbandoned,RUBY ROCK,"Jul. 07, 2008","Bouche, Charlotte",,
78738983,deadAbandoned,BLACK SHEEP CYCLES,"Nov. 17, 2008","Black Sheep Cycles, LLC",,blacksheepcycles@earthlink.net
78738952,REQUEST_FAILED,,,,,
78739036,REQUEST_FAILED,,,,,
78739164,REQUEST_FAILED,,,,,
78740306,REQUEST_FAILED,,,,,
78740965,REQUEST_FAILED,,,,,
78740994,REQUEST_FAILED,,,,,
78741157,REQUEST_FAILED,,,,,
78741260,REQUEST_FAILED,,,,,
78741687,deadAbandoned,None,"Sep. 23, 2008",Comnexia Corporation,,
78741398,REQUEST_FAILED,,,,,
78741580,REQUEST_FAILED,,,,,
78742016,REQUEST_FAILED,,,,,
78742190,REQUEST_FAILED,,,,,
78742319,REQUEST_FAILED,,,,,
78742401,REQUEST_FAILED,,,,,
78742461,REQUEST_FAILED,,,,,
78742605,REQUEST_FAILED,,,,,
78742806,REQUEST_FAILED,,,,,
78743207,REQUEST_FAILED,,,,,
78743309,REQUEST_FAILED,,,,,
78743997,deadAbandoned,BEAT THE BOMB,"Feb. 11, 2008",Imagination Holdings Pty Ltd,,sarah.wishart@imagination.com.au
78743538,REQUEST_FAILED,,,,,
78743995,REQUEST_FAILED,,,,,
78744058,REQUEST_FAILED,,,,,
78744104,REQUEST_FAILED,,,,,
78744147,REQUEST_FAILED,,,,,
78744338,REQUEST_FAILED,,,,,
78745081,deadAbandoned,CAPFI,"May 16, 2008","CapFinancial Partners, LLC",,mike.strother@captrustadvisors.com
78744576,REQUEST_FAILED,,,,,
78745017,REQUEST_FAILED,,,,,
78745204,REQUEST_FAILED,,,,,
78745215,REQUEST_FAILED,,,,,
78745498,REQUEST_FAILED,,,,,
78745568,REQUEST_FAILED,,,,,
78745936,REQUEST_FAILED,,,,,
78745998,REQUEST_FAILED,,,,,
78746221,REQUEST_FAILED,,,,,
78746836,deadAbandoned,IBOSS CONTENT FILTERING,"Mar. 01, 2008",Phantom Technologies LLC,,peter.martini@iphantom.com
78746376,REQUEST_FAILED,,,,,
78746419,REQUEST_FAILED,,,,,
78746661,REQUEST_FAILED,,,,,
78747054,REQUEST_FAILED,,,,,
78747132,REQUEST_FAILED,,,,,
78748012,deadAbandoned,RICH 'N' NASTY,"Feb. 12, 2008",X-Welt GmbH,,juergen.schuler@firstask.de
78747076,REQUEST_FAILED,,,,,
78748072,REQUEST_FAILED,,,,,
78748887,deadAbandoned,JESUS IS MY GURU,"Jan. 11, 2008",Flaunt the Faith Company,,flaunt_the_faith@yahoo.com
78748284,REQUEST_FAILED,,,,,
78748802,REQUEST_FAILED,,,,,
78749313,REQUEST_FAILED,,,,,
78749795,REQUEST_FAILED,,,,,
78749932,REQUEST_FAILED,,,,,
78750062,REQUEST_FAILED,,,,,
78750329,REQUEST_FAILED,,,,,
78750358,REQUEST_FAILED,,,,,
78750373,REQUEST_FAILED,,,,,
78750518,REQUEST_FAILED,,,,,
78750599,REQUEST_FAILED,,,,,
78750975,deadAbandoned,UX MEET,"Feb. 26, 2008","Ux, Inc.",,JLong@MBA1977.HBS.Edu
78750723,REQUEST_FAILED,,,,,
78750931,REQUEST_FAILED,,,,,
78750940,REQUEST_FAILED,,,,,
78751360,REQUEST_FAILED,,,,,
78751661,REQUEST_FAILED,,,,,
78751894,REQUEST_FAILED,,,,,
78751844,REQUEST_FAILED,,,,,
78752015,REQUEST_FAILED,,,,,
78752186,REQUEST_FAILED,,,,,
78752412,REQUEST_FAILED,,,,,
78752536,REQUEST_FAILED,,,,,
78752544,REQUEST_FAILED,,,,,
78752792,REQUEST_FAILED,,,,,
78752878,REQUEST_FAILED,,,,,
78753103,REQUEST_FAILED,,,,,
78753786,REQUEST_FAILED,,,,,
78754212,REQUEST_FAILED,,,,,
78755236,deadAbandoned,POWERDEX AFX AIR-FUEL MONITOR,"Jan. 14, 2008","NGK Spark Plugs (U.S.A.), Inc.",,nitz@rjconlin.com
78754647,REQUEST_FAILED,,,,,
78754688,REQUEST_FAILED,,,,,
78754796,REQUEST_FAILED,,,,,
78755646,deadAbandoned,PROVIDING THE PERSONAL TOUCH IN MEDICAL STAFFING,"May 14, 2008","Staff Connections, LLC",,jmicallef@comcast.net
78755325,REQUEST_FAILED,,,,,
78755736,deadAbandoned,SEA MONSTER,"Nov. 12, 2008",MONSTER INDUSTRIAL,,
78755741,deadAbandoned,MONSTER,"Nov. 12, 2008",MONSTER INDUSTRIAL,,
78755469,REQUEST_FAILED,,,,,
78755563,REQUEST_FAILED,,,,,
78755800,deadAbandoned,JULIANO JEANS,"Jul. 04, 2008","Juliano, Frances",,
78755743,deadAbandoned,SEA MONSTER,"Nov. 12, 2008","MONSTER DADDY, LLC",,
78755742,REQUEST_FAILED,,,,,
78755750,REQUEST_FAILED,,,,,
78755982,REQUEST_FAILED,,,,,
78756012,REQUEST_FAILED,,,,,
78756054,REQUEST_FAILED,,,,,
78756204,REQUEST_FAILED,,,,,
78756635,deadAbandoned,BIOIMMUNE,"Jul. 10, 2008","Yan, Jessie",,jessie33@verizon.net
78756356,REQUEST_FAILED,,,,,
78756600,REQUEST_FAILED,,,,,
78756846,REQUEST_FAILED,,,,,
78757241,deadAbandoned,THE AMERICAN DREAM IS NOW A CHOICE,"Jun. 26, 2008",Primetime Financial Services Inc.,,danny@betterchoiceloans.com
78757740,deadAbandoned,MOLECULAR,"Dec. 08, 2008","MOLECULAR ENTERTAINMENT, LLC",,
78756907,REQUEST_FAILED,,,,,
78756981,REQUEST_FAILED,,,,,
78757323,REQUEST_FAILED,,,,,
78757531,REQUEST_FAILED,,,,,
78757822,REQUEST_FAILED,,,,,
78757757,REQUEST_FAILED,,,,,
78757892,REQUEST_FAILED,,,,,
78758352,REQUEST_FAILED,,,,,
78758785,REQUEST_FAILED,,,,,
78758648,REQUEST_FAILED,,,,,
78759081,REQUEST_FAILED,,,,,
78758885,REQUEST_FAILED,,,,,
78759581,REQUEST_FAILED,,,,,
78759666,REQUEST_FAILED,,,,,
78760347,REQUEST_FAILED,,,,,
78760684,REQUEST_FAILED,,,,,
78759846,REQUEST_FAILED,,,,,
78760885,deadAbandoned,"CIKT CREATIVITY, INNOVATION & KNOWLEDGE TRANSFER","Jan. 04, 2008","Guenzi, Arron Charles",,acguenzi@earthlink.net
78760825,deadAbandoned,IHHA INTERNATIONAL HIP-HOP AWARDS,"Sep. 18, 2008","The Womb, Inc.",,westley@thewomb.com
78758129,REQUEST_FAILED,,,,,
78760812,REQUEST_FAILED,,,,,
78760862,REQUEST_FAILED,,,,,
78760961,REQUEST_FAILED,,,,,
78761958,deadAbandoned,RUST ATTACK,"Jul. 02, 2008","Jones, Eldridge, Eric",,flexcoatings@gmail.com
78762058,deadAbandoned,REPRO SELECT,"Mar. 19, 2008","Ernest J. Bailes, IV",,ernest@reproselect.com
78761138,REQUEST_FAILED,,,,,
78761667,REQUEST_FAILED,,,,,
78761968,REQUEST_FAILED,,,,,
78762312,REQUEST_FAILED,,,,,
78762479,REQUEST_FAILED,,,,,
78763094,REQUEST_FAILED,,,,,
78763394,REQUEST_FAILED,,,,,
78764044,REQUEST_FAILED,,,,,
78764287,REQUEST_FAILED,,,,,
78764262,REQUEST_FAILED,,,,,
78764305,REQUEST_FAILED,,,,,
78765108,deadAbandoned,AMAZON THUNDER DRINK THUNDER FEEL THE POWER!,"Oct. 03, 2008",Amazon Thunder Inc.,,todd@amazonthunder.com
78764421,REQUEST_FAILED,,,,,
78764921,REQUEST_FAILED,,,,,
78765270,deadAbandoned,HOPEZANA,"Apr. 18, 2008","Madison, Carmela",,
78765494,REQUEST_FAILED,,,,,
78765518,REQUEST_FAILED,,,,,
78765327,REQUEST_FAILED,,,,,
78766300,deadAbandoned,OUTERNET,"Jun. 06, 2008","Gambale, Nunzio A.",,nunzio.gambale@locatacorp.com
78766140,REQUEST_FAILED,,,,,
78766130,REQUEST_FAILED,,,,,
78766711,REQUEST_FAILED,,,,,
78766773,REQUEST_FAILED,,,,,
78766883,REQUEST_FAILED,,,,,
78767195,deadAbandoned,ONEWIRELESS,"Jun. 18, 2008","sullivan, robert j",,bobsullivan@earthlink.net
78766922,REQUEST_FAILED,,,,,
78767187,deadAbandoned,AIRTUNES,"Oct. 31, 2008",Specialty Enterprises Ltd,,communications@airtunes.com
78767131,REQUEST_FAILED,,,,,
78767348,deadAbandoned,SINISTER CITY MOTORCYCLES,"May 31, 2008","Sinister City Motorcycles, Inc.",,
78767210,REQUEST_FAILED,,,,,
78767400,REQUEST_FAILED,,,,,
78767713,deadAbandoned,MOLDBOMB,"Jul. 09, 2008",L.J. Avalon LLC,,ljss@fdn.com
78767504,REQUEST_FAILED,,,,,
78767600,REQUEST_FAILED,,,,,
78768100,deadAbandoned,MONSTERMARINEBRANDS,"Nov. 12, 2008","MONSTER DADDY, LLC",,
78767812,REQUEST_FAILED,,,,,
78768102,deadAbandoned,MONSTERGARAGEBRANDS,"Nov. 12, 2008","MONSTER DADDY, LLC",,
78767879,REQUEST_FAILED,,,,,
78768103,REQUEST_FAILED,,,,,
78768141,REQUEST_FAILED,,,,,
78769156,deadAbandoned,BEVERLY HILLS ANGELS,"Jan. 22, 2008",Beverly Hills Choppers,,
78769751,deadAbandoned,HOT ROD HELL,"Jul. 29, 2008","Guilmet, Jon, D.",,jonniehotrod@hotmail.com
78769807,deadAbandoned,SM SIZE MATTERS,"Aug. 30, 2008",Jason Conde dba Conde Concepts,,
78769838,REQUEST_FAILED,,,,,
78769918,REQUEST_FAILED,,,,,
78769926,REQUEST_FAILED,,,,,
78770710,deadAbandoned,TRANSMETRIC,"Aug. 07, 2008","Cropley, Stephen",,stephen.cropley@transmetric.com
78770059,REQUEST_FAILED,,,,,
78770122,deadAbandoned,DON'T GET SLAPPED,"Aug. 07, 2008","Fratto, Mario J",,MJFJuicy@yahoo.com
78770709,REQUEST_FAILED,,,,,
78770663,REQUEST_FAILED,,,,,
78770924,deadAbandoned,KAKURO,"Mar. 20, 2008",Imagination Holdings Pty Ltd,,sarah.wishart@imagination.com.au
78770842,REQUEST_FAILED,,,,,
78770892,REQUEST_FAILED,,,,,
78771281,REQUEST_FAILED,,,,,
78772745,deadAbandoned,SOLO 3 IN 1 MICRODERMASTICK,"Feb. 07, 2008","Levy, Margaux E.",,
78772241,deadAbandoned,PUPNIKS,"Jan. 03, 2008","MURAVIEV, IGOR",,
78771457,REQUEST_FAILED,,,,,
78773357,deadAbandoned,GOOSENECK SPOTTER,"Feb. 29, 2008",B Star Ranch LLC,,3hat@mtco.com
78772196,REQUEST_FAILED,,,,,
78772775,REQUEST_FAILED,,,,,
78773353,REQUEST_FAILED,,,,,
78773176,REQUEST_FAILED,,,,,
78773766,REQUEST_FAILED,,,,,
78773793,REQUEST_FAILED,,,,,
78773856,REQUEST_FAILED,,,,,
78774231,REQUEST_FAILED,,,,,
78774074,REQUEST_FAILED,,,,,
78774722,deadAbandoned,MY USA4EVER,"Jun. 20, 2008","Aguirre, Carlos A.",,usa4ever1962@yahoo.com
78774904,REQUEST_FAILED,,,,,
78775581,REQUEST_FAILED,,,,,
78775588,REQUEST_FAILED,,,,,
78775600,REQUEST_FAILED,,,,,
78775639,REQUEST_FAILED,,,,,
78775988,REQUEST_FAILED,,,,,
78776238,REQUEST_FAILED,,,,,
78776708,REQUEST_FAILED,,,,,
78778647,deadAbandoned,BEVERLY HILLS ANGELS,"Jul. 30, 2008",Beverly Hills Choppers,,
78778667,deadAbandoned,BEVERLY HILLS ANGELS,"Oct. 22, 2008",Beverly Hills Choppers,,
78777756,REQUEST_FAILED,,,,,
78778673,deadAbandoned,BEVERLY HILLS ANGELS,"Oct. 22, 2008",Beverly Hills Choppers,,
78778654,REQUEST_FAILED,,,,,
78780572,deadAbandoned,THERAGEL,"Feb. 18, 2008","TheraGel, LLC",,
78780153,REQUEST_FAILED,,,,,
78780278,REQUEST_FAILED,,,,,
78780311,REQUEST_FAILED,,,,,
78780414,REQUEST_FAILED,,,,,
78780649,REQUEST_FAILED,,,,,
78780587,REQUEST_FAILED,,,,,
78780666,REQUEST_FAILED,,,,,
78781341,deadAbandoned,DENIM LIBRARY,"Mar. 15, 2008","Hunter, Frederick",,
78780745,REQUEST_FAILED,,,,,
78781389,deadAbandoned,ZK,"Jan. 07, 2008",Potix Corporation,,jimyeh@potix.com
78781591,deadAbandoned,WITH PRIDE,"Dec. 29, 2008","Gousha, Erik",,
78781688,deadAbandoned,LEXTRONIX,"Feb. 29, 2008",ETÓN CORPORATION,,
78782254,deadAbandoned,MEDI-EMR,"Jul. 16, 2008","Medi-EMR, LLC",,mdalessandro@mediemr.com
78781605,REQUEST_FAILED,,,,,
78781809,REQUEST_FAILED,,,,,
78782581,REQUEST_FAILED,,,,,
78782629,REQUEST_FAILED,,,,,
78782633,REQUEST_FAILED,,,,,
78782936,deadAbandoned,USFA,"Dec. 29, 2008",Salvia Corporation,,admin@63k.com
78782758,REQUEST_FAILED,,,,,
78783287,REQUEST_FAILED,,,,,
78783675,deadAbandoned,SHEDNECK,"Mar. 07, 2008","waschbusch, jeffrey t",,bookrax@aol.com
78783476,REQUEST_FAILED,,,,,
78784408,deadAbandoned,None,"Jul. 11, 2008","Martin, Maurice A. II",,mmartin106@cox.net
78783656,REQUEST_FAILED,,,,,
78783840,REQUEST_FAILED,,,,,
78784088,REQUEST_FAILED,,,,,
78784525,deadAbandoned,PROGRESS SOLAR,"Dec. 22, 2008",Progress International LLC,,yukong.zhao@gmail.com
78784420,REQUEST_FAILED,,,,,
78784573,REQUEST_FAILED,,,,,
78784885,REQUEST_FAILED,,,,,
78784951,REQUEST_FAILED,,,,,
78785285,deadAbandoned,SHADOWGROUNDS,"Jun. 04, 2008",Frozenbyte Ltd.,,business@frozenbyte.com
78785189,REQUEST_FAILED,,,,,
78785370,REQUEST_FAILED,,,,,
78786024,deadAbandoned,CELTECH,"Mar. 10, 2008","Gertner Audio, Incorporated",,
