serial,lead_type,mark,date,correspondent,phone,email
75669432,deadAbandoned,NETGOTO,"Nov. 15, 2012",Western Skyland Corporation,,
75849371,deadAbandoned,THE BROADWAY AND LONDON CAST OF BEATLEMANIA,"Feb. 06, 2012","Petrilla, Jack",,
74587571,deadAbandoned,POG-TOGRAPHY,"Dec. 31, 2012",Pog Unlimited,,
76197095,deadAbandoned,LEWIS AND CLARK,"Mar. 19, 2012","LEWIS AND CLARK BICENTENNIAL MARKETING GROUP, INC.",,
75871732,deadAbandoned,LG,"Aug. 22, 2012","Worldwide Financial Services, Inc.",,
75340189,REQUEST_FAILED,,,,,
76293948,deadAbandoned,PIRATES FORTUNE,"Mar. 06, 2012",GAMING REALMS PLC,,
76268638,REQUEST_FAILED,,,,,
76450348,REQUEST_FAILED,,,,,
76664409,deadAbandoned,ORPHAN'S FUND FOUNDATION,"Jun. 19, 2012","DEMERS, DUANE RAINVILLE",,
76568105,REQUEST_FAILED,,,,,
76689534,deadAbandoned,K BY KERSH,"Feb. 27, 2012","INTERNATIONAL FASHIONS, LTD.",,
76685282,REQUEST_FAILED,,,,,
76686319,REQUEST_FAILED,,,,,
76695726,deadAbandoned,TIPORT,"Mar. 05, 2012","Jones, Allan C.",,
76695132,deadAbandoned,ECON-O-BIRD,"Feb. 20, 2012","HI-PRO FOODS OF IOWA, CORP.",,
76692297,REQUEST_FAILED,,,,,
76694015,REQUEST_FAILED,,,,,
76695695,REQUEST_FAILED,,,,,
76697961,REQUEST_FAILED,,,,,
76699713,REQUEST_FAILED,,,,,
76699957,REQUEST_FAILED,,,,,
76701243,REQUEST_FAILED,,,,,
76702386,REQUEST_FAILED,,,,,
76703372,deadAbandoned,D-N-D RECYCLE,"Mar. 26, 2012",HENRY S DOBAJ,,hdobaj-domor@genext.net
76702850,REQUEST_FAILED,,,,,
76703355,REQUEST_FAILED,,,,,
76703525,REQUEST_FAILED,,,,,
76704236,deadAbandoned,FRICK'S DIAMOND HAMS,"Dec. 17, 2012","FRICK'S QUALITY MEATS, INC.",,
76704260,deadAbandoned,SKIN FIX,"Aug. 13, 2012","GARCOA, Inc.",,
76704075,REQUEST_FAILED,,,,,
76704175,REQUEST_FAILED,,,,,
76704366,deadAbandoned,SKINDE-TOX,"Sep. 28, 2012","GARCOA, INC.",,
76704220,REQUEST_FAILED,,,,,
76704363,deadAbandoned,REVITALEYES,"Aug. 13, 2012","GARCOA, Inc.",,
76704461,deadAbandoned,TESTOSTERMAX,"Jul. 20, 2012","GARCOA, Inc.",,
76704306,REQUEST_FAILED,,,,,
76704829,deadAbandoned,ARISTOPOD,"Jul. 09, 2012","Acquaye, Francis S.",,fsacquaye@yahoo.com
76704609,deadAbandoned,UPTOWN GIRL,"Apr. 10, 2012","GARCOA, Inc.",,
76704329,REQUEST_FAILED,,,,,
76705033,REQUEST_FAILED,,,,,
76705379,REQUEST_FAILED,,,,,
76705793,REQUEST_FAILED,,,,,
76706074,deadAbandoned,EXHIBITDEAL,"Mar. 19, 2012",ExhibitDeal LLC,,
76705983,deadAbandoned,PANGAEAN P.E.A.C.E. PROJECT MANAGEMENT MINISTRIES.,"Feb. 11, 2012","Ambassador-at-Large, Grand Sheik Dr. Admiral Ala'ad-Din Bey",,
76705885,REQUEST_FAILED,,,,,
76706237,deadAbandoned,GO-YE,"Aug. 30, 2012",Galcom International,,
76706231,REQUEST_FAILED,,,,,
76706298,REQUEST_FAILED,,,,,
76706316,REQUEST_FAILED,,,,,
76706621,deadAbandoned,PATHFINDER CONCEPTS,"Oct. 15, 2012",Pathfinder Concepts LLC,,klozynski@qcfamily.com
76706406,deadAbandoned,None,"Feb. 06, 2012",Aze Contractors and Engineering L.L.C.,,
76706696,deadAbandoned,DUSTFINDER,"May 28, 2012",Pathfinder Concepts LLC,,klozynski@qcfamily.com
76706537,REQUEST_FAILED,,,,,
76706727,deadAbandoned,LIVING LIFE GRATEFULLY,"Apr. 23, 2012","MARSH, KENNETH",,
76706856,REQUEST_FAILED,,,,,
76707006,deadAbandoned,SKIN REVIVE,"Jul. 10, 2012","GARCOA, Inc.",,michele@garcoa.com
76706991,REQUEST_FAILED,,,,,
76707124,deadAbandoned,INTEGRATIVE HOMEPATHY,"Jan. 08, 2012",D&Y Laboratories INC,,
76707052,deadAbandoned,IWANTMYMAIL.COM,"Sep. 25, 2012",COREY D RECTOR,,
76707141,REQUEST_FAILED,,,,,
76707153,REQUEST_FAILED,,,,,
76707290,deadAbandoned,...... HO DOGS,"Jan. 26, 2012","REAUX, BRIAN K.",,BRIANREAUX@HOTMAIL.COM
76707367,deadAbandoned,KERAINFUSION,"Mar. 13, 2012","GARCOA, Inc.",,
76707339,deadAbandoned,ONE BYTE AT A TIME,"Jan. 29, 2012",FUNUTATION TEKADEMY LL,,
76707287,REQUEST_FAILED,,,,,
76707351,REQUEST_FAILED,,,,,
76707400,REQUEST_FAILED,,,,,
76707592,deadAbandoned,PHATTT CITY RECORDS,"Apr. 20, 2012","EVANS, BRENDA C.",,
76707432,REQUEST_FAILED,,,,,
76707565,deadAbandoned,WLA THE WORLD LOVE AWARDS,"Feb. 29, 2012","SOLARES, ABEL",,
76707617,deadAbandoned,ANGELIC WISE ONES,"Mar. 10, 2012","LEO, SANDRA",,
76707658,deadAbandoned,THE WORLD 23 THE WORLD 23 PLANET EARTH CANADA ASIA UK MIDDLE EAST U.S.A. AFRICA INDIA SOUTH AMERICA AUSTRALIA,"Mar. 15, 2012","Williams, Lawrence Virgil",,LVWHOUSTONWOOD@AOL.COM
76707650,deadAbandoned,"FERINO'S BIBINGKA INTERNATIONAL, INC.","Mar. 14, 2012","FERINO'S BIBINGKA INTERNATIONAL, INC.",,
76707594,REQUEST_FAILED,,,,,
76707607,REQUEST_FAILED,,,,,
76707686,REQUEST_FAILED,,,,,
76707779,deadAbandoned,ION REAL ESTATE,"Mar. 17, 2012","McAdams, Alexandria Rose",,alimcadams@lakerealtyohio.com
76707778,REQUEST_FAILED,,,,,
76707821,REQUEST_FAILED,,,,,
76707975,deadAbandoned,VOICE,"Mar. 29, 2012","FUJAREK, GARY",,
76707865,REQUEST_FAILED,,,,,
76707930,REQUEST_FAILED,,,,,
76707966,REQUEST_FAILED,,,,,
76708044,deadAbandoned,WINGFLYER,"Apr. 05, 2012","Hsin Lung Accessories Co., Ltd.",,taiwan.ipo@msa.hinet.net
76708027,deadAbandoned,BIOXYIDE,"Aug. 20, 2012",AAV LC,,wlvetter@yahoo.com
76708118,REQUEST_FAILED,,,,,
76708205,REQUEST_FAILED,,,,,
76708222,REQUEST_FAILED,,,,,
76708229,REQUEST_FAILED,,,,,
76708230,REQUEST_FAILED,,,,,
76708277,REQUEST_FAILED,,,,,
76708440,deadAbandoned,MALOSOFT INC.,"Sep. 17, 2012",Malosoft Incorporated,,
76708315,REQUEST_FAILED,,,,,
76708419,REQUEST_FAILED,,,,,
76708531,deadAbandoned,CLICKFOLIO,"Nov. 26, 2012","de Souza, Flávio Augusto Júnior",,flavio@clicfolio.com
76708491,REQUEST_FAILED,,,,,
76708568,REQUEST_FAILED,,,,,
76708644,deadAbandoned,WEBESQUELA,"Oct. 01, 2012",VENZA INTERNATIONAL CORP.,,
76708625,REQUEST_FAILED,,,,,
76708655,REQUEST_FAILED,,,,,
76708696,REQUEST_FAILED,,,,,
76708936,deadAbandoned,LEV-CO,"Jun. 26, 2012",THE LOCAL EXHAUST & VENTILATION COMPANY INC.,,
76708843,REQUEST_FAILED,,,,,
76708920,REQUEST_FAILED,,,,,
76708935,REQUEST_FAILED,,,,,
76709189,REQUEST_FAILED,,,,,
76709196,REQUEST_FAILED,,,,,
76709242,REQUEST_FAILED,,,,,
76709338,REQUEST_FAILED,,,,,
76709441,REQUEST_FAILED,,,,,
76709617,deadAbandoned,A LIFE INSURANCE AGENCY AND INVESTMENT ADVISORS FOR PEOPLE WITH EXTRAORDINARY LIVES,"Aug. 23, 2012",Stern Slavutin - 2 Inc.,,
76709546,REQUEST_FAILED,,,,,
76709566,REQUEST_FAILED,,,,,
76710091,deadAbandoned,TESTICLE TUESDAY,"Oct. 12, 2012","SEAN KIMERLING TESTICULAR CANCER FOUNDATION, INC.",,infor@seankimerling.org
76710042,deadAbandoned,ISUGGEST,"Oct. 02, 2012",iSuggest,,mike@isuggest.com
76709978,REQUEST_FAILED,,,,,
76710158,deadAbandoned,MV2 ENERGY,"Oct. 16, 2012",MV2 Energy,,mikelmurray@ymail.com
76710001,REQUEST_FAILED,,,,,
76710057,REQUEST_FAILED,,,,,
76710237,deadAbandoned,QUICKFIT,"Jul. 20, 2012",Esselte Corporation,,
76710187,REQUEST_FAILED,,,,,
76710546,deadAbandoned,WAYNE SIDE,"Dec. 03, 2012","BRADLEY JR., ANTHONY WAYNE",,
76710514,REQUEST_FAILED,,,,,
76710519,REQUEST_FAILED,,,,,
76710597,REQUEST_FAILED,,,,,
76710804,deadAbandoned,GOURMET CRISPIES,"Dec. 21, 2012","NAKAMURA, MICHAEL TOSHIO",,
76710641,REQUEST_FAILED,,,,,
76710749,REQUEST_FAILED,,,,,
77042545,deadAbandoned,GOOD SPOTS,"Jul. 23, 2012","Good Spots, LLC",,peter@alki.com
77032633,deadAbandoned,THE BIG RED BUS,"Mar. 01, 2012",Imagination Holdings Pty Ltd,,hostmaster@imagination.com.au
77002198,REQUEST_FAILED,,,,,
77054442,deadAbandoned,RICHBLAST,"Oct. 15, 2012","CASHFLOW TECHNOLOGIES, INC.",,
77043041,REQUEST_FAILED,,,,,
77066936,deadAbandoned,IQINSIDE,"Feb. 17, 2012",IQinside,,paulm_64@yahoo.com
77064413,REQUEST_FAILED,,,,,
77076378,REQUEST_FAILED,,,,,
77111705,deadAbandoned,BRUNO'S PIZZA,"Nov. 15, 2012","Bruno's Adore Pizza Holding Company, Inc.",,
77114206,deadAbandoned,MAXCLEAVAGE,"Mar. 21, 2012",MaxCleavage.com Ltd,,gavin.jones@maxcleavage.com
77104039,REQUEST_FAILED,,,,,
77140730,deadAbandoned,LARRY'S COLLECTION,"Mar. 12, 2012","Heller's Cafe, Inc.",,
77137337,deadAbandoned,POSH PRINCESS PARTIES,"May 08, 2012","KAMUCA, ROMY",,CONWAY510@AOL.COM
77128240,REQUEST_FAILED,,,,,
77138111,REQUEST_FAILED,,,,,
77160406,deadAbandoned,HIGHER LEVEL LOGIC(S),"Feb. 06, 2012",Higher Level Logic LLP,,edward@higherlevellogics.com
77146769,REQUEST_FAILED,,,,,
77170143,REQUEST_FAILED,,,,,
77173120,REQUEST_FAILED,,,,,
77186357,REQUEST_FAILED,,,,,
77191028,deadAbandoned,BIKINI COFFEE CO.,"Apr. 26, 2012",Bikini Coffee Company,,STEVENAROTAN@YAHOO.COM
77186614,REQUEST_FAILED,,,,,
77206493,deadAbandoned,Z'GIRL,"Oct. 12, 2012","Z Baby Company, Inc.",,
77195587,REQUEST_FAILED,,,,,
77203891,REQUEST_FAILED,,,,,
77210276,deadAbandoned,W,"Nov. 26, 2012",Ubiquity Broadcasting Corporation,,
77207374,REQUEST_FAILED,,,,,
77231472,deadAbandoned,TRADICION AZUL,"Jun. 26, 2012",CASA TEQUILERA DE ARANDAS S.A. DE C.V.,,connygw@yahoo.com.mx
77247402,deadAbandoned,UNIVERSAL POWER LINE,"Dec. 16, 2012","Rountree, Daniel Aaron",,info@universalpowerline.com
77231142,REQUEST_FAILED,,,,,
77250435,deadAbandoned,RIDETV,"Jun. 11, 2012","Barcelou, David",,
77243696,REQUEST_FAILED,,,,,
77250447,deadAbandoned,CARSINO,"Jun. 11, 2012","Barcelou, David",,
77250398,deadAbandoned,SLOTCAR,"Jul. 25, 2012",David Barcelou,,
77248780,deadAbandoned,SWISS SOFT'N WHITE,"Jan. 20, 2012","Nasser, Gulam",,ddonnelly@vonmaltitz.com
77257756,deadAbandoned,MORPH,"Jul. 31, 2012","Galaxy Brands, Inc.",,
77250406,REQUEST_FAILED,,,,,
77258895,deadAbandoned,SOCIALLY RESPONSIBLE MEDIA,"May 28, 2012","LOWSON, LINDA M.",,lmlowson@optonline.net
77272452,deadAbandoned,MARDI GRAS,"Jan. 18, 2012","Access Beverage, Inc.",,
77277951,deadAbandoned,HOT COTTON,"Apr. 16, 2012",CAPELLA BRANDS INC.,,
77267982,REQUEST_FAILED,,,,,
77273083,REQUEST_FAILED,,,,,
77277127,REQUEST_FAILED,,,,,
77286607,REQUEST_FAILED,,,,,
77293718,deadAbandoned,BAMBOO COLLECTION,"Jun. 11, 2012","HOME SOURCE INTERNATIONAL, INC.",,
77297197,REQUEST_FAILED,,,,,
77296884,REQUEST_FAILED,,,,,
77297803,REQUEST_FAILED,,,,,
77302227,deadAbandoned,YELLOW ROSE,"Jul. 02, 2012",Stella Starr Inc.,,
77299077,REQUEST_FAILED,,,,,
77309024,deadAbandoned,METAGAMI,"Jul. 09, 2012",Trancept Ltd.,,
77301141,REQUEST_FAILED,,,,,
77306842,REQUEST_FAILED,,,,,
77310416,REQUEST_FAILED,,,,,
77317912,REQUEST_FAILED,,,,,
77324236,deadAbandoned,FRUGGI,"Jan. 16, 2012","Sprout Labs, Inc.",,
77323185,deadAbandoned,MAYAHUEL,"Jan. 02, 2012","Comercializadora Davila & Partida, S.A. de C.V.",,contacto@promarkmexico.com
77322402,deadAbandoned,REVOLUTION WALLET,"Mar. 15, 2012","Rivera, Paul G",,privera@vaultid.com
77323119,REQUEST_FAILED,,,,,
77326423,deadAbandoned,BABOOSHNIK,"Mar. 26, 2012",Forrest-Pruzan Creative LLC,,alan@forrest-pruzan.com
77332133,REQUEST_FAILED,,,,,
77334855,REQUEST_FAILED,,,,,
77347368,deadAbandoned,CRITTERATURE,"Jan. 30, 2012","Drescher, Robert S.",,robscape9@aol.com
77345145,deadAbandoned,IMMUNOFORTE,"Aug. 06, 2012",SAWYER HOLDINGS AUSTRALIA PTY LIMITED,,peter.whitehead@hazan.com.au
77351952,deadAbandoned,GRUPO ISOLUX CORSÁN,"Mar. 05, 2012","GRUPO ISOLUX CORSAN, S.A.",,ip@agladial.com
77353662,deadAbandoned,TOP TEAM INTERNATIONAL,"May 07, 2012","Top Team International Holdings, LLC",,
77355287,deadAbandoned,CLOUDOS,"Feb. 14, 2012",CGactive LLC,,ben@benpoon.com
77351955,REQUEST_FAILED,,,,,
77353067,REQUEST_FAILED,,,,,
77361667,deadAbandoned,GHOST RECON,"Jan. 16, 2012",Ubisoft Inc,,
77360555,REQUEST_FAILED,,,,,
77365108,deadAbandoned,HARMONEY HOUSE,"Nov. 12, 2012",Ronald Amatangelo,,ronam820@comcast.net
77361806,REQUEST_FAILED,,,,,
77363202,REQUEST_FAILED,,,,,
77364600,REQUEST_FAILED,,,,,
77376164,deadAbandoned,FANTRIP,"Jul. 19, 2012",FanTrip LLC,,bigkrill@yahoo.com
77376549,deadAbandoned,EMERGENCY CARE ONE,"Feb. 29, 2012","Flagship Global Health, Inc.",,
77379214,deadAbandoned,IMPRESSIONS,"Apr. 19, 2012",Shai Greenberg,,
77376874,REQUEST_FAILED,,,,,
77388278,deadAbandoned,ECOSWITCH,"Jun. 25, 2012",Ecoswitch Ltd,,
77381896,REQUEST_FAILED,,,,,
77395308,deadAbandoned,JUST SAY HI...,"Aug. 07, 2012","Wells, Daniel P.",,breaktheicetees@aol.com
77385927,REQUEST_FAILED,,,,,
77393144,REQUEST_FAILED,,,,,
77398593,REQUEST_FAILED,,,,,
77399249,REQUEST_FAILED,,,,,
77406988,deadAbandoned,FSAPPE,"Aug. 21, 2012",American Five Stars Apple Groups Limited Liability Company,,kwip66@gmail.com
77406031,REQUEST_FAILED,,,,,
77406033,REQUEST_FAILED,,,,,
77410629,REQUEST_FAILED,,,,,
77412346,REQUEST_FAILED,,,,,
77417744,REQUEST_FAILED,,,,,
77429116,deadAbandoned,K KAOS FIGHT GEAR,"Aug. 10, 2012","Van Scyoc, Trinity C.",,vanscyoct@gmail.com
77428375,deadAbandoned,THE THEORY THAT NEVER FOUND A BACKBONE,"Jul. 02, 2012","Shaffer, Mark",,
77428151,REQUEST_FAILED,,,,,
77431729,REQUEST_FAILED,,,,,
77435184,deadAbandoned,RAMULOSE RIDGE VINEYARDS,"Jan. 09, 2012",Ramulose Ridge Vineyards,,ramuloseridge@msn.com
77430338,REQUEST_FAILED,,,,,
77434693,REQUEST_FAILED,,,,,
77434885,REQUEST_FAILED,,,,,
77437381,REQUEST_FAILED,,,,,
77437863,REQUEST_FAILED,,,,,
77441163,deadAbandoned,H209,"Jan. 02, 2012","Torres, Torah",,calegirl_50@yahoo.com
77445772,deadAbandoned,THE ORIGINAL VINDICATORS,"May 16, 2012","Williams, Rod",,rbrown@atlantalife.com
77439227,REQUEST_FAILED,,,,,
77443290,REQUEST_FAILED,,,,,
77445897,REQUEST_FAILED,,,,,
77446325,REQUEST_FAILED,,,,,
77449769,REQUEST_FAILED,,,,,
77450433,REQUEST_FAILED,,,,,
77451055,REQUEST_FAILED,,,,,
77454499,REQUEST_FAILED,,,,,
77454807,REQUEST_FAILED,,,,,
77457403,REQUEST_FAILED,,,,,
77458396,deadAbandoned,FOTOBEAD,"Mar. 19, 2012","Olive Root, LLC",,devon@devonrolf.com
77462305,deadAbandoned,BAYRUS TECHNOLOGIES,"Jan. 23, 2012","Bayiates, Edward L",,
77459015,REQUEST_FAILED,,,,,
77460360,REQUEST_FAILED,,,,,
77466438,deadAbandoned,MOBILITY PROTECTION SERVICES,"Feb. 06, 2012",Bayerische Motoren Werke AG,,tm-d@bmw.de
77461399,REQUEST_FAILED,,,,,
77466565,deadAbandoned,COR3,"Jan. 30, 2012","Foot Locker Retail, Inc.",,
77466559,deadAbandoned,COR3,"Apr. 02, 2012","Foot Locker Retail, Inc.",,
77468720,deadAbandoned,ZANA,"Feb. 24, 2012","VANEK, YAAKOV G., MR.",,
77467439,deadAbandoned,WE SPOT WHAT REALLY COUNTS!,"Jan. 16, 2012","BIOLAB SERVICES, LLC",,thomas.kleen@biolabservices.com
77466317,REQUEST_FAILED,,,,,
77471722,deadAbandoned,COR3,"Jan. 30, 2012","Foot Locker Retail, Inc.",,
77473767,deadAbandoned,RIO RICHES,"Feb. 06, 2012",Ainsworth Game Technology Limited,,jason.meyer@ainsworth.com.au
77470310,REQUEST_FAILED,,,,,
77471730,REQUEST_FAILED,,,,,
77475540,deadAbandoned,BD SYSTEO,"May 07, 2012","Becton, Dickinson and Company",,
77477310,deadAbandoned,THE MONEY OR THE BOX,"Feb. 20, 2012",MANIJOSA PTY. LTD.,,hall@ozonline.com.au
77475880,REQUEST_FAILED,,,,,
77477309,deadAbandoned,PICK A BOX,"Feb. 20, 2012",MANIJOSA PTY. LTD.,,hall@ozonline.com.au
77476413,REQUEST_FAILED,,,,,
77478592,deadAbandoned,KUILE,"Mar. 05, 2012",NAVENETWORKS S.L.,,INFO@KUILE.COM
77481644,deadAbandoned,REDNECK RUSH,"Oct. 02, 2012",Double Blue Jay Corporation,,jstoneadvisor@yahoo.com
77479743,deadAbandoned,DOUBLE FIRE,"Feb. 06, 2012",Ainsworth Game Technology Limited,,jason.meyer@ainsworth.com.au
77479741,REQUEST_FAILED,,,,,
77481569,REQUEST_FAILED,,,,,
77481634,REQUEST_FAILED,,,,,
77481624,REQUEST_FAILED,,,,,
77485547,deadAbandoned,TNS,"Feb. 06, 2012","Rohati Systems, Inc.",,
77485040,deadAbandoned,ITM,"Aug. 10, 2012",International Telemetry Machines Corp,,r.scott.lewls@greenspacepros.com
77485101,REQUEST_FAILED,,,,,
77485275,REQUEST_FAILED,,,,,
77488236,deadAbandoned,"WWW.FROMCHASERTOCHOOSER.COM, FROM CHASER TO CHOOSER","Jan. 09, 2012","Tenley, Robert",,twitchypua@gmail.com
77485744,REQUEST_FAILED,,,,,
77486857,REQUEST_FAILED,,,,,
77490552,deadAbandoned,PURE CHI,"Mar. 05, 2012","Farouk Systems, Inc.",,
77492112,deadAbandoned,DESSERT POPS,"Feb. 27, 2012",IMAGE BRANDS INC.,,lisa@imagebrandsinc.com
77489200,REQUEST_FAILED,,,,,
77493752,deadAbandoned,SPLIT-BILL,"Jan. 23, 2012",DressBot Inc.,,biz@dressbot.com
77493770,deadAbandoned,DESIGNED BY HARVEY R. BALL USA 1963,"Nov. 26, 2012",Harvey Ball Smile Limited,,jassinter.inc-jp@dream.com
77491040,REQUEST_FAILED,,,,,
77493776,deadAbandoned,DESIGNED BY HARVEY R. BALL USA 1963,"Nov. 26, 2012",Harvey Ball Smile Limited,,jassinter.inc-jp@dream.com
77494235,deadAbandoned,ECOBOX,"Jan. 30, 2012","WATER RESOURCES GROUP, LLC",,
77494740,deadAbandoned,FLAX FIX,"Jun. 25, 2012","Dumitriu, Monica, E",,onlyyoumd@msn.com
77496339,deadAbandoned,LIFEWORKS,"Mar. 26, 2012","Full Life Products, LLC",,
77493768,REQUEST_FAILED,,,,,
77497096,deadAbandoned,COR3,"Aug. 23, 2012","Foot Locker Retail, Inc.",,
77493780,REQUEST_FAILED,,,,,
77497120,deadAbandoned,COR3,"Feb. 06, 2012","Foot Locker Retail, Inc.",,
77497105,deadAbandoned,COR3,"Feb. 06, 2012","Foot Locker Retail, Inc.",,
77500389,deadAbandoned,SIZZLE DOGS,"Jul. 31, 2012","Daniel, Joubert J.",,hotdog10@verizon.net
77500698,deadAbandoned,DEL SABIO,"Mar. 05, 2012",Sophie Anne Celine Decobecq,,sophie@imex-inter.com
77500507,REQUEST_FAILED,,,,,
77503938,deadAbandoned,LAKE EFFECT,"Nov. 17, 2012","LAKE EFFECT, INC.",,
77500870,REQUEST_FAILED,,,,,
77501357,REQUEST_FAILED,,,,,
77502088,REQUEST_FAILED,,,,,
77505479,deadAbandoned,PLUG SMART INTELLIGENT CHARGING,"Aug. 13, 2012",JUICE TECHNOLOGIES LLC,,
77505492,deadAbandoned,PLUG SMART,"Aug. 13, 2012",JUICE TECHNOLOGIES LLC,,
77505053,REQUEST_FAILED,,,,,
77509225,deadAbandoned,REDNECK ROOT BEER,"Oct. 02, 2012",Double Blue Jay Corporation,,jstoneadvisor@yahoo.com
77506457,REQUEST_FAILED,,,,,
77510367,deadAbandoned,COMPASS INSPIRE. EMPOWER. CONNECT.,"Feb. 28, 2012","Compass Life and Business Designs, Inc.",,
77509251,deadAbandoned,REDNECK PEACH TEA,"Oct. 02, 2012",Double Blue Jay Corporation,,jstoneadvisor@yahoo.com
77507815,REQUEST_FAILED,,,,,
77508475,REQUEST_FAILED,,,,,
77509236,deadAbandoned,REDNECK GREEN APPLE,"Oct. 02, 2012",Double Blue Jay Corporation,,jstoneadvisor@yahoo.com
77514077,deadAbandoned,GETPHRASE,"Mar. 19, 2012","AMAZON TECHNOLOGIES, INC.",,docket@amazon.com
77514055,deadAbandoned,GETPHRASE,"Mar. 19, 2012","AMAZON TECHNOLOGIES, INC.",,docket@amazon.com
77511349,REQUEST_FAILED,,,,,
77514045,REQUEST_FAILED,,,,,
77514088,REQUEST_FAILED,,,,,
77514072,REQUEST_FAILED,,,,,
77516374,REQUEST_FAILED,,,,,
77519203,deadAbandoned,SKATE LOCKER,"Feb. 06, 2012","Foot Locker Retail, Inc.",,tbombata@footlocker.com
77519531,REQUEST_FAILED,,,,,
77520630,REQUEST_FAILED,,,,,
77520677,REQUEST_FAILED,,,,,
77520727,REQUEST_FAILED,,,,,
77522269,REQUEST_FAILED,,,,,
77523189,REQUEST_FAILED,,,,,
77524482,REQUEST_FAILED,,,,,
77526482,deadAbandoned,FEMALEFRIENDLY,"Apr. 30, 2012",FEMALE FRIENDLY PTY LTD,,
77526692,deadAbandoned,EUREKA EFFECT THINKING MADE IT SO....,"Sep. 10, 2012","Eureka Effect, LLC",,cedric.campbell1@gmail.com
77527774,deadAbandoned,A HOME PLUS,"Nov. 09, 2012",Baks & Ous LLC,,touray_ous@live.com
77526478,REQUEST_FAILED,,,,,
77529163,deadAbandoned,DASH,"Apr. 09, 2012","Constant Dash, LLC",,
77529154,deadAbandoned,CONSTANT DASH,"Apr. 09, 2012","Constant Dash, LLC",,daniel.elgort@constantdash.com
77530441,deadAbandoned,WILD THING,"Sep. 10, 2012","Cutting Edge Beverages, LLC",,
77529229,REQUEST_FAILED,,,,,
77533661,deadAbandoned,MT'S BABY BLUE,"Nov. 05, 2012","Terheggen, Mark",,
77529573,REQUEST_FAILED,,,,,
77535255,deadAbandoned,HUMANEERED,"Apr. 16, 2012","KaloBios Pharmaceuticals, Inc.",,
77530905,REQUEST_FAILED,,,,,
77533779,REQUEST_FAILED,,,,,
77536515,REQUEST_FAILED,,,,,
77536744,REQUEST_FAILED,,,,,
77538090,REQUEST_FAILED,,,,,
77538815,REQUEST_FAILED,,,,,
77542274,REQUEST_FAILED,,,,,
77545416,deadAbandoned,BENSON,"Nov. 05, 2012","Clements, Mack Benson",,bensonwatches@yahoo.com
77543159,REQUEST_FAILED,,,,,
77545379,REQUEST_FAILED,,,,,
77547956,deadAbandoned,AESTHETISTRY,"Apr. 30, 2012","Smith, Gregory E",,drsmith@aesthetistry.com
77549828,deadAbandoned,LA FRANCE EXOTIQUE,"Oct. 29, 2012","750 ML, LLC",,jcooper@domainedecanton.com
77546088,REQUEST_FAILED,,,,,
77548714,deadAbandoned,ANTIXERCISE,"Oct. 08, 2012",CHIN YON WEI,,waverlychin@netvigator.com
77548380,REQUEST_FAILED,,,,,
77552888,deadAbandoned,GET CONSCIOUS.,"Mar. 09, 2012","Di Braschi, Arthur Frederico Boldrini",,carlos@rgaa.com.br
77549700,REQUEST_FAILED,,,,,
77550699,REQUEST_FAILED,,,,,
77554654,deadAbandoned,ARCHER PHARMACEUTICALS,"Dec. 17, 2012","ARCHER PHARMACEUTICALS, INC.",,
77555029,deadAbandoned,EOPLES,"Dec. 17, 2012","Oldham, Laurel A.",,Edinborough21@aol.com
77558074,deadAbandoned,CONNECT THE DOTS,"Oct. 01, 2012","Chiquet, Maureen",,
77553252,REQUEST_FAILED,,,,,
77554163,REQUEST_FAILED,,,,,
77556373,REQUEST_FAILED,,,,,
77558861,deadAbandoned,TASTE OF ARUBA,"Jul. 16, 2012","Taste of Aruba (US), Incorporated",,echeisler@yahoo.com
77558574,REQUEST_FAILED,,,,,
77560902,REQUEST_FAILED,,,,,
77563094,deadAbandoned,FAIRY GODMOTHER ACADEMY,"Jun. 11, 2012","FGA Media, Inc.",,jan@ananya.biz
77563124,deadAbandoned,FAIRY GODMOTHER ACADEMY,"Jun. 11, 2012","FGA Media, Inc.",,jan@ananya.biz
77561110,REQUEST_FAILED,,,,,
77563588,REQUEST_FAILED,,,,,
77571830,deadAbandoned,RESTORE EARTH,"Jul. 16, 2012","Restore Earth, LLC",,
77568217,REQUEST_FAILED,,,,,
77572696,deadAbandoned,BRAND YOU CONSULTING,"Jun. 02, 2012",Brand YOU Consulting,,sgaspard@brandYOUconsulting.com
77574697,deadAbandoned,NAPA VA COFFEE NAPA VALLEY COFFEE ROASTING COMPANY,"May 22, 2012","Napa Valley Coffee Roasting Co., Inc.",,bsange@upvalley.net
77574663,REQUEST_FAILED,,,,,
77576172,deadAbandoned,LUCRATIVE APPAREL,"Apr. 16, 2012","Welcome, Joseph L.",,joseph@lucrativeapparel.com
77574886,REQUEST_FAILED,,,,,
77574933,REQUEST_FAILED,,,,,
77576568,deadAbandoned,NAPA VALLEY COFFEE ROASTING COMPANY,"May 22, 2012","Napa Valley Coffee Roasting Co., Inc.",,bsange@upvalley.net
77577616,deadAbandoned,BEAR-MAN,"Apr. 23, 2012","750 ML, LLC",,jcooper@domainedecanton.com
77578315,deadAbandoned,EXTENSUAL,"Jan. 23, 2012",Dome Cosmetics Limited,,accounts@domecosmetics.com
77580002,deadAbandoned,PLUG SMART,"Jun. 11, 2012",JUICE TECHNOLOGIES LLC,,
77577042,REQUEST_FAILED,,,,,
77579995,deadAbandoned,PLUG SMART INTELLIGENT ENERGY SOLUTIONS,"Jul. 02, 2012",JUICE TECHNOLOGIES LLC,,
77579176,REQUEST_FAILED,,,,,
77581753,deadAbandoned,WILD WILD WONDER WORLD,"Jun. 04, 2012",Ainsworth Game Technology Limited,,tom.davidson@ainsworth.com.au
77579983,REQUEST_FAILED,,,,,
77581402,deadAbandoned,TAPE-MATE,"Jun. 11, 2012","Freeman, Louis D",,Freeman@copper.net
77581758,deadAbandoned,DOUBLE ACTION PLUS,"Jun. 04, 2012",Ainsworth Game Technology Limited,,tom.davidson@ainsworth.com.au
77582071,deadAbandoned,MAINBOCHER,"Aug. 20, 2012",LUVANIS SA,,info@luvanis.com
77582686,REQUEST_FAILED,,,,,
77582725,REQUEST_FAILED,,,,,
77582729,REQUEST_FAILED,,,,,
77582775,REQUEST_FAILED,,,,,
77582963,REQUEST_FAILED,,,,,
77585091,deadAbandoned,UNCLUTCHED,"Jun. 18, 2012","Life Bliss Foundation, Inc.",,
77585593,deadAbandoned,THE READY METHOD,"Jan. 31, 2012",YellowHouse L.L.C.,,
77585155,REQUEST_FAILED,,,,,
77585149,REQUEST_FAILED,,,,,
77587334,deadAbandoned,SIMPLY FIT,"Mar. 28, 2012",Simply Fit Beverage Company,,
77587359,deadAbandoned,SIMPLY FIT,"Mar. 28, 2012",Simply Fit Beverage Company,,
77586036,REQUEST_FAILED,,,,,
77590338,deadAbandoned,FIT,"Aug. 13, 2012",ARA Safety (US) Inc.,,
77590003,REQUEST_FAILED,,,,,
77590199,REQUEST_FAILED,,,,,
77591476,deadAbandoned,MAINBOCHER,"Oct. 22, 2012",LUVANIS S.A.,,info@luvanis.com
77592468,deadAbandoned,AUTHENTIC CASH4GOLD SITE,"Aug. 10, 2012","GREEN BULLION FINANCIAL SERVICES, LLC",,
77591197,REQUEST_FAILED,,,,,
77592301,deadAbandoned,OFFICIAL CASH4GOLD SITE,"Jun. 29, 2012","GREEN BULLION FINANCIAL SERVICES, LLC",,
77596497,deadAbandoned,BLUE MARBLE ENERGY,"Sep. 17, 2012",Blue Marble Energy Corporation,,
77594177,deadAbandoned,YOUTREX,"Dec. 10, 2012",DGAN Deutsche Gesellschaft für akademische Nachwuchsfoerderung mbH,,czschocke@dgan.de
77597598,deadAbandoned,DANCING CUISINE,"Feb. 20, 2012",ilomba images,,atouret@gmail.com
77595255,REQUEST_FAILED,,,,,
77599251,REQUEST_FAILED,,,,,
77599302,REQUEST_FAILED,,,,,
77604337,deadAbandoned,PROMO OPTION SPECIALTIES BUILDING YOUR BRAND,"Jun. 18, 2012",Joel Estrada Damian,,
77604147,REQUEST_FAILED,,,,,
77607265,REQUEST_FAILED,,,,,
77606970,REQUEST_FAILED,,,,,
77609526,deadAbandoned,SOFTMWARE,"Jul. 16, 2012",Erik M. Pelton,,
77608253,REQUEST_FAILED,,,,,
77609827,REQUEST_FAILED,,,,,
77612601,deadAbandoned,NEXT JUMP POINTS,"Jul. 23, 2012","Next Jump, Inc.",,
77612322,deadAbandoned,E,"Jul. 23, 2012",Eden Textiles Ltd.,,
77610561,REQUEST_FAILED,,,,,
77614247,deadAbandoned,FONDLE,"Jan. 30, 2012",Lynniecia Harangue,,yuhanlaw@netzero.com
77614251,REQUEST_FAILED,,,,,
77617513,deadAbandoned,POLAR-FX ENERGY,"Apr. 16, 2012","Z SQUARE ORIGINALS, LLC",,info@drinkpolarfx.com
77615372,REQUEST_FAILED,,,,,
77615378,REQUEST_FAILED,,,,,
77618407,deadAbandoned,ROSE BERTIN,"Jul. 30, 2012",LUVANIS S.A.,,info@luvanis.com
77618785,deadAbandoned,HAPPY FANNY,"Jul. 30, 2012","XPLTV, LLC",,conrad@xpltv.com
77619201,REQUEST_FAILED,,,,,
77621472,deadAbandoned,None,"Nov. 12, 2012","VECTOR ECONOMICS, INC.",,IPDocketing@steptoe.com
77619215,REQUEST_FAILED,,,,,
77622048,deadAbandoned,IWINDOWS,"Oct. 08, 2012",INTERACTIV CORPORATION,,locklink@gmail.com
77623587,deadAbandoned,ETHOCLEAN,"Jan. 30, 2012",Novel Therapeutics Technologies Inc.,,
77621506,REQUEST_FAILED,,,,,
77622261,deadAbandoned,GCGC,"Sep. 28, 2012",ZONE CHAMP LIMITED,,
77623596,deadAbandoned,ETHOCLEAR,"Jan. 30, 2012",Novel Therapeutics Technologies Inc.,,
77624555,deadAbandoned,FAT TOMATER,"Nov. 05, 2012","Namelets, LLC",,
77625169,deadAbandoned,THE SINISTERMAN,"Feb. 06, 2012","Inguanzo, Osvaldo",,ozzyinguanzo@gmail.com
77626985,deadAbandoned,DESIGNED BY HARVEY R. BALL USA 1963,"Oct. 01, 2012",Harvey Ball Smile Limited,,jassinter.inc-jp@dream.com
77628251,deadAbandoned,ENVIRONMENT IQ,"Feb. 06, 2012",SUPERVALU INC.,,
77625068,REQUEST_FAILED,,,,,
77628530,deadAbandoned,HEART & SOLE A HEALTHY COMBINATION,"Aug. 06, 2012","North Coast Sea-Foods, Inc.",,
77626383,REQUEST_FAILED,,,,,
77626482,REQUEST_FAILED,,,,,
77629517,deadAbandoned,EEZ,"Aug. 06, 2012","Cutting Edge Beverages, LLC",,
77629755,deadAbandoned,LET GO LET GOD L G,"Aug. 27, 2012","Life Force Media, Inc.",,
77629395,REQUEST_FAILED,,,,,
77629442,REQUEST_FAILED,,,,,
77631566,deadAbandoned,EL CHARCO DE LAS RANAS,"Aug. 06, 2012","LECUONA, GUILLERMO",,camineroinc@aol.com
77631657,REQUEST_FAILED,,,,,
77634603,deadAbandoned,DESIGNED BY HARVEY R. BALL USA 1963,"Oct. 01, 2012",Harvey Ball Smile Limited,,jassinter.inc-jp@dream.com
77635182,deadAbandoned,BRAZZA,"Feb. 13, 2012","Brazza, LLC",,
77632767,REQUEST_FAILED,,,,,
77634661,deadAbandoned,HARVEY BALL,"Oct. 01, 2012",Harvey Ball Smile Limited,,jassinter.inc-jp@dream.com
77636801,deadAbandoned,VEVER,"Aug. 20, 2012",LUVANIS SA,,info@luvanis.com
77637549,deadAbandoned,JOHN CARTER,"Sep. 14, 2012",Missing Cougar Company,,missingcougarco@yahoo.com
77634727,REQUEST_FAILED,,,,,
77635245,REQUEST_FAILED,,,,,
77639628,deadAbandoned,IRONWOOD,"Aug. 13, 2012","750 ML, LLC",,jcooper@domainedecanton.com
77639070,REQUEST_FAILED,,,,,
77642599,deadAbandoned,WE GET TRADING,"Mar. 05, 2012",THINKORSWIM HOLDINGS INC.,,
77639718,REQUEST_FAILED,,,,,
77644854,deadAbandoned,"PROVING GROUND ESTABLISH THE TRUTH, PUT YOURSELF TO THE TEST","Nov. 26, 2012","Bally, Jeff",,jdbally@yahoo.com
77645111,deadAbandoned,RESACKEL,"Mar. 19, 2012",reSACKel Limited,,
77642475,REQUEST_FAILED,,,,,
77644050,REQUEST_FAILED,,,,,
77645934,deadAbandoned,BIOSTRAW,"Feb. 13, 2012","Carder, Stephen",,brian@youngamericagroup.com
77646204,deadAbandoned,TRUE BUDDHA-DHARMA CENTER,"Nov. 19, 2012",True Buddha-Dharma Center,,tmregistered@gmail.com
77649062,deadAbandoned,OWN YOUR PRIVACY,"Feb. 27, 2012",Piikoo Inc.,,
77645565,REQUEST_FAILED,,,,,
77649067,deadAbandoned,OWN YOUR PRIVACY,"Feb. 27, 2012",Piikoo Inc.,,
77649674,deadAbandoned,ETHOSOME,"Jun. 25, 2012",Novel Therapeutics Technologies Inc,,
77647001,REQUEST_FAILED,,,,,
77650110,deadAbandoned,DEMILIA,"Mar. 26, 2012",Miltos Kambourides,,miltos@dolphincp.com
77651894,deadAbandoned,DESIGNED BY HARVEY R. BALL USA 1963,"Oct. 01, 2012",Harvey Ball Smile Limited,,jassinter.inc-jp@dream.com
77651994,deadAbandoned,DREAMLAND ONLINE,"May 22, 2012",IGG INC,,gx6668@yahoo.com.hk
77650061,REQUEST_FAILED,,,,,
77654051,deadAbandoned,AINSWORTH THE ALL AUSTRALIAN,"Feb. 06, 2012",Ainsworth Game Technology Limited,,tom.davidson@ainsworth.com.au
77652453,REQUEST_FAILED,,,,,
77652683,REQUEST_FAILED,,,,,
77658588,deadAbandoned,RON MARONE'S JUICY POUR FEMME,"Jul. 11, 2012","Revolution Distributors, LLC",,
77657324,REQUEST_FAILED,,,,,
77658186,REQUEST_FAILED,,,,,
77658912,REQUEST_FAILED,,,,,
77661332,REQUEST_FAILED,,,,,
77665635,deadAbandoned,MITRALOKA,"Jun. 25, 2012",Mitraloka LLC,,pyngui@mitraloka.com
77664323,REQUEST_FAILED,,,,,
77665046,REQUEST_FAILED,,,,,
77666022,REQUEST_FAILED,,,,,
77666825,REQUEST_FAILED,,,,,
77668515,REQUEST_FAILED,,,,,
77669022,REQUEST_FAILED,,,,,
77669294,REQUEST_FAILED,,,,,
77670984,deadAbandoned,WILD PEETA FUSION SHAWARMAS & SALADS,"May 14, 2012",Mohammad Younes Parham & Peyman Younes Parham,,peyman@wildpeeta.com
77669860,REQUEST_FAILED,,,,,
77672330,REQUEST_FAILED,,,,,
77673424,deadAbandoned,SOAP & GLORY SCRUB ME TENDER,"Sep. 17, 2012",Soap & Glory Limited,,juditht@brandhandling.com
77675541,deadAbandoned,PINK PUSSYCAT,"Feb. 06, 2012",Ainsworth Game Technology Limited,,tom.davidson@ainsworth.com.au
77677015,REQUEST_FAILED,,,,,
77681044,deadAbandoned,CAREWATCHTV,"Apr. 23, 2012",Sports Display Systems,,alw@sportsdisplaysystems.com
77681000,deadAbandoned,SOULYHIS,"Jan. 20, 2012","Stucky, Leah W",,
77681805,deadAbandoned,C. ANGELZ,"Feb. 06, 2012",Charles Thomas,,charlesthomas630@aol.com
77680884,REQUEST_FAILED,,,,,
77683783,deadAbandoned,CAP JULUCA,"Apr. 09, 2012",Cap Juluca Holdings Limited,,
77685176,deadAbandoned,SNOWMAN POOP,"May 07, 2012","Hancock, Barry E.",,bhancock@cienda.com
77682749,REQUEST_FAILED,,,,,
77683041,REQUEST_FAILED,,,,,
77685188,REQUEST_FAILED,,,,,
77687113,deadAbandoned,ECO HOME SOLUTIONS INC. THE ECONOMICAL WAY TO SAVE.,"Jul. 02, 2012",Eco Home Solutions Inc.,,
77685891,deadAbandoned,CAP JULUCA,"Apr. 09, 2012",Cap Juluca Holdings Limited,,
77687831,deadAbandoned,FRESH DOSE,"Oct. 29, 2012","Colangelo, Victoria",,
77688200,deadAbandoned,WESTIES,"Nov. 05, 2012",Nine West Development Corporation,,kb@jny.com
77688061,deadAbandoned,PAPPAGALLO,"Oct. 29, 2012",NINE WEST DEVELOPMENT CORPORATION,,kb@jny.com
77687687,REQUEST_FAILED,,,,,
77688366,deadAbandoned,EMERGENCY MANAGEMENT TEAM DISASTER RESPONSE BUILDING EMTS,"Nov. 13, 2012","BUILDING E.M.T.S., LLC",,connie@buildingemts.com
77687983,REQUEST_FAILED,,,,,
77689435,deadAbandoned,DIAL-A-GUARD,"May 07, 2012",MMILLENNIUMM GROUP INC,,IRAJASINGHAM@MMILLENNIUMM.COM
77688647,REQUEST_FAILED,,,,,
77688713,REQUEST_FAILED,,,,,
77691602,deadAbandoned,YOGA FEET,"Feb. 02, 2012","Pineapple Grove Designs, Inc.",,
77691127,deadAbandoned,CUSHINO MIO,"Mar. 01, 2012",Mendes David G.,,mendber@netvision.net.il
77689685,REQUEST_FAILED,,,,,
77691379,REQUEST_FAILED,,,,,
77691968,REQUEST_FAILED,,,,,
77691785,REQUEST_FAILED,,,,,
77694642,deadAbandoned,MELO 360,"Oct. 01, 2012","Colon, Felipe",,pcolon@p2050.com
77694399,deadAbandoned,CHAMPION,"Nov. 19, 2012",Ainsworth Game Technology Limited,,tom.davidson@ainsworth.com.au
77695776,deadAbandoned,SILKIENCE,"Jan. 06, 2012",Silkience Holdings Inc.,,
77694929,REQUEST_FAILED,,,,,
77695560,REQUEST_FAILED,,,,,
77695574,REQUEST_FAILED,,,,,
77696343,REQUEST_FAILED,,,,,
77699352,deadAbandoned,None,"Mar. 19, 2012","YDILO ADVANCED VOICE SOLUTIONS, S.A.",,ip@agladial.com
77699502,deadAbandoned,ICARE,"Oct. 02, 2012",Mintra,,sara.samir@mintra.com.eg
77698326,REQUEST_FAILED,,,,,
77699065,deadAbandoned,UFORIC,"Feb. 01, 2012","Uforic, Inc.",,
77699447,deadAbandoned,HAPPY FANNY,"Nov. 19, 2012","XPLTV, LLC",,conrad@xpltv.com
77698993,REQUEST_FAILED,,,,,
77699444,REQUEST_FAILED,,,,,
77700571,REQUEST_FAILED,,,,,
77702744,deadAbandoned,A SHAVE TO LOVE,"Nov. 19, 2012",Soap & Glory Limited,,juditht@brandhandling.com
77701627,REQUEST_FAILED,,,,,
77702994,REQUEST_FAILED,,,,,
77706264,deadAbandoned,PATCHWORK PALS,"Jul. 19, 2012",Kanban Card and Paper Limited,,alan.daly@kanbancrafts.com
77706319,deadAbandoned,KASHWERE U,"Jun. 04, 2012","SELTZER-APPELT, KIMBERLY",,
77704329,REQUEST_FAILED,,,,,
77704719,REQUEST_FAILED,,,,,
77706967,deadAbandoned,CHI CENTRIC,"Apr. 16, 2012","Farouk Systems, Inc.",,
77705594,REQUEST_FAILED,,,,,
77707108,deadAbandoned,CILICIA BANK,"Nov. 26, 2012","SAHAKIAN, VATCHE",,vatche_sahakian@yahoo.com
77706314,deadAbandoned,MYMETROPCS.COM,"Mar. 08, 2012",Mark Smith,,smittybiz@hotmail.com
77708078,deadAbandoned,"""DO YOU SEE THAT?""","Nov. 26, 2012","Krebs, John",,barjon620@aol.com
77707185,REQUEST_FAILED,,,,,
77707286,REQUEST_FAILED,,,,,
77707731,REQUEST_FAILED,,,,,
77708865,REQUEST_FAILED,,,,,
77709194,REQUEST_FAILED,,,,,
77709900,REQUEST_FAILED,,,,,
77711953,REQUEST_FAILED,,,,,
77712645,deadAbandoned,CERTAPHYD,"Feb. 03, 2012","Dellamar, Lucas, D.",,ldellamar@hotmail.com
77712955,REQUEST_FAILED,,,,,
77713641,REQUEST_FAILED,,,,,
77713684,REQUEST_FAILED,,,,,
77715917,deadAbandoned,FORTUNE QUEEN,"Nov. 19, 2012",Ainsworth Game Technology Limited,,tom.davidson@ainsworth.com.au
77716221,REQUEST_FAILED,,,,,
77718488,REQUEST_FAILED,,,,,
77719163,REQUEST_FAILED,,,,,
77719168,REQUEST_FAILED,,,,,
77720969,deadAbandoned,CARDIOBIP,"Jun. 18, 2012","NewCardio, Inc.",,clandry@newcardio.com
77721684,deadAbandoned,CARDIOBIP,"Jun. 18, 2012","NewCardio, Inc.",,clandry@newcardio.com
77720663,REQUEST_FAILED,,,,,
77722432,deadAbandoned,STARVING STUDENT.NET THE ULTIMATE COLLEGE WEBSITE,"Jan. 23, 2012","Rodriguez, Anthony Gilbert",,arodriguez@starvingstudent.net
77721202,REQUEST_FAILED,,,,,
77722534,deadAbandoned,TEENLIKE.COM,"Jun. 25, 2012","TEENLIKE.COM, INC.",,ro_b_ghetty@hotmail.com
77721216,REQUEST_FAILED,,,,,
77723587,deadAbandoned,HYDROXYFIT,"Jul. 25, 2012",Holms Enterprises Inc,,info@hydroxyfit.com
77723541,deadAbandoned,KANGAROOS,"Aug. 14, 2012","Edwards, Luke J",,lukeeedwards@hotmail.com
77723555,deadAbandoned,ELIZABETH SKY,"Oct. 18, 2012",ICONSKY HOLDINGS LLC,,
77722889,REQUEST_FAILED,,,,,
77724230,REQUEST_FAILED,,,,,
77724391,REQUEST_FAILED,,,,,
77725432,REQUEST_FAILED,,,,,
77725466,REQUEST_FAILED,,,,,
77726098,REQUEST_FAILED,,,,,
77727689,deadAbandoned,PUCHI,"Mar. 14, 2012",NU SCENTS TRADING INC,,m.alassaad@yahoo.com
77726988,REQUEST_FAILED,,,,,
77728292,deadAbandoned,TRUTH. BY DREAMS,"Apr. 20, 2012",Joseph Burnsworth,,joseph@truthbydreams.org
77728813,deadAbandoned,KEYADEED,"Jul. 30, 2012","VOSSENKEMPER, ERIC B",,ericvossenkemper@yahoo.com
77728083,REQUEST_FAILED,,,,,
77729793,REQUEST_FAILED,,,,,
77730916,REQUEST_FAILED,,,,,
77734449,deadAbandoned,LOL WORLD,"Jul. 16, 2012","Chulani, Anand H",,achulani@aol.com
77735382,deadAbandoned,UNLAWFUL ASSEMBLY,"Nov. 15, 2012","Espinoza, Russell S.",,presidentelectrse@hotmail.com
77734520,REQUEST_FAILED,,,,,
77740452,deadAbandoned,I AM GREEN,"Oct. 15, 2012","I Am Green, LLC.",,dan0inmo@yahoo.com
77738501,REQUEST_FAILED,,,,,
77740920,deadAbandoned,SUNMAXX,"Feb. 23, 2012",Silicon Solar Inc,,
77741024,deadAbandoned,THIGH GEAR,"Aug. 27, 2012",Soap & Glory Limited,,juditht@brandhandling.com
77740825,REQUEST_FAILED,,,,,
77742700,deadAbandoned,FLASHCASH,"Oct. 29, 2012",Ainsworth Game Technology Limited,,tom.davidson@ainsworth.com.au
77743653,deadAbandoned,DR ROLLER,"Apr. 26, 2012",Drug-Aware Ltd,,info@drug-aware.com
77741659,REQUEST_FAILED,,,,,
77741282,REQUEST_FAILED,,,,,
77743273,deadAbandoned,GOLDEN ESSENTIALS,"Jul. 30, 2012","Golden Mills, LLC",,marty@goldenmills.com
77745792,deadAbandoned,POOL PARTY,"Aug. 20, 2012","Pickel, Richard, D",,richardpickel@gmail.com
77743350,deadAbandoned,WE THE PEOPLE PLAN,"Feb. 15, 2012","Bernstein, David Michael",,wethepeopleplan@gmail.com
77743860,REQUEST_FAILED,,,,,
77746033,deadAbandoned,None,"Apr. 15, 2012","Parks, Paul M.",,paul@smartsam.com
77747571,deadAbandoned,FIT-5,"Nov. 26, 2012",ARA Safety (US) Inc.,,
77745864,REQUEST_FAILED,,,,,
77749115,deadAbandoned,SURGE TRADING PARTNERS,"Mar. 05, 2012",SURGE TRADING GROUP INC.,,james.paddon@surgetrading.com
77750859,deadAbandoned,B-PHLAT PHLATOUT PHUNNY,"Apr. 16, 2012","PERKINS, BEVERLY D.",,
77750387,REQUEST_FAILED,,,,,
77751665,REQUEST_FAILED,,,,,
77753115,deadAbandoned,P.A.L.,"Nov. 12, 2012","Cameron, Melinda M",,cameronm@orst.edu
77756587,deadAbandoned,TUFF AS NAILS,"Jan. 23, 2012",Isabella Michael J,,misafe@aol.com
77752870,REQUEST_FAILED,,,,,
77756877,REQUEST_FAILED,,,,,
77757938,deadAbandoned,K-PRICHO MUSICAL,"Aug. 10, 2012",Pablo Huante,,phuante@sbcglobal.net
77760328,deadAbandoned,WONDERLAND,"Feb. 16, 2012",Ainsworth Game Technology Limited,,tom.davidson@ainsworth.com.au
77759741,REQUEST_FAILED,,,,,
77760117,REQUEST_FAILED,,,,,
77761256,REQUEST_FAILED,,,,,
77762965,REQUEST_FAILED,,,,,
77764721,deadAbandoned,THE DUCHESS,"Jan. 23, 2012",Ainsworth Game Technology Limited,,tom.davidson@ainsworth.com.au
77764719,deadAbandoned,THE PRINCESS,"Sep. 03, 2012",Ainsworth Game Technology Limited,,tom.davidson@ainsworth.com.au
77764722,deadAbandoned,THE KNIGHT,"Sep. 03, 2012",Ainsworth Game Technology Limited,,tom.davidson@ainsworth.com.au
77766198,deadAbandoned,KIDSROK,"Jan. 23, 2012","IceRok, LLC",,craigbinks@gmail.com
77764178,REQUEST_FAILED,,,,,
77766156,deadAbandoned,BATTLE OF THE TRAINERS,"Mar. 12, 2012","S&D Productions, LLC",,
77766219,deadAbandoned,N.O.P.E.,"Jul. 09, 2012",Gregory D. Shaffer,,siriusolutions@verizon.net
77769091,deadAbandoned,H2OTTO,"Sep. 10, 2012","Sikes, Lisa",,whalelung@comcast.net
77769610,deadAbandoned,BE A BEAST,"Mar. 26, 2012","Be A Beast, Incorporated",,jes4519@aol.com
77770472,deadAbandoned,ILUVMYDOC.COM MY DOCTOR. MY HEALTH.,"Jul. 16, 2012","Gidwani, Vinod T.",,
77770483,deadAbandoned,None,"Jul. 02, 2012",Vinod T. Gidwani,,
77770487,deadAbandoned,MY DOCTOR. MY HEALTH.,"Oct. 15, 2012","Gidwani, Vinod T.",,
77769998,REQUEST_FAILED,,,,,
77772566,deadAbandoned,PIXELWATT,"Mar. 12, 2012","Trusight, Inc.",,justin@sjgdc.com
77772793,deadAbandoned,SCREW-IT,"Dec. 31, 2012","Replar Manufacturing, Inc.",,andy@replarmfg.com
77771725,REQUEST_FAILED,,,,,
77773876,deadAbandoned,SUPER POWER,"Apr. 13, 2012","Nisha Organics, LLC",,info@nishorganics.com
77772576,REQUEST_FAILED,,,,,
77774652,deadAbandoned,THEMENUMAG,"Jan. 19, 2012","Think, LLC",,
77774707,deadAbandoned,VENUS ON FIRE ICE ON MARS,"Mar. 12, 2012",InovoBiologic Inc.,,rzhang@inovobiologic.com
77773931,deadAbandoned,B-PHLAT,"Apr. 09, 2012","PERKINS, BEVERLY D.",,
77775876,deadAbandoned,HTC INTERLUDE,"Jul. 09, 2012",HTC Corporation,,kathy.callahan@bracewell.com
77775883,deadAbandoned,HTC VIGOR,"Jan. 09, 2012",HTC Corporation,,kathy.callahan@bracewell.com
77775758,deadAbandoned,SLICE THRU,"Mar. 12, 2012","Carolan, Sean Thomas",,sjcarolan@yahoo.com
77775493,deadAbandoned,PGX JUST ADD IT,"Mar. 12, 2012",InovoBiologic Inc.,,rzhang@inovobiologic.com
77776162,deadAbandoned,UCS UNITED COURIER SERVICE,"Aug. 28, 2012",China Courier Services (USA) Corporation,,tmregistered@gmail.com
77775963,REQUEST_FAILED,,,,,
77776255,REQUEST_FAILED,,,,,
77776561,REQUEST_FAILED,,,,,
77781213,deadAbandoned,EXPERIENCE = PERFORMANCE,"Sep. 03, 2012",Ainsworth Game Technology Limited,,tom.davidson@ainsworth.com.au
77784058,deadAbandoned,BEAUTY THROUGH THE SCIENCE OF HEAT,"Jul. 09, 2012",Zeno Corporation,,
77782197,REQUEST_FAILED,,,,,
77783960,deadAbandoned,IMPROVING LIVES THROUGH THE SCIENCE OF HEAT,"Jul. 09, 2012",Zeno Corporation,,
77783953,REQUEST_FAILED,,,,,
77787867,deadAbandoned,TRUTH OR DARE,"Oct. 08, 2012","Henderson, Alan L.",,Alhen69157@aol.com
77789484,deadAbandoned,SPIN,"Oct. 15, 2012","Henderson, Alan",,alhen69157@aol.com
77790243,deadAbandoned,TSUNAMI,"Oct. 15, 2012",George Huie,,
77788618,REQUEST_FAILED,,,,,
77793880,deadAbandoned,PRAYER BLANKET CO. EMBRACED IN PRAYER,"May 28, 2012","Prayer Blanket Co., LLC",,prayerblanket@yahoo.com
77793890,deadAbandoned,PRAYER BLANKET CO. EMBRACED IN PRAYER,"May 28, 2012","Prayer Blanket Co., LLC",,prayerblanket@yahoo.com
77796099,deadAbandoned,SHOTS OF FREEDOM,"Oct. 29, 2012","Dischordian Productions, Inc.",,douggreene@earthlink.net
77795663,REQUEST_FAILED,,,,,
77797332,deadAbandoned,DELIVERY BY JCK,"Feb. 06, 2012",Reed Elsevier Inc.,,jacqueline.gregorski@lexisnexis.com
77797040,REQUEST_FAILED,,,,,
77798176,REQUEST_FAILED,,,,,
77799076,deadAbandoned,PIMPCESS,"Dec. 13, 2012","Cifuentes, Claudio",,glossmaster@yahoo.com
77800455,deadAbandoned,SENEMEATER,"Mar. 19, 2012","Eastland, David C",,tricia.eastland@gmail.com
77799931,REQUEST_FAILED,,,,,
77800446,REQUEST_FAILED,,,,,
77800317,REQUEST_FAILED,,,,,
77801230,deadAbandoned,MFLOW,"Jan. 08, 2012",Digital Distribution Networks Limited,,savva.kerdemelidis@gmail.com
77804537,deadAbandoned,L·A·W·S LIGHT,"Jun. 25, 2012","Gwillim, Reese C",,reese1755@sbcglobal.net
77802013,REQUEST_FAILED,,,,,
77804549,deadAbandoned,WEB STYLE MEDIA,"Mar. 06, 2012",Dmytro Yeskin,,info@webstylemedia.com
77804583,deadAbandoned,INTIMATE PLAY,"May 14, 2012",Asiaedge Marketing Company Limited,,andrew@asiaedge.com
77803859,REQUEST_FAILED,,,,,
77805759,deadAbandoned,CHRISTMAS IN JULY 1982,"Nov. 12, 2012",Anthony Jerrell Dixon,,artemusjenkins@gmail.com
77804838,REQUEST_FAILED,,,,,
77805317,REQUEST_FAILED,,,,,
77807009,deadAbandoned,LIL' WHOOPERS,"Apr. 12, 2012","Ostermann, John",,john.ostermann@gmail.com
77807514,REQUEST_FAILED,,,,,
77808670,deadAbandoned,ALOHATRON,"Oct. 22, 2012","Walsh, Katie E.",,ktwalsh.e@gmail.com
77808005,REQUEST_FAILED,,,,,
77808293,REQUEST_FAILED,,,,,
77808873,REQUEST_FAILED,,,,,
77811556,REQUEST_FAILED,,,,,
77812953,deadAbandoned,THE PROTEOME STARTS HERE,"Apr. 23, 2012","Gentel Biosciences, Inc.",,
77813455,deadAbandoned,SEAFRESH BRAND,"Nov. 05, 2012","Kobetoba, Inc.",,kobetoba13668@gmail.com
77815003,deadAbandoned,PEADOODLES,"Nov. 12, 2012",Lisa M. Slavid,,lisaslavid@gmail.com
77815658,deadAbandoned,NO ONE GIVES A SHEET ABOUT YOUR TWEET,"Sep. 24, 2012","Ackerman, Daniel I.",,
77815602,deadAbandoned,WLOBP WORLD LEAGUE OF BEER PONG,"Oct. 22, 2012",World League of Beer Pong LLC,,matthewmeyers1@gmail.com
77812913,REQUEST_FAILED,,,,,
77815370,REQUEST_FAILED,,,,,
77816893,deadAbandoned,TEMPURE SCIENTIFIC,"Jul. 26, 2012",TemPure Scientific LLC,,cmcgovern@bushrefrigeration.com
77816873,REQUEST_FAILED,,,,,
77819709,deadAbandoned,FIT PRO,"Apr. 12, 2012",ARA Safety (US) Inc.,,
77820063,deadAbandoned,HYDRADERMAL CELL,"Oct. 22, 2012","The Christi Harris Companies, Inc.",,GraceEveritt@yahoo.com
77820528,deadAbandoned,None,"Jan. 03, 2012","Conley, Kevin M.",,kevinc421@gmail.com
77820629,REQUEST_FAILED,,,,,
77820636,REQUEST_FAILED,,,,,
77820964,REQUEST_FAILED,,,,,
77822338,deadAbandoned,MULE EV,"Aug. 14, 2012","Shenzhen GreenWheel Electric Vehicle Co., Limited",,monicawoous@gmail.com
77822536,deadAbandoned,INTELLISTAFFING,"Nov. 26, 2012","Wiggins, Donald E.",,don_wiggins@hotmail.com
77822978,deadAbandoned,U ROCK MY WORLD,"Nov. 26, 2012","U Rock My World, LLC",,
77822982,deadAbandoned,APPENA,"Dec. 10, 2012",Appena AB,,robert@appena.com
77825574,deadAbandoned,NANO,"Nov. 12, 2012",ECOWASH MOBILE INTERNATIONAL PTY LTD,,jim@ecowash.com.au
77826978,deadAbandoned,None,"Mar. 27, 2012","Brown, Rose M",,rosmar_brown04@yahoo.com
77825369,REQUEST_FAILED,,,,,
77825969,deadAbandoned,POLAR-FX ENERGY,"Apr. 17, 2012",Z Square Originals,,info@drinkpolarfx.com
77827212,deadAbandoned,BIOMOTION,"Jul. 09, 2012","Applied Technology Holdings, Inc.",,
77825539,REQUEST_FAILED,,,,,
77828275,deadAbandoned,PRAY IT FORWARD,"Jan. 06, 2012","Pray Forward, LLC",,weber.jennifer@principal.com
77826570,REQUEST_FAILED,,,,,
77827887,deadAbandoned,FATAL ADDICTION INDUSTRIES,"Jun. 11, 2012","LUCIO, Leroy",,
77827874,REQUEST_FAILED,,,,,
77829276,deadAbandoned,CILANTRO ALWAYS FRESH,"Jan. 24, 2012",Cilantro Always Fresh LLC,,chernandez@chrbuilders.com
77829062,REQUEST_FAILED,,,,,
77830607,deadAbandoned,CSR INSIGHT,"Feb. 06, 2012",Linda M. Lowson,,lmlowson@optonline.net
77830606,deadAbandoned,ENGAGEMENTMOON,"Jan. 15, 2012","Dautenhahn, Jeremy D.",,jddaut@hotmail.com
77830581,deadAbandoned,GLADIATOR BEAVER,"May 21, 2012",Gemini Rogue LLC,,tommycros@aol.com
77829733,REQUEST_FAILED,,,,,
77830234,REQUEST_FAILED,,,,,
77831627,deadAbandoned,CELEBRITY SECRET SANTA,"Dec. 27, 2012","NUTCRACKER PRODUCTIONS, LLC",,drew@nutcrackerproductions.com
77831633,deadAbandoned,SCS SECRET CELEBRITY SANTA,"Dec. 17, 2012","NUTCRACKER PRODUCTIONS, LLC",,drew@nutcrackerproductions.com
77832356,deadAbandoned,IBRATOR,"Nov. 19, 2012",Phase C Inc.,,carl@phase-c.com
77830875,REQUEST_FAILED,,,,,
77833085,deadAbandoned,LIFESTYLE PACK,"Jun. 11, 2012",American Express Marketing & Development Corp.,,
77834611,deadAbandoned,LITTLE NEST,"Jul. 03, 2012",Trustee of Little Nest Furnishings Trust,,sam@littlenest.com
77833093,deadAbandoned,SOCIAL PACK,"May 14, 2012",American Express Marketing & Development Corp.,,
77832845,REQUEST_FAILED,,,,,
77834812,REQUEST_FAILED,,,,,
77835469,REQUEST_FAILED,,,,,
77835583,REQUEST_FAILED,,,,,
77836353,REQUEST_FAILED,,,,,
77838835,deadAbandoned,PLANTIME.COM,"May 07, 2012",PlanTime.com LLC,,ysu@plantime.com
77838162,deadAbandoned,TEALIFE,"Jun. 18, 2012","Tea Life, LLC",,
77838853,deadAbandoned,Q-ZAR,"Jan. 16, 2012",Bee IT Consulting,,
77839817,REQUEST_FAILED,,,,,
77840972,deadAbandoned,ACNE DETOX,"Jul. 02, 2012","Ripped Tide Nutrition, Inc.",,drew@socalcleanse.com
77840476,REQUEST_FAILED,,,,,
77840963,deadAbandoned,SYKOTYC,"Sep. 17, 2012",Baker Jr Harvey Ray,,jr@inkovations.com
77840974,deadAbandoned,ACNE DTOX,"Jun. 25, 2012","Ripped Tide Nutrition, Inc.",,drew@socalcleanse.com
77840966,REQUEST_FAILED,,,,,
77843347,deadAbandoned,SPORTSMAN'S READERS BY PROJECT EYEWEAR,"Feb. 06, 2012","Tandy Brands Accessories, Inc.",,beverly@paramarkllc.com
77843119,REQUEST_FAILED,,,,,
77843844,REQUEST_FAILED,,,,,
77846618,deadAbandoned,RSMEANS COSTWORKS VALUATOR,"Aug. 27, 2012",R.S. MEANS COMPANY LLC,,jacqueline.gregorski@lexisnexis.com
77847157,deadAbandoned,866-WEBUYGOLD,"Jun. 13, 2012","CARDILLO, LOU",,
77847159,deadAbandoned,877-GOLDBUYERS,"Jun. 13, 2012","CARDILLO, LOU",,
77848103,deadAbandoned,12 CORNER PIZZA,"Mar. 15, 2012",Robert Lincoln Lewis,,aschwartz@schwartzip.com
77846144,REQUEST_FAILED,,,,,
77846309,REQUEST_FAILED,,,,,
77846456,REQUEST_FAILED,,,,,
77848068,deadAbandoned,NA PALI,"Jun. 25, 2012",Tara Elliott,,taramichul@gmail.com
77847543,REQUEST_FAILED,,,,,
77848725,REQUEST_FAILED,,,,,
77851529,deadAbandoned,CAÑA COLLECTION,"Mar. 26, 2012","Varing, Kimberly",,johnhastings@canacollection.com
77849479,REQUEST_FAILED,,,,,
77853049,deadAbandoned,SAY IT LIKE YOU MEAN IT,"Nov. 26, 2012","U Rock My World, LLC",,
77851129,REQUEST_FAILED,,,,,
77853281,deadAbandoned,YOU DON'T NEED TO GET A PHONE. YOU NEED A PHONE THAT GETS YOU.,"Jul. 02, 2012",HTC Corporation,,kathy.callahan@bracewell.com
77853692,REQUEST_FAILED,,,,,
77854665,REQUEST_FAILED,,,,,
77855051,deadAbandoned,V-NOTCH,"Jun. 18, 2012","Becton, Dickinson and Company",,
77854790,REQUEST_FAILED,,,,,
77855114,REQUEST_FAILED,,,,,
77856593,deadAbandoned,FAVORITE BOOKS PUBLISHING,"Dec. 31, 2012",Laura M. Staudenmaier,,info@favoritebookspublishing.com
77856635,deadAbandoned,None,"Dec. 17, 2012",Harvey Ball Smile Limited,,jassinter.inc-jp@dream.com
77856253,REQUEST_FAILED,,,,,
77856792,deadAbandoned,BEAVER EMPIRE,"May 28, 2012",Gemini Rogue LLC,,tommycros@aol.com
77856891,deadAbandoned,DESIGNED BY HARVEY R. BALL USA 1963,"Nov. 12, 2012",Harvey Ball Smile Limited,,jassinter.inc-jp@dream.com
77856838,deadAbandoned,BEAVER EMPIRE,"May 28, 2012",Gemini Rogue LLC,,tommycros@aol.com
77856898,deadAbandoned,MCF REAL MADRID,"Jan. 29, 2012","Borras, Daniel",,borras.d@gmail.com
77857186,deadAbandoned,NATURAL RADIANCE,"Mar. 30, 2012","Natural Radiance, LLC",,
77857124,deadAbandoned,SEFRONITE,"Jun. 25, 2012",AMCOL International Corporation,,
77856887,REQUEST_FAILED,,,,,
77857028,REQUEST_FAILED,,,,,
77857924,deadAbandoned,"REEL HEALTH, REEL TASTE, REEL GOOD","Jun. 18, 2012","Safcol USA, Inc.",,tmregistered@gmail.com
77857493,REQUEST_FAILED,,,,,
77857622,REQUEST_FAILED,,,,,
77857719,REQUEST_FAILED,,,,,
77859897,deadAbandoned,BODDLER,"Feb. 16, 2012","Pappert, Shannon, M",,shannon.pappert@comcast.net
77859780,deadAbandoned,DEVON MOTORWORKS,"May 28, 2012","Devon Motorworks, LLC",,
77859195,deadAbandoned,NATASHA NIELSEN,"Apr. 11, 2012",N. M. M.,,natashamowel13@gmail.com
77859965,deadAbandoned,PANCAKOS,"Jan. 02, 2012",Benjamin Magliochetti,,bmagliochetti@hotmail.com
77860131,deadAbandoned,JUSTDIAL LOCAL SEARCH WITH A HUMAN TOUCH,"Jul. 02, 2012",JUST DIAL PRIVATE LIMITED,,srinivas@justdial.com
77860273,deadAbandoned,AMERICAS,"Mar. 21, 2012","FABRICA DE AGUARDIENTES DE AGAVE LA MEXICANA, S.A. DE C.V.",,connygw@yahoo.com.mx
77858426,REQUEST_FAILED,,,,,
77860621,REQUEST_FAILED,,,,,
77861079,REQUEST_FAILED,,,,,
77862174,deadAbandoned,MEGATHENE,"Dec. 31, 2012","POLY-MED, INC.",,
77862949,deadAbandoned,CURAXIS,"Aug. 13, 2012",CURAXIS PHARMACEUTICAL CORPORATION,,jgeaslen@curaxispharma.com
77862489,REQUEST_FAILED,,,,,
77864030,deadAbandoned,AIBIOTECH AMERICAN INTERNATIONAL BIOTECHNOLOGY SERVICES,"Apr. 13, 2012","Bostwick Laboratories, Inc.",,
77863441,REQUEST_FAILED,,,,,
77863596,REQUEST_FAILED,,,,,
77864518,deadAbandoned,WIKINVENTION,"Jan. 09, 2012","Carrasco-Munoz, Jordi",,jordi.carrascomunoz@mac.com
77863771,REQUEST_FAILED,,,,,
77864043,REQUEST_FAILED,,,,,
77865303,REQUEST_FAILED,,,,,
77865762,REQUEST_FAILED,,,,,
77865799,REQUEST_FAILED,,,,,
77867630,deadAbandoned,BULBS4U,"Mar. 13, 2012",Lamps4u Limited,,mcuk12@hotmail.com
77868030,REQUEST_FAILED,,,,,
77868487,REQUEST_FAILED,,,,,
77869785,deadAbandoned,GAMEHANDLE,"Feb. 02, 2012","Onda, Hideki Francis",,hidechan@mac.com
77868752,REQUEST_FAILED,,,,,
77868825,REQUEST_FAILED,,,,,
77870834,deadAbandoned,None,"Jul. 16, 2012","Panda Core Technology, Inc.",,julius@pandacore.com
77869995,REQUEST_FAILED,,,,,
77872823,deadAbandoned,MALABAR CLOTHING CO. (IN COMBINATION WITH FANCIFUL DESIGN DEPICTION OF A SEA TURTLE),"Jan. 06, 2012","Marten, Aaron Louis",,i.malibu@yahoo.com
77872106,REQUEST_FAILED,,,,,
77872252,REQUEST_FAILED,,,,,
77873032,deadAbandoned,IDEANET,"Feb. 07, 2012",Innovation Factory Intellectual Property B.V.,,info@innovationfactory.eu
77873167,deadAbandoned,STRAND,"Oct. 05, 2012","Prime Garments, Inc.",,BRAVO654@aol.com
77873332,deadAbandoned,MAJOR MORGAN,"Jan. 16, 2012","Hyman, Greg",,greghyman@aol.com
77873029,REQUEST_FAILED,,,,,
77873948,deadAbandoned,GRIZZLY URBS,"Sep. 02, 2012","BE A GRIZZLY, LLC",,
77876158,deadAbandoned,CAMCARE,"Apr. 24, 2012","LifeCall, LLC",,spalermo@lifecallusa.com
77876685,deadAbandoned,HTC INCREDIBLE,"Jan. 02, 2012",HTC Corporation,,kathy.callahan@bracewell.com
77875669,REQUEST_FAILED,,,,,
77876985,deadAbandoned,MOBILIZING INNOVATION,"Apr. 02, 2012","gofigure, llc",,devon.rolf@gofigure.com
77875533,REQUEST_FAILED,,,,,
77876997,deadAbandoned,MRS. GREEN HOME PRODUCTS,"Dec. 17, 2012","Sani Products, Inc.",,dbiagi@onewayclean.biz
77876931,REQUEST_FAILED,,,,,
77877387,REQUEST_FAILED,,,,,
77878517,deadAbandoned,M2 CODE,"Feb. 21, 2012",NETFECTIVE TECHNOLOGY S.A.,,aparquet@netfective.com
77879315,deadAbandoned,MRS. GREEN HOME PRODUCTS,"Dec. 17, 2012","Sani Products, Inc.",,dbiagi@onewayclean.biz
77880174,deadAbandoned,TODAY'S MARKET,"Jul. 02, 2012","General Foods Holdings, Inc.",,
77879602,REQUEST_FAILED,,,,,
77880465,deadAbandoned,CHARON,"Aug. 27, 2012",Charon Software LLC,,cwalker@charonsoftware.com
77879867,REQUEST_FAILED,,,,,
77881847,deadAbandoned,HEALTHY GLOW,"Nov. 28, 2012",Lea Silva,,lea@healthyglowskinproducts.com
77881547,REQUEST_FAILED,,,,,
77881548,REQUEST_FAILED,,,,,
77881740,REQUEST_FAILED,,,,,
77884250,deadAbandoned,JETA PANTHER,"Jan. 30, 2012",Nikitin Nikita,,swg-sp@swgsoft.com
77882643,REQUEST_FAILED,,,,,
77884563,deadAbandoned,SKINNY BITCH,"Apr. 24, 2012",Bitch Brewing Pty Ltd,,lew@rethinkmanagement.com.au
77883862,REQUEST_FAILED,,,,,
77883900,REQUEST_FAILED,,,,,
77885943,deadAbandoned,HUMANSCORING,"Jan. 30, 2012","GHIGLIAZZA, RICARDO ANDRES",,idc@demarcas.com
77884740,REQUEST_FAILED,,,,,
77885560,REQUEST_FAILED,,,,,
77886541,REQUEST_FAILED,,,,,
77887210,REQUEST_FAILED,,,,,
77887545,REQUEST_FAILED,,,,,
77889142,deadAbandoned,UNICECREAM,"May 07, 2012",ThaiDesserts Inc.,,kkng89@hotmail.com
77889195,deadAbandoned,2 X 4,"Sep. 27, 2012",UNISER S.A.,,idc@demarcas.com
77888885,REQUEST_FAILED,,,,,
77890724,deadAbandoned,KNUCKLE SANDWICH,"Oct. 12, 2012","Di Vito, Scott",,scott.divito@gmail.com
77892392,deadAbandoned,BRUTE BOND,"Aug. 06, 2012",Patent & Investment LLC,,Albert@NewbornCaulkGuns.com
77892394,deadAbandoned,BIG MUSCLE FOR SMALL JOBS,"Aug. 06, 2012",Patent & Investment LLC,,Albert@NewbornCaulkGuns.com
77891953,REQUEST_FAILED,,,,,
77892001,REQUEST_FAILED,,,,,
77892236,REQUEST_FAILED,,,,,
77892846,deadAbandoned,BUMP ON IN EMAIL CLUB,"Feb. 13, 2012","Bumpers Drive-In of America, Inc.",,
77892898,REQUEST_FAILED,,,,,
77894575,deadAbandoned,BLACK HOLE,"Feb. 06, 2012",Winning Moves Inc.,,pecci@winning-moves.com
77893032,REQUEST_FAILED,,,,,
77893376,REQUEST_FAILED,,,,,
77897148,deadAbandoned,PRACTICAL GLAMOUR,"Feb. 27, 2012",Constance Dunn,,
77895329,REQUEST_FAILED,,,,,
77897608,deadAbandoned,SALON CHI,"Jan. 30, 2012","Farouk Systems, Inc.",,
77897556,deadAbandoned,THE BREAD IS RISING,"Apr. 16, 2012",The Bread is Rising Poetry Collective,,amjournal@gmail.com
77897671,deadAbandoned,MICHI BOX,"Jan. 09, 2012","Green Podz, L.L.C.",,soilent18@hotmail.com
77897751,deadAbandoned,BIZSPROUTS,"Mar. 15, 2012",PDMA-CDMA Educational Foundation,,w.tuszynski@ivanhoeindustries.com
77897610,deadAbandoned,SALON CHI,"Jan. 30, 2012","Farouk Systems, Inc.",,
77897647,REQUEST_FAILED,,,,,
77897690,REQUEST_FAILED,,,,,
77898783,deadAbandoned,LOVE NOTES,"Jan. 23, 2012",Karen Maddox,,denise.everett@dinslaw.com
77898646,REQUEST_FAILED,,,,,
77899276,deadAbandoned,THE SMARTEST PLUMBER ON THE PLANET,"Nov. 28, 2012","Clockwork IP, LLC",,docketing@pelaw.net
77899312,REQUEST_FAILED,,,,,
77899539,REQUEST_FAILED,,,,,
77900628,deadAbandoned,GLAMMY AWARDS,"Nov. 27, 2012",Robert Repko,,robrepko@gmail.com
77900970,deadAbandoned,YORUBABOY,"Feb. 27, 2012",KHWARENAH ENTERTAINMENT LLC,,realnizice@gmail.com
77901028,deadAbandoned,PET NATION,"Aug. 13, 2012",MediaVisionLLC,,info@mediavisionllc.com
77900972,deadAbandoned,YORUBABOY,"Jan. 23, 2012",KHWARENAH ENTERTAINMENT LLC,,realnizice@gmail.com
77901092,deadAbandoned,WE BRING LEARNING TO LIFE,"Mar. 19, 2012","Fulton, Glen",,marion@ctafieldtrips.com
77900993,REQUEST_FAILED,,,,,
77901226,REQUEST_FAILED,,,,,
77901838,REQUEST_FAILED,,,,,
77901960,REQUEST_FAILED,,,,,
77903564,deadAbandoned,AMERICA'S BIG GIVE,"Jun. 26, 2012",Americas Big Give,,jgann@americasbiggive.com
77903577,deadAbandoned,SPARX,"Oct. 19, 2012","Choe, Nina",,choeorama@gmail.com
77903615,REQUEST_FAILED,,,,,
77904831,deadAbandoned,HARGRESS,"Feb. 16, 2012","Hargress, Micah",,mhargress@hotmail.com
77904642,REQUEST_FAILED,,,,,
77905520,deadAbandoned,SAFE. SECURE. SIMPLE. SUREMARK.,"Sep. 03, 2012","Infinity Times Infinity, LLC",,
77904750,REQUEST_FAILED,,,,,
77905421,deadAbandoned,S SUREMARK,"Oct. 08, 2012","Infinity Times Infinity, LLC",,
77905814,deadAbandoned,SPLENDOR DECORATIVE LAMINATES,"Nov. 12, 2012",GREENLAM AMERICA INC,,aschwartz@schwartzip.com
77904835,REQUEST_FAILED,,,,,
77905818,deadAbandoned,BUSINESSFLEX,"Aug. 13, 2012",American Express Marketing & Development Corp.,,
77907508,deadAbandoned,RATERIX,"Feb. 27, 2012",Raterix co.,,alex.zayarny@gmail.com
77907429,deadAbandoned,JOI,"Jan. 24, 2012","Momona, LLC",,joreida@gmail.com
77906621,REQUEST_FAILED,,,,,
77906888,REQUEST_FAILED,,,,,
77908639,deadAbandoned,CURIOUSLY CRISPY,"Mar. 07, 2012",Macchia Debbie,,gmtx516@aol.com
77907533,REQUEST_FAILED,,,,,
77907925,REQUEST_FAILED,,,,,
77908716,REQUEST_FAILED,,,,,
77910100,REQUEST_FAILED,,,,,
77910238,REQUEST_FAILED,,,,,
77910252,REQUEST_FAILED,,,,,
77910738,deadAbandoned,ARCTICLINK,"Aug. 27, 2012","Arctic Cable Company, LLC",,
77910727,deadAbandoned,ARCTIC CABLE COMPANY,"Jul. 09, 2012","Arctic Cable Company, LLC",,
77911171,REQUEST_FAILED,,,,,
77911566,deadAbandoned,GREENMODELING,"Apr. 02, 2012",Pongratz Gregory,,gsp1@qwestoffice.net
77911578,deadAbandoned,SYB SAVE YOUR BREATH,"Mar. 26, 2012",Starling Rowena,,rowenas@sbcglobal.net
77911369,REQUEST_FAILED,,,,,
77912091,deadAbandoned,MONO VERSION INSIDE SECURITY,"Feb. 20, 2012",Stephenson Daniel B,,golfobsessed@hotmail.com
77911669,deadAbandoned,ONIONS DOUBLE ORDER,"Jan. 30, 2012","Raftery, William",,cfoster@rlrassociates.net
77911827,REQUEST_FAILED,,,,,
77912445,REQUEST_FAILED,,,,,
77913426,deadAbandoned,AYGUGI,"Feb. 27, 2012",Aaron Polson,,aaron.polson@yahoo.com
77912474,REQUEST_FAILED,,,,,
77914440,deadAbandoned,AUTHENTICITY EXTRACTS,"Aug. 13, 2012",Mary Grace Andriano,,mgandriano@gmail.com
77913157,REQUEST_FAILED,,,,,
77914170,deadAbandoned,LITTLE LIFE LESSONS,"May 01, 2012","ADAMS, JAY CODIE",,JAYCADAMS@HOTMAIL.COM
77914201,REQUEST_FAILED,,,,,
77914441,REQUEST_FAILED,,,,,
77916385,deadAbandoned,R.E.A.L.,"Mar. 13, 2012","Maness, Sydney",,
77915213,REQUEST_FAILED,,,,,
77915951,REQUEST_FAILED,,,,,
77918781,deadAbandoned,None,"Nov. 26, 2012",Harvey Ball Smile Limited,,jassinter.inc-jp@dream.com
77918647,deadAbandoned,NU_YU,"Dec. 05, 2012",Monique Baribeau,,moniquebaribeau@aol.com
77917377,REQUEST_FAILED,,,,,
77918786,deadAbandoned,None,"Jun. 26, 2012",Harvey Ball Smile Limited,,jassinter.inc-jp@dream.com
77918988,deadAbandoned,WINDMASTER,"Apr. 23, 2012",CHICAGO PNEUMATIC TOOL COMPANY LLC,,
77918627,REQUEST_FAILED,,,,,
77919143,REQUEST_FAILED,,,,,
77919248,REQUEST_FAILED,,,,,
77919664,REQUEST_FAILED,,,,,
77919919,REQUEST_FAILED,,,,,
77920829,REQUEST_FAILED,,,,,
77921334,REQUEST_FAILED,,,,,
77922466,REQUEST_FAILED,,,,,
77925507,deadAbandoned,WINDVALUE,"Aug. 14, 2012","Albright, Bradley",,balbright@northrenew.com
77924302,deadAbandoned,FOODCHAINOW LINKING THE WORLD OF FOOD,"Feb. 06, 2012","me-Content Strategic Solutions, LLC",,ppbsamuels@yahoo.com
77925159,REQUEST_FAILED,,,,,
77925930,REQUEST_FAILED,,,,,
77926500,REQUEST_FAILED,,,,,
77927336,deadAbandoned,MARC ECKO,"Mar. 12, 2012",IP Holdings Unltd LLC,,atarshis@iconixbrand.com
77927313,REQUEST_FAILED,,,,,
77927399,REQUEST_FAILED,,,,,
77928239,deadAbandoned,P,"Oct. 15, 2012","Golf Interact, LLC",,
77927839,deadAbandoned,COOL CREATIVE ONLINE OPPORTUNITIES FOR LEARNING,"Apr. 23, 2012","Cool School Technologies, L3C",,
77927735,REQUEST_FAILED,,,,,
77928730,deadAbandoned,"IF HATING IS YOUR OCCUPATION, I GOT A FULL TIME JOB FOR YOU","Feb. 13, 2012","MPS ENTERTAINMENT, LLC",,
77928636,deadAbandoned,X,"Mar. 19, 2012","FOSHAN CITY NANHAI JINHEMING INVESTMENT CO., LTD.",,info.info168@gmail.com
77928434,deadAbandoned,DMND,"Jan. 10, 2012",Nathan Y. Panganiban,,natenuki@gmail.com
77928697,REQUEST_FAILED,,,,,
77930058,REQUEST_FAILED,,,,,
77931450,deadAbandoned,BAJA GOLDEN DATES,"Oct. 25, 2012","Martinez-Gallego, Antonio M.",,licjr@hotmail.com
77930610,REQUEST_FAILED,,,,,
77931434,deadAbandoned,AGILE EMISSARY,"Jun. 06, 2012","ANEJ, LLC.",,reesej19@yahoo.com
77931285,REQUEST_FAILED,,,,,
77932658,deadAbandoned,ECOSWEET,"Mar. 29, 2012",Ryland Taniguchi,,ryland007@yahoo.com
77932050,REQUEST_FAILED,,,,,
77932088,REQUEST_FAILED,,,,,
77933027,deadAbandoned,THE FRILE,"Jan. 23, 2012","Davis, Kimrie",,KIMRIE.DAVIS@YAHOO.COM
77932493,REQUEST_FAILED,,,,,
77932628,deadAbandoned,ECOSEWAGE,"Mar. 29, 2012",Ryland Taniguchi,,ryland007@yahoo.com
77933212,deadAbandoned,TRENDY GEMS,"Apr. 16, 2012","Hudson, Cristen",,
77933580,REQUEST_FAILED,,,,,
77934064,REQUEST_FAILED,,,,,
77934159,REQUEST_FAILED,,,,,
77935187,deadAbandoned,IYOH,"Mar. 26, 2012","Oneiric M.A.D., LLC",,awalters327@gmail.com
77934873,REQUEST_FAILED,,,,,
77935193,deadAbandoned,CHARON,"Aug. 27, 2012",Charon Software LLC,,cwalker@charonsoftware.com
77934971,REQUEST_FAILED,,,,,
77935618,REQUEST_FAILED,,,,,
77935670,REQUEST_FAILED,,,,,
77937879,deadAbandoned,BURÉ,"Nov. 19, 2012",Jack Losseff Designs,,jlosseff@yahoo.com
77938406,deadAbandoned,DEEJAY ESSA,"Mar. 26, 2012","Carrie, Jessa",,bobina37@yahoo.com
77938390,deadAbandoned,FREEPLAY,"Mar. 26, 2012","Blvd Media Group, LLC",,m.davidking@blvd-media.com
77938407,deadAbandoned,COME GET SOME,"May 21, 2012","Carton, Craig",,labs123@aol.com
77937659,REQUEST_FAILED,,,,,
77937757,REQUEST_FAILED,,,,,
77939503,deadAbandoned,BOP PROTECT,"Jun. 11, 2012",Kung Peter,,peter@qpscom.com
77938927,REQUEST_FAILED,,,,,
77939622,deadAbandoned,REPORTER,"Feb. 13, 2012","Great Wall Street, LLC",,kredman@nrai.com
77939495,deadAbandoned,TG PROTECT,"Jun. 11, 2012",Kung Peter,,peter@qpscom.com
77939816,deadAbandoned,IJEWEL PAD,"Oct. 15, 2012","Shrenuj USA, LLC",,
77939694,deadAbandoned,SEND IT IN BIG FELLA,"Feb. 06, 2012","Raftery, William",,cfoster@rlrassociates.net
77940363,deadAbandoned,RAVEN RILEY,"Dec. 06, 2012","Pate, Sarah",,
77939601,REQUEST_FAILED,,,,,
77939811,REQUEST_FAILED,,,,,
77939860,REQUEST_FAILED,,,,,
77940117,REQUEST_FAILED,,,,,
77941014,deadAbandoned,YOUR CAO AND YOUR CHIEF ACCOUNTABILITY OFFICER,"Nov. 27, 2012","Connecttolead, LLC",,
77941001,REQUEST_FAILED,,,,,
77941004,REQUEST_FAILED,,,,,
77942050,deadAbandoned,NATUREZYMES,"Jul. 02, 2012",Frennier Casey,,caseyfrennier@me.com
77942038,deadAbandoned,COLLEGETRAK,"Oct. 08, 2012","Simpson, James",,jmssmpsn@aol.com
77941411,REQUEST_FAILED,,,,,
77942406,deadAbandoned,AIN'T SCARED,"Jan. 09, 2012","Ruff & Tuff Electric Vehicles, Inc.",,katie@ruffandtuff.net
77942599,deadAbandoned,HERBAN ROOTS,"Apr. 23, 2012","Carrasquillo, Kelly A",,ksquills@yahoo.com
77941955,REQUEST_FAILED,,,,,
77944949,deadAbandoned,TWO APPLES - ORIENT MOLASSES,"Feb. 03, 2012",UR United for Investment LTD,,info@tariq-abusetta.com
77945071,deadAbandoned,MOLASSES AL AMASI DOUBLE APPLE FLAVOUR,"Aug. 07, 2012",UR United for Investment LTD,,info@tariq-abusetta.com
77944194,REQUEST_FAILED,,,,,
77944637,REQUEST_FAILED,,,,,
77946222,REQUEST_FAILED,,,,,
77946353,deadAbandoned,ICEWARE INTEGRATED COLLECTION ENGINE,"Apr. 24, 2012",ICEware Corp,,m.campisi@icewarecorp.com
77946291,REQUEST_FAILED,,,,,
77946803,deadAbandoned,BRED IN THE BEAN,"Feb. 20, 2012","O'Rourke, Kelly A",,orourkka@hotmail.com
77946529,REQUEST_FAILED,,,,,
77946824,REQUEST_FAILED,,,,,
77947921,deadAbandoned,"BLENDED, FAMILIES, MINISTRY","Jun. 07, 2012","SPIRITUAL CONCEPTS INTERNATIONAL, INC",,blendedfamilies@cox.net
77948496,deadAbandoned,SMARTFUNDING,"Mar. 16, 2012",HealtheChoices,,mbodden@healthechoices.com
77948242,REQUEST_FAILED,,,,,
77948296,REQUEST_FAILED,,,,,
77949231,deadAbandoned,BLACK COFFEE GALLERY ART AND COFFEE MADE BY ARTISTS,"Feb. 10, 2012","CAFE NEGRO GALLERIA, S. DE R.L. DE C.V.",,contacto@promarkmexico.com
77949419,deadAbandoned,GROUBATE POWER IN NUMBERS,"Feb. 03, 2012",Groubate Inc.,,jameshpruett@gmail.com
77949121,REQUEST_FAILED,,,,,
77948854,REQUEST_FAILED,,,,,
77950840,deadAbandoned,VENUS PASSION,"Nov. 30, 2012",InovoBiologic Inc.,,rzhang@inovobiologic.com
77950818,deadAbandoned,TANDY SYSTEMS,"Apr. 12, 2012",DATA ACCESS,,data.excess@gmail.com
77951106,deadAbandoned,FILMSCAPING,"Feb. 06, 2012","Bergeron, Philippe",,phil@pbergeron.com
77951284,deadAbandoned,JOHN BLACK,"Jul. 02, 2012","Ratilovskiy, Pavel",,magratil.ua@gmail.com
77950460,REQUEST_FAILED,,,,,
77950952,REQUEST_FAILED,,,,,
77951006,REQUEST_FAILED,,,,,
77951912,deadAbandoned,RICH BRAIN ENT,"Feb. 20, 2012","Nesbitt, Darian",,dnesbitt.personal@gmail.com
77952437,deadAbandoned,AL-WAHA DOUBLE APPLE,"Oct. 10, 2012",UR United for Investment LTD,,info@tariq-abusetta.com
77952923,deadAbandoned,FLOSSER FORK,"Mar. 01, 2012",MYTYM Co.,,jacksoncrispbusiness@hotmail.com
77952504,REQUEST_FAILED,,,,,
77952946,deadAbandoned,FLOSSER SPORK,"Mar. 01, 2012",MYTYM Co.,,jacksoncrispbusiness@hotmail.com
77953351,deadAbandoned,GUESSTIMATION,"May 21, 2012","Discovery Bay Games, Inc.",,
77953381,deadAbandoned,UNIVERSITY OF THE BRAVE,"Oct. 29, 2012","Nestenius, Rosalie",,noll808-ub@yahoo.com
77952661,REQUEST_FAILED,,,,,
77953578,deadAbandoned,KIMA,"May 21, 2012","Kima Labs, Inc.",,
77953209,REQUEST_FAILED,,,,,
77953463,REQUEST_FAILED,,,,,
77953787,deadAbandoned,49 SECRETS OF MONEY,"Aug. 22, 2012",RETHINK FINANCIAL SERVICES INC.,,
77953820,deadAbandoned,TRAFFIC DRIVEN,"May 21, 2012",Traffic Inc.,,
77954652,deadAbandoned,HELLION BREWING,"Apr. 30, 2012","Ladd, LW",,hellionbrewing@gmail.com
77954838,deadAbandoned,DXIMAGING,"May 03, 2012",NextGen Management LLC,,
77954100,REQUEST_FAILED,,,,,
77954494,REQUEST_FAILED,,,,,
77954626,REQUEST_FAILED,,,,,
77954900,REQUEST_FAILED,,,,,
77956165,deadAbandoned,THE JAVA PIT,"Jun. 11, 2012","Epler, Nicholas",,nepler@hotmail.com
77955009,REQUEST_FAILED,,,,,
77956925,deadAbandoned,HEYSTAKS,"Jun. 18, 2012",HeyStaks Technologies Limited,,info@heystaks.com
77956869,deadAbandoned,CHAINSAW CHIX,"May 21, 2012",Jennifer Lynn Watson,,jen@chainsaw.net
77957201,deadAbandoned,PYTHIA APPROACH,"Dec. 31, 2012",Existence Genetics,,info@existencegenetics.com
77956534,REQUEST_FAILED,,,,,
77957250,deadAbandoned,NOT HERE CREW,"Jan. 02, 2012","Thompson, Allison",,
77956833,REQUEST_FAILED,,,,,
77957520,deadAbandoned,CHEATING BAR,"Jan. 19, 2012",marcos castillo,,marcos@unaluzenelcamino.com
77958106,deadAbandoned,"MORE TALK, NO BILLS!","Jul. 16, 2012","NETTALK.COM,INC.",,nick@nettalk.com
77957307,REQUEST_FAILED,,,,,
77958187,deadAbandoned,17 SEVENTEEN CHERRY TREE LANE,"Nov. 06, 2012","Hollingsworth, Allyson Marie",,twobrontes@gmail.com
77957707,REQUEST_FAILED,,,,,
77958372,deadAbandoned,REFLECT IT APPAREL,"Aug. 08, 2012","Altorfer, Jill A",,jaa09@comcast.net
77958606,deadAbandoned,L4E,"Mar. 19, 2012","Rease, Charles",,
77958385,REQUEST_FAILED,,,,,
77959475,deadAbandoned,NASHVILLE CARDIOVASCULAR SOCIETY (NCVS),"Mar. 05, 2012","Pearce, Douglas",,djpearce@comcast.net
77958566,REQUEST_FAILED,,,,,
77960034,deadAbandoned,THE RAT PAD,"May 28, 2012","The Hackett Miller Company, Inc.",,
77959600,deadAbandoned,"BATTAGLIA, SHOES, APPAREL, SHOES ACCESSORIES, OUTDOORS","Mar. 01, 2012","World Class Footwear, Inc.",,
77959594,REQUEST_FAILED,,,,,
77960738,deadAbandoned,BIOGENIX,"Mar. 26, 2012","M&F, LLC",,healthwealthinstitutes@gmail.com
77960794,deadAbandoned,MYDEAL!,"Jun. 25, 2012",MY DEAL RETAILER LTD,,egautier@mydealretail.com
77961034,deadAbandoned,DURACELL,"Jul. 23, 2012",STANLEY MYERS LTD,,info@stanleymyers.co.uk
77960311,REQUEST_FAILED,,,,,
77960350,REQUEST_FAILED,,,,,
77960722,REQUEST_FAILED,,,,,
77961350,REQUEST_FAILED,,,,,
77962332,REQUEST_FAILED,,,,,
77963867,deadAbandoned,LOS DENNIX,"Mar. 02, 2012",JORGE A. SOLIS,,tonysolis@hotmail.com
77963171,REQUEST_FAILED,,,,,
77963906,REQUEST_FAILED,,,,,
77964067,deadAbandoned,HEALTH FOOD STALKER,"Mar. 12, 2012","Feldman, Natasha",,drvinkman@aol.com
77963933,REQUEST_FAILED,,,,,
77964389,deadAbandoned,CROSSLABEL,"Sep. 10, 2012","Beijing Weishi Jingying Trade Co.,Ltd",,zhaoying@zmtl.com
77964073,REQUEST_FAILED,,,,,
77964870,deadAbandoned,WORDFRUIT,"Apr. 30, 2012",Richard Clunan,,richclunan@gmail.com
77965144,deadAbandoned,GEORGIO CAPONI,"Mar. 20, 2012","Shark Eyes, Inc.",,tmregistered@gmail.com
77964619,REQUEST_FAILED,,,,,
77964865,REQUEST_FAILED,,,,,
77965539,deadAbandoned,MIAMI FASHION FEST,"Dec. 31, 2012","Sulichin, Silvio",,
77965528,deadAbandoned,"""AR"" AND ""JR.""","Jul. 25, 2012","Arthur Robinson, Jr., Inc.",,
77965566,deadAbandoned,BATTAGLIA SHOES,"Feb. 14, 2012","World Class Footwear, Inc.",,
77965992,deadAbandoned,BLAQ LEGEND,"Aug. 13, 2012","Williams, Terence",,
77965544,REQUEST_FAILED,,,,,
77966772,deadAbandoned,WORKPAPERS,"Mar. 01, 2012","Cathey, Kirt Seth",,kirtcathey@sysrisk.com
77966028,REQUEST_FAILED,,,,,
77966167,REQUEST_FAILED,,,,,
77967182,deadAbandoned,PROTEOMICS MULTI-SYSTEM,"Jun. 18, 2012","Gentel Biosciences, Inc.",,
77967492,deadAbandoned,BAND FANZ,"Jul. 16, 2012","The Gumbeaux Group, LLC",,gumbeauxgroup@cox.net
77968047,deadAbandoned,MAKENA,"Mar. 11, 2012","makena electronic(shenzhen)co.,ltd",,sales@makenachina.com
77967109,REQUEST_FAILED,,,,,
77967146,REQUEST_FAILED,,,,,
77967936,REQUEST_FAILED,,,,,
77968036,deadAbandoned,CLUBLAJOLLA,"Oct. 08, 2012","Clark, Ross",,
77977759,deadAbandoned,AUTHENTIC CASH4GOLD SITE,"Aug. 13, 2012","GREEN BULLION FINANCIAL SERVICES, LLC",,
77969079,REQUEST_FAILED,,,,,
77977780,deadAbandoned,ORIGINAL CASH4GOLD SITE,"Aug. 13, 2012","GREEN BULLION FINANCIAL SERVICES, LLC",,
77980856,deadAbandoned,None,"Mar. 19, 2012","YDILO ADVANCED VOICE SOLUTIONS, S.A.",,ip@agladial.com
78037412,deadAbandoned,DARWIN'S INTRO,"Mar. 25, 2012","International Data Group, Inc.",,
77969968,REQUEST_FAILED,,,,,
77982561,deadAbandoned,SCIENCE FICTION COMPUTER SCI-FI PC,"Apr. 16, 2012",Trigon Holdings Pty Ltd,,trigonholdings@iinet.net.au
77970127,REQUEST_FAILED,,,,,
78044112,deadAbandoned,YUMEE,"Feb. 24, 2012","Abbott, Steven Michael",,
77982427,REQUEST_FAILED,,,,,
78058461,REQUEST_FAILED,,,,,
78128668,REQUEST_FAILED,,,,,
78382595,deadAbandoned,URBAN FARE,"Jun. 06, 2012","Urban Fare, LLC",,
78481356,deadAbandoned,MESSAGE ON A BOTTLE,"May 24, 2012",Robin Costabile,,
78421124,REQUEST_FAILED,,,,,
78499239,deadAbandoned,VELOCITA WIRELESS,"Mar. 26, 2012",VELOCITA WIRELESS LLC,,scott.kareff@srz.com
78446512,REQUEST_FAILED,,,,,
78503915,deadAbandoned,BIRDIE,"Apr. 30, 2012","RICHARD A. LESLIE CO., INC.",,
78516604,deadAbandoned,CHOCOTHERAPY,"Nov. 13, 2012","Trotter, Tanicia R.",,tantrolcsw@yahoo.com
78589704,deadAbandoned,FEELMOI,"Mar. 15, 2012",LURLINE ROBINSON,,
78508025,REQUEST_FAILED,,,,,
78519968,REQUEST_FAILED,,,,,
78595287,deadAbandoned,INSPIRED LIVING,"Mar. 05, 2012","Z FURNITURE HOLDINGS, LLC",,celine.verdez@furnitureorigins.com
78552042,REQUEST_FAILED,,,,,
78629006,deadAbandoned,EGLOBE,"Apr. 16, 2012","SINGH, BALWINDER",,umotors@aol.com
78631957,deadAbandoned,EVOCAL,"Nov. 07, 2012","Walker, Brett",,
78637043,REQUEST_FAILED,,,,,
78674822,deadAbandoned,GAYCARD,"Apr. 26, 2012","Bergeron, Lee",,leebergeron@gmail.com
78662666,REQUEST_FAILED,,,,,
78755738,deadAbandoned,SEA MONSTER,"Mar. 19, 2012","MONSTER DADDY, LLC",,
78757627,deadAbandoned,WORLD SERIES SUDOKU,"Feb. 11, 2012",Imagination Holdings Pty Ltd,,sarah.wishart@imagination.com.au
78755740,deadAbandoned,SEA MONSTER,"Mar. 19, 2012","MONSTER DADDY, LLC",,
78757629,deadAbandoned,CELEBRITY SUDOKU,"Feb. 11, 2012",Imagination Holdings Pty Ltd,,sarah.wishart@imagination.com.au
78757628,deadAbandoned,WORLD CHAMPIONSHIP SUDOKU,"Feb. 11, 2012",Imagination Holdings Pty Ltd,,sarah.wishart@imagination.com.au
78699379,REQUEST_FAILED,,,,,
78728811,REQUEST_FAILED,,,,,
78732164,REQUEST_FAILED,,,,,
78757625,REQUEST_FAILED,,,,,
78782206,REQUEST_FAILED,,,,,
78821008,deadAbandoned,NATTY,"Oct. 01, 2012",Starworks Production Co. Ltd.,,
78837764,deadAbandoned,SWEET REVENGE,"Jul. 16, 2012","States, William T",,sampson33@verizon.net
78804234,REQUEST_FAILED,,,,,
78846191,deadAbandoned,CELULAR SIN BARRERAS,"Apr. 02, 2012","Zonana, Moses",,mzonana@tlemaz.com
78865542,deadAbandoned,RAW TO RADIANT,"Jun. 18, 2012","Cohen, Kimberly L.",,
78870592,deadAbandoned,CIPRIANI BEVERLY HILLS,"Sep. 17, 2012","Cipriani Group, Inc.",,
78907937,deadAbandoned,EBESTWISHES,"Sep. 23, 2012",EBESTWISHES LTD,,info@ebestwishes.com
78931304,deadAbandoned,BOOGIE,"Mar. 19, 2012","Wham-O, Inc.",,info.info168@gmail.com
78913916,REQUEST_FAILED,,,,,
78945451,deadAbandoned,REACTOR,"Jan. 09, 2012","Dymatize Enterprises, Inc.",,
78926647,REQUEST_FAILED,,,,,
78950529,deadAbandoned,IPANEMA WAY,"Feb. 27, 2012","Hunt, Bradley",,
78945678,REQUEST_FAILED,,,,,
78962285,deadAbandoned,PARAMED-X,"Jan. 23, 2012","Monster Medic, Inc.",,
79000177,deadAbandoned,CARDIGUARD,"Sep. 10, 2012",Boehringer Ingelheim Vetmedica GmbH,,
79000517,deadAbandoned,SUN GUN,"Jun. 28, 2012",SEPHORA,,
79001148,deadAbandoned,AY BODY CULTURE,"Nov. 26, 2012",AYYILDIZ TEKSTIL VE KONFEKSIYON SANAYI ANONIM SIRKETI,,
79001276,deadAbandoned,MAN TURBO,"Aug. 09, 2012",MAN SE,,
79000174,deadAbandoned,FLEXI,"Feb. 01, 2012",LURCH Warenhandels- und Entwicklungs-GmbH & Co. KG,,
79000103,REQUEST_FAILED,,,,,
79001354,deadAbandoned,HIPPO FRUIT,"Aug. 14, 2012",Fruitimpex Holding B.V.,,
79000234,REQUEST_FAILED,,,,,
79001505,deadAbandoned,AIRBUTLER,"Jan. 23, 2012",Robert LOSERL,,
79001511,deadAbandoned,YERBAMATE,"Mar. 12, 2012",Lorenzo Villoresi,,
79001115,REQUEST_FAILED,,,,,
79002122,deadAbandoned,None,"Jan. 11, 2012",Barrel Holdings Limited,,
79002123,deadAbandoned,TRIANGLE FLOWERS,"Apr. 05, 2012",Bulbs & Flowers International Group BV,,
79002422,deadAbandoned,STEALTH,"Mar. 23, 2012","SUPERSPROX, a.s.",,
79003461,deadAbandoned,OSCAR DEL VINO,"Jul. 11, 2012",ASSOCIAZIONE ITALIANA SOMMELIER ROMA,,
79003596,deadAbandoned,S SESSÙN,"Oct. 05, 2012",FRANCOIS Emmanuelle,,
79001798,deadAbandoned,TORMO & ASOCIADOS,"Jan. 11, 2012","TORMO Y ASOCIADOS, S.L.",,
79001681,deadAbandoned,BIENCES,"Sep. 04, 2012",Flore Swiss Cosmetics Gasser et Cie,,
79003586,deadAbandoned,COSTADORO,"May 22, 2012",COSTADORO S.P.A.,,
79001801,deadAbandoned,HENCKELS,"Jun. 05, 2012",ZWILLING J.A. Henckels AG,,
79004696,deadAbandoned,TERMIGARD,"Jun. 22, 2012","QUIMICA DE MUNGUIA, S.A. (QUIMUNSA)",,
79004211,deadAbandoned,FUEGO,"Apr. 10, 2012",JEAN MELKONIAN,,
79004386,deadAbandoned,WINGS,"Jun. 06, 2012",Milestone E.P.E.,,
79004388,deadAbandoned,ANGIE,"Dec. 28, 2012",SUAT YAZICI,,
79004228,deadAbandoned,SUCKFIZZLE AUGUSTA,"Sep. 04, 2012",Stella Bella Wines Pty Ltd,,
79006434,deadAbandoned,VDB DIAMOND CUT,"Oct. 14, 2012",Pierre VAN DER BAUWEDE,,
79006950,deadAbandoned,GOETHE,"Jan. 27, 2012",Schloss Vollrads GmbH & Co. Besitz KG,,
79003462,REQUEST_FAILED,,,,,
79006958,deadAbandoned,ROSTAR,"Aug. 10, 2012",S.C. RO STAR S.A.,,
79006447,deadAbandoned,BACKALARM,"Nov. 16, 2012",Brigade Electronics plc,,
79007597,deadAbandoned,CAINFRI MAFIA K1 FRY,"Jan. 04, 2012",DABO Moussa,,
79007330,deadAbandoned,PIEROTH,"Dec. 03, 2012",PBG Beteiligungsgesellschaft mbH,,
79007598,deadAbandoned,THERA-TRAINER,"Apr. 05, 2012",medica-Medizintechnik GmbH,,
79007599,deadAbandoned,AFRICAN ARMURE,"Jan. 04, 2012",DABO Moussa,,
79007850,deadAbandoned,TST,"Aug. 21, 2012",TAMSAN MOTOR MAKINA IMALAT VE TICARET LIMITED SIRKETI,,
79005887,REQUEST_FAILED,,,,,
79006951,deadAbandoned,ORGARAN,"Mar. 20, 2012",MSD Oss B.V.,,tmdocketny@kenyon.com
79006239,REQUEST_FAILED,,,,,
79008547,deadAbandoned,EMPRESA,"Jan. 24, 2012",Baranes Srl,,
79008748,deadAbandoned,ARICI NBB,"Nov. 06, 2012",ARICI TEKSTIL SANAYI VE TICARET LIMITED SIRKETI,,
79009610,deadAbandoned,NOVABOSS,"Dec. 04, 2012",Erfurt & Sohn KG,,
79008745,deadAbandoned,LABORATOIRE KOCH,"Oct. 01, 2012",Laboratoire Koch AG,,
79009627,deadAbandoned,PIXOTE,"Jul. 12, 2012",Johannes ter Veer,,
79010021,deadAbandoned,EFINIO,"Jul. 25, 2012",Efinio AG,,
79009632,deadAbandoned,BOND BOND NON,"Dec. 30, 2012",KAYA SARACIYE DERI VE TEKSTIL ÜRÜNLERI SANAYI VE TICARET LIMITED SIRKETI,,
79011986,deadAbandoned,OKAY-BRASIL,"May 22, 2012",GILDA & Co SRL,,
79011999,deadAbandoned,OPTIMA,"Jul. 06, 2012",Akzo Nobel Coatings International B.V.,,
79011526,deadAbandoned,ACTIVIS,"Feb. 23, 2012",REIN Patrick,,
79008746,REQUEST_FAILED,,,,,
79009148,REQUEST_FAILED,,,,,
79013313,deadAbandoned,NILCO,"Jun. 04, 2012",SARUHAN KIMYA VE TEMIZLIK ÜRÜNLERI SANAYI TICARET ANONIM SIRKETI,,
79010022,deadAbandoned,LUMEN,"Jul. 19, 2012",Ecolab GmbH & Co. OHG,,
79010427,deadAbandoned,DOPOL,"May 25, 2012",ThyssenKrupp Polysius AG,,
79016021,deadAbandoned,AMSLER TEXTILE EFFECT SYSTEMS,"Apr. 30, 2012",Amsler Tex AG,,
79013756,deadAbandoned,GEANT,"Feb. 20, 2012",Delivery of Advanced Network Technology to Europe Limited,,
79014227,deadAbandoned,SANCRED,"Nov. 27, 2012",WHAM KFT,,
79016934,deadAbandoned,AWP,"Dec. 23, 2012",Dipl.-Ing. Karl Ochsner,,
79016936,deadAbandoned,MOBILE MARKER,"Dec. 12, 2012",Trodat GmbH,,
79017562,deadAbandoned,ORO CAFFÉ,"Dec. 05, 2012",ORO CAFFE' SRL CON UNICO SOCIO,,
79019104,deadAbandoned,EENI MEENI MIINI MOH,"Aug. 17, 2012",Philip Desmond Cowley,,
79013315,REQUEST_FAILED,,,,,
79019308,deadAbandoned,EMELDA,"Jan. 22, 2012",EMELDA DERI VE TEKSTIL SANAYI DIS TICARETI LIMITED SIRKETI,,
79021885,deadAbandoned,KELLY'S SNIPS,"Jun. 30, 2012",Kelly Gesellschaft m.b.H.,,
79014792,REQUEST_FAILED,,,,,
79014896,REQUEST_FAILED,,,,,
79024364,deadAbandoned,WOODIN,"Aug. 27, 2012",Vlisco B.V.,,
79022367,deadAbandoned,ITALCAFFÈ,"Jan. 09, 2012",ITALCAFFÈ S.P.A.,,
79026788,deadAbandoned,ESMENA,"May 05, 2012","ESMENA, S.L.",,
79025022,deadAbandoned,RIVIERE DU MAT,"Mar. 28, 2012",QUARTIER FRANÇAIS SPIRITUEUX OUTRE MER (Société par actions simplifiée),,
79027894,deadAbandoned,VIE,"Oct. 19, 2012",Knorr-Nährmittel Aktiengesellschaft,,
79028700,deadAbandoned,VALERA,"Nov. 06, 2012",LIGO-ELECTRIC S.A.,,
79024796,deadAbandoned,FORMULA ZERO,"Feb. 28, 2012",FORMULA ZERO B.V.,,
79023256,REQUEST_FAILED,,,,,
79028691,deadAbandoned,PEDI-MED,"Apr. 06, 2012",PIERRE FABRE MEDICAMENT,,
79030278,deadAbandoned,FUTURE TURK MALI,"Oct. 01, 2012",ATILIM TEKSTIL IÇ VE DIS; TICARET LIMITED SIRKETI,,
79028271,deadAbandoned,VIE,"Oct. 19, 2012",Knorr-Nährmittel Aktiengesellschaft,,
79034636,deadAbandoned,NORDMAN,"Feb. 23, 2012",Nokian Renkaat Oyj,,
79039196,deadAbandoned,OJO,"Oct. 10, 2012",Eschenbach Optik GmbH,,
79034635,deadAbandoned,CHALLENGE/,"Sep. 12, 2012","Obchtchestvo s ogranitchennoi; otvetsvennostyou ""Aleksandrovy pogreba""",,
79041266,deadAbandoned,SUTTONS,"Feb. 06, 2012",Suttons Consumer Products Limited,,
79040934,deadAbandoned,ACTION,"Oct. 10, 2012",Eschenbach Optik GmbH,,
79042844,deadAbandoned,MICHALSKY,"May 22, 2012",Black & Grey Design GmbH,,
79029539,REQUEST_FAILED,,,,,
79041267,deadAbandoned,OLÉ,"Jan. 31, 2012",Koton Magazacilik Tekstil Sanayi ve Ticaret Anonim Sirketi,,
79037091,deadAbandoned,ARCO BALENO,"May 14, 2012",YENI GÖKKUSAGI TEKSTIL; SANAYI TICARET LIMITED SIRKETI,,
79044681,deadAbandoned,TPT TECHNOPARK TOWER,"Dec. 30, 2012","TechnoPark Tower Co., Ltd",,
79043798,deadAbandoned,XELLENT,"Oct. 22, 2012",Diwisa Distillerie Willisau SA,,
79045334,deadAbandoned,SOLVEX COSMETIC PRODUCTS,"Mar. 05, 2012","DROUJESTVO S OGRANITCHENA OTGOVORNOST ""SOLVEKS- COZMETITCHNI PRODOUCTI""",,
79044658,deadAbandoned,AROMEX,"Sep. 22, 2012",DELACON BIOTECHNIK GES.M.B.H.,,
79051494,deadAbandoned,GHERARDINI,"Oct. 10, 2012",M.J. DE BEL MANAGEMENT B.V.,,
79045584,deadAbandoned,MONTIS,"Jul. 04, 2012",Montis B.V.,,
79046199,deadAbandoned,P PASCUCCI,"Jul. 25, 2012",CAFFE' PASCUCCI TORREFAZIONE S.P.A.,,
79047148,deadAbandoned,WISA,"Oct. 19, 2012",ABB Stotz-Kontakt GmbH,,
79054967,deadAbandoned,A AUTHOR,"Mar. 06, 2012",UNIVERSE AGENCY spol. s r.o.,,
79052267,deadAbandoned,ROSTAR,"Aug. 10, 2012",S.C. RO STAR S.A.,,
79049748,deadAbandoned,SONETT,"Jun. 06, 2012",SONETT VERMOEGENSVERWALTUNG GMBH,,
79054969,deadAbandoned,YAX!,"Jul. 27, 2012","ZAKRYTOE AKTSIONERNOE OBSCHESTVO ""Proizvodstvennoe predpriyatie ""GALATEKS-VOSTOK""",,
79051158,REQUEST_FAILED,,,,,
79057874,deadAbandoned,VATEL,"Nov. 20, 2012",VATEL DEVELOPPEMENT; (Société par Actions Simplifiée),,
79055964,deadAbandoned,MONOSAN,"Feb. 26, 2012",DIMARON UDEN B.V.,,
79053690,REQUEST_FAILED,,,,,
79064011,deadAbandoned,CLEARY,"Feb. 20, 2012",a&n&a Nord-Süd-Industrie; Vertriebs GmbH & Co. KG,,
79054970,deadAbandoned,QUADRA,"Dec. 24, 2012",MEDACTA INTERNATIONAL S.A.,,
79064471,deadAbandoned,GLÜHBIER,"Dec. 24, 2012","Duvel Moortgat,; naamloze vennootschap",,
79068483,deadAbandoned,RETOOL,"Nov. 05, 2012",Fraisa Holding AG bei Fraisa SA,,
79064464,deadAbandoned,ZEPHIR,"Aug. 19, 2012",ZEPHIR S.P.A.,,
79065186,deadAbandoned,PIERRE HARDY,"May 19, 2012",MAISON PIERRE HARDY,,natalie.blakeney@alston.com
79062767,deadAbandoned,VIROBUSTER,"Nov. 05, 2012",Virobuster Intellectual Property B.V.,,
79068929,deadAbandoned,ACTIVE,"Feb. 01, 2012",ACTIVE S.R.L.,,
79069214,deadAbandoned,PINGO,"Jul. 08, 2012",Pingo-Erzeugnisse GmbH,,
79065903,deadAbandoned,THE SPHERE,"Nov. 16, 2012",MANOUKIAN David,,
79063998,REQUEST_FAILED,,,,,
79070019,deadAbandoned,ZDENKA,"Nov. 13, 2012",ZDENKA-mlijecni proizvodi d.o.o.,,
79070965,deadAbandoned,PIERRE CARDIN GREEN JEANS,"Jun. 06, 2012",PIERRE CARDIN,,
79071676,deadAbandoned,METACHEM,"Feb. 23, 2012",Metall-und Oberflächenchemie; Sperzel GmbH,,
79069234,deadAbandoned,MIXXED UP,"Sep. 21, 2012",Lidl Stiftung & Co. KG,,
79072657,deadAbandoned,WET,"Jun. 11, 2012",FIDIA FARMACEUTICI S.p.A.,,
79070018,deadAbandoned,MAUER LOCKING SYSTEMS,"Jul. 30, 2012",MAUER LOCKING SYSTEMS LTD,,
79073525,deadAbandoned,ELABOGADO.COM EL MAYOR DIRECTORIO DE HABLA HISPANA ENCUENTRA EL ABOGADO QUE NECESITAS,"May 23, 2012","ELABOGADO DIRECTORIES, S.L.",,
79074648,deadAbandoned,SINOVIAL,"Mar. 15, 2012",IBSA Institut Biochimique S.A.,,JBSeyler@lawabel.com
79074188,deadAbandoned,FUSE,"Feb. 23, 2012","Schmid, Harald",,
79071813,deadAbandoned,SMI,"Aug. 21, 2012",SIX Index AG,,docket@cdfslaw.com
79080861,deadAbandoned,GALLIANO HOT SHOT,"Apr. 18, 2012",GALLIANO B.V.,,
79073223,REQUEST_FAILED,,,,,
79084494,deadAbandoned,AG'YEAST,"Apr. 04, 2012",AGRAUXINE,,
79081756,deadAbandoned,QSPA,"Jun. 06, 2012",IZZET SAVUN,,
79077167,REQUEST_FAILED,,,,,
79085807,deadAbandoned,HPHONE,"Jul. 03, 2012",Mobileman GmbH,,
79083756,deadAbandoned,TS,"Jul. 16, 2012",TOLEDANO Sylvia,,
79080809,REQUEST_FAILED,,,,,
79086367,deadAbandoned,MASCIARELLI,"May 16, 2012",AZIENDA AGRICOLA MASCIARELLI S.A.S. DI MASCIARELLI M. & C.,,
79086021,deadAbandoned,LC,"May 08, 2012",kt.COLOR AG,,
79084876,deadAbandoned,YES,"Jul. 17, 2012",NIDECKER SA,,
79086800,deadAbandoned,NORDIC SEAFOOD,"Oct. 17, 2012",Nordic Seafood A/S,,
79086798,deadAbandoned,WWW.PEPITOMICORAZON@.COM,"Jul. 29, 2012",JOSE LUIS SABATER ROSELL (50%),,
79084909,REQUEST_FAILED,,,,,
79090167,deadAbandoned,REPEAT,"Jan. 27, 2012",Joseph Tugendhaft,,ptodocket@arelaw.com
79087763,deadAbandoned,THE FOOTLAB SPORTSMEDICIN · ORTHOPAEDICS · REHAB,"Oct. 15, 2012",Adapt Medical AB,,
79092845,deadAbandoned,LOWA FREEFLEX,"May 10, 2012",LOWA Sportschuhe GmbH,,
79093023,deadAbandoned,CHO'KISS,"May 29, 2012",August Storck KG,,sf-ipdocket@taftlaw.com
79089897,REQUEST_FAILED,,,,,
79089895,REQUEST_FAILED,,,,,
79093733,deadAbandoned,GOGO PHILIP,"Aug. 16, 2012",GEORGI PHILIP PECENIKOV,,gogo@toyme.it
79090062,REQUEST_FAILED,,,,,
79094573,deadAbandoned,MAGIC LIFECOACH,"Jan. 27, 2012",DI Marcel Alexander Fleisch,,
79095219,deadAbandoned,ULTIMATETROUGH,"May 30, 2012",Flabeg GmbH,,
79092923,deadAbandoned,007,"Jun. 29, 2012","EDNOLITCHNO DRUJESTVO S OGRANITCHENA OTGOVORNOST ""FINANSKONSULT""",,
79092712,REQUEST_FAILED,,,,,
79095359,deadAbandoned,ANNOVATE,"Jul. 04, 2012",Novo Nordisk Health Care AG,,
79095577,deadAbandoned,GILLETTE,"Jul. 09, 2012","Obshchestvo s ogranichennoy otvetstvennost'yu ""PORTA""",,george@bardmesserlaw.com
79096189,deadAbandoned,TRUFFES PRESTIGE,"Jul. 03, 2012",FADI PRESTIGE,,
79094154,deadAbandoned,LOU LAN,"Jan. 05, 2012","Turpan Loulan Wine Co., Ltd",,
79096391,deadAbandoned,ECO GOVERNANCE,"Aug. 01, 2012",Patrick Deiss,,pd100@gmx.net
79097354,deadAbandoned,CHATEAU LE PUY,"Jan. 31, 2012",M. AMOREAU Jean-Pierre,,
79096597,deadAbandoned,RPU COMFORT,"Jun. 28, 2012",SAM INTERCONTI,,
79097741,deadAbandoned,A.D. BY ALESSANDRO DELL'ACQUA,"Jan. 23, 2012",ADA FASHION S.A.R.L.,,
79097356,deadAbandoned,AUMAN,"Feb. 13, 2012","BEIQI FOTON MOTOR CO., LTD.",,
79097969,deadAbandoned,None,"Mar. 10, 2012",Irish Bank Resolution Corporation Limited,,
79098134,deadAbandoned,PIXUM,"Jul. 25, 2012",Diginet GmbH & Co. KG,,
79096596,REQUEST_FAILED,,,,,
79095614,REQUEST_FAILED,,,,,
79098136,deadAbandoned,BREEZE@HOME,"Oct. 22, 2012",DeepBreeze Ltd.,,miki.nagler@deepbreeze.com
79098077,deadAbandoned,THE BABY CAFÉ,"Feb. 13, 2012",The National Childbirth Trust,,
79098390,deadAbandoned,VIDEOSYNC,"Jan. 23, 2012",Civolution B.V.,,
79098196,deadAbandoned,CIAO BELLO,"Jan. 19, 2012",BORGO SCOPETO E CAPARZO S.r.l. Società Agricola,,
79097749,REQUEST_FAILED,,,,,
79098650,deadAbandoned,MOTO3,"Jan. 24, 2012","DORNA SPORTS, S.L.",,
79098519,deadAbandoned,DOKTOR,"Jan. 10, 2012",Mamikonyan Musheg Lorisovich,,
79098413,deadAbandoned,ORIGINAL B!OTOP LIVING POOL,"Jan. 18, 2012",Biotop P&P International GmbH,,
79098557,deadAbandoned,INFORM BRINGING OUT THE BEST,"Jan. 18, 2012",Philippa Bond,,
79098209,REQUEST_FAILED,,,,,
79098754,deadAbandoned,LEGUANO,"Feb. 28, 2012",leguano GmbH,,
79098749,deadAbandoned,SHOWCALL CREWING,"Mar. 15, 2012",Showcall Crewing Pty Ltd ACN 101 284 959,,
79098315,REQUEST_FAILED,,,,,
79098693,deadAbandoned,NITWITS,"Jan. 23, 2012",SI&D IP Pty Ltd (ABN: 49 120 459 556),,
79098778,deadAbandoned,BRINSEA,"Jan. 15, 2012","AUTO ELEX Co., Ltd.",,
79098891,deadAbandoned,MULTIRAY,"Apr. 30, 2012",ITT Water & Wastewater Herford GmbH,,
79098774,deadAbandoned,None,"Jan. 16, 2012",Dipl.-Ing. Roland Küper,,
79098897,deadAbandoned,SR1 ADAPTIVE HYBRID SURGERY,"Apr. 25, 2012",BrainLAB AG,,
79099257,deadAbandoned,BAUSYSTEMS,"Mar. 15, 2012",Bau Systems Holding AG,,
79099000,deadAbandoned,ORIGINAL-KRUMME,"Feb. 17, 2012",Villiger Söhne AG,,
79098879,deadAbandoned,K2 SYSTEMS,"May 04, 2012",K2 Systems AG,,
79099375,deadAbandoned,PRINCE ALBERT II OF MONACO FOUNDATION,"Feb. 16, 2012",FONDATION PRINCE ALBERT II DE MONACO,,
79098743,REQUEST_FAILED,,,,,
79099432,deadAbandoned,DEDRA,"Jul. 27, 2012",GIULIANO GROUP S.p.A,,
79099460,deadAbandoned,FLUIDFIT,"Feb. 06, 2012",Kim Hwa Dong,,
79099461,deadAbandoned,FONDATION PRINCE ALBERT II DE MONACO,"Feb. 16, 2012",FONDATION PRINCE ALBERT II DE MONACO,,
79099496,deadAbandoned,BE... BY MOBICOM,"Mar. 16, 2012","""MOBICOM CORPORATION"" CO., LTD.",,
79099105,REQUEST_FAILED,,,,,
79099248,REQUEST_FAILED,,,,,
79099562,deadAbandoned,H HANSEN PROTECTION,"May 07, 2012",Hansen Protection AS,,
79099684,deadAbandoned,DICARBAMIN,"Feb. 02, 2012","Obshchestvo s ogranichennoy otvetstvennostyu ""INGAFARM""",,
79099418,deadAbandoned,MYRRHE & DELIRES,"Mar. 26, 2012",GUERLAIN,,
79099396,REQUEST_FAILED,,,,,
79100227,deadAbandoned,A,"Feb. 11, 2012",FONDATION PRINCE ALBERT II DE MONACO,,
79100136,deadAbandoned,HYDROPLUS,"Mar. 21, 2012",Votteler Lackfabrik GmbH & Co. KG,,
79100319,deadAbandoned,NATURALS,"Feb. 14, 2012",Lorenz Holding GmbH,,
79100380,deadAbandoned,HOUSE OF CASHMERE,"Mar. 08, 2012",MDK Investments Pty Ltd (ACN 105 316 541),,
79100073,deadAbandoned,FANTAGYM,"Mar. 05, 2012",ADVANCED DISTRIBUTION S.P.A.,,
79100440,deadAbandoned,PASS VIRTUAL SOFTWARE FACTORY,"Feb. 24, 2012",PASS IT-Consulting Dipl.-Inf. G. Rienecker GmbH & Co. KG,,
79100525,deadAbandoned,L'ABSOLU DE LISE BACCARA,"Jul. 03, 2012",GIE LISE BACCARA,,
79100307,deadAbandoned,MPM SEIT 1637,"Feb. 18, 2012",Ing. Karl Mittermayr,,
79099718,REQUEST_FAILED,,,,,
79100595,deadAbandoned,HEALTHY BALANCE,"Mar. 06, 2012",BOURJOIS,,
79100416,deadAbandoned,IQ BOARD,"Feb. 25, 2012","Returnstar Interactive Technology Group Co., LTD.",,
79100432,deadAbandoned,LIVE IN ORANGE,"Feb. 21, 2012",MIONETTO S.P.A.,,
79100764,deadAbandoned,MAMMOSCAN,"May 10, 2012","Nauchno-proizvodstvennoe chastnoe unitarnoe predpriyatie ""ADANI""",,
79101003,deadAbandoned,INSURANCE DATA GROUP,"Mar. 08, 2012",GOOD RED INNOVATION PTY LTD,,
79101022,deadAbandoned,INTERIM CFO INTERNATIONAL,"Mar. 07, 2012","MIYAMASU, Hiroshi",,
79101023,deadAbandoned,THE WILD MUSHROOM CO,"Feb. 14, 2012",BORDE,,
79101203,deadAbandoned,ALLURE BRILLIANT,"Apr. 27, 2012",Grohe AG,,
79101223,deadAbandoned,DEAL GATE,"Mar. 16, 2012",Dealgate AG,,
79100995,deadAbandoned,LOLA LUNA MINI & MICRO STRINGS,"Apr. 25, 2012",LOLA LUNA,,
79101270,deadAbandoned,ENIOS,"Jun. 11, 2012",Michael Eberstein,,
79100618,REQUEST_FAILED,,,,,
79100845,REQUEST_FAILED,,,,,
79101417,deadAbandoned,CHEMTEC,"Mar. 19, 2012",FAIST ChemTec GmbH,,
79101329,deadAbandoned,TRADESHIFT,"May 15, 2012",Tradeshift Holdings Inc.,,
79101333,deadAbandoned,RICH MEDIA TAG,"Apr. 20, 2012",Thinglink Oy,,
79101431,deadAbandoned,THE CHOCOLATE DIET,"Mar. 10, 2012",Hi-Performance Health Pty Ltd,,
79101176,deadAbandoned,PASQUIER,"Apr. 02, 2012",BRIOCHE PASQUIER CERQUEUX (Société par Actions Simplifiée),,
79101584,deadAbandoned,KTW GROUP EASYCUBE,"Feb. 22, 2012",Kunststofftechnik Waidhofen an der Thaya GmbH,,
79101706,deadAbandoned,BMP BABY MEMORY PRINTS,"Mar. 23, 2012",DALE DIS TICARET VE SANAYI LIMITED SIRKETI,,
79101711,deadAbandoned,RAYCOM,"Mar. 21, 2012","RAYCOM CO., LTD.",,
79101459,deadAbandoned,NONOX,"Mar. 20, 2012",EMITEC Gesellschaft für Emissionstechnologie mbH,,
79102218,deadAbandoned,LES ATELIERS DEMONACO,"May 11, 2012",Union Horlogère Holding B.V.,,
79101669,deadAbandoned,HUNNIES,"Mar. 16, 2012",MULTIBRANDS INTERNATIONAL LIMITED,,
79102297,deadAbandoned,BODY OF WORK,"Jun. 12, 2012",Robert Armstrong,,
79102361,deadAbandoned,CHÂTEAU PUYGUERAUD FRANCS - CÔTES DE BORDEAUX HÉRITIERS GEORGE THIENPONT 2008,"Jun. 02, 2012",SOCIETE CIVILE DU CHATEAU DE PUYGUEYRAUD,,
79102236,deadAbandoned,SPOREKA,"Apr. 12, 2012",DECATHLON,,
79102399,deadAbandoned,ARCTIC ASSAULT,"Aug. 21, 2012","TOYO TIRE & RUBBER CO., LTD.",,
79102529,deadAbandoned,NORWOOD,"Feb. 14, 2012",Norwood Promotional Products Europe S.L.,,
79101548,REQUEST_FAILED,,,,,
79102718,deadAbandoned,ANATON HEARING AIDS,"Mar. 12, 2012",EAR TEKNIK ISITME VE ODIOMETRI CIHAZLARI SANAYI VE TICARET ANONIM SIRKETI,,
79102303,deadAbandoned,CAMARADERIE,"Jun. 12, 2012","BROUWERIJ BAVIK, Naamloze vennootschap",,
79102222,REQUEST_FAILED,,,,,
79101776,REQUEST_FAILED,,,,,
79102713,deadAbandoned,SELF SERVE REAL ESTATE,"Apr. 26, 2012",Steve George Makris,,
79103053,deadAbandoned,ACARIX,"Apr. 21, 2012",Acarix A/S,,
79103114,deadAbandoned,SOLUSTIA,"Aug. 22, 2012","FORMAC PHARMACEUTICALS, naamloze vennootschap",,
79102963,deadAbandoned,PARTYDICE,"Apr. 05, 2012",Gamepoint B.V.,,
79102794,deadAbandoned,CARMEN,"May 24, 2012",KNDS Deutschland GmbH & Co. KG,,
79103131,deadAbandoned,TWOO,"Apr. 27, 2012",MASSIVE MEDIA MATCH NV,,
79103407,deadAbandoned,ROO-POCKET,"Jun. 27, 2012","SUPER PLANNING CO., LTD.",,
79103454,deadAbandoned,EXTREME X8,"May 11, 2012",Red Milawa Pty Ltd,,
79103645,deadAbandoned,PADCASE,"Jul. 20, 2012",Christian Fuchs,,
79103549,deadAbandoned,ZEMCRO,"Mar. 12, 2012",Veloxis Pharmaceuticals A/S,,
79103351,deadAbandoned,DANCE-OFF,"May 29, 2012",ANGRY PUMPKIN PTY LTD,,
79103673,deadAbandoned,CELL RESEARCH,"Jul. 30, 2012","Center for Excellence in Molecular Cell Science, Chinese Academy of Sciences",,
79103069,REQUEST_FAILED,,,,,
79103117,REQUEST_FAILED,,,,,
79103928,deadAbandoned,EDELWEISS GREAT SWITZERLAND,"Jul. 19, 2012",Ewald Schafer,,
79104012,deadAbandoned,KYTASIS,"Feb. 21, 2012",Agennix Inc.,,
79104013,deadAbandoned,CYTRECA,"Feb. 28, 2012",Agennix Inc.,,
79103814,deadAbandoned,SMARTWINCH,"Jul. 10, 2012",DHS (Aust) Pty Ltd,,
79104059,deadAbandoned,MEBO,"Apr. 24, 2012","Beijing MEBO High Technology Co., Ltd.",,
79103963,deadAbandoned,XTRALUNG,"Apr. 03, 2012",novalung GmbH,,
79103743,deadAbandoned,STATION OENOTECHNIQUE DE CHAMPAGNE EXPERTS EN EFFERVESCENCE,"Mar. 23, 2012",SOCIETE FRANCAISE DE LABORATOIRES D'OENOLOGIE SOFRALAB,,
79104145,deadAbandoned,ZES,"Jun. 26, 2012",Dietrich Reichwein,,
79104163,deadAbandoned,PLASMA EDGE,"Apr. 19, 2012",REHAU AG + Co,,
79104244,deadAbandoned,LAUTENSCHLÄGER,"Feb. 03, 2012",Susanne Meurer,,
79103931,REQUEST_FAILED,,,,,
79104115,deadAbandoned,CHATEAU LARCIS DUCASSE SAINT-ÉMILION GRAND CRU AFFILLATION SAINT VALION GRAND CRU MIS EN BOUTEILLE AU CHATEAU PRODUCE DE FRANCE GRATIOT,"Jul. 18, 2012","SCEA GRATIOT, SOCIETE CIVILE EXPLOIT-AGRICOLE",,
79104432,deadAbandoned,IHI MU -,"Oct. 29, 2012",IHI Corporation,,
79104455,deadAbandoned,FULL CONTACT KARATE WORLD CHALLENGE,"Jul. 20, 2012",Blackdog Events Pty Limited,,
79104539,deadAbandoned,DIDIT HEDIPRASETYO,"Jul. 20, 2012",Ragowo Hediprasetyo,,
79104151,REQUEST_FAILED,,,,,
79104661,deadAbandoned,BLUEGRANITE TURBO,"Jun. 28, 2012",Robert Bosch Power Tools GmbH,,
79104762,deadAbandoned,SKINEANCE,"Jul. 20, 2012",Pierre Vierendeel,,
79104861,deadAbandoned,PALOMA,"Aug. 06, 2012",BORCO-MARKEN-IMPORT; Matthiesen GmbH & Co. KG,,
79104654,deadAbandoned,ABRAX,"May 31, 2012",ABRAX S.R.L.,,
79104291,REQUEST_FAILED,,,,,
79104571,REQUEST_FAILED,,,,,
79104636,deadAbandoned,IDENT TECHNOLOGY,"Oct. 30, 2012",IDENT Technology AG,,
79105005,deadAbandoned,CHATEAU LA CLOTTE,"Jun. 07, 2012",SCEA DU CHATEAU LA CLOTTE,,
79104990,deadAbandoned,FF FUCKENFIT,"Jul. 30, 2012",Simon Youl,,
79104945,deadAbandoned,DURABOR,"Aug. 14, 2012",Vandurit GmbH; Hartmetall und Diamantwerkzeuge,,
79105208,deadAbandoned,ARTRANS,"Mar. 12, 2012",Veloxis Pharmaceuticals A/S,,
79104845,REQUEST_FAILED,,,,,
79105210,deadAbandoned,TRÖSTISAR,"Sep. 03, 2012",Tröstisar AB,,
79105321,deadAbandoned,THE BOYFRIEND,"Oct. 29, 2012",AUSTRALIAN COUNTRY SPINNERS PTY LTD,,
79104864,REQUEST_FAILED,,,,,
79105240,deadAbandoned,HOECHST,"Aug. 11, 2012","Mayrl, Joachim",,
79105308,deadAbandoned,NEXZORB,"Mar. 12, 2012",Veloxis Pharmaceuticals A/S,,
79105222,deadAbandoned,ANGEL HEART COLLECTION HAND-MADE PORCELAIN DOLL SINCE 1989,"Sep. 11, 2012","CHAOZHOU QINGFA CERAMICS CO.,LTD.",,
79105385,deadAbandoned,NIENSTEDT,"Jun. 13, 2012",Nienstedt GmbH,,
79105480,deadAbandoned,SENSORLINK,"Jul. 06, 2012",ANYWIRE CORPORATION,,
79105633,deadAbandoned,"MOREAU 283, RUE ST, HONORÉ PARIS","Jul. 20, 2012",La Maison Moreau,,
79105449,deadAbandoned,METAFRAX,"Jul. 25, 2012",JOINT STOCK COMPANY «METAFRAX CHEMICALS»,,
79105228,REQUEST_FAILED,,,,,
79105513,deadAbandoned,B E Y O N D S A F E BRINGING PHYSICS INTO MODELS POWERED BY TASS TNO TTAI,"Dec. 19, 2012",TNO Madymo B.V.,,
79105797,deadAbandoned,WE-ER,"Aug. 17, 2012",Dipl. Ing. K. Weinhold GmbH & Co. KG,,
79106182,deadAbandoned,CRÚ,"Apr. 27, 2012",DAUCOURT Jean-Marc,,
79106233,deadAbandoned,TALES OF THE UNIVERSE,"Jun. 08, 2012","TAKE 5 - PRODUÇÕES AUDIOVISUAIS, LDA.",,
79105667,deadAbandoned,WOSTEP WATCHMAKERS OF SWITZERLAND TRAINING AND EDUCATIONAL PROGRAM CENTRE SUISSE DE FORMATION ET DE PERFECTIONNEMENT HORLOGER,"Aug. 17, 2012",FONDATION WOSTEP,,
79106253,deadAbandoned,ICOR,"Feb. 29, 2012",novalung GmbH,,
79106426,deadAbandoned,ML,"Aug. 14, 2012",RENAISSANCE 1849 SA Société anonyme,,
79105894,deadAbandoned,NUMONDU,"Aug. 24, 2012",Aliriza Coban,,
79106275,deadAbandoned,MAG RAVEN ESTATE,"Apr. 04, 2012","INVERSIONES RAMSURT,S.L.",,
79106750,deadAbandoned,ALF,"Aug. 21, 2012","DOMINGO CO., LTD.",,
79106759,deadAbandoned,AVALANCHE,"Aug. 30, 2012",GEMBALLA Limited (AG),,
79106645,deadAbandoned,QUTI1,"Sep. 16, 2012","Song, Young Gi",,
79105951,REQUEST_FAILED,,,,,
79106048,REQUEST_FAILED,,,,,
79106830,deadAbandoned,G O S H,"Aug. 23, 2012",E. Tjellesen A/S,,
79106765,deadAbandoned,REGENBCT,"Oct. 16, 2012",ReGen Lab SA,,
79106763,deadAbandoned,JINCHENGNUO,"Sep. 24, 2012","YANGZHOU JINGCHENG; ELECTRONICS CO.,LTD",,
79106840,deadAbandoned,SMOOTHLINE,"Aug. 30, 2012",Smoothline AG,,
79106951,deadAbandoned,GRIDCORE,"Aug. 28, 2012",gridCore AB,,
79106999,deadAbandoned,NOWIMO,"Jul. 06, 2012",ENA BILISIM TEKNOLOJILERI; ANONIM SIRKETI,,
79107017,deadAbandoned,PLACEASPACE P,"Sep. 04, 2012",Placeaspace Pty Ltd,,
79106824,deadAbandoned,ARCTIC,"Sep. 11, 2012",Greenland Springwater AG,,
79107381,deadAbandoned,ELR,"Sep. 27, 2012","ELR (SHANGHAI) CO., LTD.",,
79107425,deadAbandoned,MEET THE BEST,"Aug. 23, 2012",Keyreus GmbH,,
79107127,deadAbandoned,HUNTING SINCE 1935,"Jul. 20, 2012",Mixitup Enterprises Pty Ltd,,
79107379,deadAbandoned,REDUXION,"May 07, 2012",McFarlane Marketing (Aust.) Pty Ltd,,
79107555,deadAbandoned,HENG ZHENG,"Sep. 27, 2012","CAOXIAN HENGZHENG; ARTS & CRAFTS CO., LTD.",,
79106920,REQUEST_FAILED,,,,,
79107566,deadAbandoned,HER & TOMORROW,"Sep. 21, 2012",Corey Michael Murphy,,
79107875,deadAbandoned,FLIP,"Sep. 05, 2012",Humedics GmbH,,
79107814,deadAbandoned,None,"Jun. 09, 2012",Karl Lagerfeld B.V.,,
79107938,deadAbandoned,ENLIVA,"Feb. 20, 2012",Abbott Healthcare Products B.V.,,
79108122,deadAbandoned,GARAGE,"Oct. 09, 2012",XADO-Holding Ltd.,,
79108089,deadAbandoned,CREALYTICS,"Aug. 10, 2012",Crealytics GmbH,,
79108329,deadAbandoned,MICROCHITINA,"Apr. 02, 2012",Agrinos AS,,
79107899,deadAbandoned,WILD WOLF,"Aug. 14, 2012","Obschestvo s ogranichennoi; otvetstvennostju ""Sincerite""",,
79107582,REQUEST_FAILED,,,,,
79107616,REQUEST_FAILED,,,,,
79108390,deadAbandoned,CHAI COFF SKI,"Sep. 14, 2012",Tea-Cha Australia Pty Ltd,,
79108370,deadAbandoned,FIJI AIR,"Sep. 06, 2012",Air Pacific Limited,,
79108330,deadAbandoned,BIOQ,"Apr. 02, 2012",Agrinos AS,,
79108333,deadAbandoned,BIOAMIN,"Apr. 02, 2012",Agrinos AS,,
79107900,REQUEST_FAILED,,,,,
79108465,deadAbandoned,MYUPIK,"Sep. 25, 2012","A PIECE OF PIE, S.L.",,
79108430,deadAbandoned,LYS SOLEIA,"Aug. 24, 2012",GUERLAIN,,
79108552,deadAbandoned,EYEPEARL,"Sep. 24, 2012",Biosmetics GmbH,,
79108701,deadAbandoned,TACOVENT,"Oct. 08, 2012",Taconova Group AG,,
79108693,deadAbandoned,DB-TECH,"Sep. 28, 2012","DONGBANGTECH CO.,LTD.",,
79108759,deadAbandoned,NCPPATH FINDER,"Oct. 22, 2012",NCPe GmbH; Network Communications; Products engineering,,
79108350,REQUEST_FAILED,,,,,
79108657,deadAbandoned,FLAVOR HOPS,"Aug. 23, 2012",Joh. Barth & Sohn GmbH & Co. KG,,
79108802,deadAbandoned,ENCHANTING LOVE STORIES SINCE 1906,"Oct. 09, 2012",Richemont International SA,,
79108738,deadAbandoned,RACE FOR WATER,"Sep. 27, 2012",Fondation Race for Water,,
79108445,REQUEST_FAILED,,,,,
79109136,deadAbandoned,CRADLEOFROME,"Sep. 23, 2012","Chastnoe Servisnoe Unitarnoe Predpriyatie; ""Awem-studio""",,
79109114,deadAbandoned,ALMASED - THE METABOLISM VITALISER,"May 03, 2012",André Trouillé,,
79109000,deadAbandoned,GEONERO,"Sep. 21, 2012",Ralph von Bordelius,,
79108816,deadAbandoned,FAURE LE PAGE PARIS 1717,"Sep. 28, 2012",FAURE LE PAGE PARIS,,
79109176,deadAbandoned,BISÒ,"Jul. 12, 2012",CUSMANO VINI S.R.L.,,
79108944,deadAbandoned,VODKA MASTERS,"Sep. 23, 2012","PODLASKA WYTWÓRNIA WÓDEK ""POLMOS"" S.A.",,
79109148,deadAbandoned,J&E JOSEPH & EREN,"Oct. 19, 2012",SAHIN YUSUF,,
79109783,deadAbandoned,None,"Oct. 10, 2012",NOSER LIGHT AG,,
79109546,deadAbandoned,R MADONNA ROSÉ P.J.VALCKENBERG 1786,"Sep. 14, 2012",P.J. Valckenberg GmbH,,
79109817,deadAbandoned,AQUA ROUGE,"Oct. 24, 2012",MAKE UP FOR EVER,,
79109572,deadAbandoned,BEAUTY-TO-WEAR,"Oct. 02, 2012",Cult Beauty Limited,,
79109943,deadAbandoned,HORTIFIBRE,"Jun. 06, 2012",FLORENTAISE,,
79109435,deadAbandoned,EQIFI,"Oct. 29, 2012",IG Group Limited,,
79110094,deadAbandoned,AUBERCY,"Oct. 01, 2012",AUBERCY Bottier sas,,
79110067,deadAbandoned,H I S T O R I U M,"Nov. 16, 2012",Historium,,
79109227,REQUEST_FAILED,,,,,
79109870,deadAbandoned,B BANSARD INTERNATIONAL DELIVER SOLUTIONS SINCE 1963,"Oct. 19, 2012",BANSARD INTERNATIONAL,,
79109941,deadAbandoned,GOTTLIEBER SWITZERLAND'S FINEST SINCE 1928,"Nov. 02, 2012",Gottlieber Spezialitäten AG,,
79110439,deadAbandoned,FORZA GAMES,"Oct. 24, 2012",TIM w.e. Luxembourg S.à r.l.,,
79110594,deadAbandoned,MERZ B. SCHWANEN,"Oct. 19, 2012",Peter Plotnicki,,
79110639,deadAbandoned,SETRED,"Oct. 26, 2012",Setred AB,,
79110156,deadAbandoned,BASEUS,"Oct. 15, 2012","SHENZHEN BASEUS TECHNOLOGY CO., LTD",,
79110787,deadAbandoned,SNOW SAT,"Nov. 06, 2012",SNOWSAT,,
79110545,deadAbandoned,LEWIS LEATHER,"Nov. 20, 2012",Lewis Leathers Ltd,,
79111348,deadAbandoned,FARGO BANK,"Nov. 06, 2012",Suisse Bank PLC,,
79110141,REQUEST_FAILED,,,,,
79111388,deadAbandoned,SYMBIUM,"Nov. 27, 2012",DECATHLON,,
79110366,REQUEST_FAILED,,,,,
79110821,deadAbandoned,JACOBI,"Oct. 22, 2012",Henkell & Co. Sektkellerei KG,,
79111408,deadAbandoned,VERUM,"Nov. 08, 2012","BODEGAS Y VIÑEDOS VERUM, S.L.",,
79111474,deadAbandoned,AWEM,"Nov. 13, 2012","Chastnoe Servisnoe Unitarnoe Predpriyatie; ""Awem-studio""",,
79111105,deadAbandoned,FIL NOIR,"Nov. 19, 2012",Heiko Storz,,
79111801,deadAbandoned,PARTY FOR A CAUSE,"Nov. 13, 2012",My Toolkit Pty Ltd,,
79111364,deadAbandoned,ARISTOKRAT,"Nov. 19, 2012","""MAXI I"" Plc",,
79111140,REQUEST_FAILED,,,,,
79112148,deadAbandoned,CROSSON,"Nov. 19, 2012","INCROSS CO., LTD.",,
79112149,deadAbandoned,CROSSON,"Nov. 19, 2012","INCROSS CO., LTD.",,
79111630,deadAbandoned,LOUIS W.,"Dec. 28, 2012",Atelier de Production et de Creation (A.P.C),,
79112342,deadAbandoned,STRATEGIC-PROCESS,"Nov. 24, 2012",Strategic Process Limited,,
79111906,deadAbandoned,JAPAN DISPLAY,"Dec. 03, 2012",KABUSHIKI KAISHA; SANGYO KAKUSHIN KIKO,,
79112473,deadAbandoned,GLAPPS,"Dec. 05, 2012",Great Lengths Haarvertriebs GmbH,,
79112087,deadAbandoned,L U T I K,"Nov. 22, 2012","""AMERIA RUSS"" LTD",,
79112717,deadAbandoned,CASSIDA,"Sep. 03, 2012",FUCHS PETROLUB AG,,
79112348,deadAbandoned,MEGA,"Aug. 22, 2012",SASA INDUSTRIE,,
79111937,REQUEST_FAILED,,,,,
79112988,deadAbandoned,APPSWORK,"Dec. 27, 2012",IPANEMATECH,,
79112916,deadAbandoned,GIW,"Dec. 06, 2012",GIW Verwaltungs- und Vertriebs GmbH,,
79112345,REQUEST_FAILED,,,,,
79113084,deadAbandoned,NORDLAM,"Aug. 07, 2012",Nordlam GmbH,,
79113187,deadAbandoned,WOODBOCK,"Dec. 16, 2012",woodbock.com GmbH; Ing. Andreas Bock,,
79113193,deadAbandoned,THEHOUSE HOTEL,"Dec. 20, 2012",Kerten Unlimited Company,,
79114001,deadAbandoned,CANARIO,"Nov. 05, 2012",BORCO-MARKEN-IMPORT; Matthiesen GmbH & Co. KG,,
79113226,deadAbandoned,FIKA,"Dec. 28, 2012",ISHII Kazuyoshi,,
79113534,deadAbandoned,SINCRON,"Oct. 12, 2012",esmo AG,,
79114593,deadAbandoned,SMOOTHIE,"Aug. 16, 2012",Christophe Meyer,,
79127630,deadAbandoned,JUYI,"Dec. 31, 2012","JUYI GROUP CO., LTD.",,
79975055,deadAbandoned,TOP SHOP,"Aug. 13, 2012",Studio Moderna SA,,
85000024,deadAbandoned,MGPL,"Jul. 02, 2012",247 SF Certified Corp.,,
79123574,deadAbandoned,VOLK,"Nov. 09, 2012","KVINT, fabricã de vinuri si; coniacuri din Tiraspol, SA",,
85000027,deadAbandoned,PARC,"Jun. 02, 2012","Wakeley, Christopher",,
79114354,REQUEST_FAILED,,,,,
79115059,REQUEST_FAILED,,,,,
79116343,REQUEST_FAILED,,,,,
85000252,deadAbandoned,BANKMOBILE.COM,"May 21, 2012","Friedman, Matthew L",,ip@matthewfriedman.com
85000034,REQUEST_FAILED,,,,,
85000360,deadAbandoned,TESTTOGO,"Feb. 13, 2012","Bethune , Damion ,A",,damion.bethune@gmail.com
85000172,REQUEST_FAILED,,,,,
85000352,deadAbandoned,GOTT GOURMET,"Mar. 08, 2012","Parker,Christy",,
85000299,REQUEST_FAILED,,,,,
85000706,deadAbandoned,MOOD BENDER,"Feb. 27, 2012","Stokes, Robert",,laotzuish@gmail.com
85000707,REQUEST_FAILED,,,,,
85001437,deadAbandoned,ODAU,"May 10, 2012","Trandinh, John H",,john.trandinh@yahoo.com
85002453,deadAbandoned,CHITTER,"May 14, 2012",STENLY LIMITED,,info@stenly.net
85001770,REQUEST_FAILED,,,,,
85001930,REQUEST_FAILED,,,,,
85002488,deadAbandoned,RACE CARD I.Q.,"Apr. 19, 2012","McNack, Eric",,logan1963@sbcglobal.net
85002564,REQUEST_FAILED,,,,,
85002596,REQUEST_FAILED,,,,,
85002758,REQUEST_FAILED,,,,,
85002829,REQUEST_FAILED,,,,,
85003825,deadAbandoned,None,"Feb. 05, 2012",LBX Pharmacy Chain Company Limited,,monicawoous@gmail.com
85003529,REQUEST_FAILED,,,,,
85004402,deadAbandoned,FUN ON THE RUN,"Jul. 02, 2012","Eisberg, Eileen T",,
85003631,REQUEST_FAILED,,,,,
85004797,deadAbandoned,None,"Feb. 13, 2012","Vecoli, Jeremy J.",,
85004094,REQUEST_FAILED,,,,,
85003938,REQUEST_FAILED,,,,,
85004387,REQUEST_FAILED,,,,,
85005674,deadAbandoned,GROW GREEN,"Nov. 05, 2012","Benshmuel, Mark",,
85005823,deadAbandoned,ENDURANCEBLADE,"Jul. 13, 2012","DOC Sports Surface Contractors, LLC.",,jmhayesesq@hotmail.com
85005548,REQUEST_FAILED,,,,,
85005623,REQUEST_FAILED,,,,,
85005732,REQUEST_FAILED,,,,,
85005834,deadAbandoned,UNALIENABLE,"May 14, 2012",Peter L. Amara,,pamara@amaraassociates.com
85006272,deadAbandoned,READ IT AND EAT,"Dec. 03, 2012","READ IT AND EAT, LLC",,moso@optonline.net
85005921,REQUEST_FAILED,,,,,
85006383,REQUEST_FAILED,,,,,
85007531,deadAbandoned,E-NOTE INC.,"Oct. 15, 2012",Marvin E. Cooke III,,Evanbrownpersonal@gmail.com
85007064,REQUEST_FAILED,,,,,
85007996,deadAbandoned,MAPRIA,"Nov. 26, 2012",TransLoc Inc.,,daniel@transloc.com
85008063,REQUEST_FAILED,,,,,
85008131,REQUEST_FAILED,,,,,
85009009,deadAbandoned,OMAT,"Oct. 02, 2012","Omat Sputtering Targets (Dong Guan) Co., Ltd",,
85008594,REQUEST_FAILED,,,,,
85010060,deadAbandoned,SCREW,"Mar. 01, 2012","Squiers, Phil",,
85008999,REQUEST_FAILED,,,,,
85010063,deadAbandoned,"CERTIFIED, TROUBLE, MAKERS, AGORDY","Apr. 09, 2012","Gordy, Alan",,
85009931,deadAbandoned,CHICKADEE'S COUNTRY FRIED CHICKEN,"Mar. 01, 2012","Panzarella, Paul",,
85009392,REQUEST_FAILED,,,,,
85009837,REQUEST_FAILED,,,,,
85010071,deadAbandoned,METANETWORKING,"Jan. 23, 2012",Matthew D. Asbell,,info@matthewasbell.com
85011074,deadAbandoned,REJUJU,"Jan. 02, 2012","Leonard, Lorri",,
85011085,deadAbandoned,JANNABULLOCK.COM,"Jun. 04, 2012","Bullock, Janna",,randallbrockett@msn.com
85011608,deadAbandoned,HARVESTING WELLNESS HEALING WE CAN ACHIEVE,"Aug. 27, 2012",Harvesting Wellness,,fgsltwenterprises@yahoo.com
85011219,REQUEST_FAILED,,,,,
85012024,deadAbandoned,DOMAIN NEW-YORK,"Feb. 12, 2012",adir group inc,,davidlipsker@gmail.com
85011320,REQUEST_FAILED,,,,,
85012543,deadAbandoned,FAMOUSE,"Feb. 13, 2012",Brendon Miskell,,bjmiskell@yahoo.com.au
85011951,REQUEST_FAILED,,,,,
85012944,deadAbandoned,PROJECT EVIE,"Jan. 02, 2012","Project EVIE, Inc.",,
85012453,REQUEST_FAILED,,,,,
85013341,deadAbandoned,BLUFIN SUSHI,"Jun. 25, 2012","Schebel, Joseph",,
85013362,deadAbandoned,PROJECT POLAR BEAR,"Mar. 07, 2012",Polar Bears International,,
85013649,deadAbandoned,SMARTPASS,"Jun. 11, 2012",Launch Ramp LLC,,h.e.elkins@gmail.com
85013136,REQUEST_FAILED,,,,,
85014051,deadAbandoned,THE RIGHT OPPORTUNITY FOR THE RIGHT REASON,"Jan. 16, 2012","Avant Education Holdings, Inc.",,
85013319,REQUEST_FAILED,,,,,
85014350,deadAbandoned,A,"Jan. 16, 2012","Avant Education Holdings, Inc.",,
85014359,deadAbandoned,FD FAITH DELIVERS,"Apr. 09, 2012","Warfield, Ryan",,
85013941,REQUEST_FAILED,,,,,
85014388,deadAbandoned,IF YOU WANT TO AVOID THE HEALTH RISK OF USING A CELL PHONE... WE THE APP FOR THAT...,"Jan. 02, 2012","San Phonecisco Communications, Inc",,
85015152,deadAbandoned,MERITUM TEC ADVISOR MULTIVENDOR PLATFORM,"Dec. 07, 2012",Meritum Consulting GmbH,,benavides@meritum-consulting.com
85015400,deadAbandoned,CUP 'N' CAKE,"Jan. 09, 2012","Phillips, Allison",,
85014317,REQUEST_FAILED,,,,,
85015409,deadAbandoned,RACE GIRL GEAR,"Jun. 19, 2012","Pemberton, Randy",,
85014577,REQUEST_FAILED,,,,,
85015403,deadAbandoned,SEX DEGREES,"Jan. 09, 2012","Eyal, Irad",,irad@eyal.net
85015434,deadAbandoned,QUE PASO MAGAZINE,"Apr. 16, 2012","Rojas, Ivan",,
85015443,deadAbandoned,QUE PASA MAGAZINE,"Apr. 16, 2012","Rojas, Ivan",,
85015668,deadAbandoned,BIOCÉ ACTIVE SOLUTIONS FOR SKIN RENEWAL,"Nov. 17, 2012","TTN, LLC",,
85015433,deadAbandoned,JERSEY JUICE,"Jan. 02, 2012","D'Uva, Nick",,
85016415,deadAbandoned,WAYJ,"Jan. 02, 2012","Lee, Wayman",,
85016324,deadAbandoned,GEMELIX,"May 28, 2012",Cosmegem,,jpperi@sprynet.com
85016423,deadAbandoned,LESSERSOUND,"Nov. 19, 2012","Lesser, Wayne",,wllesser@pacbell.net
85015457,REQUEST_FAILED,,,,,
85015510,REQUEST_FAILED,,,,,
85016650,deadAbandoned,FLOSS FORK,"Mar. 01, 2012",MYTYM Co.,,Jacksoncrispbusiness@hotmail.com
85016786,deadAbandoned,KETAI,"Mar. 08, 2012","Nanjing Ketai Information Technology Co., Ltd",,wataxiwaxiudesi@msn.com
85016672,REQUEST_FAILED,,,,,
85016694,REQUEST_FAILED,,,,,
85016725,REQUEST_FAILED,,,,,
85016773,deadAbandoned,BIZARK,"Mar. 08, 2012","Nanjing Ketai Information Technology Co., Ltd",,wataxiwaxiudesi@msn.com
85017158,deadAbandoned,TANDY,"Apr. 12, 2012",DATA ACCESS,,data.excess@gmail.com
85017823,deadAbandoned,FARM LIFE,"Jan. 02, 2012","Updike, John",,
85017376,REQUEST_FAILED,,,,,
85017379,REQUEST_FAILED,,,,,
85017819,REQUEST_FAILED,,,,,
85018113,deadAbandoned,None,"Mar. 01, 2012",DENNIS F. EDWARDS,,EDWARDSDENNIS93@YAHOO.COM
85018313,deadAbandoned,PIPE SHIELDS,"Feb. 21, 2012","Pipe Shields, Inc.",,info@pipingtech.com
85018145,REQUEST_FAILED,,,,,
85019428,deadAbandoned,ETRBO,"Jan. 02, 2012",NAV-TV CORPORATION,,
85018855,REQUEST_FAILED,,,,,
85018961,REQUEST_FAILED,,,,,
85018982,REQUEST_FAILED,,,,,
85020173,deadAbandoned,IBE,"Feb. 13, 2012","Lee, Wonjoo",,
85019508,REQUEST_FAILED,,,,,
85020520,REQUEST_FAILED,,,,,
85021030,deadAbandoned,SACK IN YOUR MOUTH,"May 07, 2012","MUNIZ, JAMES",,JMUNIZ10@COX.NET
85021341,deadAbandoned,GIANNI'S NY PIZZA,"Apr. 04, 2012","Colandrea, John",,
85020854,REQUEST_FAILED,,,,,
85021378,deadAbandoned,CURIOSITY CLUB,"Jan. 30, 2012","Canning, Candra",,
85021345,deadAbandoned,ROLONDALICIOUS,"Jan. 16, 2012","Watts, Rolonda",,
85022363,deadAbandoned,THE ROLLING RESTAURANT,"Jan. 09, 2012","Mann, Julia",,
85021498,REQUEST_FAILED,,,,,
85021484,REQUEST_FAILED,,,,,
85022033,REQUEST_FAILED,,,,,
85022640,deadAbandoned,TOYTEXTER,"Oct. 26, 2012",Focus Brand Limited,,maggiewong@manley.com.hk
85022658,deadAbandoned,GREEN - NUTRA,"Apr. 17, 2012",green smoke inc,,
85023159,deadAbandoned,SYNERGY,"Jan. 16, 2012","Champion Brands, LLC",,rpereles@championbrands.com
85022585,REQUEST_FAILED,,,,,
85023464,deadAbandoned,EVE AT NOON,"May 07, 2012",Laura Lehmann,,l.lehmann@yahoo.com
85023763,deadAbandoned,DISGRACED,"Feb. 06, 2012",16ten Inc.,,
85024400,deadAbandoned,CANTERBURY GOLF,"Mar. 22, 2012","Tandy Brands Accessories, Inc.",,tandybrands@paramarkllc.com
85023979,deadAbandoned,BABY BLOOMER,"Dec. 24, 2012","Wallace, Albert D.",,
85023767,REQUEST_FAILED,,,,,
85024675,deadAbandoned,GROUNDGAME ATHLETICS,"Jun. 18, 2012","Gottardo, David",,
85024661,deadAbandoned,STOPPAGE SPORTS,"Jun. 18, 2012","Gottardo, David",,
85024628,REQUEST_FAILED,,,,,
85024732,deadAbandoned,GROUNDGAME MMA,"Jan. 16, 2012","Gottardo, David",,
85024647,REQUEST_FAILED,,,,,
85024642,REQUEST_FAILED,,,,,
85024871,deadAbandoned,THE AB SOLDIER,"Jan. 23, 2012","Von Klemperer, Matt",,
85024699,deadAbandoned,STOPPAGE MMA,"Jan. 16, 2012","Gottardo, David",,
85024879,deadAbandoned,HANGOVERAID,"Jan. 09, 2012","Jones, Christopher",,
85024720,REQUEST_FAILED,,,,,
85025467,deadAbandoned,EVERY SUCCESS OVERCOMES SOME ADVERSITY,"Mar. 20, 2012",Esosa Incorporated,,info@esosadesign.com
85025510,deadAbandoned,JBS,"Jun. 25, 2012","Beach Towne Boards, LLC",,
85024760,REQUEST_FAILED,,,,,
85025441,deadAbandoned,EMILIO SOSA,"Mar. 20, 2012",Esosa Incorporated,,info@esosadesign.com
85025909,deadAbandoned,PEL-FIT,"Jul. 10, 2012",Yielding Limited,,karen@kchampion.com
85025916,deadAbandoned,PAMIL VISIONS,"Sep. 26, 2012",Ernst Mihaela,,mig@pamil-visions.com
85025860,REQUEST_FAILED,,,,,
85025947,REQUEST_FAILED,,,,,
85026665,deadAbandoned,LM LEADMESH LEAD MANAGEMENT SOFTWARE,"Jun. 25, 2012",Sound Advertising Group,,ellen@soundadgroup.com
85026938,deadAbandoned,MY LITTLE MONKIES,"Mar. 08, 2012",Reily Stephanie,,
85027212,deadAbandoned,CHOOSE 'N' USE,"Apr. 23, 2012",MailerMailer LLC,,raj@mailermailer.com
85027060,deadAbandoned,ENTERPRISE FORMS MANAGEMENT,"Feb. 22, 2012","Access eForms, LP",,heather.cromer@accessefm.com
85027474,deadAbandoned,CAPONE DEBT COLLECTION SOFTWARE,"Jun. 26, 2012",Advantage Software Factory SRL,,simona.pamblica@asf.ro
85026786,REQUEST_FAILED,,,,,
85027023,deadAbandoned,THE NO NONSENSE WEALTH MANAGEMENT HOUR,"Mar. 15, 2012","RIK SAYLOR FINANCIAL, INC.",,kim@riksaylorfinancial.com
85027508,REQUEST_FAILED,,,,,
85028003,deadAbandoned,SPELLS 330º TO 0º,"Jun. 25, 2012","Spellz, Inc.",,
85028009,deadAbandoned,SELFLESS AWAKENING,"Jun. 25, 2012","Spellz, Inc.",,
85027925,REQUEST_FAILED,,,,,
85028005,deadAbandoned,IMMORTAL E'SCENTS,"Jun. 25, 2012","Spellz, Inc.",,
85028191,deadAbandoned,CLOUD CHASING,"Jun. 04, 2012","Duke, Bryan D.",,bryan@acceleroto.com
85028338,deadAbandoned,FIRST TEAM,"Oct. 15, 2012","Tate, Kent W, Jr",,Dmvvary@gmail.com
85028304,deadAbandoned,PLAYERS CITY,"Feb. 13, 2012",Ainsworth Game Technology Limited,,tom.davidson@ainsworth.com.au
85028065,REQUEST_FAILED,,,,,
85028257,REQUEST_FAILED,,,,,
85029317,deadAbandoned,SKEETER EATERS,"Jan. 16, 2012","Momentum Investment Group,LLC",,
85029123,REQUEST_FAILED,,,,,
85029193,REQUEST_FAILED,,,,,
85029292,REQUEST_FAILED,,,,,
85029494,REQUEST_FAILED,,,,,
85030487,deadAbandoned,RUNAWAY SLAVES,"Apr. 02, 2012","Bryant, Cleon Lewis",,brazzel36@bellsouth.net
85030325,REQUEST_FAILED,,,,,
85030342,REQUEST_FAILED,,,,,
85030648,REQUEST_FAILED,,,,,
85030786,deadAbandoned,FORREST & COMPANY F,"Apr. 03, 2012","Forrest & Company, Inc.",,bruce.forrest@forrestnewyork.com
85031363,deadAbandoned,None,"Jan. 02, 2012",DEBAUCH LIMITED,,ianpeaceful@me.com
85031479,deadAbandoned,PAPER KEEPS FORESTS GROWING,"Jun. 11, 2012",International Paper Company,,stephanie.haupt@ipaper.com
85031884,deadAbandoned,None,"Apr. 02, 2012",ICON-ALTRA LLC,,jeremy@alterarunning.com
85031347,REQUEST_FAILED,,,,,
85031589,REQUEST_FAILED,,,,,
85031727,REQUEST_FAILED,,,,,
85032484,deadAbandoned,BAD CUDDLER,"Jan. 09, 2012",Bad Cuddler LLC,,
85032483,deadAbandoned,LAREDO CHILI'S,"Feb. 13, 2012",Global Tech Appliances (HK) Limited,,
85032334,REQUEST_FAILED,,,,,
85032488,deadAbandoned,SELENA ROSE,"Jan. 30, 2012","Silverman, Selena",,
85032489,deadAbandoned,MIMOSA,"Jan. 30, 2012",Pomodoro LLC,,
85032341,REQUEST_FAILED,,,,,
85032502,deadAbandoned,BAD CUDDLER,"Jan. 09, 2012",Bad Cuddler LLC,,
85032347,REQUEST_FAILED,,,,,
85032665,deadAbandoned,MEDISIST INNOVATING IT FOR BETTER HEALTHCARE,"Jan. 31, 2012","ESPINOSA LOBATO, JOSE AMADO",,miguel_angel_orozco@yahoo.com.mx
85032487,REQUEST_FAILED,,,,,
85033013,deadAbandoned,SEE WHERE THE GOOD GOES,"Jul. 16, 2012",Save The Children Federation Inc.,,
85032527,deadAbandoned,MANISTEE,"Apr. 30, 2012",Dudynskyj Paul,,
85033091,deadAbandoned,HAJA,"Aug. 20, 2012","40 & Beyond, LLC",,
85032737,REQUEST_FAILED,,,,,
85033522,deadAbandoned,None,"Jul. 02, 2012",Meded4kids,,meded4kids@gmail.com
85033601,deadAbandoned,GOOD CUDDLER,"Jan. 23, 2012",Bad Cuddler LLC,,
85033827,deadAbandoned,PHRED,"Jan. 16, 2012",1573672 Ontario Ltd.,,
85033632,REQUEST_FAILED,,,,,
85033648,REQUEST_FAILED,,,,,
85033856,REQUEST_FAILED,,,,,
85034362,deadAbandoned,AIRSHARK,"Jan. 02, 2012",NAV-TV CORPORATION,,
85034277,REQUEST_FAILED,,,,,
85034709,deadAbandoned,ALTO,"Jul. 05, 2012","Multimedia Logics, Inc.",,admin@mmlogics.com
85034711,deadAbandoned,DÂNKEL BY STEPHANIE GORDELLE,"Jun. 18, 2012","Gordon, Danielle Stephanie",,dsgdanielle@yahoo.com
85034376,REQUEST_FAILED,,,,,
85034668,REQUEST_FAILED,,,,,
85034894,deadAbandoned,MOMIJI,"Feb. 13, 2012",Zhen's Inc,,
85034929,deadAbandoned,PET NET CHRISTMAS TREE PROTECTOR,"Mar. 05, 2012","Roth, Barbara",,
85034792,REQUEST_FAILED,,,,,
85035311,deadAbandoned,MEDIA OYSTER,"Mar. 12, 2012","Shnabel, Isaac",,shnabel@gmail.com
85035472,deadAbandoned,P,"Dec. 10, 2012",PICKUPOO INC.,,gabrieldanSF@gmail.com
85034917,deadAbandoned,WINE RECESS,"Jan. 16, 2012","Fowler, Chrystalynn",,
85034896,REQUEST_FAILED,,,,,
85035541,deadAbandoned,BIAO SKINCARE,"May 28, 2012","Biao, LLC",,baldwindreams@gmail.com
85035684,deadAbandoned,SARTORIAL ARMOUR,"Apr. 12, 2012","Edward III, Inc.",,coutureiii@aol.com
85035253,REQUEST_FAILED,,,,,
85036040,deadAbandoned,EDRAMA,"May 22, 2012","Frugal Films, LLC",,
85036011,deadAbandoned,PRETTY GIRL MAFIA,"Jan. 16, 2012","Baerga, Jessie",,
85036150,deadAbandoned,"INTEGRATED PEST MANAGEMENT, INC.","Jun. 27, 2012","Integrated Pest Management, Inc.",,shane@ipmservicesinc.com
85036020,deadAbandoned,STELLAR SAN FRANCISCO FASHION AWARDS,"Jul. 30, 2012","Geronimo, Rohdel",,
85035531,REQUEST_FAILED,,,,,
85036374,deadAbandoned,CHEER UP,"Jul. 09, 2012","Tuysuzian, Vahe",,vaheworld@hotmail.com
85036015,REQUEST_FAILED,,,,,
85036177,REQUEST_FAILED,,,,,
85036697,deadAbandoned,HUDSON RIVER NAVY,"Jul. 16, 2012",Melvin Winters,,
85037006,REQUEST_FAILED,,,,,
85037171,deadAbandoned,MONSTER SHIELD,"Jan. 09, 2012",Monster Shield,,dksoldier@aol.com
85037218,deadAbandoned,HEMP FUSION,"Jan. 02, 2012","Esters, Edward",,
85037215,deadAbandoned,ROUGHHOUSE HOMEBUYERS,"Jan. 16, 2012","Holbrook, Jeff",,
85037127,REQUEST_FAILED,,,,,
85037206,REQUEST_FAILED,,,,,
85037235,REQUEST_FAILED,,,,,
85037470,REQUEST_FAILED,,,,,
85038430,deadAbandoned,DROPOUTANDDRINK.COM,"Nov. 12, 2012","Golden, Lawrence",,ljgwine@gmail.com
85037946,REQUEST_FAILED,,,,,
85038418,deadAbandoned,BC,"Jan. 09, 2012",Bad Cuddler LLC,,
85039323,deadAbandoned,VITAMIN BURST,"Jul. 23, 2012","Green Mountain Coffee Roasters, Inc.",,
85038352,REQUEST_FAILED,,,,,
85039370,deadAbandoned,VITAMIN BURST,"Jul. 30, 2012","Green Mountain Coffee Roasters, Inc.",,
85039381,deadAbandoned,VITAMINBURST,"Jul. 30, 2012","Green Mountain Coffee Roasters, Inc.",,
85038989,REQUEST_FAILED,,,,,
85039160,REQUEST_FAILED,,,,,
85039245,REQUEST_FAILED,,,,,
85039513,deadAbandoned,CRAVING PASSION,"Jan. 30, 2012","Garland, Myrene",,
85039732,deadAbandoned,YEXA,"Jan. 30, 2012",Yexa.com Pty Ltd,,p.stevenson@au.darkbluesea.com
85039756,deadAbandoned,ENERGY AND WELLNESS,"Jan. 23, 2012","The Renoult Group, LLC",,
85039693,deadAbandoned,L'TRCE. POISED. SASSY. EMINENT.,"Feb. 06, 2012",L'trce Designs,,dn_tarver@yahoo.com
85039795,deadAbandoned,SKULLQUAKE,"Jan. 16, 2012",Lloyd Richard,,
85040497,REQUEST_FAILED,,,,,
85040999,deadAbandoned,WINDOW PACK,"Jan. 26, 2012",Advercan Inc,,
85040840,REQUEST_FAILED,,,,,
85040991,deadAbandoned,DAILY COUTURE,"Oct. 22, 2012",Lenaran Group LLC,,
85041004,deadAbandoned,BOOKARESTAURANT,"Sep. 12, 2012",Analytical Systems Pty Ltd,,aclarke@analyticalsystems.com.au
85041008,deadAbandoned,"LMG LOYALTY MEDIA GROUP, LOYALTY MEDIA LLC","Mar. 16, 2012","Maronski III, Walter",,
85042118,deadAbandoned,PROMOPROMISE,"Feb. 13, 2012","Shea, Doyle",,
85041423,REQUEST_FAILED,,,,,
85042127,deadAbandoned,ADIC,"Jan. 30, 2012",J.Douglas Inc.,,
85041622,REQUEST_FAILED,,,,,
85042039,REQUEST_FAILED,,,,,
85042949,deadAbandoned,P GATORS,"Nov. 19, 2012","P GATORS, INC.",,
85042430,REQUEST_FAILED,,,,,
85043311,deadAbandoned,CRUZIN,"Feb. 06, 2012","Edgren, Robert",,
85043097,REQUEST_FAILED,,,,,
85043306,REQUEST_FAILED,,,,,
85043635,REQUEST_FAILED,,,,,
85044511,deadAbandoned,DA-BRA-YATT!!!,"Jan. 30, 2012","Watson, Alvin",,
85044536,deadAbandoned,SKINBOT,"Jan. 30, 2012",Bower Jacqueline Rae,,
85044544,deadAbandoned,SEA SPEARIT,"Jan. 30, 2012","Mathias, Jason",,
85044349,REQUEST_FAILED,,,,,
85044571,REQUEST_FAILED,,,,,
85044641,REQUEST_FAILED,,,,,
85045634,deadAbandoned,NANOGRIP,"Jan. 30, 2012","Olson, David",,
85045649,deadAbandoned,SPORTSTER,"Oct. 01, 2012",Sportster LLC,,
85045363,REQUEST_FAILED,,,,,
85045574,REQUEST_FAILED,,,,,
85045593,REQUEST_FAILED,,,,,
85045932,deadAbandoned,COORDINATED HITTING,"Feb. 06, 2012","Matisse, VerDuyn",,
85045940,deadAbandoned,FREE THINKER,"Jan. 30, 2012",Maximum Strength Entertainment,,
85046889,deadAbandoned,THE SLUMP BUSTER'S HANDBOOK,"Feb. 06, 2012","Matisse, VerDuyn",,
85046906,deadAbandoned,BACKFLIPS,"Nov. 06, 2012",Jeremy McKnight,,
85046146,REQUEST_FAILED,,,,,
85046243,REQUEST_FAILED,,,,,
85046784,REQUEST_FAILED,,,,,
85046951,deadAbandoned,LAREDO CHILI'S,"Feb. 13, 2012",Global Tech Appliances (HK) Limited,,
85046904,REQUEST_FAILED,,,,,
85046940,REQUEST_FAILED,,,,,
85047861,deadAbandoned,MAMA SAID,"Sep. 29, 2012","Holmes, michael",,
85047759,REQUEST_FAILED,,,,,
85047938,deadAbandoned,RACE CONSTRUCTION,"Feb. 13, 2012",Race Construction,,
85047860,deadAbandoned,VIVOS,"Jul. 23, 2012","Fractional Villas, Inc.",,
85047853,REQUEST_FAILED,,,,,
85047859,REQUEST_FAILED,,,,,
85048352,deadAbandoned,THE LAST MINUTE STUDENT,"Jan. 23, 2012","Gathoni, Catherine",,CeeEmm2006@aol.com
85048876,deadAbandoned,STAY SLIM,"Feb. 06, 2012",A.N.N.A. LLC,,
85048894,deadAbandoned,SMITH. WESSON. ALARM. TEAM.,"Apr. 19, 2012","Ft SM, llc",,
85048233,REQUEST_FAILED,,,,,
85048954,deadAbandoned,ULTRAPO,"Feb. 06, 2012","Thomas, Jean-Jacques",,
85048910,deadAbandoned,JUNGLE KIDDY,"Jan. 30, 2012",MST,,
85049159,REQUEST_FAILED,,,,,
85049765,deadAbandoned,"READY, SET, BAG!","Jan. 16, 2012","Paper or Plastic, LLC",,info@readysetbag.com
85049338,REQUEST_FAILED,,,,,
85050006,deadAbandoned,THE CAJUN QUEEN,"Feb. 06, 2012","Guidry, Lance",,comicljguidry@gmail.com
85050004,deadAbandoned,ACTIVE MAX,"Mar. 27, 2012",THE RIZWANA IMRAN HUSSAIN and MAARIAHDANYAAL ZAHRA JOINT VENTURE,,rizwana@multibrands.eu.com
85050000,deadAbandoned,LIFE STYLE CALENDARS,"Mar. 05, 2012","Turbenson, Dave",,
85049977,deadAbandoned,FACEBUZZ,"Jan. 16, 2012","kona pure, llc",,jeff@olivanagroup.com
85049828,REQUEST_FAILED,,,,,
85049981,deadAbandoned,FLIPPER7,"Jan. 30, 2012","Khoueiry, Alain",,
85050822,deadAbandoned,SEX DEGREES,"Jan. 23, 2012","Eyal, Irad",,irad@eyal.net
85050855,deadAbandoned,TOUCH OF BRASIL,"Feb. 13, 2012","Adao, Pedro",,
85050470,REQUEST_FAILED,,,,,
85051065,deadAbandoned,MIND YA BUSINESS MIND YA BZZNESS,"Jan. 30, 2012","Rentas, Belinda",,mindyabzzness@gmail.com
85050806,REQUEST_FAILED,,,,,
85050830,REQUEST_FAILED,,,,,
85051284,deadAbandoned,POLE KATA,"May 23, 2012",Mason A Fok,,mason_fok@yahoo.com.au
85050866,REQUEST_FAILED,,,,,
85051075,deadAbandoned,THE LAWS OF FINANCIAL SUCCESS,"Dec. 31, 2012","Morris Nutt Financial, LLC",,nuttm@bellsouth.net
85052060,deadAbandoned,FULL CIRCLE,"Jul. 23, 2012","Worldwise, Inc.",,
85051244,REQUEST_FAILED,,,,,
85052312,deadAbandoned,GOLD BUYER,"Feb. 23, 2012","CARDILLO, LOU",,loucardillogold@hotmail.com
85052314,deadAbandoned,GOLD BUYERS,"Feb. 23, 2012","CARDILLO, LOU",,loucardillogold@hotmail.com
85052210,REQUEST_FAILED,,,,,
85052456,deadAbandoned,LATTE LOVE,"Aug. 06, 2012","king, k michael (no middle initial)",,king.kmichael@gmail.com
85052419,deadAbandoned,SEFRONITE,"Jul. 16, 2012",AMCOL International Corporation,,
85052844,deadAbandoned,LEAD OXYGEN,"Jan. 30, 2012",Buyerzone.com LLC,,jacqueline.gregorski@lexisnexis.com
85052801,deadAbandoned,SACCS,"Jan. 30, 2012","Vadney, Mark V.",,
85052591,REQUEST_FAILED,,,,,
85052527,REQUEST_FAILED,,,,,
85053373,deadAbandoned,Q77,"Apr. 12, 2012",Christina Prudenti,,portoliente@aol.com
85053420,deadAbandoned,AVID SKATEBOARDS,"Feb. 06, 2012","GW Enterprises, Ltd.",,
85053323,deadAbandoned,UBU,"Apr. 02, 2012",QVSIP Pty Ltd,,emilys@qvsglobal.com.cn
85052951,REQUEST_FAILED,,,,,
85053140,REQUEST_FAILED,,,,,
85053441,REQUEST_FAILED,,,,,
85053574,REQUEST_FAILED,,,,,
85053698,REQUEST_FAILED,,,,,
85053945,REQUEST_FAILED,,,,,
85054388,deadAbandoned,HER2 PRO,"Jun. 04, 2012","CombiMatrix Molecular Diagnostics, Inc.",,cemery@cmdiagnostics.com
85054366,deadAbandoned,PREMIER CHOICE,"Apr. 30, 2012","MedTech Catalyst, LLC",,msinsheimer@carolina.rr.com
85054533,deadAbandoned,UP YOUR GAME,"Feb. 06, 2012","FitWorks, Inc.",,duggan@crossoversymmetry.com
85054382,REQUEST_FAILED,,,,,
85054510,deadAbandoned,TRUNKS,"Apr. 06, 2012",ONIA LLC,,
85054410,REQUEST_FAILED,,,,,
85054417,REQUEST_FAILED,,,,,
85055039,REQUEST_FAILED,,,,,
85055603,deadAbandoned,GO ON. TOUR.,"Sep. 25, 2012","OPEN AIR DYNAMICS, LLC",,
85055488,REQUEST_FAILED,,,,,
85055528,deadAbandoned,THE FOODSTATE,"Feb. 06, 2012","The Foodstate, LLC",,
85055801,deadAbandoned,MENDOCINE,"May 11, 2012","Kraal, Lloyd",,
85055501,REQUEST_FAILED,,,,,
85055804,deadAbandoned,WILD BOAR RADIO,"Oct. 08, 2012","Caine, Ichabod",,
85055826,deadAbandoned,PATIENT PAC,"Feb. 13, 2012","Lookool,LLC",,
85055987,deadAbandoned,VERIVIN,"Feb. 06, 2012","Covey, Kevin P.",,kpcovey@gmail.com
85055692,REQUEST_FAILED,,,,,
85056087,deadAbandoned,GOFERS,"Feb. 06, 2012","GoFers, LLC",,
85056096,deadAbandoned,.DELIVERY SERVICE. EST. 1929 GOFERS ANYTHING ANYWHERE ANYTIME,"Feb. 06, 2012","GoFers, LLC",,
85055706,REQUEST_FAILED,,,,,
85055966,REQUEST_FAILED,,,,,
85056114,deadAbandoned,.DELIVERY SERVICE. EST. 1929 GOFERS ANYTHING ANYWHERE ANYTIME,"Feb. 20, 2012","GoFers, LLC",,
85056414,deadAbandoned,NATURE'S MAKEUP,"Feb. 13, 2012","FRIEDLAND, MARK R.",,jhedaya@hedayahome.com
85056873,deadAbandoned,AIRHART,"May 21, 2012","Schaap, Breanne",,
85056881,deadAbandoned,S F SMILEY FACE,"Jan. 02, 2012",Harvey Ball Smile Limited,,jassinter.inc-jp@dream.com
85056473,REQUEST_FAILED,,,,,
85056713,REQUEST_FAILED,,,,,
85056776,REQUEST_FAILED,,,,,
85057719,deadAbandoned,YOU NEED A PHONE THAT GETS YOU,"Jun. 18, 2012",HTC Corporation,,kathy.callahan@bracewell.com
85056888,REQUEST_FAILED,,,,,
85057867,deadAbandoned,"THE ""ALL IN ONE"" CONNECTION TO DAILY NEED SERVICES.","Feb. 13, 2012",Fernando Vallecillo,,v.creations@hotmail.com
85056907,REQUEST_FAILED,,,,,
85058055,deadAbandoned,COSMETRIX,"Apr. 02, 2012",QVSIP Pty Ltd,,EMILYS@QVSGLOBAL.COM.CN
85057734,REQUEST_FAILED,,,,,
85057967,REQUEST_FAILED,,,,,
85057972,REQUEST_FAILED,,,,,
85058620,deadAbandoned,THE DANCE CHANNEL,"Mar. 29, 2012","World Dance Channel, LLC",,
85058211,REQUEST_FAILED,,,,,
85058263,REQUEST_FAILED,,,,,
85058973,deadAbandoned,SANTA-FE EXPRESS,"Aug. 06, 2012",Ainsworth Game Technology Limited,,tom.davidson@ainsworth.com.au
85059054,deadAbandoned,THE KING OF GAMES TOURNAMENT,"Feb. 06, 2012","Haggerty, Ryan",,
85059057,deadAbandoned,None,"Apr. 02, 2012",Harvey Ball Smile Limited,,jassinter.inc-jp@dream.com
85059075,deadAbandoned,FRESHGEAR,"Feb. 06, 2012",Permara LLC,,pamelago@antimicrobial.us
85059094,deadAbandoned,CUT THE CHECK INK ONE MILLIONS DOLLARS .00 000019586344563 CTC INK,"Mar. 05, 2012","Neely, Marques",,
85058635,REQUEST_FAILED,,,,,
85059078,deadAbandoned,- ION POWER,"Feb. 13, 2012","Tizon, Ruben",,
85059660,deadAbandoned,ZUMBA QUEEN - ZUMBA KING,"Jan. 23, 2012",Promesa Distributors Inc.,,ssaul@promesapdi.com
85059039,REQUEST_FAILED,,,,,
85059131,deadAbandoned,DYNAMIC CAMOUFLAGE,"May 16, 2012","Performance Indicator, LLC",,jedatech@comcast.net
85060260,deadAbandoned,E-CHANGE,"Oct. 22, 2012",CHANGEFIRST LIMITED,,
85060253,deadAbandoned,TRANQUIL TUESDAYS TEAS AND TISANES,"Aug. 17, 2012",Charlene Wang,,charlene@tranquiltuesdays.com
85060403,deadAbandoned,HERBALAGE,"Jan. 16, 2012",Herbion USA Inc,,ghazal.sajid@herbion.com
85060168,REQUEST_FAILED,,,,,
85060385,REQUEST_FAILED,,,,,
85061314,deadAbandoned,OONA,"Feb. 20, 2012",Dreaming Lion LLC,,bluzzatto@mica.edu
85060543,deadAbandoned,U.S. NOONSUNSOIL,"Jan. 16, 2012",U.S. NoonSunSoil Corp.,,
85061339,deadAbandoned,TILL THEY COME HOME,"Jan. 23, 2012","Mouery, John Gentry",,John.Mouery@gmail.com
85061362,deadAbandoned,THE COLLEGE CONUNDRUM,"Mar. 20, 2012","BARTLETT, NANCY L.",,
85061123,REQUEST_FAILED,,,,,
85061624,deadAbandoned,THEHANDYSHOPPER,"Mar. 05, 2012","Ratto, Gina",,
85061509,deadAbandoned,TAYLOR BAY,"Feb. 06, 2012","Mouery, John Gentry",,John.Mouery@gmail.com
85061616,deadAbandoned,PALZEEZ,"Feb. 06, 2012","Napoleon, Constance",,kupaawol@yahoo.com
85061664,deadAbandoned,B,"Feb. 06, 2012","Blood Money Industries, Inc.",,amandatullio@yahoo.com
85061474,REQUEST_FAILED,,,,,
85061506,REQUEST_FAILED,,,,,
85061637,deadAbandoned,NAMING PORTAL,"Feb. 13, 2012","Felluss, Scott",,
85062478,deadAbandoned,THE GODS OF MACHO,"Dec. 17, 2012",Michael F. Ball,,
85062159,REQUEST_FAILED,,,,,
85062534,deadAbandoned,THE GODS OF MACHO,"Dec. 10, 2012","Ball, Michael F.",,
85063084,REQUEST_FAILED,,,,,
85063333,REQUEST_FAILED,,,,,
85063356,REQUEST_FAILED,,,,,
85063842,deadAbandoned,DIGI-CHAMP,"Feb. 13, 2012","PacMont, Inc.",,dxshare@ix.netcom.com
85063813,deadAbandoned,ADDICTIVE,"Aug. 13, 2012",HAX Pheroceuticals Inc.,,brad@haxinc.com
85063706,deadAbandoned,FRUTTARA,"Aug. 13, 2012",INSPIRING FOODS LLC,,
85063904,deadAbandoned,FREEDOMROCKS,"Apr. 30, 2012",FreedomRocks Inc,,
85063902,deadAbandoned,IZ ¿ IT FRESH GRILL,"Dec. 03, 2012","Kong, Jeffrey",,
85064000,deadAbandoned,AZINTREL,"Aug. 13, 2012",EUSA Pharma (Europe) Limited,,mylene.wale@eusapharma.com
85063932,REQUEST_FAILED,,,,,
85063995,REQUEST_FAILED,,,,,
85064689,deadAbandoned,THE IT SQUAD,"Jul. 30, 2012",Terry J. Barto,,terryjbarto@gmail.com
85064815,deadAbandoned,CRECE-MAS,"Jun. 20, 2012",Promesa Distributors,,ssaul@promesapdi.com
85064254,REQUEST_FAILED,,,,,
85064597,REQUEST_FAILED,,,,,
85064762,REQUEST_FAILED,,,,,
85065313,deadAbandoned,OWNLY IN DEPARTURES,"Jan. 23, 2012",American Express Marketing & Development Corp.,,
85064800,REQUEST_FAILED,,,,,
85065587,deadAbandoned,ISAX,"Aug. 13, 2012",Spoonjack LLC,,tas@spoonjack.com
85065818,deadAbandoned,PARTNERS IN KRIME PRODUCTIONS,"Mar. 16, 2012","Grasso, Kathy",,
85065097,REQUEST_FAILED,,,,,
85066096,deadAbandoned,None,"Jan. 30, 2012",UBISOFT ENTERTAINMENT,,
85066015,deadAbandoned,EL NUEVO SOL PERUVIAN CUISINE,"Feb. 20, 2012","Vera, Elizabeth",,
85065970,REQUEST_FAILED,,,,,
85066368,deadAbandoned,TINY NEIGHBORS,"Feb. 13, 2012","Tiny Neighbors, LLC",,whitmare@gmail.com
85066065,REQUEST_FAILED,,,,,
85066385,deadAbandoned,FLAUNT,"Jan. 20, 2012","The Gift Shoppe, Inc.",,bretmouse@itlnet.net
85066491,deadAbandoned,AVISE SOLUTIONS,"Jun. 12, 2012",Clinical Evaluation LLC,,joshua.gray@avisesolutions.com
85066559,deadAbandoned,YLG YEVRAS LAW GROUP,"Aug. 13, 2012","Askarieh, Sarvey",,askarieh@aol.com
85066813,deadAbandoned,BRIGHTRAPIDS,"Aug. 13, 2012","Bright Rapids, Inc",,leon.cheng@brightrapids.com
85066942,deadAbandoned,WHITE LINE,"Feb. 27, 2012","DRUDY, S.",,SSD1965@YAHOO.COM
85066604,REQUEST_FAILED,,,,,
85066985,deadAbandoned,"ABELE, ABELE MEDICAL, ABELE SYRINGES","Mar. 19, 2012",Atlantis GS LC,,mohannad@atlantisgs.com
85066769,REQUEST_FAILED,,,,,
85066970,deadAbandoned,BASIC / TEE,"Jul. 12, 2012",BASIC GARMENTS LLC,,
85066987,deadAbandoned,BLOCKBURY,"Jun. 11, 2012","Lee, Grace Sunmie",,glee.dc@gmail.com
85067109,deadAbandoned,KUN-LUN MADEINCHINA,"Nov. 30, 2012",Shandong Kunlun Ceramic Co. LTD.,,pbai123@yahoo.com
85067038,deadAbandoned,"THE IT SQUAD, THEY CHASE ADVENTURE!","Jul. 30, 2012",Terry J. Barto,,terryjbarto@gmail.com
85066986,REQUEST_FAILED,,,,,
85067011,REQUEST_FAILED,,,,,
85067208,deadAbandoned,KEEP IT ONE HUNNIT,"Feb. 06, 2012","Holmes, Michael",,
85067228,deadAbandoned,IRONHORSEMUSIC,"Feb. 13, 2012","Suppes, William",,
85067566,deadAbandoned,NURTURWELL,"Feb. 20, 2012","Naturall Nutrition, Inc.",,admin@NaturallNutrition.com
85067822,deadAbandoned,RHINOHIDE,"Mar. 22, 2012","RUKO, LLC",,rkoppe@rukoproducts.com
85067690,deadAbandoned,I TX,"Mar. 26, 2012","Gardner, Scott M",,scottmgard@hotmail.com
85068206,deadAbandoned,MODERN TAB,"Feb. 06, 2012","Huegerich, David",,
85068531,REQUEST_FAILED,,,,,
85068508,REQUEST_FAILED,,,,,
85068678,REQUEST_FAILED,,,,,
85068768,REQUEST_FAILED,,,,,
85069796,deadAbandoned,HILL COUNTRY COSMECEUTICALS,"Mar. 01, 2012",Jim Martin,,jim@drippingspringspharmacy.com
85069156,REQUEST_FAILED,,,,,
85069391,deadAbandoned,THE WAFFLERY AUTHENTIC BELGIAN WAFFLES,"Oct. 15, 2012","The Wafflery, LLC",,info@thewafflery.com
85069234,REQUEST_FAILED,,,,,
85069665,REQUEST_FAILED,,,,,
85070248,deadAbandoned,BOOST CASE,"Jan. 19, 2012",HRL Technologies Inc,,james@hrltech.com
85069865,REQUEST_FAILED,,,,,
85070316,deadAbandoned,TIMEVIEW,"Feb. 13, 2012","TimeView, LLC",,brad.schildt@gmail.com
85070464,deadAbandoned,DADDY´S KEYS,"Feb. 13, 2012",Sergio Dominguez,,sergiodominguezg@hotmail.com
85070293,deadAbandoned,AMERICAN SOCIETY OF EVOLUTIONARY MEDICINE,"Jun. 04, 2012","Tourgeman, Kenneth",,
85070452,deadAbandoned,MOMMY´S KEYS,"Feb. 13, 2012",Sergio Dominguez,,sergiodominguezg@hotmail.com
85070374,REQUEST_FAILED,,,,,
85071504,deadAbandoned,DROP DEAD BEATS,"Aug. 24, 2012","Troncoso, Jimmy",,LBCGreaser@aol.com
85071395,deadAbandoned,INTERSOURCE,"Aug. 20, 2012",Intersource LLC,,
85071488,REQUEST_FAILED,,,,,
85071661,REQUEST_FAILED,,,,,
85071698,REQUEST_FAILED,,,,,
85072023,REQUEST_FAILED,,,,,
85071969,REQUEST_FAILED,,,,,
85072345,deadAbandoned,UME,"Feb. 20, 2012","Perkins, Lindsey A",,YADENL@HOTMAIL.COM
85072311,deadAbandoned,MURANO ACOUSTICS,"Apr. 06, 2012","The Bartley Group, Inc.",,
85072389,deadAbandoned,MINIBARBERSHOP,"Jul. 17, 2012","Musikantow & Associates, LLC",,contact@minibarbershop.com
85072306,deadAbandoned,POLYMITA,"Nov. 09, 2012",Yaixa Maria Cisneros,,yaixacisneros@yahoo.com
85072329,deadAbandoned,"LET ""IT"" BE SAID, LET ""IT'' BE DONE.","Mar. 07, 2012","Mc Andrew, Newell W",,candomcandrew@aol.com
85072543,deadAbandoned,BRAZILIANBODY,"Jan. 05, 2012","mead, karla",,
85072385,deadAbandoned,DITCH THE DIETS,"Sep. 14, 2012",Iserloh Ventures LLC,,teas@iserloh.com
85072672,REQUEST_FAILED,,,,,
85073458,deadAbandoned,COURT 18,"Feb. 20, 2012","Schroeder, Scott",,
85073413,deadAbandoned,SO YOU THINK YOU CAN EXCEL,"May 08, 2012","GE, JIA",,GEJIA@MSN.COM
85073447,deadAbandoned,ROOTPRO,"Feb. 20, 2012",Lambur Contracting Corp.,,
85073105,REQUEST_FAILED,,,,,
85073471,deadAbandoned,BEAR TRACKS,"Apr. 21, 2012","Scheniman, William",,suzanne.niles@gmail.com
85073480,deadAbandoned,BISCAYNE,"Feb. 27, 2012",Biscayne Brewing Company,,mpitnick@biscaynebrew.com
85073404,REQUEST_FAILED,,,,,
85073416,REQUEST_FAILED,,,,,
85074268,deadAbandoned,IKE BY IKE BEHAR,"Feb. 27, 2012",Behar Licensing Corp.,,
85074291,deadAbandoned,IKE BY IKE BEHAR,"Feb. 27, 2012",Behar Licensing Corp.,,
85074277,deadAbandoned,IKE BY IKE BEHAR,"Feb. 27, 2012",Behar Licensing Corp.,,
85073832,REQUEST_FAILED,,,,,
85074171,REQUEST_FAILED,,,,,
85074788,deadAbandoned,DESCRIBER,"Feb. 13, 2012","UltraConcurrent, Inc.",,carlhewitt@alum.mit.edu
85074222,REQUEST_FAILED,,,,,
85075117,deadAbandoned,DIL PASAND FOODS,"Sep. 22, 2012",Aslam Ahsen,,ahsenkarsaz@gmail.com
85074530,REQUEST_FAILED,,,,,
85074678,REQUEST_FAILED,,,,,
85075606,deadAbandoned,CARDIOBASE,"Mar. 05, 2012","InforTucano, Sistemas Informáticos, Lda.",,joao.maltez@infortucano.pt
85075216,REQUEST_FAILED,,,,,
85075271,REQUEST_FAILED,,,,,
85075981,deadAbandoned,PVCONTRACTOR,"May 28, 2012",Oliver Friedrich,,
85075607,REQUEST_FAILED,,,,,
85075611,REQUEST_FAILED,,,,,
85076629,deadAbandoned,EASY AGENCY,"Oct. 16, 2012",Easy Agency,,info@easyagency.com
85077016,deadAbandoned,JUMPSTART FOR BUILDERS,"Feb. 27, 2012","The Bokka Group, Inc.",,dallas@bokkagroup.com
85076460,REQUEST_FAILED,,,,,
85076572,REQUEST_FAILED,,,,,
85076665,deadAbandoned,ENHANCE BY DESIGN,"Mar. 12, 2012",Enhance by Design,,
85076786,REQUEST_FAILED,,,,,
85077098,REQUEST_FAILED,,,,,
85077315,REQUEST_FAILED,,,,,
85077338,REQUEST_FAILED,,,,,
85077676,deadAbandoned,COLLABORATOR,"Jan. 09, 2012",Viprocom Holding AG,,christoph.wilfert@combionic.com
85077575,REQUEST_FAILED,,,,,
85077712,deadAbandoned,CHAINSAW ANGELS,"May 21, 2012",Jennifer Lynn Watson,,jen@chainsaw.net
85077782,deadAbandoned,VUVUZELA,"Dec. 17, 2012","Kempster, Laurie Mark",,lauriekempster@worldonline.co.za
85077840,deadAbandoned,SOSIMPLE.BIZ,"Feb. 27, 2012","Ge, David Q",,davidqge@gmail.com
85077678,REQUEST_FAILED,,,,,
85078026,deadAbandoned,"I.K.T.; ""I KILL TERRORISTS""","Apr. 17, 2012","Lynch, Patrick Timothy",,info@ikillterrorists.com
85077846,REQUEST_FAILED,,,,,
85078226,deadAbandoned,MANGO REVOLCADO BY JOVY,"Feb. 27, 2012","LOPEZ, ERIBERTO CANDELARIO",,cramirez@uribeyasociados.com
85077847,REQUEST_FAILED,,,,,
85078236,deadAbandoned,ELOTE REVOLCADO BY JOVY,"Feb. 27, 2012","LOPEZ, ERIBERTO CANDELARIO",,cramirez@uribeyasociados.com
85077978,REQUEST_FAILED,,,,,
85078354,deadAbandoned,UBICONNECT,"Feb. 13, 2012",UBISOFT ENTERTAINMENT,,
85078389,deadAbandoned,GRENADE FREE AMERICA,"Mar. 05, 2012","MPS Entertainment, LLC",,
85078207,REQUEST_FAILED,,,,,
85079025,deadAbandoned,DECISION GENIUS,"Mar. 05, 2012","RateGenius, Inc",,
85078406,REQUEST_FAILED,,,,,
85079261,REQUEST_FAILED,,,,,
85079924,deadAbandoned,EWED.COM,"May 21, 2012",Omnigen Corp.,,ewed.com@gmail.com
85079928,deadAbandoned,EWED,"May 21, 2012",Omnigen Corp.,,ewed.com@gmail.com
85079745,REQUEST_FAILED,,,,,
85079906,REQUEST_FAILED,,,,,
85080877,deadAbandoned,IAM IN ADD MINUS,"Mar. 12, 2012",IN ADD MINUS LLC,,
85080772,deadAbandoned,EVENTCENTRAL,"Nov. 07, 2012",G2Planet Incorporated,,mark@g2planet.com
85080095,REQUEST_FAILED,,,,,
85080919,deadAbandoned,ELPISE,"Mar. 05, 2012",Com2us Corporation,,
85080711,REQUEST_FAILED,,,,,
85080844,REQUEST_FAILED,,,,,
85081260,deadAbandoned,STABLE SHIELD,"Mar. 19, 2012",SHIELD PRODUCTS GROUP LLC,,cececurrie@aol.com
85081329,deadAbandoned,ANIMAL SHIELD,"Mar. 19, 2012",SHIELD PRODUCTS GROUP LLC,,rp@sasglobalinc.com
85081790,deadAbandoned,ARE YOU READY?!,"Oct. 29, 2012",Joseph A. Martinez,,andceo@gmail.com
85081925,deadAbandoned,QUIET PRESENCE,"Mar. 05, 2012","Moran, Stephanie",,
85081580,deadAbandoned,FABRIC SHIELD,"Mar. 19, 2012",SHIELD PRODUCTS GROUP LLC,,cececurrie@aol.com
85081153,REQUEST_FAILED,,,,,
85082135,deadAbandoned,NUM NUM,"Feb. 20, 2012","Hicks, Robert",,
85082358,deadAbandoned,REDEMPTION SPIRITS,"Mar. 12, 2012","Marlowe, Matthew C",,mcmarlowe1@gmail.com
85081892,REQUEST_FAILED,,,,,
85082143,deadAbandoned,PATZCARE,"Apr. 06, 2012",ROG TRADING COMPANY LIMITED,,alan@ipatent.com.hk
85082588,deadAbandoned,LIBERTY ENABLED,"Mar. 27, 2012","Liberty PlugIns, Inc.",,john@libertyplugins.com
85081928,REQUEST_FAILED,,,,,
85082137,REQUEST_FAILED,,,,,
85082928,deadAbandoned,DISHMARK TASTEBUDS TO THE TEST,"Nov. 05, 2012","SAL ASSOCIATES, INC.",,lisaah@gmail.com
85082695,REQUEST_FAILED,,,,,
85082979,deadAbandoned,TOP FUNCTION,"Feb. 13, 2012",Top Function LLC,,
85082909,REQUEST_FAILED,,,,,
85082989,deadAbandoned,TOPFUNCTION,"Feb. 13, 2012",Top Function LLC,,
85082968,REQUEST_FAILED,,,,,
85083009,REQUEST_FAILED,,,,,
85083329,REQUEST_FAILED,,,,,
85083376,REQUEST_FAILED,,,,,
85083944,deadAbandoned,KNOCKOFF,"Oct. 22, 2012","Pierce, Justin",,jpierce105@gmail.com
85084056,deadAbandoned,RENTBASE,"Mar. 23, 2012","Rentcycle, Inc.",,tim@rentcycle.com
85084493,deadAbandoned,VERT EXTERIOURS,"Aug. 22, 2012",SUNVEX CONTRACT,,masmarcas@masmarcas.com
85084016,REQUEST_FAILED,,,,,
85084336,deadAbandoned,BOOZ-ON,"Jan. 23, 2012",BoozBucks,,jasonarmon@gmail.com
85084049,REQUEST_FAILED,,,,,
85084352,deadAbandoned,BOOZ-ON,"Apr. 16, 2012","BoozBucks, LLC",,jasonarmon@gmail.com
85085009,deadAbandoned,CEP OIL MAX,"Feb. 21, 2012","Complete Environmental Products, Inc.",,
85085291,deadAbandoned,"GROMBOMB,ENERGY","Jan. 23, 2012","McCormick,Eric T",,coastalericmc@yahoo.com
85085443,deadAbandoned,GO PAD,"Jul. 16, 2012",Globalshop Inc.,,globalshop@optonline.net
85085222,REQUEST_FAILED,,,,,
85085328,REQUEST_FAILED,,,,,
85086130,deadAbandoned,CM COOK MASTER,"Feb. 06, 2012",GUANGZHOU NEW YUEHAI WESTERN KITCHEN EQUIPMENT FACTORY,,info.info168@gmail.com
85085352,REQUEST_FAILED,,,,,
85086143,deadAbandoned,7 POWERS,"Mar. 12, 2012","Stephen Josephs, LLC",,
85086097,deadAbandoned,HORIZON SALTO,"Feb. 06, 2012",Horizon Salto LLC,,
85085505,REQUEST_FAILED,,,,,
85086540,deadAbandoned,THE PARENTS HELPER,"Jul. 30, 2012","Sandy, Michael",,michelangelo38@lycos.com
85086607,deadAbandoned,None,"Mar. 15, 2012","BUNNIE WISE, LLC",,evett.simmons@ruden.com
85086094,REQUEST_FAILED,,,,,
85086777,deadAbandoned,RAT GATOR,"Feb. 21, 2012","Rhinehart, David M",,dave@pfharris.com
85087094,deadAbandoned,INTRINSIC MACRO INVESTING,"Oct. 01, 2012","Bajaj, Jason",,jason.bajaj@gmail.com
85086595,REQUEST_FAILED,,,,,
85086445,REQUEST_FAILED,,,,,
85087176,deadAbandoned,PT&HONOUR,"Sep. 11, 2012","Hu, Jian",,cantian@hotmail.com
85087087,REQUEST_FAILED,,,,,
85087086,REQUEST_FAILED,,,,,
85087543,REQUEST_FAILED,,,,,
85087632,REQUEST_FAILED,,,,,
85088210,REQUEST_FAILED,,,,,
85088826,deadAbandoned,WEAV,"Jul. 16, 2012",Ubiquity Broadcasting Corporation,,
85088842,deadAbandoned,WEAV,"Jul. 16, 2012",Ubiquity Broadcasting Corporation,,
85088795,deadAbandoned,WEAV,"Jul. 16, 2012",Ubiquity Broadcasting Corporation,,
85089160,deadAbandoned,DALLAS HAUNT,"Oct. 15, 2012","Boo-Tech, LLC",,
85089223,REQUEST_FAILED,,,,,
85089995,deadAbandoned,SHIP FOR THE CURE,"Apr. 02, 2012","TC Riders, Inc.",,tcridersinc@gmail.com
85090142,deadAbandoned,HAPPY BODY STRETCH STRAP,"Mar. 12, 2012","Pavelec, William",,
85090143,deadAbandoned,SAFESPRAY,"Apr. 16, 2012",SkinHealth Technology LLC,,mkuffner@skinhealthtech.com
85090085,REQUEST_FAILED,,,,,
85090113,REQUEST_FAILED,,,,,
85090157,REQUEST_FAILED,,,,,
85091193,deadAbandoned,BARWORLD,"Apr. 09, 2012","Perla, Anthony L.",,owners@eaglezaptech.com
85090445,REQUEST_FAILED,,,,,
85091021,REQUEST_FAILED,,,,,
85091216,REQUEST_FAILED,,,,,
85091378,REQUEST_FAILED,,,,,
85091631,deadAbandoned,HAPPY CRACKER,"Jan. 21, 2012","HCE, LLC",,paul.t.pierce@gmail.com
85091824,deadAbandoned,FUMUL DE TUTUN,"Apr. 09, 2012",Trend Settah Inc,,
85091441,REQUEST_FAILED,,,,,
85091459,REQUEST_FAILED,,,,,
85092021,REQUEST_FAILED,,,,,
85092150,deadAbandoned,LITTLE SIBLINGS MAGIC WORLD LLC,"Sep. 27, 2012","Little Siblings' Magic World, LLC",,MANGEL924@GMAIL.COM
85092099,REQUEST_FAILED,,,,,
85092366,deadAbandoned,PICTURE AN ACCIDENT,"Jul. 09, 2012","Morris, David",,info@pictureanaccident.com
85092308,REQUEST_FAILED,,,,,
85092946,deadAbandoned,GLO CRAZY GLO CRAZY,"Apr. 09, 2012","Glo-Crazy Lure Company, LLC",,lashby@glo-crazy.com
85092800,REQUEST_FAILED,,,,,
85093410,deadAbandoned,MIRRLE,"Jun. 18, 2012","Lee, Chun-Yi",,prosperi.mktg@gmail.com
85093305,REQUEST_FAILED,,,,,
85093683,deadAbandoned,USMARTPAY,"Apr. 09, 2012",US Bankcard Services,,martin.lanyan@usbsi.com
85093375,REQUEST_FAILED,,,,,
85094157,deadAbandoned,UEASYPAY,"Apr. 09, 2012",US Bankcard Services,,chris.chang@usbsi.com
85093681,REQUEST_FAILED,,,,,
85094691,deadAbandoned,TIMOTHY'S SWEET SUMMER RASPBERRY,"Apr. 09, 2012","Timothy's Coffees of the World, Inc.",,
85094376,deadAbandoned,ETRANSMED,"Jan. 16, 2012","eTransMed, LLC",,
85094230,deadAbandoned,MIVIDA SANGRIA,"Apr. 09, 2012","ENJOY LIFE, LLC",,maria@mividasangria.com
85094067,REQUEST_FAILED,,,,,
85094402,REQUEST_FAILED,,,,,
85095464,deadAbandoned,SURPRISINGLY CREATIVE BUSINESSMEN,"Apr. 09, 2012",Becker Harris and Co LLC,,
85094821,REQUEST_FAILED,,,,,
85095474,deadAbandoned,BAILEY BROOK FARM,"Feb. 06, 2012","Kelly, William",,
85095260,REQUEST_FAILED,,,,,
85095893,deadAbandoned,BANZAI,"Jun. 08, 2012",Focus Brand Limited,,
85096389,deadAbandoned,SNAPCUTS,"Sep. 07, 2012","Ottinger, Barbara",,jjasondollar@gmail.com
85095783,REQUEST_FAILED,,,,,
85096226,REQUEST_FAILED,,,,,
85096357,REQUEST_FAILED,,,,,
85097275,deadAbandoned,PAWZ PAUSE,"Jan. 16, 2012","Horiuchi, Jason R",,britespot_petproducts@yahoo.com
85096460,REQUEST_FAILED,,,,,
85096762,REQUEST_FAILED,,,,,
85097308,REQUEST_FAILED,,,,,
85097545,deadAbandoned,HEIDI HANSON,"Aug. 16, 2012","Duval, Deana Marie",,duvaldeana@aol.com
85097665,deadAbandoned,FAME WHORE,"Oct. 08, 2012","Wells, Celeste Marie",,celestewells@ymail.com
85097708,deadAbandoned,RFD POLE REINSTATEMENT SYSTEM,"Apr. 04, 2012",uam pty. ltd,,mark.grodzicky@uxc.com.au
85097640,deadAbandoned,DISCOUNT SHOPPING MADE SIMPLE.,"Jun. 10, 2012",Alotta Group Inc,,info@alottagroup.com
85097909,deadAbandoned,EXPAN,"Jan. 30, 2012","Expan, Inc.",,
85098169,deadAbandoned,WHITE LINEN CAFÉ,"Jul. 09, 2012","Goodkind Organics, LLC",,cedarreuben@sbcglobal.net
85097725,REQUEST_FAILED,,,,,
85097738,REQUEST_FAILED,,,,,
85097826,REQUEST_FAILED,,,,,
85098426,REQUEST_FAILED,,,,,
85098437,REQUEST_FAILED,,,,,
85098751,deadAbandoned,KW CONCH LIFE,"Jul. 02, 2012",Norat Raphael,,imbrushfire@gmail.com
85098547,REQUEST_FAILED,,,,,
85099575,deadAbandoned,BRAVO DISTRIBUTED POWER & REFINING,"Apr. 09, 2012",Brown Energy Group Inc,,
85099411,deadAbandoned,LOGICTRADE,"May 01, 2012",SUN MANAGEMENT CORPORATION,,Gib.Holloway@InterglobalForex.com
85099359,REQUEST_FAILED,,,,,
85099757,deadAbandoned,ROYAL RESORTS,"Jun. 15, 2012","PERSIJN BEHEER, B.V.",,alfredoespinosacorona@gmail.com
85099433,REQUEST_FAILED,,,,,
85099532,REQUEST_FAILED,,,,,
85100596,deadAbandoned,BRINGING OUT NEW DESIGNERS,"Apr. 16, 2012","Shabazz, Venus",,
85099863,REQUEST_FAILED,,,,,
85100799,deadAbandoned,THERMILATE,"May 14, 2012",Thermilate Europe Limited,,ash@thermilate.co.uk
85100422,REQUEST_FAILED,,,,,
85102380,deadAbandoned,ECO-DOG,"Apr. 16, 2012",San Francisco Society for the Prevention of Cruelty to Animals,,
85101603,REQUEST_FAILED,,,,,
85102309,REQUEST_FAILED,,,,,
85102502,REQUEST_FAILED,,,,,
85102758,deadAbandoned,HAPPIHEAD,"Mar. 12, 2012","Moore, Lionel",,
85102582,REQUEST_FAILED,,,,,
85102760,deadAbandoned,SPICEFORLIFE,"Apr. 16, 2012",Red Box Holdings Limited,,lynn.lin@red-box-holdings.com
85102736,REQUEST_FAILED,,,,,
85103069,REQUEST_FAILED,,,,,
85103178,REQUEST_FAILED,,,,,
85103699,deadAbandoned,SMARTYPANTIES,"Dec. 27, 2012","Maloney, Carol",,
85103922,deadAbandoned,SAMOGON,"Sep. 11, 2012","PHENIX BRANDS, LLC",,
85103660,REQUEST_FAILED,,,,,
85104002,REQUEST_FAILED,,,,,
85104665,deadAbandoned,DCL,"Jul. 10, 2012",DE CHENG ENTERPRISE (HONG KONG) COMPANY LIMITED,,info.info168@gmail.com
85104687,deadAbandoned,THE ENDD ELECTRONIC NICOTINE DELIVERY DEVICE,"Feb. 13, 2012","Adelson, Gary",,
85105246,deadAbandoned,LADYKILLER,"Oct. 22, 2012","Newcomer, Bradley D.",,brad@haxinc.com
85104669,REQUEST_FAILED,,,,,
85105144,REQUEST_FAILED,,,,,
85104956,REQUEST_FAILED,,,,,
85105505,deadAbandoned,MOCHI CART LLC,"Aug. 13, 2012","Mochi Cart, LLC",,mochicart@gmail.com
85105491,deadAbandoned,MANIPEDIMINIS,"Jun. 20, 2012","Giacoppo, Barbara",,bg@materialvision.com
85105663,deadAbandoned,None,"Jan. 08, 2012","AVALON INDUSTRIES, INC.",,
85105895,deadAbandoned,EMERALD,"Jan. 19, 2012",Ballybricken International Brands Limited,,andre@andrethompson.com
85105432,REQUEST_FAILED,,,,,
85105454,REQUEST_FAILED,,,,,
85105550,REQUEST_FAILED,,,,,
85105772,deadAbandoned,EMERALD,"Jan. 16, 2012",Radiance Crystal Limited,,andre@andrethompson.com
85106724,deadAbandoned,PROVIDENCE ELECTRIC,"Oct. 29, 2012","Harp, Thomas",,
85106718,deadAbandoned,SUNSET DRIVE MAGAZINE,"Apr. 16, 2012",Batmedia Publishing and Printing Corp.,,
85106733,deadAbandoned,ECO GLOW,"Feb. 07, 2012","Lane, Anthony",,
85106512,REQUEST_FAILED,,,,,
85106740,REQUEST_FAILED,,,,,
85107551,deadAbandoned,EVOPOWER,"Feb. 24, 2012",Maxwave Holding Limited,,turtlelow@hotmail.com
85106937,REQUEST_FAILED,,,,,
85107515,deadAbandoned,RED STITCH BASEBALL COMPANY,"Apr. 12, 2012",Tony Riviera,,
85107056,REQUEST_FAILED,,,,,
85107637,deadAbandoned,LIVING FOODS,"Apr. 30, 2012",Living Foods Inc.,,
85107795,REQUEST_FAILED,,,,,
85107856,REQUEST_FAILED,,,,,
85107931,REQUEST_FAILED,,,,,
85108847,deadAbandoned,PEELOSOPHY,"Mar. 14, 2012",Bio Kor Metics Ltd.,,eranbard@013.net
85108499,REQUEST_FAILED,,,,,
85108850,deadAbandoned,FARFUTURE CLOTHING,"Apr. 16, 2012","Wojcik, Abram",,
85108820,deadAbandoned,SQUARE ONE,"Jan. 23, 2012",Lorenz Enterprise Limited,,
85108862,deadAbandoned,DIGITAL BLANKS,"Nov. 14, 2012",Tancia Ltd,,neilbutler1357@aol.com
85108582,REQUEST_FAILED,,,,,
85108743,REQUEST_FAILED,,,,,
85109916,deadAbandoned,KIKI,"May 21, 2012",Antmoore Wineworks Ltd,,HAYLEY@ANTMOOREBRANDS.CO.NZ
85109113,REQUEST_FAILED,,,,,
85109151,REQUEST_FAILED,,,,,
85109921,deadAbandoned,"IF YOU'RE LUCKY ENOUGH TO BE IN JACKSON HOLE, YOU'RE LUCKY ENOUGH","Jun. 04, 2012","Thorburn, James",,
85109955,deadAbandoned,FIRE CRY,"Apr. 16, 2012","James, Tyrell",,
85109519,REQUEST_FAILED,,,,,
85110547,deadAbandoned,AIM GREEN,"Jan. 09, 2012","Liquid Breaker, LLC",,
85110389,REQUEST_FAILED,,,,,
85110906,deadAbandoned,HR THE HOPE ROPE JUST HANG ON,"Aug. 16, 2012","Marteney, Chad",,
85110749,REQUEST_FAILED,,,,,
85110761,REQUEST_FAILED,,,,,
85111094,REQUEST_FAILED,,,,,
85111689,deadAbandoned,GINKGO FINE JEWELRY,"Feb. 03, 2012",Ginkgo,,marketing@ginkgonewyork.com
85111233,REQUEST_FAILED,,,,,
85111627,REQUEST_FAILED,,,,,
85111908,deadAbandoned,TERA NOVA,"Apr. 23, 2012","Smith, Ashley",,
85111923,deadAbandoned,JAVA JOES COFFEE SHACKS,"Apr. 23, 2012","Roberts, Nadine",,
85111860,REQUEST_FAILED,,,,,
85112250,deadAbandoned,MAPKA PYHETB,"May 04, 2012","Putilin, Mikhail",,mikhail.putilin@me.com
85112328,deadAbandoned,H HUSKTIC,"Jun. 27, 2012","RP Group Company, LLC",,rp_group@rocketmail.com
85112059,REQUEST_FAILED,,,,,
85112261,REQUEST_FAILED,,,,,
85113013,deadAbandoned,MAK,"Jan. 23, 2012",Enovative Group Inc.,,
85113117,deadAbandoned,KATKATH,"Feb. 06, 2012",The Veterinary Company Ltd,,ckenyon@theveterinarycompany.com
85112843,REQUEST_FAILED,,,,,
85112904,REQUEST_FAILED,,,,,
85113642,REQUEST_FAILED,,,,,
85114152,deadAbandoned,None,"May 07, 2012","Feric, Feng",,ferics@gmail.com
85114074,REQUEST_FAILED,,,,,
85114142,REQUEST_FAILED,,,,,
85114157,REQUEST_FAILED,,,,,
85114512,REQUEST_FAILED,,,,,
85114851,REQUEST_FAILED,,,,,
85115201,REQUEST_FAILED,,,,,
85115747,deadAbandoned,GRAB LIFE.,"Nov. 05, 2012","Escalante, Ruben D",,rjescalante@sbcglobal.net
85116105,deadAbandoned,FLESHWEAR,"Mar. 19, 2012","De Brauw, RutgerM.",,famdebrauw@hetnet.nl
85116028,deadAbandoned,THE SEXY MAMA'S GUIDE,"Jan. 23, 2012","The Trustees of the Molloy Industries Pty Ltd ATF Shiva Enterprises Trust, an Australian trust, comprising Bradley John Molloy and Vijaya Molloy, both citizens of Australia",,shiva.enterprises.trust@gmail.com
85115456,REQUEST_FAILED,,,,,
85115487,REQUEST_FAILED,,,,,
85116531,deadAbandoned,GLOBE BOBBER,"Jan. 09, 2012","Innovative Outdoor Products, Inc.",,kurtgrohoski@yahoo.com
85116084,deadAbandoned,X,"Apr. 30, 2012","ZHEJIANG ANJI XINFENG BAMBOO & WOOD INDUSTRY CO., LTD.",,info.info168@gmail.com
85116723,REQUEST_FAILED,,,,,
85116650,REQUEST_FAILED,,,,,
85117581,deadAbandoned,GET BACK TO GOD,"Jan. 02, 2012","Walker, Timothy A.",,gbtg2010@gmail.com
85118110,deadAbandoned,EL TRILOGY,"Apr. 12, 2012","Trilogy Miami, Inc.",,santhony.marketing@gmail.com
85118103,deadAbandoned,LCD TRILOGY,"Apr. 12, 2012","Trilogy Miami, Inc.",,santhony.marketing@gmail.com
85117951,deadAbandoned,RFLIPO,"Nov. 05, 2012",Revecomed International Inc,,davidhong@revecomed.com
85118121,deadAbandoned,LCD TRILOGY .COM,"Apr. 12, 2012","Trilogy Miami, Inc.",,santhony.marketing@gmail.com
85117674,REQUEST_FAILED,,,,,
85118062,REQUEST_FAILED,,,,,
85118210,deadAbandoned,CHERRY RED EMPIRE XOXO,"Apr. 30, 2012","D M Haston Holdings, LLC",,dhastonjr@gmail.com
85118153,deadAbandoned,KITTY,"Jul. 17, 2012","Musikantow & Associates, LLC",,evan@musikantowassoc.com
85118137,REQUEST_FAILED,,,,,
85118786,deadAbandoned,LAGO DE CHAPALA,"May 07, 2012","NUNO, EDMUNDO SANCHEZ",,cramirez@uribeyasociados.com
85119008,deadAbandoned,ECHAGÜE,"May 14, 2012","Cantilo, Demian C",,dcantilo@hotmail.com
85120251,deadAbandoned,PUTT TEE GREENS,"Oct. 10, 2012",Putt Tee Greens,,rawntarrant3@yahoo.com
85118881,REQUEST_FAILED,,,,,
85119078,REQUEST_FAILED,,,,,
85120417,deadAbandoned,FLOPEEZE,"Mar. 05, 2012",EML Hong Kong Limited,,info@emlasia.com
85120451,deadAbandoned,GENTOUCH ESPRESSO,"Apr. 30, 2012","Gofman, Daniel",,
85119852,REQUEST_FAILED,,,,,
85120467,deadAbandoned,SIRTAJ,"Jun. 11, 2012","Khosla, Naveen",,
85120340,deadAbandoned,HTC 7 SURROUND,"May 14, 2012",HTC Corporation,,kathy.callahan@bracewell.com
85120540,deadAbandoned,MENNONITE CANARY SEED MILK,"Jan. 10, 2012","Hernandez Gutierrez, Alfredo",,
85120477,REQUEST_FAILED,,,,,
85121288,deadAbandoned,SPARKPLACE,"Jan. 30, 2012","Sparkplace, Inc.",,sparkpalace@gmail.com
85121115,REQUEST_FAILED,,,,,
85121407,deadAbandoned,FART GUARD,"Nov. 05, 2012","Choice, Anthony",,
85121416,deadAbandoned,CRAVE ENERGY DRINK,"Aug. 21, 2012","Kim, Lawrence",,wrldcpts@yahoo.com
85121423,deadAbandoned,GAME DOME,"May 21, 2012","McCarthy, Larry",,
85121305,REQUEST_FAILED,,,,,
85121421,deadAbandoned,THE FUNKY BLUE DEVILS,"Apr. 13, 2012","Bulger, Mark",,
85121734,deadAbandoned,GALAXIAS,"Apr. 11, 2012","Wanlida Environmental Protection Material (U.S.A.) Co., Inc.",,wanlida.usa@gmail.com
85121631,REQUEST_FAILED,,,,,
85122433,deadAbandoned,ACUPOD,"May 14, 2012",1st Street Holdings,,
85122440,deadAbandoned,REP IT CLOTHING,"May 28, 2012","Holcomb, John",,
85122148,REQUEST_FAILED,,,,,
85122490,deadAbandoned,B EXPRESS,"Mar. 09, 2012","B Hotel Group, LLC",,
85122431,deadAbandoned,GREEN ETHERNET,"Sep. 05, 2012","Kyland-USA, LLC",,
85122361,REQUEST_FAILED,,,,,
85122451,REQUEST_FAILED,,,,,
85123075,deadAbandoned,SHOPPING WIZARD,"Feb. 06, 2012","NexTag, Inc.",,
85123372,REQUEST_FAILED,,,,,
85123376,REQUEST_FAILED,,,,,
85123536,deadAbandoned,HEALTH CLAN,"Nov. 19, 2012",Game Well Enterprises LLC,,
85123664,deadAbandoned,PORTAPUSSY,"Jan. 06, 2012",Girlsgowild GmbH,,franzel@girlsgowild.de
85123768,deadAbandoned,PAPERBACKIT!,"Oct. 22, 2012","Paperbackit, LLC",,tcrew@paperbackit.com
85123584,REQUEST_FAILED,,,,,
85123568,REQUEST_FAILED,,,,,
85123877,deadAbandoned,PRIM BABY NATURE INSPIRED,"Feb. 06, 2012",Prim Baby,,kimberlymlevy@gmail.com
85123723,REQUEST_FAILED,,,,,
85123978,deadAbandoned,JOVY JELLY STIX,"May 14, 2012","LOPEZ, ERIBERTO CANDELARIO",,cramirez@uribeyasociados.com
85123844,REQUEST_FAILED,,,,,
85123889,REQUEST_FAILED,,,,,
85124006,REQUEST_FAILED,,,,,
85124592,deadAbandoned,SUQING,"May 21, 2012","JIANGSU SUQING WATER TREATMENT ENGINEERING GROUP CO., LTD.",,info.info168@gmail.com
85124427,REQUEST_FAILED,,,,,
85125561,deadAbandoned,GREENOLEUM,"May 21, 2012","Sudharsan, Jai Krishna",,
85125540,deadAbandoned,UNIROYAL,"Jan. 23, 2012","Adie, Robert",,
85125374,REQUEST_FAILED,,,,,
85125536,REQUEST_FAILED,,,,,
85125573,REQUEST_FAILED,,,,,
85125802,REQUEST_FAILED,,,,,
85126495,deadAbandoned,None,"Oct. 13, 2012","LIANTIANHONG (FUJIAN) FURNITURE CO., LTD.",,info.info168@gmail.com
85126431,deadAbandoned,ANÃNDA'S SHÃNTEA,"Jan. 18, 2012",Shantea LLC,,info@shantea.net
85126531,deadAbandoned,TROMPO TELEVISION,"Jun. 04, 2012","Rivera, Miguel",,
85126517,deadAbandoned,HOSE2GO,"Nov. 12, 2012","Kennard, Rory",,rory@kennovations.com.au
85126574,deadAbandoned,JUICE AT A HIGHER LEVEL,"Apr. 02, 2012","Fresh Matters, LLC",,stacy@purefoodpeople.com
85126474,deadAbandoned,BRASIL ORGANIQUE,"Aug. 15, 2012",Brasil Beverages Industria e Comercio Ltda.,,joaopaulo.sattamini@gmail.com
85126435,REQUEST_FAILED,,,,,
85126436,REQUEST_FAILED,,,,,
85126626,deadAbandoned,J12 INCREASER WORLD'S GREATEST COCKSTRAP,"Jan. 05, 2012",Joseph John Woishnis Jr.,,store@j12increaser.com
85126536,deadAbandoned,"KRS USA KR'S INTERNATIONAL, LLC.","May 21, 2012","Krs International, LLC.",,
85126962,deadAbandoned,GUY CHADDOCK & CO.,"May 22, 2012","Guy Chaddock & Company, LLC",,bbigelow@fergusoncopeland.com
85126653,REQUEST_FAILED,,,,,
85126727,REQUEST_FAILED,,,,,
85127500,deadAbandoned,PAACT,"Jan. 21, 2012",JMC Wealth Management,,
85127340,deadAbandoned,MISS HISPANOAMERICA,"Mar. 26, 2012","Pena, Ariel",,ariel@misshispanoamerica.org
85127334,REQUEST_FAILED,,,,,
85127484,deadAbandoned,RAMUN THE MASTERPIECE FOR YOUR CHILD,"Jun. 11, 2012","Chung, SangMin",,swordmin@daeyoungone.com
85127401,REQUEST_FAILED,,,,,
85127612,deadAbandoned,ONE BOND ST.,"Jan. 10, 2012",Brooklands trading Ltd.,,info@onebondstreet.com
85127687,deadAbandoned,EAT BABY EAT,"Apr. 26, 2012","Ding, Tracy Ying-Ci",,tracyding511@yahoo.com
85127748,deadAbandoned,SLEEP CLEAN,"Oct. 10, 2012","HARRIS, JAMES T",,
85127578,REQUEST_FAILED,,,,,
85127755,deadAbandoned,TRICIA NICOLE,"Jan. 23, 2012",TRICIA NICOLE LLC,,
85127776,deadAbandoned,NANOFUELSYSTEMS,"Jan. 20, 2012","Vapor Energy Systems, Ltd",,vaporenergy@gmail.com
85127675,REQUEST_FAILED,,,,,
85127749,deadAbandoned,SOUL PATTY,"Feb. 27, 2012","Foundation Soul to Soul, LLC",,jsmetona@foundationsoultosoul.com
85127754,REQUEST_FAILED,,,,,
85127896,REQUEST_FAILED,,,,,
85128011,REQUEST_FAILED,,,,,
85128305,REQUEST_FAILED,,,,,
85128584,REQUEST_FAILED,,,,,
85128602,REQUEST_FAILED,,,,,
85128719,deadAbandoned,EXSPEC,"Dec. 03, 2012",ELIZONDO CARLOS GERARDO,,celizondo@amplusgi.com
85128634,deadAbandoned,RESTORING LIVES,"May 21, 2012","Cytori Therapeutics, Inc.",,
85128707,deadAbandoned,TOFU GURU,"Nov. 05, 2012","Markle, Adam S",,adamstarmarkle@yahoo.com
85128758,deadAbandoned,SOLIBRARIAN,"May 14, 2012","Hunter, Frederick So",,
85128732,deadAbandoned,TEASE & BLOW,"Jan. 16, 2012","Dedivanovic, Tanja",,
85128743,deadAbandoned,TRICIA NICOLE LLC ESTATELY HANDCRAFTED SOAP,"Jan. 23, 2012",TRICIA NICOLE LLC,,
85128761,REQUEST_FAILED,,,,,
85129445,deadAbandoned,DAYLUNA,"Jun. 25, 2012","Dayluna, Inc.",,
85128878,REQUEST_FAILED,,,,,
85129406,REQUEST_FAILED,,,,,
85129440,REQUEST_FAILED,,,,,
85129761,deadAbandoned,B.O.E.,"Jun. 11, 2012","Baker, Beau",,
85129664,REQUEST_FAILED,,,,,
85130280,REQUEST_FAILED,,,,,
85131468,deadAbandoned,ULTIMATE AGENCY FORMULA,"Jan. 24, 2012",Ultimate Agency Network LLC,,info@ultimateagencynetwork.com
85130722,REQUEST_FAILED,,,,,
85131295,REQUEST_FAILED,,,,,
85131486,REQUEST_FAILED,,,,,
85131706,deadAbandoned,COFFEE MONSTER,"Apr. 30, 2012",Andy Schaufelberger,,raltfa41@gmail.com
85131780,deadAbandoned,BLENDED ROOTZ,"Apr. 02, 2012","Munarriz, Paul",,
85131797,deadAbandoned,AMERICAN BASKETBALL ASSOCIATION ABA,"Jan. 20, 2012",PBL Basketball LLC,,
85131679,REQUEST_FAILED,,,,,
85132751,deadAbandoned,MATINEE,"Jun. 25, 2012",Ambient Light LLC,,
85132647,deadAbandoned,INSPIRE.TV,"Jan. 13, 2012",Rainer Dunkel,,
85132760,deadAbandoned,DAM TOOL COMPANY,"Feb. 20, 2012","Cronin, Dudley",,
85132435,REQUEST_FAILED,,,,,
85132590,REQUEST_FAILED,,,,,
85132542,REQUEST_FAILED,,,,,
85132941,deadAbandoned,IAMECOHUMAN,"Jun. 11, 2012","IAMECOHUMAN, LLC",,roberthaymaninc@aol.com
85132943,deadAbandoned,ECOHUMAN,"Jun. 11, 2012","IAMECOHUMAN, LLC",,roberthaymaninc@aol.com
85132855,deadAbandoned,EL ROBLERAL,"Jan. 07, 2012","OLIDE LOMELI, DAVID",,SERGIOOLIDE@HOTMAIL.COM
85132946,deadAbandoned,BUDDHASAY,"Jun. 11, 2012","IAMECOHUMAN, LLC",,roberthaymaninc@aol.com
85133099,deadAbandoned,FIELDPOD,"Nov. 22, 2012",MetroCount USA Inc.,,mkenny@metrocount.com
85133749,deadAbandoned,HIP HOP LIVS,"Jan. 21, 2012","Smith, Navon, M",,vonsmith79@yahoo.com
85133034,REQUEST_FAILED,,,,,
85133843,deadAbandoned,NVNVNVNV,"Jun. 04, 2012",leyef llc,,leyefllc@aol.com
85133395,REQUEST_FAILED,,,,,
85133966,deadAbandoned,CUDDLE BARN,"Feb. 02, 2012",SNLUSA,,david@millsbrand.com
85133672,REQUEST_FAILED,,,,,
85134141,deadAbandoned,NEGATIVEION,"Sep. 10, 2012","Wakrim, Abel",,
85134155,deadAbandoned,NEWREALITY,"Apr. 10, 2012","NEWREALITY, INC.",,
85133943,REQUEST_FAILED,,,,,
85134143,deadAbandoned,CHECKWIN,"Jun. 25, 2012",Skycrest LLC,,apetale@actuateip.com.au
85134104,REQUEST_FAILED,,,,,
85134374,deadAbandoned,K2 VODKA,"May 07, 2012",K2 Spirits Importers LLC,,tnc@bi-corp.com
85134341,REQUEST_FAILED,,,,,
85135083,deadAbandoned,GOLFEADOS DON GOYO UNO SOLO NO BASTA,"Mar. 21, 2012","ALBANESE, JOSE L",,alexofc@gmail.com
85135131,deadAbandoned,FROM PASSION TO PAYCHECK,"Jun. 04, 2012","Beaudin, Jeff",,
85135062,REQUEST_FAILED,,,,,
85135125,deadAbandoned,LORDS OF THE VOID,"May 28, 2012","Walblay, Brian",,
85135419,deadAbandoned,LYCOLOGY,"Jun. 11, 2012","ProDerma Therapeutics, LLC",,mike@prodermatherapeutics.com
85135129,REQUEST_FAILED,,,,,
85135481,deadAbandoned,FOAM-IN-BLANKET,"Feb. 23, 2012",Ark Seal International,,
85135151,REQUEST_FAILED,,,,,
85135319,REQUEST_FAILED,,,,,
85135434,REQUEST_FAILED,,,,,
85136132,deadAbandoned,TRADING EDGE,"Jan. 30, 2012",Growers Edge,,
85136175,deadAbandoned,FAILSAFE M2M NETWORK,"Mar. 08, 2012","Failsafe Technology, Inc.",,
85135579,REQUEST_FAILED,,,,,
85135845,REQUEST_FAILED,,,,,
85136452,deadAbandoned,HORMONE MAX,"Apr. 23, 2012",Joan C. Hunziker,,cnixon@biodia.com
85136136,REQUEST_FAILED,,,,,
85136214,REQUEST_FAILED,,,,,
85137117,deadAbandoned,DUO,"Apr. 09, 2012","Discovery Bay Games, Inc.",,
85137121,deadAbandoned,DUO,"Jul. 30, 2012","Discovery Bay Games, Inc.",,
85136889,REQUEST_FAILED,,,,,
85137172,deadAbandoned,OPTIMAL NUTRIENTS,"Nov. 02, 2012","Randal Optimal Nutrients, LLC",,
85136923,REQUEST_FAILED,,,,,
85137232,deadAbandoned,VHPA,"Jun. 11, 2012","Holley, Charles",,
85137240,deadAbandoned,VETERANS HELICOPTER PROFESSIONALS ASSOCIATION,"Jun. 18, 2012","Holley, Charles",,
85137190,deadAbandoned,KEEP EL PASO WESTERN,"Jun. 11, 2012",Mariachi Chic,,
85137201,REQUEST_FAILED,,,,,
85137422,deadAbandoned,CHECKIT,"Jan. 23, 2012","Digital EFT Solutions, LLC",,kr@digitaleft.com
85137205,REQUEST_FAILED,,,,,
85137331,REQUEST_FAILED,,,,,
85137995,deadAbandoned,"EG EVENTUS GROUP, LLC","Jun. 25, 2012",Eventus Group,,bmerinov@eventusgroupllc.com
85137657,deadAbandoned,ZAGAT EXCLUSIVES,"Feb. 06, 2012",GOOGLE INC.,,tmdocketing@google.com
85137688,REQUEST_FAILED,,,,,
85137959,REQUEST_FAILED,,,,,
85138318,deadAbandoned,None,"Oct. 31, 2012","Cline, Athena J.",,miss.cline@gmail.com
85138062,REQUEST_FAILED,,,,,
85138495,deadAbandoned,TEXXAS JAM,"Mar. 02, 2012","Russell, Lee",,
85138487,deadAbandoned,JET DELIVERY,"Jan. 23, 2012",Jet Delivery,,
85138505,deadAbandoned,D-LICIOUS FOODS INC,"Jan. 07, 2012",D-Licious Foods Inc.,,
85138347,REQUEST_FAILED,,,,,
85138364,REQUEST_FAILED,,,,,
85138598,deadAbandoned,HYPERIUM,"Jun. 04, 2012",The King of Shaves Company Ltd,,neil.muttock@kingofshaves.com
85138511,deadAbandoned,VANISHHAIR,"Jun. 04, 2012",The King of Shaves Company Ltd,,neil.muttock@kingofshaves.com
85138971,deadAbandoned,PAYWAYLESS,"Jun. 04, 2012","PAYWAYLESS, LLC",,mjrn@netscape.com
85138583,REQUEST_FAILED,,,,,
85138617,REQUEST_FAILED,,,,,
85138996,REQUEST_FAILED,,,,,
85139446,deadAbandoned,ARCHIHUB,"Nov. 05, 2012",Arco Eco Proprietary Limited,,brad@arcoeco.com
85139471,deadAbandoned,TURBO FIT PRO,"Jul. 02, 2012",Aris inc.,,
85139423,REQUEST_FAILED,,,,,
85139434,REQUEST_FAILED,,,,,
85139468,deadAbandoned,PRIDELAND RECORDS,"Jun. 04, 2012","Boyce, Troy",,
85139695,deadAbandoned,HOOYA,"May 18, 2012","INTJ Media, INC.",,wr2501979@yahoo.com
85139509,REQUEST_FAILED,,,,,
85139514,REQUEST_FAILED,,,,,
85139757,REQUEST_FAILED,,,,,
85139999,REQUEST_FAILED,,,,,
85140513,deadAbandoned,I SHOT THE SERIF,"Feb. 26, 2012","Gabor, Thomas",,
85140501,deadAbandoned,LABSTOCK,"Feb. 20, 2012",Mountain Home Biological,,steves@pelletlab.com
85140439,deadAbandoned,SERVING YOUR BUSINESS' DIRE NEED,"Jun. 25, 2012",Energyrich(R) Coaching Inc.,,mina@energyrichcoach.com
85140528,deadAbandoned,SXCITED,"Jun. 18, 2012","Silver, Robert",,
85140331,REQUEST_FAILED,,,,,
85140503,deadAbandoned,5DAY BATHS,"Mar. 06, 2012","5day Baths, Inc.",,
85140535,deadAbandoned,WOW,"Mar. 02, 2012","PATEL, SONAL",,
85140525,deadAbandoned,2D UNCAGED MUSIC GROUP,"May 21, 2012",Uncaged Entertainment LLC,,
85140555,deadAbandoned,FINEART ALBUMS,"Jan. 28, 2012",Fine Art Albums Inc.,,
85140523,deadAbandoned,NOW THAT'S A GOOD LOOK,"May 21, 2012","Haralson, J. Davil",,
85140533,REQUEST_FAILED,,,,,
85141215,deadAbandoned,ALLURA IMPORTS,"Jan. 09, 2012",ALLURA IMPORTS INC.,,ALLURAIMPORTS@GMX.COM
85140625,REQUEST_FAILED,,,,,
85140831,REQUEST_FAILED,,,,,
85141351,deadAbandoned,SOCIALSHIELD.COM,"Oct. 08, 2012","CLEANPORT, B.V.",,
85141217,deadAbandoned,SUPERAL,"Jun. 04, 2012",ALGAREA MINERAÇÃO S/A,,
85141405,REQUEST_FAILED,,,,,
85142012,deadAbandoned,ACCESS ALL AREAS,"May 21, 2012",3 M E Ltd,,mike@newstate.co.uk
85142277,deadAbandoned,SPIDER,"Sep. 27, 2012",Brian P. Hagerty,,hagalex3@aol.com
85142254,REQUEST_FAILED,,,,,
85142728,deadAbandoned,THE ROCKET CHEESE,"Aug. 27, 2012","VESTERLUND, PER",,JSJL24@AOL.COM
85142650,deadAbandoned,SENIOR SAVIOR SERVICES,"Jan. 09, 2012",Palmergroup Financial Services,,garyapalmer@gmail.com
85142636,REQUEST_FAILED,,,,,
85142751,deadAbandoned,ZYDEKOLA,"Jun. 25, 2012","Curtis, Charles",,
85142651,REQUEST_FAILED,,,,,
85142738,deadAbandoned,JENSENMARTIN,"Jun. 18, 2012",JM Studio LTD,,
85142760,deadAbandoned,SOLEMATS,"Jul. 30, 2012","Olesh, Danny",,
85142763,deadAbandoned,TEXTIES,"Oct. 29, 2012","Textees, LLC",,
85142764,deadAbandoned,LE COQ,"Jun. 22, 2012",Le Black Coq Wine And Spirits Limited,,caroline.fitzgerald@orange.fr
85142743,REQUEST_FAILED,,,,,
85142776,deadAbandoned,GMS,"Jun. 04, 2012",Grown Man Styles,,
85142804,deadAbandoned,HIDE-A-BIKE,"Jan. 16, 2012","Melito, Adria",,
85142803,REQUEST_FAILED,,,,,
85142813,deadAbandoned,HOME HEALER DESIGN FIRM,"Jun. 18, 2012","Fowler,Jessica",,
85143532,deadAbandoned,BOW JAGGI,"May 28, 2012","Gifted World, LLC",,ann.chung@bowjaggi.com
85143213,REQUEST_FAILED,,,,,
85143123,REQUEST_FAILED,,,,,
85143367,REQUEST_FAILED,,,,,
85143965,deadAbandoned,ROYAL ELITE,"Jan. 09, 2012","Caballero, Jose",,
85143814,deadAbandoned,HEELS & DEALS,"Nov. 05, 2012","Hearson, Georgina",,claire.fenner@heelsanddeals.org
85143980,deadAbandoned,CONSORTI,"Jan. 09, 2012","Keith, Shannon",,
85143956,deadAbandoned,STEAM BATH,"Jan. 27, 2012",Steam Sauna,,
85143973,deadAbandoned,SHIMMER & SHINE,"May 21, 2012","Johnston, Kellie",,
85143991,deadAbandoned,None,"Jun. 04, 2012","Macleod, Dana",,
85144872,deadAbandoned,END-TO-END HEALTHCARE COMPLIANCE,"Nov. 12, 2012","Total Compliance Solutions, Inc.",,
85144171,REQUEST_FAILED,,,,,
85144483,REQUEST_FAILED,,,,,
85144893,deadAbandoned,WOMEN TESTED WOMEN APPROVED,"Jun. 25, 2012","Copeland, Lisa",,
85144881,deadAbandoned,ENVIROPAQUE,"Jun. 11, 2012",Shipman Print Solutions,,
85144920,REQUEST_FAILED,,,,,
85145242,REQUEST_FAILED,,,,,
85145736,deadAbandoned,KIMEL,"Jul. 03, 2012","INVERSIONES Y CONSIGNACIONES SAN ANTONIO, S.A.",,rebecca.atanacio@gmail.com
85145468,REQUEST_FAILED,,,,,
85145571,REQUEST_FAILED,,,,,
85145865,deadAbandoned,THIRD EYE YOGA,"Jan. 09, 2012","Haus, Phil",,
85145697,REQUEST_FAILED,,,,,
85145801,REQUEST_FAILED,,,,,
85146192,deadAbandoned,BALLISTX BULLET-PROOF LENS TECHNOLOGY,"Dec. 03, 2012","Pilla, Inc.",,
85145871,REQUEST_FAILED,,,,,
85146563,deadAbandoned,ENTICE,"Jul. 24, 2012",HOM Quality Foods (Pvt) Limited,,Hasibul.Hassan@habiboil.com
85146085,REQUEST_FAILED,,,,,
85146776,deadAbandoned,IATTENTION,"Apr. 16, 2012","UltraConcurrent, Inc",,carlhewitt@alum.mit.edu
85146908,deadAbandoned,THERAPISTS WITHOUT WALLS,"Jun. 04, 2012","Wight, Susan",,
85146910,deadAbandoned,DICHONICS,"Jul. 16, 2012","Dichonics, Inc",,
85146680,REQUEST_FAILED,,,,,
85146943,deadAbandoned,TEKONUS,"Apr. 09, 2012","Suarez, Antonio",,
85146914,REQUEST_FAILED,,,,,
85146952,deadAbandoned,HEAVENLYLEMONY,"Feb. 16, 2012","Johnson, Richard T",,
85146922,REQUEST_FAILED,,,,,
85146935,deadAbandoned,PERENNIAL TECHNOLOGIES,"Jun. 25, 2012",Perennial Technologies,,
85146939,deadAbandoned,ALMA COMMUNICATIONS GROUP,"Jun. 18, 2012","Alma Communications Group, LLC",,
85146938,REQUEST_FAILED,,,,,
85147092,deadAbandoned,FSCC,"Mar. 27, 2012","Financial Service Centers Cooperative, Inc.",,mparker@fscc.com
85146953,deadAbandoned,MARY'S MIGHTY MUFFINS,"Feb. 14, 2012","Monoc, Marianne",,marymuscles@gmail.com
85147183,deadAbandoned,MOTORCYCLE WEEK DAYTONA BEACH,"Aug. 03, 2012",consolidated distributors inc,,
85147714,deadAbandoned,MPE+,"Feb. 18, 2012",AccessData Group LLC,,afields@accessdata.com
85147171,REQUEST_FAILED,,,,,
85147216,REQUEST_FAILED,,,,,
85147860,deadAbandoned,BE SAFE. BE BEAUTIFUL.,"Jun. 04, 2012","Farouk Systems, Inc.",,
85147862,deadAbandoned,BE SAFE. BE BEAUTIFUL.,"Jun. 04, 2012","Farouk Systems, Inc.",,
85147832,REQUEST_FAILED,,,,,
85148034,deadAbandoned,BAILA FITNESS,"Feb. 10, 2012","Price, Rachel",,bailafitness@hotmail.com
85148052,deadAbandoned,HALAL BURGER,"Aug. 30, 2012","Dag, Servet",,
85148060,deadAbandoned,XIRIUX,"Jun. 18, 2012",Mediamane Inc.,,
85148050,deadAbandoned,PLAY BALL DOGZ SODA POP GROG DO GROG DOGZ BALL POPP DOGZ THE NEW GENERATION SODA POPP DOGZ GROGDOGZ.COM,"Jun. 11, 2012","Infante, Gilbert",,
85148062,deadAbandoned,WHAT'S UP CUPCAKE?,"Jun. 18, 2012","George, Paige",,
85147899,REQUEST_FAILED,,,,,
85148069,deadAbandoned,A.N.N.A.,"Jun. 11, 2012",A.N.N.A. LLC,,
85148055,deadAbandoned,EDIBLE DELIGHTS,"Jun. 04, 2012",Edible Delights LLC,,
85148066,deadAbandoned,SKIP THE SMALL TALK,"Jan. 02, 2012","Falstad, Travis",,
85148087,deadAbandoned,HALLADELPHIA,"Apr. 16, 2012","Polak, Jordan",,
85148071,deadAbandoned,OCTAGON CRITICAL THINKING,"Jun. 18, 2012","Susan Hyland and Associates, LLC",,
85148065,REQUEST_FAILED,,,,,
85148112,deadAbandoned,GO GREEN LIVE THE DREAM,"Dec. 03, 2012","Duggal Energy Solutions, LLC",,
85148556,deadAbandoned,ARTOFFICIALFLAVOR,"Jun. 11, 2012","Moran, Evan",,ewm04@yahoo.com
85148488,REQUEST_FAILED,,,,,
85148509,REQUEST_FAILED,,,,,
85148571,REQUEST_FAILED,,,,,
85148989,deadAbandoned,ACCESS URGENT MEDICAL CARE,"Sep. 27, 2012","Ambulatory Care Affiliates, Ltd.",,pliapakis@acamanagement.com
85148982,deadAbandoned,JUM,"Apr. 13, 2012","Knapp, Tillmann W",,
85148867,REQUEST_FAILED,,,,,
85149018,deadAbandoned,GLASIZ,"Jun. 01, 2012","Andre, Jeremy",,
85149006,deadAbandoned,VICTORY OUTREACH MINISTRIES CHURCH,"Feb. 21, 2012",Victory Outreach Ministries Church,,Lusterwr@yahoo.com
85148949,REQUEST_FAILED,,,,,
85148991,REQUEST_FAILED,,,,,
85149124,deadAbandoned,ARCORDEUS,"Jul. 16, 2012",Taeos Evo Rameus,,evotaeos@hotmail.com
85149078,REQUEST_FAILED,,,,,
85149118,REQUEST_FAILED,,,,,
85149122,REQUEST_FAILED,,,,,
85149242,REQUEST_FAILED,,,,,
85149234,REQUEST_FAILED,,,,,
85149298,deadAbandoned,V.I.C. VERY IMPORTANT CAT,"Jan. 23, 2012","Gerber, Abbe",,
85149285,deadAbandoned,TRIDENT TECHNOLOGIES,"Feb. 21, 2012",Trident Technologies Corp.,,pyndaartur@hotmail.com
85149550,deadAbandoned,NEXUS LABS,"Feb. 04, 2012","NEXUS LAB, INC.",,kalico@duo-county.com
85149286,REQUEST_FAILED,,,,,
85149548,deadAbandoned,I-DESIGN COLLECTION,"Jul. 16, 2012",HAPPY FLOORS,,IMPORT@HAPPY-FLOORS.COM
85149361,REQUEST_FAILED,,,,,
85149565,REQUEST_FAILED,,,,,
85149577,REQUEST_FAILED,,,,,
85149709,REQUEST_FAILED,,,,,
85150179,deadAbandoned,GENTLEMEN'S TIE STAY,"Jun. 25, 2012","Sheals, William",,
85150204,deadAbandoned,BLUE OVAL AUTOMOTIVE INC,"Apr. 30, 2012","Ellorando, Nepthali",,
85150008,deadAbandoned,WORLD OF JACKPOTS,"Dec. 27, 2012",Ainsworth Game Technology,,amy.becker@ainsworth.com.au
85150212,deadAbandoned,ROCK N BODY,"Mar. 26, 2012",Rock N Body LLC,,
85150026,REQUEST_FAILED,,,,,
85150216,deadAbandoned,COMMERCIAL INVESTMENT EDUCATION ALLIANCE,"Aug. 27, 2012","Bozzi, Richard",,bozzi@kw.com
85150207,REQUEST_FAILED,,,,,
85150365,REQUEST_FAILED,,,,,
85150418,REQUEST_FAILED,,,,,
85150978,deadAbandoned,PROJECTOR SUPERSTORE,"Feb. 27, 2012","CCS Express, Inc.",,
85150842,REQUEST_FAILED,,,,,
85151086,REQUEST_FAILED,,,,,
85151200,deadAbandoned,HB GABACHOS,"Feb. 20, 2012","Ramsey, James",,
85151165,deadAbandoned,THE BIO-BURNER,"Jan. 29, 2012","Laskow Enterprises, Inc. (DBA: LEI Products)",,
85151223,deadAbandoned,COSYCOOL,"Jan. 26, 2012",CosyCool Limited,,ian@cosycool.co.uk
85151179,REQUEST_FAILED,,,,,
85151175,REQUEST_FAILED,,,,,
85151214,deadAbandoned,THE SAVVY,"Feb. 20, 2012","Stockton, Joseph",,
85151336,REQUEST_FAILED,,,,,
85151724,REQUEST_FAILED,,,,,
85152210,deadAbandoned,KINGJULERS,"Sep. 07, 2012","Kingjulers Investments, Inc.",,usianeneh@yahoo.com
85151883,REQUEST_FAILED,,,,,
85152239,deadAbandoned,MATCHA-TINI,"Dec. 24, 2012",BlissOut LLC,,
85152244,deadAbandoned,"LOOK GOOD, FEEL GOOD, HAVE GREAT SEX!","Mar. 01, 2012","PrimelifeMD, LLC",,
85152080,REQUEST_FAILED,,,,,
85152251,deadAbandoned,MERCURY SOLAR,"Feb. 21, 2012","Sparkman, Scott",,
85152280,deadAbandoned,AX BATTLES,"Feb. 27, 2012",Ax Battles LLC,,
85152393,deadAbandoned,AMBIO SPORTS,"Oct. 10, 2012",Jingyi Yan,,abbeylipman@sympatico.ca
85152261,REQUEST_FAILED,,,,,
85152758,deadAbandoned,DPOG,"Dec. 17, 2012","Ward/Kraft, Inc.",,rrussell@wardkraft.com
85152364,REQUEST_FAILED,,,,,
85152478,REQUEST_FAILED,,,,,
85152522,REQUEST_FAILED,,,,,
85153081,REQUEST_FAILED,,,,,
85153092,REQUEST_FAILED,,,,,
85153433,deadAbandoned,MAXIMIND THINK BETTER AND DESIGN,"Feb. 14, 2012",associated distributors onc,,
85153296,deadAbandoned,ULTRAZORB,"Jul. 02, 2012","Manzer, Randall",,
85153298,deadAbandoned,THE DREAMING STAR RANCH,"Jun. 11, 2012","DeVoll, Barbara",,
85153295,REQUEST_FAILED,,,,,
85153462,REQUEST_FAILED,,,,,
85153979,deadAbandoned,SEÑORA,"Jan. 30, 2012","VISION PHONE CARD DISTRIBUTORS, INC.",,
85153519,REQUEST_FAILED,,,,,
85153997,deadAbandoned,KEURIG VUE,"Jun. 18, 2012","Keurig, Incorporated",,
85154371,deadAbandoned,CHI CUISINE,"Dec. 31, 2012","Farouk Systems, Inc.",,
85153932,REQUEST_FAILED,,,,,
85154286,REQUEST_FAILED,,,,,
85154418,REQUEST_FAILED,,,,,
85154577,deadAbandoned,GROUP COMPUTING,"Apr. 12, 2012",Obscura Digital,,
85154558,REQUEST_FAILED,,,,,
85154759,REQUEST_FAILED,,,,,
85155379,deadAbandoned,ZOOYAN CLIQUE,"Jan. 02, 2012",ProCapital,,william@procapitalinvestors.com
85155372,REQUEST_FAILED,,,,,
85155382,REQUEST_FAILED,,,,,
85155560,deadAbandoned,LEGLAM,"Dec. 17, 2012","Poise, LLC",,tmregistered@gmail.com
85155523,deadAbandoned,OX,"Jul. 05, 2012",Ainsworth Game Technology,,Matthew.Loon@ainsworth.com.au
85155572,deadAbandoned,STRUCTURED PROJECT FINANCING,"Mar. 06, 2012",Jim Davis & Associates LLC,,jim@jimdavisassociates.com
85155608,deadAbandoned,GROM GEAR,"Feb. 17, 2012","Blauvelt, Dawn",,dkblauvelt@comcast.net
85155582,deadAbandoned,CROOKLIN,"Feb. 23, 2012","Rebozzi, Rick",,
85155821,deadAbandoned,WHISKY PICNIC FOR THE THIRSTY,"Aug. 27, 2012",Whisky Picnic Ltd,,nick@whiskypicnic.org
85155803,REQUEST_FAILED,,,,,
85156050,deadAbandoned,"REWARDS THAT MOTIVATE, NOT JUST COMPENSATE","Apr. 03, 2012","Taico Incentive Services, Inc",,adelea@taico.com
85156493,deadAbandoned,TEN FEET PRODUCTIONS,"Jan. 02, 2012",Alan Henderson,,alhen69157@aol.com
85155920,REQUEST_FAILED,,,,,
85156557,deadAbandoned,F S FOCUSSCAPE ANALYTICS,"Jul. 09, 2012",FocusScape Analytics LLC,,sales@focusscape.com
85156598,deadAbandoned,CHICK WISDOM,"Feb. 04, 2012","Bajar, Robelen",,robelen1@yahoo.com
85156617,deadAbandoned,EMPERADOR VODKA,"Jan. 02, 2012","Department 28, Inc",,
85156633,deadAbandoned,IGNITION3,"Jun. 18, 2012",IGNITON3 LLC,,
85156854,deadAbandoned,REVOLUTION - FASHION MODEL SYSTEM,"Jun. 18, 2012","Devlin-Sebbane, Amy",,sebbane@videotron.ca
85156884,deadAbandoned,SKYE,"Jun. 18, 2012","Devlin-Sebbane, Amy",,sebbane@videotron.ca
85156827,deadAbandoned,GFF,"Jun. 18, 2012","MPS Entertainment, LLC",,
85157048,REQUEST_FAILED,,,,,
85157391,deadAbandoned,NPROGRESS,"Jun. 04, 2012","nProgress, Inc.",,
85157454,deadAbandoned,A FREEDOM STRESS LIFESTYLE,"Dec. 03, 2012","WRIGHT, JASPER",,SANDY@LOVELACELAW.COM
85157633,deadAbandoned,SECURE DATA RECOVERY,"Aug. 24, 2012",World Acceptance Group Corp,,
85157575,REQUEST_FAILED,,,,,
85157630,deadAbandoned,PERFORMANCE COVER,"Jun. 25, 2012","Stevens, Michael",,
85157646,deadAbandoned,FUTURE HOME FASHIONS,"Mar. 05, 2012",Night Spa LLC,,
85157394,deadAbandoned,NPROGRESS,"Sep. 28, 2012","nProgress, Inc.",,
85157654,deadAbandoned,SMALL UP YUHSELF!,"Jun. 18, 2012","Smith, Robert",,
85157645,deadAbandoned,LOVE YO SELF,"Mar. 12, 2012","Dixon, Richard",,
85157641,deadAbandoned,EMPRESS VODKA,"Jan. 02, 2012","Department 28, Inc",,
85157769,deadAbandoned,SKINS,"Jul. 23, 2012",COMPANY PICTURES,,mark.pybus@companypictures.co.uk
85157834,REQUEST_FAILED,,,,,
85157888,REQUEST_FAILED,,,,,
85157931,deadAbandoned,LANVISN,"Jun. 18, 2012",IP UtiliNET,,dquinn@iputilinet.com
85158228,REQUEST_FAILED,,,,,
85158428,REQUEST_FAILED,,,,,
85158572,deadAbandoned,BOOT MATE,"Nov. 08, 2012",Poly-Gel L.L.C.,,
85158447,REQUEST_FAILED,,,,,
85158650,deadAbandoned,NOBLE CREST VODKA,"Jan. 02, 2012","Department 28, Inc",,
85158634,deadAbandoned,SKINN,"Feb. 04, 2012",Miranda Ball,,skinnmusic@gmail.com
85159056,deadAbandoned,BUTTERMILK FALLS,"Nov. 19, 2012","750 ML, LLC",,jcooper@domainedecanton.com
85158543,REQUEST_FAILED,,,,,
85159067,deadAbandoned,AGENT ORGANIC,"Jun. 04, 2012","750 ML, LLC",,jcooper@domainedecanton.com
85159137,deadAbandoned,CHAMP DE MARS,"Jun. 04, 2012","750 ML, LLC",,jcooper@domainedecanton.com
85159419,deadAbandoned,FAT TO SKINNY,"Jun. 18, 2012",Douglas B. Varrieur,,doug@varrieur.com
85159423,REQUEST_FAILED,,,,,
85159590,deadAbandoned,TRADINGOPTIMIZER UTILIZES SIGNIFICANT EVENT COMPRESSION,"Jan. 28, 2012","Focus on Life Enterprises, Inc.",,
85159720,REQUEST_FAILED,,,,,
85159758,REQUEST_FAILED,,,,,
85159924,deadAbandoned,DETROIT BRAND DT,"Mar. 12, 2012","Jenks, Nicholas R",,1nicholasjenks@gmail.com
85159864,REQUEST_FAILED,,,,,
85159892,REQUEST_FAILED,,,,,
85159897,REQUEST_FAILED,,,,,
85160248,REQUEST_FAILED,,,,,
85160296,REQUEST_FAILED,,,,,
85160255,REQUEST_FAILED,,,,,
85160783,deadAbandoned,WORLD OF JACKPOTS,"Dec. 05, 2012",Ainsworth Game Technology,,amy.becker@ainsworth.com.au
85160360,REQUEST_FAILED,,,,,
85160815,deadAbandoned,GOC,"Aug. 17, 2012",FASHION GIRLS S.A. DE C.V.,,gocmarcas@gmail.com
85160823,deadAbandoned,GOC,"Aug. 17, 2012",FASHION GIRLS S.A. DE C.V.,,gocmarcas@gmail.com
85160463,REQUEST_FAILED,,,,,
85160892,deadAbandoned,SMART LIFE,"Mar. 20, 2012","Yusem, Brian",,
85160899,deadAbandoned,BEAUTY SOLVED,"Jan. 30, 2012","Peninsula Beauty, Inc",,
85160909,deadAbandoned,KAGED ANIMALS,"Jul. 02, 2012","Samples, Scott",,
85160900,deadAbandoned,BARE BAR,"Feb. 20, 2012","Fresh is Fabulous, LLC",,
85161016,deadAbandoned,SMOKED HAM & CHEESE,"Jan. 16, 2012",Beach Street Hospitality LLC,,email@beachstreethospitality.com
85160885,deadAbandoned,SUPER XTRA,"Jun. 25, 2012",JGN Foods LLC,,
85160913,deadAbandoned,SKIT FARM,"Jan. 09, 2012","Martin, Damian",,
85161163,deadAbandoned,MUSIC OF YOUR LIFE,"Jun. 18, 2012","CARTER, JACQUIE",,musicofyourlife@gmail.com
85161115,deadAbandoned,IT'S AN EMERGENCY,"May 28, 2012",R Luu Pty Ltd,,
85161633,deadAbandoned,DUMPSTER SHOP,"Mar. 19, 2012",Arwood Waste Incorporated,,vaughn@jaxlandlaw.com
85161541,deadAbandoned,WISEGUY REHAB,"Nov. 12, 2012","Bravo, Aleco",,
85161242,REQUEST_FAILED,,,,,
85161603,REQUEST_FAILED,,,,,
85161653,REQUEST_FAILED,,,,,
85161998,deadAbandoned,DOMINATE THE GAME,"Jul. 02, 2012","Yonce, Dave",,
85162012,deadAbandoned,COLOR MATCH'UP,"Jan. 30, 2012","Robinson, Stuart",,
85161863,REQUEST_FAILED,,,,,
85161969,REQUEST_FAILED,,,,,
85162162,REQUEST_FAILED,,,,,
85162887,deadAbandoned,RAIN,"Mar. 01, 2012","Fuss & O'Neill Technologies, LLC",,gkenny@fandotech.com
85162457,REQUEST_FAILED,,,,,
85162745,REQUEST_FAILED,,,,,
85163177,deadAbandoned,CHOCOLATE GANACHE TRUFFLE SHOTS,"Aug. 30, 2012",Sherri Lee Athay,,sherriathay@msn.com
85163016,REQUEST_FAILED,,,,,
85163027,REQUEST_FAILED,,,,,
85163213,deadAbandoned,ROCKLEDGE PROPERTY GROUP,"Mar. 02, 2012","Watkins, Marc",,
85163214,deadAbandoned,SQUANTO'S SECRET FERTILIZER,"Jan. 16, 2012","TISQUANTUM FERTILIZER COMPANY, INC",,
85163217,deadAbandoned,WIZME,"Apr. 16, 2012",Wizly Technologies,,timdelaitre@gmail.com
85163222,deadAbandoned,WHISPERING WINDS HOSPICE HOME,"Jul. 02, 2012","Hospice of Southwest Oklahoma, Inc.",,
85163203,deadAbandoned,HEALTHY BODY NETWORK,"Jul. 02, 2012","Healthy Body Network, LLC",,
85163215,deadAbandoned,COMPLY AND WIN,"Jul. 23, 2012","Contractor Compliance Solutions, LLC",,
85163245,deadAbandoned,GET LEAN WITH AILEEN,"Feb. 23, 2012","Bren, Abraham",,
85163126,REQUEST_FAILED,,,,,
85163279,deadAbandoned,ZHOU HEI YA,"Feb. 13, 2012","HUBEI ZHOUHEIYA FOOD CO.,LTD",,usasndre@gmail.com
85163231,deadAbandoned,WINDVERTISING,"Oct. 12, 2012","Gotthelf, Philip",,
85163226,deadAbandoned,GREENSCRIPTS,"Aug. 08, 2012",Owens Family Trust,,kevin@mycalico.com
85163312,REQUEST_FAILED,,,,,
85163487,REQUEST_FAILED,,,,,
85163573,REQUEST_FAILED,,,,,
85164147,deadAbandoned,DIGITAL ENERGY SYSTEM,"Aug. 17, 2012",Bettiol Claudia,,Luca.Sorbello@uniroma2.it
85163858,REQUEST_FAILED,,,,,
85164012,REQUEST_FAILED,,,,,
85164172,REQUEST_FAILED,,,,,
85164360,deadAbandoned,LAZYSCOPE,"Jul. 02, 2012","Psolenoid, inc.",,
85164182,REQUEST_FAILED,,,,,
85164294,deadAbandoned,MIRACLE JOURNAL,"Mar. 12, 2012",aleco bravo,,
85164330,deadAbandoned,IRECRUIT,"Jun. 25, 2012","Smith, Jesse",,
85164523,deadAbandoned,INFINITY GRAND,"Jan. 09, 2012",Zychek George N,,gzychek@chrystechllc.com
85164517,REQUEST_FAILED,,,,,
85164973,deadAbandoned,ESFAIRA,"Dec. 03, 2012","Said, Francisco Javier",,fjsaid@gmail.com
85165455,deadAbandoned,TAGZ,"Mar. 10, 2012","Abboud, Mark",,
85165112,REQUEST_FAILED,,,,,
85165567,deadAbandoned,IGIVERECEIVE,"May 21, 2012","IGiveReceive, LLC",,igivereceive@gmail.com
85165463,REQUEST_FAILED,,,,,
85165507,REQUEST_FAILED,,,,,
85165769,deadAbandoned,WINDVERTISE,"Sep. 06, 2012","Gotthelf, Philip",,
85165775,deadAbandoned,KRAV-JITSU,"Jul. 30, 2012","Timm, Richard",,
85165696,REQUEST_FAILED,,,,,
85165704,REQUEST_FAILED,,,,,
85165782,deadAbandoned,SEXY HEALTHY TEA,"Jun. 18, 2012","Musselman, Stacy",,
85165780,REQUEST_FAILED,,,,,
85165950,REQUEST_FAILED,,,,,
85166099,REQUEST_FAILED,,,,,
85166732,deadAbandoned,ZOELJA BOY,"Sep. 21, 2012","TOUSSAINT, JAMES",,zoeljaboyentertainment@gmail.com
85166590,REQUEST_FAILED,,,,,
85166766,deadAbandoned,ANGLER'S CHOICE,"Sep. 03, 2012","Ofield Corporation, Inc.",,
85166830,deadAbandoned,VALERIA LIBERMAN,"Jan. 09, 2012",Valeria Liberman,,libermanvaleria@aol.com
85166638,REQUEST_FAILED,,,,,
85166661,REQUEST_FAILED,,,,,
85166738,REQUEST_FAILED,,,,,
85166993,REQUEST_FAILED,,,,,
85167389,deadAbandoned,SOUNDOFSLEEP,"Jan. 09, 2012","Adaptive Sound Technologies, Inc.",,upsto@asoundtech.com
85167428,deadAbandoned,SWKS,"Jun. 04, 2012",Richard Emard,,seth@yoursunworks.com
85167528,deadAbandoned,CAFE OZ,"Oct. 01, 2012",BSMK,,michaelkennedy@mooseparis.com
85167527,REQUEST_FAILED,,,,,
85167497,REQUEST_FAILED,,,,,
85167543,REQUEST_FAILED,,,,,
85167686,deadAbandoned,PURE PAGEANTRY,"Jan. 02, 2012","Hare, Dee",,
85167693,deadAbandoned,RIALTO,"May 13, 2012",SavaNet LLC,,eric.linder@savanet.net
85167618,REQUEST_FAILED,,,,,
85167722,deadAbandoned,HIV/AIDS MORNING AFTER TREATMENT,"Jul. 09, 2012","Moy, Marvin",,
85167689,deadAbandoned,THE NAT,"Mar. 26, 2012","Cerasoli, Bob",,
85167727,deadAbandoned,None,"Jan. 23, 2012","Gregoire, Maurice",,
85167650,REQUEST_FAILED,,,,,
85167687,REQUEST_FAILED,,,,,
85167757,REQUEST_FAILED,,,,,
85168071,deadAbandoned,ELITE ENERGIES,"Feb. 28, 2012",Elite Energies Inc,,johnnylo@eliteenergiesinc.com
85168510,deadAbandoned,XTM CONCEPT,"Jul. 09, 2012",GUTIERREZ JARDON DANIEL,,compras2@sabesa.com.mx
85168299,REQUEST_FAILED,,,,,
85168551,REQUEST_FAILED,,,,,
85168613,REQUEST_FAILED,,,,,
85168692,deadAbandoned,FLYING DRAGON,"Jul. 03, 2012","ZheJiang PiaoPiaoLong Technology Co., Ltd.",,zhanghonglu@inipa.com
85168742,deadAbandoned,FINENOTE,"Mar. 06, 2012",Fine Line Products Corp.,,
85168748,deadAbandoned,YUMMBURGER,"Mar. 19, 2012","Passas, Michael",,
85168753,deadAbandoned,HSE,"Jul. 02, 2012",Charlotte Center City Partners,,
85168658,REQUEST_FAILED,,,,,
85168756,deadAbandoned,"PAN AMERICAN ENERGY, LLC","Mar. 06, 2012","Mueller, Moshe",,
85168774,deadAbandoned,"HISTORIC SOUTH END CHARLOTTE, NC","Apr. 04, 2012",Charlotte Center City Partners,,
85168757,deadAbandoned,WORLD FABULOUS CARS FOR ONLY REAL DRIVERS,"Feb. 20, 2012","Marble, Jerome",,
85168678,REQUEST_FAILED,,,,,
85168777,deadAbandoned,H2O COCO,"Mar. 20, 2012","Napolitano, John",,
85168754,REQUEST_FAILED,,,,,
85168885,deadAbandoned,ROITELETS,"Mar. 22, 2012",KAI HUANG,,kwip66@gmail.com
85169052,deadAbandoned,None,"Mar. 05, 2012",GRUPO INDUSTRIAL MUYAAD S.A. DE C.V.,,connygw@yahoo.com.mx
85169185,deadAbandoned,HERBALMD,"Jan. 02, 2012",Gruppo Pegaso LLC,,rm@pegasusmergers.com
85168985,REQUEST_FAILED,,,,,
85169431,deadAbandoned,MYPODCAFÉ,"Aug. 20, 2012",VKI TECHNOLOGIES INC.,,
85169120,REQUEST_FAILED,,,,,
85169342,REQUEST_FAILED,,,,,
85169391,REQUEST_FAILED,,,,,
85169764,REQUEST_FAILED,,,,,
85169748,REQUEST_FAILED,,,,,
85169889,REQUEST_FAILED,,,,,
85170055,deadAbandoned,RENT·A·SHAFT RENT IT OWN IT PLAY IT BETTER,"Sep. 12, 2012","Wun, Aung",,awun@rentashaft.com
85170047,REQUEST_FAILED,,,,,
85170371,deadAbandoned,WI-FI RELATIVITY,"Feb. 01, 2012",WiFi Relativity,,
85170326,REQUEST_FAILED,,,,,
85170493,REQUEST_FAILED,,,,,
85170895,deadAbandoned,ORFOODEX,"Feb. 13, 2012",Organic Renaissance LLC,,bruce_kirk@organicrenaissance.net
85170946,deadAbandoned,CHINITA DE MIS AMORES,"Jan. 09, 2012","CARMONA TOXTLI, ALEJANDRO",,carmonatoxtli@gmail.com
85171032,REQUEST_FAILED,,,,,
85171112,deadAbandoned,SOBRIETY MACHINE,"Mar. 08, 2012","KDF Services, LLC",,
85171041,REQUEST_FAILED,,,,,
85171114,deadAbandoned,MOBILE MINUTE,"Jan. 30, 2012","Sanford, Kevin",,
85171118,REQUEST_FAILED,,,,,
85171120,REQUEST_FAILED,,,,,
85171311,deadAbandoned,CREAM & SUGAR CAFE,"Jul. 16, 2012","CREAM & SUGAR CAFÉ,",,badhmashi@aol.com
85171415,deadAbandoned,TREBOL MUSICAL,"Feb. 28, 2012","EDITORA MI CREDO, S.A. DE C.V.",,etorresmt@gmail.com
85171453,deadAbandoned,MADE IN SOCIAL LISTEN. ENGAGE. CONVERT,"Jun. 11, 2012","Mas Fusion Multimedia, S.C.",,mail@allioth.com
85171275,REQUEST_FAILED,,,,,
85171285,REQUEST_FAILED,,,,,
85171574,deadAbandoned,CERTO,"Mar. 12, 2012",Team Mad Incorporated,,Magicmalikye@gmail.com
85171939,deadAbandoned,MONTEJIMA,"Nov. 26, 2012","Montiel Novales, Miguel Angel",,
85171530,REQUEST_FAILED,,,,,
85171780,REQUEST_FAILED,,,,,
85172074,deadAbandoned,E-MOTION,"Jul. 09, 2012","VICKERTAINMENT, LTD.",,
85171949,REQUEST_FAILED,,,,,
85172096,deadAbandoned,DIGITAL LOCKET,"Feb. 21, 2012",ForAllTime LLC,,thomas@fredell.com
85172087,deadAbandoned,THE BEST OF SL MAGAZINE EN ESPAÑOL,"Mar. 14, 2012","Orrico de la Rosa, Dolores Alejandra",,
85172091,deadAbandoned,SUP PADDLEBOARD,"Mar. 14, 2012","Phillips, Michael",,
85172032,REQUEST_FAILED,,,,,
85172105,deadAbandoned,ROOMFEAST,"Feb. 20, 2012","Pappas, Emmanuel",,
85172318,REQUEST_FAILED,,,,,
85172330,REQUEST_FAILED,,,,,
85172739,deadAbandoned,CPA CELL PHONE ASSISTANT,"Feb. 06, 2012","Victoria Harbor Holdings, LLC",,
85172976,deadAbandoned,PRE-PAID COMPUTER SERVICE,"Jan. 19, 2012",Pre-Paid Computer Service,,contact@pre-paidcomputerservice.com
85172850,REQUEST_FAILED,,,,,
85173140,deadAbandoned,VACATIONFEAST,"Feb. 06, 2012",Kundalini Pictures LLC,,
85173138,deadAbandoned,SQUIRREL AWAY,"Apr. 02, 2012","White, Susan",,
85173049,REQUEST_FAILED,,,,,
85173060,REQUEST_FAILED,,,,,
85173129,REQUEST_FAILED,,,,,
85173142,REQUEST_FAILED,,,,,
85173512,REQUEST_FAILED,,,,,
85173751,REQUEST_FAILED,,,,,
85174087,deadAbandoned,ANGEL WHISPERS,"Jan. 02, 2012","Correia, Phyllis",,onionseedlifehugs@hotmail.com
85173906,REQUEST_FAILED,,,,,
85174140,deadAbandoned,BARLATES,"Nov. 19, 2012",be physique,,
85173926,REQUEST_FAILED,,,,,
85174160,REQUEST_FAILED,,,,,
85174165,REQUEST_FAILED,,,,,
85174399,REQUEST_FAILED,,,,,
85174421,REQUEST_FAILED,,,,,
85174493,REQUEST_FAILED,,,,,
85174690,REQUEST_FAILED,,,,,
85174804,REQUEST_FAILED,,,,,
85175038,deadAbandoned,HF DIGITAL INKJET TILE HD,"Jan. 09, 2012",HAPPY FLOORS,,IMPORT@HAPPY-FLOORS.COM
85174970,REQUEST_FAILED,,,,,
85175020,REQUEST_FAILED,,,,,
85175021,REQUEST_FAILED,,,,,
85175133,deadAbandoned,CITIZENS AGAINST NEGATIVE POLITICAL ADVERTISING,"Jul. 03, 2012","Adams, Ruth",,
85175154,deadAbandoned,TOTALOUTDOORS,"Jul. 09, 2012","Hudec, Richard",,
85175335,deadAbandoned,MY3KG,"Jul. 02, 2012","NewCardio, Inc.",,clandry@newcardio.com
85175197,deadAbandoned,"O'SULLIVAN'S ORIGINAL IRISH WHISKEY TRIPLE DISTILLED AND MATURED IN THE DINGLE PENINSULA, BY THE DINGLE WHISKEY COMPANY. 2010","Jul. 16, 2012",The Dingle Whiskey Company,,jerry@southbound.ie
85175333,REQUEST_FAILED,,,,,
85175349,deadAbandoned,MYBIP,"Aug. 06, 2012","NewCardio, Inc.",,clandry@newcardio.com
85175886,deadAbandoned,TURF DANCING,"Feb. 06, 2012",GABRAEL TRUTH EL,,gabraelel@gmail.com
85175468,REQUEST_FAILED,,,,,
85175736,REQUEST_FAILED,,,,,
85176152,deadAbandoned,IPEST,"Aug. 20, 2012",Russell IPM,,info@russellipm.com
85176047,REQUEST_FAILED,,,,,
85176311,deadAbandoned,LAYNES BURTON,"Jan. 03, 2012","Lai Van, Kim",,kim@australoo.com
85176217,REQUEST_FAILED,,,,,
85176350,deadAbandoned,VEGGIDEW,"Jan. 19, 2012","Huang, Jeane",,TMNOV2010@hotmail.com
85176380,deadAbandoned,VOICES OF HUMANITY,"May 21, 2012",Voices of Humanity,,
85176275,REQUEST_FAILED,,,,,
85176309,REQUEST_FAILED,,,,,
85176604,deadAbandoned,SPORTS FACTOR,"Jan. 09, 2012","Bostwick Laboratories, Inc.",,
85176612,deadAbandoned,SPORTS FACTOR,"Jan. 09, 2012","Bostwick Laboratories, Inc.",,
85176620,deadAbandoned,SPORTS FACTOR,"May 01, 2012","AMERICAN INTERNATIONAL BIOTECHNOLOGY, LLC",,
85176385,REQUEST_FAILED,,,,,
85176497,REQUEST_FAILED,,,,,
85177036,deadAbandoned,MUCHA BACHATA,"Mar. 30, 2012","Medina, Michael A.",,
85176924,REQUEST_FAILED,,,,,
85177381,deadAbandoned,VACATION NATION,"Jan. 02, 2012",George Tucker LLC.,,
85177388,deadAbandoned,TOUCHMENU,"Mar. 05, 2012",Grand Cru Technologies LLC,,nick@grandcrutech.com
85177405,deadAbandoned,DURTY NANCY,"Feb. 13, 2012","Borberg, Robert",,
85177427,deadAbandoned,FULL MOUNT,"Jan. 02, 2012","Guzman-Sanchez, Paul",,
85177268,REQUEST_FAILED,,,,,
85177278,REQUEST_FAILED,,,,,
85177281,REQUEST_FAILED,,,,,
85177428,deadAbandoned,LEVEL 9,"Jan. 09, 2012",Purple Peach Entertainment Pty Ltd,,
85177435,deadAbandoned,WASHY WASHY HAPPY HAPPY,"Jan. 02, 2012","Levash, Jacqueline",,
85177710,deadAbandoned,KITANDA OLE OLA,"Jun. 08, 2012","Vieira, Mauricio",,mmv@gruporrv.com
85177578,REQUEST_FAILED,,,,,
85177660,REQUEST_FAILED,,,,,
85177961,REQUEST_FAILED,,,,,
85177975,REQUEST_FAILED,,,,,
85178137,REQUEST_FAILED,,,,,
85178396,deadAbandoned,U T,"Jul. 09, 2012",Marc B. Edwards,,marcbedwards@yahoo.com
85178270,REQUEST_FAILED,,,,,
85178425,deadAbandoned,None,"Jul. 09, 2012",Marc B. Edwards,,marcbedwards@yahoo.com
85178321,REQUEST_FAILED,,,,,
85178476,deadAbandoned,BROOKLYN WITHOUT LIMITS,"Jan. 02, 2012","Don't Harsh My Mellow, LLC",,Jack@DontHarshMyMellow.com
85178546,deadAbandoned,ART-SHIRTS,"Apr. 25, 2012","Locke-Paddon, Sandra",,
85178563,deadAbandoned,EDVIR,"Jan. 02, 2012","NRS EVIR, LLC",,
85178566,deadAbandoned,UGETPAID,"Jan. 02, 2012","CORDO INNOVATIONS, LLC",,
85178511,REQUEST_FAILED,,,,,
85178584,deadAbandoned,VETERANS VOICE,"Jan. 09, 2012","Veterans of America, inc.",,info@veteransvoice.org
85178558,deadAbandoned,FASHION MADE SIMPLE,"Aug. 08, 2012","Chheda, Nainil",,
85178548,REQUEST_FAILED,,,,,
85178565,REQUEST_FAILED,,,,,
85178827,deadAbandoned,CULTOUR WORLD HERITAGE & CULTURAL TRAVEL FAIR,"Feb. 14, 2012",alvarez ramon,,ramon.alvarez@gsamark.com
85178675,REQUEST_FAILED,,,,,
85178904,REQUEST_FAILED,,,,,
85179051,REQUEST_FAILED,,,,,
85179545,deadAbandoned,YESUCAN,"Mar. 29, 2012","GOSHEN, BOB",,bob@bobgoshen.com
85179573,deadAbandoned,BURLESQUE,"Dec. 03, 2012",DESIGN WEST MODE PTY LTD,,
85179588,deadAbandoned,SWFTCARBN,"Jan. 02, 2012","XIAMEN ASON PRODUCTS CO., LTD",,
85179586,deadAbandoned,PAAAH!,"Oct. 02, 2012","Alves Candeias, Hugo Frederico",,hfcandeias@gmail.com
85179895,deadAbandoned,SNACKAGAWEA,"Jul. 09, 2012","Amegreen, LLC",,brad.salminen@gmail.com
85179937,REQUEST_FAILED,,,,,
85180443,REQUEST_FAILED,,,,,
85180627,deadAbandoned,EASY FIND SYSTEM,"May 15, 2012","LNL Building Products, LLC",,ROMASTAIRS@hotmail.com
85180469,deadAbandoned,IT'S NOT ABOUT YOU,"Jul. 16, 2012",MARC ANGELL,,mdangell@gmail.com
85180733,deadAbandoned,None,"Mar. 12, 2012",Jenks Nicholas R,,1nicholasjenks@gmail.com
85180647,deadAbandoned,ADD ON FASHION,"Sep. 24, 2012",I & O Investments Inc,,
85180634,REQUEST_FAILED,,,,,
85180667,deadAbandoned,DADDY FRESH GREENS,"Mar. 08, 2012","Jalayer, Kevin",,
85180864,REQUEST_FAILED,,,,,
85181477,deadAbandoned,VERSO,"Sep. 24, 2012",TEAM MAD,,MAGICMALIKYE@GMAIL.COM
85181487,REQUEST_FAILED,,,,,
85181752,deadAbandoned,ICE IGNITOR,"Mar. 27, 2012","National Sales & Supply, Inc",,
85181566,REQUEST_FAILED,,,,,
85181942,deadAbandoned,HIGH END LOW LIFES,"Aug. 13, 2012",Gigantic Richard LLC,,
85181943,deadAbandoned,H E L L,"Aug. 13, 2012",Gigantic Richard LLC,,
85181801,REQUEST_FAILED,,,,,
85181864,REQUEST_FAILED,,,,,
85181879,REQUEST_FAILED,,,,,
85182006,deadAbandoned,GAME,"Jan. 09, 2012","Rosado, Diego",,
85181948,REQUEST_FAILED,,,,,
85181952,REQUEST_FAILED,,,,,
85182021,deadAbandoned,JOHN ROMAIN,"Mar. 23, 2012","Stassi, Monica",,
85182023,deadAbandoned,THEFEELGOODFACTORY,"Jul. 30, 2012",Divine Industry Pty.Ltd.,,
85182007,REQUEST_FAILED,,,,,
85182018,REQUEST_FAILED,,,,,
85182027,REQUEST_FAILED,,,,,
85182160,REQUEST_FAILED,,,,,
85182173,REQUEST_FAILED,,,,,
85182582,REQUEST_FAILED,,,,,
85182981,deadAbandoned,ASSURE ASSUREMYLIFEINC,"Jan. 23, 2012","Assure My Life, Inc.",,kay@assuremylifeinc.com
85182742,REQUEST_FAILED,,,,,
85183044,deadAbandoned,MIGUELITO TIME TRAVELER,"Jul. 16, 2012","Global Games Entertainment, Inc.",,
85183058,deadAbandoned,AVATAR'S GUIDE,"Apr. 05, 2012",Panache Desai LLC,,
85182999,REQUEST_FAILED,,,,,
85183040,deadAbandoned,VARIGREEN,"Mar. 30, 2012",Kiltech,,
85183047,REQUEST_FAILED,,,,,
85183064,deadAbandoned,KUNGFU,"Apr. 09, 2012",Kungfu Catering Operation Inc,,
85183072,deadAbandoned,COUNTY SHOW,"Jan. 09, 2012",Stranger and Stranger Inc,,
85183062,deadAbandoned,SURGERA,"Jul. 23, 2012","Lee, Edwin",,
85183076,deadAbandoned,PRESSTEURIZED,"Jul. 23, 2012","Fresh Matters, LLC",,
85183304,deadAbandoned,CHARMÉS,"Mar. 01, 2012",I VI COMPANY LIMITED,,vudn@ivivendi.com
85183173,deadAbandoned,PRACTICOM,"Jun. 25, 2012","Practice Communications, Inc.",,
85183079,deadAbandoned,TRUE SUN SIGN,"Jan. 17, 2012","Chang, Jason",,
85183073,REQUEST_FAILED,,,,,
85183624,deadAbandoned,SPRAWL TOWN,"Jul. 09, 2012",Julie Wheaton,,julie@juliewheaton.com
85183792,deadAbandoned,SHANAIL,"Jan. 09, 2012","Shanail, LLC",,shanail.llc@gmail.com
85183997,deadAbandoned,BONITA'S MIXES,"Jul. 10, 2012","Bonita's Mixes, LLC",,
85183463,REQUEST_FAILED,,,,,
85183758,REQUEST_FAILED,,,,,
85184010,deadAbandoned,ALLIED SPORTS CARS,"Jan. 23, 2012",LE MENESTREL CHARLES L,,chlemenestrel@aol.com
85183782,REQUEST_FAILED,,,,,
85183945,REQUEST_FAILED,,,,,
85184250,deadAbandoned,EDBANZ,"Jan. 09, 2012","Invictus, Inc.",,
85184278,deadAbandoned,MYVIRTUALBACKOFFICE,"Mar. 30, 2012","HLB Gross Collins, P.C.",,
85184144,REQUEST_FAILED,,,,,
85184266,deadAbandoned,AAPKISAVINGS.COM,"Jan. 09, 2012",iModern Systems Inc.,,
85184290,deadAbandoned,FREE SOLAR,"Mar. 28, 2012",Sunray Solar Inc.,,
85184307,deadAbandoned,CALI PURP,"May 01, 2012","Luna, Refuigo",,
85184293,deadAbandoned,GRAHAMINALS,"Jan. 23, 2012","Lee, Alyssa",,
85184302,deadAbandoned,JUNKIE,"Mar. 12, 2012","Brock, Kevin",,
85184320,deadAbandoned,MAGNETIC WATER,"Sep. 28, 2012","Bengtsson, Lars",,
85184308,deadAbandoned,SILVERTON CARD SERVICES,"Apr. 04, 2012",BV Card Assets,,
85184294,REQUEST_FAILED,,,,,
85184325,deadAbandoned,LAB LIFE'S A BEAN,"Aug. 06, 2012",Life's A Bean,,leahrochelle123@yahoo.com
85184313,deadAbandoned,KALI PURP,"May 01, 2012","Luna, Refuigo",,
85184305,REQUEST_FAILED,,,,,
85184310,deadAbandoned,REAL CARD SERVICES,"Aug. 06, 2012",BV Card Assets,,
85184584,deadAbandoned,EL DORADO,"Jan. 09, 2012",SELIM TORRES SAGASTEGUI,,etorresmt@gmail.com
85184687,deadAbandoned,CROSSBAR,"Jan. 09, 2012","Magjic Brands, Inc.",,
85184336,REQUEST_FAILED,,,,,
85184750,deadAbandoned,M MIGUELITO TIME TRAVELER,"Jul. 16, 2012","Global Games Entertainment, Inc.",,
85184644,REQUEST_FAILED,,,,,
85184688,REQUEST_FAILED,,,,,
85185083,deadAbandoned,WATER WOBBLERS,"Feb. 20, 2012","North American Thought Combine, Inc.",,natcombine@aol.com
85185235,deadAbandoned,INNOCUTIS,"Mar. 19, 2012",Innocutis Medical,,
85185215,deadAbandoned,AVAIL,"May 02, 2012","EVERGREEN BIO-MEDICAL TECHNOLOGY CO., LTD.",,info.info168@gmail.com
85185219,deadAbandoned,None,"Jul. 16, 2012","SIMON BUSINESS CONSULTING (TIANJIN) CO., LTD.",,info.info168@gmail.com
85185005,REQUEST_FAILED,,,,,
85185255,deadAbandoned,FABLAB,"Jun. 20, 2012","FableVision, Inc.",,
85185253,deadAbandoned,HOUSETIPPER,"Jan. 16, 2012",HouseTipper LLC,,
85185254,deadAbandoned,MEDI-CUFF-N-PUFF,"Jan. 16, 2012","Hubbs, Stephen",,
85185223,deadAbandoned,PROCIZE,"Mar. 27, 2012",Innocutis Medical,,
85185259,deadAbandoned,"GET IT,DRINK IT, BRING IT!","Mar. 12, 2012","Local Natural Foods, Inc.",,
85185277,deadAbandoned,HARLEM-MANIA,"Mar. 12, 2012","Watson, Bertram",,
85185249,deadAbandoned,SABERTOOTH,"Jan. 06, 2012","Kim, lawrence",,
85185283,deadAbandoned,SENIORSAFE SOLUTIONS,"Apr. 05, 2012","SeniorSafe Solutions, LLC",,
85185243,REQUEST_FAILED,,,,,
85185416,deadAbandoned,PRO-GREEN TEAM,"Apr. 04, 2012","RWK Services, Inc.",,tom.lesiczka@rwkservices.com
85185270,REQUEST_FAILED,,,,,
85185327,REQUEST_FAILED,,,,,
85185383,REQUEST_FAILED,,,,,
85185598,deadAbandoned,OLD PIECE NEW PEACE,"Feb. 20, 2012",Hinman Pamela,,
85185461,REQUEST_FAILED,,,,,
85185605,deadAbandoned,THE ROYAL SCAM,"Jan. 09, 2012","Ahmad, Yusuf",,
85185545,REQUEST_FAILED,,,,,
85185704,REQUEST_FAILED,,,,,
85185715,deadAbandoned,AXIMPRO,"Jan. 16, 2012",Aximpro GmbH,,aried@aximpro.com
85185764,deadAbandoned,THE NEW BASICS,"Apr. 16, 2012","Joe Verde Sales & Management Training, Inc.",,susy@joeverde.com
85185841,deadAbandoned,AUTHENTIC LUXURY GOODS,"Mar. 19, 2012","Blackburn, Carlos",,
85185799,deadAbandoned,ROLOSNIP,"Jan. 09, 2012","Mule Tool Company, LLC",,myersiplaw@yahoo.com
85185748,REQUEST_FAILED,,,,,
85185873,deadAbandoned,HIGHER FASTER STRONGER,"Jan. 09, 2012","Dey, Chris",,
85185916,deadAbandoned,24 HR. EMERGENCY SERVICE WATER & FIRE/SMOKE DAMAGE VITAL RESTORATION 9-1-1 650-8-RESTORE,"Jun. 04, 2012",Sal Vitalie,,
85185815,REQUEST_FAILED,,,,,
85186166,deadAbandoned,SEASCAPES,"Jan. 09, 2012","Shannon Sales, Inc.",,kevins@shannonsale.com
85186108,REQUEST_FAILED,,,,,
85186122,REQUEST_FAILED,,,,,
85186563,deadAbandoned,BRILLIANCE DESTINED TO HAPPEN,"Jan. 09, 2012","Diamonds BDH, LLC",,dpurcell01@yahoo.com
85186594,deadAbandoned,DOGGIE BEER BONES,"Sep. 06, 2012","Crane, David, D.",,candace@craftbeerattorney.com
85186482,REQUEST_FAILED,,,,,
85186533,REQUEST_FAILED,,,,,
85186585,REQUEST_FAILED,,,,,
85186822,deadAbandoned,None,"Jan. 16, 2012","McGhee, Byron",,
85186830,deadAbandoned,BE STRONG TAKE HEART,"Jan. 09, 2012","Lynn, J.C.",,
85186701,REQUEST_FAILED,,,,,
85186828,deadAbandoned,JUNIIOR,"Jan. 09, 2012",Purple Peach Entertainment Pty Ltd,,
85186844,deadAbandoned,BRAGADE,"Jan. 09, 2012","Palumbo, Vincenzo",,
85186798,REQUEST_FAILED,,,,,
85186824,REQUEST_FAILED,,,,,
85186864,deadAbandoned,FEET HEATERS,"Apr. 11, 2012",Socks World International Ltd.,,Rose@socksworld.co.uk
85186845,REQUEST_FAILED,,,,,
85187547,deadAbandoned,FIJI SORBET,"Apr. 11, 2012","Anapolle, Ross",,
85187199,REQUEST_FAILED,,,,,
85187446,REQUEST_FAILED,,,,,
85187821,deadAbandoned,BABY AND THE BEAST,"Jul. 30, 2012","Farnsworth, mary jane",,
85187651,REQUEST_FAILED,,,,,
85187687,REQUEST_FAILED,,,,,
85187866,deadAbandoned,THINKBANK,"Feb. 20, 2012","Bildner, Ari",,
85187781,REQUEST_FAILED,,,,,
85187870,deadAbandoned,CHOOSE RIGHT LIVE RIGHT,"Jul. 16, 2012","Lexar Homes, LLC",,
85187883,deadAbandoned,FINELUXURYLINE.COM,"Apr. 28, 2012","Ahmed, Alhamdy",,
85188030,deadAbandoned,P PINCHANDRA PURPLE,"Mar. 16, 2012","Chandratat, M.L. Chandchutha and NaAyudhya, Sakolwan Chandratat",,iketuck@truemail.co.th
85187878,REQUEST_FAILED,,,,,
85188121,deadAbandoned,P PINCHANDRA,"Mar. 16, 2012","Chandratat, M.L. Chandchutha",,iketuck@truemail.co.th
85187886,REQUEST_FAILED,,,,,
85188009,REQUEST_FAILED,,,,,
85188043,REQUEST_FAILED,,,,,
85188234,REQUEST_FAILED,,,,,
85188606,deadAbandoned,GREG WILD,"Jan. 16, 2012",Gregory Scott Thomas,,ALargeWolf@aol.com
85188476,REQUEST_FAILED,,,,,
85188844,deadAbandoned,None,"Feb. 06, 2012",Pearls 4 Girls LLC,,
85188738,REQUEST_FAILED,,,,,
85188678,REQUEST_FAILED,,,,,
85188825,REQUEST_FAILED,,,,,
85188840,REQUEST_FAILED,,,,,
85189099,REQUEST_FAILED,,,,,
85189134,REQUEST_FAILED,,,,,
85189177,REQUEST_FAILED,,,,,
85189705,deadAbandoned,NFOL,"Jan. 23, 2012","Kodiak Kenai Cable Company, LLC",,
85189707,deadAbandoned,NORTHERN FIBER OPTIC LINK,"Jul. 23, 2012","Kodiak Kenai Cable Company, LLC",,
85189827,deadAbandoned,STAGE HYALINE OF THE WORLD,"Jan. 16, 2012","LO, Chih Hsiang",,richardchen@songjiang.com.tw
85189725,REQUEST_FAILED,,,,,
85189831,deadAbandoned,CC,"Jan. 16, 2012","LO, Chih Hsiang",,richardchen@songjiang.com.tw
85189884,deadAbandoned,CHILLY DOG,"Jan. 09, 2012","Lanter, Andrew",,
85189774,REQUEST_FAILED,,,,,
85189864,deadAbandoned,NSHAPZ,"Feb. 20, 2012","Childers, Mishawn",,
85189858,REQUEST_FAILED,,,,,
85189863,REQUEST_FAILED,,,,,
85190285,deadAbandoned,FLIPFLOPHUB FLIPFLOPHUB,"Feb. 13, 2012","Borlja, Ziva",,zivaborlja@gmail.com
85190393,deadAbandoned,LUNA AIR FOR LIFE,"Nov. 03, 2012","Luna US, LLC",,
85190213,deadAbandoned,MEMBERPOINT,"Mar. 27, 2012",Memberpoint LLC,,inquiry@memberpoint.com
85190333,deadAbandoned,BLUDGENED STRAWBERRY,"Aug. 20, 2012","750 ML, LLC",,jcooper@domainedecanton.com
85190544,deadAbandoned,SITTER PALS,"Jan. 30, 2012",Sitter Pals LLC,,amanda@sitterpals.com
85190422,REQUEST_FAILED,,,,,
85190508,REQUEST_FAILED,,,,,
85190707,deadAbandoned,MLM STALKER,"Feb. 06, 2012","Serritella, Donna Marie",,
85190709,deadAbandoned,ZEV VODKA,"Jan. 30, 2012","Zev, LLC",,
85190712,deadAbandoned,LEAF CORRAL,"Mar. 30, 2012","ABROMAITIS, DAVID",,
85190708,deadAbandoned,LAS CASITAS,"Apr. 24, 2012","Local Natural Foods, Inc",,
85190647,REQUEST_FAILED,,,,,
85190650,REQUEST_FAILED,,,,,
85190716,deadAbandoned,CHIATHLETE,"Apr. 12, 2012","Matalon, Joel",,
85190714,deadAbandoned,LAW COUNSEL PROFESSIONAL STAFFING SOLUTIONS,"Apr. 10, 2012","Carter, Lange",,
85190692,REQUEST_FAILED,,,,,
85190861,deadAbandoned,DOGGIEVISION,"Jan. 16, 2012",Interactive Pet Solutions Corporation,,jwilkinson@doggievision.com
85190893,deadAbandoned,ABSOLUTION,"Jul. 30, 2012","ImmuneSoft, LLC.",,oknight@immunesoft.com
85190890,REQUEST_FAILED,,,,,
85190916,deadAbandoned,'D,"Feb. 07, 2012","Resorb Networks, Inc.",,root@resorb.net
85190902,REQUEST_FAILED,,,,,
85191031,REQUEST_FAILED,,,,,
85191140,REQUEST_FAILED,,,,,
85191312,deadAbandoned,BEESPHERE,"Mar. 19, 2012","BeeSphere, Inc.",,mlo@beesphere.com
85191254,REQUEST_FAILED,,,,,
85191287,REQUEST_FAILED,,,,,
85191405,deadAbandoned,BRAIN INNOVATIONS,"Feb. 27, 2012","Brain Innovations TMS Centers, Inc.",,cynthia@braininnovationstms.com
85191718,deadAbandoned,TVAPRENDE,"Jan. 16, 2012",Tvaprende LLC,,em@tvaprende.com
85191787,deadAbandoned,DAYTONA BEACH BIKE WEEK,"Sep. 15, 2012",consolidated distributors inc,,
85191823,deadAbandoned,MEGA WEIGH,"Feb. 03, 2012","Mega Weigh, Inc",,charlshuai@gmail.com
85191837,deadAbandoned,AMERICAN NOODLE BAR,"Apr. 20, 2012","Culinary Republic, LLC",,
85191840,deadAbandoned,FLOET-ENT,"Jan. 23, 2012","Dorssaint, Samson",,
85191708,REQUEST_FAILED,,,,,
85191930,deadAbandoned,NAV NANNY,"Feb. 29, 2012","McCusker, Gary",,gary.mccusker@yahoo.com
85191857,deadAbandoned,TRINKY,"Jan. 14, 2012",TRINKEE SAS,,
85191833,REQUEST_FAILED,,,,,
85192014,REQUEST_FAILED,,,,,
85192162,REQUEST_FAILED,,,,,
85192781,deadAbandoned,GALAXY,"Mar. 29, 2012","Joy Life International USA, Inc.",,
85192749,deadAbandoned,LATIMER LIGHTING,"Mar. 23, 2012",Marc Harris,,m.harris@latimerlighting.com
85192767,deadAbandoned,PICTURESMARKET,"Mar. 13, 2012","RUSSELL, ALBERT",,albertruss@gmail.com
85192782,deadAbandoned,WRIGHT SELECT ALL THINGS AUTOMOTIVE,"Apr. 11, 2012","Wright Motors, Inc.",,
85192780,deadAbandoned,JELLY AND THE DONUTS,"Mar. 26, 2012",Elyse Schneiderman,,Potomacc@aol.com
85192819,deadAbandoned,COINCIDATE,"Jan. 16, 2012","chang,jason",,
85192791,deadAbandoned,None,"Jan. 02, 2012","Haus, Phil",,
85192825,deadAbandoned,"WIL, DO NOT LET THE CIRCUMSTANCES IN LIFE DEFEAT YOU ,WIN IN LIFE","Jan. 16, 2012","Mims, William",,
85192725,REQUEST_FAILED,,,,,
85192751,REQUEST_FAILED,,,,,
85193032,deadAbandoned,WORKERS AND FRIENDS,"Jan. 23, 2012",Kimberly W. Luftman,,kwarmbold@gmail.com
85192823,REQUEST_FAILED,,,,,
85192889,REQUEST_FAILED,,,,,
85193053,REQUEST_FAILED,,,,,
85193772,deadAbandoned,POCAHONTAS SECRET,"Jan. 23, 2012","Willhite, Kimberly",,
85193454,REQUEST_FAILED,,,,,
85193842,REQUEST_FAILED,,,,,
85193901,REQUEST_FAILED,,,,,
85194080,REQUEST_FAILED,,,,,
85194540,deadAbandoned,RELATE,"Jan. 16, 2012",WRM Corp.,,
85194304,REQUEST_FAILED,,,,,
85194691,deadAbandoned,FINAL TOUCH,"Jan. 23, 2012","Talkington, Bobby",,lauren@lvpsolutions.com
85194737,deadAbandoned,SOLIYA,"Feb. 13, 2012",Soliya Natural Skincare,,jendrina@gmail.com
85194478,REQUEST_FAILED,,,,,
85194763,deadAbandoned,BACKPAT,"Jul. 23, 2012","Crush Republic, LLC",,
85194733,deadAbandoned,SWITCH-IT,"Nov. 08, 2012","PANELVISION, LLC",,
85194756,deadAbandoned,MYREWARDS ACCOUNT,"Mar. 23, 2012","First State Banking Corporation, Russellville Arkansas",,
85194770,deadAbandoned,JAZZ ON THE CHESAPEAKE,"Mar. 23, 2012","Chesapeake Chamber Music, Inc.",,
85194765,deadAbandoned,SHOP BY MOOD,"Jan. 23, 2012","Daniels, Harvey",,
85194727,REQUEST_FAILED,,,,,
85195089,deadAbandoned,GOLAN THE HEIGHT OF GOOD TASTE,"Mar. 02, 2012",lsg world wicde llc,,
85194904,REQUEST_FAILED,,,,,
85195090,REQUEST_FAILED,,,,,
85195799,deadAbandoned,PINCHE GRINGOS,"Aug. 27, 2012","Willis,Paul",,
85195805,deadAbandoned,ECO RADIANCE,"Jan. 16, 2012",Palm Coast IMports,,
85195794,deadAbandoned,WE BRING THE SHOWROOM TO YOU,"Jan. 23, 2012",Two Poor Teachers,,
85195772,REQUEST_FAILED,,,,,
85195808,deadAbandoned,DURA-SHARP,"Jan. 23, 2012",G.M.I. INTERNATIONAL LIMITED,,
85195817,deadAbandoned,ONCLOUD,"Apr. 09, 2012",GreeneStep LLC,,
85195819,deadAbandoned,THE NEW SMALL,"Apr. 26, 2012","Simon, Phil",,
85195781,REQUEST_FAILED,,,,,
85195784,REQUEST_FAILED,,,,,
85195820,deadAbandoned,MINUS20,"Jul. 30, 2012","Nelson, Tim",,
85195938,deadAbandoned,COMPCHARTS,"Jan. 23, 2012","Peddada, Ram R",,ismsllc@gmail.com
85195826,deadAbandoned,WE GROW SHARE,"Jan. 23, 2012",Dynamic Revenue Management Ltd.,,
85196031,deadAbandoned,EXPLORE TO,"Jan. 23, 2012",Explore To LLC,,
85195968,REQUEST_FAILED,,,,,
85195981,REQUEST_FAILED,,,,,
85196091,deadAbandoned,CHEF IN A BOTTLE,"Jan. 23, 2012",rawson john b,,jr1787@hotmail.com
85196036,REQUEST_FAILED,,,,,
85196093,deadAbandoned,WEDLOCK,"Mar. 19, 2012","Judkins, Renae",,
85196044,REQUEST_FAILED,,,,,
85196301,deadAbandoned,ONLY FOR,"Jan. 23, 2012","GMSC, LLC",,morris.bouganim@soficlassic.com
85196080,REQUEST_FAILED,,,,,
85196453,deadAbandoned,CORE VALUES,"Jul. 23, 2012","Home Entertainment Distributors, Inc.",,devon.decarlo@insurersworld.com
85196524,deadAbandoned,THE OFFICE EFFECT,"Mar. 19, 2012","CMC FITNESS SOLUTIONS, LLC",,moffie@mac.com
85196600,deadAbandoned,FEEL IT. FIND IT. FIX IT,"Jan. 23, 2012","CMC FITNESS SOLUTIONS, LLC",,moffie@mac.com
85196425,REQUEST_FAILED,,,,,
85196582,deadAbandoned,CMC FITNESS SOLUTIONS,"Mar. 19, 2012","CMC FITNESS SOLUTIONS, LLC",,moffie@mac.com
85196840,REQUEST_FAILED,,,,,
85196986,deadAbandoned,BUILD A BOX WORKSHOP,"Jun. 07, 2012",Xcessory International,,xcessory@hotmail.com
85197002,deadAbandoned,"FRH, LLC","Feb. 06, 2012","Ganim, Lauren",,
85197011,deadAbandoned,ARTSQUEEN,"Apr. 09, 2012","QING, CHEN",,ketaimark@gmail.com
85197026,deadAbandoned,IPARTY PRODUCTIONS,"Apr. 12, 2012","Valencia Luque, Jack",,
85197028,deadAbandoned,GYMFACE,"Feb. 06, 2012",Gymface LLC,,
85197024,deadAbandoned,ECODESIAC,"Jan. 23, 2012","Trellis, Alan",,
85197043,deadAbandoned,ECO FAB,"Jul. 24, 2012",Eco Fab Stores Inc,,
85197003,REQUEST_FAILED,,,,,
85197057,deadAbandoned,BENEFIT BROKERS,"Apr. 10, 2012",Benefit Brokers LLC,,kevin@benefitbrokersllc.com
85197027,REQUEST_FAILED,,,,,
85197061,deadAbandoned,TEAM THINK STRONG,"Feb. 03, 2012",Team THINK STRONG LLC,,
85197030,deadAbandoned,PUBLIC COMPUTING,"May 02, 2012","Obscura Digital, Inc",,
85197033,deadAbandoned,GYMFACE WWW.GYMFACE.COM,"Feb. 06, 2012",Gymface LLC,,
85197261,deadAbandoned,PETLIFE,"Oct. 11, 2012",Olympus Media Partners,,info@olympusmediapartners.com
85197124,REQUEST_FAILED,,,,,
85197209,REQUEST_FAILED,,,,,
85197333,REQUEST_FAILED,,,,,
85197734,REQUEST_FAILED,,,,,
85197805,REQUEST_FAILED,,,,,
85198010,deadAbandoned,CAPTURE,"Jul. 30, 2012","InfoBase Publishers, Inc.",,
85197986,deadAbandoned,MIAMI UNDER GROUND,"Apr. 27, 2012",Southeast Ventures Inc.,,
85198013,deadAbandoned,BUD BUDDY,"Jun. 26, 2012","Bud Brothers Inc.,",,
85198017,deadAbandoned,QPHONE,"Apr. 02, 2012",TENCENT HOLDINGS LIMITED,,info.info168@gmail.com
85198021,deadAbandoned,QQ INSIDE,"Jun. 14, 2012",TENCENT HOLDINGS LIMITED,,info.info168@gmail.com
85197967,REQUEST_FAILED,,,,,
85197972,REQUEST_FAILED,,,,,
85198011,deadAbandoned,VONZEP,"Feb. 06, 2012","Uchida, Tak",,
85198019,deadAbandoned,QQ INSIDE,"May 24, 2012",TENCENT HOLDINGS LIMITED,,info.info168@gmail.com
85198033,REQUEST_FAILED,,,,,
85198177,REQUEST_FAILED,,,,,
85198260,REQUEST_FAILED,,,,,
85198442,deadAbandoned,PLANT MESH,"Jan. 24, 2012",Wingtip LLC,,lclaussen@wingtipllc.com
85198313,REQUEST_FAILED,,,,,
85198351,REQUEST_FAILED,,,,,
85198575,REQUEST_FAILED,,,,,
85198606,REQUEST_FAILED,,,,,
85198636,REQUEST_FAILED,,,,,
85198876,deadAbandoned,IMERCHANT,"May 20, 2012",Grows On Trees,,customersales@imerchant.com
85199072,deadAbandoned,DUOPOWER,"Jun. 18, 2012",AFT Research Limited,,mail@ajpietras.com
85199099,deadAbandoned,SILVANA,"Mar. 06, 2012",C.O.R.E.X. S.P.A. S.S.,,COREXSPA@hotmail.com
85199070,deadAbandoned,GO GRANDERS,"Oct. 25, 2012",Go Granders Limited,,peterdoogue@xtra.co.nz
85199105,deadAbandoned,LENA,"Mar. 06, 2012",C.O.R.E.X. S.P.A. S.S.,,COREXSPA@hotmail.com
85199100,deadAbandoned,DORA,"Feb. 27, 2012",C.O.R.E.X. S.P.A. S.S.,,COREXSPA@hotmail.com
85199115,deadAbandoned,MARINA,"May 04, 2012",C.O.R.E.X. S.P.A. S.S.,,COREXSPA@hotmail.com
85198954,REQUEST_FAILED,,,,,
85199123,deadAbandoned,CITIZENS HELPLINE,"Feb. 06, 2012","STALEX HOLDINGS, LLC",,stalexholdings@hotmail.com
85199045,REQUEST_FAILED,,,,,
85199098,REQUEST_FAILED,,,,,
85199126,deadAbandoned,THUNDERKATS,"Apr. 12, 2012","Candella, Michael",,
85199155,deadAbandoned,FONTANA,"Feb. 06, 2012",Fast-Pak Trading Inc.,,
85199116,REQUEST_FAILED,,,,,
85199152,deadAbandoned,GREENZENBAMBOO,"Mar. 05, 2012","EcoLuxe Junction, LLC",,
85199150,REQUEST_FAILED,,,,,
85199156,REQUEST_FAILED,,,,,
85199161,REQUEST_FAILED,,,,,
85199324,REQUEST_FAILED,,,,,
85199421,deadAbandoned,THE ULTIMATE SINGER,"Mar. 19, 2012","Krishna Care, Ltd.",,ks2007narendra@yahoo.co.uk
85199362,REQUEST_FAILED,,,,,
85199415,REQUEST_FAILED,,,,,
85199855,deadAbandoned,"PREMIUM FINANCING. SIMPLE, SWIFT AND SURE.","Feb. 06, 2012","Swift Estate Capital, LLC",,
85199480,REQUEST_FAILED,,,,,
85199853,deadAbandoned,SWIFT ESTATE CAPITAL,"Feb. 06, 2012","Swift Estate Capital, LLC",,
85199844,REQUEST_FAILED,,,,,
85199906,REQUEST_FAILED,,,,,
85200207,deadAbandoned,PATAPAR,"Jan. 23, 2012","Walsh,George",,
85200191,deadAbandoned,ROLLING RACERS,"Feb. 06, 2012",SMART CHRISTMAS SOLUTIONS LIMITED,,RakeshD@SChristmas.com
85200081,REQUEST_FAILED,,,,,
85200209,deadAbandoned,MOXLEY SPORT,"Aug. 06, 2012","Frautnick, Heather",,
85200210,deadAbandoned,OUTRO,"Jan. 23, 2012","Kim,Kyunghyun",,
85200494,REQUEST_FAILED,,,,,
85201033,deadAbandoned,GENERGYCONSULTING,"Sep. 26, 2012","Ghozlani, Khalid",,Ghozlani@GEConsulting.biz
85201044,REQUEST_FAILED,,,,,
85201041,REQUEST_FAILED,,,,,
85201182,deadAbandoned,RETAIL RELATIONSHIP MANAGEMENT,"Apr. 19, 2012","Andrews, Scott",,
85201221,REQUEST_FAILED,,,,,
85201386,deadAbandoned,BOSOMS & BOOTIES BB,"Dec. 03, 2012",Julie L Fine,,juliefine@gmail.com
85201453,deadAbandoned,TUILES DE MÉTAL CLIP&STICK METAL TILES,"Apr. 11, 2012",INOXIA INC.,,USTM.CL1500@GMAIL.COM
85201287,REQUEST_FAILED,,,,,
85201291,REQUEST_FAILED,,,,,
85201290,REQUEST_FAILED,,,,,
85201669,deadAbandoned,"BULL RUN FAMILY PRACTICE, P.C.","Apr. 05, 2012","DeRosa, Gary A.",,mjhinkle@novanthealth.org
85201625,REQUEST_FAILED,,,,,
85201768,REQUEST_FAILED,,,,,
85201734,REQUEST_FAILED,,,,,
85201906,REQUEST_FAILED,,,,,
85201882,REQUEST_FAILED,,,,,
85202142,REQUEST_FAILED,,,,,
85202360,deadAbandoned,None,"Feb. 06, 2012","V.P. Footwear, Inc.",,tmregistered@gmail.com
85202367,deadAbandoned,POINTLINEPOLY,"Jan. 30, 2012","Sacon, Eric",,
85202372,deadAbandoned,RXCELLENCE,"Jul. 23, 2012","CPharm.D. Consultant Services, LLC",,
85202257,REQUEST_FAILED,,,,,
85202389,deadAbandoned,LILCITI,"Apr. 18, 2012","Matthews, Marcus",,
85202312,REQUEST_FAILED,,,,,
85202391,deadAbandoned,ANANAMUSS,"Aug. 27, 2012","Register, Byron",,
85202411,deadAbandoned,MINITARA LLC,"Feb. 06, 2012",Minitara LLC,,
85202361,REQUEST_FAILED,,,,,
85202410,deadAbandoned,OBSESSEDBULLIES,"Jan. 23, 2012","Salazar, Richard",,
85202806,deadAbandoned,EPIGENE.COM,"Feb. 13, 2012","Epigenesis Pharmaceuticals, LLC",,
85202679,REQUEST_FAILED,,,,,
85203238,deadAbandoned,QEDI,"Feb. 22, 2012",QED International (UK) Limited,,
85202829,REQUEST_FAILED,,,,,
85202971,REQUEST_FAILED,,,,,
85203287,deadAbandoned,GO TECHNOLOGY,"Sep. 16, 2012",QED International (UK) Limited,,
85203376,deadAbandoned,BODY BY YOGA,"Mar. 13, 2012","Oliver, Mark Thomas",,mark@bodybyyoga.com
85203550,deadAbandoned,LUCKY DUDE DUDE ORIGINALS,"Sep. 10, 2012","Darby, Al",,
85203532,deadAbandoned,SUPPORT THE TRUTH,"Jan. 30, 2012","Kukla, Frank",,
85203438,REQUEST_FAILED,,,,,
85203473,REQUEST_FAILED,,,,,
85203551,deadAbandoned,SGH... SHE'S GONE HOLLYWOOD,"Jan. 16, 2012",She's Gone Hollywood,,
85203773,deadAbandoned,CREAMETTE HOMETOWN FAVORITE SINCE 1912 PASTA PORTIONS,"Aug. 27, 2012",New World Pasta Company,,mariajose.garreta@ebrofoods.es
85203549,REQUEST_FAILED,,,,,
85203719,REQUEST_FAILED,,,,,
85203725,REQUEST_FAILED,,,,,
85203979,deadAbandoned,BIKE WEEK,"Apr. 23, 2012",Chelmsford Gift Co,,
85204067,deadAbandoned,GO COMPLETIONS,"Feb. 22, 2012",QED International (UK) Limited,,
85204133,deadAbandoned,GO GOTECHNOLOGY,"Feb. 22, 2012",QED International (UK) Limited,,
85204084,REQUEST_FAILED,,,,,
85204353,REQUEST_FAILED,,,,,
85204452,REQUEST_FAILED,,,,,
85204454,REQUEST_FAILED,,,,,
85204692,deadAbandoned,PANACEA HEALTH FIND YOUR CURE,"Mar. 27, 2012","Panacea Health, LLC",,oliverlawless@hotmail.com
85204668,deadAbandoned,PANACEA HEALTH,"Mar. 27, 2012","Panacea Health, LLC",,oliverlawless@hotmail.com
85204610,deadAbandoned,EVERYDAY GREEN PRODUCTS,"May 03, 2012",Everyday Green Products llc,,
85204612,deadAbandoned,POWER PETITES,"Aug. 20, 2012","Klomps, Tammy",,
85204604,REQUEST_FAILED,,,,,
85205108,deadAbandoned,CHI HOME,"Jul. 16, 2012","Farouk Systems, Inc.",,
85204796,REQUEST_FAILED,,,,,
85204830,REQUEST_FAILED,,,,,
85205015,REQUEST_FAILED,,,,,
85205248,REQUEST_FAILED,,,,,
85205472,deadAbandoned,GRENATEC,"Feb. 03, 2012",Stewart Taggart,,staggart@staggart.net
85205354,REQUEST_FAILED,,,,,
85205361,REQUEST_FAILED,,,,,
85205408,REQUEST_FAILED,,,,,
85205455,REQUEST_FAILED,,,,,
85205899,deadAbandoned,ARCHIE'S MALT SHOP,"Oct. 15, 2012","Taylor, Nick",,njnt@earthlink.net
85205661,REQUEST_FAILED,,,,,
85205716,REQUEST_FAILED,,,,,
85205883,REQUEST_FAILED,,,,,
85206243,deadAbandoned,ALLVETMED,"May 02, 2012","Varona, Nelson",,allvetmed.com@gmail.com
85206298,deadAbandoned,MATSIKO CHILDREN'S CHOIR,"Jun. 19, 2012",Matsiko Children's Network,,barbpg@juno.com
85206287,deadAbandoned,WOMEN OF THE FUR TRADE,"Apr. 24, 2012","Hunt, Sandra",,
85206194,REQUEST_FAILED,,,,,
85206305,deadAbandoned,GO BIG ENERGY,"Feb. 13, 2012","603 Beverage, Inc.",,
85206273,REQUEST_FAILED,,,,,
85206303,REQUEST_FAILED,,,,,
85206402,REQUEST_FAILED,,,,,
85206527,REQUEST_FAILED,,,,,
85206558,REQUEST_FAILED,,,,,
85206929,deadAbandoned,"CUT MAKE FINISH, CMF APPAREL","Aug. 06, 2012","Cut Make FInish, CMF apparel",,
85206940,deadAbandoned,SMASHBOX,"Apr. 18, 2012",Eco Vessel LLC,,
85206953,deadAbandoned,SUPREME PIMA,"Apr. 06, 2012",Alok International Inc.,,
85206943,deadAbandoned,CHIHUAHUANATOR,"Jan. 30, 2012","Tallarida, Victor",,
85206816,REQUEST_FAILED,,,,,
85206955,deadAbandoned,MIFII,"May 28, 2012",Vinae Pty Ltd,,
85206818,REQUEST_FAILED,,,,,
85206946,deadAbandoned,A,"Feb. 06, 2012","Ayala, Violeta",,
85206948,deadAbandoned,AYALAS CUSTOM UPHOLSTERY,"Feb. 06, 2012","Ayala, Violeta",,
85207158,REQUEST_FAILED,,,,,
85207195,REQUEST_FAILED,,,,,
85207261,REQUEST_FAILED,,,,,
85207271,REQUEST_FAILED,,,,,
85207281,REQUEST_FAILED,,,,,
85207285,REQUEST_FAILED,,,,,
85207467,deadAbandoned,YOGAFUNK,"Jan. 30, 2012",Quantum Psych INK,,sarasteinmd@gmail.com
85207298,REQUEST_FAILED,,,,,
85207435,REQUEST_FAILED,,,,,
85207699,deadAbandoned,EGO PACIFIER,"Jan. 30, 2012","Sauter, Bradford",,
85207689,deadAbandoned,THE MEMPHIS SOUND,"May 01, 2012","Willie Mitchell, LLC",,
85207709,deadAbandoned,S SACRIFICE,"Feb. 13, 2012","Jackson, Antwan",,
85207720,deadAbandoned,BULLION BANK,"Apr. 23, 2012","Dolacinski, Dariusz",,dolacinski@bullionbank.ch
85207600,REQUEST_FAILED,,,,,
85207706,deadAbandoned,EDUCATORS WEIGHT LOSS SYSTEM,"Apr. 12, 2012",Family First Medical Center,,
85207698,REQUEST_FAILED,,,,,
85207700,deadAbandoned,None,"Feb. 13, 2012","Young, Kemaney",,
85208000,deadAbandoned,MERLIN,"Jan. 30, 2012","Bishop, Richard, Norman",,SILVERCLOUD44@LIVE.CO.UK
85207853,REQUEST_FAILED,,,,,
85207877,REQUEST_FAILED,,,,,
85208168,deadAbandoned,MANEUVER MANAGEMENT,"Nov. 27, 2012","WARRIORS GROUP, LLC",,mikeognek@thewarriorsgroup.com
85208103,REQUEST_FAILED,,,,,
85208143,REQUEST_FAILED,,,,,
85208248,deadAbandoned,THE AMAZING HAWAII RACE,"Jun. 25, 2012","LARF, inc.",,bobglob@sbcglobal.net
85208250,REQUEST_FAILED,,,,,
85208345,deadAbandoned,MYLO GOURMET FOR FOODIES W/ RULES!,"Dec. 10, 2012","MYLO Group, LTD.",,darren@mylogourmet.com
85208339,REQUEST_FAILED,,,,,
85208375,deadAbandoned,ROTEK,"Mar. 26, 2012","CHANG, LUNG-YU",,
85208382,deadAbandoned,RESPONSE NEWS,"Jun. 28, 2012","Vennes, David A",,
85208423,deadAbandoned,TIKI-TAKA,"May 04, 2012","Lemmon, David A.",,davidalemmon@gmail.com
85208422,deadAbandoned,ST. JOHN THERAPY SERVICES,"Apr. 09, 2012","CABALLES, IAN",,
85208389,deadAbandoned,APISTEK,"Oct. 12, 2012","CHANG, LUNG-YU",,
85208449,deadAbandoned,THE EXPERT COACH,"Nov. 22, 2012","Francois, Jean",,
85208381,REQUEST_FAILED,,,,,
85208390,REQUEST_FAILED,,,,,
85208427,deadAbandoned,HOSTEASE,"Mar. 29, 2012",HOSTEASE.COM LLC,,knightxzp@gmail.com
85208431,deadAbandoned,FLCTV,"Feb. 20, 2012",G.O.A.L. Inc.,,
85208439,deadAbandoned,ICONNECT,"Jan. 30, 2012","Wheeler, Brett",,
85208709,deadAbandoned,BELLA NOIRE,"Dec. 04, 2012",KDG Bristol Ventures LLC,,kgolshan@gmail.com
85208726,REQUEST_FAILED,,,,,
85208783,REQUEST_FAILED,,,,,
85208798,REQUEST_FAILED,,,,,
85208803,REQUEST_FAILED,,,,,
85208884,REQUEST_FAILED,,,,,
85208992,REQUEST_FAILED,,,,,
85209035,REQUEST_FAILED,,,,,
85209131,REQUEST_FAILED,,,,,
85209587,deadAbandoned,P.A.T.,"Mar. 09, 2012",Terrance James Smith,,companiontraining@hotmail.com
85209431,REQUEST_FAILED,,,,,
85209591,deadAbandoned,PUBLIC ACCESS TEST,"Mar. 09, 2012",Terrance James Smith,,companiontraining@hotmail.com
85209491,REQUEST_FAILED,,,,,
85209596,deadAbandoned,SERVICE DOG CERTIFICATION,"Mar. 09, 2012",Terrance James Smith,,companiontraining@hotmail.com
85209651,deadAbandoned,GOLD-TO-CASH,"Dec. 20, 2012","Luxe Gold Buyers, Inc.",,
85209656,deadAbandoned,FLAWLESS,"Apr. 17, 2012","Lebron, Yonthan",,
85209650,deadAbandoned,FREMORY,"Apr. 02, 2012","Carlson, Andrew",,
85209611,REQUEST_FAILED,,,,,
85209670,deadAbandoned,BIOGENIX,"Apr. 21, 2012","M&F, LLC",,
85209622,REQUEST_FAILED,,,,,
85209634,REQUEST_FAILED,,,,,
85210017,deadAbandoned,TIE GUARD,"Apr. 30, 2012",Joan Evans,,jetpress1@sbcglobal.net
85209949,REQUEST_FAILED,,,,,
85210148,REQUEST_FAILED,,,,,
85210344,REQUEST_FAILED,,,,,
85210550,deadAbandoned,ANCESTRIE,"Jan. 30, 2012","Walker, Kahlid",,
85210516,REQUEST_FAILED,,,,,
85210525,deadAbandoned,HON,"Jan. 30, 2012","Vallecillo, Kyle",,kylev23@yahoo.com
85210553,deadAbandoned,PADDLEOUT,"Feb. 20, 2012","Gudzan, Richard",,
85210552,REQUEST_FAILED,,,,,
85210676,REQUEST_FAILED,,,,,
85210866,deadAbandoned,FV FLYVINES RECYCLED FLYLINE ACCESSORIES,"Mar. 05, 2012",Flyvines,,info@flyvines.com
85210690,REQUEST_FAILED,,,,,
85210833,deadAbandoned,BERGER BONE,"Apr. 24, 2012","Berger, Dean",,djberger@cox.net
85210984,deadAbandoned,BLUSTREEK,"Oct. 01, 2012",Ideas in Color,,luisdebonopaula@mac.com
85210804,REQUEST_FAILED,,,,,
85211023,deadAbandoned,SURFACE ANTIMICROBIAL SOLUTIONS,"Mar. 19, 2012",SAS Coatings LLC,,rp@sasglobalinc.com
85211289,deadAbandoned,OFFICIAL WINE OF REFRIGERATORS ACROSS AMERICA,"Jan. 30, 2012",The Wine Group LLC,,DIJANA.KRISTO@THEWINEGROUP.COM
85210894,REQUEST_FAILED,,,,,
85211296,REQUEST_FAILED,,,,,
85211520,deadAbandoned,"AIA, AMERICA INSURANCE AGENCY","Apr. 17, 2012","Rodriguez, Elizabeth",,
85211409,REQUEST_FAILED,,,,,
85211538,deadAbandoned,HOW TO TAKE ADVANTAGE OF A MAN AND HAVE HIM SAY THANK YOU,"Feb. 20, 2012","Peterson, Bradley",,
85211534,deadAbandoned,HOW TO TAKE ADVANTAGE OF A WOMAN AND HAVE HER SAY THANK YOU,"Feb. 20, 2012","Peterson, Bradley",,
85211527,deadAbandoned,SMASH HOOKZ ENT,"Feb. 13, 2012","Brooks, Cordez",,
85211549,deadAbandoned,BROKEN EAR,"Jan. 30, 2012","Shilson, Chad",,
85211550,deadAbandoned,TAKING BACK OF AMERICA,"Jan. 30, 2012","Wickett, Amanda",,
85211624,deadAbandoned,WHAT'S KOOL?,"Jan. 30, 2012","Carriles, Alonso",,alonsocarriles@yahoo.com
85211528,REQUEST_FAILED,,,,,
85211548,REQUEST_FAILED,,,,,
85211551,REQUEST_FAILED,,,,,
85211677,REQUEST_FAILED,,,,,
85211772,deadAbandoned,SWEET READERS,"Aug. 20, 2012","Young, Karen",,karen.young1207@gmail.com
85211802,REQUEST_FAILED,,,,,
85211796,REQUEST_FAILED,,,,,
85212017,deadAbandoned,ACTUATE,"Jan. 30, 2012","AFFINERGY, LLC.",,blamb@affinergy.com
85211847,REQUEST_FAILED,,,,,
85212147,deadAbandoned,EDEN BODYWORKS,"Nov. 30, 2012",EDEN BODYWORKS LLC,,droberts@firstchoicesale.com
85211875,REQUEST_FAILED,,,,,
85212151,REQUEST_FAILED,,,,,
85212221,REQUEST_FAILED,,,,,
85212449,deadAbandoned,SUSHI LOVE,"Feb. 13, 2012","Decker, Brad",,
85212338,REQUEST_FAILED,,,,,
85212446,deadAbandoned,THE DRUNK KIT,"Apr. 24, 2012","Jingco, Michael",,
85212455,deadAbandoned,NOLITA CAFE,"Sep. 03, 2012","Monteiro, Eric",,
85212478,deadAbandoned,SKINPROTECT,"Apr. 04, 2012","Mccall, Christopher",,
85212459,deadAbandoned,BUSINESS INGENUITY,"Apr. 20, 2012","Modes, Jerold",,
85212464,REQUEST_FAILED,,,,,
85212585,REQUEST_FAILED,,,,,
85212697,REQUEST_FAILED,,,,,
85212774,REQUEST_FAILED,,,,,
85213140,deadAbandoned,KUMFY TAILZ,"Jan. 30, 2012","GJM,LLC",,jaci.gjmllc@gmail.com
85213011,REQUEST_FAILED,,,,,
85213294,deadAbandoned,EVERYWISH,"Aug. 27, 2012",EBESTWISHES LTD,,rupertchennells@aol.com
85213091,REQUEST_FAILED,,,,,
85213297,REQUEST_FAILED,,,,,
85213404,deadAbandoned,NATURE'S POWER SCIENCE,"Jan. 30, 2012","Joya, Blanca E",,
85213410,deadAbandoned,LIVIN THE DREAM,"Feb. 13, 2012","Sheard, Daniel",,
85213368,REQUEST_FAILED,,,,,
85213400,deadAbandoned,EAST COAST PHOTO PARTY,"Apr. 16, 2012","Doran, Andrew",,
85213381,REQUEST_FAILED,,,,,
85213415,deadAbandoned,THE BITCH SWITCH,"Jan. 30, 2012",J S Yachts Inc.,,
85213411,deadAbandoned,SLOP TARTS,"Jan. 09, 2012","Kafko, David",,
85213405,REQUEST_FAILED,,,,,
85213460,deadAbandoned,SEVEN2ONEMEET.COM,"Feb. 13, 2012",2612LLC,,2612trdc@gmail.com
85213424,REQUEST_FAILED,,,,,
85213450,REQUEST_FAILED,,,,,
85213458,REQUEST_FAILED,,,,,
85213469,REQUEST_FAILED,,,,,
85213566,REQUEST_FAILED,,,,,
85213645,REQUEST_FAILED,,,,,
85213646,REQUEST_FAILED,,,,,
85213968,REQUEST_FAILED,,,,,
85214160,deadAbandoned,MENTAL GARDEN,"Jan. 30, 2012",MENTAL IMAGES GMBH,,
85214164,deadAbandoned,MENTAL MOON,"Jan. 30, 2012",MENTAL IMAGES GMBH,,
85214176,deadAbandoned,MENTAL PLANET,"Jan. 30, 2012",MENTAL IMAGES GMBH,,
85214208,deadAbandoned,MENTAL ZOO,"Jan. 30, 2012",MENTAL IMAGES GMBH,,
85214170,REQUEST_FAILED,,,,,
85214181,REQUEST_FAILED,,,,,
85214523,deadAbandoned,MOST VALUABLE THREADS,"Mar. 26, 2012","Bock, Brendon A.",,MostValuableThreads@GMail.com
85214574,deadAbandoned,'NMOTION,"Apr. 06, 2012",Goodcred AB,,mats.weidmar@jayway.com
85214637,deadAbandoned,FLAVAROM,"Apr. 20, 2012",FlavArom International Ltd,,jgonley@flavarom.com
85214555,deadAbandoned,MATRIX ME,"Jul. 02, 2012","Rosen, Nolan",,
85214580,deadAbandoned,GROUPACHO,"Feb. 20, 2012","Barr, David",,
85214598,REQUEST_FAILED,,,,,
85214774,deadAbandoned,BILLY JACK,"May 01, 2012","SANTOSCOY PADILLA, ALVARO",,ignacio.martinez@megared.net.mx
85214688,REQUEST_FAILED,,,,,
85214923,REQUEST_FAILED,,,,,
85214914,REQUEST_FAILED,,,,,
85215369,REQUEST_FAILED,,,,,
85215334,REQUEST_FAILED,,,,,
85215523,deadAbandoned,GRENADE WHISTLE,"Feb. 20, 2012","Bosco, John",,
85215538,deadAbandoned,"""SAN DIEGO, WHERE WE SALT OUR MARGARITA GLASSES NOT THE ROADS""","Feb. 20, 2012","Rosolino, Nancy",,
85215455,REQUEST_FAILED,,,,,
85215549,deadAbandoned,SWARM SELLING,"May 18, 2012","Ramsier, Kevin",,
85215541,deadAbandoned,SURVIVAL PARTY,"Aug. 13, 2012","RANTECH, Inc.",,
85215533,REQUEST_FAILED,,,,,
85215557,deadAbandoned,HIGH REVVERS MC,"Jul. 23, 2012","Bailowich, Shannon",,
85215559,deadAbandoned,SKUPON,"Jul. 09, 2012","Montalto, Joseph",,
85215661,REQUEST_FAILED,,,,,
85215663,REQUEST_FAILED,,,,,
85215675,REQUEST_FAILED,,,,,
85215681,REQUEST_FAILED,,,,,
85215685,REQUEST_FAILED,,,,,
85216162,deadAbandoned,YEAH,"Jan. 23, 2012","Shaw & Partners, LLC",,chris@shawandpartners.com
85216105,REQUEST_FAILED,,,,,
85216252,REQUEST_FAILED,,,,,
85216470,deadAbandoned,PACMULES,"Aug. 13, 2012",OUTDOOR SURVIVAL L.L.C.,,
85216521,deadAbandoned,EPI,"Oct. 25, 2012",Ew Stereoeast Inc.,,
85216622,deadAbandoned,WE GROW MONEY ON TREES.,"Jul. 03, 2012",Nolan Ryan,,ryangrowlabs@gmail.com
85216506,deadAbandoned,CAMPBELLS CODE CLOTHES,"Jun. 22, 2012","Campbell, Isaiah",,
85216502,REQUEST_FAILED,,,,,
85216663,deadAbandoned,METAMUSEPHOSIS,"Feb. 27, 2012","Mai, Hanh",,info@metamusephosis.com
85216516,REQUEST_FAILED,,,,,
85216800,REQUEST_FAILED,,,,,
85216873,REQUEST_FAILED,,,,,
85217418,deadAbandoned,CALMESTA,"Feb. 20, 2012","Biomotivia, LLC",,biomotivia@gmail.com
85217163,REQUEST_FAILED,,,,,
85217187,REQUEST_FAILED,,,,,
85217280,REQUEST_FAILED,,,,,
85217603,deadAbandoned,PRESK8,"Feb. 27, 2012","Superior Hockey Nutrition, LLC",,
85217604,deadAbandoned,CLICK CONNECT COLLECT,"Feb. 27, 2012","Commercial Legal Software, Inc.",,
85217536,deadAbandoned,WINEDAZZLER,"Feb. 20, 2012","Charlton, Joseph",,charltonj@gmail.com
85217600,deadAbandoned,MRETAIL,"May 22, 2012",CellPoint Mobile Inc,,
85217648,deadAbandoned,MR. KRILL,"Feb. 27, 2012","Lee, Chun-Yi",,prosperi.mktg@gmail.com
85217671,deadAbandoned,WHALEY,"Mar. 26, 2012","Lee, Chun-Yi",,prosperi.mktg@gmail.com
85217606,deadAbandoned,ROCKAWAYFIGHT,"Feb. 27, 2012","De Jesus, Samuel",,
85217569,REQUEST_FAILED,,,,,
85217813,deadAbandoned,DIVA ITALY,"Jul. 26, 2012",GUTIERREZ JARDON DANIEL,,compras2@sabesa.com.mx
85217749,REQUEST_FAILED,,,,,
85217956,REQUEST_FAILED,,,,,
85217967,REQUEST_FAILED,,,,,
85218172,deadAbandoned,MAHARAJA FARM,"Jul. 12, 2012","Singh, Meharban",,charansingh.online@gmail.com
85218082,deadAbandoned,DUST TO DUST,"Feb. 27, 2012",HARCOURT INVESTMENT HOLDING LTD.,,rplellig@gmail.com
85218421,deadAbandoned,MR. BITES DELICIOUSLY REWARDED,"Mar. 09, 2012",JORGE JAVIER RAMIREZ GONZALEZ,,etorresmt@gmail.com
85218587,deadAbandoned,MPAYMENT,"Feb. 13, 2012",CellPoint Mobile Inc.,,
85218299,REQUEST_FAILED,,,,,
85218598,deadAbandoned,HOTDOG N BURGER HOUSE,"Sep. 03, 2012","Baggili, Moussa",,
85218576,REQUEST_FAILED,,,,,
85218574,REQUEST_FAILED,,,,,
85218687,REQUEST_FAILED,,,,,
85218694,REQUEST_FAILED,,,,,
85218852,deadAbandoned,BOOZBUCKS,"Feb. 27, 2012",BoozBucks Corporation,,Jason@boozbucks.com
85218778,REQUEST_FAILED,,,,,
85218862,REQUEST_FAILED,,,,,
85218879,REQUEST_FAILED,,,,,
85219279,deadAbandoned,BACTRA-CLEAN,"Feb. 13, 2012",VISPAK Inc.,,
85219099,REQUEST_FAILED,,,,,
85219264,REQUEST_FAILED,,,,,
85219468,deadAbandoned,AMANTE PIZZA & PASTA,"May 16, 2012","Stratieva, Penka",,
85219470,deadAbandoned,BUNKERSAFE,"Feb. 27, 2012","MacLeod, Jordan",,
85219426,REQUEST_FAILED,,,,,
85219525,deadAbandoned,THORNTREE,"Apr. 26, 2012","Badenhorst, Andre S",,andrebad@iafrica.com
85219441,REQUEST_FAILED,,,,,
85219443,REQUEST_FAILED,,,,,
85219488,REQUEST_FAILED,,,,,
85219558,REQUEST_FAILED,,,,,
85219740,deadAbandoned,SEA SPEAR,"Mar. 05, 2012",ASFT AUV Inc.,,
85219704,REQUEST_FAILED,,,,,
85220203,deadAbandoned,GROOVE PILLARS,"Feb. 27, 2012",Happymagenta Ltd.,,pavel@ext.by
85220181,deadAbandoned,IAUTHORITY,"Jan. 16, 2012","UltraConcurrent, Inc.",,carlhewitt@alum.mit.edu
85220227,deadAbandoned,FIXED SHUTTER DOME,"Feb. 06, 2012",MONOPTEC Corporation,,fixedshutterdome@monoptec.com
85220167,deadAbandoned,IACCOUNTABLE,"Jan. 16, 2012","UltraConcurrent, Inc.",,carlhewitt@alum.mit.edu
85219899,REQUEST_FAILED,,,,,
85220039,REQUEST_FAILED,,,,,
85220232,REQUEST_FAILED,,,,,
85220286,REQUEST_FAILED,,,,,
85220291,REQUEST_FAILED,,,,,
85220537,deadAbandoned,APARA HOTEL ADVISERS,"Dec. 31, 2012",APARA HOTEL ADVISERS INTERNATIONAL LIMITED,,info.info168@gmail.com
85220307,REQUEST_FAILED,,,,,
85220565,deadAbandoned,ROTTEN EGO,"Feb. 27, 2012","Laney, William",,clutchsworld@gmail.com
85220556,deadAbandoned,POTTY MAGIC,"Apr. 19, 2012","O'Malley, Blaine",,
85220561,deadAbandoned,CLOUD COTTON,"Feb. 21, 2012",Alok International Inc.,,marilyn.hale@alok.co
85220548,REQUEST_FAILED,,,,,
85220603,REQUEST_FAILED,,,,,
85220935,deadAbandoned,DEMAND COLOR. COMMAND STYLE.,"Mar. 12, 2012",Esosa Incorporated,,info@esosadesign.com
85221040,deadAbandoned,MOTO-HANGER,"Feb. 13, 2012","Motorcycle Gadgets, LLC",,mg@motorcycle-gadgets.com
85221166,deadAbandoned,VICEROY,"Mar. 09, 2012","Magjic Brands, Inc.",,
85221110,deadAbandoned,420 ELECTRICAL SERVICES,"Apr. 23, 2012","Marcroft, Kirk",,
85220905,REQUEST_FAILED,,,,,
85221010,REQUEST_FAILED,,,,,
85221192,REQUEST_FAILED,,,,,
85221205,REQUEST_FAILED,,,,,
85221566,deadAbandoned,HAIR PEP,"Sep. 03, 2012",Business Services Global ltd,,web_payments_direct52@yahoo.co.uk
85221461,REQUEST_FAILED,,,,,
85221506,REQUEST_FAILED,,,,,
85221559,REQUEST_FAILED,,,,,
85221633,REQUEST_FAILED,,,,,
85221637,REQUEST_FAILED,,,,,
85221642,REQUEST_FAILED,,,,,
85221672,deadAbandoned,None,"Feb. 27, 2012",TECHCARE TECHNOLOGY LIMITED,,info.info168@gmail.com
85221734,deadAbandoned,SMARTACUS,"Feb. 27, 2012","Havins, Felton",,
85221661,REQUEST_FAILED,,,,,
85221726,deadAbandoned,MONEYWIZE,"Jun. 12, 2012","Bayou Investors, LLC",,
85221732,REQUEST_FAILED,,,,,
85221844,REQUEST_FAILED,,,,,
85221944,deadAbandoned,BUILDUS MAXIMUS,"Aug. 27, 2012",BUILDUS MAXIMUS INC.,,buildusmaximus@me.com
85221983,REQUEST_FAILED,,,,,
85222018,REQUEST_FAILED,,,,,
85222007,REQUEST_FAILED,,,,,
85222235,deadAbandoned,RELAJANOX,"Mar. 05, 2012",BOMUCA INTERNATIONAL CORPORATION,,jlcantu@bomuca.com
85222259,deadAbandoned,VENALIVE,"Mar. 05, 2012",BOMUCA INTERNATIONAL CORPORATION,,jlcantu@bomuca.com
85222230,REQUEST_FAILED,,,,,
85222317,REQUEST_FAILED,,,,,
85222442,REQUEST_FAILED,,,,,
85222785,deadAbandoned,HEAD GAMES,"Jan. 23, 2012","Smolka, John",,
85222570,REQUEST_FAILED,,,,,
85222791,deadAbandoned,ESSAYEUR FONDEUR,"May 09, 2012","Dolacinski, Dariusz",,dolacinski@bullionbank.ch
85222798,deadAbandoned,JOHN AYALA MD,"Sep. 10, 2012","Ayala, John",,
85222752,REQUEST_FAILED,,,,,
85222800,deadAbandoned,DR JOHN AYALA,"Apr. 18, 2012","Ayala, John",,
85222780,REQUEST_FAILED,,,,,
85222804,deadAbandoned,RWORKS,"Nov. 20, 2012",RWave Software Limited,,tredmond@rworks.com
85222788,REQUEST_FAILED,,,,,
85222960,deadAbandoned,ZEBA RAMOS,"Feb. 20, 2012",DAUGHTERS OF ADAM INC,,contact@zebaramos.com
85223067,deadAbandoned,THROW DOUGH LIKE A PRO,"Mar. 19, 2012",Bentware LLC,,
85222936,REQUEST_FAILED,,,,,
85223140,deadAbandoned,POLITICS N SLICK,"Feb. 27, 2012","Basa, Joey M.",,
85222979,REQUEST_FAILED,,,,,
85223433,deadAbandoned,AG PRODUCTIONS,"Apr. 26, 2012","Price Jr, David W",,afaithfullife@ymail.com
85223561,deadAbandoned,ROCKY PEAK,"May 07, 2012","FASHION RIVIERA, INC.",,fashionriviera@gmail.com
85223495,deadAbandoned,PEACH AND PLUM,"Feb. 27, 2012","FASHION RIVIERA, INC.",,fashionriviera@gmail.com
85223533,deadAbandoned,LITTLE CHAMP,"Feb. 27, 2012","FASHION RIVIERA, INC.",,fashionriviera@gmail.com
85223513,REQUEST_FAILED,,,,,
85223929,REQUEST_FAILED,,,,,
85223946,REQUEST_FAILED,,,,,
85224001,deadAbandoned,B LA DES FREITE,"Jan. 13, 2012",HAIKOU KAIXUANYINGLI WINE INDUSTRY LIMITED.,,ztyj2009@163.com
85223968,REQUEST_FAILED,,,,,
85224074,deadAbandoned,GYNEIDEAS,"Jan. 02, 2012",Coloplast A/S,,dklr@coloplast.com
85224067,deadAbandoned,SEA SALVATION,"Feb. 27, 2012","Sallaz, Marc",,
85223996,REQUEST_FAILED,,,,,
85224065,deadAbandoned,CLOUDDOCS,"Apr. 28, 2012","eGistics, Inc.",,
85224083,deadAbandoned,PELVIX,"Jan. 02, 2012",Coloplast A/S,,dklr@coloplast.com
85224055,REQUEST_FAILED,,,,,
85224095,REQUEST_FAILED,,,,,
85224349,REQUEST_FAILED,,,,,
85224893,deadAbandoned,I.T.C.O.M.,"Feb. 27, 2012","Andrews, Robert",,
85224782,REQUEST_FAILED,,,,,
85224916,REQUEST_FAILED,,,,,
85225077,deadAbandoned,U-DELIVER,"Mar. 19, 2012",Coloplast A/S,,dklr@coloplast.com
85224966,REQUEST_FAILED,,,,,
85225104,deadAbandoned,None,"Sep. 03, 2012","Nabila, Ho",,nabilacog@gmail.com
85225085,deadAbandoned,IGNITE CHEWABLE ENERGY,"May 11, 2012","Friedman, David",,
85225060,REQUEST_FAILED,,,,,
85225078,REQUEST_FAILED,,,,,
85225345,deadAbandoned,WASOYBI,"Feb. 27, 2012","Rosenberg, Kaleb",,
85225413,deadAbandoned,POSITION 77,"Jul. 30, 2012","Morris, Ronald",,
85225108,REQUEST_FAILED,,,,,
85225408,deadAbandoned,BELLABWEAR,"Feb. 28, 2012",Bella B Wear Pty Ltd.,,
85225349,REQUEST_FAILED,,,,,
85225637,REQUEST_FAILED,,,,,
85225701,REQUEST_FAILED,,,,,
85225765,deadAbandoned,OBDIS,"Feb. 27, 2012","Ahearne, Brian",,
85225922,REQUEST_FAILED,,,,,
85226014,REQUEST_FAILED,,,,,
85226039,REQUEST_FAILED,,,,,
85226050,REQUEST_FAILED,,,,,
85226197,deadAbandoned,CREATIVITY FOR BUSINESS,"Feb. 27, 2012",Williams Whittle,,
85226196,deadAbandoned,FORENZIP,"Feb. 27, 2012",Smart Data Consulting Corp,,
85226208,deadAbandoned,GNARLY TRAINER,"Jun. 11, 2012",Gnarly Corp.,,
85226201,deadAbandoned,POSTSK8,"Feb. 27, 2012","Schmelter, Glen",,
85226205,deadAbandoned,WRAP & REMEMBER,"Feb. 27, 2012",Mike & Dani,,
85226168,REQUEST_FAILED,,,,,
85226198,REQUEST_FAILED,,,,,
85226200,REQUEST_FAILED,,,,,
85226358,REQUEST_FAILED,,,,,
85227067,deadAbandoned,I AM THE NEXT GENERATION...ARE YOU?,"Feb. 27, 2012","The Next Generation Athletics, LLC",,
85226967,REQUEST_FAILED,,,,,
85227062,REQUEST_FAILED,,,,,
85227258,deadAbandoned,LEMON PARTY,"Jan. 27, 2012","Harris, Benjamin David",,bennyharris@gmail.com
85227146,REQUEST_FAILED,,,,,
85227188,REQUEST_FAILED,,,,,
85227284,deadAbandoned,PLASTICCOUPON GOING GREEN & SAVING GREEN,"Dec. 11, 2012","Ragazzo, John S.",,SJR@PlasticCoupon.com
85227298,deadAbandoned,KIND-FU,"Sep. 24, 2012","Beal, Brian",,
85227202,REQUEST_FAILED,,,,,
85227321,deadAbandoned,BTBA,"Mar. 12, 2012",Born To Be Alive Ltd.,,brianliddy@gmail.com
85227367,deadAbandoned,LEVOPEARL,"Feb. 27, 2012",SUN PHARMACEUTICAL INDUSTRIES LIMITED,,rajamallaiah.cirumalla@sunpharma.com
85227466,deadAbandoned,WHEN WRITERS ATTACK!,"Feb. 27, 2012",WHEN WRITERS ATTACK L.L.C.,,
85227294,REQUEST_FAILED,,,,,
85227545,deadAbandoned,SOFBUTTA,"May 24, 2012","Gunn, Aaron",,
85227502,REQUEST_FAILED,,,,,
85227638,deadAbandoned,HARAS,"Feb. 27, 2012","Barnes, Sarah",,
85227617,REQUEST_FAILED,,,,,
85227642,deadAbandoned,SECRET D'APOTHICAIRE,"Sep. 24, 2012",DANA FREDERIC,,dana.frederic@wanadoo.fr
85227817,deadAbandoned,WEATHERRIGHT,"Mar. 05, 2012","Maxson, Rob",,
85227889,deadAbandoned,SHOT-MAXIM,"Feb. 27, 2012","Spence, Thomas",,
85227871,deadAbandoned,HARDWIRED GAMING,"May 21, 2012","Lewis, Jennifer",,pyrpaws@gmail.com
85227770,REQUEST_FAILED,,,,,
85227945,REQUEST_FAILED,,,,,
85227993,REQUEST_FAILED,,,,,
85228180,REQUEST_FAILED,,,,,
85228244,REQUEST_FAILED,,,,,
85228349,deadAbandoned,PUPA,"Jul. 23, 2012","Cherian, Avarachan V",,avarachanvc@gmail.com
85228399,deadAbandoned,MOOBURGER,"Aug. 28, 2012",NSN Burger Corp.,,
85228407,deadAbandoned,SAASIFIED,"Mar. 05, 2012","Moldoff, Robert",,
85228405,deadAbandoned,ORA PROFESSIONAL,"May 16, 2012",OPTIMA TRADING COMPANY,,
85228396,deadAbandoned,WIRELSS,"Jan. 10, 2012","Life Support Systems, Inc.",,
85228400,REQUEST_FAILED,,,,,
85228707,deadAbandoned,WHEN WRITERS ATTACK.COM,"Mar. 05, 2012",WHEN WRITERS ATTACK L.L.C.,,
85228680,REQUEST_FAILED,,,,,
85228661,REQUEST_FAILED,,,,,
85228682,REQUEST_FAILED,,,,,
85229205,deadAbandoned,OLD SCHOOL BAGEL CAFE,"May 22, 2012","Old School Bagel Cafe, LLC.",,
85228766,REQUEST_FAILED,,,,,
85228811,REQUEST_FAILED,,,,,
85229351,deadAbandoned,FAXROBOT,"Mar. 02, 2012","Kubica, Ned",,nedkubica@me.com
85229283,REQUEST_FAILED,,,,,
85229388,deadAbandoned,HISTORIC SOUTH END,"Jul. 02, 2012",Charlotte Center City Partners,,
85229394,deadAbandoned,VICKY CRISTINA,"Mar. 05, 2012","Afek, Itai",,
85229400,deadAbandoned,ICON PHYSICAL THERAPY,"May 23, 2012","Goldstraw, Chris",,
85229375,REQUEST_FAILED,,,,,
85229378,REQUEST_FAILED,,,,,
85229417,REQUEST_FAILED,,,,,
85229434,REQUEST_FAILED,,,,,
85229518,deadAbandoned,MONKEY MEALS,"Sep. 24, 2012",David Kanbar,,dk@dakholdings.com
85229568,deadAbandoned,HAPPYBIRD,"Oct. 08, 2012",Cambrige Overseas Development Inc.,,babby.chao@tofasco.com
85229487,REQUEST_FAILED,,,,,
85229606,deadAbandoned,GAME FOR FAME,"May 06, 2012","McGranaghan, David",,david@gameforfame.co.uk
85229547,REQUEST_FAILED,,,,,
85229548,REQUEST_FAILED,,,,,
85229722,deadAbandoned,AUX ETATS UNIS,"Feb. 03, 2012",LUVANIS S.A.,,info@luvanis.com
85229835,REQUEST_FAILED,,,,,
85229940,REQUEST_FAILED,,,,,
85230064,REQUEST_FAILED,,,,,
85230089,deadAbandoned,SPECHT COUTURE,"Nov. 06, 2012","Specht, Shelbye J",,shelbyespecht@gmail.com
85230156,deadAbandoned,KILLIN IT,"May 31, 2012",GAC Management LLC,,nicanobbio@yahoo.com
85230177,deadAbandoned,SASKATOONBERRYRICH,"Nov. 15, 2012",InovoBiologic Inc.,,rzhang@inovobiologic.com
85230132,REQUEST_FAILED,,,,,
85230231,REQUEST_FAILED,,,,,
85230581,deadAbandoned,PERFECT OFFICE,"Oct. 15, 2012","Metagenics, Inc.",,jenniferpence@metagenics.com
85230346,REQUEST_FAILED,,,,,
85230739,deadAbandoned,"EARTHNOMICS ""BECAUSE THE EARTH IS PRICELESS""","Mar. 05, 2012","Hopkins-Deacon, Roy",,opalroy@mail.com
85230817,deadAbandoned,PETWEETS,"Mar. 05, 2012",Everest Group USA Inc,,
85230594,REQUEST_FAILED,,,,,
85230605,REQUEST_FAILED,,,,,
85230824,deadAbandoned,VUSAFE,"Feb. 27, 2012",M86 Security Inc,,maxine.caulfield@m86security.com
85230862,deadAbandoned,DID,"Sep. 03, 2012","Ilitch Enterprises, LLC",,
85230816,deadAbandoned,MY SUPERKID,"Mar. 05, 2012",Plaxie Inc.,,chyu@plaxie.com
85231014,deadAbandoned,OEMSTD,"Jan. 20, 2012",panda usa,,alexismail@msn.com
85230822,deadAbandoned,SOCIAL RELATIONS,"Oct. 08, 2012",DataPositive LLC,,mark@rev-d.com
85230972,deadAbandoned,"WHITE COLLAR, WC","Apr. 30, 2012","Earley, Billy",,
85230821,REQUEST_FAILED,,,,,
85231019,REQUEST_FAILED,,,,,
85231048,REQUEST_FAILED,,,,,
85231190,REQUEST_FAILED,,,,,
85231200,REQUEST_FAILED,,,,,
85231719,deadAbandoned,CLAUDE GLASS,"Mar. 05, 2012",THE WINE GROUP LLC,,DIJANA.KRISTO@THEWINEGROUP.COM
85231716,deadAbandoned,CONSCIOUS COUTURE,"Aug. 23, 2012","Carlozzi, Antonella F",,
85231726,deadAbandoned,TOYAMARU,"Mar. 05, 2012",THE WINE GROUP LLC,,DIJANA.KRISTO@THEWINEGROUP.COM
85231658,REQUEST_FAILED,,,,,
85231763,deadAbandoned,"""YOU CAN COUNT ON US""","Mar. 05, 2012","Southern California Analytic Systems Service, Inc",,customerservice@scassinc.com
85231784,deadAbandoned,GOTTARUBIT RUB YOUR MEAT! WWW.GOTTARUBIT.COM,"Jun. 05, 2012",Noy Companies LLC,,dejay@dejaynoy.com
85231724,REQUEST_FAILED,,,,,
85231764,REQUEST_FAILED,,,,,
85231776,REQUEST_FAILED,,,,,
85231886,REQUEST_FAILED,,,,,
85231929,REQUEST_FAILED,,,,,
85231994,deadAbandoned,"PROTECTED BY UNITED STATES MERCHANTS PROTECTIVE CO., INC","Feb. 23, 2012","United States Merchants Protective Co., Inc.",,ewsager@usmerchantsprotective.com
85232154,deadAbandoned,FX70,"Mar. 05, 2012",National Weight Loss Institute,,
85232017,REQUEST_FAILED,,,,,
85232539,deadAbandoned,COPPER MOON,"Sep. 03, 2012",THE WINE GROUP LLC,,DIJANA.KRISTO@THEWINEGROUP.COM
85232442,REQUEST_FAILED,,,,,
85232449,REQUEST_FAILED,,,,,
85232676,deadAbandoned,L8 APEARL,"May 21, 2012","Weiss, William",,digitalsk8@ca.rr.com
85232521,REQUEST_FAILED,,,,,
85232691,REQUEST_FAILED,,,,,
85232735,REQUEST_FAILED,,,,,
85232894,deadAbandoned,NANOBIT,"Sep. 10, 2012",Nanobit d.o.o.,,info@nanobitsoftware.com
85232982,deadAbandoned,APPZDATA,"May 22, 2012",Tavendo GmbH,,tobias.oberstein@tavendo.de
85233001,deadAbandoned,PILLOWBOOK,"Sep. 03, 2012",THE WINE GROUP LLC,,DIJANA.KRISTO@THEWINEGROUP.COM
85232997,deadAbandoned,VIRIDITAS,"Mar. 05, 2012",THE WINE GROUP LLC,,DIJANA.KRISTO@THEWINEGROUP.COM
85232883,REQUEST_FAILED,,,,,
85233136,deadAbandoned,"RENE FRESH RELIABILITY, ALWAYS","Apr. 02, 2012",RENE CARRILLO CARAZA,,masmarcas@masmarcas.com
85232980,REQUEST_FAILED,,,,,
85233435,deadAbandoned,CITRUSRICH,"Nov. 15, 2012",InovoBiologic Inc.,,rzhang@inovobiologic.com
85233164,REQUEST_FAILED,,,,,
85233234,REQUEST_FAILED,,,,,
85233390,REQUEST_FAILED,,,,,
85233738,deadAbandoned,GRANDPA'S PREMIUM BEEF JERKY,"Oct. 08, 2012","Piercy, Jacob",,
85233706,REQUEST_FAILED,,,,,
85233965,deadAbandoned,TRADEPONS,"Oct. 01, 2012","Hankins, Willie Darnell",,
85233953,deadAbandoned,MCKENZIES HARD CIDER,"May 24, 2012","MCKENZIE'S BEVERAGES, INC",,
85233794,REQUEST_FAILED,,,,,
85233968,deadAbandoned,DRIVE HAPPY AUTO SALES AND REPAIR,"May 07, 2012","Bonnell, Tim",,
85233887,REQUEST_FAILED,,,,,
85233957,REQUEST_FAILED,,,,,
85234058,REQUEST_FAILED,,,,,
85234489,REQUEST_FAILED,,,,,
85234608,REQUEST_FAILED,,,,,
85234738,deadAbandoned,PITCH IT TO SELL IT BUY IT TO LOVE IT,"Oct. 08, 2012",Urpitch.com LLC,,
85234866,deadAbandoned,PRIMABELLA,"May 14, 2012","Priove, Shay",,
85234703,REQUEST_FAILED,,,,,
85234784,REQUEST_FAILED,,,,,
85234801,REQUEST_FAILED,,,,,
85234980,deadAbandoned,WILEY SONIC,"Mar. 12, 2012","O'Connor, Jeffrey",,
85234968,deadAbandoned,ROY RABBIT,"Jan. 10, 2012",LaLafish Inc.,,tm@lalafish.com
85234984,deadAbandoned,HEARTBREAK ACADEMY,"Oct. 15, 2012","LeBlanc, Anthony",,
85235004,REQUEST_FAILED,,,,,
85235043,REQUEST_FAILED,,,,,
85235191,deadAbandoned,EVILWEAR,"Mar. 15, 2012",Evilwear,,evil@evilwear.net
85235273,deadAbandoned,NESTREE,"Mar. 14, 2012",Feng Feric,,ferics@gmail.com
85235227,REQUEST_FAILED,,,,,
85235228,REQUEST_FAILED,,,,,
85235398,REQUEST_FAILED,,,,,
85235566,REQUEST_FAILED,,,,,
85235698,REQUEST_FAILED,,,,,
85235898,deadAbandoned,BEBA BEAN,"Oct. 18, 2012",Beba Bean Designs Inc.,,lisa@bebabean.com
85235918,deadAbandoned,EPALERT,"Mar. 12, 2012","Carlen, Peter L.",,carlen@uhnresearch.ca
85235737,REQUEST_FAILED,,,,,
85235805,REQUEST_FAILED,,,,,
85236014,deadAbandoned,LSERUM,"Apr. 02, 2012",Lawrence Washington Atlanta,,
85236047,deadAbandoned,PLAN WELL. SLEEP WELL.,"May 30, 2012","Di Vincenzo, Jayne",,
85236070,REQUEST_FAILED,,,,,
85236270,deadAbandoned,MILK&ROOKIES,"Apr. 23, 2012","Wright, David",,
85236143,REQUEST_FAILED,,,,,
85236164,REQUEST_FAILED,,,,,
85236206,REQUEST_FAILED,,,,,
85236476,deadAbandoned,EDR-MARTIN,"Oct. 29, 2012","Tu, Martin",,rich.ness@msa.hinet.net
85236569,deadAbandoned,LET ALOHA HAPPEN,"Mar. 12, 2012","SWIRE MARKETING, INC.",,
85236247,REQUEST_FAILED,,,,,
85236562,deadAbandoned,LET ALOHA HAPPEN,"Mar. 12, 2012","SWIRE MARKETING, INC.",,
85236575,deadAbandoned,LET ALOHA HAPPEN,"Mar. 12, 2012","SWIRE MARKETING, INC.",,
85236573,REQUEST_FAILED,,,,,
85236650,REQUEST_FAILED,,,,,
85236664,REQUEST_FAILED,,,,,
85236720,REQUEST_FAILED,,,,,
85237233,deadAbandoned,SMART BUTTON OF VALUE,"Oct. 22, 2012","SmartLogix,LLC",,
85236955,deadAbandoned,PAINTED ON JEANS,"Oct. 08, 2012",Acenovo LLC,,
85237353,deadAbandoned,DRAMA FREE,"Nov. 12, 2012","Morgan, Zachary M",,ZMorgan1124@yahoo.com
85237436,deadAbandoned,BOOTY BLOCK,"Mar. 12, 2012","Kessel, Kendra",,
85237443,deadAbandoned,SNORECONE,"Nov. 17, 2012",Shopmusic,,
85237439,deadAbandoned,SALONJACKETSBYSUSAN,"Apr. 16, 2012","Stabinsch, Susan",,
85237389,REQUEST_FAILED,,,,,
85237409,REQUEST_FAILED,,,,,
85237620,deadAbandoned,SPACE TRAVELERS,"Aug. 30, 2012",Andreas Bergweiler,,stevens.alicia@gmail.com
85237516,REQUEST_FAILED,,,,,
85237562,REQUEST_FAILED,,,,,
85237900,deadAbandoned,GALAPAPOP,"Mar. 12, 2012",IDG,,
85237627,REQUEST_FAILED,,,,,
85237805,REQUEST_FAILED,,,,,
85237812,REQUEST_FAILED,,,,,
85238000,deadAbandoned,BARRE BELLES,"Jul. 05, 2012","Hess, Alison",,
85238099,REQUEST_FAILED,,,,,
85238300,REQUEST_FAILED,,,,,
85238393,REQUEST_FAILED,,,,,
85238498,deadAbandoned,HUMANKIND IS NEITHER.,"Sep. 25, 2012","Gabler, Yvette D.",,atlanticmktgsoln@aol.com
85238474,deadAbandoned,POLITICAL CORRECTOPHOBE,"Sep. 25, 2012","Atlantic Marketing Solutions, LLC",,atlanticmktgsoln@aol.com
85238514,deadAbandoned,OOOOWEAR,"Mar. 19, 2012",Belle View Best,,belleviewbest@gmail.com
85238515,deadAbandoned,PROGEL PLUS,"May 15, 2012","GREEN, ZALAMN",,
85238450,REQUEST_FAILED,,,,,
85238513,REQUEST_FAILED,,,,,
85238720,deadAbandoned,WATTTREE,"Oct. 11, 2012","WattNext, Inc",,taylorj@wattnext.net
85238547,REQUEST_FAILED,,,,,
85238671,REQUEST_FAILED,,,,,
85238722,REQUEST_FAILED,,,,,
85239279,deadAbandoned,MAINSTREET,"Sep. 14, 2012",John B. Noftsinger,,noftsijb@jmu.edu
85238998,REQUEST_FAILED,,,,,
85239260,REQUEST_FAILED,,,,,
85239353,REQUEST_FAILED,,,,,
85239376,REQUEST_FAILED,,,,,
85239453,deadAbandoned,DR. RELIEF,"Dec. 03, 2012","Biotanico, Inc.",,jason@kpc.com
85239496,REQUEST_FAILED,,,,,
85239635,deadAbandoned,FLEXDRIVE,"Mar. 19, 2012",Eonsil Inc.,,
85239560,REQUEST_FAILED,,,,,
85239636,deadAbandoned,HEPATOSYL PLUS,"May 17, 2012","SMITH, BRIAN",,
85239598,REQUEST_FAILED,,,,,
85239624,REQUEST_FAILED,,,,,
85239945,deadAbandoned,TODO LATINO,"Nov. 12, 2012",Simplink Corp,,
85239858,REQUEST_FAILED,,,,,
85240131,REQUEST_FAILED,,,,,
85240644,deadAbandoned,ARTUNG,"Mar. 19, 2012","De Robien, Thibaut",,
85240331,REQUEST_FAILED,,,,,
85240403,REQUEST_FAILED,,,,,
85240713,deadAbandoned,"I AM NOT A CHEF I DID NOT ATTEND LE CORDON BLEU I DON'T WEAR A PUFFY HAT I COOK FOR MY FAMILY, MY FRIENDS, MYSELF. I AM NOT A CHEF I AM A COOK","Mar. 19, 2012",Danica Imports Ltd,,jeremyb@danicaimports.com
85240754,deadAbandoned,PC AND PROUD! PATRIOTIC CONSERVATIVE,"Mar. 19, 2012","Atlantic Marketing Solutions, LLC",,atlanticmktgsoln@aol.com
85240760,deadAbandoned,POLITICAL CORRECTAHOLICS,"Sep. 25, 2012","Atlantic Marketing Solutions, LLC",,atlanticmktgsoln@aol.com
85240673,REQUEST_FAILED,,,,,
85240780,deadAbandoned,PC AND PROUD! PC = PATRIOT CONSERVATIVE,"Sep. 25, 2012","Atlantic Marketing Solutions, LLC",,atlanticmktgsoln@aol.com
85240787,deadAbandoned,WTF = WHERE'S THE FENCE?,"Mar. 19, 2012","Atlantic Marketing Solutions, LLC",,atlanticmktgsoln@aol.com
85240786,deadAbandoned,USAMAZING!,"Mar. 12, 2012","Atlantic Marketing Solutions, LLC",,atlanticmktgsoln@aol.com
85240810,deadAbandoned,Z-INFINITY,"Jul. 04, 2012",Z-Infinity,,mathez@hotmail.com
85240718,REQUEST_FAILED,,,,,
85240791,deadAbandoned,POLITICAL CORRECTOPHOBIA,"Sep. 25, 2012","Atlantic Marketing Solutions, LLC",,atlanticmktgsoln@aol.com
85240928,deadAbandoned,SOUNDSCOPE RECORDS,"Jun. 05, 2012","Obomeghie, Jeffrey",,JLAagency@aol.com
85240972,deadAbandoned,None,"Jun. 28, 2012","OBrien, Tim",,timmyobrien@gmail.com
85240793,REQUEST_FAILED,,,,,
85240812,REQUEST_FAILED,,,,,
85241002,REQUEST_FAILED,,,,,
85241177,deadAbandoned,TASK JOGGER,"Apr. 09, 2012","Paisley, David",,
85241102,deadAbandoned,AVEC MUCH,"Sep. 24, 2012","Arpasi, Whitney L.",,avecmuch@gmail.com
85241036,REQUEST_FAILED,,,,,
85241197,REQUEST_FAILED,,,,,
85241604,deadAbandoned,YES,"Mar. 19, 2012","Cutting Edge Beverages, LLC",,
85241657,deadAbandoned,COMMUNITY PUBLISHER,"Apr. 09, 2012","Kontribune, LLC",,
85241660,deadAbandoned,HTC INCREDIBLE S,"Sep. 24, 2012",HTC Corporation,,kathy.callahan@bracewell.com
85241510,REQUEST_FAILED,,,,,
85241543,REQUEST_FAILED,,,,,
85241824,deadAbandoned,HAIR'S KAY,"May 28, 2012",Hair's Kay Academy of Cosmetology Inc.,,hkacademyct@gmail.com
85241695,REQUEST_FAILED,,,,,
85241817,deadAbandoned,HTC INCREDIBLE S,"Sep. 24, 2012",HTC Corporation,,kathy.callahan@bracewell.com
85241750,deadAbandoned,TWO DOT OH,"Mar. 12, 2012",THE WINE GROUP LLC,,DIJANA.KRISTO@THEWINEGROUP.COM
85241729,REQUEST_FAILED,,,,,
85241992,deadAbandoned,EI TAG,"Oct. 01, 2012","EYELEVEL INTERACTIVE, LLC",,
85241755,REQUEST_FAILED,,,,,
85241842,REQUEST_FAILED,,,,,
85241974,deadAbandoned,EYELEVEL,"Oct. 15, 2012","EYELEVEL INTERACTIVE, LLC",,
85242043,deadAbandoned,HTC SALSA,"Mar. 26, 2012",HTC Corporation,,kathy.callahan@bracewell.com
85242167,deadAbandoned,DERMPROXSYSTEMS,"Jun. 08, 2012",Chemco Corporation,,
85242046,REQUEST_FAILED,,,,,
85242182,deadAbandoned,ITALCAMPUS,"Oct. 29, 2012","Rammairone, Gina",,
85242178,deadAbandoned,SKUNK JARS,"May 24, 2012",Emerald Triangle Enterprises LLC,,
85242188,deadAbandoned,CREW WEST INC. SAT. WEST,"Apr. 09, 2012",Crew West Inc.,,
85242202,deadAbandoned,FOUNDATIONS IN READING,"Oct. 15, 2012","Foundations in Learning, Inc.",,
85242187,deadAbandoned,SCANHR,"Jun. 19, 2012","Morton, James",,
85242110,REQUEST_FAILED,,,,,
85242180,REQUEST_FAILED,,,,,
85242728,deadAbandoned,THE HAPPY COW,"Mar. 19, 2012","750 ML, LLC",,jcooper@domainedecanton.com
85242237,REQUEST_FAILED,,,,,
85242392,REQUEST_FAILED,,,,,
85243117,deadAbandoned,GWENDOLYN LOUISE FELLS-RICHARDSON,"Jul. 01, 2012",Gwendolyn Louise Fells-Richardson,,
85243053,REQUEST_FAILED,,,,,
85243196,REQUEST_FAILED,,,,,
85243211,REQUEST_FAILED,,,,,
85243346,deadAbandoned,CHOIKWANGDO MARTIAL ARTS ASSOCIATION,"Jun. 14, 2012",Choikwangdo Martial Arts Association,,
85243357,deadAbandoned,HOWIES HOT SHOT TOMATO SLAMMER,"May 07, 2012","Helfant, Howard",,
85243275,REQUEST_FAILED,,,,,
85243349,deadAbandoned,BIGHEAD GENIUS,"Jun. 10, 2012","Sharper, James",,
85243352,deadAbandoned,BLUEGRASS RESURRECTION,"Oct. 15, 2012","Eppley Sr, William",,
85243680,deadAbandoned,RAWK,"Jul. 30, 2012","Engel, Wolfgang",,
85243353,REQUEST_FAILED,,,,,
85243741,deadAbandoned,CAL SPAS ISPA,"Aug. 13, 2012",Lloyds IP Holdings LLC,,
85243720,deadAbandoned,AMERICAN SPAS ISPA,"Aug. 13, 2012",Lloyds IP Holdings LLC,,
85243736,deadAbandoned,OC ISPA,"Aug. 13, 2012",Lloyds IP Holdings LLC,,
85243616,REQUEST_FAILED,,,,,
85243845,deadAbandoned,MINITOOL,"Jun. 14, 2012",MiniTool Solution Limited,,
85243742,REQUEST_FAILED,,,,,
85243852,REQUEST_FAILED,,,,,
85243871,REQUEST_FAILED,,,,,
85244479,deadAbandoned,KONKREET,"Jun. 15, 2012",New Generations Ent.,,
85244258,REQUEST_FAILED,,,,,
85244358,REQUEST_FAILED,,,,,
85244502,deadAbandoned,FOUREIGNERS,"Jun. 12, 2012","Hollway, Nathan",,
85244503,deadAbandoned,TEA & THERAPY,"Oct. 15, 2012","Abbasi, Farha",,
85244504,deadAbandoned,PONDER FARMS BRAND FOODS,"Mar. 12, 2012","M & M Italian style foods, Inc.",,carlh@syracusesausage.com
85244437,REQUEST_FAILED,,,,,
85244596,REQUEST_FAILED,,,,,
85244626,REQUEST_FAILED,,,,,
85244706,REQUEST_FAILED,,,,,
85244897,deadAbandoned,WADESAFE,"Mar. 26, 2012",The Guideline Corporation,,Donn@WadeSafe.com
85244842,REQUEST_FAILED,,,,,
85244852,REQUEST_FAILED,,,,,
85245066,deadAbandoned,"BIBLICALLY CORRECT NOT, POLITICALLY CORRECT GOD'S POLITICS ARE THE ONLY POLITICS WE NEED JEREMIAN 42:6 WHETHER IT IS FAVORABLE OR UNFAVORABLE WE WILL OBEY THE LORD OUR GOD","May 28, 2012",Randall Hightower,,biblicallycorrect@ymail.com
85244866,REQUEST_FAILED,,,,,
85245496,deadAbandoned,ISOLATE IT!,"Jun. 02, 2012",The Vibration Solution LLC,,ryozwiak@vibrationsolution.com
85245296,REQUEST_FAILED,,,,,
85245593,deadAbandoned,KIDS NOW ACADEMY,"Apr. 23, 2012","Sanabria, Silvana",,
85245441,REQUEST_FAILED,,,,,
85245589,deadAbandoned,None,"Oct. 22, 2012",ZHENGZHOU HI-TECH VEHICLE LTD.,,tonytune2012@gmail.com
85245611,deadAbandoned,THE WEALTH BUILDER,"Jun. 21, 2012","Leger, Gary",,gleger@legerfinancial.com
85245619,deadAbandoned,THRIFTY PAYLESS DRUGS,"Jun. 21, 2012","Scott Mosher, David",,orders@thriftymaxxretail.com
85245597,deadAbandoned,ENERGYWARE,"Jun. 21, 2012","Dirks, Tobias",,skrid119@gmail.com
85245684,deadAbandoned,RESTFUL LABS,"Apr. 16, 2012","Gemini SBS, LLC",,ahuttler@geminisbs.com
85245608,REQUEST_FAILED,,,,,
85245601,REQUEST_FAILED,,,,,
85245710,REQUEST_FAILED,,,,,
85245792,REQUEST_FAILED,,,,,
85246090,deadAbandoned,IMPLANT DENTISTS ELITE AMERICA CENTERS,"Oct. 22, 2012","Singer, Lawrence",,
85246098,deadAbandoned,HOT MESS,"Apr. 27, 2012","Skinner, Geoffrey Michael Donald",,geoffskinner@gmail.com
85245914,REQUEST_FAILED,,,,,
85246154,deadAbandoned,FASHION SALADE,"Apr. 30, 2012",THE NEW STREETERS PUBLISING LTD,,bamo@fashionsalade.com
85246205,deadAbandoned,GOOD SHEPHERD SENIOR CARE,"Jul. 18, 2012",Good Shepherd Senior Care,,info_manager@goodshepherdcare.net
85246162,REQUEST_FAILED,,,,,
85246293,REQUEST_FAILED,,,,,
85246615,deadAbandoned,POWERED BY WELLNESS,"Apr. 16, 2012","FL Dauern Research, Inc.",,
85246623,deadAbandoned,POWERED BY WELLNESS,"Apr. 16, 2012","FL Dauern Research, Inc.",,
85246625,deadAbandoned,POWERED BY WELLNESS,"Mar. 26, 2012","FL Dauern Research, Inc.",,
85246619,deadAbandoned,POWERED BY WELLNESS,"Apr. 16, 2012","FL Dauern Research, Inc.",,
85246465,REQUEST_FAILED,,,,,
85246633,deadAbandoned,DELIVERING GOODNESS,"Apr. 16, 2012","FL Dauern Research, Inc.",,
85246630,deadAbandoned,DELIVERING GOODNESS,"Apr. 16, 2012","FL Dauern Research, Inc.",,
85246631,deadAbandoned,DELIVERING GOODNESS,"Apr. 16, 2012","FL Dauern Research, Inc.",,
85246532,REQUEST_FAILED,,,,,
85246602,REQUEST_FAILED,,,,,
85246641,deadAbandoned,DELIVERING GOODNESS,"Mar. 26, 2012","FL Dauern Research, Inc.",,
85246627,REQUEST_FAILED,,,,,
85246635,deadAbandoned,DELIVERING GOODNESS,"Apr. 16, 2012","FL Dauern Research, Inc.",,
85246662,REQUEST_FAILED,,,,,
85246932,deadAbandoned,DURA THIN BY TOTALLY BAMBOO SUPER THIN. SUPER STRONG.,"Nov. 05, 2012","Sullivan, Tom",,
85246852,REQUEST_FAILED,,,,,
85246866,REQUEST_FAILED,,,,,
85246876,REQUEST_FAILED,,,,,
85246990,REQUEST_FAILED,,,,,
85247059,REQUEST_FAILED,,,,,
85247199,deadAbandoned,MCOUPON,"Feb. 20, 2012",CellPoint Mobile Inc.,,
85247079,REQUEST_FAILED,,,,,
85247205,deadAbandoned,MYGUITARART,"Apr. 30, 2012",Guitar Framing Company,,
85247202,deadAbandoned,CRESTRON FRAMEWORK,"Jun. 16, 2012",Nomos Software Solutions Srl,,
85247210,deadAbandoned,SOCIAL MEDIA LOGICS,"Dec. 12, 2012","Wust, Frederick",,
85247197,deadAbandoned,LIFE IS SHORT...GETSUM!,"Jun. 14, 2012",GetSum Promotions,,
85247216,deadAbandoned,HYDRO-EXTRACTORS,"Sep. 10, 2012","Travis, John",,
85247218,deadAbandoned,HYDRO-EXTRACTORS,"Sep. 10, 2012","Travis, John",,
85247195,REQUEST_FAILED,,,,,
85247220,REQUEST_FAILED,,,,,
85247223,REQUEST_FAILED,,,,,
85247653,deadAbandoned,OURPETNETWORK,"Mar. 26, 2012",OurPetNetwork LLC,,wbognar@ourpetnetwork.net
85247416,REQUEST_FAILED,,,,,
85247454,REQUEST_FAILED,,,,,
85247689,deadAbandoned,TICC,"Oct. 01, 2012","EDSS, Inc.",,
85247712,REQUEST_FAILED,,,,,
85247724,REQUEST_FAILED,,,,,
85247737,REQUEST_FAILED,,,,,
85247804,deadAbandoned,5 STAR USA,"Sep. 07, 2012",ROBANDA INTERNATIONAL INC.,,
85247859,REQUEST_FAILED,,,,,
85247862,REQUEST_FAILED,,,,,
85247866,REQUEST_FAILED,,,,,
85248031,REQUEST_FAILED,,,,,
85248214,deadAbandoned,STREAKFREE MICROFIBER CLOTH,"Jan. 03, 2012",Spencer T White,,StreakFree@triad.rr.com
85248309,deadAbandoned,BEER BQ SAUCE,"Mar. 23, 2012","Nederfield, Neil",,
85248414,deadAbandoned,PHOTOPAD,"Mar. 15, 2012",NCH Software INC,,alysha.cox@nchsoftware.com
85248131,REQUEST_FAILED,,,,,
85248454,deadAbandoned,MIXPAD,"Mar. 15, 2012",NCH Software INC,,alysha.cox@nchsoftware.com
85248160,REQUEST_FAILED,,,,,
85248504,deadAbandoned,BUTTERNUT,"Nov. 12, 2012","Wiesen, Kenneth",,wiesenlaw@gmail.com
85248376,REQUEST_FAILED,,,,,
85248743,deadAbandoned,THE HEALTHIEST COMPANY ON EARTH,"Apr. 02, 2012","FL Dauern Research, Inc.",,
85248700,deadAbandoned,SEND NORTH AMERICA,"Mar. 09, 2012",Church Doctor Ministries,,traceeswank@churchdoctor.org
85248530,REQUEST_FAILED,,,,,
85248851,deadAbandoned,KARAT GOLD PARTY,"Apr. 16, 2012","Wood, Elizabeth",,ecwood164@comcast.net
85248775,REQUEST_FAILED,,,,,
85248900,REQUEST_FAILED,,,,,
85249049,deadAbandoned,WNEW 1130 AM NEW YORK,"Jul. 18, 2012","Fay, Joseph A.",,
85249050,deadAbandoned,BRAINTRADE EDUCATION SERVICES,"Oct. 15, 2012","Johnson, Richard G.",,
85248976,REQUEST_FAILED,,,,,
85249069,deadAbandoned,DRESS DRY INC,"Oct. 29, 2012","KENNEDY, CHARLES",,
85248996,REQUEST_FAILED,,,,,
85249088,deadAbandoned,KONKREET,"Jun. 15, 2012",New Generations Ent.,,
85249071,REQUEST_FAILED,,,,,
85249072,REQUEST_FAILED,,,,,
85249077,REQUEST_FAILED,,,,,
85249177,REQUEST_FAILED,,,,,
85249298,REQUEST_FAILED,,,,,
85249613,deadAbandoned,VIOLIN COMPLETE,"Oct. 29, 2012","Better Day Wireless, Inc.",,
85249362,REQUEST_FAILED,,,,,
85249422,REQUEST_FAILED,,,,,
85249573,REQUEST_FAILED,,,,,
85249736,REQUEST_FAILED,,,,,
85250027,REQUEST_FAILED,,,,,
85250111,deadAbandoned,LS,"Jun. 15, 2012","Lucidus Sol, LLC",,RWhyte@lucidussol.com
85250109,REQUEST_FAILED,,,,,
85250173,deadAbandoned,SURFTELS,"Jun. 05, 2012","METCALFE, MICHAEL R",,metcalfem@msn.com
85250189,deadAbandoned,EXODUS FINANCIAL PARTNERS,"Apr. 16, 2012","Day, Robbie",,
85250119,REQUEST_FAILED,,,,,
85250215,deadAbandoned,SINERIA,"Mar. 12, 2012",SUN PHARMACEUTICAL INDUSTRIES LIMITED,,rajamallaiah.cirumalla@sunpharma.com
85250167,deadAbandoned,"NUTRI-LIVING ""OPTIMIZING YOUR WELL-BEING AND WEALTH""","Apr. 16, 2012","Joya, Abraham",,
85250226,deadAbandoned,WORD SEARCH,"Jun. 21, 2012",Adar Golad,,kitty@goliathgames.nl
85250193,deadAbandoned,SMART QR CODE,"Jun. 13, 2012",M2Brand Limited,,
85250180,REQUEST_FAILED,,,,,
85250186,REQUEST_FAILED,,,,,
85250408,REQUEST_FAILED,,,,,
85250448,REQUEST_FAILED,,,,,
85250615,REQUEST_FAILED,,,,,
85250764,REQUEST_FAILED,,,,,
85251190,deadAbandoned,NOVIX,"Oct. 22, 2012","Hernandez, Jose",,hema@vedikaglobal.org
85250903,REQUEST_FAILED,,,,,
85250968,REQUEST_FAILED,,,,,
85251090,REQUEST_FAILED,,,,,
85251306,REQUEST_FAILED,,,,,
85251382,deadAbandoned,CHICKEN VS WAFFLE THE WEIGH IN,"Nov. 26, 2012",Hipster Movement,,
85251385,deadAbandoned,MADE4ACAUSE,"Apr. 02, 2012","Adreveno, Linda",,
85251330,REQUEST_FAILED,,,,,
85251393,deadAbandoned,MARINEX,"Oct. 22, 2012","Detailing, Inc.",,
85251392,REQUEST_FAILED,,,,,
85251400,REQUEST_FAILED,,,,,
85251496,REQUEST_FAILED,,,,,
85251787,deadAbandoned,HANK G' (THE G' STANDS FOR GREATNESS),"May 28, 2012","Watson, Henry L.",,Mrbowinkle@yahoo.com
85251991,REQUEST_FAILED,,,,,
85252167,REQUEST_FAILED,,,,,
85252266,REQUEST_FAILED,,,,,
85252342,REQUEST_FAILED,,,,,
85252483,deadAbandoned,ONE PROJECT AT A TIME,"Sep. 24, 2012","Heredia Canales, Rene Alan",,rheredia@rhcproject.com
85252352,REQUEST_FAILED,,,,,
85252486,deadAbandoned,OVIERA,"Feb. 13, 2012","OVIERA SOLAR CO., LTD.",,zhanghonglu@inipa.com
85252372,REQUEST_FAILED,,,,,
85252499,deadAbandoned,CHAT STORE,"Apr. 23, 2012",SayMama Ltd,,
85252503,deadAbandoned,MAXPREPJV.COM,"Oct. 29, 2012","Palmer, James",,
85252507,deadAbandoned,ANGEL CAPITAL GROUP WHERE MONEY MEETS IMAGINATION,"Jul. 10, 2012",Angel Capital Group,,
85252480,REQUEST_FAILED,,,,,
85252509,REQUEST_FAILED,,,,,
85252554,REQUEST_FAILED,,,,,
85252558,REQUEST_FAILED,,,,,
85252623,REQUEST_FAILED,,,,,
85252717,REQUEST_FAILED,,,,,
85252901,deadAbandoned,LIFE-SAVING ZIJIU METHOD,"Jul. 09, 2012","Li, Yan Ming",,
85252911,deadAbandoned,ZONERGY,"Apr. 23, 2012",ZTE Energy Company Limited,,zhaoying@zmtl.com
85252932,deadAbandoned,THRIFTY,"Jul. 06, 2012","Scott mosher goldstein, David",,
85252934,deadAbandoned,AVATAR BOOTCAMP,"Jun. 07, 2012",Panache Desai LLC,,
85252949,deadAbandoned,BEAUTY AIN'T PRETTY,"Oct. 15, 2012","Montagnese, Robert",,
85252950,deadAbandoned,ITALIAN BY INJECTION,"Oct. 29, 2012","Giraudo, Amy",,
85252939,deadAbandoned,MUSIC ADS,"Jul. 05, 2012","Poindexter Jr, Kenneth L",,
85252992,deadAbandoned,BE YOUR OWN KIND OF BEAUTIFUL,"Jun. 06, 2012","Essentia Spa, Aesthetics & Salon",,
85252945,deadAbandoned,LEGACY WILL,"Jul. 06, 2012","Brown, Eden Rose",,
85252912,REQUEST_FAILED,,,,,
85252988,deadAbandoned,INFINIKEY,"Apr. 02, 2012","Spencer, Sabina",,sasuni@aol.com
85252948,REQUEST_FAILED,,,,,
85253199,deadAbandoned,CUCKOOBAG,"Jun. 19, 2012",Mila Farule Raedermacher,,mila@cuckoobag.com
85253098,REQUEST_FAILED,,,,,
85253130,REQUEST_FAILED,,,,,
85253165,REQUEST_FAILED,,,,,
85253307,REQUEST_FAILED,,,,,
85253827,deadAbandoned,ELITE REBUILDABLE CARS,"Jun. 03, 2012","Alexopoulos, Pantelis",,
85253670,deadAbandoned,SAMPLE THE EXCITEMENT,"Apr. 02, 2012",Promo Ink,,
85253752,deadAbandoned,10 MEJORES MAGAZINE,"Jun. 05, 2012","Gomez, Alfredo",,
85253834,deadAbandoned,"PLANETNOMICS ""...BECAUSE THE EARTH IS PRICELESS""","Dec. 03, 2012","hopkins-deacon, roy",,opalroy@mail.com
85253408,REQUEST_FAILED,,,,,
85253990,deadAbandoned,BRAINSMATCH,"Apr. 16, 2012",BrainsMatch Corporation,,julius@brainsmatch.com
85253849,REQUEST_FAILED,,,,,
85253895,REQUEST_FAILED,,,,,
85254153,deadAbandoned,II BROTHERS',"Jul. 05, 2012","II Brothers Bar & Grill, LLC",,
85254162,deadAbandoned,NEOSWEAT,"Oct. 15, 2012","Perry, Michael",,
85253994,REQUEST_FAILED,,,,,
85254134,REQUEST_FAILED,,,,,
85254144,REQUEST_FAILED,,,,,
85254173,REQUEST_FAILED,,,,,
85254329,REQUEST_FAILED,,,,,
85254361,deadAbandoned,GOT LIQUOR,"Oct. 17, 2012",E AND M CORPORATION OF MIAMI,,CARLOSPEREZSERVICE@YAHOO.COM
85254454,REQUEST_FAILED,,,,,
85254674,deadAbandoned,"CONVERSATIONS ON THE R.E.D. - RACE, ETHNICITY & DIVERSITY","Jun. 16, 2012",Gerbett Diversity Consulting,,
85254512,REQUEST_FAILED,,,,,
85254919,deadAbandoned,SHREDNECK,"Apr. 16, 2012","Lunsford, Edwin",,
85254593,REQUEST_FAILED,,,,,
85255028,deadAbandoned,GRUMPY LUMPY,"Nov. 26, 2012",Crimson Oak Publishing LLC,,
85254948,deadAbandoned,CHANGING THE WORLD ONE SMOOTHIE AT A TIME,"Apr. 16, 2012","Nutrition53, Inc.",,
85254801,REQUEST_FAILED,,,,,
85255084,deadAbandoned,BALANCED RISK MANAGEMENT,"Jun. 29, 2012","OPTIMAL ASSURANCE, INC.",,
85255002,REQUEST_FAILED,,,,,
85255087,REQUEST_FAILED,,,,,
85255089,REQUEST_FAILED,,,,,
85255129,REQUEST_FAILED,,,,,
85255146,REQUEST_FAILED,,,,,
85255264,deadAbandoned,"START LIVING HEALTHY TODAY START WITH OMEGA HEMP SEEDS, ALL THE ESSENTIAL AMINO ACIDS & ESSENTIAL FATTY ACIDS NECESSARY TO MAINTAIN HEALTHY HUMAN LIFE (OMEGA 3(DHA & EPA)OMEGA 6(LA, GLA, DLA, AA)OMEGA 9(OA) PROTEINS","Jul. 18, 2012","Faltesek, Charles",,
85255277,deadAbandoned,CHOUCHOU-PARIS,"Aug. 30, 2012","Scemla, Muriel",,
85255196,REQUEST_FAILED,,,,,
85255241,REQUEST_FAILED,,,,,
85255422,deadAbandoned,LAPPING BOX,"Oct. 25, 2012","Bennett, John David",,johnbennett20@hotmail.com
85255280,REQUEST_FAILED,,,,,
85255457,deadAbandoned,RFFLEX,"Feb. 14, 2012",SV Microwave,,kjohnson@svmicro.com
85255372,REQUEST_FAILED,,,,,
85255600,deadAbandoned,RFFORTLESS,"Apr. 18, 2012",SV Microwave,,kjohnson@svmicro.com
85255696,deadAbandoned,PCG,"Jan. 11, 2012","Vinyard, Richard",,rick@pcgbr.com
85255499,REQUEST_FAILED,,,,,
85255639,REQUEST_FAILED,,,,,
85255706,REQUEST_FAILED,,,,,
85255754,REQUEST_FAILED,,,,,
85255762,REQUEST_FAILED,,,,,
85255963,REQUEST_FAILED,,,,,
85256305,deadAbandoned,"SEARCH, REGISTER, PROTECT","Apr. 16, 2012","Lehman, Amanda",,nospam@benandmandy.com
85256261,REQUEST_FAILED,,,,,
85256344,deadAbandoned,SMARTRANK,"Mar. 07, 2012",Kendall Enmi S,,enmisung@gmail.com
85256293,REQUEST_FAILED,,,,,
85256420,deadAbandoned,PLATINUM JUNGLE,"Apr. 16, 2012","FLOWERS, ALBERT",,
85256418,deadAbandoned,BUILTINBREAKINGPOINT,"Mar. 10, 2012","Eichinger, Stefan",,
85256446,deadAbandoned,SPEED - TECH,"Apr. 16, 2012",GRT Development Pty Ltd,,
85256412,deadAbandoned,UNEMPLOYED WINNER,"Apr. 16, 2012","Ryan, Kyle",,
85256449,deadAbandoned,AFRICAN AMERICAN WALLS OF HONOR,"Aug. 16, 2012","Hackney, Everett",,
85256448,deadAbandoned,MY MELO MY MAN,"Aug. 03, 2012","Samuel Jr, Richard",,
85256457,deadAbandoned,DJJEFE,"Jun. 28, 2012","Dunn, Jeff",,
85256410,REQUEST_FAILED,,,,,
85256439,deadAbandoned,EUSTRESS,"Jun. 22, 2012","Brooks, Robin",,
85256465,deadAbandoned,NEXT LEVEL BAND,"Nov. 19, 2012","Terrell, Melvin",,
85256470,deadAbandoned,LEDTALKS,"Nov. 05, 2012","Li, Guangxi",,
85256626,deadAbandoned,3D TENSOR TECHNOLOGY,"Feb. 16, 2012",Bio-Nature Laboratories LLC,,
85256433,REQUEST_FAILED,,,,,
85256475,deadAbandoned,JUST COS YOU CAN DON'T MEAN YOU SHOULD.COM,"Apr. 16, 2012","Lowey, Kathryn",,
85256637,deadAbandoned,THE SPORTS WRAP,"Apr. 16, 2012","ANGR Holdings, LLC",,
85256476,deadAbandoned,THE STRONGEST MUSCLE IN YOUR BODY IS YOUR BRAIN.YOU MUST ENHANCE AND ENRICH YOUR LIFE TO PROSPER,"Apr. 16, 2012","Robinson, Arthur",,
85256454,REQUEST_FAILED,,,,,
85256670,deadAbandoned,REVOLUTION TACOS,"Apr. 30, 2012","ANGR Holdings, LLC",,
85256705,deadAbandoned,GRILL'BILLIES,"Apr. 16, 2012","ANGR Holdings, LLC",,
85257006,deadAbandoned,SUNFIBER,"Apr. 16, 2012",DANIEL BENCHETRIT,,
85256969,REQUEST_FAILED,,,,,
85257561,deadAbandoned,NAVIGUIDES,"Apr. 09, 2012","FableVision, Inc.",,
85257399,REQUEST_FAILED,,,,,
85257552,deadAbandoned,TREAT WITH A TREAT,"Apr. 09, 2012",Alleva Animal Health Limited,,robert.holmes@alleva.co.nz
85257509,REQUEST_FAILED,,,,,
85257595,REQUEST_FAILED,,,,,
85257675,deadAbandoned,"GET FADED, BLOWN, AND NAILED","Apr. 16, 2012","Tayara, Shafic",,
85257684,deadAbandoned,NAPACABS,"Jul. 09, 2012","Napacabs, Inc.",,tom@napacabs.com
85257661,deadAbandoned,LUMINOUS GUIDANCE,"Feb. 13, 2012",Victoria Mercedes Perez,,webmaster@luminousguidance.com
85257673,deadAbandoned,"2B DESIGN, INC.","Jun. 15, 2012","2B Design, Inc.",,
85257690,deadAbandoned,TOWEL-CICLE,"Apr. 16, 2012","De Leeon, Juan",,
85257619,REQUEST_FAILED,,,,,
85257640,REQUEST_FAILED,,,,,
85257695,deadAbandoned,GIRL POWER,"Jun. 08, 2012","Mahoney, Erin",,erinpathways@comcast.net
85257715,deadAbandoned,KIDS KLUB,"Oct. 29, 2012","Optical Prescription Lab, Inc.",,
85257737,deadAbandoned,DEBAUCH,"Apr. 16, 2012",Capitus Pte Ltd,,ianpeaceful@me.com
85257812,deadAbandoned,SONERGY,"Apr. 16, 2012","CH Laboratories, Inc.",,
85257757,deadAbandoned,WIKIJOB,"Jun. 02, 2012",WikiJob Ltd,,Ed@wikijob.co.uk
85257719,REQUEST_FAILED,,,,,
85258021,deadAbandoned,PALLET CONNECTION,"Apr. 23, 2012","Van Der Toorn, LuAnne J",,stevesr@southwestforestproducts.com
85258050,deadAbandoned,STERLING DENTAL CARE,"Jul. 06, 2012","Papageorgiou, Nicholas",,
85258103,deadAbandoned,PURCAPTURE,"Apr. 23, 2012","Purtein, LLC",,david.park@purtein.com
85258081,deadAbandoned,BE FIT WEIGHT MANAGEMENT PROGRAM,"Apr. 23, 2012","Young, Dana",,
85258046,REQUEST_FAILED,,,,,
85258307,deadAbandoned,THE CORE DJ'S,"Apr. 23, 2012","Neal, Anthony",,
85258339,deadAbandoned,WORLD POLO TOUR WPT,"Oct. 31, 2012","POLO LINE, INC.",,agustinithurralde@hotmail.com
85258412,deadAbandoned,SHAVE SHACK,"Apr. 16, 2012","Lilja, Paul",,
85258270,REQUEST_FAILED,,,,,
85258301,REQUEST_FAILED,,,,,
85258481,deadAbandoned,BAD BALLET,"Apr. 23, 2012","Sena, Kathy",,
85258534,deadAbandoned,MAGNOLIA COFFEE COMPANY,"Jun. 28, 2012",Sipperior Holdings,,
85258472,REQUEST_FAILED,,,,,
85258583,deadAbandoned,PASS THE CHARLIE,"Apr. 23, 2012","Ryan, Kyle",,
85258602,deadAbandoned,ITS CHARLIE TIME,"Apr. 23, 2012","Ryan, Kyle",,
85258591,REQUEST_FAILED,,,,,
85258710,REQUEST_FAILED,,,,,
85258735,REQUEST_FAILED,,,,,
85258794,deadAbandoned,BE SEEN. BE HEARD. BE FOR CHANGE.,"Oct. 29, 2012","GenerationEcho.Com, Inc.",,
85258800,deadAbandoned,TXTIT MOBILE MARKETING,"Nov. 26, 2012","Kelley, Albert",,
85258801,deadAbandoned,HERBAL WISDOM,"Apr. 23, 2012",Innovation by Nature LLC,,
85258751,REQUEST_FAILED,,,,,
85258790,deadAbandoned,9-11 MEMORIAL POST 2001 AMERICAN LEGION,"Apr. 16, 2012",9-11 Memorial Post 2001 American Legion,,
85258812,deadAbandoned,HERBAL WISDOM,"Apr. 23, 2012",Innovation by Nature LLC,,
85258788,REQUEST_FAILED,,,,,
85258802,deadAbandoned,ADSTAFF,"Jul. 04, 2012","Frazier, Stephen",,
85258824,deadAbandoned,'IN THE HOUSE' SPECIALTIES,"Apr. 20, 2012","Becker, Peter M",,
85258814,deadAbandoned,INTEGRITY METAL INC AMERICA'S STRENGTH STARTS WITH YOUR BUSINESS BUYERS OF SCRAP METAL,"Oct. 29, 2012",Integrity Metal Inc.,,
85258849,deadAbandoned,L J'S GRAND MA MA'S SNACKS,"Jun. 07, 2012","PRIMO PRODUCTS, LLC",,dottiemeister@gmail.com
85258807,REQUEST_FAILED,,,,,
85258823,REQUEST_FAILED,,,,,
85258845,REQUEST_FAILED,,,,,
85259007,deadAbandoned,POD GLOBAL,"Apr. 25, 2012",Pod Global llc,,lee@podglobal.com
85258866,REQUEST_FAILED,,,,,
85259064,deadAbandoned,OVERTOWN,"Jan. 06, 2012",INTENSIVE INDUSTRIA TEXTIL LTDA ME,,mail2fqs@yahoo.com.br
85259070,deadAbandoned,PINKIN,"Jan. 06, 2012",INTENSIVE INDUSTRIA TEXTIL LTDA ME,,mail2fqs@yahoo.com.br
85259068,deadAbandoned,ACQUABRAVA,"Jan. 06, 2012",INTENSIVE INDUSTRIA TEXTIL LTDA ME,,mail2fqs@yahoo.com.br
85259060,REQUEST_FAILED,,,,,
85259091,REQUEST_FAILED,,,,,
85259312,deadAbandoned,SANDAISY,"Apr. 30, 2012","Howell, Jacquelyn",,
85259306,deadAbandoned,FUTURE AUTOMATION,"Oct. 29, 2012",Future Sound & Vision Ltd,,ollie@futureautomation.co.uk
85259317,deadAbandoned,ILUSION,"Apr. 16, 2012",BusinessB,,
85259243,REQUEST_FAILED,,,,,
85259377,deadAbandoned,A&B GARLIC MARINADE,"May 14, 2012","Boyle, Tricia L.",,a.b.garlicmarinade@gmail.com
85259579,deadAbandoned,MIKE & DANI,"Mar. 12, 2012",Mike & Dani,,
85259739,deadAbandoned,UINTAH D,"Nov. 08, 2012","UINTAH PARTNERS, LLC",,
85259614,REQUEST_FAILED,,,,,
85259870,REQUEST_FAILED,,,,,
85259871,REQUEST_FAILED,,,,,
85259939,REQUEST_FAILED,,,,,
85260245,REQUEST_FAILED,,,,,
85260314,deadAbandoned,KK KOTTON KLUB THE ROOT OF GREATNESS,"Apr. 25, 2012",Around Tha Corner LLC,,aroundthacorner.llc@gmail.com
85260282,REQUEST_FAILED,,,,,
85260331,deadAbandoned,YES365,"Apr. 23, 2012",Jody Cloud,,jodycostarica@gmail.com
85260285,REQUEST_FAILED,,,,,
85260287,REQUEST_FAILED,,,,,
85260447,deadAbandoned,RESILIENCY EDUCATION SKILLS TRAINING,"Jul. 05, 2012","Cohen-Stahl, Jacqueline",,
85260439,deadAbandoned,YO YO'S FROZEN YOGURT & MORE,"Jul. 31, 2012","Johnson, Carlton",,cglenn@gmail.com
85260381,deadAbandoned,WHITECITYLIGHT,"Aug. 29, 2012","de Boos-Smith, Damian P",,damian@soundplanet.com.au
85260446,REQUEST_FAILED,,,,,
85260468,deadAbandoned,LYNNWOOD COLLECTION,"Apr. 30, 2012",Ray Lynn Inc.,,
85260488,deadAbandoned,DESERVE 2 SERVE,"Nov. 05, 2012","Cigno, Antonio",,
85260510,deadAbandoned,ARCANE ARCADE RECORDS,"May 07, 2012",Liquid Spin Records LLC,,
85260459,REQUEST_FAILED,,,,,
85260484,deadAbandoned,VINTAGE BALDERDASH,"Jul. 05, 2012","Horne, Ryan",,
85260695,deadAbandoned,SUPPLEMENT CHARGE,"Jan. 22, 2012","Markit Health, LLC",,steelbreezemarketing@comcast.net
85260734,deadAbandoned,SHAPE YOUR BODY. SHAPE YOUR LIFE.,"Apr. 23, 2012",Shape Inc,,
85260597,REQUEST_FAILED,,,,,
85260913,deadAbandoned,FIT UR MOOD,"Apr. 23, 2012","Doing His Work First, Inc.",,
85260778,deadAbandoned,9 & DINE,"Apr. 16, 2012","9 & Dine, LLC",,
85261275,deadAbandoned,BUILDING RELATIONSHIPS BY DOING WHAT'S RIGHT.,"Jul. 10, 2012","GCG Wealth Management, Inc.",,shall@gcgwm.com
85261413,deadAbandoned,O.N.E. INC. FASHION OFFICIAL NUMBER-1 ENTERTAINMENT,"May 21, 2012",O.N.E. Inc. Fashion,,
85260855,REQUEST_FAILED,,,,,
85261126,REQUEST_FAILED,,,,,
85261410,REQUEST_FAILED,,,,,
85261564,REQUEST_FAILED,,,,,
85261600,REQUEST_FAILED,,,,,
85261686,deadAbandoned,SCREENARY,"May 07, 2012","Parker, Wilbert",,
85261679,deadAbandoned,GENES VITAMIN E CREME SWISS COLLAGEN COMPLEX,"Jul. 23, 2012","Cremonini, Barbara",,
85261673,REQUEST_FAILED,,,,,
85261706,deadAbandoned,EZYIP,"Jul. 11, 2012","Axia Technology Partners, LLC",,
85261727,deadAbandoned,EMARKETBOXX,"Apr. 23, 2012","Southern Retail Systems, LLC",,
85261702,deadAbandoned,THE SMART CONCIERGE,"Apr. 23, 2012","R Smith Printing, Inc.",,
85261884,deadAbandoned,ACHILLES HEEL,"Apr. 23, 2012",THE WINE GROUP LLC,,DIJANA.KRISTO@THEWINEGROUP.COM
85261883,REQUEST_FAILED,,,,,
85261995,REQUEST_FAILED,,,,,
85262102,REQUEST_FAILED,,,,,
85262255,deadAbandoned,TXT IT M 2 MOBILE MARKETING,"Nov. 05, 2012","Kelley, Albert",,
85262424,deadAbandoned,RAIN WHISPER,"May 14, 2012","Corrales, Max",,
85262248,REQUEST_FAILED,,,,,
85262498,deadAbandoned,WMBA WOMEN'S MASTER OF BUSINESS ADVANCEMENT,"May 07, 2012",Promo Ink,,
85262262,REQUEST_FAILED,,,,,
85262261,REQUEST_FAILED,,,,,
85262635,deadAbandoned,A BOY'S DREAM,"Oct. 29, 2012",A Boys Dream Inc,,
85262593,deadAbandoned,MONGOLIAN PIZZA,"Apr. 17, 2012","Frey, Daniel",,
85262485,REQUEST_FAILED,,,,,
85262671,deadAbandoned,HOONTOONS,"Apr. 23, 2012","Walsh, John",,
85262565,REQUEST_FAILED,,,,,
85262681,deadAbandoned,TRENTO,"May 18, 2012",GOMEZ CANTU ALEJANDRA,,svargas@crisa.com.mx
85262762,deadAbandoned,MOSCOW GIRL,"Sep. 03, 2012","GREEN DEAL, LLC",,
85262678,REQUEST_FAILED,,,,,
85262870,deadAbandoned,AMECARE,"Mar. 12, 2012",GoldWEI Corporation,,jjwei9@gmail.com
85262838,REQUEST_FAILED,,,,,
85262859,REQUEST_FAILED,,,,,
85262905,deadAbandoned,VANITY PHARMACY,"Jun. 18, 2012","Hernandez, Juan F",,
85262902,deadAbandoned,TOFU,"Jul. 18, 2012",JS Encounter,,
85262915,deadAbandoned,BETTER THAN BEING THERE,"Sep. 10, 2012",Sentient Computing,,
85262899,REQUEST_FAILED,,,,,
85262903,REQUEST_FAILED,,,,,
85262914,REQUEST_FAILED,,,,,
85263248,deadAbandoned,HELMET TO HELMET,"Oct. 22, 2012","Huth, Garrett M",,ghuth@hotmail.com
85263337,deadAbandoned,SOIL-PONICS,"Oct. 22, 2012","3-MMM Enterprises, LLC",,
85263386,deadAbandoned,HORROCK & ROLL,"Apr. 23, 2012",GUISA KOESTINGER PABLO,,ivan.cardenas@agk.mx
85263420,deadAbandoned,"YOU MAKE IT, WE BAKE IT","Apr. 23, 2012","Frey, Daniel",,
85263181,REQUEST_FAILED,,,,,
85263330,REQUEST_FAILED,,,,,
85263522,deadAbandoned,V VOCABATHON,"Dec. 10, 2012","Louise-Julie, Ann Maureen",,glouisejulie@yahoo.com
85263373,REQUEST_FAILED,,,,,
85263379,REQUEST_FAILED,,,,,
85263503,deadAbandoned,ACI ALL CASTING INDUSTRIES,"Nov. 19, 2012",ACI All Casting Industries,,
85263768,deadAbandoned,LEANERSHIP,"Apr. 23, 2012","Botha, William",,
85263816,deadAbandoned,SCIENCESCAPE,"Dec. 10, 2012",Sciencescape Inc.,,
85263843,deadAbandoned,KEEP AUSTIN GEARED,"Oct. 29, 2012","Austin's Transmission and Clutch, Inc",,
85263702,REQUEST_FAILED,,,,,
85263963,deadAbandoned,CONSULTATIVE SELLING,"Jul. 12, 2012","Zizmor, Alexandra",,
85263814,REQUEST_FAILED,,,,,
85264081,deadAbandoned,GAS TRAC,"Jun. 29, 2012",MS FUEL INC.,,
85264095,deadAbandoned,S.O.A.P. NOTES,"Nov. 12, 2012","Lee, Sydney",,
85264099,deadAbandoned,PERFECT POCKET SQUARE,"Jun. 24, 2012","BOONE, JB",,
85264076,deadAbandoned,SPEED TO KNOWLEDGE!,"Sep. 08, 2012",SaLTBOX Services LLC,,
85264078,deadAbandoned,REBIRTH,"Sep. 11, 2012",Rebirth Inc Limited,,info@rebirthcollection.com
85264089,deadAbandoned,WHO DOES THAT?,"Apr. 23, 2012","Pari, Richard",,
85264102,deadAbandoned,DAVID KLINE AUTO,"Jul. 04, 2012","Kline, David",,
85264118,deadAbandoned,SILVERFOX LIMOS,"Jul. 21, 2012","Weymann, James",,
85264320,deadAbandoned,HOUSE GOLF,"Jul. 16, 2012","Francis, Blake W",,blakefrancis@gmail.com
85264112,REQUEST_FAILED,,,,,
85264307,REQUEST_FAILED,,,,,
85264530,deadAbandoned,BUFFALO FLAMING BAR & GRILL,"Jul. 16, 2012","Corral, Angel",,
85264486,deadAbandoned,BLAK ICZ,"Apr. 23, 2012","Jenkins, Zurn",,
85264731,deadAbandoned,STYLE SENSO,"Apr. 30, 2012",STYLE SENSO LLC,,TERESA.SLUITER@GMAIL.COM
85264464,REQUEST_FAILED,,,,,
85264898,deadAbandoned,LE JOTO,"Jul. 04, 2012",SUPER GEMS JEWELRY INC.,,SUPERGEMS888@HOTMAIL.COM
85264590,REQUEST_FAILED,,,,,
85264611,REQUEST_FAILED,,,,,
85264736,REQUEST_FAILED,,,,,
85265233,deadAbandoned,YITFITS,"Apr. 23, 2012",Yitfits,,smith_trintus@hotmail.com
85265188,REQUEST_FAILED,,,,,
85265304,deadAbandoned,DONNA MATRIX,"Jul. 06, 2012","Goode, Sandra",,goodegirl@centurylink.net
85265340,deadAbandoned,TUTU,"Nov. 05, 2012",Tutudo Inc,,
85265341,deadAbandoned,V-ACTIVE,"Apr. 23, 2012",Chram Inc.,,
85265335,deadAbandoned,OFFLINE,"Apr. 23, 2012","McGeary Snider, Martha",,
85265342,deadAbandoned,BRAIN FREEZE FROZEN YOGURT,"Jul. 18, 2012","Kettenhofen, Mark",,
85265296,REQUEST_FAILED,,,,,
85265334,deadAbandoned,MAGIC CHARLIE BALL,"Jul. 10, 2012","IckyG,LLC",,
85265324,REQUEST_FAILED,,,,,
85265484,deadAbandoned,COLONETIX,"Jan. 03, 2012","E Nutrition Research, LLC",,
85265414,REQUEST_FAILED,,,,,
85265445,REQUEST_FAILED,,,,,
85265478,REQUEST_FAILED,,,,,
85265490,REQUEST_FAILED,,,,,
85265561,deadAbandoned,NEIGHBORHEARD,"May 14, 2012","Web Pioneers, LLC",,torygsmith@gmail.com
85265624,deadAbandoned,CASHIMOTO,"Apr. 23, 2012",Wang Christie,,christie@cashimoto.com
85265535,REQUEST_FAILED,,,,,
85265596,REQUEST_FAILED,,,,,
85265711,deadAbandoned,ONEAL,"Jul. 09, 2012",KAI YUAN LIMITED,,info.info168@gmail.com
85265683,REQUEST_FAILED,,,,,
85265691,REQUEST_FAILED,,,,,
85265890,deadAbandoned,THE TECHNOLOGY ARCHITECTS,"Mar. 08, 2012",AVSI Group,,thomas.hull@avsigroup.com
85265829,REQUEST_FAILED,,,,,
85265874,REQUEST_FAILED,,,,,
85266011,REQUEST_FAILED,,,,,
85266104,deadAbandoned,YOU LOOK LIKE YOU NEED TO BE PUT IN A HEAD LOCK,"Sep. 24, 2012","Smith, Thomas E.",,smittygritty@gmail.com
85266058,REQUEST_FAILED,,,,,
85266145,REQUEST_FAILED,,,,,
85266433,REQUEST_FAILED,,,,,
85266608,REQUEST_FAILED,,,,,
85266785,deadAbandoned,CHIHUAHUITA,"Mar. 14, 2012",QUESERIA CHIHUAHUITA SA DE CV,,contact@chihuahuita.com.mx
85266812,deadAbandoned,HEIST BREWING COMPANY,"Jul. 02, 2012",Kurt Hogan,,Kurt.Hogan@gmail.com
85266725,REQUEST_FAILED,,,,,
85266825,deadAbandoned,KINTAB,"Feb. 22, 2012",Eavoo Info Tech Limited,,cvym@hotmail.com
85266857,deadAbandoned,PLANET MINERALS,"Oct. 29, 2012","Benveniste, Paul",,
85266870,deadAbandoned,NEW SCHOOL NETWORKER,"May 21, 2012","Sims, Dino",,
85266879,deadAbandoned,VIGAREXX,"Aug. 02, 2012","Wong, Seng",,willie_w@tm.net.my
85266824,REQUEST_FAILED,,,,,
85266896,deadAbandoned,LUV-STAR MUSIC,"Nov. 19, 2012","Carodine, James",,
85266881,deadAbandoned,BODYRIGHT,"Apr. 30, 2012","Bailey, Brian",,
85266878,REQUEST_FAILED,,,,,
85267010,deadAbandoned,GUITAR COMPLETE,"Oct. 29, 2012","Better Day Wireless, Inc.",,
85267274,REQUEST_FAILED,,,,,
85267557,deadAbandoned,TOOGREEDYENT,"Nov. 19, 2012","Isaacs, Michael",,
85266836,REQUEST_FAILED,,,,,
85267533,deadAbandoned,E.M.C. EXECUTIVE MUSIC COMPANY,"Nov. 05, 2012","Executive Music Group, LLC",,
85267627,deadAbandoned,URUAPAN,"Jul. 13, 2012",Charandas Finas de Uruapan S.A. de C.V.,,leopoldo@businessclon.com
85267891,deadAbandoned,TOTEM E L E M E N T S E R I E S,"Oct. 29, 2012",Vince Buzzese,,
85267872,deadAbandoned,ACT FASTENING SOLUTIONS,"Jul. 11, 2012","Advanced Cable Ties, Inc.",,
85267944,deadAbandoned,THE TEE SPOT,"Apr. 24, 2012","Educator Concepts, Inc.",,gail@theteespot.com
85267787,REQUEST_FAILED,,,,,
85267946,deadAbandoned,GOING GREEN? YEAH. BAKKEN GREEN!,"Nov. 12, 2012","Todd's Consulting, Inc.",,
85267904,REQUEST_FAILED,,,,,
85267920,REQUEST_FAILED,,,,,
85268037,deadAbandoned,ZIPPY,"Apr. 30, 2012","White, Charles",,
85268065,deadAbandoned,NATIONAL BUSINESS COUNCIL NBC,"Jul. 25, 2012",NATIONAL BUSINESS COUNCIL LLC,,
85267945,REQUEST_FAILED,,,,,
85268039,deadAbandoned,DOORS4LESS,"Jan. 17, 2012","Movshovitz, Dina",,doors4less@aol.com
85268047,deadAbandoned,BEE DISCOVERED,"Mar. 09, 2012","Mrkic, Predrag",,
85268079,deadAbandoned,None,"Apr. 30, 2012","White, Charles",,
85268085,deadAbandoned,DRINK POINT,"Jun. 04, 2012","Fruition Capital, LLC",,
85268097,deadAbandoned,TURKEY FREAKS,"Nov. 12, 2012",Kisky Productions LLC,,
85268149,deadAbandoned,I LUV MY MATTRESS,"Jul. 05, 2012",Perfect Mattress Inc,,
85268073,REQUEST_FAILED,,,,,
85268176,REQUEST_FAILED,,,,,
85268269,REQUEST_FAILED,,,,,
85268524,deadAbandoned,WILD THING,"Apr. 23, 2012","Cutting Edge Beverages, LLC",,
85268544,deadAbandoned,RHINEBOND,"Apr. 30, 2012",Mulk Holdings FZC,,
85268415,deadAbandoned,EF EUGENIA'S FASHION WWW.EUGENIASFASHION.COM,"May 21, 2012",Eugenia's Fashion,,
85268514,deadAbandoned,"VALUE CONNECTION, MOMENTUM CLARIFICATION, RESOURCE CONVERGENCE, ENVISAGE, FAMILY FIRST FINANCIAL MEETING","May 14, 2012",George Villa,,guthrie@villatax.com
85268607,deadAbandoned,BAROQUE & HEARTS,"Apr. 30, 2012","Allen, Faith",,
85268344,REQUEST_FAILED,,,,,
85268540,deadAbandoned,AQUÍ TIENES TODO,"May 14, 2012",Ayala Jorge Luis,,jorge@ayalacom.net
85268543,deadAbandoned,WILD THING,"Apr. 23, 2012","Cutting Edge Beverages, LLC",,
85268912,deadAbandoned,GRIZZINATOR,"May 21, 2012","Jennen, Gregory",,
85268661,deadAbandoned,360ACO,"Oct. 22, 2012","MedHOK HealthCare Solutions, LLC",,
85268932,deadAbandoned,NO PROFESSIONAL LEFT BEHIND,"May 07, 2012","Minassian, Samuel",,
85269001,deadAbandoned,DIGITAL FOUNDATION OF THE HOME,"Jun. 08, 2012","ANLA, Inc.",,trevor@accessca.com
85268823,REQUEST_FAILED,,,,,
85268963,REQUEST_FAILED,,,,,
85269121,deadAbandoned,"""OUR WORK IS OUR REFERENCE""","Apr. 30, 2012","Katy Contractors, LLC",,
85268997,REQUEST_FAILED,,,,,
85269118,deadAbandoned,HELPING YOU HELP HUMANITY,"Apr. 02, 2012","Adreveno, Linda",,
85269130,deadAbandoned,VENDOR IQ,"May 14, 2012","VendorIQ Management, LLC",,
85269149,deadAbandoned,STROOLL,"Jun. 18, 2012","YOTA, SARL",,
85269151,deadAbandoned,WHISPERART MEDIA PRODUCTIONS,"May 21, 2012",WhisperArt Ministry,,
85269126,REQUEST_FAILED,,,,,
85269129,REQUEST_FAILED,,,,,
85269144,deadAbandoned,OLIVE BROWN DESIGNS,"Nov. 12, 2012","Nishti-McCauley, Jenny",,
85269173,deadAbandoned,PHYSIXNUTRITION,"Apr. 30, 2012",Physixnutrition.LLC,,
85269135,REQUEST_FAILED,,,,,
85269411,deadAbandoned,AIM,"Jan. 24, 2012","Application Experts, LLC",,jeff.vahrenwald@app-x.com
85269371,deadAbandoned,APP · X,"Jan. 24, 2012","Application Experts, LLC",,jeff.vahrenwald@app-x.com
85269625,deadAbandoned,ARTRIFIN,"Jul. 10, 2012",GRUPO SANAMEX LLC,,ssaul@promesapdi.com
85269794,deadAbandoned,SUPER CRITICAL FISH OIL,"May 28, 2012",EVEREST NUTRITION CORP,,bipin@everestnutrition.com
85269821,deadAbandoned,EVEREST NUTRITION JOINT EASE,"Mar. 12, 2012",EVEREST NUTRITION CORP,,bipin@everestnutrition.com
85269440,REQUEST_FAILED,,,,,
85269624,REQUEST_FAILED,,,,,
85269983,deadAbandoned,GIRLSWEEKEND.COM,"Apr. 23, 2012","Bork, Seth",,
85270020,deadAbandoned,APPRECIATION MARKETING,"Jul. 05, 2012","Wyatt, Tommy",,
85269654,REQUEST_FAILED,,,,,
85269948,REQUEST_FAILED,,,,,
85270047,REQUEST_FAILED,,,,,
85270347,deadAbandoned,DRYSHINE BEAUTIFY RESTORE PROTECT,"Aug. 10, 2012","Advanced Technology Solutions International, LLC",,
85270356,deadAbandoned,HAPPTY,"Apr. 30, 2012",Happty Pty Ltd,,
85270312,deadAbandoned,ANAHUAC,"Jul. 12, 2012","Plantas Medicinales Anahuac, S.A de C.V",,
85270442,REQUEST_FAILED,,,,,
85270521,REQUEST_FAILED,,,,,
85270822,deadAbandoned,PLUM DIET,"Feb. 05, 2012",CSD Innovations,,all@csdinnovations.com
85270739,REQUEST_FAILED,,,,,
85270776,REQUEST_FAILED,,,,,
85270840,deadAbandoned,BLACK ANT,"Feb. 07, 2012",Thalasso Spa,,d@planetbandwidth.com
85270850,deadAbandoned,POLVERINI,"Dec. 03, 2012",Alywind Inc.,,
85271049,deadAbandoned,IJL FINANCIAL ADVISORS LLC,"May 16, 2012","Triune Capital Avisors, LLC",,
85271035,deadAbandoned,VENUEFEAST,"Nov. 19, 2012",Kundalini Pictures LLC,,
85270877,deadAbandoned,MIAPRENDA,"Oct. 08, 2012","Miaprenda, LLC",,savensow@live.com
85270897,REQUEST_FAILED,,,,,
85271205,deadAbandoned,LA PROFECIA,"Nov. 12, 2012","Rivas, Erick",,
85271207,deadAbandoned,DRIFT ASYLUM,"Apr. 30, 2012","Hurtado, Scott",,
85271240,deadAbandoned,BONSALUS,"Mar. 26, 2012","FL Dauern Research, Inc.",,
85271075,REQUEST_FAILED,,,,,
85271081,REQUEST_FAILED,,,,,
85271279,deadAbandoned,REVIVE,"Jun. 05, 2012",7 Acres LLC,,
85271221,REQUEST_FAILED,,,,,
85271290,deadAbandoned,PALM BEACH ISLAND DIET,"Nov. 26, 2012","McKamey, Patrick",,
85271251,REQUEST_FAILED,,,,,
85271372,deadAbandoned,HYDRA RENEWABLE ENERGY SYSTEM,"Dec. 03, 2012","Lacroix, Jean",,
85271431,deadAbandoned,FRESHSMILE,"Jul. 09, 2012","Shenzhen Risun Technology Co., Ltd.",,
85271424,deadAbandoned,ACNEPILL,"Jul. 11, 2012",Loma Lux Laboratories,,
85271367,REQUEST_FAILED,,,,,
85271477,REQUEST_FAILED,,,,,
85271528,deadAbandoned,HNK,"Oct. 09, 2012","ZHEJIANG ORIENT BEFIT SOCKS MANUFACTURER CO., LTD.",,songmengli@yahoo.com
85271513,REQUEST_FAILED,,,,,
85271630,REQUEST_FAILED,,,,,
85271821,deadAbandoned,FISHFIGHTER.COM,"Nov. 19, 2012","Peet, Michael",,
85271822,deadAbandoned,WTEC,"May 21, 2012",WTEC,,
85271849,deadAbandoned,PEORIA HAIR EXTENSIONS,"May 28, 2012","Morris, Christina",,
85271823,deadAbandoned,GOOGAN WEAR,"Nov. 12, 2012","Peet, Michael",,
85271773,REQUEST_FAILED,,,,,
85271867,deadAbandoned,4-GONE,"Jun. 18, 2012","4-Gone, LLC",,
85271798,REQUEST_FAILED,,,,,
85271874,deadAbandoned,I SAW IT LIVE,"Nov. 19, 2012",On-Camera Audiences,,
85271899,deadAbandoned,CHANGING THE WAY YOU SMOKE,"Apr. 30, 2012","Heredia, Rene",,
85271832,REQUEST_FAILED,,,,,
85271856,REQUEST_FAILED,,,,,
85272125,deadAbandoned,BODYPAL,"Jun. 11, 2012","BodyPal, SL",,
85272061,deadAbandoned,YUMMY!!!,"Aug. 20, 2012","Nelson, Colleen",,sarah@dlandstrom.com
85272184,REQUEST_FAILED,,,,,
85272206,REQUEST_FAILED,,,,,
85272312,deadAbandoned,THE BENDERZ,"May 14, 2012",Anderson Entertainment Management,,andersonentertainment@verizon.net
85272511,deadAbandoned,"BFF BLESSED, FAVORED, & FABULOUS","Apr. 30, 2012","Wayne, Nidra",,
85272536,deadAbandoned,IN ADD MINUS,"May 21, 2012",IN ADD MINUS LLC,,
85272516,deadAbandoned,IAM IN ADD MINUS,"May 21, 2012",IN ADD MINUS LLC,,
85272559,REQUEST_FAILED,,,,,
85272566,REQUEST_FAILED,,,,,
85272690,REQUEST_FAILED,,,,,
85272810,REQUEST_FAILED,,,,,
85272964,deadAbandoned,KRUCIAL PERCEPTION MC KP,"Nov. 19, 2012","Mendez, Gilbert",,
85272973,deadAbandoned,MASTER MAIDS MM,"Jun. 22, 2012","Romero, Karla",,
85272892,REQUEST_FAILED,,,,,
85272994,deadAbandoned,CSI,"Jul. 03, 2012",CSI,,
85272997,deadAbandoned,CRITICALCARE/ HEALTH INSURANCE,"Feb. 07, 2012","Danielson, Bruce",,brucedanielson@comcast.net
85273021,deadAbandoned,ALL AMERICAN K9,"Jul. 09, 2012",ALL AMERICAN K9,,
85272974,REQUEST_FAILED,,,,,
85272991,REQUEST_FAILED,,,,,
85273069,REQUEST_FAILED,,,,,
85273169,REQUEST_FAILED,,,,,
85273366,REQUEST_FAILED,,,,,
85273460,REQUEST_FAILED,,,,,
85273585,REQUEST_FAILED,,,,,
85273786,REQUEST_FAILED,,,,,
85274038,deadAbandoned,FIT PAD,"May 30, 2012",GREENMASTER INDUSTRIAL CORP.,,exsior1993@xuite.net
85273960,REQUEST_FAILED,,,,,
85274105,deadAbandoned,PREEN,"Jul. 09, 2012","Elbag, Eli",,
85274091,deadAbandoned,MODPEX,"Mar. 13, 2012",Waterloo Engineering Grp LLC,,
85274015,REQUEST_FAILED,,,,,
85274111,deadAbandoned,SPECTACULAR SIGNS,"Jun. 21, 2012",SPECTACULAR SIGNS LLC,,
85274112,deadAbandoned,None,"Mar. 21, 2012","Mueller, Brad L",,info@hawkesfordhouse.com.au
85274116,deadAbandoned,LIQUID GOLD APIARY,"May 21, 2012","Buoye, Timothy",,
85274125,deadAbandoned,4EVERTRUE,"Mar. 29, 2012","GORDON, SHEILA",,
85274130,deadAbandoned,ALPHABOND,"Nov. 05, 2012",Mulk Holdings FZC,,
85274127,deadAbandoned,MANO MANO,"Jul. 20, 2012","Swartz, Debbie",,
85274108,deadAbandoned,ULTRAFIZZ,"May 07, 2012","MACK PACK USA, LLC",,
85274080,REQUEST_FAILED,,,,,
85274077,REQUEST_FAILED,,,,,
85274133,deadAbandoned,MANUBRIUM LIFT,"Jul. 06, 2012","Shahar, David",,imnotbz@gmail.com
85274168,deadAbandoned,THE ISRAELI KRAV MAGA ASSOCIATION GIDON SYSTEM GIDON SY,"Nov. 22, 2012","Gidon, Haim",,david@israelikrav.com
85274136,deadAbandoned,SHRED,"May 07, 2012",Shred Pilates LLC,,
85274118,REQUEST_FAILED,,,,,
85274139,deadAbandoned,MANO MANO,"Jul. 20, 2012","Swartz, Debbie",,
85274150,REQUEST_FAILED,,,,,
85274506,deadAbandoned,ALUBOND,"Jul. 18, 2012",Mulk Holdings FZC,,
85274643,deadAbandoned,B R,"Jul. 27, 2012",SECCO Inernational Inc,,
85274625,deadAbandoned,REGENECA,"Jun. 04, 2012","Regeneca International, Inc.",,
85274473,REQUEST_FAILED,,,,,
85274678,deadAbandoned,REGENALIVE,"May 07, 2012","Regeneca International, Inc.",,
85274691,deadAbandoned,REGENAROUSE,"May 07, 2012","Regeneca International, Inc.",,
85274836,deadAbandoned,PLUG UGLIES MOTORCYCLE CLUB,"Nov. 19, 2012","Harrington, Brian",,
85274819,REQUEST_FAILED,,,,,
85275093,deadAbandoned,SIEMPRE,"May 07, 2012","INKA FASHION GROUP, CORP.",,lauren@lvpsolutions.com
85274896,REQUEST_FAILED,,,,,
85275092,deadAbandoned,THE FIERCE CLUB,"Nov. 26, 2012",Sadie Nardini LLC,,
85275105,deadAbandoned,THEBAREXAMINER.COM,"Nov. 26, 2012","Portnoy, David",,
85275141,deadAbandoned,WHEN IN PAIN,"Jul. 30, 2012","Fink, Michael",,
85275214,deadAbandoned,BELLY PILLOW,"May 31, 2012","Malapanis, M Petr",,petr@mpx.com.au
85275231,deadAbandoned,BRAYZON,"May 07, 2012","Richie, Kindra",,
85275241,deadAbandoned,FANCY FANNYS,"Jul. 23, 2012","Quintana, Brittany",,
85275264,deadAbandoned,CLEARLY VISIBLE,"May 07, 2012","Gondusky, Steven",,
85275201,REQUEST_FAILED,,,,,
85275227,deadAbandoned,SOCIALCLICKS,"Jul. 04, 2012",SocialClicks LTD,,
85275209,REQUEST_FAILED,,,,,
85275411,REQUEST_FAILED,,,,,
85275483,REQUEST_FAILED,,,,,
85275752,deadAbandoned,FEEDBACKFACE,"Sep. 07, 2012","SAINT, RICHARD, CONRAD",,RICHSAINT1@GMAIL.COM
85275632,REQUEST_FAILED,,,,,
85276129,deadAbandoned,BAD,"Mar. 26, 2012","Cutting Edge Beverages, LLC",,
85276028,REQUEST_FAILED,,,,,
85276303,deadAbandoned,I.R.O,"Jul. 16, 2012",Laurent Bitton,,irousa@gmail.com
85276321,REQUEST_FAILED,,,,,
85276502,deadAbandoned,FABULOUS COSMETICS,"Nov. 19, 2012","Hamon, Mireille",,
85276492,deadAbandoned,THE BREW SPOT,"Apr. 30, 2012","Frey, Daniel",,
85276367,REQUEST_FAILED,,,,,
85276457,deadAbandoned,MARCO BONETTI,"Jun. 11, 2012","Asher, Ronen",,
85276469,deadAbandoned,GOLIFEQUOTE,"Jun. 29, 2012","Designs In Life Insurance Marketing, LLC",,
85276505,deadAbandoned,STONE CREEK WATERWORKS,"Jul. 19, 2012","Vicreations, Inc",,
85276510,deadAbandoned,EXPRESS AUTO APP,"Jul. 19, 2012",HowLand Services,,
85276622,REQUEST_FAILED,,,,,
85276944,deadAbandoned,SOBER MILES,"May 07, 2012","Lyon, Michael E.",,mike@corscorp.com
85276660,REQUEST_FAILED,,,,,
85276872,REQUEST_FAILED,,,,,
85277157,deadAbandoned,LUMINAILS,"Nov. 26, 2012","Graves, Derrick",,
85277011,REQUEST_FAILED,,,,,
85277263,deadAbandoned,NRGMISER,"May 07, 2012","NRGMISER, INC",,
85277354,deadAbandoned,DIY COSMETICS,"Jul. 13, 2012","Midkiff, Rebecca",,
85277239,REQUEST_FAILED,,,,,
85277248,REQUEST_FAILED,,,,,
85277424,deadAbandoned,GET YOUR SHIFT TOGETHER,"May 05, 2012",Superior Hockey Nutrition,,
85277345,REQUEST_FAILED,,,,,
85277468,deadAbandoned,PASSION,"Jul. 20, 2012","Wirken, Danny",,
85277523,deadAbandoned,TSHIRT YETI,"Dec. 31, 2012",Koala Tee Screen Printing Inc.,,
85277376,REQUEST_FAILED,,,,,
85277541,deadAbandoned,THE TRANSFUSION PROJECT,"May 07, 2012","Branyon, Winston",,
85277576,deadAbandoned,LOKALITE,"May 28, 2012","Blue Duck, LLC",,copyrightagent@lokalite.com
85277460,REQUEST_FAILED,,,,,
85277529,REQUEST_FAILED,,,,,
85277723,deadAbandoned,AMBICIOUS FOR HILL TOP PRODUCTIONS,"May 21, 2012","Hall, Ernie",,
85277585,REQUEST_FAILED,,,,,
85277652,REQUEST_FAILED,,,,,
85277794,deadAbandoned,CALIFORNIA EXPRESS BISTRO,"Feb. 02, 2012",MTC Distributing,,ksilbaug@mtc-dist.com
85277739,REQUEST_FAILED,,,,,
85277757,REQUEST_FAILED,,,,,
85277761,REQUEST_FAILED,,,,,
85277788,REQUEST_FAILED,,,,,
85277876,deadAbandoned,UNITED RHYTHMS,"Jul. 20, 2012","Alers, Fernando",,
85277833,REQUEST_FAILED,,,,,
85277837,REQUEST_FAILED,,,,,
85277873,REQUEST_FAILED,,,,,
85277954,deadAbandoned,TIME VAULT,"Dec. 03, 2012","Time Vault, Inc.",,richard@teamcode.net
85277950,REQUEST_FAILED,,,,,
85277961,REQUEST_FAILED,,,,,
85278164,deadAbandoned,"GLOBAL SHIPPING & TRADE, INC.","Aug. 17, 2012","Abdul, Saleh",,unitedsco@aol.com
85278169,deadAbandoned,ALOCS,"Jan. 03, 2012","NINGBO YINZHOU KINGPOOL INTERNATIONAL TRADE CO., LTD.",,info.info168@gmail.com
85278154,REQUEST_FAILED,,,,,
85278122,REQUEST_FAILED,,,,,
85278176,deadAbandoned,JR JAMBOREE,"Jan. 03, 2012","Armstrong, Troy",,troy@troyarmstrongenterprises.com
85278297,REQUEST_FAILED,,,,,
85278521,REQUEST_FAILED,,,,,
85278518,REQUEST_FAILED,,,,,
85278859,deadAbandoned,IHAIR,"May 07, 2012","Ferri, Simone",,
85278809,deadAbandoned,NATIONAL REFRIGERATION,"May 14, 2012",More Equipment LLC.,,
85278929,deadAbandoned,A GREATER WOMEN'S TOWN,"May 28, 2012","Lindy, Phyllis",,
85278758,REQUEST_FAILED,,,,,
85279023,deadAbandoned,REGENERATIVE PHOTONIC THERAPY,"Jan. 06, 2012","International Medical Instruments, Inc.",,nsalansky@rogers.com
85279154,deadAbandoned,PEDRO'S TRAILER PARK,"Jul. 16, 2012","Willis, Paul",,
85278994,deadAbandoned,SCOOTAROSSA,"Apr. 23, 2012",THE WINE GROUP LLC,,DIJANA.KRISTO@THEWINEGROUP.COM
85279100,REQUEST_FAILED,,,,,
85279161,REQUEST_FAILED,,,,,
85279174,REQUEST_FAILED,,,,,
85279300,deadAbandoned,DINO DIVAS,"May 14, 2012","Schaffer, Marianne",,
85279305,deadAbandoned,FITNESS THROUGH SCIENCE,"Nov. 12, 2012","Lininger, Todd",,
85279322,deadAbandoned,THE MINI ARK,"Nov. 19, 2012","Mones, Mark Anthony",,
85279333,deadAbandoned,SONIC BORDER IDENT,"Aug. 01, 2012","Spencer, Glenn",,
85279248,REQUEST_FAILED,,,,,
85279325,deadAbandoned,PHYPE,"May 07, 2012","Hinds, Mark",,
85279339,deadAbandoned,UTILIBILL,"Jul. 20, 2012",Utilibill,,
85279270,REQUEST_FAILED,,,,,
85279334,deadAbandoned,THE LOFA,"Dec. 10, 2012","Jabari, Roia",,
85279336,deadAbandoned,RAINBOW PANDAS,"Jul. 10, 2012","Sankar-Zhu, Lisa Claret",,sankar.lisa@gmail.com
85279340,deadAbandoned,BLESSING TREE,"Jul. 19, 2012","Bayne, Martin",,
85279318,deadAbandoned,WHITETAIL FANATICS,"Nov. 12, 2012",Kisky Productions LLC,,
85279378,deadAbandoned,NEUROLEADERSHIP GROUP,"Jun. 22, 2012","Rock, David L",,davidrock@resultscoaches.com
85279448,deadAbandoned,P3 P3 MOUTHWEAR,"Jan. 02, 2012",P3 Athletics Inc.,,brad@p3mouthwear.com
85279344,REQUEST_FAILED,,,,,
85279595,deadAbandoned,HITALITY,"Mar. 26, 2012","FL Dauern Research, Inc.",,
85279422,REQUEST_FAILED,,,,,
85279624,REQUEST_FAILED,,,,,
85279788,deadAbandoned,COLADA,"Jan. 03, 2012",Adam Sheafe,,sheafeadam@yahoo.com
85279688,REQUEST_FAILED,,,,,
85279779,REQUEST_FAILED,,,,,
85280024,deadAbandoned,DIAMONDS LAST FOREVER,"May 14, 2012","Xie, Tao",,
85279905,REQUEST_FAILED,,,,,
85280111,deadAbandoned,KAPATAK,"May 07, 2012","Get Rated Media, LLC",,
85280018,deadAbandoned,BCM-IN-THE-CLOUD,"Jan. 11, 2012",Covington Creative LLC,,megan.abel@covingtoncreative.com
85280180,deadAbandoned,DEHELP,"Nov. 26, 2012",Huup Brasil telecomunicações e entretenimento LTDA,,adword@huup.com.br
85280148,deadAbandoned,"HIRE LOGIC, LLC.","Sep. 05, 2012","Hire Logic, LLC.",,
85280186,deadAbandoned,VITASPERO,"May 07, 2012","GUTKINA, ANNA",,
85280253,REQUEST_FAILED,,,,,
85280483,REQUEST_FAILED,,,,,
85280490,REQUEST_FAILED,,,,,
85280504,REQUEST_FAILED,,,,,
85280606,deadAbandoned,FASHION MAJOR,"Nov. 26, 2012","Rogers, Alicia",,
85280536,REQUEST_FAILED,,,,,
85280539,REQUEST_FAILED,,,,,
85280694,deadAbandoned,SPECGRADE LEDS,"Jul. 19, 2012",Lighting Solutions Group LLC,,
85280620,REQUEST_FAILED,,,,,
85280730,deadAbandoned,STAY REAL,"Jun. 18, 2012","Stay Real Co., Ltd.",,richardchen@songjiang.com.tw
85280747,deadAbandoned,STAY REAL,"Jun. 18, 2012","Stay Real Co., Ltd.",,Richardchen@songjiang.com.tw
85280733,deadAbandoned,URGENTMED ADULT AND PEDIATRIC URGENT CARE,"Jul. 24, 2012",UrgentMed,,
85280737,deadAbandoned,STAY REAL,"Jun. 18, 2012","Stay Real Co., Ltd.",,richardchen@songjiang.com.tw
85280748,deadAbandoned,TERTL,"May 07, 2012",Tertl Studos LLC,,
85280759,deadAbandoned,STAYREAL,"Jun. 18, 2012","Stay Real Co., Ltd.",,richardchen@songjiang.com.tw
85280699,REQUEST_FAILED,,,,,
85280758,deadAbandoned,PREMIER EYE MD,"Jul. 22, 2012","Trespalacios, Rafael",,
85280771,deadAbandoned,JESUS KNIEVEL,"Aug. 03, 2012","Jesus Knievel, LLC",,
85280753,deadAbandoned,STAYREAL,"Jun. 18, 2012","Stay Real Co., Ltd.",,richardchen@songjiang.com.tw
85280764,deadAbandoned,AST,"Jun. 11, 2012",AST Power Equipment international (U.S.A) corp.,,
85280740,REQUEST_FAILED,,,,,
85280773,deadAbandoned,BLUE PLANET,"May 16, 2012","Blue Planet Enterprise Co., Ltd.",,louis.patent@msa.hinet.net
85280860,REQUEST_FAILED,,,,,
85280872,REQUEST_FAILED,,,,,
85281062,deadAbandoned,BDC ON|DEMAND,"Jan. 09, 2012","Queen, Donald D",,dpuderbaugh@outsourcedbdc.com
85281121,REQUEST_FAILED,,,,,
85281270,REQUEST_FAILED,,,,,
85281290,REQUEST_FAILED,,,,,
85281435,deadAbandoned,SILENTZZZR,"May 20, 2012",SNOREAWAY LLC,,
85281460,deadAbandoned,GRAND,"Apr. 23, 2012","Hartog, Nicholas C",,northwoodboy@hotmail.com
85281346,REQUEST_FAILED,,,,,
85281391,REQUEST_FAILED,,,,,
85281563,deadAbandoned,BLUEN,"Aug. 08, 2012",BlueN Co. Ltd.,,
85281586,deadAbandoned,BLUEN,"Aug. 08, 2012",BlueN Co. Ltd.,,
85281412,REQUEST_FAILED,,,,,
85281634,deadAbandoned,LA NUEVA ERA,"Nov. 05, 2012","Diaz, Gerardo",,
85281569,REQUEST_FAILED,,,,,
85281574,REQUEST_FAILED,,,,,
85281717,REQUEST_FAILED,,,,,
85281732,REQUEST_FAILED,,,,,
85281844,REQUEST_FAILED,,,,,
85281913,deadAbandoned,WINE WATER,"Jan. 06, 2012","Lombard III, Louis",,lvga73@gmail.com
85281886,REQUEST_FAILED,,,,,
85281914,deadAbandoned,QUESTIONNAIRETOOL,"Jan. 06, 2012",The Red Flag Group Limited,,scott.lane@redflaggroup.com
85281940,deadAbandoned,PASCAR AUTO TRANSPORT,"May 28, 2012","Cortez, Carlos DeJesus",,
85281944,deadAbandoned,SPICK-AND-SPAN,"Aug. 23, 2012","Taylor, Chad",,
85281920,deadAbandoned,WAKE ME UP AND TELL ME WHEN THIS NIGHTMARE WILL BE OVER,"May 07, 2012","Fraenkel, Ian",,
85281937,deadAbandoned,TITAN RECOVERY,"May 28, 2012","Titan Recovery And Collection Services, LLC.",,
85281951,deadAbandoned,RESIDUAL MILLIONAIRE,"Nov. 05, 2012",Fisher Energy LLC,,
85281924,deadAbandoned,M WHEEL,"Nov. 26, 2012",Mettler Electronics Corp,,
85281952,deadAbandoned,COOLUMINATEE,"May 07, 2012","Arthur, Phillip",,
85281953,deadAbandoned,SPIDER CORD,"Jan. 09, 2012","GFK Products, LLC",,
85281931,REQUEST_FAILED,,,,,
85281954,deadAbandoned,BLACK MICA EXTRACT,"Jul. 27, 2012","New Horizon Health, Inc.",,
85281943,REQUEST_FAILED,,,,,
85282300,REQUEST_FAILED,,,,,
85282322,REQUEST_FAILED,,,,,
85282332,REQUEST_FAILED,,,,,
85282349,REQUEST_FAILED,,,,,
85282476,deadAbandoned,REAL MEN GO BALD.,"May 07, 2012","Clark, Walker",,
85282586,deadAbandoned,DJ FAME,"Jul. 31, 2012","Damon, Amos",,
85282567,REQUEST_FAILED,,,,,
85282644,deadAbandoned,FOOTBALL LIFE,"Nov. 26, 2012","Fontana, Anthony",,
85282787,deadAbandoned,OFFICIAL PROVIDERS OF GAME,"May 07, 2012","Foot Locker Retail, Inc.",,
85282774,REQUEST_FAILED,,,,,
85282878,REQUEST_FAILED,,,,,
85282910,REQUEST_FAILED,,,,,
85283067,deadAbandoned,ALL OUT DIESEL,"Aug. 09, 2012",All Out Diesel LLC,,sales@alloutdiesel.com
85283081,REQUEST_FAILED,,,,,
85283130,REQUEST_FAILED,,,,,
85283313,deadAbandoned,BEAD THE MOMENTS,"Nov. 05, 2012",REWIRE ME LLC,,rcaiola@bettinaequities.com
85283315,deadAbandoned,AAA SHINETSU,"Jan. 06, 2012",J&L topper International Limited,,
85283340,deadAbandoned,ACO PLANNER,"Jul. 09, 2012",Eagle River Solutions,,
85283231,REQUEST_FAILED,,,,,
85283329,deadAbandoned,QUANTUMT3,"Aug. 22, 2012",Wasatch Vinyl Products,,
85283341,deadAbandoned,PROVIDENCE HOSPICE,"Nov. 19, 2012",Providence Hospice Inc,,
85283336,deadAbandoned,SPACECUBE,"May 07, 2012","Colosseo USA, Inc.",,
85283344,deadAbandoned,SERENITY PALLIATIVE AND HOSPICE CARE,"Aug. 10, 2012",SERENITY PALLIAITVE HOSPICE CARE OF NORTHEAST GEORGIA,,
85283345,deadAbandoned,A-CRM,"Aug. 01, 2012",A-CRM Software & Technology LLC,,
85283319,REQUEST_FAILED,,,,,
85283362,deadAbandoned,DJ KOLT,"Jul. 24, 2012","Marte, John",,
85283364,deadAbandoned,CONSCIOUS CREATIONS,"May 07, 2012","Antolino, Nina",,
85283356,deadAbandoned,ODDINARY,"May 07, 2012","Hughes, Clinton",,
85283354,REQUEST_FAILED,,,,,
85283363,REQUEST_FAILED,,,,,
85283370,REQUEST_FAILED,,,,,
85283471,deadAbandoned,WONDER COMICS,"Nov. 19, 2012","Brignol, Frantz",,drbrignol@gmail.com
85283420,REQUEST_FAILED,,,,,
85283723,deadAbandoned,MOBIDIRECTORY,"Jan. 03, 2012","ICI Enterprises, LLC",,
85283551,REQUEST_FAILED,,,,,
85283738,deadAbandoned,ECARD,"Jan. 09, 2012",ICI Enterprises LLC,,
85283643,REQUEST_FAILED,,,,,
85283707,REQUEST_FAILED,,,,,
85283747,REQUEST_FAILED,,,,,
85284016,REQUEST_FAILED,,,,,
85284090,deadAbandoned,HELLO PUPPY,"Jan. 06, 2012","Chao, Tim C.",,joe_camelchao@yahoo.com
85284161,deadAbandoned,BACKYARD TENNIS,"Nov. 26, 2012","Rosenberger, Cheryl",,
85284277,deadAbandoned,INFINITE STONE,"Oct. 29, 2012",THE WINE GROUP LLC,,DIJANA.KRISTO@THEWINEGROUP.COM
85284318,deadAbandoned,BODY KEY,"Feb. 08, 2012","Emergent Detection, Inc.",,eric@emergentdetection.com
85284247,REQUEST_FAILED,,,,,
85284252,REQUEST_FAILED,,,,,
85284413,deadAbandoned,PAUL BUNYAN BIOFUELS,"May 28, 2012","Barrett, Sean",,
85284350,REQUEST_FAILED,,,,,
85284359,REQUEST_FAILED,,,,,
85284473,deadAbandoned,SEXTMOB,"Aug. 27, 2012",Booty Mob Inc,,
85284393,REQUEST_FAILED,,,,,
85284411,REQUEST_FAILED,,,,,
85284490,deadAbandoned,DIVANICLES,"May 07, 2012","Suggs, Rashida",,
85284484,deadAbandoned,PRICE DROPS HOURLY PRICE DROPS DAILY,"Jan. 03, 2012","Dugas, Ken",,
85284442,REQUEST_FAILED,,,,,
85284497,deadAbandoned,POWERPLACE,"Nov. 26, 2012","Hire Logic, LLC.",,
85284510,deadAbandoned,HAPPYBOMBS,"Nov. 05, 2012","Manning, Keith",,jedatech@comcast.net
85284478,REQUEST_FAILED,,,,,
85284536,deadAbandoned,MARINES CARE,"Jan. 09, 2012",Lance Corporal Robert J Slattery Detachment #206 Marine Corps League,,usmc_1950@yahoo.com
85284568,deadAbandoned,VICTORIA HARAMBOURE,"Feb. 13, 2012",Victoria Mercedes Perez,,webmaster@victoriaharamboure.com
85284575,deadAbandoned,LA DISTILLERIE,"Jul. 16, 2012","Haman, Philippe",,
85284587,deadAbandoned,MANBUILDING101,"May 07, 2012",Carlos Alejandro Leon,,CarlosAlejandroLeon@gmail.com
85284530,REQUEST_FAILED,,,,,
85284538,REQUEST_FAILED,,,,,
85284594,REQUEST_FAILED,,,,,
85284630,REQUEST_FAILED,,,,,
85284599,REQUEST_FAILED,,,,,
85284651,REQUEST_FAILED,,,,,
85284685,REQUEST_FAILED,,,,,
85284707,REQUEST_FAILED,,,,,
85284847,deadAbandoned,HOME FOR THE ARTISTIC MIND,"May 14, 2012","Ricks, Charlie",,
85284769,REQUEST_FAILED,,,,,
85284833,deadAbandoned,PRETTI GIRL~,"Jul. 20, 2012","Rice, Tamela",,
85284855,deadAbandoned,SPACEBLUES,"Nov. 12, 2012","Ricks, Charlie",,
85284856,deadAbandoned,NAPLES SOAP CO.,"Sep. 21, 2012",Naples Soap Wholesale Co.,,
85284836,deadAbandoned,SAVEONLIQUORSTORE,"May 14, 2012",1963 Investments Ltd.,,
85284848,REQUEST_FAILED,,,,,
85284860,deadAbandoned,ION WATER,"Nov. 22, 2012","Varma, Sivakumar",,
85284854,REQUEST_FAILED,,,,,
85284885,deadAbandoned,EXCLUSO,"Jul. 16, 2012",Mintra,,sara.samir@mintra.com.eg
85284857,REQUEST_FAILED,,,,,
85284957,REQUEST_FAILED,,,,,
85285048,REQUEST_FAILED,,,,,
85285054,REQUEST_FAILED,,,,,
85285126,deadAbandoned,MADONNA RADIO,"Jan. 09, 2012",Madonna Radio,,voila@voila.us
85285254,deadAbandoned,HEPATITIS TECHNOLOGIES,"Jan. 09, 2012","Schneider, Todd C",,info@nutragroupinc.com
85285198,REQUEST_FAILED,,,,,
85285274,deadAbandoned,ISHREDDER,"Jan. 07, 2012",Protectstar Incorporated,,info@protectstar.com
85285285,deadAbandoned,NATURE'S LASH,"Jan. 09, 2012","JB Line, Inc",,
85285367,deadAbandoned,DMETEK REVOLUTIONARY IT,"Feb. 02, 2012","Diversified Management Enterprises, Inc.",,dme@dmetek.com
85285312,REQUEST_FAILED,,,,,
85285693,deadAbandoned,AFFORDABLE IRON DOORS,"Jan. 07, 2012",Affordable Iron Doors,,sales@affordableirondoors.com
85285318,REQUEST_FAILED,,,,,
85285395,REQUEST_FAILED,,,,,
85285696,REQUEST_FAILED,,,,,
85285795,deadAbandoned,HEPATIC TECHNOLOGIES,"Jan. 07, 2012","Nutraceutical Research Group, Inc. CORPORATION CANADA",,info@nutragroupinc.com
85285760,REQUEST_FAILED,,,,,
85285816,deadAbandoned,P-90H,"Jan. 02, 2012",Da Wuster Corp,,wuster@dawuster.com
85285809,REQUEST_FAILED,,,,,
85285826,REQUEST_FAILED,,,,,
85285827,REQUEST_FAILED,,,,,
85285858,REQUEST_FAILED,,,,,
85285899,REQUEST_FAILED,,,,,
85285903,REQUEST_FAILED,,,,,
85285921,REQUEST_FAILED,,,,,
85286015,deadAbandoned,DEADBEATS!,"Jan. 13, 2012",Alan Henderson,,ah@tenfeetproductions.com
85285932,REQUEST_FAILED,,,,,
85286042,deadAbandoned,ARBORADVANCED & FAMILY DENTISTRY,"Jan. 06, 2012","Acharya, Neal",,
85286051,deadAbandoned,"CITY OF HOPE OF LOUISVILLE, INC.","Aug. 02, 2012","City of Hope of Louisville, Inc.",,
85286026,REQUEST_FAILED,,,,,
85286056,deadAbandoned,PATTY QUEEN,"Jul. 05, 2012","Taylor, Corrina",,
85286062,deadAbandoned,NANO LIVING SYSTEM,"Sep. 28, 2012","Strehler, Gabriela",,youniquemail@yahoo.com
85286036,REQUEST_FAILED,,,,,
85286048,REQUEST_FAILED,,,,,
85286210,deadAbandoned,IMSTRONG,"Jan. 13, 2012","Schaefer, Daniel P.",,dan.schaefer@me.com
85286176,deadAbandoned,BIG IDEAS THE FUTURE OF LOCAL GOVERNMENT,"Mar. 12, 2012","Alliance for Innovation, Inc.",,jingram@transformgov.org
85286128,REQUEST_FAILED,,,,,
85286221,REQUEST_FAILED,,,,,
85286227,REQUEST_FAILED,,,,,
85286422,deadAbandoned,PREMIER LITIGATION SUPPORT,"Jan. 09, 2012",New World Creative LLC,,info@NewWorldCreative.com
85286316,REQUEST_FAILED,,,,,
85286403,REQUEST_FAILED,,,,,
85286405,REQUEST_FAILED,,,,,
85286481,REQUEST_FAILED,,,,,
85286484,REQUEST_FAILED,,,,,
85286503,REQUEST_FAILED,,,,,
85286576,deadAbandoned,JAMAICAN ME HUNGRY,"Jul. 10, 2012","Taylor, Corrina",,
85286724,deadAbandoned,PERFECT ICED TEA,"Jun. 28, 2012","Green Mountain Coffee Roasters, Inc.",,
85286624,REQUEST_FAILED,,,,,
85286787,deadAbandoned,RAPID CARE URGENT CARE CLINIC,"Aug. 13, 2012","Rapid Care, PLLC",,
85286842,deadAbandoned,RAPID CARE URGENT CARE CLINIC,"Aug. 13, 2012","Rapid Care, PLLC",,
85286869,deadAbandoned,DEER-A-GO-GO,"Jul. 16, 2012","Strandberg, Patricia",,
85286716,REQUEST_FAILED,,,,,
85286785,REQUEST_FAILED,,,,,
85286886,deadAbandoned,GRACEFUL LIVING,"Sep. 10, 2012","Sullivan, Katherine J",,
85286959,deadAbandoned,SURROUNDCRM,"May 14, 2012","Tarzian, Charlie",,
85286935,REQUEST_FAILED,,,,,
85286943,REQUEST_FAILED,,,,,
85287150,REQUEST_FAILED,,,,,
85287225,deadAbandoned,LAMO,"Jun. 18, 2012",BNP International Group Pty Ltd,,
85287183,REQUEST_FAILED,,,,,
85287267,deadAbandoned,KIDSWORLD STUDIOS,"Jan. 09, 2012","Kidsworld Studios, Inc.",,
85287315,deadAbandoned,DIRT DOBBER,"Dec. 03, 2012","Harrell, Travis",,tlharrell@hotmail.com
85287309,deadAbandoned,LEGNO WOOD FIRED PIZZA,"Dec. 10, 2012","Palermo, Alexander",,
85287319,deadAbandoned,ICUFF,"Dec. 03, 2012","Spiegel, Joan",,
85287240,REQUEST_FAILED,,,,,
85287258,REQUEST_FAILED,,,,,
85287335,deadAbandoned,URBAN HUSTLAZ,"Jul. 19, 2012","DANIEL-BEY, Amari",,urbanhustlaz@yahoo.com
85287321,deadAbandoned,E POWER EXCHANGE,"Jul. 27, 2012","Smith, Sidney",,
85287305,deadAbandoned,STING BOOTY BOXING,"Jan. 17, 2012","Janes, Bill",,billjanes@billjanes.com
85287330,deadAbandoned,STEALTH CARD,"Jan. 16, 2012","Oster, Zina",,zinaoster@comcast.net
85287358,deadAbandoned,"S STEREOLIST.COM HEY HI-FI, WELCOME TO THE 21ST CENTURY.","Jan. 17, 2012",Stereolist.com LLC,,admin@stereolist.com
85287502,deadAbandoned,HOLLYWOOD JAVA,"Jan. 10, 2012",Darmo LLC,,kathyjackson98@gmail.com
85287538,deadAbandoned,STREAM POS,"Jan. 16, 2012","Custom Register Solutions, LC",,jared@streampos.com
85287422,REQUEST_FAILED,,,,,
85287499,REQUEST_FAILED,,,,,
85287603,REQUEST_FAILED,,,,,
85287611,REQUEST_FAILED,,,,,
85287623,REQUEST_FAILED,,,,,
85287732,deadAbandoned,FL FINANCE LOGIX,"Jan. 17, 2012","Oltis Software, LLC",,oleg@oltis.com
85287765,REQUEST_FAILED,,,,,
85287773,REQUEST_FAILED,,,,,
85287796,REQUEST_FAILED,,,,,
85287967,deadAbandoned,BIG NUTS,"Jul. 31, 2012","McKinnon, James",,
85287883,REQUEST_FAILED,,,,,
85288012,deadAbandoned,CELEBRITONES,"Nov. 12, 2012",aleco jaime bravo,,
85288138,deadAbandoned,HTC RADIANT,"May 14, 2012",HTC Corporation,,kathy.callahan@bracewell.com
85288149,deadAbandoned,HTC RADIANT,"May 28, 2012",HTC Corporation,,kathy.callahan@bracewell.com
85288184,deadAbandoned,HTC RIFT,"Nov. 12, 2012",HTC Corporation,,kathy.callahan@bracewell.com
85288094,REQUEST_FAILED,,,,,
85288172,deadAbandoned,FUSE MEDIA,"Jan. 06, 2012","Dippery, Peter",,
85288191,deadAbandoned,HTC RIFT,"Nov. 12, 2012",HTC Corporation,,kathy.callahan@bracewell.com
85288218,deadAbandoned,HTC PORT,"Sep. 03, 2012",HTC Corporation,,kathy.callahan@bracewell.com
85288234,deadAbandoned,HTC EQUALIZE,"May 14, 2012",HTC Corporation,,kathy.callahan@bracewell.com
85288270,deadAbandoned,HTC SCRIBE TECHNOLOGY,"Sep. 03, 2012",HTC Corporation,,kathy.callahan@bracewell.com
85288210,REQUEST_FAILED,,,,,
85288226,REQUEST_FAILED,,,,,
85288277,deadAbandoned,HTC MOZART,"May 14, 2012",HTC Corporation,,kathy.callahan@bracewell.com
85288281,deadAbandoned,HTC MOZART,"May 14, 2012",HTC Corporation,,kathy.callahan@bracewell.com
85288235,REQUEST_FAILED,,,,,
85288311,REQUEST_FAILED,,,,,
85288339,REQUEST_FAILED,,,,,
85288374,REQUEST_FAILED,,,,,
85288476,deadAbandoned,MANSTER,"Jun. 04, 2012","Theisen, Edward",,
85288494,deadAbandoned,EYEKILL,"May 21, 2012",Eternal Gospel,,
85288452,deadAbandoned,CLOUDMATRIX,"Aug. 22, 2012","Gravitant, Inc.",,
85288497,deadAbandoned,LEAN LINKS,"Nov. 21, 2012","Going Green With AC Green, LLC",,acgree904@gmail.com
85288454,REQUEST_FAILED,,,,,
85288481,deadAbandoned,SURVIVAL LANGUAGE,"Sep. 04, 2012",SURVIVALTRAVEL,,
85288480,REQUEST_FAILED,,,,,
85288522,REQUEST_FAILED,,,,,
85288698,deadAbandoned,"VANTAGE GLOBAL TEAM INC. ""TRUE SCIENCE,TRUE PROSPERITY""","Jan. 17, 2012","Inigo Pavlovich, Rafael",,
85288601,REQUEST_FAILED,,,,,
85288620,REQUEST_FAILED,,,,,
85288672,REQUEST_FAILED,,,,,
85288792,deadAbandoned,REVERSE CONTENT-AWARE FIREWALL,"Jan. 13, 2012",GTB Technologies Inc.,,wcohen@gttb.com
85288860,deadAbandoned,DIY COSMETICS,"Jul. 13, 2012","Midkiff, Rebecca",,
85288796,REQUEST_FAILED,,,,,
85288799,REQUEST_FAILED,,,,,
85288857,REQUEST_FAILED,,,,,
85288881,REQUEST_FAILED,,,,,
85288971,REQUEST_FAILED,,,,,
85288996,REQUEST_FAILED,,,,,
85289086,REQUEST_FAILED,,,,,
85289136,REQUEST_FAILED,,,,,
85289277,REQUEST_FAILED,,,,,
85289315,REQUEST_FAILED,,,,,
85289317,REQUEST_FAILED,,,,,
85289448,deadAbandoned,FRUTEND'S,"Jan. 12, 2012","Escarcega Gomez, Victor Manuel",,usmarca-lizzo@yahoo.com
85289478,REQUEST_FAILED,,,,,
85289476,REQUEST_FAILED,,,,,
85289563,REQUEST_FAILED,,,,,
85289622,REQUEST_FAILED,,,,,
85289603,REQUEST_FAILED,,,,,
85289738,deadAbandoned,THE NO BAKE COOKIE CO.,"Jan. 23, 2012",The No Bake Cookie Co.,,tom@thenobakecookieco.com
85289747,deadAbandoned,REEFGOLD,"May 14, 2012",Seascape Aquarium Inc.,,
85289751,deadAbandoned,5280 PERKS,"Aug. 21, 2012","Stumpe, David",,
85289749,deadAbandoned,OSTEOCENE,"May 21, 2012","Valloppillil, Santhosh",,
85289752,deadAbandoned,SCHITTEE,"Jan. 13, 2012","LESCHITTE, LLC",,service@leschitte.com
85289662,REQUEST_FAILED,,,,,
85289705,REQUEST_FAILED,,,,,
85289736,REQUEST_FAILED,,,,,
85289768,deadAbandoned,SOIL LOGIC,"May 10, 2012","Syburg, James",,
85289756,deadAbandoned,OSTEOCENE,"Dec. 31, 2012","Valloppillil, Santhosh",,
85289765,deadAbandoned,HEALTH WISE USA,"Nov. 22, 2012","Choudry, Mac",,
85289772,deadAbandoned,SCHITWEAR,"Jan. 13, 2012","LESCHITTE, LLC",,service@leschitte.com
85289743,REQUEST_FAILED,,,,,
85289787,deadAbandoned,THE BOOGIES,"Apr. 04, 2012","Wilson, David",,
85289761,REQUEST_FAILED,,,,,
85289796,deadAbandoned,WADDLE VAMPIRE,"May 21, 2012","Jackson, Christine",,
85290068,deadAbandoned,3DO,"Jan. 24, 2012",DATA ACCESS,,data.excess@gmail.com
85289926,REQUEST_FAILED,,,,,
85290020,REQUEST_FAILED,,,,,
85290127,deadAbandoned,LAY-AWAY,"Jan. 23, 2012","Holland, Robert E",,robert.h@lay-away.com
85290077,deadAbandoned,HIGHLAND ISLAND,"Jan. 17, 2012","Graham, Lynda B",,info@highlandisland.com
85290169,deadAbandoned,VITAMIN H2ORGANICS,"Nov. 19, 2012","Cutting Edge Beverages, LLC",,
85290076,REQUEST_FAILED,,,,,
85290267,deadAbandoned,ARMOR DILLA WEAR,"Jun. 04, 2012","Sparkman, James D.",,
85290141,REQUEST_FAILED,,,,,
85290358,deadAbandoned,"""THE STOCK YARD""","Jul. 27, 2012",Feuring Promotions Inc,,
85290387,deadAbandoned,MANO VERDE,"Aug. 03, 2012",Dolce Co. Invest inc,,cristian@estudiomalis.com.ar
85290241,REQUEST_FAILED,,,,,
85290307,REQUEST_FAILED,,,,,
85290352,REQUEST_FAILED,,,,,
85290739,deadAbandoned,GRO2,"Aug. 01, 2012",Plant Connection Inc.,,TMSAPRIL2011@hotmail.com
85290692,REQUEST_FAILED,,,,,
85290698,REQUEST_FAILED,,,,,
85290787,deadAbandoned,THE NUTRIENT-DENSE EATING SYSTEM,"Jan. 16, 2012",CRYSTAL RIVER ORGANICS LLC,,docdawa@hotmail.com
85290734,REQUEST_FAILED,,,,,
85290745,deadAbandoned,HOLA EARTH,"Nov. 12, 2012","Zuniga, Rodrigo",,rodrigo@zuniga-andrighetti.com
85290762,REQUEST_FAILED,,,,,
85290769,REQUEST_FAILED,,,,,
85290831,REQUEST_FAILED,,,,,
85290898,deadAbandoned,BODYBALL,"Jan. 20, 2012",Scott G. Lucas,,scotluke@gmail.com
85290853,REQUEST_FAILED,,,,,
85290868,REQUEST_FAILED,,,,,
85290883,REQUEST_FAILED,,,,,
85290920,deadAbandoned,BRAIN HEALTH INSTITUTE,"Aug. 09, 2012","Brody, Lynn",,
85290929,deadAbandoned,SAMPODIS,"May 14, 2012","Miyamoto, Carl",,
85290901,deadAbandoned,ITALENTED,"May 14, 2012","LEUNG, HO YIN",,
85290942,deadAbandoned,RECOVER FAST,"Jul. 02, 2012",IQ-Creative Ltd.,,iqcreative2000@gmail.com
85290925,REQUEST_FAILED,,,,,
85290944,REQUEST_FAILED,,,,,
85290960,REQUEST_FAILED,,,,,
85290977,REQUEST_FAILED,,,,,
85291017,REQUEST_FAILED,,,,,
85291036,REQUEST_FAILED,,,,,
85291039,REQUEST_FAILED,,,,,
85291117,deadAbandoned,ENAMEL DICTION,"Jan. 23, 2012",The Worldwide Initiative Pty Limited,,sean@theinitiative.com.au
85291076,REQUEST_FAILED,,,,,
85291124,deadAbandoned,CIELO BIRD,"Jan. 23, 2012",LaLafish Inc.,,tm@lalafish.com
85291200,deadAbandoned,Q+ HOMES THAT GENERATE MORE ENERGY THAN THEY USE,"Jan. 13, 2012","Schulz, Rolf",,rolf@edernish.com
85291122,REQUEST_FAILED,,,,,
85291206,REQUEST_FAILED,,,,,
85291215,REQUEST_FAILED,,,,,
85291248,deadAbandoned,TEXTRONIC ELECTRIC & ELECTRONIC AUTO PARTS,"Aug. 14, 2012",TEXTRONIC INC,,
85291275,deadAbandoned,GREEN N SHINE,"Jan. 17, 2012",Allegro Commercial GmbH,,fb@allegro-commercial.de
85291276,deadAbandoned,FIT TO FLY,"Jan. 17, 2012",George James Business Systems Limited,,marshall.chapman@george-james.co.uk
85291274,deadAbandoned,MIRABEAU,"Apr. 29, 2012",Mirabeau EIRL,,info@revomark.co.uk
85291258,REQUEST_FAILED,,,,,
85291270,REQUEST_FAILED,,,,,
85291408,deadAbandoned,CELULARES.COM,"Jan. 23, 2012",EXIOPIA S.L.,,marcas@falconyasociados.es
85291308,REQUEST_FAILED,,,,,
85291347,REQUEST_FAILED,,,,,
85291385,REQUEST_FAILED,,,,,
85291459,REQUEST_FAILED,,,,,
85291481,REQUEST_FAILED,,,,,
85291568,REQUEST_FAILED,,,,,
85291607,REQUEST_FAILED,,,,,
85291632,deadAbandoned,THUNDERBOLT,"Sep. 21, 2012",Robert Oatley Vineyards Pty Ltd,,
85291647,REQUEST_FAILED,,,,,
85291650,REQUEST_FAILED,,,,,
85291664,REQUEST_FAILED,,,,,
85291707,deadAbandoned,MYRATECALL SIMPLE·FAST·DIRECT,"Jan. 18, 2012","Directors Financial Group, Inc.",,kmcquown@directorsfg.com
85291708,REQUEST_FAILED,,,,,
85291765,REQUEST_FAILED,,,,,
85291878,deadAbandoned,CHICKEN CHUNKS,"Aug. 23, 2012","Tsaliangos, Hristos",,
85291811,REQUEST_FAILED,,,,,
85291802,REQUEST_FAILED,,,,,
85291991,deadAbandoned,VETERANAID.ORG,"Jan. 16, 2012","VeteranAid.org, LTD",,webadmin@veteranaid.org
85291921,REQUEST_FAILED,,,,,
85292030,deadAbandoned,FINGERPRINT IDENTIFICATION SYSTEMS,"Aug. 02, 2012","APOLITO, PAUL",,
85291985,REQUEST_FAILED,,,,,
85292119,deadAbandoned,10 BEST MAGAZINE,"Jun. 05, 2012","Gomez, Alfredo",,
85292024,REQUEST_FAILED,,,,,
85292045,REQUEST_FAILED,,,,,
85292157,deadAbandoned,TURNING HAVOC INTO HARMONY,"May 14, 2012","David R. Webb Builder, Inc.",,
85292095,REQUEST_FAILED,,,,,
85292159,deadAbandoned,HAND DRIP,"Aug. 01, 2012","Cafe Borsa, LLC",,jim@caffeborsa.com
85292191,deadAbandoned,FAMETEL,"Jan. 20, 2012","Lyons, David",,
85292208,deadAbandoned,FOXSKWERL,"Jun. 04, 2012","Pedersen, Mike",,
85292176,REQUEST_FAILED,,,,,
85292209,REQUEST_FAILED,,,,,
85292214,REQUEST_FAILED,,,,,
85292283,REQUEST_FAILED,,,,,
85292314,deadAbandoned,STATUS APP,"Jan. 16, 2012",Done Smart Ltd,,david@donesmart.com
85292304,REQUEST_FAILED,,,,,
85292323,REQUEST_FAILED,,,,,
85292389,deadAbandoned,GRIZZ...,"Aug. 15, 2012","Atterbury, Robert",,
85292386,deadAbandoned,S SENTIKON,"Jul. 23, 2012","Woodhouse, Sheila",,sewmd@earthlink.net
85292384,deadAbandoned,DO YOURSELF A FLAVOR!,"May 21, 2012","Flavor 4 U, LLC",,
85292438,deadAbandoned,WHITETAIL FREAKS,"Jul. 16, 2012",Kisky Productions LLC,,
85292417,deadAbandoned,CIRI,"May 21, 2012",Madison Marcus Inc.,,
85292620,deadAbandoned,SIZE WHAT?,"May 14, 2012",Norma Jean Hubbard,,
85292561,REQUEST_FAILED,,,,,
85292574,REQUEST_FAILED,,,,,
85292645,REQUEST_FAILED,,,,,
85292651,REQUEST_FAILED,,,,,
85292745,deadAbandoned,PRETAX CAPITAL DEPRECIATION,"Jan. 20, 2012","Rosebrock, Joseph E.",,jerosebrock@vectren.com
85292766,deadAbandoned,RECOVERING CHEATER,"Nov. 13, 2012",Sterling Dart Productions LLC,,stephanie@sterlingdartproductions.com
85292822,deadAbandoned,YOU HAVE NOTHING TO LOSE BUT YOUR DEBT.,"May 28, 2012","Simon, Johnny",,
85292758,deadAbandoned,TWADEMARKS,"Jan. 24, 2012",Reid M. Wilson,,reid_wilson@abercrombie.com
85292702,REQUEST_FAILED,,,,,
85292790,deadAbandoned,KEWLGAMEZ,"May 21, 2012","Grant, Justin",,
85292908,REQUEST_FAILED,,,,,
85293024,REQUEST_FAILED,,,,,
85293175,REQUEST_FAILED,,,,,
85293311,deadAbandoned,XHIBIT PRODUCTIONS,"Jan. 17, 2012","Stacked Digital, LLC",,
85293262,REQUEST_FAILED,,,,,
85293356,deadAbandoned,DIGITAL UNIVERSITY,"Jan. 19, 2012","Digital University, Incorporated",,keith@digitu.com
85293394,deadAbandoned,ROYAL STEAMLINE,"Jan. 17, 2012",Royal Steamline,,allaboard@royalsteamline.com
85293414,deadAbandoned,EQUI-RING,"May 21, 2012","Brendemuehl, James",,
85293348,REQUEST_FAILED,,,,,
85293473,deadAbandoned,THE MARIJUANA BOOTLEGGERS,"May 14, 2012","Thompson, Brett",,
85293467,deadAbandoned,LAFOREST VINEYARDS,"Jul. 20, 2012","LaForest, Brian",,
85293471,deadAbandoned,GIRLS GO DUMB,"Oct. 22, 2012","Wall World Entertainment, LLC",,
85293382,REQUEST_FAILED,,,,,
85293516,deadAbandoned,AIGO,"Jun. 26, 2012","Aigo Digital Technology Co., Ltd.",,info@mingyong.com
85293495,REQUEST_FAILED,,,,,
85293499,REQUEST_FAILED,,,,,
85293502,REQUEST_FAILED,,,,,
85293574,deadAbandoned,TAZIA,"May 21, 2012",Madison Marcus Inc.,,
85293576,deadAbandoned,ALCEE,"Oct. 01, 2012",Madison Marcus Inc.,,
85293589,deadAbandoned,MODERN WORLD ZEN,"Aug. 29, 2012","Barzell, Joshua",,
85293616,deadAbandoned,MAELSTROM,"May 28, 2012",Sigaro Limited,,kevinmalanga@yahoo.com
85293595,REQUEST_FAILED,,,,,
85293598,REQUEST_FAILED,,,,,
85293755,deadAbandoned,CROWNE BUILDERS,"Jan. 20, 2012","Tyszkiewicz, Stephen E",,crownebuilders@gmail.com
85293717,REQUEST_FAILED,,,,,
85293737,REQUEST_FAILED,,,,,
85293765,REQUEST_FAILED,,,,,
85293811,deadAbandoned,ROI MARKETING,"Jun. 11, 2012","ROI Marketing, Inc.",,wrawls@roimkt.com
85293824,deadAbandoned,GENE SMART SKINCARE,"Jun. 06, 2012",Rejuvenation Labs Incorporated,,ip@crockerventures.com
85293812,REQUEST_FAILED,,,,,
85293871,REQUEST_FAILED,,,,,
85294019,REQUEST_FAILED,,,,,
85294024,REQUEST_FAILED,,,,,
85294046,REQUEST_FAILED,,,,,
85294110,REQUEST_FAILED,,,,,
85294186,REQUEST_FAILED,,,,,
85294305,REQUEST_FAILED,,,,,
85294390,REQUEST_FAILED,,,,,
85294622,deadAbandoned,DETOXILITE3,"Jun. 04, 2012","Wrightway Wellness, LLC",,
85294553,REQUEST_FAILED,,,,,
85294633,REQUEST_FAILED,,,,,
85294661,REQUEST_FAILED,,,,,
85294679,deadAbandoned,"ULTIMATE COLLECTION OF 30,000+ LEGAL FORMS","Jan. 25, 2012","Carlyle Group, Inc",,carlylegrpinc@live.com
85294704,deadAbandoned,FLORIDIAN,"Jan. 20, 2012","Estheticians Garden, LLC",,info@terradolcespa.com
85294763,deadAbandoned,MENDON MADNESS,"May 28, 2012","Piliero, Brandon",,
85294707,REQUEST_FAILED,,,,,
85294785,deadAbandoned,GOLD LEAF,"Jan. 23, 2012",SAIFAN BOSMAT LTD.,,aslewin@gmail.com
85294732,REQUEST_FAILED,,,,,
85294776,deadAbandoned,TAX IDENTITY,"Aug. 22, 2012",Lilaham Inc.,,
85294802,REQUEST_FAILED,,,,,
85294843,REQUEST_FAILED,,,,,
85294924,REQUEST_FAILED,,,,,
85295035,REQUEST_FAILED,,,,,
85295191,deadAbandoned,LITTLE FARM CREAMERY,"Apr. 02, 2012","750 ML, LLC",,jcooper@domainedecanton.com
85295083,REQUEST_FAILED,,,,,
85295122,REQUEST_FAILED,,,,,
85295328,REQUEST_FAILED,,,,,
85295367,REQUEST_FAILED,,,,,
85295409,REQUEST_FAILED,,,,,
85295536,REQUEST_FAILED,,,,,
85295585,REQUEST_FAILED,,,,,
85295635,REQUEST_FAILED,,,,,
85295643,REQUEST_FAILED,,,,,
85295697,REQUEST_FAILED,,,,,
85295746,REQUEST_FAILED,,,,,
85295768,REQUEST_FAILED,,,,,
85295889,deadAbandoned,PINME,"Dec. 31, 2012","Santos Elizondo, Gabriel",,ii9230@gmail.com
85295898,deadAbandoned,THE BEST OR NOTHIN',"Nov. 26, 2012","Franken, Daniel",,n.franken@skynet.be
85295834,REQUEST_FAILED,,,,,
85295903,deadAbandoned,STUDIO FX,"Oct. 08, 2012",MFX Audio Inc.,,rawntarrant3@yahoo.com
85295906,deadAbandoned,MR. PÃO DE QUEIJO,"May 28, 2012","Piccolotto filho, Jose",,
85295915,deadAbandoned,UGO2,"May 28, 2012","OKeefe, Jenna",,
85295919,deadAbandoned,FEATURE POINTS,"Jun. 11, 2012",TapGen Corp.,,
85295857,REQUEST_FAILED,,,,,
85295932,deadAbandoned,BOJ CONCEPTS,"Jun. 04, 2012",Boj Concepts LLC,,
85295931,deadAbandoned,AUTOBOTS!!! TRANSFORM AND ROLLOUT!!!,"Jun. 04, 2012","Gore, Edward",,flamingo500@yahoo.com
85295920,deadAbandoned,SCENTRALS,"May 28, 2012","Endsley, Brad",,
85295921,deadAbandoned,LEGNA WOOD FIRED PIZZA,"Nov. 19, 2012","Palermo, Alexander",,
85295927,REQUEST_FAILED,,,,,
85296045,REQUEST_FAILED,,,,,
85296060,REQUEST_FAILED,,,,,
85296090,REQUEST_FAILED,,,,,
85296332,deadAbandoned,BEST RATED SURGEON,"Jan. 31, 2012","Saleh, Mohammad",,salehdmd@usa.net
85296145,REQUEST_FAILED,,,,,
85296293,deadAbandoned,WORLD BEST SURGEON,"Jan. 31, 2012","Saleh, Mohammad",,salehdmd@usa.net
85296421,deadAbandoned,WORLD BEST DENTIST,"Jan. 31, 2012","Saleh, Mohammad",,salehdmd@usa.net
85296467,deadAbandoned,ABHP ASSOCIATION OF BLACK HEALTH-SYSTEM PHARMACISTS,"Jan. 31, 2012",ABHP Association Of Black Health-System Pharmacists,,abhp@myabhp.org
85296363,REQUEST_FAILED,,,,,
85296474,deadAbandoned,TINIERCAFE,"May 28, 2012","GCREST America, Inc.",,
85296576,deadAbandoned,DAILY DOLLAR,"Jun. 11, 2012","Impressive Sounding, LLC.",,justin@chapweske.com
85296534,deadAbandoned,H3ADS UP,"May 28, 2012",Mind Over Matter LLC,,
85296505,REQUEST_FAILED,,,,,
85296592,deadAbandoned,HOME EFFICIENCY ASSOCIATION,"Jun. 11, 2012",Home Efficiency Association,,
85296583,REQUEST_FAILED,,,,,
85296621,REQUEST_FAILED,,,,,
85296653,REQUEST_FAILED,,,,,
85296712,REQUEST_FAILED,,,,,
85296786,REQUEST_FAILED,,,,,
85296803,REQUEST_FAILED,,,,,
85296864,deadAbandoned,MISSION INDIAN FOOD,"Mar. 08, 2012","Sayage, Hanna",,Johnsayage@yahoo.com
85296818,REQUEST_FAILED,,,,,
85296849,REQUEST_FAILED,,,,,
85296914,REQUEST_FAILED,,,,,
85296924,REQUEST_FAILED,,,,,
85296954,deadAbandoned,CHARLIE EN PARTICULIER,"Dec. 24, 2012",LAURENCE ROGER,,charlieenparticulier@me.com
85296934,REQUEST_FAILED,,,,,
85296984,REQUEST_FAILED,,,,,
85297023,deadAbandoned,POWERBLINGTV,"May 28, 2012",PowerBlingTV,,BAQUAYE@POWERBLING.COM
85297022,REQUEST_FAILED,,,,,
85297028,REQUEST_FAILED,,,,,
85297034,REQUEST_FAILED,,,,,
85297159,deadAbandoned,DETROIT WALK OF FAME,"Dec. 10, 2012","Brewer, Andrew",,
85297104,REQUEST_FAILED,,,,,
85297162,deadAbandoned,NEOCHAIR,"May 28, 2012","Schaefer, Erich",,
85297121,REQUEST_FAILED,,,,,
85297165,deadAbandoned,EGG CARTON LABELS,"Jan. 26, 2012",Amanda Cedeno,,heavenlyhollow@gmail.com
85297186,deadAbandoned,PHILANTHROPY STORE,"Sep. 02, 2012",The Patron Company LLC,,
85297164,deadAbandoned,MULLER-SOTO 3D CHART,"Feb. 02, 2012","Muller, Andrei",,andrei.stefan1@gmail.com
85297221,deadAbandoned,CITIZEN GRIM,"Jul. 24, 2012",S3G CORP,,david@kaboomsocial.com
85297230,deadAbandoned,APARTMENT ANDROID,"Jun. 28, 2012","Williams, Alan R",,arwilliams1968@gmail.com
85297193,REQUEST_FAILED,,,,,
85297227,REQUEST_FAILED,,,,,
85297237,REQUEST_FAILED,,,,,
85297244,REQUEST_FAILED,,,,,
85297309,deadAbandoned,J C MONEY,"Aug. 08, 2012","Collins, Justin",,
85297308,deadAbandoned,JOBDEMO,"Dec. 17, 2012","Jobdemo, Inc.",,
85297299,deadAbandoned,IMOTHERLAND,"Jun. 11, 2012","Itoolwa, Filippus Tangeni",,
85297313,deadAbandoned,EAT TASTE LOVE,"Jun. 04, 2012","Sante Hospitality, LLC",,
85297315,deadAbandoned,BIG CIPHER,"Aug. 16, 2012","Evans, Jermond",,
85297318,deadAbandoned,FREEAPP KING,"Dec. 24, 2012","Miyazaki, So",,
85297304,REQUEST_FAILED,,,,,
85297314,deadAbandoned,JOBDEMO,"Dec. 17, 2012","Jobdemo, Inc.",,
85297336,REQUEST_FAILED,,,,,
85297497,deadAbandoned,TRICKBEATZ LLC,"Jun. 18, 2012",Trickbeatz,,lettleyacn@yahoo.com
85297457,REQUEST_FAILED,,,,,
85297531,deadAbandoned,YOUFX,"Sep. 24, 2012",Youfx Limited,,lmora55577@aol.com
85297544,REQUEST_FAILED,,,,,
85297648,deadAbandoned,THE T-BAG,"Jan. 25, 2012",The T-Bag,,reed37@aol.com
85297585,REQUEST_FAILED,,,,,
85297706,deadAbandoned,I LOVE THE SMELL OF CRUDE OIL IN THE MORNING,"May 28, 2012",Masterrig International,,
85297679,REQUEST_FAILED,,,,,
85297684,REQUEST_FAILED,,,,,
85297687,REQUEST_FAILED,,,,,
85297765,deadAbandoned,CREATIVECLOUD,"May 28, 2012","Creative Cloud, Inc.",,
85297727,REQUEST_FAILED,,,,,
85297772,deadAbandoned,ZEROCHEM,"Jan. 26, 2012",Bioway Corporation B.V. in liquidation,,willem@jageradvocaten.nl
85298121,deadAbandoned,RIPPEDTRAINING.COM,"May 28, 2012",Kurzweil Talent Management LLC,,sean@ktmgmt.com
85297933,REQUEST_FAILED,,,,,
85298108,deadAbandoned,ARV AMERICAN RESPONSE VEHICLES,"Jan. 30, 2012",American Response Vehicles,,nick@arv4amb.com
85298117,REQUEST_FAILED,,,,,
85298124,REQUEST_FAILED,,,,,
85298285,deadAbandoned,COLLEGIATE LIFE,"Jan. 31, 2012",Collegiate Life Ltd,,peter@lifeam.com
85298298,deadAbandoned,LOWYAT,"Mar. 14, 2012","Ramadass, Vijandren",,
85298224,deadAbandoned,MENSPACE,"Jan. 26, 2012",VitaMan Global Pty Ltd,,info@vitaman.com.au
85298300,deadAbandoned,VENUS,"Jan. 29, 2012",Future Master International Limited,,yli@owtel.com
85298272,REQUEST_FAILED,,,,,
85298304,deadAbandoned,CHILDREN'S ART VILLAGE,"Jan. 31, 2012","Lai Breech, Mai",,
85298297,REQUEST_FAILED,,,,,
85298308,deadAbandoned,GMEDIA,"Mar. 08, 2012",G Media Limited,,ricki@gmedia.co.uk
85298305,deadAbandoned,COMPLETE EXAM,"Jan. 13, 2012","Smith, Sidney",,
85298303,deadAbandoned,LOWYAT.NET MALAYSIA'S LARGEST ONLINE COMMUNITY,"Aug. 14, 2012","Ramadass, Vijandren",,
85298318,deadAbandoned,THE MEREDITH METHOD,"Dec. 17, 2012","Thomas, Meredith",,
85298386,REQUEST_FAILED,,,,,
85298425,REQUEST_FAILED,,,,,
85298441,REQUEST_FAILED,,,,,
85298633,REQUEST_FAILED,,,,,
85298762,REQUEST_FAILED,,,,,
85298753,REQUEST_FAILED,,,,,
85298953,REQUEST_FAILED,,,,,
85298913,REQUEST_FAILED,,,,,
85299077,REQUEST_FAILED,,,,,
85299279,deadAbandoned,BINX,"Jun. 04, 2012",INCUBATE! LLC,,nypbbob@yahoo.com
85299299,deadAbandoned,ONE RICH CULTURE,"Dec. 10, 2012","Luna, Ernesto",,
85299298,REQUEST_FAILED,,,,,
85299322,REQUEST_FAILED,,,,,
85299327,REQUEST_FAILED,,,,,
85299337,REQUEST_FAILED,,,,,
85299345,REQUEST_FAILED,,,,,
85299413,deadAbandoned,VIDALIA DILLS,"Feb. 03, 2012","Nickel, Mark A",,mnickel7@sccoast.net
85299452,deadAbandoned,ENEMIES EVERYWHERE,"Jan. 30, 2012",Simon John Boyd,,enemieseverywhere@hotmail.com
85299454,deadAbandoned,REGULATE MARIJUANA LIKE ALCOHOL,"Jul. 03, 2012","Schaffer, Clifford",,
85299439,REQUEST_FAILED,,,,,
85299497,deadAbandoned,LEDX FOR YOUR POINT OF VIEW,"Feb. 07, 2012","KUAN TECH (BEIHAI) CO., LTD",,info.info168@gmail.com
85299485,deadAbandoned,CARTER BARNETT,"Aug. 03, 2012","Wall, Shelley",,
85299441,REQUEST_FAILED,,,,,
85299491,REQUEST_FAILED,,,,,
85299464,REQUEST_FAILED,,,,,
85299555,deadAbandoned,ENVSEAL,"Jun. 04, 2012","Warfield, John",,
85299595,deadAbandoned,ASTROLOGY OF THE 13 ZODIAC SIGNS,"Feb. 07, 2012",Kanatas Vasileios,,vkan53@otenet.gr
85299547,deadAbandoned,CALABASAS CANDY SHOPPE,"May 07, 2012","Luterman, Marlene",,
85299619,REQUEST_FAILED,,,,,
85299754,deadAbandoned,CHARCOLIVE,"Feb. 06, 2012",CHARCOLIVE S.L.,,cideaunoinc@yahoo.com
85299750,deadAbandoned,CHALMONT,"Dec. 24, 2012","750 ML, LLC",,jcooper@domainedecanton.com
85299677,REQUEST_FAILED,,,,,
85299733,REQUEST_FAILED,,,,,
85300092,deadAbandoned,HACIENDA 1881,"Sep. 27, 2012",COMPAÑIA TEQUILERA LA MISION S.A. DE C.V.,,GERRYLICEA@AOL.COM
85300160,deadAbandoned,COWBOYS DO IT BETTER,"Oct. 08, 2012","Love, Bill",,
85299872,deadAbandoned,GRIPLITE,"Jan. 28, 2012",Griplite LLC,,griplitellc@hotmail.com
85300185,deadAbandoned,DRAIN STONES,"Aug. 24, 2012","Dixon, Daniel",,danielj727@gmail.com
85300017,REQUEST_FAILED,,,,,
85300108,deadAbandoned,BRO-PILOT,"May 21, 2012","Alex, Timothy",,
85300284,deadAbandoned,OCEAN TANNING ESSENTIALS,"Jul. 23, 2012","N.V. Labs, Inc.",,
85300310,deadAbandoned,"NO CLASS, JUST ASS","Jun. 04, 2012","Nwokeabia, Kingsley",,
85300223,REQUEST_FAILED,,,,,
85300391,deadAbandoned,4 LADS FROM LIVERPOOL,"Aug. 23, 2012","Pou, James",,
85300508,deadAbandoned,FOR SMOOTH SAILING AND ZERO STRESS ... CALL SYS!,"Jan. 30, 2012","STANLEY YACHT SERVICES, INC.",,ADMIN@STANLEYYACHTS.COM
85300357,REQUEST_FAILED,,,,,
85300536,deadAbandoned,RYZO FUEL,"Jul. 27, 2012","Jones, Shaun",,
85300421,REQUEST_FAILED,,,,,
85300438,REQUEST_FAILED,,,,,
85300544,deadAbandoned,ACHIEVE BRAND CLARITY,"May 02, 2012","Irvine Graphic Design, LLC",,stuart@irvinegraphicdesign.com
85300562,REQUEST_FAILED,,,,,
85300627,deadAbandoned,PROTECTION DOGS USA,"Sep. 24, 2012","Valentine, Darrell",,
85300633,deadAbandoned,PIZZA IS 4 SUCKERS,"Dec. 17, 2012","Dicarlo, Rita",,
85300671,deadAbandoned,ADAPT-A-SNAP,"Dec. 24, 2012",GoGreen Enterprises LLC,,
85300678,deadAbandoned,DUAL GUSSETS,"Aug. 22, 2012",GoGreen Enterprises LLC,,
85300609,REQUEST_FAILED,,,,,
85300668,REQUEST_FAILED,,,,,
85300919,deadAbandoned,ECOEGG,"Feb. 07, 2012",Ecoegg Limited,,rob.knight@ecoeggonline.com
85301040,deadAbandoned,3DFX,"Jan. 24, 2012",DATA ACCESS,,data.excess@gmail.com
85300897,REQUEST_FAILED,,,,,
85301020,REQUEST_FAILED,,,,,
85301053,REQUEST_FAILED,,,,,
85301189,REQUEST_FAILED,,,,,
85301261,REQUEST_FAILED,,,,,
85301429,deadAbandoned,GREIN,"May 20, 2012",GreinOptics llc,,grein2.0@gmail.com
85301394,REQUEST_FAILED,,,,,
85301427,REQUEST_FAILED,,,,,
85301477,REQUEST_FAILED,,,,,
85301569,REQUEST_FAILED,,,,,
85301589,REQUEST_FAILED,,,,,
85301762,deadAbandoned,PB POWERBLING INC GOT POWER? BLING IT!,"Jun. 18, 2012","POWERBLING, INC.",,Elijaha@powerbling.com
85301709,REQUEST_FAILED,,,,,
85301745,REQUEST_FAILED,,,,,
85301757,REQUEST_FAILED,,,,,
85301760,REQUEST_FAILED,,,,,
85301780,REQUEST_FAILED,,,,,
85301817,REQUEST_FAILED,,,,,
85301883,deadAbandoned,THE OUTFITTERS GUIDES,"Aug. 29, 2012",The Outfitters Guides,,
85301877,deadAbandoned,PIPSQUEAK FOODS,"Jun. 25, 2012","Ross, Lloyd",,
85301865,REQUEST_FAILED,,,,,
85301880,deadAbandoned,SUGARMONKEY.COM,"Jun. 11, 2012","Clarke, Christopher",,
85301918,deadAbandoned,ENCHANTED DREAMS FROM THE AMAZON,"Feb. 11, 2012",My Little Universe LTD,,malcolm@mylittleuniverse.net
85301884,REQUEST_FAILED,,,,,
85301887,REQUEST_FAILED,,,,,
85302028,deadAbandoned,ZWOOR ASK QUESTIONS WHERE IT MATTERS,"Feb. 07, 2012",Twoor LLC,,zwoor.llc@gmail.com
85302150,deadAbandoned,EXPECTED ENVIRONMENTAL LOSS,"Feb. 09, 2012",Partner Assessment Corporation,,kmooman@partneresi.com
85301993,REQUEST_FAILED,,,,,
85302072,REQUEST_FAILED,,,,,
85302089,REQUEST_FAILED,,,,,
85302255,REQUEST_FAILED,,,,,
85302305,REQUEST_FAILED,,,,,
85302337,REQUEST_FAILED,,,,,
85302378,REQUEST_FAILED,,,,,
85302572,deadAbandoned,ALIVAMAX ENERJETICS,"Mar. 02, 2012","Alivamax Worldwide, LLC",,
85302451,REQUEST_FAILED,,,,,
85302473,REQUEST_FAILED,,,,,
85302671,deadAbandoned,ALIVAMAX,"Mar. 26, 2012","Alivamax Worldwide, LLC",,
85302549,REQUEST_FAILED,,,,,
85302651,deadAbandoned,None,"Feb. 17, 2012","Right Side, Inc.",,
85302759,deadAbandoned,FUELED BY PASSION,"Mar. 12, 2012","Hunziker Design LLC,",,nicolas@nicolashunziker.com
85302681,REQUEST_FAILED,,,,,
85302707,REQUEST_FAILED,,,,,
85302769,REQUEST_FAILED,,,,,
85302841,deadAbandoned,THE ORIGINAL STEAKS UNLIMITED,"Oct. 29, 2012","Steaks Connection, LLC",,
85302855,deadAbandoned,FISH HUNT,"Oct. 08, 2012",HitGrab Inc.,,
85302858,deadAbandoned,"UNITED ATHLETES OF AMERICA, INC.","Jul. 23, 2012","United Athletes of America, Inc.",,joe@unitedathletesofamerica.com
85302839,deadAbandoned,WAR DAMN EAGLE,"Aug. 22, 2012","SWYGERT, JACOB",,
85302805,REQUEST_FAILED,,,,,
85302825,REQUEST_FAILED,,,,,
85302862,REQUEST_FAILED,,,,,
85302905,REQUEST_FAILED,,,,,
85302961,deadAbandoned,FREE GEEK ADVICE,"Feb. 06, 2012","Sterner, Maggy",,maggysterner@gmail.com
85302974,deadAbandoned,PEUCI,"Feb. 03, 2012",MISTY NICHOLSON,,peuciwear@yahoo.com
85302997,deadAbandoned,BELLA DANIELLA,"Jan. 09, 2012",Dynamic Ventures 98,,sales@belladaniella.com
85302984,REQUEST_FAILED,,,,,
85302993,REQUEST_FAILED,,,,,
85303004,REQUEST_FAILED,,,,,
85303012,REQUEST_FAILED,,,,,
85303021,REQUEST_FAILED,,,,,
85303041,REQUEST_FAILED,,,,,
85303097,deadAbandoned,EXOCLICK,"Feb. 03, 2012",EXOCLICK S.L.,,consultas@bermejojacobsen.com
85303077,deadAbandoned,SL,"May 14, 2012",Done Smart Ltd,,david@donesmart.com
85303084,REQUEST_FAILED,,,,,
85303096,REQUEST_FAILED,,,,,
85303101,REQUEST_FAILED,,,,,
85303111,REQUEST_FAILED,,,,,
85303164,deadAbandoned,DETOXOLITE,"May 21, 2012","Wrightway Wellness, LLC",,
85303171,deadAbandoned,ESSENTIAL SEAMS,"Dec. 31, 2012","McCormick, Joe",,
85303133,REQUEST_FAILED,,,,,
85303154,REQUEST_FAILED,,,,,
85303362,deadAbandoned,NATIVE 360,"Apr. 12, 2012",Christina Brady,,christina@native360.net
85303334,REQUEST_FAILED,,,,,
85303397,REQUEST_FAILED,,,,,
85303405,REQUEST_FAILED,,,,,
85303445,REQUEST_FAILED,,,,,
85303533,REQUEST_FAILED,,,,,
85303611,REQUEST_FAILED,,,,,
85303680,deadAbandoned,HONEY PLUS,"Feb. 04, 2012",Malt Products Corp.,,evan@maltproducts.com
85303650,REQUEST_FAILED,,,,,
85303670,REQUEST_FAILED,,,,,
85303749,deadAbandoned,ZANZOTH,"Dec. 03, 2012","Astral Holdings, Inc.",,
85303765,deadAbandoned,PIZZA PERFECT,"Feb. 04, 2012",Malt Products Corp.,,evan@maltproducts.com
85303685,REQUEST_FAILED,,,,,
85303745,REQUEST_FAILED,,,,,
85303830,REQUEST_FAILED,,,,,
85304091,REQUEST_FAILED,,,,,
85304155,REQUEST_FAILED,,,,,
85304170,REQUEST_FAILED,,,,,
85304194,REQUEST_FAILED,,,,,
85304264,REQUEST_FAILED,,,,,
85304296,REQUEST_FAILED,,,,,
85304309,REQUEST_FAILED,,,,,
85304313,REQUEST_FAILED,,,,,
85304394,deadAbandoned,DONKEY'S RESTAURANT,"Jun. 25, 2012","Blekestad, Arden",,
85304403,deadAbandoned,PAHASE4,"Nov. 27, 2012",EFELER DIS TICARET LIMITED SIRKETI,,ODUYMUS@YAHOO.COM
85304373,REQUEST_FAILED,,,,,
85304365,REQUEST_FAILED,,,,,
85304572,deadAbandoned,12 21,"Apr. 12, 2012",12.21 Jeans,,ejtutwiler@inbox.com
85304437,REQUEST_FAILED,,,,,
85304598,REQUEST_FAILED,,,,,
85304651,REQUEST_FAILED,,,,,
85304740,deadAbandoned,INSPIRATIVE,"Feb. 06, 2012",Neomma Ltd.,,info@neomma.com
85304722,deadAbandoned,NEOMMA,"Feb. 06, 2012",Neomma Ltd.,,info@neomma.com
85304751,deadAbandoned,INSPIRATEE,"Feb. 06, 2012",Neomma Ltd.,,info@neomma.com
85304731,REQUEST_FAILED,,,,,
85304737,REQUEST_FAILED,,,,,
85304945,deadAbandoned,MAP (MANAGMENT ASSISTANCE PROGRAM),"Feb. 07, 2012",Care Plus Solutions,,tkaplan04@aol.com
85304855,deadAbandoned,WRESTLING WITH THE STARS,"Feb. 14, 2012",JAM SESSION EVENTS LTD.,,ron2@ron2.com
85304837,REQUEST_FAILED,,,,,
85304994,deadAbandoned,MEJA MIKASA,"Feb. 10, 2012",S&R MOGULS LLC,,mksadesigngroup@gmail.com
85305061,deadAbandoned,IKNEXT,"Jun. 18, 2012","Noitall, LLC",,mkdesloge@ymail.com
85305118,deadAbandoned,THE NASTY,"Oct. 29, 2012",THE WINE GROUP LLC,,DIJANA.KRISTO@THEWINEGROUP.COM
85305138,REQUEST_FAILED,,,,,
85305233,deadAbandoned,STANDARD POWER,"Feb. 09, 2012","Standard Power of America, Inc.",,info@standardpowerofamerica.com
85305273,REQUEST_FAILED,,,,,
85305305,REQUEST_FAILED,,,,,
85305313,REQUEST_FAILED,,,,,
85305389,deadAbandoned,MATTIO GUERSAM,"Dec. 31, 2012","Bromberg, Brian",,besquaredbass@gmail.com
85305367,REQUEST_FAILED,,,,,
85305370,REQUEST_FAILED,,,,,
85305379,REQUEST_FAILED,,,,,
85305396,REQUEST_FAILED,,,,,
85305510,deadAbandoned,OZKUSH,"Feb. 14, 2012",Astcor Products Inc,,borushek@gmail.com
85305443,deadAbandoned,THE BEGINNER TRAXX,"Jun. 18, 2012","Santiago, Sean",,
85305477,deadAbandoned,BORN TUFF,"Jul. 16, 2012",Bajonero Israel,,Tumamamemima2@yahoo.com
85305531,deadAbandoned,LATINWEAR,"Feb. 29, 2012","Aponte, George",,g713aponte@yahoo.com
85305547,deadAbandoned,12-20-12 PARTY LIKE THERE'S NO TOMORROW,"Jun. 11, 2012","Lay, Ivan",,
85305481,REQUEST_FAILED,,,,,
85305527,deadAbandoned,TRUEVIEW,"Feb. 27, 2012",SetLogik Inc.,,akumar@setlogik.com
85305575,deadAbandoned,HOLE THROUGH THE EARTH,"Feb. 09, 2012","Clunan, Richard",,richclunan@gmail.com
85305529,REQUEST_FAILED,,,,,
85305557,deadAbandoned,GOPLUS,"Jun. 20, 2012","NINGBO GEMSTAR IMP. & EXP. CO., LTD.",,zhanghonglu@inipa.com
85305666,deadAbandoned,ADDISON'S TALES,"Oct. 01, 2012","Goerke, Jerome",,jerome_goerke@yahoo.com.au
85305565,REQUEST_FAILED,,,,,
85305580,deadAbandoned,XTREME RACING,"Dec. 02, 2012","Xtreme Marketing, Inc.",,
85305733,deadAbandoned,ZODIAC,"Feb. 09, 2012","Red Tail, LLC",,redtailca@aol.com
85305769,REQUEST_FAILED,,,,,
85305845,REQUEST_FAILED,,,,,
85305908,REQUEST_FAILED,,,,,
85306327,deadAbandoned,GIFT JABBERS,"Jun. 11, 2012",Kevin Prince,,kevin@quickpatents.com
85306173,REQUEST_FAILED,,,,,
85306439,deadAbandoned,PHUCKY'S MAD IRISH SHOP,"Aug. 23, 2012",Angela's Gift Box LLC,,angelasgiftbox@yahoo.com
85306368,REQUEST_FAILED,,,,,
85306442,REQUEST_FAILED,,,,,
85306487,REQUEST_FAILED,,,,,
85306617,deadAbandoned,YOUDATA,"Dec. 31, 2012","YouData, Inc.",,
85306571,REQUEST_FAILED,,,,,
85306717,deadAbandoned,ON TARGET WITH THE GENERATION NEXT,"Mar. 20, 2012","Harris, LZ",,lz@lztvshows.com
85306610,REQUEST_FAILED,,,,,
85306751,deadAbandoned,E,"Dec. 17, 2012","Washington, Ebony",,
85306754,deadAbandoned,COPPER CHOPPERS,"Jul. 16, 2012","Salinas, Robert",,
85306724,deadAbandoned,SCARY GODMOTHER,"Jun. 18, 2012",Jill Thompson,,jillthompsonstuff@gmail.com
85306758,deadAbandoned,BELLA MINA,"Aug. 23, 2012","Allen, Sabrina",,saballen123@aol.com
85306762,deadAbandoned,LE CREME CONCIERGE,"Jul. 02, 2012","Creamer, Kathleen",,
85306732,REQUEST_FAILED,,,,,
85306735,REQUEST_FAILED,,,,,
85306755,deadAbandoned,BABY'S HONEY,"Feb. 13, 2012","Wong, Sing Yiu",,babyschoice@ymail.com
85306763,deadAbandoned,POWERFUL,"Dec. 10, 2012","Akhundzada, Shahin",,
85306745,REQUEST_FAILED,,,,,
85306774,deadAbandoned,SOUTH DAKOTA COUNTRY MUSIC ORGANIZATION,"Aug. 12, 2012","Iverson, Wini",,
85306781,deadAbandoned,None,"Jun. 18, 2012","WORLD MODEL CO., LTD.",,info.info168@gmail.com
85306784,deadAbandoned,BAWS,"Jun. 11, 2012","Castillo, Jaime",,
85306783,deadAbandoned,TEAM EDS SPECIALIZED R/C TOOLS,"Feb. 18, 2012","WORLD MODEL CO., LTD.",,info.info168@gmail.com
85306824,deadAbandoned,CHIP SHOP,"Feb. 15, 2012",Have Me I'm Yours Ltd,,sophie@havemeimyours.com
85306941,deadAbandoned,NATURALLY ALKALINE MINERAL WATER,"Feb. 13, 2012","McConnell, Freddie",,Aquaevivae@gmail.com
85306776,REQUEST_FAILED,,,,,
85306839,REQUEST_FAILED,,,,,
85306972,deadAbandoned,NEMSA NATIONAL EMS ASSOCIATION,"Feb. 09, 2012",National Emergency Medical Services Association,,jasonherring@nemsausa.org
85306881,REQUEST_FAILED,,,,,
85306993,REQUEST_FAILED,,,,,
85307031,REQUEST_FAILED,,,,,
85307060,REQUEST_FAILED,,,,,
85307298,deadAbandoned,IREHAB,"Jun. 18, 2012",Shane Sterling,,shane@sterlingparty.com
85307104,REQUEST_FAILED,,,,,
85307334,REQUEST_FAILED,,,,,
85307353,REQUEST_FAILED,,,,,
85307475,deadAbandoned,ALIVAMAX GTO,"Dec. 10, 2012","Alivamax Worldwide, LLC",,
85307658,deadAbandoned,None,"Feb. 10, 2012","Follow Thru, LLC",,
85307517,REQUEST_FAILED,,,,,
85307521,REQUEST_FAILED,,,,,
85307531,REQUEST_FAILED,,,,,
85307578,REQUEST_FAILED,,,,,
85307741,deadAbandoned,REEL DEALS,"Feb. 16, 2012","Four Star Marketing, Inc",,rick@fourstarmarketing.com
85307764,REQUEST_FAILED,,,,,
85307791,REQUEST_FAILED,,,,,
85307810,REQUEST_FAILED,,,,,
85307837,REQUEST_FAILED,,,,,
85307844,REQUEST_FAILED,,,,,
85307843,REQUEST_FAILED,,,,,
85307889,deadAbandoned,NEMSA,"Feb. 09, 2012",National Emergency Medical Services Association,,jasonherring@nemsausa.org
85307893,deadAbandoned,NEMSA NATIONAL EMERGENCY MEDICAL SERVICES ASSOCIATION NATIONAL EMS ASSOCIATION,"Feb. 09, 2012",National Emergency Medical Services Association,,jasonherring@nemsausa.org
85307917,deadAbandoned,WOE,"Jul. 02, 2012","Gaulden, Jerado E.",,jgaulden@cfl.rr.com
85307944,deadAbandoned,GOT2TIX,"Feb. 16, 2012","Horesh, David E",,got2tix@gmail.com
85307907,REQUEST_FAILED,,,,,
85307956,deadAbandoned,MEDITATION MART,"Feb. 19, 2012",SERGIENKO Ignatiy,,a.chaban@vepol.ua
85307916,REQUEST_FAILED,,,,,
85307969,deadAbandoned,CJMC,"Aug. 15, 2012","Rodrigues, Neil",,Neil_Rodrigues@yahoo.com
85307935,REQUEST_FAILED,,,,,
85307962,deadAbandoned,None,"Jul. 02, 2012","Dental Partners, LLC",,
85308087,REQUEST_FAILED,,,,,
85308181,REQUEST_FAILED,,,,,
85308189,REQUEST_FAILED,,,,,
85308231,REQUEST_FAILED,,,,,
85308365,deadAbandoned,PEACHY GYRL,"Sep. 21, 2012",JOY SINGFIELD,,customerservice@peachygyrl.com
85308286,REQUEST_FAILED,,,,,
85308503,deadAbandoned,LADY COCO,"Feb. 11, 2012",Lady Coco Limited,,petra@bigfootcorp.com
85308402,REQUEST_FAILED,,,,,
85308403,REQUEST_FAILED,,,,,
85308416,REQUEST_FAILED,,,,,
85308524,deadAbandoned,IRON CHEF KITCHEN,"Feb. 20, 2012","Choi, Jimmy Wing Leung",,jimmychoi@aol.com
85308571,deadAbandoned,GAYSTONIGHT,"Dec. 10, 2012","Lifestyle Entertainment, Inc.",,nonztak@yahoo.com
85308615,deadAbandoned,CLOWD,"Feb. 17, 2012","Morel, Joseph",,buddy@buddymorel.com
85308556,REQUEST_FAILED,,,,,
85308762,deadAbandoned,IM THAT C.H.I.C.,"Mar. 15, 2012","Swinger, Chia",,
85308587,REQUEST_FAILED,,,,,
85308736,deadAbandoned,VANTAGE,"Jun. 18, 2012",Brandon Stewart,,brandon@westechassociates.com
85308653,REQUEST_FAILED,,,,,
85308899,REQUEST_FAILED,,,,,
85309016,deadAbandoned,CHAMPION MASSAGE,"Feb. 11, 2012","Ultimate Bodywork, LLC",,champion.massage.email@gmail.com
85309041,deadAbandoned,TAG-O-MATIC,"Jun. 18, 2012","Smith, Harold",,
85308977,REQUEST_FAILED,,,,,
85308983,REQUEST_FAILED,,,,,
85309033,deadAbandoned,PANTEEZ,"Jun. 18, 2012","Shefts, Sherry",,
85309049,deadAbandoned,WAKESURFING WORLD CHAMPIONSHIP,"Sep. 12, 2012","Williford, Eric",,
85309056,deadAbandoned,D. B FASTENERS,"Feb. 14, 2012","HAIYAN DINGFENG FASTENER CO., LTD.",,evergreen1103@gmail.com
85309031,REQUEST_FAILED,,,,,
85309048,deadAbandoned,P-SMUGGLER,"Jun. 18, 2012","Brady, Patrick",,
85309066,REQUEST_FAILED,,,,,
85309114,REQUEST_FAILED,,,,,
85309124,REQUEST_FAILED,,,,,
85309130,REQUEST_FAILED,,,,,
85309179,deadAbandoned,TEASSUE INSIDE,"Dec. 31, 2012","NAPABE, LLC",,NAPABELLC@GMAIL.COM
85309150,REQUEST_FAILED,,,,,
85309200,deadAbandoned,OWNERBILT,"May 23, 2012",Paul Jordan,,pjordan.register@gmail.com
85309214,REQUEST_FAILED,,,,,
85309256,REQUEST_FAILED,,,,,
85309335,deadAbandoned,ENTREPRENEUR FINDER,"Feb. 16, 2012",ENTREPRENEUR FINDER LTD.,,luked@EntrepreneurFinder.com
85309374,deadAbandoned,NEW UTILITY,"Feb. 14, 2012","EMPATHY, LLP",,rensokol@aol.com
85309304,REQUEST_FAILED,,,,,
85309322,REQUEST_FAILED,,,,,
85309372,deadAbandoned,UXL PRODUCTIONS,"Sep. 10, 2012",Trace Optics Pty Ltd,,j.anderson@traceoptics.com
85309382,deadAbandoned,MO MONEY APPAREL,"Aug. 06, 2012","Belk, William",,willie@williebelk.com
85309515,deadAbandoned,"CROWN COLLECTOR CAR AUCTIONS, INC.","Feb. 13, 2012","CROWN Collector Car Auctions, Inc.",,christsonas@cs.com
85309405,REQUEST_FAILED,,,,,
85309404,REQUEST_FAILED,,,,,
85309407,REQUEST_FAILED,,,,,
85309634,deadAbandoned,TEST LADY,"Dec. 10, 2012","Smekens Education Solutions, Inc.",,brady@smekenseducation.com
85309589,REQUEST_FAILED,,,,,
85309611,REQUEST_FAILED,,,,,
85309704,deadAbandoned,TOOTHBRUSH SANITIZER,"Jan. 16, 2012",Vermont Soapworks,,jim@vermontsoap.com
85309648,REQUEST_FAILED,,,,,
85309732,REQUEST_FAILED,,,,,
85309725,REQUEST_FAILED,,,,,
85309834,REQUEST_FAILED,,,,,
85310043,deadAbandoned,ENCHANTED DREAMS FROM THE AMAZON,"Feb. 11, 2012",My Little Universe LTD,,malcolm@mylittleuniverse.net
85309989,deadAbandoned,COCOJOJO,"Apr. 27, 2012","Farah, Youssef",,
85310070,REQUEST_FAILED,,,,,
85310096,REQUEST_FAILED,,,,,
85310151,REQUEST_FAILED,,,,,
85310235,deadAbandoned,MOBILE VERTICAL VEGE & HERB GARDEN,"Feb. 20, 2012",Vertical Garden Solutions,,georges@verticalgardensolutions.com
85310191,REQUEST_FAILED,,,,,
85310267,deadAbandoned,BLESS,"Jun. 25, 2012",Biomarwell LLC,,
85310274,deadAbandoned,SOCIAL MEDIA MEDICINE,"Aug. 23, 2012","Medicine World Enterprises, LLC",,
85310291,deadAbandoned,SS,"Oct. 11, 2012",American Car Craft,,
85310216,REQUEST_FAILED,,,,,
85310233,REQUEST_FAILED,,,,,
85310292,deadAbandoned,HEALTH & WEALTH ON THE GO,"Feb. 13, 2012","Epharmacy Holdings, LLC",,
85310302,REQUEST_FAILED,,,,,
85310359,REQUEST_FAILED,,,,,
85310438,deadAbandoned,FOOD FXR,"Feb. 13, 2012","Epharmacy Holdings, LLC",,
85310466,deadAbandoned,SUP YOGI,"Sep. 14, 2012","Vallas, Kate",,
85310361,REQUEST_FAILED,,,,,
85310470,deadAbandoned,DISTANCE CME,"Jun. 07, 2012",Distance CME LLC,,
85310478,deadAbandoned,TULIP PINK TEA,"Sep. 10, 2012","Khan, Uzma",,
85310476,deadAbandoned,None,"Sep. 05, 2012","Thurber, James",,
85310502,deadAbandoned,VINDER,"Jul. 02, 2012","Chi, Albert",,
85310496,deadAbandoned,THE NEXT LEVEL,"Sep. 14, 2012","Beninati, Matthew",,
85310451,REQUEST_FAILED,,,,,
85310521,deadAbandoned,FEEL GOOD,"Feb. 16, 2012","Jones, Gregory",,
85310526,deadAbandoned,RESINSTONE,"Feb. 22, 2012","Amedeo Design, LLC",,
85310483,deadAbandoned,VAN NUYS AWNINGS,"Jun. 29, 2012",van nuys awning co. inc.,,
85310538,deadAbandoned,GUMMIE FACTORY,"Feb. 21, 2012",AMP Business Solutions Limited,,allan.peart@live.com
85310520,deadAbandoned,ANGRY KITTIES,"Aug. 21, 2012","Weybrant, Jill",,
85310498,REQUEST_FAILED,,,,,
85310539,REQUEST_FAILED,,,,,
85310673,REQUEST_FAILED,,,,,
85310685,REQUEST_FAILED,,,,,
85310780,deadAbandoned,DUO ARCADE,"Feb. 20, 2012","Discovery Bay Games, Inc.",,
85310802,deadAbandoned,HANGAR 39,"Dec. 03, 2012","Custom Hotel, LLC",,ipdocket@muchshelist.com
85310806,deadAbandoned,DUO SCORE,"Feb. 17, 2012","Discovery Bay Games, Inc.",,
85310736,REQUEST_FAILED,,,,,
85310767,REQUEST_FAILED,,,,,
85310813,deadAbandoned,DUO SMASH,"Sep. 12, 2012","Discovery Bay Games, Inc.",,
85311111,deadAbandoned,AHLADIM,"Feb. 23, 2012","Silva, Rogerio Magela",,magela@athenassoftware.com.br
85310925,REQUEST_FAILED,,,,,
85310902,REQUEST_FAILED,,,,,
85311239,deadAbandoned,ARL,"Jul. 02, 2012","ARL, Inc.",,rlcontino@gmail.com
85311123,REQUEST_FAILED,,,,,
85311154,REQUEST_FAILED,,,,,
85311248,REQUEST_FAILED,,,,,
85311269,REQUEST_FAILED,,,,,
85311319,REQUEST_FAILED,,,,,
85311323,REQUEST_FAILED,,,,,
85311467,REQUEST_FAILED,,,,,
85311626,deadAbandoned,KO BURGER,"Nov. 19, 2012","Palermo, Alexander",,
85311639,deadAbandoned,REAL CELEBRITIES. THEIR VOICES. YOUR MESSAGE.,"Jun. 25, 2012","Kawesch, Gary",,
85311535,REQUEST_FAILED,,,,,
85311645,deadAbandoned,PLANTER STONE,"Aug. 24, 2012","Dixon, Daniel",,danielj727@gmail.com
85311548,REQUEST_FAILED,,,,,
85311648,deadAbandoned,ZOOMOTO,"Jun. 25, 2012",Universal Enterprises LLC,,
85311629,REQUEST_FAILED,,,,,
85311654,deadAbandoned,HARVEST NATURALS,"Jun. 18, 2012","Hernandez, Juan F",,
85311631,REQUEST_FAILED,,,,,
85311915,deadAbandoned,HORIZONS UNIVERSITY,"Feb. 24, 2012",Grossi Roberta,,robertagrossi@me.com
85311881,REQUEST_FAILED,,,,,
85311971,REQUEST_FAILED,,,,,
85312118,deadAbandoned,PA-KOA INTERNATIONAL LEAGUE,"Sep. 04, 2012",Pa-Kua International School inc.,,
85312173,deadAbandoned,SECURING YOUR CYBER WORLD,"Feb. 13, 2012","ARIXMAR, LLC",,aarismendi@arixmar.com
85312007,REQUEST_FAILED,,,,,
85312186,deadAbandoned,EARBUD STORAGE MADE EASY,"Feb. 21, 2012",Digitat Concepts,,richard@digitatconcepts.com
85312095,REQUEST_FAILED,,,,,
85312298,deadAbandoned,SATISFYING YOUR CAFFEINE CRAVING ONE IMAGE AT A TIME,"Jun. 25, 2012","Graf, Janine",,
85312204,deadAbandoned,"NBBI NATIONAL BENEFIT BUILDERS, INC. THE PARTNER YOU KEEP","Feb. 20, 2012","National Benefit Builders, Inc.",,mattardo@nbbicard.com
85312372,deadAbandoned,CANARY,"Oct. 10, 2012","Dyksterhouse, Shandon",,
85312225,REQUEST_FAILED,,,,,
85312266,REQUEST_FAILED,,,,,
85312462,deadAbandoned,CAP COMMUNITY ASSISTANCE PROGRAM MAKING HEALTHCARE MORE AFFORDABLE,"Feb. 17, 2012","National Benefit Builders, Inc.",,mattardo@nbbicard.com
85312524,deadAbandoned,LAN PATROL,"Feb. 28, 2012","Grunfeld, Simon",,gallantfx@gmail.com
85312472,deadAbandoned,GOGIRL NEWENGLAND!,"Sep. 15, 2012","Spencer, Cheryl",,
85312550,deadAbandoned,DENTACHOICE,"Feb. 17, 2012","National Benefit Builders, Inc.",,mattardo@nbbicard.com
85312435,REQUEST_FAILED,,,,,
85312458,REQUEST_FAILED,,,,,
85312586,REQUEST_FAILED,,,,,
85312614,deadAbandoned,GIGDATES,"May 28, 2012","Sheldon Jr, Michael",,
85312712,deadAbandoned,"EBB EXPRESS BEAUTY: BLOWDRY, LASH, NAIL, BROW & MAKEUP BAR","Oct. 11, 2012",EXPRESS BEAUTY BAR BRANDS PTY LTD,,CHARMILLA@EXPRESSBEAUTYBAR.COM
85312652,REQUEST_FAILED,,,,,
85312654,REQUEST_FAILED,,,,,
85312683,REQUEST_FAILED,,,,,
85312781,deadAbandoned,E&E EVOLVE & EMERGE,"Feb. 21, 2012",Subburaman Maheswari,,msubbura@yahoo.com
85312820,deadAbandoned,INSPIRED ENTERTAINMENT,"Dec. 31, 2012","QUIMPER, AMANDA JOAN",,STRIPPEDCLEAN@hotmail.com
85312779,deadAbandoned,EL NACIONAL,"Jan. 16, 2012",JOSE DE JESÚS DOMINGUEZ FIGUEROA,,ccamara@anki.com.mx
85312821,deadAbandoned,TERA,"Nov. 19, 2012",PAUL HANDLEY DESIGN LIMITED,,info@revomark.co.uk
85312816,deadAbandoned,BLUESTAR,"Dec. 12, 2012","Jiangsu Kangtai Chemical Group Co., Ltd",,
85312839,deadAbandoned,"AA-12 SLEDGEHAMMER ""THE WORLD'S DEADLIEST SHOTGUN !""","Sep. 06, 2012","Herberth, Steven",,
85312791,REQUEST_FAILED,,,,,
85312853,deadAbandoned,SOLARBATTERY,"Aug. 22, 2012",Innovation Thrue Energy Co.Ltd,,
85312805,REQUEST_FAILED,,,,,
85312847,deadAbandoned,PLEZIBO,"Jul. 30, 2012","Dunlop, Alexander",,
85312855,deadAbandoned,"P & P, THE PRO AND THE PUNDIT, MILE HIGH SPORTS, AM 1510, FM 93.7, SA-SU, 10A - 12P","Feb. 10, 2012","McChesney, Matt",,matt.mcchesney60@gmail.com
85312862,deadAbandoned,KITE MOBILE KITE COMMUNICATIONS,"Mar. 01, 2012",KITE MOBILE COMMUNICATIONS LIMITED,,abdul@kingswood.co
85312890,REQUEST_FAILED,,,,,
85313015,deadAbandoned,CLOUDME,"Jun. 05, 2012","Cheung, Aaron",,ac@cloudme.cc
85313057,deadAbandoned,COFFEE OR WHAT,"Oct. 10, 2012","Coffee OR What, LLC",,office@coffeeorwhat.com
85313062,deadAbandoned,THE PINK CARD,"Feb. 21, 2012","The Pink List, LLC",,klcaul@bu.edu
85313059,deadAbandoned,THE PINK LIST,"Dec. 31, 2012","The Pink List, LLC",,klcaul@bu.edu
85313029,REQUEST_FAILED,,,,,
85313061,REQUEST_FAILED,,,,,
85313276,deadAbandoned,WOLFNIGHTS IT'S A GOURMET WRAP!,"Jul. 02, 2012","Afek, Itai",,
85313126,REQUEST_FAILED,,,,,
85313274,deadAbandoned,GRAND SLAM LURES,"Aug. 17, 2012",Tackle US,,info@tackleus.com
85313243,REQUEST_FAILED,,,,,
85313332,deadAbandoned,CHEEBA.COM,"Feb. 20, 2012","Medical Cannabis Network, Inc.",,smoseley@marijuanadoctors.com
85313362,deadAbandoned,420 FRIENDLY,"Dec. 17, 2012","Medical Cannabis Network, Inc.",,smoseley@marijuanadoctors.com
85313388,deadAbandoned,CBBEATS,"Dec. 31, 2012","Bolden, Carl",,
85313299,REQUEST_FAILED,,,,,
85313310,REQUEST_FAILED,,,,,
85313422,deadAbandoned,420 WATCHES,"Jan. 13, 2012","Medical Cannabis Network, Inc.",,smoseley@marijuanadoctors.com
85313347,deadAbandoned,FANNY FROG DESIGNS,"Mar. 27, 2012",Laura Bates-Yorburg,,laurayorburg@gmail.com
85313404,deadAbandoned,DESKDOC,"Jun. 25, 2012","Medical Cannabis Network, Inc.",,smoseley@marijuanadoctors.com
85313493,deadAbandoned,MEDICINE TIME STICKERS,"Feb. 27, 2012","Tick Tock, LLC",,
85313411,deadAbandoned,MAS1ENERGY,"Mar. 01, 2012","Jackson, Christopher W",,mas1energy@gmail.com
85313615,deadAbandoned,GREAT LAKES SURF CO.,"Sep. 14, 2012","Roch, Douglas",,
85313639,deadAbandoned,PARAMOUNT 401(K) PLAN,"Jul. 09, 2012","ERISA Fiduciary Advisors, Inc.",,
85313413,REQUEST_FAILED,,,,,
85313463,REQUEST_FAILED,,,,,
85313738,deadAbandoned,None,"Aug. 28, 2012",Generationecho.com,,
85313556,REQUEST_FAILED,,,,,
85313712,REQUEST_FAILED,,,,,
85313806,deadAbandoned,GEOLEKTRA,"Jun. 25, 2012","WILCHINSKI, STEVE",,TMSMAY2011@hotmail.com
85313791,REQUEST_FAILED,,,,,
85313797,REQUEST_FAILED,,,,,
85313842,deadAbandoned,TWEEN FEMININE,"Feb. 20, 2012","Nicolia, Joanne",,jocat33@optonline.net
85313857,REQUEST_FAILED,,,,,
85313949,deadAbandoned,MINERVA BIOLABS,"Feb. 23, 2012",Minerva Biolabs GmbH,,info@minerva-biolabs.com
85313906,REQUEST_FAILED,,,,,
85313909,REQUEST_FAILED,,,,,
85313918,REQUEST_FAILED,,,,,
85314236,deadAbandoned,NATIONAL FUEL MARKETING,"Oct. 30, 2012",NATIONAL FUEL GAS COMPANY,,
85314357,deadAbandoned,JGTC,"Feb. 27, 2012",Jeans General Trading Company LLC,,info@jgtcme.com
85314134,REQUEST_FAILED,,,,,
85314130,REQUEST_FAILED,,,,,
85314167,REQUEST_FAILED,,,,,
85314431,deadAbandoned,URBAN SPIRITUAL,"Sep. 06, 2012","Burris Jr, Falandors",,
85314481,deadAbandoned,NANO VCI,"Feb. 21, 2012",Jeffrey Sorensen,,
85314410,REQUEST_FAILED,,,,,
85314434,REQUEST_FAILED,,,,,
85314450,REQUEST_FAILED,,,,,
85314542,deadAbandoned,PLANPERKS,"Aug. 29, 2012","Broadbent, Jonathan R.",,
85314540,REQUEST_FAILED,,,,,
85314698,deadAbandoned,HECKLER SPORTS,"Jul. 02, 2012","Conner Legacy, LLC",,erin@connerlegacy.com
85314606,REQUEST_FAILED,,,,,
85314693,REQUEST_FAILED,,,,,
85314726,REQUEST_FAILED,,,,,
85314739,REQUEST_FAILED,,,,,
85314742,REQUEST_FAILED,,,,,
85314858,deadAbandoned,SPRINT MUSIC,"Oct. 05, 2012","Reid, James",,
85314875,deadAbandoned,SPRINT MUSIC,"Oct. 05, 2012","Reid, James",,
85314900,deadAbandoned,O3 OPTIMAL HEALTH FORMULA BONE & JOINT,"Aug. 28, 2012","DRS Health, Inc.",,jarmayor@drshealthinc.com
85314813,REQUEST_FAILED,,,,,
85314866,REQUEST_FAILED,,,,,
85314903,deadAbandoned,H3 OPTIMAL HEALTH FORMULA RAPID RECOVERY,"Feb. 21, 2012","DRS Health, Inc.",,jarmayor@drshealthinc.com
85314915,deadAbandoned,ALIVAMAX 100% GOODNESS,"Mar. 26, 2012","Alivamax Worldwide, LLC",,
85314931,deadAbandoned,855BUDMAPS,"Jun. 25, 2012",BPR Marketing L.L.C.,,admin@budmaps.co
85314911,REQUEST_FAILED,,,,,
85315007,deadAbandoned,MO MONEY NO PROBLEMS,"Jun. 18, 2012","Belk, William",,willie@williebelk.com
85314998,REQUEST_FAILED,,,,,
85314992,REQUEST_FAILED,,,,,
85315053,deadAbandoned,BIZOOSK.COM,"Feb. 23, 2012","King, Stuart",,
85315057,deadAbandoned,LA EMPRESA FILMS,"Nov. 05, 2012","DIAZ, GERARDO",,
85315064,deadAbandoned,VIRTUE COHERENCE,"Nov. 26, 2012",RAMALINGAM KUTRALA,,constantvariable@gmail.com
85315039,REQUEST_FAILED,,,,,
85315084,deadAbandoned,KENTUCKY WILDLIFE CENTER KYWILDLIFE.ORG,"Nov. 05, 2012","Kentucky Wildlife Center, Inc.",,
85315108,deadAbandoned,ARTIVIST.COM,"Feb. 19, 2012",The Artivist Network,,bettinawolff@artivists.org
85315099,REQUEST_FAILED,,,,,
85315122,REQUEST_FAILED,,,,,
85315131,REQUEST_FAILED,,,,,
85315142,REQUEST_FAILED,,,,,
85315168,REQUEST_FAILED,,,,,
85315212,REQUEST_FAILED,,,,,
85315230,deadAbandoned,CLIMATE CHANGE GIRL,"Feb. 23, 2012","Donar, Arianne",,climatechangegirl@gmail.com
85315274,deadAbandoned,TECHNOLOGYONE,"Feb. 23, 2012",Albert Hoeft,,albert_hoeft@technologyonecorp.com
85315238,REQUEST_FAILED,,,,,
85315302,deadAbandoned,100 DEGREES,"Jan. 29, 2012","Burrell, Stanley K",,hammer4g@gmail.com
85315299,deadAbandoned,PICKEGG.COM,"Jan. 18, 2012","SHENZHEN PICKEGG NETWORK TECHNOLOGY CO., LTD.",,info.info168@gmail.com
85315261,REQUEST_FAILED,,,,,
85315320,REQUEST_FAILED,,,,,
85315452,deadAbandoned,BREAKOUT,"Feb. 24, 2012",Capital Brands LLC,,rsteelman@capitalbrandsinc.com
85315352,REQUEST_FAILED,,,,,
85315367,REQUEST_FAILED,,,,,
85315479,deadAbandoned,THINK LIKE A ROCK STAR,"Oct. 08, 2012",Thaddeus Holmes,,trex@thaddeusrex.com
85315513,deadAbandoned,FORBIDDEN CREAM,"Feb. 28, 2012","Capital Brands, LLC",,rsteelman@capitalbrandsinc.com
85315475,REQUEST_FAILED,,,,,
85315490,REQUEST_FAILED,,,,,
85315568,REQUEST_FAILED,,,,,
85315578,REQUEST_FAILED,,,,,
85315662,REQUEST_FAILED,,,,,
85315702,deadAbandoned,HISPANIOLA GLOBAL CAPITAL,"Feb. 26, 2012","Canela, Luis",,lcanela@me.com
85315704,deadAbandoned,SPEEDZ SPORTSWEAR,"Oct. 29, 2012",Nilo A Hernandez Jr,,niloh@bellsouth.net
85315690,REQUEST_FAILED,,,,,
85315693,REQUEST_FAILED,,,,,
85315768,deadAbandoned,MADISON SWAN,"Feb. 28, 2012",Jolene Zabek,,
85315698,REQUEST_FAILED,,,,,
85315715,REQUEST_FAILED,,,,,
85315719,REQUEST_FAILED,,,,,
85315816,REQUEST_FAILED,,,,,
85315957,deadAbandoned,THE NOODLE ZONE,"May 11, 2012","Jastaniah, Mahmoud",,mahmoudaburashed@gmail.com
85315956,deadAbandoned,"IF YOU DON'T USE CONCRETE, IT'S YOUR OWN ASPHALT!","Jul. 02, 2012","Lloyd Concrete Services, Inc.",,
85315896,REQUEST_FAILED,,,,,
85315936,REQUEST_FAILED,,,,,
85316008,deadAbandoned,THE NOODLE ZONE,"May 11, 2012","Jastaniah, Mahmoud",,mahmoudaburashed@gmail.com
85315944,REQUEST_FAILED,,,,,
85316110,deadAbandoned,THINK B4 U BITE,"Dec. 24, 2012",Frozen NP LLC,,
85316036,REQUEST_FAILED,,,,,
85316146,REQUEST_FAILED,,,,,
85316147,REQUEST_FAILED,,,,,
85316152,REQUEST_FAILED,,,,,
85316267,deadAbandoned,LA EMPRESA ENTERPRISE,"Nov. 12, 2012","DIAZ, GERARDO",,
85316333,REQUEST_FAILED,,,,,
85316411,REQUEST_FAILED,,,,,
85316461,deadAbandoned,MAGIC NUUDLES,"Mar. 01, 2012",HongKong Beftre Trading Limited,,tonytune2012@gmail.com
85316468,deadAbandoned,PASTOCRACY,"Jul. 09, 2012","Pullen, Wesley",,
85316469,deadAbandoned,QUACKVILLE,"Oct. 10, 2012","Latman, Richard",,
85316564,deadAbandoned,LETHAL ENTERPRISE,"Feb. 27, 2012",New World Interactive Studios Inc.,,jeremy.blum@gmail.com
85316450,REQUEST_FAILED,,,,,
85316459,REQUEST_FAILED,,,,,
85316480,deadAbandoned,MOCHA MADNESS,"Feb. 27, 2012",PBEV LLC,,
85316594,REQUEST_FAILED,,,,,
85316724,deadAbandoned,THE SANTA FE JAZZ FESTIVAL AT THE OPERA,"Mar. 01, 2012","Heitz, Christian",,c.heitz@dalverny.net
85316604,REQUEST_FAILED,,,,,
85316624,REQUEST_FAILED,,,,,
85316638,REQUEST_FAILED,,,,,
85317065,deadAbandoned,INYCPIX,"Jul. 09, 2012","INYCPIX, LLC",,
85316845,REQUEST_FAILED,,,,,
85316816,REQUEST_FAILED,,,,,
85317120,deadAbandoned,MINUTE SHOWER,"Oct. 08, 2012",Catherine Hicks-Jirka,,
85317127,deadAbandoned,FLIGHT FOLLOWER,"Feb. 27, 2012",Todd Garry Rumbaugh,,trumbaugh@hadlandimaging.com
85317246,deadAbandoned,CHIA OMEGA-3,"Mar. 01, 2012",Alive Brands Corp,,mark@alivebrandscorp.com
85317236,REQUEST_FAILED,,,,,
85317286,REQUEST_FAILED,,,,,
85317391,deadAbandoned,LITTLE GENIUS,"Feb. 22, 2012","Yoo, Jacqueline",,grancino1710@Yahoo.com
85317361,deadAbandoned,REAL TIME TABLET SOFTWARE,"Jul. 27, 2012",Patrick J. Barry,,
85317321,REQUEST_FAILED,,,,,
85317393,REQUEST_FAILED,,,,,
85317445,REQUEST_FAILED,,,,,
85317515,deadAbandoned,SCRATCH LIGHT,"Mar. 01, 2012","D 'N A Marketing Services, LLC",,dcs@dnamarketingsvc.com
85317485,REQUEST_FAILED,,,,,
85317541,deadAbandoned,IPICKQWIK & PLAY,"Dec. 31, 2012","D 'N A Marketing Services, LLC",,dcs@dnamarketingsvc.com
85317524,REQUEST_FAILED,,,,,
85317528,REQUEST_FAILED,,,,,
85317583,deadAbandoned,None,"Jan. 29, 2012",Future Master International Limited,,yli@katamobile.com
85317560,REQUEST_FAILED,,,,,
85317624,deadAbandoned,IHIO,"Jul. 02, 2012","Renner, Sara",,
85317630,deadAbandoned,OPGOPALLIANCE.COM,"Sep. 25, 2012",Orchard Park Republican Alliance,,opgopalliance@verizon.net
85317632,deadAbandoned,MULTIPLE,"Mar. 05, 2012",LING-LING PAN,,georgechen5000@gmail.com
85317614,REQUEST_FAILED,,,,,
85317626,deadAbandoned,PARENTING: THE MANUAL,"Jul. 20, 2012","Love, Kathryn",,kathryn535@gmail.com
85317636,deadAbandoned,EBOOKIFY,"Mar. 01, 2012","30 Next, LLC",,
85317635,REQUEST_FAILED,,,,,
85317654,deadAbandoned,MOBOVO,"Feb. 27, 2012","Galluzzo, George",,george@intotoworks.com
85317710,deadAbandoned,ELEGO,"May 07, 2012",Mintra,,sara.samir@mintra.com.eg
85317869,REQUEST_FAILED,,,,,
85318005,deadAbandoned,SUNTIVA,"Apr. 13, 2012",NETSTORES USA LLC,,vin@webpatel.com
85317982,REQUEST_FAILED,,,,,
85318045,REQUEST_FAILED,,,,,
85318150,REQUEST_FAILED,,,,,
85318167,REQUEST_FAILED,,,,,
85318208,deadAbandoned,LUMENFLOW,"Jun. 21, 2012",Green Grid Partners Global LLC,,
85318183,REQUEST_FAILED,,,,,
85318248,deadAbandoned,WISHBERRY,"Apr. 12, 2012",Randommotion Advertising Private Limited,,
85318237,REQUEST_FAILED,,,,,
85318278,deadAbandoned,BAM! ENERGY DRINK,"Feb. 29, 2012","Innovative Beverage, Inc.",,Bill@InBevInc.com
85318254,REQUEST_FAILED,,,,,
85318315,deadAbandoned,BEST OF AMERICAS,"Sep. 03, 2012","Morrison, Mitchell",,
85318256,REQUEST_FAILED,,,,,
85318364,deadAbandoned,FLOWTEES,"May 31, 2012",Flowtees Ltd,,curt@intuitlaw.com
85318301,REQUEST_FAILED,,,,,
85318431,REQUEST_FAILED,,,,,
85318451,REQUEST_FAILED,,,,,
85318548,deadAbandoned,GEOMARINE,"Mar. 19, 2012","COSTA DE MELLO, JAYME RICARDO",,jrcmello@geomarine.com.br
85318507,REQUEST_FAILED,,,,,
85318543,deadAbandoned,MOGADOR INTERNATIONAL,"Feb. 28, 2012",Mohamed Hassani,,hassani50@yahoo.com
85318527,REQUEST_FAILED,,,,,
85318638,deadAbandoned,IF I ONLY HAD A BRAIN,"May 15, 2012",Jeffrey L Fannin,,jfannin@enhanceyourbrain.com
85318600,REQUEST_FAILED,,,,,
85318624,REQUEST_FAILED,,,,,
85318688,deadAbandoned,SNOB,"Feb. 29, 2012","gomez, jeffrey thomas",,jeffreytgomez@yahoo.com
85318639,REQUEST_FAILED,,,,,
85318674,REQUEST_FAILED,,,,,
85318733,deadAbandoned,JAMIE MOORE,"Mar. 03, 2012","JIAXING MBAOBAO NETWORK TECHNOLOGY CO., LTD",,info.info168@gmail.com
85318707,REQUEST_FAILED,,,,,
85318732,REQUEST_FAILED,,,,,
85318753,REQUEST_FAILED,,,,,
85318925,REQUEST_FAILED,,,,,
85318965,REQUEST_FAILED,,,,,
85319022,REQUEST_FAILED,,,,,
85319286,deadAbandoned,PROP-ABILITIES,"Feb. 29, 2012",Wamoro Njenga,,wp.njenga@gmil.com
85319201,REQUEST_FAILED,,,,,
85319343,deadAbandoned,INSIDE MUSIC GROUP ENTERTAINMENT,"Mar. 01, 2012",Inside Music Group Inc.,,jshalom@imgent.com
85319361,deadAbandoned,GIDDYDEALS,"Jul. 02, 2012","Hotflock, LLC",,scott@breakthrough-tech.com
85319317,REQUEST_FAILED,,,,,
85319327,REQUEST_FAILED,,,,,
85319431,deadAbandoned,None,"Feb. 29, 2012",CORPORACION TRIBUTO SA DE CV,,mygabogados@infosel.net.mx
85319393,REQUEST_FAILED,,,,,
85319419,REQUEST_FAILED,,,,,
85319481,deadAbandoned,KNOCKOUT RADIO,"Mar. 01, 2012","Talking Sports Network, Inc.",,voice13@aol.com
85319609,deadAbandoned,VINE 2.0,"Oct. 29, 2012",THE WINE GROUP LLC,,DIJANA.KRISTO@THEWINEGROUP.COM
85319509,deadAbandoned,LAPIS NEVADA,"May 14, 2012","Kidder, Henry P.",,henrykidder@yahoo.com
85319638,deadAbandoned,NEWAD MEDIA,"Feb. 27, 2012","Halle, Kevin F.",,kevin@themediareps.com
85319642,deadAbandoned,YUMMIES4DUMMIES,"Aug. 14, 2012",Yummies For Dummies,,yummies4dummies@yahoo.com
85319630,deadAbandoned,LOUDMOUTH BLONDE,"Jul. 09, 2012","Crueger, Jill",,
85319523,REQUEST_FAILED,,,,,
85319624,REQUEST_FAILED,,,,,
85319666,deadAbandoned,COGNITIVE SYSTEMS,"Oct. 17, 2012","Darling, Matt",,
85319671,REQUEST_FAILED,,,,,
85319806,deadAbandoned,IN-STORE APP,"Mar. 08, 2012","West, Kiersten M",,kwlaier@gmail.com
85319787,REQUEST_FAILED,,,,,
85319793,REQUEST_FAILED,,,,,
85319810,REQUEST_FAILED,,,,,
85319817,REQUEST_FAILED,,,,,
85319908,deadAbandoned,ONE DAY DETOX,"Mar. 07, 2012","AZIAM, Inc.",,alanna@aziam.com
85319932,deadAbandoned,DELTA QUEEN STEAMBOAT COMPANY,"Sep. 22, 2012","Kyte, Christopher",,
85319884,REQUEST_FAILED,,,,,
85319941,deadAbandoned,EDIBLE EGG RINGS,"Mar. 01, 2012",Edible Egg Rings Pty Ltd,,dreamvine@gmail.com
85319938,deadAbandoned,SHIRT SHIELDS,"Mar. 01, 2012","Seldon, Ben",,bseldon@gmail.com
85319940,deadAbandoned,None,"Jul. 02, 2012","De Las Nieves, Joseph",,
85319963,deadAbandoned,CALTON HILL GOLF GPS,"Mar. 02, 2012",Calton Hill Limited,,steve.rooney@caltonhill.com
85319962,deadAbandoned,WICKED TEEZ,"Mar. 02, 2012","Clark, Glenda",,gclark0671@yahoo.com
85319911,REQUEST_FAILED,,,,,
85319922,REQUEST_FAILED,,,,,
85320086,deadAbandoned,RAGABYE BABY,"Mar. 06, 2012","Fraser, Eric",,eric.bansuri.fraser@gmail.com
85319989,REQUEST_FAILED,,,,,
85319995,REQUEST_FAILED,,,,,
85320123,REQUEST_FAILED,,,,,
85320290,deadAbandoned,THE BRITISH ARE BACK,"Jul. 02, 2012","CR3G, L.L.C.",,rrussell@wardkraft.com
85320379,deadAbandoned,GET BUZZED,"Jul. 02, 2012","Musikantow & Associates, LLC",,musikantowassoc@gmail.com
85320201,REQUEST_FAILED,,,,,
85320286,REQUEST_FAILED,,,,,
85320446,deadAbandoned,100% PURE,"Mar. 07, 2012",Purity Cosmetics,,Xor@PurityCosmetics.com
85320371,REQUEST_FAILED,,,,,
85320375,REQUEST_FAILED,,,,,
85320529,deadAbandoned,MADAME JULIETTE,"Jun. 11, 2012","750 ML, LLC",,jcooper@domainedecanton.com
85320453,REQUEST_FAILED,,,,,
85320496,REQUEST_FAILED,,,,,
85320504,REQUEST_FAILED,,,,,
85320626,deadAbandoned,PACIFIC TAPAS COMPANY,"Jul. 30, 2012","Von Treskow, Herman",,
85320551,REQUEST_FAILED,,,,,
85320695,deadAbandoned,MERCHANDISING ESSENTIALS,"Jul. 30, 2012",Block and Company,,cswearingen@blockinc.com
85320594,REQUEST_FAILED,,,,,
85320662,deadAbandoned,BIG FIVE,"Oct. 08, 2012","Beling, Joel L",,joelbeling@hotmail.com
85320760,deadAbandoned,KUBICA,"Mar. 08, 2012",Jincheng Chen,,etaishan@gmail.com
85320860,deadAbandoned,CORATAIN,"Jul. 02, 2012","Metagenics, Inc.",,jenniferpence@metagenics.com
85320829,REQUEST_FAILED,,,,,
85320934,REQUEST_FAILED,,,,,
85321031,deadAbandoned,SWITCHATS,"May 21, 2012",Alan Henderson,,alhen69157@aol.com
85320955,REQUEST_FAILED,,,,,
85321054,deadAbandoned,THE ABE LINCOLN STORY,"Sep. 04, 2012",Carl Stephenson,,alderdancemusic@gmail.com
85321064,deadAbandoned,DIRECT RESPONSE SCRIPT DOCTOR,"Jul. 09, 2012","McFarland, George",,
85321062,deadAbandoned,NEW PRODUCTS GALORE,"Jul. 23, 2012","Heard, Clarence",,
85321037,REQUEST_FAILED,,,,,
85321065,deadAbandoned,GAIAWEAVE,"Jul. 09, 2012",CatchFly LLC,,
85321050,REQUEST_FAILED,,,,,
85321057,REQUEST_FAILED,,,,,
85321133,REQUEST_FAILED,,,,,
85321153,REQUEST_FAILED,,,,,
85321175,REQUEST_FAILED,,,,,
85321184,REQUEST_FAILED,,,,,
85321190,REQUEST_FAILED,,,,,
85321235,deadAbandoned,MYEFED,"Jul. 02, 2012","AxionUSA, LLC",,julieelliott@maxi-con2.com
85321205,REQUEST_FAILED,,,,,
85321254,REQUEST_FAILED,,,,,
85321303,deadAbandoned,EBUYNOW,"Mar. 13, 2012",eBuyNow Ltd,,craig.smith@ebuynow.com
85321298,deadAbandoned,ARTISTEER,"Sep. 14, 2012","Extensoft, Inc.",,
85321277,REQUEST_FAILED,,,,,
85321275,REQUEST_FAILED,,,,,
85321310,deadAbandoned,COMPRESSOR CADDY,"Apr. 12, 2012","CUSTOM LEATHERCRAFT MANUFACTURING CO., INC.",,mattnclc@gmail.com
85321363,deadAbandoned,MAGIC-PRO,"Mar. 01, 2012","MAGIC-PRO COMPUTER CO., LIMITED",,alan@ipatent.com.hk
85321326,REQUEST_FAILED,,,,,
85321344,REQUEST_FAILED,,,,,
85321367,deadAbandoned,PROMINI,"Mar. 01, 2012","MAGIC-PRO COMPUTER CO., LIMITED",,alan@ipatent.com.hk
85321506,deadAbandoned,BLOCK STUDIO VISUAL MERCHANDISING CONTENT,"Jul. 30, 2012",Block and Company,,cswearingen@blockinc.com
85321402,REQUEST_FAILED,,,,,
85321406,REQUEST_FAILED,,,,,
85321386,REQUEST_FAILED,,,,,
85321504,REQUEST_FAILED,,,,,
85321641,deadAbandoned,SIRREEL STUDIO RENTALS,"Mar. 02, 2012","SirReel Production Vehicles, Inc",,info@sirreel.us
85321573,REQUEST_FAILED,,,,,
85321596,REQUEST_FAILED,,,,,
85321597,REQUEST_FAILED,,,,,
85321741,deadAbandoned,FLEETSTREETS,"Jul. 09, 2012","FleetStreets, LLC",,sales@digitalsupplydirect.com
85321727,REQUEST_FAILED,,,,,
85321704,REQUEST_FAILED,,,,,
85321717,REQUEST_FAILED,,,,,
85321780,REQUEST_FAILED,,,,,
85321882,deadAbandoned,PT PERSPECTIVE,"Dec. 31, 2012",Dustienne Miller,,scarletgypsy@mac.com
85321942,deadAbandoned,YOUR PACE YOGA,"Dec. 17, 2012","Miller, Dustienne",,scarletgypsy@mac.com
85321946,deadAbandoned,AUTOQC+,"Jul. 13, 2012",Nationwide Appraisal Network,,KClift@Nationwide-Appraisal.com
85321909,REQUEST_FAILED,,,,,
